V5##VTuber ID,YouTube Subscriber Count,YouTube View Count,YouTube Recent Total Median View Count,YouTube Recent Total Popularity,YouTube Recent Total Highest View Count,YouTube Recent Total Highest Viewed URL,YouTube Recent Livestream Median View Count,YouTube Recent Livestream Popularity,YouTube Recent Livestream Highest View Count,YouTube Recent Livestream Highest Viewed URL,YouTube Recent Video Median View Count,YouTube Recent Video Popularity,YouTube Recent Video Highest View Count,YouTube Recent Video Highest Viewed URL,Twitch Follower Count,Twitch Recent Median View Count,Twitch Recent Popularity,Twitch Recent Highest View Count,Twitch Recent Highest Viewed URL
1c5619a4ece046dd8ba68ed343489ca3,547000,105495495,35750,11892,135004,https://www.youtube.com/watch?v=t90uNY0G7x0,3859,3118,4098,https://www.youtube.com/watch?v=EPek-yxVU2E,37716,12047,135004,https://www.youtube.com/watch?v=t90uNY0G7x0,32872,0,0,0,
f6a4e7aa8d0c4e5cb39d199845ec4d02,445000,67643153,39414,20181,197279,https://www.youtube.com/watch?v=2JN6tOgjxTw,6993,4604,6993,https://www.youtube.com/watch?v=0X8YXsNSZXU,46784,20696,197279,https://www.youtube.com/watch?v=2JN6tOgjxTw,123913,19437,12830,176235,https://www.twitch.tv/videos/2834244743
5535c9524eb046c38e172ebfa06b302f,403000,137205826,9617,4269,102370,https://www.youtube.com/watch?v=OdCO--WQMys,8731,4066,102370,https://www.youtube.com/watch?v=OdCO--WQMys,9755,5595,65522,https://www.youtube.com/watch?v=xgDzvWqE_70,74432,1138,568,4214,https://www.twitch.tv/videos/2835230654
664e1b310cf343b78623f99b31e40fae,394000,57649014,0,0,0,,0,0,0,,0,0,0,,16989,0,0,0,
d837e8fda137492c9d77882b98ff863a,370000,204509771,29990,13317,508596,https://www.youtube.com/watch?v=_H5sWn8sSfI,14517,5317,26474,https://www.youtube.com/watch?v=fFQweerpx2Q,291012,91426,508596,https://www.youtube.com/watch?v=_H5sWn8sSfI,61514,12639,5973,71880,https://www.twitch.tv/videos/2838587939
182da09d8d454f37a52ec546cbb35e39,339000,89478362,34314,13092,386053,https://www.youtube.com/watch?v=WBQEK1W4g_Q,10844,4305,30677,https://www.youtube.com/watch?v=afVFQPq7hek,49839,22041,386053,https://www.youtube.com/watch?v=WBQEK1W4g_Q,5958,0,0,0,
c04f006e69e04000a68cd0c41f888eb2,243000,23499707,23317,9171,241370,https://www.youtube.com/watch?v=SUcw80zDGc4,10539,5544,35951,https://www.youtube.com/watch?v=rfVQsP4l7JU,61855,30712,241370,https://www.youtube.com/watch?v=SUcw80zDGc4,0,0,0,0,
897400f2658a483286ca6acc927006ca,239000,39986192,5083,1671,28272,https://www.youtube.com/watch?v=2zkASCvd8dY,1550,678,3249,https://www.youtube.com/watch?v=qGU2jB3PZoE,12610,3932,28272,https://www.youtube.com/watch?v=2zkASCvd8dY,10720,0,0,0,
abd64c9a64e04fb1b23faa2480c1c106,229000,79755320,5819,2299,29313,https://www.youtube.com/watch?v=K5eJB7jDENM,5873,4363,10141,https://www.youtube.com/watch?v=t816mjFPC5Q,5819,2299,29313,https://www.youtube.com/watch?v=K5eJB7jDENM,2371,81,74,89,https://www.twitch.tv/videos/2855754975
4b6b055ada4d4f0ab63b7ad02a3fa3ef,225000,19224594,1200,770,7797,https://www.youtube.com/watch?v=xakO8bZvbac,1123,563,2340,https://www.youtube.com/watch?v=wtRof7duyvI,4974,2447,7797,https://www.youtube.com/watch?v=xakO8bZvbac,55819,864,452,1562,https://www.twitch.tv/videos/2830267729
a9f6574e98f34b20a05269134930fb50,221000,10735386,6355,3245,92579,https://www.youtube.com/watch?v=BN_a3KIrmwU,6355,3089,12675,https://www.youtube.com/watch?v=YkAar1mX8RM,6532,3417,92579,https://www.youtube.com/watch?v=BN_a3KIrmwU,0,0,0,0,
7c06b9e316ce4ac18ce836cd72442bbe,206000,66837520,3756,1978,21201,https://www.youtube.com/watch?v=P0cv_osObU0,3749,1738,6742,https://www.youtube.com/watch?v=pRy1JZ2jSi8,4575,2073,21201,https://www.youtube.com/watch?v=P0cv_osObU0,56209,0,0,0,
312fdd3c5e6d4aefa73fd3860ecc5613,192000,36991663,11241,5177,25321,https://www.youtube.com/watch?v=iIVzXZA1ibs,13046,6172,15326,https://www.youtube.com/watch?v=m0AypZ_piJk,6344,3935,25321,https://www.youtube.com/watch?v=iIVzXZA1ibs,27287,11319,6104,140579,https://www.twitch.tv/videos/2840434470
c65e7caaf81a43249d5132b9fe312b24,184000,17482710,9600,3674,33624,https://www.youtube.com/watch?v=K0imn8WJumw,9115,3534,33624,https://www.youtube.com/watch?v=K0imn8WJumw,26949,3814,26949,https://www.youtube.com/watch?v=Jmq9QJwx2X8,0,0,0,0,
265a18972d244affae35711cfd1f9931,184000,23099173,5331,1663,23235,https://www.youtube.com/watch?v=u2Hrvvnm1J8,3342,1442,19511,https://www.youtube.com/watch?v=PlZnMwa7ad0,10094,3268,23235,https://www.youtube.com/watch?v=u2Hrvvnm1J8,19321,1202,374,6802,https://www.twitch.tv/videos/2831091426
e93bd1102e214cbaa71cc5b2e4a53595,183000,36609094,14240,5209,108516,https://www.youtube.com/watch?v=9AGDayhUVJo,8032,4331,16577,https://www.youtube.com/watch?v=wep9ztMuicY,34822,11822,108516,https://www.youtube.com/watch?v=9AGDayhUVJo,90821,10207,3916,17179,https://www.twitch.tv/videos/2851329106
3f4650e05ceb41008bd16869780b7af1,171000,90720540,19762,5442,246872,https://www.youtube.com/watch?v=lgGoE_wBFL0,5603,2341,81536,https://www.youtube.com/watch?v=xZ0yorc3N8Q,49475,13090,246872,https://www.youtube.com/watch?v=lgGoE_wBFL0,0,0,0,0,
f1b5f88144e14bd188e17b2f98303713,169000,29977183,21839,6355,746215,https://www.youtube.com/watch?v=LihJ-ivE1XE,8749,4393,21839,https://www.youtube.com/watch?v=J34qijMfrHA,307785,86033,746215,https://www.youtube.com/watch?v=LihJ-ivE1XE,0,0,0,0,
f110fd69b66941bab04de9ada563c6ac,157000,18950237,2250,1096,5525,https://www.youtube.com/watch?v=9VrANR_AmA0,2250,1106,5238,https://www.youtube.com/watch?v=tNOsid2sua0,1893,910,5525,https://www.youtube.com/watch?v=9VrANR_AmA0,16710,2836,551,4907,https://www.twitch.tv/videos/2851257501
6dc75ab227e34c928598bde8f2d324bf,149000,49010881,17528,7658,210947,https://www.youtube.com/watch?v=rwVIuVbJ_AQ,9611,5983,25753,https://www.youtube.com/watch?v=s_bl2ITmZK0,73794,42700,210947,https://www.youtube.com/watch?v=rwVIuVbJ_AQ,0,0,0,0,
bafb134fd2f849898d6242d1f5f683cc,146000,27041700,4858,2694,52853,https://www.youtube.com/watch?v=luwUW2kFIfU,3879,1372,12480,https://www.youtube.com/watch?v=9gjxIJ_v0oI,22067,4713,52853,https://www.youtube.com/watch?v=luwUW2kFIfU,45761,7418,2718,8454,https://www.twitch.tv/videos/2837839422
fa5a7cdc259543259af42bb23f1e4041,145000,42327153,5943,2590,202973,https://www.youtube.com/watch?v=GRYEhTZBcBc,4919,1734,9098,https://www.youtube.com/watch?v=F6m3K0G0ACc,23340,9339,202973,https://www.youtube.com/watch?v=GRYEhTZBcBc,0,0,0,0,
0641a9c8b9a94994aaa33e0c86fef75b,141000,41549611,6277,2518,54056,https://www.youtube.com/watch?v=KE3pTAzhVCQ,2128,1348,10276,https://www.youtube.com/watch?v=ENfkCZlHLDg,32367,12194,54056,https://www.youtube.com/watch?v=KE3pTAzhVCQ,8697,0,0,0,
2741a90689f342548daad7f760b0a8f7,140000,1681197,0,0,0,,0,0,0,,0,0,0,,6906,0,0,0,
21428cae24af4607bffe25cb2746daa6,138000,0,0,0,0,,0,0,0,,0,0,0,,0,0,0,0,
c82ab1b4f8f64d1f84cae4ce09aa0dea,138000,25264550,0,0,0,,0,0,0,,0,0,0,,45927,0,0,0,
b41844198887422fb52cb928a272cbc8,137000,51121543,14170,12224,26040,https://www.youtube.com/watch?v=eyV0D1UOtUU,2300,449,2300,https://www.youtube.com/watch?v=fm4WwqhDvLY,26040,24000,26040,https://www.youtube.com/watch?v=eyV0D1UOtUU,0,0,0,0,
58abad4aa8de49efb785367503dfd92c,134000,18925335,0,0,0,,0,0,0,,0,0,0,,0,0,0,0,
a3ce195c0069494c99849d0b1a10a7fd,133000,17511636,8897,3996,12515,https://www.youtube.com/watch?v=hcm5Y04sMnY,0,0,0,,8897,3996,12515,https://www.youtube.com/watch?v=hcm5Y04sMnY,27195,0,0,0,
494d2c5daf9f4a8a8e4538687e6be14c,127000,6668856,1789,654,47638,https://www.youtube.com/watch?v=OMwDWrZqC68,1619,624,2375,https://www.youtube.com/watch?v=udp2cUdgbcY,12572,2613,47638,https://www.youtube.com/watch?v=OMwDWrZqC68,0,0,0,0,
e78cffa246c24a1c88031151cad8c385,125000,12294659,2671,1464,271982,https://www.youtube.com/watch?v=o90_oA912gY,1651,807,4160,https://www.youtube.com/watch?v=gy9A5nzlnXU,17400,7369,271982,https://www.youtube.com/watch?v=o90_oA912gY,7079,2355,1136,6891,https://www.twitch.tv/videos/2843062747
ab4f892ca62e4043b6287bdfe50b145d,118000,21477899,2687,1087,7620,https://www.youtube.com/watch?v=69_MWKM0cMs,2581,845,5505,https://www.youtube.com/watch?v=A54Cw9bmBlM,2794,1532,7620,https://www.youtube.com/watch?v=69_MWKM0cMs,1485,0,0,0,
a9b855767b2d432c9f263e3427ff33a6,116000,17726591,5346,2299,33299,https://www.youtube.com/watch?v=RWlX78bUSzE,4045,1666,8539,https://www.youtube.com/watch?v=HhC565K3AXY,8990,5278,33299,https://www.youtube.com/watch?v=RWlX78bUSzE,0,0,0,0,
b4a1791208fd4d85b7b08ee2bad0c236,112000,20392501,9793,3383,43655,https://www.youtube.com/watch?v=DHYi-drqxsM,3930,2552,7857,https://www.youtube.com/watch?v=K0M5mrqtFlg,14021,6765,43655,https://www.youtube.com/watch?v=DHYi-drqxsM,0,0,0,0,
c0c033c9c8014562b58a7124b6b22fb0,110000,1723463,399,243,1513,https://www.youtube.com/watch?v=ecQZRIbA0ME,362,186,1095,https://www.youtube.com/watch?v=pY_XFCbLS_8,689,386,1513,https://www.youtube.com/watch?v=ecQZRIbA0ME,0,0,0,0,
9cec24b011ee45648eb404066c997f49,110000,20993618,7010,3508,37831,https://www.youtube.com/watch?v=icv6gVx2NHU,6492,3493,13822,https://www.youtube.com/watch?v=CCsZz6CRH-o,30030,14304,37831,https://www.youtube.com/watch?v=icv6gVx2NHU,41414,6821,2216,12757,https://www.twitch.tv/videos/2844016345
04d2ff1dde6b4bb68503a734274f4b7e,107000,9199002,4395,3806,26492,https://www.youtube.com/watch?v=fqMBFlhe-gI,4395,3806,26492,https://www.youtube.com/watch?v=fqMBFlhe-gI,0,0,0,,0,0,0,0,
15c9a54b946a40c38c07ea2f9efddfa5,106000,32063159,23195,10777,101055,https://www.youtube.com/watch?v=sd4TpuovbP8,21071,7468,48881,https://www.youtube.com/watch?v=Ez2Q-7r9mvc,57846,20939,101055,https://www.youtube.com/watch?v=sd4TpuovbP8,65665,17654,7496,39735,https://www.twitch.tv/videos/2854085987
8bf35c3b9a9e461d825a9170555b71c2,106000,25434187,20659,9365,51568,https://www.youtube.com/watch?v=MxXZovZZjxA,14439,7745,21166,https://www.youtube.com/watch?v=DjgLEh82-9o,38027,16933,51568,https://www.youtube.com/watch?v=MxXZovZZjxA,52742,15602,9153,38589,https://www.twitch.tv/videos/2847735330
23ec5ecfb8c14ea893576783f1790643,105000,6421365,822,496,4124,https://www.youtube.com/watch?v=-oyFe0y4d9Y,813,418,1267,https://www.youtube.com/watch?v=C1PmaAOrNRM,4124,1555,4124,https://www.youtube.com/watch?v=-oyFe0y4d9Y,2271,442,313,1462,https://www.twitch.tv/videos/2844762388
b126053a1356460ebf85a874a6a55aca,103000,44035407,2495,1626,69905,https://www.youtube.com/watch?v=s95blKDCtLs,2443,1354,3429,https://www.youtube.com/watch?v=n1Ncqej1VP0,4698,3351,69905,https://www.youtube.com/watch?v=s95blKDCtLs,0,0,0,0,
5f12df329c6144e1a6c596f4fbcb9e81,102000,3347504,0,0,0,,0,0,0,,0,0,0,,0,0,0,0,
98e3a5838fec4a6caa936ae35485de23,102000,8865276,5078,2048,21350,https://www.youtube.com/watch?v=hJqGaTiPwuE,1643,674,2296,https://www.youtube.com/watch?v=XqFwdmtj500,6268,3456,21350,https://www.youtube.com/watch?v=hJqGaTiPwuE,0,0,0,0,
702c74978d8f4adab79f292cbecb49a4,102000,14799645,4581,2103,28873,https://www.youtube.com/watch?v=YDf46DhOZjE,2489,967,6327,https://www.youtube.com/watch?v=wEEaef8pTv8,6604,3773,28873,https://www.youtube.com/watch?v=YDf46DhOZjE,13179,0,0,0,
5efb403f9a174bfd82d04d528a121042,101000,17577600,32878,27057,284644,https://www.youtube.com/watch?v=_pH26xZFt30,12874,8063,32878,https://www.youtube.com/watch?v=vrECNR1vsv4,129111,74160,284644,https://www.youtube.com/watch?v=_pH26xZFt30,15910,8499,6396,14038,https://www.twitch.tv/videos/2854367057
53707f0116dc4fca8614ac7139e40b83,91900,32987010,0,0,0,,0,0,0,,0,0,0,,6037,631,462,129521,https://www.twitch.tv/videos/2835043369
ea4c1a67c2e445ad8028768616ceb659,91600,13784902,2688,1284,73023,https://www.youtube.com/watch?v=hAs7vHE5OYo,2155,1284,12395,https://www.youtube.com/watch?v=wh3xOEGxIwY,13671,2445,73023,https://www.youtube.com/watch?v=hAs7vHE5OYo,4144,565,502,597,https://www.twitch.tv/videos/2855062273
a6a4e83ae23140e6bd1f7c817af8f864,90000,6145836,6558,3782,108543,https://www.youtube.com/watch?v=AFqWXUxQRew,6220,3117,7171,https://www.youtube.com/watch?v=SZCsN4quf2I,13882,7099,108543,https://www.youtube.com/watch?v=AFqWXUxQRew,12445,2959,256,2959,https://www.twitch.tv/videos/2831850842
9d9c6477329245cbb2557895f4f15686,88300,10267563,22629,15110,172421,https://www.youtube.com/watch?v=sfMbUaf-EZE,0,0,0,,22629,15110,172421,https://www.youtube.com/watch?v=sfMbUaf-EZE,173109,20420,7382,46675,https://www.twitch.tv/videos/2831847114
4544974bc5624035ae7bb0c9ed33e44e,86100,10037899,1986,1095,46562,https://www.youtube.com/watch?v=hpVKB8t3ouE,1868,1071,3008,https://www.youtube.com/watch?v=zd5xkwuF4IU,46562,22214,46562,https://www.youtube.com/watch?v=hpVKB8t3ouE,13900,1534,879,10806,https://www.twitch.tv/videos/2834351330
6bd49f94afb144e995247388ca8c42a8,82600,17458822,14763,7230,73244,https://www.youtube.com/watch?v=rYUr16XfYqw,12084,5124,24696,https://www.youtube.com/watch?v=jNDhv8totVQ,51913,17748,73244,https://www.youtube.com/watch?v=rYUr16XfYqw,76891,52346,26864,111307,https://www.twitch.tv/videos/2835948528
7e81a72484054a5c89f3826ebc8946be,82200,6309655,384,362,1706,https://www.youtube.com/watch?v=z3OMw3KP6W8,1469,663,1469,https://www.youtube.com/watch?v=WGbV6HwAqfg,297,276,1706,https://www.youtube.com/watch?v=z3OMw3KP6W8,14747,3482,1431,15559,https://www.twitch.tv/videos/2854805911
4b6655120fbd4431a8f7894cac4a4d49,80800,8745554,846,778,56816,https://www.youtube.com/watch?v=jXlKuBrv7M8,784,533,56816,https://www.youtube.com/watch?v=jXlKuBrv7M8,3243,2128,4056,https://www.youtube.com/watch?v=2F1lGH4G88U,0,0,0,0,
d6c4708f6eb94ac6ad7668363b132248,79500,2403216,430,145,3523,https://www.youtube.com/watch?v=9XCfWKG_glg,417,143,3523,https://www.youtube.com/watch?v=9XCfWKG_glg,2972,622,3257,https://www.youtube.com/watch?v=gH7TusAQOqk,0,0,0,0,
1ccdbe5d48934f4cbabc86512dd1d357,78800,6473783,0,0,0,,0,0,0,,0,0,0,,0,0,0,0,
fd6a0236861940389e15ef85b16c6069,78700,31648153,40467,16074,155882,https://www.youtube.com/watch?v=ZHA0pl8JNq4,0,0,0,,40467,16074,155882,https://www.youtube.com/watch?v=ZHA0pl8JNq4,179811,47775,16969,161600,https://www.twitch.tv/videos/2837865470
911d3403c8e84dc3b0c4a2f6017698b6,78400,2948447,7082,3454,42065,https://www.youtube.com/watch?v=oVvK6vjx5yw,20279,4556,42065,https://www.youtube.com/watch?v=oVvK6vjx5yw,5515,2843,11057,https://www.youtube.com/watch?v=9z0h4e-UCno,4037,1148,934,1204,https://www.twitch.tv/videos/2855981952
0bf0ec441dc6489583f7218e02ab6a89,77700,5217247,535,242,1707,https://www.youtube.com/watch?v=OoQI4iBkWIA,535,242,1707,https://www.youtube.com/watch?v=OoQI4iBkWIA,0,0,0,,10915,478,385,846,https://www.twitch.tv/videos/2854284313
5bd39e2c6dcf4ff19436d8a5fa069464,77700,12674745,10100,5668,12586,https://www.youtube.com/watch?v=nfc-tYfvXuY,10100,5668,12586,https://www.youtube.com/watch?v=nfc-tYfvXuY,0,0,0,,34043,12938,5369,22162,https://www.twitch.tv/videos/2845969649
8746bf3b3b5843e7b00f6ec23fefb6b1,76400,35507135,0,0,0,,0,0,0,,0,0,0,,14602,0,0,0,
17c335762a694402b8cb9a96b2865572,76300,8348586,2390,1163,12259,https://www.youtube.com/watch?v=JXTNveg6CBM,2145,712,12259,https://www.youtube.com/watch?v=JXTNveg6CBM,2480,1390,6055,https://www.youtube.com/watch?v=DJrsdetCPVk,0,0,0,0,
01f26342ae4e419280bcfd6ec6e86db1,74500,5763823,0,0,0,,0,0,0,,0,0,0,,4357,0,0,0,
cd42e06c40534d9eac7e30a434e47d43,71800,5968642,885,498,2397,https://www.youtube.com/watch?v=Jk7-iiFkYz8,876,502,2397,https://www.youtube.com/watch?v=Jk7-iiFkYz8,1337,296,1337,https://www.youtube.com/watch?v=LKncdDehgi8,3330,0,0,0,
8d113670c4514e5bb28823a756385528,71700,11616989,17999,8322,82435,https://www.youtube.com/watch?v=owy_i_VMjaI,17327,6974,20563,https://www.youtube.com/watch?v=XPgssbx0Cw8,22614,11190,82435,https://www.youtube.com/watch?v=owy_i_VMjaI,32280,11166,5279,21061,https://www.twitch.tv/videos/2838718322
c5fe413a473d4638b53fb3f9019aabbe,71100,5560783,2621,406,2676,https://www.youtube.com/watch?v=bQXEGrjnCCU,0,0,0,,2621,406,2676,https://www.youtube.com/watch?v=bQXEGrjnCCU,30715,30228,12525,48695,https://www.twitch.tv/videos/2854805211
2694a505a0e0441bb99b49e8ce1f7473,68900,5679828,3602,2233,3602,https://www.youtube.com/watch?v=gdIhuBk-M6I,0,0,0,,3602,2233,3602,https://www.youtube.com/watch?v=gdIhuBk-M6I,56019,8614,3977,20986,https://www.twitch.tv/videos/2853866320
d5fdf5fc55d14476908e416e6d43c121,68500,5888673,1555,782,16823,https://www.youtube.com/watch?v=E7B0EBTzu3A,1333,749,16823,https://www.youtube.com/watch?v=E7B0EBTzu3A,2583,1036,2986,https://www.youtube.com/watch?v=3Y27GOq3fsw,0,0,0,0,
7ead9e2cac544a7cb00444ef6b4698d1,68100,8288724,0,0,0,,0,0,0,,0,0,0,,22319,0,0,0,
ec65566d949944ffb1e2723f97ded6e0,67900,475197,0,0,0,,0,0,0,,0,0,0,,7000,0,0,0,
02f5258d29b046bc9f597c9baac014bf,66500,6660714,6329,3417,75239,https://www.youtube.com/watch?v=cnpf0O1cObg,4154,1637,6329,https://www.youtube.com/watch?v=xoGfDfBjmYM,34727,19028,75239,https://www.youtube.com/watch?v=cnpf0O1cObg,52637,52533,27192,66855,https://www.twitch.tv/videos/2835217802
6c872a4043b84e4493877a42af684d1d,66300,10513034,800,245,12242,https://www.youtube.com/watch?v=jto21GdgfYY,747,239,1637,https://www.youtube.com/watch?v=tQkgyoJiQDs,12242,4293,12242,https://www.youtube.com/watch?v=jto21GdgfYY,6228,0,0,0,
4fc5a770272a43f1bb0a1d12aa3a9b46,65400,16087053,1359,350,10070,https://www.youtube.com/watch?v=rEeist6XISo,776,335,776,https://www.youtube.com/watch?v=Aj6ZTolosAk,1536,353,10070,https://www.youtube.com/watch?v=rEeist6XISo,0,0,0,0,
1b63d89e0b1a4b579de6d99e25eaff8f,64800,14304660,2220,1014,27186,https://www.youtube.com/watch?v=6UciZQO-MSI,1837,691,3373,https://www.youtube.com/watch?v=zMF8gSEytUA,17250,7639,27186,https://www.youtube.com/watch?v=6UciZQO-MSI,12774,0,0,0,
6a9a7c7dc3f94605b5f619e9fbcfa33d,64700,2786739,3120,1737,12985,https://www.youtube.com/watch?v=3YeDfm_6J9s,2724,1313,5193,https://www.youtube.com/watch?v=J5ITt8wiVd0,6905,2435,12985,https://www.youtube.com/watch?v=3YeDfm_6J9s,0,0,0,0,
1323f1b775bf43659f8b8ec2899522cd,64600,4273677,1990,853,2445,https://www.youtube.com/watch?v=XeT61pjQxJw,1990,853,2445,https://www.youtube.com/watch?v=XeT61pjQxJw,0,0,0,,0,0,0,0,
cb94019fb4714e168b47d6757995efc3,64300,5216446,2039,1034,4798,https://www.youtube.com/watch?v=fcBYJ02cpiY,2009,988,3466,https://www.youtube.com/watch?v=lnLRg3wVY2g,4798,2339,4798,https://www.youtube.com/watch?v=fcBYJ02cpiY,8587,1778,1031,6078,https://www.twitch.tv/videos/2834346340
f5ff982730f54cd4826ff0530a4288c2,63700,6784248,4166,1374,41970,https://www.youtube.com/watch?v=CDwje0TR5vA,4166,1374,41970,https://www.youtube.com/watch?v=CDwje0TR5vA,0,0,0,,0,0,0,0,
efe550a729e14dbab790a3f73205d8ed,63100,3437180,1937,838,22209,https://www.youtube.com/watch?v=5590PXFFd-E,1687,647,3759,https://www.youtube.com/watch?v=e45QTOzzSGM,4270,2463,22209,https://www.youtube.com/watch?v=5590PXFFd-E,0,0,0,0,
0d717ed7ec134fb6ac94ce9dc4e25658,63000,5219627,1010,601,3988,https://www.youtube.com/watch?v=D1haG3OJuxk,974,371,3602,https://www.youtube.com/watch?v=Y8yMxtm1zPQ,3702,1669,3988,https://www.youtube.com/watch?v=D1haG3OJuxk,4555,889,675,1540,https://www.twitch.tv/videos/2852327726
14a9a08fbdc641e8ac8c384dedfccf0a,61900,7361507,4222,1772,6553,https://www.youtube.com/watch?v=K6XF79HyDwc,4222,1772,6553,https://www.youtube.com/watch?v=K6XF79HyDwc,0,0,0,,20411,10298,6128,28195,https://www.twitch.tv/videos/2836111719
a8ce4642418b4fe8ba1471a32097f4c4,61300,3915984,610,273,2600,https://www.youtube.com/watch?v=ZA9HLLzVPJc,522,219,1085,https://www.youtube.com/watch?v=kfU-GanWXCM,1882,651,2600,https://www.youtube.com/watch?v=ZA9HLLzVPJc,0,0,0,0,
99f6f80397b34d0b9a0cfd40f3801a35,60900,3377198,1403,358,4772,https://www.youtube.com/watch?v=9oQtuwVH-Gg,1021,236,2529,https://www.youtube.com/watch?v=MyLB3RAlELE,3501,490,4772,https://www.youtube.com/watch?v=9oQtuwVH-Gg,31574,5805,1600,17567,https://www.twitch.tv/videos/2848598088
512b64ec20174d018540516e9edf2b2f,60800,7288335,499,303,1432,https://www.youtube.com/watch?v=h34FdGKJFZ8,471,226,611,https://www.youtube.com/watch?v=2lUTAxvqgDo,1036,773,1432,https://www.youtube.com/watch?v=h34FdGKJFZ8,1237,0,0,0,
5a934764983e45959855735b79bcc90e,60600,3002988,1573,745,2119,https://www.youtube.com/watch?v=NQP242Ixr8g,1573,745,2119,https://www.youtube.com/watch?v=NQP242Ixr8g,0,0,0,,12268,2284,682,4191,https://www.twitch.tv/videos/2842184794
e113ace92bbe445385bcc4635a9ca570,59300,13724,0,0,0,,0,0,0,,0,0,0,,0,0,0,0,
f985903969ad4e8b839e919aabe94480,58400,1116439,0,0,0,,0,0,0,,0,0,0,,0,0,0,0,
8a4988902b5640e6ae1829285307c636,58300,4666886,0,0,0,,0,0,0,,0,0,0,,0,0,0,0,
920d34819cf944e99cf469f7552d535f,57800,17691757,26601,14247,94860,https://www.youtube.com/watch?v=J1eyta9a-n0,25679,13680,34758,https://www.youtube.com/watch?v=NssgUx26NbI,41433,22419,94860,https://www.youtube.com/watch?v=J1eyta9a-n0,9327,9095,3549,14073,https://www.twitch.tv/videos/2833535123
ba59bb31bbcd4cf3a481c4cf72918fb0,57500,8860243,2720,1443,4165,https://www.youtube.com/watch?v=8PPHwXcZg9o,2786,1224,4165,https://www.youtube.com/watch?v=8PPHwXcZg9o,2397,2292,2397,https://www.youtube.com/watch?v=NHbMaIa3rJo,0,0,0,0,
6aefa292dc61441e98c787efb0067922,57000,3041802,953,520,4022,https://www.youtube.com/watch?v=KnbWr4OXntU,868,456,4022,https://www.youtube.com/watch?v=KnbWr4OXntU,2786,1971,2909,https://www.youtube.com/watch?v=PpHP8rXfAxw,11004,1107,616,144801,https://www.twitch.tv/videos/2842224879
729621ce509b4641ad8cde76dec037d0,56900,3218216,940,519,5131,https://www.youtube.com/watch?v=caB_OX60eOQ,809,416,1164,https://www.youtube.com/watch?v=4Lm7xlWFj3E,3402,2139,5131,https://www.youtube.com/watch?v=caB_OX60eOQ,5540,700,482,1237,https://www.twitch.tv/videos/2844865944
cbb5df4184f04027b8a550d648d79eeb,56600,6209427,8714,4391,37233,https://www.youtube.com/watch?v=Ygt9fp_fVRY,7591,5289,9205,https://www.youtube.com/watch?v=T75pNsJPeas,11326,4232,37233,https://www.youtube.com/watch?v=Ygt9fp_fVRY,0,0,0,0,
e14d4aac184c4ccdba6f2a9718cfea62,56600,3274918,895,526,2420,https://www.youtube.com/watch?v=cUEtHSVOrAo,848,425,2420,https://www.youtube.com/watch?v=cUEtHSVOrAo,1272,618,1533,https://www.youtube.com/watch?v=DPefcCOddaY,2880,457,306,826,https://www.twitch.tv/videos/2844825385
626750f4e7a745619c171c44fb1efcc0,55200,7859366,898,562,8744,https://www.youtube.com/watch?v=O-C4hO4JT_M,856,562,8744,https://www.youtube.com/watch?v=O-C4hO4JT_M,1159,652,2493,https://www.youtube.com/watch?v=h1kWyW9dSVI,11632,413,216,1075,https://www.twitch.tv/videos/2831012629
a000aa1d3ea7489c993277d33ab2457e,55200,6091327,5177,2458,43434,https://www.youtube.com/watch?v=_y50rzx2Zw8,2714,1348,5339,https://www.youtube.com/watch?v=ZTXCxijVN-Y,30505,9813,43434,https://www.youtube.com/watch?v=_y50rzx2Zw8,54049,22106,9521,62205,https://www.twitch.tv/videos/2846547889
6c88799c6f45407faf0f9ea007b0dcab,54200,4505962,3174,1667,33903,https://www.youtube.com/watch?v=1HLjNzGtyxI,2132,1102,3888,https://www.youtube.com/watch?v=iPJhY02fOFI,11050,4239,33903,https://www.youtube.com/watch?v=1HLjNzGtyxI,0,0,0,0,
3bc36efc33ba4410be1d509a39074ceb,54000,5925564,16696,5443,47545,https://www.youtube.com/watch?v=BNVJmj6auWE,11963,4507,19381,https://www.youtube.com/watch?v=X3tkaTac5VI,31898,8730,47545,https://www.youtube.com/watch?v=BNVJmj6auWE,28591,20021,4261,36142,https://www.twitch.tv/videos/2830182813
66c812bb04844241af1d1c7539b5e251,53200,38991350,298,105,973,https://www.youtube.com/watch?v=9DWok2QfijU,268,111,973,https://www.youtube.com/watch?v=9DWok2QfijU,390,102,594,https://www.youtube.com/watch?v=Y1yLPqH9WAI,1074,25,16,30,https://www.twitch.tv/videos/2845924060
ce2a2c07a74640fc8d3b39d022b16dd9,53100,5049475,1021,537,9085,https://www.youtube.com/watch?v=XiXiyJuBrR4,819,480,1722,https://www.youtube.com/watch?v=q21ykRH_vRA,4366,1092,9085,https://www.youtube.com/watch?v=XiXiyJuBrR4,0,0,0,0,
658e63bebdca421ca934b0bf6aa2bcd8,52900,6325405,1984,691,4055,https://www.youtube.com/watch?v=M3iBFfqIGd4,1993,732,4055,https://www.youtube.com/watch?v=M3iBFfqIGd4,236,233,236,https://www.youtube.com/watch?v=RYYeouPPxk0,11075,0,0,0,
2db2ffc41ff340a990a6d4dcec000d08,52900,4844610,7842,3606,45916,https://www.youtube.com/watch?v=5qglj3_dv68,6013,1700,7842,https://www.youtube.com/watch?v=hxGhC4McK74,26139,11864,45916,https://www.youtube.com/watch?v=5qglj3_dv68,31053,13021,5946,37150,https://www.twitch.tv/videos/2855952398
927ce160c29f4465ba196c3e1b8fee1c,52600,3355301,1218,697,8641,https://www.youtube.com/watch?v=LZiEBNPXkoA,1120,571,5541,https://www.youtube.com/watch?v=C1YRuG5MGao,6792,3671,8641,https://www.youtube.com/watch?v=LZiEBNPXkoA,5105,828,466,1369,https://www.twitch.tv/videos/2850470299
0eb515afbb9347529a406e91a07cde90,52600,3796354,7190,6172,42863,https://www.youtube.com/watch?v=G0cnoPmCn58,4697,1830,6165,https://www.youtube.com/watch?v=HOZ_iwG4K-0,23040,18755,42863,https://www.youtube.com/watch?v=G0cnoPmCn58,22480,9557,4735,16528,https://www.twitch.tv/videos/2836917756
60282d578bb747b8b232dba81168a5b6,52200,5493571,8810,4795,24810,https://www.youtube.com/watch?v=N5a0i1amE_o,2996,1086,2996,https://www.youtube.com/watch?v=YzzlwSRhzFk,13016,8505,24810,https://www.youtube.com/watch?v=N5a0i1amE_o,0,0,0,0,
e350c8b7e41045419ee1ac73bc78921b,51200,5710933,953,481,13291,https://www.youtube.com/watch?v=MDgLGZ1vfmg,837,445,1686,https://www.youtube.com/watch?v=Z7hzld_7muY,4651,3645,13291,https://www.youtube.com/watch?v=MDgLGZ1vfmg,0,0,0,0,
7d66bf98da354f72baee891cdd91855b,51200,5347418,3189,1701,18382,https://www.youtube.com/watch?v=5VQcuG-Q0x4,2347,1573,5204,https://www.youtube.com/watch?v=iYdrvFyEqgs,13579,5295,18382,https://www.youtube.com/watch?v=5VQcuG-Q0x4,0,0,0,0,
1cfadb0d2e154a258c3177ff8264336f,50800,4591597,2286,1300,2558,https://www.youtube.com/watch?v=O1SsXuWJTlc,2286,1300,2558,https://www.youtube.com/watch?v=O1SsXuWJTlc,0,0,0,,0,0,0,0,
50a0835b66844b0ab84f573934f20989,50200,2627841,1730,772,7450,https://www.youtube.com/watch?v=aHaYJ-5Wt6I,1671,772,4572,https://www.youtube.com/watch?v=i3eu2gQ52kI,6484,2238,7450,https://www.youtube.com/watch?v=aHaYJ-5Wt6I,0,0,0,0,
3681a0b4e4bd48888473b1884f6ee420,50100,6072618,835,475,21017,https://www.youtube.com/watch?v=a69dQqI4uhQ,590,404,1896,https://www.youtube.com/watch?v=pbWieA65gYk,13233,4787,21017,https://www.youtube.com/watch?v=a69dQqI4uhQ,0,0,0,0,
4c3cae772e974f8fb8e04f4cc9c8cd8d,49600,3442509,2079,1065,13818,https://www.youtube.com/watch?v=R_vozzBjhh0,1821,980,3651,https://www.youtube.com/watch?v=72FlpHo35NQ,3020,1644,13818,https://www.youtube.com/watch?v=R_vozzBjhh0,0,0,0,0,
177fe395a2704d10add06cb1466fa254,49300,5146449,13734,5763,102389,https://www.youtube.com/watch?v=JINlnvGikR0,8195,3814,13734,https://www.youtube.com/watch?v=TTZN59UXIxg,23895,8578,102389,https://www.youtube.com/watch?v=JINlnvGikR0,38278,29927,14423,68340,https://www.twitch.tv/videos/2834335117
fe1abd28f3114015ac31ae1821e8dd3f,47900,1875403,793,444,2770,https://www.youtube.com/watch?v=W8k3y6TMnrY,719,332,1121,https://www.youtube.com/watch?v=bsJapX2DtUg,2770,1877,2770,https://www.youtube.com/watch?v=W8k3y6TMnrY,5076,818,592,1201,https://www.twitch.tv/videos/2846653592
5c4241def363418d9b7167d8369d0350,47900,0,0,0,0,,0,0,0,,0,0,0,,45,0,0,0,
575d15d21f7240e1ad72935bf7fa0465,47800,1803899,424,296,3620,https://www.youtube.com/watch?v=XSPg6nSzZDo,415,272,851,https://www.youtube.com/watch?v=Qgv5vyj_qEQ,3620,681,3620,https://www.youtube.com/watch?v=XSPg6nSzZDo,0,0,0,0,
22ca620b93c94e5cb48175bbecf8d3af,47600,5582609,1526,780,5960,https://www.youtube.com/watch?v=TzEMhhX9HpU,1503,613,2033,https://www.youtube.com/watch?v=ICpbD57YQAg,2979,1587,5960,https://www.youtube.com/watch?v=TzEMhhX9HpU,0,0,0,0,
ebe5c5f9d67f44f3bc5e70b413ce9df7,47600,2430079,542,270,710,https://www.youtube.com/watch?v=AwFAyHr-AvE,542,270,710,https://www.youtube.com/watch?v=AwFAyHr-AvE,0,0,0,,12245,547,398,579,https://www.twitch.tv/videos/2844146222
2760c9a44c20464d8e140e6367ed1cdf,47400,2555216,449,267,719,https://www.youtube.com/watch?v=XUN_u3o6FcA,449,267,719,https://www.youtube.com/watch?v=XUN_u3o6FcA,0,0,0,,2628,774,393,774,https://www.twitch.tv/videos/2842951885
9a496e9b261f401dba4991a9f4c7048e,47100,1967586,994,470,13421,https://www.youtube.com/watch?v=gXg2KkTOk3c,901,328,1953,https://www.youtube.com/watch?v=FyzhrTxXoyE,3750,1602,13421,https://www.youtube.com/watch?v=gXg2KkTOk3c,0,0,0,0,
c41044006a014ed28107f33221a7de98,46900,4435572,1023,460,3366,https://www.youtube.com/watch?v=od_e1pkvnC4,1023,460,3366,https://www.youtube.com/watch?v=od_e1pkvnC4,0,0,0,,5266,0,0,0,
a0d4fad2fd3d4e4981947642a9dbafc4,46900,3872758,3077,1251,13727,https://www.youtube.com/watch?v=7IxGQZpbGu4,2563,709,6534,https://www.youtube.com/watch?v=TYfdiJBG80Y,10537,8412,13727,https://www.youtube.com/watch?v=7IxGQZpbGu4,13255,1869,778,5411,https://www.twitch.tv/videos/2855125489
64c779f8cc214e7a9b570c7b3fc128cc,46800,4046851,0,0,0,,0,0,0,,0,0,0,,4613,0,0,0,
3d786b116dbc437e8684d7b46567a1e5,46500,1774409,1396,736,17765,https://www.youtube.com/watch?v=ziyax3nfkqs,1213,794,17765,https://www.youtube.com/watch?v=ziyax3nfkqs,1423,593,1423,https://www.youtube.com/watch?v=LNaiULECSiE,10234,2777,1554,6964,https://www.twitch.tv/videos/2836879691
21d5855a8c7d4461b286d40c167ac093,46300,5239749,961,555,1347,https://www.youtube.com/watch?v=0B--wYh8Izc,961,555,1347,https://www.youtube.com/watch?v=0B--wYh8Izc,0,0,0,,1511,1100,355,111546,https://www.twitch.tv/videos/2840133219
c25e6f38d6df447e84c4747ba6ac75cc,45700,1947470,1925,807,16645,https://www.youtube.com/watch?v=BiHwXv5ajIQ,1629,530,2596,https://www.youtube.com/watch?v=c7HITDSmfoo,2805,1643,16645,https://www.youtube.com/watch?v=BiHwXv5ajIQ,0,0,0,0,
20f0e269ce554a00920de0444bc22aaf,45500,4263464,1098,352,4737,https://www.youtube.com/watch?v=rNGv1LB2zdk,547,256,2491,https://www.youtube.com/watch?v=9ZUhy8R4png,1679,499,4737,https://www.youtube.com/watch?v=rNGv1LB2zdk,0,0,0,0,
5f6f102dd7cc4bfaa99e4cde16b85290,45000,2568790,1500,632,3195,https://www.youtube.com/watch?v=PbewjQk_q6U,1526,668,3195,https://www.youtube.com/watch?v=PbewjQk_q6U,545,498,545,https://www.youtube.com/watch?v=WobTLFyMNqw,9637,2890,1293,10782,https://www.twitch.tv/videos/2851224123
a9f28d3e3d2a4ecb93ff10955be791d1,44900,3433946,2187,911,22303,https://www.youtube.com/watch?v=6jOkddVb_9I,2003,730,2790,https://www.youtube.com/watch?v=OZTFkfShU-s,22303,3444,22303,https://www.youtube.com/watch?v=6jOkddVb_9I,17911,2883,1144,3991,https://www.twitch.tv/videos/2844911793
1c6ebd51e0fc4ebab88347e853335c87,44800,2306935,1348,594,4344,https://www.youtube.com/watch?v=8oPp-vcq3eY,1056,594,2559,https://www.youtube.com/watch?v=IknQqdhNrSc,2339,894,4344,https://www.youtube.com/watch?v=8oPp-vcq3eY,2071,0,0,0,
0825b7bbb6134dbc98a132cc1782fb1f,44700,2259258,249,123,710,https://www.youtube.com/watch?v=0bZ5oIP1nqA,249,123,710,https://www.youtube.com/watch?v=0bZ5oIP1nqA,0,0,0,,0,0,0,0,
4d0cbf91a5cb4524862207c5d406d98c,43900,2743577,2796,1408,9686,https://www.youtube.com/watch?v=5dcivnxqeSw,2272,886,4934,https://www.youtube.com/watch?v=SYx2x5lvNSc,5595,2776,9686,https://www.youtube.com/watch?v=5dcivnxqeSw,0,0,0,0,
4d856c2abee448b8941c27799bb8cb03,43500,962602,1658,973,12565,https://www.youtube.com/watch?v=KpZNQf9Dmno,1358,883,2541,https://www.youtube.com/watch?v=Y5AovqqfVoE,3714,1546,12565,https://www.youtube.com/watch?v=KpZNQf9Dmno,0,0,0,0,
73b97b1a35c84579aa8ffcd6534efad3,43500,6254957,1569,599,31597,https://www.youtube.com/watch?v=2krD0pyPKZw,734,440,2662,https://www.youtube.com/watch?v=_hEvIZSoD1k,6193,1965,31597,https://www.youtube.com/watch?v=2krD0pyPKZw,10852,0,0,0,
5e98938ba0624235863dd2af8017fbe6,43100,2359100,1113,395,3154,https://www.youtube.com/watch?v=jCLLunlWxls,1018,308,1487,https://www.youtube.com/watch?v=ifNo5h0YlSQ,3154,1335,3154,https://www.youtube.com/watch?v=jCLLunlWxls,4924,1200,460,2264,https://www.twitch.tv/videos/2844921439
e069724ddab54dd690d6c3425574effd,43000,7506414,1929,1112,102099,https://www.youtube.com/watch?v=QEkZtSDOqwQ,1357,514,2032,https://www.youtube.com/watch?v=Vq1OqAFgLpo,12364,7642,102099,https://www.youtube.com/watch?v=QEkZtSDOqwQ,5495,1428,748,1454,https://www.twitch.tv/videos/2843085487
a05be3d154824597b21375f53b244585,42400,4,0,0,0,,0,0,0,,0,0,0,,20829,0,0,0,
dee8efe8990e458c915e4f6a6a16b49f,42300,5278392,139,40,222,https://www.youtube.com/watch?v=koSQgpnHs6U,139,40,222,https://www.youtube.com/watch?v=koSQgpnHs6U,0,0,0,,3293,0,0,0,
dabf31fbee9b4214958603268d48b780,42300,1222175,2143,1011,6179,https://www.youtube.com/watch?v=ApHQtrNtrKk,1867,862,3450,https://www.youtube.com/watch?v=T2WWhWwsM0U,4596,1643,6179,https://www.youtube.com/watch?v=ApHQtrNtrKk,0,0,0,0,
a85d79e2323b4869a6f784c51218cd37,42300,5049384,3718,1809,34977,https://www.youtube.com/watch?v=vG8ZJgr-mpc,2163,770,4482,https://www.youtube.com/watch?v=mBJ4tGeFMR0,7358,2883,34977,https://www.youtube.com/watch?v=vG8ZJgr-mpc,2424,0,0,0,
ed426712876641848613137bef236d26,42000,4331902,2067,974,16884,https://www.youtube.com/watch?v=LCW7sECqyD4,1337,749,4615,https://www.youtube.com/watch?v=iqHz1mJ8iQU,7178,3516,16884,https://www.youtube.com/watch?v=LCW7sECqyD4,9952,1342,458,2749,https://www.twitch.tv/videos/2830757039
c88554bbf263412da16e7a17fd03e467,42000,3053035,2420,1283,181231,https://www.youtube.com/watch?v=-lmsGeKPPlQ,2174,1192,13809,https://www.youtube.com/watch?v=hx4_J7lTSEA,13789,12441,181231,https://www.youtube.com/watch?v=-lmsGeKPPlQ,0,0,0,0,
8150f530d858418282811429cc32622b,41900,2480762,409,196,3118,https://www.youtube.com/watch?v=COaeupd-yj4,337,161,1180,https://www.youtube.com/watch?v=JVPkWC9lX6Q,1949,879,3118,https://www.youtube.com/watch?v=COaeupd-yj4,13127,690,295,1156,https://www.twitch.tv/videos/2847750592
029dfaf0b42a45839661df6dc99efcdd,41600,1177965,0,0,0,,0,0,0,,0,0,0,,707,0,0,0,
be6c475c291d45a0a7349abdb70be20d,41300,14202226,2476,1007,9576,https://www.youtube.com/watch?v=VnYNK4obyBs,1833,1029,2635,https://www.youtube.com/watch?v=1PYYr73dwQI,3526,981,9576,https://www.youtube.com/watch?v=VnYNK4obyBs,0,0,0,0,
59f5e287671149398135c5c08b5ed2f7,41100,962057,1111,475,3580,https://www.youtube.com/watch?v=W4k6ai4w6c8,1050,482,3580,https://www.youtube.com/watch?v=W4k6ai4w6c8,1828,463,2667,https://www.youtube.com/watch?v=s5luHLAdK2I,450,0,0,0,
f6a8c59d8b8d4e009d4e147ec268cd73,40800,2426847,1873,986,7501,https://www.youtube.com/watch?v=JddKD5FCUVI,1963,912,7501,https://www.youtube.com/watch?v=JddKD5FCUVI,1507,1181,1507,https://www.youtube.com/watch?v=39wBuyU_ZEM,5021,0,0,0,
14770d49681b44c1a6a7fcbdc265f539,40800,1976618,1558,95,1750,https://www.youtube.com/watch?v=W6qGOoWZ6Zk,1558,95,1750,https://www.youtube.com/watch?v=W6qGOoWZ6Zk,0,0,0,,0,0,0,0,
d1694c709e0f489fbd07fc9bc67c0a66,40600,2094523,771,346,2780,https://www.youtube.com/watch?v=vJsrBQLJVoc,662,342,2780,https://www.youtube.com/watch?v=vJsrBQLJVoc,1664,1477,1664,https://www.youtube.com/watch?v=KP4Hcw6qwww,2963,326,214,365,https://www.twitch.tv/videos/2844109461
4b8137b8ba4e4a4dad994e2e07e351fe,40300,2516141,189,96,330,https://www.youtube.com/watch?v=36iR2Zr-2gE,189,96,330,https://www.youtube.com/watch?v=36iR2Zr-2gE,0,0,0,,2110,154,86,231,https://www.twitch.tv/videos/2844032930
6943bbfc993443d4b3853833b3bb1a66,40200,15075116,0,0,0,,0,0,0,,0,0,0,,0,0,0,0,
192d2decee72410e8346c135c4ac6e00,39800,1723248,1014,650,5017,https://www.youtube.com/watch?v=9TPccv91Mzo,602,230,1154,https://www.youtube.com/watch?v=riywKoRp4Nw,2777,1240,5017,https://www.youtube.com/watch?v=9TPccv91Mzo,2695,0,0,0,
7aba821c721e45bcb3d113652e9e8fb2,39800,1400893,1303,756,3098,https://www.youtube.com/watch?v=rWK7vsFpB4c,1303,756,3098,https://www.youtube.com/watch?v=rWK7vsFpB4c,0,0,0,,2317,681,447,1324,https://www.twitch.tv/videos/2846893288
6baf9b6a84a44ab3a6979d98bff7ee21,39300,2136181,2074,1160,11168,https://www.youtube.com/watch?v=HZPb0HgiAik,1757,1021,6944,https://www.youtube.com/watch?v=_hYaI1bMklQ,8119,4344,11168,https://www.youtube.com/watch?v=HZPb0HgiAik,2506,1172,308,1533,https://www.twitch.tv/videos/2850530522
b42416c629e64c948f75aff4ff5c9a8a,38500,1294362,1248,994,8182,https://www.youtube.com/watch?v=qc59Qa9jX30,0,0,0,,1248,994,8182,https://www.youtube.com/watch?v=qc59Qa9jX30,4043,359,242,823,https://www.twitch.tv/videos/2848552848
80f7b111f0e044abae4c37f6a96b5957,38400,1209345,390,173,2012,https://www.youtube.com/watch?v=LgR0nCPH-rE,257,142,777,https://www.youtube.com/watch?v=4XJP462Rtlw,1414,885,2012,https://www.youtube.com/watch?v=LgR0nCPH-rE,0,0,0,0,
f928e57423634094b3d7d8461321c028,38400,1008810,527,336,656,https://www.youtube.com/watch?v=7HnRmWxgN_Y,527,336,656,https://www.youtube.com/watch?v=7HnRmWxgN_Y,0,0,0,,2950,0,0,0,
dad6fb7439d744739755a9a7c6c18d20,38000,3613712,2539,1212,3332,https://www.youtube.com/watch?v=wTEbRq5lX04,2401,1168,3332,https://www.youtube.com/watch?v=wTEbRq5lX04,3008,2082,3265,https://www.youtube.com/watch?v=TI0HxDg-_eU,2923,0,0,0,
683c47ffba3246cb8574a6f2667208d1,37700,1516231,1182,458,2664,https://www.youtube.com/watch?v=edUnEbnOZbw,668,266,1374,https://www.youtube.com/watch?v=f6YKaapIY48,2662,767,2664,https://www.youtube.com/watch?v=edUnEbnOZbw,13646,6099,2727,17828,https://www.twitch.tv/videos/2830841366
84d68bef71304aa089c10d2c33c9a107,37400,3989448,1438,740,3011,https://www.youtube.com/watch?v=NAfKMGxlv7k,1438,740,3011,https://www.youtube.com/watch?v=NAfKMGxlv7k,0,0,0,,0,0,0,0,
bf3356cfb2754286af9b6bb1665f56bd,37400,1031626,588,264,3413,https://www.youtube.com/watch?v=fjhA3wCGzIM,523,264,674,https://www.youtube.com/watch?v=8J6vY0UdOsI,1359,536,3413,https://www.youtube.com/watch?v=fjhA3wCGzIM,343,0,0,0,
62e5d9c4ad1e4d7a9fb61fe531c4b940,37200,101540,0,0,0,,0,0,0,,0,0,0,,0,0,0,0,
6929e06cd9ed49739cadaa35115847c7,36700,2639600,1639,759,102169,https://www.youtube.com/watch?v=6o0hPI1jykg,1335,646,8071,https://www.youtube.com/watch?v=DziRHVCw2WQ,5151,2860,102169,https://www.youtube.com/watch?v=6o0hPI1jykg,0,0,0,0,
5c7beefaa54444e3b0443d7abd93c1f7,36300,4257475,0,0,0,,0,0,0,,0,0,0,,4459,390,183,642,https://www.twitch.tv/videos/2849569656
f928118054aa4e11aa4ec88504d8b886,36300,2202483,860,542,3747,https://www.youtube.com/watch?v=FzW9uYMr0-8,627,302,1823,https://www.youtube.com/watch?v=GD7DcYPK6ls,2557,1092,3747,https://www.youtube.com/watch?v=FzW9uYMr0-8,2718,873,775,1239,https://www.twitch.tv/videos/2846864598
55be1972142c44799f83ce3db4f14fbd,36000,3566621,666,358,5255,https://www.youtube.com/watch?v=493e7Jhe-74,461,208,925,https://www.youtube.com/watch?v=WYuRD4UZ63s,2722,1158,5255,https://www.youtube.com/watch?v=493e7Jhe-74,0,0,0,0,
491a6000ce4b472c9b4f8c1dcfdb772c,35400,10847455,10728,3988,30759,https://www.youtube.com/watch?v=YiGNifz85pw,1004,599,2940,https://www.youtube.com/watch?v=v8eLjfq__l8,14943,6075,30759,https://www.youtube.com/watch?v=YiGNifz85pw,1229,0,0,0,
6af8929143294c72b25a7108e79e2faf,35100,2418871,1178,451,10900,https://www.youtube.com/watch?v=VSW-pZyeMS8,706,344,2736,https://www.youtube.com/watch?v=4u_e2U8jphg,3440,1227,10900,https://www.youtube.com/watch?v=VSW-pZyeMS8,0,0,0,0,
b08047f2566246ac995e03a5db727cfe,34900,94315,780,303,809,https://www.youtube.com/watch?v=wbUeDW2GqHk,780,303,809,https://www.youtube.com/watch?v=wbUeDW2GqHk,0,0,0,,7219,0,0,0,
32b5b05c6e0f4747a8c0932d06f97f8c,34800,2296394,1084,444,2977,https://www.youtube.com/watch?v=ir9RItR7xVc,1078,562,2832,https://www.youtube.com/watch?v=-NXBx5bHK2c,2977,368,2977,https://www.youtube.com/watch?v=ir9RItR7xVc,4945,927,236,927,https://www.twitch.tv/videos/2836079187
8267ea37c12a471a8a038f501832e099,34800,2520087,1122,380,2096,https://www.youtube.com/watch?v=-LeZ7u6hACA,2096,473,2096,https://www.youtube.com/watch?v=-LeZ7u6hACA,1105,287,1140,https://www.youtube.com/watch?v=3jqTcaFg9OU,0,0,0,0,
84a911e2b05f4919a32e0c1618e32a7d,34700,1126200,844,349,2042,https://www.youtube.com/watch?v=ihxsn1H7qrg,844,349,2042,https://www.youtube.com/watch?v=ihxsn1H7qrg,0,0,0,,0,0,0,0,
13a4e83f2bbc4d18bb27520a4dceef72,34400,9070874,42070,19159,55146,https://www.youtube.com/watch?v=B8ljbRqYaPY,0,0,0,,42070,19159,55146,https://www.youtube.com/watch?v=B8ljbRqYaPY,64182,23693,10696,66443,https://www.twitch.tv/videos/2855005351
b0f523194beb4abca2b433e9e41d912c,33800,1925273,1292,802,13720,https://www.youtube.com/watch?v=IxIXPsCL2zI,1072,644,2766,https://www.youtube.com/watch?v=tYS9AoWhGa8,1828,802,13720,https://www.youtube.com/watch?v=IxIXPsCL2zI,11981,0,0,0,
e1b2266a00c04e81bd868ae2fbff7848,33700,2045943,2178,1711,5986,https://www.youtube.com/watch?v=uM39aKvqX-o,1122,360,1277,https://www.youtube.com/watch?v=1J4Bs2C0e9M,3333,2377,5986,https://www.youtube.com/watch?v=uM39aKvqX-o,0,0,0,0,
ad56a56e509c4b6fa0cf11ca959e3c72,33000,237572,802,367,3884,https://www.youtube.com/watch?v=9h2XRbD8EnE,753,325,2000,https://www.youtube.com/watch?v=X6IbI6hmoKo,2147,1237,3884,https://www.youtube.com/watch?v=9h2XRbD8EnE,139,0,0,0,
93bad1d4b0c54c8781e3775d13a62c38,33000,1106285,237,61,525,https://www.youtube.com/watch?v=01i1ZpLw_UM,233,74,525,https://www.youtube.com/watch?v=01i1ZpLw_UM,269,14,269,https://www.youtube.com/watch?v=dhN5B8iM6oI,679,0,0,0,
1edf4940878546569e52dd06c95b8581,32800,2873838,415,162,3677,https://www.youtube.com/watch?v=XOg0norF1Bg,414,160,526,https://www.youtube.com/watch?v=kX6Dm_WFsfY,2927,225,3677,https://www.youtube.com/watch?v=XOg0norF1Bg,0,0,0,0,
31f17632340f4e7fbd0ced07193dd81b,32700,1037364,427,211,866,https://www.youtube.com/watch?v=EX_tkvmWtJA,427,211,866,https://www.youtube.com/watch?v=EX_tkvmWtJA,0,0,0,,0,0,0,0,
e92219319c904d17ad14a223a304f7b5,32700,2245417,7163,4939,224750,https://www.youtube.com/watch?v=N__wtDUxlMo,5860,5249,13511,https://www.youtube.com/watch?v=W2PX2ftGPaI,7824,4558,224750,https://www.youtube.com/watch?v=N__wtDUxlMo,478,0,0,0,
334133534368487780dfa99b7c9f5949,32700,18919753,0,0,0,,0,0,0,,0,0,0,,0,0,0,0,
9ca368e73d514656ade48dc946f55956,32500,4224933,1990,870,2255,https://www.youtube.com/watch?v=2BZUc9-KI68,0,0,0,,1990,870,2255,https://www.youtube.com/watch?v=2BZUc9-KI68,9345,567,216,1430,https://www.twitch.tv/videos/2846676893
d33940525b7f4b9db9ce85e08b4c175e,32300,325408,3385,268,3385,https://www.youtube.com/watch?v=Ww7pwnx6WxQ,0,0,0,,3385,268,3385,https://www.youtube.com/watch?v=Ww7pwnx6WxQ,8541,133,108,684,https://www.twitch.tv/videos/2853974826
099a5fd0d27d4fc892f684793ac18c99,32100,4244755,651,298,755,https://www.youtube.com/watch?v=-PgfGBUfHiE,651,298,755,https://www.youtube.com/watch?v=-PgfGBUfHiE,0,0,0,,0,0,0,0,
9f649d90164140bdb0e38f7e835c183b,31800,2030889,614,333,6019,https://www.youtube.com/watch?v=da3XCe8IOGU,555,268,1297,https://www.youtube.com/watch?v=TdoBoWr9dJ0,6019,1057,6019,https://www.youtube.com/watch?v=da3XCe8IOGU,0,0,0,0,
e150e350532b4327b26989dd43cd3bad,31200,2004744,0,0,0,,0,0,0,,0,0,0,,1078,0,0,0,
0f2ad43c618943d19d5101f2d3c49ac9,31100,1535747,2130,1362,4669,https://www.youtube.com/watch?v=cFwX_PqZrAs,0,0,0,,2130,1362,4669,https://www.youtube.com/watch?v=cFwX_PqZrAs,175,0,0,0,
691e8a5f258c4c17b70b6b489b0ad04d,30700,2968302,1946,1318,19237,https://www.youtube.com/watch?v=j8OtIyzyk_4,1345,718,4177,https://www.youtube.com/watch?v=yqlRepe8j8c,6705,2817,19237,https://www.youtube.com/watch?v=j8OtIyzyk_4,1309,987,811,987,https://www.twitch.tv/videos/2851398314
660531d691fb49c6a454bff9b0fb8c9e,30600,999595,0,0,0,,0,0,0,,0,0,0,,1481,0,0,0,
d81d1032a43642eca36e82ba9a3c39c5,30500,1199443,0,0,0,,0,0,0,,0,0,0,,11523,481,203,678,https://www.twitch.tv/videos/2851390633
e73551cd98ec47388899522353fc89e3,30300,2147218,0,0,0,,0,0,0,,0,0,0,,525,0,0,0,
d35707348d554507a98f97eb59230efc,30300,2301960,784,282,29780,https://www.youtube.com/watch?v=DMd5tzIO4Jk,685,250,1071,https://www.youtube.com/watch?v=fkLnOqRkK5o,3422,912,29780,https://www.youtube.com/watch?v=DMd5tzIO4Jk,5162,624,541,1658,https://www.twitch.tv/videos/2844768661
14d83faa414c415097d577d2da9636ce,30300,1157202,523,267,22055,https://www.youtube.com/watch?v=WpyjWeCpMcE,402,142,1007,https://www.youtube.com/watch?v=2JKXeoIzcVY,21841,12393,22055,https://www.youtube.com/watch?v=WpyjWeCpMcE,0,0,0,0,
9af7c10c618844f08a327d38753124bd,30200,1523174,4105,3488,4491,https://www.youtube.com/watch?v=jEjEnZVnicc,0,0,0,,4105,3488,4491,https://www.youtube.com/watch?v=jEjEnZVnicc,18372,719,287,3195,https://www.twitch.tv/videos/2853109446
1f54bc2ce03344728234e590bfb0134f,30100,0,0,0,0,,0,0,0,,0,0,0,,1369,0,0,0,
9e05802075c343a3bf2778550d5157da,30100,1675191,2328,1228,9550,https://www.youtube.com/watch?v=_c4jxfLy_QY,163,53,268,https://www.youtube.com/watch?v=5lJiWgJ9cQk,3051,1679,9550,https://www.youtube.com/watch?v=_c4jxfLy_QY,0,0,0,0,
bac1f0b8e8d149d4a48cfd30d7d7ad74,29900,2323897,615,286,2781,https://www.youtube.com/watch?v=qSqtfXugio0,456,271,699,https://www.youtube.com/watch?v=TiMW7et9aMo,1195,614,2781,https://www.youtube.com/watch?v=qSqtfXugio0,0,0,0,0,
5b996b6eca90491cb8e1a43de23b2388,29800,4626,0,0,0,,0,0,0,,0,0,0,,0,0,0,0,
b6f68e0e323f45458752f3a7ec6a08f2,29700,2526884,3061,1027,5787,https://www.youtube.com/watch?v=KLGjOcKNFpo,1594,667,1824,https://www.youtube.com/watch?v=hqqtO2tquaE,3227,1482,5787,https://www.youtube.com/watch?v=KLGjOcKNFpo,4617,1631,613,3402,https://www.twitch.tv/videos/2834127577
02d67d58d59644be9cdf0b1179419637,29500,2085414,202,155,3310,https://www.youtube.com/watch?v=97NgeH-c9-k,168,122,224,https://www.youtube.com/watch?v=rz0xsgx0_7o,2437,1330,3310,https://www.youtube.com/watch?v=97NgeH-c9-k,2713,424,294,501,https://www.twitch.tv/videos/2853236502
f0b85b56d1d84085aca5ab7f592bd7da,29500,2585554,391,169,14635,https://www.youtube.com/watch?v=g0Niv-YeOS4,266,80,442,https://www.youtube.com/watch?v=4DTsWJXM3g0,530,221,14635,https://www.youtube.com/watch?v=g0Niv-YeOS4,0,0,0,0,
fe569b0c059e406daf57eb2acd11cc21,29300,1810909,718,377,4252,https://www.youtube.com/watch?v=CaCW0rZaZ1Q,500,376,2041,https://www.youtube.com/watch?v=oy_l23tIbrI,1688,479,4252,https://www.youtube.com/watch?v=CaCW0rZaZ1Q,0,0,0,0,
4fd17e8877024633876c5d85bc81e56b,29300,4341275,688,353,2604,https://www.youtube.com/watch?v=l-VHkm5PaNk,626,218,1381,https://www.youtube.com/watch?v=1i9ifRaV5uw,2087,1206,2604,https://www.youtube.com/watch?v=l-VHkm5PaNk,0,0,0,0,
aa1ff405338c41b98ff7197eb4d90349,29200,1320449,1036,409,5131,https://www.youtube.com/watch?v=Ktt9h0K_YjU,992,398,1992,https://www.youtube.com/watch?v=2CCFSj-Z-Vc,5131,2142,5131,https://www.youtube.com/watch?v=Ktt9h0K_YjU,0,0,0,0,
bc0b8c437eda4361b2a10003013f49cf,29200,318347,0,0,0,,0,0,0,,0,0,0,,0,0,0,0,
6f9d63518a69442a88ac602a3b37bf18,29000,1770993,663,281,2292,https://www.youtube.com/watch?v=-i2UX4VCjes,348,145,1630,https://www.youtube.com/watch?v=zKQrQUMMXtM,1372,711,2292,https://www.youtube.com/watch?v=-i2UX4VCjes,0,0,0,0,
5ba11a0bf35147d499259ad5608a7de1,28900,2266024,1316,639,9343,https://www.youtube.com/watch?v=b93g_8xnDtI,773,365,1980,https://www.youtube.com/watch?v=o5H4WNxGwrA,1936,853,9343,https://www.youtube.com/watch?v=b93g_8xnDtI,4430,492,339,492,https://www.twitch.tv/videos/2847817239
73ae80b091f542358d7a5bf8905c28f3,28900,3055538,1355,611,6159,https://www.youtube.com/watch?v=YJp3MqaBdCI,1106,543,3392,https://www.youtube.com/watch?v=ysehuo3YgDA,4325,1708,6159,https://www.youtube.com/watch?v=YJp3MqaBdCI,7132,875,109,1678,https://www.twitch.tv/videos/2831038320
3be86a2a9cb447f393d235132e157789,28700,2715477,2088,657,4006,https://www.youtube.com/watch?v=dSffeNpXftg,2088,657,4006,https://www.youtube.com/watch?v=dSffeNpXftg,0,0,0,,0,0,0,0,
8a0b024373544f31b54e5a6cadb124dc,28700,2068792,1776,938,25585,https://www.youtube.com/watch?v=7GZHJ_rPhxQ,1645,705,2796,https://www.youtube.com/watch?v=IZ_Z56T9d_A,9961,1701,25585,https://www.youtube.com/watch?v=7GZHJ_rPhxQ,1985,0,0,0,
19234cc590224c45912a14487f756dc5,28300,2210435,1787,772,2737,https://www.youtube.com/watch?v=KlsGG-zLA18,0,0,0,,1787,772,2737,https://www.youtube.com/watch?v=KlsGG-zLA18,13731,4150,1601,13996,https://www.twitch.tv/videos/2836000537
521fb650b9534787b19c8762957fb5d2,28300,0,0,0,0,,0,0,0,,0,0,0,,0,0,0,0,
f7c48554816643cdb8d343e6e9e6d313,28200,1581842,649,102,649,https://www.youtube.com/watch?v=bvrKV9EDq9k,649,102,649,https://www.youtube.com/watch?v=bvrKV9EDq9k,0,0,0,,13144,718,409,2854,https://www.twitch.tv/videos/2830436572
d1dd83b6e8a24df4b61f766cff45113c,28100,15995597,503,209,6026,https://www.youtube.com/watch?v=lt_jR8VvuaA,368,126,2479,https://www.youtube.com/watch?v=odjZ250uc_Y,1758,705,6026,https://www.youtube.com/watch?v=lt_jR8VvuaA,558,0,0,0,
e343e3fdc52f47a7bd5dbd793ccf8916,28100,1895711,2585,826,20036,https://www.youtube.com/watch?v=uzRvknhMjwI,1412,493,2014,https://www.youtube.com/watch?v=ty97KC4xaKE,4298,2439,20036,https://www.youtube.com/watch?v=uzRvknhMjwI,0,0,0,0,
3197e5649c65405cbbe6e5f1a44cf8e1,28100,1569521,537,189,6549,https://www.youtube.com/watch?v=BC6uQL_evCo,482,166,963,https://www.youtube.com/watch?v=_BoFRFlzUNE,4099,3397,6549,https://www.youtube.com/watch?v=BC6uQL_evCo,0,0,0,0,
59110c6bf6e64ce6bdf86b40246dc106,28000,522252,0,0,0,,0,0,0,,0,0,0,,0,0,0,0,
6548fd18ecf84bd88112cd5babfa2a66,28000,882467,868,541,4371,https://www.youtube.com/watch?v=kb4MS_4fK0E,817,370,1691,https://www.youtube.com/watch?v=CDIvoXXwxT8,2347,1603,4371,https://www.youtube.com/watch?v=kb4MS_4fK0E,2551,0,0,0,
03c018f2d3064da6ac4899bef1d600c5,27400,1200105,0,0,0,,0,0,0,,0,0,0,,39377,6982,2993,11216,https://www.twitch.tv/videos/2836951000
a060cd640cf44c2bb8d78d8ff2411e68,27100,1847302,1157,420,2253,https://www.youtube.com/watch?v=HDp4vpKCfAU,884,375,1247,https://www.youtube.com/watch?v=-T9cnWWliSs,1640,691,2253,https://www.youtube.com/watch?v=HDp4vpKCfAU,508,0,0,0,
5d00575c06d74f588238857d7dec1b02,27000,4064279,1766,627,24309,https://www.youtube.com/watch?v=COvk0eBpnOQ,1483,563,3671,https://www.youtube.com/watch?v=78yVdUXRWDg,4001,1852,24309,https://www.youtube.com/watch?v=COvk0eBpnOQ,0,0,0,0,
30114f720b104e7f89d9dc0399a00dd4,26900,36043,0,0,0,,0,0,0,,0,0,0,,0,0,0,0,
6ce5f9e78ea946d8a2fd4191005557aa,26600,868969,0,0,0,,0,0,0,,0,0,0,,633,0,0,0,
25388daec64e40f38ca0e5a3a88fedb7,26500,1195356,370,215,1511,https://www.youtube.com/watch?v=CrK-h0Y5La0,363,191,1204,https://www.youtube.com/watch?v=GZMVrriSG8g,1511,1036,1511,https://www.youtube.com/watch?v=CrK-h0Y5La0,3438,228,147,926,https://www.twitch.tv/videos/2851132176
f18407d79b4b43ffa6adf629d1723a8f,26100,1275,0,0,0,,0,0,0,,0,0,0,,0,0,0,0,
9335c3076be84149abfbef91ac0e9e68,26100,1047083,0,0,0,,0,0,0,,0,0,0,,1363,0,0,0,
a667c79cb8284de29d5843dc3eafcc57,26000,576473,532,225,13579,https://www.youtube.com/watch?v=QMfTS1TsPFg,410,183,1374,https://www.youtube.com/watch?v=rHlDiyALLrI,10160,2039,13579,https://www.youtube.com/watch?v=QMfTS1TsPFg,0,0,0,0,
f2a403cb46354371837550730a397bd1,25700,1490961,333,197,1954,https://www.youtube.com/watch?v=QLb3MRjKfz8,299,109,373,https://www.youtube.com/watch?v=__40qjaOUHA,1289,781,1954,https://www.youtube.com/watch?v=QLb3MRjKfz8,0,0,0,0,
896f74ae454b42a890e413bddc690335,25300,0,0,0,0,,0,0,0,,0,0,0,,1409,0,0,0,
22c8ee785f7446e5978bab336fda92cb,25300,2249916,1054,342,2501,https://www.youtube.com/watch?v=ktFA2OCvJbY,1278,464,2501,https://www.youtube.com/watch?v=ktFA2OCvJbY,250,228,514,https://www.youtube.com/watch?v=O-dy-RTebX4,0,0,0,0,
95de1fe6727944e68404aec425d09170,25200,0,0,0,0,,0,0,0,,0,0,0,,3281,0,0,0,
b0fa9fc53f99425db4cca93d2d48a91f,25000,783668,0,0,0,,0,0,0,,0,0,0,,0,0,0,0,
7754dca48f524b938314a2b346772e4e,24800,2086902,3557,1817,8489,https://www.youtube.com/watch?v=CCi-A4P8T6A,0,0,0,,3557,1817,8489,https://www.youtube.com/watch?v=CCi-A4P8T6A,0,0,0,0,
f0a395b14fa34e64ba1aaedb906c7dd3,24700,328139,0,0,0,,0,0,0,,0,0,0,,0,0,0,0,
e7fd5d01e57c42658be2bf1e3ad5d696,24700,0,0,0,0,,0,0,0,,0,0,0,,0,0,0,0,
8dbec1de49be44d897f1c894427f3165,24700,783286,647,343,2091,https://www.youtube.com/watch?v=r2zRrawDw34,590,267,777,https://www.youtube.com/watch?v=IPwXgBxUFfo,2029,1143,2091,https://www.youtube.com/watch?v=r2zRrawDw34,3995,350,283,436,https://www.twitch.tv/videos/2846726017
868f29ec868047fdb2a80a91f49fc55a,24600,0,0,0,0,,0,0,0,,0,0,0,,0,0,0,0,
239947732521428d946087065b7c8e17,24400,2012883,0,0,0,,0,0,0,,0,0,0,,0,0,0,0,
67d348e6690c43729cce031e70a26645,24100,1200417,0,0,0,,0,0,0,,0,0,0,,32230,3731,1077,4891,https://www.twitch.tv/videos/2837120447
670990d65f7b459ba2a3728c39d4cb9a,24100,826843,23075,9617,490712,https://www.youtube.com/watch?v=g_NGxxjwD8U,0,0,0,,23075,9617,490712,https://www.youtube.com/watch?v=g_NGxxjwD8U,2419,0,0,0,
9d0fb5c59ea745f09934f3cfd932c393,24000,3189926,513,383,25908,https://www.youtube.com/watch?v=xKAuHFyMWzg,399,222,533,https://www.youtube.com/watch?v=VtWETBXtDA8,5043,2152,25908,https://www.youtube.com/watch?v=xKAuHFyMWzg,0,0,0,0,
de0e98c9266449b7874a942cbbb63a0d,24000,1767203,0,0,0,,0,0,0,,0,0,0,,3025,0,0,0,
28a930938667442288010b333937e2ab,23900,2153912,1836,1173,2602,https://www.youtube.com/watch?v=pMhePOs5Abw,0,0,0,,1836,1173,2602,https://www.youtube.com/watch?v=pMhePOs5Abw,10812,1585,762,2864,https://www.twitch.tv/videos/2831699476
f13832094d8b40fbb95d07732aa3c3c7,23800,537954,579,262,1818,https://www.youtube.com/watch?v=AFsKIV0CFPQ,511,225,1244,https://www.youtube.com/watch?v=yjQ6GA_-KE0,1599,596,1818,https://www.youtube.com/watch?v=AFsKIV0CFPQ,0,0,0,0,
3e19e054b479401da231ebc3d3fab628,23700,1055801,3234,1599,8827,https://www.youtube.com/watch?v=420WZcSOBWU,2902,1499,4867,https://www.youtube.com/watch?v=icanxtCKmPM,4292,2725,8827,https://www.youtube.com/watch?v=420WZcSOBWU,0,0,0,0,
6dfe72bb90994dceb7b753908876307d,23600,1805274,737,454,2292,https://www.youtube.com/watch?v=_YeNghOVTXo,733,449,2245,https://www.youtube.com/watch?v=B3_56dqwP_g,1635,560,2292,https://www.youtube.com/watch?v=_YeNghOVTXo,0,0,0,0,
824c0c36956f4a73bb3ec479dd8e4da8,23600,1055343,0,0,0,,0,0,0,,0,0,0,,2520,0,0,0,
c0c35f0471774be2b33163ae20f2d6bb,23500,1519826,1821,458,6430,https://www.youtube.com/watch?v=sHyHft75oro,1192,413,6430,https://www.youtube.com/watch?v=sHyHft75oro,4809,2367,5178,https://www.youtube.com/watch?v=u1kPnOTRR2A,0,0,0,0,
dcebd098c3ea479ba2b0e32a2696a5ec,23400,936028,794,329,4652,https://www.youtube.com/watch?v=3dyQkBz2zPE,764,298,1087,https://www.youtube.com/watch?v=IDxIZp1RKDo,3634,734,4652,https://www.youtube.com/watch?v=3dyQkBz2zPE,0,0,0,0,
ae4eaef845fc4daaa8106a51a590e145,23300,126390,0,0,0,,0,0,0,,0,0,0,,0,0,0,0,
3e6a09fe4ef744f987e27ae0f06cdf09,23300,742795,526,290,4036,https://www.youtube.com/watch?v=Yxn4LKR-nDg,467,278,1783,https://www.youtube.com/watch?v=bZn2uiXpNvE,3285,1839,4036,https://www.youtube.com/watch?v=Yxn4LKR-nDg,0,0,0,0,
7c00b7dc73a240dc84d68be389732a0c,23000,1122340,245,143,288,https://www.youtube.com/watch?v=_6doUtqGxY0,245,143,288,https://www.youtube.com/watch?v=_6doUtqGxY0,0,0,0,,0,0,0,0,
da4a58b114b94469a0a93f6b8ee7512d,23000,1240863,1174,503,22982,https://www.youtube.com/watch?v=fgyKt3oUmRU,1139,370,2171,https://www.youtube.com/watch?v=VnIbYhZqOwU,19460,1174,22982,https://www.youtube.com/watch?v=fgyKt3oUmRU,12592,412,122,1033,https://www.twitch.tv/videos/2839501153
0247d07842794dccb043e0b10a888d30,23000,283709,11114,6117,78295,https://www.youtube.com/watch?v=oem9PAaN0cw,0,0,0,,11114,6117,78295,https://www.youtube.com/watch?v=oem9PAaN0cw,2669,0,0,0,
18bd2d37e2e64f0cab20ec6a2b2f2474,22800,1110747,543,206,2758,https://www.youtube.com/watch?v=7bYkw-GpfUU,522,206,796,https://www.youtube.com/watch?v=EbkohDQwvtY,713,169,2758,https://www.youtube.com/watch?v=7bYkw-GpfUU,3404,395,235,680,https://www.twitch.tv/videos/2851489967
2be709cdd22f4a63a95504731ba79afd,22800,1070581,0,0,0,,0,0,0,,0,0,0,,0,0,0,0,
365db081229a4efeb4630f19587a96b2,22700,1729126,2913,1196,17354,https://www.youtube.com/watch?v=ykin275Um3U,805,259,6171,https://www.youtube.com/watch?v=0j1pAHKASQo,3701,1913,17354,https://www.youtube.com/watch?v=ykin275Um3U,0,0,0,0,
75ddc749133b4c498eb35ceac1e2a0b2,22700,2828862,534,271,5533,https://www.youtube.com/watch?v=axh0PEEwGZ8,518,216,1324,https://www.youtube.com/watch?v=DBNMtsILIvA,4509,1275,5533,https://www.youtube.com/watch?v=axh0PEEwGZ8,0,0,0,0,
3809ec8a42634d11aa1b7b8f99755c6a,22700,1947492,0,0,0,,0,0,0,,0,0,0,,67854,3319,1170,8953,https://www.twitch.tv/videos/2837580005
1ac97b8deb08470dafc128557532dd52,22600,1563005,1632,385,11644,https://www.youtube.com/watch?v=I4GGtcOhv44,375,78,496,https://www.youtube.com/watch?v=8q4yS94tOrc,2436,1408,11644,https://www.youtube.com/watch?v=I4GGtcOhv44,487,0,0,0,
951dd0b605d04163b38de18262e9a438,22500,643716,0,0,0,,0,0,0,,0,0,0,,1468,0,0,0,
ffe3f2e400ab4237ac873ae9d5a0eda4,22100,1031587,2427,967,10797,https://www.youtube.com/watch?v=ZyyETHVZgYk,1098,835,4892,https://www.youtube.com/watch?v=yRNnccdwcJo,3861,2002,10797,https://www.youtube.com/watch?v=ZyyETHVZgYk,0,0,0,0,
05317bcbe5f243abb85618d2669bd0d7,22100,453423,70,35,1000,https://www.youtube.com/watch?v=5k1OgguPYvU,72,35,139,https://www.youtube.com/watch?v=tlr2bP5W3tc,61,30,1000,https://www.youtube.com/watch?v=5k1OgguPYvU,0,0,0,0,
e9a9d88bf69e4c83842fe05b3ae1601b,22100,1254210,433,300,433,https://www.youtube.com/watch?v=O9rh5mRyg4I,433,300,433,https://www.youtube.com/watch?v=O9rh5mRyg4I,0,0,0,,13656,1175,530,1664,https://www.twitch.tv/videos/2847758332
60716febdfe949248e8f67d85634bec5,21500,8310275,705,131,1355,https://www.youtube.com/watch?v=tOsmqZsCCco,0,0,0,,705,131,1355,https://www.youtube.com/watch?v=tOsmqZsCCco,0,0,0,0,
532b143e82d6452fac9a18d1d025a2af,21400,462069,0,0,0,,0,0,0,,0,0,0,,0,0,0,0,
2ba32c49f08849f9a109b7e485c9c5a5,21300,1112376,980,438,2537,https://www.youtube.com/watch?v=QSVqzysMJGg,814,417,1367,https://www.youtube.com/watch?v=xszxR6IC7c8,2195,979,2537,https://www.youtube.com/watch?v=QSVqzysMJGg,0,0,0,0,
7805f5aaa7be47878ebcf88c6ff4669a,21300,664692,11400,7465,459038,https://www.youtube.com/watch?v=tT6iJ13riIg,0,0,0,,11400,7465,459038,https://www.youtube.com/watch?v=tT6iJ13riIg,2583,0,0,0,
ec4bc8d279af43eaba4679b762bbbc59,21200,838150,0,0,0,,0,0,0,,0,0,0,,0,0,0,0,
b63a5ee44acf4498827a3fd984ab23e0,21100,1490402,817,346,2296,https://www.youtube.com/watch?v=7RZJlXrVXkM,817,346,2296,https://www.youtube.com/watch?v=7RZJlXrVXkM,0,0,0,,0,0,0,0,
cd88de8b4bc84a71975df9afb42192b8,21100,656658,1533,525,2870,https://www.youtube.com/watch?v=Kz03VXpLL0M,1533,525,2870,https://www.youtube.com/watch?v=Kz03VXpLL0M,0,0,0,,4275,0,0,0,
2a310e9273014b12a0517d13d25697e1,21000,515012,0,0,0,,0,0,0,,0,0,0,,0,0,0,0,
7cecb437e7a54e07a29c3a164565957d,20900,1314787,1710,541,6267,https://www.youtube.com/watch?v=m9-KI-PPn8w,492,233,527,https://www.youtube.com/watch?v=EsnfItovyEw,3481,1588,6267,https://www.youtube.com/watch?v=m9-KI-PPn8w,0,0,0,0,
38fcf8bc7f3f45d68bab44577c019c84,20900,907733,366,193,1842,https://www.youtube.com/watch?v=_7cjbxi3ffY,336,172,548,https://www.youtube.com/watch?v=_P0Q2-EuxDA,1043,494,1842,https://www.youtube.com/watch?v=_7cjbxi3ffY,0,0,0,0,
a39733d216994010b34bf5033be01589,20800,1423492,2160,1491,12502,https://www.youtube.com/watch?v=KketwLbswmc,2257,1494,12502,https://www.youtube.com/watch?v=KketwLbswmc,1077,307,1077,https://www.youtube.com/watch?v=mAAnnALanAI,1159,492,439,576,https://www.twitch.tv/videos/2856010287
7081557634db487fa467b0bd2f939f66,20800,845829,0,0,0,,0,0,0,,0,0,0,,0,0,0,0,
53c811a3e7814de2b76dd4e0c241a9e5,20700,662607,126,72,1219,https://www.youtube.com/watch?v=4QxqnTvJxM4,122,58,441,https://www.youtube.com/watch?v=Ln0z2M7gQtk,1219,216,1219,https://www.youtube.com/watch?v=4QxqnTvJxM4,665,0,0,0,
adc9d30b5940427e96ae92238f0f8b83,20700,624931,280,115,1462,https://www.youtube.com/watch?v=aQjPNBOsSrE,280,115,1462,https://www.youtube.com/watch?v=aQjPNBOsSrE,0,0,0,,901,0,0,0,
accbad7e89df4174a13b68edcae74068,20700,841683,1020,566,1735,https://www.youtube.com/watch?v=i7HA0HwXdZQ,962,375,1735,https://www.youtube.com/watch?v=i7HA0HwXdZQ,1020,582,1244,https://www.youtube.com/watch?v=ZqkCeEfSIrQ,869,339,203,483,https://www.twitch.tv/videos/2843754170
c540124532e14ceb8e9ffc654a0ec4c9,20600,31561847,185,116,19628,https://www.youtube.com/watch?v=9ajbXlfMvz8,147,60,218,https://www.youtube.com/watch?v=1hGDGj3Q_Ak,4577,2553,19628,https://www.youtube.com/watch?v=9ajbXlfMvz8,1740,42,28,82,https://www.twitch.tv/videos/2851240269
f7c8264349654390a5e39810dc012a38,20500,1477128,1884,1010,2070,https://www.youtube.com/watch?v=WeBrwYOJxr4,0,0,0,,1884,1010,2070,https://www.youtube.com/watch?v=WeBrwYOJxr4,0,0,0,0,
67d6807619064938a78832b4106de5c0,20500,929706,12234,1475,12234,https://www.youtube.com/watch?v=hmKIcHYMnn8,0,0,0,,12234,1475,12234,https://www.youtube.com/watch?v=hmKIcHYMnn8,3700,736,537,852,https://www.twitch.tv/videos/2846820024
c9ece3513c804b3db003cd8fca683857,20500,860446,2004,673,3306,https://www.youtube.com/watch?v=v9GLlDYNfVI,2004,673,3306,https://www.youtube.com/watch?v=v9GLlDYNfVI,0,0,0,,8674,0,0,0,
554ca19c3d924cacac1f680675b9fdd2,20500,180428,0,0,0,,0,0,0,,0,0,0,,0,0,0,0,
ef67b676c0334ef182151f473469c1f1,20500,1432414,718,519,2305,https://www.youtube.com/watch?v=JNhDz5_Oh34,632,274,1283,https://www.youtube.com/watch?v=cK2_zDfa5fM,1809,1360,2305,https://www.youtube.com/watch?v=JNhDz5_Oh34,0,0,0,0,
aaa45dc386714427ba862f691d4471ac,20400,1944608,2156,1132,15630,https://www.youtube.com/watch?v=UbOOLb5IoVg,1328,774,3386,https://www.youtube.com/watch?v=PT74BESEbxk,2762,1316,15630,https://www.youtube.com/watch?v=UbOOLb5IoVg,1525,313,258,313,https://www.twitch.tv/videos/2851531829
36a96262405a4d4683db73d8403bf8b7,20100,1359873,798,432,2250,https://www.youtube.com/watch?v=6X5StoWTr64,592,373,1261,https://www.youtube.com/watch?v=fJYmmi9SjKA,1672,598,2250,https://www.youtube.com/watch?v=6X5StoWTr64,637,236,143,399,https://www.twitch.tv/videos/2852170224
2842edf30d614ca9acc4e689974058b9,20000,2240564,2307,490,3717,https://www.youtube.com/watch?v=tp2CkswmVbs,2307,549,3717,https://www.youtube.com/watch?v=tp2CkswmVbs,1890,490,3406,https://www.youtube.com/watch?v=jus48xFF1EI,21,0,0,0,
7870ac4364ca4c97a4dfe7474251bf5b,19900,1076880,2283,1042,69900,https://www.youtube.com/watch?v=o8afFo1BUUA,2067,975,4702,https://www.youtube.com/watch?v=ZJdA4Ivv-aI,38965,30850,69900,https://www.youtube.com/watch?v=o8afFo1BUUA,0,0,0,0,
6c0758764e674c6db2f985710fcfbd7b,19800,1537604,1107,326,4833,https://www.youtube.com/watch?v=_OEZYjI8iq8,632,150,996,https://www.youtube.com/watch?v=jYE_e5pwmkw,2003,730,4833,https://www.youtube.com/watch?v=_OEZYjI8iq8,0,0,0,0,
49eca1ea30a8425a8967677070c95627,19700,1418984,524,301,2926,https://www.youtube.com/watch?v=PrbKVfsvJ5Q,437,223,905,https://www.youtube.com/watch?v=Sx4xAymNq00,1709,749,2926,https://www.youtube.com/watch?v=PrbKVfsvJ5Q,623,390,302,526,https://www.twitch.tv/videos/2853103570
88f782b3b6c6492c926f70e4a13390c9,19600,849253,449,149,2652,https://www.youtube.com/watch?v=jQ4X8c0lu1o,380,148,540,https://www.youtube.com/watch?v=itYxsuJyO8Q,1628,367,2652,https://www.youtube.com/watch?v=jQ4X8c0lu1o,871,529,402,1225,https://www.twitch.tv/videos/2852744007
de266b34e79c49b48fa566e9fb1a24af,19500,1420601,572,316,4839,https://www.youtube.com/watch?v=s3JWw3Co0RI,571,307,966,https://www.youtube.com/watch?v=Q5zpGJmKr1M,4839,4109,4839,https://www.youtube.com/watch?v=s3JWw3Co0RI,645,0,0,0,
05e831b267914fc5b4d9b28de1f648dc,19300,971809,708,336,1348,https://www.youtube.com/watch?v=HUiLMYCHiYQ,1126,643,1348,https://www.youtube.com/watch?v=HUiLMYCHiYQ,298,191,512,https://www.youtube.com/watch?v=_2rs35sCvOo,0,0,0,0,
7b58646f89cb4b7cbcdce819499c475f,19300,374741,0,0,0,,0,0,0,,0,0,0,,0,0,0,0,
2c05340bb152419ebe0bd3fb6a78da80,19200,1974872,465,307,2846,https://www.youtube.com/watch?v=-LltjVdmPNQ,406,188,1797,https://www.youtube.com/watch?v=67gXWgJwypw,1642,923,2846,https://www.youtube.com/watch?v=-LltjVdmPNQ,0,0,0,0,
cdb5c89f61c94949a989457cf549b7e4,19200,1783934,577,265,1255,https://www.youtube.com/watch?v=PXrUMy0t-2Y,577,277,1255,https://www.youtube.com/watch?v=PXrUMy0t-2Y,581,239,882,https://www.youtube.com/watch?v=PO3PoyFqUJg,0,0,0,0,
ed3f69b9de7c43f3a32b4e7dfdb5bfd0,19200,778672,377,193,6055,https://www.youtube.com/watch?v=w64aQcIWH8k,298,133,481,https://www.youtube.com/watch?v=avMv1xp1hq8,2351,1093,6055,https://www.youtube.com/watch?v=w64aQcIWH8k,0,0,0,0,
57903e09a68f4997b7c4bc356cd5e64d,19000,1551661,876,621,19208,https://www.youtube.com/watch?v=G_5bOFykGPs,709,269,4828,https://www.youtube.com/watch?v=2Cd5rn6kLtA,2912,1504,19208,https://www.youtube.com/watch?v=G_5bOFykGPs,565,0,0,0,
8eec9fd38e7440f09bf1bc864e4d6e38,18900,843649,684,360,44991,https://www.youtube.com/watch?v=xbzjE_249hw,528,246,977,https://www.youtube.com/watch?v=YRz5dsavWjk,6140,2509,44991,https://www.youtube.com/watch?v=xbzjE_249hw,4567,1302,682,2517,https://www.twitch.tv/videos/2849565276
56b4e7f364bc4b96b3a9d48596e28d8d,18800,986338,1429,657,13204,https://www.youtube.com/watch?v=ozi2NwzExL8,1429,554,13204,https://www.youtube.com/watch?v=ozi2NwzExL8,1349,770,5862,https://www.youtube.com/watch?v=x76AAPCq9S8,0,0,0,0,
76d68171666847cc913328359037139c,18800,864384,960,478,6554,https://www.youtube.com/watch?v=du3XQxjqQYQ,774,362,6554,https://www.youtube.com/watch?v=du3XQxjqQYQ,1937,1651,2202,https://www.youtube.com/watch?v=lsa9ooesA5U,1673,0,0,0,
ec30041838214022aeb622c0851e46db,18700,932545,1286,624,7995,https://www.youtube.com/watch?v=mi0AaYSoZWg,0,0,0,,1286,624,7995,https://www.youtube.com/watch?v=mi0AaYSoZWg,5397,617,356,1150,https://www.twitch.tv/videos/2840588323
05be4fb717614738a87daac46157ddb1,18500,1342075,501,223,1047,https://www.youtube.com/watch?v=1r_9OAo895E,501,223,1047,https://www.youtube.com/watch?v=1r_9OAo895E,0,0,0,,0,0,0,0,
9265e640081f4625bd36cd1235c75bc7,18400,40252,0,0,0,,0,0,0,,0,0,0,,2503,0,0,0,
ebc44e2ba78f4790b832d02c31410262,18300,752863,293,160,2088,https://www.youtube.com/watch?v=y8sDtftBnuM,222,106,672,https://www.youtube.com/watch?v=8n0w-uaSNnY,1175,300,2088,https://www.youtube.com/watch?v=y8sDtftBnuM,635,121,88,325,https://www.twitch.tv/videos/2845023401
0bfd032de03c48a4bd7d1f4505335a7d,18100,32036,0,0,0,,0,0,0,,0,0,0,,0,0,0,0,
bf58297d50a741e5b1808ec4c445f216,18100,4274089,1206,394,78433,https://www.youtube.com/watch?v=6ZoY3eQZfz8,328,97,1299,https://www.youtube.com/watch?v=PEJEgVBs3zA,4521,1768,78433,https://www.youtube.com/watch?v=6ZoY3eQZfz8,0,0,0,0,
090be1be8d29429183e190e22fc4be22,18000,1127222,926,505,1140,https://www.youtube.com/watch?v=oxodvjmlgB0,926,505,1140,https://www.youtube.com/watch?v=oxodvjmlgB0,0,0,0,,3975,413,311,417,https://www.twitch.tv/videos/2852388866
2a28e77671ae43d7bccec54e7e956dd9,17900,223762,0,0,0,,0,0,0,,0,0,0,,0,0,0,0,
e9ec2395070144b0af7231570e06a743,17800,78228,0,0,0,,0,0,0,,0,0,0,,0,0,0,0,
b174714646ea40e28ce32affabe3e93e,17700,1157469,593,371,3073,https://www.youtube.com/watch?v=LfMLAlqCJrQ,579,344,1807,https://www.youtube.com/watch?v=2bPN6tJNnpY,2777,1690,3073,https://www.youtube.com/watch?v=LfMLAlqCJrQ,702,0,0,0,
6c7a8b443aa942a89a83485c98d10559,17500,1572349,394,187,1391,https://www.youtube.com/watch?v=Ff7EuepElPo,363,70,530,https://www.youtube.com/watch?v=-e1kYG7X0sA,1030,819,1391,https://www.youtube.com/watch?v=Ff7EuepElPo,0,0,0,0,
71e1a399885b48e79c9a98e973e6b5e3,17500,6135164,2457,1038,24513,https://www.youtube.com/watch?v=6hVHd5uEU3c,0,0,0,,2457,1038,24513,https://www.youtube.com/watch?v=6hVHd5uEU3c,706,57,43,63,https://www.twitch.tv/videos/2848639827
71cee502a14d4ef1b9b0264fa2db8987,17500,0,0,0,0,,0,0,0,,0,0,0,,5431,0,0,0,
139f3f1818a2420aa35d5471adaf1a73,17200,382894,0,0,0,,0,0,0,,0,0,0,,0,0,0,0,
f6fe970a79964cca9dcec4741f0f679b,17200,1703867,5215,2705,5215,https://www.youtube.com/watch?v=94o0sNWvzY4,0,0,0,,5215,2705,5215,https://www.youtube.com/watch?v=94o0sNWvzY4,87644,66501,24357,192917,https://www.twitch.tv/videos/2844994074
2ada3b89962b479bb8dbd2a63bca5da1,17000,1286285,319,197,475,https://www.youtube.com/watch?v=HzxkYEcZsB8,319,197,475,https://www.youtube.com/watch?v=HzxkYEcZsB8,0,0,0,,0,0,0,0,
470d1cb40a5e460e8cdc1414c5fd1a34,17000,376623,630,461,1538,https://www.youtube.com/watch?v=ofmY4PaUioU,630,461,1125,https://www.youtube.com/watch?v=fSX1EfiTMW4,887,673,1538,https://www.youtube.com/watch?v=ofmY4PaUioU,1280,0,0,0,
c379e3f4f1eb41869ec465481b182e50,16700,892683,516,297,3108,https://www.youtube.com/watch?v=LNh-U6SoOy4,446,224,752,https://www.youtube.com/watch?v=D22JlJy4nkU,1818,595,3108,https://www.youtube.com/watch?v=LNh-U6SoOy4,0,0,0,0,
0ba1bc3725a9456aa0f66ec951ad47eb,16700,1084932,913,349,3333,https://www.youtube.com/watch?v=TIyBoKdWSY8,851,349,1931,https://www.youtube.com/watch?v=ovhdwNAoRkw,1922,355,3333,https://www.youtube.com/watch?v=TIyBoKdWSY8,6372,529,159,892,https://www.twitch.tv/videos/2846891222
fbb142bcb07a4808b0164c41ab1877ea,16700,1539286,192,137,417,https://www.youtube.com/watch?v=nne75_Rb6CU,192,137,417,https://www.youtube.com/watch?v=nne75_Rb6CU,0,0,0,,0,0,0,0,
8796ee6fb25b4b40a8ad9a188059951a,16600,611171,135,62,267,https://www.youtube.com/watch?v=tQx3IjKop80,135,62,267,https://www.youtube.com/watch?v=tQx3IjKop80,0,0,0,,0,0,0,0,
09600daf1956476190642d1be738e945,16600,1847806,1137,745,4723,https://www.youtube.com/watch?v=vjxnhHOJs0Q,949,548,1493,https://www.youtube.com/watch?v=g4ImcD2ILO4,3457,1902,4723,https://www.youtube.com/watch?v=vjxnhHOJs0Q,0,0,0,0,
3b1860c399f445469efdda27cf8d9156,16600,657191,0,0,0,,0,0,0,,0,0,0,,0,0,0,0,
c61d5dd825d5423fac8fd1bc0596d1ff,16500,438996,238,175,1706,https://www.youtube.com/watch?v=QONRORP8VPI,238,175,1706,https://www.youtube.com/watch?v=QONRORP8VPI,0,0,0,,0,0,0,0,
0b63fa89b80e4649b0297d156ed1c791,16400,1471295,907,340,1534,https://www.youtube.com/watch?v=PU7IVms32v0,725,383,1534,https://www.youtube.com/watch?v=PU7IVms32v0,1403,223,1477,https://www.youtube.com/watch?v=njaaghZ-_5c,0,0,0,0,
7587608de08740aeb1a8dbe40006b90d,16400,1431962,1082,1027,1669,https://www.youtube.com/watch?v=ZN_UPp-ekTM,496,467,496,https://www.youtube.com/watch?v=J7JGeqgvyHI,1669,1586,1669,https://www.youtube.com/watch?v=ZN_UPp-ekTM,2894,831,370,2068,https://www.twitch.tv/videos/2846819343
2885972c2d0943e6b697bdc5e72c1d4a,16200,325482,389,291,526,https://www.youtube.com/watch?v=gjGImIMPXdY,389,291,526,https://www.youtube.com/watch?v=gjGImIMPXdY,0,0,0,,0,0,0,0,
e802007cbda74a0bb3a41f4ebcae7f47,16200,573497,5994,2393,20033,https://www.youtube.com/watch?v=pDbdaOeP_to,6061,2424,20033,https://www.youtube.com/watch?v=pDbdaOeP_to,3593,2393,11934,https://www.youtube.com/watch?v=kES1zknnrqY,0,0,0,0,
78e76a50d39f46ecbbdd81ae2133706c,16100,35184,0,0,0,,0,0,0,,0,0,0,,153,0,0,0,
ec183b10574a449f91e43ab216976a60,16000,1372528,1240,708,65206,https://www.youtube.com/watch?v=QTvtfA9eJak,1049,569,1388,https://www.youtube.com/watch?v=4I_7hWZfgZw,3346,1999,65206,https://www.youtube.com/watch?v=QTvtfA9eJak,1314,0,0,0,
221563b6b46245379c6dc6328c9d0447,15900,1175770,0,0,0,,0,0,0,,0,0,0,,0,0,0,0,
d3a75c3d9f204420808f38ed629becf4,15800,0,0,0,0,,0,0,0,,0,0,0,,1444,0,0,0,
c4bc52355d334a98bdaa1e57c05673ad,15800,1204305,526,280,2309,https://www.youtube.com/watch?v=aDy75E6-RG8,526,280,2309,https://www.youtube.com/watch?v=aDy75E6-RG8,0,0,0,,0,0,0,0,
656455380d524045b9f75d6082563f94,15700,1515022,631,221,1945,https://www.youtube.com/watch?v=6VlyAPE42dk,235,104,429,https://www.youtube.com/watch?v=EXViisGI5y8,1040,564,1945,https://www.youtube.com/watch?v=6VlyAPE42dk,662,0,0,0,
5db725f32b5e4e1380ad64110b88c91d,15700,5023419,198,83,1851,https://www.youtube.com/watch?v=KZHinxjcq2w,142,107,210,https://www.youtube.com/watch?v=ItDBEN-Gvxw,820,83,1851,https://www.youtube.com/watch?v=KZHinxjcq2w,1050,0,0,0,
5f8930a469f94b5cad116810f68a2614,15500,496945,1181,477,2703,https://www.youtube.com/watch?v=i78H3sexCA0,1163,338,2319,https://www.youtube.com/watch?v=ihIRP0rtPnE,1817,909,2703,https://www.youtube.com/watch?v=i78H3sexCA0,0,0,0,0,
0471d5082a2e419786e141d6424c9150,15500,1703042,1646,598,13764,https://www.youtube.com/watch?v=GGeX3_uB9aI,787,287,1837,https://www.youtube.com/watch?v=SSmXVZ50oEo,2726,1533,13764,https://www.youtube.com/watch?v=GGeX3_uB9aI,8320,1223,449,1625,https://www.twitch.tv/videos/2841148666
77533b0fb2324e33bff67fbbf4daf13f,15400,3948855,583,285,1487,https://www.youtube.com/watch?v=O6Prl3qg3fA,1124,592,1487,https://www.youtube.com/watch?v=O6Prl3qg3fA,575,270,859,https://www.youtube.com/watch?v=6ZqgdZgXwoY,1467,8,5,10,https://www.twitch.tv/videos/2845996001
e93182ff3a954e0e92567136dc3659ed,15400,465125,159,71,301,https://www.youtube.com/watch?v=xakt95zfQF0,161,77,301,https://www.youtube.com/watch?v=xakt95zfQF0,159,71,159,https://www.youtube.com/watch?v=DS4G5D9qAFs,0,0,0,0,
fd7a69505569429fb845ac056825f3a9,15400,1649691,402,185,2361,https://www.youtube.com/watch?v=yOZDJ80kCrU,359,129,660,https://www.youtube.com/watch?v=XPPvnW1BlZs,1346,317,2361,https://www.youtube.com/watch?v=yOZDJ80kCrU,0,0,0,0,
15e4450f63904e50907dc93fee446fd2,15100,1261223,738,267,12415,https://www.youtube.com/watch?v=6qRr6oQj0WQ,529,186,779,https://www.youtube.com/watch?v=Rt-2KelVpYU,1994,630,12415,https://www.youtube.com/watch?v=6qRr6oQj0WQ,0,0,0,0,
0f595c5e48be4f29befb358388a61f8b,15100,1224055,0,0,0,,0,0,0,,0,0,0,,380,0,0,0,
5d8a211269e449868dc84cc422ae0ec7,15100,23490,0,0,0,,0,0,0,,0,0,0,,0,0,0,0,
031e5c207b634c6ab08dbc0a361ba52e,15100,525623,1089,391,6566,https://www.youtube.com/watch?v=-PeyYZvAnTQ,977,343,6566,https://www.youtube.com/watch?v=-PeyYZvAnTQ,3302,1186,3302,https://www.youtube.com/watch?v=YQB-X7GAKyg,0,0,0,0,
1d2404a7bd5a4baab9473392d62e7ca9,14800,498387,0,0,0,,0,0,0,,0,0,0,,8051,0,0,0,
68820304b6164959806479d6c9dad127,14800,1084045,945,516,3245,https://www.youtube.com/watch?v=Loir2GDZOik,760,398,1263,https://www.youtube.com/watch?v=vyBhmx3Ky-g,2505,1039,3245,https://www.youtube.com/watch?v=Loir2GDZOik,0,0,0,0,
88aa589d4a3648738e49243d2056d03b,14800,918815,0,0,0,,0,0,0,,0,0,0,,1818,0,0,0,
ac1ce1eeaffa4e58a8155c20d8f85ff3,14800,634742,360,157,1624,https://www.youtube.com/watch?v=YnqzVshDd4o,356,137,592,https://www.youtube.com/watch?v=EF62TG8a_zE,1542,518,1624,https://www.youtube.com/watch?v=YnqzVshDd4o,5477,1243,437,1484,https://www.twitch.tv/videos/2839739299
17933ba43ccf4e3c85961523b77bd901,14700,438026,790,598,2488,https://www.youtube.com/watch?v=85gvDG-yB-4,759,191,1577,https://www.youtube.com/watch?v=b9KGRneRHw4,1855,1241,2488,https://www.youtube.com/watch?v=85gvDG-yB-4,1379,693,550,1184,https://www.twitch.tv/videos/2855130005
03762df738044b09a1e216949158c8a4,14600,251661,0,0,0,,0,0,0,,0,0,0,,2474,315,186,315,https://www.twitch.tv/videos/2845068365
6a30fc9ee6f24d839198497406c63cc1,14600,2087525,1154,531,2518,https://www.youtube.com/watch?v=AUBnGXE2_5A,136,91,136,https://www.youtube.com/watch?v=tLktGbr3bmI,1508,730,2518,https://www.youtube.com/watch?v=AUBnGXE2_5A,513,0,0,0,
d5c19a6328af48ba88bf41b2dd757f14,14600,731965,1020,301,1781,https://www.youtube.com/watch?v=RK8uKpXTAQ0,296,203,300,https://www.youtube.com/watch?v=8QpN5-Ifatc,1760,763,1781,https://www.youtube.com/watch?v=RK8uKpXTAQ0,0,0,0,0,
d32bd28cd67b4e64a56b24f9a76dadcd,14500,806544,0,0,0,,0,0,0,,0,0,0,,293,0,0,0,
b5561ece0c9b4f4a8fccdd3b36ee3260,14500,912739,265,243,2552,https://www.youtube.com/watch?v=jDSxatV5Muc,237,188,484,https://www.youtube.com/watch?v=0O_NVHr7HKc,1269,534,2552,https://www.youtube.com/watch?v=jDSxatV5Muc,0,0,0,0,
7c5232b16a1d44498677ed33e72bd8c6,14400,588835,435,195,2709,https://www.youtube.com/watch?v=5eaLqohQ3y0,427,182,1160,https://www.youtube.com/watch?v=ImfNzJlypSg,2709,2195,2709,https://www.youtube.com/watch?v=5eaLqohQ3y0,0,0,0,0,
bf197e3d2cd6400db5f7e397427965e5,14300,419719,167,4,167,https://www.youtube.com/watch?v=ErJJn5eXQRE,167,4,167,https://www.youtube.com/watch?v=ErJJn5eXQRE,0,0,0,,272,0,0,0,
44af52f7f6aa487e850b3d261947205b,14300,2060555,243,134,6379,https://www.youtube.com/watch?v=aPs6MXiucsM,206,102,403,https://www.youtube.com/watch?v=3mr4-viX78I,2215,1026,6379,https://www.youtube.com/watch?v=aPs6MXiucsM,201,88,83,88,https://www.twitch.tv/videos/2855025644
a51be890a1f443ea87bee45c9d8acf13,14300,970402,1223,375,2009,https://www.youtube.com/watch?v=KQj674MTmRU,0,0,0,,1223,375,2009,https://www.youtube.com/watch?v=KQj674MTmRU,19846,4442,2284,7398,https://www.twitch.tv/videos/2850234172
2ee2acc29fac42c5b130558543cbdf00,14100,923541,398,185,1665,https://www.youtube.com/watch?v=4IofwI7lsyM,346,146,889,https://www.youtube.com/watch?v=leKSromjY0A,1665,926,1665,https://www.youtube.com/watch?v=4IofwI7lsyM,887,19,12,26,https://www.twitch.tv/videos/2844107588
3d46fb16bc2c48fb8f12a647cf5ec702,14000,1207259,612,247,2006,https://www.youtube.com/watch?v=QJO3ozowD44,561,238,2006,https://www.youtube.com/watch?v=QJO3ozowD44,1231,618,1962,https://www.youtube.com/watch?v=8bfal2_ivi4,0,0,0,0,
2d57d202ef8e46a5871302b944309bc2,14000,1276853,0,0,0,,0,0,0,,0,0,0,,0,0,0,0,
81699719ffc04e4e92bb3207ab8a7a83,14000,580269,0,0,0,,0,0,0,,0,0,0,,0,0,0,0,
ee77ed51da394f02b72c33756b155eac,13900,542100,1082,346,7865,https://www.youtube.com/watch?v=qsh7qoRU3nA,290,161,526,https://www.youtube.com/watch?v=2SSPVRZ7l3A,1323,546,7865,https://www.youtube.com/watch?v=qsh7qoRU3nA,787,50,28,64,https://www.twitch.tv/videos/2844126883
4d8babea181e44df9855f3aafc06eb2c,13900,947019,190,86,3448,https://www.youtube.com/watch?v=deqN0KfobRE,156,69,274,https://www.youtube.com/watch?v=k1clsSDdrM0,1545,348,3448,https://www.youtube.com/watch?v=deqN0KfobRE,0,0,0,0,
1a1942f52ea74121923497e7e0cfd6a5,13900,673631,0,0,0,,0,0,0,,0,0,0,,0,0,0,0,
0448e6929687421c9e0435832765b9fe,13900,352803,318,251,1540,https://www.youtube.com/watch?v=Lw8FIg4v-do,312,231,697,https://www.youtube.com/watch?v=G-jl9qGd25o,1540,1408,1540,https://www.youtube.com/watch?v=Lw8FIg4v-do,3035,557,404,1171,https://www.twitch.tv/videos/2855125820
633c7350aca946428e98228660ee73e2,13900,721287,578,314,7340,https://www.youtube.com/watch?v=pyAsVzSkFbA,538,261,1901,https://www.youtube.com/watch?v=RtrHQyB7LXE,1750,621,7340,https://www.youtube.com/watch?v=pyAsVzSkFbA,0,0,0,0,
788611c913b04d999011628637657bee,13800,1681114,1003,379,8169,https://www.youtube.com/watch?v=QNhaxNOG9BM,785,225,1772,https://www.youtube.com/watch?v=K3WLetXlAI0,2435,849,8169,https://www.youtube.com/watch?v=QNhaxNOG9BM,2592,628,512,1151,https://www.twitch.tv/videos/2854848584
8195d69546e3466c95f9d35ccb7c6c35,13800,1402254,608,354,4330,https://www.youtube.com/watch?v=c5iXdSH9J6g,586,337,4330,https://www.youtube.com/watch?v=c5iXdSH9J6g,1451,366,1908,https://www.youtube.com/watch?v=4GIhi3mK884,0,0,0,0,
abc7acc71b474ebebecfde51ad5f88e1,13700,548103,0,0,0,,0,0,0,,0,0,0,,1619,0,0,0,
ad2a1148ff4747229694f9aa2c3645d9,13700,1078126,1235,491,2193,https://www.youtube.com/watch?v=b1aF2w94Zas,203,82,209,https://www.youtube.com/watch?v=oueEEoYLA3U,1333,871,2193,https://www.youtube.com/watch?v=b1aF2w94Zas,0,0,0,0,
1a520f3d2665454f985490e42467ae27,13700,535385,426,196,1329,https://www.youtube.com/watch?v=AXOk-i4vzO8,370,196,1329,https://www.youtube.com/watch?v=AXOk-i4vzO8,1072,694,1072,https://www.youtube.com/watch?v=69DzwOJGe1M,0,0,0,0,
4571c7a211b945f3b608c0066f7e73e4,13700,3452821,527,179,2092,https://www.youtube.com/watch?v=tSlPk7Mfblw,515,176,2092,https://www.youtube.com/watch?v=tSlPk7Mfblw,1623,1606,1623,https://www.youtube.com/watch?v=0FZEAdAblzk,820,0,0,0,
a3f2963a57094502a10845075cdee88c,13700,6281146,10993,6834,77294,https://www.youtube.com/watch?v=wPW6IhkmIjE,5352,3632,10544,https://www.youtube.com/watch?v=hKaOgUklES8,40077,15854,77294,https://www.youtube.com/watch?v=wPW6IhkmIjE,863,0,0,0,
7ef2dc851df94f5aa7f632c736b4307e,13700,478587,260,181,283,https://www.youtube.com/watch?v=Rab-yaaXz6Q,260,181,283,https://www.youtube.com/watch?v=Rab-yaaXz6Q,0,0,0,,648,0,0,0,
20aa88e16d77400b9bc4e72df1b2a588,13600,480668,430,266,2282,https://www.youtube.com/watch?v=uHw0jCr7rhU,416,232,792,https://www.youtube.com/watch?v=OYjhmo8nFFw,874,270,2282,https://www.youtube.com/watch?v=uHw0jCr7rhU,0,0,0,0,
5d2231ea88fd474d8a11e5a759899216,13500,3622180,489,254,7967,https://www.youtube.com/watch?v=nfj_V0Pi56U,388,180,1182,https://www.youtube.com/watch?v=IA59tkk-POo,2247,1123,7967,https://www.youtube.com/watch?v=nfj_V0Pi56U,215,0,0,0,
cad7f93653b54779932a6809a5f3a769,13400,378229,356,149,3074,https://www.youtube.com/watch?v=G8CzwtmzMRo,356,149,3074,https://www.youtube.com/watch?v=G8CzwtmzMRo,0,0,0,,1320,0,0,0,
08184fac3ec1408a8009f2e7078794dd,13400,324347,0,0,0,,0,0,0,,0,0,0,,0,0,0,0,
1eec022f916a46b58f5124936afdabe3,13400,377608,240,107,711,https://www.youtube.com/watch?v=uOGNStJebWc,240,107,711,https://www.youtube.com/watch?v=uOGNStJebWc,0,0,0,,0,0,0,0,
00d3ddb7b65247eaa16473cfd1376723,13300,1124614,1174,429,2710,https://www.youtube.com/watch?v=5Ls80JWgcEo,884,371,1436,https://www.youtube.com/watch?v=xDrJ2bT_-o0,1716,957,2710,https://www.youtube.com/watch?v=5Ls80JWgcEo,1107,0,0,0,
70b86c53cafa43b49e2782fe4e4bbd6c,13200,1020674,362,181,2014,https://www.youtube.com/watch?v=91NsDtY4XB8,345,178,533,https://www.youtube.com/watch?v=ivWH09VK6j0,689,564,2014,https://www.youtube.com/watch?v=91NsDtY4XB8,0,0,0,0,
0ab147ded84b484eac14de7a46c9cf4e,13100,704824,206,105,416,https://www.youtube.com/watch?v=R0xz7iB7rZ8,206,105,416,https://www.youtube.com/watch?v=R0xz7iB7rZ8,0,0,0,,0,0,0,0,
a8d11ac027d842c598de50529e797547,13100,393476,3836,2724,16187,https://www.youtube.com/watch?v=o8IlfGB4oKo,3132,2724,6165,https://www.youtube.com/watch?v=3CC7wp7xmlA,13335,2769,16187,https://www.youtube.com/watch?v=o8IlfGB4oKo,20628,6072,2990,12881,https://www.twitch.tv/videos/2831876837
f73be498fddd4e718f18f8203af00f33,13100,493167,2029,432,4661,https://www.youtube.com/watch?v=CyeIYFvC0pI,2029,432,4661,https://www.youtube.com/watch?v=CyeIYFvC0pI,0,0,0,,525,0,0,0,
5ee3c46f62cf4b34accc313fb437581b,13100,177248,295,25,360,https://www.youtube.com/watch?v=fV-qxZImkXg,295,25,360,https://www.youtube.com/watch?v=fV-qxZImkXg,0,0,0,,0,0,0,0,
390346240f4748bd9d81e472411c20c2,13100,323741,226,47,240,https://www.youtube.com/watch?v=GL6OyzZnizs,226,47,240,https://www.youtube.com/watch?v=GL6OyzZnizs,0,0,0,,3631,0,0,0,
5fbcb045887b4a87878773dbf5f63e26,12900,414694,349,162,1440,https://www.youtube.com/watch?v=mcc-pkNxmLI,341,145,1289,https://www.youtube.com/watch?v=YQ-1vFrRuJA,851,831,1440,https://www.youtube.com/watch?v=mcc-pkNxmLI,1499,1270,872,1881,https://www.twitch.tv/videos/2845691363
2a3824dd5c0a46f597b27dd183283aea,12900,6496420,294,147,35214,https://www.youtube.com/watch?v=X_z4HMZbtag,260,118,1190,https://www.youtube.com/watch?v=G8aRy_e2edc,11179,3060,35214,https://www.youtube.com/watch?v=X_z4HMZbtag,0,0,0,0,
8fae79a84cd049fd8a2ea50528a75e2b,12900,738730,7203,3986,18550,https://www.youtube.com/watch?v=jgrWQMLuZeo,0,0,0,,7203,3986,18550,https://www.youtube.com/watch?v=jgrWQMLuZeo,8062,6472,2731,22344,https://www.twitch.tv/videos/2852281734
a168211aa3dd451cb33e09b80df0ea0a,12900,390927,107,62,445,https://www.youtube.com/watch?v=7o83ZOBqwQI,103,45,264,https://www.youtube.com/watch?v=2hnEqClNKm0,115,66,445,https://www.youtube.com/watch?v=7o83ZOBqwQI,554,0,0,0,
15cbed02d2f74630b04b73515909c1f4,12700,455574,135,99,207,https://www.youtube.com/watch?v=mKWR83AZe9Y,135,99,207,https://www.youtube.com/watch?v=mKWR83AZe9Y,0,0,0,,2452,0,0,0,
3005ff0c09064d7f924c506e1e9c18ba,12700,515932,1709,546,1709,https://www.youtube.com/watch?v=xfQPULkTGis,0,0,0,,1709,546,1709,https://www.youtube.com/watch?v=xfQPULkTGis,22893,2777,816,4679,https://www.twitch.tv/videos/2841451935
341ca5efce084743977d3b74315a30ab,12600,727662,803,391,2340,https://www.youtube.com/watch?v=_U9-tRX9MF0,786,426,901,https://www.youtube.com/watch?v=JdDkii5N4YE,2340,355,2340,https://www.youtube.com/watch?v=_U9-tRX9MF0,1624,504,313,554,https://www.twitch.tv/videos/2849564456
3a8f78d98fd344cb9d32358e5c96eace,12600,618554,865,771,2764,https://www.youtube.com/watch?v=LS0vfFNV26o,865,771,2764,https://www.youtube.com/watch?v=LS0vfFNV26o,0,0,0,,5266,0,0,0,
fbced2373c5a48f6abee998296f20617,12500,1437,0,0,0,,0,0,0,,0,0,0,,0,0,0,0,
976e0cf401784d3f874dc85b2b2c5839,12500,1248000,628,233,1109,https://www.youtube.com/watch?v=81_Fdq1c5ZY,628,233,1109,https://www.youtube.com/watch?v=81_Fdq1c5ZY,0,0,0,,3025,337,254,370,https://www.twitch.tv/videos/2844968036
914f6caed3ff4348824d966f76662bc2,12400,1094853,627,258,1344,https://www.youtube.com/watch?v=jOhFPcbg3jo,627,258,785,https://www.youtube.com/watch?v=Pf57RVtfSIo,887,531,1344,https://www.youtube.com/watch?v=jOhFPcbg3jo,0,0,0,0,
703ae2c7ccc9431382a5b0f2c35e6ec1,12400,839008,465,268,465,https://www.youtube.com/watch?v=Ck8ahj_bnxQ,465,268,465,https://www.youtube.com/watch?v=Ck8ahj_bnxQ,0,0,0,,0,0,0,0,
446d4bc526a4477eb6a72ae186e9d538,12300,406878,616,254,25340,https://www.youtube.com/watch?v=KmB3smTrANU,455,176,1463,https://www.youtube.com/watch?v=7lH6xAxZBEk,14007,4709,25340,https://www.youtube.com/watch?v=KmB3smTrANU,0,0,0,0,
93a4d479e67242d58d3ff80307d3bc84,12300,456508,232,163,2394,https://www.youtube.com/watch?v=HE8T4xCX8zQ,198,80,271,https://www.youtube.com/watch?v=kkvWwr1uYkU,1020,312,2394,https://www.youtube.com/watch?v=HE8T4xCX8zQ,207,73,49,74,https://www.twitch.tv/videos/2844144213
316dd044dc644c4cac9e140dcba5d210,12300,978004,494,287,3731,https://www.youtube.com/watch?v=WOuYM-hxwjI,193,160,783,https://www.youtube.com/watch?v=8EmbdPs-9r0,1582,872,3731,https://www.youtube.com/watch?v=WOuYM-hxwjI,2362,413,164,53940,https://www.twitch.tv/videos/2844109696
0c09a69445864b44adbba11b487f9b1a,12300,775422,2562,1066,2562,https://www.youtube.com/watch?v=MquVbIcMgds,0,0,0,,2562,1066,2562,https://www.youtube.com/watch?v=MquVbIcMgds,809,0,0,0,
c4470a1419984fb8aec0851f225b177a,12300,724549,201,39,1759,https://www.youtube.com/watch?v=fyhY-fEP6lU,180,38,446,https://www.youtube.com/watch?v=_b471nhHxSk,1759,39,1759,https://www.youtube.com/watch?v=fyhY-fEP6lU,0,0,0,0,
a1608f0690584f07bf7aaf84ed9e4d8f,12300,327448,553,288,4956,https://www.youtube.com/watch?v=GYnaATkxigo,336,206,603,https://www.youtube.com/watch?v=qu86S9f42PY,1398,836,4956,https://www.youtube.com/watch?v=GYnaATkxigo,0,0,0,0,
8faff7aecb9d4e12917ea0144696e2de,12200,540198,425,262,1112,https://www.youtube.com/watch?v=tiYSM85HhqY,425,262,1112,https://www.youtube.com/watch?v=tiYSM85HhqY,0,0,0,,993,224,124,224,https://www.twitch.tv/videos/2844087030
675071ddbd4844119d341bbfd6a0ee2a,12200,456267,229,114,315,https://www.youtube.com/watch?v=sg774HmFm7I,229,114,315,https://www.youtube.com/watch?v=sg774HmFm7I,0,0,0,,0,0,0,0,
22fd5004e4a34134b6855525e01cda73,12200,54013,0,0,0,,0,0,0,,0,0,0,,0,0,0,0,
7cbd1f537c3d4e67b38b9f9e31cb93d6,12100,293031,302,299,408,https://www.youtube.com/watch?v=ZCkJvHStwO4,302,299,408,https://www.youtube.com/watch?v=ZCkJvHStwO4,0,0,0,,3576,761,304,973,https://www.twitch.tv/videos/2841301699
b1939ca67a3c43cf8a6a0a9a88137419,12100,265970,399,318,579,https://www.youtube.com/watch?v=Ej1xqCiY3AA,399,318,579,https://www.youtube.com/watch?v=Ej1xqCiY3AA,0,0,0,,0,0,0,0,
a2e67b720e754c16bd739bcf9a95e396,12100,971004,372,198,3407,https://www.youtube.com/watch?v=XDSi_R25Izs,260,139,1154,https://www.youtube.com/watch?v=ynuwqvG12-U,2476,1336,3407,https://www.youtube.com/watch?v=XDSi_R25Izs,0,0,0,0,
126103200de947a7a3c2ac3971eef633,12100,248616,0,0,0,,0,0,0,,0,0,0,,0,0,0,0,
9012b1827e8141bd9d56d1a04b2f7ad1,12100,863995,651,300,11648,https://www.youtube.com/watch?v=0AM5QvWQ-kU,534,298,798,https://www.youtube.com/watch?v=C3NxhW1vGkU,1632,798,11648,https://www.youtube.com/watch?v=0AM5QvWQ-kU,0,0,0,0,
78c188fcd01a4ba382fb153ec86a7367,12100,1240234,505,299,1674,https://www.youtube.com/watch?v=1TQe04BLlZA,475,276,887,https://www.youtube.com/watch?v=TqKixSehglc,1279,365,1674,https://www.youtube.com/watch?v=1TQe04BLlZA,0,0,0,0,
d2c76258b7ff45ee88e3585c4c9ed0c1,12000,391561,0,0,0,,0,0,0,,0,0,0,,3776,0,0,0,
b57162e62056494d85f1743abdbad648,12000,652143,0,0,0,,0,0,0,,0,0,0,,307,0,0,0,
ab5709b7d3074c6db2a57995d5b1c328,11900,1212928,502,320,2398,https://www.youtube.com/watch?v=pJLaE45uNM0,498,313,940,https://www.youtube.com/watch?v=rZifwSjlpeM,2297,2014,2398,https://www.youtube.com/watch?v=pJLaE45uNM0,0,0,0,0,
774342c826924ecfb8b13a2bc27e3b81,11900,2664688,126,106,143,https://www.youtube.com/watch?v=F8PPV82rG3s,136,121,143,https://www.youtube.com/watch?v=F8PPV82rG3s,116,91,116,https://www.youtube.com/watch?v=not9jOTI3mk,0,0,0,0,
82e63a8d4ae14beab89e13b43b35fce3,11900,341063,229,161,537,https://www.youtube.com/watch?v=tqs0I79BMDw,229,161,537,https://www.youtube.com/watch?v=tqs0I79BMDw,0,0,0,,0,0,0,0,
6e51f06f6a02439d82b213b623cda4e8,11900,481908,0,0,0,,0,0,0,,0,0,0,,0,0,0,0,
a5f7302f9f1a4fcdb2471c4bc52a05fb,11900,936119,891,407,2115,https://www.youtube.com/watch?v=9HvpDr9NSak,860,375,2036,https://www.youtube.com/watch?v=e3lng4grqEo,1531,566,2115,https://www.youtube.com/watch?v=9HvpDr9NSak,0,0,0,0,
0628f4d0fcbd4f0a980b64b3b1deeb74,11900,442177,1075,650,55451,https://www.youtube.com/watch?v=ZmYgYcEOuZQ,689,561,1729,https://www.youtube.com/watch?v=4ugCXSvKSF8,20090,2075,55451,https://www.youtube.com/watch?v=ZmYgYcEOuZQ,0,0,0,0,
60ae2b3fd2254689bb65c216a0a09605,11900,0,0,0,0,,0,0,0,,0,0,0,,0,0,0,0,
696e947cd8624e609553d6786d21f11c,11900,452700,436,325,16836,https://www.youtube.com/watch?v=70zSuUOBVzk,333,122,436,https://www.youtube.com/watch?v=u6cTZHyfkn4,1711,993,16836,https://www.youtube.com/watch?v=70zSuUOBVzk,0,0,0,0,
6559d42f66684b8f80b4cd4589addd85,11900,797399,216,88,473,https://www.youtube.com/watch?v=3nqe4qSIqsE,223,82,473,https://www.youtube.com/watch?v=3nqe4qSIqsE,203,103,301,https://www.youtube.com/watch?v=w08hHcBGHyA,3671,273,153,307,https://www.twitch.tv/videos/2845036331
36497373f4734ce49ea8cb6a703f050b,11800,4190,0,0,0,,0,0,0,,0,0,0,,1325,0,0,0,
5fc94cdcf7594a3ba5ce001ba405d3be,11700,789124,509,216,1035,https://www.youtube.com/watch?v=mGpz3Q5J-5A,509,216,1035,https://www.youtube.com/watch?v=mGpz3Q5J-5A,0,0,0,,1927,0,0,0,
72cc5bf1729245618e1f10da0b796d53,11700,501996,264,89,394,https://www.youtube.com/watch?v=eFc0XqiL6vg,264,89,394,https://www.youtube.com/watch?v=eFc0XqiL6vg,0,0,0,,1478,0,0,0,
4558095012964943921cd8a376a192fd,11700,148806,1736,1573,2052,https://www.youtube.com/watch?v=rZa_sfQucfg,0,0,0,,1736,1573,2052,https://www.youtube.com/watch?v=rZa_sfQucfg,6445,1169,551,1385,https://www.twitch.tv/videos/2834457558
512e1f38a37942cc8b7cb8aed597a810,11600,728780,239,103,918,https://www.youtube.com/watch?v=Ai8VPqUqCac,239,103,433,https://www.youtube.com/watch?v=d8iLs7eTVfI,542,327,918,https://www.youtube.com/watch?v=Ai8VPqUqCac,0,0,0,0,
5f0afd7885894861925e7030c096297e,11600,598572,241,130,697,https://www.youtube.com/watch?v=Mn7wwv34aHQ,241,130,697,https://www.youtube.com/watch?v=Mn7wwv34aHQ,0,0,0,,0,0,0,0,
92335c98e0b244eda7a8660694d90f70,11600,0,0,0,0,,0,0,0,,0,0,0,,0,0,0,0,
2717397c3d824350ace8ed9b6ba2f08f,11400,1179295,4046,1827,104685,https://www.youtube.com/watch?v=ys3d4omOKdg,3107,2026,13210,https://www.youtube.com/watch?v=Z-wuL81bCUI,5152,1600,104685,https://www.youtube.com/watch?v=ys3d4omOKdg,0,0,0,0,
1d14efa0dfb34515831c46b7dfddf819,11400,783404,0,0,0,,0,0,0,,0,0,0,,0,0,0,0,
8e96dc48c7714f258034d97d8b9a7f51,11300,0,0,0,0,,0,0,0,,0,0,0,,0,0,0,0,
fa3bc2669fe041dfaa0765278ffd6330,11300,413251,0,0,0,,0,0,0,,0,0,0,,0,0,0,0,
51cd04cab0de47d4b2b5a156bbe2dfb0,11300,458434,218,107,314,https://www.youtube.com/watch?v=xj5CPtPZIOE,218,107,314,https://www.youtube.com/watch?v=xj5CPtPZIOE,0,0,0,,0,0,0,0,
4bfaeda5b1f242959a992d6ad8b8a036,11200,346373,167,76,504,https://www.youtube.com/watch?v=kjzcl0pEnnk,166,51,178,https://www.youtube.com/watch?v=ZQW9U5Lc1og,504,346,504,https://www.youtube.com/watch?v=kjzcl0pEnnk,467,0,0,0,
43864254e678407fae3dc899f7155912,11200,516344,276,94,1097,https://www.youtube.com/watch?v=_3q2gymo5XY,254,96,429,https://www.youtube.com/watch?v=AbGavviEoWs,1097,92,1097,https://www.youtube.com/watch?v=_3q2gymo5XY,0,0,0,0,
d9e5219a4cd84ac59bc35faa94729f01,11200,727161,128,61,2832,https://www.youtube.com/watch?v=SrSQgxWVqAg,121,51,204,https://www.youtube.com/watch?v=7DPwEOpZLw4,1548,485,2832,https://www.youtube.com/watch?v=SrSQgxWVqAg,9114,280,222,555,https://www.twitch.tv/videos/2853183041
e11a32eec71e4b49aba5525ba012a02a,11200,492347,283,159,396,https://www.youtube.com/watch?v=9DS7lEeWgeI,283,159,396,https://www.youtube.com/watch?v=9DS7lEeWgeI,0,0,0,,248,0,0,0,
824bd7df6923453292dec9ff3e3f664a,11100,574601,627,176,3767,https://www.youtube.com/watch?v=Hk_bRU_FSP8,148,38,236,https://www.youtube.com/watch?v=-imQlquVDqQ,1132,618,3767,https://www.youtube.com/watch?v=Hk_bRU_FSP8,657,0,0,0,
209a528363cd411886ec9e5d086ff1bc,11100,1368823,630,370,1109,https://www.youtube.com/watch?v=CqHeczZw7dc,652,371,1109,https://www.youtube.com/watch?v=CqHeczZw7dc,305,300,305,https://www.youtube.com/watch?v=hbDAx9NCldo,766,0,0,0,
175cfc69dbb34f1a8987f24a935db17f,11100,599929,380,188,9997,https://www.youtube.com/watch?v=ChkCpl21trs,376,182,436,https://www.youtube.com/watch?v=5nV6qtKGaEI,5410,2818,9997,https://www.youtube.com/watch?v=ChkCpl21trs,0,0,0,0,
9d153fd60b584d31b600bca66a86e452,11100,220287,0,0,0,,0,0,0,,0,0,0,,0,0,0,0,
e949052e4ee24ecd8b352a68f6bf51e1,11100,417992,833,300,4967,https://www.youtube.com/watch?v=mIS74-E7XDg,822,228,925,https://www.youtube.com/watch?v=vY6JZocrmqY,4603,2487,4967,https://www.youtube.com/watch?v=mIS74-E7XDg,2125,476,329,530,https://www.twitch.tv/videos/2843201615
1525e7221c00410886c8df3cdaab176e,11000,0,0,0,0,,0,0,0,,0,0,0,,0,0,0,0,
f2dc08b1c55843d9a3d1e0461ebf57c1,11000,548586,233,145,43361,https://www.youtube.com/watch?v=Mc4bZQUxpmg,522,225,522,https://www.youtube.com/watch?v=lW6QY4IJR2k,205,139,43361,https://www.youtube.com/watch?v=Mc4bZQUxpmg,0,0,0,0,
319383cd0cd4438990dbb916862cdbfc,11000,762790,512,224,87692,https://www.youtube.com/watch?v=yq3IMzfipg0,389,178,665,https://www.youtube.com/watch?v=RU1xxJQu_WA,2903,2485,87692,https://www.youtube.com/watch?v=yq3IMzfipg0,0,0,0,0,
84944da407dc4de9896c7b763132908c,11000,697901,174,98,1632,https://www.youtube.com/watch?v=kTJ8Ej1h3uM,168,70,265,https://www.youtube.com/watch?v=0g7PGzeR460,1410,625,1632,https://www.youtube.com/watch?v=kTJ8Ej1h3uM,0,0,0,0,
836f66b079c4466db64a8b3bc9295450,11000,370626,1328,640,1510,https://www.youtube.com/watch?v=o3hUllM8jkQ,0,0,0,,1328,640,1510,https://www.youtube.com/watch?v=o3hUllM8jkQ,0,0,0,0,
b4bf821f6a6a440996f4fd9cddaf250b,11000,560901,314,129,1399,https://www.youtube.com/watch?v=Tu-8X_5nx5A,239,129,288,https://www.youtube.com/watch?v=r6dd_1JyuG0,469,161,1399,https://www.youtube.com/watch?v=Tu-8X_5nx5A,144,0,0,0,
99e291fd358849b8877df76fba0a672e,11000,700144,0,0,0,,0,0,0,,0,0,0,,0,0,0,0,
b165ca888a7d4f61b754ac53ca374f11,10900,712299,0,0,0,,0,0,0,,0,0,0,,0,0,0,0,
ed28c754bb704dbf8a296f7008c2b5e4,10900,114780,0,0,0,,0,0,0,,0,0,0,,993,0,0,0,
350516d81d0944fd8dde463cbd4fd279,10900,1165266,1072,488,5627,https://www.youtube.com/watch?v=jGMyoxRWDY4,261,119,282,https://www.youtube.com/watch?v=9A1tLOPwLhg,3744,1221,5627,https://www.youtube.com/watch?v=jGMyoxRWDY4,0,0,0,0,
a31f3ab4cad841018b196b4de8186823,10900,838441,419,281,1517,https://www.youtube.com/watch?v=bQme2Sv5imo,332,189,564,https://www.youtube.com/watch?v=yUiBOszQa6Q,1309,537,1517,https://www.youtube.com/watch?v=bQme2Sv5imo,0,0,0,0,
4b53aa789e544bd9aaecc9fbc79e4bbe,10900,883246,322,100,497,https://www.youtube.com/watch?v=92gfmyN5vQE,322,100,497,https://www.youtube.com/watch?v=92gfmyN5vQE,0,0,0,,0,0,0,0,
63a55bc5320e4f148ed0abd7991b0e01,10900,1020914,281,161,4455,https://www.youtube.com/watch?v=B8kZNDlRERc,208,82,424,https://www.youtube.com/watch?v=yzwURrWtETo,2092,951,4455,https://www.youtube.com/watch?v=B8kZNDlRERc,8348,1157,539,3676,https://www.twitch.tv/videos/2835747392
c163cb7f683c453fa8a994ebbb09ede8,10800,474707,1377,251,2043,https://www.youtube.com/watch?v=-lKiE0bESus,146,62,192,https://www.youtube.com/watch?v=0c04UsfIBAc,1490,574,2043,https://www.youtube.com/watch?v=-lKiE0bESus,3319,269,207,369,https://www.twitch.tv/videos/2854959320
6885bffce2184355bed557901e079522,10800,413374,1040,569,4166,https://www.youtube.com/watch?v=Y1CpL6tuNqw,979,716,4166,https://www.youtube.com/watch?v=Y1CpL6tuNqw,1101,423,2768,https://www.youtube.com/watch?v=lpFJbB5hmL0,527,0,0,0,
e04cb802f3c949bc8300c4125078f738,10800,301010,462,379,2514,https://www.youtube.com/watch?v=MA9IG5mpbls,415,166,462,https://www.youtube.com/watch?v=GVyvHDKhVQc,1501,690,2514,https://www.youtube.com/watch?v=MA9IG5mpbls,0,0,0,0,
645fc774332a469ebd03f1a822ebe2be,10800,954529,540,262,1052,https://www.youtube.com/watch?v=sMIEpe4H7N4,527,246,741,https://www.youtube.com/watch?v=mCtfLdO25Ww,1052,303,1052,https://www.youtube.com/watch?v=sMIEpe4H7N4,0,0,0,0,
89742766181f469b807f397325a2a6bf,10800,239846,132,77,194,https://www.youtube.com/watch?v=vWawn7bEv8c,132,77,194,https://www.youtube.com/watch?v=vWawn7bEv8c,0,0,0,,371,0,0,0,
75d0bd5fa58a4a5fb479e3b2ebae82a7,10800,448988,179,73,260,https://www.youtube.com/watch?v=pKZ6kIdO3cQ,179,73,260,https://www.youtube.com/watch?v=pKZ6kIdO3cQ,0,0,0,,0,0,0,0,
c518b228a5a849179ab26f28d230036e,10800,134593,0,0,0,,0,0,0,,0,0,0,,0,0,0,0,
3e269031fb4b45aaa0906ca424190ce2,10700,583879,1595,406,2834,https://www.youtube.com/watch?v=sbtghSoM1RY,0,0,0,,1595,406,2834,https://www.youtube.com/watch?v=sbtghSoM1RY,11403,1555,713,2415,https://www.twitch.tv/videos/2838757761
e0c7d57886cc4835a4ff3617bd5e922c,10700,50366,0,0,0,,0,0,0,,0,0,0,,1517,0,0,0,
8c3af9f56a3f4f1d84fcfcfa9f280c8d,10700,19601,0,0,0,,0,0,0,,0,0,0,,0,0,0,0,
702c28baa35c4b7588ad4fa70ddc2304,10700,590432,774,540,70150,https://www.youtube.com/watch?v=9RUcd76o0Jw,590,266,1157,https://www.youtube.com/watch?v=SOOtHSsyCfo,13701,5629,70150,https://www.youtube.com/watch?v=9RUcd76o0Jw,0,0,0,0,
7a88afc5eb644d76b35ed4ca968259bb,10700,774396,13782,4217,15515,https://www.youtube.com/watch?v=l9z6QiCZvcI,0,0,0,,13782,4217,15515,https://www.youtube.com/watch?v=l9z6QiCZvcI,21101,4638,1609,6895,https://www.twitch.tv/videos/2841575344
2ff93e20894245d49004276e3b51e64f,10700,616319,750,500,19935,https://www.youtube.com/watch?v=-Pyi3FjrZgk,526,374,2621,https://www.youtube.com/watch?v=IzhUFIvd5-o,1830,739,19935,https://www.youtube.com/watch?v=-Pyi3FjrZgk,0,0,0,0,
95e5788cabf340e397e2726def426229,10600,549602,344,173,2230,https://www.youtube.com/watch?v=et6OZ85NRSY,332,154,439,https://www.youtube.com/watch?v=2delQ-FbrWs,1760,829,2230,https://www.youtube.com/watch?v=et6OZ85NRSY,0,0,0,0,
27c0252056e84aa28da6dcebb8e86e85,10600,749213,64,34,288,https://www.youtube.com/watch?v=qQwnnx6Hq1w,64,34,288,https://www.youtube.com/watch?v=qQwnnx6Hq1w,0,0,0,,7846,0,0,0,
36890ed250164897a7ab1066b83ad547,10500,12475,0,0,0,,0,0,0,,0,0,0,,376,0,0,0,
0715c3b900ad423fa1b981cf4fc15c8f,10500,420577,132,61,264,https://www.youtube.com/watch?v=nn-VBPlhyCY,132,61,264,https://www.youtube.com/watch?v=nn-VBPlhyCY,0,0,0,,0,0,0,0,
8dd4a8b4598e483e9112b2b1a9466013,10500,2849833,103,48,389,https://www.youtube.com/watch?v=duUqOOR5q4U,99,48,336,https://www.youtube.com/watch?v=Kg1IpHl7t5c,338,110,389,https://www.youtube.com/watch?v=duUqOOR5q4U,271,0,0,0,
93785f5e8b614be98bf8e096f5b1f997,10400,430008,52,17,1459,https://www.youtube.com/watch?v=_GVPmH0LKiY,88,40,411,https://www.youtube.com/watch?v=GN4vsH94p98,44,16,1459,https://www.youtube.com/watch?v=_GVPmH0LKiY,0,0,0,0,
7b2c8df9fd9d4f33bd5ec0c38f12826f,10400,0,0,0,0,,0,0,0,,0,0,0,,5439,0,0,0,
6eec62ae2c9849de8ca895cef44ec952,10400,581763,272,147,1339,https://www.youtube.com/watch?v=vpXFN0Vrjkg,218,130,359,https://www.youtube.com/watch?v=IAT7xyeaOBs,1336,871,1339,https://www.youtube.com/watch?v=vpXFN0Vrjkg,1117,0,0,0,
191998e9f0ec4d67a19da194af311636,10300,175423,122,53,1215,https://www.youtube.com/watch?v=FJFmJi1XZME,116,49,375,https://www.youtube.com/watch?v=Qg60i5PcPJI,1215,812,1215,https://www.youtube.com/watch?v=FJFmJi1XZME,0,0,0,0,
b7f222493f4d4bd1be65f1c08300b45e,10300,466921,161,102,1699,https://www.youtube.com/watch?v=hqLiqb7vcec,142,66,321,https://www.youtube.com/watch?v=ZIjdENkkTr8,1659,768,1699,https://www.youtube.com/watch?v=hqLiqb7vcec,0,0,0,0,
335ebb05456849c2964629dc7157860e,10300,319733,286,135,2872,https://www.youtube.com/watch?v=Rfv6Rw1UMjc,277,95,625,https://www.youtube.com/watch?v=AnJCwJ9Ckdw,1310,795,2872,https://www.youtube.com/watch?v=Rfv6Rw1UMjc,422,115,94,115,https://www.twitch.tv/videos/2851376008
80dda735a7784d7fb999892874a05f0c,10300,565067,836,584,1725,https://www.youtube.com/watch?v=tDxVs6B0MaU,419,152,530,https://www.youtube.com/watch?v=utGr5RRLwPQ,1434,1270,1725,https://www.youtube.com/watch?v=tDxVs6B0MaU,4273,0,0,0,
c8c87552da404928bcb9fcbafd896591,10200,48149,0,0,0,,0,0,0,,0,0,0,,330,0,0,0,
e0cd8e719dc64b5f9c171736bbaff6f7,10200,1376122,2519,1567,4602,https://www.youtube.com/watch?v=ad-xniyfuog,1535,923,4602,https://www.youtube.com/watch?v=ad-xniyfuog,3504,2212,4408,https://www.youtube.com/watch?v=v2ry8JDf4YM,0,0,0,0,
1d5ee3e2653b4ae5b1050533f8d1ae31,10100,4891,0,0,0,,0,0,0,,0,0,0,,0,0,0,0,
9b33b75521bd43bca3346790ac65559c,10100,3559031,1378,363,23500,https://www.youtube.com/watch?v=tZ7K26gVabI,167,105,1385,https://www.youtube.com/watch?v=W0e-IblveBc,1590,668,23500,https://www.youtube.com/watch?v=tZ7K26gVabI,8997,432,292,1063,https://www.twitch.tv/videos/2839499822
123c79d3170e451eae2f0cc3543621f3,10100,341227,444,217,2269,https://www.youtube.com/watch?v=Kx45s2ecxq0,380,156,510,https://www.youtube.com/watch?v=8wZgabLfRNY,2195,1167,2269,https://www.youtube.com/watch?v=Kx45s2ecxq0,0,0,0,0,
fefbcad20d8344c79c74a103d0ea45b2,10100,320431,547,27,547,https://www.youtube.com/watch?v=7_Yk1U5jCkQ,0,0,0,,547,27,547,https://www.youtube.com/watch?v=7_Yk1U5jCkQ,0,0,0,0,
310862830fb648b78cca7e581e2622a7,10100,581463,1913,831,2184,https://www.youtube.com/watch?v=nPLvZzzssh8,0,0,0,,1913,831,2184,https://www.youtube.com/watch?v=nPLvZzzssh8,21456,3786,2691,27676,https://www.twitch.tv/videos/2836068426
340d9b553db042bdb8294ba2f9fd6990,10000,17316,0,0,0,,0,0,0,,0,0,0,,0,0,0,0,
a052e4ff345b41919ab0f13a5b10ff02,10000,512953,360,165,431,https://www.youtube.com/watch?v=WzhQlt-F5Vk,370,103,431,https://www.youtube.com/watch?v=WzhQlt-F5Vk,243,213,285,https://www.youtube.com/watch?v=XHnNNaWS3c8,2085,0,0,0,
cd542f88cc8b47d087301d567b7cebca,10000,385003,264,90,1533,https://www.youtube.com/watch?v=nSL3G3yxDIw,264,107,686,https://www.youtube.com/watch?v=saRQa9DyttQ,782,13,1533,https://www.youtube.com/watch?v=nSL3G3yxDIw,1956,400,246,565,https://www.twitch.tv/videos/2853158113
8ee549546bb14154b5e1fcaf3dd51f09,10000,0,0,0,0,,0,0,0,,0,0,0,,913,0,0,0,
80d6517a96e74265a4d24f86b9c295c5,10000,569412,415,190,1797,https://www.youtube.com/watch?v=hs_R1Ut7kL4,308,116,1016,https://www.youtube.com/watch?v=v5LlwcsFGvU,1317,326,1797,https://www.youtube.com/watch?v=hs_R1Ut7kL4,0,0,0,0,
f42c6f5877f14a38aef3f3b515769149,10000,2019167,271,157,22389,https://www.youtube.com/watch?v=w7M0bxrPaFY,248,132,666,https://www.youtube.com/watch?v=96qGt9n60hQ,1330,405,22389,https://www.youtube.com/watch?v=w7M0bxrPaFY,0,0,0,0,
59c0d89447d54786966ba8ecd5649d63,10000,238203,1166,762,1227,https://www.youtube.com/watch?v=jCS15srYn_E,1105,526,1105,https://www.youtube.com/watch?v=OE47Ue1ftdM,1227,999,1227,https://www.youtube.com/watch?v=jCS15srYn_E,1750,0,0,0,
a11814b8fb494b0c88170f182aa37cf9,9960,86435,0,0,0,,0,0,0,,0,0,0,,0,0,0,0,
96f44559b15e4bad9de2eb8a0a2a92da,9830,933723,1651,452,9505,https://www.youtube.com/watch?v=rm610xKmaZc,585,311,2047,https://www.youtube.com/watch?v=-cqvccoiDGs,2158,1147,9505,https://www.youtube.com/watch?v=rm610xKmaZc,0,0,0,0,
1434ae451f81469da327f32c387b9df0,9770,278923,0,0,0,,0,0,0,,0,0,0,,0,0,0,0,
7c0acdc8fe2449deb487cbb827b51723,9760,561824,619,363,1958,https://www.youtube.com/watch?v=vNX3YI-Y_4I,444,345,619,https://www.youtube.com/watch?v=19gnj2cYsYE,1062,391,1958,https://www.youtube.com/watch?v=vNX3YI-Y_4I,220,0,0,0,
65ada733fbe64a3a86aae7737e32fad0,9710,488669,251,155,2516,https://www.youtube.com/watch?v=WEcDOOjlrO8,198,144,492,https://www.youtube.com/watch?v=xJ-R53XXA-U,805,212,2516,https://www.youtube.com/watch?v=WEcDOOjlrO8,0,0,0,0,
3cf4da41775b4e608f4dde5859cdda74,9690,1815808,589,118,1509,https://www.youtube.com/watch?v=qxy5IEXgbPA,36,14,44,https://www.youtube.com/watch?v=9lv7_sObt54,1164,375,1509,https://www.youtube.com/watch?v=qxy5IEXgbPA,0,0,0,0,
f53807443055490f87b85ded6caee0aa,9610,542976,241,169,1363,https://www.youtube.com/watch?v=u8oG72TS9YU,211,89,408,https://www.youtube.com/watch?v=P6BfPMtoiMA,943,438,1363,https://www.youtube.com/watch?v=u8oG72TS9YU,447,0,0,0,
ab19e58312b74ebd9b68e27aeb0adde5,9590,605799,374,187,3586,https://www.youtube.com/watch?v=FG8ocrDx_AI,364,154,810,https://www.youtube.com/watch?v=ttaiNUPp6Uo,1641,744,3586,https://www.youtube.com/watch?v=FG8ocrDx_AI,0,0,0,0,
a9faef4b712b4649ba60c7e8e262175a,9580,73246,4158,2298,8222,https://www.youtube.com/watch?v=g3xpZPVFzTY,0,0,0,,4158,2298,8222,https://www.youtube.com/watch?v=g3xpZPVFzTY,0,0,0,0,
13c69e2cf2ff4dc1907bbae9a87a8c0f,9520,493012,0,0,0,,0,0,0,,0,0,0,,5673,1132,521,5267,https://www.twitch.tv/videos/2832549478
83cb016f535f4275bba29ad276b2084f,9470,638626,250,141,5142,https://www.youtube.com/watch?v=tRmsHM8ceHs,232,113,343,https://www.youtube.com/watch?v=bQU3fSAQu78,1566,741,5142,https://www.youtube.com/watch?v=tRmsHM8ceHs,0,0,0,0,
f7472d5310ce42819d17459c4f3fd7c1,9450,535580,499,180,35086,https://www.youtube.com/watch?v=XVWckSFDHso,364,143,1188,https://www.youtube.com/watch?v=d8MVUy0ZgNE,1333,413,35086,https://www.youtube.com/watch?v=XVWckSFDHso,484,81,61,131,https://www.twitch.tv/videos/2844955685
e3e93491f32d459ba2b79033cf75c619,9420,381629,426,195,1387,https://www.youtube.com/watch?v=ttJKEfD8wZM,423,182,1387,https://www.youtube.com/watch?v=ttJKEfD8wZM,1195,1137,1195,https://www.youtube.com/watch?v=Gi9s38t5wwY,1260,270,207,317,https://www.twitch.tv/videos/2845011730
13992a4fb59649ada3a2adf027b5b35a,9420,93165,109,48,126,https://www.youtube.com/watch?v=9GD_I8-a3C8,109,48,126,https://www.youtube.com/watch?v=9GD_I8-a3C8,0,0,0,,3772,30,21,52,https://www.twitch.tv/videos/2850485973
42844ee6e0cc47938829b43a3101b9bb,9400,135338,0,0,0,,0,0,0,,0,0,0,,5067,1468,300,1948,https://www.twitch.tv/videos/2833495510
f2ad5f187c9141ab8830b8eaf81c3aee,9380,928952,425,205,2036,https://www.youtube.com/watch?v=F6HU-j8no4M,406,139,653,https://www.youtube.com/watch?v=ISamegiBW1Q,716,315,2036,https://www.youtube.com/watch?v=F6HU-j8no4M,0,0,0,0,
247215e876d24dae9932464b75fc577c,9370,824285,193,111,3103,https://www.youtube.com/watch?v=TLbMdGhNEwQ,180,69,253,https://www.youtube.com/watch?v=6pE0QRphR2Q,2794,1429,3103,https://www.youtube.com/watch?v=TLbMdGhNEwQ,0,0,0,0,
2a897c484c05483f9a46467e8f448314,9350,324890,559,329,1496,https://www.youtube.com/watch?v=Kv_tCbS-ocw,450,245,1053,https://www.youtube.com/watch?v=tWwYcD3Xo24,1211,959,1496,https://www.youtube.com/watch?v=Kv_tCbS-ocw,5217,818,218,1034,https://www.twitch.tv/videos/2833541860
74c26216c39a40d1a9f1c5f63fa4d344,9340,439656,272,123,1356,https://www.youtube.com/watch?v=UTlIWG7GcrQ,267,123,532,https://www.youtube.com/watch?v=xOH0ucdXo_c,295,141,1356,https://www.youtube.com/watch?v=UTlIWG7GcrQ,0,0,0,0,
ac2b3c839ed14b12af1acecf322a15bd,9320,535905,571,109,1662,https://www.youtube.com/watch?v=IPm_sGUqKjg,185,73,358,https://www.youtube.com/watch?v=cjaowETg4kk,1110,172,1662,https://www.youtube.com/watch?v=IPm_sGUqKjg,0,0,0,0,
ecd7e504a0b64480a4127a25678e4b4a,9320,121653,0,0,0,,0,0,0,,0,0,0,,0,0,0,0,
e02e777312df43b986f089339652402e,9300,0,0,0,0,,0,0,0,,0,0,0,,0,0,0,0,
eafe564c8d9945c8af2ed66ff4cd773a,9240,654322,114,34,213,https://www.youtube.com/watch?v=mm5r8g1LjOE,114,34,213,https://www.youtube.com/watch?v=mm5r8g1LjOE,0,0,0,,0,0,0,0,
ce908f10dcde4e2480c8f97aafd45883,9180,1640328,254,139,1752,https://www.youtube.com/watch?v=wRcFjF_ayJ4,246,132,801,https://www.youtube.com/watch?v=Jw94ydxAesY,284,140,1752,https://www.youtube.com/watch?v=wRcFjF_ayJ4,1112,216,168,282,https://www.twitch.tv/videos/2851437197
5e0db06126544cfd944fc86a327be67a,9160,0,0,0,0,,0,0,0,,0,0,0,,0,0,0,0,
fe698ded3a6148808ca857c73ac7ee15,9140,564675,354,167,5661,https://www.youtube.com/watch?v=hgugzrDG2_I,330,170,1040,https://www.youtube.com/watch?v=u7pFDwjpJSg,399,159,5661,https://www.youtube.com/watch?v=hgugzrDG2_I,329,0,0,0,
d2b0c8386e1341668f6bbc789d1ef1e3,9130,992937,241,150,3307,https://www.youtube.com/watch?v=ZRhWcDU6k9w,213,142,513,https://www.youtube.com/watch?v=neXweAdTtQc,1758,470,3307,https://www.youtube.com/watch?v=ZRhWcDU6k9w,0,0,0,0,
538d1d2058da4bdea1c7f43f088e995b,9120,299867,268,98,652,https://www.youtube.com/watch?v=dXXTgumclw4,268,98,652,https://www.youtube.com/watch?v=dXXTgumclw4,0,0,0,,3197,0,0,0,
d90f173970a742d3ade6f4159c785d1e,9100,464080,405,222,2015,https://www.youtube.com/watch?v=rkkJo7rxz8w,354,137,578,https://www.youtube.com/watch?v=RevFeyuVipg,1497,690,2015,https://www.youtube.com/watch?v=rkkJo7rxz8w,1576,221,158,471,https://www.twitch.tv/videos/2848520524
5ed5801d24c7412fa3fa65a82124aad0,9090,790506,730,271,4539,https://www.youtube.com/watch?v=v7g5AGrVa3E,718,250,1353,https://www.youtube.com/watch?v=lWo9EeXDGwk,1891,919,4539,https://www.youtube.com/watch?v=v7g5AGrVa3E,2908,861,554,1528,https://www.twitch.tv/videos/2847697139
423dd7da92be47f4af7273c5f74efb27,9080,398975,0,0,0,,0,0,0,,0,0,0,,36842,1160,693,2249,https://www.twitch.tv/videos/2840253957
558d8602fdeb4f3cb4ce484babb30577,9030,623456,320,188,3240,https://www.youtube.com/watch?v=iNiQoLxb-T4,168,99,356,https://www.youtube.com/watch?v=WjfRzQWGLGg,1374,653,3240,https://www.youtube.com/watch?v=iNiQoLxb-T4,0,0,0,0,
65ab938b60074946af1ea65a002c70df,9010,2809368,717,212,2990,https://www.youtube.com/watch?v=sZLViUR7sqw,281,166,568,https://www.youtube.com/watch?v=z58OuZY5pOc,1468,863,2990,https://www.youtube.com/watch?v=sZLViUR7sqw,579,0,0,0,
7fdfd0346667458a8657626f03434b59,8980,280713,219,88,1383,https://www.youtube.com/watch?v=MIDiOOVprLQ,213,87,662,https://www.youtube.com/watch?v=n0snybiPkhU,1383,1268,1383,https://www.youtube.com/watch?v=MIDiOOVprLQ,424,0,0,0,
d407b30c72a841bd82af1f5cc8ec0667,8930,423822,556,430,1839,https://www.youtube.com/watch?v=WQkd65l5HmQ,89,41,89,https://www.youtube.com/watch?v=FaNRM-9UvtI,595,449,1839,https://www.youtube.com/watch?v=WQkd65l5HmQ,5496,53,45,84,https://www.twitch.tv/videos/2845936836
fa67b0859f2e45589e754f7e528967d6,8910,368624,0,0,0,,0,0,0,,0,0,0,,10633,979,470,1565,https://www.twitch.tv/videos/2835980127
00c158176a504c9bb865b32276e79eb1,8880,299881,163,72,8716,https://www.youtube.com/watch?v=a-fq8wjJiNw,144,69,317,https://www.youtube.com/watch?v=liVtRFlP9uc,7496,1929,8716,https://www.youtube.com/watch?v=a-fq8wjJiNw,0,0,0,0,
c4ffb821927d406682f3f17edfdf3bcd,8850,354571,0,0,0,,0,0,0,,0,0,0,,0,0,0,0,
1dd6fdbb4f764fc3a18747c8adbf0692,8850,346827,459,213,2770,https://www.youtube.com/watch?v=HAbeBkrLjHE,448,207,689,https://www.youtube.com/watch?v=vbvYyoG7B28,2770,2532,2770,https://www.youtube.com/watch?v=HAbeBkrLjHE,0,0,0,0,
1569b00373564846b894f47403376c6b,8770,251399,0,0,0,,0,0,0,,0,0,0,,0,0,0,0,
823311ac8226476e8d1e323f536bf8b1,8730,170472,0,0,0,,0,0,0,,0,0,0,,2283,0,0,0,
08a612f1ecf84b619a8899a5caed28c1,8700,885668,423,57,452,https://www.youtube.com/watch?v=wL5qL9ghEJQ,423,57,452,https://www.youtube.com/watch?v=wL5qL9ghEJQ,0,0,0,,21316,575,179,1569,https://www.twitch.tv/videos/2852157614
9b2c7b20d02241b3b82492a5e78a71c0,8690,404714,627,165,2454,https://www.youtube.com/watch?v=X49kPcAakbM,136,69,172,https://www.youtube.com/watch?v=j6Lcsj8mkPY,1309,426,2454,https://www.youtube.com/watch?v=X49kPcAakbM,0,0,0,0,
65d554df176e4b849379d015fb333abf,8680,0,0,0,0,,0,0,0,,0,0,0,,0,0,0,0,
ad4d805afc1549348584aacb24035f89,8610,4499,215,68,322,https://www.youtube.com/watch?v=8CumN-oR_b0,215,68,322,https://www.youtube.com/watch?v=8CumN-oR_b0,0,0,0,,0,0,0,0,
03f5b3fed856438c9a53d30fdfadd9b7,8610,347132,271,157,1900,https://www.youtube.com/watch?v=X8u-FHBvzKw,184,100,294,https://www.youtube.com/watch?v=AxNR7p-kM8k,1130,460,1900,https://www.youtube.com/watch?v=X8u-FHBvzKw,0,0,0,0,
2f0a0ee6478c45ae8af28953b4c370be,8610,1423335,409,232,1083,https://www.youtube.com/watch?v=A9GI2pVJXi0,385,241,1083,https://www.youtube.com/watch?v=A9GI2pVJXi0,600,30,600,https://www.youtube.com/watch?v=hR5XT6HBUf0,0,0,0,0,
4482e4f0cea64f92aa78b2513c7ed897,8580,712441,498,307,727,https://www.youtube.com/watch?v=kGpANynHmxY,498,307,727,https://www.youtube.com/watch?v=kGpANynHmxY,0,0,0,,0,0,0,0,
6fa1245c717d4af68589205df5ab6427,8560,731273,205,102,397,https://www.youtube.com/watch?v=wbnMARcBmlg,205,102,397,https://www.youtube.com/watch?v=wbnMARcBmlg,0,0,0,,779,0,0,0,
f7d0e4ed95e84262b329740d5d27afc9,8550,57561,0,0,0,,0,0,0,,0,0,0,,0,0,0,0,
fe1d3152398b44e39d69f7ef78e73a8c,8550,626823,320,177,26511,https://www.youtube.com/watch?v=ifuzBN_0TEw,208,122,353,https://www.youtube.com/watch?v=m48kCt0bFhE,5157,2125,26511,https://www.youtube.com/watch?v=ifuzBN_0TEw,628,73,62,73,https://www.twitch.tv/videos/2852283903
1254f176d93548aca5ac7f4b53313f71,8540,3994251,4,1,1321,https://www.youtube.com/watch?v=JNeDkATpP3g,17,10,42,https://www.youtube.com/watch?v=81kSZ3H2OmI,3,1,1321,https://www.youtube.com/watch?v=JNeDkATpP3g,1620,9,7,20,https://www.twitch.tv/videos/2855198318
432458f2f15549919dc6e3706ccbd417,8520,446525,6178,3150,10740,https://www.youtube.com/watch?v=MmocgsvYpGE,0,0,0,,6178,3150,10740,https://www.youtube.com/watch?v=MmocgsvYpGE,0,0,0,0,
7ebc0dc9fdf3442688ecd63bbdc30c51,8510,338303,195,154,687,https://www.youtube.com/watch?v=oKiz8xljkic,195,154,687,https://www.youtube.com/watch?v=oKiz8xljkic,0,0,0,,0,0,0,0,
2d6886120def4c148c70514433d77e1e,8460,596792,505,220,1467,https://www.youtube.com/watch?v=eE5b-cmxyzY,465,206,606,https://www.youtube.com/watch?v=J5EGmpc64UM,1467,1400,1467,https://www.youtube.com/watch?v=eE5b-cmxyzY,0,0,0,0,
ab64eaef68c94ab4afb3a89007c81e9c,8460,1331582,1824,1119,3106,https://www.youtube.com/watch?v=Ekg14azhA3M,0,0,0,,1824,1119,3106,https://www.youtube.com/watch?v=Ekg14azhA3M,8272,1851,740,11060,https://www.twitch.tv/videos/2852992656
cc882664d9794fb88b06a5a0aa1591ae,8460,352281,334,194,570,https://www.youtube.com/watch?v=sQSZ7I18Hbo,334,194,570,https://www.youtube.com/watch?v=sQSZ7I18Hbo,0,0,0,,0,0,0,0,
420208d1dcb74abfa325fc1f6a27e17b,8430,436118,686,294,985,https://www.youtube.com/watch?v=nm-P6GWzr4U,669,254,985,https://www.youtube.com/watch?v=nm-P6GWzr4U,732,552,732,https://www.youtube.com/watch?v=oejkzDSZUmI,1400,0,0,0,
bdc034d3afcd4456b6da2b96a2e460ef,8410,832668,95,31,95,https://www.youtube.com/watch?v=6my1O-0N9mA,95,31,95,https://www.youtube.com/watch?v=6my1O-0N9mA,0,0,0,,1594,26,19,41,https://www.twitch.tv/videos/2850696332
f905195b653944cd9de4ab0b4e6cca58,8410,325419,376,254,1029,https://www.youtube.com/watch?v=KJcRHba33xE,362,213,1029,https://www.youtube.com/watch?v=KJcRHba33xE,456,413,456,https://www.youtube.com/watch?v=z83KmnPEQkQ,0,0,0,0,
9604bd9896fc421ba131a9a6e11d50b0,8370,1038573,492,242,4436,https://www.youtube.com/watch?v=9fpeztPtRBk,469,224,851,https://www.youtube.com/watch?v=UwWAyhdlyHg,2866,1741,4436,https://www.youtube.com/watch?v=9fpeztPtRBk,0,0,0,0,
28e0e0a574fe4deca3d5ded0aa5d64ef,8360,538427,501,249,2565,https://www.youtube.com/watch?v=vjANJaVk0Cs,484,238,1277,https://www.youtube.com/watch?v=I7V3LsK1x_c,2500,890,2565,https://www.youtube.com/watch?v=vjANJaVk0Cs,671,348,184,407,https://www.twitch.tv/videos/2843086414
7298d2db845840d7ab462c7628967f4e,8310,362736,165,45,187,https://www.youtube.com/watch?v=GmfNZpjPW6k,165,45,187,https://www.youtube.com/watch?v=GmfNZpjPW6k,0,0,0,,0,0,0,0,
3b0031a4b57f46719f06cbf7c5cc42b6,8250,371674,209,95,365,https://www.youtube.com/watch?v=QkFza82601E,209,95,365,https://www.youtube.com/watch?v=QkFza82601E,0,0,0,,139,0,0,0,
d797701ab1564b62906f91a341134a9e,8250,405623,1561,499,2445,https://www.youtube.com/watch?v=AREGPWn67JQ,459,196,679,https://www.youtube.com/watch?v=fvQDpWLde2g,1793,949,2445,https://www.youtube.com/watch?v=AREGPWn67JQ,5265,433,380,491,https://www.twitch.tv/videos/2854234408
058021ae015448cda91651a6bd41cdc6,8250,507405,0,0,0,,0,0,0,,0,0,0,,2598,0,0,0,
df0c2ce19ccf4e26ac1a18065f85dacc,8230,482194,251,124,289,https://www.youtube.com/watch?v=1ZEcCOpK6Bg,251,124,289,https://www.youtube.com/watch?v=1ZEcCOpK6Bg,0,0,0,,0,0,0,0,
ee20f58e3fb74fae83a42239a83bcc4a,8170,260059,0,0,0,,0,0,0,,0,0,0,,0,0,0,0,
41a8958a1a4a4cc8b404d04da033400e,8120,394365,539,201,2291,https://www.youtube.com/watch?v=XnfD7CJ_5OE,539,201,2291,https://www.youtube.com/watch?v=XnfD7CJ_5OE,0,0,0,,510,13,8,27,https://www.twitch.tv/videos/2846695919
09b6598d6d604e9397eebff166c69e92,8090,121050,129,62,222,https://www.youtube.com/watch?v=rRYYqmY85NQ,129,62,222,https://www.youtube.com/watch?v=rRYYqmY85NQ,0,0,0,,273,84,38,113,https://www.twitch.tv/videos/2833542021
c72226925ba94855b9fcc88fc2a25acc,8070,812790,426,215,888,https://www.youtube.com/watch?v=MNa2_svQlW0,434,231,888,https://www.youtube.com/watch?v=MNa2_svQlW0,169,63,169,https://www.youtube.com/watch?v=Y28Q6EsFvj0,0,0,0,0,
38f11eca620e4c83a3e4211cbf463cce,8060,1127666,238,105,3199,https://www.youtube.com/watch?v=t5Y7oU-bY6k,231,96,1209,https://www.youtube.com/watch?v=zOToZ7v76Lk,3199,693,3199,https://www.youtube.com/watch?v=t5Y7oU-bY6k,0,0,0,0,
3367168108de48adb898018c257db64f,8010,0,0,0,0,,0,0,0,,0,0,0,,0,0,0,0,
d13fdb8fdd3049e5bf80b5ab0fa8a1a6,8010,671875,433,259,2405,https://www.youtube.com/watch?v=frbw-rkMFVU,287,225,733,https://www.youtube.com/watch?v=mPjnIZpFafA,1844,315,2405,https://www.youtube.com/watch?v=frbw-rkMFVU,0,0,0,0,
328a6a5742504b9d977f40660c118239,7980,1126222,238,106,1128,https://www.youtube.com/watch?v=Eejm4LQ1gCU,212,106,654,https://www.youtube.com/watch?v=pxkY9l0EFVo,333,122,1128,https://www.youtube.com/watch?v=Eejm4LQ1gCU,0,0,0,0,
8309d31b418642db83f0cf56b38fc9ad,7960,1111228,537,352,1655,https://www.youtube.com/watch?v=A95nZ0bSMrc,533,232,1022,https://www.youtube.com/watch?v=bhR9MNECJXU,1380,686,1655,https://www.youtube.com/watch?v=A95nZ0bSMrc,168,0,0,0,
a188f157d0384e0db5ae73605240d68b,7950,733591,443,270,2596,https://www.youtube.com/watch?v=ZXEfJkKOdW4,393,246,601,https://www.youtube.com/watch?v=X_p9dyWAmO8,1870,964,2596,https://www.youtube.com/watch?v=ZXEfJkKOdW4,1176,0,0,0,
d2a7b2d142ea4076afcfc7263b9e09fd,7940,595187,301,143,1196,https://www.youtube.com/watch?v=HaxrLO0QGhU,293,98,560,https://www.youtube.com/watch?v=k50TikB9rkM,1125,376,1196,https://www.youtube.com/watch?v=HaxrLO0QGhU,774,0,0,0,
c06f5173a01c4c0db7a761957c02186d,7930,622078,892,404,2919,https://www.youtube.com/watch?v=iZZFk4MTQQE,517,320,2919,https://www.youtube.com/watch?v=iZZFk4MTQQE,1446,458,2367,https://www.youtube.com/watch?v=36OdxzI-Nl0,653,200,122,208,https://www.twitch.tv/videos/2845045599
eafb808b078844fdab1d8ed561dbd462,7900,526162,385,148,10281,https://www.youtube.com/watch?v=usJSVXvk15Y,342,134,770,https://www.youtube.com/watch?v=BkvMW5v_tJA,1490,838,10281,https://www.youtube.com/watch?v=usJSVXvk15Y,0,0,0,0,
bd99f3c8cd6e4fffb75bf0e5b1b5b4fa,7880,361325,1390,742,12080,https://www.youtube.com/watch?v=VZFh7PQgqXM,1390,742,12080,https://www.youtube.com/watch?v=VZFh7PQgqXM,0,0,0,,0,0,0,0,
0ab16bd60230422d97f73e6810be221c,7850,383754,144,67,745,https://www.youtube.com/watch?v=OPcRW-HMnSo,142,69,490,https://www.youtube.com/watch?v=1DDkCoPgV2Y,745,20,745,https://www.youtube.com/watch?v=OPcRW-HMnSo,0,0,0,0,
b90a42d3e9a5465ba4ef8a333c8148e5,7840,931057,140,66,435,https://www.youtube.com/watch?v=1IAl65wOzlc,132,60,282,https://www.youtube.com/watch?v=E1WWmaL9H9Y,399,286,435,https://www.youtube.com/watch?v=1IAl65wOzlc,0,0,0,0,
1f54eafd17434cd9bd175d27b72c2228,7820,208260,0,0,0,,0,0,0,,0,0,0,,0,0,0,0,
56abcaadabbe44dbbd18ab0ecfe1037f,7820,312345,315,125,559,https://www.youtube.com/watch?v=cCQZI-f8Yjg,315,125,559,https://www.youtube.com/watch?v=cCQZI-f8Yjg,0,0,0,,0,0,0,0,
990b7e28df934de1bdab364d72c79f90,7810,1835,0,0,0,,0,0,0,,0,0,0,,0,0,0,0,
b10149a2a1ee4ffcbf1dacb1b1722f9f,7780,195855,161,84,162,https://www.youtube.com/watch?v=D0Re5_hMIm8,161,84,162,https://www.youtube.com/watch?v=D0Re5_hMIm8,0,0,0,,857,0,0,0,
556c69847bc14bc7be03b3e40e52ac98,7740,198136,0,0,0,,0,0,0,,0,0,0,,1784,165,147,165,https://www.twitch.tv/videos/2853316133
7af8f321e84542dc9ccda160152fbf0b,7730,256223,76,57,76,https://www.youtube.com/watch?v=112uLNIY3S0,76,57,76,https://www.youtube.com/watch?v=112uLNIY3S0,0,0,0,,0,0,0,0,
cf66d52e3a4146dbaf03c1578fc25c47,7620,0,0,0,0,,0,0,0,,0,0,0,,890,0,0,0,
cedd78c374b54898a647a3cb3a5263fc,7550,350109,487,154,710,https://www.youtube.com/watch?v=HJzSGrishJY,487,154,710,https://www.youtube.com/watch?v=HJzSGrishJY,0,0,0,,0,0,0,0,
01edfa8163ad42cd85f56ef4dce2609e,7540,427440,469,154,1910,https://www.youtube.com/watch?v=W4yiE9wip_U,258,139,430,https://www.youtube.com/watch?v=0e8EgsidM34,988,187,1910,https://www.youtube.com/watch?v=W4yiE9wip_U,0,0,0,0,
03b825a2908749099e40cd4a4d1169aa,7530,195274,121,81,172,https://www.youtube.com/watch?v=MkhHpkGgeeA,121,81,172,https://www.youtube.com/watch?v=MkhHpkGgeeA,0,0,0,,0,0,0,0,
60ab80cc26bc4e4aaa526ce1952f9e42,7520,476349,166,64,590,https://www.youtube.com/watch?v=gQ5rdHCNgAg,140,62,460,https://www.youtube.com/watch?v=bl6C7DTl5C4,353,135,590,https://www.youtube.com/watch?v=gQ5rdHCNgAg,388,57,45,100,https://www.twitch.tv/videos/2846912064
b92c6e4c3bea4b938077a8f152f78083,7490,57281,0,0,0,,0,0,0,,0,0,0,,0,0,0,0,
f3404208a69741c481201fffcdea3d9e,7490,138599,0,0,0,,0,0,0,,0,0,0,,0,0,0,0,
d80f5bc1e3ce4c35aa3eced40cc3bddc,7460,362673,355,83,504,https://www.youtube.com/watch?v=eymDYyS39vs,355,83,504,https://www.youtube.com/watch?v=eymDYyS39vs,0,0,0,,559,0,0,0,
77e980ab542a4db6a34b5ac9c8f3948b,7460,396461,391,163,670,https://www.youtube.com/watch?v=_DCLvr1oHRg,391,163,670,https://www.youtube.com/watch?v=_DCLvr1oHRg,0,0,0,,725,0,0,0,
e4c71cb272a24ce6bda794eae8e5bdfc,7450,462651,398,174,31077,https://www.youtube.com/watch?v=7LVS_eYvido,309,119,433,https://www.youtube.com/watch?v=r7WxHfqbTA0,1472,1011,31077,https://www.youtube.com/watch?v=7LVS_eYvido,0,0,0,0,
94595065e7aa498d93067274eb755301,7450,1262850,90,45,4061,https://www.youtube.com/watch?v=8KgU74s1S0Y,85,38,171,https://www.youtube.com/watch?v=68jTy759mXU,1147,1004,4061,https://www.youtube.com/watch?v=8KgU74s1S0Y,0,0,0,0,
c897f2f0ae414985aa623bfe2dfe8f1c,7450,199250,389,141,914,https://www.youtube.com/watch?v=VgLepW4u1mQ,407,153,914,https://www.youtube.com/watch?v=VgLepW4u1mQ,101,60,101,https://www.youtube.com/watch?v=S-snbMO5M0k,634,0,0,0,
9e3edec3eec54f49a065f1970471d473,7420,290593,566,247,631,https://www.youtube.com/watch?v=Kygdc2BWxIg,566,247,631,https://www.youtube.com/watch?v=Kygdc2BWxIg,0,0,0,,896,0,0,0,
9d864d1af4e749f5a58171b06c070565,7420,649907,292,208,1385,https://www.youtube.com/watch?v=GhPaUfPBPOM,201,135,201,https://www.youtube.com/watch?v=CUQDmaQQk80,637,227,1385,https://www.youtube.com/watch?v=GhPaUfPBPOM,3785,255,162,565,https://www.twitch.tv/videos/2845985705
fe660ff34f8a41e4ac75bd6f9ac67400,7410,250802,0,0,0,,0,0,0,,0,0,0,,0,0,0,0,
5cdf289b83524643af7ab2f2c8788adf,7330,347982,145,47,761,https://www.youtube.com/watch?v=D7mjXcEG-4Y,147,51,761,https://www.youtube.com/watch?v=D7mjXcEG-4Y,45,11,45,https://www.youtube.com/watch?v=04aXoPxloq0,0,0,0,0,
1c94e6e4d8cf4f8d9195385a9024275a,7330,81666,0,0,0,,0,0,0,,0,0,0,,395,0,0,0,
97a56c6914ab431d9b670456d11b22ed,7320,279259,164,99,1620,https://www.youtube.com/watch?v=406gjVjoxz8,150,85,444,https://www.youtube.com/watch?v=cnhOzbkXVg0,1005,471,1620,https://www.youtube.com/watch?v=406gjVjoxz8,0,0,0,0,
7f72433f23da4bf8bfbf7ee3904eb7ca,7290,296434,0,0,0,,0,0,0,,0,0,0,,856,0,0,0,
63108f8ea91a4a699f345bb259750745,7270,157284,174,71,228,https://www.youtube.com/watch?v=DLnkgcE6h7c,174,71,228,https://www.youtube.com/watch?v=DLnkgcE6h7c,0,0,0,,0,0,0,0,
9f975d473431409190e397bdc946d5b0,7270,352823,246,114,7825,https://www.youtube.com/watch?v=X8oBZeSmEAI,246,105,359,https://www.youtube.com/watch?v=lpuf9TqgyaE,7825,1168,7825,https://www.youtube.com/watch?v=X8oBZeSmEAI,251,0,0,0,
c430f1e7cfee4440b2b537c80a2a667d,7260,259091,313,157,409,https://www.youtube.com/watch?v=OL8YXhrTO5k,313,157,409,https://www.youtube.com/watch?v=OL8YXhrTO5k,0,0,0,,0,0,0,0,
4865c3feac234584909168181b7dc2be,7210,198798,344,152,1222,https://www.youtube.com/watch?v=1Z7t_RCprBQ,262,134,655,https://www.youtube.com/watch?v=DeW4zqMizvM,753,539,1222,https://www.youtube.com/watch?v=1Z7t_RCprBQ,270,0,0,0,
0999b4ac6dbf496aacc1d48be59c4df0,7200,0,0,0,0,,0,0,0,,0,0,0,,0,0,0,0,
f40b8e8debf14680b5cc88bae98918f7,7190,226610,0,0,0,,0,0,0,,0,0,0,,0,0,0,0,
5d903f62e014487e9ab21a48c19fc6ac,7190,480379,1495,193,2495,https://www.youtube.com/watch?v=eLB9IlnplAs,208,26,270,https://www.youtube.com/watch?v=5vrJ0YElIP8,1918,403,2495,https://www.youtube.com/watch?v=eLB9IlnplAs,916,0,0,0,
8c6bc741e4614154a63e987f930a468d,7190,401298,188,97,1385,https://www.youtube.com/watch?v=WOxZcL7InNM,174,79,287,https://www.youtube.com/watch?v=GrAD24YQDDM,1301,707,1385,https://www.youtube.com/watch?v=WOxZcL7InNM,0,0,0,0,
715cc1261d7e42c18135d47bd1cf2500,7160,176687,0,0,0,,0,0,0,,0,0,0,,6401,289,195,420,https://www.twitch.tv/videos/2855931801
5fa2dee0fba64112aa476441cd6ff982,7150,348141,478,211,910,https://www.youtube.com/watch?v=J7BJ3H9rwvA,478,211,910,https://www.youtube.com/watch?v=J7BJ3H9rwvA,0,0,0,,0,0,0,0,
3c1783f6914f414b830c836829d1afa2,7120,298069,217,127,1741,https://www.youtube.com/watch?v=-pvR_Unvy5c,213,123,1082,https://www.youtube.com/watch?v=bWtwc1IZoP4,810,801,1741,https://www.youtube.com/watch?v=-pvR_Unvy5c,276,0,0,0,
c321746bebe740cb98625ca4cf6fb9a7,7060,97753,460,385,1842,https://www.youtube.com/watch?v=zCo1i8Q8LV8,440,372,509,https://www.youtube.com/watch?v=Y80PMQ-csZo,1842,1326,1842,https://www.youtube.com/watch?v=zCo1i8Q8LV8,0,0,0,0,
e7e219a17a7644cd9d28a2ab871f5f7c,7050,282180,0,0,0,,0,0,0,,0,0,0,,3049,0,0,0,
a28e29c9e8ec4791a700cd2e30904534,7040,215692,167,103,1983,https://www.youtube.com/watch?v=l446OWKxRhA,151,102,200,https://www.youtube.com/watch?v=bo3UjSm1lI8,1983,1097,1983,https://www.youtube.com/watch?v=l446OWKxRhA,2936,89,66,100,https://www.twitch.tv/videos/2845943751
40c846b91c4a44a980eddf20f0f789c0,7020,1186457,382,151,29335,https://www.youtube.com/watch?v=hZyzr7rJvgw,172,79,409,https://www.youtube.com/watch?v=aflRu1WXQTw,2769,1563,29335,https://www.youtube.com/watch?v=hZyzr7rJvgw,6920,703,460,1048,https://www.twitch.tv/videos/2847580988
a3c6cbf76630432c83fa5277388be97c,7020,87378,383,288,383,https://www.youtube.com/watch?v=PxCRzzM4KZM,383,288,383,https://www.youtube.com/watch?v=PxCRzzM4KZM,0,0,0,,0,0,0,0,
35b7bd4f6fcb4fbfb3ebe83be100d9a0,7000,549215,0,0,0,,0,0,0,,0,0,0,,0,0,0,0,
13a520e0a60c4aeea42f1c4d613e7e10,6990,240211,0,0,0,,0,0,0,,0,0,0,,484,0,0,0,
1937fa889b474d339713d1117f435018,6940,863364,143,62,1406,https://www.youtube.com/watch?v=549pSfFIkDQ,112,61,401,https://www.youtube.com/watch?v=oRGMmQjGcDE,455,177,1406,https://www.youtube.com/watch?v=549pSfFIkDQ,7390,547,302,1359,https://www.twitch.tv/videos/2852890481
679aef46b6f448e493fdedae7df5b288,6920,1446464,387,58,2253,https://www.youtube.com/watch?v=1ND8F8VPyRs,0,0,0,,387,58,2253,https://www.youtube.com/watch?v=1ND8F8VPyRs,474,0,0,0,
3e1c8d17663e49158b54330fdac1a308,6910,73305,0,0,0,,0,0,0,,0,0,0,,797,0,0,0,
f7b1eada802e4ed89c306c6641d243b3,6870,300458,146,79,270,https://www.youtube.com/watch?v=Lextel2pxoA,146,79,270,https://www.youtube.com/watch?v=Lextel2pxoA,0,0,0,,429,0,0,0,
c8ef4e3182b74ecd994c837a75624390,6830,604794,1249,413,2276,https://www.youtube.com/watch?v=oPsYWoQIW_A,196,90,290,https://www.youtube.com/watch?v=BPa9JUSc98o,1304,814,2276,https://www.youtube.com/watch?v=oPsYWoQIW_A,0,0,0,0,
b1cb513e2511484cabbac00140b4a95c,6820,314564,523,237,2540,https://www.youtube.com/watch?v=iWKpqJ_vja8,440,219,674,https://www.youtube.com/watch?v=6u2qg3S8ZGI,1392,609,2540,https://www.youtube.com/watch?v=iWKpqJ_vja8,653,379,279,457,https://www.twitch.tv/videos/2847743135
7f9d223a684e44e8b8d30bedcc07f1fa,6800,236480,120,57,400,https://www.youtube.com/watch?v=CnAvfyF5T2Q,131,81,400,https://www.youtube.com/watch?v=CnAvfyF5T2Q,69,30,69,https://www.youtube.com/watch?v=aPDPbV5SuhU,0,0,0,0,
4576d781ddae45d59fc83c8d25385983,6790,215490,2053,415,5180,https://www.youtube.com/watch?v=F6vTyl9acWQ,2309,1301,5180,https://www.youtube.com/watch?v=F6vTyl9acWQ,1327,362,2317,https://www.youtube.com/watch?v=7q1rfnk8h08,248,0,0,0,
e1e11ed8ecb24ab6ad7e1d4c4c39f563,6780,116400,0,0,0,,0,0,0,,0,0,0,,0,0,0,0,
dc3e05e0c12b4e0a93dc230f30925ee0,6780,189933,826,262,1690,https://www.youtube.com/watch?v=mPlJQdULz9I,0,0,0,,826,262,1690,https://www.youtube.com/watch?v=mPlJQdULz9I,7049,0,0,0,
038ee6280ef742bcad8450ad52049944,6740,455163,178,61,586,https://www.youtube.com/watch?v=l9jT02Akc98,178,61,586,https://www.youtube.com/watch?v=l9jT02Akc98,0,0,0,,0,0,0,0,
6fb9853185d844de80d4f3e0f3f2726d,6740,0,0,0,0,,0,0,0,,0,0,0,,0,0,0,0,
757f1b20f7bd459ebd8949da907dceea,6740,393818,121,53,332,https://www.youtube.com/watch?v=mPnPnFknkjU,121,53,332,https://www.youtube.com/watch?v=mPnPnFknkjU,0,0,0,,0,0,0,0,
2d84a02e592d4a92893b7cc36af95a26,6720,287045,369,161,2702,https://www.youtube.com/watch?v=eM8ijVuTDus,361,129,603,https://www.youtube.com/watch?v=74JupiFkLwU,1309,244,2702,https://www.youtube.com/watch?v=eM8ijVuTDus,964,395,215,1091,https://www.twitch.tv/videos/2845087371
f81d4ef6f2f54e0c8c6d12a09e1fa5c7,6690,171160,176,88,1222,https://www.youtube.com/watch?v=oFuGU3qewZc,166,88,742,https://www.youtube.com/watch?v=wpl1YwxA42U,717,231,1222,https://www.youtube.com/watch?v=oFuGU3qewZc,0,0,0,0,
80f4d6e50af64a48be812258498e86c0,6690,357187,0,0,0,,0,0,0,,0,0,0,,160,0,0,0,
f58318cdd690482c9d19fb68bca374a4,6660,437219,166,44,1916,https://www.youtube.com/watch?v=3WVDkO2M_pA,129,31,607,https://www.youtube.com/watch?v=i6nbKl-Q5mU,1879,757,1916,https://www.youtube.com/watch?v=3WVDkO2M_pA,232,0,0,0,
543ddfe1d70d4a19920f6daa1959b3b4,6660,0,0,0,0,,0,0,0,,0,0,0,,0,0,0,0,
5dbed684176349d28353d5293085cd9c,6660,273705,250,190,481,https://www.youtube.com/watch?v=oQ1uXXQ7H9Q,250,190,481,https://www.youtube.com/watch?v=oQ1uXXQ7H9Q,0,0,0,,0,0,0,0,
6ddea98137e2429eb0e9c4025ad9294f,6650,278635,362,184,1438,https://www.youtube.com/watch?v=uJeRUOyMpgY,262,145,389,https://www.youtube.com/watch?v=tAdFM-Rh_-8,1322,454,1438,https://www.youtube.com/watch?v=uJeRUOyMpgY,0,0,0,0,
49196eec11454f589d4d6e52f1b1bbe8,6630,560835,153,62,380,https://www.youtube.com/watch?v=VqgUxX3AVvw,153,62,380,https://www.youtube.com/watch?v=VqgUxX3AVvw,204,134,361,https://www.youtube.com/watch?v=wzkwWPFuwvY,0,0,0,0,
6603f7e70b684a07a3dac687460bacc5,6620,274838,163,117,455,https://www.youtube.com/watch?v=TNhZa_Pa2mk,163,117,455,https://www.youtube.com/watch?v=TNhZa_Pa2mk,0,0,0,,1419,0,0,0,
f6c34086d07a4322b9d4ebc538bada96,6570,131247,0,0,0,,0,0,0,,0,0,0,,0,0,0,0,
fec8644970684cffbbae8dd37a52d59c,6560,389499,250,86,6676,https://www.youtube.com/watch?v=Z6RTfUHKoPQ,229,81,364,https://www.youtube.com/watch?v=vN5w1SdTHFM,1061,260,6676,https://www.youtube.com/watch?v=Z6RTfUHKoPQ,2134,1554,901,3269,https://www.twitch.tv/videos/2840134884
468c9630d37b4c41bb6b0305dc1143cf,6550,431229,211,179,416,https://www.youtube.com/watch?v=yzcFj9vWJUY,197,110,211,https://www.youtube.com/watch?v=1YafRxDG1BY,416,327,416,https://www.youtube.com/watch?v=yzcFj9vWJUY,473,0,0,0,
160f90709224412f9cfc2aaa88e89a57,6530,757773,824,505,3262,https://www.youtube.com/watch?v=j-Ej1iYmrrE,814,498,3262,https://www.youtube.com/watch?v=j-Ej1iYmrrE,1856,1004,1856,https://www.youtube.com/watch?v=a-i4ST50PH8,0,0,0,0,
3ec59b8cb4114af7be754daa0b1b1ced,6530,171517,0,0,0,,0,0,0,,0,0,0,,0,0,0,0,
e0debb323c5d49268c92c5d660cdb664,6530,355100,327,166,750,https://www.youtube.com/watch?v=Sl89m0pPezU,327,166,750,https://www.youtube.com/watch?v=Sl89m0pPezU,0,0,0,,0,0,0,0,
08be94e874d448f8a2794a44c61e8d8f,6510,410615,178,62,196,https://www.youtube.com/watch?v=9LR7RWER_Zw,178,62,196,https://www.youtube.com/watch?v=9LR7RWER_Zw,0,0,0,,0,0,0,0,
b54e216619d14031a317b820113e4084,6500,308748,137,57,355,https://www.youtube.com/watch?v=TabAV2P1tL8,161,78,198,https://www.youtube.com/watch?v=4Mbxb7KtNEo,114,54,355,https://www.youtube.com/watch?v=TabAV2P1tL8,0,0,0,0,
c2362f5ca48445a89fd081c4b2bc74d4,6440,246288,206,36,206,https://www.youtube.com/watch?v=o1PO-AZFeOY,206,36,206,https://www.youtube.com/watch?v=o1PO-AZFeOY,0,0,0,,136,0,0,0,
fffd31d236a2479c9070bcc171bdc13d,6430,178720,0,0,0,,0,0,0,,0,0,0,,0,0,0,0,
0b1217df534d441bbdeb11d5f2a6465b,6420,70324,0,0,0,,0,0,0,,0,0,0,,1107,0,0,0,
e8c89b4aec4d45fbbb76533eb3db0428,6400,145029,87,51,87,https://www.youtube.com/watch?v=bNKodOMj6Tc,87,51,87,https://www.youtube.com/watch?v=bNKodOMj6Tc,0,0,0,,0,0,0,0,
da3a3993bd8946da824d66d5a5d456e2,6370,330124,0,0,0,,0,0,0,,0,0,0,,0,0,0,0,
0851296bdf4c4516b2506b8cce5151da,6360,622847,120,35,193,https://www.youtube.com/watch?v=jtDBBHnVtLA,151,33,193,https://www.youtube.com/watch?v=jtDBBHnVtLA,45,37,45,https://www.youtube.com/watch?v=VEKU0DleBe0,0,0,0,0,
1357f282a9f04f6cbe3e215a0bd20482,6350,184310,477,211,1787,https://www.youtube.com/watch?v=WZx0LkRkMCs,266,169,544,https://www.youtube.com/watch?v=bIg4BNOZr1g,546,217,1787,https://www.youtube.com/watch?v=WZx0LkRkMCs,2045,0,0,0,
02e7729df0424fbbb21b77ccd543b0be,6350,1697571,135,83,1401,https://www.youtube.com/watch?v=83tqvO61SFE,46,29,83,https://www.youtube.com/watch?v=o9G-OD03hys,214,106,1401,https://www.youtube.com/watch?v=83tqvO61SFE,0,0,0,0,
281c7713c21e41bcb6e81365f328ab8c,6340,239568,0,0,0,,0,0,0,,0,0,0,,0,0,0,0,
caf08c74dd7b4919bca49eef394d5475,6320,861959,1150,356,2070,https://www.youtube.com/watch?v=GjWICLMKpEc,193,80,240,https://www.youtube.com/watch?v=mlS4DCdysF4,1576,479,2070,https://www.youtube.com/watch?v=GjWICLMKpEc,4119,1164,483,3339,https://www.twitch.tv/videos/2854119590
bafa406351614acb9162347235baf257,6320,419289,383,185,22789,https://www.youtube.com/watch?v=riAXDD4WJ-U,308,163,528,https://www.youtube.com/watch?v=JrPmR60I0R8,1350,534,22789,https://www.youtube.com/watch?v=riAXDD4WJ-U,0,0,0,0,
5cb1c062f5f94b44a41ae658f4a53f0c,6310,141395,0,0,0,,0,0,0,,0,0,0,,14012,671,296,1320,https://www.twitch.tv/videos/2853092672
c34e43b57f9f448582094f712a0b2c1a,6310,396072,216,141,6096,https://www.youtube.com/watch?v=_2dTW5zamx4,197,130,271,https://www.youtube.com/watch?v=B7ekU7RaeXI,3306,2671,6096,https://www.youtube.com/watch?v=_2dTW5zamx4,0,0,0,0,
4eecf80e6ecc4644a7ff08314e6e0c82,6300,441393,279,217,1473,https://www.youtube.com/watch?v=Uxdlu61uR-4,268,229,279,https://www.youtube.com/watch?v=g-osUL7IJyk,1473,113,1473,https://www.youtube.com/watch?v=Uxdlu61uR-4,380,0,0,0,
bf48aafcc9464111b358a4595cc7311c,6280,167969,0,0,0,,0,0,0,,0,0,0,,0,0,0,0,
b8cd7bf3e49d4cc1a24140546b91f462,6250,384827,0,0,0,,0,0,0,,0,0,0,,46,0,0,0,
94c7cb6122bd4dcab2d8660ddc5f5508,6240,221775,222,149,258,https://www.youtube.com/watch?v=pgeHkywiI9E,222,149,258,https://www.youtube.com/watch?v=pgeHkywiI9E,0,0,0,,429,56,47,110,https://www.twitch.tv/videos/2852153280
41d4243609de491ba43ef4e11b8a0254,6230,722801,2099,786,7386,https://www.youtube.com/watch?v=AkRO3waZwwA,1139,588,2483,https://www.youtube.com/watch?v=40vmutXvlMQ,2896,1379,7386,https://www.youtube.com/watch?v=AkRO3waZwwA,0,0,0,0,
1307131312c54a11ab326e62474efc8a,6230,243979,0,0,0,,0,0,0,,0,0,0,,0,0,0,0,
557a590ea9764e8c99e72415d1837d52,6210,0,0,0,0,,0,0,0,,0,0,0,,0,0,0,0,
35f3bb64e69c432180b98dde239f3bdd,6170,590770,648,212,1782,https://www.youtube.com/watch?v=NRTbVsNrHlE,574,242,958,https://www.youtube.com/watch?v=MvIFER91Ml0,1106,152,1782,https://www.youtube.com/watch?v=NRTbVsNrHlE,956,84,58,375,https://www.twitch.tv/videos/2843600379
208d8aa3792641d6ae4e0de5a10a4a6f,6150,381757,199,86,2816,https://www.youtube.com/watch?v=ATHoFro-tzw,91,47,201,https://www.youtube.com/watch?v=EPfdm_2Tzv0,1437,547,2816,https://www.youtube.com/watch?v=ATHoFro-tzw,1564,111,79,257,https://www.twitch.tv/videos/2843902020
2978ff3ab5f54898947af41ca4d47c4c,6140,151568,89,25,1222,https://www.youtube.com/watch?v=osntZEiAEh8,85,22,129,https://www.youtube.com/watch?v=yy9815MHyag,691,449,1222,https://www.youtube.com/watch?v=osntZEiAEh8,552,0,0,0,
fceadce7c37f4cc08bc747aa79c3cf9e,6140,243588,254,150,1466,https://www.youtube.com/watch?v=A6RSF03AXb4,219,94,279,https://www.youtube.com/watch?v=TRwqtpbtsf4,1215,305,1466,https://www.youtube.com/watch?v=A6RSF03AXb4,0,0,0,0,
34edb431f7da4a43b2a6a9d79d2858d1,6130,346109,312,228,1243,https://www.youtube.com/watch?v=UrGtKNykhDk,308,260,418,https://www.youtube.com/watch?v=6_6TGZVPzyE,316,196,1243,https://www.youtube.com/watch?v=UrGtKNykhDk,614,221,137,221,https://www.twitch.tv/videos/2845929230
2bf038f2a9514434aefa4ef7b2140f56,6100,259435,460,195,2364,https://www.youtube.com/watch?v=kpmIrW_4toU,334,117,516,https://www.youtube.com/watch?v=0e0pEIrl9lA,1647,511,2364,https://www.youtube.com/watch?v=kpmIrW_4toU,804,353,315,403,https://www.twitch.tv/videos/2855854553
9ff913f8a0fa42269c6e3d462af1b2e0,6090,101154,1062,423,8476,https://www.youtube.com/watch?v=IpPEkjgU0GA,949,301,1959,https://www.youtube.com/watch?v=X4hY09aVvPk,1717,543,8476,https://www.youtube.com/watch?v=IpPEkjgU0GA,0,0,0,0,
1a3a0feb188e499ab4972c971d639f58,6090,273654,0,0,0,,0,0,0,,0,0,0,,0,0,0,0,
a83b6d485350402b90238deb371ae654,6060,112811,0,0,0,,0,0,0,,0,0,0,,4062,0,0,0,
b6a105f12b904256ba356935ae46657f,6050,41142,265,170,472,https://www.youtube.com/watch?v=nLYngC6Cras,211,170,240,https://www.youtube.com/watch?v=32RZc2SBjUU,381,167,472,https://www.youtube.com/watch?v=nLYngC6Cras,8753,527,277,636,https://www.twitch.tv/videos/2837868597
b0f00fccf8a14655911360748c4699cd,6040,176874,125,62,1545,https://www.youtube.com/watch?v=WIXYhkTzaPA,105,59,125,https://www.youtube.com/watch?v=fz6Hz8UpcTg,1178,476,1545,https://www.youtube.com/watch?v=WIXYhkTzaPA,0,0,0,0,
75b388425b774a9f99a4483e295a13f0,6030,812395,149,102,1309,https://www.youtube.com/watch?v=BPxmiypeZZw,146,95,205,https://www.youtube.com/watch?v=JmcQsqZIwTQ,459,228,1309,https://www.youtube.com/watch?v=BPxmiypeZZw,419,0,0,0,
dbfaa5f3d01142df8a05c4946a0a22dc,6020,529237,389,111,3623,https://www.youtube.com/watch?v=Dt6UDyYEj8E,342,87,1061,https://www.youtube.com/watch?v=Wu-2r6cTztI,3623,1038,3623,https://www.youtube.com/watch?v=Dt6UDyYEj8E,0,0,0,0,
febd22ec0bec4ecdbcd383be8c2694c3,6020,0,0,0,0,,0,0,0,,0,0,0,,0,0,0,0,
16c4a9b7211a44f6b98d8e1aebf4ea70,6010,221759,0,0,0,,0,0,0,,0,0,0,,635,0,0,0,
4cd21df2b76148b182903cc0aebe2bfa,5970,234694,163,90,251,https://www.youtube.com/watch?v=Gr0R3fpDpUg,163,90,251,https://www.youtube.com/watch?v=Gr0R3fpDpUg,0,0,0,,0,0,0,0,
00c2bd1279064d88b05ad2d17d790e37,5950,100526,414,181,1402,https://www.youtube.com/watch?v=TJkFjZVrrqk,391,162,696,https://www.youtube.com/watch?v=naujSRbSzVs,739,501,1402,https://www.youtube.com/watch?v=TJkFjZVrrqk,1041,420,288,614,https://www.twitch.tv/videos/2850471185
86154ca2dc964847b37297138aa65b9f,5940,252817,162,54,833,https://www.youtube.com/watch?v=xBem9vrqvXQ,162,54,833,https://www.youtube.com/watch?v=xBem9vrqvXQ,0,0,0,,1060,0,0,0,
2adc6f9aabb64fd892ff5d29ebdd5c44,5940,148103,0,0,0,,0,0,0,,0,0,0,,0,0,0,0,
25027be34ca844c885f40d5c26507898,5920,340647,504,194,2313,https://www.youtube.com/watch?v=BSEVQhn50FM,411,179,1991,https://www.youtube.com/watch?v=CYUJ5n3bDqs,663,396,2313,https://www.youtube.com/watch?v=BSEVQhn50FM,0,0,0,0,
9b11be3138284ff3904d3292d6aaa284,5920,312360,161,106,2042,https://www.youtube.com/watch?v=QKWWubW5Opg,152,108,185,https://www.youtube.com/watch?v=qOYtL1uRmjo,161,63,2042,https://www.youtube.com/watch?v=QKWWubW5Opg,0,0,0,0,
1ae72d56be5547b1825cdc0fdc0cce2e,5910,81194,107,82,142,https://www.youtube.com/watch?v=1Ydzu33gc8s,107,82,142,https://www.youtube.com/watch?v=1Ydzu33gc8s,0,0,0,,0,0,0,0,
325c292889f542688512641841b4ed8a,5910,260082,787,177,787,https://www.youtube.com/watch?v=XJt3znH7T1s,787,177,787,https://www.youtube.com/watch?v=XJt3znH7T1s,0,0,0,,0,0,0,0,
dcbe7946e39e48bcb0b725de64a445c8,5890,561534,411,229,3117,https://www.youtube.com/watch?v=w1cdvSJ0HTE,411,229,3117,https://www.youtube.com/watch?v=w1cdvSJ0HTE,0,0,0,,0,0,0,0,
33717d815310491da465eb6258a70b1c,5880,281588,274,163,400,https://www.youtube.com/watch?v=IkRFpwNMaFI,299,180,400,https://www.youtube.com/watch?v=IkRFpwNMaFI,161,63,161,https://www.youtube.com/watch?v=mS8aPGUM500,0,0,0,0,
7f4f30df30ec405bb0968c585b243fa5,5870,496538,321,163,556,https://www.youtube.com/watch?v=A8xCevzTpEA,328,224,556,https://www.youtube.com/watch?v=A8xCevzTpEA,122,51,122,https://www.youtube.com/watch?v=fsB6auzJuAY,889,540,500,540,https://www.twitch.tv/videos/2854345777
7ae1c13d53fb44f49f386eef43c63ee4,5850,325551,178,77,1569,https://www.youtube.com/watch?v=LhxwbnYKMvY,156,62,437,https://www.youtube.com/watch?v=JUvW4DkFFkA,926,175,1569,https://www.youtube.com/watch?v=LhxwbnYKMvY,77,0,0,0,
66aa1c91546a4cfdab43faa119cea04a,5840,152,0,0,0,,0,0,0,,0,0,0,,3804,0,0,0,
925d91a363914edfb035fe6c08946be9,5770,190973,209,135,222,https://www.youtube.com/watch?v=bHWpEHob2n0,209,135,222,https://www.youtube.com/watch?v=bHWpEHob2n0,0,0,0,,0,0,0,0,
58c4453bedb9463ab1dcb522d4d50faf,5770,1063070,110,57,297,https://www.youtube.com/watch?v=8oxw3gFU2lI,110,57,297,https://www.youtube.com/watch?v=8oxw3gFU2lI,0,0,0,,0,0,0,0,
5b6584a73478450d9db3f44b918580fd,5730,0,0,0,0,,0,0,0,,0,0,0,,896,0,0,0,
58304450990a433b88acd02b889b74e6,5720,189175,189,80,1419,https://www.youtube.com/watch?v=jWblzyV-pas,180,78,343,https://www.youtube.com/watch?v=tXmgWfQwkqk,1067,306,1419,https://www.youtube.com/watch?v=jWblzyV-pas,299,134,108,177,https://www.twitch.tv/videos/2853323524
e17f42aa104040deae2ee3f3b1e85ed8,5690,322152,0,0,0,,0,0,0,,0,0,0,,40136,2542,630,6334,https://www.twitch.tv/videos/2832012385
9e213402f2f54c42866d4f62545921b4,5680,147543,0,0,0,,0,0,0,,0,0,0,,447,0,0,0,
2a5b6a733ac54aba9490db8f504378d1,5660,3456,0,0,0,,0,0,0,,0,0,0,,0,0,0,0,
a800589948934dd68ac2c728cc05fbaf,5620,94125,171,81,171,https://www.youtube.com/watch?v=6iwobL9yodU,171,81,171,https://www.youtube.com/watch?v=6iwobL9yodU,0,0,0,,0,0,0,0,
3c5b24ec5e7e4451a917bb1683298c05,5620,292508,0,0,0,,0,0,0,,0,0,0,,0,0,0,0,
8f0b41303e8a481689fe4309a565ecd3,5600,351036,282,164,1649,https://www.youtube.com/watch?v=KffA_AfDqrU,238,129,691,https://www.youtube.com/watch?v=dCawe6Jv8sY,1447,939,1649,https://www.youtube.com/watch?v=KffA_AfDqrU,1469,174,119,174,https://www.twitch.tv/videos/2847807021
e4e33334b43945b6837ec43826f3727f,5590,270294,291,153,1863,https://www.youtube.com/watch?v=sOjgexwJ_k8,276,117,450,https://www.youtube.com/watch?v=JoEopAkB-TA,1550,846,1863,https://www.youtube.com/watch?v=sOjgexwJ_k8,0,0,0,0,
ea7d228d8fb2462f95aef21fc5bd4fb8,5590,1082706,687,375,1717,https://www.youtube.com/watch?v=YSUf8cs4SbE,687,375,1717,https://www.youtube.com/watch?v=YSUf8cs4SbE,0,0,0,,0,0,0,0,
70adcdf6f8a146089a4e724b14146efd,5580,408593,324,288,573,https://www.youtube.com/watch?v=kTpgK5hE5iI,324,288,573,https://www.youtube.com/watch?v=kTpgK5hE5iI,0,0,0,,572,0,0,0,
988d1a83ff6c4f82af6be42946987c36,5540,426912,1130,313,2240,https://www.youtube.com/watch?v=_sIAlUzIFQc,193,80,291,https://www.youtube.com/watch?v=tenI1FD2yPw,1401,671,2240,https://www.youtube.com/watch?v=_sIAlUzIFQc,0,0,0,0,
887b37336c9c4730809ace8b5e38df17,5530,65084,41,0,41,https://www.youtube.com/watch?v=JXgANc84E2s,0,0,0,,41,0,41,https://www.youtube.com/watch?v=JXgANc84E2s,53492,2398,393,3416,https://www.twitch.tv/videos/2830502367
e0f419006f244a51804050ede1d1a5aa,5530,1486171,82,43,1749,https://www.youtube.com/watch?v=qnAWgnidNSg,79,43,306,https://www.youtube.com/watch?v=44IKy8cfFL4,937,786,1749,https://www.youtube.com/watch?v=qnAWgnidNSg,0,0,0,0,
0158495d5a2542a98181c2ddd21b90af,5520,0,0,0,0,,0,0,0,,0,0,0,,0,0,0,0,
443ba741722742d5b7d5f76c3e7b445b,5510,555158,199,94,1881,https://www.youtube.com/watch?v=wLQDfj_U7_s,194,79,481,https://www.youtube.com/watch?v=UFoB6B4gF34,247,94,1881,https://www.youtube.com/watch?v=wLQDfj_U7_s,0,0,0,0,
38ecb20931514383b2d93885136c6b68,5500,248654,263,132,2334,https://www.youtube.com/watch?v=7_CRYaPbyeM,220,116,706,https://www.youtube.com/watch?v=zFh2aIijjjM,1082,233,2334,https://www.youtube.com/watch?v=7_CRYaPbyeM,0,0,0,0,
d889f67fe7b84a38a9742ab2a47f346a,5500,735672,952,111,1992,https://www.youtube.com/watch?v=pb3yJ1__Ow8,171,46,315,https://www.youtube.com/watch?v=IG26MoKatnY,1627,856,1992,https://www.youtube.com/watch?v=pb3yJ1__Ow8,3542,480,302,685,https://www.twitch.tv/videos/2843263476
bd7d712e0946448aa29a1d213d1c1beb,5490,191743,183,144,5656,https://www.youtube.com/watch?v=xG2-raeqUYo,166,72,183,https://www.youtube.com/watch?v=bzOger0fQhg,2335,1004,5656,https://www.youtube.com/watch?v=xG2-raeqUYo,640,256,182,347,https://www.twitch.tv/videos/2847810889
2c42a2d77b4c481bae57dc00a66c2f16,5480,627624,518,321,1340,https://www.youtube.com/watch?v=z6Asj8oDTRA,574,337,1340,https://www.youtube.com/watch?v=z6Asj8oDTRA,183,161,459,https://www.youtube.com/watch?v=ulf-aQra77Y,0,0,0,0,
62e820e937ef4f4aaea0073bc5b21063,5470,9245,0,0,0,,0,0,0,,0,0,0,,0,0,0,0,
510bdce263cc479ca12d1fad64bfc65e,5450,403994,296,153,2023,https://www.youtube.com/watch?v=IqLyTIqDdDA,278,135,552,https://www.youtube.com/watch?v=kLsnqIqRy1s,1426,515,2023,https://www.youtube.com/watch?v=IqLyTIqDdDA,0,0,0,0,
428251b7832a48219276fb6e5f644e86,5440,845138,43,19,283,https://www.youtube.com/watch?v=qWH3aTGrL3M,33,6,40,https://www.youtube.com/watch?v=QGBSXQ5LNFs,165,58,283,https://www.youtube.com/watch?v=qWH3aTGrL3M,256,0,0,0,
490a48eedc944f9cb74501e6eefeb04d,5410,315532,0,0,0,,0,0,0,,0,0,0,,2943,0,0,0,
c3bec3f382754230b178f8278eb550fb,5390,274685,234,122,1497,https://www.youtube.com/watch?v=nq2OuVY4kW8,214,112,356,https://www.youtube.com/watch?v=_IIP6K9-Qbg,898,354,1497,https://www.youtube.com/watch?v=nq2OuVY4kW8,0,0,0,0,
a0e2f9b9f851401bbd1736189d4b69b1,5390,135353,0,0,0,,0,0,0,,0,0,0,,0,0,0,0,
a60e76fb18f44818980d7d5b07cf82c9,5390,273258,553,247,1683,https://www.youtube.com/watch?v=N879CQVz46k,532,149,723,https://www.youtube.com/watch?v=8BlbcuA22g0,1077,332,1683,https://www.youtube.com/watch?v=N879CQVz46k,841,312,200,708,https://www.twitch.tv/videos/2844236746
fe8ee7b57ae74a1388127b81b136c7ea,5380,27393,123,96,274,https://www.youtube.com/watch?v=gM1OSMrgyTQ,123,96,274,https://www.youtube.com/watch?v=gM1OSMrgyTQ,0,0,0,,666,0,0,0,
529328632b0b4701a469ebc14413f855,5360,201239,0,0,0,,0,0,0,,0,0,0,,0,0,0,0,
b473dffe721745f6beb34b5a49e9aeda,5300,399243,1268,455,1268,https://www.youtube.com/watch?v=9fibwc_08Fc,1268,455,1268,https://www.youtube.com/watch?v=9fibwc_08Fc,0,0,0,,0,0,0,0,
c8858f1d4a2b41a4bbf738530023d6f9,5290,210420,100,36,124,https://www.youtube.com/watch?v=6psexL-dKHY,100,36,124,https://www.youtube.com/watch?v=6psexL-dKHY,0,0,0,,369,103,33,158,https://www.twitch.tv/videos/2833537069
1ea5aa0a7a7d401b897630667cf4b44e,5290,275345,163,97,1714,https://www.youtube.com/watch?v=U2DH2KaGZn0,155,38,304,https://www.youtube.com/watch?v=zUdj_zYVc9U,1168,220,1714,https://www.youtube.com/watch?v=U2DH2KaGZn0,1298,280,180,354,https://www.twitch.tv/videos/2847526552
bdaa84ad3c7841d6a9ec8774ed9d40a9,5280,193305,300,180,900,https://www.youtube.com/watch?v=zIMAaMohtVI,295,144,900,https://www.youtube.com/watch?v=zIMAaMohtVI,435,180,435,https://www.youtube.com/watch?v=AbJYSFnuyU4,0,0,0,0,
7e088cf828bf4e02ae65bb8a1f6a8b89,5260,195811,102,17,139,https://www.youtube.com/watch?v=qtYNEnY_DRk,102,17,139,https://www.youtube.com/watch?v=qtYNEnY_DRk,0,0,0,,207,0,0,0,
1f2b5204983b4d5ebe0a9352de3a66f6,5260,120132,320,273,499,https://www.youtube.com/watch?v=hHZOfeTjSZM,320,273,499,https://www.youtube.com/watch?v=hHZOfeTjSZM,0,0,0,,0,0,0,0,
4cc400969073471f9d2808a807e95f7d,5240,593298,561,157,864,https://www.youtube.com/watch?v=3HH2t7qw-_0,348,130,348,https://www.youtube.com/watch?v=abrQS2na8jc,565,160,864,https://www.youtube.com/watch?v=3HH2t7qw-_0,0,0,0,0,
b6f8117355b24e9c8a8a4c813a72aec9,5220,658861,144,57,144,https://www.youtube.com/watch?v=w5Hxa5TLCUs,0,0,0,,144,57,144,https://www.youtube.com/watch?v=w5Hxa5TLCUs,1438,329,214,366,https://www.twitch.tv/videos/2844982850
44052b3832774bd7a4e4151f044c0901,5220,92090,0,0,0,,0,0,0,,0,0,0,,2020,0,0,0,
db1c4d81f03f4b04aca36b8b5b2b9c62,5210,139393,179,171,179,https://www.youtube.com/watch?v=wFZV9PnJ8cc,179,171,179,https://www.youtube.com/watch?v=wFZV9PnJ8cc,0,0,0,,452,0,0,0,
b58761a33d75486f8aa0bf3f5bf07fe5,5210,0,0,0,0,,0,0,0,,0,0,0,,1772,0,0,0,
cc2a13ac075e4640b19020a51dcf9d88,5210,141220,0,0,0,,0,0,0,,0,0,0,,569,76,52,124,https://www.twitch.tv/videos/2849669105
6b43c568bdf044e4a4ae0bae0cb9fff2,5210,207414,601,250,2031,https://www.youtube.com/watch?v=RsBWsTfeqO0,409,202,614,https://www.youtube.com/watch?v=Rvbyp1rieEI,1217,664,2031,https://www.youtube.com/watch?v=RsBWsTfeqO0,0,0,0,0,
f03fa714465e44ef8d339474bd0f4a02,5200,215119,303,183,1141,https://www.youtube.com/watch?v=PP7SlK9wYL0,237,127,341,https://www.youtube.com/watch?v=bDHYwQMaB_Q,1008,318,1141,https://www.youtube.com/watch?v=PP7SlK9wYL0,0,0,0,0,
def76c5c31fe4466b5ae6e6940ae6e58,5180,640431,362,160,947,https://www.youtube.com/watch?v=wa1h-15Dgnc,385,181,634,https://www.youtube.com/watch?v=_whceZTjZ1s,272,86,947,https://www.youtube.com/watch?v=wa1h-15Dgnc,0,0,0,0,
42b8bd7bed2a4ddd930cfd223657e9ca,5180,236832,271,110,1221,https://www.youtube.com/watch?v=HnXay_MlrmA,287,115,1221,https://www.youtube.com/watch?v=HnXay_MlrmA,97,63,97,https://www.youtube.com/watch?v=1GK1D2-_gYo,1437,325,255,448,https://www.twitch.tv/videos/2853122647
a1470eec8f9349668adfbad2f25329b1,5140,1049,0,0,0,,0,0,0,,0,0,0,,1415,0,0,0,
effe96469a7348c786d01ccea8cf71cb,5140,183528,0,0,0,,0,0,0,,0,0,0,,0,0,0,0,
74ef34317983453ab86223490eba4f6e,5140,183817,499,210,932,https://www.youtube.com/watch?v=YQEDdDSi2Gs,466,210,932,https://www.youtube.com/watch?v=YQEDdDSi2Gs,820,221,887,https://www.youtube.com/watch?v=KJUNytWOqFM,436,226,189,257,https://www.twitch.tv/videos/2853123936
8999cce711d64abfb6d451ca6172dd3e,5130,245622,557,294,7191,https://www.youtube.com/watch?v=gIVDoXJ-CBo,400,194,1300,https://www.youtube.com/watch?v=T1eSIEFHpVQ,1945,1387,7191,https://www.youtube.com/watch?v=gIVDoXJ-CBo,0,0,0,0,
29294f0665864cee8bb2b48697b9e84f,5120,310379,346,235,1955,https://www.youtube.com/watch?v=5OCa4D7EM8A,323,237,724,https://www.youtube.com/watch?v=DSDd466ZQ68,963,98,1955,https://www.youtube.com/watch?v=5OCa4D7EM8A,346,0,0,0,
c21d4186912d4652a7fb5a1b3ef382b6,5100,193801,93,48,244,https://www.youtube.com/watch?v=1ebgVcle7UQ,93,48,244,https://www.youtube.com/watch?v=1ebgVcle7UQ,0,0,0,,2976,232,158,415,https://www.twitch.tv/videos/2843269168
f819220249044c7ca97126c828833c9b,5090,0,0,0,0,,0,0,0,,0,0,0,,0,0,0,0,
fad69c2a625446829ef410d9ef277c8f,5050,168327,141,60,496,https://www.youtube.com/watch?v=7EV7r_K_SYg,146,61,496,https://www.youtube.com/watch?v=7EV7r_K_SYg,57,54,401,https://www.youtube.com/watch?v=onOBEbw6dfs,0,0,0,0,
b9569d6e438b473ba61d88c0230899f5,5020,283271,162,88,224,https://www.youtube.com/watch?v=x_PE8hmrstg,110,88,110,https://www.youtube.com/watch?v=dBmZIMdEgtE,193,119,224,https://www.youtube.com/watch?v=x_PE8hmrstg,0,0,0,0,
410a9fff47f5491d98c47a4fa25ddf83,5010,6936,0,0,0,,0,0,0,,0,0,0,,0,0,0,0,
3589be2c85dc460aa8de768c7a228730,5000,221700,103,50,163,https://www.youtube.com/watch?v=1EdXmlOnsQY,104,64,163,https://www.youtube.com/watch?v=1EdXmlOnsQY,21,0,24,https://www.youtube.com/watch?v=2TLv4V9lcdM,0,0,0,0,
36f4fa8dbd7740c3ae5ac02b890fa502,4960,311189,73,39,197,https://www.youtube.com/watch?v=LNoDvMPK9bE,89,41,197,https://www.youtube.com/watch?v=LNoDvMPK9bE,28,25,28,https://www.youtube.com/watch?v=F5lECfjVXd0,1066,0,0,0,
19c3bdcc95134ef38ad98df3f92f3ccb,4950,326494,0,0,0,,0,0,0,,0,0,0,,851,0,0,0,
8fd3526ba2074df896bbcb47e713565b,4940,121622,97,46,159,https://www.youtube.com/watch?v=TNWLJb5sX4g,93,45,159,https://www.youtube.com/watch?v=TNWLJb5sX4g,156,149,156,https://www.youtube.com/watch?v=LDZE4GmfSG8,0,0,0,0,
b2313ef4c37542c89796ae94dfb8228d,4930,193478,381,228,678,https://www.youtube.com/watch?v=eN_RiGzrEyk,381,228,678,https://www.youtube.com/watch?v=eN_RiGzrEyk,0,0,0,,518,452,321,556,https://www.twitch.tv/videos/2844040842
d0b68b633fba4c02a627751778973f36,4930,113053,171,33,171,https://www.youtube.com/watch?v=jQ5BWdAQbG4,171,33,171,https://www.youtube.com/watch?v=jQ5BWdAQbG4,0,0,0,,0,0,0,0,
94082eb7d950471b934592394ad3e4c8,4920,297298,0,0,0,,0,0,0,,0,0,0,,0,0,0,0,
a1bc1c5451e64266a0f21f0847dd8d2f,4920,182641,61,60,61,https://www.youtube.com/watch?v=bQTFYMRyV0U,61,60,61,https://www.youtube.com/watch?v=bQTFYMRyV0U,0,0,0,,491,12,11,258,https://www.twitch.tv/videos/2856019938
6fb8c6dea7404638a9d78d4b0d84f64c,4920,47097,662,151,693,https://www.youtube.com/watch?v=taGUx19L5eI,662,151,693,https://www.youtube.com/watch?v=taGUx19L5eI,0,0,0,,2828,0,0,0,
a9f1edc233804d4b90a9996219a3b14b,4910,254891,138,48,211,https://www.youtube.com/watch?v=-YICTFmhYUs,138,48,211,https://www.youtube.com/watch?v=-YICTFmhYUs,0,0,0,,0,0,0,0,
17610c1e36214c0f8002456d8b0bcf36,4910,190247,215,36,255,https://www.youtube.com/watch?v=ZoNRipjBlzw,215,36,255,https://www.youtube.com/watch?v=ZoNRipjBlzw,0,0,0,,0,0,0,0,
3c16d0b797bf49c3a4a6c043802ee2ec,4890,35143,0,0,0,,0,0,0,,0,0,0,,0,0,0,0,
9ceaafbe1a9a41bb9526b113354e03cc,4890,359995,250,66,1356,https://www.youtube.com/watch?v=-LefDGUSFUk,263,51,276,https://www.youtube.com/watch?v=BpD206ue-nk,113,66,1356,https://www.youtube.com/watch?v=-LefDGUSFUk,0,0,0,0,
32b83b466c11418bb380623a95944302,4870,389432,100,55,100,https://www.youtube.com/watch?v=HXTm4OCD514,0,0,0,,100,55,100,https://www.youtube.com/watch?v=HXTm4OCD514,3483,312,228,521,https://www.twitch.tv/videos/2842306349
3f36658defc1428b8d4628478ef59256,4870,469733,946,249,2309,https://www.youtube.com/watch?v=_Pyu4G8G3WI,895,283,2309,https://www.youtube.com/watch?v=_Pyu4G8G3WI,999,218,1190,https://www.youtube.com/watch?v=le-ZLMTWPAQ,0,0,0,0,
c0ea5a6a7ede42fca6f3c6c87fc9d72e,4870,189055,496,285,3007,https://www.youtube.com/watch?v=-W6AghfcYQw,453,246,1603,https://www.youtube.com/watch?v=u8jOrfqr2ds,1557,752,3007,https://www.youtube.com/watch?v=-W6AghfcYQw,0,0,0,0,
f9c9c29a9fb143539ade06564b99b233,4860,4265,0,0,0,,0,0,0,,0,0,0,,0,0,0,0,
a2c7c34474174cd2bffcc17a32aeec21,4860,331746,204,77,1882,https://www.youtube.com/watch?v=D3qJufd5TI8,196,72,309,https://www.youtube.com/watch?v=Lu-feWy8qP0,1183,1035,1882,https://www.youtube.com/watch?v=D3qJufd5TI8,1005,179,125,377,https://www.twitch.tv/videos/2853752527
bcbde4d998e341418ebdf3e26884811d,4840,163183,160,68,289,https://www.youtube.com/watch?v=4kOFzBbmifw,160,68,289,https://www.youtube.com/watch?v=4kOFzBbmifw,0,0,0,,0,0,0,0,
33e0b518387b4479a76910366cd2a413,4840,257417,76,44,193,https://www.youtube.com/watch?v=W-JDlKLqkTs,88,49,193,https://www.youtube.com/watch?v=W-JDlKLqkTs,17,11,17,https://www.youtube.com/watch?v=mP9y_YxmfZQ,389,25,17,907,https://www.twitch.tv/videos/2855133068
9de74d9cd68f481396a3dbd76d529a24,4830,215471,169,80,396,https://www.youtube.com/watch?v=NwlCNmF1KSY,169,80,396,https://www.youtube.com/watch?v=NwlCNmF1KSY,0,0,0,,0,0,0,0,
2e266a71aa3d4a67bb8d9a2a0b573319,4820,281302,0,0,0,,0,0,0,,0,0,0,,41589,1131,156,1494,https://www.twitch.tv/videos/2833424162
c6dab598fcee4b6b9bff76d2e8ffc8e6,4810,391036,1006,388,1651,https://www.youtube.com/watch?v=MOER0zkl19Y,57,7,72,https://www.youtube.com/watch?v=z1NZ2tVcupo,1041,455,1651,https://www.youtube.com/watch?v=MOER0zkl19Y,813,0,0,0,
3dd8c72cab6d494dbd6fbf0a0e3dc41a,4790,377367,184,103,3958,https://www.youtube.com/watch?v=c2kXDC7yJOc,139,78,1223,https://www.youtube.com/watch?v=8ItaCHFd0FU,1693,730,3958,https://www.youtube.com/watch?v=c2kXDC7yJOc,1405,211,154,375,https://www.twitch.tv/videos/2847588382
2d9ef8be75c34daf9ce9d17ecbbe0f7a,4790,705063,118,64,1409,https://www.youtube.com/watch?v=ntaGe4BJpTc,118,64,260,https://www.youtube.com/watch?v=3Kxit7s6Wxg,731,696,1409,https://www.youtube.com/watch?v=ntaGe4BJpTc,803,67,52,147,https://www.twitch.tv/videos/2846823792
ad6cf3322d204c79afa7d14d4d36473c,4790,368332,1833,893,2123,https://www.youtube.com/watch?v=9uFBnkCzZnA,0,0,0,,1833,893,2123,https://www.youtube.com/watch?v=9uFBnkCzZnA,0,0,0,0,
256dd6464e974e118dc8103d5e9eb0b3,4780,112124,0,0,0,,0,0,0,,0,0,0,,3829,893,602,1400,https://www.twitch.tv/videos/2846910182
20327c35cc9d4deba93299b790d7d721,4780,271064,122,33,176,https://www.youtube.com/watch?v=rDJcwTGoAyw,113,39,170,https://www.youtube.com/watch?v=2q08TkeEt8Y,176,33,176,https://www.youtube.com/watch?v=rDJcwTGoAyw,0,0,0,0,
4c8efd1d28d04eeabd21a3c337f154b9,4770,93706,215,81,332,https://www.youtube.com/watch?v=G5NdzK2Y0AI,215,81,332,https://www.youtube.com/watch?v=G5NdzK2Y0AI,0,0,0,,0,0,0,0,
592e95fcfa4e4610959b5635e449813d,4770,333506,350,270,370,https://www.youtube.com/watch?v=CZvdHIHjkNs,0,0,0,,350,270,370,https://www.youtube.com/watch?v=CZvdHIHjkNs,750,0,0,0,
e1b2337b79d1449e9ae6a754ec74050d,4770,629288,225,116,567,https://www.youtube.com/watch?v=Yr-BWCmKs0E,225,107,395,https://www.youtube.com/watch?v=4kUaRPkfK6M,567,352,567,https://www.youtube.com/watch?v=Yr-BWCmKs0E,0,0,0,0,
de81b740d66c439685aa37491d27efc4,4760,456961,0,0,0,,0,0,0,,0,0,0,,4304,205,148,250,https://www.twitch.tv/videos/2850457497
220353f9b2634c84953cc7d243fbc6a0,4750,253640,442,165,1644,https://www.youtube.com/watch?v=yrR72mP0YiA,422,148,978,https://www.youtube.com/watch?v=dR_oLs6_2eQ,1644,761,1644,https://www.youtube.com/watch?v=yrR72mP0YiA,93,0,0,0,
db4df79a2e664ebb96d1a0ce5e4c0e63,4730,306912,1937,844,29994,https://www.youtube.com/watch?v=3Ycr_uxpsBk,1526,725,2644,https://www.youtube.com/watch?v=Kj07T1b0N_g,6917,3343,29994,https://www.youtube.com/watch?v=3Ycr_uxpsBk,0,0,0,0,
2683fa864bd24112b6f7d04afb096a4e,4700,283770,294,127,322,https://www.youtube.com/watch?v=PuLDMSCq96k,294,127,322,https://www.youtube.com/watch?v=PuLDMSCq96k,0,0,0,,382,0,0,0,
a99bc695c89d41e391a5abf6e781c911,4670,374737,570,292,964,https://www.youtube.com/watch?v=Ra2iESmBL9I,0,0,0,,570,292,964,https://www.youtube.com/watch?v=Ra2iESmBL9I,0,0,0,0,
60ff50e95399472b96a6fbe83d75e806,4670,224281,310,185,1934,https://www.youtube.com/watch?v=LnojtYfRrTI,248,133,566,https://www.youtube.com/watch?v=YXSgBbJ7W9c,1243,689,1934,https://www.youtube.com/watch?v=LnojtYfRrTI,731,256,217,616,https://www.twitch.tv/videos/2845975329
de071f4fc90344748afac14099022672,4670,143626,1643,412,1923,https://www.youtube.com/watch?v=Hd5KFrg40Qk,0,0,0,,1643,412,1923,https://www.youtube.com/watch?v=Hd5KFrg40Qk,11042,3762,1977,15324,https://www.twitch.tv/videos/2848150365
b516b71a9e8d43b8a377dabe1f9057dd,4650,131300,137,68,4905,https://www.youtube.com/watch?v=7jqB5xvYqSw,109,57,164,https://www.youtube.com/watch?v=uD0oubotbAw,181,69,4905,https://www.youtube.com/watch?v=7jqB5xvYqSw,580,61,46,108,https://www.twitch.tv/videos/2855961563
4762b7be8b764f19a33a7cf167c2ea64,4650,69632,222,36,381,https://www.youtube.com/watch?v=sHnfwm-C5n8,64,2,64,https://www.youtube.com/watch?v=-wkJ-B4rjHo,381,70,381,https://www.youtube.com/watch?v=sHnfwm-C5n8,0,0,0,0,
d66fb507852f4d889e426c8ea0f9f246,4650,220182,515,305,2098,https://www.youtube.com/watch?v=Ia_GTqo-L50,369,126,515,https://www.youtube.com/watch?v=BaRb9NJT1uk,1352,560,2098,https://www.youtube.com/watch?v=Ia_GTqo-L50,581,74,66,74,https://www.twitch.tv/videos/2853420889
53d808d5b57f452a96d67861f3da1f8c,4640,233398,424,177,1291,https://www.youtube.com/watch?v=pSU-muSZCmw,419,171,1291,https://www.youtube.com/watch?v=pSU-muSZCmw,898,556,898,https://www.youtube.com/watch?v=kcbAwA3mELk,284,0,0,0,
b3c1a09b09a54b9a8078d3310d151efe,4640,124926,107,79,209,https://www.youtube.com/watch?v=LWisO5E3dmo,107,79,209,https://www.youtube.com/watch?v=LWisO5E3dmo,0,0,0,,0,0,0,0,
ffb8b8f15321474a98628cb638631bf1,4640,865752,20,19,20,https://www.youtube.com/watch?v=_Puo6G5vGk8,0,0,0,,20,19,20,https://www.youtube.com/watch?v=_Puo6G5vGk8,0,0,0,0,
0ede84dfc1ff426cb42643d7390d2937,4640,748520,220,111,644,https://www.youtube.com/watch?v=OsRZQhT93Mo,220,111,644,https://www.youtube.com/watch?v=OsRZQhT93Mo,0,0,0,,1759,174,114,271,https://www.twitch.tv/videos/2848672943
3a43445829024217b728d04d5398b61c,4620,234066,216,135,459,https://www.youtube.com/watch?v=Pzbj3H3-RWU,216,135,459,https://www.youtube.com/watch?v=Pzbj3H3-RWU,0,0,0,,0,0,0,0,
98181ce64b3d45a9aa295c446e1bae9e,4610,119068,0,0,0,,0,0,0,,0,0,0,,572,0,0,0,
f9c7e5b8bcae492aa838379fb3190c20,4600,212605,0,0,0,,0,0,0,,0,0,0,,0,0,0,0,
7f049d05ff3a4946998b9ddd7df409fd,4600,166318,167,87,1298,https://www.youtube.com/watch?v=_QY6akB6M7g,133,75,243,https://www.youtube.com/watch?v=-rduNmavhxI,1152,869,1298,https://www.youtube.com/watch?v=_QY6akB6M7g,2426,114,97,279,https://www.twitch.tv/videos/2848681752
6073eb006b764614915e90b5c54ce7e6,4580,298710,0,0,0,,0,0,0,,0,0,0,,3377,217,168,447,https://www.twitch.tv/videos/2854967921
1aac7d12633a48c2b8f39356ee85de48,4570,124683,0,0,0,,0,0,0,,0,0,0,,2413,0,0,0,
73827056b15849549388f720dde25c01,4540,244475,217,127,448,https://www.youtube.com/watch?v=I-K4e07W8oI,218,116,386,https://www.youtube.com/watch?v=8JQwTlgYMVI,176,135,448,https://www.youtube.com/watch?v=I-K4e07W8oI,0,0,0,0,
d41f0a9dfdec46929f6f9534f8d79167,4540,65254,0,0,0,,0,0,0,,0,0,0,,0,0,0,0,
58bb51ba1bba485a98cbf859fb5687f4,4520,612153,850,172,2005,https://www.youtube.com/watch?v=0pm8L6946uo,98,51,145,https://www.youtube.com/watch?v=pZCNm05M-RQ,1272,675,2005,https://www.youtube.com/watch?v=0pm8L6946uo,1848,0,0,0,
00d9cb7b0bcd451999f4fd33dd84be6c,4520,814632,529,253,1331,https://www.youtube.com/watch?v=Urka3W0klpI,527,263,1128,https://www.youtube.com/watch?v=CnUulygBNow,1331,117,1331,https://www.youtube.com/watch?v=Urka3W0klpI,5128,596,282,90070,https://www.twitch.tv/videos/2843970401
52b5fa7ff03945368644f52035a5e798,4500,367142,215,74,293,https://www.youtube.com/watch?v=NNxZPSU42kU,215,74,293,https://www.youtube.com/watch?v=NNxZPSU42kU,0,0,0,,0,0,0,0,
c90914afde364f5e982414615662f5a7,4460,386140,148,88,237,https://www.youtube.com/watch?v=0GW_JIT3ceE,148,88,237,https://www.youtube.com/watch?v=0GW_JIT3ceE,0,0,0,,1934,184,157,653,https://www.twitch.tv/videos/2851387587
4f5a88e0193a4c948f7e84c56303db82,4460,127870,179,102,525,https://www.youtube.com/watch?v=9QeTj4cHwlo,225,119,525,https://www.youtube.com/watch?v=9QeTj4cHwlo,115,56,307,https://www.youtube.com/watch?v=cu5IGD3pH4c,0,0,0,0,
443df65de03b4bd581708efc29b283ab,4460,71656,0,0,0,,0,0,0,,0,0,0,,2196,0,0,0,
50433c34f368460c9cda947f292a62b4,4460,354196,408,208,717,https://www.youtube.com/watch?v=ciWL81aSo78,408,208,717,https://www.youtube.com/watch?v=ciWL81aSo78,0,0,0,,0,0,0,0,
cbba76fd34d74307a9f826e03b8e4db5,4450,209273,384,148,30971,https://www.youtube.com/watch?v=6aFYMFC3YME,357,101,562,https://www.youtube.com/watch?v=ZUtvnJNCgw0,1761,685,30971,https://www.youtube.com/watch?v=6aFYMFC3YME,861,358,256,505,https://www.twitch.tv/videos/2843167498
0fa88d7be0ba4850abea150aa73fe440,4440,261957,0,0,0,,0,0,0,,0,0,0,,0,0,0,0,
637b3a1eb03443248ebd1caba56e6b5a,4410,215049,361,177,585,https://www.youtube.com/watch?v=uGEgZD9JCc4,361,177,585,https://www.youtube.com/watch?v=uGEgZD9JCc4,0,0,0,,0,0,0,0,
9d74c909706a450ea35c1777cac79e77,4400,511162,284,132,1908,https://www.youtube.com/watch?v=NPhbT1g0x9M,284,126,546,https://www.youtube.com/watch?v=MbBouldCNYw,680,509,1908,https://www.youtube.com/watch?v=NPhbT1g0x9M,876,135,80,153,https://www.twitch.tv/videos/2843185240
ccc1420185ad46d49d40b6b774db9b11,4400,249605,123,46,146,https://www.youtube.com/watch?v=_oRPpTnwxDw,123,46,146,https://www.youtube.com/watch?v=_oRPpTnwxDw,0,0,0,,786,48,29,118,https://www.twitch.tv/videos/2854240026
f18910b4b83a48558f16836f4c1488eb,4390,178443,1144,439,3236,https://www.youtube.com/watch?v=x0nzJ4EKFLU,847,256,1144,https://www.youtube.com/watch?v=gTv_TsJVOOI,3236,2761,3236,https://www.youtube.com/watch?v=x0nzJ4EKFLU,0,0,0,0,
627d42f52e604f3e8eadc7f04ef74d2a,4390,215540,0,0,0,,0,0,0,,0,0,0,,3665,359,119,825,https://www.twitch.tv/videos/2843017698
f53e734fd8ec432da4632f30e899338b,4380,51864,0,0,0,,0,0,0,,0,0,0,,0,0,0,0,
98187e2cc8c34f5d8e0853bffc1a30c9,4370,151924,141,99,141,https://www.youtube.com/watch?v=wiv-JUeqcpY,141,99,141,https://www.youtube.com/watch?v=wiv-JUeqcpY,0,0,0,,0,0,0,0,
5fd252ad134343a59705e00390c6d9ef,4360,117912,0,0,0,,0,0,0,,0,0,0,,1716,0,0,0,
16197a62aec94bcfa2e73220f291369b,4350,84614,0,0,0,,0,0,0,,0,0,0,,0,0,0,0,
c17ad3ef81904c26982024c9af1f0f3a,4330,186240,245,91,2034,https://www.youtube.com/watch?v=m4aLQUbqjsQ,114,44,139,https://www.youtube.com/watch?v=LzcGLDXGlQ4,926,642,2034,https://www.youtube.com/watch?v=m4aLQUbqjsQ,3547,281,221,1667,https://www.twitch.tv/videos/2853178806
7b2d1d71057b4ac2a16109b980a99e28,4320,279449,861,146,3288,https://www.youtube.com/watch?v=9jWUGrpMo-Y,146,89,190,https://www.youtube.com/watch?v=wrsgHRcyZyA,1661,446,3288,https://www.youtube.com/watch?v=9jWUGrpMo-Y,0,0,0,0,
f658ebdc79bf4cef928a87d3a35855a5,4320,83709,21,14,21,https://www.youtube.com/watch?v=SK2us7h1-mA,21,14,21,https://www.youtube.com/watch?v=SK2us7h1-mA,0,0,0,,0,0,0,0,
4e4721deba7c4681b1172714a29e6f19,4310,288072,456,144,2449,https://www.youtube.com/watch?v=xax43knQY7A,456,144,591,https://www.youtube.com/watch?v=PyQNQu5Fcj4,1296,263,2449,https://www.youtube.com/watch?v=xax43knQY7A,0,0,0,0,
ec12bbfb27d24091aa6a7d64ff9429ea,4300,112287,0,0,0,,0,0,0,,0,0,0,,5710,492,266,3129,https://www.twitch.tv/videos/2851909197
58e377df63f745fc8473368b20afe2ae,4290,235769,67,29,150,https://www.youtube.com/watch?v=9TsIFxUuxtk,67,29,150,https://www.youtube.com/watch?v=9TsIFxUuxtk,0,0,0,,307,7,6,7,https://www.twitch.tv/videos/2855226509
836fc798e2ec48b9985333de75d490ac,4290,392222,0,0,0,,0,0,0,,0,0,0,,0,0,0,0,
f4fc9f87ed4b4f05a339b1f1a1d621b6,4290,92307,0,0,0,,0,0,0,,0,0,0,,0,0,0,0,
caebfeea12c840f0ae0f0e2beb57b4e2,4280,227035,0,0,0,,0,0,0,,0,0,0,,0,0,0,0,
81387cdce77a4a9b9338145b28ae9ff6,4270,0,0,0,0,,0,0,0,,0,0,0,,0,0,0,0,
ba41581d315943fdaebe0dc981020d1c,4260,243774,704,142,1362,https://www.youtube.com/watch?v=SmZHGDPDmyM,91,25,95,https://www.youtube.com/watch?v=icGXwtqmmw8,1337,555,1362,https://www.youtube.com/watch?v=SmZHGDPDmyM,0,0,0,0,
90446c6f1b704ff6b0fbbf017f0a68c5,4230,157716,421,125,564,https://www.youtube.com/watch?v=Zmt7Cfsd6qU,421,125,564,https://www.youtube.com/watch?v=Zmt7Cfsd6qU,0,0,0,,0,0,0,0,
872627e5c7a248bfb41a055dee03029a,4230,141541,195,22,1281,https://www.youtube.com/watch?v=pInw-Oxd7iw,0,0,0,,195,22,1281,https://www.youtube.com/watch?v=pInw-Oxd7iw,761,0,0,0,
c16daca9d8b84b18a38ab97cdcd7577a,4230,418213,222,102,2929,https://www.youtube.com/watch?v=qjx8_DxIqIU,216,99,569,https://www.youtube.com/watch?v=5fXb8S3goKI,2929,2372,2929,https://www.youtube.com/watch?v=qjx8_DxIqIU,0,0,0,0,
01bebf0363a94b16b2313053c90a1c8a,4220,132084,201,65,1928,https://www.youtube.com/watch?v=subFdzMkHPo,184,65,184,https://www.youtube.com/watch?v=I2GildcsJek,596,235,1928,https://www.youtube.com/watch?v=subFdzMkHPo,544,147,106,147,https://www.twitch.tv/videos/2848664814
3e340f9122814acc84ff51a0aec8ae13,4200,133968,0,0,0,,0,0,0,,0,0,0,,0,0,0,0,
62f0f99b50d84bef91d06efdfe1c011e,4190,126324,0,0,0,,0,0,0,,0,0,0,,0,0,0,0,
16b8db1818764f81addb322d109b5da3,4190,249149,235,114,292,https://www.youtube.com/watch?v=pYTSwjd7cik,235,114,292,https://www.youtube.com/watch?v=pYTSwjd7cik,0,0,0,,0,0,0,0,
4d9730dc400443e6b8edb719febd5f46,4170,93929,83,74,83,https://www.youtube.com/watch?v=sDS6LO69Uk8,83,74,83,https://www.youtube.com/watch?v=sDS6LO69Uk8,0,0,0,,776,0,0,0,
c21605e81c714d7d9d66a627984dc30b,4160,0,0,0,0,,0,0,0,,0,0,0,,0,0,0,0,
0490d9546bce4068a0f52b39046bdf91,4160,117032,0,0,0,,0,0,0,,0,0,0,,4452,0,0,0,
613b1c970cbf444980eba674ab40d807,4150,154355,0,0,0,,0,0,0,,0,0,0,,0,0,0,0,
9c1450789da443f491a66e6f121482fc,4150,379507,308,88,572,https://www.youtube.com/watch?v=R5hvdvgof0c,320,109,572,https://www.youtube.com/watch?v=R5hvdvgof0c,102,45,121,https://www.youtube.com/watch?v=ZNs_QenA-As,387,0,0,0,
eda6bf91049349e08f0f269fb4f8c0f9,4130,169038,40,22,606,https://www.youtube.com/watch?v=vxbV5NkOIoA,38,19,72,https://www.youtube.com/watch?v=siZGfTeOxcw,349,287,606,https://www.youtube.com/watch?v=vxbV5NkOIoA,257,28,20,46,https://www.twitch.tv/videos/2853278073
8b027d3a3f374c9c8398b6dd751e5018,4120,14159,126,19,126,https://www.youtube.com/watch?v=IQSxBFodfd0,0,0,0,,126,19,126,https://www.youtube.com/watch?v=IQSxBFodfd0,37298,870,397,1482,https://www.twitch.tv/videos/2854887052
cd44db2c12a54568963299704aa8d4a6,4120,106824,0,0,0,,0,0,0,,0,0,0,,324,0,0,0,
c9ac78b9004c4c26ba4107ccefe399ec,4100,175825,88,38,618,https://www.youtube.com/watch?v=AwNuGj3zp0Q,84,37,155,https://www.youtube.com/watch?v=ysW0woWLKWQ,618,150,618,https://www.youtube.com/watch?v=AwNuGj3zp0Q,0,0,0,0,
65d2f574783c4c6297aaa915a891acda,4100,14953,0,0,0,,0,0,0,,0,0,0,,0,0,0,0,
d177ac8568a14720b35bcc1a829aff51,4090,159121,358,83,519,https://www.youtube.com/watch?v=w0clqN-h9jQ,358,83,519,https://www.youtube.com/watch?v=w0clqN-h9jQ,0,0,0,,0,0,0,0,
ba5ed25718a7421cb15cd0ec62df723e,4070,166030,308,156,2386,https://www.youtube.com/watch?v=K-zRUcQpStM,308,156,2386,https://www.youtube.com/watch?v=K-zRUcQpStM,0,0,0,,497,0,0,0,
c396dafdab3547259c0447ff82f278c2,4060,281257,681,364,13464,https://www.youtube.com/watch?v=C_YDlNyZiqI,656,385,2815,https://www.youtube.com/watch?v=wqB1MSkYEWA,13464,271,13464,https://www.youtube.com/watch?v=C_YDlNyZiqI,345,24,18,263,https://www.twitch.tv/videos/2849680596
780f8a72bb1543a79feb5730b42130c6,4040,287562,310,61,451,https://www.youtube.com/watch?v=hbcMFdmxpFI,247,67,451,https://www.youtube.com/watch?v=hbcMFdmxpFI,315,61,336,https://www.youtube.com/watch?v=EBxvEOoRbUE,0,0,0,0,
4a44ee7065ae41ad8d70469297599df8,4040,1133346,34,25,64,https://www.youtube.com/watch?v=7yIlzWnpc_A,34,25,64,https://www.youtube.com/watch?v=7yIlzWnpc_A,0,0,0,,0,0,0,0,
4b8f55c74e594978bb461a27b3924336,4030,113613,178,90,260,https://www.youtube.com/watch?v=qUIF1f0hzS4,178,90,260,https://www.youtube.com/watch?v=qUIF1f0hzS4,0,0,0,,829,0,0,0,
6bf5f37da9e74d539963689b6b0256a5,4020,527789,230,124,2180,https://www.youtube.com/watch?v=kQ4pGs_ovwQ,185,92,255,https://www.youtube.com/watch?v=Y03b0UFZ6m8,1371,704,2180,https://www.youtube.com/watch?v=kQ4pGs_ovwQ,0,0,0,0,
53335d77cc69488c8b49ec97548c3297,4020,74943,589,302,2110,https://www.youtube.com/watch?v=mt0bXnxang0,529,257,2110,https://www.youtube.com/watch?v=mt0bXnxang0,1801,570,1979,https://www.youtube.com/watch?v=Lx2VSanCHAk,0,0,0,0,
48fd85a178c24579ac7d8f43f1e5bc39,4010,164195,0,0,0,,0,0,0,,0,0,0,,177,0,0,0,
c371d4c7f516451bac8ae3a9a13dc7f2,4010,132476,146,35,278,https://www.youtube.com/watch?v=MuLkVjO4m7Q,146,35,278,https://www.youtube.com/watch?v=MuLkVjO4m7Q,0,0,0,,1633,142,116,222,https://www.twitch.tv/videos/2854257065
5b85294949544a5f8855715acadf66a5,3980,158184,180,81,2682,https://www.youtube.com/watch?v=uSJprKeCNPQ,125,67,405,https://www.youtube.com/watch?v=Kcc_V1undxg,2162,932,2682,https://www.youtube.com/watch?v=uSJprKeCNPQ,1996,137,79,151,https://www.twitch.tv/videos/2855125773
2f80e2f83d254bbdbf48b9c8b3fca995,3970,174361,171,85,319,https://www.youtube.com/watch?v=b5NGNEXWmNg,171,85,319,https://www.youtube.com/watch?v=b5NGNEXWmNg,0,0,0,,0,0,0,0,
5cff30a1695346368e3ea7a7c7af4286,3950,436559,56,35,1845,https://www.youtube.com/watch?v=35FafigIt3E,50,31,106,https://www.youtube.com/watch?v=sJ6ew-Q5QWA,1269,787,1845,https://www.youtube.com/watch?v=35FafigIt3E,767,0,0,0,
0df008566e92461eb808c5b3ba9c7f0f,3940,134917,59,30,81,https://www.youtube.com/watch?v=GnonRHg42Rw,61,33,81,https://www.youtube.com/watch?v=GnonRHg42Rw,30,18,30,https://www.youtube.com/watch?v=p9L0jwd69Hs,0,0,0,0,
445a732fc0f64712b3213b4cd98fbdd3,3940,168984,294,139,1814,https://www.youtube.com/watch?v=RRxOn93PDOE,276,133,1814,https://www.youtube.com/watch?v=RRxOn93PDOE,584,497,1117,https://www.youtube.com/watch?v=YRxQulGFpek,991,592,328,803,https://www.twitch.tv/videos/2848625997
9db6beb02e774aa7a97ba8674a5a8f9d,3930,82528,0,0,0,,0,0,0,,0,0,0,,197,0,0,0,
ed4666af39034d54913aba64cfea6f47,3930,378308,270,110,633,https://www.youtube.com/watch?v=cbuDWK-wCv8,270,110,633,https://www.youtube.com/watch?v=cbuDWK-wCv8,0,0,0,,1105,0,0,0,
6b8922c9532e435eb4f03cabc8bb23b1,3910,136006,0,0,0,,0,0,0,,0,0,0,,0,0,0,0,
f332651666ff4dcfab45f08a39a62d8d,3900,0,0,0,0,,0,0,0,,0,0,0,,0,0,0,0,
9881cf3008684e55aea70a2499e84163,3900,504913,180,57,1759,https://www.youtube.com/watch?v=if9l9cANf_I,99,46,202,https://www.youtube.com/watch?v=V80mXfDa9dk,997,265,1759,https://www.youtube.com/watch?v=if9l9cANf_I,183,66,58,97,https://www.twitch.tv/videos/2850580503
42e2bc7c16734352b2e18a82e48844ec,3890,574890,219,115,847,https://www.youtube.com/watch?v=pcMQ8CG3JF4,219,115,847,https://www.youtube.com/watch?v=pcMQ8CG3JF4,0,0,0,,0,0,0,0,
99cc071a06b949bf8515609757fa9d7e,3850,166801,0,0,0,,0,0,0,,0,0,0,,469,0,0,0,
7caa52181a744f68be9e3995c7adec24,3840,55514,182,108,388,https://www.youtube.com/watch?v=K0oVA9KYNGw,226,117,388,https://www.youtube.com/watch?v=K0oVA9KYNGw,138,99,138,https://www.youtube.com/watch?v=6plLmcVmUB4,0,0,0,0,
7ddebf4d8f6d4c63a4fc7268d8113c10,3840,487908,936,896,936,https://www.youtube.com/watch?v=QpHbpxy9g1c,0,0,0,,936,896,936,https://www.youtube.com/watch?v=QpHbpxy9g1c,6975,1557,638,3013,https://www.twitch.tv/videos/2854157300
a03628db891e4e8c9a54bc5161f1f2f4,3840,195658,21,15,1692,https://www.youtube.com/watch?v=aQJ_Z73fIXU,0,0,0,,21,15,1692,https://www.youtube.com/watch?v=aQJ_Z73fIXU,676,111,89,478,https://www.twitch.tv/videos/2846751397
3727892a417b429aa063c7300e132966,3830,227027,0,0,0,,0,0,0,,0,0,0,,0,0,0,0,
20f361a84fb3439999c550c10fcf5642,3820,89518,0,0,0,,0,0,0,,0,0,0,,1660,197,103,197,https://www.twitch.tv/videos/2843268247
edbd401267284e8886c1fd27d08283d4,3810,71563,0,0,0,,0,0,0,,0,0,0,,1025,0,0,0,
368336c76b5b4ba1b28e5381d0b8b26d,3810,148692,0,0,0,,0,0,0,,0,0,0,,0,0,0,0,
3a4fe2f4720747ceabc87b3327ab2b17,3800,105256,107,21,157,https://www.youtube.com/watch?v=dyBxL-3uKGI,157,25,157,https://www.youtube.com/watch?v=dyBxL-3uKGI,58,18,58,https://www.youtube.com/watch?v=GEPu8q346_4,0,0,0,0,
db4fd03c50654057bd32b9201666b345,3780,190751,0,0,0,,0,0,0,,0,0,0,,2289,0,0,0,
64bba754590e41c5b58df1c536d4e865,3750,141994,175,106,1957,https://www.youtube.com/watch?v=wggi-KC4eho,173,86,239,https://www.youtube.com/watch?v=ah_PuR6ckKs,1957,361,1957,https://www.youtube.com/watch?v=wggi-KC4eho,855,501,258,692,https://www.twitch.tv/videos/2848532434
dadb89bee9044261848ad444625d94f7,3750,43513,47,11,113,https://www.youtube.com/watch?v=Xj3P3WDBOsE,47,11,113,https://www.youtube.com/watch?v=Xj3P3WDBOsE,0,0,0,,0,0,0,0,
342b158ba02d4103a1407d62fe786f5e,3750,180996,39,10,39,https://www.youtube.com/watch?v=wxufUOJeZvY,39,10,39,https://www.youtube.com/watch?v=wxufUOJeZvY,0,0,0,,1619,0,0,0,
907d39ec8a394cdcb645bd4b2e6351e7,3750,108102,125,99,215,https://www.youtube.com/watch?v=BuaCeQceb2U,125,99,215,https://www.youtube.com/watch?v=BuaCeQceb2U,0,0,0,,0,0,0,0,
286c24a67720434bbb4290d49fb42a54,3740,217567,123,48,2877,https://www.youtube.com/watch?v=s2A1uVMXtEE,102,40,233,https://www.youtube.com/watch?v=H123dC487N4,2877,298,2877,https://www.youtube.com/watch?v=s2A1uVMXtEE,0,0,0,0,
c01af5d5f9b74ac29b51dcae0dc55a2d,3730,299819,0,0,0,,0,0,0,,0,0,0,,0,0,0,0,
601b56797a3246f49cead93e9e190a49,3730,149985,0,0,0,,0,0,0,,0,0,0,,0,0,0,0,
644ed2200e8a446bae2920103d1015e3,3730,146089,92,58,1137,https://www.youtube.com/watch?v=CS_toqA93X4,89,56,142,https://www.youtube.com/watch?v=y7Jjq5eAci0,214,159,1137,https://www.youtube.com/watch?v=CS_toqA93X4,0,0,0,0,
8b69d6c508194b93b14fc056038160ab,3710,82268,140,49,247,https://www.youtube.com/watch?v=9SuiBnS3qzQ,140,49,247,https://www.youtube.com/watch?v=9SuiBnS3qzQ,0,0,0,,1952,0,0,0,
b211eff7fcd04d47b81ed440890edabb,3710,97962,0,0,0,,0,0,0,,0,0,0,,372,0,0,0,
a246e7561e5f40799a48eeca69951b7b,3700,186470,154,61,221,https://www.youtube.com/watch?v=BiHzBgzC5pA,154,61,221,https://www.youtube.com/watch?v=BiHzBgzC5pA,0,0,0,,129,0,0,0,
b1c9458ca89b44bab0f09883ef40c45c,3690,130869,153,50,338,https://www.youtube.com/watch?v=Xr_6_KBc_o0,153,93,234,https://www.youtube.com/watch?v=LudRXUW-qVE,159,28,338,https://www.youtube.com/watch?v=Xr_6_KBc_o0,0,0,0,0,
e76a030f33bc48a58257b261f95ee3af,3680,150319,107,20,156,https://www.youtube.com/watch?v=PinbQHrgBEA,107,20,156,https://www.youtube.com/watch?v=PinbQHrgBEA,0,0,0,,0,0,0,0,
5f9767b104b54292bf6dd29863c0c6b1,3680,382915,170,61,1763,https://www.youtube.com/watch?v=ocrnHui9894,90,37,191,https://www.youtube.com/watch?v=HIJMBOvW6U8,1255,723,1763,https://www.youtube.com/watch?v=ocrnHui9894,0,0,0,0,
d78d72ce0aac4c9d9c5c16604209ced3,3650,194474,372,228,1761,https://www.youtube.com/watch?v=VJA9CB4E9UU,330,170,766,https://www.youtube.com/watch?v=xCi4nhBS2Ms,1515,608,1761,https://www.youtube.com/watch?v=VJA9CB4E9UU,0,0,0,0,
a55a6a4b6453413cb8b1dc69423b67d5,3640,426011,337,179,800,https://www.youtube.com/watch?v=kgTAeJTQilc,337,179,800,https://www.youtube.com/watch?v=kgTAeJTQilc,0,0,0,,0,0,0,0,
f94ba8ea1a5441c4852d53e8f528ee20,3620,271096,422,200,1883,https://www.youtube.com/watch?v=432Ca6FAEdQ,357,190,600,https://www.youtube.com/watch?v=yGtBO7SSRx4,1743,1317,1883,https://www.youtube.com/watch?v=432Ca6FAEdQ,582,0,0,0,
b95eb39c5bb74de687696afbc31fb836,3620,103792,261,246,261,https://www.youtube.com/watch?v=PoG8WjjuRJA,261,246,261,https://www.youtube.com/watch?v=PoG8WjjuRJA,0,0,0,,445,229,171,296,https://www.twitch.tv/videos/2853329832
de362d2d371446d898953e74e27abd2a,3610,458934,134,72,346,https://www.youtube.com/watch?v=eQfW5o9otFs,134,72,346,https://www.youtube.com/watch?v=eQfW5o9otFs,0,0,0,,0,0,0,0,
f5a683eeac6b4936b44d547c1e4edbc2,3610,100468,92,50,2267,https://www.youtube.com/watch?v=y5i8SVXvQCU,83,48,201,https://www.youtube.com/watch?v=qIw_wtbvy7A,1790,626,2267,https://www.youtube.com/watch?v=y5i8SVXvQCU,180,67,55,86,https://www.twitch.tv/videos/2847604765
bc70de85cb744f13bffae8a81ebd6bb4,3600,92943,0,0,0,,0,0,0,,0,0,0,,0,0,0,0,
f3085e3337f34b178380b52e3ca429af,3590,185645,500,277,1353,https://www.youtube.com/watch?v=Bae23iz3jUM,546,466,1353,https://www.youtube.com/watch?v=Bae23iz3jUM,500,130,704,https://www.youtube.com/watch?v=fFvgzGOw8Qw,1038,0,0,0,
c2bbc6bca92c4825b72d635634197e2b,3590,226766,78,63,148,https://www.youtube.com/watch?v=psPNZwxXnAw,78,63,148,https://www.youtube.com/watch?v=psPNZwxXnAw,0,0,0,,0,0,0,0,
8961bc96eec34a99ad58505bae3f58f1,3580,160578,172,105,226,https://www.youtube.com/watch?v=dGO7qhs0Phc,172,105,226,https://www.youtube.com/watch?v=dGO7qhs0Phc,0,0,0,,0,0,0,0,
e93734c51e5141419d44dc147f1c5420,3570,57846,0,0,0,,0,0,0,,0,0,0,,0,0,0,0,
8c25e14dcc3a4f71895d58924c69dc0a,3550,191326,972,467,2786,https://www.youtube.com/watch?v=fzYEUvjpINI,811,372,1133,https://www.youtube.com/watch?v=yVIvwZotDIM,2786,959,2786,https://www.youtube.com/watch?v=fzYEUvjpINI,0,0,0,0,
430b173ad3134b729f78b96cdbed3585,3550,191237,0,0,0,,0,0,0,,0,0,0,,12134,1271,537,1880,https://www.twitch.tv/videos/2855729595
4c34c44a98974b709f7dbc7618847fd6,3540,302486,364,229,1664,https://www.youtube.com/watch?v=YnFPTJFn4IU,0,0,0,,364,229,1664,https://www.youtube.com/watch?v=YnFPTJFn4IU,11561,851,386,1068,https://www.twitch.tv/videos/2849562491
edf9e466820347828b0d2d10e5e9bb72,3540,233910,37,13,53,https://www.youtube.com/watch?v=9CAiMEmE-oo,37,13,53,https://www.youtube.com/watch?v=9CAiMEmE-oo,0,0,0,,496,0,0,0,
9379ed7f979440218e22b8db58dd0dd1,3540,219960,201,124,274,https://www.youtube.com/watch?v=HgSPmldH_Yo,201,124,274,https://www.youtube.com/watch?v=HgSPmldH_Yo,0,0,0,,607,0,0,0,
101cdaf175c643c888d0d33bdab5da15,3530,208286,426,315,2662,https://www.youtube.com/watch?v=hJxM7fGMf4I,413,224,1889,https://www.youtube.com/watch?v=a1KmHMHilFk,2224,1306,2662,https://www.youtube.com/watch?v=hJxM7fGMf4I,379,138,103,249,https://www.twitch.tv/videos/2845772034
54b0131ceb734643b23b1eefee31cca0,3530,272919,189,167,189,https://www.youtube.com/watch?v=n-gCQzxZJe8,0,0,0,,189,167,189,https://www.youtube.com/watch?v=n-gCQzxZJe8,743,0,0,0,
01ba034aab854ec680fe6f1ddc7008e2,3530,172642,84,37,117,https://www.youtube.com/watch?v=nGFPvk_7L9o,84,37,117,https://www.youtube.com/watch?v=nGFPvk_7L9o,0,0,0,,0,0,0,0,
9ad37d3249e24861bc8cb84368883258,3530,220734,95,43,299,https://www.youtube.com/watch?v=NqYtbcO8_FU,89,37,211,https://www.youtube.com/watch?v=sok-eWY_sl8,283,67,299,https://www.youtube.com/watch?v=NqYtbcO8_FU,0,0,0,0,
de7f8ba1753d4e4cb95e6ac99007eacc,3520,104285,196,102,1077,https://www.youtube.com/watch?v=78LPGZfYvvg,196,102,460,https://www.youtube.com/watch?v=Vg6Nq5KXA3s,379,233,1077,https://www.youtube.com/watch?v=78LPGZfYvvg,0,0,0,0,
041976bda8b8410a99af25fc4cb87970,3500,124089,0,0,0,,0,0,0,,0,0,0,,133,0,0,0,
5da1b6db7796434f9180d2f5e210ea6c,3500,298335,750,134,18965,https://www.youtube.com/watch?v=tKRX_wvdnl8,94,46,185,https://www.youtube.com/watch?v=smeIyEcKVD4,1633,943,18965,https://www.youtube.com/watch?v=tKRX_wvdnl8,0,0,0,0,
dd0401d23f5444c69b9d10db3b22d444,3500,151557,128,76,1444,https://www.youtube.com/watch?v=WEg-jE6bUV0,128,76,281,https://www.youtube.com/watch?v=bXiPlBQDcug,652,88,1444,https://www.youtube.com/watch?v=WEg-jE6bUV0,24,0,0,0,
7e8fe40622974698a75d14d78006e009,3500,255099,470,230,2675,https://www.youtube.com/watch?v=nXk78xaoKJ4,414,216,2675,https://www.youtube.com/watch?v=nXk78xaoKJ4,1452,1044,2076,https://www.youtube.com/watch?v=dT5P8ZcXN9U,2743,966,776,1444,https://www.twitch.tv/videos/2853941117
f45249f9d8094f9d85f6d02aec4af029,3500,775733,59,15,152,https://www.youtube.com/watch?v=YrG7fH6_bmE,68,23,152,https://www.youtube.com/watch?v=YrG7fH6_bmE,25,8,35,https://www.youtube.com/watch?v=SBKr1pCqvxE,0,0,0,0,
07b9e0f7118446be96cc2d12f5d8ad02,3480,132908,0,0,0,,0,0,0,,0,0,0,,12135,0,0,0,
4b79f7afd84a42b98d11bd1c5cb6478c,3470,94691,0,0,0,,0,0,0,,0,0,0,,0,0,0,0,
4d347ba9ca0c41c59cda553ebe4af5b1,3470,143070,96,43,121,https://www.youtube.com/watch?v=c9DD_vdGR2c,96,43,121,https://www.youtube.com/watch?v=c9DD_vdGR2c,0,0,0,,1236,0,0,0,
7bf1f37dccbe4c72860c81a2772b91e1,3460,1569442,49,33,1087,https://www.youtube.com/watch?v=nVGjSUMyldI,49,33,66,https://www.youtube.com/watch?v=_-x3aTYkBAg,48,23,1087,https://www.youtube.com/watch?v=nVGjSUMyldI,79,0,0,0,
67ba07d1ace445328c13bfb9d612d564,3450,141970,251,95,2084,https://www.youtube.com/watch?v=dNcpTPN_4Ds,227,83,339,https://www.youtube.com/watch?v=eRZoZ31bRB8,1446,683,2084,https://www.youtube.com/watch?v=dNcpTPN_4Ds,0,0,0,0,
f466201465ac40ef9f3aefc9b08a39d1,3450,258810,507,243,1314,https://www.youtube.com/watch?v=w3GlfLpKCkA,430,243,984,https://www.youtube.com/watch?v=op12cEwI_qo,1139,533,1314,https://www.youtube.com/watch?v=w3GlfLpKCkA,2488,1042,611,63829,https://www.twitch.tv/videos/2833209477
9643c650b1804107b85de1f08010aa9d,3440,347462,368,184,1894,https://www.youtube.com/watch?v=BqJsuzaqyaE,225,112,868,https://www.youtube.com/watch?v=hSbSG4tTpLQ,681,443,1894,https://www.youtube.com/watch?v=BqJsuzaqyaE,890,227,177,284,https://www.twitch.tv/videos/2845969103
e810dcd23c334fd184d254718517764e,3430,217303,57,27,71,https://www.youtube.com/watch?v=1EjxhNuQRa0,57,27,71,https://www.youtube.com/watch?v=1EjxhNuQRa0,0,0,0,,0,0,0,0,
886f64b4a0504b9fbe5e4687b92f6584,3420,234542,97,55,467,https://www.youtube.com/watch?v=fkeNstt0zko,244,95,467,https://www.youtube.com/watch?v=fkeNstt0zko,41,15,244,https://www.youtube.com/watch?v=pPs9vHtKL6E,182,22,18,30,https://www.twitch.tv/videos/2853980805
3430201d0e1f4672a58faf16ee0f2761,3410,117884,228,119,270,https://www.youtube.com/watch?v=chBlg5nAjrc,228,119,270,https://www.youtube.com/watch?v=chBlg5nAjrc,0,0,0,,1381,108,76,118,https://www.twitch.tv/videos/2854099621
7748d3ab76f34e06abb9d116bb432de2,3400,63589,0,0,0,,0,0,0,,0,0,0,,1639,0,0,0,
cf648a09bdbc45429f4fae7dfff1a040,3400,43766,0,0,0,,0,0,0,,0,0,0,,0,0,0,0,
4d01ec47d0804a47a9fef6d9d01d9c29,3400,88889,0,0,0,,0,0,0,,0,0,0,,2163,102,76,103,https://www.twitch.tv/videos/2845964309
46145dc9eaab4a84898468905a4759b0,3390,79232,518,66,1000,https://www.youtube.com/watch?v=pVeH2OquAKk,0,0,0,,518,66,1000,https://www.youtube.com/watch?v=pVeH2OquAKk,0,0,0,0,
63f727e673b9460abd6f7079bcbb1865,3380,244200,281,80,1285,https://www.youtube.com/watch?v=akQtqt05emw,269,150,348,https://www.youtube.com/watch?v=Uv3vdtDZS2Y,330,19,1285,https://www.youtube.com/watch?v=akQtqt05emw,0,0,0,0,
76cafd8f4f5e41cbad5e0520520fcc1b,3380,0,0,0,0,,0,0,0,,0,0,0,,0,0,0,0,
c7a3d726bb4243cabb70dfd1e9545cd0,3380,164482,89,21,118,https://www.youtube.com/watch?v=5RHhsCepI50,89,21,118,https://www.youtube.com/watch?v=5RHhsCepI50,0,0,0,,0,0,0,0,
8125f51f9526408790a77c1c7b4a053b,3370,104755,0,0,0,,0,0,0,,0,0,0,,3426,0,0,0,
4e5f0c7c5f1f49c2b1d249b10225cabb,3370,397563,70,51,84,https://www.youtube.com/watch?v=0k1djqA4U-U,0,0,0,,70,51,84,https://www.youtube.com/watch?v=0k1djqA4U-U,43372,3821,1871,5937,https://www.twitch.tv/videos/2848475659
2ceecb98e47845eab5e3d8d33bd53895,3370,106571,127,105,197,https://www.youtube.com/watch?v=1zct-fc0Y7s,127,105,197,https://www.youtube.com/watch?v=1zct-fc0Y7s,0,0,0,,0,0,0,0,
70a7428607b845fc959fb7d4859d018b,3360,350117,0,0,0,,0,0,0,,0,0,0,,18525,0,0,0,
0f9d996c066a406dbe04161776c17461,3360,190506,148,70,758,https://www.youtube.com/watch?v=AUbHPKgMfwg,148,56,254,https://www.youtube.com/watch?v=b7D40Lo8H04,746,463,758,https://www.youtube.com/watch?v=AUbHPKgMfwg,0,0,0,0,
02cf3719d4f44b7dbedc324ef8b0702e,3360,65632,0,0,0,,0,0,0,,0,0,0,,0,0,0,0,
c485c46db92a4cda909347804da07153,3350,81993,0,0,0,,0,0,0,,0,0,0,,0,0,0,0,
0e8150c7419f4c1d94d8ccfb41a04280,3340,329421,0,0,0,,0,0,0,,0,0,0,,0,0,0,0,
068503b08362450b9339a0b6cc6eb3f0,3330,58374,3886,2145,31547,https://www.youtube.com/watch?v=Ms1rKj-s25M,0,0,0,,3886,2145,31547,https://www.youtube.com/watch?v=Ms1rKj-s25M,0,0,0,0,
8e249f04f6cb48bda24f1513a472f4d8,3320,269630,0,0,0,,0,0,0,,0,0,0,,0,0,0,0,
1756e5a7f5a04ff6a7b5f482201b5cfc,3310,79609,1402,259,1402,https://www.youtube.com/watch?v=7ioBZxOlXqc,0,0,0,,1402,259,1402,https://www.youtube.com/watch?v=7ioBZxOlXqc,24890,1498,312,2854,https://www.twitch.tv/videos/2832417109
a7810f3ba1af43ff888ccbbe477a1356,3300,35029,0,0,0,,0,0,0,,0,0,0,,1253,637,376,637,https://www.twitch.tv/videos/2845077460
049cb6d09a3b4db49962aa5b8e468a3f,3300,29415,0,0,0,,0,0,0,,0,0,0,,1232,0,0,0,
72edc688855047cbbbe495e3f2af9fda,3290,138376,117,59,4118,https://www.youtube.com/watch?v=AKW5-IuJ4WU,115,57,298,https://www.youtube.com/watch?v=66b3sGOMuqw,4118,1171,4118,https://www.youtube.com/watch?v=AKW5-IuJ4WU,0,0,0,0,
5bbfc7c1b6584cef8c75f2f9044387d2,3290,324039,66,28,132,https://www.youtube.com/watch?v=G59OR2tZ18Y,66,28,132,https://www.youtube.com/watch?v=G59OR2tZ18Y,0,0,0,,0,0,0,0,
288f2fba52bf4d6b9e0ba66e03439837,3290,52738,0,0,0,,0,0,0,,0,0,0,,2312,101,66,157,https://www.twitch.tv/videos/2846922678
b1bfaed0ed7f4ca9ae96c017159efe77,3290,334003,106,59,309,https://www.youtube.com/watch?v=4IxguDYW56U,106,62,309,https://www.youtube.com/watch?v=4IxguDYW56U,75,48,75,https://www.youtube.com/watch?v=2sfuzEfWAaw,179,0,0,0,
163841e490b14b2583a799b3795021ad,3260,86058,111,52,809,https://www.youtube.com/watch?v=kPrs9Rdk4zI,111,59,175,https://www.youtube.com/watch?v=Uuxhb8ogP8k,121,52,809,https://www.youtube.com/watch?v=kPrs9Rdk4zI,605,315,236,350,https://www.twitch.tv/videos/2846664406
0ac7e05c8a3842e7bd1401652ce2bf4f,3260,134604,0,0,0,,0,0,0,,0,0,0,,0,0,0,0,
d2f9e9b19102408bbef636a6458934e6,3260,571539,254,178,319,https://www.youtube.com/watch?v=COGWBgi173g,254,178,319,https://www.youtube.com/watch?v=COGWBgi173g,0,0,0,,203,0,0,0,
d539588cfa344f67965bb1dea41b9140,3250,304022,414,194,3350,https://www.youtube.com/watch?v=eppD-tG0C2A,386,178,779,https://www.youtube.com/watch?v=kEquBr2AxX8,3284,1623,3350,https://www.youtube.com/watch?v=eppD-tG0C2A,0,0,0,0,
30f59fd702d5417c9225bc729bf7ec32,3240,271590,171,42,250,https://www.youtube.com/watch?v=fFYs4nlIDSM,171,42,250,https://www.youtube.com/watch?v=fFYs4nlIDSM,0,0,0,,0,0,0,0,
853be9569c0e446eaa5c5059642ea63b,3230,213457,480,259,4041,https://www.youtube.com/watch?v=jDdZV9ztYdU,478,144,768,https://www.youtube.com/watch?v=QVrB3aaMyRE,2787,1211,4041,https://www.youtube.com/watch?v=jDdZV9ztYdU,202,292,200,436,https://www.twitch.tv/videos/2847098227
cb5ff5f1898a45b1bc27a32057a1fa91,3230,72076,0,0,0,,0,0,0,,0,0,0,,2215,0,0,0,
06e9953eb191486d979e6b92b6601d9a,3210,1447805,202,34,6165,https://www.youtube.com/watch?v=ZAM_j-jOJM0,0,0,0,,202,34,6165,https://www.youtube.com/watch?v=ZAM_j-jOJM0,2234,0,0,0,
eb159df5d55b4730ab2955c5e2638e3f,3200,107641,118,74,361,https://www.youtube.com/watch?v=9TxWLZeailY,118,74,361,https://www.youtube.com/watch?v=9TxWLZeailY,0,0,0,,0,0,0,0,
b3f711673fea4ec5b6f87c023353594d,3190,227554,93,33,299,https://www.youtube.com/watch?v=LGdp6JZM63E,88,24,95,https://www.youtube.com/watch?v=JXxLglgzBeI,299,55,299,https://www.youtube.com/watch?v=LGdp6JZM63E,0,0,0,0,
069ca07d5dd84cd3bf42e21a085d98fb,3190,26106,0,0,0,,0,0,0,,0,0,0,,161,0,0,0,
da189f9d282e4c31a4a8024d11fe368d,3190,148814,154,57,958,https://www.youtube.com/watch?v=SupQaHnMcys,154,69,315,https://www.youtube.com/watch?v=eTlIKG2CkpI,189,51,958,https://www.youtube.com/watch?v=SupQaHnMcys,0,0,0,0,
cd98545ddec34fb2982ce2476c011db8,3190,65439,839,343,3016,https://www.youtube.com/watch?v=WiPfhKZeW9A,738,174,1941,https://www.youtube.com/watch?v=gA24zNkD4uU,1613,877,3016,https://www.youtube.com/watch?v=WiPfhKZeW9A,0,0,0,0,
c15d8ca6249341d88086f2a9a2359812,3190,551939,592,231,3111,https://www.youtube.com/watch?v=I4bBVXjA2f4,383,147,806,https://www.youtube.com/watch?v=9HqXE3lVhkU,1615,913,3111,https://www.youtube.com/watch?v=I4bBVXjA2f4,0,0,0,0,
1140618a96154395909d53257bffe0e6,3190,154461,137,45,281,https://www.youtube.com/watch?v=TyHlbZOPJcU,137,45,281,https://www.youtube.com/watch?v=TyHlbZOPJcU,0,0,0,,270,0,0,0,
14b8fa0f43664c31a5d634b20f9112d9,3180,150641,70,36,103,https://www.youtube.com/watch?v=4RkjzeC7vMk,71,38,103,https://www.youtube.com/watch?v=4RkjzeC7vMk,38,36,38,https://www.youtube.com/watch?v=x9wz0MayCKI,0,0,0,0,
67fdbfa65ee94cc688783102ef4f1ce5,3180,31674,0,0,0,,0,0,0,,0,0,0,,0,0,0,0,
38391974f5af4fbbb6224e3d6f2f7fb3,3180,194074,191,160,191,https://www.youtube.com/watch?v=4R1KJhtjetI,0,0,0,,191,160,191,https://www.youtube.com/watch?v=4R1KJhtjetI,6384,397,353,460,https://www.twitch.tv/videos/2854162341
96be1e561acd4a75817c6424d9d4f9f0,3180,138693,0,0,0,,0,0,0,,0,0,0,,4149,105,58,213,https://www.twitch.tv/videos/2851247978
8bc70fad02c8432d99056ebd5a8e2ae5,3180,79971,3754,2595,47109,https://www.youtube.com/watch?v=ofeazEpfydw,0,0,0,,3754,2595,47109,https://www.youtube.com/watch?v=ofeazEpfydw,0,0,0,0,
dba1db65ba874e18a33d8465d52d8f2e,3170,113508,0,0,0,,0,0,0,,0,0,0,,0,0,0,0,
8282a91b3aae44d3a075d08507665f4e,3170,63406,0,0,0,,0,0,0,,0,0,0,,0,0,0,0,
536213f7ad4545f5a318156568763a35,3170,90182,0,0,0,,0,0,0,,0,0,0,,0,0,0,0,
bcbf00e1e98b4d5e8af20f29adbb0645,3170,206728,71,48,121,https://www.youtube.com/watch?v=3tBdKPfc1QE,71,48,121,https://www.youtube.com/watch?v=3tBdKPfc1QE,0,0,0,,0,0,0,0,
3d23ff5303d54cc58e5a69aa53b1db50,3160,438967,587,253,3063,https://www.youtube.com/watch?v=5oPREsTXjPA,587,253,3063,https://www.youtube.com/watch?v=5oPREsTXjPA,0,0,0,,0,0,0,0,
73675987096b486287784fc466b881be,3160,57967,292,15,292,https://www.youtube.com/watch?v=kYQlx_cfwRI,292,15,292,https://www.youtube.com/watch?v=kYQlx_cfwRI,0,0,0,,0,0,0,0,
bddcd7d262a2434f9b6d77150fbbc72c,3150,44269,0,0,0,,0,0,0,,0,0,0,,0,0,0,0,
85ec3eac9fef49dcb3aeee87520a5b85,3150,148216,241,114,557,https://www.youtube.com/watch?v=36uIFZIxVls,241,110,557,https://www.youtube.com/watch?v=36uIFZIxVls,296,195,446,https://www.youtube.com/watch?v=7Ihnc6oc6Rs,0,0,0,0,
1fdc000815cc476dbc9d19aa431305b5,3140,90954,68,45,127,https://www.youtube.com/watch?v=xgNP963rXMU,68,45,127,https://www.youtube.com/watch?v=xgNP963rXMU,65,48,94,https://www.youtube.com/watch?v=oOKOPYssynI,0,0,0,0,
7c6d1a181c90471887696ff9637aed03,3140,146377,0,0,0,,0,0,0,,0,0,0,,0,0,0,0,
63f45366143549d8a2d26406445e0077,3140,152493,0,0,0,,0,0,0,,0,0,0,,0,0,0,0,
8a86c4d0f4ce462a92c6bf09c027e432,3130,2899501,0,0,0,,0,0,0,,0,0,0,,160,0,0,0,
aa9fa329d639488dbb860b8f8b3235f8,3120,182925,656,380,987,https://www.youtube.com/watch?v=szANf-H4Suc,656,380,987,https://www.youtube.com/watch?v=szANf-H4Suc,0,0,0,,5273,1304,422,1750,https://www.twitch.tv/videos/2850618600
89036aadc62d496aa73c0a0076d67f41,3090,111263,148,38,273,https://www.youtube.com/watch?v=nElo-WcqifQ,148,38,273,https://www.youtube.com/watch?v=nElo-WcqifQ,0,0,0,,3108,336,253,435,https://www.twitch.tv/videos/2854265285
75f110ca5e9a4b7db3c57912baf5ca27,3090,191111,0,0,0,,0,0,0,,0,0,0,,15415,109073,58760,152555,https://www.twitch.tv/videos/2844075806
2f607aefde1d4264814d4e9282dd5cb0,3090,186166,162,117,2058,https://www.youtube.com/watch?v=nH8BOt7zYIs,160,90,376,https://www.youtube.com/watch?v=G8QjKDbnW-4,887,526,2058,https://www.youtube.com/watch?v=nH8BOt7zYIs,264,0,0,0,
3bcfb277595f489ba52734d6f21c08e1,3080,0,0,0,0,,0,0,0,,0,0,0,,0,0,0,0,
9f7bf6b3d935460e83896a0fe28012e9,3080,155620,1072,230,1787,https://www.youtube.com/watch?v=9QtZrS2c-Lk,99,64,148,https://www.youtube.com/watch?v=ZA_fTucnwAc,1493,716,1787,https://www.youtube.com/watch?v=9QtZrS2c-Lk,1895,272,120,463,https://www.twitch.tv/videos/2838595862
d6666443c70f478eb3008d28a33e0f61,3080,229665,282,167,4974,https://www.youtube.com/watch?v=lAnLyruBsRw,235,130,512,https://www.youtube.com/watch?v=xCrurP2BBxE,1791,636,4974,https://www.youtube.com/watch?v=lAnLyruBsRw,0,0,0,0,
c28d59f83d9345de91d208cf7732bac5,3070,90895,0,0,0,,0,0,0,,0,0,0,,0,0,0,0,
9af612c3f872434cad1ba2e5dcbfaec8,3070,1125236,65,51,104,https://www.youtube.com/watch?v=mrwTUKgMA4U,65,51,104,https://www.youtube.com/watch?v=mrwTUKgMA4U,0,0,0,,0,0,0,0,
ea62d2e6bc854e7a81b01a2362be310f,3060,201497,0,0,0,,0,0,0,,0,0,0,,334,0,0,0,
44f1d1ad14034bd3949ad6f84624f0e4,3060,259664,191,114,4610,https://www.youtube.com/watch?v=8ob6VQsl7Vw,171,90,484,https://www.youtube.com/watch?v=iGG7M3komYs,1118,555,4610,https://www.youtube.com/watch?v=8ob6VQsl7Vw,2949,302,222,360,https://www.twitch.tv/videos/2850491145
8d5345223f364c7d8cc7203ee0ffafd6,3050,158957,0,0,0,,0,0,0,,0,0,0,,0,0,0,0,
e4bea3dcc8934426a57516d4d6b373f4,3040,161428,1328,549,2370,https://www.youtube.com/watch?v=R3ghDhW5qEE,0,0,0,,1328,549,2370,https://www.youtube.com/watch?v=R3ghDhW5qEE,6799,1609,661,2760,https://www.twitch.tv/videos/2843982515
accb26f2db2746e898b68ab07dd3c5bc,3000,201690,155,64,409,https://www.youtube.com/watch?v=SJ3DsTM6F8o,161,73,409,https://www.youtube.com/watch?v=SJ3DsTM6F8o,27,4,41,https://www.youtube.com/watch?v=23k7jUtDZAA,964,58,40,220,https://www.twitch.tv/videos/2852189805
0b0f8cd64c904508910707412b2c307f,2990,114301,351,138,436,https://www.youtube.com/watch?v=EGxvaFbrvcU,351,138,436,https://www.youtube.com/watch?v=EGxvaFbrvcU,0,0,0,,0,0,0,0,
32a08f858ffb4d6aba0624647cf8cf2d,2970,130371,81,30,211,https://www.youtube.com/watch?v=vmTxPukY2WM,81,30,211,https://www.youtube.com/watch?v=vmTxPukY2WM,0,0,0,,0,0,0,0,
9c64ee54cc094bf7931398eaf0c072d6,2950,195981,0,0,0,,0,0,0,,0,0,0,,2305,445,330,464,https://www.twitch.tv/videos/2853294020
1901cef25e9940e7b3da42d3c189cada,2950,66213,0,0,0,,0,0,0,,0,0,0,,0,0,0,0,
fd81a8861669442ca49c50bc4cfd4b5e,2940,188413,133,66,431,https://www.youtube.com/watch?v=vCgHNAVGcQA,133,66,431,https://www.youtube.com/watch?v=vCgHNAVGcQA,0,0,0,,0,0,0,0,
67b37e4e1f2f49d88a047d650b70be91,2940,74182,100,89,264,https://www.youtube.com/watch?v=UlLRNxFpzR4,100,89,264,https://www.youtube.com/watch?v=UlLRNxFpzR4,0,0,0,,1024,144,113,274,https://www.twitch.tv/videos/2844725416
1551bebc6c26453e9893f342c68002bd,2930,73465,387,135,750,https://www.youtube.com/watch?v=ZIAFjj2b7yU,387,135,750,https://www.youtube.com/watch?v=ZIAFjj2b7yU,0,0,0,,380,121,103,121,https://www.twitch.tv/videos/2852254665
99d1a2e0c8c047d2ad998e02d4dd9621,2930,104050,0,0,0,,0,0,0,,0,0,0,,0,0,0,0,
451ce18d28ff493e8238df85858dfb02,2910,264308,0,0,0,,0,0,0,,0,0,0,,2162,342,247,455,https://www.twitch.tv/videos/2855051763
4e48e10b3c2f439c934b1db25679b972,2910,325140,715,242,895,https://www.youtube.com/watch?v=pvojR1rl1RE,715,242,895,https://www.youtube.com/watch?v=pvojR1rl1RE,0,0,0,,0,0,0,0,
2c2bf7ce933a4f34ac25c2dfa72fe565,2900,210514,1332,563,3446,https://www.youtube.com/watch?v=DeUCkoCKveo,291,177,1332,https://www.youtube.com/watch?v=8o3ebx4NFAk,1767,693,3446,https://www.youtube.com/watch?v=DeUCkoCKveo,887,697,596,1021,https://www.twitch.tv/videos/2846705613
7da08de1840847b99c6fe9a44a1ca0ac,2900,72816,195,52,200,https://www.youtube.com/watch?v=7uU6vEzNzfY,195,52,200,https://www.youtube.com/watch?v=7uU6vEzNzfY,0,0,0,,0,0,0,0,
6443d56896a848dd820e339b5f81e292,2900,94483,0,0,0,,0,0,0,,0,0,0,,4522,239,150,340,https://www.twitch.tv/videos/2846905594
fc90561b03104438b6e8f657a28574ce,2890,133898,317,80,410,https://www.youtube.com/watch?v=9aHetrvtLqE,317,80,410,https://www.youtube.com/watch?v=9aHetrvtLqE,0,0,0,,0,0,0,0,
4bbc9414c3184dfa9aeab5fcdfd87089,2890,4879,0,0,0,,0,0,0,,0,0,0,,0,0,0,0,
4f917f1ccdd74d34a3746c379282b6fe,2880,253458,0,0,0,,0,0,0,,0,0,0,,2083,254,164,299,https://www.twitch.tv/videos/2845768045
bbd618a3874d4ae2ba5af36a23bc1914,2880,75456,162,63,268,https://www.youtube.com/watch?v=jAxsLvSobHs,0,0,0,,162,63,268,https://www.youtube.com/watch?v=jAxsLvSobHs,14121,2127,995,3491,https://www.twitch.tv/videos/2836893628
6417469030e943748dfdba4ee26a08e4,2860,0,0,0,0,,0,0,0,,0,0,0,,1073,0,0,0,
b4d14d75b48847b5adb8be6906dfec30,2860,143629,642,240,2698,https://www.youtube.com/watch?v=REEUwBfjhe8,605,233,1001,https://www.youtube.com/watch?v=xhn2424kR64,2698,331,2698,https://www.youtube.com/watch?v=REEUwBfjhe8,526,0,0,0,
15b52ca3f3b5410cb2bb305d2bb737c4,2860,221050,1725,576,2693,https://www.youtube.com/watch?v=3yOEFXtc5z0,0,0,0,,1725,576,2693,https://www.youtube.com/watch?v=3yOEFXtc5z0,1248,189,40,235,https://www.twitch.tv/videos/2833492749
677ae7ec361d4d3c9981bca8fbb974c8,2860,84775,151,53,202,https://www.youtube.com/watch?v=KpvC4ipjH4w,151,53,202,https://www.youtube.com/watch?v=KpvC4ipjH4w,0,0,0,,383,0,0,0,
b606cde735d84b45ab96489d7a9997dd,2850,201881,49,21,1854,https://www.youtube.com/watch?v=GZo-8WwTxuE,41,14,81,https://www.youtube.com/watch?v=UcRo0FJbxTM,93,46,1854,https://www.youtube.com/watch?v=GZo-8WwTxuE,244,0,0,0,
2463286fd3154219afa631c73d178147,2850,364166,123,50,251,https://www.youtube.com/watch?v=Hhfz6i1hGUQ,155,62,251,https://www.youtube.com/watch?v=Hhfz6i1hGUQ,100,41,123,https://www.youtube.com/watch?v=FBuFwcagusw,0,0,0,0,
118c05e7f751446abee5fc827fda0215,2850,839050,65,32,141,https://www.youtube.com/watch?v=UdiUHAIITls,65,32,141,https://www.youtube.com/watch?v=UdiUHAIITls,0,0,0,,0,0,0,0,
275aaf8046a144198dee96d20bce8b1a,2850,28401,108,55,108,https://www.youtube.com/watch?v=hNQBJJpovKA,108,62,108,https://www.youtube.com/watch?v=hNQBJJpovKA,37,30,37,https://www.youtube.com/watch?v=FsmHwml1itQ,0,0,0,0,
b256a399ae7a49e18208455d29c2eb12,2840,442643,94,32,1283,https://www.youtube.com/watch?v=2pmgZCGJeok,82,35,211,https://www.youtube.com/watch?v=1cf_bahi164,1283,26,1283,https://www.youtube.com/watch?v=2pmgZCGJeok,1296,130,98,158,https://www.twitch.tv/videos/2847844204
e6a9746af2a84387b6ed5a7d3a4434da,2840,276271,180,69,1969,https://www.youtube.com/watch?v=qxjndSVtc-E,118,38,278,https://www.youtube.com/watch?v=OKTYrWB_yPA,1451,649,1969,https://www.youtube.com/watch?v=qxjndSVtc-E,0,0,0,0,
fe5e2d95569c47f29e863a8212ed7c60,2840,85416,0,0,0,,0,0,0,,0,0,0,,4864,825,453,1072,https://www.twitch.tv/videos/2853443798
11dd1f817a6b4c80a066aedd8e0fa419,2840,88352,0,0,0,,0,0,0,,0,0,0,,0,0,0,0,
40aa59fe29c64def89ab5fdce90b89ae,2840,891059,82,31,211,https://www.youtube.com/watch?v=r1KCLak9W2o,82,31,211,https://www.youtube.com/watch?v=r1KCLak9W2o,0,0,0,,0,0,0,0,
76165d25983b463eaa1da66c86a32b7c,2830,39662,0,0,0,,0,0,0,,0,0,0,,775,218,125,296,https://www.twitch.tv/videos/2844931963
b79ac08a857c4553921c04c3b14b89ea,2820,198108,235,44,260,https://www.youtube.com/watch?v=R_IEu5RwlM8,0,0,0,,235,44,260,https://www.youtube.com/watch?v=R_IEu5RwlM8,501,0,0,0,
96ff628d2280470b833174c32200a749,2820,69257,237,92,999,https://www.youtube.com/watch?v=ZsSiEg6wG0I,229,90,577,https://www.youtube.com/watch?v=O5r4umqhucY,308,122,999,https://www.youtube.com/watch?v=ZsSiEg6wG0I,0,0,0,0,
8402646577b24bd5918bda8690e790b4,2810,355217,2062,239,2062,https://www.youtube.com/watch?v=2azGV57dYoM,0,0,0,,2062,239,2062,https://www.youtube.com/watch?v=2azGV57dYoM,1883,352,221,709,https://www.twitch.tv/videos/2852093734
cd4c94db2aed435794cc7e55999016e7,2800,122156,45,27,59,https://www.youtube.com/watch?v=p7xdj8n9clE,45,27,59,https://www.youtube.com/watch?v=p7xdj8n9clE,0,0,0,,347,55,35,56,https://www.twitch.tv/videos/2849641292
1c8887da9e96471ca28b97d80e390698,2800,208395,131,104,1608,https://www.youtube.com/watch?v=ifP11Zlu1EA,119,98,157,https://www.youtube.com/watch?v=I0E16H3hWlQ,486,277,1608,https://www.youtube.com/watch?v=ifP11Zlu1EA,0,0,0,0,
70f1d3ae590e4f2184f695fd2140010c,2800,712264,0,0,0,,0,0,0,,0,0,0,,0,0,0,0,
d55860f26114410c97af27ba1269e3ed,2800,150636,100,63,265,https://www.youtube.com/watch?v=myMzy4u3Ww4,100,63,265,https://www.youtube.com/watch?v=myMzy4u3Ww4,0,0,0,,1604,210,130,210,https://www.twitch.tv/videos/2845896252
356186a5552f499baab4ac520b7d4235,2800,122007,321,182,1847,https://www.youtube.com/watch?v=cGj5Eex2-mk,304,142,347,https://www.youtube.com/watch?v=npaNhykcMWo,1437,278,1847,https://www.youtube.com/watch?v=cGj5Eex2-mk,0,0,0,0,
2875db54b5d74d01b301d63d36dd6fbf,2790,66087,126,104,126,https://www.youtube.com/watch?v=9iOZrvapjbY,126,104,126,https://www.youtube.com/watch?v=9iOZrvapjbY,0,0,0,,0,0,0,0,
add8ccfa282a4524ae5b5d8435279bf7,2790,118376,323,146,1148,https://www.youtube.com/watch?v=BKp3Oa4mL1Q,320,146,655,https://www.youtube.com/watch?v=gJQScJOp5jw,574,221,1148,https://www.youtube.com/watch?v=BKp3Oa4mL1Q,0,0,0,0,
339b4a73ce92470c97b1626405d5eb5b,2780,90683,0,0,0,,0,0,0,,0,0,0,,422,0,0,0,
62f37fa0a2f44083945f03db36e50dff,2780,56427,185,103,945,https://www.youtube.com/watch?v=uIvSYst0i00,185,103,945,https://www.youtube.com/watch?v=uIvSYst0i00,0,0,0,,0,0,0,0,
d210d8dfc0ec4a97907b9cebb5413ae3,2780,126854,0,0,0,,0,0,0,,0,0,0,,0,0,0,0,
247eca886f5c43188a3d6d3945e40636,2780,149576,229,79,1062,https://www.youtube.com/watch?v=DUBh1kI3iKk,229,79,1062,https://www.youtube.com/watch?v=DUBh1kI3iKk,0,0,0,,0,0,0,0,
2c6d5a00eabf47e2affcc8fa6ec64f9c,2780,203946,59,52,141,https://www.youtube.com/watch?v=GE3uZaTDtXE,59,52,141,https://www.youtube.com/watch?v=GE3uZaTDtXE,0,0,0,,139,0,0,0,
bac6a676ace94e759d9faaaed94ce1b1,2760,141876,219,100,1610,https://www.youtube.com/watch?v=JSImJZvxV3k,195,93,550,https://www.youtube.com/watch?v=SiAqoJomKMo,1610,1117,1610,https://www.youtube.com/watch?v=JSImJZvxV3k,0,0,0,0,
4a64836a88024358a7401530fed8e0f8,2750,366533,65,26,182,https://www.youtube.com/watch?v=ugJoKF0SDms,65,26,182,https://www.youtube.com/watch?v=ugJoKF0SDms,0,0,0,,6215,418,157,576,https://www.twitch.tv/videos/2850369340
22a1949143784185ae001c31a717b5bc,2750,548324,3773,1926,208928,https://www.youtube.com/watch?v=TKbFFkyUHKU,210,65,656,https://www.youtube.com/watch?v=ysa0wVNOvLo,3991,2600,208928,https://www.youtube.com/watch?v=TKbFFkyUHKU,0,0,0,0,
4dd71b1079284bdb8ba90198317e524d,2740,179501,134,41,173,https://www.youtube.com/watch?v=yNnWfF-hAYE,146,49,173,https://www.youtube.com/watch?v=yNnWfF-hAYE,58,33,58,https://www.youtube.com/watch?v=4DQhE7ypwEI,0,0,0,0,
73a96bba42b444df98487ed22f97c240,2740,374861,1248,342,2321,https://www.youtube.com/watch?v=O5j911ZgL2E,70,33,265,https://www.youtube.com/watch?v=Q4EU2VqpjFo,1464,735,2321,https://www.youtube.com/watch?v=O5j911ZgL2E,935,117,65,164,https://www.twitch.tv/videos/2832704907
652d06b0251940bea32cd69dec3057e6,2730,2135,102,68,102,https://www.youtube.com/watch?v=9LMrYjX0tyE,102,68,102,https://www.youtube.com/watch?v=9LMrYjX0tyE,0,0,0,,404,56,36,101,https://www.twitch.tv/videos/2846887418
fda1d7f773b04b6898f5180e21e47874,2730,0,0,0,0,,0,0,0,,0,0,0,,0,0,0,0,
c9510d2324d34b6fbd19ce627bf2bbac,2730,0,0,0,0,,0,0,0,,0,0,0,,0,0,0,0,
d2b1ba87da034210bbe54bfa1c01bc41,2720,60724,0,0,0,,0,0,0,,0,0,0,,8769,227,112,299,https://www.twitch.tv/videos/2831829291
e9c48535f2af4f638e5a4c54ffa7862c,2720,149175,29,27,46,https://www.youtube.com/watch?v=bdOQUg2fBfQ,29,27,46,https://www.youtube.com/watch?v=bdOQUg2fBfQ,0,0,0,,0,0,0,0,
c377cbfa47984f0ba9242b1f6e3dfc75,2710,26046,0,0,0,,0,0,0,,0,0,0,,2704,0,0,0,
a47db6b367364da1a4f43829f665e99a,2700,98385,260,170,1710,https://www.youtube.com/watch?v=ohWyz4N-law,247,153,445,https://www.youtube.com/watch?v=oXqIhKQH-cw,1615,773,1710,https://www.youtube.com/watch?v=ohWyz4N-law,0,0,0,0,
7b40a7a144da4408b8de712c740e60dc,2700,134004,0,0,0,,0,0,0,,0,0,0,,0,0,0,0,
0a20931c68dc49c8bd08eda1486193d8,2690,68019,0,0,0,,0,0,0,,0,0,0,,1403,0,0,0,
c2f77009b4264e3fa09aa054c89bb40c,2680,91750,0,0,0,,0,0,0,,0,0,0,,127,0,0,0,
86957fa57641453e9fcb73550e58b64f,2660,86603,155,105,1637,https://www.youtube.com/watch?v=h7hnYnas2gA,127,103,232,https://www.youtube.com/watch?v=E4u4xk7IyY0,1266,803,1637,https://www.youtube.com/watch?v=h7hnYnas2gA,519,54,34,56,https://www.twitch.tv/videos/2847811066
a577528125314beab91d127043218bb2,2660,122385,306,59,576,https://www.youtube.com/watch?v=QYSvSmON0bE,0,0,0,,306,59,576,https://www.youtube.com/watch?v=QYSvSmON0bE,0,0,0,0,
b115a7f57f664800a9f71a25eaf73b92,2650,86509,72,23,1988,https://www.youtube.com/watch?v=tjCmB53dMlc,69,21,130,https://www.youtube.com/watch?v=Zr3QD3q1RFA,1988,571,1988,https://www.youtube.com/watch?v=tjCmB53dMlc,0,0,0,0,
0dbf3f6f6521460782992a963122aed0,2650,301305,280,57,1263,https://www.youtube.com/watch?v=YV0LLhhQdpk,291,63,425,https://www.youtube.com/watch?v=7eGRvchceEI,64,52,1263,https://www.youtube.com/watch?v=YV0LLhhQdpk,410,0,0,0,
d95e3d9eed1a4e87a736a882a1fb9288,2640,246281,198,90,344,https://www.youtube.com/watch?v=gsjNl0MjLs8,198,90,344,https://www.youtube.com/watch?v=gsjNl0MjLs8,0,0,0,,93,0,0,0,
5b40a93fac8646f48fca66add3d3642c,2640,225008,244,143,700,https://www.youtube.com/watch?v=OVB-I3_6Zis,244,143,700,https://www.youtube.com/watch?v=OVB-I3_6Zis,0,0,0,,0,0,0,0,
d0e0745dd98a4cab9c5e4ff43e3d246f,2640,78716,0,0,0,,0,0,0,,0,0,0,,0,0,0,0,
0bef54320f364c5a9289fceac64c5411,2630,78980,0,0,0,,0,0,0,,0,0,0,,172,9,7,9,https://www.twitch.tv/videos/2850505430
d576c2396a004f3c8dd91baf14254898,2620,85671,53,16,199,https://www.youtube.com/watch?v=wD9MtCtd5Rw,41,8,87,https://www.youtube.com/watch?v=o38LXXsecyE,199,50,199,https://www.youtube.com/watch?v=wD9MtCtd5Rw,2885,92,69,155,https://www.twitch.tv/videos/2852297376
75e0561f549f4775b90601a9d308340a,2620,69716,59,29,95,https://www.youtube.com/watch?v=XK-Aoz-5-zg,59,29,95,https://www.youtube.com/watch?v=XK-Aoz-5-zg,0,0,0,,0,0,0,0,
0a178f2c7b994a4ea8eb845ebd489a5a,2620,148241,59,18,106,https://www.youtube.com/watch?v=Jw2zTkse7KY,59,18,106,https://www.youtube.com/watch?v=Jw2zTkse7KY,0,0,0,,207,0,0,0,
6c4992a47ccc4c3bb997d3c49ddc2ec8,2610,74631,1579,242,1579,https://www.youtube.com/watch?v=omuBPI4UDLQ,0,0,0,,1579,242,1579,https://www.youtube.com/watch?v=omuBPI4UDLQ,759,0,0,0,
f96c65701df94732853d86ffd893081e,2610,82543,2215,1340,4232,https://www.youtube.com/watch?v=X9ij0oMnMTk,2215,1340,4232,https://www.youtube.com/watch?v=X9ij0oMnMTk,0,0,0,,0,0,0,0,
f4da0eee989545d2ade906b022a50e8c,2610,198638,67,29,139,https://www.youtube.com/watch?v=L4d_vb0joYk,67,29,139,https://www.youtube.com/watch?v=L4d_vb0joYk,0,0,0,,4158,582,420,1286,https://www.twitch.tv/videos/2852779970
bee9506c5d714205bfc69573280852c2,2600,200179,103,75,1953,https://www.youtube.com/watch?v=sVIEtQcFpI4,97,53,284,https://www.youtube.com/watch?v=H8MkSZnr5U8,1393,544,1953,https://www.youtube.com/watch?v=sVIEtQcFpI4,2236,121,108,299,https://www.twitch.tv/videos/2847719651
1c304e8690e2400d9482f1173f59ad70,2600,110767,208,95,1921,https://www.youtube.com/watch?v=7hPkfPmQMD4,178,41,236,https://www.youtube.com/watch?v=BTwDp7NgB0g,1425,977,1921,https://www.youtube.com/watch?v=7hPkfPmQMD4,345,127,68,203,https://www.twitch.tv/videos/2855978012
407d2bd02ef04b9ea28e5189383942be,2600,125320,0,0,0,,0,0,0,,0,0,0,,713,364,234,1596,https://www.twitch.tv/videos/2846549170
7a93714b53274fbaad48bef3b409d458,2580,221428,286,136,918,https://www.youtube.com/watch?v=aLLQ2_cSmeI,284,118,766,https://www.youtube.com/watch?v=cKyVyAIHIxc,918,317,918,https://www.youtube.com/watch?v=aLLQ2_cSmeI,0,0,0,0,
02168475e7ca4234b57d53f495bf3bbc,2570,154387,42,22,78,https://www.youtube.com/watch?v=WHJ9_-EI8zo,42,22,78,https://www.youtube.com/watch?v=WHJ9_-EI8zo,0,0,0,,0,0,0,0,
60234dcffd2b42f097a78aaf121d410f,2570,61937,0,0,0,,0,0,0,,0,0,0,,217,0,0,0,
3896e47ba9f64b7082eee3980734ab14,2570,291520,130,68,156,https://www.youtube.com/watch?v=1ZqAr540OSA,130,68,156,https://www.youtube.com/watch?v=1ZqAr540OSA,0,0,0,,0,0,0,0,
7c147c43030b44b9ae244d82c387c82a,2570,83146,68,30,68,https://www.youtube.com/watch?v=8a6MbPFPwJw,68,30,68,https://www.youtube.com/watch?v=8a6MbPFPwJw,0,0,0,,0,0,0,0,
b8c13d7702844995a0b4a66eda4d31bc,2570,95243,4,1,280,https://www.youtube.com/watch?v=FxgMlZaglVA,0,0,0,,4,1,280,https://www.youtube.com/watch?v=FxgMlZaglVA,1643,155,137,367,https://www.twitch.tv/videos/2853973077
9767904fedef42febaa98e9162973356,2560,598712,208,60,1114,https://www.youtube.com/watch?v=ShfAzTW8Ego,208,81,1114,https://www.youtube.com/watch?v=ShfAzTW8Ego,220,27,371,https://www.youtube.com/watch?v=GgZq4mUumE8,0,0,0,0,
a66441bdef584fe0806c4be0fd2cf53a,2550,108940,126,28,126,https://www.youtube.com/watch?v=6wadD0yE8Bk,126,28,126,https://www.youtube.com/watch?v=6wadD0yE8Bk,0,0,0,,0,0,0,0,
faa4994019724702a9da315a8c3641bc,2550,176535,190,121,1566,https://www.youtube.com/watch?v=OLanwygLCQw,184,121,243,https://www.youtube.com/watch?v=QRnS-bKtQ8c,1166,189,1566,https://www.youtube.com/watch?v=OLanwygLCQw,0,0,0,0,
59005edeef174395915757d45718177d,2540,41775,0,0,0,,0,0,0,,0,0,0,,0,0,0,0,
87568c720cae40a99264816eb1875347,2540,166702,185,61,1020,https://www.youtube.com/watch?v=KOLh4R2uT7E,173,49,341,https://www.youtube.com/watch?v=ClhgZdjWisk,402,202,1020,https://www.youtube.com/watch?v=KOLh4R2uT7E,0,0,0,0,
4766ec1a407f4271bca77fb81487e81a,2540,118222,159,76,2380,https://www.youtube.com/watch?v=hwboNd9nWqw,130,53,285,https://www.youtube.com/watch?v=CN8iWW152JQ,1311,697,2380,https://www.youtube.com/watch?v=hwboNd9nWqw,4722,540,217,1062,https://www.twitch.tv/videos/2833424454
1225d23bc1814140bc0093c1407f06b3,2530,196223,106,64,1412,https://www.youtube.com/watch?v=ZzAFjs2xmUY,98,62,465,https://www.youtube.com/watch?v=rO-f0siKxek,1073,342,1412,https://www.youtube.com/watch?v=ZzAFjs2xmUY,108,0,0,0,
7653119a278b4ea59d2af5e2ba7d30e0,2530,119279,234,123,234,https://www.youtube.com/watch?v=2FJfQmTMbLs,234,123,234,https://www.youtube.com/watch?v=2FJfQmTMbLs,0,0,0,,0,0,0,0,
a429c3010da544bab919814a3ea472a4,2530,86263,0,0,0,,0,0,0,,0,0,0,,2913,214,195,395,https://www.twitch.tv/videos/2849497064
c40a8ff66b3348dc8459766b74846feb,2530,1504,0,0,0,,0,0,0,,0,0,0,,1919,0,0,0,
75a90497bfc2480f954c276b70f7b1c3,2520,191027,150,111,150,https://www.youtube.com/watch?v=rpw4hGECmUg,150,111,150,https://www.youtube.com/watch?v=rpw4hGECmUg,0,0,0,,7005,0,0,0,
891c39f050e048aebafaafc90a1c4cbd,2520,56106,207,62,303,https://www.youtube.com/watch?v=J21Ybis2-z4,207,62,303,https://www.youtube.com/watch?v=J21Ybis2-z4,0,0,0,,0,0,0,0,
889bc532fb85455bae33baf0aa7ec003,2520,211678,30,28,30,https://www.youtube.com/watch?v=j3PaWGK7As4,30,28,30,https://www.youtube.com/watch?v=j3PaWGK7As4,0,0,0,,0,0,0,0,
fbf616b4f812413dbe6b156c8a9d5e5f,2510,69636,0,0,0,,0,0,0,,0,0,0,,0,0,0,0,
c8c0ab1d59fb4608ab1e460e946fa88a,2510,117116,74,18,83,https://www.youtube.com/watch?v=lNheE7CWVcs,74,18,83,https://www.youtube.com/watch?v=lNheE7CWVcs,0,0,0,,0,0,0,0,
83e0f3520699474ba7f017e5e4388a5f,2510,51651,0,0,0,,0,0,0,,0,0,0,,0,0,0,0,
932fd42911c74016bc7da418abd29f0f,2510,74950,80,41,1161,https://www.youtube.com/watch?v=H8nhoBJK9oA,80,35,132,https://www.youtube.com/watch?v=iCkuiD2YGB0,1161,406,1161,https://www.youtube.com/watch?v=H8nhoBJK9oA,90,0,0,0,
284024f40bb34b429debb78e7dbf3391,2500,6222,0,0,0,,0,0,0,,0,0,0,,0,0,0,0,
a960b283b1124f44bc4bf2a16199977a,2500,107980,0,0,0,,0,0,0,,0,0,0,,4762,0,0,0,
f656e3210df449889b6ad9e72acd7a72,2500,205424,245,75,1368,https://www.youtube.com/watch?v=djJRTnxEXrM,217,80,430,https://www.youtube.com/watch?v=Ff0uiFciSMc,1368,36,1368,https://www.youtube.com/watch?v=djJRTnxEXrM,0,0,0,0,
e68bb26e386a4d49a2f521f8abc83376,2490,0,0,0,0,,0,0,0,,0,0,0,,3503,0,0,0,
e66d389ebb604096bfa99178e1a13c27,2490,313329,1400,599,2360,https://www.youtube.com/watch?v=IAImlmyWqvM,1470,599,2360,https://www.youtube.com/watch?v=IAImlmyWqvM,407,402,621,https://www.youtube.com/watch?v=lswLmOA8ac8,3844,298,245,555,https://www.twitch.tv/videos/2847671371
07553f6f3df84c3396508456ccbe7df2,2490,96263,188,76,195,https://www.youtube.com/watch?v=oWb67m32vSs,188,76,195,https://www.youtube.com/watch?v=oWb67m32vSs,0,0,0,,1051,0,0,0,
a5566c76de5540f4a239c4c2a39cf460,2490,67585,347,120,1614,https://www.youtube.com/watch?v=fprF5u5rn_Y,240,107,347,https://www.youtube.com/watch?v=0oPV-iTIHTM,1614,680,1614,https://www.youtube.com/watch?v=fprF5u5rn_Y,0,0,0,0,
352894d7c4eb4c9f87e248eae450183a,2490,306871,111,51,416,https://www.youtube.com/watch?v=VvjVBrgEvrw,189,99,416,https://www.youtube.com/watch?v=VvjVBrgEvrw,81,45,111,https://www.youtube.com/watch?v=ZOwgFWt5xMw,0,0,0,0,
db6b14a0319e4f639bfcf8d4309c064d,2490,369515,62,51,62,https://www.youtube.com/watch?v=fDIK9vSlZXs,0,0,0,,62,51,62,https://www.youtube.com/watch?v=fDIK9vSlZXs,3347,285,213,928,https://www.twitch.tv/videos/2852894470
62e0c4a2dc274095a08c49a7850d3b78,2480,41179,0,0,0,,0,0,0,,0,0,0,,1572,0,0,0,
87968861d5794c01bfce46d51c8abfc7,2480,24932,0,0,0,,0,0,0,,0,0,0,,0,0,0,0,
a0c76cedf0e346a18586077a38f302d8,2470,111211,0,0,0,,0,0,0,,0,0,0,,173,0,0,0,
b19d58b07131413a92b4bd16e37e8e38,2470,11690,0,0,0,,0,0,0,,0,0,0,,0,0,0,0,
eb9c18d484464a8e9ac12f44c761ce27,2460,65495,0,0,0,,0,0,0,,0,0,0,,682,0,0,0,
9c913230c732455c9604dae9ebcfa64e,2460,124927,3,1,2346,https://www.youtube.com/watch?v=uSG0iD8RoWw,0,0,0,,3,1,2346,https://www.youtube.com/watch?v=uSG0iD8RoWw,1361,356,281,428,https://www.twitch.tv/videos/2847714612
6e1845e76035452287436153470e8656,2460,114854,171,90,257,https://www.youtube.com/watch?v=W5TiL4uoUp4,171,90,257,https://www.youtube.com/watch?v=W5TiL4uoUp4,0,0,0,,461,0,0,0,
08da85c2b24747a2aaeec4fe6cf9d681,2450,67246,481,241,1972,https://www.youtube.com/watch?v=PmmY0CWExGo,463,243,1401,https://www.youtube.com/watch?v=Qf8yml7vffk,1972,116,1972,https://www.youtube.com/watch?v=PmmY0CWExGo,0,0,0,0,
daf01d921fcd4d59876e7f574a083aba,2430,53833,0,0,0,,0,0,0,,0,0,0,,0,0,0,0,
27bbe711f5e848a9bc8accc73fc79471,2430,25364,48,10,48,https://www.youtube.com/watch?v=QhLVTqZ_wxQ,0,0,0,,48,10,48,https://www.youtube.com/watch?v=QhLVTqZ_wxQ,0,0,0,0,
bff58c28269748eb99103a257886309a,2420,87332,139,106,19122,https://www.youtube.com/watch?v=tAnx_HZDfBY,121,57,216,https://www.youtube.com/watch?v=ij98leSWJ9g,474,135,19122,https://www.youtube.com/watch?v=tAnx_HZDfBY,0,0,0,0,
72a83f60773546dba886008320809d70,2410,488012,0,0,0,,0,0,0,,0,0,0,,10224,550,376,817,https://www.twitch.tv/videos/2846575284
a7874e2ea7a44640a4ad427680a1dc9a,2410,77060,0,0,0,,0,0,0,,0,0,0,,311,338,312,338,https://www.twitch.tv/videos/2854251021
cfc335d4b3e3411ca5b39ccb41a81958,2400,156724,620,84,1116,https://www.youtube.com/watch?v=4aOqb68bPjc,620,84,1116,https://www.youtube.com/watch?v=4aOqb68bPjc,0,0,0,,0,0,0,0,
8be6ce1a26af47a4985205da119eab5a,2400,388716,150,58,1246,https://www.youtube.com/watch?v=uxGyHdwjavM,150,58,266,https://www.youtube.com/watch?v=n9B9Sg0-98E,690,417,1246,https://www.youtube.com/watch?v=uxGyHdwjavM,0,0,0,0,
cc1bad00639b4149b277f0d2e99c2abe,2400,84728,56,30,104,https://www.youtube.com/watch?v=5eRrr7FL0mo,56,30,104,https://www.youtube.com/watch?v=5eRrr7FL0mo,0,0,0,,0,0,0,0,
b322780e7b80404193373149bfa8e86d,2400,54913,0,0,0,,0,0,0,,0,0,0,,0,0,0,0,
fa2a2255fa7d4aa7b5b54dea5dd2b1c4,2390,72965,65,28,119,https://www.youtube.com/watch?v=Vj6YHURLj5g,65,28,119,https://www.youtube.com/watch?v=Vj6YHURLj5g,0,0,0,,0,0,0,0,
d18dd7d3e19f469b9e3faaa6c1fe2b0d,2380,48330,99,36,252,https://www.youtube.com/watch?v=scSs0msOcy8,99,36,252,https://www.youtube.com/watch?v=scSs0msOcy8,0,0,0,,238,0,0,0,
364f94fc7493453e9f53787ade8e35c6,2370,397023,128,57,234,https://www.youtube.com/watch?v=quNUBLVyIlQ,128,57,234,https://www.youtube.com/watch?v=quNUBLVyIlQ,0,0,0,,0,0,0,0,
7667228c716242d787e1e9cf37224896,2370,98884,0,0,0,,0,0,0,,0,0,0,,0,0,0,0,
68c912c0e68b455f91cd3e1dfbf7d33b,2370,60098,219,131,1705,https://www.youtube.com/watch?v=BuTYCWrIWnI,215,124,497,https://www.youtube.com/watch?v=h9tRZj5MJIk,1610,518,1705,https://www.youtube.com/watch?v=BuTYCWrIWnI,723,0,0,0,
c79b5a5a5c8b4d8f917afdfc16c01961,2360,104427,0,0,0,,0,0,0,,0,0,0,,3888,1302,1247,1302,https://www.twitch.tv/videos/2855179499
bd9c7d2e96094ce7b8ca032228bb13c7,2360,48405,0,0,0,,0,0,0,,0,0,0,,0,0,0,0,
6510332f58be4d86b0007c77a622c959,2350,327082,468,231,1032,https://www.youtube.com/watch?v=K_Lny2k8MFg,468,231,1032,https://www.youtube.com/watch?v=K_Lny2k8MFg,0,0,0,,3282,250,208,378,https://www.twitch.tv/videos/2848732117
b7fa120fd2264ecca8f9f02ece2850a9,2350,80539,0,0,0,,0,0,0,,0,0,0,,159,0,0,0,
80c426d23cdb4dcda1d1a0a1bd7e0245,2350,27369,0,0,0,,0,0,0,,0,0,0,,6175,0,0,0,
c805a5c2c4fb4a068a65267452aa4da5,2350,88497,29,11,75,https://www.youtube.com/watch?v=Ds9af1J8DMI,29,11,75,https://www.youtube.com/watch?v=Ds9af1J8DMI,0,0,0,,0,0,0,0,
cec266a3203a4d1599494b42f35b4012,2350,10633,0,0,0,,0,0,0,,0,0,0,,536,24,20,85,https://www.twitch.tv/videos/2852262142
6c812a2f61ac470f8e3b30a92dca9d81,2340,76154,0,0,0,,0,0,0,,0,0,0,,0,0,0,0,
70d5f64a7e324d7584d7e5116d6dc5a2,2340,76095,579,529,579,https://www.youtube.com/watch?v=B5SVIiPOpcM,579,529,579,https://www.youtube.com/watch?v=B5SVIiPOpcM,0,0,0,,0,0,0,0,
95f3f004ed9641139567827519f6b35e,2340,159744,0,0,0,,0,0,0,,0,0,0,,252,0,0,0,
572c03fa49b54d4b95935321b4722b68,2340,485542,559,118,1505,https://www.youtube.com/watch?v=Qu7T2PpXFvA,0,0,0,,559,118,1505,https://www.youtube.com/watch?v=Qu7T2PpXFvA,1934,298,17,1048,https://www.twitch.tv/videos/2854949818
3f12c2866e564c3086183c6e75ef79eb,2340,59112,0,0,0,,0,0,0,,0,0,0,,0,0,0,0,
076c16fcd0c843c0b70748712d15f233,2340,36507,0,0,0,,0,0,0,,0,0,0,,0,0,0,0,
c94bc4ff4689403aac751731d33150e6,2330,69051,276,94,1535,https://www.youtube.com/watch?v=pLT1MU4HXhk,444,98,1516,https://www.youtube.com/watch?v=zn6YOzDk9FU,147,79,1535,https://www.youtube.com/watch?v=pLT1MU4HXhk,485,179,117,215,https://www.twitch.tv/videos/2853288732
eb38f509e8464ba19ba8579e0b99e262,2330,103968,95,52,173,https://www.youtube.com/watch?v=BTgaZ9KoqOk,86,48,141,https://www.youtube.com/watch?v=P1FkpubuIuE,173,89,173,https://www.youtube.com/watch?v=BTgaZ9KoqOk,0,0,0,0,
d3a3eab7a3e34ea98784c44e3691c726,2330,90787,0,0,0,,0,0,0,,0,0,0,,0,0,0,0,
65a52797bec24b9bb2df5201068873a4,2330,26317,146,57,167,https://www.youtube.com/watch?v=59WXDEKcFVs,146,57,167,https://www.youtube.com/watch?v=59WXDEKcFVs,0,0,0,,0,0,0,0,
4ed0862cff5b47bcbf4b6a30e431e0fa,2330,104367,1555,991,2005,https://www.youtube.com/watch?v=HzYWtbJF8YU,0,0,0,,1555,991,2005,https://www.youtube.com/watch?v=HzYWtbJF8YU,0,0,0,0,
084c49d869114256af18c13cc4b56414,2330,52570,0,0,0,,0,0,0,,0,0,0,,0,0,0,0,
2af83bdd7db644d88ffdaf123c38619b,2320,76894,56,35,256,https://www.youtube.com/watch?v=bJJBEleghNM,56,35,256,https://www.youtube.com/watch?v=bJJBEleghNM,0,0,0,,0,0,0,0,
b975eb70ed174bbda87e181be25bd1c5,2310,87318,0,0,0,,0,0,0,,0,0,0,,0,0,0,0,
395eade6d67445e1831010cac52ab444,2310,96277,0,0,0,,0,0,0,,0,0,0,,779,0,0,0,
e8be1d48c5a249cebcef72b17653ef34,2310,22658,0,0,0,,0,0,0,,0,0,0,,0,0,0,0,
6274e7f2acaf4d48b5fa569168f9468e,2310,142331,165,48,349,https://www.youtube.com/watch?v=qQiRLQCTLA0,165,48,349,https://www.youtube.com/watch?v=qQiRLQCTLA0,0,0,0,,0,0,0,0,
9fb51e14ba1c499eb6383a7a166a4d52,2310,85655,94,51,1309,https://www.youtube.com/watch?v=ujmHzXrFNiM,48,23,94,https://www.youtube.com/watch?v=Khg1_qgCMc4,1120,768,1309,https://www.youtube.com/watch?v=ujmHzXrFNiM,0,0,0,0,
d8008bc6129d49d4bebfe530c4d02751,2300,3304,0,0,0,,0,0,0,,0,0,0,,0,0,0,0,
6873f5b9a88c42ba980878bbffb5682a,2300,181748,198,71,284,https://www.youtube.com/watch?v=p16eV-bQEyM,206,68,284,https://www.youtube.com/watch?v=p16eV-bQEyM,121,71,121,https://www.youtube.com/watch?v=zNuE8tfdaW8,0,0,0,0,
4ac7e88bd2234040a1da03644b06a501,2290,0,0,0,0,,0,0,0,,0,0,0,,0,0,0,0,
a9e5491563fd4b05896ef9a8cb2ee7d7,2290,139339,183,106,1211,https://www.youtube.com/watch?v=xTYkk1sQ8Uw,79,41,1211,https://www.youtube.com/watch?v=xTYkk1sQ8Uw,340,174,1122,https://www.youtube.com/watch?v=QI8F6xovg1E,0,0,0,0,
a64ba9e0b7dd4de58ffbdf9ca043a90b,2290,107707,101,34,1403,https://www.youtube.com/watch?v=PoRPExKRnDo,94,26,141,https://www.youtube.com/watch?v=SC94CFYgc94,1343,577,1403,https://www.youtube.com/watch?v=PoRPExKRnDo,94,0,0,0,
4d44c28a73394954a4d1bf2a1b2c162c,2290,156863,75,36,203,https://www.youtube.com/watch?v=HdXuXTq2BHE,73,46,179,https://www.youtube.com/watch?v=__u6HGEHXqw,203,19,203,https://www.youtube.com/watch?v=HdXuXTq2BHE,0,0,0,0,
5c7278d46cd24b8eb5f49c446acc759d,2290,16505,203,94,679,https://www.youtube.com/watch?v=N-LUYyOs9uE,206,100,679,https://www.youtube.com/watch?v=N-LUYyOs9uE,201,43,201,https://www.youtube.com/watch?v=ftKjK6eVRa4,84,37,28,37,https://www.twitch.tv/videos/2850150337
6f382359f4d0436e9e1d4f87e4696e76,2280,70055,0,0,0,,0,0,0,,0,0,0,,0,0,0,0,
7ce04ee5bb63467f8b70a69136049218,2280,26930,0,0,0,,0,0,0,,0,0,0,,1781,183,120,214,https://www.twitch.tv/videos/2849623346
fe0305c914c549879b315b6dc3204748,2280,46798,0,0,0,,0,0,0,,0,0,0,,0,0,0,0,
46954e0541644057a88f590a4739722c,2280,69643,230,78,907,https://www.youtube.com/watch?v=-z_bNzhgbLI,213,66,318,https://www.youtube.com/watch?v=xAkeG3f_W3k,907,825,907,https://www.youtube.com/watch?v=-z_bNzhgbLI,138,0,0,0,
43e557d175ce462b97c4c406954d8c04,2280,462481,45,23,165,https://www.youtube.com/watch?v=AMBOBf6Myh0,45,23,165,https://www.youtube.com/watch?v=AMBOBf6Myh0,0,0,0,,511,30,23,31,https://www.twitch.tv/videos/2845045490
ad43fda31b7842dc8e7854840b974614,2270,102469,95,23,206,https://www.youtube.com/watch?v=QWKvJLWPOtU,95,23,206,https://www.youtube.com/watch?v=QWKvJLWPOtU,0,0,0,,1150,0,0,0,
0bf305da1ec14c5c8447b9a007bc81f6,2270,250618,171,111,2909,https://www.youtube.com/watch?v=ewyl96-sleA,144,82,1273,https://www.youtube.com/watch?v=W2El4GN2JnI,1918,844,2909,https://www.youtube.com/watch?v=ewyl96-sleA,1080,76,63,136,https://www.twitch.tv/videos/2852888389
c0ce3bfbf1434af3a2a7bd7b2c38e7e7,2270,165793,377,122,1032,https://www.youtube.com/watch?v=U_VcePtjaUg,388,156,667,https://www.youtube.com/watch?v=_sjIov-rbgM,243,59,1032,https://www.youtube.com/watch?v=U_VcePtjaUg,0,0,0,0,
c1aa10208a06439481231599b25845b0,2270,191160,1355,42,1572,https://www.youtube.com/watch?v=Oq_X7vTaADI,180,42,180,https://www.youtube.com/watch?v=5NkhR9yHrlk,1463,489,1572,https://www.youtube.com/watch?v=Oq_X7vTaADI,2209,142,91,425,https://www.twitch.tv/videos/2854092453
29574cafecff435b90d34431e2153f02,2260,312090,100,58,1781,https://www.youtube.com/watch?v=AwvyPqNRp1c,55,22,100,https://www.youtube.com/watch?v=vl5OinNvIek,1266,827,1781,https://www.youtube.com/watch?v=AwvyPqNRp1c,189,59,38,90,https://www.twitch.tv/videos/2850514422
a60c8fc0a1324bf8b65053231ee22373,2250,562868,64,27,2130,https://www.youtube.com/watch?v=TSnKjn_rpKE,43,23,129,https://www.youtube.com/watch?v=n9LlP5J9Sxk,895,394,2130,https://www.youtube.com/watch?v=TSnKjn_rpKE,187,9,6,33,https://www.twitch.tv/videos/2843216594
edc63a5ab371435ea8614134d401c517,2250,92325,0,0,0,,0,0,0,,0,0,0,,0,0,0,0,
6cd8cdc530d14e2d9d0a9cd20cb6b05c,2250,86138,53,42,53,https://www.youtube.com/watch?v=oGJhIlJOch4,53,42,53,https://www.youtube.com/watch?v=oGJhIlJOch4,0,0,0,,0,0,0,0,
92e03a33b1e640f6aa94211011de5d24,2250,92205,508,346,8772,https://www.youtube.com/watch?v=4t4LoW1zX_M,0,0,0,,508,346,8772,https://www.youtube.com/watch?v=4t4LoW1zX_M,298,68,55,184,https://www.twitch.tv/videos/2845867001
25904d8b82c84d74a8abffb804647e21,2240,114338,0,0,0,,0,0,0,,0,0,0,,393,0,0,0,
90c317900736475a8c5cae632bdd0960,2240,158728,0,0,0,,0,0,0,,0,0,0,,0,0,0,0,
6fa5098cd1c644c5871a47a7e56803dc,2240,86956,338,227,1694,https://www.youtube.com/watch?v=iqU97D_ZE3s,286,157,451,https://www.youtube.com/watch?v=wN5HmUHiLzY,815,530,1694,https://www.youtube.com/watch?v=iqU97D_ZE3s,262,0,0,0,
345b2eb5c8bf4d7d9fa72176f67de440,2230,43518,8,4,13,https://www.youtube.com/watch?v=O9mt4wZ9jmE,0,0,0,,8,4,13,https://www.youtube.com/watch?v=O9mt4wZ9jmE,880,151,94,151,https://www.twitch.tv/videos/2845974246
78dea7b59be448329ec287a403f95a13,2220,31308,3,1,17,https://www.youtube.com/watch?v=SoD17c0o5n8,0,0,0,,3,1,17,https://www.youtube.com/watch?v=SoD17c0o5n8,2121,165,107,191,https://www.twitch.tv/videos/2850514061
9b8fe3ac0f30473f87290d314dfda74e,2220,3010,1027,864,1159,https://www.youtube.com/watch?v=3DtBZYk2X5I,0,0,0,,1027,864,1159,https://www.youtube.com/watch?v=3DtBZYk2X5I,0,0,0,0,
de610557c5c041df85e41e7f2f5490f5,2220,12720,0,0,0,,0,0,0,,0,0,0,,4222,0,0,0,
751596501f4f420a8a5c5c9d839efb22,2220,116006,0,0,0,,0,0,0,,0,0,0,,271,0,0,0,
504678b9fa2f4506879ba42b27a13dff,2220,247871,132,67,1408,https://www.youtube.com/watch?v=4ueeEwL-M6s,121,46,207,https://www.youtube.com/watch?v=s246BCg8vRs,1275,523,1408,https://www.youtube.com/watch?v=4ueeEwL-M6s,0,0,0,0,
27f5926236d04e34a08fdb7ab83940bc,2220,69632,166,121,190,https://www.youtube.com/watch?v=IyNVMZLWVp0,166,121,190,https://www.youtube.com/watch?v=IyNVMZLWVp0,0,0,0,,0,0,0,0,
c52b95b6a42d48f0ae888720492a5a46,2220,146512,0,0,0,,0,0,0,,0,0,0,,0,0,0,0,
b9104b7fdb804facb0d8847f373a8a05,2220,123697,27,12,81,https://www.youtube.com/watch?v=J0D2EJLJmsU,27,12,81,https://www.youtube.com/watch?v=J0D2EJLJmsU,0,0,0,,110,0,0,0,
92354b79050d4a2dbdb2289a7498a662,2220,37993,0,0,0,,0,0,0,,0,0,0,,0,0,0,0,
65c0e7f6562d419e944caea644836c1f,2220,93565,105,18,195,https://www.youtube.com/watch?v=p9Pr0Y05raI,105,18,195,https://www.youtube.com/watch?v=p9Pr0Y05raI,0,0,0,,297,0,0,0,
ab069c9401bc4bd09eea8f5ece525d54,2210,349672,0,0,0,,0,0,0,,0,0,0,,0,0,0,0,
8890acc220cd4f969ec2e23a28c1eda2,2210,8866,0,0,0,,0,0,0,,0,0,0,,0,0,0,0,
1ead15220cb842a79c3922d08d618e31,2200,4601,0,0,0,,0,0,0,,0,0,0,,0,0,0,0,
d418b8a185f449b3a15c1656ba654780,2200,160897,0,0,0,,0,0,0,,0,0,0,,0,0,0,0,
60602526ae1d48688c23a74b3cb527e8,2180,100977,77,25,90,https://www.youtube.com/watch?v=OxnfgF93FpM,77,25,90,https://www.youtube.com/watch?v=OxnfgF93FpM,0,0,0,,0,0,0,0,
f99429e8c2324c5db10f11c3a2c51b5d,2180,70292,0,0,0,,0,0,0,,0,0,0,,0,0,0,0,
8b732f3260e0427f9cf795b93ada310a,2170,31097,0,0,0,,0,0,0,,0,0,0,,3912,581,269,982,https://www.twitch.tv/videos/2836305631
8e84dbdebec446bab8c82b3f0467f398,2170,203545,76,45,1737,https://www.youtube.com/watch?v=gRiB9l0vcAg,64,34,132,https://www.youtube.com/watch?v=ADh-q6FGDKs,1523,876,1737,https://www.youtube.com/watch?v=gRiB9l0vcAg,0,0,0,0,
73a6eae6a16942ef8726b2c475fef9e0,2170,135835,0,0,0,,0,0,0,,0,0,0,,0,0,0,0,
19a2801d800547e58c6560aa1accf3e4,2170,98297,71,38,143,https://www.youtube.com/watch?v=VyIOV3HfQwY,71,38,143,https://www.youtube.com/watch?v=VyIOV3HfQwY,0,0,0,,451,0,0,0,
8a63cc5d44b44e2c88122e98c533d20a,2160,332421,0,0,0,,0,0,0,,0,0,0,,0,0,0,0,
0dc64e677ea0451095971685f0618966,2160,126211,0,0,0,,0,0,0,,0,0,0,,0,0,0,0,
b5c9831f97f4427a88a96d7c4ee40539,2160,200402,0,0,0,,0,0,0,,0,0,0,,1693,0,0,0,
a76c19e10aa4463f92f0d2e0f30ab84a,2160,148601,87,51,1817,https://www.youtube.com/watch?v=7S4-OoVnaLg,74,47,192,https://www.youtube.com/watch?v=BcuwC9lJ_38,1032,500,1817,https://www.youtube.com/watch?v=7S4-OoVnaLg,0,0,0,0,
d45c287a84b6485e8ff3400cf50f5db7,2160,170065,0,0,0,,0,0,0,,0,0,0,,4420,660,331,1044,https://www.twitch.tv/videos/2835306504
5da8c6fb027049cc8bc2030c56e8c489,2150,30309,0,0,0,,0,0,0,,0,0,0,,136,0,0,0,
44ae1f339250472c82d1fc4ffb3610ad,2140,107885,314,154,826,https://www.youtube.com/watch?v=xbW-NHgCZck,354,163,826,https://www.youtube.com/watch?v=xbW-NHgCZck,80,3,80,https://www.youtube.com/watch?v=iOozjBr4h4c,2990,1107,493,1391,https://www.twitch.tv/videos/2849317416
58d43efc5b4046148d02de0e65ef9120,2130,255548,113,48,294,https://www.youtube.com/watch?v=_Ov6ZxGGJiA,113,48,294,https://www.youtube.com/watch?v=_Ov6ZxGGJiA,0,0,0,,580,81,59,127,https://www.twitch.tv/videos/2854129998
326e254f0da14bc6bfc5d379164cf5c6,2130,46427,0,0,0,,0,0,0,,0,0,0,,0,0,0,0,
d2b6390494b94f44ac75b6e53780a09c,2130,35802,0,0,0,,0,0,0,,0,0,0,,62,0,0,0,
c41a24bf9c8f48ee9454119057088688,2130,87337,0,0,0,,0,0,0,,0,0,0,,0,0,0,0,
62b58adde13f4a73ab406f857d730e20,2130,99106,121,51,1085,https://www.youtube.com/watch?v=A-sRiaM898A,118,50,256,https://www.youtube.com/watch?v=2dNO9Rxq3Ro,619,277,1085,https://www.youtube.com/watch?v=A-sRiaM898A,0,0,0,0,
e897180feafa4f748c41f13306b6f379,2110,495046,567,222,21919,https://www.youtube.com/watch?v=svarCVlEiYE,212,62,381,https://www.youtube.com/watch?v=NINNMu6GzL8,1892,542,21919,https://www.youtube.com/watch?v=svarCVlEiYE,33,0,0,0,
226eb1e34c924ae2914d960039905d08,2110,236562,58,35,1063,https://www.youtube.com/watch?v=ngvlTwkkt9U,50,33,91,https://www.youtube.com/watch?v=XmEKwChoMvc,573,422,1063,https://www.youtube.com/watch?v=ngvlTwkkt9U,0,0,0,0,
948d1078ceaf4b39b3bef86fdab85482,2110,41378,388,173,2751,https://www.youtube.com/watch?v=2l7efhnyBNk,120,74,1495,https://www.youtube.com/watch?v=cY8I5QZ0rIU,1941,430,2751,https://www.youtube.com/watch?v=2l7efhnyBNk,2937,234,153,342,https://www.twitch.tv/videos/2847833221
80ea9b92d31c48b8b2cf2ca5bacc2a08,2110,70336,112,74,155,https://www.youtube.com/watch?v=KEr-ChN90NA,112,74,155,https://www.youtube.com/watch?v=KEr-ChN90NA,0,0,0,,0,0,0,0,
ef03340f293242f89fe15f2f828dbf7f,2110,48826,46,27,99,https://www.youtube.com/watch?v=CyYQRiYcU3Q,46,27,99,https://www.youtube.com/watch?v=CyYQRiYcU3Q,0,0,0,,655,29,24,59,https://www.twitch.tv/videos/2850504819
4f93fe928d264a299c6589e09fbda21e,2110,163457,0,0,0,,0,0,0,,0,0,0,,0,0,0,0,
e58a5a6f40e040d79bbcd139824d6fc7,2110,277195,101,42,1820,https://www.youtube.com/watch?v=iExV8tD6P2o,0,0,0,,101,42,1820,https://www.youtube.com/watch?v=iExV8tD6P2o,11500,3124,1454,4925,https://www.twitch.tv/videos/2847633581
3039dc305f614cd89e8ee8d028dea0ff,2110,71245,0,0,0,,0,0,0,,0,0,0,,0,0,0,0,
2c92fe49ca9f4b8faf8f4521378857d2,2100,291683,0,0,0,,0,0,0,,0,0,0,,665,12,10,22,https://www.twitch.tv/videos/2845952534
1310ffb60dcf40eaaf6a08890e632234,2100,103224,0,0,0,,0,0,0,,0,0,0,,0,0,0,0,
9870111c23124c19a12de7bbdeb8abc1,2100,72911,111,47,112,https://www.youtube.com/watch?v=6x0VoDPkJYA,111,47,112,https://www.youtube.com/watch?v=6x0VoDPkJYA,0,0,0,,0,0,0,0,
9efea510313f4733b4d0b5e3cfb6988b,2100,527898,47,10,160,https://www.youtube.com/watch?v=3naxNQDUtS4,0,0,0,,47,10,160,https://www.youtube.com/watch?v=3naxNQDUtS4,0,0,0,0,
6d2945d11f504edb9962f742b54f6553,2090,36419,19,15,70,https://www.youtube.com/watch?v=1tEybKb5t4Q,19,15,70,https://www.youtube.com/watch?v=1tEybKb5t4Q,0,0,0,,1111,0,0,0,
6b36f446b10e4ea99d5d80d60beeee21,2090,50567,0,0,0,,0,0,0,,0,0,0,,8149,841,587,1529,https://www.twitch.tv/videos/2847546423
40082e2bb0b546d3bd3ebb75a3192092,2090,1651683,118,27,1458,https://www.youtube.com/watch?v=kW12YIc0o4Y,43,24,75,https://www.youtube.com/watch?v=HDcLsnlO14Q,140,27,1458,https://www.youtube.com/watch?v=kW12YIc0o4Y,0,0,0,0,
08a9cb204a03447bbba896df3ee6a096,2090,11917,0,0,0,,0,0,0,,0,0,0,,373,0,0,0,
d564ef4ee383435787e18dee18247631,2080,65743,94,50,925,https://www.youtube.com/watch?v=N5yIUkals4U,94,50,572,https://www.youtube.com/watch?v=qLtP_QZ52yw,925,329,925,https://www.youtube.com/watch?v=N5yIUkals4U,400,0,0,0,
8b810380ed254a5e8a85b65552ba4e61,2080,127282,1408,710,1840,https://www.youtube.com/watch?v=Xm-lukeSTKU,0,0,0,,1408,710,1840,https://www.youtube.com/watch?v=Xm-lukeSTKU,23745,2087,767,5540,https://www.twitch.tv/videos/2830136283
8c171b8f4b854cbfade4ee2babc19e0f,2080,48882,208,121,343,https://www.youtube.com/watch?v=Hmf5rQN2U0g,208,121,343,https://www.youtube.com/watch?v=Hmf5rQN2U0g,0,0,0,,0,0,0,0,
e9047e02eb6340ff940114f754c76875,2080,58846,145,114,390,https://www.youtube.com/watch?v=nFaa-OZlq1g,47,37,47,https://www.youtube.com/watch?v=gsWHP8X0chA,267,153,390,https://www.youtube.com/watch?v=nFaa-OZlq1g,0,0,0,0,
7cc197b36bc64bf38aaf98a17eaf8d31,2080,221893,692,180,1763,https://www.youtube.com/watch?v=s5Y324vRmVE,152,117,156,https://www.youtube.com/watch?v=tx2NsNeN4jw,1405,310,1763,https://www.youtube.com/watch?v=s5Y324vRmVE,0,0,0,0,
e91df1edab1b4b01b37419becd9f5b86,2070,64352,167,126,13040,https://www.youtube.com/watch?v=9a_YSHyURds,138,58,247,https://www.youtube.com/watch?v=jjzSGBkynaw,8749,2201,13040,https://www.youtube.com/watch?v=9a_YSHyURds,62,51,36,68,https://www.twitch.tv/videos/2843199044
ab540a5b73bb4dfa85cebffb70fad5db,2070,59222,0,0,0,,0,0,0,,0,0,0,,1224,0,0,0,
6eefc3826f4f49a0b28a5288c5e0d83e,2070,12832,0,0,0,,0,0,0,,0,0,0,,2654,338,234,402,https://www.twitch.tv/videos/2848567120
4f20b9493001401f81b7a451bf856fba,2070,237083,1741,920,16288,https://www.youtube.com/watch?v=n5McDdg-cv8,0,0,0,,1741,920,16288,https://www.youtube.com/watch?v=n5McDdg-cv8,1581,0,0,0,
8b7a4cfb12e54a309645f0e077bb088a,2070,34420,0,0,0,,0,0,0,,0,0,0,,0,0,0,0,
93e7079bd21c499f9004e79d18489d28,2060,494166,0,0,0,,0,0,0,,0,0,0,,85,0,0,0,
44b22851b9df4612bec834e2cfde9489,2060,521629,49,27,85,https://www.youtube.com/watch?v=INztprgBB5Y,49,27,85,https://www.youtube.com/watch?v=INztprgBB5Y,0,0,0,,0,0,0,0,
33918eea49984fb499619652ce58a4fa,2060,35764,0,0,0,,0,0,0,,0,0,0,,0,0,0,0,
361d3dd97ee9430f85d57b61ea8f0b85,2060,177996,127,62,2142,https://www.youtube.com/watch?v=qB2ysE3aRqM,105,42,190,https://www.youtube.com/watch?v=jbNiREYOWF0,1150,783,2142,https://www.youtube.com/watch?v=qB2ysE3aRqM,0,0,0,0,
1b863baf309a4ff587385012bb5bde51,2050,80097,0,0,0,,0,0,0,,0,0,0,,340,0,0,0,
b8d723ac79eb47229a23adc4029a5bd5,2050,0,0,0,0,,0,0,0,,0,0,0,,0,0,0,0,
9087489bcb234de9bb2a8942a1562a61,2050,76081,0,0,0,,0,0,0,,0,0,0,,0,0,0,0,
8f7fdc3104f541539132c122eeab6801,2040,47528,140,61,225,https://www.youtube.com/watch?v=fzbDINZfBug,154,74,225,https://www.youtube.com/watch?v=fzbDINZfBug,36,34,37,https://www.youtube.com/watch?v=hMrM4sGYnuE,0,0,0,0,
cb52afa541704e6e8f1098a20679135c,2040,119913,53,15,63,https://www.youtube.com/watch?v=owOkbnYxz3w,53,15,63,https://www.youtube.com/watch?v=owOkbnYxz3w,0,0,0,,329,19,16,19,https://www.twitch.tv/videos/2852325136
3a8fe50b02d04b45af3974ed979c52eb,2040,105821,288,94,1783,https://www.youtube.com/watch?v=dtbijRT_ytA,226,94,450,https://www.youtube.com/watch?v=Ns-eDjs9tm8,472,195,1783,https://www.youtube.com/watch?v=dtbijRT_ytA,0,0,0,0,
77829b31e6e246efbf1f648a353ff823,2030,312019,169,72,8605,https://www.youtube.com/watch?v=vT7HUduSFx0,145,59,261,https://www.youtube.com/watch?v=MAMuZDgDwJc,1432,868,8605,https://www.youtube.com/watch?v=vT7HUduSFx0,0,0,0,0,
e32a7d950f5a4b53ab2f47d225aec4fd,2030,54974,0,0,0,,0,0,0,,0,0,0,,0,0,0,0,
7d2aa4176f60423bb1532ac37ed55e28,2030,167700,97,43,167,https://www.youtube.com/watch?v=-GhXOOsMk-c,97,43,167,https://www.youtube.com/watch?v=-GhXOOsMk-c,0,0,0,,0,0,0,0,
2e58c53f72f144dbad853ca8630dab19,2030,74196,213,20,220,https://www.youtube.com/watch?v=_Y_zHxiItZI,213,20,220,https://www.youtube.com/watch?v=_Y_zHxiItZI,0,0,0,,234,0,0,0,
0414bb8fc082472a9434bd4a463a9865,2030,11135,0,0,0,,0,0,0,,0,0,0,,191,0,0,0,
83a59a0d6537461fb429af7e3af1d152,2020,258455,0,0,0,,0,0,0,,0,0,0,,0,0,0,0,
a5681ed32f994c57a107a0b9248fb228,2020,83844,162,72,320,https://www.youtube.com/watch?v=Tag_MfV0HrQ,162,72,320,https://www.youtube.com/watch?v=Tag_MfV0HrQ,0,0,0,,0,0,0,0,
712d031e7f004ed99aa1dfdb176cff32,2020,118946,0,0,0,,0,0,0,,0,0,0,,321,0,0,0,
83eff3b0de694818876092eaabd35b4a,2020,96534,61,27,131,https://www.youtube.com/watch?v=jTy0ahSW8Vc,61,27,131,https://www.youtube.com/watch?v=jTy0ahSW8Vc,0,0,0,,0,0,0,0,
bb1cda940e0a44b3a25f3e368c19c490,2020,64303,123,34,144,https://www.youtube.com/watch?v=e4DVNr0GsiY,123,34,144,https://www.youtube.com/watch?v=e4DVNr0GsiY,0,0,0,,0,0,0,0,
1c4d1b6728454276a4a5c4e0d6a94a20,2010,0,0,0,0,,0,0,0,,0,0,0,,0,0,0,0,
829ebc1f7fc34bd1b770298799fccaa7,2010,43436,0,0,0,,0,0,0,,0,0,0,,0,0,0,0,
54a8fe908e2040bfb366aca0e67cc23f,2010,0,0,0,0,,0,0,0,,0,0,0,,0,0,0,0,
0563e1d0ff394d1ab0d6a09d89870fba,2010,150350,91,29,350,https://www.youtube.com/watch?v=41h1tNQ9Ki8,86,23,167,https://www.youtube.com/watch?v=ZyaK6x-zgNk,350,297,350,https://www.youtube.com/watch?v=41h1tNQ9Ki8,155,132,71,190,https://www.twitch.tv/videos/2843948002
6eeed5b0702a45df8470a617ee2c5243,2010,24089,0,0,0,,0,0,0,,0,0,0,,0,0,0,0,
95f8bb8a92c1450b8b5993f740b39338,2000,764523,17,3,23,https://www.youtube.com/watch?v=PLLDQ9wlOG0,17,3,23,https://www.youtube.com/watch?v=PLLDQ9wlOG0,0,0,0,,295,0,0,0,
2a20316d245d406193331300bb44fdec,2000,26291,0,0,0,,0,0,0,,0,0,0,,5375,735,423,1525,https://www.twitch.tv/videos/2835395683
14d334ad35f146ecbb047d1c20652fe1,2000,348836,0,0,0,,0,0,0,,0,0,0,,0,0,0,0,
b84f2dfff8ce4ca1af82bfc44405f1e7,2000,93124,46,25,1641,https://www.youtube.com/watch?v=a64W-q0tf68,44,23,72,https://www.youtube.com/watch?v=9Zv_08fWgpo,1641,1227,1641,https://www.youtube.com/watch?v=a64W-q0tf68,0,0,0,0,
c85f3da0538546c499238b23d273f627,1990,0,0,0,0,,0,0,0,,0,0,0,,411,0,0,0,
749161d9934f41bf97e7210afd6b3bb1,1990,41131,0,0,0,,0,0,0,,0,0,0,,105,0,0,0,
7bd1bc8b491d47e0b7cf0a573c36120e,1980,101921,0,0,0,,0,0,0,,0,0,0,,0,0,0,0,
0fbdfcc1b9cf41fdb840cf2f546d9324,1980,151056,33,12,292,https://www.youtube.com/watch?v=tOg7tODpsAc,39,13,292,https://www.youtube.com/watch?v=tOg7tODpsAc,8,2,15,https://www.youtube.com/watch?v=KujsV-zr12w,678,0,0,0,
6bddfe8d54104f4192c56e4935a871de,1980,603983,41,29,41,https://www.youtube.com/watch?v=589tXdXQkUE,41,29,41,https://www.youtube.com/watch?v=589tXdXQkUE,0,0,0,,1325,601,339,1141,https://www.twitch.tv/videos/2848862673
17b1d3fb1e1944dabd5e6a45f94e2f6b,1970,71808,184,54,251,https://www.youtube.com/watch?v=uuatKERW4aQ,184,54,251,https://www.youtube.com/watch?v=uuatKERW4aQ,0,0,0,,0,0,0,0,
9031798ec1884b52b17df470b6c379b2,1970,56621,229,57,305,https://www.youtube.com/watch?v=BVegkeVCLTY,229,57,305,https://www.youtube.com/watch?v=BVegkeVCLTY,0,0,0,,0,0,0,0,
0c1efcf431bc4ffbb208775a9738e348,1970,70389,122,122,122,https://www.youtube.com/watch?v=Fj_zwclfHOE,122,122,122,https://www.youtube.com/watch?v=Fj_zwclfHOE,0,0,0,,179,0,0,0,
637a5867616a436ba0f7cdd36057f55a,1970,162158,116,45,182,https://www.youtube.com/watch?v=02jL5mRvVAs,116,45,182,https://www.youtube.com/watch?v=02jL5mRvVAs,0,0,0,,107,0,0,0,
4b7c733a13d247ec84844698ecc7ba0c,1960,43616,0,0,0,,0,0,0,,0,0,0,,2788,260,178,331,https://www.twitch.tv/videos/2844725402
4de89158f20a4d0e8023f15db8a9526e,1960,149671,0,0,0,,0,0,0,,0,0,0,,0,0,0,0,
70c982c2dffc4cd08c90431abcc8be97,1950,56815,47,26,74,https://www.youtube.com/watch?v=FHXEst-cD-A,47,26,74,https://www.youtube.com/watch?v=FHXEst-cD-A,0,0,0,,208,37,25,72,https://www.twitch.tv/videos/2844029350
bf124655587e4f5b937d695be814d25d,1950,154702,130,42,186,https://www.youtube.com/watch?v=p8jW4CdRfFg,130,42,186,https://www.youtube.com/watch?v=p8jW4CdRfFg,0,0,0,,0,0,0,0,
c0ae01f224734769a38c39b97fb6dbb7,1950,52541,0,0,0,,0,0,0,,0,0,0,,407,36,24,36,https://www.twitch.tv/videos/2847838951
f3b487c00ef5466eaa529f3a2e8d6753,1940,25584,110,89,239,https://www.youtube.com/watch?v=eGpLaEiPGUU,110,89,239,https://www.youtube.com/watch?v=eGpLaEiPGUU,0,0,0,,0,0,0,0,
018244f1ad404c9eaa4ddf747c3bafa0,1930,258528,198,94,399,https://www.youtube.com/watch?v=FxmGkZHc144,212,98,399,https://www.youtube.com/watch?v=FxmGkZHc144,36,17,97,https://www.youtube.com/watch?v=uaQmTkEO2S0,0,0,0,0,
1eb556018c7847feb170b09b8622590c,1930,126547,72,32,167,https://www.youtube.com/watch?v=9LmAudtfPJo,72,32,167,https://www.youtube.com/watch?v=9LmAudtfPJo,0,0,0,,17,18,16,24,https://www.twitch.tv/videos/2855141034
1025a2d1ea674c649b1e7934895bd419,1930,56335,108,25,139,https://www.youtube.com/watch?v=4Ue7BMv9KHM,108,25,139,https://www.youtube.com/watch?v=4Ue7BMv9KHM,0,0,0,,0,0,0,0,
89f4c9a5a9374700ae9f3725cd8a3f0f,1920,194388,414,124,1262,https://www.youtube.com/watch?v=1DSgP_56ZOw,124,92,309,https://www.youtube.com/watch?v=mjzFg8TPG3I,1109,580,1262,https://www.youtube.com/watch?v=1DSgP_56ZOw,195,76,54,101,https://www.twitch.tv/videos/2850503913
734477be3c5d42afbdde5356c6a6e8ee,1920,83672,0,0,0,,0,0,0,,0,0,0,,0,0,0,0,
bc7d14416ba24cc8819f0753e1f595f5,1920,332479,106,47,754,https://www.youtube.com/watch?v=JpW0X3orWJQ,101,46,199,https://www.youtube.com/watch?v=pRTEKX71plA,754,485,754,https://www.youtube.com/watch?v=JpW0X3orWJQ,0,0,0,0,
5ff20156ebbf4390a3573d6a94aed8df,1920,97677,64,23,129,https://www.youtube.com/watch?v=DOoIpZZfZQ8,64,23,129,https://www.youtube.com/watch?v=DOoIpZZfZQ8,0,0,0,,0,0,0,0,
8564954960ba466fa7f17bc0e0ea5e8e,1920,38955,0,0,0,,0,0,0,,0,0,0,,359,0,0,0,
b34b0381ce8e40f2b24fa0a96a1e1bd5,1910,96038,155,146,155,https://www.youtube.com/watch?v=Ui4DyslRwOA,155,146,155,https://www.youtube.com/watch?v=Ui4DyslRwOA,0,0,0,,0,0,0,0,
31c7fada1ab24cbd83ab4ae698955a29,1900,85785,36,27,72,https://www.youtube.com/watch?v=qW3w0lJtJqw,49,27,72,https://www.youtube.com/watch?v=qW3w0lJtJqw,28,26,34,https://www.youtube.com/watch?v=d58LfleOI-0,0,0,0,0,
7c18bc597298484c8f2925759fc1ac4a,1900,15679,82,36,119,https://www.youtube.com/watch?v=PW_U-_ih93A,82,36,119,https://www.youtube.com/watch?v=PW_U-_ih93A,0,0,0,,800,0,0,0,
a823412858b749f7bd2bff3739ec55b7,1890,100188,139,56,211,https://www.youtube.com/watch?v=BHGKXriCii8,139,56,211,https://www.youtube.com/watch?v=BHGKXriCii8,0,0,0,,440,31,16,35,https://www.twitch.tv/videos/2843248002
7eec0f9233fa49ed92c4f60fb8a82694,1890,39454,10,5,19,https://www.youtube.com/watch?v=Bmhz9uOWx_g,0,0,0,,10,5,19,https://www.youtube.com/watch?v=Bmhz9uOWx_g,1013,99,75,117,https://www.twitch.tv/videos/2852331914
a45c0a929a504afa9afee5c56bc9b959,1890,51842,157,16,157,https://www.youtube.com/watch?v=VLogqNqa6UQ,157,16,157,https://www.youtube.com/watch?v=VLogqNqa6UQ,0,0,0,,125,106,87,106,https://www.twitch.tv/videos/2851358827
9be037b96ffa41c9a080edf332650649,1880,102288,37,5,48,https://www.youtube.com/watch?v=EZS-g-7_gYM,36,10,41,https://www.youtube.com/watch?v=KG9nUqoTFlA,40,4,48,https://www.youtube.com/watch?v=EZS-g-7_gYM,0,0,0,0,
5612ac8b150e45e5a7381a2c07e9671a,1870,84121,61,26,105,https://www.youtube.com/watch?v=e8wAYrMm8bo,61,26,105,https://www.youtube.com/watch?v=e8wAYrMm8bo,0,0,0,,0,0,0,0,
342f808864164047acc8ddffe88c9618,1870,138321,855,561,855,https://www.youtube.com/watch?v=NHgmY7Fbb-E,0,0,0,,855,561,855,https://www.youtube.com/watch?v=NHgmY7Fbb-E,2387,494,369,878,https://www.twitch.tv/videos/2843092053
d20c66018a094127805133f051037124,1870,80160,0,0,0,,0,0,0,,0,0,0,,1824,0,0,0,
a8e44e51a99c487694e2525dc57c85ca,1870,46956,0,0,0,,0,0,0,,0,0,0,,1161,0,0,0,
608b617ad99c4f18b97d10560e254b4b,1860,60164,98,56,219,https://www.youtube.com/watch?v=yT9xUhoMti0,107,57,219,https://www.youtube.com/watch?v=yT9xUhoMti0,12,11,39,https://www.youtube.com/watch?v=BOQFaLCJImo,0,0,0,0,
63175a6880c5427891463ff07fd0bf7e,1850,49834,0,0,0,,0,0,0,,0,0,0,,0,0,0,0,
673abaca34d047b49b11d50214a9a463,1850,88827,165,69,219,https://www.youtube.com/watch?v=8hkol644lkc,165,69,219,https://www.youtube.com/watch?v=8hkol644lkc,0,0,0,,87,0,0,0,
10c8c9b647e7464f9d95c7c1a865da01,1850,158653,72,40,1563,https://www.youtube.com/watch?v=BqLZ9o1t8RU,61,23,175,https://www.youtube.com/watch?v=OL-pzSfST8o,381,169,1563,https://www.youtube.com/watch?v=BqLZ9o1t8RU,2200,124,83,265,https://www.twitch.tv/videos/2842906685
14561bf5e63844f58b60deb87f443507,1840,0,0,0,0,,0,0,0,,0,0,0,,1132,119,65,239,https://www.twitch.tv/videos/2840010062
a6a789d93f3a4352b251a51b43f98d2c,1840,46513,241,159,241,https://www.youtube.com/watch?v=IV4wQNuN_8c,241,159,241,https://www.youtube.com/watch?v=IV4wQNuN_8c,0,0,0,,0,0,0,0,
8020c505099f474ca81da3023926485f,1840,111651,82,55,402,https://www.youtube.com/watch?v=kMszJfG4Ihk,82,55,402,https://www.youtube.com/watch?v=kMszJfG4Ihk,0,0,0,,0,0,0,0,
e72542ff8bb14e47929b037c626c320a,1840,39370,253,87,356,https://www.youtube.com/watch?v=D7ZzBtIBNc4,253,87,356,https://www.youtube.com/watch?v=D7ZzBtIBNc4,0,0,0,,0,0,0,0,
0da343539de64a169fe51ad653e5c73d,1840,44130,65,38,374,https://www.youtube.com/watch?v=FeG-WSmVwZA,93,41,374,https://www.youtube.com/watch?v=FeG-WSmVwZA,41,28,41,https://www.youtube.com/watch?v=Ak5sZJjzsJ0,0,0,0,0,
9133438057714eb196366f5ecbed6a4a,1840,597585,1181,685,4980,https://www.youtube.com/watch?v=bcqdeyb2z1s,0,0,0,,1181,685,4980,https://www.youtube.com/watch?v=bcqdeyb2z1s,0,0,0,0,
cfa15a7e93824927ad4b84a519b0ab68,1830,695867,2233,1009,2425,https://www.youtube.com/watch?v=fWzfJeQYPYY,0,0,0,,2233,1009,2425,https://www.youtube.com/watch?v=fWzfJeQYPYY,0,0,0,0,
21a819efced54f6991abd3fc0b43091f,1830,142718,351,150,1337,https://www.youtube.com/watch?v=HlgIUDB-FME,211,127,351,https://www.youtube.com/watch?v=LWhZvljVpkg,1076,678,1337,https://www.youtube.com/watch?v=HlgIUDB-FME,843,0,0,0,
70874043d50b4e3a873742127251caa5,1830,83983,0,0,0,,0,0,0,,0,0,0,,0,0,0,0,
48b978b1705a4f61a760b05280000b34,1830,8837,0,0,0,,0,0,0,,0,0,0,,1253,0,0,0,
53cd965ca91e495887b89aabd6314402,1830,35180,113,62,225,https://www.youtube.com/watch?v=UkyRxF9L90k,113,62,225,https://www.youtube.com/watch?v=UkyRxF9L90k,0,0,0,,26,0,0,0,
c3945429509246f79c5f0a18594f696d,1820,76791,2323,1890,7118,https://www.youtube.com/watch?v=M3d_HLFpyKw,0,0,0,,2323,1890,7118,https://www.youtube.com/watch?v=M3d_HLFpyKw,15371,6801,3118,28283,https://www.twitch.tv/videos/2833863962
9c0184b0f01a4af4a4c2c56139682fb9,1820,42315,6,2,9,https://www.youtube.com/watch?v=x7zNrNInVm0,0,0,0,,6,2,9,https://www.youtube.com/watch?v=x7zNrNInVm0,132,102,94,102,https://www.twitch.tv/videos/2854250859
a725f6babc5f44779d7389886c6cd7b7,1820,70952,173,100,660,https://www.youtube.com/watch?v=XMZ_1SiJEjk,180,103,660,https://www.youtube.com/watch?v=XMZ_1SiJEjk,55,25,55,https://www.youtube.com/watch?v=HE76k3955WA,0,0,0,0,
fe5a0ac164a940c79e430eab9995da2e,1820,238574,161,61,254,https://www.youtube.com/watch?v=eL9tpq0CjEs,0,0,0,,161,61,254,https://www.youtube.com/watch?v=eL9tpq0CjEs,112,0,0,0,
a0ac84f84b914c21acf669844a163436,1820,46104,0,0,0,,0,0,0,,0,0,0,,1515,500,249,1236,https://www.twitch.tv/videos/2831997713
49c4f54141434226960845b2a46c432b,1810,61611,0,0,0,,0,0,0,,0,0,0,,0,0,0,0,
f3fa92d46e744da29b61f9468c76b9a5,1810,49465,0,0,0,,0,0,0,,0,0,0,,0,0,0,0,
b023ec32c6b5474e95c7faf252925b8e,1810,52224,0,0,0,,0,0,0,,0,0,0,,431,106,93,106,https://www.twitch.tv/videos/2853122272
8ad9544f4e4f42a09ec1ecb6b514729f,1810,97997,67,15,191,https://www.youtube.com/watch?v=K1MHXfsUtC8,67,15,191,https://www.youtube.com/watch?v=K1MHXfsUtC8,0,0,0,,0,0,0,0,
d748a977fcd24752ad9e038468713bf2,1800,9103,88,41,136,https://www.youtube.com/watch?v=VGkB5Z-YX5o,88,41,136,https://www.youtube.com/watch?v=VGkB5Z-YX5o,0,0,0,,0,0,0,0,
db2f279f9960492082f3ae6ad20aca91,1800,47357,0,0,0,,0,0,0,,0,0,0,,509,0,0,0,
08158657738a4949bce0cbbc36c4e701,1800,70,0,0,0,,0,0,0,,0,0,0,,0,0,0,0,
6cb91cbf63cd46d49566ade06d3b3418,1800,26482,25,6,43,https://www.youtube.com/watch?v=L6B_itCXhUc,25,6,43,https://www.youtube.com/watch?v=L6B_itCXhUc,0,0,0,,0,0,0,0,
3bbbe40f23e344fa8889d410b7315383,1800,2109,0,0,0,,0,0,0,,0,0,0,,0,0,0,0,
3bc6afb820df4f59b2c6ff1c25d1eed3,1800,152203,69,29,1223,https://www.youtube.com/watch?v=FIK2ONaHIWw,64,29,103,https://www.youtube.com/watch?v=LdAS-gQKncU,184,82,1223,https://www.youtube.com/watch?v=FIK2ONaHIWw,0,0,0,0,
ced6b5d82fc848a5a0f45a1b3da4cfae,1800,83390,66,32,133,https://www.youtube.com/watch?v=o3ND8xnmnZ0,66,32,133,https://www.youtube.com/watch?v=o3ND8xnmnZ0,0,0,0,,228,17,14,22,https://www.twitch.tv/videos/2853485613
7425576151124e11a94609fd1b8687bc,1800,65786,620,382,620,https://www.youtube.com/watch?v=tpHQp4drFA8,0,0,0,,620,382,620,https://www.youtube.com/watch?v=tpHQp4drFA8,2067,259,193,259,https://www.twitch.tv/videos/2849455310
e9fa90c6824c47abbfd114e9cd9b4125,1800,117792,140,35,244,https://www.youtube.com/watch?v=pnxUkoJNuwg,124,33,244,https://www.youtube.com/watch?v=pnxUkoJNuwg,140,62,140,https://www.youtube.com/watch?v=MpJUv-ydtsA,0,0,0,0,
a324be13dcdb4acbbe722638fc2dbfa4,1790,63788,115,73,699,https://www.youtube.com/watch?v=6bsqOchIV1Q,76,45,115,https://www.youtube.com/watch?v=Z_EgTNK7nAk,611,148,699,https://www.youtube.com/watch?v=6bsqOchIV1Q,122,17,11,136,https://www.twitch.tv/videos/2843513378
29d3dea4a1684bec9592e2ccc3685c57,1780,64013,0,0,0,,0,0,0,,0,0,0,,0,0,0,0,
46ca57774cd7476d86727882d07bd918,1780,109432,102,20,123,https://www.youtube.com/watch?v=mCXUjwTOe7I,123,23,123,https://www.youtube.com/watch?v=mCXUjwTOe7I,81,17,81,https://www.youtube.com/watch?v=MDliMpilXKQ,196,141,111,141,https://www.twitch.tv/videos/2850539992
ce59f11c200841dab2e8a5e30655a827,1780,253869,0,0,0,,0,0,0,,0,0,0,,27,0,0,0,
be84d60f2d0e452ab7d66eaeb957477f,1780,83506,10,4,30,https://www.youtube.com/watch?v=Uhs9wpDNsWk,30,9,30,https://www.youtube.com/watch?v=Uhs9wpDNsWk,7,3,10,https://www.youtube.com/watch?v=UplVDb_BjhY,0,0,0,0,
6cc5ac707eed4f9e9b5bc7b2f970fe1b,1770,102006,135,70,2275,https://www.youtube.com/watch?v=j5QpEzv21yA,118,58,198,https://www.youtube.com/watch?v=WM30jUDX_wA,1601,690,2275,https://www.youtube.com/watch?v=j5QpEzv21yA,0,0,0,0,
15b8c0a77287451395102506f90ec98b,1770,641,0,0,0,,0,0,0,,0,0,0,,0,0,0,0,
b49c2970f97b4fd4a6762b3e9ba94f8e,1770,7837,0,0,0,,0,0,0,,0,0,0,,10226,1557,620,3476,https://www.twitch.tv/videos/2830379215
21c774c9133043baaf8d283705cd9093,1770,77803,236,98,1746,https://www.youtube.com/watch?v=NblDpPoGEGw,174,83,280,https://www.youtube.com/watch?v=e7vVyTxIicg,1373,866,1746,https://www.youtube.com/watch?v=NblDpPoGEGw,0,0,0,0,
5efdd7a401eb430ba20cb6f391fbbce3,1770,35308,0,0,0,,0,0,0,,0,0,0,,0,0,0,0,
e39607950249427da8b60fa012115e44,1770,105082,54,33,54,https://www.youtube.com/watch?v=hgrgAX-K7_Q,0,0,0,,54,33,54,https://www.youtube.com/watch?v=hgrgAX-K7_Q,0,0,0,0,
c489b78388904133a8b93cd4d0470aad,1770,87,0,0,0,,0,0,0,,0,0,0,,622,0,0,0,
372962c805114682a4d16b75c13c80ed,1760,279,0,0,0,,0,0,0,,0,0,0,,0,0,0,0,
7e9fc4a1ccc7445182bb3c5264d99187,1760,83937,106,54,1112,https://www.youtube.com/watch?v=wl4bdnoIxM0,96,43,224,https://www.youtube.com/watch?v=9guKz-PcfdY,735,224,1112,https://www.youtube.com/watch?v=wl4bdnoIxM0,0,0,0,0,
e3451dd6f3c0444c888eb6f67704613a,1760,68461,95,58,316,https://www.youtube.com/watch?v=kCb5fvjqITE,95,58,316,https://www.youtube.com/watch?v=kCb5fvjqITE,0,0,0,,0,0,0,0,
d1dcec3b0dbe4e39b2907be832c467a1,1760,0,0,0,0,,0,0,0,,0,0,0,,0,0,0,0,
7d3b310a867942cab270e48f7a397e0d,1760,53494,62,44,356,https://www.youtube.com/watch?v=gVYOBHiHek4,72,49,356,https://www.youtube.com/watch?v=gVYOBHiHek4,16,7,20,https://www.youtube.com/watch?v=ksgMCKvFyz0,977,0,0,0,
dbe3f9880dec4a03bcc1943343455a6c,1760,76642,67,54,593,https://www.youtube.com/watch?v=GR2Zsj8PwkQ,62,36,100,https://www.youtube.com/watch?v=1fGOPMfW4kI,366,287,593,https://www.youtube.com/watch?v=GR2Zsj8PwkQ,0,0,0,0,
8f1a38101d324afcbfc7df27d5d1e0a9,1760,211161,31,13,72,https://www.youtube.com/watch?v=r8W-w6Rax-8,31,13,72,https://www.youtube.com/watch?v=r8W-w6Rax-8,17,7,17,https://www.youtube.com/watch?v=tR2wvwvURJA,0,0,0,0,
3e41189706dd483db4e407c295b058ce,1760,105357,42,17,97,https://www.youtube.com/watch?v=303JOhqIgdY,42,17,97,https://www.youtube.com/watch?v=303JOhqIgdY,0,0,0,,4865,344,136,602,https://www.twitch.tv/videos/2853279386
0f7d7faa487642d0a8ff6d5fc8dbc394,1760,157896,0,0,0,,0,0,0,,0,0,0,,1767,403,195,670,https://www.twitch.tv/videos/2838717980
3584322d47f14c7aa8f6e98511d3c54a,1760,1287,0,0,0,,0,0,0,,0,0,0,,1038,0,0,0,
d0c2bb3e9091413e8d245bdc217e9420,1760,55763,64,34,74,https://www.youtube.com/watch?v=k9WUq-K7ZL4,64,34,74,https://www.youtube.com/watch?v=k9WUq-K7ZL4,0,0,0,,0,0,0,0,
0b91169f9d504a479f0e1010ae4edda1,1760,5621,0,0,0,,0,0,0,,0,0,0,,0,0,0,0,
b632def93af34129ad1a2a6f01a8277f,1750,82976,0,0,0,,0,0,0,,0,0,0,,0,0,0,0,
67674d86fce54eceb37e0dc4ea802132,1750,139436,75,34,245,https://www.youtube.com/watch?v=BwGRLuMNpF0,75,34,245,https://www.youtube.com/watch?v=BwGRLuMNpF0,0,0,0,,120,11,8,24,https://www.twitch.tv/videos/2852348602
66830cad0b9949689741b0dc5ef39d29,1750,49642,0,0,0,,0,0,0,,0,0,0,,0,0,0,0,
b0a7d70ae76549f5b4418e56ee4ad43f,1740,64882,101,37,1414,https://www.youtube.com/watch?v=Fl-vycwmRqs,91,31,137,https://www.youtube.com/watch?v=r3WFGXSE5wk,1414,908,1414,https://www.youtube.com/watch?v=Fl-vycwmRqs,1172,207,161,207,https://www.twitch.tv/videos/2850344555
e3b2ba3f0767417a911eedeb6604ec7f,1740,2196,0,0,0,,0,0,0,,0,0,0,,0,0,0,0,
2e8c364f691740dd81c0fa61727a9790,1740,607546,0,0,0,,0,0,0,,0,0,0,,3758,0,0,0,
b0e88b4d4e5d41c4b5edd07540dc3637,1740,143029,54,44,194,https://www.youtube.com/watch?v=O4T5-AQiTi4,54,44,194,https://www.youtube.com/watch?v=O4T5-AQiTi4,0,0,0,,0,0,0,0,
8483ae3c14ca488394d427d271854d88,1740,35827,0,0,0,,0,0,0,,0,0,0,,42,0,0,0,
af9a2d0fab684be9b9da09e251f6bae6,1740,89095,129,62,195,https://www.youtube.com/watch?v=WtqDsMBYOrs,129,62,195,https://www.youtube.com/watch?v=WtqDsMBYOrs,0,0,0,,425,0,0,0,
f7bfeaf6288f4afe80b62dab32698a0c,1730,558173,117,68,1956,https://www.youtube.com/watch?v=tg8GBxiqdW0,111,72,124,https://www.youtube.com/watch?v=QxWxotfWaME,128,65,1956,https://www.youtube.com/watch?v=tg8GBxiqdW0,350,0,0,0,
fa4fe8c441404dcf85dda8b8bce34a9a,1730,42902,0,0,0,,0,0,0,,0,0,0,,0,0,0,0,
e8ec42e35b774df8a21ae98a0d01fdc0,1720,1374756,61,32,12254,https://www.youtube.com/watch?v=ex1Npj4wLWU,35,18,130,https://www.youtube.com/watch?v=rFZJlAeVUx4,332,163,12254,https://www.youtube.com/watch?v=ex1Npj4wLWU,0,0,0,0,
84cccbea595d4bc69426d5c75f1ac3a4,1720,91038,0,0,0,,0,0,0,,0,0,0,,0,0,0,0,
351e16ae67e14d5e8c7294284c2ded4d,1720,25800,0,0,0,,0,0,0,,0,0,0,,691,0,0,0,
db86eecb7c7047a984098e23de131e29,1720,157476,92,42,14082,https://www.youtube.com/watch?v=z4pzRQ0T8Fc,88,36,207,https://www.youtube.com/watch?v=0C5cFly3V7Y,14082,10160,14082,https://www.youtube.com/watch?v=z4pzRQ0T8Fc,176,25,15,49,https://www.twitch.tv/videos/2848715615
1e0ca2c7a8d7493baa62b792d78e7b07,1710,133537,82,29,122,https://www.youtube.com/watch?v=BdFC9qHUZhI,82,29,122,https://www.youtube.com/watch?v=BdFC9qHUZhI,0,0,0,,0,0,0,0,
9deb096c2fb943a7ae7487bf25e28026,1710,121844,64,21,77,https://www.youtube.com/watch?v=qwci5wkvcck,64,21,77,https://www.youtube.com/watch?v=qwci5wkvcck,0,0,0,,1401,111,80,202,https://www.twitch.tv/videos/2846932140
af40da4e1fc24360bf9ed4eb828bf912,1700,179,0,0,0,,0,0,0,,0,0,0,,0,0,0,0,
f3914ae7ae6541198b6b5f4d63febe48,1690,49546,102,77,102,https://www.youtube.com/watch?v=R3RWOfbsTfI,102,77,102,https://www.youtube.com/watch?v=R3RWOfbsTfI,0,0,0,,0,0,0,0,
055f10f2da424da8bfbfe9d01b15fb11,1690,51272,80,29,222,https://www.youtube.com/watch?v=JFUpwbBEYCs,81,33,222,https://www.youtube.com/watch?v=JFUpwbBEYCs,47,19,47,https://www.youtube.com/watch?v=4nMjgXMPMXQ,82,128,102,135,https://www.twitch.tv/videos/2847805224
aff718d907904c398ec8d685b71436a1,1690,29884,0,0,0,,0,0,0,,0,0,0,,299,0,0,0,
60a400d6a5d841f78b352675c383dbef,1680,48261,71,33,71,https://www.youtube.com/watch?v=2eRNdL1f2g0,71,33,71,https://www.youtube.com/watch?v=2eRNdL1f2g0,0,0,0,,0,0,0,0,
dcc5b43448044231a3a8710d144b2602,1680,157607,138,68,2011,https://www.youtube.com/watch?v=3gKeSpqIwlY,133,64,457,https://www.youtube.com/watch?v=Fris09nif7A,1485,986,2011,https://www.youtube.com/watch?v=3gKeSpqIwlY,0,0,0,0,
7259f7e619e943018e64fb24d4d20e34,1670,35061,89,73,89,https://www.youtube.com/watch?v=VfTUNnumo4U,89,73,89,https://www.youtube.com/watch?v=VfTUNnumo4U,0,0,0,,0,0,0,0,
7eb39f4278b04ed485060a084cd07876,1670,63715,0,0,0,,0,0,0,,0,0,0,,0,0,0,0,
eb54f557a3734bfda57ecddd8df07681,1670,43883,0,0,0,,0,0,0,,0,0,0,,544,0,0,0,
df7bcc29e3204005877b25cdad9206b7,1660,81373,0,0,0,,0,0,0,,0,0,0,,0,0,0,0,
95fa8eef249d4edca59594271fedc487,1660,55318,86,10,151,https://www.youtube.com/watch?v=zKAGEVuozc8,86,10,151,https://www.youtube.com/watch?v=zKAGEVuozc8,0,0,0,,0,0,0,0,
1f445fb1ee7447c2add6738b86570b2e,1660,70438,0,0,0,,0,0,0,,0,0,0,,0,0,0,0,
9e5e58a212584007b1ab1f22f5c59438,1660,152500,272,153,625,https://www.youtube.com/watch?v=hozz9lSU618,272,153,625,https://www.youtube.com/watch?v=hozz9lSU618,0,0,0,,0,0,0,0,
306117a48f3445baad1d6a919ed340bb,1650,76000,0,0,0,,0,0,0,,0,0,0,,152,0,0,0,
c45e260cafa14b3fab4030fb339ed1ab,1650,79393,54,26,57,https://www.youtube.com/watch?v=rtMbn5i-0xo,54,26,57,https://www.youtube.com/watch?v=rtMbn5i-0xo,0,0,0,,28,0,0,0,
1257fb7258eb49ad8cf58ed64b800056,1650,42994,0,0,0,,0,0,0,,0,0,0,,825,163,95,247,https://www.twitch.tv/videos/2850428189
bdcf0d95e6544ebaaddbfba94839cd6b,1650,94906,65,41,77,https://www.youtube.com/watch?v=eGvXhfiHIjw,67,30,77,https://www.youtube.com/watch?v=eGvXhfiHIjw,60,48,60,https://www.youtube.com/watch?v=GwgwmvG8pos,0,0,0,0,
ecbeda5532474bdb8d08d4e15ce98d89,1650,15796,0,0,0,,0,0,0,,0,0,0,,3154,268,141,268,https://www.twitch.tv/videos/2843381829
a1915cccb8584d57b9b22975263c7af4,1650,277998,64,40,1857,https://www.youtube.com/watch?v=2OkT3sHxwjU,52,30,78,https://www.youtube.com/watch?v=89mMKHhnoaw,1154,906,1857,https://www.youtube.com/watch?v=2OkT3sHxwjU,0,0,0,0,
7d6a4fa5389c461bb553b8190c5e951f,1640,107737,0,0,0,,0,0,0,,0,0,0,,0,0,0,0,
46e494bf06c640da95ad1b0b81631d98,1640,271986,30,10,1701,https://www.youtube.com/watch?v=Q2eBLpxoRyE,29,8,38,https://www.youtube.com/watch?v=fyxetCfvqfM,1701,1567,1701,https://www.youtube.com/watch?v=Q2eBLpxoRyE,933,39,28,60,https://www.twitch.tv/videos/2845000549
a73b969a7fe24a9aaeb9bc1c63ca6450,1640,96380,1240,245,1611,https://www.youtube.com/watch?v=pjpuq0n_sOE,0,0,0,,1240,245,1611,https://www.youtube.com/watch?v=pjpuq0n_sOE,4909,355,147,514,https://www.twitch.tv/videos/2852999923
4077520d348749e49598cd5fa1058b6a,1640,62603,21,11,125,https://www.youtube.com/watch?v=jX0nEM8aIlI,24,19,125,https://www.youtube.com/watch?v=jX0nEM8aIlI,6,5,8,https://www.youtube.com/watch?v=WPZIyllZ3Wo,263,0,0,0,
da503b835e2a41d58433ebf6960db356,1630,60222,0,0,0,,0,0,0,,0,0,0,,779,0,0,0,
aa1bb853e814428eb663082b28309309,1630,128280,130,96,565,https://www.youtube.com/watch?v=vQzAbqoEhu4,129,88,483,https://www.youtube.com/watch?v=kPrhEO3tg-Q,565,373,565,https://www.youtube.com/watch?v=vQzAbqoEhu4,0,0,0,0,
94f9966aa28a45e1ab4b94507037d1d7,1630,159722,199,80,492,https://www.youtube.com/watch?v=CP87F1xwznU,199,80,492,https://www.youtube.com/watch?v=CP87F1xwznU,0,0,0,,0,0,0,0,
b9086ee5f7b54353a5ba85c973b2e2af,1630,64934,0,0,0,,0,0,0,,0,0,0,,0,0,0,0,
c192b6e25df841ad85cbc8bbf0bd8bfe,1630,110509,239,198,239,https://www.youtube.com/watch?v=Y0H4CSWuUfU,239,198,239,https://www.youtube.com/watch?v=Y0H4CSWuUfU,0,0,0,,0,0,0,0,
34d968321e3c40aabf759ad22d33bb3a,1630,0,0,0,0,,0,0,0,,0,0,0,,0,0,0,0,
607d6173383c4118a32171fbcfc98e60,1630,43474,3,0,15,https://www.youtube.com/watch?v=IDcb032whmU,0,0,0,,3,0,15,https://www.youtube.com/watch?v=IDcb032whmU,16741,1766,855,5418,https://www.twitch.tv/videos/2846013695
52643019126449999714c7b659b6539c,1620,0,0,0,0,,0,0,0,,0,0,0,,328,0,0,0,
889bb42644a14ae4af2b3594c51d057b,1620,90993,58,29,182,https://www.youtube.com/watch?v=DWTxKylqZkc,60,29,182,https://www.youtube.com/watch?v=DWTxKylqZkc,33,19,33,https://www.youtube.com/watch?v=C_oAoZcSXuw,0,0,0,0,
9a7b7c9c31da44aca5a68395a2e69488,1620,719368,11,3,84,https://www.youtube.com/watch?v=chHpinVzMKQ,11,4,84,https://www.youtube.com/watch?v=chHpinVzMKQ,1,0,3,https://www.youtube.com/watch?v=F6W2LdiJaCg,114,0,0,0,
954590604f0e49e88fadc8ce6dafba1b,1620,96029,119,56,201,https://www.youtube.com/watch?v=ZZLGAL1dxE8,115,39,201,https://www.youtube.com/watch?v=ZZLGAL1dxE8,124,73,124,https://www.youtube.com/watch?v=rQgepphyqJ4,0,0,0,0,
7e50374d02184a429cfc6dfba9b52e2f,1620,9740,0,0,0,,0,0,0,,0,0,0,,392,0,0,0,
905304e606344aba8c84b83717453f5e,1620,74695,78,8,102,https://www.youtube.com/watch?v=hcYyvYQlMn4,78,8,102,https://www.youtube.com/watch?v=hcYyvYQlMn4,0,0,0,,0,0,0,0,
95eabea4e8014fedb5d34ea27137a4ca,1620,142140,93,61,1324,https://www.youtube.com/watch?v=jwTBzIKD2Vs,91,45,119,https://www.youtube.com/watch?v=9A6AfzDLHbk,945,523,1324,https://www.youtube.com/watch?v=jwTBzIKD2Vs,0,0,0,0,
cb8dab545aa1409c8c6cf887f8825485,1620,62584,0,0,0,,0,0,0,,0,0,0,,0,0,0,0,
1406aeb0ef48430bab0b939a29609394,1620,79357,200,84,720,https://www.youtube.com/watch?v=9tg7ammWJCw,187,78,720,https://www.youtube.com/watch?v=9tg7ammWJCw,558,213,714,https://www.youtube.com/watch?v=zNuSsWjtgaY,0,0,0,0,
5dc565de88a948ecb092cce178aafe60,1610,478230,0,0,0,,0,0,0,,0,0,0,,462,0,0,0,
2913f17e61014f7691e016fae8468404,1610,76657,57,25,105,https://www.youtube.com/watch?v=3izwvu49VB0,66,44,105,https://www.youtube.com/watch?v=3izwvu49VB0,25,12,75,https://www.youtube.com/watch?v=O8MfGqF-sds,261,0,0,0,
c4651b162abb45c3a85640e3d456fa71,1610,58401,34,22,51,https://www.youtube.com/watch?v=GWKNp8sJz0Y,34,22,51,https://www.youtube.com/watch?v=GWKNp8sJz0Y,0,0,0,,318,0,0,0,
86853cb239d740ce953573ba74bd08bd,1610,58225,0,0,0,,0,0,0,,0,0,0,,1741,0,0,0,
7e26ddf485a84c0cb6d781a3bf432c55,1610,41283,186,138,186,https://www.youtube.com/watch?v=oVkZujBe3yQ,186,138,186,https://www.youtube.com/watch?v=oVkZujBe3yQ,0,0,0,,3911,0,0,0,
2ead897ab38c4530aeeb69a2f02da623,1610,76841,60,29,93,https://www.youtube.com/watch?v=6Rk0PnFAsjE,61,31,93,https://www.youtube.com/watch?v=6Rk0PnFAsjE,43,9,43,https://www.youtube.com/watch?v=ciZYMcgqN6g,0,0,0,0,
80e2f3365bfd4479a3594c3278311103,1600,0,0,0,0,,0,0,0,,0,0,0,,2250,0,0,0,
1cdbceb7ad414bb59b3a9563a93fe840,1600,69852,1036,252,1036,https://www.youtube.com/watch?v=y7NuvibfPuw,0,0,0,,1036,252,1036,https://www.youtube.com/watch?v=y7NuvibfPuw,0,0,0,0,
bf03fd8b5b55481590ea63338c5cdd20,1600,39363,1341,390,1341,https://www.youtube.com/watch?v=yXtvmXixJTE,0,0,0,,1341,390,1341,https://www.youtube.com/watch?v=yXtvmXixJTE,4304,625,267,4523,https://www.twitch.tv/videos/2851933072
597fbfe660ae4e6d92bb20bd7e6f3738,1590,10002,0,0,0,,0,0,0,,0,0,0,,730,0,0,0,
2131a63328214b7f9a1022dae6890d66,1590,87048,133,70,263,https://www.youtube.com/watch?v=SSmRGlTYqZg,133,70,263,https://www.youtube.com/watch?v=SSmRGlTYqZg,0,0,0,,396,15,10,39,https://www.twitch.tv/videos/2847805319
c4fafcb15c694ad5ab88d1948d401e54,1590,90992,100,30,149,https://www.youtube.com/watch?v=lodiXZkMjog,100,27,149,https://www.youtube.com/watch?v=lodiXZkMjog,96,51,120,https://www.youtube.com/watch?v=Yn6HXsLNj9Q,211,0,0,0,
d7963784d96543e28a290361d38efe30,1590,95967,0,0,0,,0,0,0,,0,0,0,,1348,0,0,0,
d3b1e8a5a2c74d2395dc33869caadb50,1590,8164,0,0,0,,0,0,0,,0,0,0,,0,0,0,0,
c6ce333916b446d48d27be05df1a218e,1590,35308,70,20,194,https://www.youtube.com/watch?v=zukSGc0JYHk,70,20,194,https://www.youtube.com/watch?v=zukSGc0JYHk,0,0,0,,625,33,17,35,https://www.twitch.tv/videos/2843201011
4c4ebb91c8a346b2876d1ccd1a32dead,1590,81858,87,30,228,https://www.youtube.com/watch?v=oXSW68e20qA,87,30,228,https://www.youtube.com/watch?v=oXSW68e20qA,0,0,0,,496,0,0,0,
8cace62dbfc34c2a9a2a348e479cdbb1,1590,195953,0,0,0,,0,0,0,,0,0,0,,0,0,0,0,
e312462015a2454087c9fe83dd939994,1590,32967,115,18,115,https://www.youtube.com/watch?v=KhHQ315H-OI,115,18,115,https://www.youtube.com/watch?v=KhHQ315H-OI,0,0,0,,0,0,0,0,
86e86bf2d8e54e9083613e7398e1e7ac,1590,37929,0,0,0,,0,0,0,,0,0,0,,1853,381,298,626,https://www.twitch.tv/videos/2851360367
a112fc34dd9944a5a15f50c1c078aa3e,1580,128826,163,72,171,https://www.youtube.com/watch?v=RpHXOgefk-s,163,72,171,https://www.youtube.com/watch?v=RpHXOgefk-s,0,0,0,,0,0,0,0,
0dc671f00179414c959171b6625785a0,1580,0,0,0,0,,0,0,0,,0,0,0,,0,0,0,0,
9948190bc88442f4a0757eed54fb24f0,1580,66184,412,146,2160,https://www.youtube.com/watch?v=iaRorLwNLvY,152,24,152,https://www.youtube.com/watch?v=9amI-020Mig,413,184,2160,https://www.youtube.com/watch?v=iaRorLwNLvY,5158,182,72,576,https://www.twitch.tv/videos/2852169989
7194df8aca7745c1b2a61dd91e56c6b8,1580,0,0,0,0,,0,0,0,,0,0,0,,0,0,0,0,
2a5241b8ebc54be98263c9ea2924b7e9,1570,74871,762,317,1202,https://www.youtube.com/watch?v=NTC5AohjGGE,0,0,0,,762,317,1202,https://www.youtube.com/watch?v=NTC5AohjGGE,2222,1158,735,1827,https://www.twitch.tv/videos/2845669279
8460a099a32044a5aa602f780dec94f2,1570,342363,43,21,8962,https://www.youtube.com/watch?v=4V8ddddiLgw,32,14,65,https://www.youtube.com/watch?v=S6rKuPaht10,803,215,8962,https://www.youtube.com/watch?v=4V8ddddiLgw,24,0,0,0,
895f655b68e34434992fe2a9ebbc725a,1560,6766,0,0,0,,0,0,0,,0,0,0,,0,0,0,0,
e210fb08b0744535a907823fa9f062cc,1560,55284,310,40,512,https://www.youtube.com/watch?v=ylxKzDKRZnA,0,0,0,,310,40,512,https://www.youtube.com/watch?v=ylxKzDKRZnA,1481,321,80,1350,https://www.twitch.tv/videos/2829842632
260f0fb7a8b1421394c38114230479bb,1560,69086,65,49,155,https://www.youtube.com/watch?v=HBesx0V1Crg,65,49,155,https://www.youtube.com/watch?v=HBesx0V1Crg,0,0,0,,174,72,41,80,https://www.twitch.tv/videos/2849288464
30a4362c1143491ea0ed5383c4882251,1560,81347,162,76,1502,https://www.youtube.com/watch?v=WRakRKG7hgw,129,76,185,https://www.youtube.com/watch?v=3AmLKjDmem4,1104,134,1502,https://www.youtube.com/watch?v=WRakRKG7hgw,0,0,0,0,
aabaf7767fa5449b86f58160496d0d4c,1560,88485,157,86,447,https://www.youtube.com/watch?v=jkSCmTnbd0s,157,86,447,https://www.youtube.com/watch?v=jkSCmTnbd0s,0,0,0,,0,0,0,0,
02dadd7977b8412b99f101241de4cb3f,1560,82945,53,21,128,https://www.youtube.com/watch?v=CXhjuk_9iT8,53,21,128,https://www.youtube.com/watch?v=CXhjuk_9iT8,0,0,0,,1103,87,59,191,https://www.twitch.tv/videos/2853243916
5b1bd72acc95440cb3aa381c89cfca3c,1550,93362,284,221,1183,https://www.youtube.com/watch?v=lI29NdCJx4E,0,0,0,,284,221,1183,https://www.youtube.com/watch?v=lI29NdCJx4E,0,0,0,0,
1eef416d7ad94b6aa728e10d6da10304,1550,70489,27,9,35,https://www.youtube.com/watch?v=XKvvk_3Hx_k,0,0,0,,27,9,35,https://www.youtube.com/watch?v=XKvvk_3Hx_k,2075,221,130,221,https://www.twitch.tv/videos/2845090403
ee7cfe445bc84d6fa7fff5df6fbf0d32,1540,46177,0,0,0,,0,0,0,,0,0,0,,728,0,0,0,
e8eb343e61df420bbfa5de7fea1a90b2,1540,0,0,0,0,,0,0,0,,0,0,0,,0,0,0,0,
cbd9ed35dc0045aa9c57bb9ee14b02e0,1540,694409,6,4,7,https://www.youtube.com/watch?v=LmC4C8cV3dE,0,0,0,,6,4,7,https://www.youtube.com/watch?v=LmC4C8cV3dE,0,0,0,0,
904f58005872497b82964fff25490152,1540,23176,0,0,0,,0,0,0,,0,0,0,,189,0,0,0,
2cc874f341184fb799b01c399477c0b4,1540,70530,197,122,1902,https://www.youtube.com/watch?v=VYNWJ02yEhA,129,72,149,https://www.youtube.com/watch?v=6XKGOj3EtS8,492,397,1902,https://www.youtube.com/watch?v=VYNWJ02yEhA,152,22,17,22,https://www.twitch.tv/videos/2850522622
83ec4919298a4ad5984e3da31109a4c8,1540,62809,0,0,0,,0,0,0,,0,0,0,,15656,13092,6321,39020,https://www.twitch.tv/videos/2849404490
abe50a593a1d4cdbbc6dfb8b45bbf6bb,1540,25743,224,91,390,https://www.youtube.com/watch?v=_QKS5IWpIj0,224,91,390,https://www.youtube.com/watch?v=_QKS5IWpIj0,0,0,0,,13,0,0,0,
1be625b10e2f4e65bab5b19d10a4d0b1,1530,18573,0,0,0,,0,0,0,,0,0,0,,0,0,0,0,
25ac52ef552244a997045ca561b5636f,1530,27989,92,55,125,https://www.youtube.com/watch?v=V07vq8uVN9g,92,55,125,https://www.youtube.com/watch?v=V07vq8uVN9g,0,0,0,,0,0,0,0,
6db0d51e6ac9410f84f79e57448b8a60,1530,157136,85,41,153,https://www.youtube.com/watch?v=5X7PBuQttSY,85,41,153,https://www.youtube.com/watch?v=5X7PBuQttSY,0,0,0,,0,0,0,0,
747fb5e9d30240a1ac42fbf37e86b55d,1530,125411,45,26,1722,https://www.youtube.com/watch?v=nfs_dkgWPhY,39,18,83,https://www.youtube.com/watch?v=7It84IxdX1w,650,209,1722,https://www.youtube.com/watch?v=nfs_dkgWPhY,428,13,8,25,https://www.twitch.tv/videos/2853252906
51a882d77c24494d92605b5b75424603,1520,173521,181,82,2680,https://www.youtube.com/watch?v=DlQA85cpuG4,132,62,258,https://www.youtube.com/watch?v=mVsVq7J6p_Y,1637,617,2680,https://www.youtube.com/watch?v=DlQA85cpuG4,97,84,27,127,https://www.twitch.tv/videos/2835131000
c506f1ab266f47e2be683220533a4790,1520,45163,26,5,30,https://www.youtube.com/watch?v=Of7ehUrTMSU,26,5,30,https://www.youtube.com/watch?v=Of7ehUrTMSU,0,0,0,,0,0,0,0,
b88e19a358b843068cd5bd7ec103d521,1520,136624,0,0,0,,0,0,0,,0,0,0,,0,0,0,0,
bc77dc55cf9b4be88c878ac4b5c07438,1520,31852,202,25,1101,https://www.youtube.com/watch?v=UjoodXwkDHo,316,0,316,https://www.youtube.com/watch?v=Rj7pjP3UKEE,89,26,1101,https://www.youtube.com/watch?v=UjoodXwkDHo,928,0,0,0,
e5f4b34c47844699a1c9c6dc3326cf6b,1520,0,0,0,0,,0,0,0,,0,0,0,,66,0,0,0,
d70830a282b9446f89bc9d82c88b8db3,1520,140226,0,0,0,,0,0,0,,0,0,0,,265,0,0,0,
a881100803aa4abc84dc3cc814dca0e7,1520,69686,0,0,0,,0,0,0,,0,0,0,,0,0,0,0,
52324c45fae74014bc603ae09d8d6136,1510,33131,385,189,2445,https://www.youtube.com/watch?v=f_dGpKBnHb8,280,140,1075,https://www.youtube.com/watch?v=M8kQsNahILY,1249,261,2445,https://www.youtube.com/watch?v=f_dGpKBnHb8,165,0,0,0,
12f51c457b27425fa98fe89c24ccb61c,1510,10624,128,87,128,https://www.youtube.com/watch?v=cEd6CEtDzqk,0,0,0,,128,87,128,https://www.youtube.com/watch?v=cEd6CEtDzqk,0,0,0,0,
91025114208d41b2bff535d6e277017e,1510,67627,55,26,87,https://www.youtube.com/watch?v=fSokkmoyAvw,55,26,87,https://www.youtube.com/watch?v=fSokkmoyAvw,0,0,0,,0,0,0,0,
eaa1d55ba99c40ce82413701233efdbd,1510,61449,52,26,59,https://www.youtube.com/watch?v=VvN4wE3Yvxw,52,26,59,https://www.youtube.com/watch?v=VvN4wE3Yvxw,0,0,0,,0,0,0,0,
3cf7289a95834ae1a25d4cb2909a1a9e,1510,51032,0,0,0,,0,0,0,,0,0,0,,0,0,0,0,
a2188c1a225e4f93a64e3385fa02d779,1510,87094,0,0,0,,0,0,0,,0,0,0,,0,0,0,0,
d57b7459ef5949ef96672a96fb33d8a2,1500,63088,0,0,0,,0,0,0,,0,0,0,,1104,109,93,208,https://www.twitch.tv/videos/2851171292
489752f0b42c49b785d43f1207429983,1500,45301,98,60,106,https://www.youtube.com/watch?v=jhp83clcWgw,98,60,106,https://www.youtube.com/watch?v=jhp83clcWgw,0,0,0,,0,0,0,0,
0c3b5ae85d2940b8b73a92d72dc0d313,1500,100889,54,25,1544,https://www.youtube.com/watch?v=kCfbjR3Oz6s,57,31,186,https://www.youtube.com/watch?v=-e03-DuR0Ck,13,6,1544,https://www.youtube.com/watch?v=kCfbjR3Oz6s,483,90,71,105,https://www.twitch.tv/videos/2853251887
8d65d936f3c7411ab8a812d7ebc70cdf,1500,27276,0,0,0,,0,0,0,,0,0,0,,236,0,0,0,
4c466d73397a4899b4ca26f90aaf57ad,1500,162400,0,0,0,,0,0,0,,0,0,0,,168,0,0,0,
7b46621c7baf437da117a6c10c856292,1500,30359,116,52,369,https://www.youtube.com/watch?v=Hz2BdUoDIh4,116,52,369,https://www.youtube.com/watch?v=Hz2BdUoDIh4,0,0,0,,0,0,0,0,
6d61885259b744a28c7b92c0785e8fe9,1490,0,0,0,0,,0,0,0,,0,0,0,,881,0,0,0,
5ce810e28ea54f5bacd55573589f4e4e,1490,102051,42,20,56,https://www.youtube.com/watch?v=rz4amrhF-xE,42,20,56,https://www.youtube.com/watch?v=rz4amrhF-xE,0,0,0,,0,0,0,0,
b8ce93818de34a93901147e5d9857170,1480,22731,0,0,0,,0,0,0,,0,0,0,,0,0,0,0,
6e6fd1311d2f42228faa8b1ccb0fa589,1480,80381,131,47,187,https://www.youtube.com/watch?v=m2CtA62nOHU,131,47,187,https://www.youtube.com/watch?v=m2CtA62nOHU,0,0,0,,0,0,0,0,
1be04e1564c34845bee20467cdb8cfd1,1470,123965,0,0,0,,0,0,0,,0,0,0,,0,0,0,0,
d62ad85ae5434754bc4f9f366815064a,1470,45201,0,0,0,,0,0,0,,0,0,0,,0,0,0,0,
fa83a68ebfff419983124d69373ede6f,1470,247762,970,132,2425,https://www.youtube.com/watch?v=bYi5hO4iihg,123,60,290,https://www.youtube.com/watch?v=g_mEWiepbms,1549,884,2425,https://www.youtube.com/watch?v=bYi5hO4iihg,2075,0,0,0,
bd04e64364a545d39069ab05e09c8156,1470,77883,0,0,0,,0,0,0,,0,0,0,,0,0,0,0,
c6a8cee6b8e042518ef58659113b3f34,1460,81269,0,0,0,,0,0,0,,0,0,0,,0,0,0,0,
687568c1c9254c8ab34e7b6efbdd6dbc,1460,207896,0,0,0,,0,0,0,,0,0,0,,0,0,0,0,
091ac99f10804fe3b417a0f285731b4e,1460,617,185,170,185,https://www.youtube.com/watch?v=JyuIx4wQHUo,185,170,185,https://www.youtube.com/watch?v=JyuIx4wQHUo,0,0,0,,466,0,0,0,
5bc1ba6d941e4eca868a5b33425c3262,1460,633,108,90,124,https://www.youtube.com/watch?v=d0c0r9FLuac,0,0,0,,108,90,124,https://www.youtube.com/watch?v=d0c0r9FLuac,1700,654,479,1185,https://www.twitch.tv/videos/2842998185
bf425f4bc9154c00918ed885bdced632,1450,84480,132,90,138,https://www.youtube.com/watch?v=rZRH6-LSGKw,132,90,138,https://www.youtube.com/watch?v=rZRH6-LSGKw,0,0,0,,0,0,0,0,
3daee44c0bab401386813cff327a10a2,1450,149614,172,77,585,https://www.youtube.com/watch?v=NH7n4XL1P5E,172,77,585,https://www.youtube.com/watch?v=NH7n4XL1P5E,0,0,0,,0,0,0,0,
fcb4d9b8cd4a49dba6b421d97c179065,1450,66535,0,0,0,,0,0,0,,0,0,0,,1324,98,61,155,https://www.twitch.tv/videos/2847981995
8044e4d538ab4e16b1952c8e42dee12e,1450,142896,14,6,319,https://www.youtube.com/watch?v=LVOL9-I1C8M,12,6,234,https://www.youtube.com/watch?v=GbL63ofh_NY,319,58,319,https://www.youtube.com/watch?v=LVOL9-I1C8M,0,0,0,0,
773a7694afcf4666960b05a4faf1a1fa,1440,85641,2002,1348,2002,https://www.youtube.com/watch?v=-Z-o0NY8FAk,0,0,0,,2002,1348,2002,https://www.youtube.com/watch?v=-Z-o0NY8FAk,0,0,0,0,
58588863643843439cebc85ef72654bb,1440,105373,52,17,70,https://www.youtube.com/watch?v=w3efIC--RP8,52,17,70,https://www.youtube.com/watch?v=w3efIC--RP8,0,0,0,,0,0,0,0,
8fbd23f4e2ad442bb230aea8f433cd49,1440,146547,56,35,1837,https://www.youtube.com/watch?v=QEYvcqkjCQ0,52,31,213,https://www.youtube.com/watch?v=E7Qcp60iSj4,1758,401,1837,https://www.youtube.com/watch?v=QEYvcqkjCQ0,121,14,12,30,https://www.twitch.tv/videos/2855128768
b572cb7de27446e3bcda5135f6a23d8a,1440,57584,65,33,116,https://www.youtube.com/watch?v=X5U67yXTNgg,65,33,116,https://www.youtube.com/watch?v=X5U67yXTNgg,0,0,0,,0,0,0,0,
0ec3bf23ccba41659f6d91e424fb2b4a,1430,56979,0,0,0,,0,0,0,,0,0,0,,0,0,0,0,
2ea398a50afd48c3a9e3a819186a4375,1430,66692,0,0,0,,0,0,0,,0,0,0,,153,0,0,0,
787da9082edb4e9e9024a52cb12449e8,1420,38175,219,83,369,https://www.youtube.com/watch?v=veped7TBw5A,219,83,369,https://www.youtube.com/watch?v=veped7TBw5A,0,0,0,,0,0,0,0,
564b411dc4874310be6f8ee9bb7a0312,1420,101512,0,0,0,,0,0,0,,0,0,0,,0,0,0,0,
22a83c82e1914eb68b12e76b4ccb277c,1420,52713,206,82,296,https://www.youtube.com/watch?v=nKnIhH2OVkQ,206,82,296,https://www.youtube.com/watch?v=nKnIhH2OVkQ,0,0,0,,0,0,0,0,
87606e72f653472f9eafb06e8f49c39c,1420,165944,0,0,0,,0,0,0,,0,0,0,,0,0,0,0,
f4eae5dde65b41969336f3f52c6df2d8,1410,128770,66,29,822,https://www.youtube.com/watch?v=G97xx503dcw,63,27,146,https://www.youtube.com/watch?v=jeY_bdVgYJ0,757,118,822,https://www.youtube.com/watch?v=G97xx503dcw,185,0,0,0,
a7410ae72f2d4648bcf192c21abd7c32,1410,54589,1378,21,1378,https://www.youtube.com/watch?v=3UeVXSCSi7I,0,0,0,,1378,21,1378,https://www.youtube.com/watch?v=3UeVXSCSi7I,174,0,0,0,
303c4cd8cf334f01805afdd8df5adc7f,1410,58367,110,35,125,https://www.youtube.com/watch?v=hCjrwmka3Zs,110,35,125,https://www.youtube.com/watch?v=hCjrwmka3Zs,0,0,0,,0,0,0,0,
d3ae105969be4117ade8be2e8d19c008,1410,0,0,0,0,,0,0,0,,0,0,0,,2028,0,0,0,
5a901d793927414493afa87af0c4baec,1410,28905,0,0,0,,0,0,0,,0,0,0,,1437,0,0,0,
27a22366e885420e8a3c78ee7ac7c075,1410,59487,400,262,1566,https://www.youtube.com/watch?v=yivcACQL_MQ,298,150,576,https://www.youtube.com/watch?v=sLNEvUudEew,1351,499,1566,https://www.youtube.com/watch?v=yivcACQL_MQ,301,454,418,490,https://www.twitch.tv/videos/2852282830
a4d4a2a3d7b648be9aa4d652ae592a4b,1410,120053,0,0,0,,0,0,0,,0,0,0,,139,1,0,1,https://www.twitch.tv/videos/2856291740
25b1a8ceab1d439491fb4e98013cd0fc,1410,14133,128,84,1277,https://www.youtube.com/watch?v=4L4ajK3AsOw,90,75,176,https://www.youtube.com/watch?v=HP68drfSAMI,166,92,1277,https://www.youtube.com/watch?v=4L4ajK3AsOw,748,237,102,481,https://www.twitch.tv/videos/2848283271
d766d15cb84b4aa9b33122097eefff76,1400,0,0,0,0,,0,0,0,,0,0,0,,10687,0,0,0,
6f68d3f50edf4814b59a4a018090b180,1400,31178,186,73,186,https://www.youtube.com/watch?v=mgUFnTInIZo,186,73,186,https://www.youtube.com/watch?v=mgUFnTInIZo,0,0,0,,0,0,0,0,
5356357f112b46db862b472a4aafcee8,1390,45758,0,0,0,,0,0,0,,0,0,0,,1292,0,0,0,
6adad1ae67dc495dae88cefa06446593,1390,107471,0,0,0,,0,0,0,,0,0,0,,0,0,0,0,
a5e5533ac342488a94003dc77869ddf9,1390,79562,59,29,475,https://www.youtube.com/watch?v=5A39ImpMwwk,58,26,136,https://www.youtube.com/watch?v=n8YeSQ4QxCE,475,211,475,https://www.youtube.com/watch?v=5A39ImpMwwk,0,0,0,0,
586377912f314b4d8c3be33760526ae0,1380,5385,903,640,1357,https://www.youtube.com/watch?v=QmoQJkhG3dE,0,0,0,,903,640,1357,https://www.youtube.com/watch?v=QmoQJkhG3dE,0,0,0,0,
30f58f5fd3994b9a8751b3f44e543c17,1380,106932,64,58,64,https://www.youtube.com/watch?v=g5k5UPSIwsA,64,58,64,https://www.youtube.com/watch?v=g5k5UPSIwsA,0,0,0,,0,0,0,0,
acac9c479b4b42ba99d0bdfa2004ee5f,1380,30954,0,0,0,,0,0,0,,0,0,0,,888,0,0,0,
18d1c00e0bde4ddbb8be5eafe0967dfe,1380,82235,300,31,379,https://www.youtube.com/watch?v=-IzA5nuc1CE,0,0,0,,300,31,379,https://www.youtube.com/watch?v=-IzA5nuc1CE,0,0,0,0,
e63047f70b0b4a7eba70e7d8cbd507ec,1380,31405,0,0,0,,0,0,0,,0,0,0,,0,0,0,0,
f479e1403f614727a5f2a2be339bad74,1380,22497,0,0,0,,0,0,0,,0,0,0,,3578,0,0,0,
43056077596a49349ee4bea028f670f6,1370,81019,0,0,0,,0,0,0,,0,0,0,,303,0,0,0,
ffe6a7983e434702a68fe18c169e3164,1370,55217,81,49,86,https://www.youtube.com/watch?v=ugK6eTw6lcg,81,49,86,https://www.youtube.com/watch?v=ugK6eTw6lcg,0,0,0,,408,0,0,0,
de1fec02e4ab43aa948a415621abc524,1370,88343,0,0,0,,0,0,0,,0,0,0,,0,0,0,0,
61e81c6f534247b486b8125bd34fa960,1370,68321,0,0,0,,0,0,0,,0,0,0,,20311,465,185,2016,https://www.twitch.tv/videos/2831046636
188bbf1349f1482cbd24d06ba720cf17,1370,18497,0,0,0,,0,0,0,,0,0,0,,903,144,93,144,https://www.twitch.tv/videos/2846722800
403697f0f5ba49ef873673236c07e2d3,1370,86085,107,69,3878,https://www.youtube.com/watch?v=xGAxuliObrQ,82,35,134,https://www.youtube.com/watch?v=a_aKtzawTeI,902,387,3878,https://www.youtube.com/watch?v=xGAxuliObrQ,325,247,207,336,https://www.twitch.tv/videos/2855237037
07c204505d544b28bb52426d0665a59c,1370,71737,106,52,214,https://www.youtube.com/watch?v=laM_b-Jssw8,108,53,214,https://www.youtube.com/watch?v=laM_b-Jssw8,44,29,44,https://www.youtube.com/watch?v=3LY45R1G5Yk,0,0,0,0,
a974047cb6bb412da7fca2ec9d91d882,1370,63124,0,0,0,,0,0,0,,0,0,0,,220,113,92,201,https://www.twitch.tv/videos/2845871625
ea8cc7c4366d48c797a88bfbcf584301,1360,36261,0,0,0,,0,0,0,,0,0,0,,263,89,83,127,https://www.twitch.tv/videos/2853328465
869d9d9067b64dd78418cc258cb6607b,1360,80097,83,29,216,https://www.youtube.com/watch?v=jSrmoZrVa8U,83,29,216,https://www.youtube.com/watch?v=jSrmoZrVa8U,0,0,0,,1112,251,165,482,https://www.twitch.tv/videos/2847826199
6861903583ee45d191ddc03faf6cd0d8,1360,21440,0,0,0,,0,0,0,,0,0,0,,1333,86,64,117,https://www.twitch.tv/videos/2849644692
bb28421da8a749ffb1ca8582b6278c24,1360,54168,81,51,106,https://www.youtube.com/watch?v=LifRaMTGno0,0,0,0,,81,51,106,https://www.youtube.com/watch?v=LifRaMTGno0,808,126,95,242,https://www.twitch.tv/videos/2848681271
d23dbc9d1db64c42821697d1bac8fb66,1350,127469,99,67,166,https://www.youtube.com/watch?v=dlRM8-szHK8,99,67,166,https://www.youtube.com/watch?v=dlRM8-szHK8,0,0,0,,0,0,0,0,
7327248ff3f04589bca9e61665448ae8,1350,47452,0,0,0,,0,0,0,,0,0,0,,311,0,0,0,
4d98ebdc4eb8448da8d2ab8f64df8383,1350,66,0,0,0,,0,0,0,,0,0,0,,154,0,0,0,
e3157ce546a640029cfcccb9107f8154,1350,79589,6,1,49,https://www.youtube.com/watch?v=5tx-SLr-3ig,0,0,0,,6,1,49,https://www.youtube.com/watch?v=5tx-SLr-3ig,0,0,0,0,
aa0d8c2604694532a20aaf0f0ced8a5e,1350,0,0,0,0,,0,0,0,,0,0,0,,2490,0,0,0,
2f966e51210f49ba9dce2ac90e3ada18,1340,12870,190,126,1965,https://www.youtube.com/watch?v=XD0peikaCYo,80,45,190,https://www.youtube.com/watch?v=EHhPEMKvREw,794,400,1965,https://www.youtube.com/watch?v=XD0peikaCYo,940,0,0,0,
8968a24fb6bf4f08b1611e694c98eb40,1340,94015,69,32,1354,https://www.youtube.com/watch?v=J4jiMArV6GY,67,31,203,https://www.youtube.com/watch?v=qMWc7oOuF84,1354,589,1354,https://www.youtube.com/watch?v=J4jiMArV6GY,0,0,0,0,
566e5b6f438a4cacb3e4036eb9ffe9b8,1340,82606,52,23,1570,https://www.youtube.com/watch?v=R06anAnF0qs,48,19,118,https://www.youtube.com/watch?v=xtReLfEqK-g,873,508,1570,https://www.youtube.com/watch?v=R06anAnF0qs,0,0,0,0,
515f61904a1a45688ea0d7bc1e7d499e,1340,326027,809,129,809,https://www.youtube.com/watch?v=Ut2kexgCQ4k,0,0,0,,809,129,809,https://www.youtube.com/watch?v=Ut2kexgCQ4k,6,0,0,0,
4082168d753e42b7aca1d25e759d09a7,1340,49636,26,9,98,https://www.youtube.com/watch?v=NyP1HkTkC-w,98,21,98,https://www.youtube.com/watch?v=NyP1HkTkC-w,20,6,26,https://www.youtube.com/watch?v=rjWkmrxeqMU,668,0,0,0,
a9396c8dd95e43b29c694b14afa07ac4,1340,112588,0,0,0,,0,0,0,,0,0,0,,3997,410,269,970,https://www.twitch.tv/videos/2853486660
5903a0f7274043058d817894a9b39e75,1340,31316,10,3,13,https://www.youtube.com/watch?v=qm1urH0OQ8I,0,0,0,,10,3,13,https://www.youtube.com/watch?v=qm1urH0OQ8I,0,0,0,0,
c587658ad4fe44b09137591c094ab297,1340,137427,148,75,1546,https://www.youtube.com/watch?v=Yatijbk9IqU,138,61,194,https://www.youtube.com/watch?v=cdHImfIiWjA,1347,602,1546,https://www.youtube.com/watch?v=Yatijbk9IqU,33,0,0,0,
4267c862353e410388f1eaa5a5d85017,1340,37827,57,26,67,https://www.youtube.com/watch?v=u13LbbpknwM,57,26,67,https://www.youtube.com/watch?v=u13LbbpknwM,0,0,0,,0,0,0,0,
376881e818cc47c2a045ca4cb8361380,1330,31601,1337,806,1512,https://www.youtube.com/watch?v=EvOFoO4Lxi8,0,0,0,,1337,806,1512,https://www.youtube.com/watch?v=EvOFoO4Lxi8,1611,356,225,684,https://www.twitch.tv/videos/2853188786
e15cd068f6fd4a05be985c22133f5428,1330,96183,0,0,0,,0,0,0,,0,0,0,,0,0,0,0,
9de536d111214c379ec6969a52d92442,1330,75748,85,79,95,https://www.youtube.com/watch?v=5MSp7ClrhOk,85,79,95,https://www.youtube.com/watch?v=5MSp7ClrhOk,0,0,0,,0,0,0,0,
1e06211caf4f4afa98125699a4c66b5d,1330,0,0,0,0,,0,0,0,,0,0,0,,0,0,0,0,
902740b39aed4b3cb381701c96a73f3a,1320,65702,50,22,100,https://www.youtube.com/watch?v=7bN_t0Pg51g,48,22,100,https://www.youtube.com/watch?v=7bN_t0Pg51g,62,34,68,https://www.youtube.com/watch?v=OQY-PJ1CpxE,241,28,20,79,https://www.twitch.tv/videos/2848230885
7136d4451e954a2daed572b2ba517303,1320,2151,1083,704,1473,https://www.youtube.com/watch?v=At8RDfQm1hk,694,589,694,https://www.youtube.com/watch?v=-BeIGUkQqtw,1473,818,1473,https://www.youtube.com/watch?v=At8RDfQm1hk,0,0,0,0,
66d986eaa59347b0b18c5ed103cb173e,1320,63761,54,29,186,https://www.youtube.com/watch?v=q27VIYu4M7Q,54,29,186,https://www.youtube.com/watch?v=q27VIYu4M7Q,0,0,0,,0,0,0,0,
6ff6adcddc934a3b94e45448e1912539,1320,203538,0,0,0,,0,0,0,,0,0,0,,1860,0,0,0,
4071b27c63424e1f9882ebe04a884586,1320,53896,0,0,0,,0,0,0,,0,0,0,,6721,0,0,0,
eec1f137ea78444185a4268f72f59611,1310,49662,0,0,0,,0,0,0,,0,0,0,,0,0,0,0,
afe78c5051094e86bf9fdfe6cb2a4222,1310,60558,125,124,445,https://www.youtube.com/watch?v=EguRg1VssyA,125,124,445,https://www.youtube.com/watch?v=EguRg1VssyA,0,0,0,,0,0,0,0,
506d9c6fdbd34c8aa5fda64d90d96ac2,1310,103946,28,15,95,https://www.youtube.com/watch?v=8j9NxwKBVbw,28,15,95,https://www.youtube.com/watch?v=8j9NxwKBVbw,0,0,0,,0,0,0,0,
521efecabae94dd6b1d21bc5e8543fcb,1310,72281,134,103,882,https://www.youtube.com/watch?v=I8htNuIMBA8,120,91,149,https://www.youtube.com/watch?v=R0tfdrLsOx0,882,805,882,https://www.youtube.com/watch?v=I8htNuIMBA8,370,0,0,0,
d4bea738b4d548b788ddb590b62cc2bd,1310,167252,59,25,84,https://www.youtube.com/watch?v=mnCWe-csvHY,59,25,84,https://www.youtube.com/watch?v=mnCWe-csvHY,0,0,0,,0,0,0,0,
e2df9d4aea8b4cb4b8e38c31cbf73036,1310,50204,0,0,0,,0,0,0,,0,0,0,,0,0,0,0,
55889d2ac7c34549b9baa54bd5c899f3,1310,0,0,0,0,,0,0,0,,0,0,0,,23,0,0,0,
de49994d9fd14067bf9ea5b4fbac7229,1300,24672,83,39,291,https://www.youtube.com/watch?v=tLErbKCclDI,83,39,291,https://www.youtube.com/watch?v=tLErbKCclDI,0,0,0,,415,0,0,0,
9b424d3a99ef4fc3b17bc7fef92fefd3,1300,133976,33,15,619,https://www.youtube.com/watch?v=LNwHG3fZlvI,23,12,42,https://www.youtube.com/watch?v=GeBNsEXqFwk,557,278,619,https://www.youtube.com/watch?v=LNwHG3fZlvI,381,0,0,0,
9cd7391045604ccda8be89f7946233e2,1300,39652,1247,896,2931,https://www.youtube.com/watch?v=0phJq8yP88U,0,0,0,,1247,896,2931,https://www.youtube.com/watch?v=0phJq8yP88U,163,76,61,305,https://www.twitch.tv/videos/2853851855
cc641478434a4af8bb042c88f6588b2b,1300,0,0,0,0,,0,0,0,,0,0,0,,0,0,0,0,
648d77b2067849838a8ad3fdc0afb85a,1300,6052,0,0,0,,0,0,0,,0,0,0,,1513,355,277,415,https://www.twitch.tv/videos/2845568260
cd9733cb91b6400aae0bc23e3f25d7eb,1290,36294,0,0,0,,0,0,0,,0,0,0,,0,0,0,0,
355d53b23acb4f4697b858ca06b25fb7,1290,408508,77,58,77,https://www.youtube.com/watch?v=mPPOr-4VQ8U,77,58,77,https://www.youtube.com/watch?v=mPPOr-4VQ8U,0,0,0,,0,0,0,0,
7441319fa18e4556a8ee9ef4e6396ee0,1290,128028,44,21,99,https://www.youtube.com/watch?v=Qx8NAXjCt-k,45,22,99,https://www.youtube.com/watch?v=Qx8NAXjCt-k,20,12,25,https://www.youtube.com/watch?v=_kSwgYydEYE,0,0,0,0,
01fc7842da284adaad67d3774a4b2a6c,1290,23670,112,36,1171,https://www.youtube.com/watch?v=ONRf7MRRRzE,112,36,1171,https://www.youtube.com/watch?v=ONRf7MRRRzE,0,0,0,,0,0,0,0,
843d99233b474827a2f0bc417ffd3852,1290,76873,106,68,3483,https://www.youtube.com/watch?v=QYe97M7JVHg,59,33,112,https://www.youtube.com/watch?v=uUwPrJcz2ds,1772,1122,3483,https://www.youtube.com/watch?v=QYe97M7JVHg,12400,11882,5468,37165,https://www.twitch.tv/videos/2836136551
026bdd139df44cec930dd7fc76345184,1280,60367,148,76,336,https://www.youtube.com/watch?v=zLKNubjhAM4,146,80,250,https://www.youtube.com/watch?v=ud92Xq5ypNc,336,1,336,https://www.youtube.com/watch?v=zLKNubjhAM4,0,0,0,0,
2efe1ad069184a7e94b0583b452ffac4,1280,86877,0,0,0,,0,0,0,,0,0,0,,0,0,0,0,
a8b244b0fb1f42f8b4bb3d3c2277de3b,1280,123665,284,25,284,https://www.youtube.com/watch?v=zVsLsCpCSfQ,0,0,0,,284,25,284,https://www.youtube.com/watch?v=zVsLsCpCSfQ,5252,1101,243,1521,https://www.twitch.tv/videos/2830752352
74f214b764314c5aa446eb9981c94935,1270,42492,0,0,0,,0,0,0,,0,0,0,,0,0,0,0,
6ab090baa4624f1c8fca28312799e826,1270,43038,0,0,0,,0,0,0,,0,0,0,,795,67,53,106,https://www.twitch.tv/videos/2844204519
c91c52df005e4a7c988704e474b54dbc,1270,136812,96,88,5470,https://www.youtube.com/watch?v=KxQL7zrFOkk,86,49,150,https://www.youtube.com/watch?v=-vHZ7LZqvYU,1195,446,5470,https://www.youtube.com/watch?v=KxQL7zrFOkk,0,0,0,0,
f2ca2659644f4d02abc851e7bee3255b,1270,24315,1213,280,2436,https://www.youtube.com/watch?v=sZwrEh7dh7I,0,0,0,,1213,280,2436,https://www.youtube.com/watch?v=sZwrEh7dh7I,2790,936,301,2085,https://www.twitch.tv/videos/2835840126
8ae0f370cf124faa953a09089a427fd9,1260,63526,157,74,1428,https://www.youtube.com/watch?v=055Ux8TKKLI,161,75,287,https://www.youtube.com/watch?v=kdbNXvvww28,83,47,1428,https://www.youtube.com/watch?v=055Ux8TKKLI,315,23,16,133,https://www.twitch.tv/videos/2851216569
f227226fd52e4fbe801b4c89acfe4887,1260,40077,64,30,1510,https://www.youtube.com/watch?v=lMJeuSPhfK8,64,29,172,https://www.youtube.com/watch?v=MZZJYZzg1CE,1510,381,1510,https://www.youtube.com/watch?v=lMJeuSPhfK8,664,0,0,0,
b0b9e352f71d4a03ace9972ddec4ec56,1260,51575,90,47,272,https://www.youtube.com/watch?v=vLFONGDrgNI,94,46,272,https://www.youtube.com/watch?v=vLFONGDrgNI,63,59,63,https://www.youtube.com/watch?v=QERw7uGhJmc,0,0,0,0,
e5433e4a21eb49e2bcd508e3b12fba6d,1260,8413,0,0,0,,0,0,0,,0,0,0,,185,12,11,24,https://www.twitch.tv/videos/2853113560
7a9b7ab0d5bd411195d77800ff778a90,1260,278251,506,185,1845,https://www.youtube.com/watch?v=Z8gYjlotgFU,0,0,0,,506,185,1845,https://www.youtube.com/watch?v=Z8gYjlotgFU,66,0,0,0,
d4e45d5ea1bf4a3a887b9f99ef60fda3,1250,1343,0,0,0,,0,0,0,,0,0,0,,0,0,0,0,
0b8d1c0fa1b14df6821e85def645425e,1250,103067,75,21,101,https://www.youtube.com/watch?v=1RJupCY0K-o,75,21,101,https://www.youtube.com/watch?v=1RJupCY0K-o,0,0,0,,164,0,0,0,
7f7e1579979c49249dc65783d457e890,1250,34085,0,0,0,,0,0,0,,0,0,0,,437,0,0,0,
5d73e7f013034d06b58decaf4b2b385c,1240,27887,0,0,0,,0,0,0,,0,0,0,,0,0,0,0,
d3e4f9bdbb6c42fc97b60148cefdb6e0,1240,34355,0,0,0,,0,0,0,,0,0,0,,5726,1396,1119,1488,https://www.twitch.tv/videos/2848744794
82d5f7612b7645f3a77dd954a0e30b24,1240,36178,0,0,0,,0,0,0,,0,0,0,,0,0,0,0,
e290f49c193149708cd72747639d5ced,1240,73808,103,84,134,https://www.youtube.com/watch?v=rQzUIfrSmV8,103,84,134,https://www.youtube.com/watch?v=rQzUIfrSmV8,0,0,0,,0,0,0,0,
12f8dc82bc0d4f89bfbd7ede76ab1faf,1240,29060,0,0,0,,0,0,0,,0,0,0,,0,0,0,0,
15bc73fc2acf4a7695bab31fdea450f0,1240,43442,84,32,135,https://www.youtube.com/watch?v=q6wbxDNSUeY,83,27,135,https://www.youtube.com/watch?v=q6wbxDNSUeY,125,47,125,https://www.youtube.com/watch?v=iDcigQw2mSM,0,0,0,0,
03c9d83a4c534b65a5743b381eb2ce33,1230,37955,85,42,217,https://www.youtube.com/watch?v=ZxKkWLQL_g4,85,42,217,https://www.youtube.com/watch?v=ZxKkWLQL_g4,0,0,0,,697,0,0,0,
0f74555e05794780adc4eb0b9096f727,1230,15954,42,18,58,https://www.youtube.com/watch?v=brgldg8KZ44,42,18,58,https://www.youtube.com/watch?v=brgldg8KZ44,0,0,0,,114,0,0,0,
f97745a8003c480fa728cf34d61afc6c,1230,85186,1274,334,2654,https://www.youtube.com/watch?v=Qb7K1QYuGds,0,0,0,,1274,334,2654,https://www.youtube.com/watch?v=Qb7K1QYuGds,0,0,0,0,
6abc6d7010ed4b7a88b2566b171c9005,1220,41517,96,39,151,https://www.youtube.com/watch?v=sqYbDa-ULFk,96,39,151,https://www.youtube.com/watch?v=sqYbDa-ULFk,0,0,0,,0,0,0,0,
0446516df6074a4ba8a0f3639b17de46,1220,59506,165,146,216,https://www.youtube.com/watch?v=8up8RmPuyqc,216,191,216,https://www.youtube.com/watch?v=8up8RmPuyqc,114,100,114,https://www.youtube.com/watch?v=37J11pncnd8,0,0,0,0,
c6af4f23c6ce4adab5301d79b0bd343a,1220,176262,176,94,1840,https://www.youtube.com/watch?v=kdah4RzH-B8,168,87,373,https://www.youtube.com/watch?v=Km5DiISGcaI,1840,349,1840,https://www.youtube.com/watch?v=kdah4RzH-B8,3734,810,304,1206,https://www.twitch.tv/videos/2849435484
d4b4a16e0ccc4bb49ff82c8584e6ed79,1220,42882,0,0,0,,0,0,0,,0,0,0,,0,0,0,0,
3430389926a942cbacde9b444b3a6653,1220,51099,3,1,16,https://www.youtube.com/watch?v=HeMIJ5NUbgM,0,0,0,,3,1,16,https://www.youtube.com/watch?v=HeMIJ5NUbgM,1053,41,32,70,https://www.twitch.tv/videos/2844039763
834afd07257a43ac9f61085f79449be1,1220,62670,142,90,1984,https://www.youtube.com/watch?v=Vkq0Tg0WXi4,121,81,1001,https://www.youtube.com/watch?v=ehhbPwcDHJs,1984,110,1984,https://www.youtube.com/watch?v=Vkq0Tg0WXi4,0,0,0,0,
3b9a06751f3c415993d424480d4d5060,1210,141555,69,38,73,https://www.youtube.com/watch?v=vdiC6R7mjr0,69,38,73,https://www.youtube.com/watch?v=vdiC6R7mjr0,0,0,0,,0,0,0,0,
6e845fd52d044ab598cc4ca35ba91f88,1210,7898,0,0,0,,0,0,0,,0,0,0,,0,0,0,0,
921b0b3a8dd64a5494720801af95ba06,1200,84925,39,18,58,https://www.youtube.com/watch?v=IJ-M9Ku2q3U,39,18,58,https://www.youtube.com/watch?v=IJ-M9Ku2q3U,0,0,0,,0,0,0,0,
1f378a6e115046ffa1a17f9079285d4a,1200,39262,141,15,210,https://www.youtube.com/watch?v=n8o6OYT9yhM,141,15,210,https://www.youtube.com/watch?v=n8o6OYT9yhM,0,0,0,,98,0,0,0,
e308f7f536c8462baf851d52cdff7fb9,1200,40182,0,0,0,,0,0,0,,0,0,0,,0,0,0,0,
ffe0cef3d8c34c52bb605a23a3e61e95,1200,31970,233,104,257,https://www.youtube.com/watch?v=2XNHeg5u86I,233,104,257,https://www.youtube.com/watch?v=2XNHeg5u86I,0,0,0,,0,0,0,0,
21a80fdbdff448b98102b0d8ffa70888,1200,190,0,0,0,,0,0,0,,0,0,0,,0,0,0,0,
310c827bd2b34fa58413b09453226ee9,1200,0,0,0,0,,0,0,0,,0,0,0,,0,0,0,0,
497385ad229548cdb0c80d89b70d050f,1200,112103,0,0,0,,0,0,0,,0,0,0,,0,0,0,0,
af34d62a8f4e4ca180c11f11c2832893,1200,40385,0,0,0,,0,0,0,,0,0,0,,0,0,0,0,
ffaf6da580a44e11bba9715e3c854958,1190,68400,56,36,226,https://www.youtube.com/watch?v=d1ibkCVaHpI,56,36,226,https://www.youtube.com/watch?v=d1ibkCVaHpI,0,0,0,,196,0,0,0,
e2ddcd13e70643238d46f50fba8261b2,1190,110539,2264,892,4080,https://www.youtube.com/watch?v=nsEZTH2DK2Y,0,0,0,,2264,892,4080,https://www.youtube.com/watch?v=nsEZTH2DK2Y,3043,694,295,1669,https://www.twitch.tv/videos/2847263770
fb7ced3cc6c247928ce1bb3b2715d98c,1190,395438,829,418,1334,https://www.youtube.com/watch?v=pcHMxyBqtvc,0,0,0,,829,418,1334,https://www.youtube.com/watch?v=pcHMxyBqtvc,0,0,0,0,
ccf93d7646f249dfa3454f5a60f466c8,1190,42881,0,0,0,,0,0,0,,0,0,0,,117,0,0,0,
d7e9a44c2bbe439b9f062d64dc1b96f3,1190,72710,80,34,152,https://www.youtube.com/watch?v=SYoTy_cDWCE,80,34,152,https://www.youtube.com/watch?v=SYoTy_cDWCE,0,0,0,,118,0,0,0,
19f507cc460a426cb02013fb203bd0a7,1190,63346,236,90,393,https://www.youtube.com/watch?v=A-pylugSH_k,236,90,393,https://www.youtube.com/watch?v=A-pylugSH_k,0,0,0,,491,83,58,171,https://www.twitch.tv/videos/2843782580
a1ef171711404951a987f4c9bc5e64f0,1190,87420,76,48,1284,https://www.youtube.com/watch?v=aXVHTh4dLZU,74,44,179,https://www.youtube.com/watch?v=4fj6wSn8U1A,1284,630,1284,https://www.youtube.com/watch?v=aXVHTh4dLZU,0,0,0,0,
492582e14bd0480eb5c847e6240f020b,1180,78805,61,28,128,https://www.youtube.com/watch?v=-u2DjlUrFhY,61,28,128,https://www.youtube.com/watch?v=-u2DjlUrFhY,0,0,0,,0,0,0,0,
a09298c0b6ab4dcda7cfe945f47f445f,1180,0,0,0,0,,0,0,0,,0,0,0,,0,0,0,0,
2656bc44436c45cca3e94e43a9a49c2d,1180,197223,171,62,495,https://www.youtube.com/watch?v=SZ1Cr4gGkeo,171,62,495,https://www.youtube.com/watch?v=SZ1Cr4gGkeo,0,0,0,,0,0,0,0,
870430bfaf9942f487819fcb4630fabb,1180,1548,0,0,0,,0,0,0,,0,0,0,,1231,40,32,53,https://www.twitch.tv/videos/2851229923
1058d6e9f351455389e8a7a716ea26ff,1170,62911,52,15,85,https://www.youtube.com/watch?v=1f2zrEUSMWs,46,15,83,https://www.youtube.com/watch?v=YZ7lPKjU9Y0,81,9,85,https://www.youtube.com/watch?v=1f2zrEUSMWs,4288,728,539,2218,https://www.twitch.tv/videos/2843865869
ac5176c53ad7447b8d63f82f65ba7200,1170,56733,0,0,0,,0,0,0,,0,0,0,,2547,0,0,0,
9cdf183fa1ee43c2906cca70884a6278,1170,24701,0,0,0,,0,0,0,,0,0,0,,0,0,0,0,
20bfe5495db6453eaadbc55322c856f9,1160,39170,0,0,0,,0,0,0,,0,0,0,,0,0,0,0,
fe555b322c784b5b9c2297c585bc9352,1160,37615,0,0,0,,0,0,0,,0,0,0,,0,0,0,0,
ca8d038d311e4cccb2deded15cee89cd,1160,64349,110,59,262,https://www.youtube.com/watch?v=O_0RDAtm5Mo,110,59,262,https://www.youtube.com/watch?v=O_0RDAtm5Mo,0,0,0,,111,0,0,0,
74c75f221fbb4cffa67de26881bae17d,1160,81899,0,0,0,,0,0,0,,0,0,0,,0,0,0,0,
1e59cd43a10a44edb1407fb8ba8529a8,1160,66823,131,53,310,https://www.youtube.com/watch?v=KR45W1N2dn4,131,53,310,https://www.youtube.com/watch?v=KR45W1N2dn4,0,0,0,,0,0,0,0,
507d48eff3d44b6cba7b707e321e01e7,1160,64292,0,0,0,,0,0,0,,0,0,0,,580,0,0,0,
9bf758b113b048bc9331f244b619e4b2,1150,101713,82,57,1720,https://www.youtube.com/watch?v=1ZUuPBM-77E,56,26,98,https://www.youtube.com/watch?v=3HeRbEi9Q8g,803,447,1720,https://www.youtube.com/watch?v=1ZUuPBM-77E,275,12,7,15,https://www.twitch.tv/videos/2849568972
01871d8239314affaf7032899ce6502f,1150,297696,0,0,0,,0,0,0,,0,0,0,,0,0,0,0,
99e9616a2f73426d8c0a672dd20d9ad3,1150,221646,0,0,0,,0,0,0,,0,0,0,,62,0,0,0,
3d33f15ad27c406abfd68d6c16e0b53d,1150,68669,192,82,192,https://www.youtube.com/watch?v=ug7KtoFSric,192,82,192,https://www.youtube.com/watch?v=ug7KtoFSric,0,0,0,,0,0,0,0,
43acb25e255340d09b50283f0308d1ff,1150,614178,38,21,38,https://www.youtube.com/watch?v=smdhjDpH2h8,38,21,38,https://www.youtube.com/watch?v=smdhjDpH2h8,0,0,0,,0,0,0,0,
7e1072448d24495f8cac5163c0290989,1150,40828,33,22,39,https://www.youtube.com/watch?v=itGSt5kva0Q,33,22,39,https://www.youtube.com/watch?v=itGSt5kva0Q,0,0,0,,203,0,0,0,
956591dc2e40411688b8f8e3079bc5e3,1150,130959,238,38,258,https://www.youtube.com/watch?v=26bBNaVd9iU,248,133,258,https://www.youtube.com/watch?v=26bBNaVd9iU,9,7,9,https://www.youtube.com/watch?v=aF7OAiMQ90w,0,0,0,0,
e63fe9e27be44403b222fb0319c027b6,1140,38196,219,99,653,https://www.youtube.com/watch?v=yktjksErEb4,0,0,0,,219,99,653,https://www.youtube.com/watch?v=yktjksErEb4,5609,1149,535,109494,https://www.twitch.tv/videos/2847671255
95694a64c0fe4b5c987344f1edcec826,1140,52177,75,42,313,https://www.youtube.com/watch?v=fz-8lwA6Jco,75,42,313,https://www.youtube.com/watch?v=fz-8lwA6Jco,0,0,0,,1679,391,260,445,https://www.twitch.tv/videos/2844945769
d4c077fa180a460cabadc4e2838d1855,1140,38911,0,0,0,,0,0,0,,0,0,0,,0,0,0,0,
0b0668c6206c4500bdcbc281ee58680c,1140,42351,22,2,49,https://www.youtube.com/watch?v=HG3_bm1-nt4,22,2,49,https://www.youtube.com/watch?v=HG3_bm1-nt4,0,0,0,,2969,0,0,0,
b4b4fcedc8264cb5b90584935aebf110,1140,45848,126,86,165,https://www.youtube.com/watch?v=7y8ZakaZ8gQ,126,86,165,https://www.youtube.com/watch?v=7y8ZakaZ8gQ,0,0,0,,264,122,99,122,https://www.twitch.tv/videos/2851263778
f4c357c0b7ae4891859ecd205d903dff,1130,52875,64,27,369,https://www.youtube.com/watch?v=7nXPArzoL_Y,101,39,162,https://www.youtube.com/watch?v=e4baP2Dekj8,57,27,369,https://www.youtube.com/watch?v=7nXPArzoL_Y,89,0,0,0,
fff74fa431cd4468b177675010504ee1,1130,19244,0,0,0,,0,0,0,,0,0,0,,389,82,59,142,https://www.twitch.tv/videos/2845078817
a5c12a1268af408c9a3ed6adbb72c53c,1130,70180,0,0,0,,0,0,0,,0,0,0,,0,0,0,0,
a05afa97381b4f96b02a1af859426f9c,1130,95594,209,81,1621,https://www.youtube.com/watch?v=BGWHm2Njy_Y,166,65,282,https://www.youtube.com/watch?v=J5D0HoQ--s8,996,248,1621,https://www.youtube.com/watch?v=BGWHm2Njy_Y,0,0,0,0,
5226367de740445789ec9b65a84d65c5,1130,183170,74,28,107,https://www.youtube.com/watch?v=X3L50MfKlMY,74,28,107,https://www.youtube.com/watch?v=X3L50MfKlMY,0,0,0,,278,0,0,0,
32a5b834b2bf4912bcd54ac00ae13285,1130,3910,0,0,0,,0,0,0,,0,0,0,,2930,315,72,802,https://www.twitch.tv/videos/2829847256
aab094af87d74f3cbcb332bdac03fa23,1130,23943,59,50,59,https://www.youtube.com/watch?v=BLaNtojwjXw,59,50,59,https://www.youtube.com/watch?v=BLaNtojwjXw,0,0,0,,0,0,0,0,
4e7110080135486ba1d83d3e5cdbf0ca,1130,15010,0,0,0,,0,0,0,,0,0,0,,434,0,0,0,
9f585f607da24e26b05ccb7e06e1d4f1,1130,183081,613,101,1226,https://www.youtube.com/watch?v=rfTsVYfbDNs,104,52,290,https://www.youtube.com/watch?v=h8fsOzd_-IY,1004,409,1226,https://www.youtube.com/watch?v=rfTsVYfbDNs,558,0,0,0,
c964cb46cc9d411aaca372f9e459d2dc,1130,53715,0,0,0,,0,0,0,,0,0,0,,232,0,0,0,
5de329cf8bc5410fb40ef38d117be94d,1130,66594,65,32,1036,https://www.youtube.com/watch?v=etM4KYY6oxk,66,33,117,https://www.youtube.com/watch?v=KjVxZI7rPQs,16,15,1036,https://www.youtube.com/watch?v=etM4KYY6oxk,628,152,92,283,https://www.twitch.tv/videos/2855842737
4bdf9ee9f53f4785b37a9d9dbd2a0da8,1120,65785,3,1,6,https://www.youtube.com/watch?v=Hj-JRzHIl5M,0,0,0,,3,1,6,https://www.youtube.com/watch?v=Hj-JRzHIl5M,0,0,0,0,
d475848a566848dc9f6ad02707d87e2a,1120,151365,62,29,1378,https://www.youtube.com/watch?v=zi76yI_6JDk,62,26,106,https://www.youtube.com/watch?v=cBlIeGzex98,716,33,1378,https://www.youtube.com/watch?v=zi76yI_6JDk,0,0,0,0,
853afd5eb42e4f61bb0f9478aa8c1661,1120,0,0,0,0,,0,0,0,,0,0,0,,0,0,0,0,
381bb87f90794f2a909775a87c192dc5,1120,109299,0,0,0,,0,0,0,,0,0,0,,10538,337,120,438,https://www.twitch.tv/videos/2840610340
f4ff6f40be3a4294ac1fe3e475421377,1120,85610,133,69,461,https://www.youtube.com/watch?v=Sk8ya2JsARI,133,69,461,https://www.youtube.com/watch?v=Sk8ya2JsARI,0,0,0,,47,0,0,0,
b399afc661d04f47acc9d0681be343b4,1120,157314,104,75,1729,https://www.youtube.com/watch?v=f03dfbfQ-AQ,82,47,200,https://www.youtube.com/watch?v=aJLxm57zP_A,1187,231,1729,https://www.youtube.com/watch?v=f03dfbfQ-AQ,552,148,124,239,https://www.twitch.tv/videos/2852199874
99f95450781349058c1c4098d6fe9f41,1120,74287,93,75,121,https://www.youtube.com/watch?v=4_fJwzw4ZZU,93,75,121,https://www.youtube.com/watch?v=4_fJwzw4ZZU,0,0,0,,0,0,0,0,
c2b9638d8dd54888a91caa8a67366907,1120,20679,0,0,0,,0,0,0,,0,0,0,,2621,77,47,77,https://www.twitch.tv/videos/2845940906
2a0de6059bd74c298a80f45a8052790e,1120,231113,1153,402,1239,https://www.youtube.com/watch?v=pN4q5TAM8dM,0,0,0,,1153,402,1239,https://www.youtube.com/watch?v=pN4q5TAM8dM,1337,166,119,227,https://www.twitch.tv/videos/2850466508
d29682522104427fb366fa19a0521bc3,1120,19401,0,0,0,,0,0,0,,0,0,0,,492,0,0,0,
0a000a22ebd84abf860bcd5ef0a5ed60,1120,63389,8,5,1552,https://www.youtube.com/watch?v=E1OOpfNAzFA,0,0,0,,8,5,1552,https://www.youtube.com/watch?v=E1OOpfNAzFA,2544,558,265,1362,https://www.twitch.tv/videos/2832643402
49f14b84269f458099232c2a21b2ba74,1120,32403,0,0,0,,0,0,0,,0,0,0,,0,0,0,0,
78f09e2a2d31477aa4a475ff159fb7c2,1120,103801,190,95,1862,https://www.youtube.com/watch?v=lvix6Phzfnc,188,90,441,https://www.youtube.com/watch?v=yQcph2Gux-0,714,607,1862,https://www.youtube.com/watch?v=lvix6Phzfnc,195,135,126,197,https://www.twitch.tv/videos/2855867960
0d080db8809848e2ba918799b2f7885b,1110,78069,69,43,143,https://www.youtube.com/watch?v=dOi9CpSNkwU,69,43,133,https://www.youtube.com/watch?v=oMBHm3YaG1Y,143,88,143,https://www.youtube.com/watch?v=dOi9CpSNkwU,0,0,0,0,
46a8009adbca4aa083af580b50b69306,1110,24674,19,9,22,https://www.youtube.com/watch?v=ChN9Ja8uk00,19,9,22,https://www.youtube.com/watch?v=ChN9Ja8uk00,0,0,0,,504,10,9,10,https://www.twitch.tv/videos/2855003439
26eba1f0fabf425aa5769e01e855ea28,1110,107074,0,0,0,,0,0,0,,0,0,0,,0,0,0,0,
798dda88504941b08a086b309c81b4ef,1100,4534,0,0,0,,0,0,0,,0,0,0,,0,0,0,0,
e212d468e3e64ad5b8f22f61bc4e06f7,1100,34278,21,18,21,https://www.youtube.com/watch?v=_9BfSRrb488,21,18,21,https://www.youtube.com/watch?v=_9BfSRrb488,0,0,0,,0,0,0,0,
238b751368474f798a737e7cf1f4a87b,1100,47503,46,25,516,https://www.youtube.com/watch?v=Uo2xTs1GNTg,44,24,106,https://www.youtube.com/watch?v=lj14MFN4mb8,357,253,516,https://www.youtube.com/watch?v=Uo2xTs1GNTg,2085,126,99,195,https://www.twitch.tv/videos/2845009515
4b9b64309ea0491bbde3b86b6c34bdd0,1100,71734,110,46,137,https://www.youtube.com/watch?v=BMB5pP34sWA,110,46,137,https://www.youtube.com/watch?v=BMB5pP34sWA,0,0,0,,0,0,0,0,
34e2da1086ea4670b7b3d1fec34d8403,1100,54269,85,54,156,https://www.youtube.com/watch?v=GLVY9ziF45A,85,54,156,https://www.youtube.com/watch?v=GLVY9ziF45A,0,0,0,,0,0,0,0,
ec9a791b8152478b95858b199b866ef9,1100,44784,0,0,0,,0,0,0,,0,0,0,,376,0,0,0,
3410ce8f1b78487f8025485a6c09b1b8,1100,34130,0,0,0,,0,0,0,,0,0,0,,0,0,0,0,
971c91b32e9b4e1abfdafe711cb9e440,1100,50137,0,0,0,,0,0,0,,0,0,0,,0,0,0,0,
5d02c4219e484617979165267cbd8d7f,1100,7519,0,0,0,,0,0,0,,0,0,0,,7,0,0,0,
8d67810b612540a0ad928179c1f9a4ee,1100,18780,0,0,0,,0,0,0,,0,0,0,,724,178,136,338,https://www.twitch.tv/videos/2856093750
8489d002b1704612bd0dd23f9a14ed51,1090,56797,46,31,74,https://www.youtube.com/watch?v=WChT1SzQgZY,46,31,74,https://www.youtube.com/watch?v=WChT1SzQgZY,0,0,0,,172,0,0,0,
70af0f70b6284690a524eb87aaa1d296,1090,71902,0,0,0,,0,0,0,,0,0,0,,4852,606,300,840,https://www.twitch.tv/videos/2831895598
5aaaa518ae674ae1a1162e8454a460f9,1090,23521,0,0,0,,0,0,0,,0,0,0,,1383,0,0,0,
ea31f43c943742be847e205495fc64ad,1090,85626,1388,257,2204,https://www.youtube.com/watch?v=cZYJy67-bGg,0,0,0,,1388,257,2204,https://www.youtube.com/watch?v=cZYJy67-bGg,4481,1255,471,2186,https://www.twitch.tv/videos/2836055932
4b214cdeac0649989f03f39e497816cf,1090,4515061,78,22,3930,https://www.youtube.com/watch?v=SdcLE8ow_tc,58,19,164,https://www.youtube.com/watch?v=Hsg71geRC3E,2120,821,3930,https://www.youtube.com/watch?v=SdcLE8ow_tc,745,101,72,123,https://www.twitch.tv/videos/2848697351
46388caf23e34f09b145fff0fa25b897,1090,33326,0,0,0,,0,0,0,,0,0,0,,880,0,0,0,
7aca9b05fe654223a3702531383002a8,1090,7404,0,0,0,,0,0,0,,0,0,0,,2868,0,0,0,
f5838bbd59cf4922897b71efe3dc25af,1090,2333,0,0,0,,0,0,0,,0,0,0,,882,0,0,0,
e0535f2d38f04d26aca33772bccb33b8,1080,70603,0,0,0,,0,0,0,,0,0,0,,2584,452,200,536,https://www.twitch.tv/videos/2855094246
1eef7c0894a547a2bff186f6a735145a,1080,26067,105,48,165,https://www.youtube.com/watch?v=5YWAhSeWcCA,105,48,165,https://www.youtube.com/watch?v=5YWAhSeWcCA,0,0,0,,0,0,0,0,
3a963b6901c7467da3d9c8bd74df9da6,1080,52746,50,26,50,https://www.youtube.com/watch?v=YGrztJ8_CxM,50,26,50,https://www.youtube.com/watch?v=YGrztJ8_CxM,0,0,0,,0,0,0,0,
0d7502e74c394a7f82a07c31fee877ff,1080,34704,0,0,0,,0,0,0,,0,0,0,,0,0,0,0,
b9eb00549c554290a7dbc5cd05910239,1080,103462,732,50,1399,https://www.youtube.com/watch?v=nl7oLwZPDNQ,66,65,66,https://www.youtube.com/watch?v=2o3C8KC92ww,1399,35,1399,https://www.youtube.com/watch?v=nl7oLwZPDNQ,0,0,0,0,
5f413dce55614542940c58900ef1c82c,1080,25791,0,0,0,,0,0,0,,0,0,0,,826,74,63,218,https://www.twitch.tv/videos/2846983680
278f93ad57b14f01a71f1e89598ee503,1080,10479,0,0,0,,0,0,0,,0,0,0,,0,0,0,0,
483a76d7ad1d464aa290606959ddddec,1080,59192,93,45,323,https://www.youtube.com/watch?v=rrB6kzoBsCI,94,50,323,https://www.youtube.com/watch?v=rrB6kzoBsCI,77,45,77,https://www.youtube.com/watch?v=hao724Y0QuM,862,310,262,425,https://www.twitch.tv/videos/2851147433
36ad63809a2441c9b85f7ee628136ce3,1080,121319,76,38,1433,https://www.youtube.com/watch?v=AUuZSOt8t2k,74,25,131,https://www.youtube.com/watch?v=epcGlYURTiw,584,263,1433,https://www.youtube.com/watch?v=AUuZSOt8t2k,23,0,0,0,
5396c3113555413f8b8d722d44b413d3,1070,5252,90,63,90,https://www.youtube.com/watch?v=6-msULvTBkI,90,63,90,https://www.youtube.com/watch?v=6-msULvTBkI,0,0,0,,0,0,0,0,
83f4ec63112c46d1801fc596894c3e47,1070,41387,0,0,0,,0,0,0,,0,0,0,,0,0,0,0,
4d4410bdde7d4107809dc6e1e2ce0e0e,1070,55576,49,25,1101,https://www.youtube.com/watch?v=j7tIYcIu3zs,39,21,59,https://www.youtube.com/watch?v=oCutOPpVgnM,862,809,1101,https://www.youtube.com/watch?v=j7tIYcIu3zs,0,0,0,0,
85aa19ec73ce4db08ba1bf3d0f1807ce,1070,52398,0,0,0,,0,0,0,,0,0,0,,0,0,0,0,
683db9d9b58f4dd883966c82581a7b60,1070,41464,34,19,197,https://www.youtube.com/watch?v=OBAVJtfeRV8,34,19,197,https://www.youtube.com/watch?v=OBAVJtfeRV8,0,0,0,,0,0,0,0,
36b917d4265f43a1a6cc9eb1d7b20608,1070,15047,1497,1424,11241,https://www.youtube.com/watch?v=ZBOUYO_7jVU,0,0,0,,1497,1424,11241,https://www.youtube.com/watch?v=ZBOUYO_7jVU,90,0,0,0,
6826120624a244d4ab9522b5845db071,1070,66738,1302,907,1586,https://www.youtube.com/watch?v=v-Kezdbzd2o,0,0,0,,1302,907,1586,https://www.youtube.com/watch?v=v-Kezdbzd2o,3887,542,388,1216,https://www.twitch.tv/videos/2855616086
d1f20b59a19e4ec499d423a7ba65d602,1070,29113,0,0,0,,0,0,0,,0,0,0,,0,0,0,0,
b5d3dfb81219492cb11a34291aab8cc8,1070,32023,0,0,0,,0,0,0,,0,0,0,,0,0,0,0,
ce4d344e37cd403cbb5325010144d393,1060,93099,64,36,1367,https://www.youtube.com/watch?v=Hg5zdTDc4T8,64,25,64,https://www.youtube.com/watch?v=OJREh8Sy4Dc,714,74,1367,https://www.youtube.com/watch?v=Hg5zdTDc4T8,1520,262,241,703,https://www.twitch.tv/videos/2845518219
e0823adb7a574647b6e395e70038509d,1060,45661,1360,404,1802,https://www.youtube.com/watch?v=EqNB5reGj0g,257,133,312,https://www.youtube.com/watch?v=E70vh1dg_GI,1396,458,1802,https://www.youtube.com/watch?v=EqNB5reGj0g,0,0,0,0,
41ec65fd72424aa0b90cdfefd49bd35e,1060,751,0,0,0,,0,0,0,,0,0,0,,0,0,0,0,
62080edda26345efbf8bc2bab0ab4136,1060,31244,0,0,0,,0,0,0,,0,0,0,,0,0,0,0,
45baafce0f294208a063a496814b7986,1060,47868,48,39,48,https://www.youtube.com/watch?v=M7EZtDiFEoI,48,39,48,https://www.youtube.com/watch?v=M7EZtDiFEoI,0,0,0,,0,0,0,0,
8a8bc32109654a41a7cae0a9f235d9fb,1060,6412,0,0,0,,0,0,0,,0,0,0,,427,0,0,0,
0a9ce04e6eee4c6d8dde6eb5a0f56c20,1060,18759,0,0,3,https://www.youtube.com/watch?v=v_9PQ4_E5H0,0,0,0,,0,0,3,https://www.youtube.com/watch?v=v_9PQ4_E5H0,0,0,0,0,
7754a4ea82814b7fbbecfcf459382001,1060,222972,26,17,1290,https://www.youtube.com/watch?v=7nFNJsZdROk,21,17,81,https://www.youtube.com/watch?v=zb-giUwfdBs,351,257,1290,https://www.youtube.com/watch?v=7nFNJsZdROk,2465,155,119,796,https://www.twitch.tv/videos/2845928092
97b10f7c6f434fa1a80f76e6740a9c6b,1060,57580,1568,1081,5940,https://www.youtube.com/watch?v=fyXUepvKUW8,0,0,0,,1568,1081,5940,https://www.youtube.com/watch?v=fyXUepvKUW8,4663,2544,1284,8921,https://www.twitch.tv/videos/2853938156
fe70a0055df1453a82bea6582d3072fa,1060,47214,52,18,58,https://www.youtube.com/watch?v=O4FEhTJdmOM,52,18,58,https://www.youtube.com/watch?v=O4FEhTJdmOM,0,0,0,,0,0,0,0,
4ba065758aa94ce18cfe227cc37b1afe,1060,34581,15,11,20,https://www.youtube.com/watch?v=9ofsOQEBF3E,0,0,0,,15,11,20,https://www.youtube.com/watch?v=9ofsOQEBF3E,3563,634,483,1181,https://www.twitch.tv/videos/2852987072
f5a99c6ea78e4023b1bc84c1502f432d,1050,48264,59,25,1428,https://www.youtube.com/watch?v=R4qRHr01_SU,54,21,87,https://www.youtube.com/watch?v=Mj9VjcAF5oY,712,391,1428,https://www.youtube.com/watch?v=R4qRHr01_SU,869,60,34,202,https://www.twitch.tv/videos/2834417492
15e82a696cfc4d42929e29b0d90955d1,1050,62620,199,69,415,https://www.youtube.com/watch?v=4ng2XfOCeJA,165,102,415,https://www.youtube.com/watch?v=4ng2XfOCeJA,247,39,381,https://www.youtube.com/watch?v=SflzDP6b6TI,0,0,0,0,
37df80920d2b4363b3fd69fd3c6be31c,1050,0,0,0,0,,0,0,0,,0,0,0,,0,0,0,0,
f560e7811b454fe489044165c53dba83,1050,62098,52,27,117,https://www.youtube.com/watch?v=6PzkavZPVzM,52,27,117,https://www.youtube.com/watch?v=6PzkavZPVzM,0,0,0,,0,0,0,0,
d792696470b54bd4947a59b10759a636,1050,51889,85,47,129,https://www.youtube.com/watch?v=oPKrl3_Iztg,85,47,129,https://www.youtube.com/watch?v=oPKrl3_Iztg,0,0,0,,0,0,0,0,
837cc45c90974caa9f07699c3899fa7b,1050,49978,44,29,554,https://www.youtube.com/watch?v=KUJhhzWlLgU,44,29,201,https://www.youtube.com/watch?v=CPotDmUMJX8,286,195,554,https://www.youtube.com/watch?v=KUJhhzWlLgU,614,71,50,252,https://www.twitch.tv/videos/2852284722
62b7ee328a7b42b0a1da0ab3bc22d1db,1050,180203,56,23,1547,https://www.youtube.com/watch?v=fSEm-38l9lk,56,22,181,https://www.youtube.com/watch?v=4AsctQ2034c,316,240,1547,https://www.youtube.com/watch?v=fSEm-38l9lk,1262,100,69,157,https://www.twitch.tv/videos/2846837495
b4de9155a5f34284a41224c38e70c67e,1050,55620,0,0,0,,0,0,0,,0,0,0,,43,0,0,0,
1145b6f48caf4756a889a437025c3db2,1040,37513,0,0,0,,0,0,0,,0,0,0,,0,0,0,0,
d6d4ed41815a4603a028d321d9d14a56,1040,11670,66,11,66,https://www.youtube.com/watch?v=hgmB7QvfcI4,66,11,66,https://www.youtube.com/watch?v=hgmB7QvfcI4,0,0,0,,10,0,0,0,
689dcd8a50ff4a3ead63d3f378c6e28f,1040,18041,218,175,1063,https://www.youtube.com/watch?v=GY0AiffLoMg,211,156,303,https://www.youtube.com/watch?v=O-ghD4hVYeQ,1063,659,1063,https://www.youtube.com/watch?v=GY0AiffLoMg,0,0,0,0,
0b183e5c128246c0ad5cd5491e8b8c83,1040,316854,217,67,2037,https://www.youtube.com/watch?v=-5GG-3oH238,100,52,360,https://www.youtube.com/watch?v=3TjYdhEeHXA,1046,648,2037,https://www.youtube.com/watch?v=-5GG-3oH238,0,0,0,0,
63d931b5a0374b3fbeef2c565a8db8df,1040,178710,2713,1662,2713,https://www.youtube.com/watch?v=-Jug9JrHdrw,0,0,0,,2713,1662,2713,https://www.youtube.com/watch?v=-Jug9JrHdrw,6484,804,168,1183,https://www.twitch.tv/videos/2832229864
02fc4a811f9b45b38e94ce75f36a8efa,1030,40050,104,60,5081,https://www.youtube.com/watch?v=xZeeMhws8N4,91,43,121,https://www.youtube.com/watch?v=dQVZyoNpqC0,345,83,5081,https://www.youtube.com/watch?v=xZeeMhws8N4,0,0,0,0,
5a1eb09579134895adfa9516611bd925,1030,32865,0,0,0,,0,0,0,,0,0,0,,715,0,0,0,
d23e5f9f3abf4b36b79c04f5265a8efc,1030,63354,68,42,4651,https://www.youtube.com/watch?v=9l4GIiH_2sw,65,42,117,https://www.youtube.com/watch?v=jXLqrg5UJhs,2359,1614,4651,https://www.youtube.com/watch?v=9l4GIiH_2sw,156,0,0,0,
872b7ddfc20f433f9575e2a762e83c06,1030,53686,107,58,155,https://www.youtube.com/watch?v=yFxZe6Mupf8,107,58,155,https://www.youtube.com/watch?v=yFxZe6Mupf8,0,0,0,,0,0,0,0,
00a208caab334f6daf286ebb92cfd9da,1030,18510,46,33,70,https://www.youtube.com/watch?v=oRqtmTtqTGY,46,33,70,https://www.youtube.com/watch?v=oRqtmTtqTGY,0,0,0,,419,53,42,56,https://www.twitch.tv/videos/2854165004
fb23227395a04a26abe441d1ac7978de,1030,106809,85,32,218,https://www.youtube.com/watch?v=hmXm1-J9QZQ,85,32,218,https://www.youtube.com/watch?v=hmXm1-J9QZQ,0,0,0,,416,105,88,204,https://www.twitch.tv/videos/2855915507
302b50b5cf4844d58868013404b1ec3f,1030,28674,78,27,152,https://www.youtube.com/watch?v=QuYRqtcrK6Y,78,27,152,https://www.youtube.com/watch?v=QuYRqtcrK6Y,0,0,0,,0,0,0,0,
218f418c23084e87a498d1c4fad724ae,1030,0,0,0,0,,0,0,0,,0,0,0,,0,0,0,0,
b5b0001ea8594cd68567ef344ca0bb2e,1030,173233,30,21,90,https://www.youtube.com/watch?v=p-t-YkfLtoA,30,21,90,https://www.youtube.com/watch?v=p-t-YkfLtoA,0,0,0,,0,0,0,0,
800b7770ac1d4e4eb62318639ff71b7a,1030,74301,1349,752,1349,https://www.youtube.com/watch?v=pDpqyfLbEsw,0,0,0,,1349,752,1349,https://www.youtube.com/watch?v=pDpqyfLbEsw,0,0,0,0,
0e9aeecbe8f04a62ab781cf2e520eba0,1020,39298,35,31,35,https://www.youtube.com/watch?v=afc4l7p2gZc,35,31,35,https://www.youtube.com/watch?v=afc4l7p2gZc,0,0,0,,7521,1134,482,1956,https://www.twitch.tv/videos/2844095186
3588ee10f67c4911b544e48223c57c7d,1020,22520,0,0,0,,0,0,0,,0,0,0,,0,0,0,0,
f5ef8ac02db547dd92da5e87717a8dca,1020,38498,162,89,433,https://www.youtube.com/watch?v=Q5Ml2poQWnY,144,81,315,https://www.youtube.com/watch?v=rOsYtBS3fEw,382,184,433,https://www.youtube.com/watch?v=Q5Ml2poQWnY,0,0,0,0,
e2049fd03bea4bf6bfee472e4674021c,1020,161119,90,45,1387,https://www.youtube.com/watch?v=_RtSlu4JCE4,79,34,120,https://www.youtube.com/watch?v=6qkrpxB_Jps,642,557,1387,https://www.youtube.com/watch?v=_RtSlu4JCE4,77,7,6,7,https://www.twitch.tv/videos/2853123629
4297ecbe09d04698a65f1778f5c16dc4,1020,58038,137,101,1316,https://www.youtube.com/watch?v=4eLHrFcV6Vk,90,32,179,https://www.youtube.com/watch?v=qhx-jxaQz4k,1120,865,1316,https://www.youtube.com/watch?v=4eLHrFcV6Vk,231,0,0,0,
7ca8ec94cb4640ccb27719cbfc8a8df0,1020,56568,0,0,0,,0,0,0,,0,0,0,,0,0,0,0,
647a4992105c4f18b92239156e0064fb,1020,26177,0,0,0,,0,0,0,,0,0,0,,144,0,0,0,
4aee4e4c619a4e2aa8bbc2edce38ccfa,1020,135287,85,50,1609,https://www.youtube.com/watch?v=c0ZVwvSClBA,84,48,144,https://www.youtube.com/watch?v=1q8Mptvd3GU,1024,327,1609,https://www.youtube.com/watch?v=c0ZVwvSClBA,0,0,0,0,
4ba98a2155ad4b4392d8c5d7a51f4964,1010,243092,450,223,1114,https://www.youtube.com/watch?v=CYtiU2_P-7I,450,223,1114,https://www.youtube.com/watch?v=CYtiU2_P-7I,0,0,0,,0,0,0,0,
c7344bac508b46f2a20c4bb6861f33ab,1010,14333,0,0,0,,0,0,0,,0,0,0,,0,0,0,0,
7df81b926eec4a998d5ffcd67b59ff5e,1010,32894,92,44,108,https://www.youtube.com/watch?v=qCPzALdq8hw,92,44,108,https://www.youtube.com/watch?v=qCPzALdq8hw,0,0,0,,0,0,0,0,
db52957b67e94991b36e41e4a20fb52a,1010,0,0,0,0,,0,0,0,,0,0,0,,52,0,0,0,
b1ba066a7bc44c93a4ca264f2144f5bd,1010,39736,36,21,58,https://www.youtube.com/watch?v=SQSKP1Ismyo,36,21,58,https://www.youtube.com/watch?v=SQSKP1Ismyo,0,0,0,,1114,51,35,67,https://www.twitch.tv/videos/2853082446
a0f657e0538e4269af88094fa1c3dacb,1010,26650,0,0,0,,0,0,0,,0,0,0,,0,0,0,0,
76f2fa6f1aa44f0a816a01a1b277430a,1000,38182,39,16,166,https://www.youtube.com/watch?v=3dAPhBLmGP0,35,15,142,https://www.youtube.com/watch?v=yne0IIZbrPk,166,43,166,https://www.youtube.com/watch?v=3dAPhBLmGP0,61,14,13,14,https://www.twitch.tv/videos/2855132833
45d38ce14fb644c0890823d444a33276,1000,2060,0,0,0,,0,0,0,,0,0,0,,0,0,0,0,
4de233ea7dfc4a7da1738ab627babd48,1000,51788,96,32,169,https://www.youtube.com/watch?v=GvDjMgHvQR4,96,32,169,https://www.youtube.com/watch?v=GvDjMgHvQR4,0,0,0,,0,0,0,0,
515abc7c33164a98be134d1c7fec84e2,1000,27893,0,0,0,,0,0,0,,0,0,0,,239,0,0,0,
fc7fa0c5a7604cc8a420ee89472fcac3,1000,33998,211,128,2567,https://www.youtube.com/watch?v=_UasTElhYMU,200,107,1011,https://www.youtube.com/watch?v=2PYHhoYk3Vg,1578,637,2567,https://www.youtube.com/watch?v=_UasTElhYMU,1306,0,0,0,
48e18dcee4e640c6b5ede6a8bdc84ade,1000,21272,0,0,0,,0,0,0,,0,0,0,,0,0,0,0,
e46d27918a77488ca5b4144eb1b978df,998,61119,0,0,0,,0,0,0,,0,0,0,,0,0,0,0,
7a0eb6cbe5a94663888ef35a63ab3b5a,994,26836,0,0,0,,0,0,0,,0,0,0,,1451,346,279,375,https://www.twitch.tv/videos/2854061087
c060912477dd414ea79d74adddfb4661,994,65673,15,10,23,https://www.youtube.com/watch?v=udM1pQ9FSU4,0,0,0,,15,10,23,https://www.youtube.com/watch?v=udM1pQ9FSU4,0,0,0,0,
78d441a2d6584d078a6ce202238d36b9,993,26460,0,0,0,,0,0,0,,0,0,0,,0,0,0,0,
5d29544fdded43d1937166548487394a,992,5715,185,77,185,https://www.youtube.com/watch?v=FthFN0IWTns,0,0,0,,185,77,185,https://www.youtube.com/watch?v=FthFN0IWTns,1838,153,130,638,https://www.twitch.tv/videos/2849121762
7003e3e3a24244ffb5ebfbbdc20c97f8,991,27414,148,32,217,https://www.youtube.com/watch?v=sRyGc7A1yCQ,148,32,217,https://www.youtube.com/watch?v=sRyGc7A1yCQ,0,0,0,,0,0,0,0,
6c3a22611ac24eb19cec3bd7c78a8705,987,256782,123,60,282,https://www.youtube.com/watch?v=ihijMTC8QMU,123,60,282,https://www.youtube.com/watch?v=ihijMTC8QMU,0,0,0,,0,0,0,0,
9b2edcfdc76748f59576b77524402804,987,60589,0,0,0,,0,0,0,,0,0,0,,0,0,0,0,
838f883ea01f431f97bfe9dbf3064422,986,37195,0,0,0,,0,0,0,,0,0,0,,106,0,0,0,
bb56715066e548c297232372a16ab083,985,121355,215,77,1153,https://www.youtube.com/watch?v=dlE5u_4evdg,0,0,0,,215,77,1153,https://www.youtube.com/watch?v=dlE5u_4evdg,2040,0,0,0,
32ce3b3861fe4b5a98d5adc9a704bbf1,982,54196,153,121,153,https://www.youtube.com/watch?v=ZXto5DQx74M,153,121,153,https://www.youtube.com/watch?v=ZXto5DQx74M,0,0,0,,137,0,0,0,
021e4f709f1a4c56b8cd200c476db3e7,978,22347,0,0,0,,0,0,0,,0,0,0,,0,0,0,0,
ad26bb0363ef42c7988f79ef9b07dfcc,976,55448,0,0,0,,0,0,0,,0,0,0,,0,0,0,0,
bf195265fa5944d894dc53baf7143645,975,39448,0,0,0,,0,0,0,,0,0,0,,0,0,0,0,
ab2e7fbd11784f96aa9cf599786f8bf1,973,76761,0,0,0,,0,0,0,,0,0,0,,0,0,0,0,
a00240316f524d218d889d00a8b42721,972,97067,81,16,93,https://www.youtube.com/watch?v=RrzwBj4Ar2Y,81,16,93,https://www.youtube.com/watch?v=RrzwBj4Ar2Y,0,0,0,,0,0,0,0,
107ad23090e649b8935850f3d78ded99,972,44914,272,82,638,https://www.youtube.com/watch?v=xLGhbtcO0dU,196,68,342,https://www.youtube.com/watch?v=TFG-VKK_Yzs,526,162,638,https://www.youtube.com/watch?v=xLGhbtcO0dU,139,0,0,0,
d709ac4a052b401abfeb8bc5c600e937,969,41803,86,42,662,https://www.youtube.com/watch?v=JtxY2GRVPB8,86,40,317,https://www.youtube.com/watch?v=OpK4Ghb0LMY,495,382,662,https://www.youtube.com/watch?v=JtxY2GRVPB8,807,0,0,0,
3922688ae4b64592b8301430e19fd2ca,967,103426,170,83,1875,https://www.youtube.com/watch?v=imqhePWCutY,194,134,245,https://www.youtube.com/watch?v=DxC2tYa5KAQ,150,72,1875,https://www.youtube.com/watch?v=imqhePWCutY,390,170,110,222,https://www.twitch.tv/videos/2849434155
becdcbab308f4fa18540982596eebbd5,964,9749,0,0,0,,0,0,0,,0,0,0,,7923,683,270,1678,https://www.twitch.tv/videos/2840308481
9959d43cae9b49dbbcd666f742322b4a,960,36749,73,26,230,https://www.youtube.com/watch?v=KHhE0uceUGc,72,25,198,https://www.youtube.com/watch?v=gnMe-ddxfw0,230,35,230,https://www.youtube.com/watch?v=KHhE0uceUGc,641,24,17,47,https://www.twitch.tv/videos/2844889737
7a160bd129144664804dd3fc08fceeb1,959,22030,0,0,0,,0,0,0,,0,0,0,,8383,1199,649,3541,https://www.twitch.tv/videos/2831588065
54e70d7cc2fb4c6da0d833519331c770,956,129550,831,663,1529,https://www.youtube.com/watch?v=aasp7ghKETQ,0,0,0,,831,663,1529,https://www.youtube.com/watch?v=aasp7ghKETQ,2736,307,206,483,https://www.twitch.tv/videos/2845881843
fdb0805c65e24f13b7f23e50e0db8ae2,956,171458,1838,1627,134143,https://www.youtube.com/watch?v=sHjiIjdbZLM,0,0,0,,1838,1627,134143,https://www.youtube.com/watch?v=sHjiIjdbZLM,9025,896,676,1391,https://www.twitch.tv/videos/2852255059
d1d879cfccf7411296dcc765ca40e39c,953,143285,1380,900,4189,https://www.youtube.com/watch?v=P4TVZdA33-4,0,0,0,,1380,900,4189,https://www.youtube.com/watch?v=P4TVZdA33-4,1568,93,76,407,https://www.twitch.tv/videos/2845786070
06a61409f4334b0eb8a5f647b819c78b,953,73637,32,10,374,https://www.youtube.com/watch?v=JOQqSwEU3x8,40,13,92,https://www.youtube.com/watch?v=ksJLwFifcj4,13,5,374,https://www.youtube.com/watch?v=JOQqSwEU3x8,0,0,0,0,
a5647aba47dc4bb48eaa0cde6de7c6bd,953,41196,0,0,0,,0,0,0,,0,0,0,,0,0,0,0,
acc708b79f1c4e388466b407387e7cb5,950,138557,49,21,64,https://www.youtube.com/watch?v=5OSWtA6EbPI,49,21,64,https://www.youtube.com/watch?v=5OSWtA6EbPI,0,0,0,,0,0,0,0,
b5ff000d6dd74683b17965294f1c4bf7,949,31704,0,0,0,,0,0,0,,0,0,0,,768,0,0,0,
7717bc233e7a4670926195acf69709d4,949,45913,0,0,0,,0,0,0,,0,0,0,,1479,0,0,0,
027dc46502ee4350ba597000191659ae,948,40854,251,91,3329,https://www.youtube.com/watch?v=kT4Ei9KJTuI,168,43,558,https://www.youtube.com/watch?v=vvIklURMy44,914,328,3329,https://www.youtube.com/watch?v=kT4Ei9KJTuI,72,0,0,0,
8a5468bc4c7d44989e5ee4864a9b941a,948,87190,83,35,96,https://www.youtube.com/watch?v=_Vria3gTSXM,83,35,96,https://www.youtube.com/watch?v=_Vria3gTSXM,0,0,0,,0,0,0,0,
7ca610bac41843a28abba9e947aa9ded,946,52810,0,0,0,,0,0,0,,0,0,0,,3096,338,294,582,https://www.twitch.tv/videos/2846051459
453cbd84364b42d8ac11cef8d3d63bd1,946,26808,78,63,980,https://www.youtube.com/watch?v=SE0rbN29Mjw,61,2,61,https://www.youtube.com/watch?v=TjoQdKzUpbs,96,74,980,https://www.youtube.com/watch?v=SE0rbN29Mjw,0,0,0,0,
ef0319d27b10495795a5b994bc2249d5,945,102252,128,82,1281,https://www.youtube.com/watch?v=2w-dLiCoLXw,126,72,939,https://www.youtube.com/watch?v=4a1cco5UAz8,464,284,1281,https://www.youtube.com/watch?v=2w-dLiCoLXw,0,0,0,0,
b2e19555d1f441a8a0e3f53b6507863e,945,51975,61,17,103,https://www.youtube.com/watch?v=MnGpaiQMoFg,61,17,103,https://www.youtube.com/watch?v=MnGpaiQMoFg,0,0,0,,112,0,0,0,
995bff308e7f4df3aa33305fc0ddde8e,944,39781,0,0,0,,0,0,0,,0,0,0,,0,0,0,0,
c747687c19704747b4cae2d4d5715aa0,944,44829,1715,944,1768,https://www.youtube.com/watch?v=QZZ9fCZ6M8c,0,0,0,,1715,944,1768,https://www.youtube.com/watch?v=QZZ9fCZ6M8c,4258,288,227,345,https://www.twitch.tv/videos/2848701332
23af2b94549e42c282ec0d6eecf01102,941,34847,117,13,117,https://www.youtube.com/watch?v=LNYN7qpb4CQ,0,0,0,,117,13,117,https://www.youtube.com/watch?v=LNYN7qpb4CQ,2515,184,104,241,https://www.twitch.tv/videos/2854214387
80b6efc8007f4f6d84ce2f93862ae319,940,119505,105,47,526,https://www.youtube.com/watch?v=NKfcdNdNPWE,105,47,526,https://www.youtube.com/watch?v=NKfcdNdNPWE,0,0,0,,0,0,0,0,
08268c9de16e423381e351aeef8f7ffb,938,30525,120,67,159,https://www.youtube.com/watch?v=WTyJzmCQ_dc,120,67,159,https://www.youtube.com/watch?v=WTyJzmCQ_dc,0,0,0,,0,0,0,0,
64dc8c2de5de4c43906e515ec03f79c6,938,180637,0,0,0,,0,0,0,,0,0,0,,0,0,0,0,
179eb3fd3fb34ffe93859dd945b1b3a6,938,4441,0,0,0,,0,0,0,,0,0,0,,0,0,0,0,
1ee3a662da8a439887a931727cb07317,935,100995,0,0,0,,0,0,0,,0,0,0,,0,0,0,0,
ecbe9a46c7ec4f3d8fe217012c39d490,934,407444,0,0,0,,0,0,0,,0,0,0,,0,0,0,0,
e3021481a8d247a5a9a5bf0a29399673,932,144228,70,67,70,https://www.youtube.com/watch?v=1LxVmqmnTbI,70,67,70,https://www.youtube.com/watch?v=1LxVmqmnTbI,0,0,0,,0,0,0,0,
db67d9cacbcf4797ba2d41a6d115e2ff,930,50591,80,40,80,https://www.youtube.com/watch?v=Z90qENanu-s,80,40,80,https://www.youtube.com/watch?v=Z90qENanu-s,0,0,0,,0,0,0,0,
5f8e197a06bc453e8d9e0a1c6cb92f1c,929,74733,376,289,2120,https://www.youtube.com/watch?v=om6DzZYmACs,0,0,0,,376,289,2120,https://www.youtube.com/watch?v=om6DzZYmACs,1671,125,88,193,https://www.twitch.tv/videos/2851385210
7aeffe1ba0c443d5aa4721247b801593,927,125548,0,0,0,,0,0,0,,0,0,0,,0,0,0,0,
d26893447610406da66ee14abfbd5868,926,30024,212,27,334,https://www.youtube.com/watch?v=1vAJ9NwVh3E,212,27,334,https://www.youtube.com/watch?v=1vAJ9NwVh3E,0,0,0,,0,0,0,0,
d8b0b4e36c614d328620461a295572a1,923,53300,54,37,140,https://www.youtube.com/watch?v=f8Q068BL0f8,54,37,140,https://www.youtube.com/watch?v=f8Q068BL0f8,0,0,0,,147,0,0,0,
44332b31031149f5bd411f415cbb531e,923,26179,0,0,0,,0,0,0,,0,0,0,,217,0,0,0,
899e5f40cf7f49a8808969866758779e,920,49270,94,28,1029,https://www.youtube.com/watch?v=5FBvr0NZS8g,91,22,207,https://www.youtube.com/watch?v=wfObnsjRkds,1029,288,1029,https://www.youtube.com/watch?v=5FBvr0NZS8g,268,134,100,134,https://www.twitch.tv/videos/2850320862
7f43dbf571c44e04a7a471b9e7296a8a,919,38757,0,0,0,,0,0,0,,0,0,0,,0,0,0,0,
0a67a8d822094ca3a59963f0fac8798a,914,37770,109,77,176,https://www.youtube.com/watch?v=1znwwt0WwWk,125,83,176,https://www.youtube.com/watch?v=1znwwt0WwWk,102,39,102,https://www.youtube.com/watch?v=ES-QJj-nJ68,0,0,0,0,
743ceb55869042b9bee1f48fe0be13fb,914,33518,0,0,0,,0,0,0,,0,0,0,,1500,0,0,0,
b93b5ffedc3f4310af888462d65e4082,912,46708,0,0,0,,0,0,0,,0,0,0,,207,0,0,0,
a2ee4a74f9ca40f5b6218de51736b9c8,912,53681,40,20,70,https://www.youtube.com/watch?v=Q9Hyn4-_QJo,40,20,70,https://www.youtube.com/watch?v=Q9Hyn4-_QJo,0,0,0,,0,0,0,0,
dc0868efeac540bfac9b383bd65a82e6,911,27273,116,66,1107,https://www.youtube.com/watch?v=IWJ5n4Km_xw,116,66,1107,https://www.youtube.com/watch?v=IWJ5n4Km_xw,0,0,0,,0,0,0,0,
15711ba2b93a46c295901d775aaf314e,907,3851,0,0,0,,0,0,0,,0,0,0,,0,0,0,0,
7c88a51800fd4984ad24ba803d3760dd,907,15644,0,0,0,,0,0,0,,0,0,0,,0,0,0,0,
b9b727200b664a98bc1a8fd76d3cdb9c,905,22958,0,0,0,,0,0,0,,0,0,0,,0,0,0,0,
58374cba861d4267a84ad689bb6ce91a,904,41109,45,27,51,https://www.youtube.com/watch?v=1JMd_g7nbwo,48,41,51,https://www.youtube.com/watch?v=1JMd_g7nbwo,13,2,13,https://www.youtube.com/watch?v=px4K7YblIcs,0,0,0,0,
5c5880d994854afbbea0a35716bce186,904,31528,25,13,27,https://www.youtube.com/watch?v=aWLe7sctNUY,25,13,27,https://www.youtube.com/watch?v=aWLe7sctNUY,0,0,0,,2012,0,0,0,
4dcc1a1d70224d95b48a64543a38e10d,904,75981,95,37,116,https://www.youtube.com/watch?v=5-XLgJA0-tc,95,37,116,https://www.youtube.com/watch?v=5-XLgJA0-tc,0,0,0,,95,99,42,109,https://www.twitch.tv/videos/2839633214
8e2559d9a7714ecd9cb0448b4d28f8d2,902,26204,0,0,0,,0,0,0,,0,0,0,,4972,145,82,263,https://www.twitch.tv/videos/2854077811
34973abcef4e41b29add2b476ce0a7fb,897,6248,0,0,0,,0,0,0,,0,0,0,,18,0,0,0,
9fb9fe13bf124da3a1affb24c5bba5e2,897,29926,0,0,0,,0,0,0,,0,0,0,,0,0,0,0,
d3ac18bfe0984394a6fe19319a36b412,897,66210,235,70,1487,https://www.youtube.com/watch?v=h3btp2UpRmY,100,47,126,https://www.youtube.com/watch?v=2P1JPnt8Rbw,1190,457,1487,https://www.youtube.com/watch?v=h3btp2UpRmY,0,0,0,0,
dc9cd2bc942d427d8cc73370d1194f9e,896,99472,151,94,1703,https://www.youtube.com/watch?v=IWO7_FTjG2g,123,79,379,https://www.youtube.com/watch?v=8lVpgum2rb0,967,398,1703,https://www.youtube.com/watch?v=IWO7_FTjG2g,0,0,0,0,
07f20f05bef0432e8644e1bee798ef46,896,51273,196,119,1625,https://www.youtube.com/watch?v=97t_WROVQdU,167,72,402,https://www.youtube.com/watch?v=WlRL5ONTO5o,1524,788,1625,https://www.youtube.com/watch?v=97t_WROVQdU,0,0,0,0,
899208f999aa4121ae2b67abb3190674,894,19588,1234,671,1324,https://www.youtube.com/watch?v=i329eAeVhng,0,0,0,,1234,671,1324,https://www.youtube.com/watch?v=i329eAeVhng,4516,1458,960,2808,https://www.twitch.tv/videos/2845599947
607a7be9721741c48e2901609c294ada,894,0,0,0,0,,0,0,0,,0,0,0,,1499,0,0,0,
6c3eeb48b7764f11804ff8110d5d990b,892,99113,61,40,71,https://www.youtube.com/watch?v=DVlpt-jR4Ig,0,0,0,,61,40,71,https://www.youtube.com/watch?v=DVlpt-jR4Ig,0,0,0,0,
8c0ff863d66348898311ee83d16257b5,891,29474,22,10,32,https://www.youtube.com/watch?v=FVEnGq3YdpY,22,10,32,https://www.youtube.com/watch?v=FVEnGq3YdpY,0,0,0,,207,45,28,51,https://www.twitch.tv/videos/2846932442
f461b26ba47b4e37a90d2ca4fa5fa329,887,26011,0,0,0,,0,0,0,,0,0,0,,0,0,0,0,
f9f38aebd04f4a219e165e0c6e1fb347,883,15035,0,0,0,,0,0,0,,0,0,0,,0,0,0,0,
f1020d6d2f904704a363cf21806327a1,882,18155,0,0,0,,0,0,0,,0,0,0,,198,0,0,0,
9ed7a28dd35e4e1c9400af811f6a284c,879,17100,0,0,0,,0,0,0,,0,0,0,,838,0,0,0,
521477be11a44c43b063b394757b2342,877,56842,37,18,114,https://www.youtube.com/watch?v=FqD_aop-U3A,37,18,114,https://www.youtube.com/watch?v=FqD_aop-U3A,0,0,0,,0,0,0,0,
490d50310ffe4de4aac9c6368b49a0aa,877,36985,21,4,35,https://www.youtube.com/watch?v=LbbWAalouZs,0,0,0,,21,4,35,https://www.youtube.com/watch?v=LbbWAalouZs,0,0,0,0,
d2c5b1c430fa45c8b9be0b8be65d8a6b,875,10789,150,112,841,https://www.youtube.com/watch?v=UCtjMd6AKy8,150,112,193,https://www.youtube.com/watch?v=EvW0-WNKpZQ,243,148,841,https://www.youtube.com/watch?v=UCtjMd6AKy8,379,0,0,0,
f5260b1a196a43f8b4aff1cc742a67f4,874,53630,52,12,179,https://www.youtube.com/watch?v=gowOniHI8Fs,66,21,179,https://www.youtube.com/watch?v=gowOniHI8Fs,14,9,16,https://www.youtube.com/watch?v=svX3nav2030,203,41,36,74,https://www.twitch.tv/videos/2846738494
45e104a6eabe4967a6cb84e720dd8e74,870,42430,2,0,3,https://www.youtube.com/watch?v=ThMpVL2h0Ds,0,0,0,,2,0,3,https://www.youtube.com/watch?v=ThMpVL2h0Ds,1891,135,53,224,https://www.twitch.tv/videos/2851401318
fcf611e0ddc5474b9836eb8aa2fe1d24,867,79655,85,43,186,https://www.youtube.com/watch?v=Jdfa9k9Id_8,87,46,186,https://www.youtube.com/watch?v=Jdfa9k9Id_8,5,3,6,https://www.youtube.com/watch?v=OzFUNJOJmrg,0,0,0,0,
f9247dd02dd24e209eba623edcd8354b,865,57059,0,0,0,,0,0,0,,0,0,0,,519,0,0,0,
e099cf09b8674b988f17828aab2f7d86,865,23300,238,76,238,https://www.youtube.com/watch?v=U9pH_FOpDUA,0,0,0,,238,76,238,https://www.youtube.com/watch?v=U9pH_FOpDUA,714,271,213,271,https://www.twitch.tv/videos/2850483916
61c75f9fbf044b54872197eec7c9bafa,865,288367,85,68,865,https://www.youtube.com/watch?v=wmKst0uK8yc,57,15,85,https://www.youtube.com/watch?v=R3ZP_1nyd6w,550,158,865,https://www.youtube.com/watch?v=wmKst0uK8yc,0,0,0,0,
a26891359b444900956f04bc1b8f5faa,865,28645,0,0,0,,0,0,0,,0,0,0,,298,0,0,0,
b3fb28fe6a0e4fcfb8014e7a4070ca09,865,56727,27,7,49,https://www.youtube.com/watch?v=zVs_rErirfM,27,7,49,https://www.youtube.com/watch?v=zVs_rErirfM,0,0,0,,0,0,0,0,
29d8d144d6a24ff28476d25306286836,863,145984,0,0,0,,0,0,0,,0,0,0,,2023,1712,235,2143,https://www.twitch.tv/videos/2829928570
819cc1636ec94c0ab290b4513c6d629d,862,38752,0,0,0,,0,0,0,,0,0,0,,4699,0,0,0,
8774553046cb47a9b5165c15feb01e84,862,33968,60,18,118,https://www.youtube.com/watch?v=oj8rFGt8Cn0,60,18,118,https://www.youtube.com/watch?v=oj8rFGt8Cn0,0,0,0,,825,212,207,212,https://www.twitch.tv/videos/2855855715
f702d43aeff84979ad97438d0b1d8bcc,861,9893,0,0,0,,0,0,0,,0,0,0,,438,0,0,0,
14148e0fda054494b7cd2f9f38bb765a,861,53869,979,488,1851,https://www.youtube.com/watch?v=QpkeqWNTXlg,0,0,0,,979,488,1851,https://www.youtube.com/watch?v=QpkeqWNTXlg,513,459,270,864,https://www.twitch.tv/videos/2854191419
d12c381ce5044844ad4bd624085026bc,860,136278,104,49,206,https://www.youtube.com/watch?v=1Hq9Bu36DB0,104,49,206,https://www.youtube.com/watch?v=1Hq9Bu36DB0,0,0,0,,415,0,0,0,
6ef3b507ab8e41d499c59d8cf8b65202,858,0,0,0,0,,0,0,0,,0,0,0,,0,0,0,0,
ab24c13e4bff4ff8909a7650260f8b19,858,41661,90,37,695,https://www.youtube.com/watch?v=OCQkna9h0k0,90,37,203,https://www.youtube.com/watch?v=RgNYrre9amM,364,214,695,https://www.youtube.com/watch?v=OCQkna9h0k0,0,0,0,0,
7b3809e085754d52aee99d1fcc980eaf,857,40297,65,61,65,https://www.youtube.com/watch?v=GUFRIJC_YR4,65,61,65,https://www.youtube.com/watch?v=GUFRIJC_YR4,0,0,0,,0,0,0,0,
a1c3335026d44b99b9abb8c6aaba3968,856,20800,0,0,0,,0,0,0,,0,0,0,,629,0,0,0,
415ca337b1104450acbed1eb046c0a58,856,88495,17,7,17,https://www.youtube.com/watch?v=EXMkHkmQFPs,17,7,17,https://www.youtube.com/watch?v=EXMkHkmQFPs,0,0,0,,270,0,0,0,
5862e8e7c5fd4261af093cec20b40300,853,39355,156,110,156,https://www.youtube.com/watch?v=YFq427xEIlc,156,110,156,https://www.youtube.com/watch?v=YFq427xEIlc,0,0,0,,0,0,0,0,
f7c5ff874d1d4528a36c0a54d27017a3,852,66905,146,65,369,https://www.youtube.com/watch?v=bR8dKK60PNY,146,65,369,https://www.youtube.com/watch?v=bR8dKK60PNY,0,0,0,,0,0,0,0,
405cf0a502a6496bacfe7e49647e7e28,852,44075,44,19,171,https://www.youtube.com/watch?v=zwf_smSEOq8,45,20,71,https://www.youtube.com/watch?v=rL16prxtjp0,36,17,171,https://www.youtube.com/watch?v=zwf_smSEOq8,2355,379,222,628,https://www.twitch.tv/videos/2853506322
c22cb6790eaf4fcc8ac47633e0ab6c49,850,36289,91,66,1251,https://www.youtube.com/watch?v=vs3RzdwboWE,73,35,103,https://www.youtube.com/watch?v=gP4LjXWFr10,878,397,1251,https://www.youtube.com/watch?v=vs3RzdwboWE,343,64,54,144,https://www.twitch.tv/videos/2853121200
9cfe61128e134f8dad9bb6ebf568cd71,849,20363,2,1,10,https://www.youtube.com/watch?v=VUgJiHKV-3Y,0,0,0,,2,1,10,https://www.youtube.com/watch?v=VUgJiHKV-3Y,1284,124,92,138,https://www.twitch.tv/videos/2855875544
3f3abaed158f420e84f9d1d5f4492b1d,848,64924,25,14,128,https://www.youtube.com/watch?v=tJm-AVkXLf0,25,14,128,https://www.youtube.com/watch?v=tJm-AVkXLf0,0,0,0,,676,57,40,75,https://www.twitch.tv/videos/2847757417
370f66a57c0341b0adef5bcbad64ff90,846,47415,4,0,21,https://www.youtube.com/watch?v=POqk06HKamI,0,0,0,,4,0,21,https://www.youtube.com/watch?v=POqk06HKamI,0,0,0,0,
27b10e5896e34e8d841f1605792b96c9,845,39671,0,0,0,,0,0,0,,0,0,0,,451,0,0,0,
aef2ed42d49343f28394b6335695b5ac,845,431437,1,0,5,https://www.youtube.com/watch?v=y79PbbeDHGU,0,0,0,,1,0,5,https://www.youtube.com/watch?v=y79PbbeDHGU,3060,162,146,350,https://www.twitch.tv/videos/2847307856
e80414fcc37b4d818ccf9dddb23cb452,844,17333,0,0,0,,0,0,0,,0,0,0,,4293,823,376,1373,https://www.twitch.tv/videos/2841351814
f36c774fbf4847e1afdf66a1e4806ea3,844,20643,0,0,0,,0,0,0,,0,0,0,,2580,583,396,735,https://www.twitch.tv/videos/2855762162
f5a37da60cb74069a7dc13867404521f,844,67541,1179,654,1237,https://www.youtube.com/watch?v=w-SnofRsxbg,0,0,0,,1179,654,1237,https://www.youtube.com/watch?v=w-SnofRsxbg,0,0,0,0,
728094029eab434ca60a99e4d1a139c7,840,125761,130,63,226,https://www.youtube.com/watch?v=np1jUC1dACs,130,63,226,https://www.youtube.com/watch?v=np1jUC1dACs,0,0,0,,5,0,0,0,
4f20e15637644c409c850ced48bb33dd,838,43304,139,54,1076,https://www.youtube.com/watch?v=MimVSgSTDyU,137,49,395,https://www.youtube.com/watch?v=wxMH8rto-Fg,680,631,1076,https://www.youtube.com/watch?v=MimVSgSTDyU,0,0,0,0,
6c5d547cdebf4daf813ac8b66c9fb873,838,35617,163,30,204,https://www.youtube.com/watch?v=4yJsSXXHLf8,0,0,0,,163,30,204,https://www.youtube.com/watch?v=4yJsSXXHLf8,0,0,0,0,
7a0c5fe0fe2f4427afe500c85ec958cb,837,46571,252,19,252,https://www.youtube.com/watch?v=gpJp50uQibA,0,0,0,,252,19,252,https://www.youtube.com/watch?v=gpJp50uQibA,0,0,0,0,
a753be70dd194989835b604e4b249363,836,31178,0,0,0,,0,0,0,,0,0,0,,653,0,0,0,
3e4c23394dde46f58f89cba536b208d5,835,24196,62,26,110,https://www.youtube.com/watch?v=zB815e2c1OI,62,26,110,https://www.youtube.com/watch?v=zB815e2c1OI,0,0,0,,0,0,0,0,
399a496d028447a58924b2660d0fc187,835,201,0,0,0,,0,0,0,,0,0,0,,0,0,0,0,
23dda65e497d4888b87db304533b8138,833,14098,0,0,0,,0,0,0,,0,0,0,,5482,714,280,1779,https://www.twitch.tv/videos/2854772419
29e2c3ae8e4d48f29fb3b89c463abb1c,831,75967,1363,386,2109,https://www.youtube.com/watch?v=isaaSaSteG4,0,0,0,,1363,386,2109,https://www.youtube.com/watch?v=isaaSaSteG4,2891,292,139,526,https://www.twitch.tv/videos/2833528802
66ab3e28c90a428bb98100cd9119a4e9,831,33872,126,45,179,https://www.youtube.com/watch?v=7zzSxxzxBes,126,45,179,https://www.youtube.com/watch?v=7zzSxxzxBes,0,0,0,,0,0,0,0,
9124a5ccacc44fb68b5b1d5697e3fb90,830,22475,69,29,109,https://www.youtube.com/watch?v=gOkuifR9y6E,69,29,109,https://www.youtube.com/watch?v=gOkuifR9y6E,0,0,0,,0,0,0,0,
87e1b5eec62040118b6bd49efbe5d61c,827,71826,92,53,562,https://www.youtube.com/watch?v=3N8UHhhKga0,77,39,155,https://www.youtube.com/watch?v=XWhiT2_ARws,360,85,562,https://www.youtube.com/watch?v=3N8UHhhKga0,444,138,115,147,https://www.twitch.tv/videos/2848697092
3a30426a65fe450bbef138fd8ba35f1e,827,69755,159,80,438,https://www.youtube.com/watch?v=z5ziDLhs9jg,159,80,438,https://www.youtube.com/watch?v=z5ziDLhs9jg,0,0,0,,0,0,0,0,
77f4700c452c4200a4e62effa2884b4a,826,33380,0,0,0,,0,0,0,,0,0,0,,707,0,0,0,
d44dc8542b4f4dacab8f54b7e3483728,824,41272,64,27,169,https://www.youtube.com/watch?v=npVXLxq_2iM,64,27,169,https://www.youtube.com/watch?v=npVXLxq_2iM,0,0,0,,0,0,0,0,
6d144d78d2284fbcafa2428a5d132733,820,26984,0,0,0,,0,0,0,,0,0,0,,706,0,0,0,
0294dc5e3fb14312b472bb05af5ad329,820,21963,0,0,0,,0,0,0,,0,0,0,,0,0,0,0,
f1dff6bebe3a4fa7a4b9c05f91bdc42b,818,680,0,0,0,,0,0,0,,0,0,0,,0,0,0,0,
2a2b7990365f4a1bb1d8acf1ae0f2f32,818,306621,29,15,188,https://www.youtube.com/watch?v=pzptKlvGH1k,30,14,188,https://www.youtube.com/watch?v=pzptKlvGH1k,29,25,29,https://www.youtube.com/watch?v=TCpUJPCV2Yo,150,6,5,9,https://www.twitch.tv/videos/2850523395
0aa8c41f04bf4f12b9a8281353ea448a,815,35924,0,0,0,,0,0,0,,0,0,0,,4755,0,0,0,
cf38ee666e104dce949c195f5ac58da2,814,325468,61,25,1400,https://www.youtube.com/watch?v=DhjBFjtAYGM,59,23,217,https://www.youtube.com/watch?v=RkiuQ8ruZkI,1400,79,1400,https://www.youtube.com/watch?v=DhjBFjtAYGM,0,0,0,0,
23354f18e2a94c9187fd0560fd874eeb,813,28077,115,13,115,https://www.youtube.com/watch?v=q90qCBX84B0,0,0,0,,115,13,115,https://www.youtube.com/watch?v=q90qCBX84B0,1680,170,125,593,https://www.twitch.tv/videos/2851077899
686fa700c1ee4d179ed277d5b101f8a4,813,27834,0,0,0,,0,0,0,,0,0,0,,0,0,0,0,
a0dbf7095446402ea77b11d8cced5a4b,813,47990,0,0,0,,0,0,0,,0,0,0,,0,0,0,0,
3353f8693d7b4caa82abeb2de3d89815,812,29403,47,23,1464,https://www.youtube.com/watch?v=jW4ZMKvmNpc,43,22,113,https://www.youtube.com/watch?v=gNAvI_c0TQc,1395,189,1464,https://www.youtube.com/watch?v=jW4ZMKvmNpc,2228,259,121,692,https://www.twitch.tv/videos/2835170875
c639c0dba4504221bfec50cf787f395d,810,27469,0,0,0,,0,0,0,,0,0,0,,1164,94,60,137,https://www.twitch.tv/videos/2835245258
5f6dcf3b9b71405498aa07a2b80cb5ec,808,139797,13,7,19,https://www.youtube.com/watch?v=sJE63oDSwfc,0,0,0,,13,7,19,https://www.youtube.com/watch?v=sJE63oDSwfc,1311,167,128,231,https://www.twitch.tv/videos/2852414547
689bcf2176f84f86a4fb53800f25ea7a,808,1521,0,0,0,,0,0,0,,0,0,0,,0,0,0,0,
0a55a882e4ae4a1e9c1e77ea001aa91b,807,104469,0,0,0,,0,0,0,,0,0,0,,1493,0,0,0,
80ae039e7c3e4e90b6b3994ead599307,799,57930,0,0,0,,0,0,0,,0,0,0,,0,0,0,0,
30bc516401f24514aaecce081979ab50,799,14558,0,0,0,,0,0,0,,0,0,0,,0,0,0,0,
5896bb30994d4416ad7e252642135194,799,68993,114,62,141,https://www.youtube.com/watch?v=JyaVjciIUGU,124,88,141,https://www.youtube.com/watch?v=JyaVjciIUGU,101,34,119,https://www.youtube.com/watch?v=OnOpPl4DD1c,0,0,0,0,
4bc6acb333e44156a9caab3234fa11f5,797,48914,135,68,461,https://www.youtube.com/watch?v=1vwJ1DRq6N0,127,60,420,https://www.youtube.com/watch?v=SsHl8DrIZ-s,378,227,461,https://www.youtube.com/watch?v=1vwJ1DRq6N0,0,0,0,0,
13a3d049cda44b9e8da24006e642dd78,797,24926,0,0,0,,0,0,0,,0,0,0,,2762,0,0,0,
034c0cb04f884faa8f2b6a02ff090ad1,796,0,0,0,0,,0,0,0,,0,0,0,,0,0,0,0,
29a3d514ca274f6fb966f9d70bed4b52,796,77786,0,0,0,,0,0,0,,0,0,0,,839,157,136,322,https://www.twitch.tv/videos/2854016491
c2b2f9bf0228445289b8791110b340ec,795,366171,0,0,0,,0,0,0,,0,0,0,,97,0,0,0,
5cdecbd7413e4c9e9cb56373a186ccec,792,19657,34,13,54,https://www.youtube.com/watch?v=Z3rfkIBXs2o,34,13,54,https://www.youtube.com/watch?v=Z3rfkIBXs2o,0,0,0,,459,42,28,50,https://www.twitch.tv/videos/2845909532
2971554445614cfaaccddd9cde93c599,791,25524,0,0,0,,0,0,0,,0,0,0,,1167,166,88,662,https://www.twitch.tv/videos/2849898411
e888326df83d41f680960f24bb55c670,790,16273,0,0,0,,0,0,0,,0,0,0,,0,0,0,0,
ff063abda8d24869b8d34267e673958f,789,0,0,0,0,,0,0,0,,0,0,0,,0,0,0,0,
1594067d444e4a53abb95bc1aa40e6db,788,26102,0,0,0,,0,0,0,,0,0,0,,499,27,16,34,https://www.twitch.tv/videos/2853252083
40bb881e52be4d8b9c66a60be89e0504,788,53620,67,37,119,https://www.youtube.com/watch?v=NWBrB6YPZWw,59,29,119,https://www.youtube.com/watch?v=NWBrB6YPZWw,110,64,110,https://www.youtube.com/watch?v=lgmpDXJvWUk,0,0,0,0,
3034b51ec8ad439fa7033773a72a5c4a,788,0,0,0,0,,0,0,0,,0,0,0,,3271,0,0,0,
c3e1a96f96334696af38e93fa8178085,785,46664,2,0,4,https://www.youtube.com/watch?v=T2iGNUAScLg,0,0,0,,2,0,4,https://www.youtube.com/watch?v=T2iGNUAScLg,1261,0,0,0,
943129b96d2341bcb7b25a66c9da2354,784,33732,388,213,388,https://www.youtube.com/watch?v=bK7kQS5MCYk,0,0,0,,388,213,388,https://www.youtube.com/watch?v=bK7kQS5MCYk,16543,1160,559,1214,https://www.twitch.tv/videos/2846035046
8a19d25c92fe4b3194f1211d503d6d4d,784,72861,5538,3603,5538,https://www.youtube.com/watch?v=8_1p57YOFWo,0,0,0,,5538,3603,5538,https://www.youtube.com/watch?v=8_1p57YOFWo,0,0,0,0,
60da3bb357d64f998006b8ca3043fd00,781,33601,127,55,288,https://www.youtube.com/watch?v=CCaHXvwhrJ0,127,55,288,https://www.youtube.com/watch?v=CCaHXvwhrJ0,0,0,0,,0,0,0,0,
f0afa83a8d2d4cc6bb9eb80655bbe40d,781,12731,0,0,0,,0,0,0,,0,0,0,,0,0,0,0,
7342482fda6d40f98e078505a24825d4,776,41086,119,23,119,https://www.youtube.com/watch?v=Y05CU3XKqnI,119,23,119,https://www.youtube.com/watch?v=Y05CU3XKqnI,0,0,0,,0,0,0,0,
968f0b8c521942d6939234c70f49747a,774,23995,0,0,0,,0,0,0,,0,0,0,,1954,319,255,331,https://www.twitch.tv/videos/2854045704
5298121274154e4b9154e8ac47d98beb,771,50624,71,34,792,https://www.youtube.com/watch?v=q3G7Y0v6PgE,67,16,191,https://www.youtube.com/watch?v=q3jq3GFKLo0,461,72,792,https://www.youtube.com/watch?v=q3G7Y0v6PgE,0,0,0,0,
17946118c2d641819c847aba0c491e13,771,5568,0,0,0,,0,0,0,,0,0,0,,5508,2416,493,5665,https://www.twitch.tv/videos/2836975665
e83a22c584774763a3b91d557141604d,770,10102,0,0,0,,0,0,0,,0,0,0,,2055,515,487,515,https://www.twitch.tv/videos/2854973004
73f219fc31294239804b67151318e0a8,769,39239,0,0,0,,0,0,0,,0,0,0,,247,0,0,0,
d9baa82223d04494abd266da86171d95,768,0,0,0,0,,0,0,0,,0,0,0,,638,0,0,0,
1d1e155c827e4ed2a0596c256983c22d,768,20117,2,0,2,https://www.youtube.com/watch?v=55z571LiC5s,0,0,0,,2,0,2,https://www.youtube.com/watch?v=55z571LiC5s,2392,215,176,215,https://www.twitch.tv/videos/2851392955
8c59e356f1564e068e1c81ac7de1a4e3,767,34492,0,0,0,,0,0,0,,0,0,0,,0,0,0,0,
6ac39c9c814e4dfe9c2294345a2a3e9c,766,57878,64,35,146,https://www.youtube.com/watch?v=t3ZA_r7-9NM,64,35,146,https://www.youtube.com/watch?v=t3ZA_r7-9NM,0,0,0,,1514,0,0,0,
50a5bb8d33e14c81813bd0d02dc34b58,765,0,0,0,0,,0,0,0,,0,0,0,,0,0,0,0,
a22035a68721415e830d1d7b8ffd172d,765,11483,0,0,0,,0,0,0,,0,0,0,,1826,0,0,0,
de6ab52e6aca42d2ab88274244e772fc,764,26068,0,0,0,,0,0,0,,0,0,0,,0,0,0,0,
1a39f2817a8d4b2d941677c2a07e896a,762,97204,54,29,688,https://www.youtube.com/watch?v=ZNfB_KTd1eo,51,29,103,https://www.youtube.com/watch?v=kFg9Kx9YHss,688,398,688,https://www.youtube.com/watch?v=ZNfB_KTd1eo,0,0,0,0,
0591345aa6634a73ac41f08af6d4e06e,761,38688,49,15,108,https://www.youtube.com/watch?v=XI1AeC1ntaA,52,15,108,https://www.youtube.com/watch?v=XI1AeC1ntaA,37,15,37,https://www.youtube.com/watch?v=uZQTkzoDyfU,0,0,0,0,
3a932cc8813343b6bb5d822cb2f53558,760,42368,0,0,0,,0,0,0,,0,0,0,,3220,0,0,0,
3204abe8247b45f08481bef65884ebc3,758,2988,0,0,0,,0,0,0,,0,0,0,,1351,82,63,82,https://www.twitch.tv/videos/2850163754
acc6cc72bdb74a74a719cc41baf0aade,758,29890,41,21,146,https://www.youtube.com/watch?v=ZWn9joh0esE,41,21,62,https://www.youtube.com/watch?v=SEwNCPI4DmM,75,37,146,https://www.youtube.com/watch?v=ZWn9joh0esE,0,0,0,0,
fb72bfcead034da2abef22637e7b2b3c,758,46829,196,62,196,https://www.youtube.com/watch?v=ZuD0TRYXpPM,0,0,0,,196,62,196,https://www.youtube.com/watch?v=ZuD0TRYXpPM,1523,65,48,81,https://www.twitch.tv/videos/2843831712
945e26a69e2145219406bf2ca0d59554,756,21555,0,0,0,,0,0,0,,0,0,0,,734,62,48,134,https://www.twitch.tv/videos/2853101938
7531ceacd52e43b4a29ba4dc18a3f56c,755,43040,281,33,1047,https://www.youtube.com/watch?v=Disr5rqBQn4,0,0,0,,281,33,1047,https://www.youtube.com/watch?v=Disr5rqBQn4,1909,142,82,249,https://www.twitch.tv/videos/2849420243
8f4142c5ead94656b4744b425d800fb8,753,110703,45,15,393,https://www.youtube.com/watch?v=BDrDnjcW3vQ,45,15,393,https://www.youtube.com/watch?v=BDrDnjcW3vQ,0,0,0,,0,0,0,0,
9539cc114b7648efb72bafc3a7358ae6,752,0,0,0,0,,0,0,0,,0,0,0,,1920,0,0,0,
c26ea894da5741df9e1bc62044f6bce7,751,0,0,0,0,,0,0,0,,0,0,0,,261,0,0,0,
a666cf6707d14cdbbe6581a8964aabd0,746,21361,0,0,0,,0,0,0,,0,0,0,,864,0,0,0,
00de1290ff0a4edda4db0385a6ba3300,744,15858,258,190,471,https://www.youtube.com/watch?v=VylR-p1aizo,0,0,0,,258,190,471,https://www.youtube.com/watch?v=VylR-p1aizo,1835,187,156,261,https://www.twitch.tv/videos/2846874052
68f424a416ad426faa8b01b78f47b3e3,744,0,0,0,0,,0,0,0,,0,0,0,,0,0,0,0,
2103bcf7923d4f74b2d043bffef71cc1,743,34400,26,11,26,https://www.youtube.com/watch?v=aWkIfY5UaFA,26,11,26,https://www.youtube.com/watch?v=aWkIfY5UaFA,0,0,0,,0,0,0,0,
d573ba517ed043a780491c40a7aaa22e,743,0,0,0,0,,0,0,0,,0,0,0,,0,0,0,0,
efe21404e1e344dda7e75ecb2c160895,742,0,0,0,0,,0,0,0,,0,0,0,,0,0,0,0,
a2f9fd3568f3467aa35e411dbde1ab45,741,42330,15,6,16,https://www.youtube.com/watch?v=h7oVlw_y3gE,0,0,0,,15,6,16,https://www.youtube.com/watch?v=h7oVlw_y3gE,0,0,0,0,
75e2a9a237e14297976b9b8946818de5,736,1620,0,0,0,,0,0,0,,0,0,0,,0,0,0,0,
c6286d22a9344325bb1609918d442b93,736,74531,711,586,1394,https://www.youtube.com/watch?v=WK3oAR-3fBE,50,45,50,https://www.youtube.com/watch?v=3MA0Wt4rt10,1188,975,1394,https://www.youtube.com/watch?v=WK3oAR-3fBE,77,0,0,0,
ab7fb3b59bef4d869388be703ffa8c01,736,12473,0,0,0,,0,0,0,,0,0,0,,0,0,0,0,
dfc411c6b5d24d97b944f527ddfd2f0b,735,39988,69,39,89,https://www.youtube.com/watch?v=6QIHHTVm_XQ,76,43,89,https://www.youtube.com/watch?v=6QIHHTVm_XQ,41,12,41,https://www.youtube.com/watch?v=6C4eoNYAtto,0,0,0,0,
b96e4730713c48899004d4af5975fe21,735,5167,0,0,0,,0,0,0,,0,0,0,,245,0,0,0,
0f97f20ec79649e687590a4dc7328a21,734,19712,0,0,0,,0,0,0,,0,0,0,,351,0,0,0,
eef7776c596141afb7efb9c1790bcb64,734,34591,0,0,0,,0,0,0,,0,0,0,,1513,0,0,0,
a1880ae475fe44fc92760277c3f850ed,734,6510,0,0,0,,0,0,0,,0,0,0,,583,0,0,0,
5ee9f1126dcf463e8d6afc8ef113d084,731,22823,51,8,86,https://www.youtube.com/watch?v=iMo3xV8nQ9o,51,8,86,https://www.youtube.com/watch?v=iMo3xV8nQ9o,0,0,0,,0,0,0,0,
4d4db7afb4b84af7b4d54889a5f93947,731,21814,0,0,0,,0,0,0,,0,0,0,,0,0,0,0,
433b2802b62441a39c721400926d59eb,730,55123,82,33,1862,https://www.youtube.com/watch?v=sfOWYcKMvF0,52,30,539,https://www.youtube.com/watch?v=pWGCEfJWmxk,1709,893,1862,https://www.youtube.com/watch?v=sfOWYcKMvF0,0,0,0,0,
40fd0ce414e8465880489531775662e7,729,253,0,0,0,,0,0,0,,0,0,0,,0,0,0,0,
2608bc34d1f8497da55ab0cf4d0d7f0e,726,16189,14,12,14,https://www.youtube.com/watch?v=G770dbLv5kY,0,0,0,,14,12,14,https://www.youtube.com/watch?v=G770dbLv5kY,3290,493,231,994,https://www.twitch.tv/videos/2845699263
f1bcb26adebc4b95abd8fb779dfc4f6f,725,38806,139,82,1637,https://www.youtube.com/watch?v=AyBRLI_13BM,126,61,142,https://www.youtube.com/watch?v=ybElurfXhGQ,1309,488,1637,https://www.youtube.com/watch?v=AyBRLI_13BM,0,0,0,0,
28e04c3575d84bd48e2de545801d4d06,719,18422,0,0,0,,0,0,0,,0,0,0,,0,0,0,0,
082df6a588424bc9aaa378c53b34315c,719,24021,281,126,1906,https://www.youtube.com/watch?v=cuS0xwP7IOs,0,0,0,,281,126,1906,https://www.youtube.com/watch?v=cuS0xwP7IOs,186,0,0,0,
28e5717b1964475ca59ce02d81cb2796,718,14639,0,0,0,,0,0,0,,0,0,0,,3700,872,437,131836,https://www.twitch.tv/videos/2852834160
bff3b878d9864ff893bd79d1f2a7a849,716,48427,33,12,190,https://www.youtube.com/watch?v=MPA6E8BXqr8,33,12,190,https://www.youtube.com/watch?v=MPA6E8BXqr8,0,0,0,,135,0,0,0,
c72045d5b8714411af64d5c9d29cea97,714,28869,58,31,58,https://www.youtube.com/watch?v=kJcVUrp9ULs,58,31,58,https://www.youtube.com/watch?v=kJcVUrp9ULs,0,0,0,,0,0,0,0,
b3628981441b4b1aa2a3c91af81c7084,713,4289,0,0,0,,0,0,0,,0,0,0,,0,0,0,0,
9b64082043fc451f9dd5edc793fa8605,712,8987,4,0,27,https://www.youtube.com/watch?v=PTsF2xLD3W8,0,0,0,,4,0,27,https://www.youtube.com/watch?v=PTsF2xLD3W8,1148,80,50,100,https://www.twitch.tv/videos/2843937209
e5eb10612f5c4b069928fc1a71ad8e7d,711,90543,62,46,1938,https://www.youtube.com/watch?v=9E4rcJ_uaWw,56,43,86,https://www.youtube.com/watch?v=pBG9o56AJgk,1675,94,1938,https://www.youtube.com/watch?v=9E4rcJ_uaWw,0,0,0,0,
26b00f5ff5bf4b5a8dcb6c5c34e1b4f6,711,5282,0,0,0,,0,0,0,,0,0,0,,6417,1160,551,3992,https://www.twitch.tv/videos/2830247308
bb775b8f85574398af290f5be009d40e,711,953,0,0,0,,0,0,0,,0,0,0,,0,0,0,0,
2ccdc43de33c478192767afae6309f06,711,79759,55,9,692,https://www.youtube.com/watch?v=dCNlTQ5VEK4,113,50,692,https://www.youtube.com/watch?v=dCNlTQ5VEK4,10,5,70,https://www.youtube.com/watch?v=ZlH6rsjm3QI,336,88,63,154,https://www.twitch.tv/videos/2852331452
667d1f10770d4512a5350b74bcb3efc0,708,29447,57,27,80,https://www.youtube.com/watch?v=MdUXtWSrlTY,57,27,80,https://www.youtube.com/watch?v=MdUXtWSrlTY,0,0,0,,0,0,0,0,
40a4357f990e4fd8ad2ac18c26603925,708,18552,28,13,38,https://www.youtube.com/watch?v=wvfATg6y3V4,28,13,38,https://www.youtube.com/watch?v=wvfATg6y3V4,0,0,0,,1673,43,27,372,https://www.twitch.tv/videos/2845934586
004e635d5d494045a810b2d026e769c7,707,71040,166,135,256,https://www.youtube.com/watch?v=vYby-Cm3R7I,179,148,256,https://www.youtube.com/watch?v=vYby-Cm3R7I,75,74,75,https://www.youtube.com/watch?v=s9mIuavy-Fc,0,0,0,0,
8bd1aad0ee834101b6042c08495a31be,706,17166,0,0,0,,0,0,0,,0,0,0,,247,19,15,19,https://www.twitch.tv/videos/2851412829
d460f1ea172d49f9a23f3277a391ce30,706,5894,0,0,0,,0,0,0,,0,0,0,,532,31,20,53,https://www.twitch.tv/videos/2844168780
6f0d9d64bb6a4a81af1e84a72d30f5b8,706,49885,90,34,1340,https://www.youtube.com/watch?v=P2S9PQlRm1o,81,32,333,https://www.youtube.com/watch?v=RVhfXeNo3rw,1230,556,1340,https://www.youtube.com/watch?v=P2S9PQlRm1o,148,0,0,0,
0800162a149e420ea0386c9506e710b7,705,29852,0,0,0,,0,0,0,,0,0,0,,0,0,0,0,
424043d4c55449cd9317bc0923c13299,704,271636,78,40,155,https://www.youtube.com/watch?v=wz5OYiNE8CU,78,40,155,https://www.youtube.com/watch?v=wz5OYiNE8CU,0,0,0,,305,0,0,0,
6e3eb55128024fcca66d26ce1eb53802,704,18659,0,0,0,,0,0,0,,0,0,0,,542,223,170,367,https://www.twitch.tv/videos/2844891247
7b00dfda406f484eaf75107c186abe33,704,56049,1175,364,1810,https://www.youtube.com/watch?v=MYRWcCIBe4A,117,103,336,https://www.youtube.com/watch?v=LfgWP-MBoV4,1412,492,1810,https://www.youtube.com/watch?v=MYRWcCIBe4A,0,0,0,0,
a4e31a26718d42d692f6613fafb810f5,703,17977,0,0,0,,0,0,0,,0,0,0,,0,0,0,0,
fcf160e0e39147b4b4037d1e4d18f076,700,80734,108,45,327,https://www.youtube.com/watch?v=QWz0H71ICW0,108,45,327,https://www.youtube.com/watch?v=QWz0H71ICW0,173,36,281,https://www.youtube.com/watch?v=glhOqzwbJFU,0,0,0,0,
8881d23b0a3c426590c8a2509e363ec1,699,87161,0,0,0,,0,0,0,,0,0,0,,2062,103,55,124,https://www.twitch.tv/videos/2845912761
bd16ea1e11d9475eb53a108ba90ea6a3,698,61815,34,16,70,https://www.youtube.com/watch?v=Tntra6v71lQ,34,16,70,https://www.youtube.com/watch?v=Tntra6v71lQ,0,0,0,,0,0,0,0,
96f73c5682e942ef888a3313031c7f58,698,11681,0,0,0,,0,0,0,,0,0,0,,0,0,0,0,
da2113ffb3d74a6394685e68feaa7b60,698,184157,448,166,1628,https://www.youtube.com/watch?v=rAFM7oYgDko,34,13,34,https://www.youtube.com/watch?v=GhaTBn1w9aQ,512,184,1628,https://www.youtube.com/watch?v=rAFM7oYgDko,0,0,0,0,
87e486b2a37549cbaccc95bbf7d3f253,697,48211,40,15,51,https://www.youtube.com/watch?v=f6JO3oL-VWg,40,15,51,https://www.youtube.com/watch?v=f6JO3oL-VWg,0,0,0,,2453,100,67,132,https://www.twitch.tv/videos/2853318712
8a3a04df8f6048d19825cdfef59ecdc1,695,19524,0,0,0,,0,0,0,,0,0,0,,0,0,0,0,
2047c8ae25624470b90251b1fd9502d5,693,27926,0,0,0,,0,0,0,,0,0,0,,0,0,0,0,
f7185f45c8a44e69bf829405206996b9,692,32677,220,64,280,https://www.youtube.com/watch?v=kQMzh7qRI0I,220,64,280,https://www.youtube.com/watch?v=kQMzh7qRI0I,0,0,0,,55,0,0,0,
b5e6939c87f34003b2faf4bb3a72ca14,690,0,0,0,0,,0,0,0,,0,0,0,,0,0,0,0,
8ba365057cdb4ba5ba9c27c02c7c7f3d,687,14034,0,0,0,,0,0,0,,0,0,0,,1180,0,0,0,
7a570b5273ae4e359a6491aba1313011,687,25418,311,83,1795,https://www.youtube.com/watch?v=de7WPnLh14Y,40,7,81,https://www.youtube.com/watch?v=wOKl3oWs8WQ,735,504,1795,https://www.youtube.com/watch?v=de7WPnLh14Y,4446,200,69,4504,https://www.twitch.tv/videos/2848736198
4caacad18f2842a099e3f8cc31060aca,687,32980,0,0,0,,0,0,0,,0,0,0,,0,0,0,0,
7c6c40e2c7b64a6997fb2173f446860f,686,48342,64,33,268,https://www.youtube.com/watch?v=hwIAvISsckw,64,33,101,https://www.youtube.com/watch?v=wfFXV8zZqgc,155,118,268,https://www.youtube.com/watch?v=hwIAvISsckw,39,0,0,0,
a0467c81a3014fbf83029acffe5b1d3f,685,12349,0,0,0,,0,0,0,,0,0,0,,1146,34,20,35,https://www.twitch.tv/videos/2845049904
23d18a6678794320b2d3f9d468b9b3a4,684,46974,34,25,100,https://www.youtube.com/watch?v=rylJvTqTGj4,34,25,100,https://www.youtube.com/watch?v=rylJvTqTGj4,0,0,0,,1313,197,140,266,https://www.twitch.tv/videos/2846860426
15ec206bfc374aaaa594bc12e9887a69,683,9439,0,0,0,,0,0,0,,0,0,0,,1636,183,116,192,https://www.twitch.tv/videos/2845924567
943a063e5df041a08d7a304517e3b420,682,38949,163,87,2208,https://www.youtube.com/watch?v=9NUtD6G1Dyo,126,49,168,https://www.youtube.com/watch?v=D-IBgFhFhBQ,1547,812,2208,https://www.youtube.com/watch?v=9NUtD6G1Dyo,0,0,0,0,
1b8f1c5c6e784ef4930d7e0f1dc35e4e,680,0,0,0,0,,0,0,0,,0,0,0,,0,0,0,0,
9bd9d680d6cf48d1a7171430f286fcb1,677,107360,39,15,533,https://www.youtube.com/watch?v=AGHKkitFCr0,31,13,68,https://www.youtube.com/watch?v=QjvN4Alp_G8,269,195,533,https://www.youtube.com/watch?v=AGHKkitFCr0,0,0,0,0,
c265c71f4d2744919a319f0f38c008f9,677,26548,0,0,0,,0,0,0,,0,0,0,,6146,0,0,0,
91216a87fe704ea9a42d3aabc1683f90,677,30375,195,49,268,https://www.youtube.com/watch?v=qTVgUUlZ0jc,195,49,268,https://www.youtube.com/watch?v=qTVgUUlZ0jc,0,0,0,,57,0,0,0,
fc6a8de6e0e14e05a11b1d35dfce1d71,675,37474,53,21,111,https://www.youtube.com/watch?v=KckmkXyX1hM,48,15,53,https://www.youtube.com/watch?v=brxps-8hLsA,111,53,111,https://www.youtube.com/watch?v=KckmkXyX1hM,0,0,0,0,
49d38057272d4c4992cdbcb792c94d00,674,27112,21,9,161,https://www.youtube.com/watch?v=1cRxLSuU0XA,21,9,161,https://www.youtube.com/watch?v=1cRxLSuU0XA,0,0,0,,313,98,50,219,https://www.twitch.tv/videos/2851209973
e44a37ed06c749da9aeea8e16b309a84,674,28993,0,0,0,,0,0,0,,0,0,0,,27,0,0,0,
94b3f738cde248e3bf6061f1692d6337,674,167972,0,0,0,,0,0,0,,0,0,0,,0,0,0,0,
bedd14283dd34a639c5f77a95856ecad,672,26273,163,75,217,https://www.youtube.com/watch?v=uBOnIRzPkdo,163,75,217,https://www.youtube.com/watch?v=uBOnIRzPkdo,0,0,0,,0,0,0,0,
5bbd1c2531594775a4b74928e630dd59,672,46592,0,0,0,,0,0,0,,0,0,0,,4203,338,122,512,https://www.twitch.tv/videos/2835136707
263db06cfe814d4397e6fc8bc593e70e,671,43053,7,3,7,https://www.youtube.com/watch?v=LDEMLBzc3Dw,0,0,0,,7,3,7,https://www.youtube.com/watch?v=LDEMLBzc3Dw,0,0,0,0,
c03997835cc943fe81a441c571d733d0,671,59401,38,13,572,https://www.youtube.com/watch?v=l7C0OGT5g3k,38,13,572,https://www.youtube.com/watch?v=l7C0OGT5g3k,0,0,0,,208,0,0,0,
6159040406fc4e6cb73dbf9734717703,670,99166,0,0,0,,0,0,0,,0,0,0,,2125,0,0,0,
5d1f5182f62642a8a2e3ae5d3ead1014,669,54127,103,50,137,https://www.youtube.com/watch?v=393CJ7u1gJc,103,50,137,https://www.youtube.com/watch?v=393CJ7u1gJc,0,0,0,,0,0,0,0,
dd6310e365b74ff69a4250bd4860a50b,667,61183,0,0,0,,0,0,0,,0,0,0,,5012,649,100,1413,https://www.twitch.tv/videos/2846448247
903278eb21a342669dc6f7eea7dbe618,666,26950,118,78,335,https://www.youtube.com/watch?v=WvsrZj0koVU,118,78,335,https://www.youtube.com/watch?v=WvsrZj0koVU,0,0,0,,0,0,0,0,
3e7ef261eb21464eacd7d26a1e6c2fcc,664,36054,91,49,506,https://www.youtube.com/watch?v=gG-N4qGjMV0,89,49,130,https://www.youtube.com/watch?v=JXszyL5dsbE,506,433,506,https://www.youtube.com/watch?v=gG-N4qGjMV0,0,0,0,0,
d15b3fadead04e7399faaeb47fdf37f9,664,33831,0,0,0,,0,0,0,,0,0,0,,0,0,0,0,
7342e2aefa41449880565dfd15a35cad,662,20869,36,15,40,https://www.youtube.com/watch?v=BEhNOw9IfOE,36,15,40,https://www.youtube.com/watch?v=BEhNOw9IfOE,0,0,0,,0,0,0,0,
4b305df8ba4546b48c8ec1cda5efb7e2,661,191980,502,91,615,https://www.youtube.com/watch?v=XrAApQa8YpI,39,26,39,https://www.youtube.com/watch?v=EasCL_t2Owo,558,102,615,https://www.youtube.com/watch?v=XrAApQa8YpI,0,0,0,0,
6142bdfa61cd4f3092263bfe477e8e0b,661,191146,333,85,2146,https://www.youtube.com/watch?v=puIGY14aOkM,27,13,122,https://www.youtube.com/watch?v=zstN3kul2C0,817,269,2146,https://www.youtube.com/watch?v=puIGY14aOkM,0,0,0,0,
f513e865b8aa4afab938316563c4955f,661,30349,0,0,0,,0,0,0,,0,0,0,,423,0,0,0,
14d68e1fc65f4206b0c45d65970c0215,660,45681,94,18,173,https://www.youtube.com/watch?v=AC9tPILKnWs,93,15,95,https://www.youtube.com/watch?v=cAjg9snOAGQ,173,44,173,https://www.youtube.com/watch?v=AC9tPILKnWs,0,0,0,0,
f3a1ec7e996e4897ba4e34376f7c0be2,659,9525,449,188,449,https://www.youtube.com/watch?v=UV52MTV2a4g,0,0,0,,449,188,449,https://www.youtube.com/watch?v=UV52MTV2a4g,1050,356,255,504,https://www.twitch.tv/videos/2850376605
b96f58f4373a4b65977afe5f2829e9e4,659,168057,17,12,47,https://www.youtube.com/watch?v=97dvKUaK4Dc,17,12,47,https://www.youtube.com/watch?v=97dvKUaK4Dc,16,5,33,https://www.youtube.com/watch?v=VKVNzxFddrk,556,83,75,104,https://www.twitch.tv/videos/2852391720
948c874aac8c4c7fa088b380e79b2154,655,21065,0,0,0,,0,0,0,,0,0,0,,0,0,0,0,
2ffa876173cb42bc8a1de004fe10e391,655,14493,106,36,185,https://www.youtube.com/watch?v=X0T_qMvTrG0,106,36,185,https://www.youtube.com/watch?v=X0T_qMvTrG0,0,0,0,,0,0,0,0,
0f11420beab0442eae0208ac63d4474c,653,4276,0,0,0,,0,0,0,,0,0,0,,0,0,0,0,
e911a56d410b4949aee1d3a8dc84f4ad,653,40754,0,0,0,,0,0,0,,0,0,0,,0,0,0,0,
031da54f73f94adf8159ef0d3bfeb52b,651,71340,40,16,73,https://www.youtube.com/watch?v=wXx4rpzdujU,40,16,73,https://www.youtube.com/watch?v=wXx4rpzdujU,0,0,0,,0,0,0,0,
e7f01ae0c78b4daeaaf8f3fe39946e8d,650,34827,19,5,32,https://www.youtube.com/watch?v=BWkuPPqnejY,19,5,32,https://www.youtube.com/watch?v=BWkuPPqnejY,0,0,0,,0,0,0,0,
31073a45106c442cbe11fd4368e162fe,649,16113,0,0,0,,0,0,0,,0,0,0,,2120,0,0,0,
2fbd2ed36dc7493b8d3e95a19c2c9847,648,52208,44,11,140,https://www.youtube.com/watch?v=mRNJ-SVkdSw,44,11,140,https://www.youtube.com/watch?v=mRNJ-SVkdSw,0,0,0,,0,0,0,0,
5e931b583dfe4fdc98d10e4dceaf2c93,647,24733,23,8,157,https://www.youtube.com/watch?v=hilkeozpoZc,0,0,0,,23,8,157,https://www.youtube.com/watch?v=hilkeozpoZc,1589,177,135,290,https://www.twitch.tv/videos/2855796504
0ad03ee6159c4d37a4feccbc49ba3dcf,647,62703,24,11,201,https://www.youtube.com/watch?v=gZnf5o3MaaA,24,11,201,https://www.youtube.com/watch?v=gZnf5o3MaaA,0,0,0,,168,0,0,0,
91d867842ac74a299407199f295d135d,646,2377,0,0,0,,0,0,0,,0,0,0,,0,0,0,0,
3e079110e939428085c1f1040ec756f9,646,8981,0,0,0,,0,0,0,,0,0,0,,0,0,0,0,
677a773535814b5fa2d557da2f80bb89,645,17955,0,0,0,,0,0,0,,0,0,0,,421,0,0,0,
2c6b5ad20b4e4bdc85310b791d02b364,643,7437,0,0,0,,0,0,0,,0,0,0,,2312,0,0,0,
adb7f358e8134f30ac0919a74c9d171b,642,13983,0,0,0,,0,0,0,,0,0,0,,2284,220,143,281,https://www.twitch.tv/videos/2851373387
12d506583827419e9eb3b64ec551a94d,641,35496,104,49,1086,https://www.youtube.com/watch?v=CSIcFIAbJEg,98,46,203,https://www.youtube.com/watch?v=wrQ85sPnvw8,1086,679,1086,https://www.youtube.com/watch?v=CSIcFIAbJEg,24,0,0,0,
4c127c01ba31487599018fc81ff1a3dd,641,37814,0,0,0,,0,0,0,,0,0,0,,0,0,0,0,
809ddec4aec2402ea41adeba2f8520ec,640,61554,7,2,11,https://www.youtube.com/watch?v=jE0Ode-wOMA,0,0,0,,7,2,11,https://www.youtube.com/watch?v=jE0Ode-wOMA,1307,140,119,294,https://www.twitch.tv/videos/2847438813
54b80ca15e0c40f6abdebd37e0aa4ca1,638,15895,0,0,0,,0,0,0,,0,0,0,,718,0,0,0,
6bb99d03979041aa909d87375acaf92d,636,110083,0,0,0,,0,0,0,,0,0,0,,0,0,0,0,
e55e67f2f7f64a6da7ae604df1652f5e,636,255368,659,115,1210,https://www.youtube.com/watch?v=qhFdoiiA8JA,0,0,0,,659,115,1210,https://www.youtube.com/watch?v=qhFdoiiA8JA,0,0,0,0,
5507154831064d69906acc64c76b1c99,635,16722,335,161,1092,https://www.youtube.com/watch?v=ai7a5lQfBqQ,203,108,335,https://www.youtube.com/watch?v=3OchSOAE7P8,1092,738,1092,https://www.youtube.com/watch?v=ai7a5lQfBqQ,3251,494,187,962,https://www.twitch.tv/videos/2846966118
e50da8792cd94b009eaa8dd4be738d59,632,2069,0,0,0,,0,0,0,,0,0,0,,1158,48,38,67,https://www.twitch.tv/videos/2854079139
7d53d75ac36b4faea2450918f84dada3,632,29673,196,96,1108,https://www.youtube.com/watch?v=--FBwSOYATY,95,54,298,https://www.youtube.com/watch?v=kED94V6tRJs,274,196,1108,https://www.youtube.com/watch?v=--FBwSOYATY,0,0,0,0,
3de1f749e7fe4b219a2a10611311297f,631,25192,51,33,1439,https://www.youtube.com/watch?v=WVUUWo_eiAY,50,29,75,https://www.youtube.com/watch?v=YMyPuqhbDRE,1439,1363,1439,https://www.youtube.com/watch?v=WVUUWo_eiAY,355,0,0,0,
04ca68439fd14d088c77eb0069e6414f,630,58416,27,6,27,https://www.youtube.com/watch?v=UwugEnK1YTU,27,6,27,https://www.youtube.com/watch?v=UwugEnK1YTU,0,0,0,,372,0,0,0,
6c2b07e387644ff1898d8c536747dcb0,629,21397,226,152,226,https://www.youtube.com/watch?v=NK_QpzH8sbw,226,152,226,https://www.youtube.com/watch?v=NK_QpzH8sbw,0,0,0,,319,126,105,172,https://www.twitch.tv/videos/2854075525
ec332c6e824044698204e6dba3e5fbfc,629,12104,0,0,0,,0,0,0,,0,0,0,,552,0,0,0,
3e6f13f775fa4ef09ff9b26ce062eb52,628,1693,0,0,0,,0,0,0,,0,0,0,,306,0,0,0,
326a721a7a904cb9b5ed0dad4899d7c2,627,23087,0,0,0,,0,0,0,,0,0,0,,901,211,157,318,https://www.twitch.tv/videos/2852298373
21507f58118d406b87fd42a39c87855a,625,22674,100,39,223,https://www.youtube.com/watch?v=4jwYlXPIInc,100,39,223,https://www.youtube.com/watch?v=4jwYlXPIInc,0,0,0,,0,0,0,0,
960c19dbf65f4b7fa27439d1ede2af21,623,22858,0,0,0,,0,0,0,,0,0,0,,0,0,0,0,
1f455594561b421da20dde10d1540981,622,44816,0,0,0,,0,0,0,,0,0,0,,6235,354,161,595,https://www.twitch.tv/videos/2847719794
dec8ff1f1ef243ccb8fa65edb7a813bd,621,908,0,0,0,,0,0,0,,0,0,0,,327,0,0,0,
22aaa78ca5fa444bb70649727131c0f2,621,19249,0,0,0,,0,0,0,,0,0,0,,0,0,0,0,
b8ccfa7aec6a419ca8ad1a91d9fafdf6,620,0,0,0,0,,0,0,0,,0,0,0,,2513,139,114,376,https://www.twitch.tv/videos/2849390663
8b0dbadf9faa4815923944437f1c1abb,620,76547,5,2,20,https://www.youtube.com/watch?v=c-GLPP4cPgw,0,0,0,,5,2,20,https://www.youtube.com/watch?v=c-GLPP4cPgw,0,0,0,0,
75efe1c591fa4cba93c4938c58cfed27,619,0,0,0,0,,0,0,0,,0,0,0,,0,0,0,0,
a1d00cd951ed45afb01e1668dfae6592,618,8232,0,0,0,,0,0,0,,0,0,0,,0,0,0,0,
b16b9643e24d404a8de6d66551451b85,618,9630,0,0,0,,0,0,0,,0,0,0,,3298,233,175,328,https://www.twitch.tv/videos/2853097538
20b9316c0979495fbff724be3442d4a4,617,159717,73,17,850,https://www.youtube.com/watch?v=KCtWy1ZqVts,113,68,133,https://www.youtube.com/watch?v=tennGzZrlRQ,52,17,850,https://www.youtube.com/watch?v=KCtWy1ZqVts,17,0,0,0,
66345fc8147b45e99d6eba1b0df6ba7c,616,31959,0,0,0,,0,0,0,,0,0,0,,0,0,0,0,
defbc693cb874182807b768593439616,615,19236,0,0,0,,0,0,0,,0,0,0,,1638,212,145,251,https://www.twitch.tv/videos/2847697977
e07cd7e29645414481d441fcfd4fd456,613,29684,3,0,31,https://www.youtube.com/watch?v=HS5-Az2QD6w,0,0,0,,3,0,31,https://www.youtube.com/watch?v=HS5-Az2QD6w,0,0,0,0,
f220baaf52864d7eba4b39877bc2afd2,612,0,0,0,0,,0,0,0,,0,0,0,,1121,0,0,0,
1e131b3460564fd49ca9675ead6ad9c6,611,38996,69,30,90,https://www.youtube.com/watch?v=vxcC0tr7tFQ,69,30,90,https://www.youtube.com/watch?v=vxcC0tr7tFQ,0,0,0,,0,0,0,0,
3849edba2b2e411f8564e9c1d1aaaa51,606,77126,0,0,0,,0,0,0,,0,0,0,,0,0,0,0,
4e35059a74df41189368fad5263a1f3f,606,62158,58,41,666,https://www.youtube.com/watch?v=tsNUEIbPosU,54,34,72,https://www.youtube.com/watch?v=L4C24712aoo,404,105,666,https://www.youtube.com/watch?v=tsNUEIbPosU,73,27,25,43,https://www.twitch.tv/videos/2855976277
7c781489389447e682388caccae7fb1c,605,21552,13,11,13,https://www.youtube.com/watch?v=e6ZkPPWhCS0,0,0,0,,13,11,13,https://www.youtube.com/watch?v=e6ZkPPWhCS0,1047,97,79,97,https://www.twitch.tv/videos/2851322379
9760ffdb528f40a7bd010589f2ce06c4,605,30878,6,3,378,https://www.youtube.com/watch?v=MpYH49YPufw,0,0,0,,6,3,378,https://www.youtube.com/watch?v=MpYH49YPufw,798,91,75,177,https://www.twitch.tv/videos/2846696865
d02adf3818df4c9fa03ed90bf1df5b41,603,15509,0,0,0,,0,0,0,,0,0,0,,0,0,0,0,
3f74c9c84fac427ea0e3d147c6027e82,603,20439,14,7,246,https://www.youtube.com/watch?v=fx-Miy6x3lk,15,7,246,https://www.youtube.com/watch?v=fx-Miy6x3lk,7,2,11,https://www.youtube.com/watch?v=9I2B8MWang4,0,0,0,0,
c4ad3b6c4fe94f9a8142895fd869dfb9,599,5061,6,1,104,https://www.youtube.com/watch?v=CHHv395K_8A,0,0,0,,6,1,104,https://www.youtube.com/watch?v=CHHv395K_8A,1536,113,84,257,https://www.twitch.tv/videos/2846783793
9fba4ecf861140acb418c343a475f99c,597,56066,70,37,630,https://www.youtube.com/watch?v=7zw6oHwz9Ck,67,34,379,https://www.youtube.com/watch?v=x1DW1wBczXg,127,55,630,https://www.youtube.com/watch?v=7zw6oHwz9Ck,150,63,53,117,https://www.twitch.tv/videos/2848730564
c1ca3c2282084d0ebbdeb3896801aec9,596,19240,0,0,0,,0,0,0,,0,0,0,,252,0,0,0,
25262970b019418badba15bc46f9c048,595,123147,53,24,149,https://www.youtube.com/watch?v=C4oyhnME0iY,53,24,149,https://www.youtube.com/watch?v=C4oyhnME0iY,0,0,0,,526,138,50,211,https://www.twitch.tv/videos/2845583808
8729a18bfb7848d880a59da20b281640,592,0,0,0,0,,0,0,0,,0,0,0,,542,0,0,0,
8c4d0ef0e1ee405e93be5d03974307ce,591,31746,73,18,75,https://www.youtube.com/watch?v=B1xoOrfKL-o,73,18,75,https://www.youtube.com/watch?v=B1xoOrfKL-o,0,0,0,,32,0,0,0,
994fcc5db40840ae990cf1ce43728548,591,14320,53,33,144,https://www.youtube.com/watch?v=mon_GAVw2Og,53,33,144,https://www.youtube.com/watch?v=mon_GAVw2Og,85,37,107,https://www.youtube.com/watch?v=DpvMlExEtIU,0,0,0,0,
a1f8a0af53c34922b0c66ebdf4b3381d,590,11275,54,23,242,https://www.youtube.com/watch?v=ZWJ6kxGO_Ag,58,20,242,https://www.youtube.com/watch?v=ZWJ6kxGO_Ag,40,26,40,https://www.youtube.com/watch?v=f_53en3yiGk,78,0,0,0,
4cc07f3cbfed434090bba391bc15fd6d,589,40198,198,188,263,https://www.youtube.com/watch?v=EwwkDdBEbpA,0,0,0,,198,188,263,https://www.youtube.com/watch?v=EwwkDdBEbpA,1760,98,79,125,https://www.twitch.tv/videos/2854288484
d613059b356d4cc9b1c3e998f32d1a5a,588,22332,0,0,0,,0,0,0,,0,0,0,,11288,1750,631,2783,https://www.twitch.tv/videos/2830149156
09664b7d99674030ae184672ac8c8ee7,588,52446,0,0,0,,0,0,0,,0,0,0,,0,0,0,0,
19ccc34670ad4ea6b4d8bc5aaafdf876,585,12833,0,0,0,,0,0,0,,0,0,0,,0,0,0,0,
ea7f97145fd44a51a95e5b97a6b8366c,584,171478,646,383,1119,https://www.youtube.com/watch?v=NctfHt-t-mI,0,0,0,,646,383,1119,https://www.youtube.com/watch?v=NctfHt-t-mI,0,0,0,0,
ff88906b47654805b8370426415f1183,584,17170,0,0,0,,0,0,0,,0,0,0,,3428,646,359,1268,https://www.twitch.tv/videos/2833794423
aa673b95b03540288c87dbaa59477ef9,584,38674,0,0,0,,0,0,0,,0,0,0,,0,0,0,0,
cd90274cae394fa7be47a5535b563882,584,0,0,0,0,,0,0,0,,0,0,0,,0,0,0,0,
b76eb671dc62463fb845025be34526b7,583,36536,1811,709,1864,https://www.youtube.com/watch?v=fAaxvaMFenw,0,0,0,,1811,709,1864,https://www.youtube.com/watch?v=fAaxvaMFenw,0,0,0,0,
7dc8617f6004470c8a65a67a9abdf661,583,19589,29,11,29,https://www.youtube.com/watch?v=DrgoYPaB9s8,29,11,29,https://www.youtube.com/watch?v=DrgoYPaB9s8,0,0,0,,261,0,0,0,
161544bf51864b2bad46cdd769bee278,582,23356,185,64,324,https://www.youtube.com/watch?v=6EFSNl4RU3s,185,64,324,https://www.youtube.com/watch?v=6EFSNl4RU3s,0,0,0,,212,72,59,109,https://www.twitch.tv/videos/2852297754
14392ae1c106403ab690e8a6dea7c534,581,53596,75,39,444,https://www.youtube.com/watch?v=7RRH-L_7doE,73,39,159,https://www.youtube.com/watch?v=Sv6x6anZRvI,299,147,444,https://www.youtube.com/watch?v=7RRH-L_7doE,0,0,0,0,
52ff14aabd804801a6e589681fc2fb4d,580,72044,29,6,40,https://www.youtube.com/watch?v=b99fR57Q9ns,0,0,0,,29,6,40,https://www.youtube.com/watch?v=b99fR57Q9ns,1608,0,0,0,
d6827fe530ca4db4b748651c72e81ead,580,16357,55,44,83,https://www.youtube.com/watch?v=_cvEo7FRsWw,55,44,83,https://www.youtube.com/watch?v=_cvEo7FRsWw,0,0,0,,261,25,23,65,https://www.twitch.tv/videos/2845070035
cf5fc0cd849841679951b3769979b3a0,579,41292,171,81,508,https://www.youtube.com/watch?v=b6XlamQYxvY,171,81,508,https://www.youtube.com/watch?v=b6XlamQYxvY,0,0,0,,156,0,0,0,
7179f903569e4fa9842b5c5ea3f7a645,577,35777,49,18,81,https://www.youtube.com/watch?v=OwtDsBHI6Fc,49,18,81,https://www.youtube.com/watch?v=OwtDsBHI6Fc,0,0,0,,642,52,43,68,https://www.twitch.tv/videos/2854194078
6f5a8075e60244cb8e74c6aa35daaa2a,576,29835,0,0,0,,0,0,0,,0,0,0,,0,0,0,0,
5e259658ed814cc894dfe408d10ecc6e,575,31839,72,30,132,https://www.youtube.com/watch?v=ydJkti2eChM,72,30,132,https://www.youtube.com/watch?v=ydJkti2eChM,0,0,0,,0,0,0,0,
fad52a34935b402a819aa4bb504453da,574,30284,0,0,0,,0,0,0,,0,0,0,,0,0,0,0,
b511c9a0eba7474fbb8ac8d02ff357b7,573,68916,50,26,748,https://www.youtube.com/watch?v=Ij6PU0dIepc,50,26,58,https://www.youtube.com/watch?v=iolRAI0UuBY,386,136,748,https://www.youtube.com/watch?v=Ij6PU0dIepc,0,0,0,0,
4859b57db8e043f1965e56324f137097,572,92380,0,0,0,,0,0,0,,0,0,0,,2040,279,217,406,https://www.twitch.tv/videos/2845832660
7dd6c13c71ee452e9a85dec903f2ee15,571,32147,95,51,235,https://www.youtube.com/watch?v=N7L9Y9lwfDU,71,36,179,https://www.youtube.com/watch?v=AGma87wKa1Q,175,148,235,https://www.youtube.com/watch?v=N7L9Y9lwfDU,0,0,0,0,
b88a2e77cd7b4758925642f63b58051a,571,68196,120,43,363,https://www.youtube.com/watch?v=Up-dTYiXPHs,117,34,247,https://www.youtube.com/watch?v=La-VvbqHLHI,289,43,363,https://www.youtube.com/watch?v=Up-dTYiXPHs,0,0,0,0,
22b0dfc3703e477d9ce6880cdbfafd91,567,23987,0,0,0,,0,0,0,,0,0,0,,2375,86,71,86,https://www.twitch.tv/videos/2851565969
ee5418c900a7400fa44c821eaaca0218,567,10168,9,5,9,https://www.youtube.com/watch?v=mtixdz0bLCY,0,0,0,,9,5,9,https://www.youtube.com/watch?v=mtixdz0bLCY,627,19,8,38,https://www.twitch.tv/videos/2835090120
156c4271fe17425bb02fd7b24f5a2a7a,567,9654,0,0,0,,0,0,0,,0,0,0,,0,0,0,0,
619f48c4546c481bbc52aadc12c3e48f,566,7454,186,117,289,https://www.youtube.com/watch?v=UCj3M1RpAWw,0,0,0,,186,117,289,https://www.youtube.com/watch?v=UCj3M1RpAWw,2610,395,282,1508,https://www.twitch.tv/videos/2855167223
993f7baff5d24cf69d077e30f7fd1a9d,566,26486,0,0,0,,0,0,0,,0,0,0,,0,0,0,0,
76a17ecab93c4c3db069c9a5d8d0ecf5,566,45167,0,0,0,,0,0,0,,0,0,0,,1825,149,96,321,https://www.twitch.tv/videos/2851311084
746abd9861714105823ebfb2a18f6fdc,566,47798,39,16,129,https://www.youtube.com/watch?v=5gIed2wRsME,39,16,129,https://www.youtube.com/watch?v=5gIed2wRsME,0,0,0,,0,0,0,0,
5908563b5c944c7b919b08e5233a8a5a,565,145248,5,1,128,https://www.youtube.com/watch?v=NtvGU9x85lk,0,0,0,,5,1,128,https://www.youtube.com/watch?v=NtvGU9x85lk,985,72,46,269,https://www.twitch.tv/videos/2853280388
ba795eb1ea0f4fea888b1bfff3d5be86,564,69457,6,1,8,https://www.youtube.com/watch?v=B3xfFoDW1dg,0,0,0,,6,1,8,https://www.youtube.com/watch?v=B3xfFoDW1dg,3432,0,0,0,
318268a48a3c47b7a56609c204d02b03,563,15120,0,0,0,,0,0,0,,0,0,0,,3287,209,190,234,https://www.twitch.tv/videos/2853262871
df6e2520044744f0957a83db74b386bb,561,15617,0,0,0,,0,0,0,,0,0,0,,0,0,0,0,
bee7e3be201d4df089b9d73d384b75c5,561,902,0,0,0,,0,0,0,,0,0,0,,0,0,0,0,
82d775c8bb1740c0a6db1037d3bf5fe0,560,15442,39,18,115,https://www.youtube.com/watch?v=CuebLAQhp2Y,39,18,115,https://www.youtube.com/watch?v=CuebLAQhp2Y,0,0,0,,0,0,0,0,
84111bbae2be41ea96c8b2f6c755f00c,558,21859,147,55,1329,https://www.youtube.com/watch?v=KOllb8rSPfw,108,38,186,https://www.youtube.com/watch?v=IuG3G6jI_Ck,1329,1119,1329,https://www.youtube.com/watch?v=KOllb8rSPfw,1610,312,218,395,https://www.twitch.tv/videos/2852327702
33546b9ad5a8408589405f9467063dd7,557,19563,1505,420,2265,https://www.youtube.com/watch?v=6ZIoFxoXvjI,0,0,0,,1505,420,2265,https://www.youtube.com/watch?v=6ZIoFxoXvjI,3678,139,47,350,https://www.twitch.tv/videos/2840509025
54c49dea17ad4eb5aeb7ce1698dc01be,556,34220,62,40,95,https://www.youtube.com/watch?v=M12Ns7trjnQ,62,40,95,https://www.youtube.com/watch?v=M12Ns7trjnQ,0,0,0,,115,0,0,0,
21f5355738614770afb34b761a4c45af,556,4415,0,0,0,,0,0,0,,0,0,0,,0,0,0,0,
21c8f34b3284456792c28b2ce7290589,551,24086,0,0,0,,0,0,0,,0,0,0,,0,0,0,0,
0e136a936a574815a311e6e801ce3ca6,550,21628,36,26,36,https://www.youtube.com/watch?v=4tykZGQUBBc,36,26,36,https://www.youtube.com/watch?v=4tykZGQUBBc,0,0,0,,40,0,0,0,
6503172c78774a0fa639255ac2e7e85a,550,21257,19,7,26,https://www.youtube.com/watch?v=eQbCAeCajcA,22,10,26,https://www.youtube.com/watch?v=eQbCAeCajcA,10,3,10,https://www.youtube.com/watch?v=B1Q3H84bxW0,0,0,0,0,
5dd38c1bf796414399e7c80092c1d984,549,484760,45,23,1797,https://www.youtube.com/watch?v=Tps4uXV7Htw,30,15,64,https://www.youtube.com/watch?v=fe8xrZxOXLA,190,109,1797,https://www.youtube.com/watch?v=Tps4uXV7Htw,53,4,3,10,https://www.twitch.tv/videos/2850502403
f5493e350f514aae860e4fbc529adf4c,548,342,0,0,0,,0,0,0,,0,0,0,,0,0,0,0,
1760601b33854f2ab58b6217bd2cfedf,544,34319,0,0,0,,0,0,0,,0,0,0,,0,0,0,0,
a6b0f8c8343041f0b1ea96c46ee4e582,543,18513,79,16,102,https://www.youtube.com/watch?v=QUL5FY_-uTY,79,16,102,https://www.youtube.com/watch?v=QUL5FY_-uTY,0,0,0,,258,45,35,76,https://www.twitch.tv/videos/2845044288
7731172cfcaa4e668762473a7b9d509a,540,15910,0,0,0,,0,0,0,,0,0,0,,831,0,0,0,
f1af649939f441ef83a72bac4dc974e3,539,18232,0,0,0,,0,0,0,,0,0,0,,0,0,0,0,
bd7947d2357941039893b911b18f3b4c,539,46722,14,8,85,https://www.youtube.com/watch?v=8lje8nifXMo,10,6,85,https://www.youtube.com/watch?v=8lje8nifXMo,20,12,22,https://www.youtube.com/watch?v=P9PNtyZeeXQ,663,65,45,89,https://www.twitch.tv/videos/2847628091
7344fd4a1019434792afd863eddb4250,537,37223,0,0,0,,0,0,0,,0,0,0,,1814,365,269,452,https://www.twitch.tv/videos/2850348481
b359f595b54b4edc8969423a8b5658ff,536,34557,0,0,0,,0,0,0,,0,0,0,,0,0,0,0,
d6afb902dbe04e35ab52f961f538f9bd,536,26782,0,0,0,,0,0,0,,0,0,0,,133,0,0,0,
cd1224f4756340c594f3c36245e9b4d4,535,150460,1378,526,1835,https://www.youtube.com/watch?v=FGRNqkFGUB4,0,0,0,,1378,526,1835,https://www.youtube.com/watch?v=FGRNqkFGUB4,2156,186,132,490,https://www.twitch.tv/videos/2851280606
38eb53f7de2247f6a93dfec0fe2f0d1e,535,17568,71,45,1611,https://www.youtube.com/watch?v=zIL_9vmCbEc,68,41,366,https://www.youtube.com/watch?v=0zMdfj_zuEs,895,85,1611,https://www.youtube.com/watch?v=zIL_9vmCbEc,0,0,0,0,
284904fe0fc5485f926eb7941427d8f4,534,9866,0,0,0,,0,0,0,,0,0,0,,0,0,0,0,
f072e780d0c84ca08c27020e1f2de365,533,15554,7,5,18,https://www.youtube.com/watch?v=OKzQS4FY2rw,0,0,0,,7,5,18,https://www.youtube.com/watch?v=OKzQS4FY2rw,702,56,33,63,https://www.twitch.tv/videos/2845148288
f1cd5373408f4509b94caed34d4c05e9,531,10783,0,0,0,,0,0,0,,0,0,0,,0,0,0,0,
100af980504b4bd38c8b2192d1e71b29,531,35698,556,486,1096,https://www.youtube.com/watch?v=GV6HYVfRoWI,17,2,17,https://www.youtube.com/watch?v=tR1QpJfzRwY,1096,970,1096,https://www.youtube.com/watch?v=GV6HYVfRoWI,0,0,0,0,
87df5b92303e4410884b8c52ff2c4e0d,531,45271,5,1,10,https://www.youtube.com/watch?v=SN68lKnYaDc,0,0,0,,5,1,10,https://www.youtube.com/watch?v=SN68lKnYaDc,1190,221,130,600,https://www.twitch.tv/videos/2855852011
e53ab7560fbc44fcba0dc3b7dceff697,531,8448,51,37,370,https://www.youtube.com/watch?v=8oWMw51woX0,51,35,58,https://www.youtube.com/watch?v=ytXrCKHIreA,203,146,370,https://www.youtube.com/watch?v=8oWMw51woX0,0,0,0,0,
c6704a4edfef443ba46ba7f0db0c4ff9,529,14038,0,0,0,,0,0,0,,0,0,0,,0,0,0,0,
c232b3088a6e49b997b325d5de9a3013,529,21309,48,24,167,https://www.youtube.com/watch?v=yU_x_ceskTM,46,22,167,https://www.youtube.com/watch?v=yU_x_ceskTM,79,28,79,https://www.youtube.com/watch?v=YNnrqsMJ_00,161,32,17,32,https://www.twitch.tv/videos/2844155454
ffffcd6d454a4e77a215927a82c460bc,526,125712,865,47,1641,https://www.youtube.com/watch?v=_Bzsr1Ix2g4,0,0,0,,865,47,1641,https://www.youtube.com/watch?v=_Bzsr1Ix2g4,1087,78,52,97,https://www.twitch.tv/videos/2851412940
9099b86c3fe84a138b0bc1f258bca138,526,23042,45,4,46,https://www.youtube.com/watch?v=w0tN83k8uUE,45,4,46,https://www.youtube.com/watch?v=w0tN83k8uUE,0,0,0,,0,0,0,0,
c40a4498540d462a89c2391a41aa9f0e,524,20839,521,322,1190,https://www.youtube.com/watch?v=Hb31aeHMwF4,0,0,0,,521,322,1190,https://www.youtube.com/watch?v=Hb31aeHMwF4,2396,0,0,0,
780ca962f78b49d580c8a078b0525d25,524,22592,704,621,1209,https://www.youtube.com/watch?v=gEDWM_PvIqE,0,0,0,,704,621,1209,https://www.youtube.com/watch?v=gEDWM_PvIqE,0,0,0,0,
b0df22881775422093e3e64a63b01a5a,524,64670,47,30,115,https://www.youtube.com/watch?v=VVtwMsRNDb0,51,31,115,https://www.youtube.com/watch?v=VVtwMsRNDb0,14,8,16,https://www.youtube.com/watch?v=LXFhZz31BPE,164,9,5,32,https://www.twitch.tv/videos/2850508769
1e4f8348a36e4ab3abda426f1810513a,524,13871,0,0,0,,0,0,0,,0,0,0,,0,0,0,0,
37e88453b9cb48b1863bc455328b34c1,523,8139,5,4,5,https://www.youtube.com/watch?v=__lUlTOkmxc,0,0,0,,5,4,5,https://www.youtube.com/watch?v=__lUlTOkmxc,1491,56,51,59,https://www.twitch.tv/videos/2855120097
5cfc673e9de1433096a85e9236895c79,523,15740,0,0,0,,0,0,0,,0,0,0,,0,0,0,0,
3f2e41bdee4145f59fa97830ba3f5edb,522,16755,0,0,0,,0,0,0,,0,0,0,,2572,374,264,943,https://www.twitch.tv/videos/2852315348
01d150623c984f3d8d7de4b1859afadd,522,11001,25,5,25,https://www.youtube.com/watch?v=qtmHToTngOE,25,5,25,https://www.youtube.com/watch?v=qtmHToTngOE,0,0,0,,0,0,0,0,
41ad2f1c78f0406ab5460f38115002d7,521,21870,32,16,40,https://www.youtube.com/watch?v=ds_MX57UjoU,32,16,40,https://www.youtube.com/watch?v=ds_MX57UjoU,0,0,0,,0,0,0,0,
3750eae778e9453eaeee75956a8dabc6,521,11301,590,336,1299,https://www.youtube.com/watch?v=5l-__5ozOFY,0,0,0,,590,336,1299,https://www.youtube.com/watch?v=5l-__5ozOFY,2557,399,395,399,https://www.twitch.tv/videos/2856081469
95df3846ff6644429227e9e058994ad8,520,26245,99,65,151,https://www.youtube.com/watch?v=YPMKOmtGs4w,99,65,151,https://www.youtube.com/watch?v=YPMKOmtGs4w,0,0,0,,0,0,0,0,
24a8057dfc374fc9bdfd9b8c813a5e12,517,21508,0,0,0,,0,0,0,,0,0,0,,0,0,0,0,
73abc31606db493f971f679dfde4f7e5,517,62716,43,14,1632,https://www.youtube.com/watch?v=kINALIQWm4k,45,14,109,https://www.youtube.com/watch?v=4tPlsjZD7-c,21,7,1632,https://www.youtube.com/watch?v=kINALIQWm4k,86,0,0,0,
aa182728aa6d44c4ae37caa7cdb8ed29,517,21884,6,0,6,https://www.youtube.com/watch?v=1tRp-CTkhAM,6,0,6,https://www.youtube.com/watch?v=1tRp-CTkhAM,0,0,0,,221,0,0,0,
b7b1cb60f1c24c0ea4fb1f506d3e247a,517,13771,42,23,42,https://www.youtube.com/watch?v=ira4rlJBXtw,0,0,0,,42,23,42,https://www.youtube.com/watch?v=ira4rlJBXtw,1578,192,103,422,https://www.twitch.tv/videos/2847959294
508ebe96e7a94e94893609e616086dff,515,129901,203,147,3144,https://www.youtube.com/watch?v=oygImmVWkP4,0,0,0,,203,147,3144,https://www.youtube.com/watch?v=oygImmVWkP4,618,263,174,417,https://www.twitch.tv/videos/2852286784
2bffdc20e3cb48de9bf46600f62d248e,515,27189,43,22,64,https://www.youtube.com/watch?v=AyIiTzFzBzE,43,22,64,https://www.youtube.com/watch?v=AyIiTzFzBzE,0,0,0,,290,31,16,31,https://www.twitch.tv/videos/2843157859
6166fbac685941a6acf389460de44943,515,49894,81,37,1590,https://www.youtube.com/watch?v=2xwX7bgh580,77,20,121,https://www.youtube.com/watch?v=NSQKdSHx6ds,1281,620,1590,https://www.youtube.com/watch?v=2xwX7bgh580,0,0,0,0,
182c265206924dccb716fc21b37486b0,514,8807,0,0,0,,0,0,0,,0,0,0,,0,0,0,0,
ffdc53dc3c764656a2f76031ee262b60,513,7304,0,0,0,,0,0,0,,0,0,0,,228,0,0,0,
8e65ff08f84f46148a79346978db81c8,513,84292,134,50,1599,https://www.youtube.com/watch?v=JLp8U_8X85w,129,50,308,https://www.youtube.com/watch?v=e7a74PUYC2w,910,336,1599,https://www.youtube.com/watch?v=JLp8U_8X85w,0,0,0,0,
17a340801a7d4697be53c472c621993d,512,26168,0,0,0,,0,0,0,,0,0,0,,796,20,18,105,https://www.twitch.tv/videos/2853416906
1a95847597f04ae39d6f0d9caba04a5f,512,19550,0,0,0,,0,0,0,,0,0,0,,1596,449,339,526,https://www.twitch.tv/videos/2848541604
cbee87914d63402b825bf74d25333236,511,17917,100,39,103,https://www.youtube.com/watch?v=SmRBHn51GW8,100,39,103,https://www.youtube.com/watch?v=SmRBHn51GW8,0,0,0,,0,0,0,0,
52136fb3529d4f5eb5225ade4209b8b3,508,12153,0,0,0,,0,0,0,,0,0,0,,0,0,0,0,
c269bafe425f470e957731c454b8925c,507,40216,0,0,0,,0,0,0,,0,0,0,,561,0,0,0,
323c21f9e49f47d48609f698a3f81fd5,507,6186,0,0,0,,0,0,0,,0,0,0,,0,0,0,0,
af41302aa9184c2dbc25d2ed16e878fc,506,89770,28,12,96,https://www.youtube.com/watch?v=s8jmxzFdMlY,28,12,96,https://www.youtube.com/watch?v=s8jmxzFdMlY,0,0,0,,265,0,0,0,
423ee3a5dbd549f19893a1823856b8dc,504,72204,0,0,0,,0,0,0,,0,0,0,,487,47,43,47,https://www.twitch.tv/videos/2854180885
aedfb89bad4545379af018f5933bddb7,504,28642,83,36,136,https://www.youtube.com/watch?v=COElg-jrvHw,83,36,136,https://www.youtube.com/watch?v=COElg-jrvHw,0,0,0,,28,0,0,0,
442edbdb59fe4979a2be3e5183258cf8,502,22927,28,9,45,https://www.youtube.com/watch?v=YMWI210fGt4,30,13,45,https://www.youtube.com/watch?v=YMWI210fGt4,10,5,10,https://www.youtube.com/watch?v=zVgXLhEx_hg,0,0,0,0,
87f156d485c047ec9c137894c7452da4,502,6901,0,0,0,,0,0,0,,0,0,0,,493,0,0,0,
8db6aab32c8e45c8a70d0850bfcd3e5c,502,27567,45,12,45,https://www.youtube.com/watch?v=2fJT6oqLkXA,45,12,45,https://www.youtube.com/watch?v=2fJT6oqLkXA,0,0,0,,151,0,0,0,
6926325d2c1c4c4e87f7be69ab675d53,500,108650,73,39,281,https://www.youtube.com/watch?v=nKvPJvIwpHE,67,38,125,https://www.youtube.com/watch?v=RuN9qWacNzQ,232,197,281,https://www.youtube.com/watch?v=nKvPJvIwpHE,0,0,0,0,
c699beab8e8a4064849c977b67058447,495,21762,0,0,0,,0,0,0,,0,0,0,,1328,0,0,0,
533e7b1b50ba448292c09c5845d68eb6,495,9496,52,48,52,https://www.youtube.com/watch?v=AyOvf1Ltzjw,0,0,0,,52,48,52,https://www.youtube.com/watch?v=AyOvf1Ltzjw,286,62,57,62,https://www.twitch.tv/videos/2854189533
54355102572e408183af55831cb98e3a,494,28453,81,34,81,https://www.youtube.com/watch?v=LRC-1mE_kh0,81,34,81,https://www.youtube.com/watch?v=LRC-1mE_kh0,0,0,0,,181,0,0,0,
09c9c71c41e24e7d9498ce41a78dae1c,493,13532,0,0,0,,0,0,0,,0,0,0,,462,0,0,0,
1bf9786ba55042b9ae3294dadfc7b40d,492,19617,35,11,52,https://www.youtube.com/watch?v=97AzMz8zgl8,35,11,52,https://www.youtube.com/watch?v=97AzMz8zgl8,0,0,0,,0,0,0,0,
51f3508054da4987b4e8f659e4d28d1d,490,3124,0,0,0,,0,0,0,,0,0,0,,4932,558,185,653,https://www.twitch.tv/videos/2833436176
0a067d81cfe24b39b770b67ad89b61a7,490,0,0,0,0,,0,0,0,,0,0,0,,0,0,0,0,
45d566a561914da0a15a5a21574eb30a,487,8013,46,11,83,https://www.youtube.com/watch?v=8mhBxh4RHOA,46,11,83,https://www.youtube.com/watch?v=8mhBxh4RHOA,0,0,0,,0,0,0,0,
e306270e80094416818cfddb33153419,487,18881,0,0,0,,0,0,0,,0,0,0,,0,0,0,0,
6d1b01658ae74a7f91c7f60b5abe1cb2,487,47110,31,28,61,https://www.youtube.com/watch?v=fjEetCAVFk0,56,47,61,https://www.youtube.com/watch?v=fjEetCAVFk0,22,19,31,https://www.youtube.com/watch?v=Sle9FcwqmnA,0,0,0,0,
ae5ffb6b5338483c91ff1b883d51a3e7,486,2825,0,0,0,,0,0,0,,0,0,0,,0,0,0,0,
085ed0ddc3294678b9570fdbcf581c64,486,267,0,0,0,,0,0,0,,0,0,0,,31244,550,205,2086,https://www.twitch.tv/videos/2846467827
e41bf48a09d64e4aa3d96064a9a63b08,482,90374,496,9,496,https://www.youtube.com/watch?v=H3ot9cG1bOs,0,0,0,,496,9,496,https://www.youtube.com/watch?v=H3ot9cG1bOs,70,0,0,0,
91f5b04be2e74f64b03e0774cc275748,482,21083,0,0,0,,0,0,0,,0,0,0,,0,0,0,0,
88917b370d0041d8be65372342c92523,481,25432,14,9,98,https://www.youtube.com/watch?v=XpScCFKybxw,0,0,0,,14,9,98,https://www.youtube.com/watch?v=XpScCFKybxw,2128,491,264,743,https://www.twitch.tv/videos/2839630093
a42c38cc7c0b4812b9bc79ab5f2d84f3,481,38914,70,57,1546,https://www.youtube.com/watch?v=3_2XyUQvAhg,33,10,38,https://www.youtube.com/watch?v=vZBaUewFDog,307,133,1546,https://www.youtube.com/watch?v=3_2XyUQvAhg,0,0,0,0,
acb95c574d8444cd80102796e0d56edd,479,66508,0,0,0,,0,0,0,,0,0,0,,219,0,0,0,
7652b3bd3da6418cbf02c85057077b54,478,12629,35,7,53,https://www.youtube.com/watch?v=WRhN78Go5o0,35,7,53,https://www.youtube.com/watch?v=WRhN78Go5o0,0,0,0,,280,0,0,0,
09945e9139af4f3a96e6adfd73139d35,477,16666,0,0,0,,0,0,0,,0,0,0,,1605,128,82,234,https://www.twitch.tv/videos/2843023572
6695a7e8f824489881f2c321501a36a6,477,25626,23,5,92,https://www.youtube.com/watch?v=0EwNbo9UkhQ,23,5,92,https://www.youtube.com/watch?v=0EwNbo9UkhQ,0,0,0,,0,0,0,0,
7677c9c71c0a4decad1472b7ecc604bb,475,6105,0,0,0,,0,0,0,,0,0,0,,487,0,0,0,
d2da40bb201e49ddbd6a8780bfaf8b63,474,15157,0,0,0,,0,0,0,,0,0,0,,1337,0,0,0,
451162e7f4c041edb3447732eba1937a,472,3249,0,0,0,,0,0,0,,0,0,0,,112,0,0,0,
30e2594ce7cf4bc3a7e536639b15ff30,472,11739,35,12,68,https://www.youtube.com/watch?v=AN1WkeTlE1E,35,12,68,https://www.youtube.com/watch?v=AN1WkeTlE1E,0,0,0,,319,61,44,108,https://www.twitch.tv/videos/2852280194
037bc9366d5949b0877707007b4b1ed5,472,22763,0,0,0,,0,0,0,,0,0,0,,360,83,51,83,https://www.twitch.tv/videos/2845988373
d148768158984ce8b3a8214b1fb3dafc,471,9684,99,31,240,https://www.youtube.com/watch?v=Y9amOPVUV3w,91,32,162,https://www.youtube.com/watch?v=3B0UXizH3DM,240,28,240,https://www.youtube.com/watch?v=Y9amOPVUV3w,179,0,0,0,
3981c01691a44d708da1191e9546eaad,470,34466,36,17,58,https://www.youtube.com/watch?v=XEmDJ83ixkI,36,17,58,https://www.youtube.com/watch?v=XEmDJ83ixkI,0,0,0,,0,0,0,0,
7168995b95ab439aa7cf1f3099d7bd88,469,67942,671,336,960,https://www.youtube.com/watch?v=48W0NFatAr8,0,0,0,,671,336,960,https://www.youtube.com/watch?v=48W0NFatAr8,3918,0,0,0,
fb17cff93fa94c8ea8b052f497f27fb4,469,21967,0,0,0,,0,0,0,,0,0,0,,17,0,0,0,
23335565d59c404080e9c06f437b011b,469,72791,0,0,0,,0,0,0,,0,0,0,,1142,0,0,0,
3513b73ded994bc3a92a70c9632c9856,469,7940,0,0,0,,0,0,0,,0,0,0,,7121,292,121,372,https://www.twitch.tv/videos/2831186352
294b1c29030244c784387782c0cb6aee,469,13567,60,47,60,https://www.youtube.com/watch?v=KGud0cDHU2Q,60,47,60,https://www.youtube.com/watch?v=KGud0cDHU2Q,0,0,0,,0,0,0,0,
2dc29f6b05584c718c60034af9883496,468,104222,0,0,0,,0,0,0,,0,0,0,,0,0,0,0,
2efb6dc7796c4ce792c196d27af0df87,468,60370,78,35,1795,https://www.youtube.com/watch?v=P0-RAc0WUt8,54,30,119,https://www.youtube.com/watch?v=j3uWHHH5iPk,370,150,1795,https://www.youtube.com/watch?v=P0-RAc0WUt8,0,0,0,0,
59e3094256344f8c83a3f4355b8b667b,465,0,0,0,0,,0,0,0,,0,0,0,,2591,0,0,0,
6717d34e87574888848bc45c86bd80e6,464,31051,0,0,0,,0,0,0,,0,0,0,,1295,238,185,537,https://www.twitch.tv/videos/2851377495
7a2ad28d7377465a8721724cfce9ffb5,464,1265,0,0,0,,0,0,0,,0,0,0,,0,0,0,0,
4abb927b8dc049768d63b4a8e229e8cc,464,0,0,0,0,,0,0,0,,0,0,0,,0,0,0,0,
0c2cb722c6ab4e3890139c922c80d4d8,462,4078,0,0,0,,0,0,0,,0,0,0,,189,0,0,0,
2df2e0bc14fa4450a0d17d294b5a0bc0,462,32003,0,0,0,,0,0,0,,0,0,0,,0,0,0,0,
3a13b2827ef048859006a3acb74c175a,462,10463,0,0,0,,0,0,0,,0,0,0,,7023,13336,7269,36569,https://www.twitch.tv/videos/2854979843
3b0f8e9ace2b46a087a665d5c10b38dd,460,8125,0,0,0,,0,0,0,,0,0,0,,0,0,0,0,
d017bd7855e547298906060f0e9b442e,459,14210,900,315,900,https://www.youtube.com/watch?v=2K59bLIIl-U,0,0,0,,900,315,900,https://www.youtube.com/watch?v=2K59bLIIl-U,1527,111,70,250,https://www.twitch.tv/videos/2851348035
9189101a4bb740de969b772dde92125a,459,5863,0,0,0,,0,0,0,,0,0,0,,1142,0,0,0,
9e3222bedec44f1a8fecdc237c020cbd,458,138634,24,8,24,https://www.youtube.com/watch?v=4b25iDznytU,0,0,0,,24,8,24,https://www.youtube.com/watch?v=4b25iDznytU,332,10,7,12,https://www.twitch.tv/videos/2848004883
da165e838dfe49aea3f91457f3825657,458,10622,0,0,0,,0,0,0,,0,0,0,,0,0,0,0,
006c02f11f8b4af28d0a38039f227016,458,0,0,0,0,,0,0,0,,0,0,0,,0,0,0,0,
f2b0bc3e82024bd3ae1c7cb5fe926829,457,14627,36,15,56,https://www.youtube.com/watch?v=4Mxl5LUKN_Q,36,15,56,https://www.youtube.com/watch?v=4Mxl5LUKN_Q,0,0,0,,0,0,0,0,
a27f33f32dd2414c8c6843f8783a32f0,457,13152,0,0,0,,0,0,0,,0,0,0,,0,0,0,0,
238b4a68bcde4f3bbf18b0b01f66ec43,456,28016,0,0,0,,0,0,0,,0,0,0,,0,0,0,0,
d7309b9e82a04c0f809a2deb4de0c155,455,72013,0,0,0,,0,0,0,,0,0,0,,43,0,0,0,
c822d7ffe24248fdbca2f3b1bdfd1139,455,86623,0,0,0,,0,0,0,,0,0,0,,3006,0,0,0,
0a5bbdc460184f279cb8c7965a1d6098,454,79105,51,16,1765,https://www.youtube.com/watch?v=-KGdaXAr_3I,0,0,0,,51,16,1765,https://www.youtube.com/watch?v=-KGdaXAr_3I,246,40,32,76,https://www.twitch.tv/videos/2850497985
62ca936be6c645a7bf2222b67086800a,453,38192,0,0,0,,0,0,0,,0,0,0,,1145,145,120,174,https://www.twitch.tv/videos/2854850409
40f76b568f384790a1a089bb6619ddb2,452,9934,45,10,49,https://www.youtube.com/watch?v=ygO1kfJDTjU,45,10,49,https://www.youtube.com/watch?v=ygO1kfJDTjU,0,0,0,,1207,110,54,281,https://www.twitch.tv/videos/2835275083
7b578956fab14341919193c03ca3ab32,452,11265,0,0,0,,0,0,0,,0,0,0,,0,0,0,0,
6c9b67b00b3c4940a6af6a6604b0b1fd,450,12389,0,0,0,,0,0,0,,0,0,0,,0,0,0,0,
5e5a5e77c39148ef8f31ccc1c63fdcd4,449,7969,0,0,0,,0,0,0,,0,0,0,,45,0,0,0,
b423123a68df4ac88b2a376ae5fd3b89,449,18732,56,17,883,https://www.youtube.com/watch?v=DOq5U3YHIjs,50,14,127,https://www.youtube.com/watch?v=GP4dOmod140,566,442,883,https://www.youtube.com/watch?v=DOq5U3YHIjs,0,0,0,0,
f16af590d65d4d07bb6603aed00a1a78,449,0,0,0,0,,0,0,0,,0,0,0,,0,0,0,0,
74beedbc5f694a2c94fe73545ba4037d,448,24982,66,28,66,https://www.youtube.com/watch?v=UTLrQrybxOk,66,28,66,https://www.youtube.com/watch?v=UTLrQrybxOk,0,0,0,,232,0,0,0,
42ff41f7d6884ae8b93ed46415376d83,448,13120,22,8,27,https://www.youtube.com/watch?v=-ODAXoEar7o,22,8,27,https://www.youtube.com/watch?v=-ODAXoEar7o,0,0,0,,0,0,0,0,
735a3d989210437f9e5b8e7a7ba6d88a,446,21510,80,28,907,https://www.youtube.com/watch?v=WsjdkvW06rE,69,8,97,https://www.youtube.com/watch?v=hHUaXmuHK54,282,43,907,https://www.youtube.com/watch?v=WsjdkvW06rE,130,0,0,0,
08959069eae342deab6803454669b60e,446,0,0,0,0,,0,0,0,,0,0,0,,0,0,0,0,
6ec876adec524585af913c1585e8df1f,444,9874,10,9,10,https://www.youtube.com/watch?v=in1KacKhVjM,0,0,0,,10,9,10,https://www.youtube.com/watch?v=in1KacKhVjM,1649,0,0,0,
c6e955ae1fce48678120bc086a436073,443,21387,0,0,0,,0,0,0,,0,0,0,,0,0,0,0,
7f3411a01ffc45bab4f25f088131bb50,441,5278,34,15,130,https://www.youtube.com/watch?v=KyTPlIow_fY,34,15,130,https://www.youtube.com/watch?v=KyTPlIow_fY,0,0,0,,0,0,0,0,
64d9adbc552c487db0cdf42ac3845e18,441,38117,0,0,0,,0,0,0,,0,0,0,,70,0,0,0,
904217f39af144a9b922beab57e61ae4,440,15119,94,53,294,https://www.youtube.com/watch?v=tCNIH6-U3yU,94,53,294,https://www.youtube.com/watch?v=tCNIH6-U3yU,0,0,0,,401,76,48,236,https://www.twitch.tv/videos/2848502944
c92baa46ff4e41c9918ad2427c0853d6,439,24579,0,0,0,,0,0,0,,0,0,0,,4525,215,127,310,https://www.twitch.tv/videos/2846021002
d1719d9d50c347efa498bb8644447392,438,0,0,0,0,,0,0,0,,0,0,0,,0,0,0,0,
c5ac07b79a304f37b039266446fd4f3b,435,25287,0,0,0,,0,0,0,,0,0,0,,0,0,0,0,
7e8047d78da3487a8e9dd33c67554d30,435,17117,0,0,0,,0,0,0,,0,0,0,,115,0,0,0,
f9444f6d790344a4a51a301110665229,434,9697,74,27,1716,https://www.youtube.com/watch?v=Yc0c1-nlcd8,72,27,173,https://www.youtube.com/watch?v=1_EHM-0gguc,1291,556,1716,https://www.youtube.com/watch?v=Yc0c1-nlcd8,0,0,0,0,
7c654d42b5f9447ab761a14b9ab42b77,432,2356,0,0,0,,0,0,0,,0,0,0,,266,0,0,0,
a56567301c734548bad86e8ace7d9140,432,52162,0,0,0,,0,0,0,,0,0,0,,0,0,0,0,
da3d722ffea34b5b87fbb62c6026cba2,431,13152,0,0,0,,0,0,0,,0,0,0,,141,0,0,0,
9bb20f60d5c440d39eb4f14fbe48a296,430,0,0,0,0,,0,0,0,,0,0,0,,371,0,0,0,
502d093ba13d45de84602b54a1dc6e6c,430,21777,34,14,307,https://www.youtube.com/watch?v=Hy9e9NFquzk,138,51,307,https://www.youtube.com/watch?v=Hy9e9NFquzk,24,12,90,https://www.youtube.com/watch?v=a5iP3bir9Fo,191,0,0,0,
5fbf4f6751f24d03a5723670cd500aca,429,11150,0,0,0,,0,0,0,,0,0,0,,785,103,82,203,https://www.twitch.tv/videos/2848647590
c7400e2934c646e49f7df1816de41360,427,19058,0,0,0,,0,0,0,,0,0,0,,24,0,0,0,
5000b613025542c498cd6ab2287865c6,424,2811,0,0,0,,0,0,0,,0,0,0,,3868,578,410,1010,https://www.twitch.tv/videos/2854863167
f3fe9fb6de2a477fae878a39924c15bd,422,12011,0,0,0,,0,0,0,,0,0,0,,3064,0,0,0,
8eaa819167de4fefb116ee8f88850d85,422,30,0,0,0,,0,0,0,,0,0,0,,152,0,0,0,
698aa5547b7c4cf793b1411322d1b423,422,356,0,0,0,,0,0,0,,0,0,0,,1900,0,0,0,
bd119628dae64d45b71b44e0f158f23a,421,4757,0,0,0,,0,0,0,,0,0,0,,3853,0,0,0,
fd5a1e004f224586aa65f9c5b374cc4a,420,7784,0,0,0,,0,0,0,,0,0,0,,5407,716,228,1340,https://www.twitch.tv/videos/2848343047
8c494e45ce5b462aa744d46bbdc54021,419,86664,51,25,101,https://www.youtube.com/watch?v=w4k2cEAprC4,51,25,101,https://www.youtube.com/watch?v=w4k2cEAprC4,0,0,0,,268,20,12,25,https://www.twitch.tv/videos/2853900989
f0f6694a60de4fb799b3f315abbaf7b6,419,19180,0,0,0,,0,0,0,,0,0,0,,0,0,0,0,
04efe2883aff4fb189084cb815c7c036,419,0,0,0,0,,0,0,0,,0,0,0,,0,0,0,0,
4a2df649332047d3b733c88209925f4c,418,8431,0,0,0,,0,0,0,,0,0,0,,1242,0,0,0,
1cddca10dd334373b8f51b3b0ed2efe4,418,26300,3,0,4,https://www.youtube.com/watch?v=RIy2YBtbZ8U,0,0,0,,3,0,4,https://www.youtube.com/watch?v=RIy2YBtbZ8U,0,0,0,0,
28c152a7489b4402960bd4bd36b7229b,417,42289,6,1,30,https://www.youtube.com/watch?v=NVa0awGFQLo,0,0,0,,6,1,30,https://www.youtube.com/watch?v=NVa0awGFQLo,227,53,40,68,https://www.twitch.tv/videos/2850557520
7232734df59c4e099205c7685007d8d4,416,85743,52,3,52,https://www.youtube.com/watch?v=Fv-hdf4IXzM,0,0,0,,52,3,52,https://www.youtube.com/watch?v=Fv-hdf4IXzM,981,0,0,0,
7d0d99e77f624bdc934b17212a39a894,415,2057,0,0,0,,0,0,0,,0,0,0,,4170,247,189,341,https://www.twitch.tv/videos/2844223954
26ae367c497f410399b769ded171d29f,415,6488,0,0,0,,0,0,0,,0,0,0,,0,0,0,0,
a2ca2eb4da5b4df3aa59637e1dbc260b,415,3301,0,0,0,,0,0,0,,0,0,0,,709,0,0,0,
5c70a4710fca4b86ac63d56b0e894284,414,30771,0,0,0,,0,0,0,,0,0,0,,0,0,0,0,
b932ddb915af47ec948b56d4bf901dab,413,9182,116,41,184,https://www.youtube.com/watch?v=zUjijN8G2yU,116,41,184,https://www.youtube.com/watch?v=zUjijN8G2yU,0,0,0,,0,0,0,0,
31888d1a66654eee82d4dd22017db978,412,77495,106,32,1549,https://www.youtube.com/watch?v=cxiuQ__AlG8,0,0,0,,106,32,1549,https://www.youtube.com/watch?v=cxiuQ__AlG8,4,0,0,0,
f0987ff6444945558cd159a508cd823f,411,7446,0,0,0,,0,0,0,,0,0,0,,2771,869,374,1463,https://www.twitch.tv/videos/2843113800
7051e693d03645bda16b3591f06ebd3f,411,20594,0,0,0,,0,0,0,,0,0,0,,0,0,0,0,
f771e51357eb44d2820afd47aba3b546,411,9945,0,0,0,,0,0,0,,0,0,0,,373,52,40,73,https://www.twitch.tv/videos/2844178747
3d5a0befb7b042f697f70d5fb3d6ab94,409,11198,0,0,0,,0,0,0,,0,0,0,,0,0,0,0,
a5fe6adcf3bd42b79475803c56a11832,409,28685,935,422,1034,https://www.youtube.com/watch?v=MmPhicKvIgI,0,0,0,,935,422,1034,https://www.youtube.com/watch?v=MmPhicKvIgI,69,30,21,48,https://www.twitch.tv/videos/2845797952
7d11ed1b02104cf58efd2df6cbc1ef69,408,20670,0,0,0,,0,0,0,,0,0,0,,1185,55,39,87,https://www.twitch.tv/videos/2854265403
8527ad14c0a348e19d1dc223e0abac20,407,9225,0,0,0,,0,0,0,,0,0,0,,0,0,0,0,
be45601754a44c568c9f60f7d2847ccb,405,15169,54,51,136,https://www.youtube.com/watch?v=FIHv2qJEw14,54,51,136,https://www.youtube.com/watch?v=FIHv2qJEw14,0,0,0,,0,0,0,0,
d11123a75b874ad2bb120bb237e94c8d,404,2955,0,0,0,,0,0,0,,0,0,0,,4731,0,0,0,
00ddd14a74df4e2488319ea2ce25770c,404,224,0,0,0,,0,0,0,,0,0,0,,1207,0,0,0,
2f32fa150b4b4572bb6dd1a8e8c94ff1,403,12784,106,11,106,https://www.youtube.com/watch?v=RShndspX0GA,0,0,0,,106,11,106,https://www.youtube.com/watch?v=RShndspX0GA,4068,1024,291,2172,https://www.twitch.tv/videos/2849844657
ec198b33036c436591c01ee93976b6a3,403,1599,0,0,0,,0,0,0,,0,0,0,,0,0,0,0,
cc85e4120c0746b7925c898a963f0747,403,22284,0,0,0,,0,0,0,,0,0,0,,0,0,0,0,
52d7a40d46034062ad2fc29b4a2a9198,402,44070,0,0,0,,0,0,0,,0,0,0,,3559,943,271,3413,https://www.twitch.tv/videos/2839573880
4e1dd2ab9e4b4c71bced0c5987cf9be7,402,16714,0,0,0,,0,0,0,,0,0,0,,2939,164,124,267,https://www.twitch.tv/videos/2853857076
49150fef0c1f4c0e9e18567224a7bf5c,401,5680,57,35,107,https://www.youtube.com/watch?v=Mf5GzMNjDtw,57,35,107,https://www.youtube.com/watch?v=Mf5GzMNjDtw,0,0,0,,0,0,0,0,
e63fd2ead17a4b57b256fcd55fe83b0e,400,34344,32,8,87,https://www.youtube.com/watch?v=_cpWRgQLYBY,32,8,87,https://www.youtube.com/watch?v=_cpWRgQLYBY,0,0,0,,330,18,9,35,https://www.twitch.tv/videos/2846820282
c5e956bdce614dddbeddfaf6ada4200d,400,20680,25,9,43,https://www.youtube.com/watch?v=Q5xtIkRHzBE,25,9,43,https://www.youtube.com/watch?v=Q5xtIkRHzBE,0,0,0,,0,0,0,0,
f9174719d2a148eea3b406e332e4fcab,399,0,0,0,0,,0,0,0,,0,0,0,,0,0,0,0,
6c166d9128e74147a5c0b1dbf89c885c,397,4550,0,0,0,,0,0,0,,0,0,0,,0,0,0,0,
d50d9b85f098470c8220cd99de802b17,397,21008,50,23,50,https://www.youtube.com/watch?v=fwSfEaK5MX8,50,23,50,https://www.youtube.com/watch?v=fwSfEaK5MX8,0,0,0,,0,0,0,0,
05055e62d34241888df31217ac25e671,394,20835,0,0,0,,0,0,0,,0,0,0,,1620,74,51,180,https://www.twitch.tv/videos/2847629460
836015916a40475bb608e8c6a69b6a09,394,31208,0,0,0,,0,0,0,,0,0,0,,0,0,0,0,
b0ec0f1ffbd8426982e7ca40d4b1064b,394,9155,0,0,0,,0,0,0,,0,0,0,,0,0,0,0,
d3b5f619038a4c488d36aeaeddc0f790,393,7241,0,0,0,,0,0,0,,0,0,0,,0,0,0,0,
b386124230514f5fa128ad046e85f12f,393,5793,0,0,0,,0,0,0,,0,0,0,,436,0,0,0,
93bf43bc175742cd8c7af6b80687cd84,393,43314,0,0,0,,0,0,0,,0,0,0,,1694,261,181,309,https://www.twitch.tv/videos/2843152437
6eac5ce6527b4513bcff4b38d277b5cc,392,35754,451,184,1486,https://www.youtube.com/watch?v=angD4R5-K1o,0,0,0,,451,184,1486,https://www.youtube.com/watch?v=angD4R5-K1o,192,0,0,0,
e802bcea6eb04ce6aa9041aa5e06ceae,392,12185,0,0,0,,0,0,0,,0,0,0,,0,0,0,0,
4693c4a0f4284a429f353419a3fc547c,392,67162,365,166,1090,https://www.youtube.com/watch?v=eXtBKAgLFIE,86,81,592,https://www.youtube.com/watch?v=R-_wTZ1X0ow,752,238,1090,https://www.youtube.com/watch?v=eXtBKAgLFIE,0,0,0,0,
e1bc34a2b6ac4d86ad6758cef724e7dc,390,10917,0,0,0,,0,0,0,,0,0,0,,486,383,305,449,https://www.twitch.tv/videos/2854986270
577fdbca86fa4414a153b5ebdcab90d4,390,2089,0,0,0,,0,0,0,,0,0,0,,1948,0,0,0,
21fcf23549a74111bbe31c949245e2cd,390,12685,0,0,0,,0,0,0,,0,0,0,,0,0,0,0,
f46e5ebb899548cab53d24f1901315b0,389,15546,40,5,85,https://www.youtube.com/watch?v=ziA6LI1gy-A,40,5,85,https://www.youtube.com/watch?v=ziA6LI1gy-A,0,0,0,,141,0,0,0,
9ee3c9b53c0048329175370a5868300b,385,36516,0,0,0,,0,0,0,,0,0,0,,0,0,0,0,
dbf7b5a346e645f7be7d0d19d2193bc5,384,142497,0,0,0,,0,0,0,,0,0,0,,0,0,0,0,
cce33288177341058833d8b4a093b03f,384,28878,0,0,0,,0,0,0,,0,0,0,,0,0,0,0,
5f68c9b585ad40c0ada7697c9b7f5055,384,4893,1126,312,1326,https://www.youtube.com/watch?v=dPwZfXFg3Rc,0,0,0,,1126,312,1326,https://www.youtube.com/watch?v=dPwZfXFg3Rc,7593,527,153,628,https://www.twitch.tv/videos/2847703014
b3b24f0ebecc45118f88f12042bd59c8,383,63239,0,0,0,,0,0,0,,0,0,0,,0,0,0,0,
c8cb49db0c6842afa1a9bb8bb2620e8f,383,22245,0,0,0,,0,0,0,,0,0,0,,0,0,0,0,
4e78d5ae75144358a0384df9822c60bc,383,9194,0,0,0,,0,0,0,,0,0,0,,742,308,254,330,https://www.twitch.tv/videos/2852370760
3802b3f13284406cb4bc3f775690add5,383,16172,245,231,2139,https://www.youtube.com/watch?v=RQx38EM4ssU,57,1,57,https://www.youtube.com/watch?v=gLGLK9F8j70,1192,984,2139,https://www.youtube.com/watch?v=RQx38EM4ssU,329,0,0,0,
2f7da7d6dbe84301b4ef52240cc05e9b,382,25717,0,0,0,,0,0,0,,0,0,0,,1180,0,0,0,
c11749c10e1941a9adb2a231eee2f2ea,382,9581,0,0,0,,0,0,0,,0,0,0,,312,0,0,0,
670df075e5f9402bbcb6369685838b02,382,13587,17,8,22,https://www.youtube.com/watch?v=zkHkHL7Tt-4,17,8,22,https://www.youtube.com/watch?v=zkHkHL7Tt-4,0,0,0,,0,0,0,0,
20b358775f2c4e7aa0a9f4e5090fe557,381,0,0,0,0,,0,0,0,,0,0,0,,0,0,0,0,
c97b665a89c34600be01f83eb1f77063,380,11739,0,0,0,,0,0,0,,0,0,0,,0,0,0,0,
64e20992295c4be984e9af0a470d6440,379,4747,0,0,0,,0,0,0,,0,0,0,,5406,241,125,241,https://www.twitch.tv/videos/2843213761
6d83214d4d964bc9a236f4cbdd8d99e4,378,7287,82,51,203,https://www.youtube.com/watch?v=RjErbTBXxp8,82,51,203,https://www.youtube.com/watch?v=RjErbTBXxp8,0,0,0,,47,0,0,0,
a2ceea65ce58431085b1366a0cfe9c61,376,0,0,0,0,,0,0,0,,0,0,0,,0,0,0,0,
1391c9808cd64cecb670a24b210ebc3f,375,0,0,0,0,,0,0,0,,0,0,0,,0,0,0,0,
d334f3b3ba8b4e43bd7b5a237a7b4476,375,49070,79,58,1090,https://www.youtube.com/watch?v=m0zGEoJ1gMw,71,53,137,https://www.youtube.com/watch?v=eKMYTA8dyYU,1066,464,1090,https://www.youtube.com/watch?v=m0zGEoJ1gMw,43,0,0,0,
e443b9e0c3524137ba2774625c6c78cd,372,10071,922,313,1128,https://www.youtube.com/watch?v=9PnVDlYXkCQ,0,0,0,,922,313,1128,https://www.youtube.com/watch?v=9PnVDlYXkCQ,715,41,29,64,https://www.twitch.tv/videos/2849611544
236bfe277b89428dacb6ecc89fdb6ca2,370,0,0,0,0,,0,0,0,,0,0,0,,0,0,0,0,
9434be74cca5450789bf73aa4359b542,369,4963,0,0,0,,0,0,0,,0,0,0,,0,0,0,0,
789a5da3ba8146e9ac10a8814f096b49,369,3297,0,0,0,,0,0,0,,0,0,0,,0,0,0,0,
012a92dc9c224aa6986c10e635428a7f,368,97909,0,0,0,,0,0,0,,0,0,0,,0,0,0,0,
652b28416c394eed93337f121c0dcbf5,368,17011,41,19,82,https://www.youtube.com/watch?v=qSdUi0F6v4Q,41,19,82,https://www.youtube.com/watch?v=qSdUi0F6v4Q,0,0,0,,0,0,0,0,
4f8936d4899d4e2c83bf949bc61b2bd2,366,10634,0,0,0,,0,0,0,,0,0,0,,227,0,0,0,
8013fa67a08945a5b4b976156b6f610f,365,6623,0,0,0,,0,0,0,,0,0,0,,386,39,37,39,https://www.twitch.tv/videos/2855104122
9be839573d1a4944a93740ca42fa65d4,364,20188,0,0,0,,0,0,0,,0,0,0,,1551,149,118,674,https://www.twitch.tv/videos/2843133092
a8e0ec03cb0a4e0292228e1a6ed35e6a,363,8448,0,0,0,,0,0,0,,0,0,0,,874,23,15,63,https://www.twitch.tv/videos/2843761699
ae5e1ce2a3074d07818716492277408c,362,2881,0,0,0,,0,0,0,,0,0,0,,1141,0,0,0,
07930a961f0b4078a14f0a57f0a93965,361,28287,71,39,102,https://www.youtube.com/watch?v=kwftO6XmnxU,71,39,102,https://www.youtube.com/watch?v=kwftO6XmnxU,0,0,0,,0,0,0,0,
60a64aca51ed4528895fe35b08231670,360,13378,0,0,6,https://www.youtube.com/watch?v=EV5MXQTipNU,0,0,0,,0,0,6,https://www.youtube.com/watch?v=EV5MXQTipNU,407,14,10,18,https://www.twitch.tv/videos/2846958883
1c096a5610c0459b84c74213c3b30f85,360,32153,0,0,0,,0,0,0,,0,0,0,,211,0,0,0,
682e400513134d0bacfa85513958c64d,359,6806,0,0,0,,0,0,0,,0,0,0,,1017,665,413,1036,https://www.twitch.tv/videos/2845776982
f2f74f42d7e44c2b8c71807abd0967f3,356,93884,0,0,0,,0,0,0,,0,0,0,,3151,565,288,2024,https://www.twitch.tv/videos/2847704761
27a484e8f53a433396e73bea886fa2cb,356,20057,0,0,0,,0,0,0,,0,0,0,,0,0,0,0,
db3a6f094c3146c2ab6f2f267337f132,354,9251,277,6,277,https://www.youtube.com/watch?v=7mIBStZJaSE,0,0,0,,277,6,277,https://www.youtube.com/watch?v=7mIBStZJaSE,1386,0,0,0,
3a29989f3f71430f88f1535125a1d32c,354,0,0,0,0,,0,0,0,,0,0,0,,0,0,0,0,
4fc02db3aab84e6cb526c02405d18c6e,353,17656,0,0,0,,0,0,0,,0,0,0,,147,0,0,0,
7ee1b473a5584a1a85973acfa45e0e1d,352,9860,0,0,0,,0,0,0,,0,0,0,,0,0,0,0,
f24626ac0ce34975a3b3fd6d8455f4f7,347,8126,0,0,0,,0,0,0,,0,0,0,,183,0,0,0,
1af1c5f8526a4396820151df1bff37b7,347,30466,73,25,380,https://www.youtube.com/watch?v=F5srZwgCY4M,73,30,140,https://www.youtube.com/watch?v=6_HHwfPpmcQ,83,21,380,https://www.youtube.com/watch?v=F5srZwgCY4M,0,0,0,0,
6e56882f3f8e4911b8b67316f1265808,346,84103,0,0,0,,0,0,0,,0,0,0,,163,0,0,0,
aac7be72efc74efe9e77148fd4af7151,345,16423,20,11,26,https://www.youtube.com/watch?v=oAIJzpoo1BI,20,11,26,https://www.youtube.com/watch?v=oAIJzpoo1BI,0,0,0,,0,0,0,0,
836540821b58433e9e04bea62c49cf2d,345,20013,198,72,250,https://www.youtube.com/watch?v=SV6KrMXRELg,0,0,0,,198,72,250,https://www.youtube.com/watch?v=SV6KrMXRELg,335,0,0,0,
4bc8631382ba4559bca22733663cdad5,342,7465,0,0,0,,0,0,0,,0,0,0,,0,0,0,0,
1db7ec043f284eaea0bd2213ecce2bad,342,21627,46,32,1034,https://www.youtube.com/watch?v=Ex_HWieiArw,44,30,184,https://www.youtube.com/watch?v=ihx1nIOB3rg,1034,230,1034,https://www.youtube.com/watch?v=Ex_HWieiArw,0,0,0,0,
513c300c8af04b8a84d18f665b66481f,341,40270,0,0,0,,0,0,0,,0,0,0,,0,0,0,0,
a1b415a04d4645399607d4b3bbe00bd7,341,20998,211,87,1590,https://www.youtube.com/watch?v=Q-mERcy2Q48,149,81,306,https://www.youtube.com/watch?v=E5-LXZkD3Wc,1312,619,1590,https://www.youtube.com/watch?v=Q-mERcy2Q48,0,0,0,0,
095d5621db8b44ed914d81f9e1183673,340,13215,36,23,102,https://www.youtube.com/watch?v=N5HJFcGLDeg,36,23,102,https://www.youtube.com/watch?v=N5HJFcGLDeg,0,0,0,,25,0,0,0,
e73e2554e6754cadb0b836bb1fcfdaf7,340,34220,99,49,1074,https://www.youtube.com/watch?v=exg6KDjkUdk,82,42,328,https://www.youtube.com/watch?v=Mws7O-Q9efA,316,84,1074,https://www.youtube.com/watch?v=exg6KDjkUdk,57,11,10,25,https://www.twitch.tv/videos/2853175182
22a21c1a529f4817b8790629d8b4590f,339,66147,69,29,80,https://www.youtube.com/watch?v=R1jaUdpFvjg,0,0,0,,69,29,80,https://www.youtube.com/watch?v=R1jaUdpFvjg,106,0,0,0,
985e64cecc24401290c08cb7e2f4ef50,339,13532,0,0,0,,0,0,0,,0,0,0,,2086,235,157,380,https://www.twitch.tv/videos/2845694827
73755322c8e74479864369766f924be1,339,19176,0,0,0,,0,0,0,,0,0,0,,4896,288,226,288,https://www.twitch.tv/videos/2850466997
9a13461ec0e644ceb6e86381ca41d33a,337,39865,0,0,0,,0,0,0,,0,0,0,,1379,0,0,0,
e9569c3f60c541ab83899c09079feaa2,337,9010,31,12,217,https://www.youtube.com/watch?v=qgs2v76w9js,31,12,217,https://www.youtube.com/watch?v=qgs2v76w9js,0,0,0,,2942,0,0,0,
d8520b0d7b424141bf19b3254d264960,336,8732,0,0,0,,0,0,0,,0,0,0,,0,0,0,0,
bf7122f997f04401b0a6938abaded38c,336,19416,53,34,87,https://www.youtube.com/watch?v=e_M-bOVXpMs,53,34,87,https://www.youtube.com/watch?v=e_M-bOVXpMs,0,0,0,,0,0,0,0,
f6a02208132e4cdeb72d84d1fb487384,336,0,0,0,0,,0,0,0,,0,0,0,,0,0,0,0,
0554e298ab8041c19ce07bf0b2c315a0,336,36910,50,32,2831,https://www.youtube.com/watch?v=l7Nt1Xr8AHE,37,32,219,https://www.youtube.com/watch?v=CSEZAWFQlss,432,109,2831,https://www.youtube.com/watch?v=l7Nt1Xr8AHE,0,0,0,0,
6391e2693fa6464d83fdf5d136596bb0,335,20305,32,7,1383,https://www.youtube.com/watch?v=vLWxbY4_5Ys,27,20,193,https://www.youtube.com/watch?v=TtqhN5P2wpY,42,7,1383,https://www.youtube.com/watch?v=vLWxbY4_5Ys,0,0,0,0,
2e05bf5968cf4b3789a1316f5b05d857,335,67192,0,0,0,,0,0,0,,0,0,0,,0,0,0,0,
92b3889a0c304d8fb9eed110bb82c60c,334,17799,0,0,0,,0,0,0,,0,0,0,,0,0,0,0,
389bd53524c74c44a32d72279b288b17,333,2905,0,0,0,,0,0,0,,0,0,0,,0,0,0,0,
5c3ea93753724a63b32071a7a580af7b,333,38197,20,6,129,https://www.youtube.com/watch?v=iVwhd2Ag5i4,0,0,0,,20,6,129,https://www.youtube.com/watch?v=iVwhd2Ag5i4,1760,27,19,37,https://www.twitch.tv/videos/2852391179
3083d2b8192843958b2852553cb3bc70,331,2781,0,0,0,,0,0,0,,0,0,0,,456,108,67,114,https://www.twitch.tv/videos/2845020803
ca4210c7562b479cb3af76082fb70fcd,330,5970,0,0,0,,0,0,0,,0,0,0,,3641,716,525,2181,https://www.twitch.tv/videos/2845166835
71f86178cf8545658c5c836c868a3646,330,7087,60,47,60,https://www.youtube.com/watch?v=ZutX15C3900,0,0,0,,60,47,60,https://www.youtube.com/watch?v=ZutX15C3900,1409,567,434,691,https://www.twitch.tv/videos/2847782704
b6cc2e3d23f34ba8bbeba181d19a714c,330,6697,0,0,0,,0,0,0,,0,0,0,,4711,1108,381,2103,https://www.twitch.tv/videos/2830480063
a24116ba22c84747818b7be8cd8eb733,329,14891,13,5,22,https://www.youtube.com/watch?v=DuYpGZg6bJk,13,5,22,https://www.youtube.com/watch?v=DuYpGZg6bJk,0,0,0,,364,20,14,25,https://www.twitch.tv/videos/2846680057
803435ca691f43a4b02360926fee23d1,329,14933,27,6,103,https://www.youtube.com/watch?v=EkV25xorlao,49,9,103,https://www.youtube.com/watch?v=EkV25xorlao,10,5,10,https://www.youtube.com/watch?v=1z-0n2yYZ4A,1532,91,63,133,https://www.twitch.tv/videos/2855847378
0fa0331a92df4a21bc5fc771223c3b3c,329,18737,0,0,0,,0,0,0,,0,0,0,,2216,0,0,0,
85340d14d5654ac3b28b39b007a7dea7,329,17823,35,16,79,https://www.youtube.com/watch?v=eAu_4VNPf5I,35,16,79,https://www.youtube.com/watch?v=eAu_4VNPf5I,0,0,0,,0,0,0,0,
5ae7e41f9b9a420d9217a0b2c6755f52,329,3674,0,0,0,,0,0,0,,0,0,0,,0,0,0,0,
c4268d9874b14b3282613fa11102ce4b,328,24163,35,17,77,https://www.youtube.com/watch?v=-EPFaqwkOiI,35,17,77,https://www.youtube.com/watch?v=-EPFaqwkOiI,0,0,0,,377,47,34,87,https://www.twitch.tv/videos/2843460691
366df9da61654531a6581169c70a0432,328,0,0,0,0,,0,0,0,,0,0,0,,55,0,0,0,
8fe313c8e0704a29a7a387b47c4f938b,327,10859,33,21,34,https://www.youtube.com/watch?v=49CYhjxZTas,33,21,34,https://www.youtube.com/watch?v=49CYhjxZTas,0,0,0,,0,0,0,0,
876c11fba4af4235857127b9af87093e,327,17190,0,0,0,,0,0,0,,0,0,0,,0,0,0,0,
82af75b290f44cd8b9a97bc5addaaf58,326,8669,68,27,71,https://www.youtube.com/watch?v=fNnaUefNHkg,68,27,71,https://www.youtube.com/watch?v=fNnaUefNHkg,0,0,0,,138,0,0,0,
46e65e217ca84bbf8d43b67c3e5a9d90,325,23859,1,0,5,https://www.youtube.com/watch?v=lKuzZar5k2Q,0,0,0,,1,0,5,https://www.youtube.com/watch?v=lKuzZar5k2Q,226,0,0,0,
cbb0ea239d8e4f65a46ada52dfb778e3,325,8977,9,4,82,https://www.youtube.com/watch?v=8jMBKLbsoEc,0,0,0,,9,4,82,https://www.youtube.com/watch?v=8jMBKLbsoEc,619,397,262,1210,https://www.twitch.tv/videos/2853827423
2af109d54b1c49968b572aa2b59664ab,323,12546,0,0,0,,0,0,0,,0,0,0,,0,0,0,0,
0f5e3935971449daa91b654886313110,321,0,0,0,0,,0,0,0,,0,0,0,,2258,0,0,0,
d859857097fe4e9d90a2d840c0e7fca1,321,20655,0,0,0,,0,0,0,,0,0,0,,247,0,0,0,
8a8a1d0901c04d568be19e2d8bbc9ca1,321,34476,0,0,0,,0,0,0,,0,0,0,,0,0,0,0,
e32b6351f1684034955171b93b1c5e63,320,0,0,0,0,,0,0,0,,0,0,0,,1808,0,0,0,
ca161c4e0ef54cd4a311705625caf164,320,11593,0,0,0,,0,0,0,,0,0,0,,2217,0,0,0,
12f22a9f1ecf4807a61eee4d628d4bd3,320,4455,0,0,0,,0,0,0,,0,0,0,,0,0,0,0,
348b76fa1b194d3d8aa28b17abe8b153,318,1132,374,154,559,https://www.youtube.com/watch?v=iLYvyZR5bPE,380,165,559,https://www.youtube.com/watch?v=iLYvyZR5bPE,374,142,374,https://www.youtube.com/watch?v=lFszrUVHpTo,0,0,0,0,
e94e1e38a611403192e4db197c2d9d91,317,7060,0,0,0,,0,0,0,,0,0,0,,0,0,0,0,
7f494e37d17544878977d81e26b13897,316,170,0,0,0,,0,0,0,,0,0,0,,0,0,0,0,
d39563dd7adf452989791068eaf4524e,316,6875,0,0,0,,0,0,0,,0,0,0,,0,0,0,0,
d88c3cbdb65940e69a3feb152dc93d6d,315,1070,0,0,0,,0,0,0,,0,0,0,,475,54,36,119,https://www.twitch.tv/videos/2845853547
8c1fe8acf675446ebb2fd046e6396983,313,37753,206,16,1577,https://www.youtube.com/watch?v=kuY-4EkZTck,18,8,39,https://www.youtube.com/watch?v=_hyOMUJgS5I,1353,353,1577,https://www.youtube.com/watch?v=kuY-4EkZTck,277,24,23,37,https://www.twitch.tv/videos/2845943535
9abd60c00f0f412b978a2398b13ac4e8,312,39182,16,15,22,https://www.youtube.com/watch?v=sMwapsFfgWc,22,20,22,https://www.youtube.com/watch?v=sMwapsFfgWc,11,10,11,https://www.youtube.com/watch?v=cwCN_daVwks,0,0,0,0,
09db2ab40bc54cae831b5514b68be313,312,0,0,0,0,,0,0,0,,0,0,0,,0,0,0,0,
4e4cbcbc0acf410ea5a50e4a6bbafd01,312,4080,0,0,0,,0,0,0,,0,0,0,,2829,1328,1054,2088,https://www.twitch.tv/videos/2848728973
b09373e11cc74ed4b58440b9d7368172,311,24972,46,11,99,https://www.youtube.com/watch?v=np4vuCPRLWk,46,11,99,https://www.youtube.com/watch?v=np4vuCPRLWk,0,0,0,,0,0,0,0,
79f4c64bde584997bf6ad38afd44b51d,310,22602,0,0,0,,0,0,0,,0,0,0,,174,32,22,32,https://www.twitch.tv/videos/2848557284
04e61f47cdf542c7b5a3b3ae569fc021,307,3067,0,0,0,,0,0,0,,0,0,0,,877,0,0,0,
e4348f08ee98429eb6143ecbac088f1a,306,11096,131,62,1491,https://www.youtube.com/watch?v=-zNdtm0O45Y,187,83,1491,https://www.youtube.com/watch?v=-zNdtm0O45Y,31,15,31,https://www.youtube.com/watch?v=fSgjd2VEy8A,0,0,0,0,
57843e9c870647729c2438a7a7077008,306,8556,0,0,0,,0,0,0,,0,0,0,,97,0,0,0,
df6443487ffb4142aea2b053b4aa8db7,306,48582,0,0,0,,0,0,0,,0,0,0,,1789,277,219,607,https://www.twitch.tv/videos/2850282608
72ee59fb29644f8b88a4dd3d7e91fe39,305,10511,0,0,0,,0,0,0,,0,0,0,,0,0,0,0,
2e7fa2f9a4ba4ca6a0ea1397839aafca,305,11787,16,7,29,https://www.youtube.com/watch?v=piMA_vSh-7k,16,7,29,https://www.youtube.com/watch?v=piMA_vSh-7k,0,0,0,,0,0,0,0,
dfa5fefa546a40d5a677ddfff02ff3e1,302,18396,0,0,0,,0,0,0,,0,0,0,,785,0,0,0,
1895ef1f232d454aa6c18ca7812c794c,301,4559,0,0,0,,0,0,0,,0,0,0,,25,0,0,0,
33cabb57d2454dfdbdf7453c54429940,300,135795,0,0,0,,0,0,0,,0,0,0,,805,145,104,1511,https://www.twitch.tv/videos/2851472227
6cdaf0b035d04e3794a5accd5ed8b08f,299,1919,0,0,0,,0,0,0,,0,0,0,,0,0,0,0,
d09b9f800b7940deb1f8a2b58a302f07,299,4280,0,0,0,,0,0,0,,0,0,0,,4265,229,207,553,https://www.twitch.tv/videos/2843325822
a4a9cd639c7546538ee9635b9a14989d,299,16527,0,0,0,,0,0,0,,0,0,0,,0,0,0,0,
f3757b8d656f48749cada897ce597abc,298,7951,33,0,33,https://www.youtube.com/watch?v=BAGa9pazdPU,33,0,33,https://www.youtube.com/watch?v=BAGa9pazdPU,0,0,0,,0,0,0,0,
3e7f5f5e829e4d4baca2a8a5916d60e4,298,3403,0,0,0,,0,0,0,,0,0,0,,2996,729,489,1230,https://www.twitch.tv/videos/2852867522
8ae87582ab1e4b31bfd38310afda77bd,298,3882,0,0,0,,0,0,0,,0,0,0,,1367,231,172,757,https://www.twitch.tv/videos/2851708392
a13421f0201540ecaccd5c207b15c425,298,16992,79,38,101,https://www.youtube.com/watch?v=622yJ64ufVg,79,38,101,https://www.youtube.com/watch?v=622yJ64ufVg,0,0,0,,0,0,0,0,
e6373c7f689c44f8971ca0f83c817789,298,1957,15,9,54,https://www.youtube.com/watch?v=EKAJVckcvU0,15,9,54,https://www.youtube.com/watch?v=EKAJVckcvU0,4,2,4,https://www.youtube.com/watch?v=mAgxr-81k2A,233,17,11,40,https://www.twitch.tv/videos/2847776996
2b1ef81172474b6b8409100be2f30da7,297,4640,0,0,0,,0,0,0,,0,0,0,,2636,175,171,839,https://www.twitch.tv/videos/2847470443
964a0dde279c45ea85ffc6ad5d266206,296,11152,0,0,0,,0,0,0,,0,0,0,,1095,89,79,89,https://www.twitch.tv/videos/2853260812
2d2dc667f7a9488092e67b0475dc3774,296,2814,0,0,0,,0,0,0,,0,0,0,,206,0,0,0,
09ceaec049b74c6bbe11eca7d4aa3cf6,296,7858,0,0,0,,0,0,0,,0,0,0,,0,0,0,0,
e773129f910c4bd182f3b702c9ec1b55,295,10601,32,17,71,https://www.youtube.com/watch?v=o7_fqNMTvMY,32,17,71,https://www.youtube.com/watch?v=o7_fqNMTvMY,0,0,0,,0,0,0,0,
05d19eac5d22427f916e6fa59bf17b3b,294,87042,2,1,370,https://www.youtube.com/watch?v=OFjQW8aqG7g,0,0,0,,2,1,370,https://www.youtube.com/watch?v=OFjQW8aqG7g,2557,264,228,424,https://www.twitch.tv/videos/2845768083
25619abc5e0d4f79839e48d83234eaf8,294,6878,21,15,90,https://www.youtube.com/watch?v=Cv9yX0SeRJY,21,15,90,https://www.youtube.com/watch?v=Cv9yX0SeRJY,0,0,0,,756,30,20,39,https://www.twitch.tv/videos/2846915548
e1421ddfd4e442b490e2a74656a2838d,293,198,0,0,0,,0,0,0,,0,0,0,,842,0,0,0,
f4935cf7bbb94ae88202ee7ab6d6b92b,293,0,0,0,0,,0,0,0,,0,0,0,,50,0,0,0,
479b23215fd84e0387e4f95c8bdfb127,292,117874,0,0,0,,0,0,0,,0,0,0,,0,0,0,0,
9add5efb4665440e8e021a9c3ced6095,292,41969,1090,784,4144,https://www.youtube.com/watch?v=EmoTHeFI4Ws,0,0,0,,1090,784,4144,https://www.youtube.com/watch?v=EmoTHeFI4Ws,0,0,0,0,
d3a0a421fd184f9fa51856096d01e85b,289,17064,0,0,0,,0,0,0,,0,0,0,,0,0,0,0,
c9f9ff24ef184b29a58c616412f1dbbc,288,5931,0,0,0,,0,0,0,,0,0,0,,0,0,0,0,
debdcce813bc48478ac33a0c39f05999,286,3956,316,253,779,https://www.youtube.com/watch?v=Yi0H1kM8VWk,293,284,316,https://www.youtube.com/watch?v=8v0nhE16x7E,779,108,779,https://www.youtube.com/watch?v=Yi0H1kM8VWk,9,0,0,0,
be1bfb3aafb34118808fd5a5c059ffaf,286,28395,0,0,0,,0,0,0,,0,0,0,,488,0,0,0,
e53a8beabf5c492388d3352d57dc2bf9,286,6636,84,64,97,https://www.youtube.com/watch?v=j9YRQ6A9CnE,84,64,97,https://www.youtube.com/watch?v=j9YRQ6A9CnE,0,0,0,,0,0,0,0,
75eb49d99170441ab784d7bec7378d21,286,12153,49,22,79,https://www.youtube.com/watch?v=jMNYjSNP1qA,49,22,79,https://www.youtube.com/watch?v=jMNYjSNP1qA,0,0,0,,1416,0,0,0,
eabec2cff9fb48cdb79965d77a56f47d,285,19957,115,41,589,https://www.youtube.com/watch?v=TaStYIFPGGs,124,40,305,https://www.youtube.com/watch?v=jaC10BLZ9J0,83,57,589,https://www.youtube.com/watch?v=TaStYIFPGGs,0,0,0,0,
9ee558b898964252a06e2c423f8d58ad,283,0,0,0,0,,0,0,0,,0,0,0,,0,0,0,0,
1618171723d84cbe8b57cd69fa6f477f,283,38598,0,0,0,,0,0,0,,0,0,0,,749,0,0,0,
d2e2645a97a14ce4b58a7884c0e6ec56,283,27349,0,0,0,,0,0,0,,0,0,0,,1281,58,41,92,https://www.twitch.tv/videos/2855848241
5f044942071146cb9ec4b760458a662e,283,0,0,0,0,,0,0,0,,0,0,0,,926,243,194,438,https://www.twitch.tv/videos/2843063502
7badd33c853240e280db61899f381ff2,282,11129,0,0,0,,0,0,0,,0,0,0,,423,0,0,0,
4cebb92683d548089e998ec18a484930,281,13478,33,10,44,https://www.youtube.com/watch?v=JFJ0UyZFm2M,33,10,44,https://www.youtube.com/watch?v=JFJ0UyZFm2M,0,0,0,,0,0,0,0,
8edfda91088642ffabf3b24e079eb039,281,14943,113,46,958,https://www.youtube.com/watch?v=Ut_bb3hT61o,114,48,211,https://www.youtube.com/watch?v=lxh9ZYfiQys,112,43,958,https://www.youtube.com/watch?v=Ut_bb3hT61o,0,0,0,0,
b7155dea3cdc452e9f77df41ccca17bd,280,1319,0,0,0,,0,0,0,,0,0,0,,485,0,0,0,
f40e7d4c2b8b4ea89a6cd017303ca5c0,280,1623,0,0,0,,0,0,0,,0,0,0,,601,198,174,222,https://www.twitch.tv/videos/2854193011
105f7890339346329ab408f423f617c3,279,16088,0,0,0,,0,0,0,,0,0,0,,4861,1126,238,4051,https://www.twitch.tv/videos/2855552457
bc5f0ae969564d15a5e85bfbe4df3164,279,9332,0,0,0,,0,0,0,,0,0,0,,37,0,0,0,
68fd874932e3457989d88d4f7f474260,279,18055,31,19,1385,https://www.youtube.com/watch?v=yUP47rFPVB8,31,15,103,https://www.youtube.com/watch?v=6h1whAnP0qA,956,396,1385,https://www.youtube.com/watch?v=yUP47rFPVB8,130,43,37,88,https://www.twitch.tv/videos/2850366426
67b3f32472774d3191ecfea12f60a990,278,10002,10,2,27,https://www.youtube.com/watch?v=tmXZUQ5fMfA,10,2,27,https://www.youtube.com/watch?v=tmXZUQ5fMfA,4,1,4,https://www.youtube.com/watch?v=LL5dVZZJsFI,121,0,0,0,
6fa20242354646ad8e8feea8d52e514e,278,6787,0,0,0,,0,0,0,,0,0,0,,0,0,0,0,
15c82034235748649547ada64817a6d1,277,30238,1509,457,1787,https://www.youtube.com/watch?v=RBlE7Gh9K2A,0,0,0,,1509,457,1787,https://www.youtube.com/watch?v=RBlE7Gh9K2A,3679,214,143,285,https://www.twitch.tv/videos/2844224412
279a45d6a8f9445389b9b8cdbcb72ae8,277,26114,0,0,0,,0,0,0,,0,0,0,,288,39,25,55,https://www.twitch.tv/videos/2845914017
94ca3090942d4ca38a71b8f1b65c7343,277,18047,0,0,0,,0,0,0,,0,0,0,,184,141,92,141,https://www.twitch.tv/videos/2846866643
9d5365bf17564326a578781a38b72bea,277,0,0,0,0,,0,0,0,,0,0,0,,0,0,0,0,
4fb207a1a5cb4e27a5774b657ae3f0ee,276,21983,0,0,0,,0,0,0,,0,0,0,,0,0,0,0,
cabc3ddcf7ad46ef9acb4b0951f9b2ba,275,30073,7,2,121,https://www.youtube.com/watch?v=DpoCQK_gqAY,0,0,0,,7,2,121,https://www.youtube.com/watch?v=DpoCQK_gqAY,1319,161,120,224,https://www.twitch.tv/videos/2853373753
a16471805f7f44f88237b42c79b9f3a2,275,11687,71,21,791,https://www.youtube.com/watch?v=i3wzppIwi5M,103,102,103,https://www.youtube.com/watch?v=VhoqRBqyCAg,39,7,791,https://www.youtube.com/watch?v=i3wzppIwi5M,0,0,0,0,
33f8f83054e3473d9c8c5e1a3c8e1008,274,8988,42,31,42,https://www.youtube.com/watch?v=XhsSuvBmPNo,42,31,42,https://www.youtube.com/watch?v=XhsSuvBmPNo,0,0,0,,0,0,0,0,
ccf55e42124c46ab828b188fc8c4f947,273,54077,44,26,44,https://www.youtube.com/watch?v=eWYYuvemMrw,0,0,0,,44,26,44,https://www.youtube.com/watch?v=eWYYuvemMrw,828,106,51,1077,https://www.twitch.tv/videos/2853280998
de5f8aaf92814bb79eb91adb0efc8f1d,272,14348,18,8,37,https://www.youtube.com/watch?v=w1YRjWUlaxM,18,8,37,https://www.youtube.com/watch?v=w1YRjWUlaxM,0,0,0,,0,0,0,0,
1fa9ddce23964bab8edddf7f18dad2f3,270,17290,136,55,136,https://www.youtube.com/watch?v=scjaeZRrPv0,0,0,0,,136,55,136,https://www.youtube.com/watch?v=scjaeZRrPv0,1693,263,217,524,https://www.twitch.tv/videos/2855920514
a6a155230538488e8488f01160598837,269,17037,0,0,0,,0,0,0,,0,0,0,,0,0,0,0,
03e9bea117bd4b5ba189b48f1617d9bb,268,7797,0,0,0,,0,0,0,,0,0,0,,0,0,0,0,
0d07fb89672446c3b4a1682131f96f7b,268,22809,23,5,43,https://www.youtube.com/watch?v=uP9I1pVR5OI,23,5,43,https://www.youtube.com/watch?v=uP9I1pVR5OI,0,0,0,,0,0,0,0,
67252692b4f64f509af6eacffdeafdf9,266,27831,67,33,86,https://www.youtube.com/watch?v=-G2BoLD5wEk,67,33,86,https://www.youtube.com/watch?v=-G2BoLD5wEk,0,0,0,,0,0,0,0,
bb0466e52fe240099d8498548b2fad3e,266,15109,0,0,0,,0,0,0,,0,0,0,,77,0,0,0,
fbd0d260a09c47b1a9dcc73fd41e7eca,265,3890,0,0,2,https://www.youtube.com/watch?v=T2_MCMKEvQ4,0,0,0,,0,0,2,https://www.youtube.com/watch?v=T2_MCMKEvQ4,6456,181,149,324,https://www.twitch.tv/videos/2851439303
f72fb9eab9a84db5ba139131d59bdd02,264,40034,751,279,1125,https://www.youtube.com/watch?v=PJWq3t99wTU,0,0,0,,751,279,1125,https://www.youtube.com/watch?v=PJWq3t99wTU,457,79,49,143,https://www.twitch.tv/videos/2847868590
a76d4171e74448fd9d1a6eaf183be3ff,262,15271,0,0,0,,0,0,0,,0,0,0,,846,0,0,0,
c91577ba12cd45deb9c8e5c666c290be,262,91812,57,23,148,https://www.youtube.com/watch?v=OD1xXoI0ug0,57,23,148,https://www.youtube.com/watch?v=OD1xXoI0ug0,0,0,0,,0,0,0,0,
f7758d944fd8438a86bfe1235c7bcd17,262,15594,0,0,0,,0,0,0,,0,0,0,,629,0,0,0,
0c05eca1975b40b3a0b54d3dfd61055d,262,45717,182,104,432,https://www.youtube.com/watch?v=Xy4ozxyB_C8,0,0,0,,182,104,432,https://www.youtube.com/watch?v=Xy4ozxyB_C8,2637,105,78,138,https://www.twitch.tv/videos/2843229774
1e62a729ec51448aa89d22adde18b214,259,46730,56,24,149,https://www.youtube.com/watch?v=pJC00N55yM0,54,30,149,https://www.youtube.com/watch?v=pJC00N55yM0,56,24,113,https://www.youtube.com/watch?v=gPfHPpVq_UA,0,0,0,0,
a3afce163c9341c992f526816d9d5440,257,6395,13,10,13,https://www.youtube.com/watch?v=0cREsVMjl3w,13,10,13,https://www.youtube.com/watch?v=0cREsVMjl3w,0,0,0,,109,0,0,0,
cd0b2f63c88e4b4abd5b83296a5d7866,255,3756,0,0,0,,0,0,0,,0,0,0,,3604,0,0,0,
a3452262e11348c88afea4031b0323a8,255,22194,3,0,9,https://www.youtube.com/watch?v=47ClErGrvYo,0,0,0,,3,0,9,https://www.youtube.com/watch?v=47ClErGrvYo,567,75,53,291,https://www.twitch.tv/videos/2852588356
1d9db35aa47c4d2d8bea3fb94afbd1b9,255,10335,55,24,158,https://www.youtube.com/watch?v=aBhiqlEWRbU,55,24,158,https://www.youtube.com/watch?v=aBhiqlEWRbU,0,0,0,,0,0,0,0,
7c96bbca1c184d70a39ef2a65a0d788c,255,0,0,0,0,,0,0,0,,0,0,0,,582,0,0,0,
3a44da0674144e61bff60415cc09a678,255,7571,18,6,25,https://www.youtube.com/watch?v=3i7Bra5-sfc,18,6,25,https://www.youtube.com/watch?v=3i7Bra5-sfc,0,0,0,,0,0,0,0,
5734f8f1aa53439e84769631937e0dd7,253,0,0,0,0,,0,0,0,,0,0,0,,0,0,0,0,
2ff6c25f8e5943d2ac0a6a006f5784c3,253,2460,0,0,0,,0,0,0,,0,0,0,,1590,0,0,0,
8ad7e8cd45e040f797cf2f1fa9d68976,249,11413,44,23,124,https://www.youtube.com/watch?v=aMNinbFlG2g,44,23,124,https://www.youtube.com/watch?v=aMNinbFlG2g,0,0,0,,0,0,0,0,
47cd428eee8640cb80afaa4ef9bb55e0,249,17849,64,18,116,https://www.youtube.com/watch?v=f7smu62y9aw,64,18,116,https://www.youtube.com/watch?v=f7smu62y9aw,0,0,0,,1663,158,103,345,https://www.twitch.tv/videos/2854191572
0e516fd1e97a4c58bad3afb6469748d4,249,3422,0,0,0,,0,0,0,,0,0,0,,566,0,0,0,
5d23e69300534fe6aa678d75573381ea,247,2203,0,0,0,,0,0,0,,0,0,0,,0,0,0,0,
a091320108954092a07650dd8a31a451,247,11590,0,0,0,,0,0,0,,0,0,0,,0,0,0,0,
69af139be1d3454c91192d9153e5bb65,247,45996,15,4,61,https://www.youtube.com/watch?v=tcwhnG08_6k,0,0,0,,15,4,61,https://www.youtube.com/watch?v=tcwhnG08_6k,820,146,118,223,https://www.twitch.tv/videos/2850452845
90a8ac8d7653460298ba85cb7e4d3bc9,246,3349,0,0,0,,0,0,0,,0,0,0,,55,0,0,0,
4bded61728c4482c817c3cc236d0a619,244,19747,0,0,0,,0,0,0,,0,0,0,,1082,0,0,0,
789a7f5d025349b4ace0925f9e17fdd7,244,880,0,0,0,,0,0,0,,0,0,0,,0,0,0,0,
d2437a12d8e54e858d2bdfa6d4053a9a,242,10724,24,10,107,https://www.youtube.com/watch?v=cwSsyWT3_iI,24,10,107,https://www.youtube.com/watch?v=cwSsyWT3_iI,0,0,0,,228,74,61,86,https://www.twitch.tv/videos/2848669591
975ec89d484d499aa1beece0c6731a15,242,11639,0,0,0,,0,0,0,,0,0,0,,0,0,0,0,
777608b04fa74a42975497f6273ed6f9,242,12537,2,0,14,https://www.youtube.com/watch?v=E_kpFO836k4,0,0,0,,2,0,14,https://www.youtube.com/watch?v=E_kpFO836k4,3061,496,407,832,https://www.twitch.tv/videos/2849980196
1ccf3d7852d34137b9cc70343dcc41bf,241,109983,0,0,0,,0,0,0,,0,0,0,,111,0,0,0,
e7ac18c2e713426692cfd0ef7fe2b897,241,0,0,0,0,,0,0,0,,0,0,0,,148,0,0,0,
3e86fddd8145474691e77ba761a6b2a5,240,37821,42,13,42,https://www.youtube.com/watch?v=K-HTSnUwWHk,0,0,0,,42,13,42,https://www.youtube.com/watch?v=K-HTSnUwWHk,1054,82,64,88,https://www.twitch.tv/videos/2849592167
f8134b804ccc4123b789e93baa013c7d,239,152,119,113,119,https://www.youtube.com/watch?v=9yeea2CQUdQ,0,0,0,,119,113,119,https://www.youtube.com/watch?v=9yeea2CQUdQ,0,0,0,0,
5c85ca3ffbfc4ff6b0591c29fc92b7eb,238,5855,0,0,0,,0,0,0,,0,0,0,,0,0,0,0,
71da2daf84a546c39399adf6ca44aac1,237,19031,25,6,142,https://www.youtube.com/watch?v=FJV2lSXdIm4,25,6,142,https://www.youtube.com/watch?v=FJV2lSXdIm4,0,0,0,,357,0,0,0,
d8b5835bc6aa46119cc7ddd4447e780f,236,36399,9,3,13,https://www.youtube.com/watch?v=PYwxNGL0yFs,0,0,0,,9,3,13,https://www.youtube.com/watch?v=PYwxNGL0yFs,2028,127,95,384,https://www.twitch.tv/videos/2845770236
d4bd6ed12ee746a8978434ee5b14dd27,234,62870,124,39,239,https://www.youtube.com/watch?v=psPGlf6f2Xo,0,0,0,,124,39,239,https://www.youtube.com/watch?v=psPGlf6f2Xo,557,55,30,71,https://www.twitch.tv/videos/2845011888
af89613e72874e219c00ab0c89b6c641,234,53389,36,18,43,https://www.youtube.com/watch?v=l9qrSOTsx0g,36,18,43,https://www.youtube.com/watch?v=l9qrSOTsx0g,0,0,0,,11,0,0,0,
dc27d7819dac471f907e0ace5131580f,233,5836,0,0,0,,0,0,0,,0,0,0,,1486,383,73,518,https://www.twitch.tv/videos/2831758467
ad94d8048eb443248e4f2161201a938d,233,6612,359,38,1187,https://www.youtube.com/watch?v=SU8_Crsbc5I,0,0,0,,359,38,1187,https://www.youtube.com/watch?v=SU8_Crsbc5I,16,0,0,0,
1d0201167f5445e8b410a8f311e54133,232,27999,97,39,165,https://www.youtube.com/watch?v=hoQARFZC2wQ,0,0,0,,97,39,165,https://www.youtube.com/watch?v=hoQARFZC2wQ,149,0,0,0,
c274c90379ca4e57a79251976cda3e54,231,8975,0,0,0,,0,0,0,,0,0,0,,318,0,0,0,
2dfcc511bca64a678926415857b097e9,231,0,0,0,0,,0,0,0,,0,0,0,,0,0,0,0,
d198a42f93d84e9ca061a72243d142cc,231,118065,0,0,0,,0,0,0,,0,0,0,,545,36,10,36,https://www.twitch.tv/videos/2836944707
bf6401d2159c40a8a616defa8c2c4a66,230,25568,0,0,0,,0,0,0,,0,0,0,,817,0,0,0,
42d2b255295b468dafe439394130ae11,229,12401,0,0,0,,0,0,0,,0,0,0,,942,0,0,0,
25b5885afcdc4430be0d822464ccff91,229,3681,10,4,16,https://www.youtube.com/watch?v=xQ71eqgUi_Y,10,4,16,https://www.youtube.com/watch?v=xQ71eqgUi_Y,0,0,0,,347,10,8,16,https://www.twitch.tv/videos/2848700268
aad41e66df77481baac0825033d81487,228,59073,521,13,1290,https://www.youtube.com/watch?v=rr5duBH1E3I,0,0,0,,521,13,1290,https://www.youtube.com/watch?v=rr5duBH1E3I,0,0,0,0,
fdbcdd7db6b04ed4b2336b1b3da66564,228,20596,0,0,0,,0,0,0,,0,0,0,,409,147,111,261,https://www.twitch.tv/videos/2852341380
463e3994840145618264d41fa3eaf344,227,14508,43,23,83,https://www.youtube.com/watch?v=BjVJN7z2jCE,43,23,83,https://www.youtube.com/watch?v=BjVJN7z2jCE,0,0,0,,0,0,0,0,
7bebabbe96a34368aa03da163e3da313,226,29913,34,9,34,https://www.youtube.com/watch?v=yFlk4PnTEtw,34,9,34,https://www.youtube.com/watch?v=yFlk4PnTEtw,0,0,0,,0,0,0,0,
af82ee4712aa4d6c9c4100591a8a3163,225,3230,0,0,0,,0,0,0,,0,0,0,,633,0,0,0,
156aba6fe34b4d648a3fd210550963c7,224,1042,0,0,0,,0,0,0,,0,0,0,,92,0,0,0,
63730ec82db64ce5a51464cf24f9a4aa,223,89,0,0,0,,0,0,0,,0,0,0,,387,0,0,0,
5aca9ae61bba473b96998fee811d155e,223,39836,1410,261,2049,https://www.youtube.com/watch?v=XVFGsMiLjDw,71,31,71,https://www.youtube.com/watch?v=NEB3ULOOnKc,1448,492,2049,https://www.youtube.com/watch?v=XVFGsMiLjDw,0,0,0,0,
98619914a2eb4b07bd6bc0a02066e455,222,5722,10,7,10,https://www.youtube.com/watch?v=LBBtm5FhlU4,0,0,0,,10,7,10,https://www.youtube.com/watch?v=LBBtm5FhlU4,1349,213,169,288,https://www.twitch.tv/videos/2851596445
68671ee09add4d87b8038acebc5b48a4,221,15703,9,3,2833,https://www.youtube.com/watch?v=2fG4MoSVJdY,0,0,0,,9,3,2833,https://www.youtube.com/watch?v=2fG4MoSVJdY,1125,147,114,674,https://www.twitch.tv/videos/2844169965
a0b5f8b54a534dfcb66154002e97e4cc,221,0,0,0,0,,0,0,0,,0,0,0,,155,0,0,0,
d564dc69725f4258b8b08d8d5df285a8,221,9943,23,12,33,https://www.youtube.com/watch?v=FiYEol8SBNc,23,12,33,https://www.youtube.com/watch?v=FiYEol8SBNc,0,0,0,,72,0,0,0,
fa4720c840ac4877966044322b79c9ba,221,0,0,0,0,,0,0,0,,0,0,0,,0,0,0,0,
52d8a731a7634e529ba986ae40ce6526,220,17621,545,265,545,https://www.youtube.com/watch?v=48ACYoYEaB0,0,0,0,,545,265,545,https://www.youtube.com/watch?v=48ACYoYEaB0,894,0,0,0,
d8fa0fb407c043cb9b65ab66c2221e8d,219,70433,1,0,5,https://www.youtube.com/watch?v=HYSqU4LMIfI,0,0,0,,1,0,5,https://www.youtube.com/watch?v=HYSqU4LMIfI,2257,56,29,56,https://www.twitch.tv/videos/2843272630
3986345f7cae4fc5ba3b7fd3a8dceba0,218,1025,0,0,0,,0,0,0,,0,0,0,,1204,0,0,0,
74d00f89697a43e6801463c71fb37172,217,27298,49,26,196,https://www.youtube.com/watch?v=7cgTKdgNffI,49,26,196,https://www.youtube.com/watch?v=7cgTKdgNffI,0,0,0,,77,73,62,119,https://www.twitch.tv/videos/2853109396
9543391286c44c5e9c9e9ed7ef608f20,217,2938,0,0,0,,0,0,0,,0,0,0,,604,0,0,0,
c56801a52568414ca54724a3c24c3417,216,19911,0,0,0,,0,0,0,,0,0,0,,2204,0,0,0,
afec285390344f2a966c2c39c1e6984d,216,1152,97,44,299,https://www.youtube.com/watch?v=-yKBbJwyWeE,75,50,119,https://www.youtube.com/watch?v=to0HfFEA1fI,299,38,299,https://www.youtube.com/watch?v=-yKBbJwyWeE,0,0,0,0,
12479712313d4ddda715483e1f93ee9d,215,4483,0,0,0,,0,0,0,,0,0,0,,0,0,0,0,
11452593b92b45dcbbf804ddc2a513f8,214,35112,1558,546,2067,https://www.youtube.com/watch?v=e6nqnJbgzTA,0,0,0,,1558,546,2067,https://www.youtube.com/watch?v=e6nqnJbgzTA,0,0,0,0,
3dc59c2e8b424c9e812fb48048ebdef8,212,7375,1,0,2,https://www.youtube.com/watch?v=_lNGdklM37Q,0,0,0,,1,0,2,https://www.youtube.com/watch?v=_lNGdklM37Q,1543,95,77,132,https://www.twitch.tv/videos/2850333866
cfe0c2386d794c229d71c5a6a7e28333,212,15788,4,1,40,https://www.youtube.com/watch?v=H3_8ThvG5Kg,0,0,0,,4,1,40,https://www.youtube.com/watch?v=H3_8ThvG5Kg,0,0,0,0,
47d591738d2449a496e7ce140b539662,211,794,0,0,0,,0,0,0,,0,0,0,,2146,219,170,349,https://www.twitch.tv/videos/2852835098
3082cc9c2e124fb3bf77cc799590042e,211,17455,45,24,69,https://www.youtube.com/watch?v=HK0JCf54-MA,45,24,69,https://www.youtube.com/watch?v=HK0JCf54-MA,0,0,0,,0,0,0,0,
d46a06f4c654403e8b6376f7eda6f6ba,211,10275,69,31,69,https://www.youtube.com/watch?v=lXOiZEtrERw,69,31,69,https://www.youtube.com/watch?v=lXOiZEtrERw,0,0,0,,0,0,0,0,
54ea240f1bf1471981684464081645e7,210,4076,0,0,0,,0,0,0,,0,0,0,,353,0,0,0,
de8c5ca15afd4534a822e5a1a9c2784e,210,1491,0,0,0,,0,0,0,,0,0,0,,2222,272,242,465,https://www.twitch.tv/videos/2855189164
451cf387126b426a89e3db63676c84b0,210,30931,146,62,1513,https://www.youtube.com/watch?v=FounmnelsEo,81,51,251,https://www.youtube.com/watch?v=_bX5ls2opDc,1161,493,1513,https://www.youtube.com/watch?v=FounmnelsEo,0,0,0,0,
bed176f79b074789ba4d21c90ca54a9c,209,6435,0,0,0,,0,0,0,,0,0,0,,5431,338,220,338,https://www.twitch.tv/videos/2846771410
8814a6eccdd04fa6bf2f8201f12bf8ae,209,3838,0,0,0,,0,0,0,,0,0,0,,344,42,38,43,https://www.twitch.tv/videos/2853243354
1e602bc3e53a4fd2a1cd28a053988fbc,209,3548,0,0,0,,0,0,0,,0,0,0,,0,0,0,0,
08d8f03223a54fb3807d49fb7c30b434,208,11701,64,16,106,https://www.youtube.com/watch?v=rsVFQYKDtIg,64,16,106,https://www.youtube.com/watch?v=rsVFQYKDtIg,0,0,0,,105,0,0,0,
f1d9ff59d3d74b0ebb4268de53698dbf,207,6394,0,0,0,,0,0,0,,0,0,0,,727,0,0,0,
03265829bf6d4e1eb09e58b1ec4093bc,207,4079,240,1,240,https://www.youtube.com/watch?v=_-eIWvRnMfQ,240,1,240,https://www.youtube.com/watch?v=_-eIWvRnMfQ,0,0,0,,0,0,0,0,
14b644d58ff14ef1b491ef3d451e9e06,205,1014,0,0,0,,0,0,0,,0,0,0,,3345,163,155,163,https://www.twitch.tv/videos/2855144172
5949eae32b844c9e873474efb19f4e6d,205,6133,0,0,0,,0,0,0,,0,0,0,,0,0,0,0,
05970b8580b4433d9afb8769568d2276,205,5775,0,0,0,,0,0,0,,0,0,0,,9,0,0,0,
a5ced44a2bb74575a9cf9ea48f9ec890,205,8975,0,0,0,,0,0,0,,0,0,0,,0,0,0,0,
cbaa062d8a2443b1b2b1efd92d9bd3bb,204,0,0,0,0,,0,0,0,,0,0,0,,0,0,0,0,
865ef104e1784d878871c819452a63dd,204,2378,38,27,63,https://www.youtube.com/watch?v=YLKoNnaZGTA,38,27,63,https://www.youtube.com/watch?v=YLKoNnaZGTA,0,0,0,,78,14,13,16,https://www.twitch.tv/videos/2852297156
3c9899af7c104ea08eb0baa4ee565076,203,2431,0,0,0,,0,0,0,,0,0,0,,708,35,25,41,https://www.twitch.tv/videos/2845455494
699b0baa82d0413aa073155683edcd56,203,7960,695,594,695,https://www.youtube.com/watch?v=pdCoCgb27dg,0,0,0,,695,594,695,https://www.youtube.com/watch?v=pdCoCgb27dg,2212,59,53,169,https://www.twitch.tv/videos/2846797218
ae5f14abe86f4c62a9f6da7f6fa6cdc4,201,6968,68,50,1333,https://www.youtube.com/watch?v=JBoN5qCEP5I,0,0,0,,68,50,1333,https://www.youtube.com/watch?v=JBoN5qCEP5I,0,0,0,0,
513641895d9a4fbca3b19aeb63d28915,198,8848,29,16,29,https://www.youtube.com/watch?v=6net1BLWFmY,0,0,0,,29,16,29,https://www.youtube.com/watch?v=6net1BLWFmY,1368,418,187,624,https://www.twitch.tv/videos/2831166093
afb9c6f2f93040d0a0227405b9d17bde,197,287149,473,188,1913,https://www.youtube.com/watch?v=cH4u5PIzVzM,0,0,0,,473,188,1913,https://www.youtube.com/watch?v=cH4u5PIzVzM,521,129,94,191,https://www.twitch.tv/videos/2854063669
0024f8db99514a76bc5d5db1004c9bf4,196,5525,70,58,846,https://www.youtube.com/watch?v=xMaXWWvOdt4,10,0,10,https://www.youtube.com/watch?v=Swco8Sbipgg,72,60,846,https://www.youtube.com/watch?v=xMaXWWvOdt4,500,91,59,202,https://www.twitch.tv/videos/2854062612
48e968abd77d434db31de0f0bb8d92a1,195,10979,0,0,0,,0,0,0,,0,0,0,,596,31,20,93,https://www.twitch.tv/videos/2847814665
936b7b3d4250469d94b53ebc7e4936f6,193,241914,0,0,0,,0,0,0,,0,0,0,,1196,154,62,265,https://www.twitch.tv/videos/2854963523
021eaf7cecfa4416b759fcc310f7b15a,192,8539,0,0,0,,0,0,0,,0,0,0,,223,0,0,0,
bd39e88e6dd24e659b135b7fe96bef5b,192,565,0,0,0,,0,0,0,,0,0,0,,0,0,0,0,
f30f6a2e994641b5af169b97f2aad13b,192,6973,0,0,0,,0,0,0,,0,0,0,,556,0,0,0,
26e2e1583d404f48b879375ef74ae33a,191,9022,0,0,0,,0,0,0,,0,0,0,,0,0,0,0,
df079afa77ea4a65baedaaa701936050,191,0,0,0,0,,0,0,0,,0,0,0,,0,0,0,0,
949f184abcc84a82b8e9f333b41a2109,191,10435,4,1,158,https://www.youtube.com/watch?v=VGbbFL4CcOk,0,0,0,,4,1,158,https://www.youtube.com/watch?v=VGbbFL4CcOk,2576,538,246,1026,https://www.twitch.tv/videos/2832003111
2afd93f378e14e78ad944fa86a84ed98,189,5082,0,0,0,,0,0,0,,0,0,0,,0,0,0,0,
698d1cca0e1f417892c954dabe0aacf8,189,772,0,0,0,,0,0,0,,0,0,0,,2289,0,0,0,
64677f13935847cca3e2e6670a89d9a8,188,1870,41,26,75,https://www.youtube.com/watch?v=WbEZooKRE40,41,26,75,https://www.youtube.com/watch?v=WbEZooKRE40,0,0,0,,466,41,29,68,https://www.twitch.tv/videos/2848670765
98c577d538f84d75a3c34e0f9d13c8a3,186,13097,0,0,0,,0,0,0,,0,0,0,,278,77,41,104,https://www.twitch.tv/videos/2843217831
6d76e6b27f164061a216ec2831bd8dd3,186,0,0,0,0,,0,0,0,,0,0,0,,1202,0,0,0,
25f3eb5a85784e0e9f59f45ae775badd,186,10659,0,0,0,,0,0,0,,0,0,0,,0,0,0,0,
202d7c3df0a0489288ace48e1e81ac9f,186,4639,0,0,0,,0,0,0,,0,0,0,,76,0,0,0,
47a57b51af1a482ead79df1698db2c70,185,7870,0,0,0,,0,0,0,,0,0,0,,0,0,0,0,
59ea0c3b836c4dee8ba08df9bb73be86,184,0,0,0,0,,0,0,0,,0,0,0,,0,0,0,0,
7a7e366c81d54d03a07cb2c6cb382884,184,6289,0,0,0,,0,0,0,,0,0,0,,0,0,0,0,
43e078503ebd44ae9f83abc9399647ca,182,34193,623,150,2078,https://www.youtube.com/watch?v=xMXv_GtvsfU,0,0,0,,623,150,2078,https://www.youtube.com/watch?v=xMXv_GtvsfU,7811,632,247,1597,https://www.twitch.tv/videos/2831037993
c8bd7c9fcc714269b8092571f2622867,181,481,0,0,0,,0,0,0,,0,0,0,,0,0,0,0,
ad6455da071543ab88cd4855a11cf39b,179,6774,69,58,87,https://www.youtube.com/watch?v=z3UTHT9J4d4,69,58,87,https://www.youtube.com/watch?v=z3UTHT9J4d4,0,0,0,,0,0,0,0,
bad9c0bc10404089a32d6b4b8346fc0e,179,87683,37,13,153,https://www.youtube.com/watch?v=y6uqtMxbyTk,37,13,153,https://www.youtube.com/watch?v=y6uqtMxbyTk,0,0,0,,0,0,0,0,
3442df03030941b0933077faf6a75c6a,179,9976,0,0,0,,0,0,0,,0,0,0,,712,72,68,114,https://www.twitch.tv/videos/2849523489
67dc6d443cff47a4bc6a31a56e8b72f5,179,18927,44,23,61,https://www.youtube.com/watch?v=_IKnz0gQWAc,44,23,61,https://www.youtube.com/watch?v=_IKnz0gQWAc,0,0,0,,0,0,0,0,
9b9409f309a54c54bf6225f43eae1167,178,6235,0,0,0,,0,0,0,,0,0,0,,2094,0,0,0,
ae2d7595c5b94d0786e2fcd5c8973c06,176,2504,0,0,0,,0,0,0,,0,0,0,,0,0,0,0,
6cdc57bc89cc4b7f9c9d848fd5b0d031,176,25448,0,0,0,,0,0,0,,0,0,0,,0,0,0,0,
a3bbe09809e141e5b0658a79ba63f977,175,14139,3,1,28,https://www.youtube.com/watch?v=R-GlstunMJk,0,0,0,,3,1,28,https://www.youtube.com/watch?v=R-GlstunMJk,405,7,5,11,https://www.twitch.tv/videos/2847774853
7ee7164af0d645a18422350715a1eef0,175,404,0,0,0,,0,0,0,,0,0,0,,353,0,0,0,
868a7d0a1ef94befa5205a21fb65d7d5,174,2881,0,0,0,,0,0,0,,0,0,0,,4609,148,92,240,https://www.twitch.tv/videos/2851230884
c29627e1a48a4ea8b21c858aba1836d0,174,6736,6,2,6,https://www.youtube.com/watch?v=g3XD8XoOyuE,0,0,0,,6,2,6,https://www.youtube.com/watch?v=g3XD8XoOyuE,544,229,195,686,https://www.twitch.tv/videos/2843889333
591654ee39c147ffaa77a531a81a6eda,173,13803,5,3,9,https://www.youtube.com/watch?v=QKYzEBWgA1Q,5,3,9,https://www.youtube.com/watch?v=QKYzEBWgA1Q,0,0,0,,702,36,18,36,https://www.twitch.tv/videos/2843238450
74a8b2325c0c4b158dd12377bff187c8,173,1957,0,0,0,,0,0,0,,0,0,0,,0,0,0,0,
604dc5a26bb54f3d8a69c9df659d23d7,173,6049,0,0,0,,0,0,0,,0,0,0,,821,43,35,50,https://www.twitch.tv/videos/2854953411
d93ec185504e45e2894865980da489a9,173,3234,4,2,43,https://www.youtube.com/watch?v=W7EDJYug7hA,0,0,0,,4,2,43,https://www.youtube.com/watch?v=W7EDJYug7hA,1812,212,181,336,https://www.twitch.tv/videos/2850348871
cd38e82545b04cb8a3e047fe41f2ba40,173,1360,0,0,0,,0,0,0,,0,0,0,,1088,264,88,713,https://www.twitch.tv/videos/2852077263
58f233e089ca45c8bc1969b471183766,173,25489,32,11,65,https://www.youtube.com/watch?v=NV19-10VcPY,32,11,65,https://www.youtube.com/watch?v=NV19-10VcPY,0,0,0,,0,0,0,0,
b2ec8ce2ab124618ae1b1af2cd85ce23,172,2905,18,14,34,https://www.youtube.com/watch?v=Lv-zHv8Inrc,0,0,0,,18,14,34,https://www.youtube.com/watch?v=Lv-zHv8Inrc,272,0,0,0,
a91c83dff0c94387aa2c11e597424517,172,11110,0,0,0,,0,0,0,,0,0,0,,266,76,44,96,https://www.twitch.tv/videos/2854044984
844adbe9800c4c52863267075afd2c7f,172,8869,0,0,0,,0,0,0,,0,0,0,,254,0,0,0,
288ba70f1a044c72a65ed9cf3b425d13,172,18960,29,17,74,https://www.youtube.com/watch?v=3zQ1J5CklM4,29,17,74,https://www.youtube.com/watch?v=3zQ1J5CklM4,0,0,0,,0,0,0,0,
bb21226dc1db41e294f545133948115b,172,17152,0,0,0,,0,0,0,,0,0,0,,850,0,0,0,
b850c220033a4b6d83c9b9b70b04647b,171,3765,0,0,0,,0,0,0,,0,0,0,,198,0,0,0,
eb001c0b038d4833b28c1026e04fdb89,170,12723,1331,1204,1331,https://www.youtube.com/watch?v=iW_vxojuMf8,0,0,0,,1331,1204,1331,https://www.youtube.com/watch?v=iW_vxojuMf8,1190,292,229,342,https://www.twitch.tv/videos/2853244860
56e0088d20b04a059da9932476fc9a5b,170,21271,0,0,0,,0,0,0,,0,0,0,,2553,0,0,0,
b26f99bf43154619ba4d4a588a9da3ce,168,25756,136,59,1589,https://www.youtube.com/watch?v=RVrrqQOF_7I,99,55,190,https://www.youtube.com/watch?v=EZq6yEz8GY4,614,79,1589,https://www.youtube.com/watch?v=RVrrqQOF_7I,0,0,0,0,
c08ae8d7412d407c8b233f6e445d081c,167,3514,0,0,6,https://www.youtube.com/watch?v=3WB_kD-MayI,0,0,0,,0,0,6,https://www.youtube.com/watch?v=3WB_kD-MayI,738,55,44,100,https://www.twitch.tv/videos/2853027413
0c97b425059d4ac893cae0f804f4ccbc,166,11062,0,0,0,,0,0,0,,0,0,0,,0,0,0,0,
a46ad933ff6f4d0c91cc1069f0329265,165,3498,0,0,0,,0,0,0,,0,0,0,,0,0,0,0,
fced951d6a344a27b59e422984ead36d,165,31845,0,0,0,,0,0,0,,0,0,0,,0,0,0,0,
1266255bc3ec481abc9d970be9f14f6d,163,0,0,0,0,,0,0,0,,0,0,0,,0,0,0,0,
f958b1a87ecd4bfab42ba0d1443bfa61,163,11139,25,12,62,https://www.youtube.com/watch?v=PODH6hEhyLc,25,12,62,https://www.youtube.com/watch?v=PODH6hEhyLc,0,0,0,,547,0,0,0,
3475b2087d9a4d799c10bd3ac5f45437,162,954,11,2,11,https://www.youtube.com/watch?v=bumXdB6v_yA,0,0,0,,11,2,11,https://www.youtube.com/watch?v=bumXdB6v_yA,1197,95,74,174,https://www.twitch.tv/videos/2853167783
9a7b047b85ae4227af74a0e200c3abc9,162,40282,1413,816,1814,https://www.youtube.com/watch?v=NwW5erLymno,0,0,0,,1413,816,1814,https://www.youtube.com/watch?v=NwW5erLymno,779,36,25,68,https://www.twitch.tv/videos/2850151992
fe1731a49d43440391f571347747604c,162,2848,48,20,48,https://www.youtube.com/watch?v=bhPGwXFwuSs,0,0,0,,48,20,48,https://www.youtube.com/watch?v=bhPGwXFwuSs,1349,0,0,0,
6481e646412745d3b2fa38255cef0da4,162,7894,0,0,0,,0,0,0,,0,0,0,,590,0,0,0,
06f1c7339e1c47ecb69ea7385f4635a1,162,35358,0,0,0,,0,0,0,,0,0,0,,523,155,115,407,https://www.twitch.tv/videos/2850486717
0134d1ae91784122b79954c2c8571aef,161,0,0,0,0,,0,0,0,,0,0,0,,387,0,0,0,
4d96aeef13f949e19026682e337db138,159,3385,0,0,0,,0,0,0,,0,0,0,,2624,0,0,0,
46821555a7af41e4aa70fe0fabd8a4f6,159,8803,0,0,0,,0,0,0,,0,0,0,,667,0,0,0,
edfed5b0978a4fb98f94319bfc639d98,159,1228,0,0,0,,0,0,0,,0,0,0,,1217,404,337,557,https://www.twitch.tv/videos/2849403038
3040b4d9d4374815a4e0af0c887a42fc,158,20437,0,0,0,,0,0,0,,0,0,0,,1505,224,146,297,https://www.twitch.tv/videos/2853123168
dc97af965a4942d281cc7365805233f1,157,3240,0,0,0,,0,0,0,,0,0,0,,71,0,0,0,
e6d7ea2833a1477aab8dfa3d4f4936fb,156,4509,0,0,0,,0,0,0,,0,0,0,,1525,343,253,436,https://www.twitch.tv/videos/2848846691
e739323b76994f8abcca757db52a440d,155,10432,35,22,137,https://www.youtube.com/watch?v=qo0TGpOS5DA,28,13,35,https://www.youtube.com/watch?v=mY3PE2MkHEY,117,51,137,https://www.youtube.com/watch?v=qo0TGpOS5DA,0,0,0,0,
67c533576c474a0d9897f62964cef71c,155,4636,0,0,0,,0,0,0,,0,0,0,,335,0,0,0,
a8bee4c680a54cf29b34d90bf7230ab1,155,2801,0,0,0,,0,0,0,,0,0,0,,1897,133,104,133,https://www.twitch.tv/videos/2850412364
d92c3f9d55fb49e0bc29039b70da5dfb,155,1680,0,0,0,,0,0,0,,0,0,0,,0,0,0,0,
354734963c7d49588387bbba859a05a2,154,254,0,0,0,,0,0,0,,0,0,0,,0,0,0,0,
6a915915ad2a4d29b524ebd50f2dbbe4,154,1555,0,0,0,,0,0,0,,0,0,0,,1609,0,0,0,
290bbaa329eb45b1a267bfd7e35c3b14,153,0,0,0,0,,0,0,0,,0,0,0,,446,0,0,0,
beed2aaeebc9439895feb2aff3c9e641,153,8846,54,26,216,https://www.youtube.com/watch?v=5eEdZhZHJn0,51,35,58,https://www.youtube.com/watch?v=dEmJ0mgrBhs,79,6,216,https://www.youtube.com/watch?v=5eEdZhZHJn0,0,0,0,0,
5fdd1d15cf404c918b0f697baff04218,152,38631,0,0,0,,0,0,0,,0,0,0,,2726,565,485,863,https://www.twitch.tv/videos/2849616335
f42472ba115a480ab309612af9ae29cf,152,5493,32,17,56,https://www.youtube.com/watch?v=j44ZHW6wDSk,32,17,56,https://www.youtube.com/watch?v=j44ZHW6wDSk,0,0,0,,0,0,0,0,
41e1aa0eab8d4ec5a4010833581f5b92,151,2786,0,0,0,,0,0,0,,0,0,0,,90,0,0,0,
8b1758159f754a3a8d7f26dcf12c008f,150,7147,0,0,0,,0,0,0,,0,0,0,,0,0,0,0,
cf100db6a3dc4010b32802b75f5abc14,149,9873,9,3,141,https://www.youtube.com/watch?v=DaG-lAlGpo0,19,9,103,https://www.youtube.com/watch?v=JTO2BNo2kXw,2,0,141,https://www.youtube.com/watch?v=DaG-lAlGpo0,0,0,0,0,
2f2a88438aee4a5e842f186bcdc05128,149,12466,0,0,0,,0,0,0,,0,0,0,,80,0,0,0,
821713a01e5a4f1787926fb48dbf7302,147,10084,42,17,116,https://www.youtube.com/watch?v=0byPkgVu_Uc,42,17,116,https://www.youtube.com/watch?v=0byPkgVu_Uc,0,0,0,,0,0,0,0,
704fc1f053134276ab03c19687cfcca6,147,0,0,0,0,,0,0,0,,0,0,0,,0,0,0,0,
46a16e41f2af4523adeb4556f2e0b0d5,147,3283,0,0,0,,0,0,0,,0,0,0,,8389,0,0,0,
70ab761191014a39b7d090541f785cd2,146,11646,24,14,40,https://www.youtube.com/watch?v=g_R5hJ2cK9A,21,16,40,https://www.youtube.com/watch?v=g_R5hJ2cK9A,24,11,24,https://www.youtube.com/watch?v=TIS94t4vK6c,158,42,32,61,https://www.twitch.tv/videos/2852311612
98fd913e544f4725afdd28ad05f3e737,146,12416,40,15,42,https://www.youtube.com/watch?v=ov2W77a3PmM,40,15,42,https://www.youtube.com/watch?v=ov2W77a3PmM,0,0,0,,0,0,0,0,
be4cf0f0dbca4973992d2cb553c1c2bc,146,0,0,0,0,,0,0,0,,0,0,0,,876,0,0,0,
521d3e3d5e6e410aababfb8f290749b6,145,2529,5,2,6,https://www.youtube.com/watch?v=E9KM2tL--g8,0,0,0,,5,2,6,https://www.youtube.com/watch?v=E9KM2tL--g8,369,19,16,19,https://www.twitch.tv/videos/2852189571
eab02228a491402a824805ab47174ff4,145,0,0,0,0,,0,0,0,,0,0,0,,0,0,0,0,
240c765d12ae40ab85e53fb39eb22b03,144,2610,0,0,0,,0,0,0,,0,0,0,,4413,0,0,0,
7ccac8385e2d41f69aab04b7f2b23cac,144,5247,0,0,0,,0,0,0,,0,0,0,,1342,0,0,0,
2bb0e68d998d4b2bbfc79557a233fb33,144,17872,65,24,1865,https://www.youtube.com/watch?v=G3KaqBagKow,53,24,157,https://www.youtube.com/watch?v=YiudpTCVCIk,1515,1228,1865,https://www.youtube.com/watch?v=G3KaqBagKow,128,42,39,60,https://www.twitch.tv/videos/2850473482
2d3deb7610dd4329ba77597dfdd13043,144,19970,0,0,0,,0,0,0,,0,0,0,,2006,264,132,349,https://www.twitch.tv/videos/2851288163
a84b1b6deabc462b9cf994fd02304b5b,143,875,0,0,0,,0,0,0,,0,0,0,,1702,0,0,0,
c8672ebbfe37442788c48d9a8399fc7b,142,25055,0,0,0,,0,0,0,,0,0,0,,943,230,165,1012,https://www.twitch.tv/videos/2843482834
9b6ebeb957fe4fed84a5472b6b3bd13c,141,17080,0,0,0,,0,0,0,,0,0,0,,1220,268,189,602,https://www.twitch.tv/videos/2852953511
ff170a57c74545c7977b64a6d82981af,141,17240,51,21,142,https://www.youtube.com/watch?v=wLF9daiJIR4,51,21,106,https://www.youtube.com/watch?v=v5DrRK1HeYk,92,58,142,https://www.youtube.com/watch?v=wLF9daiJIR4,0,0,0,0,
f55b426f2ceb419d964d1d1bcd3860e9,141,7935,0,0,0,,0,0,0,,0,0,0,,0,0,0,0,
eac3578c689d48b493103c11e2b16c5e,141,15983,0,0,0,,0,0,0,,0,0,0,,930,141,75,188,https://www.twitch.tv/videos/2852157563
985e77a95dcc46e38b513ab638c5ed25,141,7929,0,0,0,,0,0,0,,0,0,0,,495,0,0,0,
a1a4762aa1eb4d95be1c0c7a528a8336,139,9965,0,0,1,https://www.youtube.com/watch?v=dGqEyXustZ0,0,0,0,,0,0,1,https://www.youtube.com/watch?v=dGqEyXustZ0,1870,119,66,226,https://www.twitch.tv/videos/2856036720
1ea0189fc3ce47fb9461b6cab10d78fe,139,2890,0,0,0,,0,0,0,,0,0,0,,144,0,0,0,
135224fe261040639a802804b52f22db,137,0,0,0,0,,0,0,0,,0,0,0,,626,0,0,0,
f314b215c987471888b4477dc4d8bf08,137,0,0,0,0,,0,0,0,,0,0,0,,0,0,0,0,
061fa27713ec453ebf41c21eb58b7719,135,2157,0,0,0,,0,0,0,,0,0,0,,0,0,0,0,
fd638ba6820241d1b3367afab0c6ab3e,134,10012,0,0,0,,0,0,0,,0,0,0,,0,0,0,0,
fe1bd62313574733ab86c1a56b7143ab,133,25,0,0,0,,0,0,0,,0,0,0,,1542,0,0,0,
6d36ce9cdedb4806ad5c00a3496b9e4f,132,2085,0,0,0,,0,0,0,,0,0,0,,2371,1277,679,2330,https://www.twitch.tv/videos/2842815909
06d173cf0b3f4369bcfb4b4270bd59e3,132,380,0,0,0,,0,0,0,,0,0,0,,368,218,192,472,https://www.twitch.tv/videos/2843158455
c9e933e250e747f88f8cbf4857ec7f3b,131,135,0,0,0,,0,0,0,,0,0,0,,3035,512,436,512,https://www.twitch.tv/videos/2852234495
b18dea7632bc49db974a22d6eb6660fb,131,3724,3,0,12,https://www.youtube.com/watch?v=xtsB0_X3OHM,0,0,0,,3,0,12,https://www.youtube.com/watch?v=xtsB0_X3OHM,419,18,16,42,https://www.twitch.tv/videos/2852197364
3b7dac5e2bdb4c08a139e18ef7f6f7e5,130,7735,51,15,141,https://www.youtube.com/watch?v=Th0XJEtcqyY,0,0,0,,51,15,141,https://www.youtube.com/watch?v=Th0XJEtcqyY,675,32,23,63,https://www.twitch.tv/videos/2852828976
350b440f9436415c8499526d4c6f3dfd,130,4026,0,0,0,,0,0,0,,0,0,0,,1766,61,38,94,https://www.twitch.tv/videos/2852301760
2928a7d5624e4af8b1331eabae6bda17,130,2720,0,0,0,,0,0,0,,0,0,0,,730,18,11,28,https://www.twitch.tv/videos/2852301548
453db6575b094b388ba2ae38e7ff2c51,129,15492,0,0,0,,0,0,0,,0,0,0,,699,0,0,0,
c85822960da341bb8f5323219b233bd1,128,9006,0,0,0,,0,0,0,,0,0,0,,0,0,0,0,
577251897dc7463393b68c5b6f96559b,127,7864,6,3,22,https://www.youtube.com/watch?v=XiJbhMxzScI,22,10,22,https://www.youtube.com/watch?v=XiJbhMxzScI,5,3,10,https://www.youtube.com/watch?v=5Ig8R8hJJUw,730,102,75,137,https://www.twitch.tv/videos/2848699060
90c230602c7542daa149c6f6edebc7c4,127,1478,0,0,0,,0,0,0,,0,0,0,,0,0,0,0,
22f16847ee064b1bafd9bbe15bd31284,126,8562,1210,758,1210,https://www.youtube.com/watch?v=sdvOH2mA93E,0,0,0,,1210,758,1210,https://www.youtube.com/watch?v=sdvOH2mA93E,723,196,133,310,https://www.twitch.tv/videos/2846656237
f09a7c3155a047c98f155434b2634ecf,126,3562,0,0,0,,0,0,0,,0,0,0,,392,0,0,0,
09b00ccde152498b808efe7317bd52f0,124,1463,0,0,0,,0,0,0,,0,0,0,,2906,178,124,302,https://www.twitch.tv/videos/2850648872
d95abd62958c4081a999660b995d72ce,124,698,74,30,194,https://www.youtube.com/watch?v=6LI09CqjIw0,74,30,194,https://www.youtube.com/watch?v=6LI09CqjIw0,0,0,0,,0,0,0,0,
822b9b7a9eca49df9bfd617a19b274b0,123,3233,20,14,28,https://www.youtube.com/watch?v=Cb7Vy_WX7YU,20,14,28,https://www.youtube.com/watch?v=Cb7Vy_WX7YU,0,0,0,,0,0,0,0,
a1d3d37caa68474288b903f309db32a1,122,9304,10,6,14,https://www.youtube.com/watch?v=FyXYEGA6D7E,10,6,14,https://www.youtube.com/watch?v=FyXYEGA6D7E,0,0,0,,0,0,0,0,
75da31a9fa4e4dafac9e98135bfab373,121,0,0,0,0,,0,0,0,,0,0,0,,0,0,0,0,
fef1577c0352446c8e371b9fd9e7cc73,121,8989,0,0,1,https://www.youtube.com/watch?v=a8BBTWA2j0s,0,0,0,,0,0,1,https://www.youtube.com/watch?v=a8BBTWA2j0s,125,14,9,14,https://www.twitch.tv/videos/2847804669
f7c5066e776943ef9f277e3f41232272,120,4365,0,0,0,,0,0,0,,0,0,0,,0,0,0,0,
8b5d6e9353ba46789fa6a2cfd94f69b2,120,4422,3,1,20,https://www.youtube.com/watch?v=Pf4TAtMu4Ng,0,0,0,,3,1,20,https://www.youtube.com/watch?v=Pf4TAtMu4Ng,131,15,9,29,https://www.twitch.tv/videos/2851103840
6358ea21f673491fab72d62494b2225f,119,3916,0,0,0,,0,0,0,,0,0,0,,675,264,200,620,https://www.twitch.tv/videos/2846709702
8064b5c85fc64d10ae3e9d3a4c0dfd8f,118,1184,0,0,0,,0,0,0,,0,0,0,,2731,0,0,0,
2af829174cab4262b61b226dd4d5aee5,118,9672,0,0,0,,0,0,0,,0,0,0,,20,0,0,0,
6c66740fc44a4a489e7a67ac93dd274e,117,1477,0,0,0,,0,0,0,,0,0,0,,418,0,0,0,
a2847bd09f954df794fb9289d6a96dae,117,8072,0,0,0,,0,0,0,,0,0,0,,723,157,102,225,https://www.twitch.tv/videos/2855100260
16e0b967de004b45b5c10302382ad43e,117,1927,0,0,0,,0,0,0,,0,0,0,,533,0,0,0,
5a60a41d2a604bc68368158cd0b1cc12,117,10524,1,0,173,https://www.youtube.com/watch?v=TTW6O1gM9aU,0,0,0,,1,0,173,https://www.youtube.com/watch?v=TTW6O1gM9aU,657,41,37,62,https://www.twitch.tv/videos/2845942198
1daf23905a3d4aa9a59273e563e33382,116,7174,540,187,540,https://www.youtube.com/watch?v=iwuX5nsxnGc,0,0,0,,540,187,540,https://www.youtube.com/watch?v=iwuX5nsxnGc,1814,170,127,221,https://www.twitch.tv/videos/2846961997
82dcae1da14844ee88960a76041e7c27,116,483,0,0,0,,0,0,0,,0,0,0,,269,0,0,0,
e93b2dd2339a422f8ab3d21c9d95161c,116,2525,0,0,0,,0,0,0,,0,0,0,,517,53,38,119,https://www.twitch.tv/videos/2850268667
063fe3c0ae714b4ea4edaf79bda5dda0,116,528,0,0,0,,0,0,0,,0,0,0,,2085,125,115,125,https://www.twitch.tv/videos/2854246289
a2e9afb364e84d48acbdc77441ad17a7,115,12271,0,0,0,,0,0,0,,0,0,0,,540,0,0,0,
b9a09f50375248aebc3d6afdb7f5adf6,115,2091,0,0,0,,0,0,0,,0,0,0,,833,33,31,33,https://www.twitch.tv/videos/2855009186
d9b8f1ac9c93423fa62e8073a8173d30,114,8601,398,174,1059,https://www.youtube.com/watch?v=jPOpJeIDK98,281,253,682,https://www.youtube.com/watch?v=YR5js8yWPjc,420,126,1059,https://www.youtube.com/watch?v=jPOpJeIDK98,0,0,0,0,
dd9bf471b0304627877f38daaec5407b,113,671,0,0,0,,0,0,0,,0,0,0,,966,29,24,29,https://www.twitch.tv/videos/2852280972
12286b61ae55499b8c60101a4625b089,111,0,0,0,0,,0,0,0,,0,0,0,,307,0,0,0,
8882f2de2e6947e190be5b4f63a4e626,111,0,0,0,0,,0,0,0,,0,0,0,,0,0,0,0,
77364942d7f24440bbde8efa71c724df,110,6834,0,0,0,,0,0,0,,0,0,0,,646,32,23,62,https://www.twitch.tv/videos/2848988468
f10dc84fab2a41d385c2553b0f1d788b,110,4393,0,0,0,,0,0,0,,0,0,0,,647,104,67,177,https://www.twitch.tv/videos/2852187710
c6d0078f1d5e4fd08a459c7eecd85464,109,23581,38,18,165,https://www.youtube.com/watch?v=hyNQkB4kF0E,36,17,74,https://www.youtube.com/watch?v=LmcsDMGNYHY,76,57,165,https://www.youtube.com/watch?v=hyNQkB4kF0E,0,0,0,0,
a127ff7335ae467d961641bcf84f1e2f,109,12237,0,0,0,,0,0,0,,0,0,0,,2169,220,156,292,https://www.twitch.tv/videos/2855843509
8868dd9b4d75481397fd841b8ef6c55d,108,2354,0,0,0,,0,0,0,,0,0,0,,13,0,0,0,
4ead521cd6a04a5aa1b2739f252ac9d1,108,695,0,0,0,,0,0,0,,0,0,0,,265,60,24,67,https://www.twitch.tv/videos/2840529234
fede6fee793048f1a576cab38a6bd414,107,6295,0,0,0,,0,0,0,,0,0,0,,2327,50,46,54,https://www.twitch.tv/videos/2854131118
965ff8a77ab845aaac693d9c7a56f82d,107,7563,0,0,0,,0,0,0,,0,0,0,,685,80,53,125,https://www.twitch.tv/videos/2853155537
ef36201df30f43ba9efbd573f9a6d9b7,106,18510,1325,628,1409,https://www.youtube.com/watch?v=3qYELVD2zMY,0,0,0,,1325,628,1409,https://www.youtube.com/watch?v=3qYELVD2zMY,608,135,85,965,https://www.twitch.tv/videos/2853357516
f1a631b2661b45718c7caf5862ddcd68,106,2462,27,18,163,https://www.youtube.com/watch?v=0oIp8U92XTs,163,81,163,https://www.youtube.com/watch?v=0oIp8U92XTs,26,16,84,https://www.youtube.com/watch?v=Xhe8N1XSLyE,36,0,0,0,
65f0266aa5484b4e9f244e856e0d88b3,105,37,0,0,0,,0,0,0,,0,0,0,,411,0,0,0,
1af37b5945cf40019107583a3c6537ea,105,658,0,0,0,,0,0,0,,0,0,0,,2745,344,262,423,https://www.twitch.tv/videos/2849550881
8847133db580452eb63c5d3a2de47e4a,103,2473,37,19,307,https://www.youtube.com/watch?v=emWp12Rq5j4,34,17,124,https://www.youtube.com/watch?v=pKUrzxzaJLo,37,24,307,https://www.youtube.com/watch?v=emWp12Rq5j4,0,0,0,0,
50c6983298d84cbeac8e6376349e672b,103,8063,14,6,1135,https://www.youtube.com/watch?v=6SNQ4I5Rtbs,10,4,135,https://www.youtube.com/watch?v=Ty73hkLjOPg,219,96,1135,https://www.youtube.com/watch?v=6SNQ4I5Rtbs,2,0,0,0,
ea5ee3c6c8d24db78cdad9e18558f1c5,103,3528,637,38,1185,https://www.youtube.com/watch?v=-3XRZ5Nb6jU,0,0,0,,637,38,1185,https://www.youtube.com/watch?v=-3XRZ5Nb6jU,0,0,0,0,
0a9f3befc55d447fbc9fa1e54ba0dd8e,102,0,0,0,0,,0,0,0,,0,0,0,,169,6,3,6,https://www.twitch.tv/videos/2855988148
ba27c499a50f4cac87e6e5b94da18292,102,2040,0,0,0,,0,0,0,,0,0,0,,1380,399,194,693,https://www.twitch.tv/videos/2848763062
39ff9dd2c91841b6b8c719d71b7bdb11,102,10027,435,335,653,https://www.youtube.com/watch?v=VR3eZ1gAxbc,0,0,0,,435,335,653,https://www.youtube.com/watch?v=VR3eZ1gAxbc,424,137,111,358,https://www.twitch.tv/videos/2853617074
ca65749ceff346fd971c24b0461f18d9,102,8337,0,0,0,,0,0,0,,0,0,0,,610,0,0,0,
33ce96c886d341879ce66c4f7892c421,102,59354,17,15,741,https://www.youtube.com/watch?v=C6jKBYBHdqQ,17,15,22,https://www.youtube.com/watch?v=TCFrKnXtyqE,42,27,741,https://www.youtube.com/watch?v=C6jKBYBHdqQ,803,257,207,398,https://www.twitch.tv/videos/2855001927
2d25a18a83af462a8d4062e162017a1a,102,5141,0,0,0,,0,0,0,,0,0,0,,495,0,0,0,
53b98a4bbf49419fb4516525846d4d35,101,501,0,0,0,,0,0,0,,0,0,0,,1807,0,0,0,
c8e7047c84614b1bb8e9f352c7dac95e,100,1139,0,0,0,,0,0,0,,0,0,0,,726,0,0,0,
25ebd185190b42d993d961d7c795b444,100,2752,0,0,0,,0,0,0,,0,0,0,,2320,0,0,0,
6bb236447ed9412a98c9b2d7c9069e10,98,19468,7,3,7,https://www.youtube.com/watch?v=CUMmBvQWS5I,0,0,0,,7,3,7,https://www.youtube.com/watch?v=CUMmBvQWS5I,2111,184,143,319,https://www.twitch.tv/videos/2852675927
ede21f904daf4a9b978efe15b0d9a31f,97,10201,0,0,0,,0,0,0,,0,0,0,,2005,0,0,0,
f86ec6a459f64e7d8431c69b1d7ec28b,97,2945,16,8,60,https://www.youtube.com/watch?v=xCiukmusR4M,16,8,60,https://www.youtube.com/watch?v=xCiukmusR4M,13,9,13,https://www.youtube.com/watch?v=8ae0Ils1seQ,164,128,102,272,https://www.twitch.tv/videos/2848739923
359d60ab5abb445a8477a50781acc050,97,12241,156,29,156,https://www.youtube.com/watch?v=riKmUnfMWuw,0,0,0,,156,29,156,https://www.youtube.com/watch?v=riKmUnfMWuw,0,0,0,0,
6a2bad0b742447bf9912a97eaac17ced,97,31738,1105,388,1885,https://www.youtube.com/watch?v=vulde33amm8,0,0,0,,1105,388,1885,https://www.youtube.com/watch?v=vulde33amm8,0,0,0,0,
67784d7c61af482780ab0558083fcd1e,95,3099,0,0,0,,0,0,0,,0,0,0,,377,17,13,20,https://www.twitch.tv/videos/2846825576
f1be475d4aa34c3faf4826a77ceb99b5,94,3844,69,51,145,https://www.youtube.com/watch?v=fxh4dHqkiWQ,78,53,145,https://www.youtube.com/watch?v=fxh4dHqkiWQ,8,6,8,https://www.youtube.com/watch?v=_lyoBFsnpCo,228,108,71,121,https://www.twitch.tv/videos/2845010882
6b21f41580a64cc7ab15d219a612723b,94,0,0,0,0,,0,0,0,,0,0,0,,4489,0,0,0,
6c8f616ab73c449d8eb8e3888c2c8bfe,93,1468,0,0,0,,0,0,0,,0,0,0,,1509,0,0,0,
7180ef027197417da8c0143be2d45fa2,93,0,0,0,0,,0,0,0,,0,0,0,,631,0,0,0,
9523dedfc79a4f99b18461ff40586307,88,29369,22,7,57,https://www.youtube.com/watch?v=4MUYxkTY82I,24,5,57,https://www.youtube.com/watch?v=4MUYxkTY82I,22,10,22,https://www.youtube.com/watch?v=DcJ0yxMEerg,0,0,0,0,
a5be52423e2f46b8bbad4a56c7f1d5e5,86,5171,0,0,0,,0,0,0,,0,0,0,,1465,297,175,336,https://www.twitch.tv/videos/2855121361
9f9bfcbf980b43bcb00c03261439d18d,86,1745,41,31,41,https://www.youtube.com/watch?v=1QTN4EbtGds,41,31,41,https://www.youtube.com/watch?v=1QTN4EbtGds,0,0,0,,48,134,101,134,https://www.twitch.tv/videos/2849561213
34e73d1959694451b938ff53d98f9cec,86,747,0,0,0,,0,0,0,,0,0,0,,368,0,0,0,
32ae564b306c42cab2e1a4a8a9d6adfe,84,1072,0,0,0,,0,0,0,,0,0,0,,1268,0,0,0,
904e3c91b4e1427f9b2d69f69aa3b13c,84,14129,26,10,38,https://www.youtube.com/watch?v=ERkckln95Sw,26,10,38,https://www.youtube.com/watch?v=ERkckln95Sw,0,0,0,,0,0,0,0,
c441bf25222246ac8f1a67477d047520,82,0,0,0,0,,0,0,0,,0,0,0,,0,0,0,0,
12ece01ae7004e9195e79309f0cdae40,81,401,0,0,0,,0,0,0,,0,0,0,,2529,0,0,0,
4c3e3e5338ae44feae581bbdffa8b811,81,11742,0,0,0,,0,0,0,,0,0,0,,216,0,0,0,
16dba95f038f4b5ca6d3599c80ebe118,81,1441,0,0,0,,0,0,0,,0,0,0,,0,0,0,0,
fae9210539d44a39a2a275b8d53cae37,80,14000,23,11,38,https://www.youtube.com/watch?v=AT_PrTDPTZU,23,12,38,https://www.youtube.com/watch?v=AT_PrTDPTZU,26,8,34,https://www.youtube.com/watch?v=Rj8pcUbXk80,170,129,102,219,https://www.twitch.tv/videos/2843225876
6bf231719d5e485fa0cdee99905858d4,80,1755,0,0,0,,0,0,0,,0,0,0,,801,10,6,96,https://www.twitch.tv/videos/2846710013
3fd5cac9e94144ad9a298e46c5472792,78,1720,0,0,0,,0,0,0,,0,0,0,,0,0,0,0,
07e7b5801c93482daf6a6259ec569e43,77,451,0,0,0,,0,0,0,,0,0,0,,319,0,0,0,
5718a7998f6249eeba0bf087da51c1c0,76,27031,1119,184,1158,https://www.youtube.com/watch?v=loARxaMaiV4,0,0,0,,1119,184,1158,https://www.youtube.com/watch?v=loARxaMaiV4,709,71,58,217,https://www.twitch.tv/videos/2852180186
188108fa6e2e41afb060e4038e49d4ab,75,2562,0,0,0,,0,0,0,,0,0,0,,702,0,0,0,
eff26caff6bd4720957cefaf8f6fc87a,75,5919,0,0,0,,0,0,0,,0,0,0,,1338,369,250,882,https://www.twitch.tv/videos/2847834540
a7c42dc3d080425b9e979100a59d955c,75,4515,0,0,0,,0,0,0,,0,0,0,,308,0,0,0,
105bfceb9747425eb58622b6ebccf920,75,1046,0,0,0,,0,0,0,,0,0,0,,360,0,0,0,
d3eee3b8d1954b1c8fea325d7b7b1b7f,75,9171,26,11,1831,https://www.youtube.com/watch?v=EwyY8Cbntc8,21,6,55,https://www.youtube.com/watch?v=xKVqd6KGhNE,629,366,1831,https://www.youtube.com/watch?v=EwyY8Cbntc8,89,84,53,124,https://www.twitch.tv/videos/2846652268
889b2fb6c9ea47a99834061b47251a4b,74,3046,2,0,26,https://www.youtube.com/watch?v=LcvbTIIxwus,0,0,0,,2,0,26,https://www.youtube.com/watch?v=LcvbTIIxwus,466,83,52,106,https://www.twitch.tv/videos/2844108458
ce1d3cace1cf4ec799c8846c8c2a6d48,73,248,0,0,0,,0,0,0,,0,0,0,,2542,493,292,1046,https://www.twitch.tv/videos/2830083221
28e6f7c12a3b45899e7508058f926af9,73,12844,117,64,117,https://www.youtube.com/watch?v=58sv9-ZWR_o,0,0,0,,117,64,117,https://www.youtube.com/watch?v=58sv9-ZWR_o,1610,56,27,56,https://www.twitch.tv/videos/2842375048
7a184a9a63cd425a9319691e20e3b148,71,1017,208,36,208,https://www.youtube.com/watch?v=M-w3t1fli4o,0,0,0,,208,36,208,https://www.youtube.com/watch?v=M-w3t1fli4o,63,0,0,0,
d6a769b7bf6b49f08adf3e1136d86c7e,70,21678,4193,1054,4193,https://www.youtube.com/watch?v=7AbZ8jHt4vc,0,0,0,,4193,1054,4193,https://www.youtube.com/watch?v=7AbZ8jHt4vc,959,42,40,65,https://www.twitch.tv/videos/2854994595
51fc95cfca444f03abe9a50acf8f85e6,70,3849,0,0,0,,0,0,0,,0,0,0,,1638,271,101,591,https://www.twitch.tv/videos/2833982976
c7f53f2fbdbe4db488629ab4d738a16a,70,4709,2,0,47,https://www.youtube.com/watch?v=gUyMM-UDCFA,0,0,0,,2,0,47,https://www.youtube.com/watch?v=gUyMM-UDCFA,793,74,57,181,https://www.twitch.tv/videos/2843961101
889b220891694985b7373aa2732a0263,69,8478,12,1,29,https://www.youtube.com/watch?v=pPmCGnc6kE0,12,1,29,https://www.youtube.com/watch?v=pPmCGnc6kE0,0,0,0,,576,58,46,117,https://www.twitch.tv/videos/2854278644
e3b9c06f64d84a0dabb3e97c0caacaca,69,19769,37,16,1846,https://www.youtube.com/watch?v=ycuwBBt51aw,0,0,0,,37,16,1846,https://www.youtube.com/watch?v=ycuwBBt51aw,0,0,0,0,
4eb87102a0f44516a6ed011faeeff00d,67,0,0,0,0,,0,0,0,,0,0,0,,1559,52,42,90,https://www.twitch.tv/videos/2853428130
b2d32948347e4c6c9afa8f813e626aae,67,6268,29,13,29,https://www.youtube.com/watch?v=WCZbRVvyUhk,29,13,29,https://www.youtube.com/watch?v=WCZbRVvyUhk,0,0,0,,0,0,0,0,
2c2db11a23aa43298ab96e60a20692d7,67,1626,0,0,0,,0,0,0,,0,0,0,,1469,0,0,0,
82ceab659cbe441fb2f6555fdcacad6c,66,1085,0,0,0,,0,0,0,,0,0,0,,0,0,0,0,
fd1f154909d743129d5d6f58813bf231,66,4023,0,0,0,,0,0,0,,0,0,0,,0,0,0,0,
4d8e2a0b44bc475da5d9688b668c782d,66,200,0,0,0,,0,0,0,,0,0,0,,275,0,0,0,
8723ccecdfd84d92b1de24f9d6a86bcc,66,5388,408,171,745,https://www.youtube.com/watch?v=Sw9XNmnf-XI,0,0,0,,408,171,745,https://www.youtube.com/watch?v=Sw9XNmnf-XI,3463,308,170,432,https://www.twitch.tv/videos/2844273032
94bda3c948ac4e74ad5c3592c1d284ac,65,806,0,0,0,,0,0,0,,0,0,0,,132,0,0,0,
1645f4035c9b42019c61d630fc75d5e0,65,869,0,0,0,,0,0,0,,0,0,0,,94,0,0,0,
061fb9c63b7e45bb85ea7e6bd4fe3745,65,4290,0,0,0,,0,0,0,,0,0,0,,218,23,14,44,https://www.twitch.tv/videos/2847808849
43d785b8082f43138988dacd0236bb67,65,0,0,0,0,,0,0,0,,0,0,0,,430,0,0,0,
4e5a8a6380764f9b9f28732968e4aac8,65,3652,301,157,352,https://www.youtube.com/watch?v=CvqCC1g6a1c,0,0,0,,301,157,352,https://www.youtube.com/watch?v=CvqCC1g6a1c,556,76,44,206,https://www.twitch.tv/videos/2855873688
e2448cc1f0df41b08247cb7a51119a67,64,705,0,0,0,,0,0,0,,0,0,0,,700,0,0,0,
78b333b99eb242ad96a8ee82275a0e98,63,11800,5,3,5,https://www.youtube.com/watch?v=hwEEdFA_0HM,0,0,0,,5,3,5,https://www.youtube.com/watch?v=hwEEdFA_0HM,0,0,0,0,
45850b41e06641ef9dc11aa3d94c9738,63,2904,0,0,0,,0,0,0,,0,0,0,,0,0,0,0,
ef13ede8525d49339887c3bf54b08acc,62,1375,28,22,47,https://www.youtube.com/watch?v=k8bgZ6ACHQg,28,22,47,https://www.youtube.com/watch?v=k8bgZ6ACHQg,0,0,0,,48,0,0,0,
a0e7c7e7702b4e81a5fecc4090814236,61,18464,13,7,95,https://www.youtube.com/watch?v=PAgXTVJwvNE,0,0,0,,13,7,95,https://www.youtube.com/watch?v=PAgXTVJwvNE,268,263,190,361,https://www.twitch.tv/videos/2849638856
a9ada11d61114319885597db6a0725fb,61,326,0,0,0,,0,0,0,,0,0,0,,651,102,65,159,https://www.twitch.tv/videos/2844858075
f9d27b07ff84433b8397b0587f339e27,60,9553,0,0,0,,0,0,0,,0,0,0,,203,70,39,89,https://www.twitch.tv/videos/2853290845
5d27ac4b9342450990a299e95818bbb0,59,2683,46,9,46,https://www.youtube.com/watch?v=S9TnqnNqGxc,46,9,46,https://www.youtube.com/watch?v=S9TnqnNqGxc,0,0,0,,0,0,0,0,
a73103b226f34098bb5d4cd00b86d2f6,58,2161,0,0,0,,0,0,0,,0,0,0,,249,0,0,0,
359bb9450c49401da7b002980d4f97df,58,227,0,0,0,,0,0,0,,0,0,0,,984,0,0,0,
130a4d6105464e518a8a3eed336b4101,57,679,0,0,0,,0,0,0,,0,0,0,,995,24,19,38,https://www.twitch.tv/videos/2855975682
e4488c7dece84f7580bc0ab130222e08,56,7242,0,0,0,,0,0,0,,0,0,0,,942,121,68,121,https://www.twitch.tv/videos/2844411073
b3e0bc9dd06f4774b492e6d50dd92be2,55,88,0,0,0,,0,0,0,,0,0,0,,262,0,0,0,
895701631707493e8c7edf4af21615be,53,862,38,8,38,https://www.youtube.com/watch?v=JeobvkeNwlE,38,8,38,https://www.youtube.com/watch?v=JeobvkeNwlE,0,0,0,,0,0,0,0,
68c50e424b2148478c74effaacfdeae3,52,769,0,0,0,,0,0,0,,0,0,0,,293,0,0,0,
c06b6f1eb79d41ecb17aaaf80e035daa,52,0,0,0,0,,0,0,0,,0,0,0,,2250,814,445,1171,https://www.twitch.tv/videos/2844147834
591a7323f0134cf2929e75d959f21f68,52,37,0,0,0,,0,0,0,,0,0,0,,1288,238,233,238,https://www.twitch.tv/videos/2855868540
2a25c205cc374cbeb8c8ccfe988ec9cc,51,795,0,0,0,,0,0,0,,0,0,0,,1520,156,110,263,https://www.twitch.tv/videos/2845036670
f8e4654549304ea9933e02c2dcf48aae,51,0,0,0,0,,0,0,0,,0,0,0,,560,0,0,0,
9e121751e3774a15bdf9ccfab7eb7faf,50,493,0,0,0,,0,0,0,,0,0,0,,1162,114,78,141,https://www.twitch.tv/videos/2844107162
676db89cb8a9483486442231b615b46f,49,8500,8,1,21,https://www.youtube.com/watch?v=D5nQ7P8BuNw,8,1,21,https://www.youtube.com/watch?v=D5nQ7P8BuNw,0,0,0,,162,32,31,83,https://www.twitch.tv/videos/2854160951
f5f22d1a091143798bfc7fac1211183c,49,695,0,0,0,,0,0,0,,0,0,0,,140,73,45,83,https://www.twitch.tv/videos/2845082846
bd8b9130e88a44c98f1bdcbed402ae01,49,633,0,0,0,,0,0,0,,0,0,0,,0,0,0,0,
74acc3b3c4db41d2a13cce887ad2a856,49,3247,0,0,0,,0,0,0,,0,0,0,,1473,0,0,0,
d9f302ca07b54664a88124d64442abac,48,8324,245,218,245,https://www.youtube.com/watch?v=467RXahqeZQ,0,0,0,,245,218,245,https://www.youtube.com/watch?v=467RXahqeZQ,135,0,0,0,
07b6c0dad3114eca9e903fd5725cc4e8,48,306,0,0,0,,0,0,0,,0,0,0,,219,39,31,49,https://www.twitch.tv/videos/2849528745
80692e12416048be8396526bdb9c3040,48,1747,0,0,0,,0,0,0,,0,0,0,,519,0,0,0,
255a5e79f9d14e6492d741b95f78cb7c,48,1134,0,0,0,,0,0,0,,0,0,0,,2214,0,0,0,
0ddb6eca94604d4da0665e90fbbe366f,48,1213,13,1,13,https://www.youtube.com/watch?v=BFHzpFSjanM,0,0,0,,13,1,13,https://www.youtube.com/watch?v=BFHzpFSjanM,153,0,0,0,
54f2f567fdac423c80dad4b29a4372db,47,7401,5,3,5,https://www.youtube.com/watch?v=R4Z-_CJL33U,5,3,5,https://www.youtube.com/watch?v=R4Z-_CJL33U,0,0,0,,236,60,55,243,https://www.twitch.tv/videos/2852391142
cb470bbb5a8f468a8a15b08757309d74,47,2294,0,0,0,,0,0,0,,0,0,0,,583,96,56,260,https://www.twitch.tv/videos/2843934365
3098e045fa844093a3731b19665e9462,47,430,0,0,0,,0,0,0,,0,0,0,,757,0,0,0,
df02d1a89bc74c928c825773996bbb7b,45,2034,0,0,0,,0,0,0,,0,0,0,,1560,0,0,0,
12b98d960ead4bc09b2f2b220d7437a1,44,6132,60,59,1655,https://www.youtube.com/watch?v=HRG0-5_Jz3I,7,0,17,https://www.youtube.com/watch?v=9vmRNP5mMt8,594,230,1655,https://www.youtube.com/watch?v=HRG0-5_Jz3I,1,0,0,0,
5b0963427f8e4f04a35cb0e71d95698d,44,0,0,0,0,,0,0,0,,0,0,0,,0,0,0,0,
c8be9c7ed05442dcb2b278dc5a6bc1de,43,10910,0,0,0,,0,0,0,,0,0,0,,238,72,51,99,https://www.twitch.tv/videos/2854206697
76355385e14341a5b8360ea9d19d831e,40,204,0,0,0,,0,0,0,,0,0,0,,0,0,0,0,
2e2a6c392c024bb2a68b681bc210c187,39,5926,1,0,291,https://www.youtube.com/watch?v=O5XASS3s2Dg,0,0,0,,1,0,291,https://www.youtube.com/watch?v=O5XASS3s2Dg,306,56,51,140,https://www.twitch.tv/videos/2852305029
0cb217f7775543eb9c5aac3b9df75a86,39,18486,228,81,228,https://www.youtube.com/watch?v=PnD_hoFtXd0,0,0,0,,228,81,228,https://www.youtube.com/watch?v=PnD_hoFtXd0,827,160,126,428,https://www.twitch.tv/videos/2846653166
c68bc0ba32f14d9b8669b0594435b68b,38,320,0,0,0,,0,0,0,,0,0,0,,211,58,56,66,https://www.twitch.tv/videos/2855196337
e04b970f339243258cb0dc0c5735274a,38,1046,0,0,0,,0,0,0,,0,0,0,,0,0,0,0,
adbcdff5b9e7441dae817c01c283ec00,37,7229,4,1,483,https://www.youtube.com/watch?v=RJGfnoT4JVg,2,1,2,https://www.youtube.com/watch?v=7-U1YmWg92w,4,1,483,https://www.youtube.com/watch?v=RJGfnoT4JVg,355,89,46,471,https://www.twitch.tv/videos/2852976437
7360e8cae69b4d4fbe91510c776b1c5e,37,3344,0,0,4,https://www.youtube.com/watch?v=_U7eDwsqgLA,0,0,0,,0,0,4,https://www.youtube.com/watch?v=_U7eDwsqgLA,242,29,24,75,https://www.twitch.tv/videos/2848653054
9ff652451cbd4ad098bf20dd9748ce12,37,6,0,0,0,,0,0,0,,0,0,0,,2145,59,42,133,https://www.twitch.tv/videos/2850507889
6d6b6d6e7b4b464bb093c9d34cee9754,37,680,0,0,0,,0,0,0,,0,0,0,,390,0,0,0,
73273454c7b4453a834a74701826e0b8,36,593,0,0,0,,0,0,0,,0,0,0,,950,188,158,841,https://www.twitch.tv/videos/2849415270
b9d51a073b4542ac800bd7c9e38d0902,36,1256,0,0,0,,0,0,0,,0,0,0,,227,0,0,0,
6bcb75418dd24274b2fe4b8e60a94999,36,4348,0,0,0,,0,0,0,,0,0,0,,380,0,0,0,
b46cdde6e23343d5b5a9cfd115286e26,35,840,0,0,0,,0,0,0,,0,0,0,,218,0,0,0,
0b53549edaf5490ca350ef17aee7b8b9,35,200,0,0,0,,0,0,0,,0,0,0,,535,34,23,52,https://www.twitch.tv/videos/2847658907
1ee3effc49074de1ba98b10a13df2d10,35,785,0,0,0,,0,0,0,,0,0,0,,268,0,0,0,
9f976a39c1fa4e6dae3ed11b771ef918,34,5270,0,0,0,,0,0,0,,0,0,0,,60,0,0,0,
e3ee9544e190459d9bc2bdf3c1ccde7b,31,4263,1,0,25,https://www.youtube.com/watch?v=QOaIYR3qBCk,0,0,0,,1,0,25,https://www.youtube.com/watch?v=QOaIYR3qBCk,827,0,0,0,
bbf59615227a44069ef42e5d76cf98bb,30,450,38,6,66,https://www.youtube.com/watch?v=Y73ZH8mOGCk,66,11,66,https://www.youtube.com/watch?v=Y73ZH8mOGCk,10,2,10,https://www.youtube.com/watch?v=QxMSOe7X1OU,329,93,39,207,https://www.twitch.tv/videos/2846913595
b8495fc4bb174140acf0ebd7d64fe044,30,2765,0,0,0,,0,0,0,,0,0,0,,2862,478,468,478,https://www.twitch.tv/videos/2855845730
bf2a683536dd447c83b75340e3db3b0a,29,1831,144,78,144,https://www.youtube.com/watch?v=sCB74FqZ5QU,0,0,0,,144,78,144,https://www.youtube.com/watch?v=sCB74FqZ5QU,166,48,46,72,https://www.twitch.tv/videos/2855978149
6c52137d373a45d58eafc0d52253dcf8,28,0,0,0,0,,0,0,0,,0,0,0,,1269,333,176,584,https://www.twitch.tv/videos/2833401065
09b185b91ede45769f179d43b227da47,27,543,5,1,5,https://www.youtube.com/watch?v=DmmuzoeChmw,0,0,0,,5,1,5,https://www.youtube.com/watch?v=DmmuzoeChmw,275,68,45,193,https://www.twitch.tv/videos/2853159403
5454ccf6c8ee496296e7084081863575,27,689,47,18,47,https://www.youtube.com/watch?v=uDy4oAU3ARg,0,0,0,,47,18,47,https://www.youtube.com/watch?v=uDy4oAU3ARg,19,16,13,26,https://www.twitch.tv/videos/2852172956
0b165d46f9164557b16678383820ee04,26,0,0,0,0,,0,0,0,,0,0,0,,725,0,0,0,
50c9dbd2624f41408f2b6a9ccf61e447,26,527,0,0,0,,0,0,0,,0,0,0,,304,123,80,191,https://www.twitch.tv/videos/2843715676
ad57b32de5f34598a57ac5af8b8004e2,25,1603,24,12,862,https://www.youtube.com/watch?v=aXvTKkPNf1A,12,12,13,https://www.youtube.com/watch?v=x2BHMHU8ka8,28,23,862,https://www.youtube.com/watch?v=aXvTKkPNf1A,106,41,26,116,https://www.twitch.tv/videos/2853182631
fd183b51115b4fefaf8ff3388d40acb3,25,56,0,0,0,,0,0,0,,0,0,0,,706,122,86,175,https://www.twitch.tv/videos/2848568407
d4cd6eee95774ca389aebf3e783a8cd8,24,274,0,0,0,,0,0,0,,0,0,0,,487,15,12,25,https://www.twitch.tv/videos/2846740331
59216a033f2b47128d190a5ed1add217,24,13,0,0,0,,0,0,0,,0,0,0,,258,0,0,0,
9f68c1ebda2041c9a221d47733e3cab9,24,977,0,0,0,,0,0,0,,0,0,0,,0,0,0,0,
173423093026403dbd1443e56c47b3db,23,862,1,1,6,https://www.youtube.com/watch?v=GTqxwSvMneE,0,0,0,,1,1,6,https://www.youtube.com/watch?v=GTqxwSvMneE,370,23,15,26,https://www.twitch.tv/videos/2844126290
5a59b23a201f4b2d8729b0f4b33c9e6b,22,1975,0,0,0,,0,0,0,,0,0,0,,127,0,0,0,
1e90b55b0e0b483d971e0c1fe02c750c,19,126,0,0,0,,0,0,0,,0,0,0,,0,0,0,0,
0c016d6bcf2643d3864fa81866c6a798,19,240,0,0,0,,0,0,0,,0,0,0,,293,169,125,496,https://www.twitch.tv/videos/2847905459
a6815e229f914db2a936ad70c285cea2,17,1337,0,0,0,,0,0,0,,0,0,0,,456,11,8,16,https://www.twitch.tv/videos/2847607727
ead3db33c54e411baa75a4bad3b48aee,16,84,0,0,0,,0,0,0,,0,0,0,,1629,78,62,98,https://www.twitch.tv/videos/2851331732
0886366d9cb8424e90fd8b3e12dcc0af,15,1366,0,0,0,,0,0,0,,0,0,0,,1467,228,195,267,https://www.twitch.tv/videos/2848614023
0a07165e6a2f45ab9b6c96debba1f079,15,0,0,0,0,,0,0,0,,0,0,0,,504,207,163,604,https://www.twitch.tv/videos/2854015635
4b6b92e9aea74d7481d50636f088e9be,12,1383,0,0,0,,0,0,0,,0,0,0,,0,0,0,0,
156fb169c746493bb50c813f20c4d1a8,12,130,0,0,0,,0,0,0,,0,0,0,,60,0,0,0,
e3b45528947e48a4b68964369bb69e00,12,1593,0,0,0,,0,0,0,,0,0,0,,291,24,20,44,https://www.twitch.tv/videos/2847790324
f058268c96ac4a8eb86cacb70bb9d0fb,9,21321,0,0,0,,0,0,0,,0,0,0,,87,27,24,58,https://www.twitch.tv/videos/2847636034
e1a9d641bfe749ee8b97fe0e3abe413f,9,64,67,52,67,https://www.youtube.com/watch?v=PjiiFIvm5rk,0,0,0,,67,52,67,https://www.youtube.com/watch?v=PjiiFIvm5rk,0,0,0,0,
93cd49107c8c46d0b6b185c382900d1e,9,1989,7,5,9,https://www.youtube.com/watch?v=kzXYbPfkV4g,7,6,9,https://www.youtube.com/watch?v=kzXYbPfkV4g,3,2,4,https://www.youtube.com/watch?v=K2PT9t5fD-U,11,9,8,27,https://www.twitch.tv/videos/2855845932
e2c0d3ba19244f75888e5dbe1881d22f,5,96,0,0,0,,0,0,0,,0,0,0,,1374,219,212,610,https://www.twitch.tv/videos/2843168446
19fdf3885dcf4d45bdf768a6f3fd99b4,4,88,0,0,0,,0,0,0,,0,0,0,,583,0,0,0,
d71e503b11d04c8a9a7ae74f5e0d9fc4,4,145,4,3,4,https://www.youtube.com/watch?v=nT1j951q8hk,0,0,0,,4,3,4,https://www.youtube.com/watch?v=nT1j951q8hk,46,26,20,92,https://www.twitch.tv/videos/2855950013
56dc4f6ade114f04b6ed4022cfdddf55,0,0,0,0,0,,0,0,0,,0,0,0,,175,122,94,144,https://www.twitch.tv/videos/2849236058
4dd7cfc58ae54c1fa6211ba9b1c607ec,0,0,0,0,0,,0,0,0,,0,0,0,,2080,501,403,1326,https://www.twitch.tv/videos/2855124785
ed1b68a3184d466bb17b3c3363fad948,0,0,0,0,0,,0,0,0,,0,0,0,,820,0,0,0,
a17fcdf32a124beba3fba16299aed2b3,0,0,0,0,0,,0,0,0,,0,0,0,,8582,476,142,833,https://www.twitch.tv/videos/2852281971
89e97a0dc5844cf88fe30a25f347aac0,0,0,0,0,0,,0,0,0,,0,0,0,,481,168,124,200,https://www.twitch.tv/videos/2850441549
9c85aee2166449c395c18b0bc06f89e2,0,0,0,0,0,,0,0,0,,0,0,0,,348,0,0,0,
8024d67e25454783a698e5ecf2c4dc67,0,0,0,0,0,,0,0,0,,0,0,0,,626,102,97,165,https://www.twitch.tv/videos/2845705352
3569cab127ab4bf9af790de9a999a5f8,0,0,0,0,0,,0,0,0,,0,0,0,,515,0,0,0,
4c42b9f574e7438d8aea8b099e451505,0,0,0,0,0,,0,0,0,,0,0,0,,1160,156,139,156,https://www.twitch.tv/videos/2853322498
6a6547a3f19d4870a6f11b88c60a5296,0,0,0,0,0,,0,0,0,,0,0,0,,3570,254,162,314,https://www.twitch.tv/videos/2843149338
d17f504657b84cd9af8a3d405713e918,0,0,0,0,0,,0,0,0,,0,0,0,,124,0,0,0,
a5b71bba2a2347a080ae3443d5ef47d5,0,0,0,0,0,,0,0,0,,0,0,0,,837,0,0,0,
3a2199639669433faff0591468bcfa10,0,0,0,0,0,,0,0,0,,0,0,0,,1141,0,0,0,
e4421bd8d15848c09fa4ad4df162c858,0,0,0,0,0,,0,0,0,,0,0,0,,384,53,34,53,https://www.twitch.tv/videos/2846828541
ec045a49833c4c2fa7b7012ca7544e18,0,0,0,0,0,,0,0,0,,0,0,0,,1716,0,0,0,
3cfc2b54a543469b92a95ff1e3f1da54,0,0,0,0,0,,0,0,0,,0,0,0,,1605,0,0,0,
d91ffcc2823f4121a2caa347a8c2a507,0,0,0,0,0,,0,0,0,,0,0,0,,861,64,61,64,https://www.twitch.tv/videos/2855093321
547aa467c2ce497e9d95c4a085effe0d,0,0,0,0,0,,0,0,0,,0,0,0,,1351,0,0,0,
256252fdd3d1437995088c56e674fcf0,0,0,0,0,0,,0,0,0,,0,0,0,,1165,64,35,64,https://www.twitch.tv/videos/2844125597
b4607ee6ce914078ae3704617ca03333,0,0,0,0,0,,0,0,0,,0,0,0,,521,0,0,0,
7dd086a606284ba6b7b584f8b00dc190,0,0,0,0,0,,0,0,0,,0,0,0,,418,20,13,34,https://www.twitch.tv/videos/2851409629
e353f482c5be4887838ea9fdf802ad91,0,0,0,0,0,,0,0,0,,0,0,0,,3802,185,173,302,https://www.twitch.tv/videos/2849622918
328751d304524e18a74cef810504b219,0,0,0,0,0,,0,0,0,,0,0,0,,822,544,221,778,https://www.twitch.tv/videos/2853991032
326e21d5b6e7446698969bbd8be1b564,0,0,0,0,0,,0,0,0,,0,0,0,,2394,0,0,0,
aa72818fdcaf460b9b3f90e92d702e57,0,0,0,0,0,,0,0,0,,0,0,0,,8440,1757,866,2384,https://www.twitch.tv/videos/2845987393
4f1ccc5966a847308552b2c7b05e18dc,0,0,0,0,0,,0,0,0,,0,0,0,,28,11,8,11,https://www.twitch.tv/videos/2850372250
16896dffcb474d7aa21540c944a2f7de,0,0,0,0,0,,0,0,0,,0,0,0,,3356,0,0,0,
224e3ebb4c0540098ce414cc6e79df9d,0,0,0,0,0,,0,0,0,,0,0,0,,46,0,0,0,
c2777df3c8d341f4a1f0bb9cda8d9365,0,0,0,0,0,,0,0,0,,0,0,0,,1674,0,0,0,
31f4c00be9eb41a1a6be0356614048fd,0,0,0,0,0,,0,0,0,,0,0,0,,3615,234,74,764,https://www.twitch.tv/videos/2854137977
9bef8e0d321d4dab973b7e98443937ea,0,0,0,0,0,,0,0,0,,0,0,0,,306,0,0,0,
4fcbdf1b0a384ee58733b1e852edefa5,0,0,0,0,0,,0,0,0,,0,0,0,,1093,0,0,0,
6ec708afd89043b682eb82dacc36c3c9,0,0,0,0,0,,0,0,0,,0,0,0,,1135,1071,364,2137,https://www.twitch.tv/videos/2844034641
a5773880b0f040a9abbecacf3eb0eb29,0,0,0,0,0,,0,0,0,,0,0,0,,2459,0,0,0,
b1f8da62ceca4089a4e7115624be25bc,0,0,0,0,0,,0,0,0,,0,0,0,,3253,2147,1156,3247,https://www.twitch.tv/videos/2830733740
7cd55e03d87c4c77843a437ec0703670,0,0,0,0,0,,0,0,0,,0,0,0,,3019,0,0,0,
c099b7e8d46c418d8e17097d496f3b83,0,0,0,0,0,,0,0,0,,0,0,0,,3683,598,304,1348,https://www.twitch.tv/videos/2855094135
f9641107ffee492cbec14839b1958144,0,0,0,0,0,,0,0,0,,0,0,0,,2154,0,0,0,
480aca28939a4eb5bf558a710e21709c,0,0,0,0,0,,0,0,0,,0,0,0,,2934,110,80,146,https://www.twitch.tv/videos/2853904280
f0bc26cfe4a8451d863a8d8cbd6313ed,0,0,0,0,0,,0,0,0,,0,0,0,,6,0,0,0,
df49a373151f4d21a118829e7ee471c0,0,0,0,0,0,,0,0,0,,0,0,0,,1507,0,0,0,
d30a2d88bd2146a8870209e98004e0f0,0,0,0,0,0,,0,0,0,,0,0,0,,2048,601,443,738,https://www.twitch.tv/videos/2834258476
1a95bb88e451498ca3491b69af964588,0,0,0,0,0,,0,0,0,,0,0,0,,37748,2585,1026,124851,https://www.twitch.tv/videos/2841240937
c29bc8bf78dd417980491f19333c8fa2,0,0,0,0,0,,0,0,0,,0,0,0,,13317,0,0,0,
f5034a946bf249c780a864c19efda669,0,0,0,0,0,,0,0,0,,0,0,0,,424,16,10,25,https://www.twitch.tv/videos/2848645485
d25a9902f0f347be84febc0a8a932a56,0,0,0,0,0,,0,0,0,,0,0,0,,1413,104,94,169,https://www.twitch.tv/videos/2853075957
dbabd28a98cf447189088251a5b973d4,0,0,0,0,0,,0,0,0,,0,0,0,,252,0,0,0,
0572bddb85b24166820f34f39164f99c,0,0,0,0,0,,0,0,0,,0,0,0,,828,131,125,160,https://www.twitch.tv/videos/2854272314
228427b15b964f1396b5a7b5eb224a21,0,0,0,0,0,,0,0,0,,0,0,0,,53,0,0,0,
091175f48e6c4ead84a2811cb3f22560,0,0,0,0,0,,0,0,0,,0,0,0,,107,0,0,0,
6c7336d4605540c6871de5f96874129c,0,0,0,0,0,,0,0,0,,0,0,0,,24441,8762,5328,18554,https://www.twitch.tv/videos/2836929787
06337167c1a14d82b6a7f7cc71eac813,0,0,0,0,0,,0,0,0,,0,0,0,,844,0,0,0,
f8ade397837d42f7a9167e0d4f20fc56,0,0,0,0,0,,0,0,0,,0,0,0,,2659,0,0,0,
cad8c81461ac41c887bdf3617ccdaee6,0,0,0,0,0,,0,0,0,,0,0,0,,1133,95,77,174,https://www.twitch.tv/videos/2848658516
389c752acb964aeda95f36098fd37ef0,0,0,0,0,0,,0,0,0,,0,0,0,,1671,116,83,176,https://www.twitch.tv/videos/2849512208
242326a56b0d4ca7a37c08a8fc2be138,0,0,0,0,0,,0,0,0,,0,0,0,,805,88,49,88,https://www.twitch.tv/videos/2844224625
fa59e2edc64c432ebaeeb66b2a53ab2d,0,0,0,0,0,,0,0,0,,0,0,0,,5518,1200,478,2074,https://www.twitch.tv/videos/2850279443
59904dcbea754d238b0710e75262d119,0,0,0,0,0,,0,0,0,,0,0,0,,617,0,0,0,
e32a4d49fba7459fbdf9e242288fa18c,0,0,0,0,0,,0,0,0,,0,0,0,,4997,169,45,242,https://www.twitch.tv/videos/2836987939
f0cf456a9f204645a4b468f8cbefb150,0,0,0,0,0,,0,0,0,,0,0,0,,1399,0,0,0,
936b23e5e87144108c5d3f09f194c8b8,0,0,0,0,0,,0,0,0,,0,0,0,,6766,0,0,0,
555fe6a78fdb4d8b9fa8a286377972e8,0,0,0,0,0,,0,0,0,,0,0,0,,1157,0,0,0,
cda9668f324445a7bd507094ad6946b8,0,0,0,0,0,,0,0,0,,0,0,0,,421,0,0,0,
c8c9028316b44ae9a1ac302337862085,0,0,0,0,0,,0,0,0,,0,0,0,,571,106,88,166,https://www.twitch.tv/videos/2849760725
a0ba9fee8a7747cab74e98ed61fb4a68,0,0,0,0,0,,0,0,0,,0,0,0,,1229,113,81,207,https://www.twitch.tv/videos/2851211660
66c8fc624de94d8e8af4325e41ce7c34,0,0,0,0,0,,0,0,0,,0,0,0,,1719,564,302,1167,https://www.twitch.tv/videos/2842223225
daa0d327175a43dc9bb627bc6db7de56,0,0,0,0,0,,0,0,0,,0,0,0,,1335,0,0,0,
ba562aad440d483e988d3ce7e7217c94,0,0,0,0,0,,0,0,0,,0,0,0,,37527,5043,2857,8730,https://www.twitch.tv/videos/2829926367
02fa128da7cc4f3aab0f1c5ee356f342,0,0,0,0,0,,0,0,0,,0,0,0,,559,0,0,0,
88526add0348499c95bd5838a5f35989,0,0,0,0,0,,0,0,0,,0,0,0,,1975,351,232,491,https://www.twitch.tv/videos/2845656923
3840a44ffffd48098bdfc16c4ee537bb,0,0,0,0,0,,0,0,0,,0,0,0,,2859,0,0,0,
6a963053004f4deaa0dbdf875db41879,0,0,0,0,0,,0,0,0,,0,0,0,,664,0,0,0,
83f96fd6cab64f4da581c50cd2a31b82,0,0,0,0,0,,0,0,0,,0,0,0,,3978,0,0,0,
f48eb9c6edaa4e45b2a1ebad1e9304ff,0,0,0,0,0,,0,0,0,,0,0,0,,0,0,0,0,
22eea06367f4430d816e38dfb68a26cf,0,0,0,0,0,,0,0,0,,0,0,0,,985,0,0,0,
60cc7f18c0fe438280af5a81b31eb923,0,0,0,0,0,,0,0,0,,0,0,0,,4064,317,154,34891,https://www.twitch.tv/videos/2840526655
59152798bfa74acb8bad10346fd10d69,0,0,0,0,0,,0,0,0,,0,0,0,,1692,784,444,1633,https://www.twitch.tv/videos/2836674628
55e9448a0a9040f99dc8ea1cf86cbad5,0,0,0,0,0,,0,0,0,,0,0,0,,1342,33,32,33,https://www.twitch.tv/videos/2855935155
f84598913e654789a80556fd38388dfb,0,0,0,0,0,,0,0,0,,0,0,0,,1519,0,0,0,
fe62d50e41af4aa29c3e2b0cfc62fb3d,0,0,0,0,0,,0,0,0,,0,0,0,,1017,77,62,169,https://www.twitch.tv/videos/2853141953
32aabdc7b41144a8b1bd28954cd3278c,0,0,0,0,0,,0,0,0,,0,0,0,,1526,0,0,0,
fdb4872691864af8825511a6d0c72895,0,0,0,0,0,,0,0,0,,0,0,0,,616,83,56,444,https://www.twitch.tv/videos/2847663733
91919c2ad07a4db88e0b4cfbc1739940,0,0,0,0,0,,0,0,0,,0,0,0,,2947,0,0,0,
e698befe9649448885d93094cd4dc6a9,0,0,0,0,0,,0,0,0,,0,0,0,,4505,683,358,1433,https://www.twitch.tv/videos/2831938711
1addf96267ac494bb73c9e6f6e1793b8,0,0,0,0,0,,0,0,0,,0,0,0,,2802,0,0,0,
07fec8d9014a41c28216345a5adb1533,0,0,0,0,0,,0,0,0,,0,0,0,,451,0,0,0,
d804bcd787db4333bca9dccd268ed32a,0,0,0,0,0,,0,0,0,,0,0,0,,3778,585,224,1579,https://www.twitch.tv/videos/2846706773
828ab4c66f5f43f298d237374a266b7e,0,0,0,0,0,,0,0,0,,0,0,0,,3044,293,154,573,https://www.twitch.tv/videos/2836844772
a3a1caa89669445db63f22b9a3af88b0,0,0,0,0,0,,0,0,0,,0,0,0,,1198,0,0,0,
d3f5c739727041bbb2151e96d9368bae,0,0,0,0,0,,0,0,0,,0,0,0,,651,237,181,332,https://www.twitch.tv/videos/2844044843
31a4ca5b5d554c13902eff32302e5eb9,0,0,0,0,0,,0,0,0,,0,0,0,,2371,422,228,1527,https://www.twitch.tv/videos/2834114319
107fac8e77f74af8ba95491ae9492642,0,0,0,0,0,,0,0,0,,0,0,0,,473,0,0,0,
8cbfffe3cac54065be4149b03b680d87,0,0,0,0,0,,0,0,0,,0,0,0,,575,0,0,0,
ed051ffc6cd643c287a678fea774e644,0,0,0,0,0,,0,0,0,,0,0,0,,2693,0,0,0,
c8728d2ddd4f4a929764b11247c88c22,0,0,0,0,0,,0,0,0,,0,0,0,,618,57,51,67,https://www.twitch.tv/videos/2852886708
9ca05592c52f42649191751f18cb70e6,0,0,0,0,0,,0,0,0,,0,0,0,,2695,296,183,324,https://www.twitch.tv/videos/2853104890
ad2aef5af5074f14af7f6ddf7899743a,0,0,0,0,0,,0,0,0,,0,0,0,,2005,0,0,0,
4307c0486d204edc9d2be8d0c76949d5,0,0,0,0,0,,0,0,0,,0,0,0,,136,0,0,0,
057faa70622247bd933959412bbeb667,0,0,0,0,0,,0,0,0,,0,0,0,,1075,0,0,0,
aae348caede446649e2ef8b15536119c,0,0,0,0,0,,0,0,0,,0,0,0,,21,0,0,0,
339b1998ac594ab2b45bedc3038d6cf0,0,0,0,0,0,,0,0,0,,0,0,0,,857,0,0,0,
3de6bc82438b451abf5ebe76a366be24,0,0,0,0,0,,0,0,0,,0,0,0,,3652,0,0,0,
e53606f1bf0c4059b1226b6c2e037fd0,0,0,0,0,0,,0,0,0,,0,0,0,,903,66,62,244,https://www.twitch.tv/videos/2845079565
be1a18aa8599409ba250e5345e62fed6,0,0,0,0,0,,0,0,0,,0,0,0,,2150,78,21,167,https://www.twitch.tv/videos/2842311684
8ee91529ce264452890b80ffb514248a,0,0,0,0,0,,0,0,0,,0,0,0,,626,1322,945,1697,https://www.twitch.tv/videos/2843468586
5b62816b7dee4c13856f3c21629be3c4,0,0,0,0,0,,0,0,0,,0,0,0,,24710,2221,1367,2761,https://www.twitch.tv/videos/2847686746
99c240d0c1a047b4a4e017d764a54c62,0,0,0,0,0,,0,0,0,,0,0,0,,450,207,188,351,https://www.twitch.tv/videos/2847522611
eeefa43ecaf74f7b822dde3f0e7683d4,0,0,0,0,0,,0,0,0,,0,0,0,,2065,96,57,24108,https://www.twitch.tv/videos/2853276602
2af6cb0e15ce4839ba711b47608d4f4d,0,0,0,0,0,,0,0,0,,0,0,0,,4018,261,224,261,https://www.twitch.tv/videos/2852373312
305290c734e94a74881ae46c49ea18c4,0,0,0,0,0,,0,0,0,,0,0,0,,7183,796,339,2331,https://www.twitch.tv/videos/2853383071
880137f60dc842b98862f5b86ba8d94d,0,0,0,0,0,,0,0,0,,0,0,0,,746,82,59,88,https://www.twitch.tv/videos/2845937871
9e64bba43928414884503de36f805c48,0,0,0,0,0,,0,0,0,,0,0,0,,39897,21341,10270,47143,https://www.twitch.tv/videos/2848613139
b6519fbc0d6941d4b43ce1742a14b0b2,0,0,0,0,0,,0,0,0,,0,0,0,,708,0,0,0,
b053612876e04de488a32893a19f4b08,0,0,0,0,0,,0,0,0,,0,0,0,,402,104,64,126,https://www.twitch.tv/videos/2849567240
2996488b9f454fb3a42c17ab292ac63c,0,0,0,0,0,,0,0,0,,0,0,0,,718,167,112,188,https://www.twitch.tv/videos/2848854721
cfc7bcf869514c70a5091672d3acb031,0,0,0,0,0,,0,0,0,,0,0,0,,415,0,0,0,
b92f05ad314c4937b09cd603f9ebd64b,0,0,0,0,0,,0,0,0,,0,0,0,,338,0,0,0,
f63e4427852143aea61621a639c0b391,0,0,0,0,0,,0,0,0,,0,0,0,,105,138,129,226,https://www.twitch.tv/videos/2846681243
e94cfb3c71d94965bfc98f135bfd2f14,0,0,0,0,0,,0,0,0,,0,0,0,,926,297,186,499,https://www.twitch.tv/videos/2834432930
e18c43e19e9b4fc8af0cdc24c33ae476,0,0,0,0,0,,0,0,0,,0,0,0,,2473,0,0,0,
0495c29470d143fa99819123878186b7,0,0,0,0,0,,0,0,0,,0,0,0,,5526,0,0,0,
4fadb90960a844daab26191bb158d3a3,0,0,0,0,0,,0,0,0,,0,0,0,,3276,0,0,0,
76489786a22c4162970f9c288157db6b,0,0,0,0,0,,0,0,0,,0,0,0,,1863,122,92,209,https://www.twitch.tv/videos/2852341990
6908430ccb204a1b9d95ee7a1711cae3,0,0,0,0,0,,0,0,0,,0,0,0,,2562,0,0,0,
288d3972d3164ee595228b8a5959ac00,0,0,0,0,0,,0,0,0,,0,0,0,,2995,155,137,155,https://www.twitch.tv/videos/2853244738
8c2f8700978045ec86bf1ade1b3e650b,0,0,0,0,0,,0,0,0,,0,0,0,,851,112,84,304,https://www.twitch.tv/videos/2853262154
e34f7c6a99ea4780b2351de111e222e6,0,0,0,0,0,,0,0,0,,0,0,0,,281,151,117,198,https://www.twitch.tv/videos/2849896104
22c4cd83790e401ca8055a64554cf3a7,0,0,0,0,0,,0,0,0,,0,0,0,,179,0,0,0,
644e669aa31443fe9a61a14e75ebd21e,0,0,0,0,0,,0,0,0,,0,0,0,,7379,349,127,482,https://www.twitch.tv/videos/2835865690
36beb36f581f44d393dcf0af2b194789,0,0,0,0,0,,0,0,0,,0,0,0,,6381,384,178,469,https://www.twitch.tv/videos/2847752395
4cb08241fbce4905a83ed02de6a1af9c,0,0,0,0,0,,0,0,0,,0,0,0,,9064,2385,1181,10293,https://www.twitch.tv/videos/2846671457
921d25072caf403ea797c3d5f61f84cf,0,0,0,0,0,,0,0,0,,0,0,0,,1839,0,0,0,
afa3e309e41044c5bffe17466607d481,0,0,0,0,0,,0,0,0,,0,0,0,,35243,13765,5299,27155,https://www.twitch.tv/videos/2840460537
007847e77d894f199e1272cf81e02730,0,0,0,0,0,,0,0,0,,0,0,0,,657,0,0,0,
bf277797951346fe991c27c79a6c5081,0,0,0,0,0,,0,0,0,,0,0,0,,9713,733,285,1205,https://www.twitch.tv/videos/2853151828
