V5##VTuber ID,YouTube Subscriber Count,YouTube View Count,YouTube Recent Total Median View Count,YouTube Recent Total Popularity,YouTube Recent Total Highest View Count,YouTube Recent Total Highest Viewed URL,YouTube Recent Livestream Median View Count,YouTube Recent Livestream Popularity,YouTube Recent Livestream Highest View Count,YouTube Recent Livestream Highest Viewed URL,YouTube Recent Video Median View Count,YouTube Recent Video Popularity,YouTube Recent Video Highest View Count,YouTube Recent Video Highest Viewed URL,Twitch Follower Count,Twitch Recent Median View Count,Twitch Recent Popularity,Twitch Recent Highest View Count,Twitch Recent Highest Viewed URL
1c5619a4ece046dd8ba68ed343489ca3,548000,104448066,5222,3016,352281,https://www.youtube.com/watch?v=iD4a0Klta44,4205,1400,9648,https://www.youtube.com/watch?v=7GAyGtLGJ0M,60841,16779,352281,https://www.youtube.com/watch?v=iD4a0Klta44,32857,0,0,0,
f6a4e7aa8d0c4e5cb39d199845ec4d02,446000,66896513,14123,6766,157199,https://www.youtube.com/watch?v=nXC0qlf1jaM,7730,347,11507,https://www.youtube.com/watch?v=P8zbIOdpkDs,16180,9524,157199,https://www.youtube.com/watch?v=nXC0qlf1jaM,122564,11561,4255,21044,https://www.twitch.tv/videos/2812595490
5535c9524eb046c38e172ebfa06b302f,403000,136112524,9652,3819,43405,https://www.youtube.com/watch?v=mbzyt3c21Go,10237,3677,43405,https://www.youtube.com/watch?v=mbzyt3c21Go,9148,3933,30499,https://www.youtube.com/watch?v=VXRM2wAnZbw,74460,1220,670,4632,https://www.twitch.tv/videos/2818170344
664e1b310cf343b78623f99b31e40fae,394000,57525906,0,0,0,,0,0,0,,0,0,0,,17005,0,0,0,
d837e8fda137492c9d77882b98ff863a,363000,194595835,46693,16542,2801165,https://www.youtube.com/watch?v=LoYiD8DOmVU,21024,10060,46693,https://www.youtube.com/watch?v=QDWaEk8w1wE,199401,102189,2801165,https://www.youtube.com/watch?v=LoYiD8DOmVU,59396,15461,6652,21036,https://www.twitch.tv/videos/2811174898
182da09d8d454f37a52ec546cbb35e39,332000,83820831,30191,11355,223554,https://www.youtube.com/watch?v=osolB6RhoOI,9436,6254,32057,https://www.youtube.com/watch?v=hE7rkjlG5Ow,51193,21662,223554,https://www.youtube.com/watch?v=osolB6RhoOI,5784,0,0,0,
897400f2658a483286ca6acc927006ca,238000,39675133,4183,2624,22556,https://www.youtube.com/watch?v=drBWJYbTukg,2257,1691,3280,https://www.youtube.com/watch?v=-kFhUa7ieQI,17830,11122,22556,https://www.youtube.com/watch?v=drBWJYbTukg,10675,0,0,0,
c04f006e69e04000a68cd0c41f888eb2,237000,20635485,17213,8852,747951,https://www.youtube.com/watch?v=v3aDY9-CfxA,10934,6343,97961,https://www.youtube.com/watch?v=t_6Rz7B5Tig,59794,37462,747951,https://www.youtube.com/watch?v=v3aDY9-CfxA,0,0,0,0,
abd64c9a64e04fb1b23faa2480c1c106,229000,79471053,4608,2052,18132,https://www.youtube.com/watch?v=LUiFdAW8oKA,2838,2291,2853,https://www.youtube.com/watch?v=TNy5yXaImUY,4728,1554,18132,https://www.youtube.com/watch?v=LUiFdAW8oKA,2348,97,50,97,https://www.twitch.tv/videos/2822164226
4b6b055ada4d4f0ab63b7ad02a3fa3ef,225000,19065243,881,435,3331,https://www.youtube.com/watch?v=1hDPbWcdpjU,823,407,1079,https://www.youtube.com/watch?v=A2PpR1eX76E,2931,757,3331,https://www.youtube.com/watch?v=1hDPbWcdpjU,55864,1073,444,1582,https://www.twitch.tv/videos/2825132818
a9f6574e98f34b20a05269134930fb50,221000,10384191,8539,7729,35861,https://www.youtube.com/watch?v=BN_a3KIrmwU,8802,7269,11373,https://www.youtube.com/watch?v=eqUVNluhdms,8276,8189,35861,https://www.youtube.com/watch?v=BN_a3KIrmwU,0,0,0,0,
7c06b9e316ce4ac18ce836cd72442bbe,207000,66472613,8704,6131,24903,https://www.youtube.com/watch?v=kkyuPA04Buk,8175,5688,24903,https://www.youtube.com/watch?v=kkyuPA04Buk,9136,6131,17964,https://www.youtube.com/watch?v=HlhybqXKIzE,56328,0,0,0,
312fdd3c5e6d4aefa73fd3860ecc5613,192000,36564909,11991,3384,26477,https://www.youtube.com/watch?v=_ua0R9CF4n0,12503,6019,18075,https://www.youtube.com/watch?v=wfLxrKCJrac,6335,2780,26477,https://www.youtube.com/watch?v=_ua0R9CF4n0,26509,11321,5327,24639,https://www.twitch.tv/videos/2817311799
265a18972d244affae35711cfd1f9931,184000,22762732,8550,2827,22923,https://www.youtube.com/watch?v=N94Y7x9n9c0,4575,2305,16236,https://www.youtube.com/watch?v=PlZnMwa7ad0,12974,6251,22923,https://www.youtube.com/watch?v=N94Y7x9n9c0,19217,2241,997,8957,https://www.twitch.tv/videos/2827775460
c65e7caaf81a43249d5132b9fe312b24,183000,17158660,8489,5927,19131,https://www.youtube.com/watch?v=yg5KS3lEl54,8489,4958,15357,https://www.youtube.com/watch?v=mBWeteLhN94,12869,10919,19131,https://www.youtube.com/watch?v=yg5KS3lEl54,0,0,0,0,
e93bd1102e214cbaa71cc5b2e4a53595,182000,36647185,13380,7261,46092,https://www.youtube.com/watch?v=_98VwsStppY,10777,5135,17821,https://www.youtube.com/watch?v=q3B24mwXF2k,37624,12478,46092,https://www.youtube.com/watch?v=_98VwsStppY,90376,14219,5690,24149,https://www.twitch.tv/videos/2812663582
3f4650e05ceb41008bd16869780b7af1,166000,85268177,10407,1710,147888,https://www.youtube.com/watch?v=LDaRmnvNxdQ,7596,1053,24806,https://www.youtube.com/watch?v=5TnhXF1fAqU,72438,41095,147888,https://www.youtube.com/watch?v=LDaRmnvNxdQ,0,0,0,0,
f1b5f88144e14bd188e17b2f98303713,158000,23095930,31887,18714,937328,https://www.youtube.com/watch?v=qIcTmTojSAQ,11530,4903,32842,https://www.youtube.com/watch?v=vWHJAu78mfM,347073,188105,937328,https://www.youtube.com/watch?v=qIcTmTojSAQ,0,0,0,0,
f110fd69b66941bab04de9ada563c6ac,157000,18852999,1948,1178,5242,https://www.youtube.com/watch?v=B1saoINXsb0,1955,1033,5242,https://www.youtube.com/watch?v=B1saoINXsb0,1856,1528,3022,https://www.youtube.com/watch?v=RuZKwH6Lx78,16540,3875,1832,11442,https://www.twitch.tv/videos/2817861311
6dc75ab227e34c928598bde8f2d324bf,147000,47711106,15788,7085,108915,https://www.youtube.com/watch?v=9tzob9k4VQE,8092,3883,29918,https://www.youtube.com/watch?v=nAduc2wPS4w,67193,28277,108915,https://www.youtube.com/watch?v=9tzob9k4VQE,0,0,0,0,
bafb134fd2f849898d6242d1f5f683cc,146000,26623610,2647,1123,53067,https://www.youtube.com/watch?v=Gua23gdLUEQ,2328,1092,6543,https://www.youtube.com/watch?v=z-s-Fdv2mMM,30837,13876,53067,https://www.youtube.com/watch?v=Gua23gdLUEQ,45506,7156,1010,10599,https://www.twitch.tv/videos/2814964192
fa5a7cdc259543259af42bb23f1e4041,144000,40833190,14104,4663,602885,https://www.youtube.com/watch?v=i3ymJVZzHQw,6152,3286,53178,https://www.youtube.com/watch?v=1TiYiXsmC3s,63240,20548,602885,https://www.youtube.com/watch?v=i3ymJVZzHQw,0,0,0,0,
2741a90689f342548daad7f760b0a8f7,140000,1650070,0,0,0,,0,0,0,,0,0,0,,6907,0,0,0,
0641a9c8b9a94994aaa33e0c86fef75b,140000,39894755,10880,2387,76200,https://www.youtube.com/watch?v=-iPJJjRanws,2252,1236,10210,https://www.youtube.com/watch?v=oznoM_MiV8Q,29912,18532,76200,https://www.youtube.com/watch?v=-iPJJjRanws,8671,0,0,0,
21428cae24af4607bffe25cb2746daa6,138000,0,0,0,0,,0,0,0,,0,0,0,,0,0,0,0,
c82ab1b4f8f64d1f84cae4ce09aa0dea,138000,25106975,0,0,0,,0,0,0,,0,0,0,,45978,0,0,0,
b41844198887422fb52cb928a272cbc8,134000,50719205,24458,10559,30183,https://www.youtube.com/watch?v=Ab5Kwiz0VB0,1417,768,1417,https://www.youtube.com/watch?v=yj5vwD7z-Mw,26022,14581,30183,https://www.youtube.com/watch?v=Ab5Kwiz0VB0,0,0,0,0,
58abad4aa8de49efb785367503dfd92c,133000,18576230,0,0,0,,0,0,0,,0,0,0,,0,0,0,0,
a3ce195c0069494c99849d0b1a10a7fd,133000,17379249,4948,1928,11476,https://www.youtube.com/watch?v=UZ3npUW-HSM,0,0,0,,4948,1928,11476,https://www.youtube.com/watch?v=UZ3npUW-HSM,27240,0,0,0,
494d2c5daf9f4a8a8e4538687e6be14c,127000,6585925,4454,2877,21406,https://www.youtube.com/watch?v=OMwDWrZqC68,1775,1394,4454,https://www.youtube.com/watch?v=aw2EoHPDLXY,7357,4094,21406,https://www.youtube.com/watch?v=OMwDWrZqC68,0,0,0,0,
e78cffa246c24a1c88031151cad8c385,124000,11818670,2952,1508,114755,https://www.youtube.com/watch?v=o90_oA912gY,1869,652,4153,https://www.youtube.com/watch?v=CzSLr2F7EOo,19466,9785,114755,https://www.youtube.com/watch?v=o90_oA912gY,6720,4306,1176,13156,https://www.twitch.tv/videos/2824857373
ab4f892ca62e4043b6287bdfe50b145d,118000,21362988,1390,762,35372,https://www.youtube.com/watch?v=XQuP-gcRyKQ,1135,543,4008,https://www.youtube.com/watch?v=OFzzclGhbLc,3529,1028,35372,https://www.youtube.com/watch?v=XQuP-gcRyKQ,1481,0,0,0,
a9b855767b2d432c9f263e3427ff33a6,115000,17361258,4924,2734,32690,https://www.youtube.com/watch?v=f9UnJjjD31w,3148,1681,9803,https://www.youtube.com/watch?v=Wczrs21IQGQ,15297,5040,32690,https://www.youtube.com/watch?v=f9UnJjjD31w,0,0,0,0,
b4a1791208fd4d85b7b08ee2bad0c236,112000,19949733,13222,5573,75707,https://www.youtube.com/watch?v=Zz1LYxLnk4s,3734,1842,4872,https://www.youtube.com/watch?v=2p0bLKwPZkc,25438,12533,75707,https://www.youtube.com/watch?v=Zz1LYxLnk4s,0,0,0,0,
c0c033c9c8014562b58a7124b6b22fb0,110000,1701954,402,184,40906,https://www.youtube.com/watch?v=e0NYFFrw50Q,402,184,827,https://www.youtube.com/watch?v=rvLJ63A8nIs,536,237,40906,https://www.youtube.com/watch?v=e0NYFFrw50Q,0,0,0,0,
9cec24b011ee45648eb404066c997f49,109000,20600161,6679,2771,97920,https://www.youtube.com/watch?v=Zvya5GhdFKE,6564,2724,9466,https://www.youtube.com/watch?v=frCXGBeawsA,13843,13179,97920,https://www.youtube.com/watch?v=Zvya5GhdFKE,41057,6919,3205,14972,https://www.twitch.tv/videos/2812652826
04d2ff1dde6b4bb68503a734274f4b7e,107000,9034193,3261,1094,4613,https://www.youtube.com/watch?v=B5a8SWX4rmw,3261,1094,4613,https://www.youtube.com/watch?v=B5a8SWX4rmw,0,0,0,,0,0,0,0,
8bf35c3b9a9e461d825a9170555b71c2,105000,24579920,13680,7069,44823,https://www.youtube.com/watch?v=V0fR_4XFfAU,13251,5947,20862,https://www.youtube.com/watch?v=Zdq6SVwMjcI,34437,28686,44823,https://www.youtube.com/watch?v=V0fR_4XFfAU,52064,14601,5827,45129,https://www.twitch.tv/videos/2811945543
23ec5ecfb8c14ea893576783f1790643,105000,6394043,926,519,40814,https://www.youtube.com/watch?v=5BVNWNECEGM,909,347,1400,https://www.youtube.com/watch?v=7Fdq9i6xyyE,38890,22192,40814,https://www.youtube.com/watch?v=5BVNWNECEGM,2104,438,382,993,https://www.twitch.tv/videos/2822830819
15c9a54b946a40c38c07ea2f9efddfa5,104000,30711936,17302,8169,53581,https://www.youtube.com/watch?v=FMlk24y6Pio,15379,6697,47049,https://www.youtube.com/watch?v=Ez2Q-7r9mvc,30032,13163,53581,https://www.youtube.com/watch?v=FMlk24y6Pio,64882,19616,9530,36214,https://www.twitch.tv/videos/2832611440
b126053a1356460ebf85a874a6a55aca,103000,43739789,2490,1402,167504,https://www.youtube.com/watch?v=rNTZKsKY-wY,2503,1351,6400,https://www.youtube.com/watch?v=H-60OxqzbVQ,2392,1848,167504,https://www.youtube.com/watch?v=rNTZKsKY-wY,0,0,0,0,
702c74978d8f4adab79f292cbecb49a4,102000,14353441,4459,2357,23982,https://www.youtube.com/watch?v=cdgMs8-c2dQ,1667,1194,15787,https://www.youtube.com/watch?v=a8tHjuivat4,5601,3252,23982,https://www.youtube.com/watch?v=cdgMs8-c2dQ,13153,0,0,0,
98e3a5838fec4a6caa936ae35485de23,102000,8761251,2041,1069,8310,https://www.youtube.com/watch?v=0zNs1IOxqtg,2021,872,3419,https://www.youtube.com/watch?v=81oCwClyoPM,6556,4734,8310,https://www.youtube.com/watch?v=0zNs1IOxqtg,0,0,0,0,
5f12df329c6144e1a6c596f4fbcb9e81,102000,3346624,0,0,0,,0,0,0,,0,0,0,,0,0,0,0,
5efb403f9a174bfd82d04d528a121042,98800,16093202,99371,43958,180349,https://www.youtube.com/watch?v=-Buft6JShL8,91070,32679,91070,https://www.youtube.com/watch?v=feZ2gizB5C8,99566,55236,180349,https://www.youtube.com/watch?v=-Buft6JShL8,15381,13226,5861,29466,https://www.twitch.tv/videos/2823869944
53707f0116dc4fca8614ac7139e40b83,92100,32975833,117,14,117,https://www.youtube.com/watch?v=W23H5Zyibd0,117,14,117,https://www.youtube.com/watch?v=W23H5Zyibd0,0,0,0,,5802,451,154,1100,https://www.twitch.tv/videos/2826142117
ea4c1a67c2e445ad8028768616ceb659,91200,13621966,2505,1775,43269,https://www.youtube.com/watch?v=hAs7vHE5OYo,2427,984,12046,https://www.youtube.com/watch?v=wh3xOEGxIwY,9511,6071,43269,https://www.youtube.com/watch?v=hAs7vHE5OYo,4101,0,0,0,
a6a4e83ae23140e6bd1f7c817af8f864,87500,5903225,16173,2275,61408,https://www.youtube.com/watch?v=4aMqRPq9OnE,7903,1793,12160,https://www.youtube.com/watch?v=FpgypsyfT2g,40797,5919,61408,https://www.youtube.com/watch?v=4aMqRPq9OnE,12400,2822,1706,3264,https://www.twitch.tv/videos/2822142920
9d9c6477329245cbb2557895f4f15686,87000,9685937,10780,3085,37625,https://www.youtube.com/watch?v=yVr2YR8iwqU,0,0,0,,10780,3085,37625,https://www.youtube.com/watch?v=yVr2YR8iwqU,170789,20772,7499,61911,https://www.twitch.tv/videos/2816467618
4544974bc5624035ae7bb0c9ed33e44e,85800,9885291,2307,1146,23745,https://www.youtube.com/watch?v=H4RVQAXqxtE,2268,1071,2885,https://www.youtube.com/watch?v=37QY2xeYSDY,23745,3423,23745,https://www.youtube.com/watch?v=H4RVQAXqxtE,14244,3686,2503,137503,https://www.twitch.tv/videos/2821145801
7e81a72484054a5c89f3826ebc8946be,81900,6206691,1917,1011,7715,https://www.youtube.com/watch?v=KTx0DFyZoBE,1399,661,7715,https://www.youtube.com/watch?v=KTx0DFyZoBE,4944,1581,5320,https://www.youtube.com/watch?v=-dLHRmlemc8,14647,5898,3802,18076,https://www.twitch.tv/videos/2815599077
6bd49f94afb144e995247388ca8c42a8,81300,16829103,11721,7627,51632,https://www.youtube.com/watch?v=T2-folHbpMk,10437,5534,13972,https://www.youtube.com/watch?v=zmkvvk3nTw0,32983,10830,51632,https://www.youtube.com/watch?v=T2-folHbpMk,73595,40510,16398,77611,https://www.twitch.tv/videos/2811067862
1ccdbe5d48934f4cbabc86512dd1d357,78800,6464365,6858,3839,32436,https://www.youtube.com/watch?v=tr12cWr2JJg,5768,3839,14135,https://www.youtube.com/watch?v=b8kAN8pvR44,20084,13138,32436,https://www.youtube.com/watch?v=tr12cWr2JJg,0,0,0,0,
4b6655120fbd4431a8f7894cac4a4d49,78500,9049682,674,403,8054,https://www.youtube.com/watch?v=kHuAWGaAaig,674,403,8054,https://www.youtube.com/watch?v=kHuAWGaAaig,0,0,0,,0,0,0,0,
fd6a0236861940389e15ef85b16c6069,78000,30800917,53679,16555,99504,https://www.youtube.com/watch?v=NFIi0sgVffY,0,0,0,,53679,16555,99504,https://www.youtube.com/watch?v=NFIi0sgVffY,177461,48162,20570,135022,https://www.twitch.tv/videos/2828637247
0bf0ec441dc6489583f7218e02ab6a89,77900,5184873,518,199,1320,https://www.youtube.com/watch?v=vPTzISW9slI,518,199,1320,https://www.youtube.com/watch?v=vPTzISW9slI,0,0,0,,10898,510,430,1068,https://www.twitch.tv/videos/2823829139
5bd39e2c6dcf4ff19436d8a5fa069464,76800,12358684,23388,9580,52977,https://www.youtube.com/watch?v=fPNmUJfBNMk,11162,7472,24820,https://www.youtube.com/watch?v=pdD-_hHcIsA,23492,10132,52977,https://www.youtube.com/watch?v=fPNmUJfBNMk,33284,15417,9794,52499,https://www.twitch.tv/videos/2812618642
8746bf3b3b5843e7b00f6ec23fefb6b1,76500,35506559,0,0,0,,0,0,0,,0,0,0,,14624,1446,823,2599,https://www.twitch.tv/videos/2818874447
17c335762a694402b8cb9a96b2865572,76000,8069036,4070,1557,30373,https://www.youtube.com/watch?v=BMFR4BRE8l4,3929,589,9004,https://www.youtube.com/watch?v=v-1xV2qWh8A,4211,1630,30373,https://www.youtube.com/watch?v=BMFR4BRE8l4,0,0,0,0,
911d3403c8e84dc3b0c4a2f6017698b6,75300,2378843,3015,2013,47935,https://www.youtube.com/watch?v=kKraYxDnEzo,3063,2120,47935,https://www.youtube.com/watch?v=kKraYxDnEzo,2916,342,4373,https://www.youtube.com/watch?v=Ykz5mu-Zaak,3894,850,582,1067,https://www.twitch.tv/videos/2826971173
01f26342ae4e419280bcfd6ec6e86db1,74600,5757054,0,0,0,,0,0,0,,0,0,0,,4363,0,0,0,
cd42e06c40534d9eac7e30a434e47d43,71900,5937941,848,452,3691,https://www.youtube.com/watch?v=fJSxp0clDy4,845,397,2105,https://www.youtube.com/watch?v=YSD65C-skKY,3691,1168,3691,https://www.youtube.com/watch?v=fJSxp0clDy4,3329,0,0,0,
8d113670c4514e5bb28823a756385528,70700,11112438,14934,6630,50453,https://www.youtube.com/watch?v=lRR521-caho,9035,5640,19543,https://www.youtube.com/watch?v=NZrjhT1ui1E,18882,9885,50453,https://www.youtube.com/watch?v=lRR521-caho,31723,12274,4663,19593,https://www.twitch.tv/videos/2813412388
c5fe413a473d4638b53fb3f9019aabbe,70500,5509556,1757,1687,1757,https://www.youtube.com/watch?v=bQXEGrjnCCU,0,0,0,,1757,1687,1757,https://www.youtube.com/watch?v=bQXEGrjnCCU,28347,23386,11316,45332,https://www.twitch.tv/videos/2816295799
2694a505a0e0441bb99b49e8ce1f7473,68800,5639894,462,332,462,https://www.youtube.com/watch?v=jZ7UMAuU-ng,0,0,0,,462,332,462,https://www.youtube.com/watch?v=jZ7UMAuU-ng,55618,8801,4956,23237,https://www.twitch.tv/videos/2817994711
d5fdf5fc55d14476908e416e6d43c121,68500,5795955,1358,889,9257,https://www.youtube.com/watch?v=6CMBPXDK1tc,1232,858,9257,https://www.youtube.com/watch?v=6CMBPXDK1tc,2704,1469,3471,https://www.youtube.com/watch?v=pwPxGSCRh1o,0,0,0,0,
ec65566d949944ffb1e2723f97ded6e0,68200,473347,0,0,0,,0,0,0,,0,0,0,,7018,0,0,0,
7ead9e2cac544a7cb00444ef6b4698d1,67900,8235109,0,0,0,,0,0,0,,0,0,0,,22330,0,0,0,
6c872a4043b84e4493877a42af684d1d,66400,10467406,1044,451,5739,https://www.youtube.com/watch?v=YW8LRPqjayQ,1000,403,1767,https://www.youtube.com/watch?v=eddLpOt1mMw,5739,2403,5739,https://www.youtube.com/watch?v=YW8LRPqjayQ,6231,0,0,0,
4fc5a770272a43f1bb0a1d12aa3a9b46,64800,15591116,800,428,2151,https://www.youtube.com/watch?v=kDR0V-DJ0TM,0,0,0,,800,428,2151,https://www.youtube.com/watch?v=kDR0V-DJ0TM,0,0,0,0,
1b63d89e0b1a4b579de6d99e25eaff8f,64800,14103600,3689,1986,38868,https://www.youtube.com/watch?v=clCK7XIRKRI,1962,1540,2708,https://www.youtube.com/watch?v=w3109ytruKk,22246,10848,38868,https://www.youtube.com/watch?v=clCK7XIRKRI,12741,3031,1779,3734,https://www.twitch.tv/videos/2822924549
1323f1b775bf43659f8b8ec2899522cd,64600,4250419,1544,449,2415,https://www.youtube.com/watch?v=bip1ME7Myjk,1544,449,2415,https://www.youtube.com/watch?v=bip1ME7Myjk,0,0,0,,0,0,0,0,
02f5258d29b046bc9f597c9baac014bf,64000,6111360,8750,3562,102375,https://www.youtube.com/watch?v=ALIVb_EiVFQ,5710,2781,8076,https://www.youtube.com/watch?v=o0eUHam0BcM,18919,8718,102375,https://www.youtube.com/watch?v=ALIVb_EiVFQ,48050,39523,21666,193122,https://www.twitch.tv/videos/2814154981
cb94019fb4714e168b47d6757995efc3,64000,5097077,1423,1188,3123,https://www.youtube.com/watch?v=ti_aEYeydXM,1423,1188,3123,https://www.youtube.com/watch?v=ti_aEYeydXM,0,0,0,,8474,3758,2043,10895,https://www.twitch.tv/videos/2822850107
6a9a7c7dc3f94605b5f619e9fbcfa33d,63500,2641111,3634,1505,14256,https://www.youtube.com/watch?v=wHHvCWdQU9c,2930,1258,5485,https://www.youtube.com/watch?v=s2TWi5scCHg,9126,3384,14256,https://www.youtube.com/watch?v=wHHvCWdQU9c,0,0,0,0,
0d717ed7ec134fb6ac94ce9dc4e25658,62700,5112788,1201,625,6258,https://www.youtube.com/watch?v=YJmt_6dnf-c,1201,625,6258,https://www.youtube.com/watch?v=YJmt_6dnf-c,0,0,0,,4483,1182,759,1945,https://www.twitch.tv/videos/2833380259
f5ff982730f54cd4826ff0530a4288c2,62000,6517652,4011,1338,19845,https://www.youtube.com/watch?v=gUltMV3Wtpk,1862,656,19845,https://www.youtube.com/watch?v=gUltMV3Wtpk,8969,1592,11790,https://www.youtube.com/watch?v=fXbyVvmDKYM,0,0,0,0,
a8ce4642418b4fe8ba1471a32097f4c4,61300,3887179,615,303,2095,https://www.youtube.com/watch?v=ZA9HLLzVPJc,603,299,1170,https://www.youtube.com/watch?v=OG0LINNSgR4,1884,1534,2095,https://www.youtube.com/watch?v=ZA9HLLzVPJc,0,0,0,0,
14a9a08fbdc641e8ac8c384dedfccf0a,61100,7139266,3335,1699,5403,https://www.youtube.com/watch?v=t43XdqS-bh4,3050,1820,5403,https://www.youtube.com/watch?v=t43XdqS-bh4,3335,1295,3335,https://www.youtube.com/watch?v=Z5kj2wqGzA0,18287,5940,2362,10825,https://www.twitch.tv/videos/2810396567
512b64ec20174d018540516e9edf2b2f,60900,7280944,937,521,1510,https://www.youtube.com/watch?v=acDF3GO4Qaw,744,572,937,https://www.youtube.com/watch?v=kXZEuzPzjfw,1510,67,1510,https://www.youtube.com/watch?v=acDF3GO4Qaw,1237,0,0,0,
99f6f80397b34d0b9a0cfd40f3801a35,60400,3304443,1368,954,3160,https://www.youtube.com/watch?v=9oQtuwVH-Gg,1126,804,2098,https://www.youtube.com/watch?v=1X1t3fL5nsI,2686,1952,3160,https://www.youtube.com/watch?v=9oQtuwVH-Gg,31223,6544,3587,13185,https://www.twitch.tv/videos/2818828929
5a934764983e45959855735b79bcc90e,60200,2943930,1808,807,2815,https://www.youtube.com/watch?v=cXMnEfFUMQE,1808,807,2815,https://www.youtube.com/watch?v=cXMnEfFUMQE,0,0,0,,12592,3364,1629,7995,https://www.twitch.tv/videos/2814062060
efe550a729e14dbab790a3f73205d8ed,59600,3311899,1678,897,9811,https://www.youtube.com/watch?v=DM6WzqYewoU,1472,726,2536,https://www.youtube.com/watch?v=9tbma3UZmnc,5390,2376,9811,https://www.youtube.com/watch?v=DM6WzqYewoU,0,0,0,0,
e113ace92bbe445385bcc4635a9ca570,59400,13724,0,0,0,,0,0,0,,0,0,0,,0,0,0,0,
f985903969ad4e8b839e919aabe94480,58500,1115532,0,0,0,,0,0,0,,0,0,0,,0,0,0,0,
8a4988902b5640e6ae1829285307c636,58400,4661846,0,0,0,,0,0,0,,0,0,0,,0,0,0,0,
ba59bb31bbcd4cf3a481c4cf72918fb0,57500,8796447,2564,1181,3505,https://www.youtube.com/watch?v=YoJH-wl-YHI,2394,1020,3159,https://www.youtube.com/watch?v=lfJFhfJBVno,3505,2666,3505,https://www.youtube.com/watch?v=YoJH-wl-YHI,0,0,0,0,
6aefa292dc61441e98c787efb0067922,56800,2949707,1149,596,3909,https://www.youtube.com/watch?v=NEuHrJZYSG0,1022,537,2380,https://www.youtube.com/watch?v=jdl3dw8oe7s,2209,775,3909,https://www.youtube.com/watch?v=NEuHrJZYSG0,11508,1296,558,3558,https://www.twitch.tv/videos/2818693348
729621ce509b4641ad8cde76dec037d0,56600,3151552,834,440,2242,https://www.youtube.com/watch?v=PYFpQ0TAbiU,807,274,1137,https://www.youtube.com/watch?v=4Lm7xlWFj3E,2144,1094,2242,https://www.youtube.com/watch?v=PYFpQ0TAbiU,5598,894,666,1576,https://www.twitch.tv/videos/2829363390
e14d4aac184c4ccdba6f2a9718cfea62,56500,3224672,901,330,4878,https://www.youtube.com/watch?v=Phgbls0PnE0,901,516,1263,https://www.youtube.com/watch?v=0uEAG41_JrU,2824,263,4878,https://www.youtube.com/watch?v=Phgbls0PnE0,2813,626,516,1050,https://www.twitch.tv/videos/2826143108
920d34819cf944e99cf469f7552d535f,56400,16483275,27396,17281,267922,https://www.youtube.com/watch?v=sezAp_tk4t4,25940,15519,40034,https://www.youtube.com/watch?v=rb8Mze7AMcA,38237,19443,267922,https://www.youtube.com/watch?v=sezAp_tk4t4,8682,9965,7386,14098,https://www.twitch.tv/videos/2827834055
cbb5df4184f04027b8a550d648d79eeb,54900,5696600,12007,6091,38245,https://www.youtube.com/watch?v=KzVCvSWYL8w,13779,6463,15311,https://www.youtube.com/watch?v=ttPr3GnwVHE,11473,5923,38245,https://www.youtube.com/watch?v=KzVCvSWYL8w,0,0,0,0,
a000aa1d3ea7489c993277d33ab2457e,54800,5757575,1941,1114,33899,https://www.youtube.com/watch?v=_y50rzx2Zw8,1878,1100,5879,https://www.youtube.com/watch?v=EdbxYK4S51c,21662,19071,33899,https://www.youtube.com/watch?v=_y50rzx2Zw8,51783,17289,7004,143095,https://www.twitch.tv/videos/2811756525
626750f4e7a745619c171c44fb1efcc0,54200,7656374,1868,476,12312,https://www.youtube.com/watch?v=s1hRnfh49qA,968,407,9669,https://www.youtube.com/watch?v=iw6DqKkO1SA,2020,521,12312,https://www.youtube.com/watch?v=s1hRnfh49qA,11510,477,266,1073,https://www.twitch.tv/videos/2831012629
6c88799c6f45407faf0f9ea007b0dcab,53600,4403907,2669,868,12353,https://www.youtube.com/watch?v=ABx7pytr4J8,1995,833,4199,https://www.youtube.com/watch?v=BBoCP6K7smI,7942,3860,12353,https://www.youtube.com/watch?v=ABx7pytr4J8,0,0,0,0,
66c812bb04844241af1d1c7539b5e251,53300,38982454,176,117,1578,https://www.youtube.com/watch?v=HaksGkryAAE,174,122,1227,https://www.youtube.com/watch?v=Jri4f00oZT0,352,37,1578,https://www.youtube.com/watch?v=HaksGkryAAE,1076,0,0,0,
ce2a2c07a74640fc8d3b39d022b16dd9,53000,5003052,1173,467,7324,https://www.youtube.com/watch?v=E3ZssznsMqM,825,336,2000,https://www.youtube.com/watch?v=GwN8j6LEZH4,2775,758,7324,https://www.youtube.com/watch?v=E3ZssznsMqM,0,0,0,0,
3bc36efc33ba4410be1d509a39074ceb,52800,5460084,17084,9157,34961,https://www.youtube.com/watch?v=7EpznFqc73U,8577,5550,18663,https://www.youtube.com/watch?v=qWE73PIzZ2k,25016,18202,34961,https://www.youtube.com/watch?v=7EpznFqc73U,28055,19533,11586,35891,https://www.twitch.tv/videos/2830182813
658e63bebdca421ca934b0bf6aa2bcd8,52800,6266334,1830,919,9573,https://www.youtube.com/watch?v=2YWcSEX7AU0,1801,918,9573,https://www.youtube.com/watch?v=2YWcSEX7AU0,2960,2106,4119,https://www.youtube.com/watch?v=B5iNAdzWWK8,11070,0,0,0,
927ce160c29f4465ba196c3e1b8fee1c,52300,3267057,1221,536,6429,https://www.youtube.com/watch?v=LZiEBNPXkoA,1220,349,2612,https://www.youtube.com/watch?v=noUF7Pm0ZG4,6429,5727,6429,https://www.youtube.com/watch?v=LZiEBNPXkoA,5111,1345,477,2281,https://www.twitch.tv/videos/2828622611
60282d578bb747b8b232dba81168a5b6,52100,5421676,4335,2111,14053,https://www.youtube.com/watch?v=HEyIrPu1nFg,2157,920,2792,https://www.youtube.com/watch?v=ff1vXYqCXM8,7956,3232,14053,https://www.youtube.com/watch?v=HEyIrPu1nFg,0,0,0,0,
2db2ffc41ff340a990a6d4dcec000d08,51900,4495522,7251,5140,71888,https://www.youtube.com/watch?v=Yihp810uPpQ,6418,3377,9275,https://www.youtube.com/watch?v=U5-gb5OKJ8g,41984,19549,71888,https://www.youtube.com/watch?v=Yihp810uPpQ,28573,13308,5073,30274,https://www.twitch.tv/videos/2812619780
0eb515afbb9347529a406e91a07cde90,51800,3527760,19804,4886,27377,https://www.youtube.com/watch?v=hTcuYlT_y-w,5728,4886,5728,https://www.youtube.com/watch?v=HOZ_iwG4K-0,23590,3917,27377,https://www.youtube.com/watch?v=hTcuYlT_y-w,21777,12379,9072,13317,https://www.twitch.tv/videos/2820363835
7d66bf98da354f72baee891cdd91855b,50900,5156172,3101,966,19890,https://www.youtube.com/watch?v=V23oiGxh2Ow,2632,839,5003,https://www.youtube.com/watch?v=oefLRGLftlo,6775,1983,19890,https://www.youtube.com/watch?v=V23oiGxh2Ow,0,0,0,0,
1cfadb0d2e154a258c3177ff8264336f,50700,4568149,2485,452,6582,https://www.youtube.com/watch?v=JwkDKU8_7ws,4616,1543,6582,https://www.youtube.com/watch?v=JwkDKU8_7ws,1886,307,2485,https://www.youtube.com/watch?v=nYJJGuS0hW0,0,0,0,0,
e350c8b7e41045419ee1ac73bc78921b,50600,5655785,1066,660,58940,https://www.youtube.com/watch?v=C_jpBWm5fYg,1034,532,6584,https://www.youtube.com/watch?v=ulwGGyRGBAI,6609,2490,58940,https://www.youtube.com/watch?v=C_jpBWm5fYg,0,0,0,0,
50a0835b66844b0ab84f573934f20989,50100,2589959,2100,801,7675,https://www.youtube.com/watch?v=wkveMowtBpM,1592,695,3117,https://www.youtube.com/watch?v=c3xU9MHRKrM,4596,1481,7675,https://www.youtube.com/watch?v=wkveMowtBpM,0,0,0,0,
3681a0b4e4bd48888473b1884f6ee420,50000,5991833,1426,611,59392,https://www.youtube.com/watch?v=s5F3VTWqo4U,822,421,1784,https://www.youtube.com/watch?v=fnBwccEDtFs,33147,7424,59392,https://www.youtube.com/watch?v=s5F3VTWqo4U,0,0,0,0,
4c3cae772e974f8fb8e04f4cc9c8cd8d,49300,3381583,1683,983,4957,https://www.youtube.com/watch?v=Lk8oAZxFx3s,1683,692,3009,https://www.youtube.com/watch?v=fJ3Mz6b8Oh4,2886,2425,4957,https://www.youtube.com/watch?v=Lk8oAZxFx3s,0,0,0,0,
177fe395a2704d10add06cb1466fa254,48400,4792531,12413,6700,49075,https://www.youtube.com/watch?v=o02xhqUDCOA,8888,6512,26123,https://www.youtube.com/watch?v=TvoK-MnxPCM,17765,7510,49075,https://www.youtube.com/watch?v=o02xhqUDCOA,36047,26167,11795,56985,https://www.twitch.tv/videos/2814852973
5c4241def363418d9b7167d8369d0350,48000,0,0,0,0,,0,0,0,,0,0,0,,45,0,0,0,
fe1abd28f3114015ac31ae1821e8dd3f,47700,1841219,1045,490,2419,https://www.youtube.com/watch?v=nfAUYD6wGbk,991,454,2419,https://www.youtube.com/watch?v=nfAUYD6wGbk,2238,608,2382,https://www.youtube.com/watch?v=Otfwd8I4Vng,5008,691,467,1285,https://www.twitch.tv/videos/2829449804
575d15d21f7240e1ad72935bf7fa0465,47700,1788596,672,265,6280,https://www.youtube.com/watch?v=zaMmPbhGIHk,415,152,962,https://www.youtube.com/watch?v=GhbVpfCbjwQ,4387,2277,6280,https://www.youtube.com/watch?v=zaMmPbhGIHk,0,0,0,0,
ebe5c5f9d67f44f3bc5e70b413ce9df7,47500,2395311,604,322,863,https://www.youtube.com/watch?v=taapiloFZN4,604,322,863,https://www.youtube.com/watch?v=taapiloFZN4,0,0,0,,12251,15962,8275,31448,https://www.twitch.tv/videos/2822104246
22ca620b93c94e5cb48175bbecf8d3af,47500,5550275,1503,852,1742,https://www.youtube.com/watch?v=yADffX5IjbY,1503,852,1742,https://www.youtube.com/watch?v=yADffX5IjbY,0,0,0,,0,0,0,0,
2760c9a44c20464d8e140e6367ed1cdf,47400,2537779,421,208,1135,https://www.youtube.com/watch?v=ltEbJdvJuTM,405,206,589,https://www.youtube.com/watch?v=p28S0NLSeLs,1135,934,1135,https://www.youtube.com/watch?v=ltEbJdvJuTM,2610,482,366,482,https://www.twitch.tv/videos/2827892755
64c779f8cc214e7a9b570c7b3fc128cc,46900,4016386,0,0,0,,0,0,0,,0,0,0,,4618,0,0,0,
c41044006a014ed28107f33221a7de98,46900,4419491,1292,949,2010,https://www.youtube.com/watch?v=av_d0p3cG8c,1292,949,2010,https://www.youtube.com/watch?v=av_d0p3cG8c,0,0,0,,5273,0,0,0,
9a496e9b261f401dba4991a9f4c7048e,46600,1888734,1571,773,20109,https://www.youtube.com/watch?v=iynb5pdbygY,1138,581,5170,https://www.youtube.com/watch?v=hPEC3lWgApA,4223,2318,20109,https://www.youtube.com/watch?v=iynb5pdbygY,0,0,0,0,
3d786b116dbc437e8684d7b46567a1e5,46300,1717407,782,512,3832,https://www.youtube.com/watch?v=f8lHijqfjmE,782,512,3832,https://www.youtube.com/watch?v=f8lHijqfjmE,0,0,0,,10600,1947,905,5511,https://www.twitch.tv/videos/2832371082
21d5855a8c7d4461b286d40c167ac093,46300,5218533,794,525,3645,https://www.youtube.com/watch?v=N5g_p_5tphw,794,525,3645,https://www.youtube.com/watch?v=N5g_p_5tphw,0,0,0,,1370,615,508,740,https://www.twitch.tv/videos/2828566517
a0d4fad2fd3d4e4981947642a9dbafc4,46200,3736428,3079,1856,5689,https://www.youtube.com/watch?v=TYfdiJBG80Y,3079,1856,5689,https://www.youtube.com/watch?v=TYfdiJBG80Y,0,0,0,,12945,3135,1298,5076,https://www.twitch.tv/videos/2814926434
20f0e269ce554a00920de0444bc22aaf,45400,4203768,2739,1206,19041,https://www.youtube.com/watch?v=lPzZ-w61piI,2147,898,3707,https://www.youtube.com/watch?v=6IRCbo_Rr4g,3065,1456,19041,https://www.youtube.com/watch?v=lPzZ-w61piI,0,0,0,0,
c25e6f38d6df447e84c4747ba6ac75cc,44900,1862061,2102,1105,8045,https://www.youtube.com/watch?v=2IHSZAOSeco,1826,893,8045,https://www.youtube.com/watch?v=2IHSZAOSeco,3981,1637,6250,https://www.youtube.com/watch?v=W82cPEXOVgM,0,0,0,0,
1c6ebd51e0fc4ebab88347e853335c87,44700,2267472,1908,778,6545,https://www.youtube.com/watch?v=hemGLq5CnOc,1630,696,6545,https://www.youtube.com/watch?v=hemGLq5CnOc,2383,950,6084,https://www.youtube.com/watch?v=18BHjsOZD5Q,2028,0,0,0,
5f6f102dd7cc4bfaa99e4cde16b85290,44400,2516453,1604,947,6424,https://www.youtube.com/watch?v=UQyLUNdxax0,1486,870,2739,https://www.youtube.com/watch?v=NflaV-kPee0,5895,2495,6424,https://www.youtube.com/watch?v=UQyLUNdxax0,9324,4597,1673,7839,https://www.twitch.tv/videos/2826819477
0825b7bbb6134dbc98a132cc1782fb1f,44300,2177018,295,164,2439,https://www.youtube.com/watch?v=OCURC7kGnfw,290,162,486,https://www.youtube.com/watch?v=BKrvkW-LBJ0,2439,1265,2439,https://www.youtube.com/watch?v=OCURC7kGnfw,0,0,0,0,
a9f28d3e3d2a4ecb93ff10955be791d1,44300,3332371,1647,1167,15947,https://www.youtube.com/watch?v=ueDlbT9IscY,1592,1155,4979,https://www.youtube.com/watch?v=C42bQDqmfEI,5034,4054,15947,https://www.youtube.com/watch?v=ueDlbT9IscY,17667,3653,1905,6624,https://www.twitch.tv/videos/2818050017
4d0cbf91a5cb4524862207c5d406d98c,43600,2636801,2804,1651,12170,https://www.youtube.com/watch?v=WTJnjhgUUHw,2366,842,4434,https://www.youtube.com/watch?v=n7o5ukvaAiY,8562,2547,12170,https://www.youtube.com/watch?v=WTJnjhgUUHw,0,0,0,0,
73b97b1a35c84579aa8ffcd6534efad3,43300,6158351,1466,562,24672,https://www.youtube.com/watch?v=uD5GpkCxwnk,695,456,4295,https://www.youtube.com/watch?v=TUmcosAwOTA,8523,2916,24672,https://www.youtube.com/watch?v=uD5GpkCxwnk,10845,0,0,0,
4d856c2abee448b8941c27799bb8cb03,43200,872542,2185,935,14763,https://www.youtube.com/watch?v=x-Y1MKrWzW4,2078,755,3510,https://www.youtube.com/watch?v=Oe2YQ8lE8Xw,3804,1461,14763,https://www.youtube.com/watch?v=x-Y1MKrWzW4,0,0,0,0,
a05be3d154824597b21375f53b244585,42700,4,0,0,0,,0,0,0,,0,0,0,,20965,0,0,0,
5e98938ba0624235863dd2af8017fbe6,42700,2285005,1055,608,6080,https://www.youtube.com/watch?v=CMPgWKudeRw,963,589,3270,https://www.youtube.com/watch?v=17zcHakE3Fc,6080,2582,6080,https://www.youtube.com/watch?v=CMPgWKudeRw,4806,1373,534,2448,https://www.twitch.tv/videos/2813419986
dee8efe8990e458c915e4f6a6a16b49f,42400,5276488,125,60,148,https://www.youtube.com/watch?v=CcTnBhiR43Y,125,60,148,https://www.youtube.com/watch?v=CcTnBhiR43Y,0,0,0,,3301,0,0,0,
e069724ddab54dd690d6c3425574effd,42300,7132907,1937,1255,79638,https://www.youtube.com/watch?v=QEkZtSDOqwQ,1508,605,4676,https://www.youtube.com/watch?v=o2-idEgENQM,6898,2974,79638,https://www.youtube.com/watch?v=QEkZtSDOqwQ,5319,1804,1101,2430,https://www.twitch.tv/videos/2826990291
dabf31fbee9b4214958603268d48b780,42000,1128280,2085,1145,6024,https://www.youtube.com/watch?v=fDH6RxyHCdE,2010,1141,3539,https://www.youtube.com/watch?v=Jr580hzp0ik,3290,1786,6024,https://www.youtube.com/watch?v=fDH6RxyHCdE,0,0,0,0,
ed426712876641848613137bef236d26,41800,4230186,2286,1058,20393,https://www.youtube.com/watch?v=7uiAp5ApBhA,1400,956,3737,https://www.youtube.com/watch?v=iqHz1mJ8iQU,7898,4215,20393,https://www.youtube.com/watch?v=7uiAp5ApBhA,9804,1455,782,3981,https://www.twitch.tv/videos/2819424298
8150f530d858418282811429cc32622b,41800,2435834,567,221,2204,https://www.youtube.com/watch?v=5KdNcXy7KHE,541,206,1766,https://www.youtube.com/watch?v=IgFdVby6aFg,1928,956,2204,https://www.youtube.com/watch?v=5KdNcXy7KHE,13076,574,182,1432,https://www.twitch.tv/videos/2826802594
029dfaf0b42a45839661df6dc99efcdd,41700,1176440,0,0,0,,0,0,0,,0,0,0,,705,0,0,0,
be6c475c291d45a0a7349abdb70be20d,41200,14074744,2942,1815,18154,https://www.youtube.com/watch?v=AJ-U4pjTQdI,1028,212,18154,https://www.youtube.com/watch?v=AJ-U4pjTQdI,4267,3016,15537,https://www.youtube.com/watch?v=qVeXHX_D4jc,0,0,0,0,
d6c4708f6eb94ac6ad7668363b132248,40700,1386339,339,137,13160,https://www.youtube.com/watch?v=6-cRTB_rNEs,325,136,762,https://www.youtube.com/watch?v=9AmJ3pEgNjc,2259,652,13160,https://www.youtube.com/watch?v=6-cRTB_rNEs,0,0,0,0,
14770d49681b44c1a6a7fcbdc265f539,40700,1963043,1653,948,2119,https://www.youtube.com/watch?v=AkWYhy15REc,1653,948,2119,https://www.youtube.com/watch?v=AkWYhy15REc,0,0,0,,0,0,0,0,
d1694c709e0f489fbd07fc9bc67c0a66,40500,2065035,650,377,5948,https://www.youtube.com/watch?v=jrfBM2z6fQQ,593,316,2468,https://www.youtube.com/watch?v=vJsrBQLJVoc,5314,4096,5948,https://www.youtube.com/watch?v=jrfBM2z6fQQ,2936,252,232,252,https://www.twitch.tv/videos/2831878890
59f5e287671149398135c5c08b5ed2f7,40400,913876,1451,612,3424,https://www.youtube.com/watch?v=aQpqkBEaLJo,1340,563,2223,https://www.youtube.com/watch?v=k_AAdLsA3rY,2373,1033,3424,https://www.youtube.com/watch?v=aQpqkBEaLJo,429,0,0,0,
4b8137b8ba4e4a4dad994e2e07e351fe,40300,2507515,174,117,344,https://www.youtube.com/watch?v=8-xCpsV68FA,174,117,344,https://www.youtube.com/watch?v=8-xCpsV68FA,0,0,0,,2098,72,55,116,https://www.twitch.tv/videos/2822944866
6943bbfc993443d4b3853833b3bb1a66,40300,15066254,2748,2095,4387,https://www.youtube.com/watch?v=dcZ7FwTrY3I,2035,1362,2748,https://www.youtube.com/watch?v=Lk2xlBMBG0I,4387,3464,4387,https://www.youtube.com/watch?v=dcZ7FwTrY3I,0,0,0,0,
f6a8c59d8b8d4e009d4e147ec268cd73,40200,2350253,4691,3266,29112,https://www.youtube.com/watch?v=hp7ZsXHfSL0,4691,3266,29112,https://www.youtube.com/watch?v=hp7ZsXHfSL0,0,0,0,,5025,0,0,0,
a85d79e2323b4869a6f784c51218cd37,40000,4779973,3283,1601,23943,https://www.youtube.com/watch?v=dJcuS3evoVw,1330,497,3644,https://www.youtube.com/watch?v=ZoGWDcRJkFo,6685,3115,23943,https://www.youtube.com/watch?v=dJcuS3evoVw,2404,527,485,776,https://www.twitch.tv/videos/2831052064
192d2decee72410e8346c135c4ac6e00,39800,1693295,975,346,2322,https://www.youtube.com/watch?v=dTHOZSG_PIw,633,76,1417,https://www.youtube.com/watch?v=XkjH7j1T6J0,1699,663,2322,https://www.youtube.com/watch?v=dTHOZSG_PIw,2671,0,0,0,
7aba821c721e45bcb3d113652e9e8fb2,39400,1341703,1354,809,4636,https://www.youtube.com/watch?v=PCfTgzylS-M,1302,773,3295,https://www.youtube.com/watch?v=ct6YSdPdzRI,4636,2583,4636,https://www.youtube.com/watch?v=PCfTgzylS-M,2259,1053,1003,1219,https://www.twitch.tv/videos/2829484055
c88554bbf263412da16e7a17fd03e467,39000,2729715,2357,1319,17154,https://www.youtube.com/watch?v=o-nvJNU__aU,2172,1091,17154,https://www.youtube.com/watch?v=o-nvJNU__aU,3873,2488,4361,https://www.youtube.com/watch?v=-lmsGeKPPlQ,0,0,0,0,
6baf9b6a84a44ab3a6979d98bff7ee21,38500,2007406,2366,1168,7756,https://www.youtube.com/watch?v=OGIg2f7GA1I,2349,1092,3542,https://www.youtube.com/watch?v=pRpTXogRp6c,7756,1958,7756,https://www.youtube.com/watch?v=OGIg2f7GA1I,2394,1588,554,2349,https://www.twitch.tv/videos/2816569130
f928e57423634094b3d7d8461321c028,38400,998285,441,326,1101,https://www.youtube.com/watch?v=wNE3MD5qbaM,441,326,1101,https://www.youtube.com/watch?v=wNE3MD5qbaM,0,0,0,,3115,0,0,0,
80f7b111f0e044abae4c37f6a96b5957,38400,1187940,547,219,2089,https://www.youtube.com/watch?v=-SYmCM5Fi9w,328,210,555,https://www.youtube.com/watch?v=E3uS14qwJ1o,727,252,2089,https://www.youtube.com/watch?v=-SYmCM5Fi9w,0,0,0,0,
dad6fb7439d744739755a9a7c6c18d20,37800,3543971,2467,834,3828,https://www.youtube.com/watch?v=Uepq_cJPipM,2452,1184,2749,https://www.youtube.com/watch?v=VgCslnsowfI,3828,71,3828,https://www.youtube.com/watch?v=Uepq_cJPipM,2902,0,0,0,
b42416c629e64c948f75aff4ff5c9a8a,37600,1271892,648,125,648,https://www.youtube.com/watch?v=85ZqD4cKNwI,648,125,648,https://www.youtube.com/watch?v=85ZqD4cKNwI,0,0,0,,3925,300,177,756,https://www.twitch.tv/videos/2828614856
84d68bef71304aa089c10d2c33c9a107,37300,3905175,1559,946,3428,https://www.youtube.com/watch?v=baIs5bufwaQ,1559,946,3428,https://www.youtube.com/watch?v=baIs5bufwaQ,0,0,0,,0,0,0,0,
683c47ffba3246cb8574a6f2667208d1,37200,1470915,2509,499,7503,https://www.youtube.com/watch?v=zI9iUD8MWlY,819,592,1119,https://www.youtube.com/watch?v=GgXVas51xh4,4644,327,7503,https://www.youtube.com/watch?v=zI9iUD8MWlY,13286,9781,5358,17790,https://www.twitch.tv/videos/2830841366
62e5d9c4ad1e4d7a9fb61fe531c4b940,37200,101184,0,0,0,,0,0,0,,0,0,0,,0,0,0,0,
bf3356cfb2754286af9b6bb1665f56bd,37000,1005794,567,260,3004,https://www.youtube.com/watch?v=fjhA3wCGzIM,483,196,796,https://www.youtube.com/watch?v=WBwxvcJz3ko,1645,1154,3004,https://www.youtube.com/watch?v=fjhA3wCGzIM,335,0,0,0,
5c7beefaa54444e3b0443d7abd93c1f7,36400,4255173,0,0,0,,0,0,0,,0,0,0,,4450,468,191,956,https://www.twitch.tv/videos/2811988592
f928118054aa4e11aa4ec88504d8b886,36300,2182543,465,210,4749,https://www.youtube.com/watch?v=5yy4htHhOsk,310,173,846,https://www.youtube.com/watch?v=vSpvyViQUCI,2622,1376,4749,https://www.youtube.com/watch?v=5yy4htHhOsk,2578,1342,1253,1587,https://www.twitch.tv/videos/2831849877
6929e06cd9ed49739cadaa35115847c7,36000,2484642,1952,708,33411,https://www.youtube.com/watch?v=pf_iyohsATA,1228,695,11492,https://www.youtube.com/watch?v=prmdb2VD2jo,5211,2109,33411,https://www.youtube.com/watch?v=pf_iyohsATA,0,0,0,0,
55be1972142c44799f83ce3db4f14fbd,35400,3409415,784,368,13022,https://www.youtube.com/watch?v=unWVC7nGfhE,613,282,814,https://www.youtube.com/watch?v=o5dxTHZ1D_w,3608,1229,13022,https://www.youtube.com/watch?v=unWVC7nGfhE,0,0,0,0,
b08047f2566246ac995e03a5db727cfe,35000,92247,1197,833,1197,https://www.youtube.com/watch?v=4eah-H86Knw,1197,833,1197,https://www.youtube.com/watch?v=4eah-H86Knw,0,0,0,,7223,661,456,661,https://www.twitch.tv/videos/2826188208
32b5b05c6e0f4747a8c0932d06f97f8c,34800,2260385,1149,719,4330,https://www.youtube.com/watch?v=CNDDUL6x614,1024,564,1966,https://www.youtube.com/watch?v=Gl5ZJVXrg4s,1974,1735,4330,https://www.youtube.com/watch?v=CNDDUL6x614,4905,1011,471,2086,https://www.twitch.tv/videos/2814929493
8267ea37c12a471a8a038f501832e099,34700,2509896,795,352,4399,https://www.youtube.com/watch?v=aqAW_N9l0hk,769,468,4399,https://www.youtube.com/watch?v=aqAW_N9l0hk,795,352,795,https://www.youtube.com/watch?v=ofFkAwnJy1U,0,0,0,0,
6af8929143294c72b25a7108e79e2faf,34700,2353454,685,278,4012,https://www.youtube.com/watch?v=VSW-pZyeMS8,684,271,3215,https://www.youtube.com/watch?v=dhsQhAG10r0,3583,3141,4012,https://www.youtube.com/watch?v=VSW-pZyeMS8,0,0,0,0,
491a6000ce4b472c9b4f8c1dcfdb772c,34700,10065457,28416,14963,126847,https://www.youtube.com/watch?v=Chhtqsyc-2U,2144,1264,3114,https://www.youtube.com/watch?v=C-lgPiKQUHk,32410,16208,126847,https://www.youtube.com/watch?v=Chhtqsyc-2U,1195,0,0,0,
84a911e2b05f4919a32e0c1618e32a7d,34500,1103468,528,147,799,https://www.youtube.com/watch?v=wOX5rISsLwc,528,147,799,https://www.youtube.com/watch?v=wOX5rISsLwc,0,0,0,,0,0,0,0,
13a4e83f2bbc4d18bb27520a4dceef72,34200,8855449,29143,10187,172248,https://www.youtube.com/watch?v=BOr1TG4_9mE,0,0,0,,29143,10187,172248,https://www.youtube.com/watch?v=BOr1TG4_9mE,63389,24174,9000,50458,https://www.twitch.tv/videos/2812656335
e1b2266a00c04e81bd868ae2fbff7848,33600,2016707,2288,1131,12587,https://www.youtube.com/watch?v=zkzvM2u_rkY,1571,741,2657,https://www.youtube.com/watch?v=ISqA0LVjwrk,5374,1585,12587,https://www.youtube.com/watch?v=zkzvM2u_rkY,0,0,0,0,
93bad1d4b0c54c8781e3775d13a62c38,33100,1101640,127,113,912,https://www.youtube.com/watch?v=ghZ4bVt1xFs,123,91,912,https://www.youtube.com/watch?v=ghZ4bVt1xFs,212,187,212,https://www.youtube.com/watch?v=dhN5B8iM6oI,677,0,0,0,
1edf4940878546569e52dd06c95b8581,32800,2856497,609,331,8406,https://www.youtube.com/watch?v=CesX0WKCKtc,566,304,1275,https://www.youtube.com/watch?v=TZM8YSKm8Vg,1702,1212,8406,https://www.youtube.com/watch?v=CesX0WKCKtc,0,0,0,0,
b0f523194beb4abca2b433e9e41d912c,32800,1888142,1458,461,7053,https://www.youtube.com/watch?v=b-U3EZ64jfs,879,409,1803,https://www.youtube.com/watch?v=4DxK89cGR1M,4418,571,7053,https://www.youtube.com/watch?v=b-U3EZ64jfs,11984,0,0,0,
ad56a56e509c4b6fa0cf11ca959e3c72,32800,212822,984,515,2327,https://www.youtube.com/watch?v=qNCa2eqs-sE,833,377,2021,https://www.youtube.com/watch?v=1E4dt7t4Wtw,2268,977,2327,https://www.youtube.com/watch?v=qNCa2eqs-sE,139,0,0,0,
334133534368487780dfa99b7c9f5949,32700,18761138,0,0,0,,0,0,0,,0,0,0,,0,0,0,0,
31f17632340f4e7fbd0ced07193dd81b,32700,1027332,428,201,3457,https://www.youtube.com/watch?v=O7x_treFNf0,391,173,1164,https://www.youtube.com/watch?v=n6R0johoUiQ,3457,1336,3457,https://www.youtube.com/watch?v=O7x_treFNf0,0,0,0,0,
9ca368e73d514656ade48dc946f55956,32600,4216908,2024,1378,2747,https://www.youtube.com/watch?v=4WeCIvZ2lg4,0,0,0,,2024,1378,2747,https://www.youtube.com/watch?v=4WeCIvZ2lg4,9333,621,383,878,https://www.twitch.tv/videos/2822117693
d33940525b7f4b9db9ce85e08b4c175e,32400,308927,619,171,2184,https://www.youtube.com/watch?v=Ww7pwnx6WxQ,522,151,619,https://www.youtube.com/watch?v=Mb4bS5dUhNk,2184,1993,2184,https://www.youtube.com/watch?v=Ww7pwnx6WxQ,8456,812,478,812,https://www.twitch.tv/videos/2823791744
099a5fd0d27d4fc892f684793ac18c99,31800,4164579,629,296,907,https://www.youtube.com/watch?v=dqDjErSB0zg,629,296,907,https://www.youtube.com/watch?v=dqDjErSB0zg,0,0,0,,0,0,0,0,
9f649d90164140bdb0e38f7e835c183b,31700,1997121,663,213,2818,https://www.youtube.com/watch?v=Ce9nplZCgU8,655,200,1231,https://www.youtube.com/watch?v=1PBrIj5e18Q,2818,1626,2818,https://www.youtube.com/watch?v=Ce9nplZCgU8,0,0,0,0,
e150e350532b4327b26989dd43cd3bad,31300,2003197,963,241,1466,https://www.youtube.com/watch?v=MLEoNyQ_XN8,963,241,1466,https://www.youtube.com/watch?v=MLEoNyQ_XN8,0,0,0,,1077,0,0,0,
660531d691fb49c6a454bff9b0fb8c9e,30700,999162,0,0,0,,0,0,0,,0,0,0,,1485,0,0,0,
d81d1032a43642eca36e82ba9a3c39c5,30600,1197853,0,0,0,,0,0,0,,0,0,0,,11436,436,185,596,https://www.twitch.tv/videos/2821361168
e73551cd98ec47388899522353fc89e3,30300,2146761,0,0,0,,0,0,0,,0,0,0,,526,0,0,0,
1f54bc2ce03344728234e590bfb0134f,30200,0,0,0,0,,0,0,0,,0,0,0,,1374,0,0,0,
9af7c10c618844f08a327d38753124bd,30100,1509895,2820,948,4611,https://www.youtube.com/watch?v=r8HL5kVxPTc,0,0,0,,2820,948,4611,https://www.youtube.com/watch?v=r8HL5kVxPTc,18308,1241,623,3313,https://www.twitch.tv/videos/2817292804
d35707348d554507a98f97eb59230efc,30000,2229432,812,558,3337,https://www.youtube.com/watch?v=tq_wtA0-9Do,620,439,1294,https://www.youtube.com/watch?v=qrkHDlXmtjw,2468,1752,3337,https://www.youtube.com/watch?v=tq_wtA0-9Do,5036,572,534,2092,https://www.twitch.tv/videos/2829897231
14d83faa414c415097d577d2da9636ce,29900,1077511,300,149,14968,https://www.youtube.com/watch?v=WHJXSYnunU0,229,90,316,https://www.youtube.com/watch?v=jT9wQsmO3fc,13173,5373,14968,https://www.youtube.com/watch?v=WHJXSYnunU0,0,0,0,0,
5b996b6eca90491cb8e1a43de23b2388,29900,4092,0,0,0,,0,0,0,,0,0,0,,0,0,0,0,
bac1f0b8e8d149d4a48cfd30d7d7ad74,29800,2268843,1246,687,36456,https://www.youtube.com/watch?v=gJpXXCe4rgQ,457,217,675,https://www.youtube.com/watch?v=aO-GyK3WnbM,1949,989,36456,https://www.youtube.com/watch?v=gJpXXCe4rgQ,0,0,0,0,
02d67d58d59644be9cdf0b1179419637,29600,2077971,258,179,1536,https://www.youtube.com/watch?v=HYpEF3Se8mA,225,93,258,https://www.youtube.com/watch?v=ziyIb0SSayo,1536,1056,1536,https://www.youtube.com/watch?v=HYpEF3Se8mA,2703,489,271,1047,https://www.twitch.tv/videos/2828531729
b6f68e0e323f45458752f3a7ec6a08f2,29600,2503839,2934,1430,17800,https://www.youtube.com/watch?v=cKxQWTc5v2s,2209,564,2858,https://www.youtube.com/watch?v=Ic1mtiToQW0,3936,1858,17800,https://www.youtube.com/watch?v=cKxQWTc5v2s,4438,1213,698,166039,https://www.twitch.tv/videos/2816470056
691e8a5f258c4c17b70b6b489b0ad04d,29500,2661029,1842,932,13365,https://www.youtube.com/watch?v=KDqqPt3I7_I,1204,719,3664,https://www.youtube.com/watch?v=5ktrRY6Rxdw,6866,3584,13365,https://www.youtube.com/watch?v=KDqqPt3I7_I,1195,592,379,645,https://www.twitch.tv/videos/2822778278
bc0b8c437eda4361b2a10003013f49cf,29200,317734,0,0,0,,0,0,0,,0,0,0,,0,0,0,0,
4fd17e8877024633876c5d85bc81e56b,29200,4302227,714,322,1231,https://www.youtube.com/watch?v=1i9ifRaV5uw,714,322,1231,https://www.youtube.com/watch?v=1i9ifRaV5uw,0,0,0,,0,0,0,0,
fe569b0c059e406daf57eb2acd11cc21,29200,1784093,453,299,1900,https://www.youtube.com/watch?v=vdGVkN19m7g,444,262,1900,https://www.youtube.com/watch?v=vdGVkN19m7g,1429,1309,1429,https://www.youtube.com/watch?v=D80HN6nK67g,0,0,0,0,
9e05802075c343a3bf2778550d5157da,29100,1609463,3103,1501,10598,https://www.youtube.com/watch?v=AvokvGAUqeY,181,52,212,https://www.youtube.com/watch?v=_PiR_ym1l5g,3903,1626,10598,https://www.youtube.com/watch?v=AvokvGAUqeY,0,0,0,0,
6f9d63518a69442a88ac602a3b37bf18,28900,1728679,843,296,2646,https://www.youtube.com/watch?v=EbGjwjoI6Cw,436,243,1380,https://www.youtube.com/watch?v=zKQrQUMMXtM,1399,516,2646,https://www.youtube.com/watch?v=EbGjwjoI6Cw,0,0,0,0,
f0b85b56d1d84085aca5ab7f592bd7da,28800,2543400,296,77,1293,https://www.youtube.com/watch?v=3X0bFi7Mk0w,258,74,489,https://www.youtube.com/watch?v=8tfOZhN_mtM,1293,157,1293,https://www.youtube.com/watch?v=3X0bFi7Mk0w,0,0,0,0,
73ae80b091f542358d7a5bf8905c28f3,28800,3018406,1225,376,10255,https://www.youtube.com/watch?v=2Zyimmzvduw,786,353,1571,https://www.youtube.com/watch?v=8NlZ3HErahA,3201,1253,10255,https://www.youtube.com/watch?v=2Zyimmzvduw,7125,827,735,3436,https://www.twitch.tv/videos/2829050898
5ba11a0bf35147d499259ad5608a7de1,28600,2210462,1309,620,7596,https://www.youtube.com/watch?v=slU0ikUGsac,696,448,3166,https://www.youtube.com/watch?v=Ef5G4lWbk3s,1367,733,7596,https://www.youtube.com/watch?v=slU0ikUGsac,4416,398,354,408,https://www.twitch.tv/videos/2832708182
3be86a2a9cb447f393d235132e157789,28600,2685499,2189,896,2777,https://www.youtube.com/watch?v=9KDk4xg8TyM,2189,896,2777,https://www.youtube.com/watch?v=9KDk4xg8TyM,0,0,0,,0,0,0,0,
0f2ad43c618943d19d5101f2d3c49ac9,28600,1492980,329,87,578,https://www.youtube.com/watch?v=gEOL4bUX62E,0,0,0,,329,87,578,https://www.youtube.com/watch?v=gEOL4bUX62E,176,0,0,0,
521fb650b9534787b19c8762957fb5d2,28400,0,0,0,0,,0,0,0,,0,0,0,,0,0,0,0,
19234cc590224c45912a14487f756dc5,28300,2202334,2352,1430,2837,https://www.youtube.com/watch?v=7sn5XmcYeNM,0,0,0,,2352,1430,2837,https://www.youtube.com/watch?v=7sn5XmcYeNM,13430,2701,1007,8746,https://www.twitch.tv/videos/2833030493
f7c48554816643cdb8d343e6e9e6d313,28300,1578872,658,187,824,https://www.youtube.com/watch?v=VAvnyUP2WmA,658,187,824,https://www.youtube.com/watch?v=VAvnyUP2WmA,0,0,0,,13128,572,121,2548,https://www.twitch.tv/videos/2813934340
d1dd83b6e8a24df4b61f766cff45113c,28100,15963327,498,174,1942,https://www.youtube.com/watch?v=yxS3EM1EEF8,340,166,516,https://www.youtube.com/watch?v=6rlEAGoRDvU,1244,371,1942,https://www.youtube.com/watch?v=yxS3EM1EEF8,556,39,35,39,https://www.twitch.tv/videos/2831905110
59110c6bf6e64ce6bdf86b40246dc106,28100,520938,0,0,0,,0,0,0,,0,0,0,,0,0,0,0,
3197e5649c65405cbbe6e5f1a44cf8e1,28000,1541994,463,306,1672,https://www.youtube.com/watch?v=9VyaXpNhas4,437,306,609,https://www.youtube.com/watch?v=lRKpjkf1Iro,1467,677,1672,https://www.youtube.com/watch?v=9VyaXpNhas4,0,0,0,0,
8a0b024373544f31b54e5a6cadb124dc,28000,1904039,1702,959,12517,https://www.youtube.com/watch?v=mpUTV5e1DMQ,1413,708,3522,https://www.youtube.com/watch?v=o5Pcg3pNlIg,8555,3902,12517,https://www.youtube.com/watch?v=mpUTV5e1DMQ,1920,0,0,0,
30114f720b104e7f89d9dc0399a00dd4,27000,36043,0,0,0,,0,0,0,,0,0,0,,0,0,0,0,
5d00575c06d74f588238857d7dec1b02,26900,3972159,1656,1097,33602,https://www.youtube.com/watch?v=xfUjz8wNHlc,1342,519,3226,https://www.youtube.com/watch?v=78yVdUXRWDg,13925,3956,33602,https://www.youtube.com/watch?v=xfUjz8wNHlc,0,0,0,0,
03c018f2d3064da6ac4899bef1d600c5,26800,1170757,0,0,0,,0,0,0,,0,0,0,,39019,8251,4010,15022,https://www.twitch.tv/videos/2829453759
a060cd640cf44c2bb8d78d8ff2411e68,26700,1684429,565,206,2067,https://www.youtube.com/watch?v=IubmtfG7rxg,552,154,631,https://www.youtube.com/watch?v=-gWsjT5Ec8Q,2044,1298,2067,https://www.youtube.com/watch?v=IubmtfG7rxg,498,138,107,138,https://www.twitch.tv/videos/2828531808
6ce5f9e78ea946d8a2fd4191005557aa,26600,868251,0,0,0,,0,0,0,,0,0,0,,631,0,0,0,
aa1ff405338c41b98ff7197eb4d90349,26200,1286690,496,156,2152,https://www.youtube.com/watch?v=zdMuMj517fo,428,163,870,https://www.youtube.com/watch?v=jRMkGG8pSGA,1050,74,2152,https://www.youtube.com/watch?v=zdMuMj517fo,0,0,0,0,
f18407d79b4b43ffa6adf629d1723a8f,26100,1275,0,0,0,,0,0,0,,0,0,0,,0,0,0,0,
9335c3076be84149abfbef91ac0e9e68,26100,1038099,0,0,0,,0,0,0,,0,0,0,,1366,0,0,0,
25388daec64e40f38ca0e5a3a88fedb7,26000,1139864,701,317,6156,https://www.youtube.com/watch?v=Fs9Bz_ySavg,630,236,1657,https://www.youtube.com/watch?v=Wx_ybF44axo,4787,1706,6156,https://www.youtube.com/watch?v=Fs9Bz_ySavg,3394,0,0,0,
e343e3fdc52f47a7bd5dbd793ccf8916,26000,1799456,4595,1855,45170,https://www.youtube.com/watch?v=1pBmJr3cKdc,3310,1679,14043,https://www.youtube.com/watch?v=5eBdjWO7NJQ,5657,2208,45170,https://www.youtube.com/watch?v=1pBmJr3cKdc,0,0,0,0,
f2a403cb46354371837550730a397bd1,25700,1489917,214,59,267,https://www.youtube.com/watch?v=UdRjSVFQW4k,0,0,0,,214,59,267,https://www.youtube.com/watch?v=UdRjSVFQW4k,0,0,0,0,
6548fd18ecf84bd88112cd5babfa2a66,25700,827079,1067,673,13402,https://www.youtube.com/watch?v=r48zxSZ2WW0,659,364,1347,https://www.youtube.com/watch?v=7kQW6n8RHJc,3248,1922,13402,https://www.youtube.com/watch?v=r48zxSZ2WW0,2533,0,0,0,
896f74ae454b42a890e413bddc690335,25300,0,0,0,0,,0,0,0,,0,0,0,,1410,0,0,0,
22c8ee785f7446e5978bab336fda92cb,25300,2227121,770,209,1598,https://www.youtube.com/watch?v=B2dtJMb7vK4,770,209,1598,https://www.youtube.com/watch?v=B2dtJMb7vK4,0,0,0,,0,0,0,0,
95de1fe6727944e68404aec425d09170,25300,0,0,0,0,,0,0,0,,0,0,0,,3287,0,0,0,
b0fa9fc53f99425db4cca93d2d48a91f,25000,782427,0,0,0,,0,0,0,,0,0,0,,0,0,0,0,
a667c79cb8284de29d5843dc3eafcc57,24900,533881,549,254,26726,https://www.youtube.com/watch?v=zzW1n2WD7dA,464,214,946,https://www.youtube.com/watch?v=VizoEk3uSjU,14856,6813,26726,https://www.youtube.com/watch?v=zzW1n2WD7dA,0,0,0,0,
e7fd5d01e57c42658be2bf1e3ad5d696,24700,0,0,0,0,,0,0,0,,0,0,0,,0,0,0,0,
868f29ec868047fdb2a80a91f49fc55a,24700,0,0,0,0,,0,0,0,,0,0,0,,0,0,0,0,
f0a395b14fa34e64ba1aaedb906c7dd3,24700,326809,0,0,0,,0,0,0,,0,0,0,,0,0,0,0,
7754dca48f524b938314a2b346772e4e,24600,2054309,5018,1272,8811,https://www.youtube.com/watch?v=hf0QXjZat70,0,0,0,,5018,1272,8811,https://www.youtube.com/watch?v=hf0QXjZat70,0,0,0,0,
8dbec1de49be44d897f1c894427f3165,24600,771484,480,156,1713,https://www.youtube.com/watch?v=tyEwZyFPwzM,449,156,564,https://www.youtube.com/watch?v=glRIEEpQOD8,1152,153,1713,https://www.youtube.com/watch?v=tyEwZyFPwzM,3926,617,394,1508,https://www.twitch.tv/videos/2826842797
239947732521428d946087065b7c8e17,24400,1992542,0,0,0,,0,0,0,,0,0,0,,0,0,0,0,
de0e98c9266449b7874a942cbbb63a0d,24100,1766790,0,0,0,,0,0,0,,0,0,0,,3029,0,0,0,
67d348e6690c43729cce031e70a26645,24000,1183686,0,0,0,,0,0,0,,0,0,0,,32164,4665,991,11272,https://www.twitch.tv/videos/2811215705
e92219319c904d17ad14a223a304f7b5,24000,1473894,8796,4285,131566,https://www.youtube.com/watch?v=h7xM6YpvYX0,0,0,0,,8796,4285,131566,https://www.youtube.com/watch?v=h7xM6YpvYX0,287,0,0,0,
28a930938667442288010b333937e2ab,23900,2109011,2439,1179,4453,https://www.youtube.com/watch?v=-_awfBilceM,0,0,0,,2439,1179,4453,https://www.youtube.com/watch?v=-_awfBilceM,10752,1551,688,2799,https://www.twitch.tv/videos/2831699476
824c0c36956f4a73bb3ec479dd8e4da8,23700,1054529,0,0,0,,0,0,0,,0,0,0,,2516,435,241,580,https://www.twitch.tv/videos/2824955734
f13832094d8b40fbb95d07732aa3c3c7,23700,517816,578,223,1919,https://www.youtube.com/watch?v=o2AtsiT9JQQ,488,195,1079,https://www.youtube.com/watch?v=CujKa33v0x8,1639,889,1919,https://www.youtube.com/watch?v=o2AtsiT9JQQ,0,0,0,0,
6dfe72bb90994dceb7b753908876307d,23400,1772596,681,332,6100,https://www.youtube.com/watch?v=jFhfn_9HkWs,671,245,1133,https://www.youtube.com/watch?v=UfhwR0JruUs,3392,1453,6100,https://www.youtube.com/watch?v=jFhfn_9HkWs,0,0,0,0,
ae4eaef845fc4daaa8106a51a590e145,23300,124592,4161,802,6607,https://www.youtube.com/watch?v=YE8WDCOvD7s,6607,1273,6607,https://www.youtube.com/watch?v=YE8WDCOvD7s,1716,330,1716,https://www.youtube.com/watch?v=gVgXFwMR0Uo,0,0,0,0,
dcebd098c3ea479ba2b0e32a2696a5ec,23300,921892,788,657,3685,https://www.youtube.com/watch?v=3dyQkBz2zPE,774,514,991,https://www.youtube.com/watch?v=a_OcgN4b51Q,3113,2708,3685,https://www.youtube.com/watch?v=3dyQkBz2zPE,0,0,0,0,
c0c35f0471774be2b33163ae20f2d6bb,23300,1476061,2120,801,24876,https://www.youtube.com/watch?v=YPSW65ZCa0Q,1101,751,6526,https://www.youtube.com/watch?v=sHyHft75oro,4277,3644,24876,https://www.youtube.com/watch?v=YPSW65ZCa0Q,0,0,0,0,
7c00b7dc73a240dc84d68be389732a0c,23100,1120021,268,160,317,https://www.youtube.com/watch?v=a9VchJ0iCtA,268,160,317,https://www.youtube.com/watch?v=a9VchJ0iCtA,0,0,0,,0,0,0,0,
3e19e054b479401da231ebc3d3fab628,23100,982300,3531,1752,17596,https://www.youtube.com/watch?v=Cvnf8FaetYg,3398,1377,14234,https://www.youtube.com/watch?v=fEmq_gX5GFI,10173,2703,17596,https://www.youtube.com/watch?v=Cvnf8FaetYg,0,0,0,0,
9d0fb5c59ea745f09934f3cfd932c393,23100,3134949,4744,1780,10280,https://www.youtube.com/watch?v=HCqsTT74PeI,408,126,646,https://www.youtube.com/watch?v=tg85XAVwjag,5538,2314,10280,https://www.youtube.com/watch?v=HCqsTT74PeI,0,0,0,0,
da4a58b114b94469a0a93f6b8ee7512d,23000,1177008,926,355,53822,https://www.youtube.com/watch?v=Ce30xQJkH7o,694,221,2702,https://www.youtube.com/watch?v=R7eLPdImbrI,11266,9114,53822,https://www.youtube.com/watch?v=Ce30xQJkH7o,12566,477,224,1882,https://www.twitch.tv/videos/2810866051
2be709cdd22f4a63a95504731ba79afd,22900,1065345,4248,228,6878,https://www.youtube.com/watch?v=01VfNJzWwko,4248,228,6878,https://www.youtube.com/watch?v=01VfNJzWwko,0,0,0,,0,0,0,0,
18bd2d37e2e64f0cab20ec6a2b2f2474,22700,1097131,482,242,6008,https://www.youtube.com/watch?v=mf11kHr7ag8,431,181,886,https://www.youtube.com/watch?v=hnu-IRck2-s,1685,627,6008,https://www.youtube.com/watch?v=mf11kHr7ag8,3373,543,438,1163,https://www.twitch.tv/videos/2831965210
3e6a09fe4ef744f987e27ae0f06cdf09,22700,720687,383,131,806,https://www.youtube.com/watch?v=vstLSkZMmqQ,383,131,806,https://www.youtube.com/watch?v=vstLSkZMmqQ,0,0,0,,0,0,0,0,
75ddc749133b4c498eb35ceac1e2a0b2,22700,2805377,673,344,5615,https://www.youtube.com/watch?v=B260_2yuug0,557,328,4927,https://www.youtube.com/watch?v=zCaR9GV7nIo,3934,2662,5615,https://www.youtube.com/watch?v=B260_2yuug0,0,0,0,0,
3809ec8a42634d11aa1b7b8f99755c6a,22600,1938572,0,0,0,,0,0,0,,0,0,0,,67850,4098,1391,20908,https://www.twitch.tv/videos/2826973799
951dd0b605d04163b38de18262e9a438,22600,641999,0,0,0,,0,0,0,,0,0,0,,1472,0,0,0,
365db081229a4efeb4630f19587a96b2,22300,1618987,2937,711,25911,https://www.youtube.com/watch?v=Hi0fBmXem98,593,352,15141,https://www.youtube.com/watch?v=-4z4PBWdW_w,3782,1583,25911,https://www.youtube.com/watch?v=Hi0fBmXem98,0,0,0,0,
05317bcbe5f243abb85618d2669bd0d7,22100,447375,68,32,1947,https://www.youtube.com/watch?v=XJc7xooCCoM,64,31,207,https://www.youtube.com/watch?v=bjdRprQMkMs,868,188,1947,https://www.youtube.com/watch?v=XJc7xooCCoM,0,0,0,0,
e9a9d88bf69e4c83842fe05b3ae1601b,22100,1246436,0,0,0,,0,0,0,,0,0,0,,13632,1492,454,2279,https://www.twitch.tv/videos/2819400061
ffe3f2e400ab4237ac873ae9d5a0eda4,21900,968279,396,205,4774,https://www.youtube.com/watch?v=Dt_K2A2uAeg,375,174,1313,https://www.youtube.com/watch?v=DUjbxCb6BQc,3527,2853,4774,https://www.youtube.com/watch?v=Dt_K2A2uAeg,0,0,0,0,
60716febdfe949248e8f67d85634bec5,21500,8302637,89,69,160,https://www.youtube.com/watch?v=OX0L3lCcWXg,0,0,0,,89,69,160,https://www.youtube.com/watch?v=OX0L3lCcWXg,0,0,0,0,
532b143e82d6452fac9a18d1d025a2af,21400,460947,0,0,0,,0,0,0,,0,0,0,,0,0,0,0,
ec4bc8d279af43eaba4679b762bbbc59,21300,835126,0,0,0,,0,0,0,,0,0,0,,0,0,0,0,
2ba32c49f08849f9a109b7e485c9c5a5,21200,1062158,1116,574,4061,https://www.youtube.com/watch?v=xGALSBTRxjk,712,428,1638,https://www.youtube.com/watch?v=uaRmWxlUerQ,1995,762,4061,https://www.youtube.com/watch?v=xGALSBTRxjk,0,0,0,0,
2a310e9273014b12a0517d13d25697e1,21000,514242,0,0,0,,0,0,0,,0,0,0,,0,0,0,0,
b63a5ee44acf4498827a3fd984ab23e0,21000,1477621,790,505,1986,https://www.youtube.com/watch?v=zuz722j5vXo,790,505,1986,https://www.youtube.com/watch?v=zuz722j5vXo,0,0,0,,0,0,0,0,
cd88de8b4bc84a71975df9afb42192b8,21000,624797,1452,906,6224,https://www.youtube.com/watch?v=Z9PycmKgDws,1326,890,6224,https://www.youtube.com/watch?v=Z9PycmKgDws,2513,1786,2513,https://www.youtube.com/watch?v=edyadntUrb0,4215,0,0,0,
7081557634db487fa467b0bd2f939f66,20900,845566,0,0,0,,0,0,0,,0,0,0,,0,0,0,0,
7cecb437e7a54e07a29c3a164565957d,20900,1295452,2053,548,3990,https://www.youtube.com/watch?v=iTIRttLGz6g,556,94,3087,https://www.youtube.com/watch?v=rLy_XWzV58I,2908,742,3990,https://www.youtube.com/watch?v=iTIRttLGz6g,0,0,0,0,
1ac97b8deb08470dafc128557532dd52,20900,1486490,1026,305,26383,https://www.youtube.com/watch?v=eknbywxm-w0,258,113,453,https://www.youtube.com/watch?v=fAUXWE6N9rc,2913,1354,26383,https://www.youtube.com/watch?v=eknbywxm-w0,479,0,0,0,
38fcf8bc7f3f45d68bab44577c019c84,20800,881989,317,199,1922,https://www.youtube.com/watch?v=qHfUac9nApQ,292,149,417,https://www.youtube.com/watch?v=M2J_XNrfRZw,1320,472,1922,https://www.youtube.com/watch?v=qHfUac9nApQ,0,0,0,0,
53c811a3e7814de2b76dd4e0c241a9e5,20700,659236,116,37,402,https://www.youtube.com/watch?v=OpZs_8_WIEk,116,37,402,https://www.youtube.com/watch?v=OpZs_8_WIEk,0,0,0,,648,66,46,87,https://www.twitch.tv/videos/2822916430
adc9d30b5940427e96ae92238f0f8b83,20700,611632,195,97,347,https://www.youtube.com/watch?v=bZRDCdLp79Q,192,73,347,https://www.youtube.com/watch?v=bZRDCdLp79Q,230,128,230,https://www.youtube.com/watch?v=XiB911CclLk,893,0,0,0,
accbad7e89df4174a13b68edcae74068,20700,832969,296,155,1700,https://www.youtube.com/watch?v=NT_rAsKrPXU,290,130,792,https://www.youtube.com/watch?v=4vdaqAlsX-I,980,356,1700,https://www.youtube.com/watch?v=NT_rAsKrPXU,826,389,252,1163,https://www.twitch.tv/videos/2821933511
a39733d216994010b34bf5033be01589,20500,1382221,3324,1375,11765,https://www.youtube.com/watch?v=KketwLbswmc,2660,1566,11765,https://www.youtube.com/watch?v=KketwLbswmc,4264,396,7491,https://www.youtube.com/watch?v=Yji7m3-8dl0,1087,0,0,0,
554ca19c3d924cacac1f680675b9fdd2,20500,180428,0,0,0,,0,0,0,,0,0,0,,0,0,0,0,
67d6807619064938a78832b4106de5c0,20500,918696,3627,633,4991,https://www.youtube.com/watch?v=hmKIcHYMnn8,116,9,119,https://www.youtube.com/watch?v=g40BlaIALjM,4164,681,4991,https://www.youtube.com/watch?v=hmKIcHYMnn8,3569,601,477,1191,https://www.twitch.tv/videos/2826960895
c540124532e14ceb8e9ffc654a0ec4c9,20500,31427249,2236,350,21631,https://www.youtube.com/watch?v=rjgp9e5VtXk,128,68,444,https://www.youtube.com/watch?v=Y0fqsMTR6pI,4585,1924,21631,https://www.youtube.com/watch?v=rjgp9e5VtXk,1728,37,28,146,https://www.twitch.tv/videos/2824410833
f7c8264349654390a5e39810dc012a38,20500,1464507,1976,499,2254,https://www.youtube.com/watch?v=npMlfAyKm7o,0,0,0,,1976,499,2254,https://www.youtube.com/watch?v=npMlfAyKm7o,0,0,0,0,
c9ece3513c804b3db003cd8fca683857,20300,824941,1171,471,2799,https://www.youtube.com/watch?v=n8Uji0pOx3c,1202,494,2799,https://www.youtube.com/watch?v=n8Uji0pOx3c,520,240,520,https://www.youtube.com/watch?v=FZiODw83e50,8673,604,335,604,https://www.twitch.tv/videos/2822947340
ef67b676c0334ef182151f473469c1f1,20300,1391485,574,298,2671,https://www.youtube.com/watch?v=dOHYTz4p-hM,571,298,908,https://www.youtube.com/watch?v=BfSYyfzpZR0,2151,841,2671,https://www.youtube.com/watch?v=dOHYTz4p-hM,0,0,0,0,
2842edf30d614ca9acc4e689974058b9,20000,2224179,2064,1047,4677,https://www.youtube.com/watch?v=6BNhmftPPgI,2064,1047,3071,https://www.youtube.com/watch?v=bgvC_CN0EHI,2663,1282,4677,https://www.youtube.com/watch?v=6BNhmftPPgI,21,0,0,0,
36a96262405a4d4683db73d8403bf8b7,20000,1333666,738,422,2334,https://www.youtube.com/watch?v=GijuAGQncEc,623,397,1800,https://www.youtube.com/watch?v=WRPpgJJkoLY,1404,719,2334,https://www.youtube.com/watch?v=GijuAGQncEc,630,224,138,594,https://www.twitch.tv/videos/2822007632
6c0758764e674c6db2f985710fcfbd7b,19600,1500045,1651,606,7284,https://www.youtube.com/watch?v=X8fC1ZjddMs,757,561,1935,https://www.youtube.com/watch?v=2hMCplsdifw,2260,980,7284,https://www.youtube.com/watch?v=X8fC1ZjddMs,0,0,0,0,
88f782b3b6c6492c926f70e4a13390c9,19600,841922,1044,327,2579,https://www.youtube.com/watch?v=jQ4X8c0lu1o,307,243,478,https://www.youtube.com/watch?v=_sg8H3GehMA,1940,965,2579,https://www.youtube.com/watch?v=jQ4X8c0lu1o,850,163,156,163,https://www.twitch.tv/videos/2832774552
de266b34e79c49b48fa566e9fb1a24af,19400,1399617,570,265,2639,https://www.youtube.com/watch?v=FZmhBMXpmq8,570,265,2639,https://www.youtube.com/watch?v=FZmhBMXpmq8,0,0,0,,642,0,0,0,
05e831b267914fc5b4d9b28de1f648dc,19400,966309,1568,256,1708,https://www.youtube.com/watch?v=QjShpYvjFsk,1638,223,1708,https://www.youtube.com/watch?v=QjShpYvjFsk,1019,256,1019,https://www.youtube.com/watch?v=mPEtKr98Pfc,0,0,0,0,
7b58646f89cb4b7cbcdce819499c475f,19400,374052,0,0,0,,0,0,0,,0,0,0,,0,0,0,0,
cdb5c89f61c94949a989457cf549b7e4,19100,1757665,749,414,1437,https://www.youtube.com/watch?v=y7xU-VeqXdY,569,320,1357,https://www.youtube.com/watch?v=qkhJWLd6D9w,1047,556,1437,https://www.youtube.com/watch?v=y7xU-VeqXdY,0,0,0,0,
49eca1ea30a8425a8967677070c95627,19100,1268909,455,264,3205,https://www.youtube.com/watch?v=wQQkxQmqel8,408,197,1007,https://www.youtube.com/watch?v=pW72WVpiVk0,2188,1047,3205,https://www.youtube.com/watch?v=wQQkxQmqel8,580,342,315,342,https://www.twitch.tv/videos/2831874883
2c05340bb152419ebe0bd3fb6a78da80,19100,1951745,487,221,1981,https://www.youtube.com/watch?v=jEos9OyiG8E,425,159,793,https://www.youtube.com/watch?v=0xBru3KGmmE,1561,787,1981,https://www.youtube.com/watch?v=jEos9OyiG8E,0,0,0,0,
76d68171666847cc913328359037139c,18700,840357,942,219,8636,https://www.youtube.com/watch?v=NmsCyNyzJ7Y,854,205,4123,https://www.youtube.com/watch?v=du3XQxjqQYQ,8636,3616,8636,https://www.youtube.com/watch?v=NmsCyNyzJ7Y,1656,0,0,0,
05be4fb717614738a87daac46157ddb1,18500,1328562,308,184,717,https://www.youtube.com/watch?v=Jvp9WigP4NA,308,184,717,https://www.youtube.com/watch?v=Jvp9WigP4NA,0,0,0,,0,0,0,0,
9265e640081f4625bd36cd1235c75bc7,18400,40115,0,0,0,,0,0,0,,0,0,0,,2474,0,0,0,
ed3f69b9de7c43f3a32b4e7dfdb5bfd0,18400,719580,281,94,23539,https://www.youtube.com/watch?v=iFPhdS6KXmM,199,69,777,https://www.youtube.com/watch?v=5Hz1KXeqlBU,1543,573,23539,https://www.youtube.com/watch?v=iFPhdS6KXmM,0,0,0,0,
aaa45dc386714427ba862f691d4471ac,18200,1856488,1920,454,4385,https://www.youtube.com/watch?v=eQEKlZpG650,436,341,3078,https://www.youtube.com/watch?v=aYxQr8lNgUs,2271,750,4385,https://www.youtube.com/watch?v=eQEKlZpG650,1511,0,0,0,
57903e09a68f4997b7c4bc356cd5e64d,18200,1369846,742,438,6657,https://www.youtube.com/watch?v=L8BT9mqKe7Q,633,267,1313,https://www.youtube.com/watch?v=DK0deJmvOxM,3033,948,6657,https://www.youtube.com/watch?v=L8BT9mqKe7Q,560,0,0,0,
ebc44e2ba78f4790b832d02c31410262,18200,729329,327,219,1730,https://www.youtube.com/watch?v=BmYC-9a2-N8,223,172,566,https://www.youtube.com/watch?v=qhRGA2dENNE,1535,947,1730,https://www.youtube.com/watch?v=BmYC-9a2-N8,599,151,108,446,https://www.twitch.tv/videos/2829409791
0bfd032de03c48a4bd7d1f4505335a7d,18100,31419,6840,1138,6840,https://www.youtube.com/watch?v=7vyv4NMrrqw,6840,1138,6840,https://www.youtube.com/watch?v=7vyv4NMrrqw,0,0,0,,0,0,0,0,
7870ac4364ca4c97a4dfe7474251bf5b,18000,849938,903,449,3266,https://www.youtube.com/watch?v=t0tHFr16el4,779,427,2799,https://www.youtube.com/watch?v=lPF37ltMW7U,1806,1082,3266,https://www.youtube.com/watch?v=t0tHFr16el4,0,0,0,0,
090be1be8d29429183e190e22fc4be22,17900,1117981,632,162,2014,https://www.youtube.com/watch?v=d8oMo_8OyC0,1265,333,2014,https://www.youtube.com/watch?v=d8oMo_8OyC0,632,162,632,https://www.youtube.com/watch?v=KK9QJrIG1mk,3937,328,223,404,https://www.twitch.tv/videos/2829356579
2a28e77671ae43d7bccec54e7e956dd9,17900,223214,0,0,0,,0,0,0,,0,0,0,,0,0,0,0,
e9ec2395070144b0af7231570e06a743,17800,77938,0,0,0,,0,0,0,,0,0,0,,0,0,0,0,
8eec9fd38e7440f09bf1bc864e4d6e38,17800,776277,557,244,3916,https://www.youtube.com/watch?v=NmygSNsVrUc,525,240,2118,https://www.youtube.com/watch?v=xxX3gcdhoXo,3056,867,3916,https://www.youtube.com/watch?v=NmygSNsVrUc,4421,1392,993,5916,https://www.twitch.tv/videos/2829109694
b174714646ea40e28ce32affabe3e93e,17600,1054564,555,258,2602,https://www.youtube.com/watch?v=p23OUSq6iJ8,547,256,2602,https://www.youtube.com/watch?v=p23OUSq6iJ8,2356,867,2507,https://www.youtube.com/watch?v=Bj_HMOEmqag,697,0,0,0,
71e1a399885b48e79c9a98e973e6b5e3,17600,6067075,1948,756,8487,https://www.youtube.com/watch?v=afMcXkz6sNM,0,0,0,,1948,756,8487,https://www.youtube.com/watch?v=afMcXkz6sNM,705,40,28,46,https://www.twitch.tv/videos/2827752730
71cee502a14d4ef1b9b0264fa2db8987,17500,0,0,0,0,,0,0,0,,0,0,0,,5449,0,0,0,
ec30041838214022aeb622c0851e46db,17500,908335,4667,1591,9433,https://www.youtube.com/watch?v=vDwtLLTFbYU,0,0,0,,4667,1591,9433,https://www.youtube.com/watch?v=vDwtLLTFbYU,5308,882,549,1121,https://www.twitch.tv/videos/2826187053
6c7a8b443aa942a89a83485c98d10559,17500,1563706,494,315,7593,https://www.youtube.com/watch?v=aGwdB4VeyWs,359,174,588,https://www.youtube.com/watch?v=roxU4_TyRtA,3037,1271,7593,https://www.youtube.com/watch?v=aGwdB4VeyWs,0,0,0,0,
139f3f1818a2420aa35d5471adaf1a73,17300,378663,0,0,0,,0,0,0,,0,0,0,,0,0,0,0,
56b4e7f364bc4b96b3a9d48596e28d8d,17200,903202,4436,2401,297079,https://www.youtube.com/watch?v=61xDBFhABPU,1794,1650,4436,https://www.youtube.com/watch?v=U0hfuvgykLw,5278,2417,297079,https://www.youtube.com/watch?v=61xDBFhABPU,0,0,0,0,
bf58297d50a741e5b1808ec4c445f216,17100,4118115,1257,777,5352,https://www.youtube.com/watch?v=Z0NwkEsa96I,360,185,1257,https://www.youtube.com/watch?v=PEJEgVBs3zA,2632,1579,5352,https://www.youtube.com/watch?v=Z0NwkEsa96I,0,0,0,0,
f6fe970a79964cca9dcec4741f0f679b,17100,1685138,5551,4544,14168,https://www.youtube.com/watch?v=5mRzTW30PBk,0,0,0,,5551,4544,14168,https://www.youtube.com/watch?v=5mRzTW30PBk,86479,80509,27509,116502,https://www.twitch.tv/videos/2828435119
2ada3b89962b479bb8dbd2a63bca5da1,17000,1275994,290,141,2372,https://www.youtube.com/watch?v=x9sPCfTys5U,287,127,511,https://www.youtube.com/watch?v=WZ3UHVOJWHU,2372,756,2372,https://www.youtube.com/watch?v=x9sPCfTys5U,0,0,0,0,
470d1cb40a5e460e8cdc1414c5fd1a34,16900,370418,282,143,773,https://www.youtube.com/watch?v=sfDXqLVdUuw,322,143,773,https://www.youtube.com/watch?v=sfDXqLVdUuw,179,149,239,https://www.youtube.com/watch?v=Mgtu2dF6HgA,1279,0,0,0,
fbb142bcb07a4808b0164c41ab1877ea,16700,1535014,249,84,1835,https://www.youtube.com/watch?v=EwtW893FmF8,239,82,294,https://www.youtube.com/watch?v=WxVrE78Da6A,1835,347,1835,https://www.youtube.com/watch?v=EwtW893FmF8,0,0,0,0,
3b1860c399f445469efdda27cf8d9156,16600,651967,0,0,0,,0,0,0,,0,0,0,,0,0,0,0,
c379e3f4f1eb41869ec465481b182e50,16600,869314,424,211,3688,https://www.youtube.com/watch?v=h4TnQa-PifA,343,168,523,https://www.youtube.com/watch?v=fQCbm9gexuI,2089,1004,3688,https://www.youtube.com/watch?v=h4TnQa-PifA,0,0,0,0,
8796ee6fb25b4b40a8ad9a188059951a,16600,608841,219,129,304,https://www.youtube.com/watch?v=ZFft1mweE60,219,129,304,https://www.youtube.com/watch?v=ZFft1mweE60,0,0,0,,0,0,0,0,
c61d5dd825d5423fac8fd1bc0596d1ff,16400,434370,391,113,391,https://www.youtube.com/watch?v=W42ePFKaRc4,391,113,391,https://www.youtube.com/watch?v=W42ePFKaRc4,0,0,0,,0,0,0,0,
0ba1bc3725a9456aa0f66ec951ad47eb,16400,1035507,1035,734,23806,https://www.youtube.com/watch?v=asoqpKgHJ94,480,269,1815,https://www.youtube.com/watch?v=twPC269h6J8,3445,1861,23806,https://www.youtube.com/watch?v=asoqpKgHJ94,6338,583,275,4766,https://www.twitch.tv/videos/2822160473
0b63fa89b80e4649b0297d156ed1c791,16400,1461405,897,499,1682,https://www.youtube.com/watch?v=STT-haP7mxc,760,436,1682,https://www.youtube.com/watch?v=STT-haP7mxc,1101,1015,1390,https://www.youtube.com/watch?v=6TAX2VevGPs,0,0,0,0,
2885972c2d0943e6b697bdc5e72c1d4a,16200,314119,281,134,861,https://www.youtube.com/watch?v=ZsCfFvSrj-Q,281,134,861,https://www.youtube.com/watch?v=ZsCfFvSrj-Q,0,0,0,,0,0,0,0,
78e76a50d39f46ecbbdd81ae2133706c,16100,35013,0,0,0,,0,0,0,,0,0,0,,155,0,0,0,
221563b6b46245379c6dc6328c9d0447,15900,1170222,457,101,457,https://www.youtube.com/watch?v=chD3J258zBw,0,0,0,,457,101,457,https://www.youtube.com/watch?v=chD3J258zBw,0,0,0,0,
09600daf1956476190642d1be738e945,15900,1658027,906,446,11831,https://www.youtube.com/watch?v=8G0WOSLc8Ys,874,407,1070,https://www.youtube.com/watch?v=XIQwQbq-m6g,3299,1237,11831,https://www.youtube.com/watch?v=8G0WOSLc8Ys,0,0,0,0,
7587608de08740aeb1a8dbe40006b90d,15800,1361789,2433,670,3539,https://www.youtube.com/watch?v=VwGVlO1cHKM,796,72,880,https://www.youtube.com/watch?v=ZUnqnemdHlc,2688,713,3539,https://www.youtube.com/watch?v=VwGVlO1cHKM,2826,834,215,1178,https://www.twitch.tv/videos/2811183183
d3a75c3d9f204420808f38ed629becf4,15800,0,0,0,0,,0,0,0,,0,0,0,,1446,0,0,0,
ec183b10574a449f91e43ab216976a60,15700,1312596,1424,905,5922,https://www.youtube.com/watch?v=wUStwe034C8,1175,606,1573,https://www.youtube.com/watch?v=dTIDj_fDY70,3349,1802,5922,https://www.youtube.com/watch?v=wUStwe034C8,1295,0,0,0,
5db725f32b5e4e1380ad64110b88c91d,15700,5006696,1422,682,1818,https://www.youtube.com/watch?v=KZHinxjcq2w,120,95,134,https://www.youtube.com/watch?v=SkD1Cvh6J20,1453,908,1818,https://www.youtube.com/watch?v=KZHinxjcq2w,1051,0,0,0,
656455380d524045b9f75d6082563f94,15600,1494989,211,118,1784,https://www.youtube.com/watch?v=oIq_r7XvR94,204,116,213,https://www.youtube.com/watch?v=VUzDQZQ0WIg,587,283,1784,https://www.youtube.com/watch?v=oIq_r7XvR94,659,0,0,0,
77533b0fb2324e33bff67fbbf4daf13f,15400,3938090,559,182,1151,https://www.youtube.com/watch?v=7nqhdh4mssY,1045,552,1151,https://www.youtube.com/watch?v=7nqhdh4mssY,536,173,565,https://www.youtube.com/watch?v=cXioK9ho-uk,1468,10,6,11,https://www.twitch.tv/videos/2827864455
e93182ff3a954e0e92567136dc3659ed,15400,461268,170,86,2953,https://www.youtube.com/watch?v=gZ3GZ4DX3lE,165,76,350,https://www.youtube.com/watch?v=tVJGZCyjRVs,2953,1238,2953,https://www.youtube.com/watch?v=gZ3GZ4DX3lE,0,0,0,0,
5f8930a469f94b5cad116810f68a2614,15300,475284,1220,658,7861,https://www.youtube.com/watch?v=lgX792RHUGc,854,490,2905,https://www.youtube.com/watch?v=fJwhDEuyHHw,1992,994,7861,https://www.youtube.com/watch?v=lgX792RHUGc,0,0,0,0,
fd7a69505569429fb845ac056825f3a9,15300,1629081,295,154,2130,https://www.youtube.com/watch?v=yOZDJ80kCrU,238,122,450,https://www.youtube.com/watch?v=IRxffBKgb00,1303,606,2130,https://www.youtube.com/watch?v=yOZDJ80kCrU,0,0,0,0,
670990d65f7b459ba2a3728c39d4cb9a,15100,95501,25632,16048,38427,https://www.youtube.com/watch?v=smHdrAZ8bIk,0,0,0,,25632,16048,38427,https://www.youtube.com/watch?v=smHdrAZ8bIk,2035,0,0,0,
5d8a211269e449868dc84cc422ae0ec7,15100,23287,0,0,0,,0,0,0,,0,0,0,,0,0,0,0,
0f595c5e48be4f29befb358388a61f8b,15100,1223711,0,0,0,,0,0,0,,0,0,0,,381,0,0,0,
0471d5082a2e419786e141d6424c9150,15100,1639983,1387,657,67726,https://www.youtube.com/watch?v=2Pa_W-VAXn0,669,211,2290,https://www.youtube.com/watch?v=aAXUbrYi604,3379,1914,67726,https://www.youtube.com/watch?v=2Pa_W-VAXn0,8245,1583,638,2459,https://www.twitch.tv/videos/2823502251
15e4450f63904e50907dc93fee446fd2,15000,1140783,473,269,4066,https://www.youtube.com/watch?v=fH5QYyZ3m1Y,432,248,748,https://www.youtube.com/watch?v=f7MIizOfJWs,2027,932,4066,https://www.youtube.com/watch?v=fH5QYyZ3m1Y,0,0,0,0,
88aa589d4a3648738e49243d2056d03b,14900,918243,0,0,0,,0,0,0,,0,0,0,,1823,0,0,0,
031e5c207b634c6ab08dbc0a361ba52e,14900,496941,613,440,4331,https://www.youtube.com/watch?v=eCCXQPo1UGE,609,407,1511,https://www.youtube.com/watch?v=QycKBVeRiow,4331,2542,4331,https://www.youtube.com/watch?v=eCCXQPo1UGE,470,0,0,0,
ac1ce1eeaffa4e58a8155c20d8f85ff3,14800,624830,379,214,2282,https://www.youtube.com/watch?v=occYJWIVtGo,360,214,578,https://www.youtube.com/watch?v=yByx889EEeI,1740,674,2282,https://www.youtube.com/watch?v=occYJWIVtGo,5453,1890,419,1890,https://www.twitch.tv/videos/2814961519
1d2404a7bd5a4baab9473392d62e7ca9,14800,497261,0,0,0,,0,0,0,,0,0,0,,8074,0,0,0,
7805f5aaa7be47878ebcf88c6ff4669a,14700,56406,20748,14970,21018,https://www.youtube.com/watch?v=tT6iJ13riIg,0,0,0,,20748,14970,21018,https://www.youtube.com/watch?v=tT6iJ13riIg,2094,0,0,0,
d5c19a6328af48ba88bf41b2dd757f14,14600,724818,926,186,2159,https://www.youtube.com/watch?v=C4F9XgEmSSQ,229,135,265,https://www.youtube.com/watch?v=Xb2STV9UMnQ,1765,692,2159,https://www.youtube.com/watch?v=C4F9XgEmSSQ,0,0,0,0,
c4bc52355d334a98bdaa1e57c05673ad,14600,1154690,480,321,927,https://www.youtube.com/watch?v=8t5N8jmAJ9U,480,321,927,https://www.youtube.com/watch?v=8t5N8jmAJ9U,0,0,0,,0,0,0,0,
6a30fc9ee6f24d839198497406c63cc1,14600,2072519,1092,787,1883,https://www.youtube.com/watch?v=YDokdKyXSj0,0,0,0,,1092,787,1883,https://www.youtube.com/watch?v=YDokdKyXSj0,516,0,0,0,
0247d07842794dccb043e0b10a888d30,14600,64845,22323,12386,27656,https://www.youtube.com/watch?v=M89kY02KA58,0,0,0,,22323,12386,27656,https://www.youtube.com/watch?v=M89kY02KA58,2174,0,0,0,
17933ba43ccf4e3c85961523b77bd901,14600,417515,812,572,1768,https://www.youtube.com/watch?v=haNG20DnSkY,765,562,1047,https://www.youtube.com/watch?v=6JlDR4zgWcA,1768,680,1768,https://www.youtube.com/watch?v=haNG20DnSkY,1282,601,418,750,https://www.twitch.tv/videos/2826939965
d32bd28cd67b4e64a56b24f9a76dadcd,14600,806429,0,0,0,,0,0,0,,0,0,0,,294,0,0,0,
03762df738044b09a1e216949158c8a4,14600,251408,0,0,0,,0,0,0,,0,0,0,,2474,482,347,482,https://www.twitch.tv/videos/2826967439
b5561ece0c9b4f4a8fccdd3b36ee3260,14400,901203,190,109,2370,https://www.youtube.com/watch?v=64rx8VKRT0Y,174,65,287,https://www.youtube.com/watch?v=qvNQwI1C9fM,1325,441,2370,https://www.youtube.com/watch?v=64rx8VKRT0Y,0,0,0,0,
68820304b6164959806479d6c9dad127,14300,957325,883,515,3033,https://www.youtube.com/watch?v=Cc2WbtxhMF8,803,446,1865,https://www.youtube.com/watch?v=7luOByG4N4w,2653,1262,3033,https://www.youtube.com/watch?v=Cc2WbtxhMF8,0,0,0,0,
bf197e3d2cd6400db5f7e397427965e5,14300,419200,150,71,191,https://www.youtube.com/watch?v=_agn7cZaWuM,150,71,191,https://www.youtube.com/watch?v=_agn7cZaWuM,0,0,0,,275,0,0,0,
a51be890a1f443ea87bee45c9d8acf13,14200,955206,0,0,0,,0,0,0,,0,0,0,,19758,5242,2010,7147,https://www.twitch.tv/videos/2818761944
7c5232b16a1d44498677ed33e72bd8c6,14200,569137,380,276,1434,https://www.youtube.com/watch?v=ByWDTizrPaQ,379,261,702,https://www.youtube.com/watch?v=sULelVS8Loo,1434,923,1434,https://www.youtube.com/watch?v=ByWDTizrPaQ,0,0,0,0,
44af52f7f6aa487e850b3d261947205b,14200,2037194,331,150,5847,https://www.youtube.com/watch?v=aPs6MXiucsM,267,124,2519,https://www.youtube.com/watch?v=EgwGCJ3CRzw,1562,412,5847,https://www.youtube.com/watch?v=aPs6MXiucsM,193,104,74,142,https://www.twitch.tv/videos/2822173708
2d57d202ef8e46a5871302b944309bc2,14000,1273869,15,12,15,https://www.youtube.com/watch?v=TNasYnuNV5E,15,12,15,https://www.youtube.com/watch?v=TNasYnuNV5E,0,0,0,,0,0,0,0,
81699719ffc04e4e92bb3207ab8a7a83,14000,577471,0,0,0,,0,0,0,,0,0,0,,0,0,0,0,
1a1942f52ea74121923497e7e0cfd6a5,14000,673382,0,0,0,,0,0,0,,0,0,0,,0,0,0,0,
4d8babea181e44df9855f3aafc06eb2c,13900,933810,253,100,3905,https://www.youtube.com/watch?v=O_7SaNYs_JM,202,56,540,https://www.youtube.com/watch?v=JIvpd_sugfA,1565,1056,3905,https://www.youtube.com/watch?v=O_7SaNYs_JM,0,0,0,0,
3d46fb16bc2c48fb8f12a647cf5ec702,13800,1179510,597,317,2674,https://www.youtube.com/watch?v=1_Isf-EqDKQ,574,307,2082,https://www.youtube.com/watch?v=4--s95PNdU8,1450,775,2674,https://www.youtube.com/watch?v=1_Isf-EqDKQ,0,0,0,0,
2ee2acc29fac42c5b130558543cbdf00,13800,914437,323,142,601,https://www.youtube.com/watch?v=1so7xk38JDE,323,142,601,https://www.youtube.com/watch?v=1so7xk38JDE,0,0,0,,882,46,31,61,https://www.twitch.tv/videos/2823012043
0448e6929687421c9e0435832765b9fe,13800,344785,358,197,539,https://www.youtube.com/watch?v=v8Ny786kupw,373,140,539,https://www.youtube.com/watch?v=v8Ny786kupw,306,251,306,https://www.youtube.com/watch?v=v-Xj83g5ejU,2914,649,424,1246,https://www.twitch.tv/videos/2826841199
abc7acc71b474ebebecfde51ad5f88e1,13700,547339,250,31,250,https://www.youtube.com/watch?v=T9knpgfY1uU,250,31,250,https://www.youtube.com/watch?v=T9knpgfY1uU,0,0,0,,1631,0,0,0,
4571c7a211b945f3b608c0066f7e73e4,13700,3417197,421,165,1124,https://www.youtube.com/watch?v=-mMZCeqw8UM,384,167,1124,https://www.youtube.com/watch?v=-mMZCeqw8UM,708,156,708,https://www.youtube.com/watch?v=ZsSDl7gadaM,822,0,0,0,
ad2a1148ff4747229694f9aa2c3645d9,13700,1066265,1087,207,1830,https://www.youtube.com/watch?v=sL-J3TymNZY,254,176,447,https://www.youtube.com/watch?v=cB4g6rFzoVM,1391,697,1830,https://www.youtube.com/watch?v=sL-J3TymNZY,0,0,0,0,
7ef2dc851df94f5aa7f632c736b4307e,13700,477272,190,111,259,https://www.youtube.com/watch?v=05psej4XrQk,190,111,259,https://www.youtube.com/watch?v=05psej4XrQk,0,0,0,,649,0,0,0,
1a520f3d2665454f985490e42467ae27,13700,527840,352,160,2346,https://www.youtube.com/watch?v=LK6JZ-nWwAs,352,160,2346,https://www.youtube.com/watch?v=LK6JZ-nWwAs,0,0,0,,0,0,0,0,
788611c913b04d999011628637657bee,13600,1629430,1056,422,17017,https://www.youtube.com/watch?v=mp4GAYApZCc,736,297,1748,https://www.youtube.com/watch?v=J6r-ouLhGls,2861,1386,17017,https://www.youtube.com/watch?v=mp4GAYApZCc,2535,738,546,1206,https://www.twitch.tv/videos/2829997833
8195d69546e3466c95f9d35ccb7c6c35,13500,1378386,794,341,2709,https://www.youtube.com/watch?v=psXBCB5ZB9A,624,276,2115,https://www.youtube.com/watch?v=IlST3IiqRls,1744,937,2709,https://www.youtube.com/watch?v=psXBCB5ZB9A,0,0,0,0,
5d2231ea88fd474d8a11e5a759899216,13500,3529366,507,289,3232,https://www.youtube.com/watch?v=0Dv-mkkleYY,438,172,1114,https://www.youtube.com/watch?v=IA59tkk-POo,1945,1246,3232,https://www.youtube.com/watch?v=0Dv-mkkleYY,216,0,0,0,
08184fac3ec1408a8009f2e7078794dd,13400,272473,0,0,0,,0,0,0,,0,0,0,,0,0,0,0,
1eec022f916a46b58f5124936afdabe3,13400,372463,211,129,431,https://www.youtube.com/watch?v=h-5EGr2mti8,211,129,431,https://www.youtube.com/watch?v=h-5EGr2mti8,0,0,0,,0,0,0,0,
20aa88e16d77400b9bc4e72df1b2a588,13400,465453,438,251,1980,https://www.youtube.com/watch?v=RkdvEELQfDM,388,190,467,https://www.youtube.com/watch?v=x1P2fheMtH0,1517,460,1980,https://www.youtube.com/watch?v=RkdvEELQfDM,0,0,0,0,
cad7f93653b54779932a6809a5f3a769,13300,367467,274,144,986,https://www.youtube.com/watch?v=O38gTX4V2iM,274,144,986,https://www.youtube.com/watch?v=O38gTX4V2iM,0,0,0,,1306,517,354,517,https://www.twitch.tv/videos/2826097246
633c7350aca946428e98228660ee73e2,13300,682169,485,265,5379,https://www.youtube.com/watch?v=pyAsVzSkFbA,441,259,1699,https://www.youtube.com/watch?v=1iAmlg_Zh1w,1996,740,5379,https://www.youtube.com/watch?v=pyAsVzSkFbA,0,0,0,0,
70b86c53cafa43b49e2782fe4e4bbd6c,13200,1010799,353,174,1859,https://www.youtube.com/watch?v=JD3D_LRslSw,329,152,1859,https://www.youtube.com/watch?v=JD3D_LRslSw,606,210,1663,https://www.youtube.com/watch?v=SssC8ZsNT0Q,0,0,0,0,
5ee3c46f62cf4b34accc313fb437581b,13100,174852,242,162,271,https://www.youtube.com/watch?v=aViVe6Xkumg,242,162,271,https://www.youtube.com/watch?v=aViVe6Xkumg,0,0,0,,0,0,0,0,
0ab147ded84b484eac14de7a46c9cf4e,13100,699802,217,111,2798,https://www.youtube.com/watch?v=WKXlB9-1z0A,212,104,424,https://www.youtube.com/watch?v=2-8CSM5ZFZo,1689,559,2798,https://www.youtube.com/watch?v=WKXlB9-1z0A,0,0,0,0,
390346240f4748bd9d81e472411c20c2,13100,322742,0,0,0,,0,0,0,,0,0,0,,3641,0,0,0,
f73be498fddd4e718f18f8203af00f33,13100,480094,327,85,3460,https://www.youtube.com/watch?v=eJsSA18NZXA,278,73,873,https://www.youtube.com/watch?v=PtvI7RxMl2c,3460,2031,3460,https://www.youtube.com/watch?v=eJsSA18NZXA,518,0,0,0,
00d3ddb7b65247eaa16473cfd1376723,12900,1087493,2449,527,8917,https://www.youtube.com/watch?v=YmEHbHVAXrc,1896,513,4751,https://www.youtube.com/watch?v=bbCBSY_Js9A,2720,1161,8917,https://www.youtube.com/watch?v=YmEHbHVAXrc,1079,0,0,0,
2a3824dd5c0a46f597b27dd183283aea,12800,6334205,558,265,26268,https://www.youtube.com/watch?v=iw1UjCY3Lnw,389,190,1838,https://www.youtube.com/watch?v=lZE9xHKOBNY,13610,4463,26268,https://www.youtube.com/watch?v=iw1UjCY3Lnw,0,0,0,0,
a168211aa3dd451cb33e09b80df0ea0a,12800,384145,130,56,273,https://www.youtube.com/watch?v=BYpHLsIWurw,130,56,273,https://www.youtube.com/watch?v=BYpHLsIWurw,0,0,0,,553,0,0,0,
5fbcb045887b4a87878773dbf5f63e26,12800,402005,343,166,606,https://www.youtube.com/watch?v=TdwNZxMKajU,343,166,606,https://www.youtube.com/watch?v=TdwNZxMKajU,0,0,0,,1484,846,721,1479,https://www.twitch.tv/videos/2827626470
fbced2373c5a48f6abee998296f20617,12700,1437,0,0,0,,0,0,0,,0,0,0,,0,0,0,0,
15cbed02d2f74630b04b73515909c1f4,12700,454329,119,66,140,https://www.youtube.com/watch?v=Z9VIKZoZbQY,119,66,140,https://www.youtube.com/watch?v=Z9VIKZoZbQY,0,0,0,,2456,0,0,0,
3005ff0c09064d7f924c506e1e9c18ba,12700,512252,0,0,0,,0,0,0,,0,0,0,,22745,2856,1491,6420,https://www.twitch.tv/videos/2823726325
3a8f78d98fd344cb9d32358e5c96eace,12500,609884,1635,1122,2211,https://www.youtube.com/watch?v=Q0TGjKA4usE,1635,1122,2211,https://www.youtube.com/watch?v=Q0TGjKA4usE,0,0,0,,4958,1831,1391,2401,https://www.twitch.tv/videos/2831068933
341ca5efce084743977d3b74315a30ab,12500,705677,795,626,3244,https://www.youtube.com/watch?v=fk8Ji9zqmXc,726,555,1432,https://www.youtube.com/watch?v=TD1oF3MH_5Q,2310,1682,3244,https://www.youtube.com/watch?v=fk8Ji9zqmXc,1583,496,341,527,https://www.twitch.tv/videos/2833524265
976e0cf401784d3f874dc85b2b2c5839,12400,1233531,675,345,1524,https://www.youtube.com/watch?v=VxL1L6MnRKo,675,345,1524,https://www.youtube.com/watch?v=VxL1L6MnRKo,0,0,0,,3020,0,0,0,
703ae2c7ccc9431382a5b0f2c35e6ec1,12400,828091,550,159,570,https://www.youtube.com/watch?v=cqOpfre3Bj4,550,159,570,https://www.youtube.com/watch?v=cqOpfre3Bj4,0,0,0,,0,0,0,0,
0c09a69445864b44adbba11b487f9b1a,12300,767834,520,139,3496,https://www.youtube.com/watch?v=e3VXT5Q03x4,0,0,0,,520,139,3496,https://www.youtube.com/watch?v=e3VXT5Q03x4,810,0,0,0,
93a4d479e67242d58d3ff80307d3bc84,12200,445962,263,125,2104,https://www.youtube.com/watch?v=HE8T4xCX8zQ,197,116,269,https://www.youtube.com/watch?v=6eX9D0J5jGQ,592,326,2104,https://www.youtube.com/watch?v=HE8T4xCX8zQ,201,50,34,50,https://www.twitch.tv/videos/2826170653
22fd5004e4a34134b6855525e01cda73,12200,53750,0,0,0,,0,0,0,,0,0,0,,0,0,0,0,
675071ddbd4844119d341bbfd6a0ee2a,12200,453473,272,43,383,https://www.youtube.com/watch?v=BZFyMTR6vcw,272,43,383,https://www.youtube.com/watch?v=BZFyMTR6vcw,0,0,0,,0,0,0,0,
a8d11ac027d842c598de50529e797547,12200,293859,5696,2677,10977,https://www.youtube.com/watch?v=PP4E_4vaqjY,4371,2045,5722,https://www.youtube.com/watch?v=OLCY5inzZvg,7104,5850,10977,https://www.youtube.com/watch?v=PP4E_4vaqjY,20269,9128,3502,13484,https://www.twitch.tv/videos/2822883592
7cbd1f537c3d4e67b38b9f9e31cb93d6,12100,291565,325,179,378,https://www.youtube.com/watch?v=5GpneLxG83E,325,179,378,https://www.youtube.com/watch?v=5GpneLxG83E,0,0,0,,3539,880,360,1289,https://www.twitch.tv/videos/2822043416
c4470a1419984fb8aec0851f225b177a,12100,719273,234,193,1461,https://www.youtube.com/watch?v=E3gSVd0_qE0,207,150,417,https://www.youtube.com/watch?v=8AjrMGsVyjU,1233,885,1461,https://www.youtube.com/watch?v=E3gSVd0_qE0,0,0,0,0,
316dd044dc644c4cac9e140dcba5d210,12100,960931,327,4,396,https://www.youtube.com/watch?v=sX0yuaNqkG8,0,0,0,,327,4,396,https://www.youtube.com/watch?v=sX0yuaNqkG8,2243,449,215,1764,https://www.twitch.tv/videos/2819610642
8faff7aecb9d4e12917ea0144696e2de,12100,534333,294,149,478,https://www.youtube.com/watch?v=iec7BWKzFvs,294,149,478,https://www.youtube.com/watch?v=iec7BWKzFvs,0,0,0,,985,365,272,386,https://www.twitch.tv/videos/2830991574
126103200de947a7a3c2ac3971eef633,12100,248453,0,0,0,,0,0,0,,0,0,0,,0,0,0,0,
b1939ca67a3c43cf8a6a0a9a88137419,12100,262485,271,142,451,https://www.youtube.com/watch?v=cwuzdqrggyY,271,142,451,https://www.youtube.com/watch?v=cwuzdqrggyY,0,0,0,,0,0,0,0,
d2c76258b7ff45ee88e3585c4c9ed0c1,12000,390479,0,0,0,,0,0,0,,0,0,0,,3780,0,0,0,
9012b1827e8141bd9d56d1a04b2f7ad1,12000,832249,771,336,2154,https://www.youtube.com/watch?v=QkOreLVsqn0,718,270,1873,https://www.youtube.com/watch?v=s1_9CIajGjY,1733,1170,2154,https://www.youtube.com/watch?v=QkOreLVsqn0,0,0,0,0,
b57162e62056494d85f1743abdbad648,12000,650881,0,0,0,,0,0,0,,0,0,0,,308,0,0,0,
6e51f06f6a02439d82b213b623cda4e8,12000,481065,0,0,0,,0,0,0,,0,0,0,,0,0,0,0,
78c188fcd01a4ba382fb153ec86a7367,12000,1225292,549,308,1635,https://www.youtube.com/watch?v=G2Vgnt85mi0,515,204,814,https://www.youtube.com/watch?v=qzLUn1GkSNI,1552,761,1635,https://www.youtube.com/watch?v=G2Vgnt85mi0,0,0,0,0,
82e63a8d4ae14beab89e13b43b35fce3,11900,339199,198,78,424,https://www.youtube.com/watch?v=ww3VrHjXLDo,189,61,353,https://www.youtube.com/watch?v=sXegUZbq2vA,424,291,424,https://www.youtube.com/watch?v=ww3VrHjXLDo,0,0,0,0,
36497373f4734ce49ea8cb6a703f050b,11900,4139,0,0,0,,0,0,0,,0,0,0,,1325,0,0,0,
a1608f0690584f07bf7aaf84ed9e4d8f,11900,303085,432,141,1054,https://www.youtube.com/watch?v=iOigvNtMkKM,396,127,1054,https://www.youtube.com/watch?v=iOigvNtMkKM,514,165,514,https://www.youtube.com/watch?v=HJED2ugBqUk,0,0,0,0,
60ae2b3fd2254689bb65c216a0a09605,11900,0,0,0,0,,0,0,0,,0,0,0,,0,0,0,0,
6559d42f66684b8f80b4cd4589addd85,11900,788665,209,97,436,https://www.youtube.com/watch?v=ID73viDUBGc,225,102,436,https://www.youtube.com/watch?v=ID73viDUBGc,147,88,224,https://www.youtube.com/watch?v=0GRpHb2KGtc,3668,134,93,137,https://www.twitch.tv/videos/2825459572
774342c826924ecfb8b13a2bc27e3b81,11900,2648036,106,26,181,https://www.youtube.com/watch?v=ZbO9-v5wio0,98,22,106,https://www.youtube.com/watch?v=9LbQ_EYShq4,181,52,181,https://www.youtube.com/watch?v=ZbO9-v5wio0,0,0,0,0,
a2e67b720e754c16bd739bcf9a95e396,11900,944070,1447,311,2810,https://www.youtube.com/watch?v=jbJdN3GC7zs,249,96,498,https://www.youtube.com/watch?v=4kqDXyhCNxw,1822,968,2810,https://www.youtube.com/watch?v=jbJdN3GC7zs,0,0,0,0,
696e947cd8624e609553d6786d21f11c,11800,422884,267,55,713,https://www.youtube.com/watch?v=OH0hnA7ay6U,267,55,713,https://www.youtube.com/watch?v=OH0hnA7ay6U,0,0,0,,0,0,0,0,
72cc5bf1729245618e1f10da0b796d53,11700,500424,355,105,2404,https://www.youtube.com/watch?v=Jg1Uc2mM998,239,62,391,https://www.youtube.com/watch?v=kvAIFZa6ukU,1385,311,2404,https://www.youtube.com/watch?v=Jg1Uc2mM998,1507,0,0,0,
ab5709b7d3074c6db2a57995d5b1c328,11700,1191411,415,283,5075,https://www.youtube.com/watch?v=iHLE9oCxTuA,429,289,1000,https://www.youtube.com/watch?v=kIH14iZ-E8c,134,106,5075,https://www.youtube.com/watch?v=iHLE9oCxTuA,0,0,0,0,
92335c98e0b244eda7a8660694d90f70,11700,0,0,0,0,,0,0,0,,0,0,0,,0,0,0,0,
4558095012964943921cd8a376a192fd,11700,442233,0,0,0,,0,0,0,,0,0,0,,6442,1117,759,1414,https://www.twitch.tv/videos/2822969568
a5f7302f9f1a4fcdb2471c4bc52a05fb,11700,909108,818,391,4973,https://www.youtube.com/watch?v=5Hml-OWKvOs,816,362,1810,https://www.youtube.com/watch?v=7JDOF21dEBo,4122,1316,4973,https://www.youtube.com/watch?v=5Hml-OWKvOs,0,0,0,0,
512e1f38a37942cc8b7cb8aed597a810,11600,723244,299,204,1799,https://www.youtube.com/watch?v=o-16lrkqnuI,286,164,397,https://www.youtube.com/watch?v=vm61zhYMKVk,1462,430,1799,https://www.youtube.com/watch?v=o-16lrkqnuI,0,0,0,0,
5fc94cdcf7594a3ba5ce001ba405d3be,11600,774814,479,254,990,https://www.youtube.com/watch?v=PsD_zPzE6jc,479,260,990,https://www.youtube.com/watch?v=PsD_zPzE6jc,390,176,483,https://www.youtube.com/watch?v=QOWchOVAA6U,1893,0,0,0,
5f0afd7885894861925e7030c096297e,11600,593465,219,104,508,https://www.youtube.com/watch?v=gbGrRySzZPM,221,104,508,https://www.youtube.com/watch?v=gbGrRySzZPM,132,106,132,https://www.youtube.com/watch?v=t1nXCpleQJI,0,0,0,0,
1d14efa0dfb34515831c46b7dfddf819,11500,783034,0,0,0,,0,0,0,,0,0,0,,0,0,0,0,
51cd04cab0de47d4b2b5a156bbe2dfb0,11300,452915,203,115,1386,https://www.youtube.com/watch?v=pbqrMkDPfMk,194,109,417,https://www.youtube.com/watch?v=ca_8SDB7NWQ,1386,535,1386,https://www.youtube.com/watch?v=pbqrMkDPfMk,0,0,0,0,
fa3bc2669fe041dfaa0765278ffd6330,11300,413070,0,0,0,,0,0,0,,0,0,0,,2871,235,165,585,https://www.twitch.tv/videos/2829278498
8e96dc48c7714f258034d97d8b9a7f51,11300,0,0,0,0,,0,0,0,,0,0,0,,0,0,0,0,
914f6caed3ff4348824d966f76662bc2,11200,1064551,444,188,1584,https://www.youtube.com/watch?v=mbur_CRI7zg,466,170,730,https://www.youtube.com/watch?v=yv52T-0E6CE,440,266,1584,https://www.youtube.com/watch?v=mbur_CRI7zg,0,0,0,0,
43864254e678407fae3dc899f7155912,11200,512628,245,127,1049,https://www.youtube.com/watch?v=_3q2gymo5XY,245,128,328,https://www.youtube.com/watch?v=2cqq-jl4sUs,235,81,1049,https://www.youtube.com/watch?v=_3q2gymo5XY,0,0,0,0,
e11a32eec71e4b49aba5525ba012a02a,11200,489001,204,43,567,https://www.youtube.com/watch?v=vzjHhzpB6dk,192,36,479,https://www.youtube.com/watch?v=zF5fw_ncAhU,567,199,567,https://www.youtube.com/watch?v=vzjHhzpB6dk,248,0,0,0,
1525e7221c00410886c8df3cdaab176e,11100,0,0,0,0,,0,0,0,,0,0,0,,0,0,0,0,
209a528363cd411886ec9e5d086ff1bc,11100,1352466,792,308,4424,https://www.youtube.com/watch?v=RiqkLcVajrA,809,349,4424,https://www.youtube.com/watch?v=RiqkLcVajrA,490,91,490,https://www.youtube.com/watch?v=RpLSHMsvsic,765,0,0,0,
4bfaeda5b1f242959a992d6ad8b8a036,11100,344906,158,136,899,https://www.youtube.com/watch?v=9KDoVpKYljg,149,130,190,https://www.youtube.com/watch?v=KEDHH8fQ9a4,899,171,899,https://www.youtube.com/watch?v=9KDoVpKYljg,466,0,0,0,
d9e5219a4cd84ac59bc35faa94729f01,11100,713337,184,129,2039,https://www.youtube.com/watch?v=8Czh5GZteqw,129,90,340,https://www.youtube.com/watch?v=maMyogl936g,1618,564,2039,https://www.youtube.com/watch?v=8Czh5GZteqw,9058,333,245,876,https://www.twitch.tv/videos/2829229699
824bd7df6923453292dec9ff3e3f664a,11100,555204,492,148,1551,https://www.youtube.com/watch?v=Qz8D6VuDKJo,109,68,219,https://www.youtube.com/watch?v=8Fd5af4Vd3c,1413,719,1551,https://www.youtube.com/watch?v=Qz8D6VuDKJo,656,0,0,0,
9d153fd60b584d31b600bca66a86e452,11100,220113,0,0,0,,0,0,0,,0,0,0,,0,0,0,0,
99e291fd358849b8877df76fba0a672e,11100,698220,0,0,0,,0,0,0,,0,0,0,,0,0,0,0,
8fae79a84cd049fd8a2ea50528a75e2b,11100,672994,8413,1783,41032,https://www.youtube.com/watch?v=aJMV83l0aWk,0,0,0,,8413,1783,41032,https://www.youtube.com/watch?v=aJMV83l0aWk,4220,1590,870,3835,https://www.twitch.tv/videos/2831032498
84944da407dc4de9896c7b763132908c,11000,687584,180,95,2113,https://www.youtube.com/watch?v=sYU-Q99A-vc,161,80,333,https://www.youtube.com/watch?v=jYo3qnYTJ3k,1180,247,2113,https://www.youtube.com/watch?v=sYU-Q99A-vc,0,0,0,0,
836f66b079c4466db64a8b3bc9295450,11000,364944,147,100,1082,https://www.youtube.com/watch?v=qOqWQwjGGhk,0,0,0,,147,100,1082,https://www.youtube.com/watch?v=qOqWQwjGGhk,0,0,0,0,
e949052e4ee24ecd8b352a68f6bf51e1,11000,396633,752,432,1783,https://www.youtube.com/watch?v=lRgsvsnPP94,768,479,1783,https://www.youtube.com/watch?v=lRgsvsnPP94,252,247,252,https://www.youtube.com/watch?v=tHFBZ7bE4Bc,2067,522,322,1107,https://www.twitch.tv/videos/2826870482
175cfc69dbb34f1a8987f24a935db17f,11000,580392,400,214,7058,https://www.youtube.com/watch?v=UiuVZPXx-dA,392,174,618,https://www.youtube.com/watch?v=xdsZneX5lc4,7058,3908,7058,https://www.youtube.com/watch?v=UiuVZPXx-dA,0,0,0,0,
b4bf821f6a6a440996f4fd9cddaf250b,11000,548048,229,126,782,https://www.youtube.com/watch?v=qd4KMyga0VM,150,92,229,https://www.youtube.com/watch?v=5s6wa_3pK7I,384,180,782,https://www.youtube.com/watch?v=qd4KMyga0VM,145,0,0,0,
ed28c754bb704dbf8a296f7008c2b5e4,10900,114780,0,0,0,,0,0,0,,0,0,0,,997,0,0,0,
89742766181f469b807f397325a2a6bf,10900,237710,174,57,14265,https://www.youtube.com/watch?v=yCHkTNghKXQ,159,57,617,https://www.youtube.com/watch?v=CPmwLZ0_2NU,7276,1822,14265,https://www.youtube.com/watch?v=yCHkTNghKXQ,371,0,0,0,
b165ca888a7d4f61b754ac53ca374f11,10900,711949,0,0,0,,0,0,0,,0,0,0,,0,0,0,0,
4b53aa789e544bd9aaecc9fbc79e4bbe,10900,875347,381,134,581,https://www.youtube.com/watch?v=gI8YwTGmm70,381,134,581,https://www.youtube.com/watch?v=gI8YwTGmm70,0,0,0,,0,0,0,0,
75d0bd5fa58a4a5fb479e3b2ebae82a7,10800,446536,149,67,243,https://www.youtube.com/watch?v=pKZ6kIdO3cQ,149,67,243,https://www.youtube.com/watch?v=pKZ6kIdO3cQ,0,0,0,,0,0,0,0,
8c3af9f56a3f4f1d84fcfcfa9f280c8d,10800,19452,0,0,0,,0,0,0,,0,0,0,,0,0,0,0,
645fc774332a469ebd03f1a822ebe2be,10800,947520,577,216,4560,https://www.youtube.com/watch?v=iK1FFO19Tb4,574,192,986,https://www.youtube.com/watch?v=cOF7ZGTUK6c,4560,2539,4560,https://www.youtube.com/watch?v=iK1FFO19Tb4,0,0,0,0,
c163cb7f683c453fa8a994ebbb09ede8,10800,461742,849,116,2146,https://www.youtube.com/watch?v=pMiDZ9CovPc,112,56,144,https://www.youtube.com/watch?v=35d3tfXZuno,1745,831,2146,https://www.youtube.com/watch?v=pMiDZ9CovPc,3291,340,260,591,https://www.twitch.tv/videos/2825198414
63a55bc5320e4f148ed0abd7991b0e01,10800,989420,222,105,3350,https://www.youtube.com/watch?v=v8IvURMk-pQ,166,68,351,https://www.youtube.com/watch?v=RRzT0C6yii0,2120,1282,3350,https://www.youtube.com/watch?v=v8IvURMk-pQ,8246,1470,526,2933,https://www.twitch.tv/videos/2821129293
a31f3ab4cad841018b196b4de8186823,10800,747755,488,273,1831,https://www.youtube.com/watch?v=1TCMyRu2jCg,312,181,787,https://www.youtube.com/watch?v=8zpBQexq4kI,1257,749,1831,https://www.youtube.com/watch?v=1TCMyRu2jCg,0,0,0,0,
c518b228a5a849179ab26f28d230036e,10800,134552,0,0,0,,0,0,0,,0,0,0,,0,0,0,0,
e0c7d57886cc4835a4ff3617bd5e922c,10700,50187,0,0,0,,0,0,0,,0,0,0,,1524,0,0,0,
3e269031fb4b45aaa0906ca424190ce2,10700,579196,2351,1264,18700,https://www.youtube.com/watch?v=3Sa-mUSrFfQ,589,171,589,https://www.youtube.com/watch?v=KQ_ZoDsQEe0,2352,1602,18700,https://www.youtube.com/watch?v=3Sa-mUSrFfQ,11304,1518,1021,2702,https://www.twitch.tv/videos/2819865149
95e5788cabf340e397e2726def426229,10600,533338,405,223,2673,https://www.youtube.com/watch?v=JnLzAXOYoZk,398,190,695,https://www.youtube.com/watch?v=U1wxHzsQnLU,1496,914,2673,https://www.youtube.com/watch?v=JnLzAXOYoZk,0,0,0,0,
27c0252056e84aa28da6dcebb8e86e85,10600,744804,85,34,880,https://www.youtube.com/watch?v=sxygVxvG3i8,85,34,880,https://www.youtube.com/watch?v=sxygVxvG3i8,0,0,0,,7837,0,0,0,
36890ed250164897a7ab1066b83ad547,10600,12411,0,0,0,,0,0,0,,0,0,0,,377,0,0,0,
6885bffce2184355bed557901e079522,10600,387605,711,318,1902,https://www.youtube.com/watch?v=wJwhhhpmJaA,645,183,1154,https://www.youtube.com/watch?v=DLVmnXvwf6Q,886,799,1902,https://www.youtube.com/watch?v=wJwhhhpmJaA,527,0,0,0,
e04cb802f3c949bc8300c4125078f738,10600,406809,340,189,1927,https://www.youtube.com/watch?v=w7M7dV3vewM,303,127,380,https://www.youtube.com/watch?v=qw3tUWkxSe0,1017,237,1927,https://www.youtube.com/watch?v=w7M7dV3vewM,0,0,0,0,
8dd4a8b4598e483e9112b2b1a9466013,10500,2844685,85,46,1941,https://www.youtube.com/watch?v=hs2erAKE5DY,85,47,171,https://www.youtube.com/watch?v=tX7sttFCVRs,70,13,1941,https://www.youtube.com/watch?v=hs2erAKE5DY,270,0,0,0,
350516d81d0944fd8dde463cbd4fd279,10500,1149523,6130,565,6621,https://www.youtube.com/watch?v=f7ErjQzhyQg,0,0,0,,6130,565,6621,https://www.youtube.com/watch?v=f7ErjQzhyQg,0,0,0,0,
0715c3b900ad423fa1b981cf4fc15c8f,10500,415850,151,30,279,https://www.youtube.com/watch?v=eERPPIZuxSw,151,30,279,https://www.youtube.com/watch?v=eERPPIZuxSw,0,0,0,,0,0,0,0,
93785f5e8b614be98bf8e096f5b1f997,10400,424145,61,24,1244,https://www.youtube.com/watch?v=w5tHQ_Ke8CQ,93,60,1244,https://www.youtube.com/watch?v=w5tHQ_Ke8CQ,59,23,204,https://www.youtube.com/watch?v=aeXkJ_T5xrw,0,0,0,0,
7b2c8df9fd9d4f33bd5ec0c38f12826f,10400,0,0,0,0,,0,0,0,,0,0,0,,5459,0,0,0,
80dda735a7784d7fb999892874a05f0c,10400,561837,410,366,410,https://www.youtube.com/watch?v=utGr5RRLwPQ,410,366,410,https://www.youtube.com/watch?v=utGr5RRLwPQ,0,0,0,,4268,0,0,0,
96fc771ccb55485bb770997ec43e1ce1,10400,243706,0,0,0,,0,0,0,,0,0,0,,0,0,0,0,
b7f222493f4d4bd1be65f1c08300b45e,10300,462223,177,87,1521,https://www.youtube.com/watch?v=wI7wNwu47dA,174,80,248,https://www.youtube.com/watch?v=HUA7El2mlg0,1500,1131,1521,https://www.youtube.com/watch?v=wI7wNwu47dA,0,0,0,0,
7a88afc5eb644d76b35ed4ca968259bb,10300,715021,13918,4117,21588,https://www.youtube.com/watch?v=Iu4TGMdsUgs,0,0,0,,13918,4117,21588,https://www.youtube.com/watch?v=Iu4TGMdsUgs,20912,3780,2297,4570,https://www.twitch.tv/videos/2825374237
335ebb05456849c2964629dc7157860e,10300,306694,439,224,1326,https://www.youtube.com/watch?v=omUgLFu2HPM,433,221,1326,https://www.youtube.com/watch?v=omUgLFu2HPM,1321,817,1321,https://www.youtube.com/watch?v=BIeWHYuW3c0,411,0,0,0,
6eec62ae2c9849de8ca895cef44ec952,10300,574050,297,119,1896,https://www.youtube.com/watch?v=azuVDKqXGXA,195,79,245,https://www.youtube.com/watch?v=8VxxuFS3tSQ,1368,741,1896,https://www.youtube.com/watch?v=azuVDKqXGXA,1116,82,42,82,https://www.twitch.tv/videos/2822131300
c8c87552da404928bcb9fcbafd896591,10300,47962,0,0,0,,0,0,0,,0,0,0,,332,0,0,0,
191998e9f0ec4d67a19da194af311636,10300,171653,167,100,1841,https://www.youtube.com/watch?v=bIvJgwIHC-M,114,79,460,https://www.youtube.com/watch?v=EbZQwNi1ZZQ,1496,280,1841,https://www.youtube.com/watch?v=bIvJgwIHC-M,0,0,0,0,
e0cd8e719dc64b5f9c171736bbaff6f7,10200,1349822,328,195,412,https://www.youtube.com/watch?v=r2RtjoJC68I,328,195,412,https://www.youtube.com/watch?v=r2RtjoJC68I,0,0,0,,0,0,0,0,
fefbcad20d8344c79c74a103d0ea45b2,10200,320045,109,51,536,https://www.youtube.com/watch?v=7_Yk1U5jCkQ,109,51,109,https://www.youtube.com/watch?v=WYU9CV_emcI,288,243,536,https://www.youtube.com/watch?v=7_Yk1U5jCkQ,0,0,0,0,
f2dc08b1c55843d9a3d1e0461ebf57c1,10200,493521,443,97,588,https://www.youtube.com/watch?v=g103uKZO91Y,390,161,443,https://www.youtube.com/watch?v=hNJVse3l2iw,588,34,588,https://www.youtube.com/watch?v=g103uKZO91Y,0,0,0,0,
319383cd0cd4438990dbb916862cdbfc,10200,630402,350,150,19254,https://www.youtube.com/watch?v=L0dGdWaCSJo,343,147,648,https://www.youtube.com/watch?v=vKSkC65DFW4,10459,7406,19254,https://www.youtube.com/watch?v=L0dGdWaCSJo,0,0,0,0,
59c0d89447d54786966ba8ecd5649d63,10100,235600,744,327,744,https://www.youtube.com/watch?v=KQVb11rNtmg,744,327,744,https://www.youtube.com/watch?v=KQVb11rNtmg,0,0,0,,1748,0,0,0,
1d5ee3e2653b4ae5b1050533f8d1ae31,10100,4869,0,0,0,,0,0,0,,0,0,0,,0,0,0,0,
340d9b553db042bdb8294ba2f9fd6990,10100,15903,0,0,0,,0,0,0,,0,0,0,,0,0,0,0,
cd542f88cc8b47d087301d567b7cebca,10000,381478,271,118,1486,https://www.youtube.com/watch?v=nSL3G3yxDIw,280,160,586,https://www.youtube.com/watch?v=TJIVGikytw0,31,26,1486,https://www.youtube.com/watch?v=nSL3G3yxDIw,1916,248,162,248,https://www.twitch.tv/videos/2825349236
310862830fb648b78cca7e581e2622a7,10000,573936,1735,1248,1819,https://www.youtube.com/watch?v=van-wKgecFs,0,0,0,,1735,1248,1819,https://www.youtube.com/watch?v=van-wKgecFs,21385,2760,1456,27752,https://www.twitch.tv/videos/2811941098
8ee549546bb14154b5e1fcaf3dd51f09,10000,0,0,0,0,,0,0,0,,0,0,0,,912,0,0,0,
123c79d3170e451eae2f0cc3543621f3,10000,329231,715,594,4710,https://www.youtube.com/watch?v=tDgQd01OjXE,408,205,518,https://www.youtube.com/watch?v=jCToxCL_7UM,2127,1263,4710,https://www.youtube.com/watch?v=tDgQd01OjXE,0,0,0,0,
a052e4ff345b41919ab0f13a5b10ff02,10000,504341,639,291,1320,https://www.youtube.com/watch?v=whZklB_MUJI,601,292,677,https://www.youtube.com/watch?v=34UvCAPly3s,1320,290,1320,https://www.youtube.com/watch?v=whZklB_MUJI,2087,94,58,373,https://www.twitch.tv/videos/2822743461
9b33b75521bd43bca3346790ac65559c,10000,3485559,1422,526,7292,https://www.youtube.com/watch?v=IExvoTPpxp4,154,65,1266,https://www.youtube.com/watch?v=y5FrPZKfP9I,1871,938,7292,https://www.youtube.com/watch?v=IExvoTPpxp4,8962,360,182,889,https://www.twitch.tv/videos/2825236455
f42c6f5877f14a38aef3f3b515769149,10000,1982942,373,146,2046,https://www.youtube.com/watch?v=b07uFNMXdcU,366,146,819,https://www.youtube.com/watch?v=aG-gBOYCxxM,1300,296,2046,https://www.youtube.com/watch?v=b07uFNMXdcU,0,0,0,0,
a11814b8fb494b0c88170f182aa37cf9,9990,82501,0,0,0,,0,0,0,,0,0,0,,0,0,0,0,
80d6517a96e74265a4d24f86b9c295c5,9880,539734,387,244,1962,https://www.youtube.com/watch?v=g8Qs2tDWQns,335,157,391,https://www.youtube.com/watch?v=Dr2VtiXD4Eo,1291,714,1962,https://www.youtube.com/watch?v=g8Qs2tDWQns,0,0,0,0,
1434ae451f81469da327f32c387b9df0,9800,278390,0,0,0,,0,0,0,,0,0,0,,0,0,0,0,
3cf4da41775b4e608f4dde5859cdda74,9630,1787939,130,32,3001,https://www.youtube.com/watch?v=JZJ19LdRais,45,18,115,https://www.youtube.com/watch?v=GQUzKtfRzp0,620,269,3001,https://www.youtube.com/watch?v=JZJ19LdRais,0,0,0,0,
f53807443055490f87b85ded6caee0aa,9560,531115,214,109,1856,https://www.youtube.com/watch?v=xo8E-CnYMDQ,208,109,418,https://www.youtube.com/watch?v=a8LYNDtR7TQ,1291,646,1856,https://www.youtube.com/watch?v=xo8E-CnYMDQ,447,0,0,0,
96f44559b15e4bad9de2eb8a0a2a92da,9550,821585,2067,900,33841,https://www.youtube.com/watch?v=OTOspoTzDkQ,881,362,2047,https://www.youtube.com/watch?v=5qEKZ2PO3cI,2968,1495,33841,https://www.youtube.com/watch?v=OTOspoTzDkQ,0,0,0,0,
13c69e2cf2ff4dc1907bbae9a87a8c0f,9520,492665,0,0,0,,0,0,0,,0,0,0,,5586,1945,848,111842,https://www.twitch.tv/videos/2812537579
7c0acdc8fe2449deb487cbb827b51723,9520,546697,653,438,1794,https://www.youtube.com/watch?v=JyGU4dkUbLo,289,171,694,https://www.youtube.com/watch?v=ISv0HLhtM_w,1329,858,1794,https://www.youtube.com/watch?v=JyGU4dkUbLo,214,115,102,115,https://www.twitch.tv/videos/2831090553
ab19e58312b74ebd9b68e27aeb0adde5,9460,582338,364,147,696,https://www.youtube.com/watch?v=Ny8-nD4qr1M,364,148,696,https://www.youtube.com/watch?v=Ny8-nD4qr1M,380,116,380,https://www.youtube.com/watch?v=ec8JimGDdWk,0,0,0,0,
42844ee6e0cc47938829b43a3101b9bb,9440,134975,74,55,74,https://www.youtube.com/watch?v=0rLKtowpTFE,0,0,0,,74,55,74,https://www.youtube.com/watch?v=0rLKtowpTFE,5064,1423,1033,1731,https://www.twitch.tv/videos/2832695473
65ada733fbe64a3a86aae7737e32fad0,9430,475971,275,129,1114,https://www.youtube.com/watch?v=c8RXCwCNNwU,275,116,1114,https://www.youtube.com/watch?v=c8RXCwCNNwU,590,581,1032,https://www.youtube.com/watch?v=Y3v1leVZtZo,0,0,0,0,
83cb016f535f4275bba29ad276b2084f,9390,624092,280,121,2421,https://www.youtube.com/watch?v=SvYWQKY-cWc,264,119,448,https://www.youtube.com/watch?v=n28WvsfVRSo,1409,126,2421,https://www.youtube.com/watch?v=SvYWQKY-cWc,0,0,0,0,
e3e93491f32d459ba2b79033cf75c619,9380,373457,441,248,2190,https://www.youtube.com/watch?v=XIPtt4kVUaQ,431,185,1347,https://www.youtube.com/watch?v=ttJKEfD8wZM,1716,734,2190,https://www.youtube.com/watch?v=XIPtt4kVUaQ,1232,233,168,392,https://www.twitch.tv/videos/2822038750
247215e876d24dae9932464b75fc577c,9370,817215,161,68,6798,https://www.youtube.com/watch?v=txXPOc9-QYM,142,59,220,https://www.youtube.com/watch?v=VNQNJEqMS7k,4418,3205,6798,https://www.youtube.com/watch?v=txXPOc9-QYM,0,0,0,0,
2ff93e20894245d49004276e3b51e64f,9350,535773,446,257,57949,https://www.youtube.com/watch?v=IafNIFMFZ-o,362,179,545,https://www.youtube.com/watch?v=ogZ_Zja7llc,1552,1028,57949,https://www.youtube.com/watch?v=IafNIFMFZ-o,0,0,0,0,
f2ad5f187c9141ab8830b8eaf81c3aee,9340,914217,344,200,1668,https://www.youtube.com/watch?v=FWFo-fVGYpQ,362,212,766,https://www.youtube.com/watch?v=NwiHiKi_hhc,323,190,1668,https://www.youtube.com/watch?v=FWFo-fVGYpQ,0,0,0,0,
e02e777312df43b986f089339652402e,9310,0,0,0,0,,0,0,0,,0,0,0,,0,0,0,0,
ac2b3c839ed14b12af1acecf322a15bd,9300,528050,1279,581,1777,https://www.youtube.com/watch?v=jSUkt_LSOg0,174,135,324,https://www.youtube.com/watch?v=ukXZhD1jrG4,1341,595,1777,https://www.youtube.com/watch?v=jSUkt_LSOg0,0,0,0,0,
74c26216c39a40d1a9f1c5f63fa4d344,9300,431433,280,134,1680,https://www.youtube.com/watch?v=n03ACAxLHJE,259,134,601,https://www.youtube.com/watch?v=2cV-Cc--QMY,296,123,1680,https://www.youtube.com/watch?v=n03ACAxLHJE,0,0,0,0,
ecd7e504a0b64480a4127a25678e4b4a,9290,120496,0,0,0,,0,0,0,,0,0,0,,0,0,0,0,
eafe564c8d9945c8af2ed66ff4cd773a,9250,652935,134,51,312,https://www.youtube.com/watch?v=hgfQtmB3gm0,134,51,312,https://www.youtube.com/watch?v=hgfQtmB3gm0,0,0,0,,0,0,0,0,
13992a4fb59649ada3a2adf027b5b35a,9250,95082,105,37,166,https://www.youtube.com/watch?v=7Ib1A0KO18Y,105,37,166,https://www.youtube.com/watch?v=7Ib1A0KO18Y,0,0,0,,3774,38,29,51,https://www.twitch.tv/videos/2832689217
f7472d5310ce42819d17459c4f3fd7c1,9210,482880,239,140,10032,https://www.youtube.com/watch?v=XVWckSFDHso,185,82,1038,https://www.youtube.com/watch?v=d8MVUy0ZgNE,2515,1472,10032,https://www.youtube.com/watch?v=XVWckSFDHso,455,36,23,153,https://www.twitch.tv/videos/2833446762
5e0db06126544cfd944fc86a327be67a,9180,0,0,0,0,,0,0,0,,0,0,0,,0,0,0,0,
2a897c484c05483f9a46467e8f448314,9180,308275,493,169,1297,https://www.youtube.com/watch?v=rgc0Vj8ayxg,493,169,1297,https://www.youtube.com/watch?v=rgc0Vj8ayxg,0,0,0,,5174,756,216,82107,https://www.twitch.tv/videos/2822035646
ce908f10dcde4e2480c8f97aafd45883,9170,1617867,251,97,1315,https://www.youtube.com/watch?v=NvJb6eRmYUw,141,43,385,https://www.youtube.com/watch?v=5wB5DwuADpI,270,185,1315,https://www.youtube.com/watch?v=NvJb6eRmYUw,1096,160,124,325,https://www.twitch.tv/videos/2831039726
423dd7da92be47f4af7273c5f74efb27,9100,398677,0,0,0,,0,0,0,,0,0,0,,36907,1284,630,2299,https://www.twitch.tv/videos/2824382750
538d1d2058da4bdea1c7f43f088e995b,9060,294996,228,143,564,https://www.youtube.com/watch?v=dXXTgumclw4,228,143,564,https://www.youtube.com/watch?v=dXXTgumclw4,0,0,0,,3210,0,0,0,
d90f173970a742d3ade6f4159c785d1e,9040,452138,387,190,2118,https://www.youtube.com/watch?v=VzOQjrxC_8g,287,130,508,https://www.youtube.com/watch?v=XaPO_WiEZ1A,1996,873,2118,https://www.youtube.com/watch?v=VzOQjrxC_8g,1573,495,367,686,https://www.twitch.tv/videos/2824387733
a9faef4b712b4649ba60c7e8e262175a,9040,64308,158,63,158,https://www.youtube.com/watch?v=FFYgKo9AnP4,0,0,0,,158,63,158,https://www.youtube.com/watch?v=FFYgKo9AnP4,0,0,0,0,
65ab938b60074946af1ea65a002c70df,8990,2784919,396,273,2962,https://www.youtube.com/watch?v=uWkSdqxhDZU,265,108,408,https://www.youtube.com/watch?v=ogHSdIMXiFA,1832,669,2962,https://www.youtube.com/watch?v=uWkSdqxhDZU,578,0,0,0,
fe698ded3a6148808ca857c73ac7ee15,8970,536004,311,116,1229,https://www.youtube.com/watch?v=BAa-yc8sa7E,319,141,589,https://www.youtube.com/watch?v=u7pFDwjpJSg,260,102,1229,https://www.youtube.com/watch?v=BAa-yc8sa7E,328,0,0,0,
558d8602fdeb4f3cb4ce484babb30577,8960,609962,133,99,2224,https://www.youtube.com/watch?v=_EbmEHPKaoU,107,41,159,https://www.youtube.com/watch?v=alTvDEmw61M,1463,466,2224,https://www.youtube.com/watch?v=_EbmEHPKaoU,0,0,0,0,
5ed5801d24c7412fa3fa65a82124aad0,8950,757164,765,325,5787,https://www.youtube.com/watch?v=LsUmTg5_f88,623,208,1360,https://www.youtube.com/watch?v=V2fXMMxIL-8,2673,1120,5787,https://www.youtube.com/watch?v=LsUmTg5_f88,2594,493,344,1919,https://www.twitch.tv/videos/2831850548
d407b30c72a841bd82af1f5cc8ec0667,8940,418454,0,0,0,,0,0,0,,0,0,0,,5515,0,0,0,
7fdfd0346667458a8657626f03434b59,8920,275319,167,90,331,https://www.youtube.com/watch?v=XKvKgaiBiQ8,167,90,331,https://www.youtube.com/watch?v=XKvKgaiBiQ8,0,0,0,,420,0,0,0,
fa67b0859f2e45589e754f7e528967d6,8890,367909,2229,1239,3131,https://www.youtube.com/watch?v=XtX2w9tpX1E,0,0,0,,2229,1239,3131,https://www.youtube.com/watch?v=XtX2w9tpX1E,10571,1501,520,2678,https://www.twitch.tv/videos/2821221737
d2b0c8386e1341668f6bbc789d1ef1e3,8870,982223,270,146,1917,https://www.youtube.com/watch?v=ZRhWcDU6k9w,213,122,736,https://www.youtube.com/watch?v=oCp-kMfRRss,1701,1413,1917,https://www.youtube.com/watch?v=ZRhWcDU6k9w,0,0,0,0,
c4ffb821927d406682f3f17edfdf3bcd,8870,353499,1221,568,1375,https://www.youtube.com/watch?v=AXULYPc4Ylk,0,0,0,,1221,568,1375,https://www.youtube.com/watch?v=AXULYPc4Ylk,0,0,0,0,
1dd6fdbb4f764fc3a18747c8adbf0692,8750,338787,409,142,2153,https://www.youtube.com/watch?v=Cfyn3Qzlsk4,406,117,643,https://www.youtube.com/watch?v=5q58FIosMFI,2153,453,2153,https://www.youtube.com/watch?v=Cfyn3Qzlsk4,0,0,0,0,
1569b00373564846b894f47403376c6b,8750,249999,792,176,5462,https://www.youtube.com/watch?v=fXtger6tR3k,525,99,525,https://www.youtube.com/watch?v=tX6oE_QvMnY,1005,244,5462,https://www.youtube.com/watch?v=fXtger6tR3k,0,0,0,0,
446d4bc526a4477eb6a72ae186e9d538,8730,143243,496,121,1587,https://www.youtube.com/watch?v=PT45nvdpIuE,237,120,1176,https://www.youtube.com/watch?v=DmD7W3B1SNM,1405,186,1587,https://www.youtube.com/watch?v=PT45nvdpIuE,0,0,0,0,
823311ac8226476e8d1e323f536bf8b1,8730,170287,0,0,0,,0,0,0,,0,0,0,,2283,0,0,0,
f7d0e4ed95e84262b329740d5d27afc9,8710,57406,0,0,0,,0,0,0,,0,0,0,,0,0,0,0,
08a612f1ecf84b619a8899a5caed28c1,8710,883829,396,177,795,https://www.youtube.com/watch?v=9u6gACdYyY0,396,177,795,https://www.youtube.com/watch?v=9u6gACdYyY0,0,0,0,,21316,690,488,1521,https://www.twitch.tv/videos/2812590091
65d554df176e4b849379d015fb333abf,8690,0,0,0,0,,0,0,0,,0,0,0,,0,0,0,0,
00c158176a504c9bb865b32276e79eb1,8600,271465,178,48,4664,https://www.youtube.com/watch?v=FjM4FVuEbII,177,48,439,https://www.youtube.com/watch?v=9Lm-kVBgr-M,4664,1496,4664,https://www.youtube.com/watch?v=FjM4FVuEbII,0,0,0,0,
ad4d805afc1549348584aacb24035f89,8580,2357,297,220,506,https://www.youtube.com/watch?v=W-6v2GTljAg,297,220,506,https://www.youtube.com/watch?v=W-6v2GTljAg,0,0,0,,0,0,0,0,
03f5b3fed856438c9a53d30fdfadd9b7,8560,338165,361,118,1274,https://www.youtube.com/watch?v=Tk9Dd4HFovc,179,41,407,https://www.youtube.com/watch?v=ybPL_2-5rFM,1031,659,1274,https://www.youtube.com/watch?v=Tk9Dd4HFovc,0,0,0,0,
2f0a0ee6478c45ae8af28953b4c370be,8550,1410856,477,235,11301,https://www.youtube.com/watch?v=P01FjzgikWk,362,200,715,https://www.youtube.com/watch?v=UFEBBeW6n7k,2409,1177,11301,https://www.youtube.com/watch?v=P01FjzgikWk,0,0,0,0,
1254f176d93548aca5ac7f4b53313f71,8550,3950193,4,0,535,https://www.youtube.com/watch?v=oJHggUhRWF4,22,11,63,https://www.youtube.com/watch?v=7GlaojnwoBc,3,0,535,https://www.youtube.com/watch?v=oJHggUhRWF4,1622,12,9,42,https://www.twitch.tv/videos/2822173998
6fa1245c717d4af68589205df5ab6427,8530,726640,206,88,650,https://www.youtube.com/watch?v=bbXTQFhgPUk,206,88,650,https://www.youtube.com/watch?v=bbXTQFhgPUk,0,0,0,,773,0,0,0,
7ebc0dc9fdf3442688ecd63bbdc30c51,8500,333819,372,181,1002,https://www.youtube.com/watch?v=vYOQr89QQmA,369,197,1002,https://www.youtube.com/watch?v=vYOQr89QQmA,781,126,781,https://www.youtube.com/watch?v=3flgN7ycw0Y,0,0,0,0,
fe1d3152398b44e39d69f7ef78e73a8c,8460,597031,214,132,14733,https://www.youtube.com/watch?v=ifuzBN_0TEw,184,126,477,https://www.youtube.com/watch?v=mIxOtzdU-fU,4390,3264,14733,https://www.youtube.com/watch?v=ifuzBN_0TEw,619,0,0,0,
4482e4f0cea64f92aa78b2513c7ed897,8440,704872,554,251,708,https://www.youtube.com/watch?v=4GbSEyoGqW4,554,251,708,https://www.youtube.com/watch?v=4GbSEyoGqW4,0,0,0,,0,0,0,0,
2d6886120def4c148c70514433d77e1e,8430,590749,424,213,591,https://www.youtube.com/watch?v=J5EGmpc64UM,424,213,591,https://www.youtube.com/watch?v=J5EGmpc64UM,0,0,0,,0,0,0,0,
9b2c7b20d02241b3b82492a5e78a71c0,8430,390017,1164,570,6956,https://www.youtube.com/watch?v=gmkq2jGU3ig,251,131,1114,https://www.youtube.com/watch?v=BsjY_cjbDDg,1464,932,6956,https://www.youtube.com/watch?v=gmkq2jGU3ig,0,0,0,0,
cc882664d9794fb88b06a5a0aa1591ae,8420,346332,328,171,562,https://www.youtube.com/watch?v=WbZq8yT7LD4,328,171,562,https://www.youtube.com/watch?v=WbZq8yT7LD4,0,0,0,,0,0,0,0,
bdc034d3afcd4456b6da2b96a2e460ef,8420,832258,0,0,0,,0,0,0,,0,0,0,,1591,0,0,0,
ab64eaef68c94ab4afb3a89007c81e9c,8390,1319033,1560,1162,2556,https://www.youtube.com/watch?v=asLD1bOZu04,0,0,0,,1560,1162,2556,https://www.youtube.com/watch?v=asLD1bOZu04,8021,1935,851,36658,https://www.twitch.tv/videos/2827961561
420208d1dcb74abfa325fc1f6a27e17b,8370,429094,723,343,2825,https://www.youtube.com/watch?v=CjHDy16arFQ,712,308,1048,https://www.youtube.com/watch?v=v93F663nBqc,2825,1661,2825,https://www.youtube.com/watch?v=CjHDy16arFQ,1398,0,0,0,
7298d2db845840d7ab462c7628967f4e,8320,362116,182,114,185,https://www.youtube.com/watch?v=LpfsCAGWIIg,182,114,185,https://www.youtube.com/watch?v=LpfsCAGWIIg,0,0,0,,0,0,0,0,
9604bd9896fc421ba131a9a6e11d50b0,8290,1015537,437,233,3485,https://www.youtube.com/watch?v=yW87he6Ss4s,398,224,661,https://www.youtube.com/watch?v=m_poWcwimZM,2523,1843,3485,https://www.youtube.com/watch?v=yW87he6Ss4s,0,0,0,0,
0249265256814f61978f6d492fe1c15d,8280,246180,0,0,0,,0,0,0,,0,0,0,,0,0,0,0,
058021ae015448cda91651a6bd41cdc6,8260,503521,0,0,0,,0,0,0,,0,0,0,,2609,0,0,0,
28e0e0a574fe4deca3d5ded0aa5d64ef,8240,524029,490,182,4228,https://www.youtube.com/watch?v=TqU2_clhHSU,467,158,551,https://www.youtube.com/watch?v=M_Ic8VggWf8,2838,1826,4228,https://www.youtube.com/watch?v=TqU2_clhHSU,628,301,217,301,https://www.twitch.tv/videos/2826963563
df0c2ce19ccf4e26ac1a18065f85dacc,8220,480637,232,144,324,https://www.youtube.com/watch?v=4iRU7GJx6S0,232,144,324,https://www.youtube.com/watch?v=4iRU7GJx6S0,0,0,0,,0,0,0,0,
3b0031a4b57f46719f06cbf7c5cc42b6,8220,367282,133,65,739,https://www.youtube.com/watch?v=oSlsKcNfGSA,133,65,739,https://www.youtube.com/watch?v=oSlsKcNfGSA,0,0,0,,140,0,0,0,
ee20f58e3fb74fae83a42239a83bcc4a,8160,258896,0,0,0,,0,0,0,,0,0,0,,0,0,0,0,
09b6598d6d604e9397eebff166c69e92,8100,119600,126,58,221,https://www.youtube.com/watch?v=-Uxe31mydZI,126,58,221,https://www.youtube.com/watch?v=-Uxe31mydZI,0,0,0,,257,92,40,174,https://www.twitch.tv/videos/2817409453
41a8958a1a4a4cc8b404d04da033400e,8090,389235,592,559,592,https://www.youtube.com/watch?v=srqrgMB7oGY,592,559,592,https://www.youtube.com/watch?v=srqrgMB7oGY,0,0,0,,508,0,0,0,
d797701ab1564b62906f91a341134a9e,8060,378784,884,263,2310,https://www.youtube.com/watch?v=0bnABXbmTpc,449,228,884,https://www.youtube.com/watch?v=C67K-PNK6Sw,1907,803,2310,https://www.youtube.com/watch?v=0bnABXbmTpc,5180,301,190,332,https://www.twitch.tv/videos/2826994458
3367168108de48adb898018c257db64f,8020,0,0,0,0,,0,0,0,,0,0,0,,0,0,0,0,
c72226925ba94855b9fcc88fc2a25acc,8020,803455,484,309,1805,https://www.youtube.com/watch?v=l7hDA6CYRxk,495,312,1805,https://www.youtube.com/watch?v=l7hDA6CYRxk,221,25,221,https://www.youtube.com/watch?v=mdxOma_QRR4,0,0,0,0,
d13fdb8fdd3049e5bf80b5ab0fa8a1a6,7970,659233,375,141,1755,https://www.youtube.com/watch?v=cBn4bMUINj8,324,105,389,https://www.youtube.com/watch?v=eagiYIkNLFo,1546,264,1755,https://www.youtube.com/watch?v=cBn4bMUINj8,0,0,0,0,
990b7e28df934de1bdab364d72c79f90,7970,1835,0,0,0,,0,0,0,,0,0,0,,0,0,0,0,
8309d31b418642db83f0cf56b38fc9ad,7920,1100528,787,368,24620,https://www.youtube.com/watch?v=6iRoebJFk0s,672,348,2539,https://www.youtube.com/watch?v=ZNLEI5fu7E8,13879,5604,24620,https://www.youtube.com/watch?v=6iRoebJFk0s,165,0,0,0,
d2a7b2d142ea4076afcfc7263b9e09fd,7890,588293,270,156,1105,https://www.youtube.com/watch?v=vf_qaAvvow0,266,155,540,https://www.youtube.com/watch?v=ngxWjkkKPiM,1105,969,1105,https://www.youtube.com/watch?v=vf_qaAvvow0,774,0,0,0,
a188f157d0384e0db5ae73605240d68b,7850,714054,334,133,21975,https://www.youtube.com/watch?v=ZPkSqZ5PStI,297,105,556,https://www.youtube.com/watch?v=h4x8t5Ak8UQ,2101,1307,21975,https://www.youtube.com/watch?v=ZPkSqZ5PStI,1178,0,0,0,
1f54eafd17434cd9bd175d27b72c2228,7840,208021,66,36,66,https://www.youtube.com/watch?v=0HtgAfE6nsU,66,36,66,https://www.youtube.com/watch?v=0HtgAfE6nsU,0,0,0,,0,0,0,0,
eafb808b078844fdab1d8ed561dbd462,7810,503321,332,166,2645,https://www.youtube.com/watch?v=X-ULdo2W4Cw,321,159,1372,https://www.youtube.com/watch?v=n1ADcpIIXy8,1230,598,2645,https://www.youtube.com/watch?v=X-ULdo2W4Cw,0,0,0,0,
56abcaadabbe44dbbd18ab0ecfe1037f,7810,310544,0,0,0,,0,0,0,,0,0,0,,0,0,0,0,
b90a42d3e9a5465ba4ef8a333c8148e5,7790,918927,168,99,515,https://www.youtube.com/watch?v=c5-oG6vXsog,165,91,419,https://www.youtube.com/watch?v=kExAGs8-Uc8,515,116,515,https://www.youtube.com/watch?v=c5-oG6vXsog,0,0,0,0,
38f11eca620e4c83a3e4211cbf463cce,7780,1083350,1740,633,6521,https://www.youtube.com/watch?v=oUT1KeZ2EbQ,256,201,611,https://www.youtube.com/watch?v=KNZSglg-SYg,3136,1208,6521,https://www.youtube.com/watch?v=oUT1KeZ2EbQ,0,0,0,0,
b10149a2a1ee4ffcbf1dacb1b1722f9f,7780,194825,1111,350,2106,https://www.youtube.com/watch?v=CbzVBScMSNQ,1111,350,2106,https://www.youtube.com/watch?v=CbzVBScMSNQ,0,0,0,,859,0,0,0,
c06f5173a01c4c0db7a761957c02186d,7760,592098,1472,444,3371,https://www.youtube.com/watch?v=vwaOPFGviwU,435,206,1868,https://www.youtube.com/watch?v=UeVp2Da8L50,2022,1289,3371,https://www.youtube.com/watch?v=vwaOPFGviwU,635,219,176,286,https://www.twitch.tv/videos/2826994815
7af8f321e84542dc9ccda160152fbf0b,7760,256079,265,83,340,https://www.youtube.com/watch?v=7Q7qIK0qlFs,265,83,340,https://www.youtube.com/watch?v=7Q7qIK0qlFs,0,0,0,,0,0,0,0,
556c69847bc14bc7be03b3e40e52ac98,7740,197599,276,102,316,https://www.youtube.com/watch?v=avVGVfhdYpQ,276,102,316,https://www.youtube.com/watch?v=avVGVfhdYpQ,0,0,0,,1782,0,0,0,
0ab16bd60230422d97f73e6810be221c,7730,379380,130,65,718,https://www.youtube.com/watch?v=OPcRW-HMnSo,129,59,587,https://www.youtube.com/watch?v=QVlpjaOoOfo,718,617,718,https://www.youtube.com/watch?v=OPcRW-HMnSo,0,0,0,0,
702c28baa35c4b7588ad4fa70ddc2304,7670,311047,6688,1891,47984,https://www.youtube.com/watch?v=Zr9kyMJFpGo,491,177,698,https://www.youtube.com/watch?v=cRYf4SL5KKI,8318,3324,47984,https://www.youtube.com/watch?v=Zr9kyMJFpGo,0,0,0,0,
cf66d52e3a4146dbaf03c1578fc25c47,7640,0,0,0,0,,0,0,0,,0,0,0,,891,0,0,0,
e802007cbda74a0bb3a41f4ebcae7f47,7550,208775,3518,840,79258,https://www.youtube.com/watch?v=q0zkw5915QU,3518,840,79258,https://www.youtube.com/watch?v=q0zkw5915QU,2921,959,6017,https://www.youtube.com/watch?v=NhWIxSL6qPA,0,0,0,0,
cedd78c374b54898a647a3cb3a5263fc,7550,345049,362,211,557,https://www.youtube.com/watch?v=t8uy4nSXIbk,362,211,557,https://www.youtube.com/watch?v=t8uy4nSXIbk,0,0,0,,0,0,0,0,
60ab80cc26bc4e4aaa526ce1952f9e42,7520,470052,168,72,370,https://www.youtube.com/watch?v=zB8dLfATm_E,168,67,370,https://www.youtube.com/watch?v=zB8dLfATm_E,180,162,217,https://www.youtube.com/watch?v=x1v0F5uLpgs,388,65,47,110,https://www.twitch.tv/videos/2832766285
b92c6e4c3bea4b938077a8f152f78083,7510,57261,0,0,0,,0,0,0,,0,0,0,,0,0,0,0,
432458f2f15549919dc6e3706ccbd417,7510,396425,16848,5521,31757,https://www.youtube.com/watch?v=4P8Oo0RolH8,0,0,0,,16848,5521,31757,https://www.youtube.com/watch?v=4P8Oo0RolH8,0,0,0,0,
f3404208a69741c481201fffcdea3d9e,7500,138501,0,0,0,,0,0,0,,0,0,0,,0,0,0,0,
03b825a2908749099e40cd4a4d1169aa,7500,194206,120,59,166,https://www.youtube.com/watch?v=4GU_0dq9XH4,120,59,166,https://www.youtube.com/watch?v=4GU_0dq9XH4,0,0,0,,0,0,0,0,
d80f5bc1e3ce4c35aa3eced40cc3bddc,7480,361601,327,168,521,https://www.youtube.com/watch?v=8tmTaW5aHx4,327,168,521,https://www.youtube.com/watch?v=8tmTaW5aHx4,0,0,0,,558,0,0,0,
bd99f3c8cd6e4fffb75bf0e5b1b5b4fa,7460,322687,1225,571,7342,https://www.youtube.com/watch?v=gvHlIWcZHpQ,1090,523,4991,https://www.youtube.com/watch?v=HcnG_jLdAVw,4368,1905,7342,https://www.youtube.com/watch?v=gvHlIWcZHpQ,0,0,0,0,
328a6a5742504b9d977f40660c118239,7460,1110787,173,100,938,https://www.youtube.com/watch?v=HT6EA_Wkt-g,183,122,634,https://www.youtube.com/watch?v=zJBXO59fVM0,71,62,938,https://www.youtube.com/watch?v=HT6EA_Wkt-g,0,0,0,0,
fe660ff34f8a41e4ac75bd6f9ac67400,7440,250226,0,0,0,,0,0,0,,0,0,0,,0,0,0,0,
9d864d1af4e749f5a58171b06c070565,7410,645378,72,46,759,https://www.youtube.com/watch?v=KsYtnuM7SBA,72,46,72,https://www.youtube.com/watch?v=0YedCnp9rP4,389,42,759,https://www.youtube.com/watch?v=KsYtnuM7SBA,3756,145,104,293,https://www.twitch.tv/videos/2832615030
94595065e7aa498d93067274eb755301,7400,1247105,83,37,176,https://www.youtube.com/watch?v=DoVWAkuqY38,77,34,156,https://www.youtube.com/watch?v=-iNWjruRv6A,163,95,176,https://www.youtube.com/watch?v=DoVWAkuqY38,0,0,0,0,
9e3edec3eec54f49a065f1970471d473,7400,288527,472,321,970,https://www.youtube.com/watch?v=nk8pkC58djg,472,321,970,https://www.youtube.com/watch?v=nk8pkC58djg,0,0,0,,896,0,0,0,
77e980ab542a4db6a34b5ac9c8f3948b,7400,391100,330,204,531,https://www.youtube.com/watch?v=aKEzXOk8l40,330,204,531,https://www.youtube.com/watch?v=aKEzXOk8l40,0,0,0,,726,0,0,0,
c897f2f0ae414985aa623bfe2dfe8f1c,7390,193472,207,77,1446,https://www.youtube.com/watch?v=1pqsjnQ6f2k,201,68,763,https://www.youtube.com/watch?v=G39U8xAZjQU,1446,1088,1446,https://www.youtube.com/watch?v=1pqsjnQ6f2k,627,0,0,0,
1c94e6e4d8cf4f8d9195385a9024275a,7340,81643,0,0,0,,0,0,0,,0,0,0,,397,0,0,0,
5cdf289b83524643af7ab2f2c8788adf,7310,341113,594,109,811,https://www.youtube.com/watch?v=hvZ0mXuXUjk,594,109,811,https://www.youtube.com/watch?v=hvZ0mXuXUjk,0,0,0,,0,0,0,0,
7f72433f23da4bf8bfbf7ee3904eb7ca,7310,296322,0,0,0,,0,0,0,,0,0,0,,858,0,0,0,
63108f8ea91a4a699f345bb259750745,7280,154848,162,63,235,https://www.youtube.com/watch?v=2G3Lr44xzEw,162,63,235,https://www.youtube.com/watch?v=2G3Lr44xzEw,0,0,0,,0,0,0,0,
0628f4d0fcbd4f0a980b64b3b1deeb74,7270,251100,2438,1758,101401,https://www.youtube.com/watch?v=29Pt2flRw04,0,0,0,,2438,1758,101401,https://www.youtube.com/watch?v=29Pt2flRw04,0,0,0,0,
97a56c6914ab431d9b670456d11b22ed,7240,272650,190,83,2119,https://www.youtube.com/watch?v=R_BiPb3fAZo,141,61,259,https://www.youtube.com/watch?v=5tybR0llHpc,1234,311,2119,https://www.youtube.com/watch?v=R_BiPb3fAZo,0,0,0,0,
0999b4ac6dbf496aacc1d48be59c4df0,7230,0,0,0,0,,0,0,0,,0,0,0,,0,0,0,0,
c430f1e7cfee4440b2b537c80a2a667d,7200,254891,249,130,1897,https://www.youtube.com/watch?v=dsyGWrm0meg,240,127,530,https://www.youtube.com/watch?v=JulTJP-i_TQ,1897,864,1897,https://www.youtube.com/watch?v=dsyGWrm0meg,0,0,0,0,
f40b8e8debf14680b5cc88bae98918f7,7180,226431,0,0,0,,0,0,0,,0,0,0,,0,0,0,0,
8c6bc741e4614154a63e987f930a468d,7170,392933,222,108,3282,https://www.youtube.com/watch?v=DkITJEhCQkg,186,102,451,https://www.youtube.com/watch?v=nQB008yEROs,1207,610,3282,https://www.youtube.com/watch?v=DkITJEhCQkg,0,0,0,0,
715cc1261d7e42c18135d47bd1cf2500,7170,176522,0,0,0,,0,0,0,,0,0,0,,6399,297,255,555,https://www.twitch.tv/videos/2831003166
5d903f62e014487e9ab21a48c19fc6ac,7130,466802,1490,280,4961,https://www.youtube.com/watch?v=GobiRp85-hY,215,129,274,https://www.youtube.com/watch?v=yrG0ptyomq4,1994,891,4961,https://www.youtube.com/watch?v=GobiRp85-hY,916,0,0,0,
9f975d473431409190e397bdc946d5b0,7120,337651,312,191,7490,https://www.youtube.com/watch?v=M0fhshF0z90,289,148,557,https://www.youtube.com/watch?v=lgg-Pj3TjQI,2297,1165,7490,https://www.youtube.com/watch?v=M0fhshF0z90,247,0,0,0,
5fa2dee0fba64112aa476441cd6ff982,7120,345901,335,148,2868,https://www.youtube.com/watch?v=yuvVdyu8kLc,323,125,469,https://www.youtube.com/watch?v=eBnbriLE81c,2868,1009,2868,https://www.youtube.com/watch?v=yuvVdyu8kLc,0,0,0,0,
e4c71cb272a24ce6bda794eae8e5bdfc,7080,323397,406,285,1931,https://www.youtube.com/watch?v=8qY0hfCHnxs,304,225,454,https://www.youtube.com/watch?v=yCEV8zr8d9c,1653,803,1931,https://www.youtube.com/watch?v=8qY0hfCHnxs,0,0,0,0,
3c1783f6914f414b830c836829d1afa2,7070,291723,1000,319,1610,https://www.youtube.com/watch?v=csiXXa0g9iU,170,127,792,https://www.youtube.com/watch?v=fvUnQnocIhs,1419,497,1610,https://www.youtube.com/watch?v=csiXXa0g9iU,275,0,0,0,
e7e219a17a7644cd9d28a2ab871f5f7c,7060,280321,0,0,0,,0,0,0,,0,0,0,,3057,407,282,407,https://www.twitch.tv/videos/2826268690
a28e29c9e8ec4791a700cd2e30904534,7040,212060,259,94,259,https://www.youtube.com/watch?v=LZrByZdy4D8,259,94,259,https://www.youtube.com/watch?v=LZrByZdy4D8,0,0,0,,2932,161,94,161,https://www.twitch.tv/videos/2823768690
a3c6cbf76630432c83fa5277388be97c,7030,87066,0,0,0,,0,0,0,,0,0,0,,0,0,0,0,
35b7bd4f6fcb4fbfb3ebe83be100d9a0,7020,548192,880,67,2389,https://www.youtube.com/watch?v=HetDhCxFNHY,855,66,1157,https://www.youtube.com/watch?v=u88ryaabnwI,2389,124,2389,https://www.youtube.com/watch?v=HetDhCxFNHY,0,0,0,0,
13a520e0a60c4aeea42f1c4d613e7e10,7010,240139,0,0,0,,0,0,0,,0,0,0,,484,0,0,0,
4865c3feac234584909168181b7dc2be,7000,188738,167,92,1385,https://www.youtube.com/watch?v=vvv7a6R_aqU,166,91,415,https://www.youtube.com/watch?v=8Y05TZVoips,1385,809,1385,https://www.youtube.com/watch?v=vvv7a6R_aqU,266,0,0,0,
1937fa889b474d339713d1117f435018,6930,851472,129,39,1270,https://www.youtube.com/watch?v=549pSfFIkDQ,129,38,375,https://www.youtube.com/watch?v=oRGMmQjGcDE,130,75,1270,https://www.youtube.com/watch?v=549pSfFIkDQ,7349,532,220,1291,https://www.twitch.tv/videos/2817074680
3e1c8d17663e49158b54330fdac1a308,6920,73187,0,0,0,,0,0,0,,0,0,0,,802,0,0,0,
679aef46b6f448e493fdedae7df5b288,6920,1443734,1684,1436,21325,https://www.youtube.com/watch?v=44-tgxCjqEI,0,0,0,,1684,1436,21325,https://www.youtube.com/watch?v=44-tgxCjqEI,471,0,0,0,
01edfa8163ad42cd85f56ef4dce2609e,6900,381466,194,74,8079,https://www.youtube.com/watch?v=qHIbhBJPkNw,183,84,217,https://www.youtube.com/watch?v=81hqos-yRf4,316,74,8079,https://www.youtube.com/watch?v=qHIbhBJPkNw,0,0,0,0,
f7b1eada802e4ed89c306c6641d243b3,6850,298807,123,82,186,https://www.youtube.com/watch?v=cBbRVkwgns8,123,82,186,https://www.youtube.com/watch?v=cBbRVkwgns8,0,0,0,,430,0,0,0,
c321746bebe740cb98625ca4cf6fb9a7,6820,93164,431,242,1016,https://www.youtube.com/watch?v=EOwE4_emqYo,427,177,431,https://www.youtube.com/watch?v=oyrEwjlEiZ8,742,435,1016,https://www.youtube.com/watch?v=EOwE4_emqYo,0,0,0,0,
e1e11ed8ecb24ab6ad7e1d4c4c39f563,6790,116220,0,0,0,,0,0,0,,0,0,0,,0,0,0,0,
dc3e05e0c12b4e0a93dc230f30925ee0,6790,186616,155,63,155,https://www.youtube.com/watch?v=7e0G7xbzT7M,0,0,0,,155,63,155,https://www.youtube.com/watch?v=7e0G7xbzT7M,6991,0,0,0,
6fb9853185d844de80d4f3e0f3f2726d,6770,0,0,0,0,,0,0,0,,0,0,0,,0,0,0,0,
757f1b20f7bd459ebd8949da907dceea,6740,391680,134,60,222,https://www.youtube.com/watch?v=TC7aKmny_ZU,134,60,222,https://www.youtube.com/watch?v=TC7aKmny_ZU,0,0,0,,0,0,0,0,
80f4d6e50af64a48be812258498e86c0,6700,356739,0,0,0,,0,0,0,,0,0,0,,160,0,0,0,
7f9d223a684e44e8b8d30bedcc07f1fa,6680,234930,137,92,301,https://www.youtube.com/watch?v=iW2pXDI_SKQ,137,92,301,https://www.youtube.com/watch?v=iW2pXDI_SKQ,0,0,0,,0,0,0,0,
543ddfe1d70d4a19920f6daa1959b3b4,6680,0,0,0,0,,0,0,0,,0,0,0,,0,0,0,0,
038ee6280ef742bcad8450ad52049944,6680,450763,207,91,626,https://www.youtube.com/watch?v=-lOETABhz5Q,207,91,626,https://www.youtube.com/watch?v=-lOETABhz5Q,0,0,0,,0,0,0,0,
5dbed684176349d28353d5293085cd9c,6660,272033,249,92,386,https://www.youtube.com/watch?v=VCuU58djc9E,249,92,386,https://www.youtube.com/watch?v=VCuU58djc9E,0,0,0,,0,0,0,0,
c8ef4e3182b74ecd994c837a75624390,6660,587509,846,229,2440,https://www.youtube.com/watch?v=6feDB--InI8,240,85,405,https://www.youtube.com/watch?v=cikA4Ys57qk,1075,574,2440,https://www.youtube.com/watch?v=6feDB--InI8,0,0,0,0,
b1cb513e2511484cabbac00140b4a95c,6660,297980,519,274,4248,https://www.youtube.com/watch?v=Mvh2PcZIh4Y,432,217,861,https://www.youtube.com/watch?v=4-RZpJgnOsw,1399,782,4248,https://www.youtube.com/watch?v=Mvh2PcZIh4Y,617,0,0,0,
f58318cdd690482c9d19fb68bca374a4,6600,429624,114,75,1652,https://www.youtube.com/watch?v=zin-GHOd-j8,103,47,144,https://www.youtube.com/watch?v=VT-L3Niq278,1463,595,1652,https://www.youtube.com/watch?v=zin-GHOd-j8,229,0,0,0,
40c846b91c4a44a980eddf20f0f789c0,6600,1065814,240,101,3823,https://www.youtube.com/watch?v=BrmxXTR05L8,199,88,383,https://www.youtube.com/watch?v=MOMU_GCVcLs,2025,890,3823,https://www.youtube.com/watch?v=BrmxXTR05L8,6812,743,601,1449,https://www.twitch.tv/videos/2826832047
f81d4ef6f2f54e0c8c6d12a09e1fa5c7,6600,164861,149,106,1305,https://www.youtube.com/watch?v=s4ZfiIBikjk,141,56,402,https://www.youtube.com/watch?v=127fBUDd_ow,1106,661,1305,https://www.youtube.com/watch?v=s4ZfiIBikjk,0,0,0,0,
6603f7e70b684a07a3dac687460bacc5,6600,270261,188,76,539,https://www.youtube.com/watch?v=BNczh5NFE_E,188,76,539,https://www.youtube.com/watch?v=BNczh5NFE_E,0,0,0,,1420,58,38,120,https://www.twitch.tv/videos/2823020439
6ddea98137e2429eb0e9c4025ad9294f,6600,269432,416,233,1529,https://www.youtube.com/watch?v=Z2juYjn9JlE,295,119,416,https://www.youtube.com/watch?v=lTrkrqiGkus,1331,579,1529,https://www.youtube.com/watch?v=Z2juYjn9JlE,0,0,0,0,
49196eec11454f589d4d6e52f1b1bbe8,6580,569279,157,80,1877,https://www.youtube.com/watch?v=AVqdQA4o5Io,135,53,336,https://www.youtube.com/watch?v=kyDhARxoBrY,927,529,1877,https://www.youtube.com/watch?v=AVqdQA4o5Io,0,0,0,0,
468c9630d37b4c41bb6b0305dc1143cf,6560,430191,228,136,234,https://www.youtube.com/watch?v=cAsRJIghpPw,228,136,234,https://www.youtube.com/watch?v=cAsRJIghpPw,0,0,0,,468,0,0,0,
f6c34086d07a4322b9d4ebc538bada96,6560,130341,0,0,0,,0,0,0,,0,0,0,,0,0,0,0,
3ec59b8cb4114af7be754daa0b1b1ced,6540,135651,0,0,0,,0,0,0,,0,0,0,,0,0,0,0,
e0debb323c5d49268c92c5d660cdb664,6530,351618,257,93,337,https://www.youtube.com/watch?v=I3QO3v_-IIQ,257,93,337,https://www.youtube.com/watch?v=I3QO3v_-IIQ,0,0,0,,0,0,0,0,
08be94e874d448f8a2794a44c61e8d8f,6510,460642,177,85,373,https://www.youtube.com/watch?v=MjuwjjB9WV4,177,85,373,https://www.youtube.com/watch?v=MjuwjjB9WV4,0,0,0,,0,0,0,0,
b54e216619d14031a317b820113e4084,6490,307165,172,71,592,https://www.youtube.com/watch?v=WBcAaqadzZo,188,103,237,https://www.youtube.com/watch?v=35CU3MhseE4,151,70,592,https://www.youtube.com/watch?v=WBcAaqadzZo,0,0,0,0,
160f90709224412f9cfc2aaa88e89a57,6490,729395,913,663,11878,https://www.youtube.com/watch?v=0-OR3y8kt-A,903,561,3311,https://www.youtube.com/watch?v=UEibVSW6baM,5145,2747,11878,https://www.youtube.com/watch?v=0-OR3y8kt-A,0,0,0,0,
2d84a02e592d4a92893b7cc36af95a26,6480,272692,340,241,2225,https://www.youtube.com/watch?v=2wFtTjtR3jQ,337,211,554,https://www.youtube.com/watch?v=fKn7_RkMDKE,1601,708,2225,https://www.youtube.com/watch?v=2wFtTjtR3jQ,851,397,266,538,https://www.twitch.tv/videos/2825351213
2717397c3d824350ace8ed9b6ba2f08f,6450,654626,22770,10418,353400,https://www.youtube.com/watch?v=OrM4yWCLXrE,0,0,0,,22770,10418,353400,https://www.youtube.com/watch?v=OrM4yWCLXrE,0,0,0,0,
fffd31d236a2479c9070bcc171bdc13d,6440,178157,0,0,0,,0,0,0,,0,0,0,,0,0,0,0,
c2362f5ca48445a89fd081c4b2bc74d4,6420,243498,113,107,113,https://www.youtube.com/watch?v=o1PO-AZFeOY,113,107,113,https://www.youtube.com/watch?v=o1PO-AZFeOY,0,0,0,,136,0,0,0,
e8c89b4aec4d45fbbb76533eb3db0428,6410,144708,0,0,0,,0,0,0,,0,0,0,,0,0,0,0,
da3a3993bd8946da824d66d5a5d456e2,6380,329768,0,0,0,,0,0,0,,0,0,0,,0,0,0,0,
0b1217df534d441bbdeb11d5f2a6465b,6370,75472,0,0,0,,0,0,0,,0,0,0,,1061,0,0,0,
281c7713c21e41bcb6e81365f328ab8c,6370,239203,0,0,0,,0,0,0,,0,0,0,,0,0,0,0,
4576d781ddae45d59fc83c8d25385983,6360,191400,1171,599,1744,https://www.youtube.com/watch?v=fg4PZ0MFA3A,532,524,1171,https://www.youtube.com/watch?v=Ioa5KFkUoRo,1580,1166,1744,https://www.youtube.com/watch?v=fg4PZ0MFA3A,248,0,0,0,
02e7729df0424fbbb21b77ccd543b0be,6350,1678335,278,42,565,https://www.youtube.com/watch?v=QIHSWvRang8,0,0,0,,278,42,565,https://www.youtube.com/watch?v=QIHSWvRang8,0,0,0,0,
0851296bdf4c4516b2506b8cce5151da,6350,621256,141,68,625,https://www.youtube.com/watch?v=Ell7_8W6BwM,160,64,625,https://www.youtube.com/watch?v=Ell7_8W6BwM,88,71,88,https://www.youtube.com/watch?v=7VrQ2cCOS0M,0,0,0,0,
5cb1c062f5f94b44a41ae658f4a53f0c,6310,140431,0,0,0,,0,0,0,,0,0,0,,14000,1149,493,2074,https://www.twitch.tv/videos/2814039706
4eecf80e6ecc4644a7ff08314e6e0c82,6290,440238,770,203,1435,https://www.youtube.com/watch?v=Uxdlu61uR-4,158,111,194,https://www.youtube.com/watch?v=6mR_uOJyGH8,1391,794,1435,https://www.youtube.com/watch?v=Uxdlu61uR-4,378,0,0,0,
b8cd7bf3e49d4cc1a24140546b91f462,6280,384503,24876,1771,48242,https://www.youtube.com/watch?v=RkUU33QPagM,0,0,0,,24876,1771,48242,https://www.youtube.com/watch?v=RkUU33QPagM,38,0,0,0,
bf48aafcc9464111b358a4595cc7311c,6280,167719,0,0,0,,0,0,0,,0,0,0,,0,0,0,0,
caf08c74dd7b4919bca49eef394d5475,6250,834305,492,144,13731,https://www.youtube.com/watch?v=PMiUfLJkNgs,199,92,740,https://www.youtube.com/watch?v=7jEJ3X0Fuqw,1671,652,13731,https://www.youtube.com/watch?v=PMiUfLJkNgs,4007,853,333,1468,https://www.twitch.tv/videos/2822715770
94c7cb6122bd4dcab2d8660ddc5f5508,6240,221195,236,83,247,https://www.youtube.com/watch?v=NaL9ts9DDbA,236,83,247,https://www.youtube.com/watch?v=NaL9ts9DDbA,0,0,0,,425,79,60,86,https://www.twitch.tv/videos/2828475320
c34e43b57f9f448582094f712a0b2c1a,6240,382684,213,173,1486,https://www.youtube.com/watch?v=4dQ5JzXVyuE,182,146,225,https://www.youtube.com/watch?v=aNf7QrIC2XQ,1467,618,1486,https://www.youtube.com/watch?v=4dQ5JzXVyuE,0,0,0,0,
557a590ea9764e8c99e72415d1837d52,6220,0,0,0,0,,0,0,0,,0,0,0,,0,0,0,0,
fec8644970684cffbbae8dd37a52d59c,6220,372361,306,137,13251,https://www.youtube.com/watch?v=4Btu1aDkuVI,232,105,403,https://www.youtube.com/watch?v=aNij4ySt-Ek,1284,796,13251,https://www.youtube.com/watch?v=4Btu1aDkuVI,1807,1801,1140,2916,https://www.twitch.tv/videos/2829100587
1307131312c54a11ab326e62474efc8a,6200,242312,0,0,0,,0,0,0,,0,0,0,,0,0,0,0,
2978ff3ab5f54898947af41ca4d47c4c,6140,149303,94,60,221,https://www.youtube.com/watch?v=rLh5fO1pFoA,94,60,221,https://www.youtube.com/watch?v=rLh5fO1pFoA,0,0,0,,550,0,0,0,
1357f282a9f04f6cbe3e215a0bd20482,6120,172129,881,503,2205,https://www.youtube.com/watch?v=4s7pHiIQ24U,1064,37,1615,https://www.youtube.com/watch?v=PF4fSs6z1KY,881,536,2205,https://www.youtube.com/watch?v=4s7pHiIQ24U,2031,0,0,0,
35f3bb64e69c432180b98dde239f3bdd,6100,571260,1073,580,3242,https://www.youtube.com/watch?v=uriGcawt5gQ,573,284,808,https://www.youtube.com/watch?v=oBN8z9wvhH0,1480,903,3242,https://www.youtube.com/watch?v=uriGcawt5gQ,943,85,72,426,https://www.twitch.tv/videos/2831905386
fceadce7c37f4cc08bc747aa79c3cf9e,6100,237570,223,108,1338,https://www.youtube.com/watch?v=ZJlFM7R90e8,195,85,539,https://www.youtube.com/watch?v=DELYHvehxuk,1230,526,1338,https://www.youtube.com/watch?v=ZJlFM7R90e8,0,0,0,0,
1a3a0feb188e499ab4972c971d639f58,6090,273455,0,0,0,,0,0,0,,0,0,0,,0,0,0,0,
34edb431f7da4a43b2a6a9d79d2858d1,6090,343151,888,300,1870,https://www.youtube.com/watch?v=ri058DjshB0,380,21,380,https://www.youtube.com/watch?v=jjwVyyiF49M,1397,454,1870,https://www.youtube.com/watch?v=ri058DjshB0,609,0,0,0,
a83b6d485350402b90238deb371ae654,6060,112203,0,0,0,,0,0,0,,0,0,0,,4065,247,137,247,https://www.twitch.tv/videos/2822946143
208d8aa3792641d6ae4e0de5a10a4a6f,6050,359214,149,79,1883,https://www.youtube.com/watch?v=l2jDgMUjqI4,99,52,329,https://www.youtube.com/watch?v=_IjETykfRmU,1143,400,1883,https://www.youtube.com/watch?v=l2jDgMUjqI4,1537,78,46,151,https://www.twitch.tv/videos/2821996317
b6a105f12b904256ba356935ae46657f,6030,39698,387,225,1364,https://www.youtube.com/watch?v=0qGCGVmZv_I,127,64,225,https://www.youtube.com/watch?v=NBGgtDhzSmA,931,709,1364,https://www.youtube.com/watch?v=0qGCGVmZv_I,8743,436,133,40956,https://www.twitch.tv/videos/2811929412
febd22ec0bec4ecdbcd383be8c2694c3,6030,0,0,0,0,,0,0,0,,0,0,0,,0,0,0,0,
16c4a9b7211a44f6b98d8e1aebf4ea70,6020,220810,0,0,0,,0,0,0,,0,0,0,,634,0,0,0,
bafa406351614acb9162347235baf257,6020,294101,293,171,2324,https://www.youtube.com/watch?v=aRTyrUVWzIo,252,133,509,https://www.youtube.com/watch?v=zabV7WQ8Xo0,1440,891,2324,https://www.youtube.com/watch?v=aRTyrUVWzIo,0,0,0,0,
75b388425b774a9f99a4483e295a13f0,6000,805515,196,65,231,https://www.youtube.com/watch?v=y9VyRaO5AWU,196,65,231,https://www.youtube.com/watch?v=y9VyRaO5AWU,0,0,0,,423,0,0,0,
4cd21df2b76148b182903cc0aebe2bfa,5980,233671,178,94,2010,https://www.youtube.com/watch?v=9AKEP56g5vE,177,81,208,https://www.youtube.com/watch?v=o-3yiEGAAeY,2010,1249,2010,https://www.youtube.com/watch?v=9AKEP56g5vE,0,0,0,0,
2adc6f9aabb64fd892ff5d29ebdd5c44,5960,148057,0,0,0,,0,0,0,,0,0,0,,0,0,0,0,
86154ca2dc964847b37297138aa65b9f,5920,251239,137,50,706,https://www.youtube.com/watch?v=xBem9vrqvXQ,137,50,706,https://www.youtube.com/watch?v=xBem9vrqvXQ,0,0,0,,1062,0,0,0,
325c292889f542688512641841b4ed8a,5900,258981,250,42,384,https://www.youtube.com/watch?v=ByRAqpaZgbo,250,42,384,https://www.youtube.com/watch?v=ByRAqpaZgbo,0,0,0,,0,0,0,0,
dbfaa5f3d01142df8a05c4946a0a22dc,5900,513844,243,124,6154,https://www.youtube.com/watch?v=yA5PFNrUjfE,240,115,900,https://www.youtube.com/watch?v=SKhuFmk1NiU,6154,4819,6154,https://www.youtube.com/watch?v=yA5PFNrUjfE,0,0,0,0,
1ae72d56be5547b1825cdc0fdc0cce2e,5900,80711,93,35,215,https://www.youtube.com/watch?v=DjMfC8gz3is,93,35,215,https://www.youtube.com/watch?v=DjMfC8gz3is,0,0,0,,0,0,0,0,
9b11be3138284ff3904d3292d6aaa284,5890,308598,132,73,362,https://www.youtube.com/watch?v=_xRVDhjDSVY,362,94,362,https://www.youtube.com/watch?v=_xRVDhjDSVY,107,53,157,https://www.youtube.com/watch?v=kIbiPIg70Zg,0,0,0,0,
66aa1c91546a4cfdab43faa119cea04a,5850,152,0,0,0,,0,0,0,,0,0,0,,3812,0,0,0,
9ff913f8a0fa42269c6e3d462af1b2e0,5840,60061,561,250,2896,https://www.youtube.com/watch?v=4XL_EJYJdSg,152,70,1996,https://www.youtube.com/watch?v=X4hY09aVvPk,1589,712,2896,https://www.youtube.com/watch?v=4XL_EJYJdSg,0,0,0,0,
7f4f30df30ec405bb0968c585b243fa5,5830,491771,263,157,1639,https://www.youtube.com/watch?v=zi7N8DphzJo,263,157,1639,https://www.youtube.com/watch?v=zi7N8DphzJo,0,0,0,,870,228,182,295,https://www.twitch.tv/videos/2825444396
dcbe7946e39e48bcb0b725de64a445c8,5810,547098,458,267,3224,https://www.youtube.com/watch?v=HMcmChxoy-M,480,271,3224,https://www.youtube.com/watch?v=HMcmChxoy-M,245,162,245,https://www.youtube.com/watch?v=u-zOX8nAhDQ,0,0,0,0,
33717d815310491da465eb6258a70b1c,5800,279348,236,90,351,https://www.youtube.com/watch?v=qxzNTWJMIe0,236,90,351,https://www.youtube.com/watch?v=qxzNTWJMIe0,0,0,0,,0,0,0,0,
7ae1c13d53fb44f49f386eef43c63ee4,5790,315015,155,88,1753,https://www.youtube.com/watch?v=nC1DfqLzRwA,135,59,244,https://www.youtube.com/watch?v=5w4am48WhzE,1036,269,1753,https://www.youtube.com/watch?v=nC1DfqLzRwA,76,0,0,0,
58c4453bedb9463ab1dcb522d4d50faf,5770,1059990,197,62,294,https://www.youtube.com/watch?v=f2L-rVkmlOQ,197,62,294,https://www.youtube.com/watch?v=f2L-rVkmlOQ,0,0,0,,0,0,0,0,
925d91a363914edfb035fe6c08946be9,5760,189275,184,121,551,https://www.youtube.com/watch?v=6KQP2rLqYZc,184,121,551,https://www.youtube.com/watch?v=6KQP2rLqYZc,0,0,0,,0,0,0,0,
5b6584a73478450d9db3f44b918580fd,5750,0,0,0,0,,0,0,0,,0,0,0,,896,0,0,0,
58304450990a433b88acd02b889b74e6,5710,184280,276,111,1380,https://www.youtube.com/watch?v=jWblzyV-pas,195,88,446,https://www.youtube.com/watch?v=cdIV2ziawJI,1146,519,1380,https://www.youtube.com/watch?v=jWblzyV-pas,286,110,72,131,https://www.twitch.tv/videos/2823007505
25027be34ca844c885f40d5c26507898,5700,320502,463,230,2238,https://www.youtube.com/watch?v=rV2WcvFNuxo,360,169,1868,https://www.youtube.com/watch?v=CYUJ5n3bDqs,1624,491,2238,https://www.youtube.com/watch?v=rV2WcvFNuxo,0,0,0,0,
9e213402f2f54c42866d4f62545921b4,5680,147115,0,0,0,,0,0,0,,0,0,0,,447,0,0,0,
2a5b6a733ac54aba9490db8f504378d1,5680,3448,0,0,0,,0,0,0,,0,0,0,,0,0,0,0,
e17f42aa104040deae2ee3f3b1e85ed8,5660,321057,0,0,0,,0,0,0,,0,0,0,,39998,3647,2480,9471,https://www.twitch.tv/videos/2818037050
a800589948934dd68ac2c728cc05fbaf,5630,98235,138,56,138,https://www.youtube.com/watch?v=LoLuL3wLxUo,0,0,0,,138,56,138,https://www.youtube.com/watch?v=LoLuL3wLxUo,0,0,0,0,
3c5b24ec5e7e4451a917bb1683298c05,5630,292232,0,0,0,,0,0,0,,0,0,0,,0,0,0,0,
00c2bd1279064d88b05ad2d17d790e37,5560,88092,336,161,1302,https://www.youtube.com/watch?v=d48gfZOonpo,326,150,696,https://www.youtube.com/watch?v=DU5vje4AnmI,1302,673,1302,https://www.youtube.com/watch?v=d48gfZOonpo,992,515,357,700,https://www.twitch.tv/videos/2826940160
ea7d228d8fb2462f95aef21fc5bd4fb8,5550,1068139,722,346,1172,https://www.youtube.com/watch?v=2b8gMXDLj4Q,722,346,1172,https://www.youtube.com/watch?v=2b8gMXDLj4Q,0,0,0,,0,0,0,0,
70adcdf6f8a146089a4e724b14146efd,5550,406823,376,119,526,https://www.youtube.com/watch?v=-kGOIATK-sk,376,119,526,https://www.youtube.com/watch?v=-kGOIATK-sk,0,0,0,,574,468,335,628,https://www.twitch.tv/videos/2827595165
b0f00fccf8a14655911360748c4699cd,5540,170915,131,50,1108,https://www.youtube.com/watch?v=PtwM3KpDLH8,85,52,166,https://www.youtube.com/watch?v=1pA2lHwkj5g,223,43,1108,https://www.youtube.com/watch?v=PtwM3KpDLH8,0,0,0,0,
8f0b41303e8a481689fe4309a565ecd3,5530,340664,221,131,1562,https://www.youtube.com/watch?v=kXw7tpbqtIc,207,120,327,https://www.youtube.com/watch?v=OPX2yR4xwoU,1430,706,1562,https://www.youtube.com/watch?v=kXw7tpbqtIc,1465,195,131,195,https://www.twitch.tv/videos/2825945060
887b37336c9c4730809ace8b5e38df17,5530,64871,32,27,32,https://www.youtube.com/watch?v=JXgANc84E2s,0,0,0,,32,27,32,https://www.youtube.com/watch?v=JXgANc84E2s,53596,3413,1689,6461,https://www.twitch.tv/videos/2811440288
0158495d5a2542a98181c2ddd21b90af,5530,0,0,0,0,,0,0,0,,0,0,0,,0,0,0,0,
e0f419006f244a51804050ede1d1a5aa,5490,1471530,65,50,2138,https://www.youtube.com/watch?v=6wxzbr9rnv0,68,43,894,https://www.youtube.com/watch?v=GMrADH16De4,61,56,2138,https://www.youtube.com/watch?v=6wxzbr9rnv0,0,0,0,0,
e4e33334b43945b6837ec43826f3727f,5490,257631,204,91,1701,https://www.youtube.com/watch?v=49t0JRM2xwo,185,82,292,https://www.youtube.com/watch?v=MkN8lRx5K2c,1526,466,1701,https://www.youtube.com/watch?v=49t0JRM2xwo,0,0,0,0,
62e820e937ef4f4aaea0073bc5b21063,5480,9219,0,0,0,,0,0,0,,0,0,0,,0,0,0,0,
2c42a2d77b4c481bae57dc00a66c2f16,5450,615965,659,342,1781,https://www.youtube.com/watch?v=uefWTbEjPp8,654,311,1082,https://www.youtube.com/watch?v=roroZbY93O8,1191,395,1781,https://www.youtube.com/watch?v=uefWTbEjPp8,0,0,0,0,
443ba741722742d5b7d5f76c3e7b445b,5440,548536,233,98,1888,https://www.youtube.com/watch?v=YqaIKF3xgCM,179,57,325,https://www.youtube.com/watch?v=dfuXk7ll3RY,1055,221,1888,https://www.youtube.com/watch?v=YqaIKF3xgCM,0,0,0,0,
d889f67fe7b84a38a9742ab2a47f346a,5440,723212,237,114,2299,https://www.youtube.com/watch?v=nSh4H6ceNJU,182,53,315,https://www.youtube.com/watch?v=IG26MoKatnY,1471,581,2299,https://www.youtube.com/watch?v=nSh4H6ceNJU,3502,396,306,775,https://www.twitch.tv/videos/2821959915
428251b7832a48219276fb6e5f644e86,5420,842191,39,23,164,https://www.youtube.com/watch?v=mP9X17CWoMk,39,23,164,https://www.youtube.com/watch?v=mP9X17CWoMk,0,0,0,,258,0,0,0,
a0e2f9b9f851401bbd1736189d4b69b1,5410,135253,0,0,0,,0,0,0,,0,0,0,,0,0,0,0,
490a48eedc944f9cb74501e6eefeb04d,5410,315360,298,55,323,https://www.youtube.com/watch?v=CiLgp5V9NjQ,228,59,323,https://www.youtube.com/watch?v=CiLgp5V9NjQ,298,55,298,https://www.youtube.com/watch?v=pg65P9xRpOw,2945,289,198,322,https://www.twitch.tv/videos/2824543505
38ecb20931514383b2d93885136c6b68,5400,242647,162,72,1918,https://www.youtube.com/watch?v=XqUZqL5SZzM,129,35,217,https://www.youtube.com/watch?v=LlV1PLfmJqU,1346,1089,1918,https://www.youtube.com/watch?v=XqUZqL5SZzM,0,0,0,0,
41d4243609de491ba43ef4e11b8a0254,5390,577199,2127,1156,20429,https://www.youtube.com/watch?v=hBXd2Z1WAQA,1504,1203,4103,https://www.youtube.com/watch?v=PQ_FfKN3iGY,2269,1156,20429,https://www.youtube.com/watch?v=hBXd2Z1WAQA,0,0,0,0,
510bdce263cc479ca12d1fad64bfc65e,5380,389112,429,208,2810,https://www.youtube.com/watch?v=cEngFcWcZ1I,377,197,518,https://www.youtube.com/watch?v=F_VxjJdjEVs,1720,336,2810,https://www.youtube.com/watch?v=cEngFcWcZ1I,0,0,0,0,
fe8ee7b57ae74a1388127b81b136c7ea,5370,25330,1248,328,1287,https://www.youtube.com/watch?v=eGrDzVEO2Fs,783,306,1248,https://www.youtube.com/watch?v=qhnAef44FCs,1287,328,1287,https://www.youtube.com/watch?v=eGrDzVEO2Fs,664,0,0,0,
529328632b0b4701a469ebc14413f855,5360,200255,140,77,1403,https://www.youtube.com/watch?v=63eB_jiWj98,140,78,140,https://www.youtube.com/watch?v=dHIrDTHF9xA,134,62,1403,https://www.youtube.com/watch?v=63eB_jiWj98,0,0,0,0,
b473dffe721745f6beb34b5a49e9aeda,5300,397488,581,150,581,https://www.youtube.com/watch?v=lMVaSQWD3YI,581,150,581,https://www.youtube.com/watch?v=lMVaSQWD3YI,0,0,0,,0,0,0,0,
c8858f1d4a2b41a4bbf738530023d6f9,5290,209397,85,62,95,https://www.youtube.com/watch?v=6psexL-dKHY,85,62,95,https://www.youtube.com/watch?v=6psexL-dKHY,0,0,0,,359,134,104,160,https://www.twitch.tv/videos/2822974382
988d1a83ff6c4f82af6be42946987c36,5290,401613,452,124,2006,https://www.youtube.com/watch?v=_sIAlUzIFQc,187,75,369,https://www.youtube.com/watch?v=QtXJu4t6qHg,1353,518,2006,https://www.youtube.com/watch?v=_sIAlUzIFQc,0,0,0,0,
c3bec3f382754230b178f8278eb550fb,5280,264012,152,77,1287,https://www.youtube.com/watch?v=rxuox2laY1c,138,68,256,https://www.youtube.com/watch?v=XwbRyqDKVvk,449,91,1287,https://www.youtube.com/watch?v=rxuox2laY1c,0,0,0,0,
7e088cf828bf4e02ae65bb8a1f6a8b89,5250,195584,74,58,91,https://www.youtube.com/watch?v=r8Ps2wFF0UI,74,58,91,https://www.youtube.com/watch?v=r8Ps2wFF0UI,0,0,0,,208,0,0,0,
bdaa84ad3c7841d6a9ec8774ed9d40a9,5250,188098,274,192,629,https://www.youtube.com/watch?v=ZuJ7ZWDgojc,274,192,629,https://www.youtube.com/watch?v=ZuJ7ZWDgojc,0,0,0,,0,0,0,0,
44052b3832774bd7a4e4151f044c0901,5240,92042,0,0,0,,0,0,0,,0,0,0,,2028,0,0,0,
b58761a33d75486f8aa0bf3f5bf07fe5,5240,0,0,0,0,,0,0,0,,0,0,0,,1772,0,0,0,
b6f8117355b24e9c8a8a4c813a72aec9,5230,657275,677,463,1270,https://www.youtube.com/watch?v=LJdcY_AcNKc,0,0,0,,677,463,1270,https://www.youtube.com/watch?v=LJdcY_AcNKc,1418,200,172,492,https://www.twitch.tv/videos/2822092603
1f2b5204983b4d5ebe0a9352de3a66f6,5210,118060,0,0,0,,0,0,0,,0,0,0,,0,0,0,0,
cc2a13ac075e4640b19020a51dcf9d88,5210,140861,0,0,0,,0,0,0,,0,0,0,,568,60,39,65,https://www.twitch.tv/videos/2825317665
db1c4d81f03f4b04aca36b8b5b2b9c62,5200,137379,258,58,1565,https://www.youtube.com/watch?v=752Zm1uGZIU,233,57,535,https://www.youtube.com/watch?v=yF_cdahBzXI,1565,572,1565,https://www.youtube.com/watch?v=752Zm1uGZIU,449,0,0,0,
4cc400969073471f9d2808a807e95f7d,5180,558514,363,171,1220,https://www.youtube.com/watch?v=VT1OhFiifGg,0,0,0,,363,171,1220,https://www.youtube.com/watch?v=VT1OhFiifGg,0,0,0,0,
effe96469a7348c786d01ccea8cf71cb,5150,182941,0,0,0,,0,0,0,,0,0,0,,0,0,0,0,
a1470eec8f9349668adfbad2f25329b1,5150,1047,0,0,0,,0,0,0,,0,0,0,,1420,0,0,0,
f03fa714465e44ef8d339474bd0f4a02,5150,208471,239,129,537,https://www.youtube.com/watch?v=FHywifvcZWw,236,132,537,https://www.youtube.com/watch?v=FHywifvcZWw,363,129,363,https://www.youtube.com/watch?v=Alf3TWfSstE,0,0,0,0,
bd7d712e0946448aa29a1d213d1c1beb,5140,178430,154,103,3640,https://www.youtube.com/watch?v=5UmH0QHkLRs,125,58,154,https://www.youtube.com/watch?v=Ms4rCOQNIbk,2000,565,3640,https://www.youtube.com/watch?v=5UmH0QHkLRs,617,279,183,395,https://www.twitch.tv/videos/2828712056
def76c5c31fe4466b5ae6e6940ae6e58,5140,630514,376,111,1264,https://www.youtube.com/watch?v=qVP6s8__5c0,466,127,840,https://www.youtube.com/watch?v=xj8xv_tut28,167,37,1264,https://www.youtube.com/watch?v=qVP6s8__5c0,0,0,0,0,
c21d4186912d4652a7fb5a1b3ef382b6,5110,192587,116,66,367,https://www.youtube.com/watch?v=e1tic-DlAak,105,69,367,https://www.youtube.com/watch?v=e1tic-DlAak,116,64,116,https://www.youtube.com/watch?v=502tklx3iRk,2971,150,113,507,https://www.twitch.tv/videos/2828690378
f819220249044c7ca97126c828833c9b,5110,0,0,0,0,,0,0,0,,0,0,0,,0,0,0,0,
6b43c568bdf044e4a4ae0bae0cb9fff2,5070,189549,834,330,1487,https://www.youtube.com/watch?v=kEzg4ebEwLw,348,218,516,https://www.youtube.com/watch?v=w9vkJxBTcJ4,1139,419,1487,https://www.youtube.com/watch?v=kEzg4ebEwLw,0,0,0,0,
29294f0665864cee8bb2b48697b9e84f,5070,304012,347,180,1899,https://www.youtube.com/watch?v=5OCa4D7EM8A,322,177,919,https://www.youtube.com/watch?v=v3q31aU4ahU,1733,1163,1899,https://www.youtube.com/watch?v=5OCa4D7EM8A,345,0,0,0,
42b8bd7bed2a4ddd930cfd223657e9ca,5060,226320,244,114,1342,https://www.youtube.com/watch?v=eTtgbyGnV3k,238,112,918,https://www.youtube.com/watch?v=mvd7Lv0-Qh8,1342,520,1342,https://www.youtube.com/watch?v=eTtgbyGnV3k,1420,234,200,474,https://www.twitch.tv/videos/2823656249
1ea5aa0a7a7d401b897630667cf4b44e,5050,266437,140,80,8252,https://www.youtube.com/watch?v=QwDBkuFtv5U,127,68,212,https://www.youtube.com/watch?v=u1g-EcinRMA,1305,825,8252,https://www.youtube.com/watch?v=QwDBkuFtv5U,1279,247,167,468,https://www.twitch.tv/videos/2830384037
b9569d6e438b473ba61d88c0230899f5,5030,282167,88,30,1737,https://www.youtube.com/watch?v=15kB52Nk1ag,79,21,91,https://www.youtube.com/watch?v=_PsdiRngpu4,1458,212,1737,https://www.youtube.com/watch?v=15kB52Nk1ag,0,0,0,0,
410a9fff47f5491d98c47a4fa25ddf83,5020,6926,0,0,0,,0,0,0,,0,0,0,,0,0,0,0,
fad69c2a625446829ef410d9ef277c8f,5010,164988,177,58,500,https://www.youtube.com/watch?v=yE9uGuauH4M,170,62,488,https://www.youtube.com/watch?v=y25aOoJxDIA,500,38,500,https://www.youtube.com/watch?v=yE9uGuauH4M,0,0,0,0,
3589be2c85dc460aa8de768c7a228730,5000,220936,106,51,230,https://www.youtube.com/watch?v=4i_5wGsuCg4,115,73,230,https://www.youtube.com/watch?v=4i_5wGsuCg4,17,15,20,https://www.youtube.com/watch?v=2TLv4V9lcdM,0,0,0,0,
36f4fa8dbd7740c3ae5ac02b890fa502,4970,310124,44,17,108,https://www.youtube.com/watch?v=Qo46909p-bU,44,17,108,https://www.youtube.com/watch?v=Qo46909p-bU,0,0,0,,1068,0,0,0,
19c3bdcc95134ef38ad98df3f92f3ccb,4960,325535,292,33,338,https://www.youtube.com/watch?v=aannEu_9qco,292,33,338,https://www.youtube.com/watch?v=aannEu_9qco,0,0,0,,852,0,0,0,
8fd3526ba2074df896bbcb47e713565b,4940,120718,90,40,117,https://www.youtube.com/watch?v=ZZGwchGBOvE,90,40,117,https://www.youtube.com/watch?v=ZZGwchGBOvE,0,0,0,,0,0,0,0,
94082eb7d950471b934592394ad3e4c8,4930,296670,0,0,0,,0,0,0,,0,0,0,,0,0,0,0,
a1bc1c5451e64266a0f21f0847dd8d2f,4920,178792,145,70,190,https://www.youtube.com/watch?v=DOPBdCHm8Ic,145,70,190,https://www.youtube.com/watch?v=DOPBdCHm8Ic,0,0,0,,489,404,211,404,https://www.twitch.tv/videos/2822156176
d0b68b633fba4c02a627751778973f36,4920,112663,172,50,172,https://www.youtube.com/watch?v=08HPsIBMICY,172,50,172,https://www.youtube.com/watch?v=08HPsIBMICY,0,0,0,,0,0,0,0,
17610c1e36214c0f8002456d8b0bcf36,4910,189284,188,135,692,https://www.youtube.com/watch?v=su9EtpgQ95Y,188,135,692,https://www.youtube.com/watch?v=su9EtpgQ95Y,0,0,0,,0,0,0,0,
a9f1edc233804d4b90a9996219a3b14b,4900,253167,124,52,188,https://www.youtube.com/watch?v=5yal5lWfSmU,124,52,188,https://www.youtube.com/watch?v=5yal5lWfSmU,0,0,0,,0,0,0,0,
3c16d0b797bf49c3a4a6c043802ee2ec,4890,35019,0,0,0,,0,0,0,,0,0,0,,0,0,0,0,
32b83b466c11418bb380623a95944302,4870,388648,0,0,0,,0,0,0,,0,0,0,,3481,300,164,734,https://www.twitch.tv/videos/2816528619
f9c9c29a9fb143539ade06564b99b233,4860,4240,93,9,93,https://www.youtube.com/watch?v=7cAXSjaEj5A,93,9,93,https://www.youtube.com/watch?v=7cAXSjaEj5A,0,0,0,,0,0,0,0,
33e0b518387b4479a76910366cd2a413,4840,256715,72,50,107,https://www.youtube.com/watch?v=2EcTWwrFyow,72,50,107,https://www.youtube.com/watch?v=2EcTWwrFyow,0,0,0,,384,104,72,182,https://www.twitch.tv/videos/2822233939
b2313ef4c37542c89796ae94dfb8228d,4840,189020,272,81,523,https://www.youtube.com/watch?v=fbbIH-_jW3c,272,81,523,https://www.youtube.com/watch?v=fbbIH-_jW3c,0,0,0,,418,255,140,255,https://www.twitch.tv/videos/2822894843
2bf038f2a9514434aefa4ef7b2140f56,4840,198681,425,234,2209,https://www.youtube.com/watch?v=llDHrjPHHmY,355,186,793,https://www.youtube.com/watch?v=FTwZ62VPYUA,1518,843,2209,https://www.youtube.com/watch?v=llDHrjPHHmY,750,249,227,249,https://www.twitch.tv/videos/2831787566
9ceaafbe1a9a41bb9526b113354e03cc,4840,356796,432,179,3665,https://www.youtube.com/watch?v=FnVsyPqgmjk,325,179,332,https://www.youtube.com/watch?v=EuqpCU4_eg0,557,202,3665,https://www.youtube.com/watch?v=FnVsyPqgmjk,0,0,0,0,
bcbde4d998e341418ebdf3e26884811d,4830,161357,212,144,304,https://www.youtube.com/watch?v=zxcGl2hC5Tw,212,144,304,https://www.youtube.com/watch?v=zxcGl2hC5Tw,0,0,0,,0,0,0,0,
9de74d9cd68f481396a3dbd76d529a24,4820,213719,148,77,229,https://www.youtube.com/watch?v=eIyTheNZTJI,148,77,229,https://www.youtube.com/watch?v=eIyTheNZTJI,0,0,0,,0,0,0,0,
2e266a71aa3d4a67bb8d9a2a0b573319,4820,280733,0,0,0,,0,0,0,,0,0,0,,41654,2351,883,6024,https://www.twitch.tv/videos/2823412825
6fb8c6dea7404638a9d78d4b0d84f64c,4810,44840,650,222,3043,https://www.youtube.com/watch?v=rn4CqdcW2mc,650,222,3043,https://www.youtube.com/watch?v=rn4CqdcW2mc,0,0,0,,2834,0,0,0,
20327c35cc9d4deba93299b790d7d721,4790,269596,164,99,2570,https://www.youtube.com/watch?v=Vg3jBm8BoBE,132,70,275,https://www.youtube.com/watch?v=ZeHpfbxeOBo,1373,560,2570,https://www.youtube.com/watch?v=Vg3jBm8BoBE,0,0,0,0,
c6dab598fcee4b6b9bff76d2e8ffc8e6,4790,373323,902,624,1601,https://www.youtube.com/watch?v=MOER0zkl19Y,24,22,25,https://www.youtube.com/watch?v=H1Cu0hDgHxU,987,701,1601,https://www.youtube.com/watch?v=MOER0zkl19Y,810,0,0,0,
a2c7c34474174cd2bffcc17a32aeec21,4780,324931,191,102,1813,https://www.youtube.com/watch?v=jofOrEl_XWI,133,72,191,https://www.youtube.com/watch?v=Z5_KQzePvoM,1334,826,1813,https://www.youtube.com/watch?v=jofOrEl_XWI,944,93,85,217,https://www.twitch.tv/videos/2824757349
592e95fcfa4e4610959b5635e449813d,4780,331428,0,0,0,,0,0,0,,0,0,0,,751,0,0,0,
3f36658defc1428b8d4628478ef59256,4770,448183,907,249,1755,https://www.youtube.com/watch?v=kVIWJwxloUk,1043,301,1755,https://www.youtube.com/watch?v=kVIWJwxloUk,774,53,1049,https://www.youtube.com/watch?v=W5ZiUtz8czI,0,0,0,0,
de81b740d66c439685aa37491d27efc4,4770,456845,0,0,0,,0,0,0,,0,0,0,,4311,257,224,362,https://www.twitch.tv/videos/2824504355
256dd6464e974e118dc8103d5e9eb0b3,4760,111699,0,0,0,,0,0,0,,0,0,0,,3717,642,460,1277,https://www.twitch.tv/videos/2823767040
e1b2337b79d1449e9ae6a754ec74050d,4760,624362,235,111,614,https://www.youtube.com/watch?v=MvG4WUBy-pE,223,109,344,https://www.youtube.com/watch?v=Se-mS4A39GU,614,343,614,https://www.youtube.com/watch?v=MvG4WUBy-pE,0,0,0,0,
4c8efd1d28d04eeabd21a3c337f154b9,4760,92591,180,93,252,https://www.youtube.com/watch?v=G5NdzK2Y0AI,180,93,252,https://www.youtube.com/watch?v=G5NdzK2Y0AI,0,0,0,,0,0,0,0,
2d9ef8be75c34daf9ce9d17ecbbe0f7a,4740,697089,101,37,199,https://www.youtube.com/watch?v=UtTDCE10Re0,102,33,199,https://www.youtube.com/watch?v=UtTDCE10Re0,74,41,74,https://www.youtube.com/watch?v=amxhW2uTEFE,781,85,52,156,https://www.twitch.tv/videos/2831047822
1e71d9b4bbb1411b84e1aa428a79c9bc,4730,66988,0,0,0,,0,0,0,,0,0,0,,0,0,0,0,
220353f9b2634c84953cc7d243fbc6a0,4720,246375,687,247,13421,https://www.youtube.com/watch?v=1yOCyDMR2sY,441,170,1287,https://www.youtube.com/watch?v=gFzZsaI1Il8,1453,1102,13421,https://www.youtube.com/watch?v=1yOCyDMR2sY,93,0,0,0,
3dd8c72cab6d494dbd6fbf0a0e3dc41a,4690,355334,157,69,3024,https://www.youtube.com/watch?v=c2kXDC7yJOc,141,52,428,https://www.youtube.com/watch?v=qJFs8ogLjbg,1742,890,3024,https://www.youtube.com/watch?v=c2kXDC7yJOc,1374,263,200,786,https://www.twitch.tv/videos/2829296982
2683fa864bd24112b6f7d04afb096a4e,4690,282623,0,0,0,,0,0,0,,0,0,0,,382,0,0,0,
a99bc695c89d41e391a5abf6e781c911,4670,371659,309,70,540,https://www.youtube.com/watch?v=7pDoRmfZ6fE,540,89,540,https://www.youtube.com/watch?v=7pDoRmfZ6fE,79,51,79,https://www.youtube.com/watch?v=-5zk4LiScVk,0,0,0,0,
ad6cf3322d204c79afa7d14d4d36473c,4670,360461,1018,365,1643,https://www.youtube.com/watch?v=xbq2YyKVxKM,0,0,0,,1018,365,1643,https://www.youtube.com/watch?v=xbq2YyKVxKM,0,0,0,0,
4762b7be8b764f19a33a7cf167c2ea64,4660,69167,101,46,114,https://www.youtube.com/watch?v=SMVwkg5gUEE,101,46,114,https://www.youtube.com/watch?v=SMVwkg5gUEE,0,0,0,,0,0,0,0,
98181ce64b3d45a9aa295c446e1bae9e,4630,118726,0,0,0,,0,0,0,,0,0,0,,572,0,0,0,
b3c1a09b09a54b9a8078d3310d151efe,4630,123751,0,0,0,,0,0,0,,0,0,0,,0,0,0,0,
0ede84dfc1ff426cb42643d7390d2937,4600,744670,131,67,405,https://www.youtube.com/watch?v=opv6cdX1-zA,131,67,405,https://www.youtube.com/watch?v=opv6cdX1-zA,0,0,0,,1749,323,198,399,https://www.twitch.tv/videos/2822176330
f9c7e5b8bcae492aa838379fb3190c20,4600,212480,0,0,0,,0,0,0,,0,0,0,,0,0,0,0,
6073eb006b764614915e90b5c54ce7e6,4590,298473,0,0,0,,0,0,0,,0,0,0,,3388,265,195,380,https://www.twitch.tv/videos/2824488860
3a43445829024217b728d04d5398b61c,4590,230371,0,0,0,,0,0,0,,0,0,0,,0,0,0,0,
ffb8b8f15321474a98628cb638631bf1,4570,812885,0,0,0,,0,0,0,,0,0,0,,0,0,0,0,
1aac7d12633a48c2b8f39356ee85de48,4560,124462,0,0,0,,0,0,0,,0,0,0,,2415,0,0,0,
7f049d05ff3a4946998b9ddd7df409fd,4550,158793,175,86,520,https://www.youtube.com/watch?v=6mcHjreqoG4,175,86,520,https://www.youtube.com/watch?v=6mcHjreqoG4,0,0,0,,2408,132,90,279,https://www.twitch.tv/videos/2830122826
d41f0a9dfdec46929f6f9534f8d79167,4550,65040,0,0,0,,0,0,0,,0,0,0,,0,0,0,0,
de071f4fc90344748afac14099022672,4540,134508,1505,773,2353,https://www.youtube.com/watch?v=4YAdMaG5EUY,0,0,0,,1505,773,2353,https://www.youtube.com/watch?v=4YAdMaG5EUY,9188,1590,976,97300,https://www.twitch.tv/videos/2820451489
52b5fa7ff03945368644f52035a5e798,4500,365562,356,131,1092,https://www.youtube.com/watch?v=IqBi6sRhxAA,329,152,1092,https://www.youtube.com/watch?v=IqBi6sRhxAA,898,15,898,https://www.youtube.com/watch?v=GTq83M6ocG8,0,0,0,0,
d66fb507852f4d889e426c8ea0f9f246,4480,203806,380,129,1716,https://www.youtube.com/watch?v=y1_XLY3nyQM,215,100,650,https://www.youtube.com/watch?v=BaRb9NJT1uk,1240,584,1716,https://www.youtube.com/watch?v=y1_XLY3nyQM,571,124,92,177,https://www.twitch.tv/videos/2827114929
443df65de03b4bd581708efc29b283ab,4470,71601,0,0,0,,0,0,0,,0,0,0,,2200,0,0,0,
73827056b15849549388f720dde25c01,4460,237525,283,108,1497,https://www.youtube.com/watch?v=LyENRHjEHDE,270,95,711,https://www.youtube.com/watch?v=TnXcE3TePD8,1146,249,1497,https://www.youtube.com/watch?v=LyENRHjEHDE,0,0,0,0,
c90914afde364f5e982414615662f5a7,4450,384131,138,67,207,https://www.youtube.com/watch?v=AspBkoZZD2Q,138,67,207,https://www.youtube.com/watch?v=AspBkoZZD2Q,0,0,0,,1940,198,168,239,https://www.twitch.tv/videos/2827816494
0fa88d7be0ba4850abea150aa73fe440,4450,261869,0,0,0,,0,0,0,,0,0,0,,0,0,0,0,
58bb51ba1bba485a98cbf859fb5687f4,4430,575910,1414,597,2115,https://www.youtube.com/watch?v=7o4OJnQDuK8,94,51,117,https://www.youtube.com/watch?v=IaiFvsopwG8,1483,742,2115,https://www.youtube.com/watch?v=7o4OJnQDuK8,1843,0,0,0,
4f5a88e0193a4c948f7e84c56303db82,4420,123897,145,105,1540,https://www.youtube.com/watch?v=eSGoO1CjJKY,144,89,298,https://www.youtube.com/watch?v=Y9hTcw0rMJ8,1405,732,1540,https://www.youtube.com/watch?v=eSGoO1CjJKY,0,0,0,0,
50433c34f368460c9cda947f292a62b4,4420,347984,367,135,690,https://www.youtube.com/watch?v=2tRp8AqQu4k,367,135,690,https://www.youtube.com/watch?v=2tRp8AqQu4k,0,0,0,,0,0,0,0,
00d9cb7b0bcd451999f4fd33dd84be6c,4410,795929,403,177,3561,https://www.youtube.com/watch?v=L3npMNEriMI,351,169,1121,https://www.youtube.com/watch?v=CnUulygBNow,1336,889,3561,https://www.youtube.com/watch?v=L3npMNEriMI,5069,551,259,1813,https://www.twitch.tv/videos/2814014494
ccc1420185ad46d49d40b6b774db9b11,4400,248128,107,69,255,https://www.youtube.com/watch?v=E43Dl-MyZAo,107,69,255,https://www.youtube.com/watch?v=E43Dl-MyZAo,0,0,0,,778,50,46,70,https://www.twitch.tv/videos/2826992740
627d42f52e604f3e8eadc7f04ef74d2a,4390,215351,69,12,69,https://www.youtube.com/watch?v=7p3AsbhVapc,0,0,0,,69,12,69,https://www.youtube.com/watch?v=7p3AsbhVapc,3640,520,228,1125,https://www.twitch.tv/videos/2815807268
f53e734fd8ec432da4632f30e899338b,4390,51650,0,0,0,,0,0,0,,0,0,0,,0,0,0,0,
98187e2cc8c34f5d8e0853bffc1a30c9,4370,151250,0,0,0,,0,0,0,,0,0,0,,0,0,0,0,
637b3a1eb03443248ebd1caba56e6b5a,4370,209033,400,158,1373,https://www.youtube.com/watch?v=jQTRHkTuUKI,400,158,1373,https://www.youtube.com/watch?v=jQTRHkTuUKI,0,0,0,,0,0,0,0,
f18910b4b83a48558f16836f4c1488eb,4370,171164,2408,870,2627,https://www.youtube.com/watch?v=TC_QDJwbHi0,1447,985,1924,https://www.youtube.com/watch?v=NWQqPeZn7SY,2453,867,2627,https://www.youtube.com/watch?v=TC_QDJwbHi0,0,0,0,0,
16197a62aec94bcfa2e73220f291369b,4360,84360,0,0,0,,0,0,0,,0,0,0,,0,0,0,0,
5fd252ad134343a59705e00390c6d9ef,4360,117889,0,0,0,,0,0,0,,0,0,0,,1699,327,212,327,https://www.twitch.tv/videos/2825264570
f658ebdc79bf4cef928a87d3a35855a5,4330,83638,29,16,29,https://www.youtube.com/watch?v=UoFroc_gWC8,29,16,29,https://www.youtube.com/watch?v=UoFroc_gWC8,0,0,0,,0,0,0,0,
836fc798e2ec48b9985333de75d490ac,4300,391873,0,0,0,,0,0,0,,0,0,0,,0,0,0,0,
f4fc9f87ed4b4f05a339b1f1a1d621b6,4300,92274,0,0,0,,0,0,0,,0,0,0,,0,0,0,0,
a60e76fb18f44818980d7d5b07cf82c9,4290,229395,555,298,1536,https://www.youtube.com/watch?v=jeMStHi-F8I,482,177,1017,https://www.youtube.com/watch?v=t12eAvhncvc,1138,615,1536,https://www.youtube.com/watch?v=jeMStHi-F8I,791,530,466,2265,https://www.twitch.tv/videos/2831983835
9d74c909706a450ea35c1777cac79e77,4290,492409,228,98,2227,https://www.youtube.com/watch?v=jP6MSooHYIg,222,95,2227,https://www.youtube.com/watch?v=jP6MSooHYIg,908,736,908,https://www.youtube.com/watch?v=yLIuixgvqTA,871,105,84,148,https://www.twitch.tv/videos/2826135442
c17ad3ef81904c26982024c9af1f0f3a,4280,181632,83,33,110,https://www.youtube.com/watch?v=seyO2_fgsXA,83,30,86,https://www.youtube.com/watch?v=sv3ih1V5Nzc,110,97,110,https://www.youtube.com/watch?v=seyO2_fgsXA,3536,219,196,488,https://www.twitch.tv/videos/2826031180
caebfeea12c840f0ae0f0e2beb57b4e2,4280,226522,0,0,0,,0,0,0,,0,0,0,,0,0,0,0,
81387cdce77a4a9b9338145b28ae9ff6,4270,0,0,0,0,,0,0,0,,0,0,0,,0,0,0,0,
ba41581d315943fdaebe0dc981020d1c,4260,240636,332,120,1640,https://www.youtube.com/watch?v=KCNipqFdUY8,144,73,332,https://www.youtube.com/watch?v=tu2SZq-r2Qc,1201,905,1640,https://www.youtube.com/watch?v=KCNipqFdUY8,0,0,0,0,
58e377df63f745fc8473368b20afe2ae,4260,233743,60,32,71,https://www.youtube.com/watch?v=qCYhVgH6GAE,60,32,71,https://www.youtube.com/watch?v=qCYhVgH6GAE,0,0,0,,309,17,14,18,https://www.twitch.tv/videos/2831163538
ec12bbfb27d24091aa6a7d64ff9429ea,4240,110152,5070,4006,5070,https://www.youtube.com/watch?v=V7GaGkKQCZI,0,0,0,,5070,4006,5070,https://www.youtube.com/watch?v=V7GaGkKQCZI,5617,754,318,1200,https://www.twitch.tv/videos/2810494965
872627e5c7a248bfb41a055dee03029a,4230,141354,213,140,1251,https://www.youtube.com/watch?v=pInw-Oxd7iw,35,3,35,https://www.youtube.com/watch?v=YVWvgjmD8Uo,234,177,1251,https://www.youtube.com/watch?v=pInw-Oxd7iw,763,22,17,22,https://www.twitch.tv/videos/2828533054
01bebf0363a94b16b2313053c90a1c8a,4210,126556,618,404,618,https://www.youtube.com/watch?v=yJ5hNj0fF3Q,0,0,0,,618,404,618,https://www.youtube.com/watch?v=yJ5hNj0fF3Q,542,144,141,236,https://www.twitch.tv/videos/2824481321
90446c6f1b704ff6b0fbbf017f0a68c5,4210,155939,410,190,1390,https://www.youtube.com/watch?v=3mToSke-wv4,353,139,540,https://www.youtube.com/watch?v=O8oAJAoywDI,1390,662,1390,https://www.youtube.com/watch?v=3mToSke-wv4,0,0,0,0,
62f0f99b50d84bef91d06efdfe1c011e,4200,126252,0,0,0,,0,0,0,,0,0,0,,0,0,0,0,
3e340f9122814acc84ff51a0aec8ae13,4200,132228,0,0,0,,0,0,0,,0,0,0,,0,0,0,0,
613b1c970cbf444980eba674ab40d807,4160,154026,0,0,0,,0,0,0,,0,0,0,,0,0,0,0,
c21605e81c714d7d9d66a627984dc30b,4160,0,0,0,0,,0,0,0,,0,0,0,,0,0,0,0,
7b2d1d71057b4ac2a16109b980a99e28,4150,245405,185,107,3190,https://www.youtube.com/watch?v=9jWUGrpMo-Y,119,49,211,https://www.youtube.com/watch?v=9Z0-8-oHoZQ,1500,1049,3190,https://www.youtube.com/watch?v=9jWUGrpMo-Y,0,0,0,0,
4d9730dc400443e6b8edb719febd5f46,4150,92527,94,35,128,https://www.youtube.com/watch?v=XPMeum_hvyk,94,35,128,https://www.youtube.com/watch?v=XPMeum_hvyk,0,0,0,,774,0,0,0,
0490d9546bce4068a0f52b39046bdf91,4150,116786,994,283,1184,https://www.youtube.com/watch?v=MX_RO5fZHXc,0,0,0,,994,283,1184,https://www.youtube.com/watch?v=MX_RO5fZHXc,4460,589,412,790,https://www.twitch.tv/videos/2828607357
16b8db1818764f81addb322d109b5da3,4150,247173,146,144,146,https://www.youtube.com/watch?v=amZ0rmhxiRw,146,144,146,https://www.youtube.com/watch?v=amZ0rmhxiRw,0,0,0,,0,0,0,0,
4e4721deba7c4681b1172714a29e6f19,4140,279510,219,82,224,https://www.youtube.com/watch?v=Q73fFSAwuwE,219,82,224,https://www.youtube.com/watch?v=Q73fFSAwuwE,0,0,0,,0,0,0,0,
eda6bf91049349e08f0f269fb4f8c0f9,4130,169852,42,24,1458,https://www.youtube.com/watch?v=TbSpwil0FBk,40,20,94,https://www.youtube.com/watch?v=cqVSr_0ZmRI,1307,364,1458,https://www.youtube.com/watch?v=TbSpwil0FBk,250,20,16,30,https://www.twitch.tv/videos/2830132663
8b027d3a3f374c9c8398b6dd751e5018,4120,13909,231,104,1764,https://www.youtube.com/watch?v=4CjEaZuVneM,0,0,0,,231,104,1764,https://www.youtube.com/watch?v=4CjEaZuVneM,37350,1056,709,2892,https://www.twitch.tv/videos/2813439832
9c1450789da443f491a66e6f121482fc,4120,370348,272,84,541,https://www.youtube.com/watch?v=XN1f1-Om8xs,304,111,541,https://www.youtube.com/watch?v=XN1f1-Om8xs,80,42,202,https://www.youtube.com/watch?v=iNAkrjFhkoQ,388,0,0,0,
c16daca9d8b84b18a38ab97cdcd7577a,4110,410710,227,103,5059,https://www.youtube.com/watch?v=3DfF3-79n2w,226,92,539,https://www.youtube.com/watch?v=fmhdG7LLH1E,5059,1932,5059,https://www.youtube.com/watch?v=3DfF3-79n2w,0,0,0,0,
b516b71a9e8d43b8a377dabe1f9057dd,4110,116618,109,52,255,https://www.youtube.com/watch?v=tEKJ2qNik7w,86,48,120,https://www.youtube.com/watch?v=wrpKw42V60I,151,57,255,https://www.youtube.com/watch?v=tEKJ2qNik7w,566,49,31,70,https://www.twitch.tv/videos/2833496406
65d2f574783c4c6297aaa915a891acda,4100,14940,0,0,0,,0,0,0,,0,0,0,,0,0,0,0,
d177ac8568a14720b35bcc1a829aff51,4070,157491,260,61,503,https://www.youtube.com/watch?v=C4VggZWYO1Y,260,61,503,https://www.youtube.com/watch?v=C4VggZWYO1Y,0,0,0,,0,0,0,0,
cd44db2c12a54568963299704aa8d4a6,4040,106639,126,20,126,https://www.youtube.com/watch?v=Hb94_IQeGxI,126,20,126,https://www.youtube.com/watch?v=Hb94_IQeGxI,0,0,0,,322,0,0,0,
4a44ee7065ae41ad8d70469297599df8,4030,1131734,31,8,38,https://www.youtube.com/watch?v=guQt3ENC8yE,31,8,38,https://www.youtube.com/watch?v=guQt3ENC8yE,0,0,0,,0,0,0,0,
780f8a72bb1543a79feb5730b42130c6,4030,284819,577,264,5052,https://www.youtube.com/watch?v=4AglycnwWo8,449,163,679,https://www.youtube.com/watch?v=UH3xbF5OpZo,1433,353,5052,https://www.youtube.com/watch?v=4AglycnwWo8,0,0,0,0,
48fd85a178c24579ac7d8f43f1e5bc39,4020,163933,0,0,0,,0,0,0,,0,0,0,,177,0,0,0,
74ef34317983453ab86223490eba4f6e,4020,141292,370,206,2657,https://www.youtube.com/watch?v=VpwLEvJiBn0,369,160,516,https://www.youtube.com/watch?v=FwXfbYgtdf8,1520,732,2657,https://www.youtube.com/watch?v=VpwLEvJiBn0,392,310,283,338,https://www.twitch.tv/videos/2829346389
c9ac78b9004c4c26ba4107ccefe399ec,4020,173605,53,20,268,https://www.youtube.com/watch?v=A1QQGd621jM,53,20,136,https://www.youtube.com/watch?v=4CvepeKYgeM,155,44,268,https://www.youtube.com/watch?v=A1QQGd621jM,0,0,0,0,
c371d4c7f516451bac8ae3a9a13dc7f2,4000,131311,131,70,291,https://www.youtube.com/watch?v=GWZmxSaFojA,131,70,291,https://www.youtube.com/watch?v=GWZmxSaFojA,0,0,0,,1616,193,163,216,https://www.twitch.tv/videos/2831196541
53d808d5b57f452a96d67861f3da1f8c,3990,163841,326,180,1362,https://www.youtube.com/watch?v=sXSF1h1HZxY,327,182,1362,https://www.youtube.com/watch?v=sXSF1h1HZxY,215,82,215,https://www.youtube.com/watch?v=TS3OWWfLKY0,273,0,0,0,
4b8f55c74e594978bb461a27b3924336,3990,111593,275,165,965,https://www.youtube.com/watch?v=d57EkcFoLp8,261,154,371,https://www.youtube.com/watch?v=h7h_T9tqCwY,965,570,965,https://www.youtube.com/watch?v=d57EkcFoLp8,830,0,0,0,
6bf5f37da9e74d539963689b6b0256a5,3980,518808,716,149,1444,https://www.youtube.com/watch?v=MXaiEgJxO5w,264,97,325,https://www.youtube.com/watch?v=23kUwy8cssQ,1257,573,1444,https://www.youtube.com/watch?v=MXaiEgJxO5w,0,0,0,0,
ba5ed25718a7421cb15cd0ec62df723e,3980,162967,263,134,343,https://www.youtube.com/watch?v=Dta6J4poJkw,263,134,343,https://www.youtube.com/watch?v=Dta6J4poJkw,0,0,0,,495,0,0,0,
2f80e2f83d254bbdbf48b9c8b3fca995,3950,172031,236,122,1015,https://www.youtube.com/watch?v=yPavI_xCaek,224,103,1015,https://www.youtube.com/watch?v=yPavI_xCaek,650,296,650,https://www.youtube.com/watch?v=N8fmypOx6Co,0,0,0,0,
9db6beb02e774aa7a97ba8674a5a8f9d,3940,82504,0,0,0,,0,0,0,,0,0,0,,197,0,0,0,
0df008566e92461eb808c5b3ba9c7f0f,3930,133879,58,33,165,https://www.youtube.com/watch?v=5aGt-23L21o,58,33,165,https://www.youtube.com/watch?v=5aGt-23L21o,0,0,0,,0,0,0,0,
6b8922c9532e435eb4f03cabc8bb23b1,3920,135785,0,0,0,,0,0,0,,0,0,0,,0,0,0,0,
5cff30a1695346368e3ea7a7c7af4286,3920,425458,59,49,59,https://www.youtube.com/watch?v=23M5fSnhLzY,59,49,59,https://www.youtube.com/watch?v=23M5fSnhLzY,0,0,0,,763,0,0,0,
f332651666ff4dcfab45f08a39a62d8d,3900,0,0,0,0,,0,0,0,,0,0,0,,0,0,0,0,
5b85294949544a5f8855715acadf66a5,3880,146693,180,100,25739,https://www.youtube.com/watch?v=Hbi-E59HgH8,161,59,282,https://www.youtube.com/watch?v=ZPNS61HBbxU,1456,502,25739,https://www.youtube.com/watch?v=Hbi-E59HgH8,1993,156,120,264,https://www.twitch.tv/videos/2829245859
ed4666af39034d54913aba64cfea6f47,3880,370826,200,71,631,https://www.youtube.com/watch?v=cbuDWK-wCv8,200,71,631,https://www.youtube.com/watch?v=cbuDWK-wCv8,0,0,0,,1076,0,0,0,
42e2bc7c16734352b2e18a82e48844ec,3880,570694,225,80,2163,https://www.youtube.com/watch?v=ye_oYwpBtZI,225,80,2163,https://www.youtube.com/watch?v=ye_oYwpBtZI,0,0,0,,0,0,0,0,
9881cf3008684e55aea70a2499e84163,3880,493901,278,117,1972,https://www.youtube.com/watch?v=tuOZa1Ebgqg,101,48,259,https://www.youtube.com/watch?v=Kl1K3FTNojo,1285,467,1972,https://www.youtube.com/watch?v=tuOZa1Ebgqg,178,0,0,0,
c396dafdab3547259c0447ff82f278c2,3870,264735,488,313,16169,https://www.youtube.com/watch?v=hg28epQQruA,451,300,847,https://www.youtube.com/watch?v=fvCeSNpLYYA,6158,955,16169,https://www.youtube.com/watch?v=hg28epQQruA,317,83,74,155,https://www.twitch.tv/videos/2828695718
99cc071a06b949bf8515609757fa9d7e,3850,166774,0,0,0,,0,0,0,,0,0,0,,471,0,0,0,
3727892a417b429aa063c7300e132966,3840,226946,0,0,0,,0,0,0,,0,0,0,,0,0,0,0,
20f361a84fb3439999c550c10fcf5642,3830,89469,0,0,0,,0,0,0,,0,0,0,,1651,297,264,297,https://www.twitch.tv/videos/2831113438
368336c76b5b4ba1b28e5381d0b8b26d,3820,148499,0,0,0,,0,0,0,,0,0,0,,0,0,0,0,
a03628db891e4e8c9a54bc5161f1f2f4,3820,193664,36,34,36,https://www.youtube.com/watch?v=FKekEigff4Q,0,0,0,,36,34,36,https://www.youtube.com/watch?v=FKekEigff4Q,658,162,111,281,https://www.twitch.tv/videos/2822879554
7ddebf4d8f6d4c63a4fc7268d8113c10,3820,482561,0,0,0,,0,0,0,,0,0,0,,6865,1906,767,4103,https://www.twitch.tv/videos/2815802192
edbd401267284e8886c1fd27d08283d4,3810,71497,0,0,0,,0,0,0,,0,0,0,,1028,0,0,0,
3a4fe2f4720747ceabc87b3327ab2b17,3800,104756,104,21,408,https://www.youtube.com/watch?v=W3XeXK7IFl0,139,138,139,https://www.youtube.com/watch?v=dyBxL-3uKGI,97,16,408,https://www.youtube.com/watch?v=W3XeXK7IFl0,0,0,0,0,
db4fd03c50654057bd32b9201666b345,3790,190496,94,28,165,https://www.youtube.com/watch?v=XJeEnm8QKzU,125,32,165,https://www.youtube.com/watch?v=XJeEnm8QKzU,64,11,64,https://www.youtube.com/watch?v=OXOOVwqUsRs,2297,0,0,0,
7caa52181a744f68be9e3995c7adec24,3790,53426,292,224,1985,https://www.youtube.com/watch?v=8qv3Yj8dl5s,272,78,459,https://www.youtube.com/watch?v=K0oVA9KYNGw,1831,1205,1985,https://www.youtube.com/watch?v=8qv3Yj8dl5s,0,0,0,0,
db4df79a2e664ebb96d1a0ce5e4c0e63,3770,205910,6911,2931,30433,https://www.youtube.com/watch?v=V3sIEADrPzc,1656,1389,3896,https://www.youtube.com/watch?v=rHlLsY4NdFE,11769,4933,30433,https://www.youtube.com/watch?v=V3sIEADrPzc,0,0,0,0,
445a732fc0f64712b3213b4cd98fbdd3,3770,155204,329,172,1267,https://www.youtube.com/watch?v=W_dQf06lLjo,322,91,1267,https://www.youtube.com/watch?v=W_dQf06lLjo,517,388,997,https://www.youtube.com/watch?v=YZwwx_GGPCI,973,615,458,788,https://www.twitch.tv/videos/2826106618
342b158ba02d4103a1407d62fe786f5e,3760,180808,27,2,36,https://www.youtube.com/watch?v=5TyEHXmjRBg,27,2,36,https://www.youtube.com/watch?v=5TyEHXmjRBg,0,0,0,,1619,0,0,0,
dadb89bee9044261848ad444625d94f7,3740,42564,54,29,1492,https://www.youtube.com/watch?v=Lcy2G0vjEu4,51,26,127,https://www.youtube.com/watch?v=PZOLOFoewUs,945,281,1492,https://www.youtube.com/watch?v=Lcy2G0vjEu4,0,0,0,0,
907d39ec8a394cdcb645bd4b2e6351e7,3730,107045,102,16,139,https://www.youtube.com/watch?v=mibSZsurEI4,102,16,139,https://www.youtube.com/watch?v=mibSZsurEI4,0,0,0,,0,0,0,0,
c01af5d5f9b74ac29b51dcae0dc55a2d,3730,298182,0,0,0,,0,0,0,,0,0,0,,0,0,0,0,
b211eff7fcd04d47b81ed440890edabb,3720,97921,0,0,0,,0,0,0,,0,0,0,,372,0,0,0,
601b56797a3246f49cead93e9e190a49,3720,149902,0,0,0,,0,0,0,,0,0,0,,0,0,0,0,
8b69d6c508194b93b14fc056038160ab,3710,80431,181,91,330,https://www.youtube.com/watch?v=3pxkHJG6Rs0,181,91,330,https://www.youtube.com/watch?v=3pxkHJG6Rs0,0,0,0,,1955,0,0,0,
286c24a67720434bbb4290d49fb42a54,3710,216191,124,73,2526,https://www.youtube.com/watch?v=s2A1uVMXtEE,74,32,124,https://www.youtube.com/watch?v=5DSKo6fKhzY,1229,582,2526,https://www.youtube.com/watch?v=s2A1uVMXtEE,0,0,0,0,
644ed2200e8a446bae2920103d1015e3,3700,142497,67,27,1071,https://www.youtube.com/watch?v=CS_toqA93X4,67,26,160,https://www.youtube.com/watch?v=EPC_jsS5gSQ,1071,1042,1071,https://www.youtube.com/watch?v=CS_toqA93X4,0,0,0,0,
b1c9458ca89b44bab0f09883ef40c45c,3690,128628,118,40,321,https://www.youtube.com/watch?v=cnP9pDDt5l0,127,37,321,https://www.youtube.com/watch?v=cnP9pDDt5l0,64,58,114,https://www.youtube.com/watch?v=h1PXgQ5Ihzo,0,0,0,0,
64bba754590e41c5b58df1c536d4e865,3690,137914,159,104,237,https://www.youtube.com/watch?v=G90K-0zOuSc,159,104,237,https://www.youtube.com/watch?v=G90K-0zOuSc,0,0,0,,839,374,262,643,https://www.twitch.tv/videos/2829396972
a246e7561e5f40799a48eeca69951b7b,3690,185270,73,50,162,https://www.youtube.com/watch?v=udqCVCB86FY,73,50,162,https://www.youtube.com/watch?v=udqCVCB86FY,0,0,0,,129,0,0,0,
e76a030f33bc48a58257b261f95ee3af,3680,149975,141,62,183,https://www.youtube.com/watch?v=0Tpaz6867UU,141,62,183,https://www.youtube.com/watch?v=0Tpaz6867UU,0,0,0,,0,0,0,0,
53335d77cc69488c8b49ec97548c3297,3680,61159,900,499,3483,https://www.youtube.com/watch?v=LPeJddeNe6E,765,505,1690,https://www.youtube.com/watch?v=MunKMy-Zhsc,1971,444,3483,https://www.youtube.com/watch?v=LPeJddeNe6E,0,0,0,0,
cbba76fd34d74307a9f826e03b8e4db5,3680,172777,473,230,1741,https://www.youtube.com/watch?v=6aFYMFC3YME,434,198,956,https://www.youtube.com/watch?v=f_f15vx2IGY,1670,1072,1741,https://www.youtube.com/watch?v=6aFYMFC3YME,831,305,216,809,https://www.twitch.tv/videos/2827854160
c0ea5a6a7ede42fca6f3c6c87fc9d72e,3670,159732,340,165,5286,https://www.youtube.com/watch?v=qQ_q_lkJj1A,338,163,5286,https://www.youtube.com/watch?v=qQ_q_lkJj1A,1573,1493,1573,https://www.youtube.com/watch?v=5Ias5pAfUHk,0,0,0,0,
60ff50e95399472b96a6fbe83d75e806,3650,186070,363,187,2825,https://www.youtube.com/watch?v=AmyjDJjpM5A,265,120,551,https://www.youtube.com/watch?v=ewxWM-hejXM,1046,398,2825,https://www.youtube.com/watch?v=AmyjDJjpM5A,676,217,172,345,https://www.twitch.tv/videos/2824407464
5f9767b104b54292bf6dd29863c0c6b1,3650,374239,116,83,1511,https://www.youtube.com/watch?v=Y_Z_IQBw4x8,98,63,155,https://www.youtube.com/watch?v=kvA9FzhqoOc,400,129,1511,https://www.youtube.com/watch?v=Y_Z_IQBw4x8,0,0,0,0,
b95eb39c5bb74de687696afbc31fb836,3620,103200,0,0,0,,0,0,0,,0,0,0,,412,116,54,156,https://www.twitch.tv/videos/2830226266
d78d72ce0aac4c9d9c5c16604209ced3,3620,185529,0,0,0,,0,0,0,,0,0,0,,0,0,0,0,
bc70de85cb744f13bffae8a81ebd6bb4,3610,92904,0,0,0,,0,0,0,,0,0,0,,0,0,0,0,
de362d2d371446d898953e74e27abd2a,3600,454995,138,49,1553,https://www.youtube.com/watch?v=usqcrNDx_6g,137,42,436,https://www.youtube.com/watch?v=GrA9edT6N3g,1553,1117,1553,https://www.youtube.com/watch?v=usqcrNDx_6g,0,0,0,0,
a55a6a4b6453413cb8b1dc69423b67d5,3600,420365,730,381,1337,https://www.youtube.com/watch?v=JQmNFcleUVs,730,381,1337,https://www.youtube.com/watch?v=JQmNFcleUVs,0,0,0,,0,0,0,0,
8999cce711d64abfb6d451ca6172dd3e,3590,196764,452,281,7322,https://www.youtube.com/watch?v=kVvgLpOQ25c,416,221,824,https://www.youtube.com/watch?v=KHGJEjEXDEI,2277,892,7322,https://www.youtube.com/watch?v=kVvgLpOQ25c,0,0,0,0,
c2bbc6bca92c4825b72d635634197e2b,3590,226133,74,13,115,https://www.youtube.com/watch?v=-3BUx38cf2g,74,13,115,https://www.youtube.com/watch?v=-3BUx38cf2g,0,0,0,,0,0,0,0,
3506a4f43442492e83c6fbe4cdb09aba,3590,61238,0,0,0,,0,0,0,,0,0,0,,0,0,0,0,
f5a683eeac6b4936b44d547c1e4edbc2,3580,96873,136,67,1267,https://www.youtube.com/watch?v=fCOpPYe6Lto,122,58,237,https://www.youtube.com/watch?v=qXyJvcZU9ZU,945,618,1267,https://www.youtube.com/watch?v=fCOpPYe6Lto,169,50,30,55,https://www.twitch.tv/videos/2824521280
e93734c51e5141419d44dc147f1c5420,3580,57789,0,0,0,,0,0,0,,0,0,0,,0,0,0,0,
8961bc96eec34a99ad58505bae3f58f1,3560,159640,101,47,143,https://www.youtube.com/watch?v=Q7QZqcblwz4,101,47,143,https://www.youtube.com/watch?v=Q7QZqcblwz4,0,0,0,,0,0,0,0,
f3085e3337f34b178380b52e3ca429af,3540,180858,609,229,1473,https://www.youtube.com/watch?v=sWmPBxwMrdw,530,221,1473,https://www.youtube.com/watch?v=sWmPBxwMrdw,609,560,609,https://www.youtube.com/watch?v=fFvgzGOw8Qw,1036,0,0,0,
edf9e466820347828b0d2d10e5e9bb72,3540,233410,37,21,74,https://www.youtube.com/watch?v=__P3Bi11_JI,37,21,74,https://www.youtube.com/watch?v=__P3Bi11_JI,0,0,0,,496,0,0,0,
54b0131ceb734643b23b1eefee31cca0,3530,270558,434,341,434,https://www.youtube.com/watch?v=S9LjYSSavKc,0,0,0,,434,341,434,https://www.youtube.com/watch?v=S9LjYSSavKc,743,0,0,0,
4c34c44a98974b709f7dbc7618847fd6,3530,297066,1316,389,1676,https://www.youtube.com/watch?v=cfaLY0GIVOk,0,0,0,,1316,389,1676,https://www.youtube.com/watch?v=cfaLY0GIVOk,11577,930,484,1298,https://www.twitch.tv/videos/2814951689
01ba034aab854ec680fe6f1ddc7008e2,3520,171141,86,37,241,https://www.youtube.com/watch?v=c_YLVzfKj_8,86,37,241,https://www.youtube.com/watch?v=c_YLVzfKj_8,0,0,0,,0,0,0,0,
430b173ad3134b729f78b96cdbed3585,3520,187966,0,0,0,,0,0,0,,0,0,0,,12140,1348,721,1639,https://www.twitch.tv/videos/2826759766
9379ed7f979440218e22b8db58dd0dd1,3520,218007,222,86,285,https://www.youtube.com/watch?v=7jLRZBLDjbw,222,86,285,https://www.youtube.com/watch?v=7jLRZBLDjbw,0,0,0,,596,0,0,0,
8c25e14dcc3a4f71895d58924c69dc0a,3520,185297,762,539,1262,https://www.youtube.com/watch?v=vw002JE2XAk,762,539,1262,https://www.youtube.com/watch?v=vw002JE2XAk,0,0,0,,0,0,0,0,
9ad37d3249e24861bc8cb84368883258,3520,218544,111,36,312,https://www.youtube.com/watch?v=dHpWxerEs64,101,47,312,https://www.youtube.com/watch?v=dHpWxerEs64,115,10,199,https://www.youtube.com/watch?v=qE2aOYrOEG8,0,0,0,0,
041976bda8b8410a99af25fc4cb87970,3510,124013,0,0,0,,0,0,0,,0,0,0,,133,0,0,0,
f45249f9d8094f9d85f6d02aec4af029,3490,774909,55,43,66,https://www.youtube.com/watch?v=AqyErRWcWqg,58,50,66,https://www.youtube.com/watch?v=AqyErRWcWqg,17,10,43,https://www.youtube.com/watch?v=tbtWmRV5QDs,0,0,0,0,
07b9e0f7118446be96cc2d12f5d8ad02,3480,132810,0,0,0,,0,0,0,,0,0,0,,12151,0,0,0,
de7f8ba1753d4e4cb95e6ac99007eacc,3470,100085,178,80,262,https://www.youtube.com/watch?v=SpdgWBLXPqA,178,80,262,https://www.youtube.com/watch?v=SpdgWBLXPqA,0,0,0,,0,0,0,0,
4b79f7afd84a42b98d11bd1c5cb6478c,3470,94528,0,0,0,,0,0,0,,0,0,0,,0,0,0,0,
7bf1f37dccbe4c72860c81a2772b91e1,3450,1556636,24,16,47,https://www.youtube.com/watch?v=fOnMzWI6hk4,32,8,47,https://www.youtube.com/watch?v=fOnMzWI6hk4,24,20,24,https://www.youtube.com/watch?v=IJS4Cd5KHMM,78,21,17,21,https://www.twitch.tv/videos/2829459437
f94ba8ea1a5441c4852d53e8f528ee20,3450,261278,428,229,2647,https://www.youtube.com/watch?v=pUekx5fw_AA,401,212,1292,https://www.youtube.com/watch?v=ppW-ZuvDPGk,2466,851,2647,https://www.youtube.com/watch?v=pUekx5fw_AA,581,0,0,0,
4d347ba9ca0c41c59cda553ebe4af5b1,3450,142041,74,27,127,https://www.youtube.com/watch?v=2uJHJs5Bf6c,74,27,127,https://www.youtube.com/watch?v=2uJHJs5Bf6c,0,0,0,,1240,0,0,0,
dd0401d23f5444c69b9d10db3b22d444,3430,147412,119,74,1674,https://www.youtube.com/watch?v=Chl5j9dzFr4,116,68,379,https://www.youtube.com/watch?v=b5lZR77p1SI,1133,450,1674,https://www.youtube.com/watch?v=Chl5j9dzFr4,24,0,0,0,
e810dcd23c334fd184d254718517764e,3410,216626,67,28,89,https://www.youtube.com/watch?v=S9P9OIQjaEk,67,28,89,https://www.youtube.com/watch?v=S9P9OIQjaEk,0,0,0,,0,0,0,0,
cf648a09bdbc45429f4fae7dfff1a040,3410,43756,0,0,0,,0,0,0,,0,0,0,,0,0,0,0,
5da1b6db7796434f9180d2f5e210ea6c,3410,261547,1193,217,9466,https://www.youtube.com/watch?v=tKRX_wvdnl8,89,57,254,https://www.youtube.com/watch?v=IsfmpSQLOls,1536,696,9466,https://www.youtube.com/watch?v=tKRX_wvdnl8,0,0,0,0,
7748d3ab76f34e06abb9d116bb432de2,3410,63390,0,0,0,,0,0,0,,0,0,0,,1645,0,0,0,
4d01ec47d0804a47a9fef6d9d01d9c29,3400,88845,0,0,0,,0,0,0,,0,0,0,,2169,155,84,155,https://www.twitch.tv/videos/2822712102
46145dc9eaab4a84898468905a4759b0,3400,78975,71,17,978,https://www.youtube.com/watch?v=pVeH2OquAKk,0,0,0,,71,17,978,https://www.youtube.com/watch?v=pVeH2OquAKk,0,0,0,0,
76cafd8f4f5e41cbad5e0520520fcc1b,3390,0,0,0,0,,0,0,0,,0,0,0,,0,0,0,0,
63f727e673b9460abd6f7079bcbb1865,3380,240060,190,71,1973,https://www.youtube.com/watch?v=0GRyj3JAcs4,173,58,278,https://www.youtube.com/watch?v=eWpwx_qZwLY,308,251,1973,https://www.youtube.com/watch?v=0GRyj3JAcs4,0,0,0,0,
c7a3d726bb4243cabb70dfd1e9545cd0,3380,163746,73,43,111,https://www.youtube.com/watch?v=dZIalebbJ1o,72,55,111,https://www.youtube.com/watch?v=dZIalebbJ1o,74,31,74,https://www.youtube.com/watch?v=utq8NtAzxs0,0,0,0,0,
886f64b4a0504b9fbe5e4687b92f6584,3380,224302,162,58,456,https://www.youtube.com/watch?v=2SpB4JqGvjQ,193,67,403,https://www.youtube.com/watch?v=OdZTiHcIu8w,67,30,456,https://www.youtube.com/watch?v=2SpB4JqGvjQ,173,17,14,66,https://www.twitch.tv/videos/2827592879
7e8fe40622974698a75d14d78006e009,3370,241904,275,124,2219,https://www.youtube.com/watch?v=O03EOtI0ISE,257,98,1835,https://www.youtube.com/watch?v=nXk78xaoKJ4,1868,534,2219,https://www.youtube.com/watch?v=O03EOtI0ISE,2588,760,558,1229,https://www.twitch.tv/videos/2829226537
2ceecb98e47845eab5e3d8d33bd53895,3370,106057,114,28,145,https://www.youtube.com/watch?v=SKHG_xvBTts,114,28,145,https://www.youtube.com/watch?v=SKHG_xvBTts,0,0,0,,0,0,0,0,
67ba07d1ace445328c13bfb9d612d564,3360,130953,220,175,1157,https://www.youtube.com/watch?v=ReCkajakqJY,190,138,269,https://www.youtube.com/watch?v=S0qjXVyd320,766,291,1157,https://www.youtube.com/watch?v=ReCkajakqJY,0,0,0,0,
3430201d0e1f4672a58faf16ee0f2761,3360,115721,161,51,284,https://www.youtube.com/watch?v=4Vo6g_DMuC4,161,51,284,https://www.youtube.com/watch?v=4Vo6g_DMuC4,0,0,0,,1371,94,74,114,https://www.twitch.tv/videos/2825323910
8125f51f9526408790a77c1c7b4a053b,3360,104346,0,0,0,,0,0,0,,0,0,0,,3574,0,0,0,
c485c46db92a4cda909347804da07153,3360,81703,0,0,0,,0,0,0,,0,0,0,,0,0,0,0,
70a7428607b845fc959fb7d4859d018b,3360,348911,0,0,0,,0,0,0,,0,0,0,,18557,0,0,0,
02cf3719d4f44b7dbedc324ef8b0702e,3360,65349,0,0,0,,0,0,0,,0,0,0,,0,0,0,0,
0f9d996c066a406dbe04161776c17461,3340,186835,116,53,229,https://www.youtube.com/watch?v=kmcNKkmw6dQ,105,48,229,https://www.youtube.com/watch?v=kmcNKkmw6dQ,134,82,138,https://www.youtube.com/watch?v=FBsgcV6sJ2k,0,0,0,0,
0e8150c7419f4c1d94d8ccfb41a04280,3340,329188,0,0,0,,0,0,0,,0,0,0,,0,0,0,0,
f466201465ac40ef9f3aefc9b08a39d1,3340,243357,412,143,1424,https://www.youtube.com/watch?v=9qvqapRgwJY,408,138,1090,https://www.youtube.com/watch?v=R0DqJcv7bE4,1148,402,1424,https://www.youtube.com/watch?v=9qvqapRgwJY,2401,820,318,63777,https://www.twitch.tv/videos/2833209477
8e249f04f6cb48bda24f1513a472f4d8,3330,269558,0,0,0,,0,0,0,,0,0,0,,0,0,0,0,
049cb6d09a3b4db49962aa5b8e468a3f,3310,29293,0,0,0,,0,0,0,,0,0,0,,1234,0,0,0,
9643c650b1804107b85de1f08010aa9d,3310,336104,243,128,675,https://www.youtube.com/watch?v=CjKEmnE4HC4,240,114,675,https://www.youtube.com/watch?v=CjKEmnE4HC4,523,272,523,https://www.youtube.com/watch?v=-KlNa7VvBu8,864,130,110,415,https://www.twitch.tv/videos/2823015547
a7810f3ba1af43ff888ccbbe477a1356,3300,34464,0,0,0,,0,0,0,,0,0,0,,1192,0,0,0,
288f2fba52bf4d6b9e0ba66e03439837,3290,52704,0,0,0,,0,0,0,,0,0,0,,2315,0,0,0,
5bbfc7c1b6584cef8c75f2f9044387d2,3290,321333,71,41,3450,https://www.youtube.com/watch?v=pL-Z_ISUQoU,68,35,166,https://www.youtube.com/watch?v=GK6D3aZc62Y,3450,1684,3450,https://www.youtube.com/watch?v=pL-Z_ISUQoU,0,0,0,0,
1756e5a7f5a04ff6a7b5f482201b5cfc,3280,77888,1396,119,1396,https://www.youtube.com/watch?v=ODXpCWZbicg,0,0,0,,1396,119,1396,https://www.youtube.com/watch?v=ODXpCWZbicg,24874,1657,654,2847,https://www.twitch.tv/videos/2832417109
72edc688855047cbbbe495e3f2af9fda,3270,132451,149,45,1098,https://www.youtube.com/watch?v=CU_NY8bq378,149,45,1098,https://www.youtube.com/watch?v=CU_NY8bq378,0,0,0,,0,0,0,0,
0ac7e05c8a3842e7bd1401652ce2bf4f,3260,134485,92,32,125,https://www.youtube.com/watch?v=whQJs1C0aKA,92,32,125,https://www.youtube.com/watch?v=whQJs1C0aKA,0,0,0,,0,0,0,0,
d2f9e9b19102408bbef636a6458934e6,3260,568858,288,109,472,https://www.youtube.com/watch?v=Jf_eu_7wP9Y,288,109,472,https://www.youtube.com/watch?v=Jf_eu_7wP9Y,0,0,0,,204,0,0,0,
cb5ff5f1898a45b1bc27a32057a1fa91,3240,72005,0,0,0,,0,0,0,,0,0,0,,2199,0,0,0,
b1bfaed0ed7f4ca9ae96c017159efe77,3240,330899,154,71,1383,https://www.youtube.com/watch?v=wGqMovE9fcQ,145,71,1383,https://www.youtube.com/watch?v=wGqMovE9fcQ,802,117,1198,https://www.youtube.com/watch?v=npCgAgwfEk8,167,38,36,38,https://www.twitch.tv/videos/2832703145
30f59fd702d5417c9225bc729bf7ec32,3240,270239,118,49,260,https://www.youtube.com/watch?v=fnGH8sEP-cM,118,49,260,https://www.youtube.com/watch?v=fnGH8sEP-cM,0,0,0,,0,0,0,0,
1140618a96154395909d53257bffe0e6,3200,153615,116,59,189,https://www.youtube.com/watch?v=148d0MYmo8w,116,59,189,https://www.youtube.com/watch?v=148d0MYmo8w,0,0,0,,267,0,0,0,
069ca07d5dd84cd3bf42e21a085d98fb,3190,26079,0,0,0,,0,0,0,,0,0,0,,161,0,0,0,
d539588cfa344f67965bb1dea41b9140,3190,292379,327,215,1864,https://www.youtube.com/watch?v=8SvFWBWE0Ig,323,191,832,https://www.youtube.com/watch?v=zjgZeEO3Jj0,1770,303,1864,https://www.youtube.com/watch?v=8SvFWBWE0Ig,0,0,0,0,
96be1e561acd4a75817c6424d9d4f9f0,3190,138614,0,0,0,,0,0,0,,0,0,0,,4164,155,129,324,https://www.twitch.tv/videos/2826746216
eb159df5d55b4730ab2955c5e2638e3f,3190,107089,351,321,351,https://www.youtube.com/watch?v=9TxWLZeailY,351,321,351,https://www.youtube.com/watch?v=9TxWLZeailY,0,0,0,,0,0,0,0,
67fdbfa65ee94cc688783102ef4f1ce5,3190,31627,0,0,0,,0,0,0,,0,0,0,,0,0,0,0,
b3f711673fea4ec5b6f87c023353594d,3180,225775,98,51,445,https://www.youtube.com/watch?v=q0db_TRTttE,97,46,131,https://www.youtube.com/watch?v=syr0XsrGnvQ,445,350,445,https://www.youtube.com/watch?v=q0db_TRTttE,0,0,0,0,
06e9953eb191486d979e6b92b6601d9a,3180,1375803,1415,595,14816,https://www.youtube.com/watch?v=8VkOE6ktI9E,0,0,0,,1415,595,14816,https://www.youtube.com/watch?v=8VkOE6ktI9E,2235,0,0,0,
38391974f5af4fbbb6224e3d6f2f7fb3,3180,193520,0,0,0,,0,0,0,,0,0,0,,6379,443,378,688,https://www.twitch.tv/videos/2827783261
bcbf00e1e98b4d5e8af20f29adbb0645,3170,205339,37,21,67,https://www.youtube.com/watch?v=famSGF52Y4M,37,21,67,https://www.youtube.com/watch?v=famSGF52Y4M,0,0,0,,0,0,0,0,
dba1db65ba874e18a33d8465d52d8f2e,3170,113320,92,30,92,https://www.youtube.com/watch?v=HxqLc4HC_EY,92,30,92,https://www.youtube.com/watch?v=HxqLc4HC_EY,0,0,0,,0,0,0,0,
536213f7ad4545f5a318156568763a35,3170,90136,0,0,0,,0,0,0,,0,0,0,,0,0,0,0,
8282a91b3aae44d3a075d08507665f4e,3170,63313,62,28,69,https://www.youtube.com/watch?v=HYtDxHDfGFg,62,28,69,https://www.youtube.com/watch?v=HYtDxHDfGFg,0,0,0,,0,0,0,0,
da189f9d282e4c31a4a8024d11fe368d,3170,146370,149,26,934,https://www.youtube.com/watch?v=SupQaHnMcys,134,24,672,https://www.youtube.com/watch?v=y4TG4J32OcU,934,799,934,https://www.youtube.com/watch?v=SupQaHnMcys,0,0,0,0,
14b8fa0f43664c31a5d634b20f9112d9,3170,150153,67,15,76,https://www.youtube.com/watch?v=r8cACfW_bVg,67,15,76,https://www.youtube.com/watch?v=r8cACfW_bVg,0,0,0,,0,0,0,0,
73675987096b486287784fc466b881be,3160,108574,224,93,1175,https://www.youtube.com/watch?v=K4dp2BMvcbE,220,93,322,https://www.youtube.com/watch?v=x-LwYF498p4,1175,213,1175,https://www.youtube.com/watch?v=K4dp2BMvcbE,0,0,0,0,
bddcd7d262a2434f9b6d77150fbbc72c,3160,44247,0,0,0,,0,0,0,,0,0,0,,0,0,0,0,
63f45366143549d8a2d26406445e0077,3150,152199,0,0,0,,0,0,0,,0,0,0,,0,0,0,0,
7c6d1a181c90471887696ff9637aed03,3140,146291,0,0,0,,0,0,0,,0,0,0,,0,0,0,0,
3d23ff5303d54cc58e5a69aa53b1db50,3140,422300,667,238,2965,https://www.youtube.com/watch?v=5oPREsTXjPA,667,238,2965,https://www.youtube.com/watch?v=5oPREsTXjPA,0,0,0,,0,0,0,0,
8a86c4d0f4ce462a92c6bf09c027e432,3140,2898750,0,0,0,,0,0,0,,0,0,0,,160,0,0,0,
1fdc000815cc476dbc9d19aa431305b5,3140,89975,646,115,646,https://www.youtube.com/watch?v=vXF2SZemKTs,0,0,0,,646,115,646,https://www.youtube.com/watch?v=vXF2SZemKTs,0,0,0,0,
101cdaf175c643c888d0d33bdab5da15,3130,182875,458,231,1269,https://www.youtube.com/watch?v=HFfGYXAMMn8,448,223,1158,https://www.youtube.com/watch?v=p0ygsX_Qt0U,1269,330,1269,https://www.youtube.com/watch?v=HFfGYXAMMn8,340,121,82,274,https://www.twitch.tv/videos/2825223682
853be9569c0e446eaa5c5059642ea63b,3130,200738,416,200,7459,https://www.youtube.com/watch?v=MbNG_aZGBD4,402,182,686,https://www.youtube.com/watch?v=DABQ1u9Refs,1682,773,7459,https://www.youtube.com/watch?v=MbNG_aZGBD4,111,0,0,0,
3bcfb277595f489ba52734d6f21c08e1,3090,0,0,0,0,,0,0,0,,0,0,0,,0,0,0,0,
aa9fa329d639488dbb860b8f8b3235f8,3080,178467,811,373,1222,https://www.youtube.com/watch?v=50q6H261JBk,878,531,1222,https://www.youtube.com/watch?v=50q6H261JBk,416,203,416,https://www.youtube.com/watch?v=G4kFIV-4htg,5159,1396,852,1481,https://www.twitch.tv/videos/2826276822
9af612c3f872434cad1ba2e5dcbfaec8,3080,1124658,0,0,0,,0,0,0,,0,0,0,,0,0,0,0,
c28d59f83d9345de91d208cf7732bac5,3070,90774,0,0,0,,0,0,0,,0,0,0,,0,0,0,0,
ea62d2e6bc854e7a81b01a2362be310f,3070,201462,0,0,0,,0,0,0,,0,0,0,,334,0,0,0,
89036aadc62d496aa73c0a0076d67f41,3060,108954,72,38,238,https://www.youtube.com/watch?v=g6gAJGN4yOc,72,38,238,https://www.youtube.com/watch?v=g6gAJGN4yOc,0,0,0,,3099,500,394,3083,https://www.twitch.tv/videos/2823134073
85ec3eac9fef49dcb3aeee87520a5b85,3060,144068,286,136,1492,https://www.youtube.com/watch?v=-YpMk3rlqk8,228,136,420,https://www.youtube.com/watch?v=ev4LDcE4Roo,989,233,1492,https://www.youtube.com/watch?v=-YpMk3rlqk8,0,0,0,0,
8d5345223f364c7d8cc7203ee0ffafd6,3050,158866,0,0,0,,0,0,0,,0,0,0,,0,0,0,0,
2f607aefde1d4264814d4e9282dd5cb0,3030,179435,146,79,2090,https://www.youtube.com/watch?v=igiQWUwnyGc,129,66,190,https://www.youtube.com/watch?v=QS3mcgT0cTE,1066,450,2090,https://www.youtube.com/watch?v=igiQWUwnyGc,265,0,0,0,
163841e490b14b2583a799b3795021ad,3020,81982,163,126,1131,https://www.youtube.com/watch?v=OR30ru-KYcM,117,65,163,https://www.youtube.com/watch?v=bMDRvlN3A5Q,618,250,1131,https://www.youtube.com/watch?v=OR30ru-KYcM,590,312,305,719,https://www.twitch.tv/videos/2821954482
44f1d1ad14034bd3949ad6f84624f0e4,2960,241424,141,41,1533,https://www.youtube.com/watch?v=hQfUEV_fNsQ,102,41,529,https://www.youtube.com/watch?v=VBtw--h-r0U,191,69,1533,https://www.youtube.com/watch?v=hQfUEV_fNsQ,2873,329,314,329,https://www.twitch.tv/videos/2832732513
20b40bdf50604e2198a3c964dd86d31c,2950,46239,0,0,0,,0,0,0,,0,0,0,,482,0,0,0,
e4bea3dcc8934426a57516d4d6b373f4,2950,154456,1576,651,1806,https://www.youtube.com/watch?v=sxzjbz_5oIg,0,0,0,,1576,651,1806,https://www.youtube.com/watch?v=sxzjbz_5oIg,6606,1794,729,3257,https://www.twitch.tv/videos/2815571696
9c64ee54cc094bf7931398eaf0c072d6,2950,195601,0,0,0,,0,0,0,,0,0,0,,2303,542,357,623,https://www.twitch.tv/videos/2833525899
accb26f2db2746e898b68ab07dd3c5bc,2940,195772,153,72,437,https://www.youtube.com/watch?v=SJ3DsTM6F8o,153,72,437,https://www.youtube.com/watch?v=SJ3DsTM6F8o,86,48,153,https://www.youtube.com/watch?v=uVRgdG7Pphc,949,79,56,116,https://www.twitch.tv/videos/2832611594
c15d8ca6249341d88086f2a9a2359812,2940,528068,633,258,4809,https://www.youtube.com/watch?v=B-3Y5MJ6XWA,342,166,741,https://www.youtube.com/watch?v=v1LWJ2mVD3A,1315,413,4809,https://www.youtube.com/watch?v=B-3Y5MJ6XWA,0,0,0,0,
32a08f858ffb4d6aba0624647cf8cf2d,2940,128101,72,40,595,https://www.youtube.com/watch?v=5BOmTP61b0E,72,40,595,https://www.youtube.com/watch?v=5BOmTP61b0E,0,0,0,,0,0,0,0,
99d1a2e0c8c047d2ad998e02d4dd9621,2940,103997,0,0,0,,0,0,0,,0,0,0,,0,0,0,0,
fd81a8861669442ca49c50bc4cfd4b5e,2940,186931,119,71,218,https://www.youtube.com/watch?v=RHju2Qwljjs,119,71,218,https://www.youtube.com/watch?v=RHju2Qwljjs,0,0,0,,0,0,0,0,
9f7bf6b3d935460e83896a0fe28012e9,2930,138554,141,35,1734,https://www.youtube.com/watch?v=R36yHfT5r7k,80,20,519,https://www.youtube.com/watch?v=KWhw-jwJCA8,1631,355,1734,https://www.youtube.com/watch?v=R36yHfT5r7k,1865,340,199,575,https://www.twitch.tv/videos/2818062465
0b0f8cd64c904508910707412b2c307f,2930,109117,324,200,515,https://www.youtube.com/watch?v=zxq6gZqTRSU,324,200,515,https://www.youtube.com/watch?v=zxq6gZqTRSU,0,0,0,,0,0,0,0,
451ce18d28ff493e8238df85858dfb02,2920,264206,0,0,0,,0,0,0,,0,0,0,,2153,0,0,0,
1901cef25e9940e7b3da42d3c189cada,2920,65915,0,0,0,,0,0,0,,0,0,0,,0,0,0,0,
4e48e10b3c2f439c934b1db25679b972,2910,322548,609,540,2145,https://www.youtube.com/watch?v=hpa5hoSle2I,609,540,2145,https://www.youtube.com/watch?v=hpa5hoSle2I,0,0,0,,0,0,0,0,
6443d56896a848dd820e339b5f81e292,2910,94405,0,0,0,,0,0,0,,0,0,0,,4528,138,113,218,https://www.twitch.tv/videos/2825358527
7da08de1840847b99c6fe9a44a1ca0ac,2900,72569,119,35,179,https://www.youtube.com/watch?v=wpTrR3sxEGE,119,35,179,https://www.youtube.com/watch?v=wpTrR3sxEGE,0,0,0,,0,0,0,0,
4f917f1ccdd74d34a3746c379282b6fe,2890,251910,0,0,0,,0,0,0,,0,0,0,,2085,141,117,146,https://www.twitch.tv/videos/2832679943
fc90561b03104438b6e8f657a28574ce,2880,132751,226,69,383,https://www.youtube.com/watch?v=faLJHJwL1K4,226,69,383,https://www.youtube.com/watch?v=faLJHJwL1K4,0,0,0,,0,0,0,0,
bbd618a3874d4ae2ba5af36a23bc1914,2870,75417,170,146,170,https://www.youtube.com/watch?v=OJj_u2PCdMM,0,0,0,,170,146,170,https://www.youtube.com/watch?v=OJj_u2PCdMM,14063,1796,944,3235,https://www.twitch.tv/videos/2815611887
6417469030e943748dfdba4ee26a08e4,2870,0,0,0,0,,0,0,0,,0,0,0,,1075,0,0,0,
677ae7ec361d4d3c9981bca8fbb974c8,2860,83586,135,70,164,https://www.youtube.com/watch?v=FN5jlaBZEDk,135,70,164,https://www.youtube.com/watch?v=FN5jlaBZEDk,0,0,0,,384,0,0,0,
4bbc9414c3184dfa9aeab5fcdfd87089,2860,4814,0,0,0,,0,0,0,,0,0,0,,0,0,0,0,
b606cde735d84b45ab96489d7a9997dd,2850,192102,36,17,154,https://www.youtube.com/watch?v=pkM0iW0dQ5w,36,17,154,https://www.youtube.com/watch?v=pkM0iW0dQ5w,0,0,0,,245,0,0,0,
cd98545ddec34fb2982ce2476c011db8,2850,43543,834,542,2462,https://www.youtube.com/watch?v=kAWhSWlfkaA,820,476,1756,https://www.youtube.com/watch?v=0W2hCmv85mk,999,542,2462,https://www.youtube.com/watch?v=kAWhSWlfkaA,0,0,0,0,
2463286fd3154219afa631c73d178147,2850,362564,211,91,1014,https://www.youtube.com/watch?v=qzkRRnddX6E,179,91,222,https://www.youtube.com/watch?v=tci8_1xgBIE,648,75,1014,https://www.youtube.com/watch?v=qzkRRnddX6E,0,0,0,0,
11dd1f817a6b4c80a066aedd8e0fa419,2840,88231,202,131,253,https://www.youtube.com/watch?v=bTL1FgwTWI8,202,131,253,https://www.youtube.com/watch?v=bTL1FgwTWI8,0,0,0,,0,0,0,0,
275aaf8046a144198dee96d20bce8b1a,2840,27911,0,0,0,,0,0,0,,0,0,0,,0,0,0,0,
118c05e7f751446abee5fc827fda0215,2840,837574,55,32,179,https://www.youtube.com/watch?v=BQGC8EJPmxM,55,32,179,https://www.youtube.com/watch?v=BQGC8EJPmxM,0,0,0,,0,0,0,0,
67b37e4e1f2f49d88a047d650b70be91,2840,71435,107,35,1537,https://www.youtube.com/watch?v=jt5mGQqngBs,97,33,262,https://www.youtube.com/watch?v=sbFWGi5T_BQ,1424,935,1537,https://www.youtube.com/watch?v=jt5mGQqngBs,962,104,73,569,https://www.twitch.tv/videos/2831455018
40aa59fe29c64def89ab5fdce90b89ae,2840,913072,60,28,144,https://www.youtube.com/watch?v=zP5wfc6ILEg,60,28,144,https://www.youtube.com/watch?v=zP5wfc6ILEg,0,0,0,,0,0,0,0,
fe5e2d95569c47f29e863a8212ed7c60,2830,84872,0,0,0,,0,0,0,,0,0,0,,4835,935,610,1028,https://www.twitch.tv/videos/2823915170
76165d25983b463eaa1da66c86a32b7c,2830,39476,0,0,0,,0,0,0,,0,0,0,,770,141,113,241,https://www.twitch.tv/videos/2822911936
b79ac08a857c4553921c04c3b14b89ea,2830,196294,216,41,430,https://www.youtube.com/watch?v=2E22lzBVKC4,0,0,0,,216,41,430,https://www.youtube.com/watch?v=2E22lzBVKC4,500,0,0,0,
15b52ca3f3b5410cb2bb305d2bb737c4,2820,209285,1567,680,2580,https://www.youtube.com/watch?v=-7krccT9Nyg,0,0,0,,1567,680,2580,https://www.youtube.com/watch?v=-7krccT9Nyg,1244,206,121,307,https://www.twitch.tv/videos/2821292644
8402646577b24bd5918bda8690e790b4,2810,353918,1647,1564,1647,https://www.youtube.com/watch?v=2azGV57dYoM,0,0,0,,1647,1564,1647,https://www.youtube.com/watch?v=2azGV57dYoM,1879,403,368,752,https://www.twitch.tv/videos/2826090889
70f1d3ae590e4f2184f695fd2140010c,2800,711489,0,0,0,,0,0,0,,0,0,0,,0,0,0,0,
cd4c94db2aed435794cc7e55999016e7,2800,121677,61,23,74,https://www.youtube.com/watch?v=3hMiAfJfG3o,61,23,74,https://www.youtube.com/watch?v=3hMiAfJfG3o,0,0,0,,348,54,33,77,https://www.twitch.tv/videos/2822973338
339b4a73ce92470c97b1626405d5eb5b,2790,90612,0,0,0,,0,0,0,,0,0,0,,423,0,0,0,
d9205a7681c74bacae6e0c413aff1ab1,2790,84367,0,0,0,,0,0,0,,0,0,0,,0,0,0,0,
d6666443c70f478eb3008d28a33e0f61,2790,213969,257,175,7379,https://www.youtube.com/watch?v=CxC2EAnbyBQ,234,129,2891,https://www.youtube.com/watch?v=06WNsmsEyoU,1481,1102,7379,https://www.youtube.com/watch?v=CxC2EAnbyBQ,0,0,0,0,
d210d8dfc0ec4a97907b9cebb5413ae3,2780,126800,480,385,480,https://www.youtube.com/watch?v=_f320gIwrqQ,480,385,480,https://www.youtube.com/watch?v=_f320gIwrqQ,0,0,0,,0,0,0,0,
d55860f26114410c97af27ba1269e3ed,2780,149643,78,61,122,https://www.youtube.com/watch?v=sVrP5B3foNs,78,61,122,https://www.youtube.com/watch?v=sVrP5B3foNs,0,0,0,,1594,165,116,281,https://www.twitch.tv/videos/2827684762
2875db54b5d74d01b301d63d36dd6fbf,2780,65868,177,111,177,https://www.youtube.com/watch?v=ogvFOGVIlc8,177,111,177,https://www.youtube.com/watch?v=ogvFOGVIlc8,0,0,0,,0,0,0,0,
e6a9746af2a84387b6ed5a7d3a4434da,2780,265313,142,63,2528,https://www.youtube.com/watch?v=mRGen7uhJ1A,120,69,299,https://www.youtube.com/watch?v=8FqN-eGnbUo,237,58,2528,https://www.youtube.com/watch?v=mRGen7uhJ1A,0,0,0,0,
2c6d5a00eabf47e2affcc8fa6ec64f9c,2770,202953,41,20,1010,https://www.youtube.com/watch?v=wz0VKOUx884,40,16,89,https://www.youtube.com/watch?v=50z01o2JMJc,655,386,1010,https://www.youtube.com/watch?v=wz0VKOUx884,136,72,39,72,https://www.twitch.tv/videos/2822856767
b256a399ae7a49e18208455d29c2eb12,2760,429021,34,19,1224,https://www.youtube.com/watch?v=2pmgZCGJeok,30,17,159,https://www.youtube.com/watch?v=2ILs6q3q9TQ,1224,1045,1224,https://www.youtube.com/watch?v=2pmgZCGJeok,1281,98,66,125,https://www.twitch.tv/videos/2823500172
1c8887da9e96471ca28b97d80e390698,2750,199504,177,77,15894,https://www.youtube.com/watch?v=Qd3ZOmqAMro,131,56,375,https://www.youtube.com/watch?v=rK_emA9Y9f4,378,212,15894,https://www.youtube.com/watch?v=Qd3ZOmqAMro,0,0,0,0,
96ff628d2280470b833174c32200a749,2750,64607,158,88,671,https://www.youtube.com/watch?v=ZsSiEg6wG0I,158,88,542,https://www.youtube.com/watch?v=vHY5swGWwRs,392,364,671,https://www.youtube.com/watch?v=ZsSiEg6wG0I,0,0,0,0,
4a64836a88024358a7401530fed8e0f8,2740,362469,74,26,130,https://www.youtube.com/watch?v=xCSBLJRhDkc,74,28,130,https://www.youtube.com/watch?v=xCSBLJRhDkc,14,8,14,https://www.youtube.com/watch?v=5G3iwXUBRLg,6218,424,171,613,https://www.twitch.tv/videos/2811851353
4dd71b1079284bdb8ba90198317e524d,2730,176684,148,76,240,https://www.youtube.com/watch?v=XdwnFR6YfVg,162,147,237,https://www.youtube.com/watch?v=s5gJKNeTt8A,120,50,240,https://www.youtube.com/watch?v=XdwnFR6YfVg,0,0,0,0,
62f37fa0a2f44083945f03db36e50dff,2730,55169,151,81,927,https://www.youtube.com/watch?v=uIvSYst0i00,151,81,927,https://www.youtube.com/watch?v=uIvSYst0i00,0,0,0,,0,0,0,0,
fda1d7f773b04b6898f5180e21e47874,2730,0,0,0,0,,0,0,0,,0,0,0,,0,0,0,0,
652d06b0251940bea32cd69dec3057e6,2730,2025,274,15,274,https://www.youtube.com/watch?v=ZmzfSA7_2yw,274,15,274,https://www.youtube.com/watch?v=ZmzfSA7_2yw,0,0,0,,404,0,0,0,
c9510d2324d34b6fbd19ce627bf2bbac,2730,0,0,0,0,,0,0,0,,0,0,0,,0,0,0,0,
e9c48535f2af4f638e5a4c54ffa7862c,2730,149031,29,9,41,https://www.youtube.com/watch?v=eAvsXLYWj1c,29,9,41,https://www.youtube.com/watch?v=eAvsXLYWj1c,0,0,0,,0,0,0,0,
d2b1ba87da034210bbe54bfa1c01bc41,2720,60665,0,0,0,,0,0,0,,0,0,0,,8777,245,91,396,https://www.twitch.tv/videos/2814669473
c377cbfa47984f0ba9242b1f6e3dfc75,2710,26004,0,0,0,,0,0,0,,0,0,0,,2704,79,47,83,https://www.twitch.tv/videos/2826745747
7b40a7a144da4408b8de712c740e60dc,2700,133479,0,0,0,,0,0,0,,0,0,0,,0,0,0,0,
1551bebc6c26453e9893f342c68002bd,2700,66226,274,94,1471,https://www.youtube.com/watch?v=RhdKsfzeBr8,274,94,1471,https://www.youtube.com/watch?v=RhdKsfzeBr8,0,0,0,,372,75,53,127,https://www.twitch.tv/videos/2828294180
247eca886f5c43188a3d6d3945e40636,2700,146297,176,75,615,https://www.youtube.com/watch?v=QpYTb559Jlg,176,75,615,https://www.youtube.com/watch?v=QpYTb559Jlg,0,0,0,,0,0,0,0,
b4d14d75b48847b5adb8be6906dfec30,2690,131590,589,165,2017,https://www.youtube.com/watch?v=REEUwBfjhe8,558,164,805,https://www.youtube.com/watch?v=F_ElvDNAk38,2017,1928,2017,https://www.youtube.com/watch?v=REEUwBfjhe8,519,0,0,0,
0a20931c68dc49c8bd08eda1486193d8,2690,68002,0,0,0,,0,0,0,,0,0,0,,1404,0,0,0,
2c2bf7ce933a4f34ac25c2dfa72fe565,2690,192146,902,712,3485,https://www.youtube.com/watch?v=i6iZJH03sIQ,518,111,902,https://www.youtube.com/watch?v=qAVHrE1IIqQ,2080,1009,3485,https://www.youtube.com/watch?v=i6iZJH03sIQ,846,229,182,637,https://www.twitch.tv/videos/2828521106
c2f77009b4264e3fa09aa054c89bb40c,2680,90949,0,0,0,,0,0,0,,0,0,0,,129,0,0,0,
662341d52a8e413d8fe661c8da9470f0,2670,43227,0,0,0,,0,0,0,,0,0,0,,0,0,0,0,
bac6a676ace94e759d9faaaed94ce1b1,2660,137877,139,68,205,https://www.youtube.com/watch?v=aWbedOnlWpU,139,68,205,https://www.youtube.com/watch?v=aWbedOnlWpU,0,0,0,,0,0,0,0,
a577528125314beab91d127043218bb2,2660,121316,0,0,0,,0,0,0,,0,0,0,,0,0,0,0,
73a96bba42b444df98487ed22f97c240,2650,354814,545,241,30127,https://www.youtube.com/watch?v=v0ezAn6dugg,81,35,240,https://www.youtube.com/watch?v=Q4EU2VqpjFo,1590,616,30127,https://www.youtube.com/watch?v=v0ezAn6dugg,930,115,64,158,https://www.twitch.tv/videos/2812004111
d0e0745dd98a4cab9c5e4ff43e3d246f,2640,78637,0,0,0,,0,0,0,,0,0,0,,0,0,0,0,
5b40a93fac8646f48fca66add3d3642c,2630,224766,109,57,1065,https://www.youtube.com/watch?v=DY6qtKfAv_s,107,44,370,https://www.youtube.com/watch?v=mJ4wDRdhPu0,753,181,1065,https://www.youtube.com/watch?v=DY6qtKfAv_s,0,0,0,0,
add8ccfa282a4524ae5b5d8435279bf7,2630,111143,459,227,28641,https://www.youtube.com/watch?v=QZjDf8U3FQE,342,198,605,https://www.youtube.com/watch?v=tnbRSjt7gH8,1716,789,28641,https://www.youtube.com/watch?v=QZjDf8U3FQE,0,0,0,0,
0bef54320f364c5a9289fceac64c5411,2630,78903,0,0,0,,0,0,0,,0,0,0,,172,18,13,25,https://www.twitch.tv/videos/2824536211
75e0561f549f4775b90601a9d308340a,2630,69319,52,30,66,https://www.youtube.com/watch?v=RWrPFp_fga8,52,30,66,https://www.youtube.com/watch?v=RWrPFp_fga8,0,0,0,,0,0,0,0,
d576c2396a004f3c8dd91baf14254898,2620,85202,34,18,79,https://www.youtube.com/watch?v=vr8j4foVFuc,34,18,79,https://www.youtube.com/watch?v=vr8j4foVFuc,0,0,0,,2881,123,88,156,https://www.twitch.tv/videos/2827802342
f4da0eee989545d2ade906b022a50e8c,2620,198140,70,50,2412,https://www.youtube.com/watch?v=HfpT1PCTeAQ,68,45,148,https://www.youtube.com/watch?v=H8o6rkxgiyQ,2412,58,2412,https://www.youtube.com/watch?v=HfpT1PCTeAQ,4078,450,376,616,https://www.twitch.tv/videos/2828785320
6c4992a47ccc4c3bb997d3c49ddc2ec8,2620,72909,1363,1345,1363,https://www.youtube.com/watch?v=omuBPI4UDLQ,0,0,0,,1363,1345,1363,https://www.youtube.com/watch?v=omuBPI4UDLQ,761,37,32,41,https://www.twitch.tv/videos/2833570277
f96c65701df94732853d86ffd893081e,2610,78210,237,167,306,https://www.youtube.com/watch?v=GZia0Uh4CXg,237,167,306,https://www.youtube.com/watch?v=GZia0Uh4CXg,0,0,0,,0,0,0,0,
0a178f2c7b994a4ea8eb845ebd489a5a,2610,147692,64,32,89,https://www.youtube.com/watch?v=Jw2zTkse7KY,64,32,89,https://www.youtube.com/watch?v=Jw2zTkse7KY,0,0,0,,206,0,0,0,
d95e3d9eed1a4e87a736a882a1fb9288,2610,245150,150,116,291,https://www.youtube.com/watch?v=tqmrPxxj0fw,150,116,291,https://www.youtube.com/watch?v=tqmrPxxj0fw,0,0,0,,92,0,0,0,
407d2bd02ef04b9ea28e5189383942be,2600,125238,0,0,0,,0,0,0,,0,0,0,,653,246,159,776,https://www.twitch.tv/videos/2826022828
0dbf3f6f6521460782992a963122aed0,2600,296966,280,81,1471,https://www.youtube.com/watch?v=RIKTfCXdRYE,280,86,634,https://www.youtube.com/watch?v=S7rPYdc58us,432,58,1471,https://www.youtube.com/watch?v=RIKTfCXdRYE,391,0,0,0,
3896e47ba9f64b7082eee3980734ab14,2580,288936,0,0,0,,0,0,0,,0,0,0,,0,0,0,0,
356186a5552f499baab4ac520b7d4235,2570,114044,273,155,1579,https://www.youtube.com/watch?v=cGj5Eex2-mk,237,147,878,https://www.youtube.com/watch?v=ZOUxrpRgY14,1464,1099,1579,https://www.youtube.com/watch?v=cGj5Eex2-mk,0,0,0,0,
60234dcffd2b42f097a78aaf121d410f,2570,61850,0,0,0,,0,0,0,,0,0,0,,217,0,0,0,
7c147c43030b44b9ae244d82c387c82a,2570,82949,1766,333,1766,https://www.youtube.com/watch?v=hFHXcKTq8uM,0,0,0,,1766,333,1766,https://www.youtube.com/watch?v=hFHXcKTq8uM,0,0,0,0,
b8c13d7702844995a0b4a66eda4d31bc,2570,94849,3,1,14,https://www.youtube.com/watch?v=bvnepqvYwyA,0,0,0,,3,1,14,https://www.youtube.com/watch?v=bvnepqvYwyA,1610,349,234,893,https://www.twitch.tv/videos/2829996649
02168475e7ca4234b57d53f495bf3bbc,2570,153986,38,14,149,https://www.youtube.com/watch?v=DyjBB8OO0J0,38,14,149,https://www.youtube.com/watch?v=DyjBB8OO0J0,0,0,0,,0,0,0,0,
b115a7f57f664800a9f71a25eaf73b92,2560,83144,68,22,200,https://www.youtube.com/watch?v=PqDCzkbpnME,66,24,104,https://www.youtube.com/watch?v=PTf0OMhqPGo,186,13,200,https://www.youtube.com/watch?v=PqDCzkbpnME,0,0,0,0,
7a93714b53274fbaad48bef3b409d458,2560,216944,290,132,474,https://www.youtube.com/watch?v=gk0K2dHpH5s,290,132,474,https://www.youtube.com/watch?v=gk0K2dHpH5s,0,0,0,,0,0,0,0,
86957fa57641453e9fcb73550e58b64f,2560,79711,149,57,1611,https://www.youtube.com/watch?v=45FNK8INgDk,148,49,198,https://www.youtube.com/watch?v=E4u4xk7IyY0,1431,665,1611,https://www.youtube.com/watch?v=45FNK8INgDk,514,0,0,0,
59005edeef174395915757d45718177d,2550,41731,0,0,0,,0,0,0,,0,0,0,,0,0,0,0,
9767904fedef42febaa98e9162973356,2550,590736,168,63,797,https://www.youtube.com/watch?v=oh2SdgzWDR4,177,73,797,https://www.youtube.com/watch?v=oh2SdgzWDR4,70,21,367,https://www.youtube.com/watch?v=GgZq4mUumE8,0,0,0,0,
a429c3010da544bab919814a3ea472a4,2540,86224,0,0,0,,0,0,0,,0,0,0,,2908,226,153,532,https://www.twitch.tv/videos/2828546000
a66441bdef584fe0806c4be0fd2cf53a,2540,108203,155,102,165,https://www.youtube.com/watch?v=eNYe0EVVHJU,129,76,155,https://www.youtube.com/watch?v=qJO3nIoJ97g,165,124,165,https://www.youtube.com/watch?v=eNYe0EVVHJU,0,0,0,0,
7653119a278b4ea59d2af5e2ba7d30e0,2530,118790,163,59,173,https://www.youtube.com/watch?v=4zQZeyXRfXo,163,59,173,https://www.youtube.com/watch?v=4zQZeyXRfXo,0,0,0,,0,0,0,0,
c40a8ff66b3348dc8459766b74846feb,2530,1497,0,0,0,,0,0,0,,0,0,0,,1921,0,0,0,
faa4994019724702a9da315a8c3641bc,2530,171211,1154,225,2137,https://www.youtube.com/watch?v=Czgi3_Z3TPs,180,65,290,https://www.youtube.com/watch?v=FWgbTk8L5JA,1649,771,2137,https://www.youtube.com/watch?v=Czgi3_Z3TPs,0,0,0,0,
75a90497bfc2480f954c276b70f7b1c3,2520,190201,0,0,0,,0,0,0,,0,0,0,,7009,0,0,0,
fbf616b4f812413dbe6b156c8a9d5e5f,2510,69611,0,0,0,,0,0,0,,0,0,0,,0,0,0,0,
a960b283b1124f44bc4bf2a16199977a,2510,107824,0,0,0,,0,0,0,,0,0,0,,4775,0,0,0,
891c39f050e048aebafaafc90a1c4cbd,2510,56065,150,119,150,https://www.youtube.com/watch?v=Z-Uqx16FLnw,150,119,150,https://www.youtube.com/watch?v=Z-Uqx16FLnw,0,0,0,,0,0,0,0,
889bc532fb85455bae33baf0aa7ec003,2510,210077,75,25,183,https://www.youtube.com/watch?v=9FjOpmUbqUc,75,25,183,https://www.youtube.com/watch?v=9FjOpmUbqUc,0,0,0,,0,0,0,0,
c8c0ab1d59fb4608ab1e460e946fa88a,2510,116708,78,57,115,https://www.youtube.com/watch?v=drTEGnroX1M,78,57,115,https://www.youtube.com/watch?v=drTEGnroX1M,0,0,0,,0,0,0,0,
83e0f3520699474ba7f017e5e4388a5f,2510,51609,67,17,101,https://www.youtube.com/watch?v=MhdAQns_l-4,67,17,101,https://www.youtube.com/watch?v=MhdAQns_l-4,0,0,0,,0,0,0,0,
284024f40bb34b429debb78e7dbf3391,2500,6278,0,0,0,,0,0,0,,0,0,0,,0,0,0,0,
db6b14a0319e4f639bfcf8d4309c064d,2500,369248,853,388,853,https://www.youtube.com/watch?v=sCjyeXeulNA,0,0,0,,853,388,853,https://www.youtube.com/watch?v=sCjyeXeulNA,3323,212,171,346,https://www.twitch.tv/videos/2828501595
e68bb26e386a4d49a2f521f8abc83376,2500,0,0,0,0,,0,0,0,,0,0,0,,3508,0,0,0,
932fd42911c74016bc7da418abd29f0f,2500,73133,77,33,146,https://www.youtube.com/watch?v=1mvg9QKi_6g,77,33,146,https://www.youtube.com/watch?v=1mvg9QKi_6g,0,0,0,,90,0,0,0,
62e0c4a2dc274095a08c49a7850d3b78,2480,41110,0,0,0,,0,0,0,,0,0,0,,1574,0,0,0,
87968861d5794c01bfce46d51c8abfc7,2480,24923,0,0,0,,0,0,0,,0,0,0,,0,0,0,0,
352894d7c4eb4c9f87e248eae450183a,2480,305065,236,94,1245,https://www.youtube.com/watch?v=dp2SGC4lc6E,236,94,341,https://www.youtube.com/watch?v=8KNUbYv8fjE,706,206,1245,https://www.youtube.com/watch?v=dp2SGC4lc6E,0,0,0,0,
f656e3210df449889b6ad9e72acd7a72,2480,203459,362,166,1345,https://www.youtube.com/watch?v=djJRTnxEXrM,328,166,436,https://www.youtube.com/watch?v=k8ixp4Rv4-0,952,753,1345,https://www.youtube.com/watch?v=djJRTnxEXrM,0,0,0,0,
b19d58b07131413a92b4bd16e37e8e38,2480,11658,0,0,0,,0,0,0,,0,0,0,,0,0,0,0,
07553f6f3df84c3396508456ccbe7df2,2470,95290,173,130,326,https://www.youtube.com/watch?v=NZ1oYbHPpgM,173,130,326,https://www.youtube.com/watch?v=NZ1oYbHPpgM,0,0,0,,1052,0,0,0,
a0c76cedf0e346a18586077a38f302d8,2470,111078,1480,562,2720,https://www.youtube.com/watch?v=7glVcC8Mdsw,241,86,241,https://www.youtube.com/watch?v=C2fw4lMjkSg,2720,1039,2720,https://www.youtube.com/watch?v=7glVcC8Mdsw,172,0,0,0,
1c304e8690e2400d9482f1173f59ad70,2460,122041,156,66,508,https://www.youtube.com/watch?v=6eFuNly_wO4,160,76,508,https://www.youtube.com/watch?v=6eFuNly_wO4,98,59,98,https://www.youtube.com/watch?v=s_Siv5iCWQE,316,92,48,170,https://www.twitch.tv/videos/2831049587
bee9506c5d714205bfc69573280852c2,2460,182115,75,52,39024,https://www.youtube.com/watch?v=HwaESl7BiXU,58,34,103,https://www.youtube.com/watch?v=olBALjlKZIU,1871,962,39024,https://www.youtube.com/watch?v=HwaESl7BiXU,2211,84,74,220,https://www.twitch.tv/videos/2822868827
eb9c18d484464a8e9ac12f44c761ce27,2460,65375,0,0,0,,0,0,0,,0,0,0,,683,0,0,0,
9c913230c732455c9604dae9ebcfa64e,2450,121835,7,1,1062,https://www.youtube.com/watch?v=Ae1HNGNlPfU,0,0,0,,7,1,1062,https://www.youtube.com/watch?v=Ae1HNGNlPfU,1332,445,288,530,https://www.twitch.tv/videos/2827693770
6e1845e76035452287436153470e8656,2440,113521,134,59,214,https://www.youtube.com/watch?v=uWbcjuGLhJw,134,59,214,https://www.youtube.com/watch?v=uWbcjuGLhJw,0,0,0,,461,0,0,0,
87568c720cae40a99264816eb1875347,2440,159411,95,37,261,https://www.youtube.com/watch?v=Fs6L84boKvI,97,39,261,https://www.youtube.com/watch?v=Fs6L84boKvI,31,8,54,https://www.youtube.com/watch?v=qaxZZ_TfrJw,0,0,0,0,
27bbe711f5e848a9bc8accc73fc79471,2440,25235,107,55,107,https://www.youtube.com/watch?v=W1_GNtZEd2g,107,55,107,https://www.youtube.com/watch?v=W1_GNtZEd2g,0,0,0,,0,0,0,0,
daf01d921fcd4d59876e7f574a083aba,2440,53741,0,0,0,,0,0,0,,0,0,0,,0,0,0,0,
4766ec1a407f4271bca77fb81487e81a,2430,102259,150,102,2194,https://www.youtube.com/watch?v=tlidYCOdP38,116,55,187,https://www.youtube.com/watch?v=MMZaQLMUAyo,1318,454,2194,https://www.youtube.com/watch?v=tlidYCOdP38,4671,578,297,1860,https://www.twitch.tv/videos/2821996250
a7874e2ea7a44640a4ad427680a1dc9a,2410,76992,0,0,0,,0,0,0,,0,0,0,,305,0,0,0,
72a83f60773546dba886008320809d70,2410,487144,32,11,36,https://www.youtube.com/watch?v=vZiSbSNUnMQ,32,11,36,https://www.youtube.com/watch?v=vZiSbSNUnMQ,0,0,0,,10242,600,310,901,https://www.twitch.tv/videos/2818016263
cfc335d4b3e3411ca5b39ccb41a81958,2400,155355,640,281,935,https://www.youtube.com/watch?v=ZcRnPsmERuE,640,281,935,https://www.youtube.com/watch?v=ZcRnPsmERuE,0,0,0,,0,0,0,0,
b322780e7b80404193373149bfa8e86d,2400,54810,0,0,0,,0,0,0,,0,0,0,,0,0,0,0,
fa2a2255fa7d4aa7b5b54dea5dd2b1c4,2390,72350,60,38,104,https://www.youtube.com/watch?v=uc_H9yyD-HU,60,38,104,https://www.youtube.com/watch?v=uc_H9yyD-HU,0,0,0,,0,0,0,0,
cc1bad00639b4149b277f0d2e99c2abe,2390,83935,57,32,100,https://www.youtube.com/watch?v=7dTdLbsSn9c,59,33,100,https://www.youtube.com/watch?v=7dTdLbsSn9c,32,8,32,https://www.youtube.com/watch?v=LxmVV9sQfNQ,0,0,0,0,
e66d389ebb604096bfa99178e1a13c27,2380,291697,1074,195,1773,https://www.youtube.com/watch?v=6S860ZUYPas,1023,668,1773,https://www.youtube.com/watch?v=6S860ZUYPas,1543,38,1558,https://www.youtube.com/watch?v=Ilxdv-u48Jc,3800,237,199,308,https://www.twitch.tv/videos/2833490704
bd9c7d2e96094ce7b8ca032228bb13c7,2370,48346,0,0,0,,0,0,0,,0,0,0,,0,0,0,0,
7667228c716242d787e1e9cf37224896,2370,98813,0,0,0,,0,0,0,,0,0,0,,0,0,0,0,
364f94fc7493453e9f53787ade8e35c6,2370,391323,181,70,2257,https://www.youtube.com/watch?v=HDlIpISMgXY,181,70,2257,https://www.youtube.com/watch?v=HDlIpISMgXY,0,0,0,,12,0,0,0,
d18dd7d3e19f469b9e3faaa6c1fe2b0d,2370,47154,88,41,1110,https://www.youtube.com/watch?v=c9g6O0XC5Eo,83,37,244,https://www.youtube.com/watch?v=scSs0msOcy8,1110,307,1110,https://www.youtube.com/watch?v=c9g6O0XC5Eo,234,0,0,0,
8be6ce1a26af47a4985205da119eab5a,2370,384633,202,97,1117,https://www.youtube.com/watch?v=m4YPfqW1d1M,193,97,237,https://www.youtube.com/watch?v=FaX4KdIbZ30,684,161,1117,https://www.youtube.com/watch?v=m4YPfqW1d1M,0,0,0,0,
c79b5a5a5c8b4d8f917afdfc16c01961,2360,103881,0,0,0,,0,0,0,,0,0,0,,3890,1118,560,1126,https://www.twitch.tv/videos/2812840085
b7fa120fd2264ecca8f9f02ece2850a9,2350,80280,0,0,0,,0,0,0,,0,0,0,,159,0,0,0,
076c16fcd0c843c0b70748712d15f233,2350,36141,88,36,282,https://www.youtube.com/watch?v=RhR3XnkipNw,65,36,111,https://www.youtube.com/watch?v=FA2Mx2NTUz0,282,223,282,https://www.youtube.com/watch?v=RhR3XnkipNw,0,0,0,0,
80c426d23cdb4dcda1d1a0a1bd7e0245,2350,27299,0,0,0,,0,0,0,,0,0,0,,6183,0,0,0,
3f12c2866e564c3086183c6e75ef79eb,2340,59092,0,0,0,,0,0,0,,0,0,0,,0,0,0,0,
c805a5c2c4fb4a068a65267452aa4da5,2340,88143,30,14,62,https://www.youtube.com/watch?v=yuogxbIEvgo,30,14,62,https://www.youtube.com/watch?v=yuogxbIEvgo,0,0,0,,0,0,0,0,
572c03fa49b54d4b95935321b4722b68,2340,475690,167,101,1950,https://www.youtube.com/watch?v=tmqG_3sLI_s,0,0,0,,167,101,1950,https://www.youtube.com/watch?v=tmqG_3sLI_s,1914,261,77,301,https://www.twitch.tv/videos/2831617509
95f3f004ed9641139567827519f6b35e,2340,159610,0,0,0,,0,0,0,,0,0,0,,252,0,0,0,
6c812a2f61ac470f8e3b30a92dca9d81,2340,76099,0,0,0,,0,0,0,,0,0,0,,0,0,0,0,
084c49d869114256af18c13cc4b56414,2330,52530,0,0,0,,0,0,0,,0,0,0,,0,0,0,0,
d3a3eab7a3e34ea98784c44e3691c726,2330,90691,0,0,0,,0,0,0,,0,0,0,,0,0,0,0,
65a52797bec24b9bb2df5201068873a4,2330,26113,118,111,118,https://www.youtube.com/watch?v=59WXDEKcFVs,118,111,118,https://www.youtube.com/watch?v=59WXDEKcFVs,0,0,0,,0,0,0,0,
eb38f509e8464ba19ba8579e0b99e262,2320,103039,119,31,180,https://www.youtube.com/watch?v=oXT1G9q2uAo,119,31,180,https://www.youtube.com/watch?v=oXT1G9q2uAo,0,0,0,,0,0,0,0,
4a1e39ee23e6423fbfd3a15b1e28c8f3,2320,59014,0,0,0,,0,0,0,,0,0,0,,0,0,0,0,
2af83bdd7db644d88ffdaf123c38619b,2310,75867,99,25,135,https://www.youtube.com/watch?v=7V4_QB0cAYw,99,25,135,https://www.youtube.com/watch?v=7V4_QB0cAYw,0,0,0,,0,0,0,0,
395eade6d67445e1831010cac52ab444,2310,96244,0,0,0,,0,0,0,,0,0,0,,780,0,0,0,
b975eb70ed174bbda87e181be25bd1c5,2310,87099,0,0,0,,0,0,0,,0,0,0,,0,0,0,0,
e8be1d48c5a249cebcef72b17653ef34,2310,22530,0,0,0,,0,0,0,,0,0,0,,0,0,0,0,
70d5f64a7e324d7584d7e5116d6dc5a2,2310,75412,234,69,234,https://www.youtube.com/watch?v=jysNW1UOE4o,234,69,234,https://www.youtube.com/watch?v=jysNW1UOE4o,0,0,0,,0,0,0,0,
d8008bc6129d49d4bebfe530c4d02751,2300,3283,0,0,0,,0,0,0,,0,0,0,,0,0,0,0,
9fb51e14ba1c499eb6383a7a166a4d52,2300,83983,37,16,62,https://www.youtube.com/watch?v=TEI91e9-Vdo,37,16,62,https://www.youtube.com/watch?v=TEI91e9-Vdo,0,0,0,,0,0,0,0,
6510332f58be4d86b0007c77a622c959,2300,321570,339,148,493,https://www.youtube.com/watch?v=XQjYswr0vBA,339,148,493,https://www.youtube.com/watch?v=XQjYswr0vBA,0,0,0,,3259,229,181,366,https://www.twitch.tv/videos/2830309274
6274e7f2acaf4d48b5fa569168f9468e,2290,140704,156,145,211,https://www.youtube.com/watch?v=sHRRyrHybJo,156,145,211,https://www.youtube.com/watch?v=sHRRyrHybJo,0,0,0,,0,0,0,0,
6873f5b9a88c42ba980878bbffb5682a,2290,179733,236,69,329,https://www.youtube.com/watch?v=h5C9sjlAfUw,236,69,329,https://www.youtube.com/watch?v=h5C9sjlAfUw,0,0,0,,0,0,0,0,
7ce04ee5bb63467f8b70a69136049218,2290,26905,0,0,0,,0,0,0,,0,0,0,,1773,156,94,167,https://www.twitch.tv/videos/2829519343
4ac7e88bd2234040a1da03644b06a501,2290,0,0,0,0,,0,0,0,,0,0,0,,0,0,0,0,
fe0305c914c549879b315b6dc3204748,2280,46464,379,135,379,https://www.youtube.com/watch?v=lVrP8xMQD2E,379,135,379,https://www.youtube.com/watch?v=lVrP8xMQD2E,0,0,0,,0,0,0,0,
a64ba9e0b7dd4de58ffbdf9ca043a90b,2280,103927,77,35,1097,https://www.youtube.com/watch?v=HItzamBP12w,77,34,221,https://www.youtube.com/watch?v=YjWtnxTzZIg,1097,715,1097,https://www.youtube.com/watch?v=HItzamBP12w,94,0,0,0,
75f110ca5e9a4b7db3c57912baf5ca27,2280,178230,0,0,0,,0,0,0,,0,0,0,,6423,11048,5543,35214,https://www.twitch.tv/videos/2814981516
6f382359f4d0436e9e1d4f87e4696e76,2270,69809,80,15,104,https://www.youtube.com/watch?v=GgVLxFLXzNA,80,15,104,https://www.youtube.com/watch?v=GgVLxFLXzNA,0,0,0,,0,0,0,0,
ad43fda31b7842dc8e7854840b974614,2270,101811,56,26,154,https://www.youtube.com/watch?v=kcQFlFfsD-Y,56,26,154,https://www.youtube.com/watch?v=kcQFlFfsD-Y,0,0,0,,1153,64,39,88,https://www.twitch.tv/videos/2832765527
43e557d175ce462b97c4c406954d8c04,2270,462052,0,0,0,,0,0,0,,0,0,0,,508,0,0,0,
4d44c28a73394954a4d1bf2a1b2c162c,2270,155527,109,55,317,https://www.youtube.com/watch?v=C3aas44jzmY,109,53,317,https://www.youtube.com/watch?v=C3aas44jzmY,117,108,117,https://www.youtube.com/watch?v=HdXuXTq2BHE,0,0,0,0,
c1aa10208a06439481231599b25845b0,2260,189533,733,232,1562,https://www.youtube.com/watch?v=Oq_X7vTaADI,157,43,202,https://www.youtube.com/watch?v=Fv5aVg9TzvQ,1053,520,1562,https://www.youtube.com/watch?v=Oq_X7vTaADI,2196,202,170,437,https://www.twitch.tv/videos/2823676239
68c912c0e68b455f91cd3e1dfbf7d33b,2260,53063,254,120,1455,https://www.youtube.com/watch?v=91eK1O5KKlk,248,111,556,https://www.youtube.com/watch?v=t5BRLN0LmUM,1417,646,1455,https://www.youtube.com/watch?v=91eK1O5KKlk,719,0,0,0,
f146e7f1a1164dbfab960ea34873afb5,2250,86696,0,0,0,,0,0,0,,0,0,0,,116,34,23,40,https://www.twitch.tv/videos/2822945850
edc63a5ab371435ea8614134d401c517,2250,92267,0,0,0,,0,0,0,,0,0,0,,0,0,0,0,
4ed0862cff5b47bcbf4b6a30e431e0fa,2250,95880,1175,346,3025,https://www.youtube.com/watch?v=FuoURfNiLIY,0,0,0,,1175,346,3025,https://www.youtube.com/watch?v=FuoURfNiLIY,0,0,0,0,
6cd8cdc530d14e2d9d0a9cd20cb6b05c,2250,85941,50,12,50,https://www.youtube.com/watch?v=ETU8x8mPW18,50,12,50,https://www.youtube.com/watch?v=ETU8x8mPW18,0,0,0,,0,0,0,0,
25904d8b82c84d74a8abffb804647e21,2240,114229,0,0,0,,0,0,0,,0,0,0,,394,0,0,0,
90c317900736475a8c5cae632bdd0960,2240,158603,0,0,0,,0,0,0,,0,0,0,,0,0,0,0,
46954e0541644057a88f590a4739722c,2230,65700,192,90,516,https://www.youtube.com/watch?v=ck8cBHcqpYI,222,103,516,https://www.youtube.com/watch?v=ck8cBHcqpYI,162,53,162,https://www.youtube.com/watch?v=CxZeU8xMfyU,131,0,0,0,
a9e5491563fd4b05896ef9a8cb2ee7d7,2230,132775,479,169,1066,https://www.youtube.com/watch?v=xTYkk1sQ8Uw,479,169,1066,https://www.youtube.com/watch?v=xTYkk1sQ8Uw,0,0,0,,0,0,0,0,
de610557c5c041df85e41e7f2f5490f5,2230,12682,0,0,0,,0,0,0,,0,0,0,,4206,0,0,0,
29574cafecff435b90d34431e2153f02,2230,301593,102,41,1681,https://www.youtube.com/watch?v=pnLhKXM7kec,69,23,102,https://www.youtube.com/watch?v=d_ew_B94zXQ,656,297,1681,https://www.youtube.com/watch?v=pnLhKXM7kec,179,39,34,39,https://www.twitch.tv/videos/2830955071
a60c8fc0a1324bf8b65053231ee22373,2230,539700,43,17,2220,https://www.youtube.com/watch?v=up9P6KRpcJ0,39,14,155,https://www.youtube.com/watch?v=_YA4J0jom6Y,445,227,2220,https://www.youtube.com/watch?v=up9P6KRpcJ0,179,14,9,31,https://www.twitch.tv/videos/2830946665
345b2eb5c8bf4d7d9fa72176f67de440,2230,43163,0,0,0,,0,0,0,,0,0,0,,882,90,77,101,https://www.twitch.tv/videos/2827848040
9b8fe3ac0f30473f87290d314dfda74e,2220,2388,0,0,0,,0,0,0,,0,0,0,,0,0,0,0,
751596501f4f420a8a5c5c9d839efb22,2220,116002,0,0,0,,0,0,0,,0,0,0,,272,0,0,0,
b9104b7fdb804facb0d8847f373a8a05,2220,123160,54,15,74,https://www.youtube.com/watch?v=J0D2EJLJmsU,54,15,74,https://www.youtube.com/watch?v=J0D2EJLJmsU,0,0,0,,110,0,0,0,
92354b79050d4a2dbdb2289a7498a662,2220,37963,0,0,0,,0,0,0,,0,0,0,,0,0,0,0,
1225d23bc1814140bc0093c1407f06b3,2220,186177,133,51,1744,https://www.youtube.com/watch?v=Ocrf3leCjlE,121,49,360,https://www.youtube.com/watch?v=aaXPdemk7go,1625,788,1744,https://www.youtube.com/watch?v=Ocrf3leCjlE,108,0,0,0,
65c0e7f6562d419e944caea644836c1f,2210,92795,114,62,190,https://www.youtube.com/watch?v=HcbNFTHhKDg,114,62,190,https://www.youtube.com/watch?v=HcbNFTHhKDg,0,0,0,,297,28,26,30,https://www.twitch.tv/videos/2833540176
ab069c9401bc4bd09eea8f5ece525d54,2210,348683,0,0,0,,0,0,0,,0,0,0,,0,0,0,0,
c0ce3bfbf1434af3a2a7bd7b2c38e7e7,2210,160205,307,120,981,https://www.youtube.com/watch?v=U_VcePtjaUg,302,115,431,https://www.youtube.com/watch?v=VwV6Visg50U,981,858,981,https://www.youtube.com/watch?v=U_VcePtjaUg,0,0,0,0,
0bf305da1ec14c5c8447b9a007bc81f6,2210,237172,483,128,1896,https://www.youtube.com/watch?v=GGRo9xgO6eM,180,102,1168,https://www.youtube.com/watch?v=uBaJrtZhaRk,1648,833,1896,https://www.youtube.com/watch?v=GGRo9xgO6eM,1066,96,55,186,https://www.twitch.tv/videos/2823458022
8890acc220cd4f969ec2e23a28c1eda2,2210,8745,0,0,0,,0,0,0,,0,0,0,,0,0,0,0,
c52b95b6a42d48f0ae888720492a5a46,2210,146326,0,0,0,,0,0,0,,0,0,0,,0,0,0,0,
504678b9fa2f4506879ba42b27a13dff,2200,241765,149,84,3515,https://www.youtube.com/watch?v=kPE6_I1pG8k,100,42,213,https://www.youtube.com/watch?v=JCGY5fSwzcs,1127,564,3515,https://www.youtube.com/watch?v=kPE6_I1pG8k,0,0,0,0,
27f5926236d04e34a08fdb7ab83940bc,2200,67751,173,70,307,https://www.youtube.com/watch?v=xi3_qNT4YmM,173,70,307,https://www.youtube.com/watch?v=xi3_qNT4YmM,0,0,0,,0,0,0,0,
d418b8a185f449b3a15c1656ba654780,2200,160777,0,0,0,,0,0,0,,0,0,0,,0,0,0,0,
1ead15220cb842a79c3922d08d618e31,2200,4595,0,0,0,,0,0,0,,0,0,0,,0,0,0,0,
5c7278d46cd24b8eb5f49c446acc759d,2200,13566,269,96,558,https://www.youtube.com/watch?v=8s_WNpZY2Cg,269,96,558,https://www.youtube.com/watch?v=8s_WNpZY2Cg,0,0,0,,82,0,0,0,
c94bc4ff4689403aac751731d33150e6,2190,62272,235,123,6279,https://www.youtube.com/watch?v=ooepe4oM42g,213,106,2060,https://www.youtube.com/watch?v=4NreyI2l6T8,1164,746,6279,https://www.youtube.com/watch?v=ooepe4oM42g,480,226,154,270,https://www.twitch.tv/videos/2828698624
cec266a3203a4d1599494b42f35b4012,2190,10146,1728,493,1728,https://www.youtube.com/watch?v=d6syrgmx6I0,0,0,0,,1728,493,1728,https://www.youtube.com/watch?v=d6syrgmx6I0,533,28,26,73,https://www.twitch.tv/videos/2823796465
f99429e8c2324c5db10f11c3a2c51b5d,2190,70152,0,0,0,,0,0,0,,0,0,0,,0,0,0,0,
78dea7b59be448329ec287a403f95a13,2190,31009,37,12,52,https://www.youtube.com/watch?v=5xUQEwuQmwI,0,0,0,,37,12,52,https://www.youtube.com/watch?v=5xUQEwuQmwI,2107,191,145,242,https://www.twitch.tv/videos/2824567831
60602526ae1d48688c23a74b3cb527e8,2180,100485,82,49,88,https://www.youtube.com/watch?v=obCOIdsVdU4,82,49,88,https://www.youtube.com/watch?v=obCOIdsVdU4,0,0,0,,0,0,0,0,
73a6eae6a16942ef8726b2c475fef9e0,2180,135767,0,0,0,,0,0,0,,0,0,0,,0,0,0,0,
19a2801d800547e58c6560aa1accf3e4,2170,97533,91,37,139,https://www.youtube.com/watch?v=IX4rRuqsW04,91,37,139,https://www.youtube.com/watch?v=IX4rRuqsW04,0,0,0,,450,0,0,0,
d45c287a84b6485e8ff3400cf50f5db7,2170,169930,0,0,0,,0,0,0,,0,0,0,,4398,739,330,1686,https://www.twitch.tv/videos/2822196159
8b732f3260e0427f9cf795b93ada310a,2170,64042,452,88,651,https://www.youtube.com/watch?v=AnFcIgrnMY4,0,0,0,,452,88,651,https://www.youtube.com/watch?v=AnFcIgrnMY4,3836,845,429,1515,https://www.twitch.tv/videos/2812494341
b5c9831f97f4427a88a96d7c4ee40539,2160,200292,0,0,0,,0,0,0,,0,0,0,,1694,0,0,0,
8a63cc5d44b44e2c88122e98c533d20a,2160,332321,0,0,0,,0,0,0,,0,0,0,,0,0,0,0,
0dc64e677ea0451095971685f0618966,2160,126102,0,0,0,,0,0,0,,0,0,0,,0,0,0,0,
5da8c6fb027049cc8bc2030c56e8c489,2150,30248,0,0,0,,0,0,0,,0,0,0,,137,0,0,0,
9ef5ec69554f46e887a9ac0fe54b4f41,2150,84911,0,0,0,,0,0,0,,0,0,0,,0,0,0,0,
8e84dbdebec446bab8c82b3f0467f398,2150,196448,87,57,1503,https://www.youtube.com/watch?v=bnY44Ingi_Y,81,42,182,https://www.youtube.com/watch?v=8qHEWLyUjXw,1347,653,1503,https://www.youtube.com/watch?v=bnY44Ingi_Y,0,0,0,0,
d2b6390494b94f44ac75b6e53780a09c,2140,35788,0,0,0,,0,0,0,,0,0,0,,62,0,0,0,
a76c19e10aa4463f92f0d2e0f30ab84a,2140,144854,93,47,1980,https://www.youtube.com/watch?v=kR_R9Qa-xIE,91,43,283,https://www.youtube.com/watch?v=Hz-LOOO4lYY,1980,151,1980,https://www.youtube.com/watch?v=kR_R9Qa-xIE,0,0,0,0,
326e254f0da14bc6bfc5d379164cf5c6,2130,46289,0,0,0,,0,0,0,,0,0,0,,0,0,0,0,
08da85c2b24747a2aaeec4fe6cf9d681,2130,58178,2884,1322,32875,https://www.youtube.com/watch?v=jDaSZ-TOZog,0,0,0,,2884,1322,32875,https://www.youtube.com/watch?v=jDaSZ-TOZog,0,0,0,0,
62b58adde13f4a73ab406f857d730e20,2120,95091,87,44,669,https://www.youtube.com/watch?v=FsjVTphB0aY,86,43,276,https://www.youtube.com/watch?v=eXrlBBJrFFA,669,416,669,https://www.youtube.com/watch?v=FsjVTphB0aY,0,0,0,0,
80ea9b92d31c48b8b2cf2ca5bacc2a08,2120,70018,65,32,65,https://www.youtube.com/watch?v=YJxs0-8koxs,65,32,65,https://www.youtube.com/watch?v=YJxs0-8koxs,0,0,0,,0,0,0,0,
c41a24bf9c8f48ee9454119057088688,2120,86978,0,0,0,,0,0,0,,0,0,0,,0,0,0,0,
3039dc305f614cd89e8ee8d028dea0ff,2110,70980,0,0,0,,0,0,0,,0,0,0,,0,0,0,0,
4f93fe928d264a299c6589e09fbda21e,2110,163338,0,0,0,,0,0,0,,0,0,0,,0,0,0,0,
2c92fe49ca9f4b8faf8f4521378857d2,2100,289234,0,0,0,,0,0,0,,0,0,0,,662,17,13,26,https://www.twitch.tv/videos/2830287049
58d43efc5b4046148d02de0e65ef9120,2100,239231,136,58,10396,https://www.youtube.com/watch?v=_iiCrLHh4l8,119,45,306,https://www.youtube.com/watch?v=mvvJGEDYKCg,444,85,10396,https://www.youtube.com/watch?v=_iiCrLHh4l8,559,98,89,193,https://www.twitch.tv/videos/2830956135
1310ffb60dcf40eaaf6a08890e632234,2100,103159,71,7,119,https://www.youtube.com/watch?v=BNg_leilWyc,71,7,119,https://www.youtube.com/watch?v=BNg_leilWyc,0,0,0,,0,0,0,0,
9870111c23124c19a12de7bbdeb8abc1,2100,72548,67,40,77,https://www.youtube.com/watch?v=wGo5kYpVTBQ,67,40,77,https://www.youtube.com/watch?v=wGo5kYpVTBQ,0,0,0,,0,0,0,0,
ef03340f293242f89fe15f2f828dbf7f,2100,48057,55,22,111,https://www.youtube.com/watch?v=MoYGHK0IZbU,55,22,111,https://www.youtube.com/watch?v=MoYGHK0IZbU,0,0,0,,652,19,16,41,https://www.twitch.tv/videos/2831907154
226eb1e34c924ae2914d960039905d08,2100,234544,93,12,1267,https://www.youtube.com/watch?v=yQwy9s9uuYc,76,10,220,https://www.youtube.com/watch?v=wPtIoSmr0dc,1267,366,1267,https://www.youtube.com/watch?v=yQwy9s9uuYc,0,0,0,0,
08a9cb204a03447bbba896df3ee6a096,2100,11908,0,0,0,,0,0,0,,0,0,0,,375,0,0,0,
6b36f446b10e4ea99d5d80d60beeee21,2090,50554,0,0,0,,0,0,0,,0,0,0,,8155,152,118,152,https://www.twitch.tv/videos/2828537550
9efea510313f4733b4d0b5e3cfb6988b,2090,523332,36,24,51,https://www.youtube.com/watch?v=eEemk5vodgU,34,17,34,https://www.youtube.com/watch?v=_K1bicDsDGg,39,31,51,https://www.youtube.com/watch?v=eEemk5vodgU,0,0,0,0,
6d2945d11f504edb9962f742b54f6553,2090,36230,19,12,19,https://www.youtube.com/watch?v=qmG47POokgA,19,12,19,https://www.youtube.com/watch?v=qmG47POokgA,0,0,0,,1111,0,0,0,
40082e2bb0b546d3bd3ebb75a3192092,2090,1644545,283,181,2213,https://www.youtube.com/watch?v=0pIbvjBEcpc,51,29,57,https://www.youtube.com/watch?v=mUE9qyB3UoA,312,184,2213,https://www.youtube.com/watch?v=0pIbvjBEcpc,0,0,0,0,
e9047e02eb6340ff940114f754c76875,2080,58188,52,9,77,https://www.youtube.com/watch?v=h7yn44TYEWs,52,9,77,https://www.youtube.com/watch?v=h7yn44TYEWs,0,0,0,,0,0,0,0,
92e03a33b1e640f6aa94211011de5d24,2080,77039,1542,530,2173,https://www.youtube.com/watch?v=4t4LoW1zX_M,0,0,0,,1542,530,2173,https://www.youtube.com/watch?v=4t4LoW1zX_M,289,92,78,92,https://www.twitch.tv/videos/2830272074
e58a5a6f40e040d79bbcd139824d6fc7,2080,268410,545,228,1523,https://www.youtube.com/watch?v=xUEEyBqEg6U,0,0,0,,545,228,1523,https://www.youtube.com/watch?v=xUEEyBqEg6U,11252,3756,1693,5865,https://www.twitch.tv/videos/2810300747
ab540a5b73bb4dfa85cebffb70fad5db,2070,59027,0,0,0,,0,0,0,,0,0,0,,1226,0,0,0,
8b7a4cfb12e54a309645f0e077bb088a,2070,34254,0,0,0,,0,0,0,,0,0,0,,0,0,0,0,
33918eea49984fb499619652ce58a4fa,2070,35738,0,0,0,,0,0,0,,0,0,0,,0,0,0,0,
4f20b9493001401f81b7a451bf856fba,2060,216476,1437,905,6832,https://www.youtube.com/watch?v=n5McDdg-cv8,0,0,0,,1437,905,6832,https://www.youtube.com/watch?v=n5McDdg-cv8,1579,0,0,0,
44b22851b9df4612bec834e2cfde9489,2060,520770,61,24,109,https://www.youtube.com/watch?v=O0Dk5l7SEd8,62,25,109,https://www.youtube.com/watch?v=O0Dk5l7SEd8,32,6,32,https://www.youtube.com/watch?v=NNt3_XVzueY,0,0,0,0,
6eefc3826f4f49a0b28a5288c5e0d83e,2060,12696,505,92,505,https://www.youtube.com/watch?v=GQc0fVvc4ZQ,0,0,0,,505,92,505,https://www.youtube.com/watch?v=GQc0fVvc4ZQ,2623,211,130,427,https://www.twitch.tv/videos/2827718947
93e7079bd21c499f9004e79d18489d28,2060,492577,0,0,0,,0,0,0,,0,0,0,,86,0,0,0,
1b863baf309a4ff587385012bb5bde51,2060,79882,0,0,0,,0,0,0,,0,0,0,,340,0,0,0,
b8d723ac79eb47229a23adc4029a5bd5,2060,0,0,0,0,,0,0,0,,0,0,0,,0,0,0,0,
8b810380ed254a5e8a85b65552ba4e61,2060,124177,835,793,835,https://www.youtube.com/watch?v=AoKV0WC_OkY,0,0,0,,835,793,835,https://www.youtube.com/watch?v=AoKV0WC_OkY,23695,2284,742,4695,https://www.twitch.tv/videos/2812703768
e897180feafa4f748c41f13306b6f379,2050,452207,254,196,3221,https://www.youtube.com/watch?v=VFd8jRtxmyY,215,149,310,https://www.youtube.com/watch?v=d0Cl0USKBsg,1748,1323,3221,https://www.youtube.com/watch?v=VFd8jRtxmyY,13,0,0,0,
aa72818fdcaf460b9b3f90e92d702e57,2050,83107,1758,1174,1970,https://www.youtube.com/watch?v=-dHGg9ofx2I,0,0,0,,1758,1174,1970,https://www.youtube.com/watch?v=-dHGg9ofx2I,8397,3406,1611,10589,https://www.twitch.tv/videos/2817487761
7cc197b36bc64bf38aaf98a17eaf8d31,2040,218107,217,84,2291,https://www.youtube.com/watch?v=g2qBXHFIff0,139,63,225,https://www.youtube.com/watch?v=cV7Nn4Fs8IY,1574,865,2291,https://www.youtube.com/watch?v=g2qBXHFIff0,0,0,0,0,
cb52afa541704e6e8f1098a20679135c,2040,119779,0,0,0,,0,0,0,,0,0,0,,322,22,21,33,https://www.twitch.tv/videos/2833676472
9087489bcb234de9bb2a8942a1562a61,2040,75982,0,0,0,,0,0,0,,0,0,0,,0,0,0,0,
e32a7d950f5a4b53ab2f47d225aec4fd,2040,54927,66,19,80,https://www.youtube.com/watch?v=mVzFQJfGP6c,66,19,80,https://www.youtube.com/watch?v=mVzFQJfGP6c,0,0,0,,0,0,0,0,
0414bb8fc082472a9434bd4a463a9865,2030,11082,0,0,0,,0,0,0,,0,0,0,,191,0,0,0,
6fa5098cd1c644c5871a47a7e56803dc,2030,79049,270,170,719,https://www.youtube.com/watch?v=NDbNOnWIQ2Y,260,167,475,https://www.youtube.com/watch?v=Zx7yk4wbvIU,657,365,719,https://www.youtube.com/watch?v=NDbNOnWIQ2Y,261,0,0,0,
44ae1f339250472c82d1fc4ffb3610ad,2030,101551,346,137,1995,https://www.youtube.com/watch?v=Jx4s1rMSoJM,346,137,1995,https://www.youtube.com/watch?v=Jx4s1rMSoJM,543,442,1334,https://www.youtube.com/watch?v=k0H2oV1J3W4,2899,939,315,1316,https://www.twitch.tv/videos/2825892545
2e58c53f72f144dbad853ca8630dab19,2030,73382,159,69,251,https://www.youtube.com/watch?v=96f52bVCHz4,159,69,251,https://www.youtube.com/watch?v=96f52bVCHz4,0,0,0,,237,105,86,165,https://www.twitch.tv/videos/2826140739
7d2aa4176f60423bb1532ac37ed55e28,2020,166281,96,51,321,https://www.youtube.com/watch?v=qLYbS8616K8,104,53,321,https://www.youtube.com/watch?v=qLYbS8616K8,41,33,41,https://www.youtube.com/watch?v=AD_Sh__1qNg,0,0,0,0,
83eff3b0de694818876092eaabd35b4a,2020,95660,55,28,244,https://www.youtube.com/watch?v=LmdL0eHCYZQ,55,28,244,https://www.youtube.com/watch?v=LmdL0eHCYZQ,0,0,0,,0,0,0,0,
1c4d1b6728454276a4a5c4e0d6a94a20,2020,0,0,0,0,,0,0,0,,0,0,0,,0,0,0,0,
712d031e7f004ed99aa1dfdb176cff32,2020,118775,450,143,450,https://www.youtube.com/watch?v=69_1tFMuxlE,450,143,450,https://www.youtube.com/watch?v=69_1tFMuxlE,0,0,0,,321,0,0,0,
83a59a0d6537461fb429af7e3af1d152,2020,258354,0,0,0,,0,0,0,,0,0,0,,0,0,0,0,
54a8fe908e2040bfb366aca0e67cc23f,2020,0,0,0,0,,0,0,0,,0,0,0,,0,0,0,0,
a5681ed32f994c57a107a0b9248fb228,2010,82723,103,58,223,https://www.youtube.com/watch?v=3WWICTjbCN8,103,58,223,https://www.youtube.com/watch?v=3WWICTjbCN8,0,0,0,,0,0,0,0,
2a20316d245d406193331300bb44fdec,2010,26224,0,0,0,,0,0,0,,0,0,0,,5369,730,595,758,https://www.twitch.tv/videos/2828540704
361d3dd97ee9430f85d57b61ea8f0b85,2010,171707,121,81,1063,https://www.youtube.com/watch?v=x6CiBgio4co,111,76,287,https://www.youtube.com/watch?v=9xYc5kBBcPg,983,818,1063,https://www.youtube.com/watch?v=x6CiBgio4co,0,0,0,0,
829ebc1f7fc34bd1b770298799fccaa7,2010,43429,0,0,0,,0,0,0,,0,0,0,,0,0,0,0,
6eeed5b0702a45df8470a617ee2c5243,2010,24086,0,0,0,,0,0,0,,0,0,0,,0,0,0,0,
b84f2dfff8ce4ca1af82bfc44405f1e7,2000,91112,59,28,203,https://www.youtube.com/watch?v=3KhN1VdnduE,59,28,203,https://www.youtube.com/watch?v=3KhN1VdnduE,0,0,0,,0,0,0,0,
c85f3da0538546c499238b23d273f627,2000,0,0,0,0,,0,0,0,,0,0,0,,413,0,0,0,
95f8bb8a92c1450b8b5993f740b39338,2000,763383,0,0,0,,0,0,0,,0,0,0,,295,0,0,0,
bb1cda940e0a44b3a25f3e368c19c490,2000,63665,135,61,192,https://www.youtube.com/watch?v=iDJrd9Zzxyg,135,61,192,https://www.youtube.com/watch?v=iDJrd9Zzxyg,0,0,0,,0,0,0,0,
14d334ad35f146ecbb047d1c20652fe1,2000,347375,0,0,0,,0,0,0,,0,0,0,,0,0,0,0,
0563e1d0ff394d1ab0d6a09d89870fba,1990,149045,82,36,227,https://www.youtube.com/watch?v=RBCt49GiuYo,82,36,227,https://www.youtube.com/watch?v=RBCt49GiuYo,0,0,0,,146,83,72,277,https://www.twitch.tv/videos/2825908726
749161d9934f41bf97e7210afd6b3bb1,1990,41122,0,0,0,,0,0,0,,0,0,0,,106,0,0,0,
8c171b8f4b854cbfade4ee2babc19e0f,1980,46284,161,58,280,https://www.youtube.com/watch?v=st9Pu_lgskg,161,58,280,https://www.youtube.com/watch?v=st9Pu_lgskg,0,0,0,,0,0,0,0,
8f7fdc3104f541539132c122eeab6801,1980,45147,143,81,231,https://www.youtube.com/watch?v=6wp3SUDekw0,143,81,231,https://www.youtube.com/watch?v=6wp3SUDekw0,0,0,0,,0,0,0,0,
7bd1bc8b491d47e0b7cf0a573c36120e,1980,101464,0,0,0,,0,0,0,,0,0,0,,0,0,0,0,
0c1efcf431bc4ffbb208775a9738e348,1970,70321,373,60,864,https://www.youtube.com/watch?v=Lka3BB8_aeI,373,60,864,https://www.youtube.com/watch?v=Lka3BB8_aeI,0,0,0,,178,0,0,0,
3a8fe50b02d04b45af3974ed979c52eb,1970,99584,195,112,1830,https://www.youtube.com/watch?v=tG8kqY4JzkY,180,95,364,https://www.youtube.com/watch?v=ruU7Xz6DNAE,1101,905,1830,https://www.youtube.com/watch?v=tG8kqY4JzkY,0,0,0,0,
4b7c733a13d247ec84844698ecc7ba0c,1970,43571,0,0,0,,0,0,0,,0,0,0,,2760,294,188,426,https://www.twitch.tv/videos/2821923800
4de89158f20a4d0e8023f15db8a9526e,1960,147178,0,0,0,,0,0,0,,0,0,0,,0,0,0,0,
9031798ec1884b52b17df470b6c379b2,1960,56164,205,149,233,https://www.youtube.com/watch?v=BVegkeVCLTY,205,149,233,https://www.youtube.com/watch?v=BVegkeVCLTY,0,0,0,,0,0,0,0,
6bddfe8d54104f4192c56e4935a871de,1960,603081,0,0,0,,0,0,0,,0,0,0,,1175,201,145,617,https://www.twitch.tv/videos/2831827791
bf124655587e4f5b937d695be814d25d,1950,154049,98,60,201,https://www.youtube.com/watch?v=qmq7VoPNp-k,98,60,201,https://www.youtube.com/watch?v=qmq7VoPNp-k,0,0,0,,0,0,0,0,
17b1d3fb1e1944dabd5e6a45f94e2f6b,1950,70936,114,93,209,https://www.youtube.com/watch?v=ACE-v-YvhQ8,114,93,209,https://www.youtube.com/watch?v=ACE-v-YvhQ8,0,0,0,,0,0,0,0,
d564ef4ee383435787e18dee18247631,1950,62727,66,29,452,https://www.youtube.com/watch?v=XavzDboiPVs,63,23,452,https://www.youtube.com/watch?v=XavzDboiPVs,173,78,193,https://www.youtube.com/watch?v=dzxz3oMtUtk,390,14,8,30,https://www.twitch.tv/videos/2822116248
637a5867616a436ba0f7cdd36057f55a,1950,159297,134,44,7323,https://www.youtube.com/watch?v=3Vjl3q30SnA,117,36,7323,https://www.youtube.com/watch?v=3Vjl3q30SnA,4767,1863,4767,https://www.youtube.com/watch?v=apnftskA0O4,104,0,0,0,
0fbdfcc1b9cf41fdb840cf2f546d9324,1940,148444,32,12,1285,https://www.youtube.com/watch?v=tmW9ektUVaM,32,12,122,https://www.youtube.com/watch?v=wFZpkvXxTPU,6,4,1285,https://www.youtube.com/watch?v=tmW9ektUVaM,676,0,0,0,
c0ae01f224734769a38c39b97fb6dbb7,1940,52499,0,0,0,,0,0,0,,0,0,0,,406,67,50,70,https://www.twitch.tv/videos/2827816926
1025a2d1ea674c649b1e7934895bd419,1930,56203,145,76,159,https://www.youtube.com/watch?v=KWDg1OnPbkw,145,76,159,https://www.youtube.com/watch?v=KWDg1OnPbkw,0,0,0,,0,0,0,0,
77829b31e6e246efbf1f648a353ff823,1930,299036,188,113,7565,https://www.youtube.com/watch?v=vT7HUduSFx0,185,97,531,https://www.youtube.com/watch?v=k_3Qt2vW97g,1502,601,7565,https://www.youtube.com/watch?v=vT7HUduSFx0,0,0,0,0,
734477be3c5d42afbdde5356c6a6e8ee,1930,83378,0,0,0,,0,0,0,,0,0,0,,0,0,0,0,
70c982c2dffc4cd08c90431abcc8be97,1930,56125,45,20,80,https://www.youtube.com/watch?v=rFGfr9NxgTQ,45,20,80,https://www.youtube.com/watch?v=rFGfr9NxgTQ,0,0,0,,202,44,27,104,https://www.twitch.tv/videos/2829406004
5ff20156ebbf4390a3573d6a94aed8df,1920,96687,92,40,340,https://www.youtube.com/watch?v=bPJhMv0Xuas,92,40,340,https://www.youtube.com/watch?v=bPJhMv0Xuas,0,0,0,,0,0,0,0,
8564954960ba466fa7f17bc0e0ea5e8e,1920,38942,0,0,0,,0,0,0,,0,0,0,,359,50,41,50,https://www.twitch.tv/videos/2829853044
f3b487c00ef5466eaa529f3a2e8d6753,1910,24796,183,76,316,https://www.youtube.com/watch?v=-bY9tzEiObw,183,76,316,https://www.youtube.com/watch?v=-bY9tzEiObw,0,0,0,,0,0,0,0,
1eb556018c7847feb170b09b8622590c,1910,124463,51,3,142,https://www.youtube.com/watch?v=YwX9nOZzbVU,51,3,142,https://www.youtube.com/watch?v=YwX9nOZzbVU,0,0,0,,13,33,28,37,https://www.twitch.tv/videos/2827708761
31c7fada1ab24cbd83ab4ae698955a29,1910,85394,59,25,3038,https://www.youtube.com/watch?v=yG5px8D8BDA,36,24,94,https://www.youtube.com/watch?v=B_CYqOc0QrI,246,150,3038,https://www.youtube.com/watch?v=yG5px8D8BDA,0,0,0,0,
b34b0381ce8e40f2b24fa0a96a1e1bd5,1910,95674,0,0,0,,0,0,0,,0,0,0,,0,0,0,0,
bc7d14416ba24cc8819f0753e1f595f5,1900,329464,106,55,2056,https://www.youtube.com/watch?v=ELOj1KBG1u8,103,48,220,https://www.youtube.com/watch?v=XYVPHhIejHM,1175,289,2056,https://www.youtube.com/watch?v=ELOj1KBG1u8,0,0,0,0,
bff58c28269748eb99103a257886309a,1900,64750,113,58,1744,https://www.youtube.com/watch?v=2qGNZQjlwFU,106,50,312,https://www.youtube.com/watch?v=uzrZnMiUqyw,1097,703,1744,https://www.youtube.com/watch?v=2qGNZQjlwFU,0,0,0,0,
7c18bc597298484c8f2925759fc1ac4a,1900,14796,69,38,132,https://www.youtube.com/watch?v=AbZDG2j4eWk,69,38,132,https://www.youtube.com/watch?v=AbZDG2j4eWk,0,0,0,,798,0,0,0,
018244f1ad404c9eaa4ddf747c3bafa0,1900,251382,184,87,424,https://www.youtube.com/watch?v=VgxyPzymV3c,191,92,424,https://www.youtube.com/watch?v=VgxyPzymV3c,32,20,86,https://www.youtube.com/watch?v=z955nIZmifg,0,0,0,0,
7eec0f9233fa49ed92c4f60fb8a82694,1890,39381,549,395,1082,https://www.youtube.com/watch?v=ORQyDRwkblI,0,0,0,,549,395,1082,https://www.youtube.com/watch?v=ORQyDRwkblI,1009,94,67,94,https://www.twitch.tv/videos/2826855676
d20c66018a094127805133f051037124,1880,80059,0,0,0,,0,0,0,,0,0,0,,1827,0,0,0,
9be037b96ffa41c9a080edf332650649,1880,101889,43,26,227,https://www.youtube.com/watch?v=gqkBy0c2Vzg,38,26,71,https://www.youtube.com/watch?v=pWQDj1qAW1k,111,72,227,https://www.youtube.com/watch?v=gqkBy0c2Vzg,0,0,0,0,
a823412858b749f7bd2bff3739ec55b7,1880,97805,129,52,337,https://www.youtube.com/watch?v=HUMcy87o_ws,129,52,337,https://www.youtube.com/watch?v=HUMcy87o_ws,0,0,0,,435,75,69,115,https://www.twitch.tv/videos/2831738500
5612ac8b150e45e5a7381a2c07e9671a,1870,83398,62,30,1908,https://www.youtube.com/watch?v=Mgv9XBfLs0w,60,29,111,https://www.youtube.com/watch?v=6aCyuD8zH5s,1908,42,1908,https://www.youtube.com/watch?v=Mgv9XBfLs0w,0,0,0,0,
a8e44e51a99c487694e2525dc57c85ca,1870,46895,0,0,0,,0,0,0,,0,0,0,,1166,0,0,0,
342f808864164047acc8ddffe88c9618,1860,136810,1175,167,1860,https://www.youtube.com/watch?v=Wg9z-4TAAZo,0,0,0,,1175,167,1860,https://www.youtube.com/watch?v=Wg9z-4TAAZo,2315,419,336,621,https://www.twitch.tv/videos/2830045013
63175a6880c5427891463ff07fd0bf7e,1860,49799,0,0,0,,0,0,0,,0,0,0,,0,0,0,0,
14561bf5e63844f58b60deb87f443507,1850,0,0,0,0,,0,0,0,,0,0,0,,1123,204,139,301,https://www.twitch.tv/videos/2823978239
673abaca34d047b49b11d50214a9a463,1850,87390,237,82,318,https://www.youtube.com/watch?v=7eG1jwAg2e4,237,82,318,https://www.youtube.com/watch?v=7eG1jwAg2e4,0,0,0,,87,0,0,0,
48b978b1705a4f61a760b05280000b34,1840,8825,0,0,0,,0,0,0,,0,0,0,,1256,0,0,0,
89f4c9a5a9374700ae9f3725cd8a3f0f,1840,184127,193,78,1964,https://www.youtube.com/watch?v=OmS2NzDhKiw,134,58,193,https://www.youtube.com/watch?v=a8K99K_p3PM,452,102,1964,https://www.youtube.com/watch?v=OmS2NzDhKiw,190,84,65,99,https://www.twitch.tv/videos/2826171005
608b617ad99c4f18b97d10560e254b4b,1840,58318,129,48,248,https://www.youtube.com/watch?v=SUMaTgfRalM,129,48,248,https://www.youtube.com/watch?v=SUMaTgfRalM,0,0,0,,0,0,0,0,
0da343539de64a169fe51ad653e5c73d,1830,42974,44,6,113,https://www.youtube.com/watch?v=DEuG7HdlMmE,44,6,113,https://www.youtube.com/watch?v=DEuG7HdlMmE,0,0,0,,0,0,0,0,
70874043d50b4e3a873742127251caa5,1830,83425,0,0,0,,0,0,0,,0,0,0,,0,0,0,0,
a45c0a929a504afa9afee5c56bc9b959,1830,51107,254,144,408,https://www.youtube.com/watch?v=agfxYHdh0SY,101,94,101,https://www.youtube.com/watch?v=VLogqNqa6UQ,408,194,408,https://www.youtube.com/watch?v=agfxYHdh0SY,118,61,55,111,https://www.twitch.tv/videos/2830983426
a6a789d93f3a4352b251a51b43f98d2c,1830,46231,0,0,0,,0,0,0,,0,0,0,,0,0,0,0,
8020c505099f474ca81da3023926485f,1830,110155,83,43,164,https://www.youtube.com/watch?v=zFCEn_58eZE,83,43,164,https://www.youtube.com/watch?v=zFCEn_58eZE,0,0,0,,0,0,0,0,
9c0184b0f01a4af4a4c2c56139682fb9,1820,42371,0,0,0,,0,0,0,,0,0,0,,125,0,0,0,
e72542ff8bb14e47929b037c626c320a,1820,38267,125,29,130,https://www.youtube.com/watch?v=hrvKAs3mK0I,125,29,130,https://www.youtube.com/watch?v=hrvKAs3mK0I,0,0,0,,0,0,0,0,
a0ac84f84b914c21acf669844a163436,1820,45944,106,40,106,https://www.youtube.com/watch?v=BkFahIZuYYY,0,0,0,,106,40,106,https://www.youtube.com/watch?v=BkFahIZuYYY,1444,900,366,2694,https://www.twitch.tv/videos/2812700203
53cd965ca91e495887b89aabd6314402,1820,34672,206,84,259,https://www.youtube.com/watch?v=O_lz7WmxPzk,206,84,259,https://www.youtube.com/watch?v=O_lz7WmxPzk,0,0,0,,25,0,0,0,
fe5a0ac164a940c79e430eab9995da2e,1820,238132,55,52,55,https://www.youtube.com/watch?v=ZzTGqos04Ms,0,0,0,,55,52,55,https://www.youtube.com/watch?v=ZzTGqos04Ms,112,0,0,0,
21a819efced54f6991abd3fc0b43091f,1810,139349,156,81,961,https://www.youtube.com/watch?v=UupvoYs_F98,113,64,194,https://www.youtube.com/watch?v=qmswd8Z4g6Y,759,333,961,https://www.youtube.com/watch?v=UupvoYs_F98,842,164,110,166,https://www.twitch.tv/videos/2823013353
db2f279f9960492082f3ae6ad20aca91,1810,47280,0,0,0,,0,0,0,,0,0,0,,506,0,0,0,
f3fa92d46e744da29b61f9468c76b9a5,1810,49395,0,0,0,,0,0,0,,0,0,0,,0,0,0,0,
49c4f54141434226960845b2a46c432b,1810,61492,0,0,0,,0,0,0,,0,0,0,,0,0,0,0,
8ad9544f4e4f42a09ec1ecb6b514729f,1810,97339,41,16,161,https://www.youtube.com/watch?v=G7oltZJaPVY,43,16,161,https://www.youtube.com/watch?v=G7oltZJaPVY,24,9,24,https://www.youtube.com/watch?v=wBV3H0fzgvY,0,0,0,0,
b023ec32c6b5474e95c7faf252925b8e,1810,52092,136,44,136,https://www.youtube.com/watch?v=gfDxtwbMGDA,0,0,0,,136,44,136,https://www.youtube.com/watch?v=gfDxtwbMGDA,425,21,18,22,https://www.twitch.tv/videos/2832709068
6cb91cbf63cd46d49566ade06d3b3418,1800,26356,36,13,498,https://www.youtube.com/watch?v=p2y2mQleqsk,36,13,498,https://www.youtube.com/watch?v=p2y2mQleqsk,83,32,160,https://www.youtube.com/watch?v=chd1HzlWBEQ,0,0,0,0,
ced6b5d82fc848a5a0f45a1b3da4cfae,1800,82861,103,27,136,https://www.youtube.com/watch?v=aKQgfTVU7TQ,103,27,136,https://www.youtube.com/watch?v=aKQgfTVU7TQ,0,0,0,,224,0,0,0,
3bbbe40f23e344fa8889d410b7315383,1800,2107,0,0,0,,0,0,0,,0,0,0,,0,0,0,0,
08158657738a4949bce0cbbc36c4e701,1800,70,0,0,0,,0,0,0,,0,0,0,,0,0,0,0,
cfa15a7e93824927ad4b84a519b0ab68,1790,684977,1439,710,2889,https://www.youtube.com/watch?v=9OzmmkTgkGQ,0,0,0,,1439,710,2889,https://www.youtube.com/watch?v=9OzmmkTgkGQ,0,0,0,0,
d748a977fcd24752ad9e038468713bf2,1790,8313,80,35,194,https://www.youtube.com/watch?v=qyxQOKs-35w,80,35,194,https://www.youtube.com/watch?v=qyxQOKs-35w,0,0,0,,0,0,0,0,
10c8c9b647e7464f9d95c7c1a865da01,1790,147264,50,20,1077,https://www.youtube.com/watch?v=vSttpj-AdPs,48,19,111,https://www.youtube.com/watch?v=xlxVWG5M0FU,322,217,1077,https://www.youtube.com/watch?v=vSttpj-AdPs,2181,151,114,265,https://www.twitch.tv/videos/2830033787
3bc6afb820df4f59b2c6ff1c25d1eed3,1790,148943,67,38,470,https://www.youtube.com/watch?v=1vw07sKjpDA,67,36,382,https://www.youtube.com/watch?v=TEZw4B7f_q8,135,114,470,https://www.youtube.com/watch?v=1vw07sKjpDA,0,0,0,0,
be84d60f2d0e452ab7d66eaeb957477f,1780,83340,0,0,0,,0,0,0,,0,0,0,,0,0,0,0,
29d3dea4a1684bec9592e2ccc3685c57,1780,64011,0,0,0,,0,0,0,,0,0,0,,0,0,0,0,
e39607950249427da8b60fa012115e44,1780,104942,23,9,23,https://www.youtube.com/watch?v=NYISWvFw5yc,0,0,0,,23,9,23,https://www.youtube.com/watch?v=NYISWvFw5yc,0,0,0,0,
ce59f11c200841dab2e8a5e30655a827,1780,253278,0,0,0,,0,0,0,,0,0,0,,27,0,0,0,
7425576151124e11a94609fd1b8687bc,1780,64927,171,49,379,https://www.youtube.com/watch?v=xBrFA1bYv8w,171,49,379,https://www.youtube.com/watch?v=xBrFA1bYv8w,0,0,0,,2067,468,290,468,https://www.twitch.tv/videos/2824522448
5efdd7a401eb430ba20cb6f391fbbce3,1770,35231,0,0,0,,0,0,0,,0,0,0,,0,0,0,0,
c489b78388904133a8b93cd4d0470aad,1770,77,0,0,0,,0,0,0,,0,0,0,,622,0,0,0,
46ca57774cd7476d86727882d07bd918,1770,108938,98,38,17991,https://www.youtube.com/watch?v=7-2OmVV7W_Y,94,32,134,https://www.youtube.com/watch?v=yCp1Uxx4-hw,1004,817,17991,https://www.youtube.com/watch?v=7-2OmVV7W_Y,190,54,31,65,https://www.twitch.tv/videos/2822161860
b49c2970f97b4fd4a6762b3e9ba94f8e,1770,7802,0,0,0,,0,0,0,,0,0,0,,10134,1356,764,3471,https://www.twitch.tv/videos/2830379215
15b8c0a77287451395102506f90ec98b,1770,641,0,0,0,,0,0,0,,0,0,0,,0,0,0,0,
e9fa90c6824c47abbfd114e9cd9b4125,1770,115877,110,80,1736,https://www.youtube.com/watch?v=KW7Qhx-BpU4,100,80,420,https://www.youtube.com/watch?v=ujzBl4rUXcY,1439,653,1736,https://www.youtube.com/watch?v=KW7Qhx-BpU4,0,0,0,0,
372962c805114682a4d16b75c13c80ed,1760,275,0,0,0,,0,0,0,,0,0,0,,0,0,0,0,
0b91169f9d504a479f0e1010ae4edda1,1760,5615,0,0,0,,0,0,0,,0,0,0,,0,0,0,0,
66830cad0b9949689741b0dc5ef39d29,1760,49585,0,0,0,,0,0,0,,0,0,0,,0,0,0,0,
0f7d7faa487642d0a8ff6d5fc8dbc394,1760,157793,1532,950,1911,https://www.youtube.com/watch?v=PNS_8k6Vn90,0,0,0,,1532,950,1911,https://www.youtube.com/watch?v=PNS_8k6Vn90,1749,434,167,768,https://www.twitch.tv/videos/2813435192
3584322d47f14c7aa8f6e98511d3c54a,1760,1246,0,0,0,,0,0,0,,0,0,0,,1039,0,0,0,
d1dcec3b0dbe4e39b2907be832c467a1,1760,0,0,0,0,,0,0,0,,0,0,0,,0,0,0,0,
d0c2bb3e9091413e8d245bdc217e9420,1750,55413,87,31,88,https://www.youtube.com/watch?v=f6gFv3in1UE,87,31,88,https://www.youtube.com/watch?v=f6gFv3in1UE,0,0,0,,0,0,0,0,
2e8c364f691740dd81c0fa61727a9790,1750,604954,0,0,0,,0,0,0,,0,0,0,,3763,0,0,0,
b632def93af34129ad1a2a6f01a8277f,1750,82901,0,0,0,,0,0,0,,0,0,0,,0,0,0,0,
e3b2ba3f0767417a911eedeb6604ec7f,1750,2193,0,0,0,,0,0,0,,0,0,0,,0,0,0,0,
8483ae3c14ca488394d427d271854d88,1750,35795,0,0,0,,0,0,0,,0,0,0,,42,0,0,0,
a725f6babc5f44779d7389886c6cd7b7,1740,67075,104,71,144,https://www.youtube.com/watch?v=pCZdMSZ8Gjo,104,71,144,https://www.youtube.com/watch?v=pCZdMSZ8Gjo,0,0,0,,0,0,0,0,
fa4fe8c441404dcf85dda8b8bce34a9a,1740,42787,0,0,0,,0,0,0,,0,0,0,,0,0,0,0,
8f1a38101d324afcbfc7df27d5d1e0a9,1740,210250,36,18,2000,https://www.youtube.com/watch?v=wqoJfm_R3wA,33,16,122,https://www.youtube.com/watch?v=BPCSmkCG83w,874,294,2000,https://www.youtube.com/watch?v=wqoJfm_R3wA,0,0,0,0,
af9a2d0fab684be9b9da09e251f6bae6,1740,88417,285,12,285,https://www.youtube.com/watch?v=tGl4H2JFtTs,285,12,285,https://www.youtube.com/watch?v=tGl4H2JFtTs,0,0,0,,428,0,0,0,
7d3b310a867942cab270e48f7a397e0d,1740,51261,51,20,109,https://www.youtube.com/watch?v=HXIYcXrtfcA,56,23,109,https://www.youtube.com/watch?v=HXIYcXrtfcA,13,2,14,https://www.youtube.com/watch?v=QvRKZkGBf6M,973,0,0,0,
dc8226bfc9c64cf5bc768f387a41c48d,1730,25606,0,0,0,,0,0,0,,0,0,0,,0,0,0,0,
b0e88b4d4e5d41c4b5edd07540dc3637,1730,141890,49,16,79,https://www.youtube.com/watch?v=YpN88wPgHS8,49,16,79,https://www.youtube.com/watch?v=YpN88wPgHS8,0,0,0,,0,0,0,0,
3e41189706dd483db4e407c295b058ce,1730,103653,34,13,61,https://www.youtube.com/watch?v=m45jUShAY74,34,13,61,https://www.youtube.com/watch?v=m45jUShAY74,0,0,0,,4836,371,163,562,https://www.twitch.tv/videos/2822987922
e3451dd6f3c0444c888eb6f67704613a,1730,65676,92,37,1807,https://www.youtube.com/watch?v=SyZJna2y5tM,88,36,214,https://www.youtube.com/watch?v=hml-fR-LWu8,1807,933,1807,https://www.youtube.com/watch?v=SyZJna2y5tM,0,0,0,0,
67674d86fce54eceb37e0dc4ea802132,1720,136253,86,52,728,https://www.youtube.com/watch?v=kPEHRZT8UKY,86,52,728,https://www.youtube.com/watch?v=kPEHRZT8UKY,0,0,0,,118,10,8,34,https://www.twitch.tv/videos/2833574165
b0a7d70ae76549f5b4418e56ee4ad43f,1720,62698,76,35,131,https://www.youtube.com/watch?v=HKwIjd3kq7g,76,35,131,https://www.youtube.com/watch?v=HKwIjd3kq7g,0,0,0,,1157,217,166,347,https://www.twitch.tv/videos/2821991901
f7bfeaf6288f4afe80b62dab32698a0c,1720,554099,273,189,2004,https://www.youtube.com/watch?v=Ul0jPBiAdZs,119,37,140,https://www.youtube.com/watch?v=FaJo1TgCU0Y,926,333,2004,https://www.youtube.com/watch?v=Ul0jPBiAdZs,351,0,0,0,
84cccbea595d4bc69426d5c75f1ac3a4,1720,90771,0,0,0,,0,0,0,,0,0,0,,0,0,0,0,
351e16ae67e14d5e8c7294284c2ded4d,1710,25653,0,0,0,,0,0,0,,0,0,0,,692,0,0,0,
dbe3f9880dec4a03bcc1943343455a6c,1710,78396,85,38,157,https://www.youtube.com/watch?v=JULrnIxPQZY,85,38,157,https://www.youtube.com/watch?v=JULrnIxPQZY,0,0,0,,0,0,0,0,
1e0ca2c7a8d7493baa62b792d78e7b07,1710,133131,91,48,103,https://www.youtube.com/watch?v=2BfiWluO_mQ,91,48,103,https://www.youtube.com/watch?v=2BfiWluO_mQ,0,0,0,,0,0,0,0,
7e9fc4a1ccc7445182bb3c5264d99187,1700,80128,52,20,1108,https://www.youtube.com/watch?v=0Zdy76zhd4o,36,15,377,https://www.youtube.com/watch?v=DrGv52-eAM4,1026,611,1108,https://www.youtube.com/watch?v=0Zdy76zhd4o,0,0,0,0,
e8ec42e35b774df8a21ae98a0d01fdc0,1700,1336618,68,31,2264,https://www.youtube.com/watch?v=7-tYNvOGpPY,34,18,174,https://www.youtube.com/watch?v=GNikGnmiy6s,632,214,2264,https://www.youtube.com/watch?v=7-tYNvOGpPY,0,0,0,0,
f3914ae7ae6541198b6b5f4d63febe48,1700,49361,0,0,0,,0,0,0,,0,0,0,,0,0,0,0,
9deb096c2fb943a7ae7487bf25e28026,1700,121414,55,15,125,https://www.youtube.com/watch?v=de5rma71F5A,55,15,125,https://www.youtube.com/watch?v=de5rma71F5A,0,0,0,,1401,95,71,155,https://www.twitch.tv/videos/2831935701
db86eecb7c7047a984098e23de131e29,1700,141660,70,49,1446,https://www.youtube.com/watch?v=xyEBWafvUqM,69,50,1446,https://www.youtube.com/watch?v=xyEBWafvUqM,279,43,279,https://www.youtube.com/watch?v=IKyuwn0-geY,175,27,21,69,https://www.twitch.tv/videos/2829474768
af40da4e1fc24360bf9ed4eb828bf912,1700,171,0,0,0,,0,0,0,,0,0,0,,0,0,0,0,
aff718d907904c398ec8d685b71436a1,1700,29877,0,0,0,,0,0,0,,0,0,0,,298,0,0,0,
7259f7e619e943018e64fb24d4d20e34,1680,34945,148,97,148,https://www.youtube.com/watch?v=tNZn7H9R_fM,148,97,148,https://www.youtube.com/watch?v=tNZn7H9R_fM,0,0,0,,0,0,0,0,
eb54f557a3734bfda57ecddd8df07681,1670,43839,0,0,0,,0,0,0,,0,0,0,,544,0,0,0,
60a400d6a5d841f78b352675c383dbef,1670,48112,0,0,0,,0,0,0,,0,0,0,,0,0,0,0,
7eb39f4278b04ed485060a084cd07876,1670,63342,0,0,0,,0,0,0,,0,0,0,,0,0,0,0,
df7bcc29e3204005877b25cdad9206b7,1670,81290,0,0,0,,0,0,0,,0,0,0,,0,0,0,0,
1f445fb1ee7447c2add6738b86570b2e,1660,70420,0,0,0,,0,0,0,,0,0,0,,0,0,0,0,
055f10f2da424da8bfbfe9d01b15fb11,1660,50010,33,7,135,https://www.youtube.com/watch?v=etrVr91kI2w,72,54,135,https://www.youtube.com/watch?v=etrVr91kI2w,14,2,52,https://www.youtube.com/watch?v=e_GLqYE1oAs,72,62,51,110,https://www.twitch.tv/videos/2829493590
95fa8eef249d4edca59594271fedc487,1650,54716,78,46,108,https://www.youtube.com/watch?v=zKAGEVuozc8,78,46,108,https://www.youtube.com/watch?v=zKAGEVuozc8,0,0,0,,0,0,0,0,
ecbeda5532474bdb8d08d4e15ce98d89,1650,15780,15,9,129,https://www.youtube.com/watch?v=neQg00Zu_d8,0,0,0,,15,9,129,https://www.youtube.com/watch?v=neQg00Zu_d8,3127,427,352,1267,https://www.twitch.tv/videos/2832893958
306117a48f3445baad1d6a919ed340bb,1650,75943,0,0,0,,0,0,0,,0,0,0,,152,0,0,0,
c45e260cafa14b3fab4030fb339ed1ab,1650,79043,38,15,53,https://www.youtube.com/watch?v=dh8rA-1g-fY,38,15,53,https://www.youtube.com/watch?v=dh8rA-1g-fY,0,0,0,,28,0,0,0,
a1915cccb8584d57b9b22975263c7af4,1650,272580,65,27,92,https://www.youtube.com/watch?v=BVltkIlAhDY,54,25,91,https://www.youtube.com/watch?v=MzHKB-4r1tg,69,30,92,https://www.youtube.com/watch?v=BVltkIlAhDY,0,0,0,0,
1257fb7258eb49ad8cf58ed64b800056,1650,42911,0,0,0,,0,0,0,,0,0,0,,812,86,70,208,https://www.twitch.tv/videos/2830258758
9e5e58a212584007b1ab1f22f5c59438,1650,146968,167,95,376,https://www.youtube.com/watch?v=9xZcB9COHIs,159,96,376,https://www.youtube.com/watch?v=9xZcB9COHIs,218,10,218,https://www.youtube.com/watch?v=-a-GWPTt2bU,0,0,0,0,
9133438057714eb196366f5ecbed6a4a,1640,534398,1046,439,5428,https://www.youtube.com/watch?v=eUyl04Agvks,0,0,0,,1046,439,5428,https://www.youtube.com/watch?v=eUyl04Agvks,0,0,0,0,
7d6a4fa5389c461bb553b8190c5e951f,1640,107197,0,0,0,,0,0,0,,0,0,0,,0,0,0,0,
607d6173383c4118a32171fbcfc98e60,1640,43228,0,0,0,,0,0,0,,0,0,0,,16719,1842,1312,5298,https://www.twitch.tv/videos/2818282006
21c774c9133043baaf8d283705cd9093,1640,69187,163,87,2200,https://www.youtube.com/watch?v=vxFNlqF5i7k,143,60,284,https://www.youtube.com/watch?v=nJ0p-Q2ApoY,1701,962,2200,https://www.youtube.com/watch?v=vxFNlqF5i7k,0,0,0,0,
46e494bf06c640da95ad1b0b81631d98,1640,269923,34,12,89,https://www.youtube.com/watch?v=-jIPyopI4Do,34,12,89,https://www.youtube.com/watch?v=-jIPyopI4Do,0,0,0,,932,52,41,233,https://www.twitch.tv/videos/2825301169
dcc5b43448044231a3a8710d144b2602,1640,149589,160,53,452,https://www.youtube.com/watch?v=Fris09nif7A,163,57,452,https://www.youtube.com/watch?v=Fris09nif7A,73,11,164,https://www.youtube.com/watch?v=8wYpnW-fJ5g,0,0,0,0,
bdcf0d95e6544ebaaddbfba94839cd6b,1640,94165,60,30,117,https://www.youtube.com/watch?v=-9VXosmPIVU,60,30,117,https://www.youtube.com/watch?v=-9VXosmPIVU,0,0,0,,0,0,0,0,
4077520d348749e49598cd5fa1058b6a,1630,62114,77,24,192,https://www.youtube.com/watch?v=ZpvntzZVPJs,77,24,192,https://www.youtube.com/watch?v=ZpvntzZVPJs,0,0,0,,262,0,0,0,
b9086ee5f7b54353a5ba85c973b2e2af,1630,64879,101,36,117,https://www.youtube.com/watch?v=tfkrF73gL7Q,101,36,117,https://www.youtube.com/watch?v=tfkrF73gL7Q,0,0,0,,0,0,0,0,
34d968321e3c40aabf759ad22d33bb3a,1630,0,0,0,0,,0,0,0,,0,0,0,,0,0,0,0,
7e50374d02184a429cfc6dfba9b52e2f,1630,9723,0,0,0,,0,0,0,,0,0,0,,390,0,0,0,
da503b835e2a41d58433ebf6960db356,1630,60215,0,0,0,,0,0,0,,0,0,0,,780,0,0,0,
a73b969a7fe24a9aaeb9bc1c63ca6450,1630,91976,1446,1282,3172,https://www.youtube.com/watch?v=eVVtWyOO6kw,0,0,0,,1446,1282,3172,https://www.youtube.com/watch?v=eVVtWyOO6kw,4919,417,183,731,https://www.twitch.tv/videos/2828408133
c192b6e25df841ad85cbc8bbf0bd8bfe,1630,110197,0,0,0,,0,0,0,,0,0,0,,0,0,0,0,
52643019126449999714c7b659b6539c,1620,0,0,0,0,,0,0,0,,0,0,0,,329,0,0,0,
94f9966aa28a45e1ab4b94507037d1d7,1620,154531,267,158,644,https://www.youtube.com/watch?v=bRC31NQqb0c,267,158,644,https://www.youtube.com/watch?v=bRC31NQqb0c,0,0,0,,0,0,0,0,
cb8dab545aa1409c8c6cf887f8825485,1620,62453,0,0,0,,0,0,0,,0,0,0,,0,0,0,0,
889bb42644a14ae4af2b3594c51d057b,1620,89669,69,34,178,https://www.youtube.com/watch?v=r5qDSgB_3zQ,73,35,178,https://www.youtube.com/watch?v=r5qDSgB_3zQ,30,21,30,https://www.youtube.com/watch?v=uyUDHG76UHQ,0,0,0,0,
905304e606344aba8c84b83717453f5e,1620,74267,69,30,99,https://www.youtube.com/watch?v=hcYyvYQlMn4,69,30,99,https://www.youtube.com/watch?v=hcYyvYQlMn4,0,0,0,,0,0,0,0,
9a7b7c9c31da44aca5a68395a2e69488,1620,717293,11,4,53,https://www.youtube.com/watch?v=anB_p28C6ig,11,4,53,https://www.youtube.com/watch?v=anB_p28C6ig,0,0,0,,115,0,0,0,
7e26ddf485a84c0cb6d781a3bf432c55,1610,40769,0,0,0,,0,0,0,,0,0,0,,3916,0,0,0,
2913f17e61014f7691e016fae8468404,1610,75731,71,29,156,https://www.youtube.com/watch?v=24AmKEQZP4M,76,30,156,https://www.youtube.com/watch?v=24AmKEQZP4M,42,0,42,https://www.youtube.com/watch?v=rw9ZKV2v9q4,263,0,0,0,
2ead897ab38c4530aeeb69a2f02da623,1610,76057,72,34,177,https://www.youtube.com/watch?v=ktlhKUJj9nw,73,36,177,https://www.youtube.com/watch?v=ktlhKUJj9nw,22,6,22,https://www.youtube.com/watch?v=-j3oMof0gus,0,0,0,0,
86853cb239d740ce953573ba74bd08bd,1610,58212,0,0,0,,0,0,0,,0,0,0,,1743,0,0,0,
c4651b162abb45c3a85640e3d456fa71,1610,58275,23,4,28,https://www.youtube.com/watch?v=1ALhB3gDixc,23,4,28,https://www.youtube.com/watch?v=1ALhB3gDixc,0,0,0,,320,0,0,0,
954590604f0e49e88fadc8ce6dafba1b,1610,95294,59,17,66,https://www.youtube.com/watch?v=q4tyr68x_tc,59,17,66,https://www.youtube.com/watch?v=q4tyr68x_tc,0,0,0,,0,0,0,0,
5dc565de88a948ecb092cce178aafe60,1610,478117,0,0,0,,0,0,0,,0,0,0,,457,0,0,0,
c4fafcb15c694ad5ab88d1948d401e54,1600,89539,77,27,276,https://www.youtube.com/watch?v=D3ti8vt1aKs,77,27,276,https://www.youtube.com/watch?v=D3ti8vt1aKs,0,0,0,,202,0,0,0,
d3b1e8a5a2c74d2395dc33869caadb50,1600,7901,0,0,0,,0,0,0,,0,0,0,,0,0,0,0,
80e2f3365bfd4479a3594c3278311103,1600,0,0,0,0,,0,0,0,,0,0,0,,2246,0,0,0,
8cace62dbfc34c2a9a2a348e479cdbb1,1590,195940,1135,562,1135,https://www.youtube.com/watch?v=C_P2fnMROuw,0,0,0,,1135,562,1135,https://www.youtube.com/watch?v=C_P2fnMROuw,0,0,0,0,
86e86bf2d8e54e9083613e7398e1e7ac,1590,37818,0,0,0,,0,0,0,,0,0,0,,1820,206,138,332,https://www.twitch.tv/videos/2822122262
7194df8aca7745c1b2a61dd91e56c6b8,1590,0,0,0,0,,0,0,0,,0,0,0,,0,0,0,0,
95eabea4e8014fedb5d34ea27137a4ca,1590,139132,108,49,591,https://www.youtube.com/watch?v=TsYzgOV4Ut0,108,44,151,https://www.youtube.com/watch?v=6EKyz9KQTPg,337,229,591,https://www.youtube.com/watch?v=TsYzgOV4Ut0,0,0,0,0,
597fbfe660ae4e6d92bb20bd7e6f3738,1590,9990,0,0,0,,0,0,0,,0,0,0,,732,0,0,0,
0dc671f00179414c959171b6625785a0,1590,0,0,0,0,,0,0,0,,0,0,0,,0,0,0,0,
bf03fd8b5b55481590ea63338c5cdd20,1590,30441,0,0,0,,0,0,0,,0,0,0,,4261,725,155,3725,https://www.twitch.tv/videos/2831744641
d7963784d96543e28a290361d38efe30,1580,95821,0,0,0,,0,0,0,,0,0,0,,1353,0,0,0,
e312462015a2454087c9fe83dd939994,1580,32725,53,27,87,https://www.youtube.com/watch?v=KhHQ315H-OI,53,27,87,https://www.youtube.com/watch?v=KhHQ315H-OI,0,0,0,,0,0,0,0,
1cdbceb7ad414bb59b3a9563a93fe840,1580,68666,241,101,1325,https://www.youtube.com/watch?v=LYV7pyiYdDo,75,15,86,https://www.youtube.com/watch?v=fphYkikuUb4,1195,433,1325,https://www.youtube.com/watch?v=LYV7pyiYdDo,0,0,0,0,
c6ce333916b446d48d27be05df1a218e,1580,34626,126,56,365,https://www.youtube.com/watch?v=K-t5MNVjw4Q,127,60,365,https://www.youtube.com/watch?v=K-t5MNVjw4Q,33,3,33,https://www.youtube.com/watch?v=Ffn8sCtk2pI,612,64,50,117,https://www.twitch.tv/videos/2832544163
e214241ed6574d939e398051ae25921d,1580,65,0,0,0,,0,0,0,,0,0,0,,0,0,0,0,
4c4ebb91c8a346b2876d1ccd1a32dead,1570,80651,92,42,297,https://www.youtube.com/watch?v=PUUjodTb2KY,92,42,297,https://www.youtube.com/watch?v=PUUjodTb2KY,0,0,0,,494,0,0,0,
aa1bb853e814428eb663082b28309309,1570,93761,137,41,413,https://www.youtube.com/watch?v=EuPC7_39-cM,137,41,413,https://www.youtube.com/watch?v=EuPC7_39-cM,0,0,0,,0,0,0,0,
a112fc34dd9944a5a15f50c1c078aa3e,1570,128377,127,38,166,https://www.youtube.com/watch?v=RpHXOgefk-s,127,38,166,https://www.youtube.com/watch?v=RpHXOgefk-s,0,0,0,,0,0,0,0,
6cc5ac707eed4f9e9b5bc7b2f970fe1b,1560,81987,186,73,3225,https://www.youtube.com/watch?v=l5RZvYInz2Q,126,40,210,https://www.youtube.com/watch?v=d74fH927uzM,1477,607,3225,https://www.youtube.com/watch?v=l5RZvYInz2Q,0,0,0,0,
895f655b68e34434992fe2a9ebbc725a,1560,6722,0,0,0,,0,0,0,,0,0,0,,0,0,0,0,
1eef416d7ad94b6aa728e10d6da10304,1550,70288,16,7,25,https://www.youtube.com/watch?v=fDjsyIMzM3g,0,0,0,,16,7,25,https://www.youtube.com/watch?v=fDjsyIMzM3g,2069,0,0,0,
1406aeb0ef48430bab0b939a29609394,1550,74973,211,86,13737,https://www.youtube.com/watch?v=HXXqsAfu6qw,187,81,349,https://www.youtube.com/watch?v=ikqwvhaCkBI,1108,897,13737,https://www.youtube.com/watch?v=HXXqsAfu6qw,0,0,0,0,
5b1bd72acc95440cb3aa381c89cfca3c,1550,91546,0,0,0,,0,0,0,,0,0,0,,0,0,0,0,
e8eb343e61df420bbfa5de7fea1a90b2,1550,0,0,0,0,,0,0,0,,0,0,0,,0,0,0,0,
aabaf7767fa5449b86f58160496d0d4c,1550,85319,141,60,652,https://www.youtube.com/watch?v=7Pew5Fwdkrw,141,60,652,https://www.youtube.com/watch?v=7Pew5Fwdkrw,0,0,0,,0,0,0,0,
260f0fb7a8b1421394c38114230479bb,1550,68291,41,28,185,https://www.youtube.com/watch?v=u5izACDykYY,41,28,185,https://www.youtube.com/watch?v=u5izACDykYY,0,0,0,,158,47,32,59,https://www.twitch.tv/videos/2825162358
2a5241b8ebc54be98263c9ea2924b7e9,1550,71789,1397,407,1397,https://www.youtube.com/watch?v=EXTHu9THNlc,0,0,0,,1397,407,1397,https://www.youtube.com/watch?v=EXTHu9THNlc,2098,975,628,1419,https://www.twitch.tv/videos/2825842201
e210fb08b0744535a907823fa9f062cc,1550,54506,425,104,461,https://www.youtube.com/watch?v=ylxKzDKRZnA,0,0,0,,425,104,461,https://www.youtube.com/watch?v=ylxKzDKRZnA,1452,419,144,1350,https://www.twitch.tv/videos/2829842632
904f58005872497b82964fff25490152,1550,22992,48,15,48,https://www.youtube.com/watch?v=j6dxaf_wVk8,48,15,48,https://www.youtube.com/watch?v=j6dxaf_wVk8,0,0,0,,189,0,0,0,
9948190bc88442f4a0757eed54fb24f0,1540,59109,217,108,2108,https://www.youtube.com/watch?v=iaRorLwNLvY,90,89,90,https://www.youtube.com/watch?v=9amI-020Mig,272,109,2108,https://www.youtube.com/watch?v=iaRorLwNLvY,715,237,133,384,https://www.twitch.tv/videos/2814872016
cbd9ed35dc0045aa9c57bb9ee14b02e0,1540,694307,4,2,14,https://www.youtube.com/watch?v=9V-8ZXPkDV8,0,0,0,,4,2,14,https://www.youtube.com/watch?v=9V-8ZXPkDV8,0,0,0,0,
ee7cfe445bc84d6fa7fff5df6fbf0d32,1540,46154,0,0,0,,0,0,0,,0,0,0,,727,37,20,37,https://www.twitch.tv/videos/2823003095
02dadd7977b8412b99f101241de4cb3f,1540,81709,32,14,76,https://www.youtube.com/watch?v=Y-yEg9zNpcU,32,14,76,https://www.youtube.com/watch?v=Y-yEg9zNpcU,0,0,0,,1098,81,52,116,https://www.twitch.tv/videos/2831887868
1be625b10e2f4e65bab5b19d10a4d0b1,1530,18559,0,0,0,,0,0,0,,0,0,0,,0,0,0,0,
a881100803aa4abc84dc3cc814dca0e7,1520,68289,0,0,0,,0,0,0,,0,0,0,,0,0,0,0,
a2188c1a225e4f93a64e3385fa02d779,1520,86470,0,0,0,,0,0,0,,0,0,0,,0,0,0,0,
6db0d51e6ac9410f84f79e57448b8a60,1520,155972,212,77,444,https://www.youtube.com/watch?v=miwLaNCeUgQ,212,77,444,https://www.youtube.com/watch?v=miwLaNCeUgQ,0,0,0,,0,0,0,0,
e5f4b34c47844699a1c9c6dc3326cf6b,1520,0,0,0,0,,0,0,0,,0,0,0,,66,0,0,0,
d70830a282b9446f89bc9d82c88b8db3,1520,138603,0,0,0,,0,0,0,,0,0,0,,265,0,0,0,
bc77dc55cf9b4be88c878ac4b5c07438,1520,30337,84,40,1200,https://www.youtube.com/watch?v=Xe-FyCnErpA,83,38,295,https://www.youtube.com/watch?v=Rj7pjP3UKEE,1200,225,1200,https://www.youtube.com/watch?v=Xe-FyCnErpA,924,449,324,667,https://www.twitch.tv/videos/2828578698
c506f1ab266f47e2be683220533a4790,1520,44916,31,23,33,https://www.youtube.com/watch?v=KYx3OF28t1Y,31,23,33,https://www.youtube.com/watch?v=KYx3OF28t1Y,0,0,0,,0,0,0,0,
2131a63328214b7f9a1022dae6890d66,1520,83891,71,28,184,https://www.youtube.com/watch?v=RZiHRNRfZXo,71,28,184,https://www.youtube.com/watch?v=RZiHRNRfZXo,0,0,0,,384,21,17,83,https://www.twitch.tv/videos/2824470358
b88e19a358b843068cd5bd7ec103d521,1520,136322,0,0,0,,0,0,0,,0,0,0,,0,0,0,0,
d57b7459ef5949ef96672a96fb33d8a2,1510,63063,0,0,0,,0,0,0,,0,0,0,,1097,0,0,0,
3cf7289a95834ae1a25d4cb2909a1a9e,1510,50982,0,0,0,,0,0,0,,0,0,0,,0,0,0,0,
12f51c457b27425fa98fe89c24ccb61c,1510,10395,1268,106,1268,https://www.youtube.com/watch?v=N0hJyr6eokY,0,0,0,,1268,106,1268,https://www.youtube.com/watch?v=N0hJyr6eokY,0,0,0,0,
747fb5e9d30240a1ac42fbf37e86b55d,1510,122535,73,22,1224,https://www.youtube.com/watch?v=mshBF9uZi-g,57,20,493,https://www.youtube.com/watch?v=TM2O6dcx1yo,1224,920,1224,https://www.youtube.com/watch?v=mshBF9uZi-g,423,13,9,26,https://www.twitch.tv/videos/2827841392
eaa1d55ba99c40ce82413701233efdbd,1510,61315,37,20,47,https://www.youtube.com/watch?v=UVptoQCrJjM,37,20,47,https://www.youtube.com/watch?v=UVptoQCrJjM,0,0,0,,0,0,0,0,
22a1949143784185ae001c31a717b5bc,1500,117899,186,79,6428,https://www.youtube.com/watch?v=JWy0Vswj3RA,125,78,445,https://www.youtube.com/watch?v=VRg7wcfCcRM,191,81,6428,https://www.youtube.com/watch?v=JWy0Vswj3RA,0,0,0,0,
91025114208d41b2bff535d6e277017e,1500,67350,41,20,83,https://www.youtube.com/watch?v=fSokkmoyAvw,41,20,83,https://www.youtube.com/watch?v=fSokkmoyAvw,0,0,0,,0,0,0,0,
948d1078ceaf4b39b3bef86fdab85482,1500,21128,144,86,1777,https://www.youtube.com/watch?v=2l7efhnyBNk,127,82,183,https://www.youtube.com/watch?v=NrSjo2PFMS4,1384,1306,1777,https://www.youtube.com/watch?v=2l7efhnyBNk,0,0,0,0,
4c466d73397a4899b4ca26f90aaf57ad,1500,162205,0,0,0,,0,0,0,,0,0,0,,169,0,0,0,
8d65d936f3c7411ab8a812d7ebc70cdf,1500,27275,0,0,0,,0,0,0,,0,0,0,,235,0,0,0,
489752f0b42c49b785d43f1207429983,1490,44894,74,25,101,https://www.youtube.com/watch?v=_SNaDZDFFqY,74,25,101,https://www.youtube.com/watch?v=_SNaDZDFFqY,0,0,0,,0,0,0,0,
25ac52ef552244a997045ca561b5636f,1490,26417,100,49,1537,https://www.youtube.com/watch?v=tCysdZxkfxM,93,45,160,https://www.youtube.com/watch?v=bplGu5zHqps,1468,1027,1537,https://www.youtube.com/watch?v=tCysdZxkfxM,0,0,0,0,
5ce810e28ea54f5bacd55573589f4e4e,1490,101472,48,19,106,https://www.youtube.com/watch?v=tEUHa7ruviY,48,19,106,https://www.youtube.com/watch?v=tEUHa7ruviY,0,0,0,,0,0,0,0,
6d61885259b744a28c7b92c0785e8fe9,1490,0,0,0,0,,0,0,0,,0,0,0,,857,0,0,0,
30a4362c1143491ea0ed5383c4882251,1480,81190,379,128,2029,https://www.youtube.com/watch?v=I8MwLSJ3OF0,143,61,196,https://www.youtube.com/watch?v=8Zp566hU8_A,1003,267,2029,https://www.youtube.com/watch?v=I8MwLSJ3OF0,0,0,0,0,
b8ce93818de34a93901147e5d9857170,1480,86088,0,0,0,,0,0,0,,0,0,0,,0,0,0,0,
a324be13dcdb4acbbe722638fc2dbfa4,1480,59666,118,115,1731,https://www.youtube.com/watch?v=IJsVRv6GAm4,57,27,65,https://www.youtube.com/watch?v=KPTODLR2ELw,515,383,1731,https://www.youtube.com/watch?v=IJsVRv6GAm4,117,16,12,16,https://www.twitch.tv/videos/2828629005
1be04e1564c34845bee20467cdb8cfd1,1480,123448,0,0,0,,0,0,0,,0,0,0,,0,0,0,0,
bd04e64364a545d39069ab05e09c8156,1480,77800,0,0,0,,0,0,0,,0,0,0,,0,0,0,0,
7b46621c7baf437da117a6c10c856292,1470,28182,103,55,1760,https://www.youtube.com/watch?v=B2VWCCKs_vA,97,55,170,https://www.youtube.com/watch?v=RgyPrMs9mdk,1760,1084,1760,https://www.youtube.com/watch?v=B2VWCCKs_vA,0,0,0,0,
0c3b5ae85d2940b8b73a92d72dc0d313,1470,96957,135,51,1342,https://www.youtube.com/watch?v=1x941uQY2XM,144,62,174,https://www.youtube.com/watch?v=qVmp_NKNvEM,25,11,1342,https://www.youtube.com/watch?v=1x941uQY2XM,477,77,47,104,https://www.twitch.tv/videos/2822879993
d62ad85ae5434754bc4f9f366815064a,1470,45135,0,0,0,,0,0,0,,0,0,0,,0,0,0,0,
6e6fd1311d2f42228faa8b1ccb0fa589,1470,79137,115,53,202,https://www.youtube.com/watch?v=7LEVpQ5J2nA,115,53,202,https://www.youtube.com/watch?v=7LEVpQ5J2nA,0,0,0,,0,0,0,0,
2cc874f341184fb799b01c399477c0b4,1470,65929,513,370,513,https://www.youtube.com/watch?v=ToJU7gILYxk,0,0,0,,513,370,513,https://www.youtube.com/watch?v=ToJU7gILYxk,150,0,0,0,
5bc1ba6d941e4eca868a5b33425c3262,1460,410,0,0,0,,0,0,0,,0,0,0,,1657,759,642,1110,https://www.twitch.tv/videos/2825207549
091ac99f10804fe3b417a0f285731b4e,1460,421,52,34,52,https://www.youtube.com/watch?v=Q9cdeozBgFM,52,34,52,https://www.youtube.com/watch?v=Q9cdeozBgFM,0,0,0,,467,0,0,0,
687568c1c9254c8ab34e7b6efbdd6dbc,1460,206563,0,0,0,,0,0,0,,0,0,0,,0,0,0,0,
c3945429509246f79c5f0a18594f696d,1460,61145,2267,1410,7452,https://www.youtube.com/watch?v=sz8OoGbL1RI,0,0,0,,2267,1410,7452,https://www.youtube.com/watch?v=sz8OoGbL1RI,14136,6857,3463,13042,https://www.twitch.tv/videos/2825206320
abe50a593a1d4cdbbc6dfb8b45bbf6bb,1450,19423,191,77,386,https://www.youtube.com/watch?v=ZwoB2MF8Qys,191,77,386,https://www.youtube.com/watch?v=ZwoB2MF8Qys,0,0,0,,12,0,0,0,
8044e4d538ab4e16b1952c8e42dee12e,1450,141620,11,5,157,https://www.youtube.com/watch?v=6DtT3jfc-Kc,8,4,116,https://www.youtube.com/watch?v=FBhDNRAO--o,88,12,157,https://www.youtube.com/watch?v=6DtT3jfc-Kc,0,0,0,0,
fcb4d9b8cd4a49dba6b421d97c179065,1450,66495,0,0,0,,0,0,0,,0,0,0,,1315,215,144,513,https://www.twitch.tv/videos/2829677465
58588863643843439cebc85ef72654bb,1440,105011,80,31,135,https://www.youtube.com/watch?v=UIxjSF2_OlQ,80,31,135,https://www.youtube.com/watch?v=UIxjSF2_OlQ,0,0,0,,0,0,0,0,
c6a8cee6b8e042518ef58659113b3f34,1440,80867,365,269,589,https://www.youtube.com/watch?v=AWlRdn7J-y4,115,0,115,https://www.youtube.com/watch?v=jHlINBjSII0,477,339,589,https://www.youtube.com/watch?v=AWlRdn7J-y4,0,0,0,0,
773a7694afcf4666960b05a4faf1a1fa,1440,83377,89,27,1441,https://www.youtube.com/watch?v=_OSEpJ0wDFg,76,18,103,https://www.youtube.com/watch?v=xBHHQg_DWwU,1441,402,1441,https://www.youtube.com/watch?v=_OSEpJ0wDFg,0,0,0,0,
51a882d77c24494d92605b5b75424603,1430,155279,211,134,6226,https://www.youtube.com/watch?v=OfBInpu6gI8,190,77,793,https://www.youtube.com/watch?v=7Y-KDmET-aY,1395,1036,6226,https://www.youtube.com/watch?v=OfBInpu6gI8,89,78,7,81,https://www.twitch.tv/videos/2812077390
bf425f4bc9154c00918ed885bdced632,1430,84157,101,52,103,https://www.youtube.com/watch?v=66aT1ez_wJc,101,52,103,https://www.youtube.com/watch?v=66aT1ez_wJc,0,0,0,,0,0,0,0,
2ea398a50afd48c3a9e3a819186a4375,1430,66407,211,111,211,https://www.youtube.com/watch?v=HeFwzP8ehKU,211,111,211,https://www.youtube.com/watch?v=HeFwzP8ehKU,0,0,0,,153,0,0,0,
0ec3bf23ccba41659f6d91e424fb2b4a,1430,56901,0,0,0,,0,0,0,,0,0,0,,0,0,0,0,
d3ae105969be4117ade8be2e8d19c008,1420,0,0,0,0,,0,0,0,,0,0,0,,2031,0,0,0,
87606e72f653472f9eafb06e8f49c39c,1420,165804,54,0,54,https://www.youtube.com/watch?v=CqQpzFXVobw,54,0,54,https://www.youtube.com/watch?v=CqQpzFXVobw,0,0,0,,0,0,0,0,
564b411dc4874310be6f8ee9bb7a0312,1420,101058,0,0,0,,0,0,0,,0,0,0,,0,0,0,0,
b572cb7de27446e3bcda5135f6a23d8a,1420,56737,78,38,108,https://www.youtube.com/watch?v=ifBPEMG6S5A,78,38,108,https://www.youtube.com/watch?v=ifBPEMG6S5A,0,0,0,,0,0,0,0,
a7410ae72f2d4648bcf192c21abd7c32,1420,54528,62,48,1373,https://www.youtube.com/watch?v=3UeVXSCSi7I,53,39,62,https://www.youtube.com/watch?v=S8OjZDW6pRE,1373,1165,1373,https://www.youtube.com/watch?v=3UeVXSCSi7I,174,0,0,0,
fa83a68ebfff419983124d69373ede6f,1410,238217,84,64,1564,https://www.youtube.com/watch?v=PU6pBvd9BYM,79,56,178,https://www.youtube.com/watch?v=-yPVxIDKIIQ,1492,226,1564,https://www.youtube.com/watch?v=PU6pBvd9BYM,2074,206,150,576,https://www.twitch.tv/videos/2825051213
5a901d793927414493afa87af0c4baec,1410,28861,0,0,0,,0,0,0,,0,0,0,,1444,0,0,0,
83ec4919298a4ad5984e3da31109a4c8,1410,56879,2035,415,2488,https://www.youtube.com/watch?v=b5s6kLpN6IQ,0,0,0,,2035,415,2488,https://www.youtube.com/watch?v=b5s6kLpN6IQ,13980,9709,4581,15490,https://www.twitch.tv/videos/2813309779
8fbd23f4e2ad442bb230aea8f433cd49,1410,141532,85,44,1787,https://www.youtube.com/watch?v=4A_KGkU-kx4,70,32,217,https://www.youtube.com/watch?v=G4pmcdxPDFw,1607,756,1787,https://www.youtube.com/watch?v=4A_KGkU-kx4,115,9,7,25,https://www.twitch.tv/videos/2829113728
3daee44c0bab401386813cff327a10a2,1400,147400,171,64,488,https://www.youtube.com/watch?v=MUVsDuhv_lo,171,64,488,https://www.youtube.com/watch?v=MUVsDuhv_lo,0,0,0,,0,0,0,0,
303c4cd8cf334f01805afdd8df5adc7f,1400,58032,97,34,118,https://www.youtube.com/watch?v=gUz7Z1tD7rk,97,34,118,https://www.youtube.com/watch?v=gUz7Z1tD7rk,0,0,0,,0,0,0,0,
6adad1ae67dc495dae88cefa06446593,1400,107275,0,0,0,,0,0,0,,0,0,0,,0,0,0,0,
6f68d3f50edf4814b59a4a018090b180,1400,30929,0,0,0,,0,0,0,,0,0,0,,0,0,0,0,
a4d4a2a3d7b648be9aa4d652ae592a4b,1400,118572,1257,919,1468,https://www.youtube.com/watch?v=knoO-7aMLNY,0,0,0,,1257,919,1468,https://www.youtube.com/watch?v=knoO-7aMLNY,133,0,0,0,
d766d15cb84b4aa9b33122097eefff76,1400,0,0,0,0,,0,0,0,,0,0,0,,10704,0,0,0,
f4eae5dde65b41969336f3f52c6df2d8,1390,125978,70,40,1184,https://www.youtube.com/watch?v=pEgabgjleug,63,34,289,https://www.youtube.com/watch?v=SbtEfvO3ano,729,721,1184,https://www.youtube.com/watch?v=pEgabgjleug,185,0,0,0,
787da9082edb4e9e9024a52cb12449e8,1390,36728,159,73,382,https://www.youtube.com/watch?v=veped7TBw5A,159,73,382,https://www.youtube.com/watch?v=veped7TBw5A,0,0,0,,0,0,0,0,
5356357f112b46db862b472a4aafcee8,1390,45693,0,0,0,,0,0,0,,0,0,0,,1291,0,0,0,
22a83c82e1914eb68b12e76b4ccb277c,1380,50201,109,86,175,https://www.youtube.com/watch?v=Itjwixf5x1s,109,86,175,https://www.youtube.com/watch?v=Itjwixf5x1s,0,0,0,,0,0,0,0,
25b1a8ceab1d439491fb4e98013cd0fc,1380,1679,0,0,0,,0,0,0,,0,0,0,,655,191,92,326,https://www.twitch.tv/videos/2831479434
acac9c479b4b42ba99d0bdfa2004ee5f,1380,30937,0,0,0,,0,0,0,,0,0,0,,890,0,0,0,
e63047f70b0b4a7eba70e7d8cbd507ec,1380,31356,0,0,0,,0,0,0,,0,0,0,,0,0,0,0,
30f58f5fd3994b9a8751b3f44e543c17,1380,106702,50,16,60,https://www.youtube.com/watch?v=LNWbVDAiU_Y,50,16,60,https://www.youtube.com/watch?v=LNWbVDAiU_Y,0,0,0,,0,0,0,0,
1b6e28ac923f4134a3627badc2fa8ef6,1380,68857,0,0,0,,0,0,0,,0,0,0,,479,0,0,0,
a5e5533ac342488a94003dc77869ddf9,1380,78017,63,32,2143,https://www.youtube.com/watch?v=sJ1fwi5CJwM,60,31,583,https://www.youtube.com/watch?v=LHmlNMK6upY,1988,812,2143,https://www.youtube.com/watch?v=sJ1fwi5CJwM,0,0,0,0,
ea8cc7c4366d48c797a88bfbcf584301,1370,36133,0,0,0,,0,0,0,,0,0,0,,243,173,120,202,https://www.twitch.tv/videos/2824464501
43056077596a49349ee4bea028f670f6,1370,80958,0,0,0,,0,0,0,,0,0,0,,304,0,0,0,
18d1c00e0bde4ddbb8be5eafe0967dfe,1370,80985,155,141,182,https://www.youtube.com/watch?v=xgACLWu1TP8,0,0,0,,155,141,182,https://www.youtube.com/watch?v=xgACLWu1TP8,0,0,0,0,
188bbf1349f1482cbd24d06ba720cf17,1370,18491,0,0,0,,0,0,0,,0,0,0,,905,134,109,380,https://www.twitch.tv/videos/2828509100
a974047cb6bb412da7fca2ec9d91d882,1370,63043,0,0,0,,0,0,0,,0,0,0,,216,0,0,0,
de1fec02e4ab43aa948a415621abc524,1370,88304,72,41,72,https://www.youtube.com/watch?v=1qI1K_wNliw,72,41,72,https://www.youtube.com/watch?v=1qI1K_wNliw,0,0,0,,0,0,0,0,
61e81c6f534247b486b8125bd34fa960,1360,68093,0,0,0,,0,0,0,,0,0,0,,20319,604,146,2779,https://www.twitch.tv/videos/2818974751
6861903583ee45d191ddc03faf6cd0d8,1360,21437,0,0,0,,0,0,0,,0,0,0,,1330,109,82,148,https://www.twitch.tv/videos/2826218635
aa0d8c2604694532a20aaf0f0ced8a5e,1360,0,0,0,0,,0,0,0,,0,0,0,,2493,0,0,0,
f479e1403f614727a5f2a2be339bad74,1350,22259,126,31,222,https://www.youtube.com/watch?v=6c8CP_GVLHA,126,31,222,https://www.youtube.com/watch?v=6c8CP_GVLHA,0,0,0,,3581,0,0,0,
07c204505d544b28bb52426d0665a59c,1350,69575,137,69,260,https://www.youtube.com/watch?v=EuyzByTeanY,137,69,260,https://www.youtube.com/watch?v=EuyzByTeanY,0,0,0,,0,0,0,0,
e3157ce546a640029cfcccb9107f8154,1350,79299,3,1,48,https://www.youtube.com/watch?v=GOz9UfYUAs0,0,0,0,,3,1,48,https://www.youtube.com/watch?v=GOz9UfYUAs0,0,0,0,0,
7327248ff3f04589bca9e61665448ae8,1350,47426,0,0,0,,0,0,0,,0,0,0,,311,0,0,0,
27a22366e885420e8a3c78ee7ac7c075,1350,53032,295,148,785,https://www.youtube.com/watch?v=Egf31NeFGw8,295,148,785,https://www.youtube.com/watch?v=Egf31NeFGw8,0,0,0,,289,447,323,2076,https://www.twitch.tv/videos/2822841774
4d98ebdc4eb8448da8d2ab8f64df8383,1350,66,0,0,0,,0,0,0,,0,0,0,,154,0,0,0,
5903a0f7274043058d817894a9b39e75,1340,31279,0,0,0,,0,0,0,,0,0,0,,0,0,0,0,
8968a24fb6bf4f08b1611e694c98eb40,1340,91471,49,44,96,https://www.youtube.com/watch?v=u8cZwr2kOBA,53,49,96,https://www.youtube.com/watch?v=u8cZwr2kOBA,37,18,37,https://www.youtube.com/watch?v=IIEboJYEs4c,0,0,0,0,
a9396c8dd95e43b29c694b14afa07ac4,1340,112549,4859,2156,4859,https://www.youtube.com/watch?v=gpUoQIthW58,0,0,0,,4859,2156,4859,https://www.youtube.com/watch?v=gpUoQIthW58,3950,406,288,823,https://www.twitch.tv/videos/2829989717
4267c862353e410388f1eaa5a5d85017,1340,37523,62,17,97,https://www.youtube.com/watch?v=KYCT08YlpAY,62,17,97,https://www.youtube.com/watch?v=KYCT08YlpAY,0,0,0,,0,0,0,0,
4082168d753e42b7aca1d25e759d09a7,1340,49306,43,21,269,https://www.youtube.com/watch?v=J413PJ25Xfc,185,98,269,https://www.youtube.com/watch?v=J413PJ25Xfc,38,14,125,https://www.youtube.com/watch?v=VbZriOYH4FY,670,145,115,261,https://www.twitch.tv/videos/2827058126
ffe6a7983e434702a68fe18c169e3164,1340,54857,96,14,146,https://www.youtube.com/watch?v=N7OhhkTZDo8,96,14,146,https://www.youtube.com/watch?v=N7OhhkTZDo8,0,0,0,,409,0,0,0,
403697f0f5ba49ef873673236c07e2d3,1330,79163,78,40,115,https://www.youtube.com/watch?v=Vo-F6bWaclo,78,40,115,https://www.youtube.com/watch?v=Vo-F6bWaclo,0,0,0,,260,246,173,545,https://www.twitch.tv/videos/2831137410
9de536d111214c379ec6969a52d92442,1330,75246,0,0,0,,0,0,0,,0,0,0,,0,0,0,0,
515f61904a1a45688ea0d7bc1e7d499e,1330,321830,9,8,9,https://www.youtube.com/watch?v=Ut2kexgCQ4k,0,0,0,,9,8,9,https://www.youtube.com/watch?v=Ut2kexgCQ4k,6,0,0,0,
d23dbc9d1db64c42821697d1bac8fb66,1330,126240,74,42,2897,https://www.youtube.com/watch?v=Uc53X0BXGgI,73,39,105,https://www.youtube.com/watch?v=vUoD6a6rHfo,2897,543,2897,https://www.youtube.com/watch?v=Uc53X0BXGgI,0,0,0,0,
1e06211caf4f4afa98125699a4c66b5d,1330,0,0,0,0,,0,0,0,,0,0,0,,0,0,0,0,
e15cd068f6fd4a05be985c22133f5428,1330,95529,146,36,146,https://www.youtube.com/watch?v=0oxfmvIKUfw,146,36,146,https://www.youtube.com/watch?v=0oxfmvIKUfw,0,0,0,,0,0,0,0,
6ff6adcddc934a3b94e45448e1912539,1320,203513,0,0,0,,0,0,0,,0,0,0,,1866,0,0,0,
bb28421da8a749ffb1ca8582b6278c24,1320,53759,190,97,1354,https://www.youtube.com/watch?v=OMgnDFJpnK0,0,0,0,,190,97,1354,https://www.youtube.com/watch?v=OMgnDFJpnK0,784,171,127,271,https://www.twitch.tv/videos/2827010064
869d9d9067b64dd78418cc258cb6607b,1320,78748,66,42,213,https://www.youtube.com/watch?v=kZvrx6SAo1E,66,42,213,https://www.youtube.com/watch?v=kZvrx6SAo1E,0,0,0,,1079,205,175,418,https://www.twitch.tv/videos/2828628628
cc641478434a4af8bb042c88f6588b2b,1310,0,0,0,0,,0,0,0,,0,0,0,,0,0,0,0,
4071b27c63424e1f9882ebe04a884586,1310,53110,0,0,0,,0,0,0,,0,0,0,,6680,0,0,0,
521efecabae94dd6b1d21bc5e8543fcb,1310,70593,86,29,106,https://www.youtube.com/watch?v=KNhLmMsY-UA,86,29,106,https://www.youtube.com/watch?v=KNhLmMsY-UA,0,0,0,,371,0,0,0,
e2df9d4aea8b4cb4b8e38c31cbf73036,1310,50186,0,0,0,,0,0,0,,0,0,0,,0,0,0,0,
eec1f137ea78444185a4268f72f59611,1310,49418,0,0,0,,0,0,0,,0,0,0,,0,0,0,0,
55889d2ac7c34549b9baa54bd5c899f3,1310,0,0,0,0,,0,0,0,,0,0,0,,23,0,0,0,
9b424d3a99ef4fc3b17bc7fef92fefd3,1300,131598,84,53,2009,https://www.youtube.com/watch?v=ToSEp5DODzA,64,12,84,https://www.youtube.com/watch?v=HzVZWvNFr2U,1530,251,2009,https://www.youtube.com/watch?v=ToSEp5DODzA,380,0,0,0,
cd9733cb91b6400aae0bc23e3f25d7eb,1300,36287,0,0,0,,0,0,0,,0,0,0,,0,0,0,0,
902740b39aed4b3cb381701c96a73f3a,1300,63806,55,29,624,https://www.youtube.com/watch?v=bL8wJR1ArgQ,55,29,624,https://www.youtube.com/watch?v=bL8wJR1ArgQ,0,0,0,,230,0,0,0,
355d53b23acb4f4697b858ca06b25fb7,1300,407086,70,55,70,https://www.youtube.com/watch?v=GBTprg-ZjkA,70,55,70,https://www.youtube.com/watch?v=GBTprg-ZjkA,0,0,0,,0,0,0,0,
506d9c6fdbd34c8aa5fda64d90d96ac2,1300,102925,44,25,283,https://www.youtube.com/watch?v=d4ByBSOlSh0,44,25,283,https://www.youtube.com/watch?v=d4ByBSOlSh0,0,0,0,,0,0,0,0,
d4bea738b4d548b788ddb590b62cc2bd,1300,165658,75,48,278,https://www.youtube.com/watch?v=emV1LeLpy40,75,48,278,https://www.youtube.com/watch?v=emV1LeLpy40,0,0,0,,0,0,0,0,
7441319fa18e4556a8ee9ef4e6396ee0,1300,125774,49,19,111,https://www.youtube.com/watch?v=TY8QAWi68HM,53,23,111,https://www.youtube.com/watch?v=TY8QAWi68HM,43,14,85,https://www.youtube.com/watch?v=LCTeFJIt1_k,0,0,0,0,
66d986eaa59347b0b18c5ed103cb173e,1290,62118,65,28,430,https://www.youtube.com/watch?v=vjjQdK7k4w8,71,27,430,https://www.youtube.com/watch?v=vjjQdK7k4w8,49,30,49,https://www.youtube.com/watch?v=Ku15jIqX0dg,0,0,0,0,
c587658ad4fe44b09137591c094ab297,1290,130082,98,45,160,https://www.youtube.com/watch?v=5DzqlHExgbk,98,45,160,https://www.youtube.com/watch?v=5DzqlHExgbk,0,0,0,,33,0,0,0,
de49994d9fd14067bf9ea5b4fbac7229,1290,25014,56,26,271,https://www.youtube.com/watch?v=tLErbKCclDI,56,26,271,https://www.youtube.com/watch?v=tLErbKCclDI,0,0,0,,415,0,0,0,
9cd7391045604ccda8be89f7946233e2,1280,25083,825,114,1917,https://www.youtube.com/watch?v=8F0eiIz8wYw,0,0,0,,825,114,1917,https://www.youtube.com/watch?v=8F0eiIz8wYw,122,76,50,133,https://www.twitch.tv/videos/2827740705
376881e818cc47c2a045ca4cb8361380,1280,21761,0,0,0,,0,0,0,,0,0,0,,1554,0,0,0,
74f214b764314c5aa446eb9981c94935,1280,42423,0,0,0,,0,0,0,,0,0,0,,0,0,0,0,
849624dcb99b4abf814b0b748669b6ff,1280,6248,0,0,0,,0,0,0,,0,0,0,,0,0,0,0,
7136d4451e954a2daed572b2ba517303,1280,0,0,0,0,,0,0,0,,0,0,0,,0,0,0,0,
566e5b6f438a4cacb3e4036eb9ffe9b8,1280,74797,50,23,103,https://www.youtube.com/watch?v=12gYz903Ca4,50,23,103,https://www.youtube.com/watch?v=12gYz903Ca4,0,0,0,,0,0,0,0,
2efe1ad069184a7e94b0583b452ffac4,1280,86655,0,0,0,,0,0,0,,0,0,0,,0,0,0,0,
648d77b2067849838a8ad3fdc0afb85a,1280,5967,0,0,0,,0,0,0,,0,0,0,,1470,0,0,0,
a8b244b0fb1f42f8b4bb3d3c2277de3b,1270,123415,796,292,1326,https://www.youtube.com/watch?v=F1Z4B5vv2j0,0,0,0,,796,292,1326,https://www.youtube.com/watch?v=F1Z4B5vv2j0,5207,1509,674,112087,https://www.twitch.tv/videos/2828514834
6ab090baa4624f1c8fca28312799e826,1270,43026,0,0,0,,0,0,0,,0,0,0,,788,76,63,103,https://www.twitch.tv/videos/2827840822
afe78c5051094e86bf9fdfe6cb2a4222,1270,59846,87,35,137,https://www.youtube.com/watch?v=hli0w0AzfDE,87,35,137,https://www.youtube.com/watch?v=hli0w0AzfDE,0,0,0,,0,0,0,0,
7a9b7ab0d5bd411195d77800ff778a90,1260,268238,581,283,1185,https://www.youtube.com/watch?v=ceePgkZI9bQ,0,0,0,,581,283,1185,https://www.youtube.com/watch?v=ceePgkZI9bQ,66,0,0,0,
e5433e4a21eb49e2bcd508e3b12fba6d,1260,8410,0,0,0,,0,0,0,,0,0,0,,185,26,21,28,https://www.twitch.tv/videos/2828535626
7f7e1579979c49249dc65783d457e890,1250,34016,42,31,42,https://www.youtube.com/watch?v=IF25vqWhqSA,42,31,42,https://www.youtube.com/watch?v=IF25vqWhqSA,0,0,0,,438,0,0,0,
d4e45d5ea1bf4a3a887b9f99ef60fda3,1250,1343,0,0,0,,0,0,0,,0,0,0,,0,0,0,0,
12f8dc82bc0d4f89bfbd7ede76ab1faf,1240,28980,0,0,0,,0,0,0,,0,0,0,,0,0,0,0,
b0b9e352f71d4a03ace9972ddec4ec56,1240,50077,151,82,1802,https://www.youtube.com/watch?v=Jhyzb6qRcgo,120,68,313,https://www.youtube.com/watch?v=quQl8i4WznU,626,228,1802,https://www.youtube.com/watch?v=Jhyzb6qRcgo,0,0,0,0,
0b8d1c0fa1b14df6821e85def645425e,1240,102289,60,28,129,https://www.youtube.com/watch?v=Nr-1ktbYTBA,60,28,129,https://www.youtube.com/watch?v=Nr-1ktbYTBA,0,0,0,,165,0,0,0,
026bdd139df44cec930dd7fc76345184,1240,57671,181,82,403,https://www.youtube.com/watch?v=hb7dQGysyJM,169,80,403,https://www.youtube.com/watch?v=hb7dQGysyJM,318,266,318,https://www.youtube.com/watch?v=zLKNubjhAM4,0,0,0,0,
d3e4f9bdbb6c42fc97b60148cefdb6e0,1240,34040,0,0,0,,0,0,0,,0,0,0,,5727,1007,121,1007,https://www.twitch.tv/videos/2812675856
5d73e7f013034d06b58decaf4b2b385c,1240,27884,0,0,0,,0,0,0,,0,0,0,,0,0,0,0,
e290f49c193149708cd72747639d5ced,1240,73455,59,29,173,https://www.youtube.com/watch?v=Ymh5GU3qVv8,59,29,173,https://www.youtube.com/watch?v=Ymh5GU3qVv8,0,0,0,,0,0,0,0,
f2ca2659644f4d02abc851e7bee3255b,1240,19175,76,47,1196,https://www.youtube.com/watch?v=no1VdFBEiEA,0,0,0,,76,47,1196,https://www.youtube.com/watch?v=no1VdFBEiEA,2761,1272,854,2569,https://www.twitch.tv/videos/2820302761
03c9d83a4c534b65a5743b381eb2ce33,1230,36714,37,16,52,https://www.youtube.com/watch?v=773oegQiHS4,37,16,52,https://www.youtube.com/watch?v=773oegQiHS4,0,0,0,,698,0,0,0,
2f966e51210f49ba9dce2ac90e3ada18,1230,23837,2263,1782,2263,https://www.youtube.com/watch?v=EL8lQdHY-98,0,0,0,,2263,1782,2263,https://www.youtube.com/watch?v=EL8lQdHY-98,904,0,0,0,
f227226fd52e4fbe801b4c89acfe4887,1230,37468,57,31,88,https://www.youtube.com/watch?v=kKHxVR7YEXI,59,31,88,https://www.youtube.com/watch?v=kKHxVR7YEXI,49,31,49,https://www.youtube.com/watch?v=St6k5xrDUoo,646,0,0,0,
01fc7842da284adaad67d3774a4b2a6c,1230,20546,73,38,191,https://www.youtube.com/watch?v=-q8WNkVNVls,73,38,191,https://www.youtube.com/watch?v=-q8WNkVNVls,0,0,0,,0,0,0,0,
d4b4a16e0ccc4bb49ff82c8584e6ed79,1220,42806,0,0,0,,0,0,0,,0,0,0,,0,0,0,0,
0f74555e05794780adc4eb0b9096f727,1220,15657,55,7,56,https://www.youtube.com/watch?v=1vAiOfhPi_A,55,7,56,https://www.youtube.com/watch?v=1vAiOfhPi_A,0,0,0,,115,0,0,0,
c91c52df005e4a7c988704e474b54dbc,1220,127644,148,108,1251,https://www.youtube.com/watch?v=huK2ZAhItMY,117,62,155,https://www.youtube.com/watch?v=WnjsR-xbWzE,658,338,1251,https://www.youtube.com/watch?v=huK2ZAhItMY,0,0,0,0,
6e845fd52d044ab598cc4ca35ba91f88,1210,7868,0,0,0,,0,0,0,,0,0,0,,0,0,0,0,
3430389926a942cbacde9b444b3a6653,1210,51045,0,0,0,,0,0,0,,0,0,0,,1052,81,57,151,https://www.twitch.tv/videos/2831612206
b80c21b76e7849f0a0fa94194fe2ad4b,1210,19949,0,0,0,,0,0,0,,0,0,0,,1121,0,0,0,
82d5f7612b7645f3a77dd954a0e30b24,1210,35252,126,64,126,https://www.youtube.com/watch?v=h_KNqtEdyis,126,64,126,https://www.youtube.com/watch?v=h_KNqtEdyis,0,0,0,,0,0,0,0,
e308f7f536c8462baf851d52cdff7fb9,1210,40175,0,0,0,,0,0,0,,0,0,0,,0,0,0,0,
3b9a06751f3c415993d424480d4d5060,1210,141003,77,24,153,https://www.youtube.com/watch?v=N1q9PbP9VMc,77,24,153,https://www.youtube.com/watch?v=N1q9PbP9VMc,0,0,0,,0,0,0,0,
8ae0f370cf124faa953a09089a427fd9,1200,56713,141,67,693,https://www.youtube.com/watch?v=-TZQoDt2yNo,142,72,693,https://www.youtube.com/watch?v=-TZQoDt2yNo,48,30,155,https://www.youtube.com/watch?v=0oDR82VrlLA,313,19,13,57,https://www.twitch.tv/videos/2828593456
497385ad229548cdb0c80d89b70d050f,1200,110580,0,0,0,,0,0,0,,0,0,0,,0,0,0,0,
21a80fdbdff448b98102b0d8ffa70888,1200,190,0,0,0,,0,0,0,,0,0,0,,0,0,0,0,
6abc6d7010ed4b7a88b2566b171c9005,1200,39572,99,56,131,https://www.youtube.com/watch?v=xnxCtbqxYH0,99,56,131,https://www.youtube.com/watch?v=xnxCtbqxYH0,0,0,0,,0,0,0,0,
1f378a6e115046ffa1a17f9079285d4a,1200,38930,86,58,149,https://www.youtube.com/watch?v=n8o6OYT9yhM,86,58,149,https://www.youtube.com/watch?v=n8o6OYT9yhM,0,0,0,,96,0,0,0,
af34d62a8f4e4ca180c11f11c2832893,1200,40222,0,0,0,,0,0,0,,0,0,0,,0,0,0,0,
921b0b3a8dd64a5494720801af95ba06,1200,84693,43,15,93,https://www.youtube.com/watch?v=VPIKiFn7KFc,43,15,93,https://www.youtube.com/watch?v=VPIKiFn7KFc,0,0,0,,0,0,0,0,
0446516df6074a4ba8a0f3639b17de46,1200,59127,0,0,0,,0,0,0,,0,0,0,,0,0,0,0,
310c827bd2b34fa58413b09453226ee9,1200,0,0,0,0,,0,0,0,,0,0,0,,0,0,0,0,
ccf93d7646f249dfa3454f5a60f466c8,1190,42730,0,0,0,,0,0,0,,0,0,0,,117,0,0,0,
ffaf6da580a44e11bba9715e3c854958,1180,67320,63,22,185,https://www.youtube.com/watch?v=qgD_sIzm7Qw,63,22,185,https://www.youtube.com/watch?v=qgD_sIzm7Qw,0,0,0,,196,0,0,0,
9cdf183fa1ee43c2906cca70884a6278,1180,24681,0,0,0,,0,0,0,,0,0,0,,0,0,0,0,
870430bfaf9942f487819fcb4630fabb,1180,1421,0,0,0,,0,0,0,,0,0,0,,1236,54,36,55,https://www.twitch.tv/videos/2822000222
a09298c0b6ab4dcda7cfe945f47f445f,1180,0,0,0,0,,0,0,0,,0,0,0,,0,0,0,0,
d7e9a44c2bbe439b9f062d64dc1b96f3,1180,71863,96,27,148,https://www.youtube.com/watch?v=6NYIH-jCL4A,96,27,148,https://www.youtube.com/watch?v=6NYIH-jCL4A,0,0,0,,119,0,0,0,
fe555b322c784b5b9c2297c585bc9352,1170,37607,65,6,79,https://www.youtube.com/watch?v=EFB5bOth1ic,65,6,79,https://www.youtube.com/watch?v=EFB5bOth1ic,0,0,0,,0,0,0,0,
fb7ced3cc6c247928ce1bb3b2715d98c,1170,385180,443,239,1279,https://www.youtube.com/watch?v=n5V6u188ZdQ,0,0,0,,443,239,1279,https://www.youtube.com/watch?v=n5V6u188ZdQ,0,0,0,0,
834afd07257a43ac9f61085f79449be1,1170,60650,253,82,1581,https://www.youtube.com/watch?v=Vkq0Tg0WXi4,217,75,1065,https://www.youtube.com/watch?v=4chpkL6eyv4,1581,1405,1581,https://www.youtube.com/watch?v=Vkq0Tg0WXi4,0,0,0,0,
492582e14bd0480eb5c847e6240f020b,1170,78023,49,22,187,https://www.youtube.com/watch?v=rJ6TJFM7oXo,49,22,187,https://www.youtube.com/watch?v=rJ6TJFM7oXo,0,0,0,,0,0,0,0,
15bc73fc2acf4a7695bab31fdea450f0,1170,41414,83,34,297,https://www.youtube.com/watch?v=DW42nowHUTQ,86,36,297,https://www.youtube.com/watch?v=DW42nowHUTQ,38,7,38,https://www.youtube.com/watch?v=5HB7W37kMx4,0,0,0,0,
ac5176c53ad7447b8d63f82f65ba7200,1170,56869,0,0,0,,0,0,0,,0,0,0,,2548,0,0,0,
74c75f221fbb4cffa67de26881bae17d,1170,81739,0,0,0,,0,0,0,,0,0,0,,0,0,0,0,
19f507cc460a426cb02013fb203bd0a7,1160,58937,304,199,446,https://www.youtube.com/watch?v=QOWqeZty20g,304,199,446,https://www.youtube.com/watch?v=QOWqeZty20g,0,0,0,,471,98,81,262,https://www.twitch.tv/videos/2832381505
20bfe5495db6453eaadbc55322c856f9,1160,39024,0,0,0,,0,0,0,,0,0,0,,0,0,0,0,
507d48eff3d44b6cba7b707e321e01e7,1160,63905,130,27,204,https://www.youtube.com/watch?v=AdS-lVLazLI,130,27,204,https://www.youtube.com/watch?v=AdS-lVLazLI,0,0,0,,624,0,0,0,
2656bc44436c45cca3e94e43a9a49c2d,1160,188895,231,83,569,https://www.youtube.com/watch?v=j_1FLXG1LZY,231,83,569,https://www.youtube.com/watch?v=j_1FLXG1LZY,0,0,0,,0,0,0,0,
7e1072448d24495f8cac5163c0290989,1150,40546,66,17,67,https://www.youtube.com/watch?v=wk-FEyWINXY,66,17,67,https://www.youtube.com/watch?v=wk-FEyWINXY,0,0,0,,202,0,0,0,
99e9616a2f73426d8c0a672dd20d9ad3,1150,221372,239,76,263,https://www.youtube.com/watch?v=Upq98ZyIsLE,239,76,263,https://www.youtube.com/watch?v=Upq98ZyIsLE,0,0,0,,62,0,0,0,
01871d8239314affaf7032899ce6502f,1150,297240,0,0,0,,0,0,0,,0,0,0,,0,0,0,0,
a1ef171711404951a987f4c9bc5e64f0,1150,83784,59,25,127,https://www.youtube.com/watch?v=dCm7GKmOqYA,55,24,127,https://www.youtube.com/watch?v=dCm7GKmOqYA,104,75,104,https://www.youtube.com/watch?v=VDWZlCk76uQ,0,0,0,0,
956591dc2e40411688b8f8e3079bc5e3,1150,129883,263,144,801,https://www.youtube.com/watch?v=1cdFvgJdrA0,186,73,227,https://www.youtube.com/watch?v=NK9gP8ylsNo,470,181,801,https://www.youtube.com/watch?v=1cdFvgJdrA0,0,0,0,0,
90405cb21f7743639684632f6bc57a46,1150,6654,0,0,0,,0,0,0,,0,0,0,,0,0,0,0,
ca8d038d311e4cccb2deded15cee89cd,1140,62004,96,39,186,https://www.youtube.com/watch?v=gI9rj22r7X8,101,47,186,https://www.youtube.com/watch?v=gI9rj22r7X8,6,1,6,https://www.youtube.com/watch?v=FvZLYpRPS5U,111,0,0,0,
3d33f15ad27c406abfd68d6c16e0b53d,1140,68412,0,0,0,,0,0,0,,0,0,0,,0,0,0,0,
4e7110080135486ba1d83d3e5cdbf0ca,1140,14994,0,0,0,,0,0,0,,0,0,0,,437,0,0,0,
43acb25e255340d09b50283f0308d1ff,1140,595205,15,7,20,https://www.youtube.com/watch?v=M2-c-qww7zM,15,7,20,https://www.youtube.com/watch?v=M2-c-qww7zM,0,0,0,,0,0,0,0,
9bf758b113b048bc9331f244b619e4b2,1140,97681,70,23,380,https://www.youtube.com/watch?v=ob7P6Ntv4D8,47,24,82,https://www.youtube.com/watch?v=tBdkwvWrpkk,284,8,380,https://www.youtube.com/watch?v=ob7P6Ntv4D8,270,17,8,17,https://www.twitch.tv/videos/2822130416
0b0668c6206c4500bdcbc281ee58680c,1140,42277,22,8,101,https://www.youtube.com/watch?v=ZThT7t3lFd8,22,8,101,https://www.youtube.com/watch?v=ZThT7t3lFd8,0,0,0,,2960,149,137,185,https://www.twitch.tv/videos/2831154028
d4c077fa180a460cabadc4e2838d1855,1140,38884,0,0,0,,0,0,0,,0,0,0,,0,0,0,0,
f97745a8003c480fa728cf34d61afc6c,1140,75962,378,36,2089,https://www.youtube.com/watch?v=E79EEtOZWG0,0,0,0,,378,36,2089,https://www.youtube.com/watch?v=E79EEtOZWG0,0,0,0,0,
b4b4fcedc8264cb5b90584935aebf110,1140,45464,148,17,148,https://www.youtube.com/watch?v=GD5h27lh6Og,148,17,148,https://www.youtube.com/watch?v=GD5h27lh6Og,0,0,0,,262,0,0,0,
fff74fa431cd4468b177675010504ee1,1130,19014,0,0,0,,0,0,0,,0,0,0,,388,99,58,113,https://www.twitch.tv/videos/2829456499
ffe0cef3d8c34c52bb605a23a3e61e95,1130,30882,219,24,219,https://www.youtube.com/watch?v=wD7V1onkEtM,219,24,219,https://www.youtube.com/watch?v=wD7V1onkEtM,0,0,0,,0,0,0,0,
a5c12a1268af408c9a3ed6adbb72c53c,1130,70131,0,0,0,,0,0,0,,0,0,0,,0,0,0,0,
aab094af87d74f3cbcb332bdac03fa23,1130,23869,53,27,72,https://www.youtube.com/watch?v=dmV2zfhtncI,53,27,72,https://www.youtube.com/watch?v=dmV2zfhtncI,0,0,0,,0,0,0,0,
5226367de740445789ec9b65a84d65c5,1130,182924,96,61,191,https://www.youtube.com/watch?v=tmUkwHVZVgQ,96,61,191,https://www.youtube.com/watch?v=tmUkwHVZVgQ,0,0,0,,278,0,0,0,
c964cb46cc9d411aaca372f9e459d2dc,1130,53697,0,0,0,,0,0,0,,0,0,0,,233,0,0,0,
32a5b834b2bf4912bcd54ac00ae13285,1130,3851,0,0,0,,0,0,0,,0,0,0,,2894,276,117,802,https://www.twitch.tv/videos/2829847256
c6af4f23c6ce4adab5301d79b0bd343a,1130,170144,163,72,281,https://www.youtube.com/watch?v=cIHitINPkCo,163,72,281,https://www.youtube.com/watch?v=cIHitINPkCo,0,0,0,,3674,655,337,1130,https://www.twitch.tv/videos/2821995018
853afd5eb42e4f61bb0f9478aa8c1661,1120,0,0,0,0,,0,0,0,,0,0,0,,0,0,0,0,
d29682522104427fb366fa19a0521bc3,1120,19395,0,0,0,,0,0,0,,0,0,0,,491,0,0,0,
d475848a566848dc9f6ad02707d87e2a,1120,149849,59,27,1366,https://www.youtube.com/watch?v=zi76yI_6JDk,59,30,101,https://www.youtube.com/watch?v=JB8uLvjeSn8,64,12,1366,https://www.youtube.com/watch?v=zi76yI_6JDk,0,0,0,0,
c2b9638d8dd54888a91caa8a67366907,1120,20653,0,0,0,,0,0,0,,0,0,0,,2620,144,124,201,https://www.twitch.tv/videos/2826130101
99f95450781349058c1c4098d6fe9f41,1120,73866,67,41,187,https://www.youtube.com/watch?v=IBZaNNXGs1Q,67,41,187,https://www.youtube.com/watch?v=IBZaNNXGs1Q,0,0,0,,0,0,0,0,
49f14b84269f458099232c2a21b2ba74,1120,32372,39,18,69,https://www.youtube.com/watch?v=9inFf5fCMwc,39,18,69,https://www.youtube.com/watch?v=9inFf5fCMwc,0,0,0,,0,0,0,0,
4bdf9ee9f53f4785b37a9d9dbd2a0da8,1120,65625,4,1,12,https://www.youtube.com/watch?v=k6E7751D0-s,0,0,0,,4,1,12,https://www.youtube.com/watch?v=k6E7751D0-s,0,0,0,0,
26eba1f0fabf425aa5769e01e855ea28,1120,106397,124,5,124,https://www.youtube.com/watch?v=6cBwGyS7zI0,124,5,124,https://www.youtube.com/watch?v=6cBwGyS7zI0,0,0,0,,0,0,0,0,
2a0de6059bd74c298a80f45a8052790e,1110,228305,1778,210,1778,https://www.youtube.com/watch?v=HX1RVIkv7Xw,0,0,0,,1778,210,1778,https://www.youtube.com/watch?v=HX1RVIkv7Xw,1316,164,136,340,https://www.twitch.tv/videos/2825193709
1e59cd43a10a44edb1407fb8ba8529a8,1110,63497,105,52,209,https://www.youtube.com/watch?v=L33ZXlNaP_U,105,52,209,https://www.youtube.com/watch?v=L33ZXlNaP_U,0,0,0,,0,0,0,0,
95694a64c0fe4b5c987344f1edcec826,1110,51524,56,33,183,https://www.youtube.com/watch?v=ZPiC8-avw5U,56,33,183,https://www.youtube.com/watch?v=ZPiC8-avw5U,0,0,0,,1664,172,153,1012,https://www.twitch.tv/videos/2829159757
381bb87f90794f2a909775a87c192dc5,1110,109225,0,0,0,,0,0,0,,0,0,0,,10529,386,139,588,https://www.twitch.tv/videos/2812012383
46a8009adbca4aa083af580b50b69306,1110,24635,9,5,9,https://www.youtube.com/watch?v=ChN9Ja8uk00,9,5,9,https://www.youtube.com/watch?v=ChN9Ja8uk00,0,0,0,,503,18,16,18,https://www.twitch.tv/videos/2831788187
798dda88504941b08a086b309c81b4ef,1110,4526,0,0,0,,0,0,0,,0,0,0,,0,0,0,0,
971c91b32e9b4e1abfdafe711cb9e440,1100,50041,24,6,75,https://www.youtube.com/watch?v=TkG3RBDe8fs,51,24,75,https://www.youtube.com/watch?v=TkG3RBDe8fs,15,3,24,https://www.youtube.com/watch?v=7vvSkUHTLh4,0,0,0,0,
8d67810b612540a0ad928179c1f9a4ee,1100,18719,0,0,0,,0,0,0,,0,0,0,,693,126,108,224,https://www.twitch.tv/videos/2822860125
e63fe9e27be44403b222fb0319c027b6,1100,36842,344,273,530,https://www.youtube.com/watch?v=yktjksErEb4,0,0,0,,344,273,530,https://www.youtube.com/watch?v=yktjksErEb4,5419,1159,547,2321,https://www.twitch.tv/videos/2817168647
1058d6e9f351455389e8a7a716ea26ff,1100,61410,65,38,284,https://www.youtube.com/watch?v=IHihBcPBRI8,67,39,284,https://www.youtube.com/watch?v=IHihBcPBRI8,57,37,96,https://www.youtube.com/watch?v=As2GR72KIfk,4093,698,531,1164,https://www.twitch.tv/videos/2829419332
ec9a791b8152478b95858b199b866ef9,1100,44751,0,0,0,,0,0,0,,0,0,0,,377,0,0,0,
e212d468e3e64ad5b8f22f61bc4e06f7,1100,34228,0,0,0,,0,0,0,,0,0,0,,0,0,0,0,
f4ff6f40be3a4294ac1fe3e475421377,1100,84835,106,68,114,https://www.youtube.com/watch?v=AmemjtECGQo,106,68,114,https://www.youtube.com/watch?v=AmemjtECGQo,0,0,0,,47,0,0,0,
3410ce8f1b78487f8025485a6c09b1b8,1100,34103,0,0,0,,0,0,0,,0,0,0,,0,0,0,0,
5d02c4219e484617979165267cbd8d7f,1100,7500,0,0,0,,0,0,0,,0,0,0,,7,0,0,0,
0d080db8809848e2ba918799b2f7885b,1100,75343,67,26,9435,https://www.youtube.com/watch?v=FJZJWfks1I4,50,22,157,https://www.youtube.com/watch?v=J5s45KSpWoo,3285,1211,9435,https://www.youtube.com/watch?v=FJZJWfks1I4,0,0,0,0,
7aca9b05fe654223a3702531383002a8,1100,7393,0,0,0,,0,0,0,,0,0,0,,2876,533,405,699,https://www.twitch.tv/videos/2826585861
4b9b64309ea0491bbde3b86b6c34bdd0,1090,71244,153,70,219,https://www.youtube.com/watch?v=ZMfsY5BbY9M,153,70,219,https://www.youtube.com/watch?v=ZMfsY5BbY9M,0,0,0,,0,0,0,0,
5aaaa518ae674ae1a1162e8454a460f9,1090,23497,0,0,0,,0,0,0,,0,0,0,,1389,0,0,0,
8489d002b1704612bd0dd23f9a14ed51,1090,56592,38,17,65,https://www.youtube.com/watch?v=pZLrERQNQBs,38,17,65,https://www.youtube.com/watch?v=pZLrERQNQBs,0,0,0,,172,0,0,0,
f5838bbd59cf4922897b71efe3dc25af,1090,2324,0,0,0,,0,0,0,,0,0,0,,885,0,0,0,
46388caf23e34f09b145fff0fa25b897,1090,33305,0,0,0,,0,0,0,,0,0,0,,882,56,36,56,https://www.twitch.tv/videos/2825340210
5de329cf8bc5410fb40ef38d117be94d,1090,64402,66,34,3288,https://www.youtube.com/watch?v=eMV_DhOrsWg,65,25,192,https://www.youtube.com/watch?v=d-zDytjJpSE,1895,289,3288,https://www.youtube.com/watch?v=eMV_DhOrsWg,584,132,121,190,https://www.twitch.tv/videos/2824521076
34e2da1086ea4670b7b3d1fec34d8403,1090,53275,94,27,110,https://www.youtube.com/watch?v=2s-wB1iNOYI,94,27,110,https://www.youtube.com/watch?v=2s-wB1iNOYI,0,0,0,,0,0,0,0,
70af0f70b6284690a524eb87aaa1d296,1090,71764,0,0,0,,0,0,0,,0,0,0,,4849,778,456,1195,https://www.twitch.tv/videos/2817438042
e0535f2d38f04d26aca33772bccb33b8,1080,70462,0,0,0,,0,0,0,,0,0,0,,2541,458,176,651,https://www.twitch.tv/videos/2813419399
b9eb00549c554290a7dbc5cd05910239,1080,103043,1381,1185,1381,https://www.youtube.com/watch?v=nl7oLwZPDNQ,0,0,0,,1381,1185,1381,https://www.youtube.com/watch?v=nl7oLwZPDNQ,0,0,0,0,
0d7502e74c394a7f82a07c31fee877ff,1080,34678,0,0,0,,0,0,0,,0,0,0,,0,0,0,0,
1eef7c0894a547a2bff186f6a735145a,1080,25452,84,56,147,https://www.youtube.com/watch?v=5YWAhSeWcCA,113,63,147,https://www.youtube.com/watch?v=5YWAhSeWcCA,81,1,81,https://www.youtube.com/watch?v=lx5E3zwsW9c,0,0,0,0,
4b214cdeac0649989f03f39e497816cf,1080,4506141,78,37,2412,https://www.youtube.com/watch?v=ykN5dg5-zb0,75,27,167,https://www.youtube.com/watch?v=GO3taAHziBU,1928,1282,2412,https://www.youtube.com/watch?v=ykN5dg5-zb0,739,127,104,157,https://www.twitch.tv/videos/2833509096
b399afc661d04f47acc9d0681be343b4,1080,147947,122,62,2105,https://www.youtube.com/watch?v=zLAiWUyvdjs,109,54,407,https://www.youtube.com/watch?v=SFTVmzPQWl4,1444,365,2105,https://www.youtube.com/watch?v=zLAiWUyvdjs,537,161,121,280,https://www.twitch.tv/videos/2822161978
238b751368474f798a737e7cf1f4a87b,1080,45985,0,0,0,,0,0,0,,0,0,0,,2075,0,0,0,
5f413dce55614542940c58900ef1c82c,1080,25778,0,0,0,,0,0,0,,0,0,0,,822,74,52,118,https://www.twitch.tv/videos/2827147537
3a963b6901c7467da3d9c8bd74df9da6,1080,52313,76,47,76,https://www.youtube.com/watch?v=q0YtqMuwLe8,76,47,76,https://www.youtube.com/watch?v=q0YtqMuwLe8,0,0,0,,0,0,0,0,
278f93ad57b14f01a71f1e89598ee503,1080,10449,0,0,0,,0,0,0,,0,0,0,,0,0,0,0,
41ec65fd72424aa0b90cdfefd49bd35e,1070,749,0,0,0,,0,0,0,,0,0,0,,0,0,0,0,
b5d3dfb81219492cb11a34291aab8cc8,1070,31996,0,0,0,,0,0,0,,0,0,0,,0,0,0,0,
4d4410bdde7d4107809dc6e1e2ce0e0e,1070,53531,56,25,196,https://www.youtube.com/watch?v=CMG-B_EXqfw,51,23,81,https://www.youtube.com/watch?v=9a4PkiHJAgM,184,30,196,https://www.youtube.com/watch?v=CMG-B_EXqfw,0,0,0,0,
62080edda26345efbf8bc2bab0ab4136,1070,31221,0,0,0,,0,0,0,,0,0,0,,0,0,0,0,
d1f20b59a19e4ec499d423a7ba65d602,1070,29101,0,0,0,,0,0,0,,0,0,0,,0,0,0,0,
0a9ce04e6eee4c6d8dde6eb5a0f56c20,1070,18748,0,0,0,,0,0,0,,0,0,0,,0,0,0,0,
683db9d9b58f4dd883966c82581a7b60,1070,41003,35,18,95,https://www.youtube.com/watch?v=zFBErRfhg1I,35,18,95,https://www.youtube.com/watch?v=zFBErRfhg1I,0,0,0,,0,0,0,0,
85aa19ec73ce4db08ba1bf3d0f1807ce,1070,52331,56,0,56,https://www.youtube.com/watch?v=L_0b797oHSQ,56,0,56,https://www.youtube.com/watch?v=L_0b797oHSQ,0,0,0,,0,0,0,0,
78f09e2a2d31477aa4a475ff159fb7c2,1070,93218,396,158,11486,https://www.youtube.com/watch?v=Q9TpmRtDdKY,310,168,1827,https://www.youtube.com/watch?v=rExpnBQk3-g,1306,110,11486,https://www.youtube.com/watch?v=Q9TpmRtDdKY,164,153,116,216,https://www.twitch.tv/videos/2830967443
83f4ec63112c46d1801fc596894c3e47,1070,41301,0,0,0,,0,0,0,,0,0,0,,0,0,0,0,
fe70a0055df1453a82bea6582d3072fa,1060,46931,54,21,63,https://www.youtube.com/watch?v=LiYKLoUAxmY,54,21,63,https://www.youtube.com/watch?v=LiYKLoUAxmY,0,0,0,,0,0,0,0,
45baafce0f294208a063a496814b7986,1060,47789,75,41,75,https://www.youtube.com/watch?v=poQStoTtvLo,75,41,75,https://www.youtube.com/watch?v=poQStoTtvLo,0,0,0,,0,0,0,0,
8a8bc32109654a41a7cae0a9f235d9fb,1060,6389,0,0,0,,0,0,0,,0,0,0,,427,0,0,0,
f4c357c0b7ae4891859ecd205d903dff,1060,51294,89,39,1410,https://www.youtube.com/watch?v=0_PAQ27pUag,81,43,116,https://www.youtube.com/watch?v=P2Fsbc_KMrM,89,35,1410,https://www.youtube.com/watch?v=0_PAQ27pUag,86,0,0,0,
5396c3113555413f8b8d722d44b413d3,1060,5138,137,49,146,https://www.youtube.com/watch?v=AkL9bF-jyQo,137,49,146,https://www.youtube.com/watch?v=AkL9bF-jyQo,0,0,0,,0,0,0,0,
f560e7811b454fe489044165c53dba83,1050,60897,36,20,77,https://www.youtube.com/watch?v=5yT82CR9gOw,36,20,77,https://www.youtube.com/watch?v=5yT82CR9gOw,0,0,0,,0,0,0,0,
37df80920d2b4363b3fd69fd3c6be31c,1050,0,0,0,0,,0,0,0,,0,0,0,,0,0,0,0,
b4de9155a5f34284a41224c38e70c67e,1050,55275,149,24,150,https://www.youtube.com/watch?v=PBgy-FkmSKo,149,24,149,https://www.youtube.com/watch?v=E1ZCfM65KrA,80,49,150,https://www.youtube.com/watch?v=PBgy-FkmSKo,43,0,0,0,
7754a4ea82814b7fbbecfcf459382001,1050,22310,0,0,0,,0,0,0,,0,0,0,,2461,193,140,1042,https://www.twitch.tv/videos/2822952013
d6d4ed41815a4603a028d321d9d14a56,1050,11481,32,28,32,https://www.youtube.com/watch?v=hgmB7QvfcI4,32,28,32,https://www.youtube.com/watch?v=hgmB7QvfcI4,0,0,0,,10,0,0,0,
ce4d344e37cd403cbb5325010144d393,1050,92473,945,159,2330,https://www.youtube.com/watch?v=t2CHoT5U4KQ,117,50,148,https://www.youtube.com/watch?v=NNsVXIqjjSY,1294,705,2330,https://www.youtube.com/watch?v=t2CHoT5U4KQ,1464,263,201,429,https://www.twitch.tv/videos/2826187280
8d8b1382b7154504819e1db08ecbe8ee,1050,21487,0,0,0,,0,0,0,,0,0,0,,0,0,0,0,
d792696470b54bd4947a59b10759a636,1040,51214,62,23,97,https://www.youtube.com/watch?v=cbcRnlMPnio,67,24,97,https://www.youtube.com/watch?v=cbcRnlMPnio,32,13,32,https://www.youtube.com/watch?v=Uz-Uq-YqqMw,0,0,0,0,
00a208caab334f6daf286ebb92cfd9da,1040,18334,0,0,0,,0,0,0,,0,0,0,,412,0,0,0,
1145b6f48caf4756a889a437025c3db2,1040,37379,0,0,0,,0,0,0,,0,0,0,,0,0,0,0,
4ba065758aa94ce18cfe227cc37b1afe,1040,34513,0,0,0,,0,0,0,,0,0,0,,3455,433,318,708,https://www.twitch.tv/videos/2824360872
483a76d7ad1d464aa290606959ddddec,1040,58677,79,28,98,https://www.youtube.com/watch?v=fDZC5MgF6lo,79,28,98,https://www.youtube.com/watch?v=fDZC5MgF6lo,0,0,0,,852,294,246,356,https://www.twitch.tv/videos/2833429612
218f418c23084e87a498d1c4fad724ae,1040,0,0,0,0,,0,0,0,,0,0,0,,0,0,0,0,
0a000a22ebd84abf860bcd5ef0a5ed60,1040,51726,8,3,1382,https://www.youtube.com/watch?v=pUjVqKRmjBM,0,0,0,,8,3,1382,https://www.youtube.com/watch?v=pUjVqKRmjBM,2380,541,327,1361,https://www.twitch.tv/videos/2832643402
62b7ee328a7b42b0a1da0ab3bc22d1db,1040,174757,42,19,2975,https://www.youtube.com/watch?v=MmnmfsSZdBs,40,19,92,https://www.youtube.com/watch?v=HOWyVmz50Oo,278,213,2975,https://www.youtube.com/watch?v=MmnmfsSZdBs,1256,116,84,315,https://www.twitch.tv/videos/2822930352
b5b0001ea8594cd68567ef344ca0bb2e,1030,172136,89,27,160,https://www.youtube.com/watch?v=PricwKZdO1Q,89,27,160,https://www.youtube.com/watch?v=PricwKZdO1Q,0,0,0,,0,0,0,0,
3588ee10f67c4911b544e48223c57c7d,1030,22495,0,0,0,,0,0,0,,0,0,0,,0,0,0,0,
8460a099a32044a5aa602f780dec94f2,1030,317011,56,24,1862,https://www.youtube.com/watch?v=Xmjt5BxkXW0,31,18,77,https://www.youtube.com/watch?v=02JKdGZx7J0,325,215,1862,https://www.youtube.com/watch?v=Xmjt5BxkXW0,21,0,0,0,
5a1eb09579134895adfa9516611bd925,1030,32833,0,0,0,,0,0,0,,0,0,0,,712,106,83,106,https://www.twitch.tv/videos/2828571348
fb23227395a04a26abe441d1ac7978de,1030,105249,120,55,289,https://www.youtube.com/watch?v=AdciZsMf50Y,120,55,289,https://www.youtube.com/watch?v=AdciZsMf50Y,0,0,0,,382,95,76,332,https://www.twitch.tv/videos/2831835367
837cc45c90974caa9f07699c3899fa7b,1030,48990,39,24,188,https://www.youtube.com/watch?v=CPotDmUMJX8,39,24,188,https://www.youtube.com/watch?v=CPotDmUMJX8,0,0,0,,572,51,39,87,https://www.twitch.tv/videos/2831118758
302b50b5cf4844d58868013404b1ec3f,1020,27273,76,39,215,https://www.youtube.com/watch?v=UxzshixBxLo,76,39,215,https://www.youtube.com/watch?v=UxzshixBxLo,0,0,0,,0,0,0,0,
872b7ddfc20f433f9575e2a762e83c06,1020,52862,145,112,982,https://www.youtube.com/watch?v=ENXqYcltfLQ,145,112,982,https://www.youtube.com/watch?v=ENXqYcltfLQ,0,0,0,,0,0,0,0,
647a4992105c4f18b92239156e0064fb,1020,26165,0,0,0,,0,0,0,,0,0,0,,144,0,0,0,
15e82a696cfc4d42929e29b0d90955d1,1020,58844,205,92,377,https://www.youtube.com/watch?v=6O0_4F5Krvc,202,86,377,https://www.youtube.com/watch?v=6O0_4F5Krvc,322,308,364,https://www.youtube.com/watch?v=SflzDP6b6TI,0,0,0,0,
800b7770ac1d4e4eb62318639ff71b7a,1020,72920,670,60,1919,https://www.youtube.com/watch?v=syxk5OV-4Ck,0,0,0,,670,60,1919,https://www.youtube.com/watch?v=syxk5OV-4Ck,0,0,0,0,
63d931b5a0374b3fbeef2c565a8db8df,1020,175443,3072,479,4493,https://www.youtube.com/watch?v=j5CDPBehb-0,0,0,0,,3072,479,4493,https://www.youtube.com/watch?v=j5CDPBehb-0,6471,901,310,1565,https://www.twitch.tv/videos/2824781337
7ca8ec94cb4640ccb27719cbfc8a8df0,1020,56519,111,35,111,https://www.youtube.com/watch?v=8fxhJxc2n9A,111,35,111,https://www.youtube.com/watch?v=8fxhJxc2n9A,0,0,0,,0,0,0,0,
684aeef535fb4dd2a483746cdaab5065,1020,71516,0,0,0,,0,0,0,,0,0,0,,175,0,0,0,
ea31f43c943742be847e205495fc64ad,1020,82106,2245,1410,2475,https://www.youtube.com/watch?v=lc7uwZd5N60,0,0,0,,2245,1410,2475,https://www.youtube.com/watch?v=lc7uwZd5N60,4439,1460,681,2874,https://www.twitch.tv/videos/2814926183
0e9aeecbe8f04a62ab781cf2e520eba0,1010,39145,0,0,0,,0,0,0,,0,0,0,,7431,1057,401,1955,https://www.twitch.tv/videos/2821291423
a0f657e0538e4269af88094fa1c3dacb,1010,26640,0,0,0,,0,0,0,,0,0,0,,0,0,0,0,
586377912f314b4d8c3be33760526ae0,1010,3723,0,0,0,,0,0,0,,0,0,0,,0,0,0,0,
d23e5f9f3abf4b36b79c04f5265a8efc,1010,58255,38,19,164,https://www.youtube.com/watch?v=9Kfh_CFFJNc,38,19,164,https://www.youtube.com/watch?v=9Kfh_CFFJNc,0,0,0,,156,0,0,0,
c7344bac508b46f2a20c4bb6861f33ab,1010,14290,161,74,161,https://www.youtube.com/watch?v=GxGtAzvQDv8,161,74,161,https://www.youtube.com/watch?v=GxGtAzvQDv8,0,0,0,,0,0,0,0,
45d38ce14fb644c0890823d444a33276,1010,2048,0,0,0,,0,0,0,,0,0,0,,0,0,0,0,
db52957b67e94991b36e41e4a20fb52a,1010,0,0,0,0,,0,0,0,,0,0,0,,52,0,0,0,
b1ba066a7bc44c93a4ca264f2144f5bd,1010,39419,33,9,97,https://www.youtube.com/watch?v=kyeoU5CSD5U,36,10,97,https://www.youtube.com/watch?v=kyeoU5CSD5U,19,8,19,https://www.youtube.com/watch?v=V0phJcm36_M,1118,56,33,157,https://www.twitch.tv/videos/2822696611
e46d27918a77488ca5b4144eb1b978df,1000,61070,0,0,0,,0,0,0,,0,0,0,,0,0,0,0,
48e18dcee4e640c6b5ede6a8bdc84ade,1000,21253,0,0,0,,0,0,0,,0,0,0,,0,0,0,0,
e2049fd03bea4bf6bfee472e4674021c,1000,157071,51,37,80,https://www.youtube.com/watch?v=bAbjZdHFZ3Y,51,37,80,https://www.youtube.com/watch?v=bAbjZdHFZ3Y,0,0,0,,76,11,9,15,https://www.twitch.tv/videos/2831905863
515abc7c33164a98be134d1c7fec84e2,1000,27857,0,0,0,,0,0,0,,0,0,0,,239,0,0,0,
4aee4e4c619a4e2aa8bbc2edce38ccfa,1000,131406,111,53,1477,https://www.youtube.com/watch?v=RWR5bj8ZrSA,100,44,203,https://www.youtube.com/watch?v=dFdi0fnvpaw,1472,669,1477,https://www.youtube.com/watch?v=RWR5bj8ZrSA,0,0,0,0,
7df81b926eec4a998d5ffcd67b59ff5e,1000,32555,95,84,95,https://www.youtube.com/watch?v=lBtN1xhM8uA,95,84,95,https://www.youtube.com/watch?v=lBtN1xhM8uA,0,0,0,,0,0,0,0,
ee1be8631b3e4abdbcc12dbe96d5268f,998,39869,0,0,0,,0,0,0,,0,0,0,,0,0,0,0,
78d441a2d6584d078a6ce202238d36b9,997,26445,0,0,0,,0,0,0,,0,0,0,,0,0,0,0,
302e5b74253e412faf131a3039933786,996,55467,0,0,0,,0,0,0,,0,0,0,,0,0,0,0,
4ba98a2155ad4b4392d8c5d7a51f4964,995,228711,459,199,798,https://www.youtube.com/watch?v=kmfHzbzI1LE,459,199,798,https://www.youtube.com/watch?v=kmfHzbzI1LE,0,0,0,,0,0,0,0,
c060912477dd414ea79d74adddfb4661,994,65390,95,14,299,https://www.youtube.com/watch?v=-mhLEyrg7LA,97,25,132,https://www.youtube.com/watch?v=hGmsqwFTz6I,95,6,299,https://www.youtube.com/watch?v=-mhLEyrg7LA,0,0,0,0,
7a0eb6cbe5a94663888ef35a63ab3b5a,993,26815,0,0,0,,0,0,0,,0,0,0,,1444,225,183,321,https://www.twitch.tv/videos/2823674040
843d99233b474827a2f0bc417ffd3852,992,43426,17,6,200,https://www.youtube.com/watch?v=QuM7blI1_2A,17,6,42,https://www.youtube.com/watch?v=RYNggBW1MhM,14,5,200,https://www.youtube.com/watch?v=QuM7blI1_2A,9188,2361,1157,137168,https://www.twitch.tv/videos/2813417359
9b2edcfdc76748f59576b77524402804,989,60569,0,0,0,,0,0,0,,0,0,0,,0,0,0,0,
5d29544fdded43d1937166548487394a,989,5422,745,284,1501,https://www.youtube.com/watch?v=iZ_iPaSLhMQ,0,0,0,,745,284,1501,https://www.youtube.com/watch?v=iZ_iPaSLhMQ,1796,0,0,0,
838f883ea01f431f97bfe9dbf3064422,987,37175,0,0,0,,0,0,0,,0,0,0,,106,0,0,0,
9f585f607da24e26b05ccb7e06e1d4f1,987,157956,193,92,2742,https://www.youtube.com/watch?v=FRPXrxafcMc,91,49,224,https://www.youtube.com/watch?v=xmd3BlEVzD4,914,359,2742,https://www.youtube.com/watch?v=FRPXrxafcMc,547,0,0,0,
76f2fa6f1aa44f0a816a01a1b277430a,987,37499,57,21,1218,https://www.youtube.com/watch?v=vg3kPGEMKUk,55,19,140,https://www.youtube.com/watch?v=yne0IIZbrPk,740,82,1218,https://www.youtube.com/watch?v=vg3kPGEMKUk,55,21,18,35,https://www.twitch.tv/videos/2829581444
0b183e5c128246c0ad5cd5491e8b8c83,987,293182,284,158,2071,https://www.youtube.com/watch?v=s_n_o1E1vkY,284,275,331,https://www.youtube.com/watch?v=3TjYdhEeHXA,533,85,2071,https://www.youtube.com/watch?v=s_n_o1E1vkY,0,0,0,0,
f5ef8ac02db547dd92da5e87717a8dca,982,36421,140,50,2353,https://www.youtube.com/watch?v=Wh6Uv25gKoc,130,48,255,https://www.youtube.com/watch?v=AKn_h9cG9cs,1044,667,2353,https://www.youtube.com/watch?v=Wh6Uv25gKoc,0,0,0,0,
32ce3b3861fe4b5a98d5adc9a704bbf1,981,53879,128,70,152,https://www.youtube.com/watch?v=74mwcWFCZ-E,128,70,152,https://www.youtube.com/watch?v=74mwcWFCZ-E,0,0,0,,117,0,0,0,
7003e3e3a24244ffb5ebfbbdc20c97f8,980,27209,59,37,69,https://www.youtube.com/watch?v=Ygi_d3P_m9U,59,37,69,https://www.youtube.com/watch?v=Ygi_d3P_m9U,0,0,0,,0,0,0,0,
ad26bb0363ef42c7988f79ef9b07dfcc,978,55359,0,0,0,,0,0,0,,0,0,0,,0,0,0,0,
bf195265fa5944d894dc53baf7143645,978,39105,0,0,0,,0,0,0,,0,0,0,,0,0,0,0,
6c3a22611ac24eb19cec3bd7c78a8705,978,253129,84,38,171,https://www.youtube.com/watch?v=Z793GKYoQo4,84,38,171,https://www.youtube.com/watch?v=Z793GKYoQo4,0,0,0,,0,0,0,0,
ab2e7fbd11784f96aa9cf599786f8bf1,976,76708,103,16,103,https://www.youtube.com/watch?v=jdvSKcDCZiY,103,16,103,https://www.youtube.com/watch?v=jdvSKcDCZiY,0,0,0,,0,0,0,0,
bb56715066e548c297232372a16ab083,975,118293,729,108,1681,https://www.youtube.com/watch?v=kuJ6r7LtAuU,0,0,0,,729,108,1681,https://www.youtube.com/watch?v=kuJ6r7LtAuU,2022,0,0,0,
689dcd8a50ff4a3ead63d3f378c6e28f,974,15382,297,111,297,https://www.youtube.com/watch?v=J-TuJx8X4xg,297,111,297,https://www.youtube.com/watch?v=J-TuJx8X4xg,0,0,0,,0,0,0,0,
021e4f709f1a4c56b8cd200c476db3e7,973,22302,0,0,0,,0,0,0,,0,0,0,,0,0,0,0,
4de233ea7dfc4a7da1738ab627babd48,972,50231,66,29,197,https://www.youtube.com/watch?v=nVdnHgs0zdA,66,29,197,https://www.youtube.com/watch?v=nVdnHgs0zdA,0,0,0,,0,0,0,0,
a00240316f524d218d889d00a8b42721,969,96192,78,55,1173,https://www.youtube.com/watch?v=DyoG3uisJUE,77,52,82,https://www.youtube.com/watch?v=dDvgVB97cxE,1173,378,1173,https://www.youtube.com/watch?v=DyoG3uisJUE,0,0,0,0,
107ad23090e649b8935850f3d78ded99,961,42276,239,80,581,https://www.youtube.com/watch?v=fc9laH7vzeA,210,62,349,https://www.youtube.com/watch?v=TFG-VKK_Yzs,281,145,581,https://www.youtube.com/watch?v=fc9laH7vzeA,136,65,50,65,https://www.twitch.tv/videos/2828524691
becdcbab308f4fa18540982596eebbd5,960,9671,1864,1070,1864,https://www.youtube.com/watch?v=bTbcCL-z3N0,0,0,0,,1864,1070,1864,https://www.youtube.com/watch?v=bTbcCL-z3N0,7788,617,246,897,https://www.twitch.tv/videos/2821265804
7a160bd129144664804dd3fc08fceeb1,957,21906,0,0,0,,0,0,0,,0,0,0,,8360,2474,1523,4356,https://www.twitch.tv/videos/2826949228
a5647aba47dc4bb48eaa0cde6de7c6bd,953,41187,0,0,0,,0,0,0,,0,0,0,,0,0,0,0,
e2ddcd13e70643238d46f50fba8261b2,950,103751,1428,529,2478,https://www.youtube.com/watch?v=MKe2Eo16bus,0,0,0,,1428,529,2478,https://www.youtube.com/watch?v=MKe2Eo16bus,3021,667,520,1312,https://www.twitch.tv/videos/2822630915
acc708b79f1c4e388466b407387e7cb5,950,137905,48,14,919,https://www.youtube.com/watch?v=_tBUmos6vek,42,13,115,https://www.youtube.com/watch?v=bACauCUh6SY,654,451,919,https://www.youtube.com/watch?v=_tBUmos6vek,0,0,0,0,
8a5468bc4c7d44989e5ee4864a9b941a,949,86952,69,53,69,https://www.youtube.com/watch?v=0hWW7WUa6Jo,69,53,69,https://www.youtube.com/watch?v=0hWW7WUa6Jo,0,0,0,,0,0,0,0,
06a61409f4334b0eb8a5f647b819c78b,949,73014,35,8,46,https://www.youtube.com/watch?v=JOQqSwEU3x8,34,13,38,https://www.youtube.com/watch?v=0-o0dwm0GKs,39,8,46,https://www.youtube.com/watch?v=JOQqSwEU3x8,0,0,0,0,
9959d43cae9b49dbbcd666f742322b4a,948,34943,106,71,5308,https://www.youtube.com/watch?v=2kTW3ia8zaU,72,49,173,https://www.youtube.com/watch?v=xcZFiMu48cU,745,348,5308,https://www.youtube.com/watch?v=2kTW3ia8zaU,640,29,25,125,https://www.twitch.tv/videos/2824536406
b5ff000d6dd74683b17965294f1c4bf7,947,31663,0,0,0,,0,0,0,,0,0,0,,767,0,0,0,
179eb3fd3fb34ffe93859dd945b1b3a6,947,4428,0,0,0,,0,0,0,,0,0,0,,0,0,0,0,
7717bc233e7a4670926195acf69709d4,946,45814,0,0,0,,0,0,0,,0,0,0,,1479,0,0,0,
995bff308e7f4df3aa33305fc0ddde8e,943,39771,0,0,0,,0,0,0,,0,0,0,,0,0,0,0,
6826120624a244d4ab9522b5845db071,943,55941,1365,463,1513,https://www.youtube.com/watch?v=YjzqF55AdvU,0,0,0,,1365,463,1513,https://www.youtube.com/watch?v=YjzqF55AdvU,3832,499,335,954,https://www.twitch.tv/videos/2833153964
453cbd84364b42d8ac11cef8d3d63bd1,940,25575,53,46,361,https://www.youtube.com/watch?v=rSRqTEU7FK8,53,46,53,https://www.youtube.com/watch?v=TjoQdKzUpbs,61,47,361,https://www.youtube.com/watch?v=rSRqTEU7FK8,0,0,0,0,
64dc8c2de5de4c43906e515ec03f79c6,939,178843,0,0,0,,0,0,0,,0,0,0,,0,0,0,0,
b2e19555d1f441a8a0e3f53b6507863e,939,51563,32,14,73,https://www.youtube.com/watch?v=YsWpoXWk2es,32,14,73,https://www.youtube.com/watch?v=YsWpoXWk2es,0,0,0,,112,0,0,0,
23af2b94549e42c282ec0d6eecf01102,937,34658,39,36,1074,https://www.youtube.com/watch?v=kqQqhqsh7Bg,0,0,0,,39,36,1074,https://www.youtube.com/watch?v=kqQqhqsh7Bg,2501,136,97,242,https://www.twitch.tv/videos/2828620043
ecbe9a46c7ec4f3d8fe217012c39d490,934,404593,0,0,0,,0,0,0,,0,0,0,,0,0,0,0,
54e70d7cc2fb4c6da0d833519331c770,934,127777,0,0,0,,0,0,0,,0,0,0,,2678,237,147,393,https://www.twitch.tv/videos/2830260333
7ca610bac41843a28abba9e947aa9ded,933,52574,0,0,0,,0,0,0,,0,0,0,,3021,269,249,269,https://www.twitch.tv/videos/2832028323
1ee3a662da8a439887a931727cb07317,933,99894,0,0,0,,0,0,0,,0,0,0,,0,0,0,0,
97b10f7c6f434fa1a80f76e6740a9c6b,932,45793,3527,2254,5541,https://www.youtube.com/watch?v=bQ-A2hA_mek,0,0,0,,3527,2254,5541,https://www.youtube.com/watch?v=bQ-A2hA_mek,4578,2542,670,9552,https://www.twitch.tv/videos/2824554492
d26893447610406da66ee14abfbd5868,930,29768,259,182,278,https://www.youtube.com/watch?v=1vAJ9NwVh3E,259,182,278,https://www.youtube.com/watch?v=1vAJ9NwVh3E,0,0,0,,0,0,0,0,
7aeffe1ba0c443d5aa4721247b801593,928,125179,0,0,0,,0,0,0,,0,0,0,,0,0,0,0,
db67d9cacbcf4797ba2d41a6d115e2ff,928,50415,98,17,98,https://www.youtube.com/watch?v=aGxRXfZmXvA,98,17,98,https://www.youtube.com/watch?v=aGxRXfZmXvA,0,0,0,,0,0,0,0,
08268c9de16e423381e351aeef8f7ffb,927,30003,89,37,109,https://www.youtube.com/watch?v=Y-asn7N4Z5s,89,37,109,https://www.youtube.com/watch?v=Y-asn7N4Z5s,0,0,0,,0,0,0,0,
37f190c8282b4d42ba9ee8c4b61d24a4,926,4859,0,0,0,,0,0,0,,0,0,0,,0,0,0,0,
44332b31031149f5bd411f415cbb531e,925,26168,0,0,0,,0,0,0,,0,0,0,,218,0,0,0,
c747687c19704747b4cae2d4d5715aa0,923,39832,0,0,0,,0,0,0,,0,0,0,,4242,223,196,284,https://www.twitch.tv/videos/2832755434
7f43dbf571c44e04a7a471b9e7296a8a,922,38715,54,23,54,https://www.youtube.com/watch?v=AMsamamJyyE,54,23,54,https://www.youtube.com/watch?v=AMsamamJyyE,0,0,0,,0,0,0,0,
d8b0b4e36c614d328620461a295572a1,921,52960,99,34,175,https://www.youtube.com/watch?v=v93lmWcLovk,99,34,175,https://www.youtube.com/watch?v=v93lmWcLovk,0,0,0,,145,0,0,0,
743ceb55869042b9bee1f48fe0be13fb,918,33498,0,0,0,,0,0,0,,0,0,0,,1500,0,0,0,
a05afa97381b4f96b02a1af859426f9c,915,82559,206,122,2189,https://www.youtube.com/watch?v=Pqc7cnEfVAM,158,78,316,https://www.youtube.com/watch?v=7fRWqpSSdEQ,634,208,2189,https://www.youtube.com/watch?v=Pqc7cnEfVAM,0,0,0,0,
b93b5ffedc3f4310af888462d65e4082,911,46699,0,0,0,,0,0,0,,0,0,0,,207,0,0,0,
a2ee4a74f9ca40f5b6218de51736b9c8,911,53328,33,17,91,https://www.youtube.com/watch?v=nuIdFhlR1ic,33,17,91,https://www.youtube.com/watch?v=nuIdFhlR1ic,0,0,0,,0,0,0,0,
7c88a51800fd4984ad24ba803d3760dd,910,15638,0,0,0,,0,0,0,,0,0,0,,0,0,0,0,
d709ac4a052b401abfeb8bc5c600e937,909,38294,64,30,2303,https://www.youtube.com/watch?v=BAoGJoFRlO0,61,24,119,https://www.youtube.com/watch?v=maQt6J-uOTc,1587,1050,2303,https://www.youtube.com/watch?v=BAoGJoFRlO0,1009,0,0,0,
15711ba2b93a46c295901d775aaf314e,908,3838,0,0,0,,0,0,0,,0,0,0,,0,0,0,0,
899e5f40cf7f49a8808969866758779e,908,47713,97,36,1254,https://www.youtube.com/watch?v=lzRbiIb6Fao,90,25,193,https://www.youtube.com/watch?v=btD4HXqPUt0,1112,460,1254,https://www.youtube.com/watch?v=lzRbiIb6Fao,262,87,68,111,https://www.twitch.tv/videos/2830906446
e3021481a8d247a5a9a5bf0a29399673,907,140308,0,0,0,,0,0,0,,0,0,0,,0,0,0,0,
58374cba861d4267a84ad689bb6ce91a,905,40937,38,13,72,https://www.youtube.com/watch?v=X-lO-rSplfs,38,13,72,https://www.youtube.com/watch?v=X-lO-rSplfs,0,0,0,,0,0,0,0,
b9b727200b664a98bc1a8fd76d3cdb9c,905,22925,0,0,0,,0,0,0,,0,0,0,,0,0,0,0,
8e2559d9a7714ecd9cb0448b4d28f8d2,903,26180,0,0,0,,0,0,0,,0,0,0,,4975,111,38,211,https://www.twitch.tv/videos/2832645091
d1d879cfccf7411296dcc765ca40e39c,903,137272,1888,818,2056,https://www.youtube.com/watch?v=V7osTGo_n0Y,0,0,0,,1888,818,2056,https://www.youtube.com/watch?v=V7osTGo_n0Y,1552,378,282,420,https://www.twitch.tv/videos/2830936261
80b6efc8007f4f6d84ce2f93862ae319,902,117980,263,91,424,https://www.youtube.com/watch?v=vjlorHdpgHw,263,91,424,https://www.youtube.com/watch?v=vjlorHdpgHw,0,0,0,,0,0,0,0,
5c5880d994854afbbea0a35716bce186,901,31424,33,16,57,https://www.youtube.com/watch?v=v8xCk74X6tQ,33,16,57,https://www.youtube.com/watch?v=v8xCk74X6tQ,0,0,0,,2007,0,0,0,
0a67a8d822094ca3a59963f0fac8798a,897,36872,111,84,170,https://www.youtube.com/watch?v=2oJ6kx5mgVc,111,84,170,https://www.youtube.com/watch?v=2oJ6kx5mgVc,0,0,0,,0,0,0,0,
34973abcef4e41b29add2b476ce0a7fb,897,6248,0,0,0,,0,0,0,,0,0,0,,18,0,0,0,
607a7be9721741c48e2901609c294ada,895,0,0,0,0,,0,0,0,,0,0,0,,1502,0,0,0,
9fb9fe13bf124da3a1affb24c5bba5e2,892,29898,32,24,32,https://www.youtube.com/watch?v=zLDAjfsXMh8,32,24,32,https://www.youtube.com/watch?v=zLDAjfsXMh8,0,0,0,,0,0,0,0,
8c0ff863d66348898311ee83d16257b5,891,29354,40,6,55,https://www.youtube.com/watch?v=DphWRQ4r29k,40,6,55,https://www.youtube.com/watch?v=DphWRQ4r29k,0,0,0,,208,70,55,70,https://www.twitch.tv/videos/2828695892
f461b26ba47b4e37a90d2ca4fa5fa329,890,25985,0,0,0,,0,0,0,,0,0,0,,0,0,0,0,
6c3eeb48b7764f11804ff8110d5d990b,890,98866,0,0,0,,0,0,0,,0,0,0,,0,0,0,0,
3922688ae4b64592b8301430e19fd2ca,886,97836,193,69,2126,https://www.youtube.com/watch?v=Bi0cpun9xYY,193,56,253,https://www.youtube.com/watch?v=4bL8_0EHfP0,218,76,2126,https://www.youtube.com/watch?v=Bi0cpun9xYY,346,284,231,549,https://www.twitch.tv/videos/2825212392
f1020d6d2f904704a363cf21806327a1,884,18154,0,0,0,,0,0,0,,0,0,0,,198,0,0,0,
f9f38aebd04f4a219e165e0c6e1fb347,883,15034,0,0,0,,0,0,0,,0,0,0,,0,0,0,0,
d3ac18bfe0984394a6fe19319a36b412,883,62772,88,70,135,https://www.youtube.com/watch?v=2P1JPnt8Rbw,91,70,135,https://www.youtube.com/watch?v=2P1JPnt8Rbw,61,47,61,https://www.youtube.com/watch?v=g3SzOpnclM8,0,0,0,0,
027dc46502ee4350ba597000191659ae,883,33308,147,78,2107,https://www.youtube.com/watch?v=rbD9Stpl67s,100,53,501,https://www.youtube.com/watch?v=vvIklURMy44,1174,1114,2107,https://www.youtube.com/watch?v=rbD9Stpl67s,65,0,0,0,
4297ecbe09d04698a65f1778f5c16dc4,882,43204,79,31,1093,https://www.youtube.com/watch?v=3zk9oJT2-yc,79,30,121,https://www.youtube.com/watch?v=pmVgahDqNnw,561,47,1093,https://www.youtube.com/watch?v=3zk9oJT2-yc,230,0,0,0,
521477be11a44c43b063b394757b2342,880,56681,53,48,91,https://www.youtube.com/watch?v=FqD_aop-U3A,53,48,91,https://www.youtube.com/watch?v=FqD_aop-U3A,0,0,0,,0,0,0,0,
490d50310ffe4de4aac9c6368b49a0aa,878,36901,16,1,45,https://www.youtube.com/watch?v=R5M527i5Cs0,0,0,0,,16,1,45,https://www.youtube.com/watch?v=R5M527i5Cs0,0,0,0,0,
f5260b1a196a43f8b4aff1cc742a67f4,875,52943,105,57,899,https://www.youtube.com/watch?v=4fG7Vc4EN4g,105,57,899,https://www.youtube.com/watch?v=4fG7Vc4EN4g,0,0,0,,205,68,58,79,https://www.twitch.tv/videos/2829377178
9ed7a28dd35e4e1c9400af811f6a284c,874,17071,56,18,75,https://www.youtube.com/watch?v=BV-aeyPctwg,56,18,75,https://www.youtube.com/watch?v=BV-aeyPctwg,0,0,0,,840,0,0,0,
45e104a6eabe4967a6cb84e720dd8e74,872,42324,8,2,11,https://www.youtube.com/watch?v=DHI0vr4jsXQ,0,0,0,,8,2,11,https://www.youtube.com/watch?v=DHI0vr4jsXQ,1888,176,71,344,https://www.twitch.tv/videos/2817955368
b3fb28fe6a0e4fcfb8014e7a4070ca09,869,56459,20,11,31,https://www.youtube.com/watch?v=_qZUYDDkb1w,20,11,31,https://www.youtube.com/watch?v=_qZUYDDkb1w,0,0,0,,0,0,0,0,
5964947a5624455cba648007ec04a0b9,868,15126,0,0,0,,0,0,0,,0,0,0,,0,0,0,0,
fcf611e0ddc5474b9836eb8aa2fe1d24,868,78310,54,26,214,https://www.youtube.com/watch?v=B4ceasUxRTw,54,26,214,https://www.youtube.com/watch?v=B4ceasUxRTw,0,0,0,,0,0,0,0,
f9247dd02dd24e209eba623edcd8354b,866,56983,0,0,0,,0,0,0,,0,0,0,,521,72,49,72,https://www.twitch.tv/videos/2826138833
e0823adb7a574647b6e395e70038509d,866,36972,232,56,2021,https://www.youtube.com/watch?v=SKXImnxDjew,192,37,243,https://www.youtube.com/watch?v=Zfo2c7QGgnQ,1313,318,2021,https://www.youtube.com/watch?v=SKXImnxDjew,0,0,0,0,
a26891359b444900956f04bc1b8f5faa,865,28600,32,23,81,https://www.youtube.com/watch?v=LuRsp_V0-3o,37,25,81,https://www.youtube.com/watch?v=LuRsp_V0-3o,28,20,28,https://www.youtube.com/watch?v=nijn1j45xeM,298,49,34,91,https://www.twitch.tv/videos/2832695957
819cc1636ec94c0ab290b4513c6d629d,862,38700,0,0,0,,0,0,0,,0,0,0,,4709,0,0,0,
899208f999aa4121ae2b67abb3190674,862,15558,41,18,1255,https://www.youtube.com/watch?v=PqS92mK1ZVE,0,0,0,,41,18,1255,https://www.youtube.com/watch?v=PqS92mK1ZVE,4312,288,211,398,https://www.twitch.tv/videos/2831862299
61c75f9fbf044b54872197eec7c9bafa,862,285231,90,56,837,https://www.youtube.com/watch?v=gCWQ40y5KGU,75,28,90,https://www.youtube.com/watch?v=R-3LE2_LTME,639,410,837,https://www.youtube.com/watch?v=gCWQ40y5KGU,0,0,0,0,
f702d43aeff84979ad97438d0b1d8bcc,861,9871,0,0,0,,0,0,0,,0,0,0,,439,0,0,0,
29d8d144d6a24ff28476d25306286836,861,145881,0,0,0,,0,0,0,,0,0,0,,1968,1884,1510,2723,https://www.twitch.tv/videos/2826268272
6ef3b507ab8e41d499c59d8cf8b65202,860,0,0,0,0,,0,0,0,,0,0,0,,0,0,0,0,
8774553046cb47a9b5165c15feb01e84,860,36915,73,35,559,https://www.youtube.com/watch?v=-MLLJuOed9g,65,43,559,https://www.youtube.com/watch?v=-MLLJuOed9g,424,23,424,https://www.youtube.com/watch?v=l_RyqhLLrWI,835,304,195,984,https://www.twitch.tv/videos/2824393331
7b3809e085754d52aee99d1fcc980eaf,856,40157,62,39,62,https://www.youtube.com/watch?v=u7BwsYfkonQ,62,39,62,https://www.youtube.com/watch?v=u7BwsYfkonQ,0,0,0,,0,0,0,0,
e099cf09b8674b988f17828aab2f7d86,854,22911,0,0,0,,0,0,0,,0,0,0,,703,136,97,160,https://www.twitch.tv/videos/2822008960
415ca337b1104450acbed1eb046c0a58,851,88218,6,0,6,https://www.youtube.com/watch?v=CJ0RbJ1knns,6,0,6,https://www.youtube.com/watch?v=CJ0RbJ1knns,0,0,0,,270,0,0,0,
9cfe61128e134f8dad9bb6ebf568cd71,850,20318,5,2,8,https://www.youtube.com/watch?v=FqkouMDZPeU,0,0,0,,5,2,8,https://www.youtube.com/watch?v=FqkouMDZPeU,1279,146,119,201,https://www.twitch.tv/videos/2825230680
5862e8e7c5fd4261af093cec20b40300,850,39146,129,106,129,https://www.youtube.com/watch?v=8VwNXQPYgDU,129,106,129,https://www.youtube.com/watch?v=8VwNXQPYgDU,0,0,0,,0,0,0,0,
27b10e5896e34e8d841f1605792b96c9,847,38191,0,0,0,,0,0,0,,0,0,0,,451,149,95,209,https://www.twitch.tv/videos/2825207472
3f3abaed158f420e84f9d1d5f4492b1d,846,64289,24,11,129,https://www.youtube.com/watch?v=fE3Qc6xssM8,24,11,129,https://www.youtube.com/watch?v=fE3Qc6xssM8,0,0,0,,674,56,42,130,https://www.twitch.tv/videos/2823709152
370f66a57c0341b0adef5bcbad64ff90,846,47201,8,2,49,https://www.youtube.com/watch?v=sPhNEruztdc,32,4,32,https://www.youtube.com/watch?v=f60OR4Ety4k,8,2,49,https://www.youtube.com/watch?v=sPhNEruztdc,0,0,0,0,
dc9cd2bc942d427d8cc73370d1194f9e,845,85682,162,81,1585,https://www.youtube.com/watch?v=GX3WA9AVaeE,136,56,180,https://www.youtube.com/watch?v=DxPaMNnm35E,707,217,1585,https://www.youtube.com/watch?v=GX3WA9AVaeE,0,0,0,0,
f36c774fbf4847e1afdf66a1e4806ea3,843,20463,0,0,0,,0,0,0,,0,0,0,,2502,529,358,601,https://www.twitch.tv/videos/2823965575
f5a37da60cb74069a7dc13867404521f,841,65027,17,16,17,https://www.youtube.com/watch?v=AWL_eb1_wzw,0,0,0,,17,16,17,https://www.youtube.com/watch?v=AWL_eb1_wzw,0,0,0,0,
aef2ed42d49343f28394b6335695b5ac,839,412995,1,0,5,https://www.youtube.com/watch?v=XsWPEfdjV34,0,0,0,,1,0,5,https://www.youtube.com/watch?v=XsWPEfdjV34,3041,221,151,230,https://www.twitch.tv/videos/2823490835
a753be70dd194989835b604e4b249363,838,31165,0,0,0,,0,0,0,,0,0,0,,653,0,0,0,
a1c3335026d44b99b9abb8c6aaba3968,838,20626,11,3,11,https://www.youtube.com/watch?v=oyygrtX5pak,11,3,11,https://www.youtube.com/watch?v=oyygrtX5pak,0,0,0,,631,0,0,0,
399a496d028447a58924b2660d0fc187,837,201,0,0,0,,0,0,0,,0,0,0,,0,0,0,0,
e80414fcc37b4d818ccf9dddb23cb452,836,17211,0,0,0,,0,0,0,,0,0,0,,4260,949,334,3497,https://www.twitch.tv/videos/2812077812
07f20f05bef0432e8644e1bee798ef46,836,43019,185,112,1783,https://www.youtube.com/watch?v=f8txu4SIvc0,179,92,262,https://www.youtube.com/watch?v=YTAoAPT4EVc,1623,354,1783,https://www.youtube.com/watch?v=f8txu4SIvc0,0,0,0,0,
405cf0a502a6496bacfe7e49647e7e28,834,42605,52,19,109,https://www.youtube.com/watch?v=UO6Lm6TCzRA,52,19,109,https://www.youtube.com/watch?v=UO6Lm6TCzRA,0,0,0,,2319,656,388,808,https://www.twitch.tv/videos/2825393732
c22cb6790eaf4fcc8ac47633e0ab6c49,831,33999,104,54,1803,https://www.youtube.com/watch?v=aN9Z2461BJs,86,47,166,https://www.youtube.com/watch?v=lArN0Ad-hKM,1588,768,1803,https://www.youtube.com/watch?v=aN9Z2461BJs,336,55,40,57,https://www.twitch.tv/videos/2824578848
23dda65e497d4888b87db304533b8138,830,14008,0,0,0,,0,0,0,,0,0,0,,5452,722,460,1637,https://www.twitch.tv/videos/2822320085
77f4700c452c4200a4e62effa2884b4a,829,33343,0,0,0,,0,0,0,,0,0,0,,708,0,0,0,
7a0c5fe0fe2f4427afe500c85ec958cb,828,55323,195,177,195,https://www.youtube.com/watch?v=gpJp50uQibA,0,0,0,,195,177,195,https://www.youtube.com/watch?v=gpJp50uQibA,0,0,0,0,
728094029eab434ca60a99e4d1a139c7,825,124849,62,28,2086,https://www.youtube.com/watch?v=BXpnLI48bLo,60,18,96,https://www.youtube.com/watch?v=UmCAruMHLo0,962,401,2086,https://www.youtube.com/watch?v=BXpnLI48bLo,5,0,0,0,
6c5d547cdebf4daf813ac8b66c9fb873,822,34574,117,112,117,https://www.youtube.com/watch?v=vdhRqCCtdxE,0,0,0,,117,112,117,https://www.youtube.com/watch?v=vdhRqCCtdxE,0,0,0,0,
d44dc8542b4f4dacab8f54b7e3483728,821,40264,79,53,119,https://www.youtube.com/watch?v=1iJ0-ITk8yA,79,53,119,https://www.youtube.com/watch?v=1iJ0-ITk8yA,0,0,0,,0,0,0,0,
0294dc5e3fb14312b472bb05af5ad329,820,21958,0,0,0,,0,0,0,,0,0,0,,0,0,0,0,
6d144d78d2284fbcafa2428a5d132733,820,26971,0,0,0,,0,0,0,,0,0,0,,707,49,37,61,https://www.twitch.tv/videos/2824596852
66ab3e28c90a428bb98100cd9119a4e9,819,32947,83,28,157,https://www.youtube.com/watch?v=7zzSxxzxBes,83,28,157,https://www.youtube.com/watch?v=7zzSxxzxBes,0,0,0,,0,0,0,0,
4f20e15637644c409c850ced48bb33dd,818,40591,126,66,239,https://www.youtube.com/watch?v=Trk0KKtApHc,126,66,239,https://www.youtube.com/watch?v=Trk0KKtApHc,0,0,0,,0,0,0,0,
f1dff6bebe3a4fa7a4b9c05f91bdc42b,818,651,48,34,67,https://www.youtube.com/watch?v=4-S1Dan9t4U,48,34,67,https://www.youtube.com/watch?v=4-S1Dan9t4U,0,0,0,,0,0,0,0,
3e4c23394dde46f58f89cba536b208d5,818,23683,52,22,63,https://www.youtube.com/watch?v=XPyUR80sls4,52,22,63,https://www.youtube.com/watch?v=XPyUR80sls4,0,0,0,,0,0,0,0,
0aa8c41f04bf4f12b9a8281353ea448a,817,35861,0,0,0,,0,0,0,,0,0,0,,4755,0,0,0,
686fa700c1ee4d179ed277d5b101f8a4,815,27821,0,0,0,,0,0,0,,0,0,0,,0,0,0,0,
14148e0fda054494b7cd2f9f38bb765a,813,48634,1148,306,1568,https://www.youtube.com/watch?v=7rBKrqXJ3Cs,72,34,72,https://www.youtube.com/watch?v=Md91kc_D59Y,1150,398,1568,https://www.youtube.com/watch?v=7rBKrqXJ3Cs,368,189,130,368,https://www.twitch.tv/videos/2825176350
a0dbf7095446402ea77b11d8cced5a4b,813,47983,60,15,60,https://www.youtube.com/watch?v=X3uD0Nzl1B8,60,15,60,https://www.youtube.com/watch?v=X3uD0Nzl1B8,0,0,0,,0,0,0,0,
cf38ee666e104dce949c195f5ac58da2,812,322753,39,16,1397,https://www.youtube.com/watch?v=7oquJ3MSehc,35,15,122,https://www.youtube.com/watch?v=btZCzARz-d0,1395,753,1397,https://www.youtube.com/watch?v=7oquJ3MSehc,0,0,0,0,
2a2b7990365f4a1bb1d8acf1ae0f2f32,812,304932,29,14,155,https://www.youtube.com/watch?v=pzptKlvGH1k,29,14,155,https://www.youtube.com/watch?v=pzptKlvGH1k,0,0,0,,150,6,6,10,https://www.twitch.tv/videos/2831910988
23354f18e2a94c9187fd0560fd874eeb,811,27864,33,31,33,https://www.youtube.com/watch?v=q90qCBX84B0,0,0,0,,33,31,33,https://www.youtube.com/watch?v=q90qCBX84B0,1663,217,168,239,https://www.twitch.tv/videos/2832690503
c639c0dba4504221bfec50cf787f395d,811,27439,48,21,48,https://www.youtube.com/watch?v=pmJ-S0rrOd4,0,0,0,,48,21,48,https://www.youtube.com/watch?v=pmJ-S0rrOd4,1162,155,69,384,https://www.twitch.tv/videos/2827668261
689bcf2176f84f86a4fb53800f25ea7a,808,1519,0,0,0,,0,0,0,,0,0,0,,0,0,0,0,
0a55a882e4ae4a1e9c1e77ea001aa91b,808,103974,0,0,0,,0,0,0,,0,0,0,,1497,61,60,61,https://www.twitch.tv/videos/2833541832
dc0868efeac540bfac9b383bd65a82e6,808,24507,86,29,90,https://www.youtube.com/watch?v=3SmrlwXnQQ4,86,29,90,https://www.youtube.com/watch?v=3SmrlwXnQQ4,0,0,0,,0,0,0,0,
f7c5ff874d1d4528a36c0a54d27017a3,807,62757,52,16,173,https://www.youtube.com/watch?v=vX3H3LqtHbk,52,16,173,https://www.youtube.com/watch?v=vX3H3LqtHbk,0,0,0,,0,0,0,0,
d2c5b1c430fa45c8b9be0b8be65d8a6b,806,5128,987,491,1792,https://www.youtube.com/watch?v=g4ZsRWUvYVw,0,0,0,,987,491,1792,https://www.youtube.com/watch?v=g4ZsRWUvYVw,349,0,0,0,
5f6dcf3b9b71405498aa07a2b80cb5ec,804,139630,7,1,1572,https://www.youtube.com/watch?v=odNr2XFmAmc,0,0,0,,7,1,1572,https://www.youtube.com/watch?v=odNr2XFmAmc,1308,121,84,434,https://www.twitch.tv/videos/2832794655
87e1b5eec62040118b6bd49efbe5d61c,802,68734,112,53,1080,https://www.youtube.com/watch?v=Dai6-d7HLpI,80,33,238,https://www.youtube.com/watch?v=08XaSrJzFxk,407,164,1080,https://www.youtube.com/watch?v=Dai6-d7HLpI,443,132,90,132,https://www.twitch.tv/videos/2830277563
5f8e197a06bc453e8d9e0a1c6cb92f1c,802,36701,1,0,5,https://www.youtube.com/watch?v=ttwfhh19fUw,0,0,0,,1,0,5,https://www.youtube.com/watch?v=ttwfhh19fUw,1665,144,110,387,https://www.twitch.tv/videos/2822916827
9124a5ccacc44fb68b5b1d5697e3fb90,801,21805,74,38,153,https://www.youtube.com/watch?v=2BCmbPSizXM,74,38,153,https://www.youtube.com/watch?v=2BCmbPSizXM,0,0,0,,0,0,0,0,
29e2c3ae8e4d48f29fb3b89c463abb1c,800,70350,1590,1553,1590,https://www.youtube.com/watch?v=isaaSaSteG4,0,0,0,,1590,1553,1590,https://www.youtube.com/watch?v=isaaSaSteG4,2859,267,126,475,https://www.twitch.tv/videos/2833528802
80ae039e7c3e4e90b6b3994ead599307,800,57909,0,0,0,,0,0,0,,0,0,0,,0,0,0,0,
30bc516401f24514aaecce081979ab50,800,14558,0,0,0,,0,0,0,,0,0,0,,0,0,0,0,
ab24c13e4bff4ff8909a7650260f8b19,800,39181,83,44,207,https://www.youtube.com/watch?v=nu4KZCT4KvM,83,44,207,https://www.youtube.com/watch?v=nu4KZCT4KvM,0,0,0,,0,0,0,0,
13a3d049cda44b9e8da24006e642dd78,798,24904,0,0,0,,0,0,0,,0,0,0,,2768,0,0,0,
c2b2f9bf0228445289b8791110b340ec,797,366132,50,26,50,https://www.youtube.com/watch?v=1GxQCiXI99Y,50,26,50,https://www.youtube.com/watch?v=1GxQCiXI99Y,0,0,0,,97,0,0,0,
034c0cb04f884faa8f2b6a02ff090ad1,797,0,0,0,0,,0,0,0,,0,0,0,,0,0,0,0,
29a3d514ca274f6fb966f9d70bed4b52,796,77751,0,0,0,,0,0,0,,0,0,0,,840,186,176,294,https://www.twitch.tv/videos/2826215456
3034b51ec8ad439fa7033773a72a5c4a,790,0,0,0,0,,0,0,0,,0,0,0,,3279,0,0,0,
e888326df83d41f680960f24bb55c670,790,16241,0,0,0,,0,0,0,,0,0,0,,0,0,0,0,
ff063abda8d24869b8d34267e673958f,789,0,0,0,0,,0,0,0,,0,0,0,,0,0,0,0,
1594067d444e4a53abb95bc1aa40e6db,788,26094,0,0,0,,0,0,0,,0,0,0,,500,13,10,16,https://www.twitch.tv/videos/2827818378
c3e1a96f96334696af38e93fa8178085,786,46625,9,1,17,https://www.youtube.com/watch?v=ypRrEnnrfgE,0,0,0,,9,1,17,https://www.youtube.com/watch?v=ypRrEnnrfgE,1245,83,65,83,https://www.twitch.tv/videos/2828729131
d12c381ce5044844ad4bd624085026bc,785,134389,172,72,1987,https://www.youtube.com/watch?v=6SFlisjIWT0,129,64,762,https://www.youtube.com/watch?v=m-WNN7OHVLQ,1783,567,1987,https://www.youtube.com/watch?v=6SFlisjIWT0,414,0,0,0,
2971554445614cfaaccddd9cde93c599,785,25449,0,0,0,,0,0,0,,0,0,0,,1140,213,158,213,https://www.twitch.tv/videos/2827627454
5cdecbd7413e4c9e9cb56373a186ccec,785,19148,0,0,0,,0,0,0,,0,0,0,,453,247,211,247,https://www.twitch.tv/videos/2830297947
943129b96d2341bcb7b25a66c9da2354,783,33244,0,0,0,,0,0,0,,0,0,0,,16534,832,621,1206,https://www.twitch.tv/videos/2825495223
3a30426a65fe450bbef138fd8ba35f1e,782,65322,176,65,523,https://www.youtube.com/watch?v=0az3D15w4y4,171,69,523,https://www.youtube.com/watch?v=0az3D15w4y4,516,46,516,https://www.youtube.com/watch?v=GpigduoPO4U,0,0,0,0,
f0afa83a8d2d4cc6bb9eb80655bbe40d,782,12684,0,0,0,,0,0,0,,0,0,0,,0,0,0,0,
40bb881e52be4d8b9c66a60be89e0504,782,52874,175,67,832,https://www.youtube.com/watch?v=_zC1rLeNrOY,175,67,832,https://www.youtube.com/watch?v=_zC1rLeNrOY,0,0,0,,0,0,0,0,
5896bb30994d4416ad7e252642135194,781,67753,90,34,109,https://www.youtube.com/watch?v=i5zljCviGog,99,33,109,https://www.youtube.com/watch?v=i5zljCviGog,79,72,79,https://www.youtube.com/watch?v=OnOpPl4DD1c,0,0,0,0,
968f0b8c521942d6939234c70f49747a,776,23952,0,0,0,,0,0,0,,0,0,0,,1949,169,129,223,https://www.twitch.tv/videos/2829320390
7342482fda6d40f98e078505a24825d4,773,40935,104,34,104,https://www.youtube.com/watch?v=jHHiMBffBC4,104,34,104,https://www.youtube.com/watch?v=jHHiMBffBC4,0,0,0,,0,0,0,0,
ef0319d27b10495795a5b994bc2249d5,772,92886,99,56,1734,https://www.youtube.com/watch?v=_kPR1Dnqs0k,96,51,193,https://www.youtube.com/watch?v=9a7xYWlH4nk,586,305,1734,https://www.youtube.com/watch?v=_kPR1Dnqs0k,0,0,0,0,
e83a22c584774763a3b91d557141604d,770,10081,0,0,0,,0,0,0,,0,0,0,,2054,570,342,879,https://www.twitch.tv/videos/2821833109
1d1e155c827e4ed2a0596c256983c22d,770,20028,16,1,29,https://www.youtube.com/watch?v=WsgzvdgVLnY,0,0,0,,16,1,29,https://www.youtube.com/watch?v=WsgzvdgVLnY,2392,141,109,164,https://www.twitch.tv/videos/2831941615
73f219fc31294239804b67151318e0a8,770,39207,0,0,0,,0,0,0,,0,0,0,,248,0,0,0,
17946118c2d641819c847aba0c491e13,770,5553,1187,509,1187,https://www.youtube.com/watch?v=iD9_HfaIfn0,0,0,0,,1187,509,1187,https://www.youtube.com/watch?v=iD9_HfaIfn0,5347,832,223,2119,https://www.twitch.tv/videos/2821811590
4caaacdde06c4a0a9662e0d1e07114e0,769,15630,0,0,0,,0,0,0,,0,0,0,,0,0,0,0,
d9baa82223d04494abd266da86171d95,768,0,0,0,0,,0,0,0,,0,0,0,,641,0,0,0,
8c59e356f1564e068e1c81ac7de1a4e3,768,34470,0,0,0,,0,0,0,,0,0,0,,0,0,0,0,
de6ab52e6aca42d2ab88274244e772fc,766,26060,0,0,0,,0,0,0,,0,0,0,,0,0,0,0,
50a5bb8d33e14c81813bd0d02dc34b58,765,0,0,0,0,,0,0,0,,0,0,0,,0,0,0,0,
a22035a68721415e830d1d7b8ffd172d,765,11446,0,0,0,,0,0,0,,0,0,0,,1833,0,0,0,
3a932cc8813343b6bb5d822cb2f53558,763,42295,0,0,0,,0,0,0,,0,0,0,,3220,0,0,0,
fb72bfcead034da2abef22637e7b2b3c,763,46523,1496,847,1782,https://www.youtube.com/watch?v=OrrtRxXMltc,0,0,0,,1496,847,1782,https://www.youtube.com/watch?v=OrrtRxXMltc,1525,64,53,100,https://www.twitch.tv/videos/2824566039
6ac39c9c814e4dfe9c2294345a2a3e9c,761,57166,45,28,66,https://www.youtube.com/watch?v=8O2S5y3eVLw,45,28,66,https://www.youtube.com/watch?v=8O2S5y3eVLw,0,0,0,,1490,0,0,0,
60da3bb357d64f998006b8ca3043fd00,760,32477,88,68,249,https://www.youtube.com/watch?v=qt0Tbs0ClJo,88,68,249,https://www.youtube.com/watch?v=qt0Tbs0ClJo,0,0,0,,0,0,0,0,
3204abe8247b45f08481bef65884ebc3,759,2987,0,0,0,,0,0,0,,0,0,0,,1353,226,131,226,https://www.twitch.tv/videos/2823697587
945e26a69e2145219406bf2ca0d59554,757,21550,0,0,0,,0,0,0,,0,0,0,,732,144,139,161,https://www.twitch.tv/videos/2832675375
3353f8693d7b4caa82abeb2de3d89815,756,26623,50,23,1288,https://www.youtube.com/watch?v=lZUvok82f1k,47,23,141,https://www.youtube.com/watch?v=6TRQJWVSrDs,1197,33,1288,https://www.youtube.com/watch?v=lZUvok82f1k,2180,380,179,1221,https://www.twitch.tv/videos/2822929768
c26ea894da5741df9e1bc62044f6bce7,756,0,0,0,0,,0,0,0,,0,0,0,,262,0,0,0,
0591345aa6634a73ac41f08af6d4e06e,754,38122,51,22,76,https://www.youtube.com/watch?v=kOHpreLZEvk,51,22,76,https://www.youtube.com/watch?v=kOHpreLZEvk,0,0,0,,0,0,0,0,
9539cc114b7648efb72bafc3a7358ae6,754,0,0,0,0,,0,0,0,,0,0,0,,1921,0,0,0,
7531ceacd52e43b4a29ba4dc18a3f56c,751,41070,170,147,381,https://www.youtube.com/watch?v=eUyMn3HYbsM,0,0,0,,170,147,381,https://www.youtube.com/watch?v=eUyMn3HYbsM,1903,167,68,480,https://www.twitch.tv/videos/2817021438
8f4142c5ead94656b4744b425d800fb8,749,108474,52,28,1068,https://www.youtube.com/watch?v=nmTv63qMpzk,52,28,1068,https://www.youtube.com/watch?v=nmTv63qMpzk,0,0,0,,0,0,0,0,
5298121274154e4b9154e8ac47d98beb,749,47726,65,45,2239,https://www.youtube.com/watch?v=0kStw7Gla24,54,24,74,https://www.youtube.com/watch?v=gs1BEWSoARA,447,337,2239,https://www.youtube.com/watch?v=0kStw7Gla24,0,0,0,0,
acc6cc72bdb74a74a719cc41baf0aade,748,29218,43,18,73,https://www.youtube.com/watch?v=YDLqNqLUIGw,43,18,73,https://www.youtube.com/watch?v=YDLqNqLUIGw,0,0,0,,0,0,0,0,
efe21404e1e344dda7e75ecb2c160895,747,0,0,0,0,,0,0,0,,0,0,0,,0,0,0,0,
a666cf6707d14cdbbe6581a8964aabd0,745,21246,0,0,0,,0,0,0,,0,0,0,,867,0,0,0,
1a39f2817a8d4b2d941677c2a07e896a,745,95804,113,55,2148,https://www.youtube.com/watch?v=EjUyy7zOHIQ,39,10,144,https://www.youtube.com/watch?v=1aRBVBIrPQ4,1560,319,2148,https://www.youtube.com/watch?v=EjUyy7zOHIQ,0,0,0,0,
d573ba517ed043a780491c40a7aaa22e,744,0,0,0,0,,0,0,0,,0,0,0,,0,0,0,0,
2103bcf7923d4f74b2d043bffef71cc1,743,34294,0,0,0,,0,0,0,,0,0,0,,0,0,0,0,
68f424a416ad426faa8b01b78f47b3e3,739,0,0,0,0,,0,0,0,,0,0,0,,0,0,0,0,
b96e4730713c48899004d4af5975fe21,739,5165,0,0,0,,0,0,0,,0,0,0,,247,0,0,0,
a2f9fd3568f3467aa35e411dbde1ab45,739,42126,26,7,134,https://www.youtube.com/watch?v=G-ItPqe6-x4,0,0,0,,26,7,134,https://www.youtube.com/watch?v=G-ItPqe6-x4,0,0,0,0,
75e2a9a237e14297976b9b8946818de5,738,1614,0,0,0,,0,0,0,,0,0,0,,0,0,0,0,
ab7fb3b59bef4d869388be703ffa8c01,736,12453,10,6,10,https://www.youtube.com/watch?v=QYsmBZM1W0Q,0,0,0,,10,6,10,https://www.youtube.com/watch?v=QYsmBZM1W0Q,0,0,0,0,
eef7776c596141afb7efb9c1790bcb64,736,34568,14,0,14,https://www.youtube.com/watch?v=UuC0iryWqlo,0,0,0,,14,0,14,https://www.youtube.com/watch?v=UuC0iryWqlo,1517,0,0,0,
52324c45fae74014bc603ae09d8d6136,735,14069,239,142,1506,https://www.youtube.com/watch?v=6P_0TFRCje0,233,112,1301,https://www.youtube.com/watch?v=7Iti6T7Utlg,575,366,1506,https://www.youtube.com/watch?v=6P_0TFRCje0,98,0,0,0,
a1880ae475fe44fc92760277c3f850ed,735,6509,0,0,0,,0,0,0,,0,0,0,,583,0,0,0,
c6286d22a9344325bb1609918d442b93,734,71331,0,0,0,,0,0,0,,0,0,0,,76,0,0,0,
0f97f20ec79649e687590a4dc7328a21,734,19703,0,0,0,,0,0,0,,0,0,0,,350,0,0,0,
4d4db7afb4b84af7b4d54889a5f93947,730,21095,138,75,302,https://www.youtube.com/watch?v=Ce43AaLfSXc,0,0,0,,138,75,302,https://www.youtube.com/watch?v=Ce43AaLfSXc,0,0,0,0,
40fd0ce414e8465880489531775662e7,730,249,0,0,0,,0,0,0,,0,0,0,,0,0,0,0,
00de1290ff0a4edda4db0385a6ba3300,727,15245,0,0,0,,0,0,0,,0,0,0,,1815,153,116,648,https://www.twitch.tv/videos/2830927742
4bc6acb333e44156a9caab3234fa11f5,727,39158,126,75,917,https://www.youtube.com/watch?v=VbsZCvV1mIo,125,63,210,https://www.youtube.com/watch?v=QEa1ygoNFMI,863,409,917,https://www.youtube.com/watch?v=VbsZCvV1mIo,0,0,0,0,
5ee9f1126dcf463e8d6afc8ef113d084,727,22647,52,44,80,https://www.youtube.com/watch?v=HJsCrtn_HV0,52,44,80,https://www.youtube.com/watch?v=HJsCrtn_HV0,0,0,0,,0,0,0,0,
28e04c3575d84bd48e2de545801d4d06,725,18396,0,0,0,,0,0,0,,0,0,0,,0,0,0,0,
dfc411c6b5d24d97b944f527ddfd2f0b,722,39262,52,20,143,https://www.youtube.com/watch?v=X58IbIrCRUY,89,46,111,https://www.youtube.com/watch?v=UW58Yr7GnWQ,36,16,143,https://www.youtube.com/watch?v=X58IbIrCRUY,0,0,0,0,
2608bc34d1f8497da55ab0cf4d0d7f0e,720,16080,0,0,0,,0,0,0,,0,0,0,,3209,439,190,1166,https://www.twitch.tv/videos/2821844182
b3628981441b4b1aa2a3c91af81c7084,718,4116,0,0,0,,0,0,0,,0,0,0,,0,0,0,0,
f1bcb26adebc4b95abd8fb779dfc4f6f,713,35410,162,85,198,https://www.youtube.com/watch?v=xz3AG4x9kGk,162,85,198,https://www.youtube.com/watch?v=xz3AG4x9kGk,0,0,0,,0,0,0,0,
c72045d5b8714411af64d5c9d29cea97,713,28787,0,0,0,,0,0,0,,0,0,0,,0,0,0,0,
bff3b878d9864ff893bd79d1f2a7a849,712,47799,36,18,168,https://www.youtube.com/watch?v=cDiHWWXyyuo,36,18,168,https://www.youtube.com/watch?v=cDiHWWXyyuo,0,0,0,,135,0,0,0,
bb775b8f85574398af290f5be009d40e,712,951,0,0,0,,0,0,0,,0,0,0,,0,0,0,0,
082df6a588424bc9aaa378c53b34315c,711,23813,0,0,0,,0,0,0,,0,0,0,,184,16,8,16,https://www.twitch.tv/videos/2821967716
667d1f10770d4512a5350b74bcb3efc0,709,29253,58,37,76,https://www.youtube.com/watch?v=zQ1stAydaEo,58,37,76,https://www.youtube.com/watch?v=zQ1stAydaEo,0,0,0,,0,0,0,0,
28e5717b1964475ca59ce02d81cb2796,708,14550,0,0,0,,0,0,0,,0,0,0,,3506,852,345,1445,https://www.twitch.tv/videos/2823405813
40a4357f990e4fd8ad2ac18c26603925,708,18447,32,21,43,https://www.youtube.com/watch?v=txJ-T9lLsGM,32,21,43,https://www.youtube.com/watch?v=txJ-T9lLsGM,0,0,0,,1665,239,183,397,https://www.twitch.tv/videos/2827803357
9b64082043fc451f9dd5edc793fa8605,706,8920,2,1,10,https://www.youtube.com/watch?v=pTvSZedI83U,0,0,0,,2,1,10,https://www.youtube.com/watch?v=pTvSZedI83U,1147,154,125,197,https://www.twitch.tv/videos/2827277221
8bd1aad0ee834101b6042c08495a31be,706,17157,0,0,0,,0,0,0,,0,0,0,,250,17,11,17,https://www.twitch.tv/videos/2828662050
f5a99c6ea78e4023b1bc84c1502f432d,706,44258,39,12,3936,https://www.youtube.com/watch?v=hifWbTYjU70,39,10,88,https://www.youtube.com/watch?v=jF6uoGzpPWw,49,14,3936,https://www.youtube.com/watch?v=hifWbTYjU70,867,108,44,335,https://www.twitch.tv/videos/2829677442
d460f1ea172d49f9a23f3277a391ce30,705,5879,0,0,0,,0,0,0,,0,0,0,,530,37,25,43,https://www.twitch.tv/videos/2823745806
a4e31a26718d42d692f6613fafb810f5,703,17958,0,0,0,,0,0,0,,0,0,0,,0,0,0,0,
0800162a149e420ea0386c9506e710b7,702,29833,0,0,0,,0,0,0,,0,0,0,,0,0,0,0,
96f73c5682e942ef888a3313031c7f58,702,11680,0,0,0,,0,0,0,,0,0,0,,0,0,0,0,
26b00f5ff5bf4b5a8dcb6c5c34e1b4f6,700,5180,0,0,0,,0,0,0,,0,0,0,,6309,3240,1132,5011,https://www.twitch.tv/videos/2813824892
004e635d5d494045a810b2d026e769c7,699,70200,117,58,177,https://www.youtube.com/watch?v=LBgF9tgj_GM,117,58,177,https://www.youtube.com/watch?v=LBgF9tgj_GM,0,0,0,,0,0,0,0,
8881d23b0a3c426590c8a2509e363ec1,698,87100,0,0,0,,0,0,0,,0,0,0,,2042,77,61,139,https://www.twitch.tv/videos/2824574892
bd16ea1e11d9475eb53a108ba90ea6a3,697,61305,38,21,74,https://www.youtube.com/watch?v=MQy-Bo-KdhM,38,21,74,https://www.youtube.com/watch?v=MQy-Bo-KdhM,0,0,0,,0,0,0,0,
2047c8ae25624470b90251b1fd9502d5,696,27895,0,0,0,,0,0,0,,0,0,0,,0,0,0,0,
8a3a04df8f6048d19825cdfef59ecdc1,694,19514,0,0,0,,0,0,0,,0,0,0,,0,0,0,0,
87e486b2a37549cbaccc95bbf7d3f253,693,47574,31,14,682,https://www.youtube.com/watch?v=MsRVrnh97jQ,30,13,664,https://www.youtube.com/watch?v=AfVvcftJ6uQ,682,158,682,https://www.youtube.com/watch?v=MsRVrnh97jQ,2450,80,52,116,https://www.twitch.tv/videos/2826206041
e5eb10612f5c4b069928fc1a71ad8e7d,693,87761,134,59,8743,https://www.youtube.com/watch?v=dxQQmP9PPgg,97,30,149,https://www.youtube.com/watch?v=wpZh_c2ukqg,1056,796,8743,https://www.youtube.com/watch?v=dxQQmP9PPgg,0,0,0,0,
b5e6939c87f34003b2faf4bb3a72ca14,691,0,0,0,0,,0,0,0,,0,0,0,,0,0,0,0,
4caacad18f2842a099e3f8cc31060aca,690,32949,0,0,0,,0,0,0,,0,0,0,,0,0,0,0,
8ba365057cdb4ba5ba9c27c02c7c7f3d,688,13819,0,0,0,,0,0,0,,0,0,0,,1185,0,0,0,
a0467c81a3014fbf83029acffe5b1d3f,686,12342,0,0,0,,0,0,0,,0,0,0,,1147,30,25,34,https://www.twitch.tv/videos/2826053299
2c83b5b4c0644e9d94c4221ba9543cc5,682,19176,0,0,0,,0,0,0,,0,0,0,,285,80,55,208,https://www.twitch.tv/videos/2825214757
15ec206bfc374aaaa594bc12e9887a69,682,9428,0,0,0,,0,0,0,,0,0,0,,1624,108,70,108,https://www.twitch.tv/videos/2825339268
433b2802b62441a39c721400926d59eb,681,44666,82,48,1020,https://www.youtube.com/watch?v=G7Pc50D5gcU,73,46,1020,https://www.youtube.com/watch?v=G7Pc50D5gcU,298,57,366,https://www.youtube.com/watch?v=bNQZPCWQ340,0,0,0,0,
23d18a6678794320b2d3f9d468b9b3a4,680,46379,23,14,53,https://www.youtube.com/watch?v=-ic37mb00gw,23,14,53,https://www.youtube.com/watch?v=-ic37mb00gw,0,0,0,,1293,185,153,739,https://www.twitch.tv/videos/2821983956
1b8f1c5c6e784ef4930d7e0f1dc35e4e,680,0,0,0,0,,0,0,0,,0,0,0,,0,0,0,0,
6f0d9d64bb6a4a81af1e84a72d30f5b8,679,43736,148,67,1573,https://www.youtube.com/watch?v=LcfS1MnXYac,129,62,308,https://www.youtube.com/watch?v=_EjlmLcN8k0,690,407,1573,https://www.youtube.com/watch?v=LcfS1MnXYac,144,0,0,0,
fc6a8de6e0e14e05a11b1d35dfce1d71,677,37211,36,18,41,https://www.youtube.com/watch?v=UJ0x3jMpcGY,36,18,41,https://www.youtube.com/watch?v=UJ0x3jMpcGY,0,0,0,,0,0,0,0,
424043d4c55449cd9317bc0923c13299,677,269963,88,27,212,https://www.youtube.com/watch?v=p2KeivnC2NY,88,27,212,https://www.youtube.com/watch?v=p2KeivnC2NY,0,0,0,,302,0,0,0,
f7185f45c8a44e69bf829405206996b9,676,31999,41,40,41,https://www.youtube.com/watch?v=i6M6EA9FrSg,41,40,41,https://www.youtube.com/watch?v=i6M6EA9FrSg,0,0,0,,55,0,0,0,
e44a37ed06c749da9aeea8e16b309a84,674,28976,0,0,0,,0,0,0,,0,0,0,,27,0,0,0,
c265c71f4d2744919a319f0f38c008f9,674,26443,0,0,0,,0,0,0,,0,0,0,,5854,0,0,0,
9bd9d680d6cf48d1a7171430f286fcb1,673,105428,236,115,900,https://www.youtube.com/watch?v=b_4e_t8kidA,20,18,20,https://www.youtube.com/watch?v=kaglQ5uXunw,273,124,900,https://www.youtube.com/watch?v=b_4e_t8kidA,0,0,0,0,
94b3f738cde248e3bf6061f1692d6337,672,167882,0,0,0,,0,0,0,,0,0,0,,0,0,0,0,
263db06cfe814d4397e6fc8bc593e70e,671,43003,98,63,98,https://www.youtube.com/watch?v=eHsfvsMYE74,0,0,0,,98,63,98,https://www.youtube.com/watch?v=eHsfvsMYE74,0,0,0,0,
0528d5a963af400884b2db8484a0d152,671,537,0,0,0,,0,0,0,,0,0,0,,407,0,0,0,
6159040406fc4e6cb73dbf9734717703,670,99009,0,0,0,,0,0,0,,0,0,0,,2126,0,0,0,
da2113ffb3d74a6394685e68feaa7b60,670,174009,355,172,1079,https://www.youtube.com/watch?v=2MDE36NVYWY,29,20,93,https://www.youtube.com/watch?v=Yqla9HugVmU,403,214,1079,https://www.youtube.com/watch?v=2MDE36NVYWY,0,0,0,0,
5bbd1c2531594775a4b74928e630dd59,668,46566,0,0,0,,0,0,0,,0,0,0,,4201,255,51,1108,https://www.twitch.tv/videos/2819436801
49d38057272d4c4992cdbcb792c94d00,667,26583,25,16,47,https://www.youtube.com/watch?v=veyCryb5Wsg,25,16,47,https://www.youtube.com/watch?v=veyCryb5Wsg,0,0,0,,291,31,14,131,https://www.twitch.tv/videos/2833272532
c03997835cc943fe81a441c571d733d0,666,58195,26,20,362,https://www.youtube.com/watch?v=l7C0OGT5g3k,26,20,362,https://www.youtube.com/watch?v=l7C0OGT5g3k,0,0,0,,210,0,0,0,
fcf160e0e39147b4b4037d1e4d18f076,666,79057,103,31,760,https://www.youtube.com/watch?v=YJuxAcNNeCg,91,29,760,https://www.youtube.com/watch?v=YJuxAcNNeCg,285,151,403,https://www.youtube.com/watch?v=5_tZHQP7BSo,0,0,0,0,
d15b3fadead04e7399faaeb47fdf37f9,665,33791,0,0,0,,0,0,0,,0,0,0,,0,0,0,0,
6e3eb55128024fcca66d26ce1eb53802,662,18297,713,89,1257,https://www.youtube.com/watch?v=-mGPDOt7cFI,246,80,634,https://www.youtube.com/watch?v=PgLzqKZN30g,1120,99,1257,https://www.youtube.com/watch?v=-mGPDOt7cFI,456,274,208,365,https://www.twitch.tv/videos/2824522033
7342e2aefa41449880565dfd15a35cad,662,20774,69,35,71,https://www.youtube.com/watch?v=ECKv7ZX0Bng,69,35,71,https://www.youtube.com/watch?v=ECKv7ZX0Bng,0,0,0,,0,0,0,0,
f513e865b8aa4afab938316563c4955f,661,30330,0,0,0,,0,0,0,,0,0,0,,425,0,0,0,
b96f58f4373a4b65977afe5f2829e9e4,661,167561,46,17,320,https://www.youtube.com/watch?v=kA6_AxFjw4w,46,15,71,https://www.youtube.com/watch?v=RpsE9Bwpi2E,320,156,320,https://www.youtube.com/watch?v=kA6_AxFjw4w,549,49,38,104,https://www.twitch.tv/videos/2827881502
5d1f5182f62642a8a2e3ae5d3ead1014,661,53574,66,35,115,https://www.youtube.com/watch?v=zHqU91DIkjg,66,35,115,https://www.youtube.com/watch?v=zHqU91DIkjg,0,0,0,,0,0,0,0,
14d68e1fc65f4206b0c45d65970c0215,661,45243,80,62,113,https://www.youtube.com/watch?v=EMa8V0CwUpA,80,62,113,https://www.youtube.com/watch?v=EMa8V0CwUpA,0,0,0,,0,0,0,0,
4b305df8ba4546b48c8ec1cda5efb7e2,661,184694,168,33,1395,https://www.youtube.com/watch?v=mVPSga6dzxg,34,6,34,https://www.youtube.com/watch?v=l9wikdrJxLI,171,51,1395,https://www.youtube.com/watch?v=mVPSga6dzxg,0,0,0,0,
dd6310e365b74ff69a4250bd4860a50b,660,61142,0,0,0,,0,0,0,,0,0,0,,4905,654,151,2409,https://www.twitch.tv/videos/2820211918
948c874aac8c4c7fa088b380e79b2154,655,21027,0,0,0,,0,0,0,,0,0,0,,0,0,0,0,
f3a1ec7e996e4897ba4e34376f7c0be2,653,8982,0,0,0,,0,0,0,,0,0,0,,1013,0,0,0,
3e7ef261eb21464eacd7d26a1e6c2fcc,652,34486,83,54,1441,https://www.youtube.com/watch?v=FUcJwV7n1KI,77,52,1441,https://www.youtube.com/watch?v=FUcJwV7n1KI,1409,452,1409,https://www.youtube.com/watch?v=3xlzRRwYJEE,0,0,0,0,
0f11420beab0442eae0208ac63d4474c,652,4208,24,9,24,https://www.youtube.com/watch?v=_fdTYB9YZlI,24,9,24,https://www.youtube.com/watch?v=_fdTYB9YZlI,0,0,0,,0,0,0,0,
e911a56d410b4949aee1d3a8dc84f4ad,652,40656,0,0,0,,0,0,0,,0,0,0,,0,0,0,0,
31073a45106c442cbe11fd4368e162fe,651,16109,0,0,0,,0,0,0,,0,0,0,,2126,0,0,0,
2ccdc43de33c478192767afae6309f06,651,77036,60,34,1146,https://www.youtube.com/watch?v=WbzAhjQKr58,67,42,1146,https://www.youtube.com/watch?v=WbzAhjQKr58,19,12,57,https://www.youtube.com/watch?v=X20k2jcdDW8,320,97,89,229,https://www.twitch.tv/videos/2833568456
e7f01ae0c78b4daeaaf8f3fe39946e8d,651,34647,23,15,49,https://www.youtube.com/watch?v=H8hJYo9U4Lw,23,15,49,https://www.youtube.com/watch?v=H8hJYo9U4Lw,0,0,0,,0,0,0,0,
031da54f73f94adf8159ef0d3bfeb52b,649,70611,51,22,228,https://www.youtube.com/watch?v=RSdY4mtydh0,51,22,228,https://www.youtube.com/watch?v=RSdY4mtydh0,0,0,0,,0,0,0,0,
7c6c40e2c7b64a6997fb2173f446860f,649,46404,66,29,461,https://www.youtube.com/watch?v=hU5dS8TYTcg,62,29,147,https://www.youtube.com/watch?v=t-OFKOdsQ8o,461,9,461,https://www.youtube.com/watch?v=hU5dS8TYTcg,35,0,0,0,
677a773535814b5fa2d557da2f80bb89,648,17892,0,0,0,,0,0,0,,0,0,0,,424,0,0,0,
91d867842ac74a299407199f295d135d,648,2359,0,0,0,,0,0,0,,0,0,0,,0,0,0,0,
2ffa876173cb42bc8a1de004fe10e391,646,13599,118,59,294,https://www.youtube.com/watch?v=uJJbEziw1QM,118,59,294,https://www.youtube.com/watch?v=uJJbEziw1QM,0,0,0,,0,0,0,0,
3e079110e939428085c1f1040ec756f9,646,8957,0,0,0,,0,0,0,,0,0,0,,0,0,0,0,
903278eb21a342669dc6f7eea7dbe618,646,25655,194,81,356,https://www.youtube.com/watch?v=dO1mc2xChFs,194,81,356,https://www.youtube.com/watch?v=dO1mc2xChFs,0,0,0,,0,0,0,0,
2c6b5ad20b4e4bdc85310b791d02b364,644,7382,0,0,0,,0,0,0,,0,0,0,,2316,0,0,0,
2fbd2ed36dc7493b8d3e95a19c2c9847,643,51546,30,13,119,https://www.youtube.com/watch?v=SzGsqMjOhJo,30,12,45,https://www.youtube.com/watch?v=6uc362XivIc,119,48,119,https://www.youtube.com/watch?v=SzGsqMjOhJo,0,0,0,0,
adb7f358e8134f30ac0919a74c9d171b,642,13963,0,0,0,,0,0,0,,0,0,0,,2283,264,203,653,https://www.twitch.tv/videos/2826960935
4c127c01ba31487599018fc81ff1a3dd,641,37775,63,6,63,https://www.youtube.com/watch?v=FhBM6PdwDus,63,6,63,https://www.youtube.com/watch?v=FhBM6PdwDus,0,0,0,,0,0,0,0,
bedd14283dd34a639c5f77a95856ecad,640,24379,151,69,522,https://www.youtube.com/watch?v=3u6-pJH06l8,151,69,522,https://www.youtube.com/watch?v=3u6-pJH06l8,0,0,0,,0,0,0,0,
0ad03ee6159c4d37a4feccbc49ba3dcf,640,61307,19,8,630,https://www.youtube.com/watch?v=VzvLptk9j-A,19,8,630,https://www.youtube.com/watch?v=VzvLptk9j-A,0,0,0,,167,0,0,0,
54b80ca15e0c40f6abdebd37e0aa4ca1,636,15577,0,0,0,,0,0,0,,0,0,0,,716,0,0,0,
6bb99d03979041aa909d87375acaf92d,635,109994,0,0,0,,0,0,0,,0,0,0,,0,0,0,0,
fdb0805c65e24f13b7f23e50e0db8ae2,635,46236,0,0,0,,0,0,0,,0,0,0,,8950,926,638,982,https://www.twitch.tv/videos/2831027132
e55e67f2f7f64a6da7ae604df1652f5e,633,254073,80,54,99,https://www.youtube.com/watch?v=auBVTdDqa5Y,61,22,61,https://www.youtube.com/watch?v=ATURC3ePYGI,99,87,99,https://www.youtube.com/watch?v=auBVTdDqa5Y,0,0,0,0,
e50da8792cd94b009eaa8dd4be738d59,633,2066,0,0,0,,0,0,0,,0,0,0,,1157,139,111,600,https://www.twitch.tv/videos/2830407323
5e931b583dfe4fdc98d10e4dceaf2c93,632,23914,17,12,81,https://www.youtube.com/watch?v=yR3OYRfcOIk,0,0,0,,17,12,81,https://www.youtube.com/watch?v=yR3OYRfcOIk,1567,172,165,212,https://www.twitch.tv/videos/2831778545
ec332c6e824044698204e6dba3e5fbfc,631,12080,0,0,0,,0,0,0,,0,0,0,,554,0,0,0,
04ca68439fd14d088c77eb0069e6414f,630,58324,0,0,0,,0,0,0,,0,0,0,,367,0,0,0,
6142bdfa61cd4f3092263bfe477e8e0b,629,164514,72,57,1638,https://www.youtube.com/watch?v=p9eAn1dhmp4,24,16,72,https://www.youtube.com/watch?v=48beQYp7vpQ,1142,858,1638,https://www.youtube.com/watch?v=p9eAn1dhmp4,0,0,0,0,
326a721a7a904cb9b5ed0dad4899d7c2,628,22696,0,0,0,,0,0,0,,0,0,0,,881,318,262,442,https://www.twitch.tv/videos/2822960610
3e6f13f775fa4ef09ff9b26ce062eb52,626,1656,0,0,0,,0,0,0,,0,0,0,,307,0,0,0,
809ddec4aec2402ea41adeba2f8520ec,626,61182,5,3,48,https://www.youtube.com/watch?v=5HPwN7Bd1fs,0,0,0,,5,3,48,https://www.youtube.com/watch?v=5HPwN7Bd1fs,1290,226,187,344,https://www.twitch.tv/videos/2826816021
12d506583827419e9eb3b64ec551a94d,625,33553,61,52,61,https://www.youtube.com/watch?v=Ni-88TM89SI,61,52,61,https://www.youtube.com/watch?v=Ni-88TM89SI,0,0,0,,24,0,0,0,
8a19d25c92fe4b3194f1211d503d6d4d,624,63882,496,200,1822,https://www.youtube.com/watch?v=nW2YE2QwPMI,0,0,0,,496,200,1822,https://www.youtube.com/watch?v=nW2YE2QwPMI,0,0,0,0,
960c19dbf65f4b7fa27439d1ede2af21,624,22851,0,0,0,,0,0,0,,0,0,0,,0,0,0,0,
6c2b07e387644ff1898d8c536747dcb0,624,21125,0,0,0,,0,0,0,,0,0,0,,318,71,56,71,https://www.twitch.tv/videos/2828648252
1f455594561b421da20dde10d1540981,624,44743,0,0,0,,0,0,0,,0,0,0,,6225,498,253,2132,https://www.twitch.tv/videos/2829505539
dec8ff1f1ef243ccb8fa65edb7a813bd,622,891,0,0,0,,0,0,0,,0,0,0,,326,0,0,0,
b8ccfa7aec6a419ca8ad1a91d9fafdf6,620,0,0,0,0,,0,0,0,,0,0,0,,2486,175,131,480,https://www.twitch.tv/videos/2825419504
b16b9643e24d404a8de6d66551451b85,620,9615,0,0,0,,0,0,0,,0,0,0,,3314,128,103,300,https://www.twitch.tv/videos/2830953026
75efe1c591fa4cba93c4938c58cfed27,620,0,0,0,0,,0,0,0,,0,0,0,,0,0,0,0,
a1d00cd951ed45afb01e1668dfae6592,618,8219,0,0,0,,0,0,0,,0,0,0,,0,0,0,0,
defbc693cb874182807b768593439616,617,19222,0,0,0,,0,0,0,,0,0,0,,1636,297,34,461,https://www.twitch.tv/videos/2824487848
8b0dbadf9faa4815923944437f1c1abb,617,76059,7,3,61,https://www.youtube.com/watch?v=LoJDZFt070A,0,0,0,,7,3,61,https://www.youtube.com/watch?v=LoJDZFt070A,0,0,0,0,
66345fc8147b45e99d6eba1b0df6ba7c,616,31924,0,0,0,,0,0,0,,0,0,0,,0,0,0,0,
e07cd7e29645414481d441fcfd4fd456,614,29549,5,1,32,https://www.youtube.com/watch?v=X3dkL3mN5QQ,0,0,0,,5,1,32,https://www.youtube.com/watch?v=X3dkL3mN5QQ,0,0,0,0,
f220baaf52864d7eba4b39877bc2afd2,613,0,0,0,0,,0,0,0,,0,0,0,,1123,0,0,0,
7d53d75ac36b4faea2450918f84dada3,613,27333,92,47,1501,https://www.youtube.com/watch?v=6KeltgkyhrQ,57,31,99,https://www.youtube.com/watch?v=ZaBcSKDo_qU,543,237,1501,https://www.youtube.com/watch?v=6KeltgkyhrQ,0,0,0,0,
20b9316c0979495fbff724be3442d4a4,613,155743,77,22,611,https://www.youtube.com/watch?v=M0MxohnTlJE,76,18,611,https://www.youtube.com/watch?v=M0MxohnTlJE,85,23,473,https://www.youtube.com/watch?v=YGendOmaVYk,17,0,0,0,
5507154831064d69906acc64c76b1c99,612,15133,0,0,0,,0,0,0,,0,0,0,,3225,809,504,72282,https://www.twitch.tv/videos/2822174754
1e131b3460564fd49ca9675ead6ad9c6,610,38815,76,31,138,https://www.youtube.com/watch?v=a_dosGCFICo,76,31,138,https://www.youtube.com/watch?v=a_dosGCFICo,0,0,0,,0,0,0,0,
3de1f749e7fe4b219a2a10611311297f,608,23216,0,0,0,,0,0,0,,0,0,0,,354,0,0,0,
d02adf3818df4c9fa03ed90bf1df5b41,606,15505,0,0,0,,0,0,0,,0,0,0,,0,0,0,0,
3849edba2b2e411f8564e9c1d1aaaa51,606,76712,76,34,116,https://www.youtube.com/watch?v=u0fEqnqaXQo,76,34,116,https://www.youtube.com/watch?v=u0fEqnqaXQo,0,0,0,,0,0,0,0,
7c781489389447e682388caccae7fb1c,605,22208,17,6,19,https://www.youtube.com/watch?v=OQZ-B2JkPIo,0,0,0,,17,6,19,https://www.youtube.com/watch?v=OQZ-B2JkPIo,1046,0,0,0,
9760ffdb528f40a7bd010589f2ce06c4,604,29751,3,1,5,https://www.youtube.com/watch?v=rccZOJuM5Nc,0,0,0,,3,1,5,https://www.youtube.com/watch?v=rccZOJuM5Nc,785,228,177,375,https://www.twitch.tv/videos/2832586204
91216a87fe704ea9a42d3aabc1683f90,602,28277,329,106,1857,https://www.youtube.com/watch?v=Q4bGUNZwtZI,186,106,766,https://www.youtube.com/watch?v=RMiQQRMOiwI,773,103,1857,https://www.youtube.com/watch?v=Q4bGUNZwtZI,50,0,0,0,
36ad63809a2441c9b85f7ee628136ce3,601,100452,59,40,1344,https://www.youtube.com/watch?v=rDw34lAA_AA,55,23,76,https://www.youtube.com/watch?v=2kF5fUQxxtU,245,89,1344,https://www.youtube.com/watch?v=rDw34lAA_AA,23,0,0,0,
3f74c9c84fac427ea0e3d147c6027e82,600,19512,15,6,42,https://www.youtube.com/watch?v=mFJIg3TbgPM,15,6,42,https://www.youtube.com/watch?v=mFJIg3TbgPM,0,0,0,,0,0,0,0,
22aaa78ca5fa444bb70649727131c0f2,600,18891,0,0,0,,0,0,0,,0,0,0,,0,0,0,0,
4e35059a74df41189368fad5263a1f3f,600,61087,51,35,1975,https://www.youtube.com/watch?v=EfjJlp9u0_g,49,29,204,https://www.youtube.com/watch?v=Yk_FU5ymOXM,1237,592,1975,https://www.youtube.com/watch?v=EfjJlp9u0_g,70,23,20,42,https://www.twitch.tv/videos/2828660254
c1ca3c2282084d0ebbdeb3896801aec9,598,19213,0,0,0,,0,0,0,,0,0,0,,253,0,0,0,
02fc4a811f9b45b38e94ce75f36a8efa,597,25729,79,41,1803,https://www.youtube.com/watch?v=xGiemQPMChM,63,40,713,https://www.youtube.com/watch?v=erQNG8Dy-28,348,105,1803,https://www.youtube.com/watch?v=xGiemQPMChM,0,0,0,0,
21507f58118d406b87fd42a39c87855a,597,20786,130,55,213,https://www.youtube.com/watch?v=I1pXCBoWUG0,130,55,213,https://www.youtube.com/watch?v=I1pXCBoWUG0,0,0,0,,0,0,0,0,
7a570b5273ae4e359a6491aba1313011,596,17677,47,45,78,https://www.youtube.com/watch?v=wOKl3oWs8WQ,47,45,78,https://www.youtube.com/watch?v=wOKl3oWs8WQ,0,0,0,,4344,647,490,3393,https://www.twitch.tv/videos/2822982441
8c4d0ef0e1ee405e93be5d03974307ce,594,31564,49,13,50,https://www.youtube.com/watch?v=DaLftXVfjqE,49,13,50,https://www.youtube.com/watch?v=DaLftXVfjqE,0,0,0,,32,0,0,0,
8729a18bfb7848d880a59da20b281640,593,0,0,0,0,,0,0,0,,0,0,0,,543,0,0,0,
09664b7d99674030ae184672ac8c8ee7,592,52335,0,0,0,,0,0,0,,0,0,0,,0,0,0,0,
19ccc34670ad4ea6b4d8bc5aaafdf876,591,12826,0,0,0,,0,0,0,,0,0,0,,0,0,0,0,
4cc07f3cbfed434090bba391bc15fd6d,591,39790,17,2,17,https://www.youtube.com/watch?v=M8uLJPEiK_A,0,0,0,,17,2,17,https://www.youtube.com/watch?v=M8uLJPEiK_A,1728,0,0,0,
d613059b356d4cc9b1c3e998f32d1a5a,589,22177,0,0,0,,0,0,0,,0,0,0,,11253,2133,565,3252,https://www.twitch.tv/videos/2819647023
25262970b019418badba15bc46f9c048,588,122010,73,31,269,https://www.youtube.com/watch?v=j0ZpvsPwiIQ,73,31,269,https://www.youtube.com/watch?v=j0ZpvsPwiIQ,0,0,0,,517,145,48,219,https://www.twitch.tv/videos/2812433578
cd90274cae394fa7be47a5535b563882,586,0,0,0,0,,0,0,0,,0,0,0,,0,0,0,0,
ff88906b47654805b8370426415f1183,584,20744,0,0,0,,0,0,0,,0,0,0,,3436,524,249,996,https://www.twitch.tv/videos/2816175421
7dc8617f6004470c8a65a67a9abdf661,583,19500,41,6,66,https://www.youtube.com/watch?v=-8r1fco1XxM,41,6,66,https://www.youtube.com/watch?v=-8r1fco1XxM,0,0,0,,259,0,0,0,
aa673b95b03540288c87dbaa59477ef9,583,38543,0,0,0,,0,0,0,,0,0,0,,0,0,0,0,
b76eb671dc62463fb845025be34526b7,582,34737,6606,2097,26231,https://www.youtube.com/watch?v=4ZHZJprYq1c,0,0,0,,6606,2097,26231,https://www.youtube.com/watch?v=4ZHZJprYq1c,0,0,0,0,
9fba4ecf861140acb418c343a475f99c,582,53790,63,28,335,https://www.youtube.com/watch?v=RfNrhNRbq4Y,63,28,335,https://www.youtube.com/watch?v=RfNrhNRbq4Y,0,0,0,,139,32,28,84,https://www.twitch.tv/videos/2831875219
6f5a8075e60244cb8e74c6aa35daaa2a,578,29785,0,0,0,,0,0,0,,0,0,0,,0,0,0,0,
7179f903569e4fa9842b5c5ea3f7a645,577,35534,61,27,76,https://www.youtube.com/watch?v=u5Bljz-JRhA,61,27,76,https://www.youtube.com/watch?v=u5Bljz-JRhA,0,0,0,,643,60,41,71,https://www.twitch.tv/videos/2823741449
ea7f97145fd44a51a95e5b97a6b8366c,577,166707,859,98,1629,https://www.youtube.com/watch?v=hgDRtuPcSp8,0,0,0,,859,98,1629,https://www.youtube.com/watch?v=hgDRtuPcSp8,0,0,0,0,
52ff14aabd804801a6e589681fc2fb4d,577,72557,22,1,25,https://www.youtube.com/watch?v=hWdoXZVWnv0,23,0,25,https://www.youtube.com/watch?v=hWdoXZVWnv0,15,2,24,https://www.youtube.com/watch?v=b99fR57Q9ns,1613,0,0,0,
d6827fe530ca4db4b748651c72e81ead,576,16013,54,37,200,https://www.youtube.com/watch?v=7FkX-atZPCU,54,37,200,https://www.youtube.com/watch?v=7FkX-atZPCU,0,0,0,,256,32,20,39,https://www.twitch.tv/videos/2828496331
fad52a34935b402a819aa4bb504453da,575,30247,26,20,26,https://www.youtube.com/watch?v=PA1NH55iBlU,26,20,26,https://www.youtube.com/watch?v=PA1NH55iBlU,0,0,0,,0,0,0,0,
c4ad3b6c4fe94f9a8142895fd869dfb9,573,4779,4,2,43,https://www.youtube.com/watch?v=67NNa-bLcg8,0,0,0,,4,2,43,https://www.youtube.com/watch?v=67NNa-bLcg8,1500,107,93,696,https://www.twitch.tv/videos/2828446260
14392ae1c106403ab690e8a6dea7c534,573,50117,59,31,114,https://www.youtube.com/watch?v=y3vZGUmQ9Kc,59,31,114,https://www.youtube.com/watch?v=y3vZGUmQ9Kc,0,0,0,,0,0,0,0,
994fcc5db40840ae990cf1ce43728548,571,13052,49,33,111,https://www.youtube.com/watch?v=0O40p2VVPks,49,33,111,https://www.youtube.com/watch?v=0O40p2VVPks,0,0,0,,0,0,0,0,
4859b57db8e043f1965e56324f137097,571,92336,0,0,0,,0,0,0,,0,0,0,,2018,169,122,433,https://www.twitch.tv/videos/2831755734
76a17ecab93c4c3db069c9a5d8d0ecf5,568,44951,0,0,0,,0,0,0,,0,0,0,,1825,254,143,1532,https://www.twitch.tv/videos/2831752744
a1f8a0af53c34922b0c66ebdf4b3381d,566,10491,67,42,177,https://www.youtube.com/watch?v=1X2JhzpBLR4,67,42,177,https://www.youtube.com/watch?v=1X2JhzpBLR4,0,0,0,,76,0,0,0,
746abd9861714105823ebfb2a18f6fdc,565,46993,40,15,91,https://www.youtube.com/watch?v=geEfEnJE9lc,40,15,91,https://www.youtube.com/watch?v=geEfEnJE9lc,0,0,0,,0,0,0,0,
993f7baff5d24cf69d077e30f7fd1a9d,565,26466,0,0,0,,0,0,0,,0,0,0,,0,0,0,0,
22b0dfc3703e477d9ce6880cdbfafd91,565,23826,0,0,0,,0,0,0,,0,0,0,,2373,0,0,0,
ee5418c900a7400fa44c821eaaca0218,564,10143,13,0,13,https://www.youtube.com/watch?v=fcdymEy-Aok,0,0,0,,13,0,13,https://www.youtube.com/watch?v=fcdymEy-Aok,627,17,7,45,https://www.twitch.tv/videos/2811863131
5908563b5c944c7b919b08e5233a8a5a,563,144595,8,3,1200,https://www.youtube.com/watch?v=GlROe4MeZso,0,0,0,,8,3,1200,https://www.youtube.com/watch?v=GlROe4MeZso,982,48,35,121,https://www.twitch.tv/videos/2825315843
5e259658ed814cc894dfe408d10ecc6e,563,31489,94,13,94,https://www.youtube.com/watch?v=TTGrEarFVQA,94,13,94,https://www.youtube.com/watch?v=TTGrEarFVQA,0,0,0,,0,0,0,0,
bee7e3be201d4df089b9d73d384b75c5,562,901,0,0,0,,0,0,0,,0,0,0,,0,0,0,0,
ba795eb1ea0f4fea888b1bfff3d5be86,562,69340,8,6,233,https://www.youtube.com/watch?v=viuUoyO80Ss,0,0,0,,8,6,233,https://www.youtube.com/watch?v=viuUoyO80Ss,3417,0,0,0,
6542ad533b67427ab99e5b2277ace17d,561,15670,0,0,0,,0,0,0,,0,0,0,,0,0,0,0,
b511c9a0eba7474fbb8ac8d02ff357b7,561,67748,33,25,1698,https://www.youtube.com/watch?v=vLfXYKGE1jY,33,24,68,https://www.youtube.com/watch?v=SQvJ8tAduCo,1698,1381,1698,https://www.youtube.com/watch?v=vLfXYKGE1jY,0,0,0,0,
318268a48a3c47b7a56609c204d02b03,561,15117,0,0,0,,0,0,0,,0,0,0,,3285,310,301,504,https://www.twitch.tv/videos/2830816276
df6e2520044744f0957a83db74b386bb,560,15612,0,0,0,,0,0,0,,0,0,0,,0,0,0,0,
b88a2e77cd7b4758925642f63b58051a,559,65425,272,60,1463,https://www.youtube.com/watch?v=ARLkb2so2jI,110,67,124,https://www.youtube.com/watch?v=8U2UVt5eeDM,355,60,1463,https://www.youtube.com/watch?v=ARLkb2so2jI,0,0,0,0,
7dd6c13c71ee452e9a85dec903f2ee15,557,31487,0,0,0,,0,0,0,,0,0,0,,0,0,0,0,
21f5355738614770afb34b761a4c45af,557,4407,0,0,0,,0,0,0,,0,0,0,,0,0,0,0,
161544bf51864b2bad46cdd769bee278,557,21784,96,33,232,https://www.youtube.com/watch?v=oTLQbyIodaY,111,44,232,https://www.youtube.com/watch?v=oTLQbyIodaY,52,29,52,https://www.youtube.com/watch?v=38reRbFSkG4,203,100,68,139,https://www.twitch.tv/videos/2833524476
156c4271fe17425bb02fd7b24f5a2a7a,554,9411,176,39,600,https://www.youtube.com/watch?v=oLobxqPFJQE,0,0,0,,176,39,600,https://www.youtube.com/watch?v=oLobxqPFJQE,0,0,0,0,
82d775c8bb1740c0a6db1037d3bf5fe0,554,15185,78,38,147,https://www.youtube.com/watch?v=qKtJ-j_BZ2A,78,38,147,https://www.youtube.com/watch?v=qKtJ-j_BZ2A,0,0,0,,0,0,0,0,
21c8f34b3284456792c28b2ce7290589,552,24062,0,0,0,,0,0,0,,0,0,0,,0,0,0,0,
54c49dea17ad4eb5aeb7ce1698dc01be,551,33807,42,8,42,https://www.youtube.com/watch?v=84DXejBl_HQ,42,8,42,https://www.youtube.com/watch?v=84DXejBl_HQ,0,0,0,,115,0,0,0,
0e136a936a574815a311e6e801ce3ca6,550,21570,46,25,46,https://www.youtube.com/watch?v=fMg0_2COfqY,46,25,46,https://www.youtube.com/watch?v=fMg0_2COfqY,0,0,0,,40,24,20,24,https://www.twitch.tv/videos/2830321523
6503172c78774a0fa639255ac2e7e85a,549,21185,21,5,30,https://www.youtube.com/watch?v=7FaVlXejnG0,24,5,30,https://www.youtube.com/watch?v=7FaVlXejnG0,19,4,19,https://www.youtube.com/watch?v=vjItNOGXJjc,0,0,0,0,
619f48c4546c481bbc52aadc12c3e48f,549,6996,0,0,0,,0,0,0,,0,0,0,,2525,414,268,537,https://www.twitch.tv/videos/2832598908
f5493e350f514aae860e4fbc529adf4c,549,339,0,0,0,,0,0,0,,0,0,0,,0,0,0,0,
1760601b33854f2ab58b6217bd2cfedf,544,34272,0,0,0,,0,0,0,,0,0,0,,0,0,0,0,
f1af649939f441ef83a72bac4dc974e3,540,18197,0,0,0,,0,0,0,,0,0,0,,0,0,0,0,
5dd38c1bf796414399e7c80092c1d984,539,476437,25,15,36831,https://www.youtube.com/watch?v=22GqRbtPxAo,21,8,58,https://www.youtube.com/watch?v=gR4Fy5kTHic,173,27,36831,https://www.youtube.com/watch?v=22GqRbtPxAo,54,7,5,8,https://www.twitch.tv/videos/2831934762
284904fe0fc5485f926eb7941427d8f4,537,9861,0,0,0,,0,0,0,,0,0,0,,0,0,0,0,
bd7947d2357941039893b911b18f3b4c,536,46384,117,54,564,https://www.youtube.com/watch?v=Qj0BsrxpOm0,117,54,564,https://www.youtube.com/watch?v=Qj0BsrxpOm0,0,0,0,,660,106,73,111,https://www.twitch.tv/videos/2828492118
b359f595b54b4edc8969423a8b5658ff,536,34195,14,2,881,https://www.youtube.com/watch?v=t_cDEw4woMg,0,0,0,,14,2,881,https://www.youtube.com/watch?v=t_cDEw4woMg,0,0,0,0,
7731172cfcaa4e668762473a7b9d509a,536,15697,0,0,0,,0,0,0,,0,0,0,,822,0,0,0,
7344fd4a1019434792afd863eddb4250,536,36924,0,0,0,,0,0,0,,0,0,0,,1753,435,334,666,https://www.twitch.tv/videos/2832582297
d6afb902dbe04e35ab52f961f538f9bd,535,26686,133,7,572,https://www.youtube.com/watch?v=Y8ywA7wXZu0,44,29,44,https://www.youtube.com/watch?v=veYx2CBARDQ,136,5,572,https://www.youtube.com/watch?v=Y8ywA7wXZu0,133,46,29,46,https://www.twitch.tv/videos/2825239679
84111bbae2be41ea96c8b2f6c755f00c,534,19900,88,58,111,https://www.youtube.com/watch?v=RPON_xLyou4,88,58,111,https://www.youtube.com/watch?v=RPON_xLyou4,0,0,0,,1586,246,195,354,https://www.twitch.tv/videos/2826080213
a6b0f8c8343041f0b1ea96c46ee4e582,534,18290,46,17,69,https://www.youtube.com/watch?v=ltHXHhSCcWk,69,27,69,https://www.youtube.com/watch?v=ltHXHhSCcWk,23,7,23,https://www.youtube.com/watch?v=F2uGPqmC_VY,252,63,34,77,https://www.twitch.tv/videos/2823723827
f1cd5373408f4509b94caed34d4c05e9,534,10778,0,0,0,,0,0,0,,0,0,0,,0,0,0,0,
f072e780d0c84ca08c27020e1f2de365,534,15478,14,6,35,https://www.youtube.com/watch?v=vgzgRKtFrEA,35,11,35,https://www.youtube.com/watch?v=vgzgRKtFrEA,5,1,23,https://www.youtube.com/watch?v=b8BpOfPnNjs,695,48,29,48,https://www.twitch.tv/videos/2824550485
87df5b92303e4410884b8c52ff2c4e0d,530,45102,7,3,31,https://www.youtube.com/watch?v=flBIr5wO2JU,0,0,0,,7,3,31,https://www.youtube.com/watch?v=flBIr5wO2JU,1182,273,171,1085,https://www.twitch.tv/videos/2826457361
100af980504b4bd38c8b2192d1e71b29,529,34485,25,10,922,https://www.youtube.com/watch?v=tFjEKoXywpM,11,9,40,https://www.youtube.com/watch?v=-OL7di5kcMk,922,328,922,https://www.youtube.com/watch?v=tFjEKoXywpM,0,0,0,0,
c6704a4edfef443ba46ba7f0db0c4ff9,528,13971,0,0,0,,0,0,0,,0,0,0,,0,0,0,0,
5cfc673e9de1433096a85e9236895c79,526,15731,0,0,0,,0,0,0,,0,0,0,,0,0,0,0,
780ca962f78b49d580c8a078b0525d25,526,21089,61,12,61,https://www.youtube.com/watch?v=19gNMrZmRzc,61,12,61,https://www.youtube.com/watch?v=19gNMrZmRzc,0,0,0,,0,0,0,0,
9099b86c3fe84a138b0bc1f258bca138,525,22977,37,17,93,https://www.youtube.com/watch?v=_sBd0aba_9Y,37,17,93,https://www.youtube.com/watch?v=_sBd0aba_9Y,0,0,0,,0,0,0,0,
01d150623c984f3d8d7de4b1859afadd,525,10967,0,0,0,,0,0,0,,0,0,0,,0,0,0,0,
ffffcd6d454a4e77a215927a82c460bc,524,123308,1080,340,1768,https://www.youtube.com/watch?v=tncfREJNvl4,0,0,0,,1080,340,1768,https://www.youtube.com/watch?v=tncfREJNvl4,1079,72,46,174,https://www.twitch.tv/videos/2823768166
1e4f8348a36e4ab3abda426f1810513a,523,13817,0,0,0,,0,0,0,,0,0,0,,0,0,0,0,
37e88453b9cb48b1863bc455328b34c1,522,8116,0,0,0,,0,0,0,,0,0,0,,1493,70,56,72,https://www.twitch.tv/videos/2833569750
3f2e41bdee4145f59fa97830ba3f5edb,521,16682,0,0,0,,0,0,0,,0,0,0,,2556,356,256,544,https://www.twitch.tv/videos/2832784343
c232b3088a6e49b997b325d5de9a3013,520,20253,54,27,226,https://www.youtube.com/watch?v=FBUcfA4rTzo,54,27,226,https://www.youtube.com/watch?v=FBUcfA4rTzo,0,0,0,,156,0,0,0,
24a8057dfc374fc9bdfd9b8c813a5e12,519,21486,0,0,0,,0,0,0,,0,0,0,,0,0,0,0,
41ad2f1c78f0406ab5460f38115002d7,519,21781,50,10,51,https://www.youtube.com/watch?v=x7BsE35ahdo,50,10,51,https://www.youtube.com/watch?v=x7BsE35ahdo,0,0,0,,0,0,0,0,
aa182728aa6d44c4ae37caa7cdb8ed29,518,21864,21,5,38,https://www.youtube.com/watch?v=qd3OVxk8ObE,21,5,38,https://www.youtube.com/watch?v=qd3OVxk8ObE,0,0,0,,220,8,6,8,https://www.twitch.tv/videos/2830238363
b0df22881775422093e3e64a63b01a5a,518,62656,73,13,113,https://www.youtube.com/watch?v=MMAXfauDxzo,83,16,113,https://www.youtube.com/watch?v=MMAXfauDxzo,17,7,17,https://www.youtube.com/watch?v=tNgz0uhCP7c,156,0,0,0,
b7b1cb60f1c24c0ea4fb1f506d3e247a,517,14358,0,0,0,,0,0,0,,0,0,0,,1564,189,113,377,https://www.twitch.tv/videos/2819130316
3750eae778e9453eaeee75956a8dabc6,516,8697,0,0,0,,0,0,0,,0,0,0,,2536,293,184,398,https://www.twitch.tv/videos/2832599874
182c265206924dccb716fc21b37486b0,514,8806,0,0,0,,0,0,0,,0,0,0,,0,0,0,0,
e53ab7560fbc44fcba0dc3b7dceff697,514,7999,329,181,600,https://www.youtube.com/watch?v=DYYPfGxQ-6k,199,132,199,https://www.youtube.com/watch?v=b5F-RU1LVkI,464,216,600,https://www.youtube.com/watch?v=DYYPfGxQ-6k,0,0,0,0,
2bffdc20e3cb48de9bf46600f62d248e,514,27070,0,0,0,,0,0,0,,0,0,0,,290,0,0,0,
ffdc53dc3c764656a2f76031ee262b60,513,7292,0,0,0,,0,0,0,,0,0,0,,228,0,0,0,
cd1224f4756340c594f3c36245e9b4d4,513,146290,195,71,237,https://www.youtube.com/watch?v=7X7juDYqeAk,0,0,0,,195,71,237,https://www.youtube.com/watch?v=7X7juDYqeAk,2110,195,156,325,https://www.twitch.tv/videos/2832623962
17a340801a7d4697be53c472c621993d,511,26133,181,64,181,https://www.youtube.com/watch?v=mW--MaXwdPs,0,0,0,,181,64,181,https://www.youtube.com/watch?v=mW--MaXwdPs,792,50,44,50,https://www.twitch.tv/videos/2831176008
cbee87914d63402b825bf74d25333236,509,17673,68,41,73,https://www.youtube.com/watch?v=Yrc1MMkD1Rs,68,41,73,https://www.youtube.com/watch?v=Yrc1MMkD1Rs,0,0,0,,0,0,0,0,
33546b9ad5a8408589405f9467063dd7,508,15750,1456,992,1587,https://www.youtube.com/watch?v=Ud8mhmBrOOs,0,0,0,,1456,992,1587,https://www.youtube.com/watch?v=Ud8mhmBrOOs,3645,115,67,334,https://www.twitch.tv/videos/2815043629
52136fb3529d4f5eb5225ade4209b8b3,507,12152,0,0,0,,0,0,0,,0,0,0,,0,0,0,0,
ce013f56157740e59c7735bd51356260,507,23392,0,0,0,,0,0,0,,0,0,0,,364,0,0,0,
1a95847597f04ae39d6f0d9caba04a5f,507,19412,383,215,383,https://www.youtube.com/watch?v=mjUpx2Dl2VM,0,0,0,,383,215,383,https://www.youtube.com/watch?v=mjUpx2Dl2VM,1575,343,228,404,https://www.twitch.tv/videos/2829326185
423ee3a5dbd549f19893a1823856b8dc,504,72162,0,0,0,,0,0,0,,0,0,0,,488,0,0,0,
323c21f9e49f47d48609f698a3f81fd5,503,6179,31,5,31,https://www.youtube.com/watch?v=aoaB2BlQpBI,31,5,31,https://www.youtube.com/watch?v=aoaB2BlQpBI,0,0,0,,0,0,0,0,
95df3846ff6644429227e9e058994ad8,503,25623,56,21,96,https://www.youtube.com/watch?v=Jio1EJK0cdY,56,21,96,https://www.youtube.com/watch?v=Jio1EJK0cdY,0,0,0,,0,0,0,0,
442edbdb59fe4979a2be3e5183258cf8,502,22792,28,7,47,https://www.youtube.com/watch?v=Xm1ToCwIZ3M,28,7,47,https://www.youtube.com/watch?v=Xm1ToCwIZ3M,0,0,0,,0,0,0,0,
73abc31606db493f971f679dfde4f7e5,502,58623,39,16,1529,https://www.youtube.com/watch?v=2HMnFYaJYws,40,15,54,https://www.youtube.com/watch?v=jHPtIWwRJ8g,36,17,1529,https://www.youtube.com/watch?v=2HMnFYaJYws,84,0,0,0,
87f156d485c047ec9c137894c7452da4,502,6896,0,0,0,,0,0,0,,0,0,0,,495,0,0,0,
c40a4498540d462a89c2391a41aa9f0e,500,18516,1506,838,1506,https://www.youtube.com/watch?v=nSuAnI7pFE0,0,0,0,,1506,838,1506,https://www.youtube.com/watch?v=nSuAnI7pFE0,2398,207,152,291,https://www.twitch.tv/videos/2823762378
8db6aab32c8e45c8a70d0850bfcd3e5c,500,27452,28,10,30,https://www.youtube.com/watch?v=FQ1h_cYF8DU,28,10,30,https://www.youtube.com/watch?v=FQ1h_cYF8DU,0,0,0,,151,0,0,0,
af41302aa9184c2dbc25d2ed16e878fc,500,88752,26,13,137,https://www.youtube.com/watch?v=eUHHlSCzdIg,23,12,137,https://www.youtube.com/watch?v=eUHHlSCzdIg,100,22,100,https://www.youtube.com/watch?v=inDnAix_Fuc,258,0,0,0,
c699beab8e8a4064849c977b67058447,496,21732,0,0,0,,0,0,0,,0,0,0,,1329,275,168,275,https://www.twitch.tv/videos/2824416125
09c9c71c41e24e7d9498ce41a78dae1c,493,13504,0,0,0,,0,0,0,,0,0,0,,463,0,0,0,
54355102572e408183af55831cb98e3a,492,28342,0,0,0,,0,0,0,,0,0,0,,181,0,0,0,
943a063e5df041a08d7a304517e3b420,491,23785,160,61,1713,https://www.youtube.com/watch?v=g8s8FpS66-g,157,50,375,https://www.youtube.com/watch?v=8vI6HMW3AWg,1379,1102,1713,https://www.youtube.com/watch?v=g8s8FpS66-g,0,0,0,0,
aedfb89bad4545379af018f5933bddb7,490,27826,70,27,166,https://www.youtube.com/watch?v=onuwZnN9c2g,70,26,166,https://www.youtube.com/watch?v=onuwZnN9c2g,116,57,116,https://www.youtube.com/watch?v=Ms0Ra3nasfo,26,0,0,0,
0a067d81cfe24b39b770b67ad89b61a7,490,0,0,0,0,,0,0,0,,0,0,0,,0,0,0,0,
533e7b1b50ba448292c09c5845d68eb6,489,9379,0,0,0,,0,0,0,,0,0,0,,268,0,0,0,
ae5ffb6b5338483c91ff1b883d51a3e7,487,2823,0,0,0,,0,0,0,,0,0,0,,0,0,0,0,
e306270e80094416818cfddb33153419,487,18752,0,0,0,,0,0,0,,0,0,0,,0,0,0,0,
1bf9786ba55042b9ae3294dadfc7b40d,486,19509,41,26,42,https://www.youtube.com/watch?v=QhZvem0HOE8,41,26,42,https://www.youtube.com/watch?v=QhZvem0HOE8,0,0,0,,0,0,0,0,
085ed0ddc3294678b9570fdbcf581c64,485,255,0,0,0,,0,0,0,,0,0,0,,31202,821,337,61158,https://www.twitch.tv/videos/2816407141
51f3508054da4987b4e8f659e4d28d1d,485,3100,0,0,0,,0,0,0,,0,0,0,,4942,510,78,1078,https://www.twitch.tv/videos/2818015912
6d1b01658ae74a7f91c7f60b5abe1cb2,484,46930,26,3,64,https://www.youtube.com/watch?v=yh_6VeLQozU,45,13,64,https://www.youtube.com/watch?v=yh_6VeLQozU,11,3,11,https://www.youtube.com/watch?v=JzDo0Bz92d8,0,0,0,0,
6926325d2c1c4c4e87f7be69ab675d53,482,106226,76,27,132,https://www.youtube.com/watch?v=Br8Uiee1K3c,70,25,132,https://www.youtube.com/watch?v=Br8Uiee1K3c,82,45,82,https://www.youtube.com/watch?v=J7WvkeNhLss,0,0,0,0,
91f5b04be2e74f64b03e0774cc275748,482,21065,0,0,0,,0,0,0,,0,0,0,,0,0,0,0,
e41bf48a09d64e4aa3d96064a9a63b08,481,88596,381,324,381,https://www.youtube.com/watch?v=H3ot9cG1bOs,0,0,0,,381,324,381,https://www.youtube.com/watch?v=H3ot9cG1bOs,70,0,0,0,
acb95c574d8444cd80102796e0d56edd,481,66415,0,0,0,,0,0,0,,0,0,0,,220,0,0,0,
7652b3bd3da6418cbf02c85057077b54,480,12379,29,8,88,https://www.youtube.com/watch?v=FwcLPaVvoGc,29,8,88,https://www.youtube.com/watch?v=FwcLPaVvoGc,0,0,0,,278,0,0,0,
6695a7e8f824489881f2c321501a36a6,478,25467,15,6,27,https://www.youtube.com/watch?v=DoJ94Ce8b3o,15,6,27,https://www.youtube.com/watch?v=DoJ94Ce8b3o,0,0,0,,0,0,0,0,
d2da40bb201e49ddbd6a8780bfaf8b63,477,15142,0,0,0,,0,0,0,,0,0,0,,1338,0,0,0,
7677c9c71c0a4decad1472b7ecc604bb,476,6094,0,0,0,,0,0,0,,0,0,0,,488,0,0,0,
09945e9139af4f3a96e6adfd73139d35,476,16642,0,0,0,,0,0,0,,0,0,0,,1608,124,81,360,https://www.twitch.tv/videos/2829516670
88917b370d0041d8be65372342c92523,476,25152,8,5,32,https://www.youtube.com/watch?v=v5AC-7n4K6A,0,0,0,,8,5,32,https://www.youtube.com/watch?v=v5AC-7n4K6A,2102,787,536,862,https://www.twitch.tv/videos/2824536757
037bc9366d5949b0877707007b4b1ed5,475,22757,0,0,0,,0,0,0,,0,0,0,,359,0,0,0,
451162e7f4c041edb3447732eba1937a,473,3227,0,0,0,,0,0,0,,0,0,0,,112,0,0,0,
45d566a561914da0a15a5a21574eb30a,473,7591,39,12,64,https://www.youtube.com/watch?v=_oLT7dzD978,39,12,64,https://www.youtube.com/watch?v=_oLT7dzD978,0,0,0,,0,0,0,0,
38eb53f7de2247f6a93dfec0fe2f0d1e,472,15154,93,50,1589,https://www.youtube.com/watch?v=zIL_9vmCbEc,93,50,297,https://www.youtube.com/watch?v=KwDq5jTuyGE,118,79,1589,https://www.youtube.com/watch?v=zIL_9vmCbEc,0,0,0,0,
c269bafe425f470e957731c454b8925c,472,37689,1375,314,1375,https://www.youtube.com/watch?v=QN877TdENeo,0,0,0,,1375,314,1375,https://www.youtube.com/watch?v=QN877TdENeo,502,0,0,0,
3981c01691a44d708da1191e9546eaad,471,34013,39,16,871,https://www.youtube.com/watch?v=lAUS_y9OQkc,39,15,87,https://www.youtube.com/watch?v=2Vi2YDtKVjE,871,84,871,https://www.youtube.com/watch?v=lAUS_y9OQkc,0,0,0,0,
0c2cb722c6ab4e3890139c922c80d4d8,470,4070,0,0,0,,0,0,0,,0,0,0,,191,0,0,0,
328751d304524e18a74cef810504b219,470,5730,22,20,22,https://www.youtube.com/watch?v=cH7S5msywY0,0,0,0,,22,20,22,https://www.youtube.com/watch?v=cH7S5msywY0,706,463,302,1184,https://www.twitch.tv/videos/2829224008
3513b73ded994bc3a92a70c9632c9856,469,7939,0,0,0,,0,0,0,,0,0,0,,7126,297,159,557,https://www.twitch.tv/videos/2826281132
fb17cff93fa94c8ea8b052f497f27fb4,467,21931,0,0,0,,0,0,0,,0,0,0,,17,0,0,0,
59e3094256344f8c83a3f4355b8b667b,467,0,0,0,0,,0,0,0,,0,0,0,,2603,0,0,0,
23335565d59c404080e9c06f437b011b,467,72602,0,0,0,,0,0,0,,0,0,0,,1142,0,0,0,
294b1c29030244c784387782c0cb6aee,467,13477,0,0,0,,0,0,0,,0,0,0,,0,0,0,0,
8e65ff08f84f46148a79346978db81c8,465,78824,130,72,1111,https://www.youtube.com/watch?v=qaU1_BiwuyQ,125,62,283,https://www.youtube.com/watch?v=3cLOw-EE_FE,154,88,1111,https://www.youtube.com/watch?v=qaU1_BiwuyQ,0,0,0,0,
6166fbac685941a6acf389460de44943,465,44418,77,36,1933,https://www.youtube.com/watch?v=PFQyR1lnzyM,75,25,111,https://www.youtube.com/watch?v=PXHBUwbYyYM,1116,333,1933,https://www.youtube.com/watch?v=PFQyR1lnzyM,0,0,0,0,
7a2ad28d7377465a8721724cfce9ffb5,464,1265,0,0,0,,0,0,0,,0,0,0,,0,0,0,0,
4abb927b8dc049768d63b4a8e229e8cc,464,0,0,0,0,,0,0,0,,0,0,0,,0,0,0,0,
6717d34e87574888848bc45c86bd80e6,463,30969,0,0,0,,0,0,0,,0,0,0,,1268,258,192,564,https://www.twitch.tv/videos/2831841637
2dc29f6b05584c718c60034af9883496,462,103755,0,0,0,,0,0,0,,0,0,0,,0,0,0,0,
30e2594ce7cf4bc3a7e536639b15ff30,461,11255,37,20,63,https://www.youtube.com/watch?v=dYawO5z8Bng,37,20,63,https://www.youtube.com/watch?v=dYawO5z8Bng,0,0,0,,297,79,70,141,https://www.twitch.tv/videos/2826925359
2df2e0bc14fa4450a0d17d294b5a0bc0,461,31971,0,0,0,,0,0,0,,0,0,0,,0,0,0,0,
3b0f8e9ace2b46a087a665d5c10b38dd,460,8118,0,0,0,,0,0,0,,0,0,0,,0,0,0,0,
006c02f11f8b4af28d0a38039f227016,460,0,0,0,0,,0,0,0,,0,0,0,,0,0,0,0,
da165e838dfe49aea3f91457f3825657,458,10566,0,0,0,,0,0,0,,0,0,0,,0,0,0,0,
9189101a4bb740de969b772dde92125a,458,5861,0,0,0,,0,0,0,,0,0,0,,1143,0,0,0,
9e3222bedec44f1a8fecdc237c020cbd,458,138280,0,0,0,,0,0,0,,0,0,0,,328,5,3,10,https://www.twitch.tv/videos/2826060443
a27f33f32dd2414c8c6843f8783a32f0,458,13119,173,58,205,https://www.youtube.com/watch?v=elHQ29c4PTQ,173,58,205,https://www.youtube.com/watch?v=elHQ29c4PTQ,0,0,0,,0,0,0,0,
c822d7ffe24248fdbca2f3b1bdfd1139,457,86582,0,0,0,,0,0,0,,0,0,0,,3011,0,0,0,
d7309b9e82a04c0f809a2deb4de0c155,456,71948,0,0,0,,0,0,0,,0,0,0,,44,0,0,0,
3434e3ca02904364b763c86e75fa6d4a,455,81360,0,0,0,,0,0,0,,0,0,0,,1450,0,0,0,
238b4a68bcde4f3bbf18b0b01f66ec43,455,27963,0,0,0,,0,0,0,,0,0,0,,0,0,0,0,
d017bd7855e547298906060f0e9b442e,455,13220,0,0,0,,0,0,0,,0,0,0,,1512,128,81,158,https://www.twitch.tv/videos/2831019045
508ebe96e7a94e94893609e616086dff,455,111733,1,0,974,https://www.youtube.com/watch?v=oygImmVWkP4,0,0,0,,1,0,974,https://www.youtube.com/watch?v=oygImmVWkP4,561,120,90,342,https://www.twitch.tv/videos/2826970350
a42c38cc7c0b4812b9bc79ab5f2d84f3,454,36315,357,93,1540,https://www.youtube.com/watch?v=B61IFs3rXOo,26,6,33,https://www.youtube.com/watch?v=vZBaUewFDog,549,272,1540,https://www.youtube.com/watch?v=B61IFs3rXOo,0,0,0,0,
7b578956fab14341919193c03ca3ab32,453,11262,27,10,94,https://www.youtube.com/watch?v=zzyuZJe6D3c,27,10,94,https://www.youtube.com/watch?v=zzyuZJe6D3c,0,0,0,,0,0,0,0,
62ca936be6c645a7bf2222b67086800a,453,38184,0,0,0,,0,0,0,,0,0,0,,1133,87,75,108,https://www.twitch.tv/videos/2828651674
f2b0bc3e82024bd3ae1c7cb5fe926829,452,14486,28,8,1512,https://www.youtube.com/watch?v=tL2t6IIlLKM,27,8,46,https://www.youtube.com/watch?v=wLlyy3yKcGM,1018,164,1512,https://www.youtube.com/watch?v=tL2t6IIlLKM,0,0,0,0,
6c9b67b00b3c4940a6af6a6604b0b1fd,451,12329,0,0,0,,0,0,0,,0,0,0,,0,0,0,0,
42ff41f7d6884ae8b93ed46415376d83,451,13070,31,15,37,https://www.youtube.com/watch?v=n7pnFC-2hpM,31,15,37,https://www.youtube.com/watch?v=n7pnFC-2hpM,0,0,0,,0,0,0,0,
3a13b2827ef048859006a3acb74c175a,451,10339,704,471,1111,https://www.youtube.com/watch?v=fgXIELA-3uo,704,471,1111,https://www.youtube.com/watch?v=fgXIELA-3uo,0,0,0,,6400,4281,3364,51261,https://www.twitch.tv/videos/2830961594
74beedbc5f694a2c94fe73545ba4037d,450,24828,53,37,96,https://www.youtube.com/watch?v=OGpkTl6eoQ8,53,37,96,https://www.youtube.com/watch?v=OGpkTl6eoQ8,0,0,0,,233,44,33,44,https://www.twitch.tv/videos/2827862874
40f76b568f384790a1a089bb6619ddb2,450,9786,34,10,52,https://www.youtube.com/watch?v=OfvKN44HNko,34,10,52,https://www.youtube.com/watch?v=OfvKN44HNko,0,0,0,,1189,100,47,189,https://www.twitch.tv/videos/2815518342
5e5a5e77c39148ef8f31ccc1c63fdcd4,448,7967,0,0,0,,0,0,0,,0,0,0,,45,0,0,0,
f16af590d65d4d07bb6603aed00a1a78,447,0,0,0,0,,0,0,0,,0,0,0,,0,0,0,0,
08959069eae342deab6803454669b60e,447,0,0,0,0,,0,0,0,,0,0,0,,0,0,0,0,
c6e955ae1fce48678120bc086a436073,445,21345,0,0,0,,0,0,0,,0,0,0,,0,0,0,0,
6ec876adec524585af913c1585e8df1f,445,9778,0,0,0,,0,0,0,,0,0,0,,1643,0,0,0,
7168995b95ab439aa7cf1f3099d7bd88,444,65397,206,138,867,https://www.youtube.com/watch?v=k9VIUH--YZ4,0,0,0,,206,138,867,https://www.youtube.com/watch?v=k9VIUH--YZ4,3889,0,0,0,
d148768158984ce8b3a8214b1fb3dafc,442,8534,113,68,173,https://www.youtube.com/watch?v=GO55fSJt8DQ,98,53,173,https://www.youtube.com/watch?v=GO55fSJt8DQ,165,156,165,https://www.youtube.com/watch?v=Y9amOPVUV3w,179,0,0,0,
64d9adbc552c487db0cdf42ac3845e18,441,38099,37,5,44,https://www.youtube.com/watch?v=PDjRuL52dXM,37,5,44,https://www.youtube.com/watch?v=PDjRuL52dXM,0,0,0,,70,0,0,0,
d1719d9d50c347efa498bb8644447392,440,0,0,0,0,,0,0,0,,0,0,0,,0,0,0,0,
c92baa46ff4e41c9918ad2427c0853d6,439,24534,0,0,0,,0,0,0,,0,0,0,,4528,159,63,291,https://www.twitch.tv/videos/2813510017
c5ac07b79a304f37b039266446fd4f3b,435,25140,0,0,0,,0,0,0,,0,0,0,,0,0,0,0,
7e8047d78da3487a8e9dd33c67554d30,435,17107,0,0,0,,0,0,0,,0,0,0,,115,9,6,18,https://www.twitch.tv/videos/2825992688
a56567301c734548bad86e8ace7d9140,433,52148,0,0,0,,0,0,0,,0,0,0,,0,0,0,0,
735a3d989210437f9e5b8e7a7ba6d88a,432,20002,68,31,1663,https://www.youtube.com/watch?v=F0g9v_jE0aA,59,26,97,https://www.youtube.com/watch?v=uchzaicHDp0,1460,243,1663,https://www.youtube.com/watch?v=F0g9v_jE0aA,131,0,0,0,
2efb6dc7796c4ce792c196d27af0df87,431,54112,145,52,1619,https://www.youtube.com/watch?v=kNeGl_WZ1c8,41,10,79,https://www.youtube.com/watch?v=LO0zV8H09Ns,750,367,1619,https://www.youtube.com/watch?v=kNeGl_WZ1c8,0,0,0,0,
7c654d42b5f9447ab761a14b9ab42b77,431,2106,0,0,0,,0,0,0,,0,0,0,,266,0,0,0,
7f3411a01ffc45bab4f25f088131bb50,430,4798,40,21,60,https://www.youtube.com/watch?v=Ly2K2a56u2Q,40,21,60,https://www.youtube.com/watch?v=Ly2K2a56u2Q,0,0,0,,0,0,0,0,
0a5bbdc460184f279cb8c7965a1d6098,430,74687,129,76,1456,https://www.youtube.com/watch?v=gRJxp2vRawI,0,0,0,,129,76,1456,https://www.youtube.com/watch?v=gRJxp2vRawI,244,50,36,83,https://www.twitch.tv/videos/2826980348
da3d722ffea34b5b87fbb62c6026cba2,430,13133,0,0,0,,0,0,0,,0,0,0,,141,0,0,0,
5fbf4f6751f24d03a5723670cd500aca,430,11139,0,0,0,,0,0,0,,0,0,0,,765,53,52,182,https://www.twitch.tv/videos/2825203374
9bb20f60d5c440d39eb4f14fbe48a296,430,0,0,0,0,,0,0,0,,0,0,0,,372,0,0,0,
c7400e2934c646e49f7df1816de41360,428,19052,0,0,0,,0,0,0,,0,0,0,,24,0,0,0,
b423123a68df4ac88b2a376ae5fd3b89,427,17074,40,17,94,https://www.youtube.com/watch?v=sgkkab45scE,40,17,94,https://www.youtube.com/watch?v=sgkkab45scE,0,0,0,,0,0,0,0,
502d093ba13d45de84602b54a1dc6e6c,427,21236,74,10,316,https://www.youtube.com/watch?v=Hy9e9NFquzk,259,73,316,https://www.youtube.com/watch?v=Hy9e9NFquzk,16,8,253,https://www.youtube.com/watch?v=ULhvQ29d-qY,171,0,0,0,
5000b613025542c498cd6ab2287865c6,424,2804,0,0,0,,0,0,0,,0,0,0,,3807,588,413,1098,https://www.twitch.tv/videos/2829909578
c79c2ac57f9048eebdc1b9329209e19f,423,0,0,0,0,,0,0,0,,0,0,0,,295,12,6,18,https://www.twitch.tv/videos/2822783173
8eaa819167de4fefb116ee8f88850d85,423,29,0,0,0,,0,0,0,,0,0,0,,153,0,0,0,
f3fe9fb6de2a477fae878a39924c15bd,422,11969,0,0,0,,0,0,0,,0,0,0,,3062,0,0,0,
f0f6694a60de4fb799b3f315abbaf7b6,422,19177,0,0,0,,0,0,0,,0,0,0,,0,0,0,0,
698aa5547b7c4cf793b1411322d1b423,421,353,0,0,0,,0,0,0,,0,0,0,,1904,0,0,0,
8c494e45ce5b462aa744d46bbdc54021,420,86148,0,0,0,,0,0,0,,0,0,0,,269,0,0,0,
4a2df649332047d3b733c88209925f4c,420,8386,0,0,0,,0,0,0,,0,0,0,,1243,0,0,0,
bd119628dae64d45b71b44e0f158f23a,420,4750,0,0,0,,0,0,0,,0,0,0,,3857,0,0,0,
04efe2883aff4fb189084cb815c7c036,419,0,0,0,0,,0,0,0,,0,0,0,,0,0,0,0,
1cddca10dd334373b8f51b3b0ed2efe4,416,26155,1,0,1871,https://www.youtube.com/watch?v=jbXk7Mmfh4k,0,0,0,,1,0,1871,https://www.youtube.com/watch?v=jbXk7Mmfh4k,0,0,0,0,
28c152a7489b4402960bd4bd36b7229b,416,42180,4,1,10,https://www.youtube.com/watch?v=LwdnYNZixeY,0,0,0,,4,1,10,https://www.youtube.com/watch?v=LwdnYNZixeY,222,52,37,60,https://www.twitch.tv/videos/2829466630
7d0d99e77f624bdc934b17212a39a894,415,2034,0,0,0,,0,0,0,,0,0,0,,4167,457,360,786,https://www.twitch.tv/videos/2830261184
a2ca2eb4da5b4df3aa59637e1dbc260b,415,3298,0,0,0,,0,0,0,,0,0,0,,712,0,0,0,
5c70a4710fca4b86ac63d56b0e894284,414,30767,0,0,0,,0,0,0,,0,0,0,,0,0,0,0,
f771e51357eb44d2820afd47aba3b546,412,9938,0,0,0,,0,0,0,,0,0,0,,368,76,59,111,https://www.twitch.tv/videos/2826186468
f0987ff6444945558cd159a508cd823f,411,7323,443,195,843,https://www.youtube.com/watch?v=WqfbOFxVik0,0,0,0,,443,195,843,https://www.youtube.com/watch?v=WqfbOFxVik0,2680,1003,569,1672,https://www.twitch.tv/videos/2825323868
7051e693d03645bda16b3591f06ebd3f,411,20573,0,0,0,,0,0,0,,0,0,0,,0,0,0,0,
7232734df59c4e099205c7685007d8d4,411,84856,7,0,54,https://www.youtube.com/watch?v=XmLDHpoFisI,0,0,0,,7,0,54,https://www.youtube.com/watch?v=XmLDHpoFisI,981,97,70,121,https://www.twitch.tv/videos/2828036802
7d11ed1b02104cf58efd2df6cbc1ef69,410,20667,0,0,0,,0,0,0,,0,0,0,,1190,76,58,91,https://www.twitch.tv/videos/2833572209
26ae367c497f410399b769ded171d29f,410,6402,72,15,84,https://www.youtube.com/watch?v=YjSqb-RUv88,72,15,84,https://www.youtube.com/watch?v=YjSqb-RUv88,0,0,0,,0,0,0,0,
b932ddb915af47ec948b56d4bf901dab,409,8584,133,60,228,https://www.youtube.com/watch?v=dBwukqtcY4U,135,67,228,https://www.youtube.com/watch?v=dBwukqtcY4U,67,19,67,https://www.youtube.com/watch?v=2PNAALOQjLs,0,0,0,0,
d11123a75b874ad2bb120bb237e94c8d,408,2942,0,0,0,,0,0,0,,0,0,0,,4745,0,0,0,
8527ad14c0a348e19d1dc223e0abac20,407,9201,0,0,0,,0,0,0,,0,0,0,,0,0,0,0,
00ddd14a74df4e2488319ea2ce25770c,405,224,0,0,0,,0,0,0,,0,0,0,,1211,0,0,0,
a5fe6adcf3bd42b79475803c56a11832,405,25620,131,92,176,https://www.youtube.com/watch?v=GdbXjeNPf0U,86,64,86,https://www.youtube.com/watch?v=q9rWizCJBkY,176,120,176,https://www.youtube.com/watch?v=GdbXjeNPf0U,68,47,33,65,https://www.twitch.tv/videos/2825225085
3d5a0befb7b042f697f70d5fb3d6ab94,405,11171,0,0,0,,0,0,0,,0,0,0,,0,0,0,0,
cc85e4120c0746b7925c898a963f0747,404,22276,0,0,0,,0,0,0,,0,0,0,,0,0,0,0,
ec198b33036c436591c01ee93976b6a3,402,1546,74,45,128,https://www.youtube.com/watch?v=IIf7CGx6n8M,74,45,128,https://www.youtube.com/watch?v=IIf7CGx6n8M,0,0,0,,0,0,0,0,
52d7a40d46034062ad2fc29b4a2a9198,402,44016,0,0,0,,0,0,0,,0,0,0,,3523,850,386,1429,https://www.twitch.tv/videos/2816413318
4e1dd2ab9e4b4c71bced0c5987cf9be7,401,16661,0,0,0,,0,0,0,,0,0,0,,2923,127,91,157,https://www.twitch.tv/videos/2824524118
f9174719d2a148eea3b406e332e4fcab,399,0,0,0,0,,0,0,0,,0,0,0,,0,0,0,0,
6c166d9128e74147a5c0b1dbf89c885c,399,4545,0,0,0,,0,0,0,,0,0,0,,0,0,0,0,
be45601754a44c568c9f60f7d2847ccb,398,14927,46,24,46,https://www.youtube.com/watch?v=YNGHS-XD6PY,46,24,46,https://www.youtube.com/watch?v=YNGHS-XD6PY,0,0,0,,0,0,0,0,
c5e956bdce614dddbeddfaf6ada4200d,398,20488,23,16,56,https://www.youtube.com/watch?v=dxkr_xr07SI,28,23,56,https://www.youtube.com/watch?v=dxkr_xr07SI,14,6,14,https://www.youtube.com/watch?v=L0thUVPYdqs,0,0,0,0,
d50d9b85f098470c8220cd99de802b17,397,20939,22,5,40,https://www.youtube.com/watch?v=h-yWhsNNB2I,22,5,40,https://www.youtube.com/watch?v=h-yWhsNNB2I,0,0,0,,0,0,0,0,
e63fd2ead17a4b57b256fcd55fe83b0e,396,33909,44,18,337,https://www.youtube.com/watch?v=SDQtFjSCCvQ,44,18,337,https://www.youtube.com/watch?v=SDQtFjSCCvQ,0,0,0,,332,39,27,82,https://www.twitch.tv/videos/2822943451
d3b5f619038a4c488d36aeaeddc0f790,396,7237,0,0,0,,0,0,0,,0,0,0,,0,0,0,0,
b0ec0f1ffbd8426982e7ca40d4b1064b,396,9154,19,4,27,https://www.youtube.com/watch?v=ZRl7tdS_oiw,19,4,27,https://www.youtube.com/watch?v=ZRl7tdS_oiw,0,0,0,,0,0,0,0,
05055e62d34241888df31217ac25e671,396,20807,0,0,0,,0,0,0,,0,0,0,,1568,90,64,207,https://www.twitch.tv/videos/2829296298
836015916a40475bb608e8c6a69b6a09,395,31089,0,0,0,,0,0,0,,0,0,0,,0,0,0,0,
93bf43bc175742cd8c7af6b80687cd84,392,43120,0,0,0,,0,0,0,,0,0,0,,1690,149,111,415,https://www.twitch.tv/videos/2828382995
b386124230514f5fa128ad046e85f12f,392,5771,0,0,0,,0,0,0,,0,0,0,,433,0,0,0,
e802bcea6eb04ce6aa9041aa5e06ceae,392,12164,0,0,0,,0,0,0,,0,0,0,,0,0,0,0,
f46e5ebb899548cab53d24f1901315b0,391,15548,85,42,136,https://www.youtube.com/watch?v=a6Ub55izv9c,85,42,136,https://www.youtube.com/watch?v=a6Ub55izv9c,0,0,0,,141,0,0,0,
21fcf23549a74111bbe31c949245e2cd,391,12681,0,0,0,,0,0,0,,0,0,0,,0,0,0,0,
904217f39af144a9b922beab57e61ae4,390,12451,79,39,434,https://www.youtube.com/watch?v=v7lliDeWS5c,79,39,434,https://www.youtube.com/watch?v=v7lliDeWS5c,0,0,0,,390,101,64,238,https://www.twitch.tv/videos/2823632230
577fdbca86fa4414a153b5ebdcab90d4,389,2088,0,0,0,,0,0,0,,0,0,0,,1952,0,0,0,
fd5a1e004f224586aa65f9c5b374cc4a,388,7598,0,0,0,,0,0,0,,0,0,0,,5384,650,309,1747,https://www.twitch.tv/videos/2823472226
2f32fa150b4b4572bb6dd1a8e8c94ff1,385,12499,59,55,59,https://www.youtube.com/watch?v=RShndspX0GA,0,0,0,,59,55,59,https://www.youtube.com/watch?v=RShndspX0GA,4030,699,315,1081,https://www.twitch.tv/videos/2817588947
b3b24f0ebecc45118f88f12042bd59c8,385,63454,9,4,39,https://www.youtube.com/watch?v=b0Y1ldXwaqE,14,6,39,https://www.youtube.com/watch?v=b0Y1ldXwaqE,5,1,5,https://www.youtube.com/watch?v=b8dQ7b2SnuU,0,0,0,0,
49150fef0c1f4c0e9e18567224a7bf5c,385,5224,60,41,71,https://www.youtube.com/watch?v=Yft0qBVGFjQ,60,41,71,https://www.youtube.com/watch?v=Yft0qBVGFjQ,0,0,0,,0,0,0,0,
e1bc34a2b6ac4d86ad6758cef724e7dc,385,10835,0,0,0,,0,0,0,,0,0,0,,444,480,361,869,https://www.twitch.tv/videos/2827660045
6eac5ce6527b4513bcff4b38d277b5cc,384,33280,124,45,266,https://www.youtube.com/watch?v=-BIkBxwc4cs,0,0,0,,124,45,266,https://www.youtube.com/watch?v=-BIkBxwc4cs,193,0,0,0,
c8cb49db0c6842afa1a9bb8bb2620e8f,384,22242,0,0,0,,0,0,0,,0,0,0,,0,0,0,0,
4e78d5ae75144358a0384df9822c60bc,384,9169,0,0,0,,0,0,0,,0,0,0,,737,370,266,630,https://www.twitch.tv/videos/2828542745
cce33288177341058833d8b4a093b03f,384,28769,37,28,37,https://www.youtube.com/watch?v=2fGN5DvpZf4,37,28,37,https://www.youtube.com/watch?v=2fGN5DvpZf4,0,0,0,,0,0,0,0,
9ee3c9b53c0048329175370a5868300b,384,36472,0,0,0,,0,0,0,,0,0,0,,0,0,0,0,
c11749c10e1941a9adb2a231eee2f2ea,383,9561,0,0,0,,0,0,0,,0,0,0,,313,0,0,0,
20b358775f2c4e7aa0a9f4e5090fe557,382,0,0,0,0,,0,0,0,,0,0,0,,0,0,0,0,
dbf7b5a346e645f7be7d0d19d2193bc5,382,141518,0,0,0,,0,0,0,,0,0,0,,0,0,0,0,
2f7da7d6dbe84301b4ef52240cc05e9b,382,25692,0,0,0,,0,0,0,,0,0,0,,1187,0,0,0,
64e20992295c4be984e9af0a470d6440,379,4740,0,0,0,,0,0,0,,0,0,0,,5401,131,95,171,https://www.twitch.tv/videos/2822169851
670df075e5f9402bbcb6369685838b02,379,13483,17,6,43,https://www.youtube.com/watch?v=B9r3FpqeLGI,18,6,43,https://www.youtube.com/watch?v=B9r3FpqeLGI,3,2,3,https://www.youtube.com/watch?v=2J7hSU3hlco,0,0,0,0,
c97b665a89c34600be01f83eb1f77063,378,11710,0,0,0,,0,0,0,,0,0,0,,0,0,0,0,
a2ceea65ce58431085b1366a0cfe9c61,375,0,0,0,0,,0,0,0,,0,0,0,,0,0,0,0,
1391c9808cd64cecb670a24b210ebc3f,374,0,0,0,0,,0,0,0,,0,0,0,,0,0,0,0,
f9444f6d790344a4a51a301110665229,374,4051,129,107,1511,https://www.youtube.com/watch?v=hDVzTNoPxOw,107,83,172,https://www.youtube.com/watch?v=envFpEOXIAA,498,229,1511,https://www.youtube.com/watch?v=hDVzTNoPxOw,0,0,0,0,
9434be74cca5450789bf73aa4359b542,371,4961,0,0,0,,0,0,0,,0,0,0,,0,0,0,0,
236bfe277b89428dacb6ecc89fdb6ca2,370,0,0,0,0,,0,0,0,,0,0,0,,0,0,0,0,
789a5da3ba8146e9ac10a8814f096b49,370,3294,0,0,0,,0,0,0,,0,0,0,,0,0,0,0,
6d83214d4d964bc9a236f4cbdd8d99e4,369,6918,62,23,206,https://www.youtube.com/watch?v=jN_B3SlNRMo,62,23,206,https://www.youtube.com/watch?v=jN_B3SlNRMo,0,0,0,,48,0,0,0,
012a92dc9c224aa6986c10e635428a7f,368,97859,0,0,0,,0,0,0,,0,0,0,,0,0,0,0,
8013fa67a08945a5b4b976156b6f610f,365,6600,0,0,0,,0,0,0,,0,0,0,,387,0,0,0,
652b28416c394eed93337f121c0dcbf5,365,16522,35,21,78,https://www.youtube.com/watch?v=rZ1KbiJlyKE,35,21,78,https://www.youtube.com/watch?v=rZ1KbiJlyKE,0,0,0,,0,0,0,0,
df7b08cd72224681a63e6e85e0753132,365,49293,0,0,0,,0,0,0,,0,0,0,,189,0,0,0,
e443b9e0c3524137ba2774625c6c78cd,364,8176,0,0,0,,0,0,0,,0,0,0,,718,71,51,81,https://www.twitch.tv/videos/2831877106
a8e0ec03cb0a4e0292228e1a6ed35e6a,363,8438,0,0,0,,0,0,0,,0,0,0,,870,21,15,122,https://www.twitch.tv/videos/2821954942
9be839573d1a4944a93740ca42fa65d4,363,20144,0,0,0,,0,0,0,,0,0,0,,1535,256,234,256,https://www.twitch.tv/videos/2831805936
ae5e1ce2a3074d07818716492277408c,362,2874,0,0,0,,0,0,0,,0,0,0,,1144,0,0,0,
4f8936d4899d4e2c83bf949bc61b2bd2,361,10624,45,13,45,https://www.youtube.com/watch?v=jwTxIxEpt9M,45,13,45,https://www.youtube.com/watch?v=jwTxIxEpt9M,0,0,0,,227,30,25,47,https://www.twitch.tv/videos/2831874059
31888d1a66654eee82d4dd22017db978,361,69796,318,187,2052,https://www.youtube.com/watch?v=_j7Gu7vVKFM,0,0,0,,318,187,2052,https://www.youtube.com/watch?v=_j7Gu7vVKFM,4,0,0,0,
07930a961f0b4078a14f0a57f0a93965,361,28107,28,15,33,https://www.youtube.com/watch?v=yeBlP8g-DHs,28,15,33,https://www.youtube.com/watch?v=yeBlP8g-DHs,0,0,0,,0,0,0,0,
60a64aca51ed4528895fe35b08231670,360,13196,0,0,0,,0,0,0,,0,0,0,,407,0,0,0,
1c096a5610c0459b84c74213c3b30f85,360,31520,0,0,0,,0,0,0,,0,0,0,,213,0,0,0,
682e400513134d0bacfa85513958c64d,359,6791,0,0,0,,0,0,0,,0,0,0,,996,223,167,986,https://www.twitch.tv/videos/2822469279
5f68c9b585ad40c0ada7697c9b7f5055,356,2249,911,845,1218,https://www.youtube.com/watch?v=xmAfrnRNp9Y,0,0,0,,911,845,1218,https://www.youtube.com/watch?v=xmAfrnRNp9Y,7574,862,248,1023,https://www.twitch.tv/videos/2817364041
27a484e8f53a433396e73bea886fa2cb,356,20055,0,0,0,,0,0,0,,0,0,0,,0,0,0,0,
f2f74f42d7e44c2b8c71807abd0967f3,356,94048,0,0,0,,0,0,0,,0,0,0,,3131,710,251,1722,https://www.twitch.tv/videos/2824733109
3a29989f3f71430f88f1535125a1d32c,355,0,0,0,0,,0,0,0,,0,0,0,,0,0,0,0,
7ee1b473a5584a1a85973acfa45e0e1d,354,9846,0,0,0,,0,0,0,,0,0,0,,0,0,0,0,
4fc02db3aab84e6cb526c02405d18c6e,353,17645,0,0,0,,0,0,0,,0,0,0,,147,0,0,0,
db3a6f094c3146c2ab6f2f267337f132,352,10852,209,178,209,https://www.youtube.com/watch?v=7mIBStZJaSE,0,0,0,,209,178,209,https://www.youtube.com/watch?v=7mIBStZJaSE,1385,174,145,370,https://www.twitch.tv/videos/2827789048
3802b3f13284406cb4bc3f775690add5,350,13721,66,28,142,https://www.youtube.com/watch?v=IABP_e9ookE,66,28,142,https://www.youtube.com/watch?v=IABP_e9ookE,0,0,0,,326,171,140,224,https://www.twitch.tv/videos/2823828775
f24626ac0ce34975a3b3fd6d8455f4f7,348,8112,0,0,0,,0,0,0,,0,0,0,,185,0,0,0,
6e56882f3f8e4911b8b67316f1265808,348,84057,0,0,0,,0,0,0,,0,0,0,,164,0,0,0,
aac7be72efc74efe9e77148fd4af7151,345,16293,32,15,37,https://www.youtube.com/watch?v=pSn_CAEQofY,32,15,37,https://www.youtube.com/watch?v=pSn_CAEQofY,0,0,0,,0,0,0,0,
1db7ec043f284eaea0bd2213ecce2bad,343,20091,69,32,123,https://www.youtube.com/watch?v=wXWbYZHBBUM,69,32,123,https://www.youtube.com/watch?v=wXWbYZHBBUM,0,0,0,,0,0,0,0,
513c300c8af04b8a84d18f665b66481f,342,40194,0,0,0,,0,0,0,,0,0,0,,0,0,0,0,
4bc8631382ba4559bca22733663cdad5,342,7458,0,0,0,,0,0,0,,0,0,0,,0,0,0,0,
d334f3b3ba8b4e43bd7b5a237a7b4476,339,45860,57,26,134,https://www.youtube.com/watch?v=uEVufIhD6U0,55,30,134,https://www.youtube.com/watch?v=uEVufIhD6U0,75,9,75,https://www.youtube.com/watch?v=FUsoGot219I,41,0,0,0,
73755322c8e74479864369766f924be1,339,19166,0,0,0,,0,0,0,,0,0,0,,4902,685,612,1205,https://www.twitch.tv/videos/2831882001
985e64cecc24401290c08cb7e2f4ef50,339,13508,33,19,33,https://www.youtube.com/watch?v=xKoce-eCbDY,33,19,33,https://www.youtube.com/watch?v=xKoce-eCbDY,0,0,0,,2070,138,104,256,https://www.twitch.tv/videos/2823662564
9a13461ec0e644ceb6e86381ca41d33a,336,39653,0,0,0,,0,0,0,,0,0,0,,1381,0,0,0,
1af1c5f8526a4396820151df1bff37b7,335,29237,80,24,114,https://www.youtube.com/watch?v=9H_TTNnaozs,80,24,114,https://www.youtube.com/watch?v=9H_TTNnaozs,0,0,0,,0,0,0,0,
d8520b0d7b424141bf19b3254d264960,335,8731,0,0,0,,0,0,0,,0,0,0,,0,0,0,0,
836540821b58433e9e04bea62c49cf2d,335,16630,156,78,332,https://www.youtube.com/watch?v=XweEW2oe4F8,0,0,0,,156,78,332,https://www.youtube.com/watch?v=XweEW2oe4F8,336,0,0,0,
2e05bf5968cf4b3789a1316f5b05d857,335,67071,0,0,0,,0,0,0,,0,0,0,,0,0,0,0,
f6a02208132e4cdeb72d84d1fb487384,335,0,0,0,0,,0,0,0,,0,0,0,,0,0,0,0,
3083d2b8192843958b2852553cb3bc70,333,2773,0,0,0,,0,0,0,,0,0,0,,447,91,56,103,https://www.twitch.tv/videos/2827772682
389bd53524c74c44a32d72279b288b17,332,2898,0,0,0,,0,0,0,,0,0,0,,0,0,0,0,
92b3889a0c304d8fb9eed110bb82c60c,331,17663,0,0,0,,0,0,0,,0,0,0,,0,0,0,0,
5c3ea93753724a63b32071a7a580af7b,331,36701,7,3,47,https://www.youtube.com/watch?v=Az1lM_X9IaE,0,0,0,,7,3,47,https://www.youtube.com/watch?v=Az1lM_X9IaE,1762,16,12,26,https://www.twitch.tv/videos/2828685557
22a21c1a529f4817b8790629d8b4590f,330,62844,104,36,197,https://www.youtube.com/watch?v=JMbkaLbmos8,0,0,0,,104,36,197,https://www.youtube.com/watch?v=JMbkaLbmos8,106,0,0,0,
bf7122f997f04401b0a6938abaded38c,330,19192,42,20,60,https://www.youtube.com/watch?v=Bg1EiYaCzg8,42,20,60,https://www.youtube.com/watch?v=Bg1EiYaCzg8,0,0,0,,0,0,0,0,
0fa0331a92df4a21bc5fc771223c3b3c,329,18511,0,0,0,,0,0,0,,0,0,0,,2226,0,0,0,
5ae7e41f9b9a420d9217a0b2c6755f52,329,3670,0,0,0,,0,0,0,,0,0,0,,0,0,0,0,
876c11fba4af4235857127b9af87093e,329,17190,0,0,0,,0,0,0,,0,0,0,,0,0,0,0,
b6cc2e3d23f34ba8bbeba181d19a714c,329,6644,0,0,0,,0,0,0,,0,0,0,,4643,1061,430,2102,https://www.twitch.tv/videos/2830480063
366df9da61654531a6581169c70a0432,328,0,0,0,0,,0,0,0,,0,0,0,,55,0,0,0,
803435ca691f43a4b02360926fee23d1,328,14601,44,17,71,https://www.youtube.com/watch?v=dktMjk8R2tk,44,19,71,https://www.youtube.com/watch?v=dktMjk8R2tk,22,7,22,https://www.youtube.com/watch?v=2bIbvOYIYB0,1527,94,74,150,https://www.twitch.tv/videos/2828472662
ca4210c7562b479cb3af76082fb70fcd,328,5910,0,0,0,,0,0,0,,0,0,0,,3623,923,404,1165,https://www.twitch.tv/videos/2824468470
c4268d9874b14b3282613fa11102ce4b,327,23776,20,10,70,https://www.youtube.com/watch?v=Rc0i-zqHspI,20,10,70,https://www.youtube.com/watch?v=Rc0i-zqHspI,0,0,0,,375,89,73,158,https://www.twitch.tv/videos/2825440110
85340d14d5654ac3b28b39b007a7dea7,327,17421,33,13,116,https://www.youtube.com/watch?v=OiBdoawJDDk,33,13,116,https://www.youtube.com/watch?v=OiBdoawJDDk,0,0,0,,0,0,0,0,
2af109d54b1c49968b572aa2b59664ab,325,12546,0,0,0,,0,0,0,,0,0,0,,0,0,0,0,
a24116ba22c84747818b7be8cd8eb733,325,14693,7,2,25,https://www.youtube.com/watch?v=OFDYPj5MtQ4,7,2,25,https://www.youtube.com/watch?v=OFDYPj5MtQ4,0,0,0,,360,13,10,17,https://www.twitch.tv/videos/2833503084
46e65e217ca84bbf8d43b67c3e5a9d90,325,23738,1,0,39,https://www.youtube.com/watch?v=ppWRfxYHeww,0,0,0,,1,0,39,https://www.youtube.com/watch?v=ppWRfxYHeww,225,24,13,24,https://www.twitch.tv/videos/2822815285
095d5621db8b44ed914d81f9e1183673,324,12656,37,21,88,https://www.youtube.com/watch?v=-C4Cq9Vu-V4,58,37,88,https://www.youtube.com/watch?v=-C4Cq9Vu-V4,15,4,37,https://www.youtube.com/watch?v=R3-egEhO7bA,26,0,0,0,
0f5e3935971449daa91b654886313110,322,0,0,0,0,,0,0,0,,0,0,0,,2259,0,0,0,
8fe313c8e0704a29a7a387b47c4f938b,322,10759,42,17,58,https://www.youtube.com/watch?v=ZNi5a5IJVjo,42,17,58,https://www.youtube.com/watch?v=ZNi5a5IJVjo,0,0,0,,0,0,0,0,
71f86178cf8545658c5c836c868a3646,322,7003,0,0,0,,0,0,0,,0,0,0,,1388,330,257,767,https://www.twitch.tv/videos/2828604814
cf5fc0cd849841679951b3769979b3a0,322,35142,99,55,286,https://www.youtube.com/watch?v=2XEmWCnhMro,99,55,286,https://www.youtube.com/watch?v=2XEmWCnhMro,0,0,0,,82,41,32,70,https://www.twitch.tv/videos/2827863723
d859857097fe4e9d90a2d840c0e7fca1,322,20628,42,23,42,https://www.youtube.com/watch?v=yvRveWFOdwc,0,0,0,,42,23,42,https://www.youtube.com/watch?v=yvRveWFOdwc,247,36,19,36,https://www.twitch.tv/videos/2822873152
8a8a1d0901c04d568be19e2d8bbc9ca1,321,34230,0,0,0,,0,0,0,,0,0,0,,0,0,0,0,
e32b6351f1684034955171b93b1c5e63,320,0,0,0,0,,0,0,0,,0,0,0,,1811,0,0,0,
ca161c4e0ef54cd4a311705625caf164,320,11554,0,0,0,,0,0,0,,0,0,0,,2219,0,0,0,
12f22a9f1ecf4807a61eee4d628d4bd3,320,4455,0,0,0,,0,0,0,,0,0,0,,0,0,0,0,
82af75b290f44cd8b9a97bc5addaaf58,318,8475,23,21,23,https://www.youtube.com/watch?v=1cRLusZq4m0,23,21,23,https://www.youtube.com/watch?v=1cRLusZq4m0,0,0,0,,138,0,0,0,
e94e1e38a611403192e4db197c2d9d91,317,7055,0,0,0,,0,0,0,,0,0,0,,0,0,0,0,
cbb0ea239d8e4f65a46ada52dfb778e3,316,8790,1,0,1,https://www.youtube.com/watch?v=HeBsfqdfdI8,0,0,0,,1,0,1,https://www.youtube.com/watch?v=HeBsfqdfdI8,472,124,81,221,https://www.twitch.tv/videos/2829329994
7f494e37d17544878977d81e26b13897,316,170,0,0,0,,0,0,0,,0,0,0,,0,0,0,0,
d88c3cbdb65940e69a3feb152dc93d6d,316,1047,0,0,0,,0,0,0,,0,0,0,,475,50,37,65,https://www.twitch.tv/videos/2830995888
3df5dcf41cdb46c7b7de73e502ce4ae1,315,10792,0,0,0,,0,0,0,,0,0,0,,653,0,0,0,
d39563dd7adf452989791068eaf4524e,313,6824,12,2,12,https://www.youtube.com/watch?v=k-uPkhAc2WM,0,0,0,,12,2,12,https://www.youtube.com/watch?v=k-uPkhAc2WM,0,0,0,0,
79f4c64bde584997bf6ad38afd44b51d,312,22563,0,0,0,,0,0,0,,0,0,0,,175,40,20,40,https://www.twitch.tv/videos/2822016318
09db2ab40bc54cae831b5514b68be313,312,0,0,0,0,,0,0,0,,0,0,0,,0,0,0,0,
6391e2693fa6464d83fdf5d136596bb0,311,16454,31,17,99,https://www.youtube.com/watch?v=KhZvFzss9rI,33,17,99,https://www.youtube.com/watch?v=KhZvFzss9rI,25,24,25,https://www.youtube.com/watch?v=O6rEHY4r9tY,0,0,0,0,
9abd60c00f0f412b978a2398b13ac4e8,310,39089,0,0,0,,0,0,0,,0,0,0,,0,0,0,0,
4e4cbcbc0acf410ea5a50e4a6bbafd01,310,4065,0,0,0,,0,0,0,,0,0,0,,2715,1535,1123,1787,https://www.twitch.tv/videos/2824687049
2e7fa2f9a4ba4ca6a0ea1397839aafca,309,11637,16,11,32,https://www.youtube.com/watch?v=bdfanafyuYc,16,11,32,https://www.youtube.com/watch?v=bdfanafyuYc,0,0,0,,0,0,0,0,
0554e298ab8041c19ce07bf0b2c315a0,307,31942,147,75,1168,https://www.youtube.com/watch?v=AFL2FbtEiuo,93,47,163,https://www.youtube.com/watch?v=9tKHsFTwNPE,382,90,1168,https://www.youtube.com/watch?v=AFL2FbtEiuo,0,0,0,0,
b09373e11cc74ed4b58440b9d7368172,307,24599,51,32,138,https://www.youtube.com/watch?v=MKKeOGqd-j8,51,32,138,https://www.youtube.com/watch?v=MKKeOGqd-j8,0,0,0,,0,0,0,0,
57843e9c870647729c2438a7a7077008,306,8552,0,0,0,,0,0,0,,0,0,0,,97,0,0,0,
df6443487ffb4142aea2b053b4aa8db7,306,47807,91,38,598,https://www.youtube.com/watch?v=p3m20bZ77gQ,0,0,0,,91,38,598,https://www.youtube.com/watch?v=p3m20bZ77gQ,1760,237,165,414,https://www.twitch.tv/videos/2831706160
e73e2554e6754cadb0b836bb1fcfdaf7,305,36695,75,43,1330,https://www.youtube.com/watch?v=GD3KNjzLbn8,55,18,142,https://www.youtube.com/watch?v=XI2qcI0QYm8,835,317,1330,https://www.youtube.com/watch?v=GD3KNjzLbn8,53,37,28,37,https://www.twitch.tv/videos/2827880342
4693c4a0f4284a429f353419a3fc547c,305,64122,438,228,1741,https://www.youtube.com/watch?v=Y3ithF1-SbE,0,0,0,,438,228,1741,https://www.youtube.com/watch?v=Y3ithF1-SbE,0,0,0,0,
72ee59fb29644f8b88a4dd3d7e91fe39,304,10502,0,0,0,,0,0,0,,0,0,0,,0,0,0,0,
dfa5fefa546a40d5a677ddfff02ff3e1,302,18346,7,2,10,https://www.youtube.com/watch?v=vxtQG7vk4zE,0,0,0,,7,2,10,https://www.youtube.com/watch?v=vxtQG7vk4zE,787,0,0,0,
1895ef1f232d454aa6c18ca7812c794c,302,4493,211,96,211,https://www.youtube.com/watch?v=_vocruWfKE0,0,0,0,,211,96,211,https://www.youtube.com/watch?v=_vocruWfKE0,23,0,0,0,
a1b415a04d4645399607d4b3bbe00bd7,300,15690,139,79,1883,https://www.youtube.com/watch?v=Zi0UC3jd_g8,114,48,371,https://www.youtube.com/watch?v=YxRQf0SD15o,1085,399,1883,https://www.youtube.com/watch?v=Zi0UC3jd_g8,0,0,0,0,
33cabb57d2454dfdbdf7453c54429940,299,135656,1136,552,1398,https://www.youtube.com/watch?v=-PP5CGBbdXo,63,11,63,https://www.youtube.com/watch?v=beK6VMVqfAk,1188,725,1398,https://www.youtube.com/watch?v=-PP5CGBbdXo,785,267,185,513,https://www.twitch.tv/videos/2829509957
2b1ef81172474b6b8409100be2f30da7,299,4634,0,0,0,,0,0,0,,0,0,0,,2625,0,0,0,
f3757b8d656f48749cada897ce597abc,299,7922,57,46,94,https://www.youtube.com/watch?v=u67sUIzicVw,57,46,94,https://www.youtube.com/watch?v=u67sUIzicVw,0,0,0,,0,0,0,0,
d09b9f800b7940deb1f8a2b58a302f07,299,4272,0,0,0,,0,0,0,,0,0,0,,4256,192,151,460,https://www.twitch.tv/videos/2832876932
a4a9cd639c7546538ee9635b9a14989d,299,16499,0,0,0,,0,0,0,,0,0,0,,0,0,0,0,
09ceaec049b74c6bbe11eca7d4aa3cf6,298,7849,0,0,0,,0,0,0,,0,0,0,,0,0,0,0,
a13421f0201540ecaccd5c207b15c425,298,16817,47,16,47,https://www.youtube.com/watch?v=rUwarpufBOU,0,0,0,,47,16,47,https://www.youtube.com/watch?v=rUwarpufBOU,0,0,0,0,
964a0dde279c45ea85ffc6ad5d266206,298,11144,0,0,0,,0,0,0,,0,0,0,,1095,97,67,133,https://www.twitch.tv/videos/2828629108
8ae87582ab1e4b31bfd38310afda77bd,297,3857,0,0,0,,0,0,0,,0,0,0,,1356,113,78,139,https://www.twitch.tv/videos/2827071734
2d2dc667f7a9488092e67b0475dc3774,296,2814,0,0,0,,0,0,0,,0,0,0,,207,0,0,0,
e773129f910c4bd182f3b702c9ec1b55,294,10380,24,8,35,https://www.youtube.com/watch?v=zjqI2fv6gEI,24,8,35,https://www.youtube.com/watch?v=zjqI2fv6gEI,0,0,0,,0,0,0,0,
04e61f47cdf542c7b5a3b3ae569fc021,294,3042,0,0,0,,0,0,0,,0,0,0,,879,0,0,0,
3e7f5f5e829e4d4baca2a8a5916d60e4,293,3372,0,0,0,,0,0,0,,0,0,0,,2916,973,820,1486,https://www.twitch.tv/videos/2827819468
e1421ddfd4e442b490e2a74656a2838d,293,198,0,0,0,,0,0,0,,0,0,0,,846,0,0,0,
f4935cf7bbb94ae88202ee7ab6d6b92b,293,0,0,0,0,,0,0,0,,0,0,0,,50,0,0,0,
e6373c7f689c44f8971ca0f83c817789,292,1715,12,9,14,https://www.youtube.com/watch?v=NIr3NuyY-Fc,12,9,14,https://www.youtube.com/watch?v=NIr3NuyY-Fc,0,0,0,,226,15,7,30,https://www.twitch.tv/videos/2832444220
479b23215fd84e0387e4f95c8bdfb127,292,117785,0,0,0,,0,0,0,,0,0,0,,0,0,0,0,
05d19eac5d22427f916e6fa59bf17b3b,291,86404,4,1,2317,https://www.youtube.com/watch?v=ln0n7OBqmlA,0,0,0,,4,1,2317,https://www.youtube.com/watch?v=ln0n7OBqmlA,2533,285,214,531,https://www.twitch.tv/videos/2825865951
25619abc5e0d4f79839e48d83234eaf8,289,6594,41,9,55,https://www.youtube.com/watch?v=Twb9lPXZG4o,41,9,55,https://www.youtube.com/watch?v=Twb9lPXZG4o,0,0,0,,754,35,21,49,https://www.twitch.tv/videos/2825362262
8c1fe8acf675446ebb2fd046e6396983,289,33746,1098,309,1393,https://www.youtube.com/watch?v=ydnxRhrJh5M,26,7,33,https://www.youtube.com/watch?v=W3BJyNbtTuc,1325,670,1393,https://www.youtube.com/watch?v=ydnxRhrJh5M,272,20,15,49,https://www.twitch.tv/videos/2828664501
6cdaf0b035d04e3794a5accd5ed8b08f,289,1890,0,0,0,,0,0,0,,0,0,0,,0,0,0,0,
d3a0a421fd184f9fa51856096d01e85b,289,17059,0,0,0,,0,0,0,,0,0,0,,0,0,0,0,
c9f9ff24ef184b29a58c616412f1dbbc,287,5917,40,3,40,https://www.youtube.com/watch?v=kEfI8GiSI88,40,3,40,https://www.youtube.com/watch?v=kEfI8GiSI88,0,0,0,,0,0,0,0,
be1bfb3aafb34118808fd5a5c059ffaf,286,28368,0,0,0,,0,0,0,,0,0,0,,489,0,0,0,
1618171723d84cbe8b57cd69fa6f477f,283,38562,0,0,0,,0,0,0,,0,0,0,,752,0,0,0,
d2e2645a97a14ce4b58a7884c0e6ec56,283,27346,0,0,0,,0,0,0,,0,0,0,,1284,46,33,47,https://www.twitch.tv/videos/2823648430
9ee558b898964252a06e2c423f8d58ad,282,0,0,0,0,,0,0,0,,0,0,0,,0,0,0,0,
5f044942071146cb9ec4b760458a662e,281,0,0,0,0,,0,0,0,,0,0,0,,909,208,149,642,https://www.twitch.tv/videos/2822882043
7badd33c853240e280db61899f381ff2,281,11103,0,0,0,,0,0,0,,0,0,0,,425,0,0,0,
e53a8beabf5c492388d3352d57dc2bf9,280,6258,976,84,1640,https://www.youtube.com/watch?v=Apk0eo0GsfY,534,394,534,https://www.youtube.com/watch?v=f9TNmGw2-BM,1419,52,1640,https://www.youtube.com/watch?v=Apk0eo0GsfY,0,0,0,0,
b7155dea3cdc452e9f77df41ccca17bd,280,1313,0,0,0,,0,0,0,,0,0,0,,487,0,0,0,
4cebb92683d548089e998ec18a484930,280,13402,27,26,27,https://www.youtube.com/watch?v=JFJ0UyZFm2M,27,26,27,https://www.youtube.com/watch?v=JFJ0UyZFm2M,0,0,0,,0,0,0,0,
b3a1f0922f7440f3bb1adbfa7a04bd09,279,8983,0,0,0,,0,0,0,,0,0,0,,1022,0,0,0,
9d5365bf17564326a578781a38b72bea,279,0,0,0,0,,0,0,0,,0,0,0,,0,0,0,0,
bc5f0ae969564d15a5e85bfbe4df3164,279,9329,0,0,0,,0,0,0,,0,0,0,,37,0,0,0,
94ca3090942d4ca38a71b8f1b65c7343,279,17972,0,0,0,,0,0,0,,0,0,0,,176,0,0,0,
6fa20242354646ad8e8feea8d52e514e,278,6780,0,0,0,,0,0,0,,0,0,0,,0,0,0,0,
105f7890339346329ab408f423f617c3,278,16040,0,0,0,,0,0,0,,0,0,0,,4736,1569,541,3978,https://www.twitch.tv/videos/2826092507
f40e7d4c2b8b4ea89a6cd017303ca5c0,278,1611,0,0,0,,0,0,0,,0,0,0,,592,137,109,226,https://www.twitch.tv/videos/2823752256
279a45d6a8f9445389b9b8cdbcb72ae8,277,26073,0,0,0,,0,0,0,,0,0,0,,288,50,30,57,https://www.twitch.tv/videos/2825336380
75eb49d99170441ab784d7bec7378d21,277,11801,34,16,159,https://www.youtube.com/watch?v=PsGQ16uzBRo,34,16,159,https://www.youtube.com/watch?v=PsGQ16uzBRo,0,0,0,,1417,0,0,0,
cabc3ddcf7ad46ef9acb4b0951f9b2ba,274,29775,1,0,3055,https://www.youtube.com/watch?v=h1oKubG1rt0,0,0,0,,1,0,3055,https://www.youtube.com/watch?v=h1oKubG1rt0,1312,166,120,297,https://www.twitch.tv/videos/2831979333
33f8f83054e3473d9c8c5e1a3c8e1008,274,8916,0,0,0,,0,0,0,,0,0,0,,0,0,0,0,
a16471805f7f44f88237b42c79b9f3a2,273,11555,58,47,773,https://www.youtube.com/watch?v=i3wzppIwi5M,0,0,0,,58,47,773,https://www.youtube.com/watch?v=i3wzppIwi5M,0,0,0,0,
67b3f32472774d3191ecfea12f60a990,273,9876,11,9,19,https://www.youtube.com/watch?v=4XY_xFqgsww,11,9,19,https://www.youtube.com/watch?v=4XY_xFqgsww,0,0,0,,119,6,5,7,https://www.twitch.tv/videos/2833615076
ccf55e42124c46ab828b188fc8c4f947,270,53949,277,178,277,https://www.youtube.com/watch?v=b9ekstaWClE,0,0,0,,277,178,277,https://www.youtube.com/watch?v=b9ekstaWClE,809,171,96,269,https://www.twitch.tv/videos/2830257292
a6a155230538488e8488f01160598837,269,17030,0,0,0,,0,0,0,,0,0,0,,0,0,0,0,
de5f8aaf92814bb79eb91adb0efc8f1d,269,14120,11,4,26,https://www.youtube.com/watch?v=x8mRA8h50QE,11,4,26,https://www.youtube.com/watch?v=x8mRA8h50QE,0,0,0,,0,0,0,0,
03e9bea117bd4b5ba189b48f1617d9bb,268,7796,0,0,0,,0,0,0,,0,0,0,,0,0,0,0,
bb0466e52fe240099d8498548b2fad3e,267,15104,0,0,0,,0,0,0,,0,0,0,,77,0,0,0,
fbd0d260a09c47b1a9dcc73fd41e7eca,267,3884,1,0,4,https://www.youtube.com/watch?v=cejSjonwLJA,0,0,0,,1,0,4,https://www.youtube.com/watch?v=cejSjonwLJA,6471,0,0,0,
0d07fb89672446c3b4a1682131f96f7b,266,22695,17,9,29,https://www.youtube.com/watch?v=J8DgpNdVSmA,17,9,29,https://www.youtube.com/watch?v=J8DgpNdVSmA,0,0,0,,0,0,0,0,
9add5efb4665440e8e021a9c3ced6095,265,34723,558,321,2185,https://www.youtube.com/watch?v=yZFV21yv1xY,25,18,25,https://www.youtube.com/watch?v=t__F2dQ-XWM,595,385,2185,https://www.youtube.com/watch?v=yZFV21yv1xY,0,0,0,0,
a76d4171e74448fd9d1a6eaf183be3ff,263,15251,0,0,0,,0,0,0,,0,0,0,,846,0,0,0,
eabec2cff9fb48cdb79965d77a56f47d,263,17383,48,20,1154,https://www.youtube.com/watch?v=Lgh8l9fAcNM,48,18,309,https://www.youtube.com/watch?v=1f_2xjXuNok,765,126,1154,https://www.youtube.com/watch?v=Lgh8l9fAcNM,0,0,0,0,
f7758d944fd8438a86bfe1235c7bcd17,262,15567,13,4,27,https://www.youtube.com/watch?v=9w1-cl09hds,0,0,0,,13,4,27,https://www.youtube.com/watch?v=9w1-cl09hds,627,0,0,0,
1fa9ddce23964bab8edddf7f18dad2f3,262,17108,317,68,317,https://www.youtube.com/watch?v=7KKtgm1ml3U,0,0,0,,317,68,317,https://www.youtube.com/watch?v=7KKtgm1ml3U,1671,140,136,261,https://www.twitch.tv/videos/2831954292
67252692b4f64f509af6eacffdeafdf9,261,27391,47,20,70,https://www.youtube.com/watch?v=ZZXFLu7vTJU,47,20,70,https://www.youtube.com/watch?v=ZZXFLu7vTJU,0,0,0,,0,0,0,0,
0c05eca1975b40b3a0b54d3dfd61055d,258,43808,696,25,1145,https://www.youtube.com/watch?v=k40tayQBM7k,0,0,0,,696,25,1145,https://www.youtube.com/watch?v=k40tayQBM7k,2637,91,69,133,https://www.twitch.tv/videos/2831078372
a3afce163c9341c992f526816d9d5440,256,6366,0,0,0,,0,0,0,,0,0,0,,109,0,0,0,
c91577ba12cd45deb9c8e5c666c290be,255,90697,34,10,121,https://www.youtube.com/watch?v=MbwM6pJj0Uw,34,12,121,https://www.youtube.com/watch?v=MbwM6pJj0Uw,10,5,10,https://www.youtube.com/watch?v=bT4QmSch5sI,0,0,0,0,
15c82034235748649547ada64817a6d1,255,25077,378,89,1102,https://www.youtube.com/watch?v=5TurDRjl0Lc,0,0,0,,378,89,1102,https://www.youtube.com/watch?v=5TurDRjl0Lc,3661,189,156,634,https://www.twitch.tv/videos/2823007955
3a44da0674144e61bff60415cc09a678,255,7495,12,5,17,https://www.youtube.com/watch?v=7owAklQuOxQ,12,5,17,https://www.youtube.com/watch?v=7owAklQuOxQ,0,0,0,,0,0,0,0,
2ff6c25f8e5943d2ac0a6a006f5784c3,255,2458,68,14,68,https://www.youtube.com/watch?v=DF9S962L3ig,0,0,0,,68,14,68,https://www.youtube.com/watch?v=DF9S962L3ig,1594,0,0,0,
7c96bbca1c184d70a39ef2a65a0d788c,255,0,0,0,0,,0,0,0,,0,0,0,,583,0,0,0,
cd0b2f63c88e4b4abd5b83296a5d7866,254,3737,0,0,0,,0,0,0,,0,0,0,,3608,287,159,287,https://www.twitch.tv/videos/2822986677
68fd874932e3457989d88d4f7f474260,254,15126,22,10,1661,https://www.youtube.com/watch?v=7rAfCyn9gG0,21,9,71,https://www.youtube.com/watch?v=R4U50gklswE,1284,656,1661,https://www.youtube.com/watch?v=7rAfCyn9gG0,120,68,51,128,https://www.twitch.tv/videos/2822838858
4fb207a1a5cb4e27a5774b657ae3f0ee,253,21773,50,22,351,https://www.youtube.com/watch?v=jAQ3Vx62B28,50,22,351,https://www.youtube.com/watch?v=jAQ3Vx62B28,0,0,0,,0,0,0,0,
aae348caede446649e2ef8b15536119c,253,7310,150,58,465,https://www.youtube.com/watch?v=0VacHTvQHxg,150,58,245,https://www.youtube.com/watch?v=N9-sCb3cTCk,283,199,465,https://www.youtube.com/watch?v=0VacHTvQHxg,12,0,0,0,
5734f8f1aa53439e84769631937e0dd7,253,0,0,0,0,,0,0,0,,0,0,0,,0,0,0,0,
a3452262e11348c88afea4031b0323a8,253,22081,3,1,12,https://www.youtube.com/watch?v=8p5ymNny0HE,0,0,0,,3,1,12,https://www.youtube.com/watch?v=8p5ymNny0HE,550,121,104,171,https://www.twitch.tv/videos/2829585990
f72fb9eab9a84db5ba139131d59bdd02,251,38834,489,414,489,https://www.youtube.com/watch?v=QQLongLXjUQ,0,0,0,,489,414,489,https://www.youtube.com/watch?v=QQLongLXjUQ,437,92,63,137,https://www.twitch.tv/videos/2831921805
0e516fd1e97a4c58bad3afb6469748d4,249,3406,0,0,0,,0,0,0,,0,0,0,,567,0,0,0,
1e62a729ec51448aa89d22adde18b214,249,45566,57,19,237,https://www.youtube.com/watch?v=7rWHOg-5Abs,11,3,50,https://www.youtube.com/watch?v=izdADDCj4JM,84,41,237,https://www.youtube.com/watch?v=7rWHOg-5Abs,0,0,0,0,
a091320108954092a07650dd8a31a451,248,11590,0,0,0,,0,0,0,,0,0,0,,0,0,0,0,
47cd428eee8640cb80afaa4ef9bb55e0,247,17558,0,0,0,,0,0,0,,0,0,0,,1652,0,0,0,
90a8ac8d7653460298ba85cb7e4d3bc9,246,3335,0,0,0,,0,0,0,,0,0,0,,55,0,0,0,
789a7f5d025349b4ace0925f9e17fdd7,245,879,0,0,0,,0,0,0,,0,0,0,,0,0,0,0,
e9569c3f60c541ab83899c09079feaa2,245,10315,14,14,43,https://www.youtube.com/watch?v=rgQuonuSha4,14,14,43,https://www.youtube.com/watch?v=rgQuonuSha4,0,0,0,,3043,0,0,0,
4bded61728c4482c817c3cc236d0a619,245,19700,0,0,0,,0,0,0,,0,0,0,,1087,0,0,0,
777608b04fa74a42975497f6273ed6f9,244,12485,2,0,3,https://www.youtube.com/watch?v=WiolOeUPvyM,0,0,0,,2,0,3,https://www.youtube.com/watch?v=WiolOeUPvyM,3016,470,387,546,https://www.twitch.tv/videos/2825364564
8edfda91088642ffabf3b24e079eb039,242,11750,106,34,1510,https://www.youtube.com/watch?v=zeskHElxonk,132,40,287,https://www.youtube.com/watch?v=-rgPBJpyb1U,65,29,1510,https://www.youtube.com/watch?v=zeskHElxonk,0,0,0,0,
975ec89d484d499aa1beece0c6731a15,242,11635,0,0,0,,0,0,0,,0,0,0,,0,0,0,0,
3e86fddd8145474691e77ba761a6b2a5,241,37740,146,6,146,https://www.youtube.com/watch?v=OvinSQBlW-k,0,0,0,,146,6,146,https://www.youtube.com/watch?v=OvinSQBlW-k,1050,92,75,123,https://www.twitch.tv/videos/2824561590
1ccf3d7852d34137b9cc70343dcc41bf,241,109931,0,0,0,,0,0,0,,0,0,0,,111,0,0,0,
e7ac18c2e713426692cfd0ef7fe2b897,241,42,0,0,0,,0,0,0,,0,0,0,,149,0,0,0,
5d23e69300534fe6aa678d75573381ea,240,2182,0,0,0,,0,0,0,,0,0,0,,0,0,0,0,
1d9db35aa47c4d2d8bea3fb94afbd1b9,239,9776,44,16,130,https://www.youtube.com/watch?v=KfN-xDHp7yQ,44,16,130,https://www.youtube.com/watch?v=KfN-xDHp7yQ,0,0,0,,0,0,0,0,
5c85ca3ffbfc4ff6b0591c29fc92b7eb,238,5848,0,0,0,,0,0,0,,0,0,0,,0,0,0,0,
dbbb8592c30840c8b00ae8091a684e5c,238,9230,0,0,0,,0,0,0,,0,0,0,,1269,0,0,0,
71da2daf84a546c39399adf6ca44aac1,236,18383,17,7,43,https://www.youtube.com/watch?v=s6BZL-kvB_w,17,7,43,https://www.youtube.com/watch?v=s6BZL-kvB_w,0,0,0,,344,54,49,65,https://www.twitch.tv/videos/2831903757
8ad7e8cd45e040f797cf2f1fa9d68976,235,10616,61,31,178,https://www.youtube.com/watch?v=UP9qL1p8nO8,61,31,178,https://www.youtube.com/watch?v=UP9qL1p8nO8,0,0,0,,0,0,0,0,
d4bd6ed12ee746a8978434ee5b14dd27,235,62580,18,8,1357,https://www.youtube.com/watch?v=RPWmfukqDmc,0,0,0,,18,8,1357,https://www.youtube.com/watch?v=RPWmfukqDmc,556,56,36,78,https://www.twitch.tv/videos/2826142308
d8b5835bc6aa46119cc7ddd4447e780f,234,36250,0,0,0,,0,0,0,,0,0,0,,2018,117,91,361,https://www.twitch.tv/videos/2823504073
1d0201167f5445e8b410a8f311e54133,233,27769,0,0,0,,0,0,0,,0,0,0,,149,0,0,0,
dc27d7819dac471f907e0ace5131580f,233,5761,0,0,0,,0,0,0,,0,0,0,,1476,415,326,769,https://www.twitch.tv/videos/2816740721
d198a42f93d84e9ca061a72243d142cc,232,118046,0,0,0,,0,0,0,,0,0,0,,544,22,7,70,https://www.twitch.tv/videos/2811156375
c274c90379ca4e57a79251976cda3e54,232,8949,0,0,0,,0,0,0,,0,0,0,,318,0,0,0,
25b5885afcdc4430be0d822464ccff91,231,3647,0,0,0,,0,0,0,,0,0,0,,343,27,15,33,https://www.twitch.tv/videos/2825277482
af89613e72874e219c00ab0c89b6c641,231,53236,15,6,24,https://www.youtube.com/watch?v=k17n4jyB8Bw,15,6,24,https://www.youtube.com/watch?v=k17n4jyB8Bw,0,0,0,,11,0,0,0,
42d2b255295b468dafe439394130ae11,230,12397,0,0,0,,0,0,0,,0,0,0,,943,0,0,0,
a7bb915cc1a0474080d7dbf6d245daf4,230,13701,0,0,0,,0,0,0,,0,0,0,,45,0,0,0,
2dfcc511bca64a678926415857b097e9,230,0,0,0,0,,0,0,0,,0,0,0,,0,0,0,0,
bf6401d2159c40a8a616defa8c2c4a66,229,25545,0,0,0,,0,0,0,,0,0,0,,820,0,0,0,
aad41e66df77481baac0825033d81487,227,57625,51,17,1342,https://www.youtube.com/watch?v=hgdXepWslQs,36,9,53,https://www.youtube.com/watch?v=YGsI83QiH0I,1204,347,1342,https://www.youtube.com/watch?v=hgdXepWslQs,0,0,0,0,
fdbcdd7db6b04ed4b2336b1b3da66564,225,20481,0,0,0,,0,0,0,,0,0,0,,384,104,72,263,https://www.twitch.tv/videos/2831991787
af82ee4712aa4d6c9c4100591a8a3163,224,3220,0,0,0,,0,0,0,,0,0,0,,632,0,0,0,
156aba6fe34b4d648a3fd210550963c7,224,1041,0,0,0,,0,0,0,,0,0,0,,92,0,0,0,
63730ec82db64ce5a51464cf24f9a4aa,223,89,0,0,0,,0,0,0,,0,0,0,,386,0,0,0,
7bebabbe96a34368aa03da163e3da313,223,29663,222,6,222,https://www.youtube.com/watch?v=gt8X63YKF_E,222,6,222,https://www.youtube.com/watch?v=gt8X63YKF_E,0,0,0,,0,0,0,0,
98619914a2eb4b07bd6bc0a02066e455,222,5704,0,0,0,,0,0,0,,0,0,0,,1344,473,397,611,https://www.twitch.tv/videos/2831892897
463e3994840145618264d41fa3eaf344,222,13754,38,21,50,https://www.youtube.com/watch?v=rXflrLNuTWw,38,21,50,https://www.youtube.com/watch?v=rXflrLNuTWw,0,0,0,,0,0,0,0,
52d8a731a7634e529ba986ae40ce6526,221,17046,0,0,0,,0,0,0,,0,0,0,,873,300,220,567,https://www.twitch.tv/videos/2832468680
fa4720c840ac4877966044322b79c9ba,221,0,0,0,0,,0,0,0,,0,0,0,,0,0,0,0,
d564dc69725f4258b8b08d8d5df285a8,220,9890,0,0,0,,0,0,0,,0,0,0,,71,0,0,0,
3986345f7cae4fc5ba3b7fd3a8dceba0,219,1025,0,0,0,,0,0,0,,0,0,0,,1204,0,0,0,
d8fa0fb407c043cb9b65ab66c2221e8d,219,70328,1,0,5,https://www.youtube.com/watch?v=APjNgs31tuc,0,0,0,,1,0,5,https://www.youtube.com/watch?v=APjNgs31tuc,2250,38,27,68,https://www.twitch.tv/videos/2822203722
9543391286c44c5e9c9e9ed7ef608f20,217,2894,0,0,0,,0,0,0,,0,0,0,,604,0,0,0,
c56801a52568414ca54724a3c24c3417,216,19904,21,9,21,https://www.youtube.com/watch?v=CETQV6Xjp6c,0,0,0,,21,9,21,https://www.youtube.com/watch?v=CETQV6Xjp6c,2206,191,146,228,https://www.twitch.tv/videos/2828547934
12479712313d4ddda715483e1f93ee9d,214,4480,0,0,0,,0,0,0,,0,0,0,,0,0,0,0,
1e602bc3e53a4fd2a1cd28a053988fbc,214,3548,0,0,0,,0,0,0,,0,0,0,,0,0,0,0,
8814a6eccdd04fa6bf2f8201f12bf8ae,212,3835,0,0,0,,0,0,0,,0,0,0,,344,44,29,44,https://www.twitch.tv/videos/2828631499
3dc59c2e8b424c9e812fb48048ebdef8,212,7327,2,1,991,https://www.youtube.com/watch?v=PVonJ3REz2k,0,0,0,,2,1,991,https://www.youtube.com/watch?v=PVonJ3REz2k,1534,118,76,239,https://www.twitch.tv/videos/2829002265
cfe0c2386d794c229d71c5a6a7e28333,212,15720,2,0,13,https://www.youtube.com/watch?v=GYOj6UH1mD8,0,0,0,,2,0,13,https://www.youtube.com/watch?v=GYOj6UH1mD8,0,0,0,0,
3082cc9c2e124fb3bf77cc799590042e,211,17132,44,9,49,https://www.youtube.com/watch?v=sKrYso4g_bo,44,9,49,https://www.youtube.com/watch?v=sKrYso4g_bo,0,0,0,,0,0,0,0,
54ea240f1bf1471981684464081645e7,210,4076,0,0,0,,0,0,0,,0,0,0,,350,13,11,37,https://www.twitch.tv/videos/2823524173
ad94d8048eb443248e4f2161201a938d,210,3987,90,69,966,https://www.youtube.com/watch?v=W1IZg1Sy6JA,0,0,0,,90,69,966,https://www.youtube.com/watch?v=W1IZg1Sy6JA,16,0,0,0,
de8c5ca15afd4534a822e5a1a9c2784e,210,1445,5,3,6,https://www.youtube.com/watch?v=FMWq0YlQUTU,0,0,0,,5,3,6,https://www.youtube.com/watch?v=FMWq0YlQUTU,2194,94,66,251,https://www.twitch.tv/videos/2828698292
74d00f89697a43e6801463c71fb37172,210,26806,67,29,231,https://www.youtube.com/watch?v=hq1FKorpxr0,67,29,231,https://www.youtube.com/watch?v=hq1FKorpxr0,0,0,0,,72,67,61,177,https://www.twitch.tv/videos/2828496909
47d591738d2449a496e7ce140b539662,209,792,0,0,0,,0,0,0,,0,0,0,,2144,301,232,314,https://www.twitch.tv/videos/2829101017
bed176f79b074789ba4d21c90ca54a9c,209,6424,0,0,0,,0,0,0,,0,0,0,,5449,128,79,190,https://www.twitch.tv/videos/2826166616
a0b5f8b54a534dfcb66154002e97e4cc,208,0,0,0,0,,0,0,0,,0,0,0,,155,0,0,0,
d46a06f4c654403e8b6376f7eda6f6ba,207,10059,68,38,102,https://www.youtube.com/watch?v=9V8patWuVeM,68,38,102,https://www.youtube.com/watch?v=9V8patWuVeM,0,0,0,,0,0,0,0,
14b644d58ff14ef1b491ef3d451e9e06,207,1011,0,0,0,,0,0,0,,0,0,0,,3351,0,0,0,
f1d9ff59d3d74b0ebb4268de53698dbf,207,6362,0,0,0,,0,0,0,,0,0,0,,727,0,0,0,
08d8f03223a54fb3807d49fb7c30b434,206,11045,77,54,152,https://www.youtube.com/watch?v=5UcqIkiJZVQ,77,54,152,https://www.youtube.com/watch?v=5UcqIkiJZVQ,0,0,0,,102,51,31,98,https://www.twitch.tv/videos/2823006605
865ef104e1784d878871c819452a63dd,206,2293,13,11,13,https://www.youtube.com/watch?v=ujEcMQPc9Vg,13,11,13,https://www.youtube.com/watch?v=ujEcMQPc9Vg,0,0,0,,0,0,0,0,
05970b8580b4433d9afb8769568d2276,205,5604,0,0,0,,0,0,0,,0,0,0,,9,0,0,0,
5949eae32b844c9e873474efb19f4e6d,205,6125,0,0,0,,0,0,0,,0,0,0,,0,0,0,0,
a5ced44a2bb74575a9cf9ea48f9ec890,205,8959,0,0,0,,0,0,0,,0,0,0,,0,0,0,0,
699b0baa82d0413aa073155683edcd56,204,7215,1,0,552,https://www.youtube.com/watch?v=yHQ7e1fOQ3k,0,0,0,,1,0,552,https://www.youtube.com/watch?v=yHQ7e1fOQ3k,2208,101,83,168,https://www.twitch.tv/videos/2826983030
cbaa062d8a2443b1b2b1efd92d9bd3bb,204,0,0,0,0,,0,0,0,,0,0,0,,0,0,0,0,
3c9899af7c104ea08eb0baa4ee565076,203,2429,0,0,0,,0,0,0,,0,0,0,,708,82,56,82,https://www.twitch.tv/videos/2826178968
afec285390344f2a966c2c39c1e6984d,200,818,147,138,256,https://www.youtube.com/watch?v=-yKBbJwyWeE,39,30,39,https://www.youtube.com/watch?v=4KpFIqukqXE,256,246,256,https://www.youtube.com/watch?v=-yKBbJwyWeE,0,0,0,0,
03265829bf6d4e1eb09e58b1ec4093bc,198,3942,323,210,1328,https://www.youtube.com/watch?v=PFkFC6ANsag,216,181,477,https://www.youtube.com/watch?v=nIClx9NjCG0,363,213,1328,https://www.youtube.com/watch?v=PFkFC6ANsag,0,0,0,0,
48e968abd77d434db31de0f0bb8d92a1,196,10948,0,0,0,,0,0,0,,0,0,0,,582,36,28,108,https://www.twitch.tv/videos/2823796061
5aca9ae61bba473b96998fee811d155e,195,31927,177,82,1707,https://www.youtube.com/watch?v=hDMW2FK0HvI,32,5,32,https://www.youtube.com/watch?v=uqQN3XuedjM,323,135,1707,https://www.youtube.com/watch?v=hDMW2FK0HvI,0,0,0,0,
bd39e88e6dd24e659b135b7fe96bef5b,193,564,0,0,0,,0,0,0,,0,0,0,,0,0,0,0,
936b7b3d4250469d94b53ebc7e4936f6,193,241784,0,0,0,,0,0,0,,0,0,0,,1197,185,57,353,https://www.twitch.tv/videos/2821401916
f30f6a2e994641b5af169b97f2aad13b,192,6969,0,0,0,,0,0,0,,0,0,0,,552,0,0,0,
26e2e1583d404f48b879375ef74ae33a,191,9000,0,0,0,,0,0,0,,0,0,0,,0,0,0,0,
021eaf7cecfa4416b759fcc310f7b15a,191,8477,0,0,0,,0,0,0,,0,0,0,,224,55,50,55,https://www.twitch.tv/videos/2831701335
ae5f14abe86f4c62a9f6da7f6fa6cdc4,191,4698,60,17,144,https://www.youtube.com/watch?v=rVY3zeifmyU,0,0,0,,60,17,144,https://www.youtube.com/watch?v=rVY3zeifmyU,0,0,0,0,
df079afa77ea4a65baedaaa701936050,191,0,0,0,0,,0,0,0,,0,0,0,,0,0,0,0,
e4348f08ee98429eb6143ecbac088f1a,190,6246,74,49,311,https://www.youtube.com/watch?v=oz8Ul2LhvY4,74,49,311,https://www.youtube.com/watch?v=oz8Ul2LhvY4,0,0,0,,0,0,0,0,
513641895d9a4fbca3b19aeb63d28915,189,8733,1161,760,1161,https://www.youtube.com/watch?v=duIqBA8nuw8,0,0,0,,1161,760,1161,https://www.youtube.com/watch?v=duIqBA8nuw8,1350,420,285,762,https://www.twitch.tv/videos/2825437613
698d1cca0e1f417892c954dabe0aacf8,189,771,0,0,0,,0,0,0,,0,0,0,,2292,0,0,0,
2afd93f378e14e78ad944fa86a84ed98,189,5077,0,0,0,,0,0,0,,0,0,0,,0,0,0,0,
949f184abcc84a82b8e9f333b41a2109,188,10135,5,1,16,https://www.youtube.com/watch?v=pSrDQ42fWsY,0,0,0,,5,1,16,https://www.youtube.com/watch?v=pSrDQ42fWsY,2567,615,215,1169,https://www.twitch.tv/videos/2811239452
47a57b51af1a482ead79df1698db2c70,188,7835,46,5,54,https://www.youtube.com/watch?v=bFgHXMn5Fdc,46,5,54,https://www.youtube.com/watch?v=bFgHXMn5Fdc,0,0,0,,0,0,0,0,
202d7c3df0a0489288ace48e1e81ac9f,186,4638,0,0,0,,0,0,0,,0,0,0,,76,0,0,0,
6d76e6b27f164061a216ec2831bd8dd3,186,0,0,0,0,,0,0,0,,0,0,0,,1208,0,0,0,
25f3eb5a85784e0e9f59f45ae775badd,185,10637,0,0,0,,0,0,0,,0,0,0,,0,0,0,0,
451cf387126b426a89e3db63676c84b0,185,22550,107,39,1823,https://www.youtube.com/watch?v=ABduoOChkb8,76,29,258,https://www.youtube.com/watch?v=0ZlDH8HJZ2s,969,289,1823,https://www.youtube.com/watch?v=ABduoOChkb8,0,0,0,0,
59ea0c3b836c4dee8ba08df9bb73be86,184,0,0,0,0,,0,0,0,,0,0,0,,0,0,0,0,
7a7e366c81d54d03a07cb2c6cb382884,184,6250,0,0,0,,0,0,0,,0,0,0,,0,0,0,0,
0024f8db99514a76bc5d5db1004c9bf4,183,3553,1,0,41,https://www.youtube.com/watch?v=K0KcSlm7YYA,20,8,41,https://www.youtube.com/watch?v=K0KcSlm7YYA,0,0,5,https://www.youtube.com/watch?v=MegH0GzCpL8,466,208,141,707,https://www.twitch.tv/videos/2825133256
a0fd4ae0fdc540c7b0c63d292372412a,182,2493,0,0,0,,0,0,0,,0,0,0,,185,0,0,0,
98c577d538f84d75a3c34e0f9d13c8a3,182,12586,0,0,0,,0,0,0,,0,0,0,,267,30,23,40,https://www.twitch.tv/videos/2824809826
c8bd7c9fcc714269b8092571f2622867,181,481,0,0,0,,0,0,0,,0,0,0,,0,0,0,0,
67dc6d443cff47a4bc6a31a56e8b72f5,177,18807,70,37,188,https://www.youtube.com/watch?v=ZNY324YcAYo,70,37,188,https://www.youtube.com/watch?v=ZNY324YcAYo,0,0,0,,0,0,0,0,
3442df03030941b0933077faf6a75c6a,177,9921,0,0,0,,0,0,0,,0,0,0,,706,97,78,239,https://www.twitch.tv/videos/2833418921
afb9c6f2f93040d0a0227405b9d17bde,176,276423,651,202,1437,https://www.youtube.com/watch?v=wOMhVW023gM,0,0,0,,651,202,1437,https://www.youtube.com/watch?v=wOMhVW023gM,495,90,71,134,https://www.twitch.tv/videos/2832665242
ae2d7595c5b94d0786e2fcd5c8973c06,176,2503,0,0,0,,0,0,0,,0,0,0,,0,0,0,0,
9b9409f309a54c54bf6225f43eae1167,175,6157,0,0,0,,0,0,0,,0,0,0,,2074,185,123,224,https://www.twitch.tv/videos/2826518498
7ee7164af0d645a18422350715a1eef0,175,404,0,0,0,,0,0,0,,0,0,0,,355,0,0,0,
a3bbe09809e141e5b0658a79ba63f977,175,14035,2,0,23,https://www.youtube.com/watch?v=U5zQewEI2s0,0,0,0,,2,0,23,https://www.youtube.com/watch?v=U5zQewEI2s0,406,15,10,24,https://www.twitch.tv/videos/2829461942
64677f13935847cca3e2e6670a89d9a8,175,1646,22,13,57,https://www.youtube.com/watch?v=-y0da2lUsvk,22,13,57,https://www.youtube.com/watch?v=-y0da2lUsvk,0,0,0,,445,21,11,21,https://www.twitch.tv/videos/2822188581
bad9c0bc10404089a32d6b4b8346fc0e,174,87108,29,18,52,https://www.youtube.com/watch?v=Mw7AXyOOYTI,29,18,52,https://www.youtube.com/watch?v=Mw7AXyOOYTI,0,0,0,,0,0,0,0,
ad6455da071543ab88cd4855a11cf39b,174,6560,18,7,22,https://www.youtube.com/watch?v=sepsi7TH1CQ,18,7,22,https://www.youtube.com/watch?v=sepsi7TH1CQ,0,0,0,,0,0,0,0,
68671ee09add4d87b8038acebc5b48a4,174,6680,10,6,1554,https://www.youtube.com/watch?v=OGwozMCkMyo,0,0,0,,10,6,1554,https://www.youtube.com/watch?v=OGwozMCkMyo,1107,198,171,927,https://www.twitch.tv/videos/2824589107
6cdc57bc89cc4b7f9c9d848fd5b0d031,174,25149,0,0,0,,0,0,0,,0,0,0,,0,0,0,0,
591654ee39c147ffaa77a531a81a6eda,174,13731,8,2,50,https://www.youtube.com/watch?v=cib7G8HEOOE,12,2,50,https://www.youtube.com/watch?v=cib7G8HEOOE,3,2,3,https://www.youtube.com/watch?v=I5tMoLV5tOo,706,52,28,61,https://www.twitch.tv/videos/2830273198
844adbe9800c4c52863267075afd2c7f,173,8852,0,0,0,,0,0,0,,0,0,0,,255,0,0,0,
74a8b2325c0c4b158dd12377bff187c8,173,1953,0,0,0,,0,0,0,,0,0,0,,0,0,0,0,
288ba70f1a044c72a65ed9cf3b425d13,172,18557,0,0,0,,0,0,0,,0,0,0,,0,0,0,0,
bb21226dc1db41e294f545133948115b,172,16875,137,70,1273,https://www.youtube.com/watch?v=YyCwyMW_WHo,0,0,0,,137,70,1273,https://www.youtube.com/watch?v=YyCwyMW_WHo,852,0,0,0,
58f233e089ca45c8bc1969b471183766,172,25196,0,0,0,,0,0,0,,0,0,0,,0,0,0,0,
604dc5a26bb54f3d8a69c9df659d23d7,172,6015,0,0,0,,0,0,0,,0,0,0,,807,36,26,86,https://www.twitch.tv/videos/2824509417
c29627e1a48a4ea8b21c858aba1836d0,172,6675,0,0,0,,0,0,0,,0,0,0,,512,135,96,247,https://www.twitch.tv/videos/2831999650
868a7d0a1ef94befa5205a21fb65d7d5,171,2865,0,0,0,,0,0,0,,0,0,0,,4608,419,307,768,https://www.twitch.tv/videos/2831726871
b2ec8ce2ab124618ae1b1af2cd85ce23,171,2837,0,0,0,,0,0,0,,0,0,0,,270,0,0,0,
a91c83dff0c94387aa2c11e597424517,171,11096,0,0,0,,0,0,0,,0,0,0,,266,44,36,64,https://www.twitch.tv/videos/2832671491
b850c220033a4b6d83c9b9b70b04647b,171,3758,0,0,0,,0,0,0,,0,0,0,,198,0,0,0,
56e0088d20b04a059da9932476fc9a5b,170,21260,0,0,0,,0,0,0,,0,0,0,,2552,0,0,0,
cd38e82545b04cb8a3e047fe41f2ba40,170,1349,0,0,0,,0,0,0,,0,0,0,,1067,191,72,406,https://www.twitch.tv/videos/2830139031
d93ec185504e45e2894865980da489a9,169,3129,4,2,14,https://www.youtube.com/watch?v=5Sn4wJGxDAg,0,0,0,,4,2,14,https://www.youtube.com/watch?v=5Sn4wJGxDAg,1806,235,154,258,https://www.twitch.tv/videos/2823701898
0c97b425059d4ac893cae0f804f4ccbc,166,11052,0,0,0,,0,0,0,,0,0,0,,0,0,0,0,
a46ad933ff6f4d0c91cc1069f0329265,166,3494,0,0,0,,0,0,0,,0,0,0,,0,0,0,0,
c08ae8d7412d407c8b233f6e445d081c,166,3476,0,0,8,https://www.youtube.com/watch?v=i6QMbH_VbkA,0,0,0,,0,0,8,https://www.youtube.com/watch?v=i6QMbH_VbkA,735,73,42,109,https://www.twitch.tv/videos/2826561277
fced951d6a344a27b59e422984ead36d,164,31824,0,0,0,,0,0,0,,0,0,0,,0,0,0,0,
1266255bc3ec481abc9d970be9f14f6d,163,0,0,0,0,,0,0,0,,0,0,0,,0,0,0,0,
3475b2087d9a4d799c10bd3ac5f45437,163,941,0,0,0,,0,0,0,,0,0,0,,1192,115,90,204,https://www.twitch.tv/videos/2822212037
0134d1ae91784122b79954c2c8571aef,162,0,0,0,0,,0,0,0,,0,0,0,,388,0,0,0,
f958b1a87ecd4bfab42ba0d1443bfa61,162,10936,20,16,54,https://www.youtube.com/watch?v=PODH6hEhyLc,20,16,54,https://www.youtube.com/watch?v=PODH6hEhyLc,0,0,0,,544,186,170,242,https://www.twitch.tv/videos/2833476103
6481e646412745d3b2fa38255cef0da4,162,7880,0,0,0,,0,0,0,,0,0,0,,591,90,47,90,https://www.twitch.tv/videos/2822213066
fe1731a49d43440391f571347747604c,161,2789,10,0,14,https://www.youtube.com/watch?v=pEROwQ3x40g,0,0,0,,10,0,14,https://www.youtube.com/watch?v=pEROwQ3x40g,1335,369,352,369,https://www.twitch.tv/videos/2832705898
43e078503ebd44ae9f83abc9399647ca,160,29192,417,324,650,https://www.youtube.com/watch?v=K-62hWysDvA,0,0,0,,417,324,650,https://www.youtube.com/watch?v=K-62hWysDvA,7782,737,308,1592,https://www.twitch.tv/videos/2831037993
edfed5b0978a4fb98f94319bfc639d98,160,1225,0,0,0,,0,0,0,,0,0,0,,1180,307,245,547,https://www.twitch.tv/videos/2831620766
06f1c7339e1c47ecb69ea7385f4635a1,160,35309,212,25,212,https://www.youtube.com/watch?v=iAmV0dEFkv4,0,0,0,,212,25,212,https://www.youtube.com/watch?v=iAmV0dEFkv4,485,234,164,375,https://www.twitch.tv/videos/2831887891
4d96aeef13f949e19026682e337db138,160,3376,0,0,0,,0,0,0,,0,0,0,,2634,0,0,0,
46821555a7af41e4aa70fe0fabd8a4f6,159,8795,38,20,38,https://www.youtube.com/watch?v=wDfeUZG7NyA,38,20,38,https://www.youtube.com/watch?v=wDfeUZG7NyA,0,0,0,,668,31,16,44,https://www.twitch.tv/videos/2822274296
67c533576c474a0d9897f62964cef71c,157,4625,0,0,0,,0,0,0,,0,0,0,,336,56,43,89,https://www.twitch.tv/videos/2829320348
3040b4d9d4374815a4e0af0c887a42fc,157,20385,0,0,0,,0,0,0,,0,0,0,,1463,246,135,1240,https://www.twitch.tv/videos/2830419242
dc97af965a4942d281cc7365805233f1,156,3232,0,0,0,,0,0,0,,0,0,0,,68,34,21,40,https://www.twitch.tv/videos/2822808649
a8bee4c680a54cf29b34d90bf7230ab1,155,2799,0,0,0,,0,0,0,,0,0,0,,1896,135,128,135,https://www.twitch.tv/videos/2832649361
6a915915ad2a4d29b524ebd50f2dbbe4,155,1550,0,0,0,,0,0,0,,0,0,0,,1606,0,0,0,
d92c3f9d55fb49e0bc29039b70da5dfb,155,1677,0,0,0,,0,0,0,,0,0,0,,0,0,0,0,
290bbaa329eb45b1a267bfd7e35c3b14,154,0,0,0,0,,0,0,0,,0,0,0,,448,0,0,0,
354734963c7d49588387bbba859a05a2,154,253,0,0,0,,0,0,0,,0,0,0,,0,0,0,0,
41e1aa0eab8d4ec5a4010833581f5b92,151,2785,0,0,0,,0,0,0,,0,0,0,,90,0,0,0,
e6d7ea2833a1477aab8dfa3d4f4936fb,151,4506,0,0,0,,0,0,0,,0,0,0,,1486,143,93,200,https://www.twitch.tv/videos/2826066648
5fdd1d15cf404c918b0f697baff04218,151,38559,1507,884,1507,https://www.youtube.com/watch?v=QOuyU_woIkA,0,0,0,,1507,884,1507,https://www.youtube.com/watch?v=QOuyU_woIkA,2685,441,334,641,https://www.twitch.tv/videos/2829592890
8b1758159f754a3a8d7f26dcf12c008f,150,7118,0,0,0,,0,0,0,,0,0,0,,0,0,0,0,
beed2aaeebc9439895feb2aff3c9e641,149,8552,31,20,1281,https://www.youtube.com/watch?v=NdOfczO76d8,31,15,70,https://www.youtube.com/watch?v=jJgnRX3QBOs,212,183,1281,https://www.youtube.com/watch?v=NdOfczO76d8,0,0,0,0,
eb001c0b038d4833b28c1026e04fdb89,148,11236,0,0,0,,0,0,0,,0,0,0,,1151,403,295,577,https://www.twitch.tv/videos/2831087942
f42472ba115a480ab309612af9ae29cf,148,5382,38,16,67,https://www.youtube.com/watch?v=4UMjrwQFZcQ,38,16,67,https://www.youtube.com/watch?v=4UMjrwQFZcQ,0,0,0,,0,0,0,0,
704fc1f053134276ab03c19687cfcca6,147,0,0,0,0,,0,0,0,,0,0,0,,0,0,0,0,
2f2a88438aee4a5e842f186bcdc05128,147,12426,0,0,0,,0,0,0,,0,0,0,,80,0,0,0,
eab02228a491402a824805ab47174ff4,146,0,0,0,0,,0,0,0,,0,0,0,,0,0,0,0,
98fd913e544f4725afdd28ad05f3e737,146,12323,0,0,0,,0,0,0,,0,0,0,,0,0,0,0,
e739323b76994f8abcca757db52a440d,146,9898,628,478,1217,https://www.youtube.com/watch?v=JxVpWY32oOg,39,2,39,https://www.youtube.com/watch?v=t2KHqA_K4a0,1217,954,1217,https://www.youtube.com/watch?v=JxVpWY32oOg,0,0,0,0,
be4cf0f0dbca4973992d2cb553c1c2bc,146,0,0,0,0,,0,0,0,,0,0,0,,878,0,0,0,
46a16e41f2af4523adeb4556f2e0b0d5,146,3280,0,0,0,,0,0,0,,0,0,0,,8405,0,0,0,
2d3deb7610dd4329ba77597dfdd13043,145,19900,0,0,0,,0,0,0,,0,0,0,,1994,151,92,321,https://www.twitch.tv/videos/2830947107
521d3e3d5e6e410aababfb8f290749b6,145,2519,4,0,5,https://www.youtube.com/watch?v=wLAG06KjOiI,0,0,0,,4,0,5,https://www.youtube.com/watch?v=wLAG06KjOiI,369,0,0,0,
7ccac8385e2d41f69aab04b7f2b23cac,144,5241,0,0,0,,0,0,0,,0,0,0,,1346,0,0,0,
240c765d12ae40ab85e53fb39eb22b03,143,2607,0,0,0,,0,0,0,,0,0,0,,4416,0,0,0,
f55b426f2ceb419d964d1d1bcd3860e9,143,7906,0,0,0,,0,0,0,,0,0,0,,0,0,0,0,
cf100db6a3dc4010b32802b75f5abc14,142,8432,11,5,1235,https://www.youtube.com/watch?v=1PfAOftMSUc,18,9,95,https://www.youtube.com/watch?v=DzaTteSml10,3,1,1235,https://www.youtube.com/watch?v=1PfAOftMSUc,0,0,0,0,
a84b1b6deabc462b9cf994fd02304b5b,142,871,0,0,0,,0,0,0,,0,0,0,,1705,0,0,0,
c8672ebbfe37442788c48d9a8399fc7b,141,25043,0,0,0,,0,0,0,,0,0,0,,918,103,78,152,https://www.twitch.tv/videos/2829591047
eac3578c689d48b493103c11e2b16c5e,141,15981,0,0,0,,0,0,0,,0,0,0,,921,0,0,0,
985e77a95dcc46e38b513ab638c5ed25,141,7927,0,0,0,,0,0,0,,0,0,0,,496,0,0,0,
4ec87ced65c74722927e8fd3f219a653,141,3211,0,0,0,,0,0,0,,0,0,0,,221,0,0,0,
1ea0189fc3ce47fb9461b6cab10d78fe,139,2889,0,0,0,,0,0,0,,0,0,0,,144,0,0,0,
9b6ebeb957fe4fed84a5472b6b3bd13c,139,17052,0,0,0,,0,0,0,,0,0,0,,1219,0,0,0,
135224fe261040639a802804b52f22db,138,0,0,0,0,,0,0,0,,0,0,0,,628,0,0,0,
f314b215c987471888b4477dc4d8bf08,137,0,0,0,0,,0,0,0,,0,0,0,,0,0,0,0,
821713a01e5a4f1787926fb48dbf7302,136,9247,25,12,310,https://www.youtube.com/watch?v=on5qxtZIDDs,25,12,310,https://www.youtube.com/watch?v=on5qxtZIDDs,0,0,0,,0,0,0,0,
061fa27713ec453ebf41c21eb58b7719,135,2148,0,0,0,,0,0,0,,0,0,0,,0,0,0,0,
fd638ba6820241d1b3367afab0c6ab3e,135,9979,0,0,0,,0,0,0,,0,0,0,,0,0,0,0,
a1a4762aa1eb4d95be1c0c7a528a8336,135,9913,0,0,0,,0,0,0,,0,0,0,,1862,115,107,502,https://www.twitch.tv/videos/2827045487
9a7b047b85ae4227af74a0e200c3abc9,134,23395,1727,170,1836,https://www.youtube.com/watch?v=pfzRbbFlLDc,0,0,0,,1727,170,1836,https://www.youtube.com/watch?v=pfzRbbFlLDc,769,40,36,53,https://www.twitch.tv/videos/2833547658
70ab761191014a39b7d090541f785cd2,133,11326,8,1,151,https://www.youtube.com/watch?v=B8cQy4Lvcmg,9,2,130,https://www.youtube.com/watch?v=qVcoMes82MI,5,1,151,https://www.youtube.com/watch?v=B8cQy4Lvcmg,153,28,18,56,https://www.twitch.tv/videos/2832719140
fe1bd62313574733ab86c1a56b7143ab,133,25,25,4,25,https://www.youtube.com/watch?v=GitujlFnzKs,0,0,0,,25,4,25,https://www.youtube.com/watch?v=GitujlFnzKs,1544,0,0,0,
c9e933e250e747f88f8cbf4857ec7f3b,131,134,0,0,0,,0,0,0,,0,0,0,,3034,0,0,0,
2bb0e68d998d4b2bbfc79557a233fb33,130,13778,83,32,392,https://www.youtube.com/watch?v=fduUg8gxDqw,83,32,392,https://www.youtube.com/watch?v=fduUg8gxDqw,0,0,0,,121,20,14,42,https://www.twitch.tv/videos/2831047610
3b7dac5e2bdb4c08a139e18ef7f6f7e5,130,7457,0,0,0,,0,0,0,,0,0,0,,663,38,30,102,https://www.twitch.tv/videos/2829299992
b18dea7632bc49db974a22d6eb6660fb,130,3682,0,0,6,https://www.youtube.com/watch?v=xtsB0_X3OHM,0,0,0,,0,0,6,https://www.youtube.com/watch?v=xtsB0_X3OHM,415,21,18,38,https://www.twitch.tv/videos/2832736945
2928a7d5624e4af8b1331eabae6bda17,130,2707,0,0,0,,0,0,0,,0,0,0,,730,17,12,30,https://www.twitch.tv/videos/2823798524
ff170a57c74545c7977b64a6d82981af,130,16101,39,18,762,https://www.youtube.com/watch?v=VFCE9MJUSEQ,39,17,74,https://www.youtube.com/watch?v=JwNZsQsRGlE,396,189,762,https://www.youtube.com/watch?v=VFCE9MJUSEQ,0,0,0,0,
453db6575b094b388ba2ae38e7ff2c51,129,15486,7,1,10,https://www.youtube.com/watch?v=wShRERtovKc,0,0,0,,7,1,10,https://www.youtube.com/watch?v=wShRERtovKc,694,0,0,0,
06d173cf0b3f4369bcfb4b4270bd59e3,128,368,0,0,0,,0,0,0,,0,0,0,,339,302,272,526,https://www.twitch.tv/videos/2822060194
c85822960da341bb8f5323219b233bd1,128,9003,0,0,0,,0,0,0,,0,0,0,,0,0,0,0,
350b440f9436415c8499526d4c6f3dfd,127,4017,0,0,0,,0,0,0,,0,0,0,,1766,102,87,170,https://www.twitch.tv/videos/2827814187
f09a7c3155a047c98f155434b2634ecf,127,3552,0,0,0,,0,0,0,,0,0,0,,392,0,0,0,
90c230602c7542daa149c6f6edebc7c4,127,1477,0,0,0,,0,0,0,,0,0,0,,0,0,0,0,
577251897dc7463393b68c5b6f96559b,126,7757,0,0,0,,0,0,0,,0,0,0,,723,146,111,179,https://www.twitch.tv/videos/2828763001
6d36ce9cdedb4806ad5c00a3496b9e4f,124,2017,48,25,89,https://www.youtube.com/watch?v=87NB9KcvFQ8,43,21,51,https://www.youtube.com/watch?v=Hs2CfxI2vM8,89,43,89,https://www.youtube.com/watch?v=87NB9KcvFQ8,2132,2364,1777,4871,https://www.twitch.tv/videos/2825870655
822b9b7a9eca49df9bfd617a19b274b0,123,3164,33,6,48,https://www.youtube.com/watch?v=9PfN7dkgazk,33,6,48,https://www.youtube.com/watch?v=9PfN7dkgazk,0,0,0,,0,0,0,0,
09b00ccde152498b808efe7317bd52f0,123,1460,0,0,0,,0,0,0,,0,0,0,,2901,151,124,222,https://www.twitch.tv/videos/2823933816
a1d3d37caa68474288b903f309db32a1,122,9252,13,8,36,https://www.youtube.com/watch?v=dzsfhyRp1n4,13,8,36,https://www.youtube.com/watch?v=dzsfhyRp1n4,0,0,0,,0,0,0,0,
75da31a9fa4e4dafac9e98135bfab373,121,0,0,0,0,,0,0,0,,0,0,0,,0,0,0,0,
8b5d6e9353ba46789fa6a2cfd94f69b2,120,4366,0,0,4,https://www.youtube.com/watch?v=Fk1ZcPPtAZg,0,0,0,,0,0,4,https://www.youtube.com/watch?v=Fk1ZcPPtAZg,131,26,17,28,https://www.twitch.tv/videos/2825073231
f7c5066e776943ef9f277e3f41232272,120,4364,0,0,0,,0,0,0,,0,0,0,,0,0,0,0,
fef1577c0352446c8e371b9fd9e7cc73,120,8861,0,0,0,https://www.youtube.com/watch?v=Gfn8-vkBTr8,0,0,0,,0,0,0,https://www.youtube.com/watch?v=Gfn8-vkBTr8,125,12,7,18,https://www.twitch.tv/videos/2833550341
8064b5c85fc64d10ae3e9d3a4c0dfd8f,118,1181,0,0,0,,0,0,0,,0,0,0,,2734,0,0,0,
6358ea21f673491fab72d62494b2225f,118,3908,0,0,0,,0,0,0,,0,0,0,,630,269,207,434,https://www.twitch.tv/videos/2828521140
5a60a41d2a604bc68368158cd0b1cc12,117,10273,0,0,72,https://www.youtube.com/watch?v=Bf_1Z7f_PXk,0,0,0,,0,0,72,https://www.youtube.com/watch?v=Bf_1Z7f_PXk,657,88,69,99,https://www.twitch.tv/videos/2826392272
16e0b967de004b45b5c10302382ad43e,117,1918,0,0,0,,0,0,0,,0,0,0,,534,178,156,189,https://www.twitch.tv/videos/2833092487
6c66740fc44a4a489e7a67ac93dd274e,117,1476,0,0,0,,0,0,0,,0,0,0,,419,0,0,0,
a2847bd09f954df794fb9289d6a96dae,117,8055,0,0,0,,0,0,0,,0,0,0,,717,103,98,239,https://www.twitch.tv/videos/2829485783
82dcae1da14844ee88960a76041e7c27,116,482,0,0,0,,0,0,0,,0,0,0,,269,0,0,0,
e93b2dd2339a422f8ab3d21c9d95161c,116,2516,0,0,0,,0,0,0,,0,0,0,,516,43,33,137,https://www.twitch.tv/videos/2831712804
063fe3c0ae714b4ea4edaf79bda5dda0,116,520,0,0,0,,0,0,0,,0,0,0,,2089,110,101,114,https://www.twitch.tv/videos/2831100788
1daf23905a3d4aa9a59273e563e33382,116,6623,0,0,0,,0,0,0,,0,0,0,,1812,402,367,524,https://www.twitch.tv/videos/2830916879
b9a09f50375248aebc3d6afdb7f5adf6,115,2065,0,0,0,,0,0,0,,0,0,0,,834,0,0,0,
a2e9afb364e84d48acbdc77441ad17a7,115,12265,1367,386,1707,https://www.youtube.com/watch?v=DV4MDMXniRE,0,0,0,,1367,386,1707,https://www.youtube.com/watch?v=DV4MDMXniRE,541,36,22,41,https://www.twitch.tv/videos/2825364622
8882f2de2e6947e190be5b4f63a4e626,112,0,0,0,0,,0,0,0,,0,0,0,,0,0,0,0,
dd9bf471b0304627877f38daaec5407b,111,667,0,0,0,,0,0,0,,0,0,0,,961,36,33,36,https://www.twitch.tv/videos/2831882796
22f16847ee064b1bafd9bbe15bd31284,110,7332,31,13,31,https://www.youtube.com/watch?v=BYtCyx6gy8I,0,0,0,,31,13,31,https://www.youtube.com/watch?v=BYtCyx6gy8I,713,139,110,153,https://www.twitch.tv/videos/2829359253
12286b61ae55499b8c60101a4625b089,110,0,0,0,0,,0,0,0,,0,0,0,,309,0,0,0,
2af829174cab4262b61b226dd4d5aee5,110,9513,70,52,70,https://www.youtube.com/watch?v=Qw7hHVBEz2Y,0,0,0,,70,52,70,https://www.youtube.com/watch?v=Qw7hHVBEz2Y,18,0,0,0,
f10dc84fab2a41d385c2553b0f1d788b,109,4372,0,0,0,,0,0,0,,0,0,0,,643,81,63,112,https://www.twitch.tv/videos/2832702480
a127ff7335ae467d961641bcf84f1e2f,109,12195,0,0,0,,0,0,0,,0,0,0,,2157,276,241,277,https://www.twitch.tv/videos/2831833282
8868dd9b4d75481397fd841b8ef6c55d,108,2334,0,0,0,,0,0,0,,0,0,0,,13,0,0,0,
77364942d7f24440bbde8efa71c724df,108,6831,0,0,0,,0,0,0,,0,0,0,,642,19,13,72,https://www.twitch.tv/videos/2830342898
4ead521cd6a04a5aa1b2739f252ac9d1,108,694,0,0,0,,0,0,0,,0,0,0,,265,55,35,72,https://www.twitch.tv/videos/2821314668
965ff8a77ab845aaac693d9c7a56f82d,108,7554,0,0,0,,0,0,0,,0,0,0,,684,83,66,124,https://www.twitch.tv/videos/2822868583
c6d0078f1d5e4fd08a459c7eecd85464,105,22891,53,15,106,https://www.youtube.com/watch?v=frJU0l7DOek,53,13,106,https://www.youtube.com/watch?v=frJU0l7DOek,72,17,72,https://www.youtube.com/watch?v=DhRYOs9obZM,0,0,0,0,
65f0266aa5484b4e9f244e856e0d88b3,105,37,0,0,0,,0,0,0,,0,0,0,,413,0,0,0,
1af37b5945cf40019107583a3c6537ea,105,651,0,0,0,,0,0,0,,0,0,0,,2735,297,233,411,https://www.twitch.tv/videos/2830259992
fede6fee793048f1a576cab38a6bd414,104,6294,0,0,0,,0,0,0,,0,0,0,,2328,57,20,115,https://www.twitch.tv/videos/2822145160
ba27c499a50f4cac87e6e5b94da18292,102,2040,0,0,0,,0,0,0,,0,0,0,,1376,434,211,699,https://www.twitch.tv/videos/2818259980
53b98a4bbf49419fb4516525846d4d35,102,498,0,0,0,,0,0,0,,0,0,0,,1810,0,0,0,
ca65749ceff346fd971c24b0461f18d9,102,8288,0,0,0,,0,0,0,,0,0,0,,611,0,0,0,
2d25a18a83af462a8d4062e162017a1a,102,5133,4,0,9,https://www.youtube.com/watch?v=s1xDbu6Gf6s,0,0,0,,4,0,9,https://www.youtube.com/watch?v=s1xDbu6Gf6s,495,0,0,0,
0a9f3befc55d447fbc9fa1e54ba0dd8e,102,0,0,0,0,,0,0,0,,0,0,0,,169,16,13,18,https://www.twitch.tv/videos/2829327258
25ebd185190b42d993d961d7c795b444,100,2730,0,0,0,,0,0,0,,0,0,0,,2324,0,0,0,
c8e7047c84614b1bb8e9f352c7dac95e,100,1139,0,0,0,,0,0,0,,0,0,0,,722,21,18,26,https://www.twitch.tv/videos/2829343865
33ce96c886d341879ce66c4f7892c421,99,58458,8,3,8,https://www.youtube.com/watch?v=QWEaS9THcuU,0,0,0,,8,3,8,https://www.youtube.com/watch?v=QWEaS9THcuU,764,229,156,322,https://www.twitch.tv/videos/2831680321
f35a552c958c4e798cac3bff3f5fff2b,99,680,0,0,0,,0,0,0,,0,0,0,,676,0,0,0,
ef36201df30f43ba9efbd573f9a6d9b7,98,15623,0,0,0,,0,0,0,,0,0,0,,488,96,76,157,https://www.twitch.tv/videos/2823130342
6bb236447ed9412a98c9b2d7c9069e10,98,19395,91,52,2311,https://www.youtube.com/watch?v=BH-xN5by9K4,0,0,0,,91,52,2311,https://www.youtube.com/watch?v=BH-xN5by9K4,2079,71,54,197,https://www.twitch.tv/videos/2827564258
d95abd62958c4081a999660b995d72ce,97,259,131,109,144,https://www.youtube.com/watch?v=6LI09CqjIw0,131,109,144,https://www.youtube.com/watch?v=6LI09CqjIw0,0,0,0,,0,0,0,0,
ede21f904daf4a9b978efe15b0d9a31f,97,10186,0,0,0,,0,0,0,,0,0,0,,1984,171,130,171,https://www.twitch.tv/videos/2827908782
f1a631b2661b45718c7caf5862ddcd68,96,2103,99,42,133,https://www.youtube.com/watch?v=AUADFfxU4KY,99,42,133,https://www.youtube.com/watch?v=AUADFfxU4KY,0,0,0,,22,0,0,0,
7d5666a446d14da29b95ba8ecf3fc4b6,95,12422,50,12,50,https://www.youtube.com/watch?v=HRjlJ_ud5vk,0,0,0,,50,12,50,https://www.youtube.com/watch?v=HRjlJ_ud5vk,0,0,0,0,
67784d7c61af482780ab0558083fcd1e,95,3091,0,0,0,,0,0,0,,0,0,0,,374,19,12,23,https://www.twitch.tv/videos/2822946632
ee77ed51da394f02b72c33756b155eac,94,5127,0,0,0,,0,0,0,,0,0,0,,782,0,0,0,
6b21f41580a64cc7ab15d219a612723b,94,0,0,0,0,,0,0,0,,0,0,0,,4495,0,0,0,
6c8f616ab73c449d8eb8e3888c2c8bfe,93,1461,0,0,0,,0,0,0,,0,0,0,,1514,0,0,0,
7180ef027197417da8c0143be2d45fa2,93,0,0,0,0,,0,0,0,,0,0,0,,632,0,0,0,
f86ec6a459f64e7d8431c69b1d7ec28b,89,2516,15,8,31,https://www.youtube.com/watch?v=OFVHJ9eFbj0,15,8,31,https://www.youtube.com/watch?v=OFVHJ9eFbj0,0,0,0,,122,83,63,161,https://www.twitch.tv/videos/2822978848
9523dedfc79a4f99b18461ff40586307,89,28950,30,19,1761,https://www.youtube.com/watch?v=mT29YdYv80M,24,15,28,https://www.youtube.com/watch?v=3_69aVs9v0g,372,48,1761,https://www.youtube.com/watch?v=mT29YdYv80M,0,0,0,0,
34e73d1959694451b938ff53d98f9cec,88,740,0,0,0,,0,0,0,,0,0,0,,371,0,0,0,
39ff9dd2c91841b6b8c719d71b7bdb11,88,8735,121,36,1307,https://www.youtube.com/watch?v=qoRhpTLeIys,0,0,0,,121,36,1307,https://www.youtube.com/watch?v=qoRhpTLeIys,400,137,135,325,https://www.twitch.tv/videos/2826753816
32ae564b306c42cab2e1a4a8a9d6adfe,85,1072,0,0,0,,0,0,0,,0,0,0,,1268,0,0,0,
904e3c91b4e1427f9b2d69f69aa3b13c,85,14051,23,12,23,https://www.youtube.com/watch?v=FmUPZn6Sg2w,23,12,23,https://www.youtube.com/watch?v=FmUPZn6Sg2w,0,0,0,,0,0,0,0,
a5be52423e2f46b8bbad4a56c7f1d5e5,85,5144,14,5,3416,https://www.youtube.com/watch?v=NZuV_Qpy08c,0,0,0,,14,5,3416,https://www.youtube.com/watch?v=NZuV_Qpy08c,1458,262,219,372,https://www.twitch.tv/videos/2827792732
9f9bfcbf980b43bcb00c03261439d18d,85,1697,52,34,52,https://www.youtube.com/watch?v=gvVgy-X9zJI,52,34,52,https://www.youtube.com/watch?v=gvVgy-X9zJI,0,0,0,,48,0,0,0,
359d60ab5abb445a8477a50781acc050,84,11988,1614,548,1772,https://www.youtube.com/watch?v=U40dfWuVcf0,0,0,0,,1614,548,1772,https://www.youtube.com/watch?v=U40dfWuVcf0,0,0,0,0,
c441bf25222246ac8f1a67477d047520,82,0,0,0,0,,0,0,0,,0,0,0,,0,0,0,0,
4c3e3e5338ae44feae581bbdffa8b811,81,11705,0,0,0,,0,0,0,,0,0,0,,216,0,0,0,
12ece01ae7004e9195e79309f0cdae40,81,381,70,53,70,https://www.youtube.com/watch?v=nUEs4FskHf0,0,0,0,,70,53,70,https://www.youtube.com/watch?v=nUEs4FskHf0,2550,0,0,0,
16dba95f038f4b5ca6d3599c80ebe118,81,1441,0,0,0,,0,0,0,,0,0,0,,0,0,0,0,
6bf231719d5e485fa0cdee99905858d4,79,1744,0,0,0,,0,0,0,,0,0,0,,789,114,90,351,https://www.twitch.tv/videos/2829668136
a7c42dc3d080425b9e979100a59d955c,77,4481,0,0,0,,0,0,0,,0,0,0,,308,0,0,0,
07e7b5801c93482daf6a6259ec569e43,77,451,0,0,0,,0,0,0,,0,0,0,,319,0,0,0,
3fd5cac9e94144ad9a298e46c5472792,77,1696,0,0,0,,0,0,0,,0,0,0,,0,0,0,0,
188108fa6e2e41afb060e4038e49d4ab,75,2556,0,0,0,,0,0,0,,0,0,0,,707,0,0,0,
6a2bad0b742447bf9912a97eaac17ced,75,24581,1063,692,1281,https://www.youtube.com/watch?v=N-mNl23ua-8,0,0,0,,1063,692,1281,https://www.youtube.com/watch?v=N-mNl23ua-8,0,0,0,0,
105bfceb9747425eb58622b6ebccf920,75,1045,0,0,0,,0,0,0,,0,0,0,,360,0,0,0,
ce1d3cace1cf4ec799c8846c8c2a6d48,74,247,0,0,0,,0,0,0,,0,0,0,,2525,411,251,2404,https://www.twitch.tv/videos/2818624387
5718a7998f6249eeba0bf087da51c1c0,74,24751,1453,842,1462,https://www.youtube.com/watch?v=To1108XqLZw,0,0,0,,1453,842,1462,https://www.youtube.com/watch?v=To1108XqLZw,698,77,56,166,https://www.twitch.tv/videos/2824485598
1ef73c1e25b04bce98a9a5e475826d57,74,0,0,0,0,,0,0,0,,0,0,0,,0,0,0,0,
eff26caff6bd4720957cefaf8f6fc87a,73,5854,0,0,0,,0,0,0,,0,0,0,,1277,282,206,446,https://www.twitch.tv/videos/2831056090
889b2fb6c9ea47a99834061b47251a4b,73,2988,3,2,69,https://www.youtube.com/watch?v=hAa6XyzEbWc,0,0,0,,3,2,69,https://www.youtube.com/watch?v=hAa6XyzEbWc,460,114,73,181,https://www.twitch.tv/videos/2831830101
b26f99bf43154619ba4d4a588a9da3ce,73,19385,479,308,1749,https://www.youtube.com/watch?v=vNEwQCV8Kg0,0,0,0,,479,308,1749,https://www.youtube.com/watch?v=vNEwQCV8Kg0,0,0,0,0,
28e6f7c12a3b45899e7508058f926af9,73,12698,128,52,128,https://www.youtube.com/watch?v=TbFhVrZxlew,0,0,0,,128,52,128,https://www.youtube.com/watch?v=TbFhVrZxlew,1612,60,21,131,https://www.twitch.tv/videos/2816452278
51fc95cfca444f03abe9a50acf8f85e6,70,3846,1,0,248,https://www.youtube.com/watch?v=CQ2oQE5i1jM,0,0,0,,1,0,248,https://www.youtube.com/watch?v=CQ2oQE5i1jM,1618,210,125,1200,https://www.twitch.tv/videos/2811480479
889b220891694985b7373aa2732a0263,69,8460,18,9,29,https://www.youtube.com/watch?v=pPmCGnc6kE0,18,9,29,https://www.youtube.com/watch?v=pPmCGnc6kE0,0,0,0,,576,63,37,133,https://www.twitch.tv/videos/2829553705
2c2db11a23aa43298ab96e60a20692d7,67,1619,0,0,0,,0,0,0,,0,0,0,,1472,0,0,0,
b2d32948347e4c6c9afa8f813e626aae,67,6188,34,28,34,https://www.youtube.com/watch?v=Cpdodytjou8,34,28,34,https://www.youtube.com/watch?v=Cpdodytjou8,0,0,0,,0,0,0,0,
82ceab659cbe441fb2f6555fdcacad6c,66,1084,0,0,0,,0,0,0,,0,0,0,,0,0,0,0,
d6a769b7bf6b49f08adf3e1136d86c7e,66,17374,0,0,0,,0,0,0,,0,0,0,,948,114,88,136,https://www.twitch.tv/videos/2825252055
4eb87102a0f44516a6ed011faeeff00d,66,0,0,0,0,,0,0,0,,0,0,0,,1559,52,28,107,https://www.twitch.tv/videos/2831780551
fd1f154909d743129d5d6f58813bf231,66,4015,0,0,0,,0,0,0,,0,0,0,,0,0,0,0,
43d785b8082f43138988dacd0236bb67,66,0,0,0,0,,0,0,0,,0,0,0,,432,0,0,0,
4d8e2a0b44bc475da5d9688b668c782d,66,199,0,0,0,,0,0,0,,0,0,0,,274,0,0,0,
94bda3c948ac4e74ad5c3592c1d284ac,65,798,0,0,0,,0,0,0,,0,0,0,,132,0,0,0,
061fb9c63b7e45bb85ea7e6bd4fe3745,65,4283,0,0,0,,0,0,0,,0,0,0,,219,36,29,36,https://www.twitch.tv/videos/2829304435
1645f4035c9b42019c61d630fc75d5e0,65,864,0,0,0,,0,0,0,,0,0,0,,94,0,0,0,
c7f53f2fbdbe4db488629ab4d738a16a,65,4600,1,0,13,https://www.youtube.com/watch?v=Do5vvp0qELU,0,0,0,,1,0,13,https://www.youtube.com/watch?v=Do5vvp0qELU,761,70,46,161,https://www.twitch.tv/videos/2826102199
fae9210539d44a39a2a275b8d53cae37,64,13672,20,14,840,https://www.youtube.com/watch?v=pj2A_o2d5LU,14,6,51,https://www.youtube.com/watch?v=TTvzCRyGet4,432,121,840,https://www.youtube.com/watch?v=pj2A_o2d5LU,141,117,87,156,https://www.twitch.tv/videos/2828631266
45850b41e06641ef9dc11aa3d94c9738,63,2901,0,0,0,,0,0,0,,0,0,0,,0,0,0,0,
e2448cc1f0df41b08247cb7a51119a67,63,702,0,0,0,,0,0,0,,0,0,0,,700,0,0,0,
78b333b99eb242ad96a8ee82275a0e98,62,11737,9,4,9,https://www.youtube.com/watch?v=m1W-AF_FrM4,0,0,0,,9,4,9,https://www.youtube.com/watch?v=m1W-AF_FrM4,0,0,0,0,
8723ccecdfd84d92b1de24f9d6a86bcc,62,4606,190,27,328,https://www.youtube.com/watch?v=9r3FrtKl4X8,0,0,0,,190,27,328,https://www.youtube.com/watch?v=9r3FrtKl4X8,3455,385,263,1031,https://www.twitch.tv/videos/2827752374
e3b9c06f64d84a0dabb3e97c0caacaca,61,17578,13,3,67,https://www.youtube.com/watch?v=ycuwBBt51aw,0,0,0,,13,3,67,https://www.youtube.com/watch?v=ycuwBBt51aw,0,0,0,0,
f9d27b07ff84433b8397b0587f339e27,61,9519,0,0,0,,0,0,0,,0,0,0,,200,46,17,90,https://www.twitch.tv/videos/2818214348
a9ada11d61114319885597db6a0725fb,61,321,0,0,0,,0,0,0,,0,0,0,,652,204,198,204,https://www.twitch.tv/videos/2833231274
4e5a8a6380764f9b9f28732968e4aac8,59,3288,366,203,1599,https://www.youtube.com/watch?v=7XSah4TpAlM,0,0,0,,366,203,1599,https://www.youtube.com/watch?v=7XSah4TpAlM,545,75,44,201,https://www.twitch.tv/videos/2828493221
ef13ede8525d49339887c3bf54b08acc,59,1314,8,5,12,https://www.youtube.com/watch?v=BluJ1hbmQ1U,8,5,12,https://www.youtube.com/watch?v=BluJ1hbmQ1U,0,0,0,,47,30,23,45,https://www.twitch.tv/videos/2829454482
a73103b226f34098bb5d4cd00b86d2f6,59,2154,0,0,0,,0,0,0,,0,0,0,,250,0,0,0,
5d27ac4b9342450990a299e95818bbb0,59,2618,0,0,0,,0,0,0,,0,0,0,,0,0,0,0,
359bb9450c49401da7b002980d4f97df,58,227,0,0,0,,0,0,0,,0,0,0,,984,0,0,0,
130a4d6105464e518a8a3eed336b4101,57,677,0,0,0,,0,0,0,,0,0,0,,996,13,7,23,https://www.twitch.tv/videos/2823003275
e4488c7dece84f7580bc0ab130222e08,56,7238,0,0,0,,0,0,0,,0,0,0,,942,232,131,405,https://www.twitch.tv/videos/2823232660
a0e7c7e7702b4e81a5fecc4090814236,55,17908,6,3,26,https://www.youtube.com/watch?v=mTWOWdeqodI,0,0,0,,6,3,26,https://www.youtube.com/watch?v=mTWOWdeqodI,250,340,261,441,https://www.twitch.tv/videos/2831072962
b3e0bc9dd06f4774b492e6d50dd92be2,54,87,0,0,0,,0,0,0,,0,0,0,,261,0,0,0,
50c6983298d84cbeac8e6376349e672b,54,1057,18,10,376,https://www.youtube.com/watch?v=9scdTt4GW28,5,4,14,https://www.youtube.com/watch?v=Lbj1oHWoNsI,28,14,376,https://www.youtube.com/watch?v=9scdTt4GW28,2,0,0,0,
f8e4654549304ea9933e02c2dcf48aae,52,0,0,0,0,,0,0,0,,0,0,0,,563,0,0,0,
c06b6f1eb79d41ecb17aaaf80e035daa,52,0,0,0,0,,0,0,0,,0,0,0,,2235,564,436,1263,https://www.twitch.tv/videos/2825352030
68c50e424b2148478c74effaacfdeae3,52,759,0,0,0,,0,0,0,,0,0,0,,293,0,0,0,
591a7323f0134cf2929e75d959f21f68,52,75,0,0,2,https://www.youtube.com/watch?v=FrLMDgfdUNI,0,0,2,https://www.youtube.com/watch?v=FrLMDgfdUNI,0,0,0,,1282,160,156,357,https://www.twitch.tv/videos/2832544335
2a25c205cc374cbeb8c8ccfe988ec9cc,51,795,0,0,0,,0,0,0,,0,0,0,,1508,159,120,244,https://www.twitch.tv/videos/2831102991
895701631707493e8c7edf4af21615be,51,792,99,15,219,https://www.youtube.com/watch?v=jY_D3gXyx-k,50,15,148,https://www.youtube.com/watch?v=cJpiYdMAiAA,219,19,219,https://www.youtube.com/watch?v=jY_D3gXyx-k,0,0,0,0,
9e121751e3774a15bdf9ccfab7eb7faf,50,493,0,0,0,,0,0,0,,0,0,0,,1151,135,109,253,https://www.twitch.tv/videos/2829292592
74acc3b3c4db41d2a13cce887ad2a856,50,3244,0,0,0,,0,0,0,,0,0,0,,1476,0,0,0,
f5f22d1a091143798bfc7fac1211183c,49,691,0,0,0,,0,0,0,,0,0,0,,135,28,20,46,https://www.twitch.tv/videos/2831103355
0ddb6eca94604d4da0665e90fbbe366f,48,1212,13,12,13,https://www.youtube.com/watch?v=BFHzpFSjanM,0,0,0,,13,12,13,https://www.youtube.com/watch?v=BFHzpFSjanM,154,27,14,40,https://www.twitch.tv/videos/2822102330
676db89cb8a9483486442231b615b46f,48,8451,8,5,21,https://www.youtube.com/watch?v=9F3lRC9Xo5o,10,6,21,https://www.youtube.com/watch?v=9F3lRC9Xo5o,1,0,1,https://www.youtube.com/watch?v=1-dfYtKk9VE,151,23,18,105,https://www.twitch.tv/videos/2830020987
3691abedd6a7487d9995943b3df5c843,48,0,0,0,0,,0,0,0,,0,0,0,,248,0,0,0,
bd8b9130e88a44c98f1bdcbed402ae01,48,632,0,0,0,,0,0,0,,0,0,0,,0,0,0,0,
255a5e79f9d14e6492d741b95f78cb7c,48,1132,0,0,0,,0,0,0,,0,0,0,,2249,0,0,0,
80692e12416048be8396526bdb9c3040,48,1731,0,0,0,,0,0,0,,0,0,0,,520,0,0,0,
3098e045fa844093a3731b19665e9462,47,428,0,0,0,,0,0,0,,0,0,0,,757,0,0,0,
07b6c0dad3114eca9e903fd5725cc4e8,47,305,0,0,0,,0,0,0,,0,0,0,,215,74,48,142,https://www.twitch.tv/videos/2823624069
d9f302ca07b54664a88124d64442abac,47,8074,39,7,39,https://www.youtube.com/watch?v=vYKmJaWNQnQ,0,0,0,,39,7,39,https://www.youtube.com/watch?v=vYKmJaWNQnQ,135,0,0,0,
cb470bbb5a8f468a8a15b08757309d74,46,2290,0,0,0,,0,0,0,,0,0,0,,561,129,96,249,https://www.twitch.tv/videos/2822079091
54f2f567fdac423c80dad4b29a4372db,45,7675,1848,406,1848,https://www.youtube.com/watch?v=8o8sTs0X6rE,0,0,0,,1848,406,1848,https://www.youtube.com/watch?v=8o8sTs0X6rE,214,100,79,274,https://www.twitch.tv/videos/2832785611
df02d1a89bc74c928c825773996bbb7b,45,2033,0,0,0,,0,0,0,,0,0,0,,1556,148,111,383,https://www.twitch.tv/videos/2823589111
5b0963427f8e4f04a35cb0e71d95698d,44,0,0,0,0,,0,0,0,,0,0,0,,0,0,0,0,
40fca873cd074b01baa8f9b006f50d00,43,12528,0,0,0,,0,0,0,,0,0,0,,0,0,0,0,
c8be9c7ed05442dcb2b278dc5a6bc1de,43,10880,0,0,0,,0,0,0,,0,0,0,,226,61,43,243,https://www.twitch.tv/videos/2828593191
76355385e14341a5b8360ea9d19d831e,40,204,0,0,0,,0,0,0,,0,0,0,,0,0,0,0,
2e2a6c392c024bb2a68b681bc210c187,38,5898,1,0,8,https://www.youtube.com/watch?v=Ogl3lpbjDzU,0,0,0,,1,0,8,https://www.youtube.com/watch?v=Ogl3lpbjDzU,301,56,44,118,https://www.twitch.tv/videos/2829483142
e04b970f339243258cb0dc0c5735274a,38,1046,0,0,0,,0,0,0,,0,0,0,,0,0,0,0,
285655d636d54fb6b3d23c92401545cf,37,4926,0,0,0,,0,0,0,,0,0,0,,0,0,0,0,
6bcb75418dd24274b2fe4b8e60a94999,37,4296,0,0,0,,0,0,0,,0,0,0,,382,0,0,0,
73273454c7b4453a834a74701826e0b8,37,590,11,2,11,https://www.youtube.com/watch?v=3dqXfidzqfY,0,0,0,,11,2,11,https://www.youtube.com/watch?v=3dqXfidzqfY,890,458,433,458,https://www.twitch.tv/videos/2832558922
9ff652451cbd4ad098bf20dd9748ce12,37,6,0,0,0,,0,0,0,,0,0,0,,2147,59,48,80,https://www.twitch.tv/videos/2832119571
7360e8cae69b4d4fbe91510c776b1c5e,37,3319,1,0,3,https://www.youtube.com/watch?v=cSaq6THvNZw,0,0,0,,1,0,3,https://www.youtube.com/watch?v=cSaq6THvNZw,240,48,40,129,https://www.twitch.tv/videos/2824502047
6d6b6d6e7b4b464bb093c9d34cee9754,37,667,0,0,0,,0,0,0,,0,0,0,,393,0,0,0,
c68bc0ba32f14d9b8669b0594435b68b,37,316,1,0,28,https://www.youtube.com/watch?v=HC0_t96I4m8,0,0,0,,1,0,28,https://www.youtube.com/watch?v=HC0_t96I4m8,207,93,51,93,https://www.twitch.tv/videos/2822973994
b9d51a073b4542ac800bd7c9e38d0902,36,1256,0,0,0,,0,0,0,,0,0,0,,227,0,0,0,
0b53549edaf5490ca350ef17aee7b8b9,35,197,0,0,0,,0,0,0,,0,0,0,,536,26,16,33,https://www.twitch.tv/videos/2822977855
9f976a39c1fa4e6dae3ed11b771ef918,35,5243,0,0,0,,0,0,0,,0,0,0,,61,0,0,0,
0cb217f7775543eb9c5aac3b9df75a86,33,18252,0,0,0,,0,0,0,,0,0,0,,766,138,92,222,https://www.twitch.tv/videos/2828626133
e3ee9544e190459d9bc2bdf3c1ccde7b,32,4169,7,2,30,https://www.youtube.com/watch?v=xDqOvA3HMGs,0,0,0,,7,2,30,https://www.youtube.com/watch?v=xDqOvA3HMGs,825,94,82,139,https://www.twitch.tv/videos/2833519901
b46cdde6e23343d5b5a9cfd115286e26,32,830,1,0,2,https://www.youtube.com/watch?v=_oQyI6AJKUY,0,0,0,,1,0,2,https://www.youtube.com/watch?v=_oQyI6AJKUY,214,66,39,85,https://www.twitch.tv/videos/2822110710
1ee3effc49074de1ba98b10a13df2d10,31,754,0,0,0,,0,0,0,,0,0,0,,267,0,0,0,
b8495fc4bb174140acf0ebd7d64fe044,30,2765,0,0,0,,0,0,0,,0,0,0,,2866,0,0,0,
6c52137d373a45d58eafc0d52253dcf8,28,0,0,0,0,,0,0,0,,0,0,0,,1234,362,109,576,https://www.twitch.tv/videos/2833401065
bf2a683536dd447c83b75340e3db3b0a,28,1681,0,0,0,,0,0,0,,0,0,0,,165,47,40,83,https://www.twitch.tv/videos/2824521524
09b185b91ede45769f179d43b227da47,27,532,5,1,5,https://www.youtube.com/watch?v=61aNoa_GhsQ,0,0,0,,5,1,5,https://www.youtube.com/watch?v=61aNoa_GhsQ,274,75,16,162,https://www.twitch.tv/videos/2822822685
0b165d46f9164557b16678383820ee04,27,0,0,0,0,,0,0,0,,0,0,0,,726,0,0,0,
50c9dbd2624f41408f2b6a9ccf61e447,26,526,0,0,0,,0,0,0,,0,0,0,,300,78,61,110,https://www.twitch.tv/videos/2826153080
bbf59615227a44069ef42e5d76cf98bb,26,367,27,26,27,https://www.youtube.com/watch?v=Y73ZH8mOGCk,27,26,27,https://www.youtube.com/watch?v=Y73ZH8mOGCk,0,0,0,,301,57,21,148,https://www.twitch.tv/videos/2833481294
5454ccf6c8ee496296e7084081863575,25,628,11,3,32,https://www.youtube.com/watch?v=kDWPNHPO5eQ,22,3,32,https://www.youtube.com/watch?v=kDWPNHPO5eQ,5,3,10,https://www.youtube.com/watch?v=LwHzWn_gqDc,8,0,0,0,
fd183b51115b4fefaf8ff3388d40acb3,25,54,0,0,0,,0,0,0,,0,0,0,,699,133,86,292,https://www.twitch.tv/videos/2825176257
d4cd6eee95774ca389aebf3e783a8cd8,24,272,0,0,0,,0,0,0,,0,0,0,,488,35,22,41,https://www.twitch.tv/videos/2822891036
59216a033f2b47128d190a5ed1add217,24,12,0,0,0,,0,0,0,,0,0,0,,258,0,0,0,
9f68c1ebda2041c9a221d47733e3cab9,24,977,0,0,0,,0,0,0,,0,0,0,,0,0,0,0,
173423093026403dbd1443e56c47b3db,23,843,1,0,13,https://www.youtube.com/watch?v=FBLtLaR9NPQ,0,0,0,,1,0,13,https://www.youtube.com/watch?v=FBLtLaR9NPQ,370,0,0,0,
5a59b23a201f4b2d8729b0f4b33c9e6b,22,1969,9,0,9,https://www.youtube.com/watch?v=blF3LoQfcpY,0,0,0,,9,0,9,https://www.youtube.com/watch?v=blF3LoQfcpY,126,0,0,0,
12b98d960ead4bc09b2f2b220d7437a1,20,937,5,2,48,https://www.youtube.com/watch?v=mkHZooYNXIc,5,2,48,https://www.youtube.com/watch?v=mkHZooYNXIc,0,0,0,,1,0,0,0,
0c016d6bcf2643d3864fa81866c6a798,19,220,0,0,0,,0,0,0,,0,0,0,,246,115,84,303,https://www.twitch.tv/videos/2828628984
1e90b55b0e0b483d971e0c1fe02c750c,18,125,0,0,0,,0,0,0,,0,0,0,,0,0,0,0,
a6815e229f914db2a936ad70c285cea2,17,1337,0,0,0,,0,0,0,,0,0,0,,452,22,19,56,https://www.twitch.tv/videos/2827829016
ead3db33c54e411baa75a4bad3b48aee,16,84,0,0,0,,0,0,0,,0,0,0,,1626,93,50,99,https://www.twitch.tv/videos/2825364009
ad57b32de5f34598a57ac5af8b8004e2,16,607,8,1,8,https://www.youtube.com/watch?v=2IZiQr4eS34,0,0,0,,8,1,8,https://www.youtube.com/watch?v=2IZiQr4eS34,97,33,24,43,https://www.twitch.tv/videos/2822105303
0886366d9cb8424e90fd8b3e12dcc0af,15,1356,0,0,0,,0,0,0,,0,0,0,,1458,244,188,344,https://www.twitch.tv/videos/2828495514
43436bf839424d238cc24ec8d90eb83c,14,1358,0,0,0,,0,0,0,,0,0,0,,13,0,0,0,
83cdbb34376a45a086a9dac3bc5ccb9a,14,0,0,0,0,,0,0,0,,0,0,0,,20,0,0,0,
156fb169c746493bb50c813f20c4d1a8,14,128,0,0,0,,0,0,0,,0,0,0,,58,0,0,0,
0a07165e6a2f45ab9b6c96debba1f079,14,0,0,0,0,,0,0,0,,0,0,0,,418,141,98,222,https://www.twitch.tv/videos/2822116099
65a64befb1d84a1a85fe6ffe0abb09b4,13,0,0,0,0,,0,0,0,,0,0,0,,8,0,0,0,
4b6b92e9aea74d7481d50636f088e9be,12,1379,0,0,0,,0,0,0,,0,0,0,,0,0,0,0,
e3b45528947e48a4b68964369bb69e00,12,1592,0,0,0,,0,0,0,,0,0,0,,289,52,33,58,https://www.twitch.tv/videos/2826973474
f058268c96ac4a8eb86cacb70bb9d0fb,9,21281,0,0,0,,0,0,0,,0,0,0,,90,12,6,12,https://www.twitch.tv/videos/2823667367
93cd49107c8c46d0b6b185c382900d1e,8,1905,10,1,828,https://www.youtube.com/watch?v=47U-2dB8bE0,0,0,0,,10,1,828,https://www.youtube.com/watch?v=47U-2dB8bE0,8,0,0,0,
e2c0d3ba19244f75888e5dbe1881d22f,5,96,0,0,0,,0,0,0,,0,0,0,,1362,459,374,923,https://www.twitch.tv/videos/2825094462
19fdf3885dcf4d45bdf768a6f3fd99b4,4,88,0,0,0,,0,0,0,,0,0,0,,583,0,0,0,
4cb08241fbce4905a83ed02de6a1af9c,0,0,0,0,0,,0,0,0,,0,0,0,,8391,2271,1167,5255,https://www.twitch.tv/videos/2823796377
cfc7bcf869514c70a5091672d3acb031,0,0,0,0,0,,0,0,0,,0,0,0,,413,0,0,0,
547aa467c2ce497e9d95c4a085effe0d,0,0,0,0,0,,0,0,0,,0,0,0,,1352,0,0,0,
5b62816b7dee4c13856f3c21629be3c4,0,0,0,0,0,,0,0,0,,0,0,0,,24633,2651,1222,3995,https://www.twitch.tv/videos/2819623382
e4421bd8d15848c09fa4ad4df162c858,0,0,0,0,0,,0,0,0,,0,0,0,,378,18,14,18,https://www.twitch.tv/videos/2828656422
6908430ccb204a1b9d95ee7a1711cae3,0,0,0,0,0,,0,0,0,,0,0,0,,2564,0,0,0,
b4607ee6ce914078ae3704617ca03333,0,0,0,0,0,,0,0,0,,0,0,0,,521,0,0,0,
07fec8d9014a41c28216345a5adb1533,0,0,0,0,0,,0,0,0,,0,0,0,,451,0,0,0,
4dd7cfc58ae54c1fa6211ba9b1c607ec,0,0,0,0,0,,0,0,0,,0,0,0,,1975,740,547,1150,https://www.twitch.tv/videos/2833376074
1addf96267ac494bb73c9e6f6e1793b8,0,0,0,0,0,,0,0,0,,0,0,0,,2752,0,0,0,
df49a373151f4d21a118829e7ee471c0,0,0,0,0,0,,0,0,0,,0,0,0,,1512,0,0,0,
22c4cd83790e401ca8055a64554cf3a7,0,0,0,0,0,,0,0,0,,0,0,0,,178,0,0,0,
224e3ebb4c0540098ce414cc6e79df9d,0,0,0,0,0,,0,0,0,,0,0,0,,46,0,0,0,
389c752acb964aeda95f36098fd37ef0,0,0,0,0,0,,0,0,0,,0,0,0,,1647,79,45,121,https://www.twitch.tv/videos/2827765915
e53606f1bf0c4059b1226b6c2e037fd0,0,0,0,0,0,,0,0,0,,0,0,0,,897,97,96,97,https://www.twitch.tv/videos/2833626203
b92f05ad314c4937b09cd603f9ebd64b,0,0,0,0,0,,0,0,0,,0,0,0,,339,0,0,0,
007847e77d894f199e1272cf81e02730,0,0,0,0,0,,0,0,0,,0,0,0,,656,0,0,0,
228427b15b964f1396b5a7b5eb224a21,0,0,0,0,0,,0,0,0,,0,0,0,,53,0,0,0,
daa0d327175a43dc9bb627bc6db7de56,0,0,0,0,0,,0,0,0,,0,0,0,,1338,27,20,43,https://www.twitch.tv/videos/2827794754
9ca05592c52f42649191751f18cb70e6,0,0,0,0,0,,0,0,0,,0,0,0,,2694,390,226,578,https://www.twitch.tv/videos/2822926434
6a963053004f4deaa0dbdf875db41879,0,0,0,0,0,,0,0,0,,0,0,0,,664,0,0,0,
7cd55e03d87c4c77843a437ec0703670,0,0,0,0,0,,0,0,0,,0,0,0,,3020,0,0,0,
555fe6a78fdb4d8b9fa8a286377972e8,0,0,0,0,0,,0,0,0,,0,0,0,,1156,0,0,0,
107fac8e77f74af8ba95491ae9492642,0,0,0,0,0,,0,0,0,,0,0,0,,474,0,0,0,
f48eb9c6edaa4e45b2a1ebad1e9304ff,0,0,0,0,0,,0,0,0,,0,0,0,,0,0,0,0,
31a4ca5b5d554c13902eff32302e5eb9,0,0,0,0,0,,0,0,0,,0,0,0,,2335,2061,1046,2844,https://www.twitch.tv/videos/2829187372
2996488b9f454fb3a42c17ab292ac63c,0,0,0,0,0,,0,0,0,,0,0,0,,695,163,137,269,https://www.twitch.tv/videos/2827111288
c099b7e8d46c418d8e17097d496f3b83,0,0,0,0,0,,0,0,0,,0,0,0,,3644,700,305,2397,https://www.twitch.tv/videos/2816581909
be1a18aa8599409ba250e5345e62fed6,0,0,0,0,0,,0,0,0,,0,0,0,,2150,143,22,274,https://www.twitch.tv/videos/2813295968
644e669aa31443fe9a61a14e75ebd21e,0,0,0,0,0,,0,0,0,,0,0,0,,7405,395,117,685,https://www.twitch.tv/videos/2819586769
6a6547a3f19d4870a6f11b88c60a5296,0,0,0,0,0,,0,0,0,,0,0,0,,3573,184,142,228,https://www.twitch.tv/videos/2831008664
ed1b68a3184d466bb17b3c3363fad948,0,0,0,0,0,,0,0,0,,0,0,0,,818,31,17,31,https://www.twitch.tv/videos/2823645694
a3a1caa89669445db63f22b9a3af88b0,0,0,0,0,0,,0,0,0,,0,0,0,,1201,0,0,0,
99c240d0c1a047b4a4e017d764a54c62,0,0,0,0,0,,0,0,0,,0,0,0,,447,0,0,0,
d17f504657b84cd9af8a3d405713e918,0,0,0,0,0,,0,0,0,,0,0,0,,124,0,0,0,
66c8fc624de94d8e8af4325e41ce7c34,0,0,0,0,0,,0,0,0,,0,0,0,,1681,779,443,1746,https://www.twitch.tv/videos/2817022371
f8ade397837d42f7a9167e0d4f20fc56,0,0,0,0,0,,0,0,0,,0,0,0,,2660,0,0,0,
eeefa43ecaf74f7b822dde3f0e7683d4,0,0,0,0,0,,0,0,0,,0,0,0,,2108,106,61,197,https://www.twitch.tv/videos/2825293132
91919c2ad07a4db88e0b4cfbc1739940,0,0,0,0,0,,0,0,0,,0,0,0,,2956,0,0,0,
cad8c81461ac41c887bdf3617ccdaee6,0,0,0,0,0,,0,0,0,,0,0,0,,1115,0,0,0,
c2777df3c8d341f4a1f0bb9cda8d9365,0,0,0,0,0,,0,0,0,,0,0,0,,1675,0,0,0,
a5773880b0f040a9abbecacf3eb0eb29,0,0,0,0,0,,0,0,0,,0,0,0,,2452,0,0,0,
d804bcd787db4333bca9dccd268ed32a,0,0,0,0,0,,0,0,0,,0,0,0,,3746,526,181,153598,https://www.twitch.tv/videos/2826885628
ad2aef5af5074f14af7f6ddf7899743a,0,0,0,0,0,,0,0,0,,0,0,0,,2011,0,0,0,
f5034a946bf249c780a864c19efda669,0,0,0,0,0,,0,0,0,,0,0,0,,423,6,5,6,https://www.twitch.tv/videos/2830727985
d3f5c739727041bbb2151e96d9368bae,0,0,0,0,0,,0,0,0,,0,0,0,,618,233,168,676,https://www.twitch.tv/videos/2825875987
4f1ccc5966a847308552b2c7b05e18dc,0,0,0,0,0,,0,0,0,,0,0,0,,28,3,3,22,https://www.twitch.tv/videos/2833080396
fc7fa0c5a7604cc8a420ee89472fcac3,0,0,0,0,0,,0,0,0,,0,0,0,,1297,120,64,178,https://www.twitch.tv/videos/2822117577
16896dffcb474d7aa21540c944a2f7de,0,0,0,0,0,,0,0,0,,0,0,0,,3366,1126,475,1126,https://www.twitch.tv/videos/2819764925
32aabdc7b41144a8b1bd28954cd3278c,0,0,0,0,0,,0,0,0,,0,0,0,,1529,0,0,0,
02fa128da7cc4f3aab0f1c5ee356f342,0,0,0,0,0,,0,0,0,,0,0,0,,542,97,86,358,https://www.twitch.tv/videos/2828326352
0572bddb85b24166820f34f39164f99c,0,0,0,0,0,,0,0,0,,0,0,0,,822,98,79,106,https://www.twitch.tv/videos/2833585626
f9641107ffee492cbec14839b1958144,0,0,0,0,0,,0,0,0,,0,0,0,,2159,0,0,0,
4e5f0c7c5f1f49c2b1d249b10225cabb,0,0,0,0,0,,0,0,0,,0,0,0,,43329,3525,1696,5422,https://www.twitch.tv/videos/2820485589
31f4c00be9eb41a1a6be0356614048fd,0,0,0,0,0,,0,0,0,,0,0,0,,3614,243,59,522,https://www.twitch.tv/videos/2821292437
d30a2d88bd2146a8870209e98004e0f0,0,0,0,0,0,,0,0,0,,0,0,0,,2035,755,300,1073,https://www.twitch.tv/videos/2828428586
fdb4872691864af8825511a6d0c72895,0,0,0,0,0,,0,0,0,,0,0,0,,576,201,158,836,https://www.twitch.tv/videos/2825199313
f0cf456a9f204645a4b468f8cbefb150,0,0,0,0,0,,0,0,0,,0,0,0,,1401,0,0,0,
242326a56b0d4ca7a37c08a8fc2be138,0,0,0,0,0,,0,0,0,,0,0,0,,807,0,0,0,
6ec708afd89043b682eb82dacc36c3c9,0,0,0,0,0,,0,0,0,,0,0,0,,1109,1098,609,1118,https://www.twitch.tv/videos/2829410708
60cc7f18c0fe438280af5a81b31eb923,0,0,0,0,0,,0,0,0,,0,0,0,,4023,320,128,1143,https://www.twitch.tv/videos/2811711514
c8c9028316b44ae9a1ac302337862085,0,0,0,0,0,,0,0,0,,0,0,0,,550,96,63,197,https://www.twitch.tv/videos/2827076046
8cbfffe3cac54065be4149b03b680d87,0,0,0,0,0,,0,0,0,,0,0,0,,574,0,0,0,
ec045a49833c4c2fa7b7012ca7544e18,0,0,0,0,0,,0,0,0,,0,0,0,,1717,0,0,0,
22eea06367f4430d816e38dfb68a26cf,0,0,0,0,0,,0,0,0,,0,0,0,,985,0,0,0,
1a95bb88e451498ca3491b69af964588,0,0,0,0,0,,0,0,0,,0,0,0,,37598,4377,1516,15553,https://www.twitch.tv/videos/2823022235
c29bc8bf78dd417980491f19333c8fa2,0,0,0,0,0,,0,0,0,,0,0,0,,13207,0,0,0,
091175f48e6c4ead84a2811cb3f22560,0,0,0,0,0,,0,0,0,,0,0,0,,108,0,0,0,
8c2f8700978045ec86bf1ade1b3e650b,0,0,0,0,0,,0,0,0,,0,0,0,,826,77,69,131,https://www.twitch.tv/videos/2831049496
480aca28939a4eb5bf558a710e21709c,0,0,0,0,0,,0,0,0,,0,0,0,,2924,95,67,116,https://www.twitch.tv/videos/2823507280
dbabd28a98cf447189088251a5b973d4,0,0,0,0,0,,0,0,0,,0,0,0,,252,0,0,0,
f0bc26cfe4a8451d863a8d8cbd6313ed,0,0,0,0,0,,0,0,0,,0,0,0,,6,0,0,0,
3de6bc82438b451abf5ebe76a366be24,0,0,0,0,0,,0,0,0,,0,0,0,,3667,0,0,0,
e18c43e19e9b4fc8af0cdc24c33ae476,0,0,0,0,0,,0,0,0,,0,0,0,,2479,0,0,0,
88526add0348499c95bd5838a5f35989,0,0,0,0,0,,0,0,0,,0,0,0,,1887,230,190,652,https://www.twitch.tv/videos/2825999380
3cfc2b54a543469b92a95ff1e3f1da54,0,0,0,0,0,,0,0,0,,0,0,0,,1605,0,0,0,
880137f60dc842b98862f5b86ba8d94d,0,0,0,0,0,,0,0,0,,0,0,0,,744,108,78,148,https://www.twitch.tv/videos/2826126148
afa3e309e41044c5bffe17466607d481,0,0,0,0,0,,0,0,0,,0,0,0,,34868,11108,4497,15789,https://www.twitch.tv/videos/2831857403
9e64bba43928414884503de36f805c48,0,0,0,0,0,,0,0,0,,0,0,0,,37406,19967,9721,46839,https://www.twitch.tv/videos/2814122269
e698befe9649448885d93094cd4dc6a9,0,0,0,0,0,,0,0,0,,0,0,0,,4444,537,262,1383,https://www.twitch.tv/videos/2831938711
e94cfb3c71d94965bfc98f135bfd2f14,0,0,0,0,0,,0,0,0,,0,0,0,,888,275,110,449,https://www.twitch.tv/videos/2833556332
4c42b9f574e7438d8aea8b099e451505,0,0,0,0,0,,0,0,0,,0,0,0,,1155,109,86,109,https://www.twitch.tv/videos/2828700212
3840a44ffffd48098bdfc16c4ee537bb,0,0,0,0,0,,0,0,0,,0,0,0,,2873,0,0,0,
c8728d2ddd4f4a929764b11247c88c22,0,0,0,0,0,,0,0,0,,0,0,0,,616,0,0,0,
a5b71bba2a2347a080ae3443d5ef47d5,0,0,0,0,0,,0,0,0,,0,0,0,,841,0,0,0,
7dd086a606284ba6b7b584f8b00dc190,0,0,0,0,0,,0,0,0,,0,0,0,,414,17,11,57,https://www.twitch.tv/videos/2824326501
0495c29470d143fa99819123878186b7,0,0,0,0,0,,0,0,0,,0,0,0,,5532,0,0,0,
305290c734e94a74881ae46c49ea18c4,0,0,0,0,0,,0,0,0,,0,0,0,,7113,832,77,1556,https://www.twitch.tv/videos/2823068801
828ab4c66f5f43f298d237374a266b7e,0,0,0,0,0,,0,0,0,,0,0,0,,3023,418,200,901,https://www.twitch.tv/videos/2814923658
936b23e5e87144108c5d3f09f194c8b8,0,0,0,0,0,,0,0,0,,0,0,0,,6784,0,0,0,
9bef8e0d321d4dab973b7e98443937ea,0,0,0,0,0,,0,0,0,,0,0,0,,307,0,0,0,
4fcbdf1b0a384ee58733b1e852edefa5,0,0,0,0,0,,0,0,0,,0,0,0,,1074,0,0,0,
6c7336d4605540c6871de5f96874129c,0,0,0,0,0,,0,0,0,,0,0,0,,24319,3454,1291,27887,https://www.twitch.tv/videos/2829411125
f84598913e654789a80556fd38388dfb,0,0,0,0,0,,0,0,0,,0,0,0,,1518,0,0,0,
3a2199639669433faff0591468bcfa10,0,0,0,0,0,,0,0,0,,0,0,0,,1144,0,0,0,
f63e4427852143aea61621a639c0b391,0,0,0,0,0,,0,0,0,,0,0,0,,77,56,36,244,https://www.twitch.tv/videos/2830994888
e353f482c5be4887838ea9fdf802ad91,0,0,0,0,0,,0,0,0,,0,0,0,,3768,731,613,1123,https://www.twitch.tv/videos/2830150570
256252fdd3d1437995088c56e674fcf0,0,0,0,0,0,,0,0,0,,0,0,0,,1148,62,54,96,https://www.twitch.tv/videos/2828675757
8024d67e25454783a698e5ecf2c4dc67,0,0,0,0,0,,0,0,0,,0,0,0,,616,182,133,280,https://www.twitch.tv/videos/2823082967
a17fcdf32a124beba3fba16299aed2b3,0,0,0,0,0,,0,0,0,,0,0,0,,8577,528,305,854,https://www.twitch.tv/videos/2819747035
b1f8da62ceca4089a4e7115624be25bc,0,0,0,0,0,,0,0,0,,0,0,0,,3145,2344,1198,5272,https://www.twitch.tv/videos/2820211149
76489786a22c4162970f9c288157db6b,0,0,0,0,0,,0,0,0,,0,0,0,,1866,133,71,214,https://www.twitch.tv/videos/2831926907
057faa70622247bd933959412bbeb667,0,0,0,0,0,,0,0,0,,0,0,0,,1076,0,0,0,
cda9668f324445a7bd507094ad6946b8,0,0,0,0,0,,0,0,0,,0,0,0,,419,0,0,0,
2af6cb0e15ce4839ba711b47608d4f4d,0,0,0,0,0,,0,0,0,,0,0,0,,4029,121,63,240,https://www.twitch.tv/videos/2822183565
4307c0486d204edc9d2be8d0c76949d5,0,0,0,0,0,,0,0,0,,0,0,0,,137,0,0,0,
55e9448a0a9040f99dc8ea1cf86cbad5,0,0,0,0,0,,0,0,0,,0,0,0,,1347,17,9,53,https://www.twitch.tv/videos/2831046414
d25a9902f0f347be84febc0a8a932a56,0,0,0,0,0,,0,0,0,,0,0,0,,1408,209,135,221,https://www.twitch.tv/videos/2822652714
06337167c1a14d82b6a7f7cc71eac813,0,0,0,0,0,,0,0,0,,0,0,0,,845,0,0,0,
e32a4d49fba7459fbdf9e242288fa18c,0,0,0,0,0,,0,0,0,,0,0,0,,4999,260,96,42680,https://www.twitch.tv/videos/2811153067
fe62d50e41af4aa29c3e2b0cfc62fb3d,0,0,0,0,0,,0,0,0,,0,0,0,,1011,0,0,0,
a0ba9fee8a7747cab74e98ed61fb4a68,0,0,0,0,0,,0,0,0,,0,0,0,,1226,84,73,126,https://www.twitch.tv/videos/2830904574
89e97a0dc5844cf88fe30a25f347aac0,0,0,0,0,0,,0,0,0,,0,0,0,,452,170,123,223,https://www.twitch.tv/videos/2824538558
b6519fbc0d6941d4b43ce1742a14b0b2,0,0,0,0,0,,0,0,0,,0,0,0,,709,0,0,0,
59904dcbea754d238b0710e75262d119,0,0,0,0,0,,0,0,0,,0,0,0,,618,16,13,30,https://www.twitch.tv/videos/2828679571
4fadb90960a844daab26191bb158d3a3,0,0,0,0,0,,0,0,0,,0,0,0,,3282,378,271,378,https://www.twitch.tv/videos/2826919814
288d3972d3164ee595228b8a5959ac00,0,0,0,0,0,,0,0,0,,0,0,0,,2995,0,0,0,
9c85aee2166449c395c18b0bc06f89e2,0,0,0,0,0,,0,0,0,,0,0,0,,349,0,0,0,
339b1998ac594ab2b45bedc3038d6cf0,0,0,0,0,0,,0,0,0,,0,0,0,,859,0,0,0,
36beb36f581f44d393dcf0af2b194789,0,0,0,0,0,,0,0,0,,0,0,0,,6385,423,189,558,https://www.twitch.tv/videos/2817252847
3569cab127ab4bf9af790de9a999a5f8,0,0,0,0,0,,0,0,0,,0,0,0,,517,0,0,0,
e34f7c6a99ea4780b2351de111e222e6,0,0,0,0,0,,0,0,0,,0,0,0,,277,0,0,0,
fa59e2edc64c432ebaeeb66b2a53ab2d,0,0,0,0,0,,0,0,0,,0,0,0,,5385,1622,730,2304,https://www.twitch.tv/videos/2813273211
b053612876e04de488a32893a19f4b08,0,0,0,0,0,,0,0,0,,0,0,0,,392,70,59,143,https://www.twitch.tv/videos/2826149134
d91ffcc2823f4121a2caa347a8c2a507,0,0,0,0,0,,0,0,0,,0,0,0,,865,53,33,55,https://www.twitch.tv/videos/2823586854
ba562aad440d483e988d3ce7e7217c94,0,0,0,0,0,,0,0,0,,0,0,0,,37341,6711,3693,21477,https://www.twitch.tv/videos/2813943248
83f96fd6cab64f4da581c50cd2a31b82,0,0,0,0,0,,0,0,0,,0,0,0,,3994,0,0,0,
ed051ffc6cd643c287a678fea774e644,0,0,0,0,0,,0,0,0,,0,0,0,,2699,0,0,0,
921d25072caf403ea797c3d5f61f84cf,0,0,0,0,0,,0,0,0,,0,0,0,,1844,188,149,188,https://www.twitch.tv/videos/2828732986
59152798bfa74acb8bad10346fd10d69,0,0,0,0,0,,0,0,0,,0,0,0,,1627,1928,1088,2464,https://www.twitch.tv/videos/2821798233
bf277797951346fe991c27c79a6c5081,0,0,0,0,0,,0,0,0,,0,0,0,,9712,811,314,160646,https://www.twitch.tv/videos/2823679121
326e21d5b6e7446698969bbd8be1b564,0,0,0,0,0,,0,0,0,,0,0,0,,2396,316,246,316,https://www.twitch.tv/videos/2828476272
