V5##VTuber ID,YouTube Subscriber Count,YouTube View Count,YouTube Recent Total Median View Count,YouTube Recent Total Popularity,YouTube Recent Total Highest View Count,YouTube Recent Total Highest Viewed URL,YouTube Recent Livestream Median View Count,YouTube Recent Livestream Popularity,YouTube Recent Livestream Highest View Count,YouTube Recent Livestream Highest Viewed URL,YouTube Recent Video Median View Count,YouTube Recent Video Popularity,YouTube Recent Video Highest View Count,YouTube Recent Video Highest Viewed URL,Twitch Follower Count,Twitch Recent Median View Count,Twitch Recent Popularity,Twitch Recent Highest View Count,Twitch Recent Highest Viewed URL
1c5619a4ece046dd8ba68ed343489ca3,547000,105663173,20928,7280,172209,https://www.youtube.com/watch?v=ZQVvl476U3M,4346,3222,8410,https://www.youtube.com/watch?v=d6RPujBwGtE,40387,7850,172209,https://www.youtube.com/watch?v=ZQVvl476U3M,32871,0,0,0,
f6a4e7aa8d0c4e5cb39d199845ec4d02,445000,67771170,33241,21763,203526,https://www.youtube.com/watch?v=2JN6tOgjxTw,7255,3928,7255,https://www.youtube.com/watch?v=0X8YXsNSZXU,46332,22378,203526,https://www.youtube.com/watch?v=2JN6tOgjxTw,124018,18646,10219,176236,https://www.twitch.tv/videos/2834244743
5535c9524eb046c38e172ebfa06b302f,404000,137416095,11566,4761,109464,https://www.youtube.com/watch?v=OdCO--WQMys,10367,3520,109464,https://www.youtube.com/watch?v=OdCO--WQMys,14214,8072,65959,https://www.youtube.com/watch?v=xgDzvWqE_70,74424,1158,474,4214,https://www.twitch.tv/videos/2835230654
664e1b310cf343b78623f99b31e40fae,394000,57661546,0,0,0,,0,0,0,,0,0,0,,16987,0,0,0,
d837e8fda137492c9d77882b98ff863a,370000,205653038,30987,13433,547294,https://www.youtube.com/watch?v=_H5sWn8sSfI,16340,3708,26618,https://www.youtube.com/watch?v=fFQweerpx2Q,295858,57615,547294,https://www.youtube.com/watch?v=_H5sWn8sSfI,61964,13395,5716,71887,https://www.twitch.tv/videos/2838587939
182da09d8d454f37a52ec546cbb35e39,340000,90204371,34589,17456,465351,https://www.youtube.com/watch?v=WBQEK1W4g_Q,12879,8724,84810,https://www.youtube.com/watch?v=CmtAhBOzjAk,46249,19598,465351,https://www.youtube.com/watch?v=WBQEK1W4g_Q,5988,0,0,0,
c04f006e69e04000a68cd0c41f888eb2,244000,23988877,27994,8873,275721,https://www.youtube.com/watch?v=SUcw80zDGc4,10714,4931,36803,https://www.youtube.com/watch?v=rfVQsP4l7JU,53595,26174,275721,https://www.youtube.com/watch?v=SUcw80zDGc4,0,0,0,0,
897400f2658a483286ca6acc927006ca,239000,40046613,6518,1782,29175,https://www.youtube.com/watch?v=2zkASCvd8dY,1564,672,2126,https://www.youtube.com/watch?v=TJqgiNLvA0I,10403,5872,29175,https://www.youtube.com/watch?v=2zkASCvd8dY,10726,0,0,0,
abd64c9a64e04fb1b23faa2480c1c106,229000,79807744,3282,2914,29672,https://www.youtube.com/watch?v=K5eJB7jDENM,3190,3021,15819,https://www.youtube.com/watch?v=t816mjFPC5Q,4355,2489,29672,https://www.youtube.com/watch?v=K5eJB7jDENM,2376,81,70,138,https://www.twitch.tv/videos/2858498755
4b6b055ada4d4f0ab63b7ad02a3fa3ef,225000,19229798,1222,628,8112,https://www.youtube.com/watch?v=xakO8bZvbac,1154,520,2513,https://www.youtube.com/watch?v=wtRof7duyvI,5102,1685,8112,https://www.youtube.com/watch?v=xakO8bZvbac,55821,756,389,870,https://www.twitch.tv/videos/2832751443
a9f6574e98f34b20a05269134930fb50,221000,10773678,6047,2263,36229,https://www.youtube.com/watch?v=pqEwKc7Z8AM,6367,2263,12699,https://www.youtube.com/watch?v=YkAar1mX8RM,5464,2673,36229,https://www.youtube.com/watch?v=pqEwKc7Z8AM,0,0,0,0,
7c06b9e316ce4ac18ce836cd72442bbe,206000,66953477,6794,1860,29169,https://www.youtube.com/watch?v=fKaKwppEqUg,4898,1860,29169,https://www.youtube.com/watch?v=fKaKwppEqUg,10264,2961,21699,https://www.youtube.com/watch?v=P0cv_osObU0,56197,0,0,0,
312fdd3c5e6d4aefa73fd3860ecc5613,192000,37058993,10501,5685,25491,https://www.youtube.com/watch?v=iIVzXZA1ibs,12961,5685,13650,https://www.youtube.com/watch?v=_lRq-zmBxtA,8252,5357,25491,https://www.youtube.com/watch?v=iIVzXZA1ibs,27347,11300,7879,140644,https://www.twitch.tv/videos/2840434470
c65e7caaf81a43249d5132b9fe312b24,184000,17547563,9617,3546,38944,https://www.youtube.com/watch?v=K0imn8WJumw,9137,3736,38944,https://www.youtube.com/watch?v=K0imn8WJumw,28536,703,28536,https://www.youtube.com/watch?v=Jmq9QJwx2X8,0,0,0,0,
265a18972d244affae35711cfd1f9931,184000,23138571,6053,1537,34460,https://www.youtube.com/watch?v=G_nmq_Ehpv4,3888,1382,14516,https://www.youtube.com/watch?v=KmbRYx89IP0,10272,2125,34460,https://www.youtube.com/watch?v=G_nmq_Ehpv4,19373,1202,326,9295,https://www.twitch.tv/videos/2855951989
e93bd1102e214cbaa71cc5b2e4a53595,183000,36753907,14787,5595,131885,https://www.youtube.com/watch?v=9AGDayhUVJo,8351,3378,16680,https://www.youtube.com/watch?v=wep9ztMuicY,29859,9527,131885,https://www.youtube.com/watch?v=9AGDayhUVJo,90945,11373,3445,17255,https://www.twitch.tv/videos/2851329106
3f4650e05ceb41008bd16869780b7af1,171000,91323965,15843,3649,255216,https://www.youtube.com/watch?v=lgGoE_wBFL0,5656,2576,83304,https://www.youtube.com/watch?v=xZ0yorc3N8Q,50390,9551,255216,https://www.youtube.com/watch?v=lgGoE_wBFL0,0,0,0,0,
f1b5f88144e14bd188e17b2f98303713,171000,30759027,21543,6110,776576,https://www.youtube.com/watch?v=LihJ-ivE1XE,7811,3899,22253,https://www.youtube.com/watch?v=J34qijMfrHA,251217,83717,776576,https://www.youtube.com/watch?v=LihJ-ivE1XE,0,0,0,0,
f110fd69b66941bab04de9ada563c6ac,157000,18988923,2535,943,22842,https://www.youtube.com/watch?v=bVUvnleKo6s,2535,1711,22842,https://www.youtube.com/watch?v=bVUvnleKo6s,2005,732,5593,https://www.youtube.com/watch?v=9VrANR_AmA0,16716,2942,534,4915,https://www.twitch.tv/videos/2851257501
6dc75ab227e34c928598bde8f2d324bf,149000,49281807,17741,7281,249568,https://www.youtube.com/watch?v=rwVIuVbJ_AQ,9949,5355,31455,https://www.youtube.com/watch?v=JlFeyxTp1BE,63100,52700,249568,https://www.youtube.com/watch?v=rwVIuVbJ_AQ,0,0,0,0,
bafb134fd2f849898d6242d1f5f683cc,146000,27041700,6011,1985,55954,https://www.youtube.com/watch?v=luwUW2kFIfU,4217,1304,12504,https://www.youtube.com/watch?v=9gjxIJ_v0oI,17332,4645,55954,https://www.youtube.com/watch?v=luwUW2kFIfU,45837,5686,3269,8462,https://www.twitch.tv/videos/2837839422
fa5a7cdc259543259af42bb23f1e4041,145000,42492838,5874,2264,204771,https://www.youtube.com/watch?v=GRYEhTZBcBc,4768,1768,9119,https://www.youtube.com/watch?v=F6m3K0G0ACc,23384,6619,204771,https://www.youtube.com/watch?v=GRYEhTZBcBc,0,0,0,0,
0641a9c8b9a94994aaa33e0c86fef75b,141000,41780498,7661,2055,54595,https://www.youtube.com/watch?v=KE3pTAzhVCQ,2152,1237,10310,https://www.youtube.com/watch?v=ENfkCZlHLDg,27046,11395,54595,https://www.youtube.com/watch?v=KE3pTAzhVCQ,8699,0,0,0,
b41844198887422fb52cb928a272cbc8,138000,51186735,18442,13980,34512,https://www.youtube.com/watch?v=eyV0D1UOtUU,2372,186,2372,https://www.youtube.com/watch?v=fm4WwqhDvLY,34512,27774,34512,https://www.youtube.com/watch?v=eyV0D1UOtUU,0,0,0,0,
58abad4aa8de49efb785367503dfd92c,134000,18968308,0,0,0,,0,0,0,,0,0,0,,0,0,0,0,
a3ce195c0069494c99849d0b1a10a7fd,133000,17519597,9016,3371,12578,https://www.youtube.com/watch?v=hcm5Y04sMnY,0,0,0,,9016,3371,12578,https://www.youtube.com/watch?v=hcm5Y04sMnY,27187,0,0,0,
494d2c5daf9f4a8a8e4538687e6be14c,127000,6678994,1738,513,9357,https://www.youtube.com/watch?v=33oTPlFhCkg,1730,424,2378,https://www.youtube.com/watch?v=udp2cUdgbcY,8639,5881,9357,https://www.youtube.com/watch?v=33oTPlFhCkg,0,0,0,0,
e78cffa246c24a1c88031151cad8c385,126000,12335298,2833,1622,37482,https://www.youtube.com/watch?v=5GOchmB8cBw,1663,696,4300,https://www.youtube.com/watch?v=gy9A5nzlnXU,12937,8267,37482,https://www.youtube.com/watch?v=5GOchmB8cBw,7093,2356,926,6895,https://www.twitch.tv/videos/2843062747
ab4f892ca62e4043b6287bdfe50b145d,118000,21503151,2882,836,8005,https://www.youtube.com/watch?v=69_MWKM0cMs,2618,551,5568,https://www.youtube.com/watch?v=A54Cw9bmBlM,3134,1046,8005,https://www.youtube.com/watch?v=69_MWKM0cMs,1485,0,0,0,
a9b855767b2d432c9f263e3427ff33a6,116000,17798003,5715,2322,24213,https://www.youtube.com/watch?v=ggB0AoIkL0w,4156,1565,10238,https://www.youtube.com/watch?v=2Z-hUeC96MM,8441,5400,24213,https://www.youtube.com/watch?v=ggB0AoIkL0w,0,0,0,0,
b4a1791208fd4d85b7b08ee2bad0c236,112000,20464047,10213,4056,41373,https://www.youtube.com/watch?v=RAdc7RLpQU4,4034,2175,7962,https://www.youtube.com/watch?v=K0M5mrqtFlg,13497,7533,41373,https://www.youtube.com/watch?v=RAdc7RLpQU4,0,0,0,0,
9cec24b011ee45648eb404066c997f49,110000,21054933,7209,3858,45675,https://www.youtube.com/watch?v=A9QdbnLSqUk,6555,2939,17025,https://www.youtube.com/watch?v=R5WO-5HLajQ,31435,12950,45675,https://www.youtube.com/watch?v=A9QdbnLSqUk,41495,6355,4669,12758,https://www.twitch.tv/videos/2844016345
c0c033c9c8014562b58a7124b6b22fb0,110000,1731121,411,243,3068,https://www.youtube.com/watch?v=uZqRBR2E92g,388,216,3068,https://www.youtube.com/watch?v=uZqRBR2E92g,692,255,1517,https://www.youtube.com/watch?v=ecQZRIbA0ME,0,0,0,0,
04d2ff1dde6b4bb68503a734274f4b7e,107000,9236263,4557,3367,26928,https://www.youtube.com/watch?v=fqMBFlhe-gI,4557,3367,26928,https://www.youtube.com/watch?v=fqMBFlhe-gI,0,0,0,,0,0,0,0,
8bf35c3b9a9e461d825a9170555b71c2,106000,25576382,33921,9009,52536,https://www.youtube.com/watch?v=MxXZovZZjxA,14578,7117,21316,https://www.youtube.com/watch?v=DjgLEh82-9o,40822,18474,52536,https://www.youtube.com/watch?v=MxXZovZZjxA,52810,16859,9547,38605,https://www.twitch.tv/videos/2847735330
15c9a54b946a40c38c07ea2f9efddfa5,106000,32232442,28683,13557,106083,https://www.youtube.com/watch?v=sd4TpuovbP8,20818,9970,44917,https://www.youtube.com/watch?v=97gbTUiY9fk,70413,22631,106083,https://www.youtube.com/watch?v=sd4TpuovbP8,65713,18672,6833,39986,https://www.twitch.tv/videos/2854085987
23ec5ecfb8c14ea893576783f1790643,105000,6426962,796,489,4202,https://www.youtube.com/watch?v=-oyFe0y4d9Y,796,489,2237,https://www.youtube.com/watch?v=NdfQDrbaQT4,2195,640,4202,https://www.youtube.com/watch?v=-oyFe0y4d9Y,2270,399,297,791,https://www.twitch.tv/videos/2849301322
702c74978d8f4adab79f292cbecb49a4,103000,14875377,5013,3048,38412,https://www.youtube.com/watch?v=ITVEfaS_TPw,2600,789,7708,https://www.youtube.com/watch?v=gUcNRKJHans,7156,4543,38412,https://www.youtube.com/watch?v=ITVEfaS_TPw,13186,0,0,0,
b126053a1356460ebf85a874a6a55aca,103000,44054738,2548,1521,70045,https://www.youtube.com/watch?v=s95blKDCtLs,2465,1269,5504,https://www.youtube.com/watch?v=crdnLnJIb78,5386,3862,70045,https://www.youtube.com/watch?v=s95blKDCtLs,0,0,0,0,
98e3a5838fec4a6caa936ae35485de23,102000,8905334,5317,2189,26999,https://www.youtube.com/watch?v=fbAi8hDwX_s,2059,704,5256,https://www.youtube.com/watch?v=O1ktqZQgnag,7912,4041,26999,https://www.youtube.com/watch?v=fbAi8hDwX_s,0,0,0,0,
5efb403f9a174bfd82d04d528a121042,102000,18225292,37993,23953,358722,https://www.youtube.com/watch?v=WtUJ2NOaV28,13066,8124,37993,https://www.youtube.com/watch?v=vrECNR1vsv4,156434,79161,358722,https://www.youtube.com/watch?v=WtUJ2NOaV28,16034,8510,6600,14391,https://www.twitch.tv/videos/2854367057
53707f0116dc4fca8614ac7139e40b83,91900,32989274,0,0,0,,0,0,0,,0,0,0,,6056,633,453,129524,https://www.twitch.tv/videos/2835043369
ea4c1a67c2e445ad8028768616ceb659,91700,13830465,2734,1276,73291,https://www.youtube.com/watch?v=hAs7vHE5OYo,2507,1231,13242,https://www.youtube.com/watch?v=vIgWwLCeqNQ,12895,2190,73291,https://www.youtube.com/watch?v=hAs7vHE5OYo,4144,572,442,611,https://www.twitch.tv/videos/2855062273
a6a4e83ae23140e6bd1f7c817af8f864,90000,6153189,7272,3980,108744,https://www.youtube.com/watch?v=AFqWXUxQRew,6318,2428,7272,https://www.youtube.com/watch?v=SZCsN4quf2I,9475,7344,108744,https://www.youtube.com/watch?v=AFqWXUxQRew,12454,0,0,0,
9d9c6477329245cbb2557895f4f15686,88400,10390276,24169,16906,186480,https://www.youtube.com/watch?v=sfMbUaf-EZE,0,0,0,,24169,16906,186480,https://www.youtube.com/watch?v=sfMbUaf-EZE,173367,19148,6973,40111,https://www.twitch.tv/videos/2846661348
4544974bc5624035ae7bb0c9ed33e44e,86200,10062186,2015,1172,46668,https://www.youtube.com/watch?v=hpVKB8t3ouE,1915,951,5133,https://www.youtube.com/watch?v=qUyuMBcv_qo,46668,16809,46668,https://www.youtube.com/watch?v=hpVKB8t3ouE,13911,1539,782,10808,https://www.twitch.tv/videos/2834351330
d6c4708f6eb94ac6ad7668363b132248,84400,2578515,479,255,3583,https://www.youtube.com/watch?v=9XCfWKG_glg,476,210,3583,https://www.youtube.com/watch?v=9XCfWKG_glg,2798,617,2798,https://www.youtube.com/watch?v=GpwyqlmCDPQ,0,0,0,0,
6bd49f94afb144e995247388ca8c42a8,82800,17510928,13073,6837,75064,https://www.youtube.com/watch?v=rYUr16XfYqw,11959,5098,24775,https://www.youtube.com/watch?v=jNDhv8totVQ,55014,21867,75064,https://www.youtube.com/watch?v=rYUr16XfYqw,77259,53430,19789,111323,https://www.twitch.tv/videos/2835948528
7e81a72484054a5c89f3826ebc8946be,82300,6329045,507,408,3099,https://www.youtube.com/watch?v=z3OMw3KP6W8,1515,507,1515,https://www.youtube.com/watch?v=WGbV6HwAqfg,371,309,3099,https://www.youtube.com/watch?v=z3OMw3KP6W8,14825,3161,1243,15579,https://www.twitch.tv/videos/2854805911
4b6655120fbd4431a8f7894cac4a4d49,81200,8809095,1044,821,61750,https://www.youtube.com/watch?v=jXlKuBrv7M8,938,774,61750,https://www.youtube.com/watch?v=jXlKuBrv7M8,3402,1839,4291,https://www.youtube.com/watch?v=2F1lGH4G88U,0,0,0,0,
fd6a0236861940389e15ef85b16c6069,79000,31758208,45104,24577,145276,https://www.youtube.com/watch?v=Y-yM6RfndS4,0,0,0,,45104,24577,145276,https://www.youtube.com/watch?v=Y-yM6RfndS4,180251,49397,24619,161619,https://www.twitch.tv/videos/2837865470
1ccdbe5d48934f4cbabc86512dd1d357,78800,6475032,0,0,0,,0,0,0,,0,0,0,,0,0,0,0,
911d3403c8e84dc3b0c4a2f6017698b6,78700,3052703,7318,4160,42077,https://www.youtube.com/watch?v=oVvK6vjx5yw,19454,4978,42077,https://www.youtube.com/watch?v=oVvK6vjx5yw,5945,2107,11269,https://www.youtube.com/watch?v=9z0h4e-UCno,4052,1282,1117,1282,https://www.twitch.tv/videos/2855981952
5bd39e2c6dcf4ff19436d8a5fa069464,77900,12732453,9866,4820,14183,https://www.youtube.com/watch?v=VjPbLovWSlU,9866,4820,14183,https://www.youtube.com/watch?v=VjPbLovWSlU,0,0,0,,34068,12845,4430,22167,https://www.twitch.tv/videos/2845969649
0bf0ec441dc6489583f7218e02ab6a89,77700,5225104,528,308,1729,https://www.youtube.com/watch?v=OoQI4iBkWIA,528,308,1729,https://www.youtube.com/watch?v=OoQI4iBkWIA,0,0,0,,10926,561,415,847,https://www.twitch.tv/videos/2854284313
17c335762a694402b8cb9a96b2865572,76300,8364998,2510,1130,12535,https://www.youtube.com/watch?v=JXTNveg6CBM,2392,752,12535,https://www.youtube.com/watch?v=JXTNveg6CBM,2587,1187,6406,https://www.youtube.com/watch?v=YlmMlbuIEz0,0,0,0,0,
8d113670c4514e5bb28823a756385528,71800,11681445,20030,8502,83284,https://www.youtube.com/watch?v=owy_i_VMjaI,17442,6160,21422,https://www.youtube.com/watch?v=XPgssbx0Cw8,24508,15917,83284,https://www.youtube.com/watch?v=owy_i_VMjaI,32311,10875,4734,21079,https://www.twitch.tv/videos/2838718322
cd42e06c40534d9eac7e30a434e47d43,71800,5972983,1022,420,2541,https://www.youtube.com/watch?v=Jk7-iiFkYz8,992,448,2541,https://www.youtube.com/watch?v=Jk7-iiFkYz8,1359,142,1359,https://www.youtube.com/watch?v=LKncdDehgi8,3328,0,0,0,
c5fe413a473d4638b53fb3f9019aabbe,71200,5571849,2763,180,8007,https://www.youtube.com/watch?v=dlDBVWBG5iM,0,0,0,,2763,180,8007,https://www.youtube.com/watch?v=dlDBVWBG5iM,30984,31257,15795,48739,https://www.twitch.tv/videos/2854805211
2694a505a0e0441bb99b49e8ce1f7473,68900,5685435,3749,1886,3749,https://www.youtube.com/watch?v=gdIhuBk-M6I,0,0,0,,3749,1886,3749,https://www.youtube.com/watch?v=gdIhuBk-M6I,56092,7450,3475,20997,https://www.twitch.tv/videos/2853866320
d5fdf5fc55d14476908e416e6d43c121,68600,5915134,1962,888,19596,https://www.youtube.com/watch?v=E7B0EBTzu3A,1543,888,19596,https://www.youtube.com/watch?v=E7B0EBTzu3A,2657,995,3431,https://www.youtube.com/watch?v=4LynQY7pmAc,0,0,0,0,
02f5258d29b046bc9f597c9baac014bf,67100,6775038,13352,3940,80090,https://www.youtube.com/watch?v=cnpf0O1cObg,4265,1754,12947,https://www.youtube.com/watch?v=TZ2unxarzTk,39720,20640,80090,https://www.youtube.com/watch?v=cnpf0O1cObg,53270,53957,26873,66873,https://www.twitch.tv/videos/2835217802
6c872a4043b84e4493877a42af684d1d,66300,10518464,802,309,12297,https://www.youtube.com/watch?v=jto21GdgfYY,759,256,1656,https://www.youtube.com/watch?v=tQkgyoJiQDs,12297,2874,12297,https://www.youtube.com/watch?v=jto21GdgfYY,6229,0,0,0,
4fc5a770272a43f1bb0a1d12aa3a9b46,65600,16289065,3454,2241,11420,https://www.youtube.com/watch?v=rEeist6XISo,802,252,802,https://www.youtube.com/watch?v=Aj6ZTolosAk,3571,2748,11420,https://www.youtube.com/watch?v=rEeist6XISo,0,0,0,0,
6a9a7c7dc3f94605b5f619e9fbcfa33d,64900,2819684,3160,1625,17541,https://www.youtube.com/watch?v=sIN79ybVJCI,2725,1068,11146,https://www.youtube.com/watch?v=2f_jxqdRVSI,4716,2337,17541,https://www.youtube.com/watch?v=sIN79ybVJCI,0,0,0,0,
1b63d89e0b1a4b579de6d99e25eaff8f,64800,14313703,2772,1195,27327,https://www.youtube.com/watch?v=6UciZQO-MSI,1786,535,3384,https://www.youtube.com/watch?v=zMF8gSEytUA,16273,5649,27327,https://www.youtube.com/watch?v=6UciZQO-MSI,12771,0,0,0,
1323f1b775bf43659f8b8ec2899522cd,64600,4277243,2059,802,2454,https://www.youtube.com/watch?v=XeT61pjQxJw,2059,802,2454,https://www.youtube.com/watch?v=XeT61pjQxJw,0,0,0,,0,0,0,0,
cb94019fb4714e168b47d6757995efc3,64400,5232017,2448,846,5123,https://www.youtube.com/watch?v=fcBYJ02cpiY,2254,804,3503,https://www.youtube.com/watch?v=lnLRg3wVY2g,5123,1898,5123,https://www.youtube.com/watch?v=fcBYJ02cpiY,8594,1749,737,6082,https://www.twitch.tv/videos/2834346340
f5ff982730f54cd4826ff0530a4288c2,64000,6855311,5071,2379,45790,https://www.youtube.com/watch?v=CDwje0TR5vA,5071,2379,45790,https://www.youtube.com/watch?v=CDwje0TR5vA,0,0,0,,0,0,0,0,
efe550a729e14dbab790a3f73205d8ed,63500,3456433,1999,766,22546,https://www.youtube.com/watch?v=5590PXFFd-E,1713,710,3764,https://www.youtube.com/watch?v=e45QTOzzSGM,4517,2543,22546,https://www.youtube.com/watch?v=5590PXFFd-E,0,0,0,0,
0d717ed7ec134fb6ac94ce9dc4e25658,63100,5232783,1204,513,4208,https://www.youtube.com/watch?v=D1haG3OJuxk,1163,444,3623,https://www.youtube.com/watch?v=Y8yMxtm1zPQ,3876,1293,4208,https://www.youtube.com/watch?v=D1haG3OJuxk,4567,731,595,1542,https://www.twitch.tv/videos/2852327726
14a9a08fbdc641e8ac8c384dedfccf0a,62100,7400257,4435,1995,8798,https://www.youtube.com/watch?v=92RQfZ7ZK1U,4435,1995,8798,https://www.youtube.com/watch?v=92RQfZ7ZK1U,0,0,0,,20540,10723,4440,28198,https://www.twitch.tv/videos/2836111719
a8ce4642418b4fe8ba1471a32097f4c4,61300,3921761,617,285,2372,https://www.youtube.com/watch?v=HANAGsRnvu4,524,210,1155,https://www.youtube.com/watch?v=YKd_G6RCfKY,1873,1008,2372,https://www.youtube.com/watch?v=HANAGsRnvu4,0,0,0,0,
99f6f80397b34d0b9a0cfd40f3801a35,60900,3392964,1430,296,4408,https://www.youtube.com/watch?v=WiAlu_lgzK4,870,197,2641,https://www.youtube.com/watch?v=MyLB3RAlELE,3362,2228,4408,https://www.youtube.com/watch?v=WiAlu_lgzK4,31627,4941,2953,17585,https://www.twitch.tv/videos/2848598088
512b64ec20174d018540516e9edf2b2f,60800,7288335,492,273,1438,https://www.youtube.com/watch?v=h34FdGKJFZ8,472,217,515,https://www.youtube.com/watch?v=JnRSjU1M4ug,1046,658,1438,https://www.youtube.com/watch?v=h34FdGKJFZ8,1237,0,0,0,
5a934764983e45959855735b79bcc90e,60600,3008950,1583,697,2155,https://www.youtube.com/watch?v=NQP242Ixr8g,1583,697,2155,https://www.youtube.com/watch?v=NQP242Ixr8g,0,0,0,,12300,2284,672,4191,https://www.twitch.tv/videos/2842184794
f985903969ad4e8b839e919aabe94480,58400,1116557,0,0,0,,0,0,0,,0,0,0,,0,0,0,0,
920d34819cf944e99cf469f7552d535f,57900,17888099,27006,14968,96585,https://www.youtube.com/watch?v=J1eyta9a-n0,27006,12908,35146,https://www.youtube.com/watch?v=NssgUx26NbI,30330,18727,96585,https://www.youtube.com/watch?v=J1eyta9a-n0,9360,9105,2489,14089,https://www.twitch.tv/videos/2833535123
ba59bb31bbcd4cf3a481c4cf72918fb0,57500,8876133,2955,1626,4184,https://www.youtube.com/watch?v=8PPHwXcZg9o,2900,1496,4184,https://www.youtube.com/watch?v=8PPHwXcZg9o,3374,2831,3374,https://www.youtube.com/watch?v=NHbMaIa3rJo,0,0,0,0,
6aefa292dc61441e98c787efb0067922,57100,3062784,1010,541,4208,https://www.youtube.com/watch?v=KnbWr4OXntU,904,516,4208,https://www.youtube.com/watch?v=KnbWr4OXntU,3020,1693,4112,https://www.youtube.com/watch?v=fLDpBD0NQto,11017,1184,714,144803,https://www.twitch.tv/videos/2842224879
729621ce509b4641ad8cde76dec037d0,57000,3223269,945,469,5180,https://www.youtube.com/watch?v=caB_OX60eOQ,809,410,995,https://www.youtube.com/watch?v=Ccv-5JY4OCQ,3439,1890,5180,https://www.youtube.com/watch?v=caB_OX60eOQ,5542,568,491,954,https://www.twitch.tv/videos/2849466439
e14d4aac184c4ccdba6f2a9718cfea62,56700,3282701,962,470,2545,https://www.youtube.com/watch?v=cUEtHSVOrAo,873,443,2545,https://www.youtube.com/watch?v=cUEtHSVOrAo,1293,478,1552,https://www.youtube.com/watch?v=DPefcCOddaY,2884,468,380,629,https://www.twitch.tv/videos/2848665925
cbb5df4184f04027b8a550d648d79eeb,56700,6263553,10033,5197,41170,https://www.youtube.com/watch?v=Ygt9fp_fVRY,7886,4578,9737,https://www.youtube.com/watch?v=T75pNsJPeas,12471,5214,41170,https://www.youtube.com/watch?v=Ygt9fp_fVRY,0,0,0,0,
a000aa1d3ea7489c993277d33ab2457e,55300,6139261,6071,3155,38681,https://www.youtube.com/watch?v=RBUAGWPIzLI,2838,1639,6736,https://www.youtube.com/watch?v=TWpeCRFLrNk,30771,12234,38681,https://www.youtube.com/watch?v=RBUAGWPIzLI,54299,24066,11905,62209,https://www.twitch.tv/videos/2846547889
626750f4e7a745619c171c44fb1efcc0,55200,7879286,1214,751,9061,https://www.youtube.com/watch?v=O-C4hO4JT_M,1191,619,9061,https://www.youtube.com/watch?v=O-C4hO4JT_M,1499,829,2786,https://www.youtube.com/watch?v=h1kWyW9dSVI,11642,413,221,934,https://www.twitch.tv/videos/2845135807
6c88799c6f45407faf0f9ea007b0dcab,54400,4572925,3531,1781,64631,https://www.youtube.com/watch?v=1HLjNzGtyxI,2855,1781,3972,https://www.youtube.com/watch?v=iPJhY02fOFI,12044,3249,64631,https://www.youtube.com/watch?v=1HLjNzGtyxI,0,0,0,0,
3bc36efc33ba4410be1d509a39074ceb,54200,5963873,17076,4935,48373,https://www.youtube.com/watch?v=BNVJmj6auWE,13263,3624,19637,https://www.youtube.com/watch?v=X3tkaTac5VI,31302,6318,48373,https://www.youtube.com/watch?v=BNVJmj6auWE,28638,20431,3645,21453,https://www.twitch.tv/videos/2836922724
66c812bb04844241af1d1c7539b5e251,53200,38992453,312,115,1002,https://www.youtube.com/watch?v=zbJk--5_lt0,280,118,1002,https://www.youtube.com/watch?v=zbJk--5_lt0,395,63,595,https://www.youtube.com/watch?v=Y1yLPqH9WAI,1074,25,16,26,https://www.twitch.tv/videos/2858744120
2db2ffc41ff340a990a6d4dcec000d08,53100,4907171,15066,6381,46216,https://www.youtube.com/watch?v=5qglj3_dv68,6062,1701,29007,https://www.youtube.com/watch?v=M6kW5WjMLdI,25422,11389,46216,https://www.youtube.com/watch?v=5qglj3_dv68,31254,13658,5483,38124,https://www.twitch.tv/videos/2855952398
ce2a2c07a74640fc8d3b39d022b16dd9,53100,5055283,1025,523,9145,https://www.youtube.com/watch?v=XiXiyJuBrR4,919,453,3869,https://www.youtube.com/watch?v=0puGhDF_Upo,6772,2429,9145,https://www.youtube.com/watch?v=XiXiyJuBrR4,0,0,0,0,
658e63bebdca421ca934b0bf6aa2bcd8,52900,6337463,1976,716,4012,https://www.youtube.com/watch?v=3nblP5ILxUU,1995,855,4012,https://www.youtube.com/watch?v=3nblP5ILxUU,326,284,326,https://www.youtube.com/watch?v=RYYeouPPxk0,11074,0,0,0,
0eb515afbb9347529a406e91a07cde90,52600,3843957,17241,11560,43635,https://www.youtube.com/watch?v=G0cnoPmCn58,4053,1905,5537,https://www.youtube.com/watch?v=HdAi-sOwdZg,24413,18745,43635,https://www.youtube.com/watch?v=G0cnoPmCn58,22655,8232,4842,16537,https://www.twitch.tv/videos/2836917756
927ce160c29f4465ba196c3e1b8fee1c,52600,3364060,1230,723,7330,https://www.youtube.com/watch?v=myTwspRxiQg,1171,578,5557,https://www.youtube.com/watch?v=C1YRuG5MGao,6470,3626,7330,https://www.youtube.com/watch?v=myTwspRxiQg,5107,834,423,1371,https://www.twitch.tv/videos/2850470299
60282d578bb747b8b232dba81168a5b6,52200,5493571,8876,3889,24878,https://www.youtube.com/watch?v=N5a0i1amE_o,3061,751,3061,https://www.youtube.com/watch?v=YzzlwSRhzFk,13095,7026,24878,https://www.youtube.com/watch?v=N5a0i1amE_o,0,0,0,0,
e350c8b7e41045419ee1ac73bc78921b,51400,5736346,1029,487,13322,https://www.youtube.com/watch?v=MDgLGZ1vfmg,898,408,2628,https://www.youtube.com/watch?v=VBSlvlcp_48,5639,3129,13322,https://www.youtube.com/watch?v=MDgLGZ1vfmg,0,0,0,0,
7d66bf98da354f72baee891cdd91855b,51300,5391963,3672,2066,23836,https://www.youtube.com/watch?v=K47GkJdlyqE,3272,1512,5258,https://www.youtube.com/watch?v=iYdrvFyEqgs,17593,5348,23836,https://www.youtube.com/watch?v=K47GkJdlyqE,0,0,0,0,
1cfadb0d2e154a258c3177ff8264336f,50800,4594803,2338,1060,2643,https://www.youtube.com/watch?v=O1SsXuWJTlc,2338,1060,2643,https://www.youtube.com/watch?v=O1SsXuWJTlc,0,0,0,,0,0,0,0,
50a0835b66844b0ab84f573934f20989,50200,2629127,1768,812,7538,https://www.youtube.com/watch?v=y5XPzIuoXN4,1745,706,7538,https://www.youtube.com/watch?v=y5XPzIuoXN4,7499,3200,7499,https://www.youtube.com/watch?v=aHaYJ-5Wt6I,0,0,0,0,
3681a0b4e4bd48888473b1884f6ee420,50100,6084674,1020,411,21093,https://www.youtube.com/watch?v=a69dQqI4uhQ,729,339,4910,https://www.youtube.com/watch?v=gzkvTRi_B7M,13315,4346,21093,https://www.youtube.com/watch?v=a69dQqI4uhQ,0,0,0,0,
4c3cae772e974f8fb8e04f4cc9c8cd8d,49600,3456978,2084,997,13984,https://www.youtube.com/watch?v=R_vozzBjhh0,1900,888,4701,https://www.youtube.com/watch?v=CRg8Huimv0Y,3856,1749,13984,https://www.youtube.com/watch?v=R_vozzBjhh0,0,0,0,0,
177fe395a2704d10add06cb1466fa254,49400,5201428,13782,6386,121236,https://www.youtube.com/watch?v=JINlnvGikR0,8898,3635,13782,https://www.youtube.com/watch?v=TTZN59UXIxg,23403,7758,121236,https://www.youtube.com/watch?v=JINlnvGikR0,38418,29940,11546,68354,https://www.twitch.tv/videos/2834335117
fe1abd28f3114015ac31ae1821e8dd3f,48000,1881714,803,355,2818,https://www.youtube.com/watch?v=W8k3y6TMnrY,801,354,2770,https://www.youtube.com/watch?v=B4hk1aioqLw,2818,1580,2818,https://www.youtube.com/watch?v=W8k3y6TMnrY,5086,799,523,1201,https://www.twitch.tv/videos/2846653592
575d15d21f7240e1ad72935bf7fa0465,47800,1805096,452,273,3649,https://www.youtube.com/watch?v=XSPg6nSzZDo,438,273,850,https://www.youtube.com/watch?v=Qgv5vyj_qEQ,2803,1081,3649,https://www.youtube.com/watch?v=XSPg6nSzZDo,0,0,0,0,
22ca620b93c94e5cb48175bbecf8d3af,47600,5585332,1568,621,6046,https://www.youtube.com/watch?v=TzEMhhX9HpU,1568,437,2061,https://www.youtube.com/watch?v=ICpbD57YQAg,3144,1137,6046,https://www.youtube.com/watch?v=TzEMhhX9HpU,0,0,0,0,
ebe5c5f9d67f44f3bc5e70b413ce9df7,47600,2435191,561,277,1986,https://www.youtube.com/watch?v=14FVdeNS4DI,561,277,1986,https://www.youtube.com/watch?v=14FVdeNS4DI,0,0,0,,12243,560,345,579,https://www.twitch.tv/videos/2844146222
2760c9a44c20464d8e140e6367ed1cdf,47400,2557131,457,342,950,https://www.youtube.com/watch?v=uP4Rd7nCiko,457,342,950,https://www.youtube.com/watch?v=uP4Rd7nCiko,0,0,0,,2628,0,0,0,
9a496e9b261f401dba4991a9f4c7048e,47300,1976043,1067,472,13541,https://www.youtube.com/watch?v=gXg2KkTOk3c,921,318,4942,https://www.youtube.com/watch?v=hJpg8K8Gv0c,2692,1102,13541,https://www.youtube.com/watch?v=gXg2KkTOk3c,0,0,0,0,
a0d4fad2fd3d4e4981947642a9dbafc4,47000,3894935,3179,1536,14733,https://www.youtube.com/watch?v=7IxGQZpbGu4,2778,898,4271,https://www.youtube.com/watch?v=yfPq83Yj8rg,11243,7663,14733,https://www.youtube.com/watch?v=7IxGQZpbGu4,13302,1767,564,5649,https://www.twitch.tv/videos/2855125489
c41044006a014ed28107f33221a7de98,46900,4436085,950,368,2340,https://www.youtube.com/watch?v=0_2CZK-a2U0,950,368,2340,https://www.youtube.com/watch?v=0_2CZK-a2U0,0,0,0,,5266,0,0,0,
3d786b116dbc437e8684d7b46567a1e5,46500,1780272,1443,662,17852,https://www.youtube.com/watch?v=ziyax3nfkqs,1551,669,17852,https://www.youtube.com/watch?v=ziyax3nfkqs,1443,433,1443,https://www.youtube.com/watch?v=LNaiULECSiE,10236,2757,1164,6964,https://www.twitch.tv/videos/2836879691
21d5855a8c7d4461b286d40c167ac093,46300,5247598,1193,608,2992,https://www.youtube.com/watch?v=3p3O34Etm4Q,1193,608,2992,https://www.youtube.com/watch?v=3p3O34Etm4Q,0,0,0,,1527,1548,308,111546,https://www.twitch.tv/videos/2840133219
c25e6f38d6df447e84c4747ba6ac75cc,45800,1972967,1977,783,18006,https://www.youtube.com/watch?v=BiHwXv5ajIQ,1586,450,5466,https://www.youtube.com/watch?v=EI7b-Chsroo,3128,1621,18006,https://www.youtube.com/watch?v=BiHwXv5ajIQ,0,0,0,0,
20f0e269ce554a00920de0444bc22aaf,45600,4275721,931,328,4762,https://www.youtube.com/watch?v=rNGv1LB2zdk,576,270,2493,https://www.youtube.com/watch?v=9ZUhy8R4png,1596,814,4762,https://www.youtube.com/watch?v=rNGv1LB2zdk,0,0,0,0,
5f6f102dd7cc4bfaa99e4cde16b85290,45200,2575077,1823,864,4670,https://www.youtube.com/watch?v=qwIWmMY_qnk,1883,897,4670,https://www.youtube.com/watch?v=qwIWmMY_qnk,640,510,640,https://www.youtube.com/watch?v=WobTLFyMNqw,9850,2904,1060,10804,https://www.twitch.tv/videos/2851224123
a9f28d3e3d2a4ecb93ff10955be791d1,45000,3455889,2816,857,22835,https://www.youtube.com/watch?v=6jOkddVb_9I,2461,772,4260,https://www.youtube.com/watch?v=tiPC7-nNZ7E,13925,2697,22835,https://www.youtube.com/watch?v=6jOkddVb_9I,17928,2817,1015,3992,https://www.twitch.tv/videos/2844911793
1c6ebd51e0fc4ebab88347e853335c87,44800,2313642,1337,545,3085,https://www.youtube.com/watch?v=-hDykYNBKNw,1064,499,2595,https://www.youtube.com/watch?v=IknQqdhNrSc,2120,1066,3085,https://www.youtube.com/watch?v=-hDykYNBKNw,2073,0,0,0,
0825b7bbb6134dbc98a132cc1782fb1f,44700,2272458,287,123,1454,https://www.youtube.com/watch?v=3oTh_b6ijk8,287,123,1454,https://www.youtube.com/watch?v=3oTh_b6ijk8,0,0,0,,0,0,0,0,
4d0cbf91a5cb4524862207c5d406d98c,44000,2759904,3077,1305,9897,https://www.youtube.com/watch?v=5dcivnxqeSw,2538,915,5827,https://www.youtube.com/watch?v=z5y0uEDJn3U,6322,2474,9897,https://www.youtube.com/watch?v=5dcivnxqeSw,0,0,0,0,
73b97b1a35c84579aa8ffcd6534efad3,43500,6254957,2069,750,31878,https://www.youtube.com/watch?v=2krD0pyPKZw,870,445,2697,https://www.youtube.com/watch?v=_hEvIZSoD1k,5040,2497,31878,https://www.youtube.com/watch?v=2krD0pyPKZw,10854,0,0,0,
4d856c2abee448b8941c27799bb8cb03,43500,969940,1725,781,12661,https://www.youtube.com/watch?v=KpZNQf9Dmno,1356,711,2547,https://www.youtube.com/watch?v=Y5AovqqfVoE,3448,1414,12661,https://www.youtube.com/watch?v=KpZNQf9Dmno,0,0,0,0,
5e98938ba0624235863dd2af8017fbe6,43200,2367621,1266,675,3259,https://www.youtube.com/watch?v=jCLLunlWxls,1226,561,2438,https://www.youtube.com/watch?v=3ZCUXjT-Uco,3259,999,3259,https://www.youtube.com/watch?v=jCLLunlWxls,4947,1145,365,2265,https://www.twitch.tv/videos/2844921439
e069724ddab54dd690d6c3425574effd,43100,7533952,2649,998,67874,https://www.youtube.com/watch?v=YOmblK9vusg,1380,496,2912,https://www.youtube.com/watch?v=1YVA9OAtaCs,11833,5371,67874,https://www.youtube.com/watch?v=YOmblK9vusg,5502,0,0,0,
a85d79e2323b4869a6f784c51218cd37,42800,5165259,4164,1872,38899,https://www.youtube.com/watch?v=vG8ZJgr-mpc,2847,1446,9187,https://www.youtube.com/watch?v=OXL-AqaoDuE,8556,2703,38899,https://www.youtube.com/watch?v=vG8ZJgr-mpc,2429,0,0,0,
c88554bbf263412da16e7a17fd03e467,42400,3136489,2502,1494,201010,https://www.youtube.com/watch?v=-lmsGeKPPlQ,2438,1210,14201,https://www.youtube.com/watch?v=hx4_J7lTSEA,19724,8395,201010,https://www.youtube.com/watch?v=-lmsGeKPPlQ,0,0,0,0,
dabf31fbee9b4214958603268d48b780,42400,1227144,2366,999,6776,https://www.youtube.com/watch?v=AoS9ZburYJE,1986,760,6776,https://www.youtube.com/watch?v=AoS9ZburYJE,4683,1127,6308,https://www.youtube.com/watch?v=ApHQtrNtrKk,0,0,0,0,
dee8efe8990e458c915e4f6a6a16b49f,42300,5278666,139,27,223,https://www.youtube.com/watch?v=koSQgpnHs6U,139,27,223,https://www.youtube.com/watch?v=koSQgpnHs6U,0,0,0,,3294,0,0,0,
ed426712876641848613137bef236d26,42100,4350083,2364,1025,17053,https://www.youtube.com/watch?v=LCW7sECqyD4,1479,688,4626,https://www.youtube.com/watch?v=iqHz1mJ8iQU,7291,3381,17053,https://www.youtube.com/watch?v=LCW7sECqyD4,9989,1351,758,2046,https://www.twitch.tv/videos/2849254777
8150f530d858418282811429cc32622b,41900,2490958,495,162,3158,https://www.youtube.com/watch?v=COaeupd-yj4,331,123,1180,https://www.youtube.com/watch?v=JVPkWC9lX6Q,2031,852,3158,https://www.youtube.com/watch?v=COaeupd-yj4,13136,673,257,1156,https://www.twitch.tv/videos/2847750592
be6c475c291d45a0a7349abdb70be20d,41400,14234125,2560,986,16828,https://www.youtube.com/watch?v=nBBfD94KQ8E,1842,944,2640,https://www.youtube.com/watch?v=1PYYr73dwQI,3555,1302,16828,https://www.youtube.com/watch?v=nBBfD94KQ8E,0,0,0,0,
59f5e287671149398135c5c08b5ed2f7,41100,969330,1155,554,4462,https://www.youtube.com/watch?v=7Ie5Zl12sNQ,1068,540,4462,https://www.youtube.com/watch?v=7Ie5Zl12sNQ,1478,820,2738,https://www.youtube.com/watch?v=s5luHLAdK2I,453,0,0,0,
f6a8c59d8b8d4e009d4e147ec268cd73,40800,2435223,1979,970,7507,https://www.youtube.com/watch?v=JddKD5FCUVI,2321,939,7507,https://www.youtube.com/watch?v=JddKD5FCUVI,1529,1020,1529,https://www.youtube.com/watch?v=39wBuyU_ZEM,5021,0,0,0,
14770d49681b44c1a6a7fcbdc265f539,40800,1976618,1419,618,1661,https://www.youtube.com/watch?v=8n2Ek-U1-hQ,1419,618,1661,https://www.youtube.com/watch?v=8n2Ek-U1-hQ,0,0,0,,0,0,0,0,
d1694c709e0f489fbd07fc9bc67c0a66,40700,2098478,997,387,2781,https://www.youtube.com/watch?v=vJsrBQLJVoc,905,277,2781,https://www.youtube.com/watch?v=vJsrBQLJVoc,1763,1480,1785,https://www.youtube.com/watch?v=EXxKsH2ab_E,2963,308,206,308,https://www.twitch.tv/videos/2850472053
4b8137b8ba4e4a4dad994e2e07e351fe,40300,2517266,223,84,352,https://www.youtube.com/watch?v=0Kbxdf8QV-g,223,84,352,https://www.youtube.com/watch?v=0Kbxdf8QV-g,0,0,0,,2111,133,110,170,https://www.twitch.tv/videos/2856815033
6943bbfc993443d4b3853833b3bb1a66,40200,15077538,0,0,0,,0,0,0,,0,0,0,,0,0,0,0,
7aba821c721e45bcb3d113652e9e8fb2,39900,1405726,1365,655,3164,https://www.youtube.com/watch?v=rWK7vsFpB4c,1365,655,3164,https://www.youtube.com/watch?v=rWK7vsFpB4c,0,0,0,,2324,687,371,1337,https://www.twitch.tv/videos/2846893288
192d2decee72410e8346c135c4ac6e00,39800,1724752,1034,554,5034,https://www.youtube.com/watch?v=9TPccv91Mzo,605,172,1180,https://www.youtube.com/watch?v=riywKoRp4Nw,2973,1033,5034,https://www.youtube.com/watch?v=9TPccv91Mzo,2707,0,0,0,
6baf9b6a84a44ab3a6979d98bff7ee21,39300,2150442,2680,971,11460,https://www.youtube.com/watch?v=HZPb0HgiAik,2101,961,7447,https://www.youtube.com/watch?v=_hYaI1bMklQ,8457,3560,11460,https://www.youtube.com/watch?v=HZPb0HgiAik,2525,1127,509,1545,https://www.twitch.tv/videos/2850530522
b42416c629e64c948f75aff4ff5c9a8a,38700,1296368,1318,896,8260,https://www.youtube.com/watch?v=qc59Qa9jX30,0,0,0,,1318,896,8260,https://www.youtube.com/watch?v=qc59Qa9jX30,4052,416,297,823,https://www.twitch.tv/videos/2848552848
80f7b111f0e044abae4c37f6a96b5957,38400,1215463,410,161,3287,https://www.youtube.com/watch?v=GoVrO_8vlOg,364,110,1796,https://www.youtube.com/watch?v=rjKM4udQTVM,1904,939,3287,https://www.youtube.com/watch?v=GoVrO_8vlOg,0,0,0,0,
f928e57423634094b3d7d8461321c028,38400,1010229,542,270,657,https://www.youtube.com/watch?v=7HnRmWxgN_Y,542,270,657,https://www.youtube.com/watch?v=7HnRmWxgN_Y,0,0,0,,2950,0,0,0,
dad6fb7439d744739755a9a7c6c18d20,38000,3627727,2592,1538,3374,https://www.youtube.com/watch?v=wTEbRq5lX04,2554,1090,3374,https://www.youtube.com/watch?v=wTEbRq5lX04,2787,1956,3283,https://www.youtube.com/watch?v=TI0HxDg-_eU,2923,0,0,0,
683c47ffba3246cb8574a6f2667208d1,37800,1519681,1274,282,2701,https://www.youtube.com/watch?v=NJ6WxYxzxzs,920,199,1410,https://www.youtube.com/watch?v=f6YKaapIY48,2695,461,2701,https://www.youtube.com/watch?v=NJ6WxYxzxzs,13710,5637,2631,12136,https://www.twitch.tv/videos/2834146330
bf3356cfb2754286af9b6bb1665f56bd,37500,1039686,593,345,1502,https://www.youtube.com/watch?v=i1fRs9GhuE8,523,275,1350,https://www.youtube.com/watch?v=dKjSqt9BKfI,1323,965,1502,https://www.youtube.com/watch?v=i1fRs9GhuE8,342,0,0,0,
84d68bef71304aa089c10d2c33c9a107,37500,4003982,1548,583,3249,https://www.youtube.com/watch?v=RSH5GnSUfaQ,1548,583,3249,https://www.youtube.com/watch?v=RSH5GnSUfaQ,0,0,0,,0,0,0,0,
6929e06cd9ed49739cadaa35115847c7,36800,2676614,1704,721,117512,https://www.youtube.com/watch?v=6o0hPI1jykg,1570,587,8322,https://www.youtube.com/watch?v=DziRHVCw2WQ,5275,2315,117512,https://www.youtube.com/watch?v=6o0hPI1jykg,0,0,0,0,
f928118054aa4e11aa4ec88504d8b886,36300,2204360,896,537,4264,https://www.youtube.com/watch?v=FzW9uYMr0-8,670,450,1898,https://www.youtube.com/watch?v=GD7DcYPK6ls,2260,899,4264,https://www.youtube.com/watch?v=FzW9uYMr0-8,2723,1039,671,1240,https://www.twitch.tv/videos/2846864598
5c7beefaa54444e3b0443d7abd93c1f7,36300,4257990,0,0,0,,0,0,0,,0,0,0,,4463,470,209,673,https://www.twitch.tv/videos/2858629934
55be1972142c44799f83ce3db4f14fbd,36000,3582374,811,218,5308,https://www.youtube.com/watch?v=493e7Jhe-74,462,170,932,https://www.youtube.com/watch?v=WYuRD4UZ63s,2741,846,5308,https://www.youtube.com/watch?v=493e7Jhe-74,0,0,0,0,
b0f523194beb4abca2b433e9e41d912c,35700,2039521,2085,1152,96794,https://www.youtube.com/watch?v=IxIXPsCL2zI,1549,1124,5236,https://www.youtube.com/watch?v=GXFXukQejmo,2662,1152,96794,https://www.youtube.com/watch?v=IxIXPsCL2zI,11984,0,0,0,
491a6000ce4b472c9b4f8c1dcfdb772c,35500,10935948,10911,2724,28009,https://www.youtube.com/watch?v=euyPi0Ex25M,1034,572,2957,https://www.youtube.com/watch?v=v8eLjfq__l8,14001,4868,28009,https://www.youtube.com/watch?v=euyPi0Ex25M,1233,0,0,0,
6af8929143294c72b25a7108e79e2faf,35100,2423180,1184,231,11365,https://www.youtube.com/watch?v=VSW-pZyeMS8,732,222,2775,https://www.youtube.com/watch?v=4u_e2U8jphg,3464,466,11365,https://www.youtube.com/watch?v=VSW-pZyeMS8,0,0,0,0,
b08047f2566246ac995e03a5db727cfe,34900,94410,796,217,833,https://www.youtube.com/watch?v=wbUeDW2GqHk,796,217,833,https://www.youtube.com/watch?v=wbUeDW2GqHk,0,0,0,,7219,0,0,0,
8267ea37c12a471a8a038f501832e099,34800,2520924,1133,243,2114,https://www.youtube.com/watch?v=-LeZ7u6hACA,2114,230,2114,https://www.youtube.com/watch?v=-LeZ7u6hACA,1126,256,1141,https://www.youtube.com/watch?v=3jqTcaFg9OU,0,0,0,0,
32b5b05c6e0f4747a8c0932d06f97f8c,34800,2301796,1188,661,3570,https://www.youtube.com/watch?v=-NXBx5bHK2c,1149,748,3570,https://www.youtube.com/watch?v=-NXBx5bHK2c,3077,21,3077,https://www.youtube.com/watch?v=ir9RItR7xVc,4947,952,131,952,https://www.twitch.tv/videos/2836079187
84a911e2b05f4919a32e0c1618e32a7d,34700,1128440,877,244,2083,https://www.youtube.com/watch?v=ihxsn1H7qrg,877,244,2083,https://www.youtube.com/watch?v=ihxsn1H7qrg,0,0,0,,0,0,0,0,
13a4e83f2bbc4d18bb27520a4dceef72,34500,9087971,32123,17543,56093,https://www.youtube.com/watch?v=B8ljbRqYaPY,0,0,0,,32123,17543,56093,https://www.youtube.com/watch?v=B8ljbRqYaPY,64243,23716,13006,67413,https://www.twitch.tv/videos/2855005351
e1b2266a00c04e81bd868ae2fbff7848,33800,2050687,2450,1516,6152,https://www.youtube.com/watch?v=uM39aKvqX-o,987,261,1288,https://www.youtube.com/watch?v=1J4Bs2C0e9M,3164,1966,6152,https://www.youtube.com/watch?v=uM39aKvqX-o,0,0,0,0,
e92219319c904d17ad14a223a304f7b5,33400,2336579,7446,4659,225141,https://www.youtube.com/watch?v=N__wtDUxlMo,5537,4709,13808,https://www.youtube.com/watch?v=W2PX2ftGPaI,9384,4175,225141,https://www.youtube.com/watch?v=N__wtDUxlMo,492,0,0,0,
ad56a56e509c4b6fa0cf11ca959e3c72,33000,243677,940,347,3927,https://www.youtube.com/watch?v=9h2XRbD8EnE,783,283,3381,https://www.youtube.com/watch?v=R1ZPm8LMrU8,2367,1472,3927,https://www.youtube.com/watch?v=9h2XRbD8EnE,139,0,0,0,
93bad1d4b0c54c8781e3775d13a62c38,33000,1106974,158,84,526,https://www.youtube.com/watch?v=01i1ZpLw_UM,158,84,526,https://www.youtube.com/watch?v=01i1ZpLw_UM,0,0,0,,679,0,0,0,
1edf4940878546569e52dd06c95b8581,32800,2877401,440,149,3395,https://www.youtube.com/watch?v=Yhf1GhrYHYw,435,145,1696,https://www.youtube.com/watch?v=IFVIWRB7JbE,735,518,3395,https://www.youtube.com/watch?v=Yhf1GhrYHYw,0,0,0,0,
31f17632340f4e7fbd0ced07193dd81b,32700,1040009,511,207,1250,https://www.youtube.com/watch?v=4zinDXF9cU4,511,207,1250,https://www.youtube.com/watch?v=4zinDXF9cU4,0,0,0,,0,0,0,0,
334133534368487780dfa99b7c9f5949,32700,18946027,0,0,0,,0,0,0,,0,0,0,,0,0,0,0,
9ca368e73d514656ade48dc946f55956,32500,4226420,1939,984,2053,https://www.youtube.com/watch?v=ZMSqL9Ezzv8,0,0,0,,1939,984,2053,https://www.youtube.com/watch?v=ZMSqL9Ezzv8,9349,514,278,1432,https://www.twitch.tv/videos/2846676893
d33940525b7f4b9db9ce85e08b4c175e,32300,326834,0,0,0,,0,0,0,,0,0,0,,8540,134,93,701,https://www.twitch.tv/videos/2853974826
099a5fd0d27d4fc892f684793ac18c99,32100,4258852,656,350,771,https://www.youtube.com/watch?v=-PgfGBUfHiE,656,350,771,https://www.youtube.com/watch?v=-PgfGBUfHiE,0,0,0,,0,0,0,0,
9f649d90164140bdb0e38f7e835c183b,31800,2035158,741,360,6130,https://www.youtube.com/watch?v=da3XCe8IOGU,685,248,1302,https://www.youtube.com/watch?v=TdoBoWr9dJ0,3653,711,6130,https://www.youtube.com/watch?v=da3XCe8IOGU,0,0,0,0,
0f2ad43c618943d19d5101f2d3c49ac9,31500,1553952,364,324,6659,https://www.youtube.com/watch?v=cFwX_PqZrAs,0,0,0,,364,324,6659,https://www.youtube.com/watch?v=cFwX_PqZrAs,175,0,0,0,
e150e350532b4327b26989dd43cd3bad,31200,2005097,0,0,0,,0,0,0,,0,0,0,,1078,0,0,0,
691e8a5f258c4c17b70b6b489b0ad04d,30800,3005418,2374,1095,19491,https://www.youtube.com/watch?v=j8OtIyzyk_4,1648,896,4185,https://www.youtube.com/watch?v=yqlRepe8j8c,6209,2122,19491,https://www.youtube.com/watch?v=j8OtIyzyk_4,1313,1008,711,1008,https://www.twitch.tv/videos/2851398314
d81d1032a43642eca36e82ba9a3c39c5,30600,1199761,0,0,0,,0,0,0,,0,0,0,,11539,467,285,681,https://www.twitch.tv/videos/2851390633
14d83faa414c415097d577d2da9636ce,30400,1180731,545,214,32948,https://www.youtube.com/watch?v=WpyjWeCpMcE,408,96,1023,https://www.youtube.com/watch?v=2JKXeoIzcVY,32369,14581,32948,https://www.youtube.com/watch?v=WpyjWeCpMcE,0,0,0,0,
d35707348d554507a98f97eb59230efc,30300,2305507,877,389,30010,https://www.youtube.com/watch?v=DMd5tzIO4Jk,727,244,2107,https://www.youtube.com/watch?v=5ghY0iUaM8M,4306,2752,30010,https://www.youtube.com/watch?v=DMd5tzIO4Jk,5182,632,476,1658,https://www.twitch.tv/videos/2844768661
9af7c10c618844f08a327d38753124bd,30200,1525257,4548,3507,4926,https://www.youtube.com/watch?v=jEjEnZVnicc,0,0,0,,4548,3507,4926,https://www.youtube.com/watch?v=jEjEnZVnicc,18382,697,272,3205,https://www.twitch.tv/videos/2853109446
9e05802075c343a3bf2778550d5157da,30100,1682499,2096,840,11116,https://www.youtube.com/watch?v=_c4jxfLy_QY,170,69,271,https://www.youtube.com/watch?v=5lJiWgJ9cQk,3617,1529,11116,https://www.youtube.com/watch?v=_c4jxfLy_QY,0,0,0,0,
bac1f0b8e8d149d4a48cfd30d7d7ad74,29900,2331539,640,356,2818,https://www.youtube.com/watch?v=qSqtfXugio0,502,220,752,https://www.youtube.com/watch?v=TiMW7et9aMo,1286,1202,2818,https://www.youtube.com/watch?v=qSqtfXugio0,0,0,0,0,
5b996b6eca90491cb8e1a43de23b2388,29800,4719,0,0,0,,0,0,0,,0,0,0,,0,0,0,0,
b6f68e0e323f45458752f3a7ec6a08f2,29700,2530137,2853,1190,4124,https://www.youtube.com/watch?v=USuD7Jb8uBs,1603,485,1825,https://www.youtube.com/watch?v=hqqtO2tquaE,3093,1729,4124,https://www.youtube.com/watch?v=USuD7Jb8uBs,4636,1547,590,3402,https://www.twitch.tv/videos/2834127577
02d67d58d59644be9cdf0b1179419637,29500,2087735,217,164,3344,https://www.youtube.com/watch?v=97NgeH-c9-k,166,119,217,https://www.youtube.com/watch?v=ZIWyoQFIXEY,2452,1239,3344,https://www.youtube.com/watch?v=97NgeH-c9-k,2713,438,294,531,https://www.twitch.tv/videos/2853236502
f0b85b56d1d84085aca5ab7f592bd7da,29500,2600063,349,114,28392,https://www.youtube.com/watch?v=g0Niv-YeOS4,261,62,349,https://www.youtube.com/watch?v=fTgToxs92NU,538,174,28392,https://www.youtube.com/watch?v=g0Niv-YeOS4,0,0,0,0,
fe569b0c059e406daf57eb2acd11cc21,29300,1816092,924,337,4269,https://www.youtube.com/watch?v=CaCW0rZaZ1Q,708,337,2711,https://www.youtube.com/watch?v=Sl3uiEqcGaU,2980,990,4269,https://www.youtube.com/watch?v=CaCW0rZaZ1Q,0,0,0,0,
bc0b8c437eda4361b2a10003013f49cf,29200,318436,0,0,0,,0,0,0,,0,0,0,,0,0,0,0,
4fd17e8877024633876c5d85bc81e56b,29200,4348762,754,477,4003,https://www.youtube.com/watch?v=BDnAxaL2w-s,681,311,4003,https://www.youtube.com/watch?v=BDnAxaL2w-s,2213,1202,2647,https://www.youtube.com/watch?v=l-VHkm5PaNk,0,0,0,0,
aa1ff405338c41b98ff7197eb4d90349,29200,1322969,1267,444,5202,https://www.youtube.com/watch?v=Ktt9h0K_YjU,1184,433,4383,https://www.youtube.com/watch?v=4PvD8jJHjeY,5202,1564,5202,https://www.youtube.com/watch?v=Ktt9h0K_YjU,0,0,0,0,
6f9d63518a69442a88ac602a3b37bf18,29100,1779849,665,311,2248,https://www.youtube.com/watch?v=-i2UX4VCjes,391,103,737,https://www.youtube.com/watch?v=xEf-zSqKeHQ,1418,619,2248,https://www.youtube.com/watch?v=-i2UX4VCjes,0,0,0,0,
5ba11a0bf35147d499259ad5608a7de1,28900,2273214,1319,821,9813,https://www.youtube.com/watch?v=b93g_8xnDtI,802,545,2020,https://www.youtube.com/watch?v=o5H4WNxGwrA,2017,1110,9813,https://www.youtube.com/watch?v=b93g_8xnDtI,4431,505,289,505,https://www.twitch.tv/videos/2847817239
73ae80b091f542358d7a5bf8905c28f3,28900,3066172,1569,500,6238,https://www.youtube.com/watch?v=YJp3MqaBdCI,1267,440,3410,https://www.youtube.com/watch?v=ysehuo3YgDA,4964,2376,6238,https://www.youtube.com/watch?v=YJp3MqaBdCI,7141,812,246,1521,https://www.twitch.tv/videos/2836806471
8a0b024373544f31b54e5a6cadb124dc,28800,2083203,1866,867,26087,https://www.youtube.com/watch?v=7GZHJ_rPhxQ,1728,741,4543,https://www.youtube.com/watch?v=Oh3SXBYTCqs,10928,2505,26087,https://www.youtube.com/watch?v=7GZHJ_rPhxQ,2000,472,439,472,https://www.twitch.tv/videos/2857673968
3be86a2a9cb447f393d235132e157789,28700,2718079,1782,499,4032,https://www.youtube.com/watch?v=dSffeNpXftg,1782,499,4032,https://www.youtube.com/watch?v=dSffeNpXftg,0,0,0,,0,0,0,0,
e343e3fdc52f47a7bd5dbd793ccf8916,28500,1922551,3507,771,24131,https://www.youtube.com/watch?v=AiK1lU9BuOw,1448,454,4878,https://www.youtube.com/watch?v=338h-8Sd0KQ,4255,2566,24131,https://www.youtube.com/watch?v=AiK1lU9BuOw,0,0,0,0,
6548fd18ecf84bd88112cd5babfa2a66,28500,892523,1014,423,4687,https://www.youtube.com/watch?v=kb4MS_4fK0E,956,343,1785,https://www.youtube.com/watch?v=CDIvoXXwxT8,2504,814,4687,https://www.youtube.com/watch?v=kb4MS_4fK0E,2556,0,0,0,
19234cc590224c45912a14487f756dc5,28300,2210626,1794,573,2746,https://www.youtube.com/watch?v=KlsGG-zLA18,0,0,0,,1794,573,2746,https://www.youtube.com/watch?v=KlsGG-zLA18,13733,3705,1848,13996,https://www.twitch.tv/videos/2836000537
f7c48554816643cdb8d343e6e9e6d313,28200,1582335,670,27,670,https://www.youtube.com/watch?v=bvrKV9EDq9k,670,27,670,https://www.youtube.com/watch?v=bvrKV9EDq9k,0,0,0,,13148,721,387,1240,https://www.twitch.tv/videos/2856783645
d1dd83b6e8a24df4b61f766cff45113c,28100,16005161,746,344,6059,https://www.youtube.com/watch?v=lt_jR8VvuaA,426,148,2441,https://www.youtube.com/watch?v=odjZ250uc_Y,2203,1041,6059,https://www.youtube.com/watch?v=lt_jR8VvuaA,559,0,0,0,
3197e5649c65405cbbe6e5f1a44cf8e1,28100,1571907,546,223,6583,https://www.youtube.com/watch?v=BC6uQL_evCo,488,149,2344,https://www.youtube.com/watch?v=mpnwj-0lo1c,4146,2953,6583,https://www.youtube.com/watch?v=BC6uQL_evCo,0,0,0,0,
03c018f2d3064da6ac4899bef1d600c5,27500,1203764,0,0,0,,0,0,0,,0,0,0,,39484,7061,1991,11217,https://www.twitch.tv/videos/2836951000
a060cd640cf44c2bb8d78d8ff2411e68,27200,1866316,1129,400,2277,https://www.youtube.com/watch?v=HDp4vpKCfAU,890,296,1251,https://www.youtube.com/watch?v=-T9cnWWliSs,1674,592,2277,https://www.youtube.com/watch?v=HDp4vpKCfAU,510,0,0,0,
5d00575c06d74f588238857d7dec1b02,27000,4078968,1658,631,26464,https://www.youtube.com/watch?v=COvk0eBpnOQ,1273,473,1857,https://www.youtube.com/watch?v=AvyodOVnNrY,3377,1595,26464,https://www.youtube.com/watch?v=COvk0eBpnOQ,0,0,0,0,
25388daec64e40f38ca0e5a3a88fedb7,26600,1210480,445,194,2926,https://www.youtube.com/watch?v=ckNHLOANfrc,431,179,2926,https://www.youtube.com/watch?v=ckNHLOANfrc,1540,876,1540,https://www.youtube.com/watch?v=CrK-h0Y5La0,3464,581,548,945,https://www.twitch.tv/videos/2851132176
a667c79cb8284de29d5843dc3eafcc57,26200,592815,545,208,12575,https://www.youtube.com/watch?v=xd6rM8bWFvw,449,195,1996,https://www.youtube.com/watch?v=3q6H2KT4d-Q,7881,3274,12575,https://www.youtube.com/watch?v=xd6rM8bWFvw,0,0,0,0,
f2a403cb46354371837550730a397bd1,25700,1491723,334,171,1993,https://www.youtube.com/watch?v=QLb3MRjKfz8,315,66,376,https://www.youtube.com/watch?v=__40qjaOUHA,1884,1137,1993,https://www.youtube.com/watch?v=QLb3MRjKfz8,0,0,0,0,
22c8ee785f7446e5978bab336fda92cb,25300,2251258,905,301,2533,https://www.youtube.com/watch?v=ktFA2OCvJbY,1295,306,2533,https://www.youtube.com/watch?v=ktFA2OCvJbY,313,301,2070,https://www.youtube.com/watch?v=DYegCFzbmJg,0,0,0,0,
670990d65f7b459ba2a3728c39d4cb9a,25100,1058757,28991,10345,679844,https://www.youtube.com/watch?v=g_NGxxjwD8U,0,0,0,,28991,10345,679844,https://www.youtube.com/watch?v=g_NGxxjwD8U,2453,0,0,0,
8dbec1de49be44d897f1c894427f3165,24800,786744,789,426,2118,https://www.youtube.com/watch?v=r2zRrawDw34,693,310,803,https://www.youtube.com/watch?v=Zbdolvn3vWE,1998,1414,2118,https://www.youtube.com/watch?v=r2zRrawDw34,4002,437,322,458,https://www.twitch.tv/videos/2857814777
7754dca48f524b938314a2b346772e4e,24800,2095394,3626,2189,5258,https://www.youtube.com/watch?v=YD1vozmzQWg,0,0,0,,3626,2189,5258,https://www.youtube.com/watch?v=YD1vozmzQWg,0,0,0,0,
f0a395b14fa34e64ba1aaedb906c7dd3,24700,328360,0,0,0,,0,0,0,,0,0,0,,0,0,0,0,
67d348e6690c43729cce031e70a26645,24100,1203749,0,0,0,,0,0,0,,0,0,0,,32235,3254,876,4897,https://www.twitch.tv/videos/2837120447
9d0fb5c59ea745f09934f3cfd932c393,24000,3195300,495,206,26001,https://www.youtube.com/watch?v=xKAuHFyMWzg,413,172,1073,https://www.youtube.com/watch?v=hgtXmidiotg,3445,1841,26001,https://www.youtube.com/watch?v=xKAuHFyMWzg,0,0,0,0,
28a930938667442288010b333937e2ab,23900,2160108,1880,1024,2633,https://www.youtube.com/watch?v=pMhePOs5Abw,0,0,0,,1880,1024,2633,https://www.youtube.com/watch?v=pMhePOs5Abw,10815,1581,639,2068,https://www.twitch.tv/videos/2847573468
0247d07842794dccb043e0b10a888d30,23800,358820,11636,5377,87750,https://www.youtube.com/watch?v=oem9PAaN0cw,0,0,0,,11636,5377,87750,https://www.youtube.com/watch?v=oem9PAaN0cw,2696,0,0,0,
f13832094d8b40fbb95d07732aa3c3c7,23800,540885,656,231,1827,https://www.youtube.com/watch?v=AFsKIV0CFPQ,556,221,1247,https://www.youtube.com/watch?v=yjQ6GA_-KE0,1651,638,1827,https://www.youtube.com/watch?v=AFsKIV0CFPQ,0,0,0,0,
3e19e054b479401da231ebc3d3fab628,23700,1066540,3493,1826,8920,https://www.youtube.com/watch?v=420WZcSOBWU,2975,1597,4981,https://www.youtube.com/watch?v=AlKrnURAh_o,4739,2395,8920,https://www.youtube.com/watch?v=420WZcSOBWU,0,0,0,0,
6dfe72bb90994dceb7b753908876307d,23700,1811256,794,388,2312,https://www.youtube.com/watch?v=_YeNghOVTXo,755,388,2233,https://www.youtube.com/watch?v=B3_56dqwP_g,1786,445,2312,https://www.youtube.com/watch?v=_YeNghOVTXo,0,0,0,0,
824c0c36956f4a73bb3ec479dd8e4da8,23600,1055538,0,0,0,,0,0,0,,0,0,0,,2520,0,0,0,
c0c35f0471774be2b33163ae20f2d6bb,23500,1539452,1668,466,9452,https://www.youtube.com/watch?v=u1kPnOTRR2A,1185,393,7034,https://www.youtube.com/watch?v=96CYcRkXStE,4669,3121,9452,https://www.youtube.com/watch?v=u1kPnOTRR2A,0,0,0,0,
dcebd098c3ea479ba2b0e32a2696a5ec,23400,945883,880,362,7514,https://www.youtube.com/watch?v=fqpLCjMzewQ,790,362,7514,https://www.youtube.com/watch?v=fqpLCjMzewQ,3708,320,4711,https://www.youtube.com/watch?v=3dyQkBz2zPE,0,0,0,0,
3e6a09fe4ef744f987e27ae0f06cdf09,23300,746970,545,273,4007,https://www.youtube.com/watch?v=Yxn4LKR-nDg,512,265,1812,https://www.youtube.com/watch?v=bZn2uiXpNvE,2590,1058,4007,https://www.youtube.com/watch?v=Yxn4LKR-nDg,0,0,0,0,
7c00b7dc73a240dc84d68be389732a0c,23000,1123047,245,114,288,https://www.youtube.com/watch?v=_6doUtqGxY0,245,114,288,https://www.youtube.com/watch?v=_6doUtqGxY0,0,0,0,,0,0,0,0,
da4a58b114b94469a0a93f6b8ee7512d,23000,1246359,1182,552,2174,https://www.youtube.com/watch?v=VnIbYhZqOwU,1182,552,2174,https://www.youtube.com/watch?v=VnIbYhZqOwU,0,0,0,,12596,394,222,1033,https://www.twitch.tv/videos/2839501153
18bd2d37e2e64f0cab20ec6a2b2f2474,22800,1112829,538,192,2781,https://www.youtube.com/watch?v=7bYkw-GpfUU,508,155,797,https://www.youtube.com/watch?v=EbkohDQwvtY,1077,721,2781,https://www.youtube.com/watch?v=7bYkw-GpfUU,3406,327,220,680,https://www.twitch.tv/videos/2851489967
365db081229a4efeb4630f19587a96b2,22800,1739284,2588,1000,17415,https://www.youtube.com/watch?v=ykin275Um3U,809,393,6577,https://www.youtube.com/watch?v=0j1pAHKASQo,3518,1590,17415,https://www.youtube.com/watch?v=ykin275Um3U,0,0,0,0,
1ac97b8deb08470dafc128557532dd52,22800,1578490,1321,346,19085,https://www.youtube.com/watch?v=I4GGtcOhv44,375,64,494,https://www.youtube.com/watch?v=8q4yS94tOrc,2509,1187,19085,https://www.youtube.com/watch?v=I4GGtcOhv44,486,0,0,0,
75ddc749133b4c498eb35ceac1e2a0b2,22700,2839163,634,369,3953,https://www.youtube.com/watch?v=-tK7Equ-24I,619,363,2126,https://www.youtube.com/watch?v=Wr-hj4Ehw6c,3584,1545,3953,https://www.youtube.com/watch?v=-tK7Equ-24I,0,0,0,0,
3809ec8a42634d11aa1b7b8f99755c6a,22700,1949588,0,0,0,,0,0,0,,0,0,0,,67852,3320,1172,8955,https://www.twitch.tv/videos/2837580005
951dd0b605d04163b38de18262e9a438,22500,643991,0,0,0,,0,0,0,,0,0,0,,1467,0,0,0,
ffe3f2e400ab4237ac873ae9d5a0eda4,22200,1043831,2456,1398,11094,https://www.youtube.com/watch?v=ZyyETHVZgYk,1256,751,5007,https://www.youtube.com/watch?v=yRNnccdwcJo,3915,1708,11094,https://www.youtube.com/watch?v=ZyyETHVZgYk,0,0,0,0,
05317bcbe5f243abb85618d2669bd0d7,22100,454119,77,34,1002,https://www.youtube.com/watch?v=5k1OgguPYvU,77,37,158,https://www.youtube.com/watch?v=tlr2bP5W3tc,74,19,1002,https://www.youtube.com/watch?v=5k1OgguPYvU,0,0,0,0,
e9a9d88bf69e4c83842fe05b3ae1601b,22100,1255476,443,256,443,https://www.youtube.com/watch?v=O9rh5mRyg4I,443,256,443,https://www.youtube.com/watch?v=O9rh5mRyg4I,0,0,0,,13670,1138,585,1666,https://www.twitch.tv/videos/2847758332
7805f5aaa7be47878ebcf88c6ff4669a,21700,790198,12693,6828,80978,https://www.youtube.com/watch?v=dv8KkbK91sc,0,0,0,,12693,6828,80978,https://www.youtube.com/watch?v=dv8KkbK91sc,2608,0,0,0,
60716febdfe949248e8f67d85634bec5,21500,8311293,710,49,1359,https://www.youtube.com/watch?v=tOsmqZsCCco,0,0,0,,710,49,1359,https://www.youtube.com/watch?v=tOsmqZsCCco,0,0,0,0,
2ba32c49f08849f9a109b7e485c9c5a5,21400,1118387,1014,575,3924,https://www.youtube.com/watch?v=REG7Ks-42FQ,799,347,3924,https://www.youtube.com/watch?v=REG7Ks-42FQ,2222,915,2689,https://www.youtube.com/watch?v=wiDzttNqU2s,0,0,0,0,
532b143e82d6452fac9a18d1d025a2af,21400,462227,0,0,0,,0,0,0,,0,0,0,,0,0,0,0,
ec4bc8d279af43eaba4679b762bbbc59,21200,838748,0,0,0,,0,0,0,,0,0,0,,0,0,0,0,
b63a5ee44acf4498827a3fd984ab23e0,21100,1491737,803,240,2328,https://www.youtube.com/watch?v=7RZJlXrVXkM,803,240,2328,https://www.youtube.com/watch?v=7RZJlXrVXkM,0,0,0,,0,0,0,0,
cd88de8b4bc84a71975df9afb42192b8,21100,658134,1534,455,2905,https://www.youtube.com/watch?v=Kz03VXpLL0M,1534,455,2905,https://www.youtube.com/watch?v=Kz03VXpLL0M,0,0,0,,4275,0,0,0,
7cecb437e7a54e07a29c3a164565957d,21000,1316449,1174,708,6346,https://www.youtube.com/watch?v=m9-KI-PPn8w,493,200,532,https://www.youtube.com/watch?v=EsnfItovyEw,3099,1088,6346,https://www.youtube.com/watch?v=m9-KI-PPn8w,0,0,0,0,
38fcf8bc7f3f45d68bab44577c019c84,20900,911126,374,210,2023,https://www.youtube.com/watch?v=V4J2T2d5ciI,368,153,2023,https://www.youtube.com/watch?v=V4J2T2d5ciI,1056,525,1854,https://www.youtube.com/watch?v=_7cjbxi3ffY,0,0,0,0,
a39733d216994010b34bf5033be01589,20800,1430111,2174,1251,12515,https://www.youtube.com/watch?v=KketwLbswmc,2505,1266,12515,https://www.youtube.com/watch?v=KketwLbswmc,1087,183,1087,https://www.youtube.com/watch?v=mAAnnALanAI,1165,513,400,615,https://www.twitch.tv/videos/2856010287
53c811a3e7814de2b76dd4e0c241a9e5,20800,662698,129,73,1385,https://www.youtube.com/watch?v=Z5uGuOwKxoo,125,73,1385,https://www.youtube.com/watch?v=Z5uGuOwKxoo,1223,74,1223,https://www.youtube.com/watch?v=4QxqnTvJxM4,668,0,0,0,
accbad7e89df4174a13b68edcae74068,20700,842494,1072,408,1751,https://www.youtube.com/watch?v=i7HA0HwXdZQ,465,369,1751,https://www.youtube.com/watch?v=i7HA0HwXdZQ,1179,520,1252,https://www.youtube.com/watch?v=ZqkCeEfSIrQ,872,238,155,486,https://www.twitch.tv/videos/2858355103
adc9d30b5940427e96ae92238f0f8b83,20700,625434,288,101,1501,https://www.youtube.com/watch?v=aQjPNBOsSrE,288,101,1501,https://www.youtube.com/watch?v=aQjPNBOsSrE,0,0,0,,900,0,0,0,
c540124532e14ceb8e9ffc654a0ec4c9,20600,31570998,186,134,19656,https://www.youtube.com/watch?v=9ajbXlfMvz8,155,67,1216,https://www.youtube.com/watch?v=nZTdC9XYBu8,4436,2378,19656,https://www.youtube.com/watch?v=9ajbXlfMvz8,1740,49,32,82,https://www.twitch.tv/videos/2851240269
67d6807619064938a78832b4106de5c0,20500,930490,12611,46,12611,https://www.youtube.com/watch?v=hmKIcHYMnn8,0,0,0,,12611,46,12611,https://www.youtube.com/watch?v=hmKIcHYMnn8,3708,720,481,852,https://www.twitch.tv/videos/2846820024
f7c8264349654390a5e39810dc012a38,20500,1478518,1707,958,2078,https://www.youtube.com/watch?v=WeBrwYOJxr4,0,0,0,,1707,958,2078,https://www.youtube.com/watch?v=WeBrwYOJxr4,0,0,0,0,
7870ac4364ca4c97a4dfe7474251bf5b,20500,1121072,2518,1682,76649,https://www.youtube.com/watch?v=o8afFo1BUUA,2305,964,8131,https://www.youtube.com/watch?v=OkQ8oiWYymk,49556,31271,76649,https://www.youtube.com/watch?v=o8afFo1BUUA,0,0,0,0,
aaa45dc386714427ba862f691d4471ac,20500,1968962,2319,1017,16048,https://www.youtube.com/watch?v=UbOOLb5IoVg,1423,876,3431,https://www.youtube.com/watch?v=PT74BESEbxk,2872,1337,16048,https://www.youtube.com/watch?v=UbOOLb5IoVg,1548,645,586,977,https://www.twitch.tv/videos/2858726943
ef67b676c0334ef182151f473469c1f1,20500,1432638,924,636,2419,https://www.youtube.com/watch?v=SX_SniqB6ow,673,378,1925,https://www.youtube.com/watch?v=PhumIYknoLM,1668,1167,2419,https://www.youtube.com/watch?v=SX_SniqB6ow,0,0,0,0,
c9ece3513c804b3db003cd8fca683857,20500,860894,1916,577,3309,https://www.youtube.com/watch?v=v9GLlDYNfVI,1916,577,3309,https://www.youtube.com/watch?v=v9GLlDYNfVI,0,0,0,,8673,0,0,0,
36a96262405a4d4683db73d8403bf8b7,20100,1364116,849,404,2255,https://www.youtube.com/watch?v=6X5StoWTr64,713,373,1277,https://www.youtube.com/watch?v=fJYmmi9SjKA,1655,479,2255,https://www.youtube.com/watch?v=6X5StoWTr64,638,299,242,401,https://www.twitch.tv/videos/2852170224
2842edf30d614ca9acc4e689974058b9,20000,2243735,2162,546,3452,https://www.youtube.com/watch?v=jus48xFF1EI,2174,745,2485,https://www.youtube.com/watch?v=kAaTcMCf1BU,2151,347,3452,https://www.youtube.com/watch?v=jus48xFF1EI,21,0,0,0,
49eca1ea30a8425a8967677070c95627,19800,1438851,534,230,3015,https://www.youtube.com/watch?v=PrbKVfsvJ5Q,454,179,918,https://www.youtube.com/watch?v=Sx4xAymNq00,2222,664,3015,https://www.youtube.com/watch?v=PrbKVfsvJ5Q,626,532,406,532,https://www.twitch.tv/videos/2853103570
6c0758764e674c6db2f985710fcfbd7b,19800,1549769,1154,631,4547,https://www.youtube.com/watch?v=4IKuFHtBFWY,736,170,1004,https://www.youtube.com/watch?v=jYE_e5pwmkw,2067,1161,4547,https://www.youtube.com/watch?v=4IKuFHtBFWY,0,0,0,0,
88f782b3b6c6492c926f70e4a13390c9,19600,849337,449,152,1634,https://www.youtube.com/watch?v=Sq02xV1y1W0,418,110,542,https://www.youtube.com/watch?v=itYxsuJyO8Q,1543,590,1634,https://www.youtube.com/watch?v=Sq02xV1y1W0,871,529,340,1227,https://www.twitch.tv/videos/2852744007
de266b34e79c49b48fa566e9fb1a24af,19500,1426048,571,276,5829,https://www.youtube.com/watch?v=s3JWw3Co0RI,569,265,1206,https://www.youtube.com/watch?v=vGn0izqkaKM,5829,4269,5829,https://www.youtube.com/watch?v=s3JWw3Co0RI,646,0,0,0,
ec30041838214022aeb622c0851e46db,19400,957645,1305,694,15026,https://www.youtube.com/watch?v=QUSEw0datJI,0,0,0,,1305,694,15026,https://www.youtube.com/watch?v=QUSEw0datJI,5409,602,326,1150,https://www.twitch.tv/videos/2840588323
7b58646f89cb4b7cbcdce819499c475f,19300,374935,0,0,0,,0,0,0,,0,0,0,,0,0,0,0,
05e831b267914fc5b4d9b28de1f648dc,19300,972265,714,256,1368,https://www.youtube.com/watch?v=HUiLMYCHiYQ,1137,518,1368,https://www.youtube.com/watch?v=HUiLMYCHiYQ,314,166,523,https://www.youtube.com/watch?v=_2rs35sCvOo,0,0,0,0,
cdb5c89f61c94949a989457cf549b7e4,19200,1786517,599,211,1232,https://www.youtube.com/watch?v=PXrUMy0t-2Y,620,221,1232,https://www.youtube.com/watch?v=PXrUMy0t-2Y,519,211,828,https://www.youtube.com/watch?v=Vi9e-gyvK9c,0,0,0,0,
ed3f69b9de7c43f3a32b4e7dfdb5bfd0,19200,782850,626,164,6063,https://www.youtube.com/watch?v=w64aQcIWH8k,316,141,1024,https://www.youtube.com/watch?v=dA9XclTD_bw,2366,787,6063,https://www.youtube.com/watch?v=w64aQcIWH8k,0,0,0,0,
57903e09a68f4997b7c4bc356cd5e64d,19100,1578342,1191,700,23894,https://www.youtube.com/watch?v=G_5bOFykGPs,793,470,5174,https://www.youtube.com/watch?v=2Cd5rn6kLtA,2986,1230,23894,https://www.youtube.com/watch?v=G_5bOFykGPs,568,0,0,0,
2c05340bb152419ebe0bd3fb6a78da80,19100,1977593,470,251,2866,https://www.youtube.com/watch?v=-LltjVdmPNQ,431,163,1805,https://www.youtube.com/watch?v=67gXWgJwypw,1611,678,2866,https://www.youtube.com/watch?v=-LltjVdmPNQ,0,0,0,0,
8eec9fd38e7440f09bf1bc864e4d6e38,19000,864992,712,468,62638,https://www.youtube.com/watch?v=xbzjE_249hw,532,250,1073,https://www.youtube.com/watch?v=KBQujT7vzrM,6202,2050,62638,https://www.youtube.com/watch?v=xbzjE_249hw,4632,1354,681,4055,https://www.twitch.tv/videos/2858181067
56b4e7f364bc4b96b3a9d48596e28d8d,18900,996241,1190,600,13735,https://www.youtube.com/watch?v=ozi2NwzExL8,1270,565,13735,https://www.youtube.com/watch?v=ozi2NwzExL8,1161,805,6042,https://www.youtube.com/watch?v=x76AAPCq9S8,0,0,0,0,
76d68171666847cc913328359037139c,18800,870723,956,516,3776,https://www.youtube.com/watch?v=IpqaZJDO4KA,947,369,3244,https://www.youtube.com/watch?v=fVxMNIsP9v4,3006,2350,3776,https://www.youtube.com/watch?v=IpqaZJDO4KA,1676,0,0,0,
05be4fb717614738a87daac46157ddb1,18500,1344270,514,150,1119,https://www.youtube.com/watch?v=1r_9OAo895E,514,150,1119,https://www.youtube.com/watch?v=1r_9OAo895E,0,0,0,,0,0,0,0,
ebc44e2ba78f4790b832d02c31410262,18300,756219,314,134,2209,https://www.youtube.com/watch?v=y8sDtftBnuM,227,109,1137,https://www.youtube.com/watch?v=wSGQX870oT8,887,216,2209,https://www.youtube.com/watch?v=y8sDtftBnuM,636,121,88,235,https://www.twitch.tv/videos/2850381930
bf58297d50a741e5b1808ec4c445f216,18200,4283643,1406,962,80938,https://www.youtube.com/watch?v=6ZoY3eQZfz8,331,75,633,https://www.youtube.com/watch?v=9UpKNwRwbjU,4010,1674,80938,https://www.youtube.com/watch?v=6ZoY3eQZfz8,0,0,0,0,
090be1be8d29429183e190e22fc4be22,18000,1128208,1028,516,1917,https://www.youtube.com/watch?v=XHJEg_6CLL4,1028,516,1917,https://www.youtube.com/watch?v=XHJEg_6CLL4,0,0,0,,3989,430,319,442,https://www.twitch.tv/videos/2858782619
b174714646ea40e28ce32affabe3e93e,17800,1171770,663,367,3150,https://www.youtube.com/watch?v=LfMLAlqCJrQ,584,306,1809,https://www.youtube.com/watch?v=2bPN6tJNnpY,2763,1541,3150,https://www.youtube.com/watch?v=LfMLAlqCJrQ,703,0,0,0,
71e1a399885b48e79c9a98e973e6b5e3,17500,6141174,2462,1115,24576,https://www.youtube.com/watch?v=6hVHd5uEU3c,0,0,0,,2462,1115,24576,https://www.youtube.com/watch?v=6hVHd5uEU3c,706,60,38,63,https://www.twitch.tv/videos/2848639827
6c7a8b443aa942a89a83485c98d10559,17500,1574452,426,257,1402,https://www.youtube.com/watch?v=Ff7EuepElPo,308,95,483,https://www.youtube.com/watch?v=AK_9fcbx6lU,1048,710,1402,https://www.youtube.com/watch?v=Ff7EuepElPo,0,0,0,0,
f6fe970a79964cca9dcec4741f0f679b,17300,1710050,5304,2131,5304,https://www.youtube.com/watch?v=94o0sNWvzY4,0,0,0,,5304,2131,5304,https://www.youtube.com/watch?v=94o0sNWvzY4,87809,67770,30869,192923,https://www.twitch.tv/videos/2844994074
470d1cb40a5e460e8cdc1414c5fd1a34,17000,377035,777,390,1557,https://www.youtube.com/watch?v=ofmY4PaUioU,777,390,1134,https://www.youtube.com/watch?v=fSX1EfiTMW4,902,576,1557,https://www.youtube.com/watch?v=ofmY4PaUioU,1280,0,0,0,
2ada3b89962b479bb8dbd2a63bca5da1,17000,1286541,332,169,716,https://www.youtube.com/watch?v=JMYan3Hhda0,309,155,475,https://www.youtube.com/watch?v=HzxkYEcZsB8,716,713,716,https://www.youtube.com/watch?v=JMYan3Hhda0,0,0,0,0,
c379e3f4f1eb41869ec465481b182e50,16700,896998,662,272,3115,https://www.youtube.com/watch?v=LNh-U6SoOy4,484,200,1264,https://www.youtube.com/watch?v=O-GvErqe574,1803,564,3115,https://www.youtube.com/watch?v=LNh-U6SoOy4,0,0,0,0,
fbb142bcb07a4808b0164c41ab1877ea,16700,1540631,216,135,788,https://www.youtube.com/watch?v=yqjuU5AtLMk,216,135,788,https://www.youtube.com/watch?v=yqjuU5AtLMk,0,0,0,,0,0,0,0,
09600daf1956476190642d1be738e945,16700,1870578,1283,671,8632,https://www.youtube.com/watch?v=O0APFgZkDvY,1079,619,8632,https://www.youtube.com/watch?v=O0APFgZkDvY,3791,1624,4805,https://www.youtube.com/watch?v=LEvWLzkweHs,0,0,0,0,
0ba1bc3725a9456aa0f66ec951ad47eb,16700,1089776,1072,318,3350,https://www.youtube.com/watch?v=TIyBoKdWSY8,885,318,1979,https://www.youtube.com/watch?v=ovhdwNAoRkw,1696,780,3350,https://www.youtube.com/watch?v=TIyBoKdWSY8,6377,564,298,893,https://www.twitch.tv/videos/2846891222
8796ee6fb25b4b40a8ad9a188059951a,16500,610732,133,58,186,https://www.youtube.com/watch?v=1_rqpTCe1dM,133,58,186,https://www.youtube.com/watch?v=1_rqpTCe1dM,0,0,0,,0,0,0,0,
c61d5dd825d5423fac8fd1bc0596d1ff,16500,439717,442,209,1726,https://www.youtube.com/watch?v=QONRORP8VPI,442,209,1726,https://www.youtube.com/watch?v=QONRORP8VPI,0,0,0,,0,0,0,0,
7587608de08740aeb1a8dbe40006b90d,16400,1440852,1439,1197,2305,https://www.youtube.com/watch?v=ZN_UPp-ekTM,574,474,574,https://www.youtube.com/watch?v=J7JGeqgvyHI,2305,1921,2305,https://www.youtube.com/watch?v=ZN_UPp-ekTM,2917,831,625,2069,https://www.twitch.tv/videos/2846819343
0b63fa89b80e4649b0297d156ed1c791,16400,1472409,730,291,1550,https://www.youtube.com/watch?v=PU7IVms32v0,719,373,1550,https://www.youtube.com/watch?v=PU7IVms32v0,1484,156,1484,https://www.youtube.com/watch?v=njaaghZ-_5c,0,0,0,0,
e802007cbda74a0bb3a41f4ebcae7f47,16300,584258,6795,2074,20628,https://www.youtube.com/watch?v=pDbdaOeP_to,6932,3200,20628,https://www.youtube.com/watch?v=pDbdaOeP_to,3777,2074,12410,https://www.youtube.com/watch?v=kES1zknnrqY,0,0,0,0,
2885972c2d0943e6b697bdc5e72c1d4a,16200,327410,399,269,1219,https://www.youtube.com/watch?v=z-70dvSQYQo,399,269,1219,https://www.youtube.com/watch?v=z-70dvSQYQo,0,0,0,,0,0,0,0,
ec183b10574a449f91e43ab216976a60,16100,1381566,1263,755,65314,https://www.youtube.com/watch?v=QTvtfA9eJak,1049,588,1391,https://www.youtube.com/watch?v=4I_7hWZfgZw,3259,2128,65314,https://www.youtube.com/watch?v=QTvtfA9eJak,1316,0,0,0,
221563b6b46245379c6dc6328c9d0447,15900,1176478,0,0,0,,0,0,0,,0,0,0,,0,0,0,0,
c4bc52355d334a98bdaa1e57c05673ad,15800,1208291,552,291,2353,https://www.youtube.com/watch?v=ZGowO04EQVM,552,291,2353,https://www.youtube.com/watch?v=ZGowO04EQVM,0,0,0,,0,0,0,0,
5db725f32b5e4e1380ad64110b88c91d,15700,5025076,202,108,1564,https://www.youtube.com/watch?v=hIBetUVgLVw,164,108,212,https://www.youtube.com/watch?v=ItDBEN-Gvxw,878,210,1564,https://www.youtube.com/watch?v=hIBetUVgLVw,1050,0,0,0,
656455380d524045b9f75d6082563f94,15700,1517192,977,176,1954,https://www.youtube.com/watch?v=6VlyAPE42dk,243,106,451,https://www.youtube.com/watch?v=EXViisGI5y8,1047,465,1954,https://www.youtube.com/watch?v=6VlyAPE42dk,662,0,0,0,
5f8930a469f94b5cad116810f68a2614,15600,504694,1476,516,8426,https://www.youtube.com/watch?v=L3m6fxSeTCg,1476,359,8426,https://www.youtube.com/watch?v=L3m6fxSeTCg,1874,725,2723,https://www.youtube.com/watch?v=i78H3sexCA0,0,0,0,0,
0471d5082a2e419786e141d6424c9150,15500,1707674,1635,606,13778,https://www.youtube.com/watch?v=GGeX3_uB9aI,1160,207,2406,https://www.youtube.com/watch?v=tQ2c9vc4Wfc,2653,1365,13778,https://www.youtube.com/watch?v=GGeX3_uB9aI,8393,1224,316,74155,https://www.twitch.tv/videos/2857380110
e93182ff3a954e0e92567136dc3659ed,15400,465193,165,56,569,https://www.youtube.com/watch?v=F16bNaXm3-I,161,60,569,https://www.youtube.com/watch?v=F16bNaXm3-I,169,56,169,https://www.youtube.com/watch?v=DS4G5D9qAFs,0,0,0,0,
fd7a69505569429fb845ac056825f3a9,15400,1653493,402,229,1370,https://www.youtube.com/watch?v=y-0nyGm3OOc,380,173,660,https://www.youtube.com/watch?v=XPPvnW1BlZs,1292,436,1370,https://www.youtube.com/watch?v=y-0nyGm3OOc,0,0,0,0,
77533b0fb2324e33bff67fbbf4daf13f,15400,3950446,606,357,1506,https://www.youtube.com/watch?v=O6Prl3qg3fA,1063,588,1506,https://www.youtube.com/watch?v=O6Prl3qg3fA,594,202,860,https://www.youtube.com/watch?v=6ZqgdZgXwoY,1466,9,8,13,https://www.twitch.tv/videos/2858814651
15e4450f63904e50907dc93fee446fd2,15100,1262449,752,272,12433,https://www.youtube.com/watch?v=6qRr6oQj0WQ,685,180,854,https://www.youtube.com/watch?v=R2-645z5ET0,2319,665,12433,https://www.youtube.com/watch?v=6qRr6oQj0WQ,0,0,0,0,
0f595c5e48be4f29befb358388a61f8b,15100,1224117,0,0,0,,0,0,0,,0,0,0,,380,0,0,0,
17933ba43ccf4e3c85961523b77bd901,14800,441193,831,508,2762,https://www.youtube.com/watch?v=85gvDG-yB-4,796,140,1669,https://www.youtube.com/watch?v=b9KGRneRHw4,2013,1110,2762,https://www.youtube.com/watch?v=85gvDG-yB-4,1380,788,477,1247,https://www.twitch.tv/videos/2855130005
68820304b6164959806479d6c9dad127,14800,1104444,962,553,3392,https://www.youtube.com/watch?v=Loir2GDZOik,915,441,2205,https://www.youtube.com/watch?v=6VYfiYo61v0,2310,1318,3392,https://www.youtube.com/watch?v=Loir2GDZOik,0,0,0,0,
ac1ce1eeaffa4e58a8155c20d8f85ff3,14800,635875,365,125,1629,https://www.youtube.com/watch?v=YnqzVshDd4o,364,125,601,https://www.youtube.com/watch?v=EF62TG8a_zE,1546,339,1629,https://www.youtube.com/watch?v=YnqzVshDd4o,5493,1263,297,1521,https://www.twitch.tv/videos/2839739299
6a30fc9ee6f24d839198497406c63cc1,14600,2087525,916,631,2211,https://www.youtube.com/watch?v=SQFWHaKZhUk,143,79,143,https://www.youtube.com/watch?v=tLktGbr3bmI,1160,799,2211,https://www.youtube.com/watch?v=SQFWHaKZhUk,513,0,0,0,
d5c19a6328af48ba88bf41b2dd757f14,14600,732261,1022,177,1784,https://www.youtube.com/watch?v=RK8uKpXTAQ0,293,166,300,https://www.youtube.com/watch?v=8QpN5-Ifatc,1764,559,1784,https://www.youtube.com/watch?v=RK8uKpXTAQ0,0,0,0,0,
7c5232b16a1d44498677ed33e72bd8c6,14500,593719,485,196,2812,https://www.youtube.com/watch?v=5eaLqohQ3y0,461,190,2317,https://www.youtube.com/watch?v=c-To3M7nytw,2513,2001,2812,https://www.youtube.com/watch?v=5eaLqohQ3y0,0,0,0,0,
03762df738044b09a1e216949158c8a4,14500,251729,0,0,0,,0,0,0,,0,0,0,,2475,0,0,0,
b5561ece0c9b4f4a8fccdd3b36ee3260,14500,914917,372,201,2603,https://www.youtube.com/watch?v=jDSxatV5Muc,260,192,520,https://www.youtube.com/watch?v=0O_NVHr7HKc,1570,556,2603,https://www.youtube.com/watch?v=jDSxatV5Muc,0,0,0,0,
bf197e3d2cd6400db5f7e397427965e5,14300,420146,334,326,334,https://www.youtube.com/watch?v=bwDV24lm0uI,334,326,334,https://www.youtube.com/watch?v=bwDV24lm0uI,0,0,0,,272,0,0,0,
ee77ed51da394f02b72c33756b155eac,14300,546036,1116,251,8008,https://www.youtube.com/watch?v=qsh7qoRU3nA,304,116,553,https://www.youtube.com/watch?v=2SSPVRZ7l3A,1355,392,8008,https://www.youtube.com/watch?v=qsh7qoRU3nA,790,0,0,0,
a51be890a1f443ea87bee45c9d8acf13,14300,970402,1536,142,2026,https://www.youtube.com/watch?v=KQj674MTmRU,0,0,0,,1536,142,2026,https://www.youtube.com/watch?v=KQj674MTmRU,19856,4442,1891,7408,https://www.twitch.tv/videos/2850234172
44af52f7f6aa487e850b3d261947205b,14300,2063829,237,131,3465,https://www.youtube.com/watch?v=udYkHQ33Hm4,201,93,405,https://www.youtube.com/watch?v=3mr4-viX78I,2133,1002,3465,https://www.youtube.com/watch?v=udYkHQ33Hm4,201,88,73,88,https://www.twitch.tv/videos/2855025644
914f6caed3ff4348824d966f76662bc2,14200,1116552,655,245,1982,https://www.youtube.com/watch?v=jOhFPcbg3jo,655,245,849,https://www.youtube.com/watch?v=jgbKTk8iWYc,1222,630,1982,https://www.youtube.com/watch?v=jOhFPcbg3jo,0,0,0,0,
2ee2acc29fac42c5b130558543cbdf00,14100,923643,399,155,1668,https://www.youtube.com/watch?v=4IofwI7lsyM,347,138,894,https://www.youtube.com/watch?v=leKSromjY0A,1668,732,1668,https://www.youtube.com/watch?v=4IofwI7lsyM,887,16,8,25,https://www.twitch.tv/videos/2851430693
a3f2963a57094502a10845075cdee88c,14100,6509123,10922,6438,100350,https://www.youtube.com/watch?v=wFTh-XaG3DQ,5489,2882,10587,https://www.youtube.com/watch?v=hKaOgUklES8,40433,12333,100350,https://www.youtube.com/watch?v=wFTh-XaG3DQ,874,0,0,0,
2d57d202ef8e46a5871302b944309bc2,14000,1277232,0,0,0,,0,0,0,,0,0,0,,0,0,0,0,
3d46fb16bc2c48fb8f12a647cf5ec702,14000,1212235,620,256,2165,https://www.youtube.com/watch?v=QJO3ozowD44,567,250,2165,https://www.youtube.com/watch?v=QJO3ozowD44,1518,684,1977,https://www.youtube.com/watch?v=8bfal2_ivi4,0,0,0,0,
1a1942f52ea74121923497e7e0cfd6a5,13900,673642,0,0,0,,0,0,0,,0,0,0,,0,0,0,0,
0448e6929687421c9e0435832765b9fe,13900,354007,336,176,1649,https://www.youtube.com/watch?v=Lw8FIg4v-do,323,173,699,https://www.youtube.com/watch?v=G-jl9qGd25o,1649,1315,1649,https://www.youtube.com/watch?v=Lw8FIg4v-do,3048,508,382,1206,https://www.twitch.tv/videos/2855125820
633c7350aca946428e98228660ee73e2,13900,727142,632,354,2426,https://www.youtube.com/watch?v=B9KceQ5vbXM,562,244,1942,https://www.youtube.com/watch?v=RtrHQyB7LXE,1658,732,2426,https://www.youtube.com/watch?v=B9KceQ5vbXM,0,0,0,0,
4d8babea181e44df9855f3aafc06eb2c,13900,947926,181,68,3451,https://www.youtube.com/watch?v=deqN0KfobRE,154,60,600,https://www.youtube.com/watch?v=FXfTnraxi88,1522,360,3451,https://www.youtube.com/watch?v=deqN0KfobRE,0,0,0,0,
4571c7a211b945f3b608c0066f7e73e4,13800,3474994,542,204,13734,https://www.youtube.com/watch?v=0FZEAdAblzk,540,171,2457,https://www.youtube.com/watch?v=tSlPk7Mfblw,13734,11984,13734,https://www.youtube.com/watch?v=0FZEAdAblzk,820,0,0,0,
8195d69546e3466c95f9d35ccb7c6c35,13800,1405455,613,302,4404,https://www.youtube.com/watch?v=c5iXdSH9J6g,609,302,4404,https://www.youtube.com/watch?v=c5iXdSH9J6g,1673,507,1929,https://www.youtube.com/watch?v=4GIhi3mK884,0,0,0,0,
788611c913b04d999011628637657bee,13800,1689625,1103,496,8217,https://www.youtube.com/watch?v=QNhaxNOG9BM,792,239,3283,https://www.youtube.com/watch?v=XbiuTQeDdyk,2168,951,8217,https://www.youtube.com/watch?v=QNhaxNOG9BM,2614,667,460,1277,https://www.twitch.tv/videos/2856581125
20aa88e16d77400b9bc4e72df1b2a588,13700,484172,487,236,2311,https://www.youtube.com/watch?v=uHw0jCr7rhU,431,277,1750,https://www.youtube.com/watch?v=E4u2Wn1MwlE,1025,188,2311,https://www.youtube.com/watch?v=uHw0jCr7rhU,0,0,0,0,
1a520f3d2665454f985490e42467ae27,13700,536096,370,169,2143,https://www.youtube.com/watch?v=grNwBGyO65Y,370,169,2143,https://www.youtube.com/watch?v=grNwBGyO65Y,618,360,1074,https://www.youtube.com/watch?v=69DzwOJGe1M,0,0,0,0,
7ef2dc851df94f5aa7f632c736b4307e,13700,478701,269,195,288,https://www.youtube.com/watch?v=Rab-yaaXz6Q,269,195,288,https://www.youtube.com/watch?v=Rab-yaaXz6Q,0,0,0,,648,0,0,0,
ad2a1148ff4747229694f9aa2c3645d9,13700,1078326,1266,591,2194,https://www.youtube.com/watch?v=b1aF2w94Zas,190,61,209,https://www.youtube.com/watch?v=oueEEoYLA3U,1335,760,2194,https://www.youtube.com/watch?v=b1aF2w94Zas,0,0,0,0,
5d2231ea88fd474d8a11e5a759899216,13600,3632935,488,236,7997,https://www.youtube.com/watch?v=nfj_V0Pi56U,389,149,1867,https://www.youtube.com/watch?v=ulej7F_22Z4,2292,1088,7997,https://www.youtube.com/watch?v=nfj_V0Pi56U,215,0,0,0,
abc7acc71b474ebebecfde51ad5f88e1,13600,549158,895,844,895,https://www.youtube.com/watch?v=ex9dU4AmJio,895,844,895,https://www.youtube.com/watch?v=ex9dU4AmJio,0,0,0,,1617,0,0,0,
cad7f93653b54779932a6809a5f3a769,13400,380019,340,132,2920,https://www.youtube.com/watch?v=G8CzwtmzMRo,340,132,2920,https://www.youtube.com/watch?v=G8CzwtmzMRo,0,0,0,,1322,370,333,370,https://www.twitch.tv/videos/2856814772
00d3ddb7b65247eaa16473cfd1376723,13400,1128536,1233,307,2940,https://www.youtube.com/watch?v=5Ls80JWgcEo,905,296,1448,https://www.youtube.com/watch?v=xDrJ2bT_-o0,1557,864,2940,https://www.youtube.com/watch?v=5Ls80JWgcEo,1113,0,0,0,
1eec022f916a46b58f5124936afdabe3,13400,380023,261,107,1317,https://www.youtube.com/watch?v=LzuCqF5RHbc,261,107,1317,https://www.youtube.com/watch?v=LzuCqF5RHbc,0,0,0,,0,0,0,0,
a8d11ac027d842c598de50529e797547,13300,450710,3911,2364,48000,https://www.youtube.com/watch?v=UebAabGtU3k,3413,2330,6261,https://www.youtube.com/watch?v=3CC7wp7xmlA,12908,3096,48000,https://www.youtube.com/watch?v=UebAabGtU3k,20642,5972,2660,10905,https://www.twitch.tv/videos/2836038567
5ee3c46f62cf4b34accc313fb437581b,13200,178187,446,386,702,https://www.youtube.com/watch?v=STtbO82KkAM,446,386,702,https://www.youtube.com/watch?v=STtbO82KkAM,0,0,0,,0,0,0,0,
70b86c53cafa43b49e2782fe4e4bbd6c,13200,1022221,395,194,2022,https://www.youtube.com/watch?v=91NsDtY4XB8,366,193,536,https://www.youtube.com/watch?v=ivWH09VK6j0,704,342,2022,https://www.youtube.com/watch?v=91NsDtY4XB8,0,0,0,0,
8fae79a84cd049fd8a2ea50528a75e2b,13100,774757,8282,3615,30286,https://www.youtube.com/watch?v=jgrWQMLuZeo,0,0,0,,8282,3615,30286,https://www.youtube.com/watch?v=jgrWQMLuZeo,8531,7637,2566,22402,https://www.twitch.tv/videos/2852281734
0ab147ded84b484eac14de7a46c9cf4e,13100,705604,247,107,564,https://www.youtube.com/watch?v=wtAbf5kyNWc,247,107,564,https://www.youtube.com/watch?v=wtAbf5kyNWc,0,0,0,,0,0,0,0,
390346240f4748bd9d81e472411c20c2,13100,323885,231,21,245,https://www.youtube.com/watch?v=GL6OyzZnizs,231,21,245,https://www.youtube.com/watch?v=GL6OyzZnizs,0,0,0,,3630,0,0,0,
5fbcb045887b4a87878773dbf5f63e26,12900,418015,354,156,1450,https://www.youtube.com/watch?v=mcc-pkNxmLI,344,142,1289,https://www.youtube.com/watch?v=YQ-1vFrRuJA,794,646,1450,https://www.youtube.com/watch?v=mcc-pkNxmLI,1514,989,892,1315,https://www.twitch.tv/videos/2858456493
a168211aa3dd451cb33e09b80df0ea0a,12900,392111,112,52,531,https://www.youtube.com/watch?v=7o83ZOBqwQI,95,48,265,https://www.youtube.com/watch?v=2hnEqClNKm0,133,62,531,https://www.youtube.com/watch?v=7o83ZOBqwQI,554,0,0,0,
2a3824dd5c0a46f597b27dd183283aea,12900,6522405,298,168,35874,https://www.youtube.com/watch?v=X_z4HMZbtag,260,101,1062,https://www.youtube.com/watch?v=-fUZIcPt2Y0,13205,2478,35874,https://www.youtube.com/watch?v=X_z4HMZbtag,0,0,0,0,
3005ff0c09064d7f924c506e1e9c18ba,12700,518068,1772,359,1772,https://www.youtube.com/watch?v=xfQPULkTGis,0,0,0,,1772,359,1772,https://www.youtube.com/watch?v=xfQPULkTGis,22946,2884,1139,4680,https://www.twitch.tv/videos/2841451935
15cbed02d2f74630b04b73515909c1f4,12700,455714,174,92,208,https://www.youtube.com/watch?v=mKWR83AZe9Y,174,92,208,https://www.youtube.com/watch?v=mKWR83AZe9Y,0,0,0,,2452,0,0,0,
3a8f78d98fd344cb9d32358e5c96eace,12700,623167,1116,727,2905,https://www.youtube.com/watch?v=0K4Bu0L0Tu0,1116,727,2905,https://www.youtube.com/watch?v=0K4Bu0L0Tu0,0,0,0,,5725,0,0,0,
341ca5efce084743977d3b74315a30ab,12600,731102,755,399,2376,https://www.youtube.com/watch?v=_U9-tRX9MF0,712,459,1035,https://www.youtube.com/watch?v=5sPjF8CSdUk,2376,83,2376,https://www.youtube.com/watch?v=_U9-tRX9MF0,1626,304,195,600,https://www.twitch.tv/videos/2849564456
976e0cf401784d3f874dc85b2b2c5839,12500,1254992,709,273,2509,https://www.youtube.com/watch?v=l3BXCz45rL0,709,273,2509,https://www.youtube.com/watch?v=l3BXCz45rL0,0,0,0,,3026,319,267,319,https://www.twitch.tv/videos/2855130375
703ae2c7ccc9431382a5b0f2c35e6ec1,12400,840528,478,220,478,https://www.youtube.com/watch?v=Ck8ahj_bnxQ,478,220,478,https://www.youtube.com/watch?v=Ck8ahj_bnxQ,0,0,0,,0,0,0,0,
93a4d479e67242d58d3ff80307d3bc84,12300,459491,287,136,2397,https://www.youtube.com/watch?v=HE8T4xCX8zQ,219,101,1000,https://www.youtube.com/watch?v=Z073z5qId2M,1062,251,2397,https://www.youtube.com/watch?v=HE8T4xCX8zQ,208,75,50,75,https://www.twitch.tv/videos/2850502519
c4470a1419984fb8aec0851f225b177a,12300,724940,222,31,450,https://www.youtube.com/watch?v=_b471nhHxSk,222,31,450,https://www.youtube.com/watch?v=_b471nhHxSk,0,0,0,,0,0,0,0,
0c09a69445864b44adbba11b487f9b1a,12300,776037,2580,772,2580,https://www.youtube.com/watch?v=MquVbIcMgds,0,0,0,,2580,772,2580,https://www.youtube.com/watch?v=MquVbIcMgds,809,0,0,0,
316dd044dc644c4cac9e140dcba5d210,12300,979374,247,211,3748,https://www.youtube.com/watch?v=WOuYM-hxwjI,204,152,814,https://www.youtube.com/watch?v=8EmbdPs-9r0,1369,632,3748,https://www.youtube.com/watch?v=WOuYM-hxwjI,2370,417,138,53940,https://www.twitch.tv/videos/2844109696
a1608f0690584f07bf7aaf84ed9e4d8f,12300,331381,603,326,5012,https://www.youtube.com/watch?v=GYnaATkxigo,344,228,921,https://www.youtube.com/watch?v=ACiw2vd6Ygw,1308,745,5012,https://www.youtube.com/watch?v=GYnaATkxigo,0,0,0,0,
675071ddbd4844119d341bbfd6a0ee2a,12200,456768,237,131,423,https://www.youtube.com/watch?v=23DqY8dWn0g,237,131,423,https://www.youtube.com/watch?v=23DqY8dWn0g,0,0,0,,0,0,0,0,
9012b1827e8141bd9d56d1a04b2f7ad1,12200,867576,587,281,11722,https://www.youtube.com/watch?v=0AM5QvWQ-kU,535,247,1007,https://www.youtube.com/watch?v=LGeSTt41O7A,1658,711,11722,https://www.youtube.com/watch?v=0AM5QvWQ-kU,0,0,0,0,
8faff7aecb9d4e12917ea0144696e2de,12200,541173,465,213,1114,https://www.youtube.com/watch?v=tiYSM85HhqY,465,213,1114,https://www.youtube.com/watch?v=tiYSM85HhqY,0,0,0,,994,0,0,0,
b1939ca67a3c43cf8a6a0a9a88137419,12100,266258,407,302,629,https://www.youtube.com/watch?v=Ej1xqCiY3AA,407,302,629,https://www.youtube.com/watch?v=Ej1xqCiY3AA,0,0,0,,0,0,0,0,
78c188fcd01a4ba382fb153ec86a7367,12100,1241940,527,217,1449,https://www.youtube.com/watch?v=51hdVr2MXHU,495,217,1006,https://www.youtube.com/watch?v=CF8zh9jyaZk,1268,338,1449,https://www.youtube.com/watch?v=51hdVr2MXHU,0,0,0,0,
a2e67b720e754c16bd739bcf9a95e396,12100,975460,390,231,3434,https://www.youtube.com/watch?v=iWbovDBJG1Y,263,134,1202,https://www.youtube.com/watch?v=M97qzqPvhGY,2502,1136,3434,https://www.youtube.com/watch?v=iWbovDBJG1Y,0,0,0,0,
126103200de947a7a3c2ac3971eef633,12100,248658,0,0,0,,0,0,0,,0,0,0,,0,0,0,0,
0628f4d0fcbd4f0a980b64b3b1deeb74,12100,468331,950,548,55614,https://www.youtube.com/watch?v=ZmYgYcEOuZQ,685,514,1809,https://www.youtube.com/watch?v=4ugCXSvKSF8,3747,2154,55614,https://www.youtube.com/watch?v=ZmYgYcEOuZQ,0,0,0,0,
7cbd1f537c3d4e67b38b9f9e31cb93d6,12100,293692,406,301,419,https://www.youtube.com/watch?v=ZCkJvHStwO4,406,301,419,https://www.youtube.com/watch?v=ZCkJvHStwO4,0,0,0,,3593,758,321,974,https://www.twitch.tv/videos/2841301699
d2c76258b7ff45ee88e3585c4c9ed0c1,12000,391745,0,0,0,,0,0,0,,0,0,0,,3775,0,0,0,
b57162e62056494d85f1743abdbad648,12000,652291,0,0,0,,0,0,0,,0,0,0,,307,0,0,0,
696e947cd8624e609553d6786d21f11c,11900,454885,830,401,16838,https://www.youtube.com/watch?v=70zSuUOBVzk,312,176,581,https://www.youtube.com/watch?v=8hgLtaiQqss,1471,890,16838,https://www.youtube.com/watch?v=70zSuUOBVzk,0,0,0,0,
6559d42f66684b8f80b4cd4589addd85,11900,799193,217,82,950,https://www.youtube.com/watch?v=PTVMBC7XTcM,217,67,950,https://www.youtube.com/watch?v=PTVMBC7XTcM,218,95,318,https://www.youtube.com/watch?v=o-mCj3Knv2E,3674,162,152,162,https://www.twitch.tv/videos/2857865463
ab5709b7d3074c6db2a57995d5b1c328,11900,1217368,530,282,2451,https://www.youtube.com/watch?v=pJLaE45uNM0,520,263,1217,https://www.youtube.com/watch?v=HzCLqwLqGQA,2425,1847,2451,https://www.youtube.com/watch?v=pJLaE45uNM0,0,0,0,0,
a5f7302f9f1a4fcdb2471c4bc52a05fb,11900,944074,911,373,3096,https://www.youtube.com/watch?v=J_BDW8Hg2kQ,894,341,3096,https://www.youtube.com/watch?v=J_BDW8Hg2kQ,1557,487,2121,https://www.youtube.com/watch?v=9HvpDr9NSak,0,0,0,0,
774342c826924ecfb8b13a2bc27e3b81,11900,2667732,132,95,168,https://www.youtube.com/watch?v=F8PPV82rG3s,140,108,168,https://www.youtube.com/watch?v=F8PPV82rG3s,125,83,125,https://www.youtube.com/watch?v=not9jOTI3mk,0,0,0,0,
82e63a8d4ae14beab89e13b43b35fce3,11900,341180,229,122,541,https://www.youtube.com/watch?v=tqs0I79BMDw,229,122,541,https://www.youtube.com/watch?v=tqs0I79BMDw,0,0,0,,0,0,0,0,
60ae2b3fd2254689bb65c216a0a09605,11900,0,0,0,0,,0,0,0,,0,0,0,,0,0,0,0,
4558095012964943921cd8a376a192fd,11700,150938,1783,1406,2124,https://www.youtube.com/watch?v=rZa_sfQucfg,0,0,0,,1783,1406,2124,https://www.youtube.com/watch?v=rZa_sfQucfg,6445,1235,553,1385,https://www.twitch.tv/videos/2834457558
5fc94cdcf7594a3ba5ce001ba405d3be,11700,791078,696,333,2023,https://www.youtube.com/watch?v=OKlBo0CB0NM,696,333,2023,https://www.youtube.com/watch?v=OKlBo0CB0NM,0,0,0,,1932,0,0,0,
72cc5bf1729245618e1f10da0b796d53,11700,503571,249,73,1089,https://www.youtube.com/watch?v=2yEV8c54ECY,249,73,1089,https://www.youtube.com/watch?v=2yEV8c54ECY,0,0,0,,1478,0,0,0,
fbced2373c5a48f6abee998296f20617,11700,1437,0,0,0,,0,0,0,,0,0,0,,0,0,0,0,
2717397c3d824350ace8ed9b6ba2f08f,11600,1204271,4087,1520,104838,https://www.youtube.com/watch?v=ys3d4omOKdg,3114,1520,13297,https://www.youtube.com/watch?v=Z-wuL81bCUI,4997,2048,104838,https://www.youtube.com/watch?v=ys3d4omOKdg,0,0,0,0,
512e1f38a37942cc8b7cb8aed597a810,11600,733421,249,117,1673,https://www.youtube.com/watch?v=O5yjuqwmf20,249,117,1673,https://www.youtube.com/watch?v=O5yjuqwmf20,546,266,924,https://www.youtube.com/watch?v=Ai8VPqUqCac,0,0,0,0,
5f0afd7885894861925e7030c096297e,11600,599428,260,94,705,https://www.youtube.com/watch?v=Mn7wwv34aHQ,260,94,705,https://www.youtube.com/watch?v=Mn7wwv34aHQ,0,0,0,,0,0,0,0,
446d4bc526a4477eb6a72ae186e9d538,11400,406989,1113,189,25348,https://www.youtube.com/watch?v=KmB3smTrANU,626,186,1490,https://www.youtube.com/watch?v=7lH6xAxZBEk,14014,3073,25348,https://www.youtube.com/watch?v=KmB3smTrANU,0,0,0,0,
e11a32eec71e4b49aba5525ba012a02a,11300,494567,286,162,1632,https://www.youtube.com/watch?v=X2x6EeA8HhE,286,162,1632,https://www.youtube.com/watch?v=X2x6EeA8HhE,0,0,0,,248,0,0,0,
51cd04cab0de47d4b2b5a156bbe2dfb0,11300,458800,219,96,430,https://www.youtube.com/watch?v=LidQkcPdaEU,219,96,430,https://www.youtube.com/watch?v=LidQkcPdaEU,0,0,0,,0,0,0,0,
d9e5219a4cd84ac59bc35faa94729f01,11300,730355,133,63,2882,https://www.youtube.com/watch?v=SrSQgxWVqAg,126,45,280,https://www.youtube.com/watch?v=RIyz5C-Ww_U,1377,714,2882,https://www.youtube.com/watch?v=SrSQgxWVqAg,9116,277,189,555,https://www.twitch.tv/videos/2853183041
4bfaeda5b1f242959a992d6ad8b8a036,11200,346697,167,79,712,https://www.youtube.com/watch?v=kjzcl0pEnnk,167,59,168,https://www.youtube.com/watch?v=eF_-Q_3gM5g,712,406,712,https://www.youtube.com/watch?v=kjzcl0pEnnk,467,0,0,0,
43864254e678407fae3dc899f7155912,11200,516532,229,92,429,https://www.youtube.com/watch?v=AbGavviEoWs,229,92,429,https://www.youtube.com/watch?v=AbGavviEoWs,0,0,0,,0,0,0,0,
824bd7df6923453292dec9ff3e3f664a,11100,576045,734,195,3776,https://www.youtube.com/watch?v=Hk_bRU_FSP8,152,23,238,https://www.youtube.com/watch?v=-imQlquVDqQ,1184,617,3776,https://www.youtube.com/watch?v=Hk_bRU_FSP8,657,0,0,0,
175cfc69dbb34f1a8987f24a935db17f,11100,601403,382,186,10001,https://www.youtube.com/watch?v=ChkCpl21trs,381,160,695,https://www.youtube.com/watch?v=CxSyLNjFpzI,5435,2204,10001,https://www.youtube.com/watch?v=ChkCpl21trs,0,0,0,0,
319383cd0cd4438990dbb916862cdbfc,11100,768003,468,235,87806,https://www.youtube.com/watch?v=yq3IMzfipg0,394,179,819,https://www.youtube.com/watch?v=OA2ITM_xE0U,17027,4524,87806,https://www.youtube.com/watch?v=yq3IMzfipg0,0,0,0,0,
209a528363cd411886ec9e5d086ff1bc,11100,1371328,723,323,1786,https://www.youtube.com/watch?v=2kCqOILW95M,693,310,1786,https://www.youtube.com/watch?v=2kCqOILW95M,1240,1078,1240,https://www.youtube.com/watch?v=hbDAx9NCldo,766,0,0,0,
e949052e4ee24ecd8b352a68f6bf51e1,11100,421900,1083,891,5068,https://www.youtube.com/watch?v=mIS74-E7XDg,858,423,1274,https://www.youtube.com/watch?v=LObrdur0U0s,3159,1802,5068,https://www.youtube.com/watch?v=mIS74-E7XDg,2131,477,326,610,https://www.twitch.tv/videos/2858676420
836f66b079c4466db64a8b3bc9295450,11000,371965,1335,808,1521,https://www.youtube.com/watch?v=lV_7FFQilRU,0,0,0,,1335,808,1521,https://www.youtube.com/watch?v=lV_7FFQilRU,0,0,0,0,
84944da407dc4de9896c7b763132908c,11000,699835,197,91,1686,https://www.youtube.com/watch?v=kTJ8Ej1h3uM,181,79,1059,https://www.youtube.com/watch?v=VF3onOQ9WC8,1410,460,1686,https://www.youtube.com/watch?v=kTJ8Ej1h3uM,0,0,0,0,
f2dc08b1c55843d9a3d1e0461ebf57c1,11000,554221,239,168,46727,https://www.youtube.com/watch?v=Mc4bZQUxpmg,617,420,701,https://www.youtube.com/watch?v=N7M3s9_sTJk,189,120,46727,https://www.youtube.com/watch?v=Mc4bZQUxpmg,0,0,0,0,
b4bf821f6a6a440996f4fd9cddaf250b,11000,563383,326,136,1399,https://www.youtube.com/watch?v=Tu-8X_5nx5A,242,118,704,https://www.youtube.com/watch?v=c7L-6spb8J4,441,154,1399,https://www.youtube.com/watch?v=Tu-8X_5nx5A,144,0,0,0,
99e291fd358849b8877df76fba0a672e,11000,700490,0,0,0,,0,0,0,,0,0,0,,0,0,0,0,
350516d81d0944fd8dde463cbd4fd279,10900,1170143,1205,199,5661,https://www.youtube.com/watch?v=jGMyoxRWDY4,265,90,285,https://www.youtube.com/watch?v=9A1tLOPwLhg,4761,1086,5661,https://www.youtube.com/watch?v=jGMyoxRWDY4,0,0,0,0,
a31f3ab4cad841018b196b4de8186823,10900,841813,420,235,1533,https://www.youtube.com/watch?v=bQme2Sv5imo,333,168,572,https://www.youtube.com/watch?v=jwKvXnnZO-8,1322,504,1533,https://www.youtube.com/watch?v=bQme2Sv5imo,0,0,0,0,
63a55bc5320e4f148ed0abd7991b0e01,10900,1022570,353,190,4477,https://www.youtube.com/watch?v=B8kZNDlRERc,229,63,457,https://www.youtube.com/watch?v=yzwURrWtETo,2016,839,4477,https://www.youtube.com/watch?v=B8kZNDlRERc,8346,1510,450,3676,https://www.twitch.tv/videos/2835747392
e04cb802f3c949bc8300c4125078f738,10900,303177,474,257,2524,https://www.youtube.com/watch?v=MA9IG5mpbls,433,202,917,https://www.youtube.com/watch?v=4e1ZxyrS-o4,1534,516,2524,https://www.youtube.com/watch?v=MA9IG5mpbls,0,0,0,0,
4b53aa789e544bd9aaecc9fbc79e4bbe,10900,884724,437,52,644,https://www.youtube.com/watch?v=SEusGx2bogU,437,52,644,https://www.youtube.com/watch?v=SEusGx2bogU,0,0,0,,0,0,0,0,
6885bffce2184355bed557901e079522,10900,415038,1048,633,4142,https://www.youtube.com/watch?v=Y1CpL6tuNqw,977,702,4142,https://www.youtube.com/watch?v=Y1CpL6tuNqw,1120,101,2806,https://www.youtube.com/watch?v=lpFJbB5hmL0,527,0,0,0,
b165ca888a7d4f61b754ac53ca374f11,10900,712369,0,0,0,,0,0,0,,0,0,0,,0,0,0,0,
ed28c754bb704dbf8a296f7008c2b5e4,10900,114780,0,0,0,,0,0,0,,0,0,0,,993,0,0,0,
702c28baa35c4b7588ad4fa70ddc2304,10900,610507,886,489,72937,https://www.youtube.com/watch?v=9RUcd76o0Jw,706,356,1176,https://www.youtube.com/watch?v=SOOtHSsyCfo,12720,3009,72937,https://www.youtube.com/watch?v=9RUcd76o0Jw,0,0,0,0,
645fc774332a469ebd03f1a822ebe2be,10800,957389,531,218,1537,https://www.youtube.com/watch?v=BvCblY8Ctos,519,241,1537,https://www.youtube.com/watch?v=BvCblY8Ctos,1054,180,1054,https://www.youtube.com/watch?v=sMIEpe4H7N4,0,0,0,0,
89742766181f469b807f397325a2a6bf,10800,240138,145,76,197,https://www.youtube.com/watch?v=vWawn7bEv8c,145,76,197,https://www.youtube.com/watch?v=vWawn7bEv8c,0,0,0,,371,0,0,0,
c518b228a5a849179ab26f28d230036e,10800,134599,0,0,0,,0,0,0,,0,0,0,,0,0,0,0,
75d0bd5fa58a4a5fb479e3b2ebae82a7,10800,449217,183,101,366,https://www.youtube.com/watch?v=-g5BZq6qWmo,183,101,366,https://www.youtube.com/watch?v=-g5BZq6qWmo,0,0,0,,0,0,0,0,
2ff93e20894245d49004276e3b51e64f,10800,619777,783,408,19978,https://www.youtube.com/watch?v=-Pyi3FjrZgk,530,318,2626,https://www.youtube.com/watch?v=IzhUFIvd5-o,1893,745,19978,https://www.youtube.com/watch?v=-Pyi3FjrZgk,0,0,0,0,
c163cb7f683c453fa8a994ebbb09ede8,10800,475375,816,156,2054,https://www.youtube.com/watch?v=-lKiE0bESus,149,49,192,https://www.youtube.com/watch?v=0c04UsfIBAc,1423,519,2054,https://www.youtube.com/watch?v=-lKiE0bESus,3327,318,210,550,https://www.twitch.tv/videos/2856731367
7a88afc5eb644d76b35ed4ca968259bb,10700,779245,16563,5789,16563,https://www.youtube.com/watch?v=l9z6QiCZvcI,0,0,0,,16563,5789,16563,https://www.youtube.com/watch?v=l9z6QiCZvcI,21102,4851,1925,7091,https://www.twitch.tv/videos/2841575344
3e269031fb4b45aaa0906ca424190ce2,10700,584082,1272,645,1612,https://www.youtube.com/watch?v=jLbpivzy_S8,0,0,0,,1272,645,1612,https://www.youtube.com/watch?v=jLbpivzy_S8,11413,1575,952,3339,https://www.twitch.tv/videos/2857574401
95e5788cabf340e397e2726def426229,10600,551067,374,173,2252,https://www.youtube.com/watch?v=J2T7aqUWhvI,334,152,635,https://www.youtube.com/watch?v=Joy8BVSneNs,2003,975,2252,https://www.youtube.com/watch?v=J2T7aqUWhvI,0,0,0,0,
27c0252056e84aa28da6dcebb8e86e85,10600,751462,73,33,1414,https://www.youtube.com/watch?v=g9811iqFJbc,73,33,1414,https://www.youtube.com/watch?v=g9811iqFJbc,0,0,0,,7846,0,0,0,
0715c3b900ad423fa1b981cf4fc15c8f,10500,421424,141,58,374,https://www.youtube.com/watch?v=DsR4oFykbac,141,58,374,https://www.youtube.com/watch?v=DsR4oFykbac,0,0,0,,0,0,0,0,
8dd4a8b4598e483e9112b2b1a9466013,10500,2851014,122,58,412,https://www.youtube.com/watch?v=duUqOOR5q4U,119,58,365,https://www.youtube.com/watch?v=Kg1IpHl7t5c,358,75,412,https://www.youtube.com/watch?v=duUqOOR5q4U,271,0,0,0,
6eec62ae2c9849de8ca895cef44ec952,10400,581763,320,118,1476,https://www.youtube.com/watch?v=RumDS2Xh-VE,233,111,1476,https://www.youtube.com/watch?v=RumDS2Xh-VE,1347,720,1352,https://www.youtube.com/watch?v=vpXFN0Vrjkg,1117,0,0,0,
335ebb05456849c2964629dc7157860e,10400,325866,311,138,2943,https://www.youtube.com/watch?v=Rfv6Rw1UMjc,271,99,1560,https://www.youtube.com/watch?v=BIaDZZLHsUg,1518,767,2943,https://www.youtube.com/watch?v=Rfv6Rw1UMjc,422,120,84,120,https://www.twitch.tv/videos/2851376008
93785f5e8b614be98bf8e096f5b1f997,10400,431203,52,21,1590,https://www.youtube.com/watch?v=_GVPmH0LKiY,89,30,453,https://www.youtube.com/watch?v=GN4vsH94p98,50,20,1590,https://www.youtube.com/watch?v=_GVPmH0LKiY,0,0,0,0,
80dda735a7784d7fb999892874a05f0c,10300,567423,1179,969,1998,https://www.youtube.com/watch?v=tDxVs6B0MaU,312,276,312,https://www.youtube.com/watch?v=x2wgpP3FvII,1204,1166,1998,https://www.youtube.com/watch?v=tDxVs6B0MaU,4272,0,0,0,
b7f222493f4d4bd1be65f1c08300b45e,10300,467448,189,102,1709,https://www.youtube.com/watch?v=hqLiqb7vcec,176,94,323,https://www.youtube.com/watch?v=ZIjdENkkTr8,1709,1201,1709,https://www.youtube.com/watch?v=hqLiqb7vcec,0,0,0,0,
191998e9f0ec4d67a19da194af311636,10300,176576,125,66,1219,https://www.youtube.com/watch?v=FJFmJi1XZME,118,55,492,https://www.youtube.com/watch?v=ghvwlG0c79c,1219,672,1219,https://www.youtube.com/watch?v=FJFmJi1XZME,0,0,0,0,
e0cd8e719dc64b5f9c171736bbaff6f7,10200,1378846,2680,1355,5099,https://www.youtube.com/watch?v=v2ry8JDf4YM,1547,749,4628,https://www.youtube.com/watch?v=ad-xniyfuog,3813,1961,5099,https://www.youtube.com/watch?v=v2ry8JDf4YM,0,0,0,0,
9b33b75521bd43bca3346790ac65559c,10100,3564876,1286,412,23564,https://www.youtube.com/watch?v=tZ7K26gVabI,224,97,1413,https://www.youtube.com/watch?v=W0e-IblveBc,1576,677,23564,https://www.youtube.com/watch?v=tZ7K26gVabI,9006,447,255,1063,https://www.twitch.tv/videos/2839499822
fefbcad20d8344c79c74a103d0ea45b2,10100,319092,0,0,0,,0,0,0,,0,0,0,,0,0,0,0,
310862830fb648b78cca7e581e2622a7,10100,583425,1641,1077,2221,https://www.youtube.com/watch?v=nPLvZzzssh8,0,0,0,,1641,1077,2221,https://www.youtube.com/watch?v=nPLvZzzssh8,21465,3786,2293,27677,https://www.twitch.tv/videos/2836068426
1d5ee3e2653b4ae5b1050533f8d1ae31,10100,4898,0,0,0,,0,0,0,,0,0,0,,0,0,0,0,
123c79d3170e451eae2f0cc3543621f3,10100,341389,445,167,2273,https://www.youtube.com/watch?v=Kx45s2ecxq0,381,124,511,https://www.youtube.com/watch?v=8wZgabLfRNY,2200,916,2273,https://www.youtube.com/watch?v=Kx45s2ecxq0,0,0,0,0,
f42c6f5877f14a38aef3f3b515769149,10000,2022874,327,174,2625,https://www.youtube.com/watch?v=A17oSWwjeXA,252,141,2625,https://www.youtube.com/watch?v=A17oSWwjeXA,943,466,1985,https://www.youtube.com/watch?v=TROYG1X_jSI,0,0,0,0,
80d6517a96e74265a4d24f86b9c295c5,10000,570867,407,256,1823,https://www.youtube.com/watch?v=hs_R1Ut7kL4,330,188,1016,https://www.youtube.com/watch?v=v5LlwcsFGvU,1327,461,1823,https://www.youtube.com/watch?v=hs_R1Ut7kL4,0,0,0,0,
59c0d89447d54786966ba8ecd5649d63,10000,238320,1174,630,1233,https://www.youtube.com/watch?v=jCS15srYn_E,1115,400,1115,https://www.youtube.com/watch?v=OE47Ue1ftdM,1233,860,1233,https://www.youtube.com/watch?v=jCS15srYn_E,1751,0,0,0,
a052e4ff345b41919ab0f13a5b10ff02,10000,513972,348,185,434,https://www.youtube.com/watch?v=WzhQlt-F5Vk,402,132,434,https://www.youtube.com/watch?v=WzhQlt-F5Vk,275,210,326,https://www.youtube.com/watch?v=XHnNNaWS3c8,2084,0,0,0,
cd542f88cc8b47d087301d567b7cebca,10000,385101,266,87,693,https://www.youtube.com/watch?v=saRQa9DyttQ,266,87,693,https://www.youtube.com/watch?v=saRQa9DyttQ,0,0,0,,1959,258,208,568,https://www.twitch.tv/videos/2853158113
96f44559b15e4bad9de2eb8a0a2a92da,9880,946306,1536,540,9725,https://www.youtube.com/watch?v=rm610xKmaZc,612,356,1782,https://www.youtube.com/watch?v=MQ9EljUpl58,2255,1221,9725,https://www.youtube.com/watch?v=rm610xKmaZc,0,0,0,0,
65ada733fbe64a3a86aae7737e32fad0,9780,490660,261,141,3899,https://www.youtube.com/watch?v=b77khDUr1L4,226,148,3899,https://www.youtube.com/watch?v=b77khDUr1L4,903,78,2562,https://www.youtube.com/watch?v=WEcDOOjlrO8,0,0,0,0,
7c0acdc8fe2449deb487cbb827b51723,9760,563074,645,339,1963,https://www.youtube.com/watch?v=vNX3YI-Y_4I,490,325,621,https://www.youtube.com/watch?v=19gnj2cYsYE,1372,353,1963,https://www.youtube.com/watch?v=vNX3YI-Y_4I,220,0,0,0,
1434ae451f81469da327f32c387b9df0,9760,279015,0,0,0,,0,0,0,,0,0,0,,0,0,0,0,
3cf4da41775b4e608f4dde5859cdda74,9700,1820505,1213,54,1568,https://www.youtube.com/watch?v=qxy5IEXgbPA,51,45,51,https://www.youtube.com/watch?v=jk5wD_qUGBY,1316,254,1568,https://www.youtube.com/watch?v=qxy5IEXgbPA,0,0,0,0,
a9faef4b712b4649ba60c7e8e262175a,9680,77166,5743,2506,11387,https://www.youtube.com/watch?v=g3xpZPVFzTY,0,0,0,,5743,2506,11387,https://www.youtube.com/watch?v=g3xpZPVFzTY,0,0,0,0,
f53807443055490f87b85ded6caee0aa,9630,544663,254,164,1366,https://www.youtube.com/watch?v=u8oG72TS9YU,233,114,418,https://www.youtube.com/watch?v=P6BfPMtoiMA,909,325,1366,https://www.youtube.com/watch?v=u8oG72TS9YU,447,0,0,0,
ab19e58312b74ebd9b68e27aeb0adde5,9600,607688,415,163,3592,https://www.youtube.com/watch?v=FG8ocrDx_AI,381,157,2249,https://www.youtube.com/watch?v=jf-VDbwEXmk,1643,424,3592,https://www.youtube.com/watch?v=FG8ocrDx_AI,0,0,0,0,
13c69e2cf2ff4dc1907bbae9a87a8c0f,9520,493153,0,0,0,,0,0,0,,0,0,0,,5677,983,451,3078,https://www.twitch.tv/videos/2833328595
83cb016f535f4275bba29ad276b2084f,9470,639254,253,114,5148,https://www.youtube.com/watch?v=tRmsHM8ceHs,237,102,343,https://www.youtube.com/watch?v=bQU3fSAQu78,1574,356,5148,https://www.youtube.com/watch?v=tRmsHM8ceHs,0,0,0,0,
13992a4fb59649ada3a2adf027b5b35a,9460,93525,116,47,182,https://www.youtube.com/watch?v=I9JHARqhejo,116,47,182,https://www.youtube.com/watch?v=I9JHARqhejo,0,0,0,,3771,32,25,53,https://www.twitch.tv/videos/2850485973
f7472d5310ce42819d17459c4f3fd7c1,9460,538448,556,202,35090,https://www.youtube.com/watch?v=XVWckSFDHso,456,167,1689,https://www.youtube.com/watch?v=vyLNIB-K09E,1260,276,35090,https://www.youtube.com/watch?v=XVWckSFDHso,489,66,49,95,https://www.twitch.tv/videos/2847743032
e3e93491f32d459ba2b79033cf75c619,9430,383109,400,179,1376,https://www.youtube.com/watch?v=Gi9s38t5wwY,373,160,544,https://www.youtube.com/watch?v=CmbTWr26DlA,1376,1149,1376,https://www.youtube.com/watch?v=Gi9s38t5wwY,1262,224,179,282,https://www.twitch.tv/videos/2849561067
f2ad5f187c9141ab8830b8eaf81c3aee,9380,929408,469,177,2042,https://www.youtube.com/watch?v=F6HU-j8no4M,398,151,656,https://www.youtube.com/watch?v=ISamegiBW1Q,753,242,2042,https://www.youtube.com/watch?v=F6HU-j8no4M,0,0,0,0,
247215e876d24dae9932464b75fc577c,9370,824483,224,48,3108,https://www.youtube.com/watch?v=TLbMdGhNEwQ,187,48,253,https://www.youtube.com/watch?v=6pE0QRphR2Q,2799,1104,3108,https://www.youtube.com/watch?v=TLbMdGhNEwQ,0,0,0,0,
2a897c484c05483f9a46467e8f448314,9370,330880,660,338,3684,https://www.youtube.com/watch?v=VcLcgcuWXoA,527,264,3684,https://www.youtube.com/watch?v=VcLcgcuWXoA,1320,877,1911,https://www.youtube.com/watch?v=K6SUI_K6iMk,5235,770,146,1034,https://www.twitch.tv/videos/2833541860
74c26216c39a40d1a9f1c5f63fa4d344,9340,441613,286,154,1451,https://www.youtube.com/watch?v=UTlIWG7GcrQ,285,160,1274,https://www.youtube.com/watch?v=SDAP6FVZds4,298,112,1451,https://www.youtube.com/watch?v=UTlIWG7GcrQ,0,0,0,0,
ac2b3c839ed14b12af1acecf322a15bd,9320,536236,572,105,1663,https://www.youtube.com/watch?v=IPm_sGUqKjg,200,85,842,https://www.youtube.com/watch?v=3ohqq1aw0jc,1188,422,1663,https://www.youtube.com/watch?v=IPm_sGUqKjg,0,0,0,0,
ecd7e504a0b64480a4127a25678e4b4a,9320,121752,0,0,0,,0,0,0,,0,0,0,,0,0,0,0,
42844ee6e0cc47938829b43a3101b9bb,9280,135395,0,0,0,,0,0,0,,0,0,0,,5068,1232,173,1948,https://www.twitch.tv/videos/2833495510
eafe564c8d9945c8af2ed66ff4cd773a,9230,654361,115,23,213,https://www.youtube.com/watch?v=mm5r8g1LjOE,115,23,213,https://www.youtube.com/watch?v=mm5r8g1LjOE,0,0,0,,0,0,0,0,
d2b0c8386e1341668f6bbc789d1ef1e3,9190,994515,314,144,3338,https://www.youtube.com/watch?v=ZRhWcDU6k9w,242,143,1651,https://www.youtube.com/watch?v=dhf2HkjFamg,1786,158,3338,https://www.youtube.com/watch?v=ZRhWcDU6k9w,0,0,0,0,
ce908f10dcde4e2480c8f97aafd45883,9180,1642780,262,110,1762,https://www.youtube.com/watch?v=wRcFjF_ayJ4,253,125,803,https://www.youtube.com/watch?v=Jw94ydxAesY,285,106,1762,https://www.youtube.com/watch?v=wRcFjF_ayJ4,1112,219,158,283,https://www.twitch.tv/videos/2851437197
fe698ded3a6148808ca857c73ac7ee15,9160,571962,361,158,7894,https://www.youtube.com/watch?v=hgugzrDG2_I,340,164,860,https://www.youtube.com/watch?v=VZ3rpjaUPRI,417,151,7894,https://www.youtube.com/watch?v=hgugzrDG2_I,329,0,0,0,
538d1d2058da4bdea1c7f43f088e995b,9140,301540,274,103,1082,https://www.youtube.com/watch?v=q2L3r0jqF8Q,274,103,1082,https://www.youtube.com/watch?v=q2L3r0jqF8Q,0,0,0,,3197,0,0,0,
5ed5801d24c7412fa3fa65a82124aad0,9120,793971,766,234,4573,https://www.youtube.com/watch?v=v7g5AGrVa3E,728,207,1363,https://www.youtube.com/watch?v=lWo9EeXDGwk,2015,1145,4573,https://www.youtube.com/watch?v=v7g5AGrVa3E,2921,862,633,1529,https://www.twitch.tv/videos/2847697139
d90f173970a742d3ade6f4159c785d1e,9110,466747,424,239,2023,https://www.youtube.com/watch?v=rkkJo7rxz8w,352,133,767,https://www.youtube.com/watch?v=SL8pGQPaZXA,1573,616,2023,https://www.youtube.com/watch?v=rkkJo7rxz8w,1577,232,139,471,https://www.twitch.tv/videos/2848520524
423dd7da92be47f4af7273c5f74efb27,9070,399059,0,0,0,,0,0,0,,0,0,0,,36833,1039,555,2249,https://www.twitch.tv/videos/2840253957
558d8602fdeb4f3cb4ce484babb30577,9040,625022,487,237,3244,https://www.youtube.com/watch?v=iNiQoLxb-T4,180,97,359,https://www.youtube.com/watch?v=WjfRzQWGLGg,1254,523,3244,https://www.youtube.com/watch?v=iNiQoLxb-T4,0,0,0,0,
65ab938b60074946af1ea65a002c70df,9010,2813518,842,269,3049,https://www.youtube.com/watch?v=sZLViUR7sqw,281,145,570,https://www.youtube.com/watch?v=z58OuZY5pOc,1506,735,3049,https://www.youtube.com/watch?v=sZLViUR7sqw,579,0,0,0,
7fdfd0346667458a8657626f03434b59,8990,283563,252,107,1879,https://www.youtube.com/watch?v=7Y6kWwry4SM,232,91,663,https://www.youtube.com/watch?v=n0snybiPkhU,1684,1489,1879,https://www.youtube.com/watch?v=7Y6kWwry4SM,424,0,0,0,
d407b30c72a841bd82af1f5cc8ec0667,8930,425202,599,364,1839,https://www.youtube.com/watch?v=WQkd65l5HmQ,91,31,91,https://www.youtube.com/watch?v=FaNRM-9UvtI,637,380,1839,https://www.youtube.com/watch?v=WQkd65l5HmQ,5493,52,41,76,https://www.twitch.tv/videos/2852297187
fa67b0859f2e45589e754f7e528967d6,8920,368682,0,0,0,,0,0,0,,0,0,0,,10631,937,372,1565,https://www.twitch.tv/videos/2835980127
00c158176a504c9bb865b32276e79eb1,8900,301695,181,65,8730,https://www.youtube.com/watch?v=a-fq8wjJiNw,145,51,324,https://www.youtube.com/watch?v=liVtRFlP9uc,7510,2282,8730,https://www.youtube.com/watch?v=a-fq8wjJiNw,0,0,0,0,
1dd6fdbb4f764fc3a18747c8adbf0692,8870,349026,461,206,3025,https://www.youtube.com/watch?v=HAbeBkrLjHE,450,196,696,https://www.youtube.com/watch?v=vbvYyoG7B28,3025,2412,3025,https://www.youtube.com/watch?v=HAbeBkrLjHE,0,0,0,0,
c4ffb821927d406682f3f17edfdf3bcd,8850,354734,0,0,0,,0,0,0,,0,0,0,,0,0,0,0,
1569b00373564846b894f47403376c6b,8770,251576,0,0,0,,0,0,0,,0,0,0,,0,0,0,0,
9b2c7b20d02241b3b82492a5e78a71c0,8760,408270,634,135,2470,https://www.youtube.com/watch?v=X49kPcAakbM,136,53,167,https://www.youtube.com/watch?v=cVBoQcQz1-g,1641,842,2470,https://www.youtube.com/watch?v=X49kPcAakbM,0,0,0,0,
823311ac8226476e8d1e323f536bf8b1,8740,170507,0,0,0,,0,0,0,,0,0,0,,2284,0,0,0,
08a612f1ecf84b619a8899a5caed28c1,8700,885729,387,67,455,https://www.youtube.com/watch?v=wL5qL9ghEJQ,387,67,455,https://www.youtube.com/watch?v=wL5qL9ghEJQ,0,0,0,,21317,544,266,1570,https://www.twitch.tv/videos/2852157614
2f0a0ee6478c45ae8af28953b4c370be,8640,1429452,424,242,2303,https://www.youtube.com/watch?v=Oqn_wvCszEE,418,239,2303,https://www.youtube.com/watch?v=Oqn_wvCszEE,2100,1963,2100,https://www.youtube.com/watch?v=7uZMrq78SGM,0,0,0,0,
03f5b3fed856438c9a53d30fdfadd9b7,8640,350268,270,200,2175,https://www.youtube.com/watch?v=KdIPLq7Xbwo,237,131,2175,https://www.youtube.com/watch?v=KdIPLq7Xbwo,1111,345,1901,https://www.youtube.com/watch?v=X8u-FHBvzKw,0,0,0,0,
4482e4f0cea64f92aa78b2513c7ed897,8590,713589,645,392,2153,https://www.youtube.com/watch?v=N0IbWVCVVlU,645,392,2153,https://www.youtube.com/watch?v=N0IbWVCVVlU,0,0,0,,0,0,0,0,
432458f2f15549919dc6e3706ccbd417,8580,454459,7585,2766,11448,https://www.youtube.com/watch?v=MmocgsvYpGE,0,0,0,,7585,2766,11448,https://www.youtube.com/watch?v=MmocgsvYpGE,0,0,0,0,
6fa1245c717d4af68589205df5ab6427,8560,732324,207,84,408,https://www.youtube.com/watch?v=l5TIN5bxapE,207,84,408,https://www.youtube.com/watch?v=l5TIN5bxapE,0,0,0,,780,3,2,3,https://www.twitch.tv/videos/2859532172
fe1d3152398b44e39d69f7ef78e73a8c,8550,627080,320,149,8259,https://www.youtube.com/watch?v=L1TRxTxHico,208,125,353,https://www.youtube.com/watch?v=m48kCt0bFhE,2077,1151,8259,https://www.youtube.com/watch?v=L1TRxTxHico,627,0,0,0,
1254f176d93548aca5ac7f4b53313f71,8540,4001573,4,2,1324,https://www.youtube.com/watch?v=JNeDkATpP3g,21,8,42,https://www.youtube.com/watch?v=81kSZ3H2OmI,3,1,1324,https://www.youtube.com/watch?v=JNeDkATpP3g,1620,8,4,20,https://www.twitch.tv/videos/2855198318
7ebc0dc9fdf3442688ecd63bbdc30c51,8520,341164,264,189,1450,https://www.youtube.com/watch?v=mNKGNkp8wpE,264,189,1450,https://www.youtube.com/watch?v=mNKGNkp8wpE,0,0,0,,0,0,0,0,
2d6886120def4c148c70514433d77e1e,8470,598240,507,294,1678,https://www.youtube.com/watch?v=eE5b-cmxyzY,466,186,742,https://www.youtube.com/watch?v=N2yaXw4JsFU,1678,1406,1678,https://www.youtube.com/watch?v=eE5b-cmxyzY,0,0,0,0,
cc882664d9794fb88b06a5a0aa1591ae,8460,354164,381,180,1674,https://www.youtube.com/watch?v=L0KFC8EWTek,381,180,1674,https://www.youtube.com/watch?v=L0KFC8EWTek,0,0,0,,0,0,0,0,
ab64eaef68c94ab4afb3a89007c81e9c,8460,1332200,1805,832,3116,https://www.youtube.com/watch?v=Ekg14azhA3M,0,0,0,,1805,832,3116,https://www.youtube.com/watch?v=Ekg14azhA3M,8308,2007,800,11063,https://www.twitch.tv/videos/2852992656
420208d1dcb74abfa325fc1f6a27e17b,8450,439467,715,502,3188,https://www.youtube.com/watch?v=5QczIYyzabk,715,535,3188,https://www.youtube.com/watch?v=5QczIYyzabk,736,469,736,https://www.youtube.com/watch?v=oejkzDSZUmI,1401,0,0,0,
f905195b653944cd9de4ab0b4e6cca58,8430,329496,394,253,2229,https://www.youtube.com/watch?v=F7tR3bq27lg,394,253,2229,https://www.youtube.com/watch?v=F7tR3bq27lg,487,385,487,https://www.youtube.com/watch?v=z83KmnPEQkQ,0,0,0,0,
bdc034d3afcd4456b6da2b96a2e460ef,8410,832725,96,20,96,https://www.youtube.com/watch?v=6my1O-0N9mA,96,20,96,https://www.youtube.com/watch?v=6my1O-0N9mA,0,0,0,,1594,26,16,41,https://www.twitch.tv/videos/2850696332
9604bd9896fc421ba131a9a6e11d50b0,8380,1043470,503,215,4478,https://www.youtube.com/watch?v=9fpeztPtRBk,472,187,2228,https://www.youtube.com/watch?v=GAt25VE8f4c,3114,1602,4478,https://www.youtube.com/watch?v=9fpeztPtRBk,0,0,0,0,
28e0e0a574fe4deca3d5ded0aa5d64ef,8370,539485,522,218,2513,https://www.youtube.com/watch?v=yY4Z9nkJ-gA,508,215,1279,https://www.youtube.com/watch?v=I7V3LsK1x_c,2454,976,2513,https://www.youtube.com/watch?v=yY4Z9nkJ-gA,680,15,14,15,https://www.twitch.tv/videos/2859503042
7298d2db845840d7ab462c7628967f4e,8310,362762,154,57,168,https://www.youtube.com/watch?v=pMNOEQuxGX8,154,57,168,https://www.youtube.com/watch?v=pMNOEQuxGX8,0,0,0,,0,0,0,0,
d797701ab1564b62906f91a341134a9e,8270,409112,1561,551,2499,https://www.youtube.com/watch?v=AREGPWn67JQ,569,167,843,https://www.youtube.com/watch?v=TDVIG-kwgW4,1881,833,2499,https://www.youtube.com/watch?v=AREGPWn67JQ,5270,495,399,618,https://www.twitch.tv/videos/2856898553
3b0031a4b57f46719f06cbf7c5cc42b6,8250,372385,216,110,650,https://www.youtube.com/watch?v=bJygIq9rd0Y,216,110,650,https://www.youtube.com/watch?v=bJygIq9rd0Y,0,0,0,,139,0,0,0,
df0c2ce19ccf4e26ac1a18065f85dacc,8230,482412,256,102,268,https://www.youtube.com/watch?v=LSuO8sVOKt0,256,102,268,https://www.youtube.com/watch?v=LSuO8sVOKt0,0,0,0,,0,0,0,0,
ee20f58e3fb74fae83a42239a83bcc4a,8170,260151,0,0,0,,0,0,0,,0,0,0,,0,0,0,0,
38f11eca620e4c83a3e4211cbf463cce,8150,1141726,998,393,5189,https://www.youtube.com/watch?v=Ptsq4Ur4H-Y,226,83,1307,https://www.youtube.com/watch?v=zOToZ7v76Lk,3462,1572,5189,https://www.youtube.com/watch?v=Ptsq4Ur4H-Y,0,0,0,0,
41a8958a1a4a4cc8b404d04da033400e,8120,394415,490,202,2291,https://www.youtube.com/watch?v=XnfD7CJ_5OE,490,202,2291,https://www.youtube.com/watch?v=XnfD7CJ_5OE,0,0,0,,510,13,7,27,https://www.twitch.tv/videos/2846695919
09b6598d6d604e9397eebff166c69e92,8090,121185,130,63,480,https://www.youtube.com/watch?v=1CHPLIgiWwg,130,63,480,https://www.youtube.com/watch?v=1CHPLIgiWwg,0,0,0,,276,84,35,113,https://www.twitch.tv/videos/2833542021
c72226925ba94855b9fcc88fc2a25acc,8080,814768,415,248,888,https://www.youtube.com/watch?v=MNa2_svQlW0,419,249,888,https://www.youtube.com/watch?v=MNa2_svQlW0,171,44,171,https://www.youtube.com/watch?v=Y28Q6EsFvj0,0,0,0,0,
328a6a5742504b9d977f40660c118239,8020,1131032,300,121,1740,https://www.youtube.com/watch?v=gRyYOLoREyk,248,118,1740,https://www.youtube.com/watch?v=gRyYOLoREyk,452,140,1220,https://www.youtube.com/watch?v=DfTfklrUpzg,0,0,0,0,
bd99f3c8cd6e4fffb75bf0e5b1b5b4fa,8010,379834,1491,805,12210,https://www.youtube.com/watch?v=VZFh7PQgqXM,1491,805,12210,https://www.youtube.com/watch?v=VZFh7PQgqXM,0,0,0,,0,0,0,0,
d13fdb8fdd3049e5bf80b5ab0fa8a1a6,8010,673255,396,258,2418,https://www.youtube.com/watch?v=frbw-rkMFVU,300,207,734,https://www.youtube.com/watch?v=mPjnIZpFafA,1880,258,2418,https://www.youtube.com/watch?v=frbw-rkMFVU,0,0,0,0,
8309d31b418642db83f0cf56b38fc9ad,7960,1113555,584,317,1661,https://www.youtube.com/watch?v=A95nZ0bSMrc,548,240,1343,https://www.youtube.com/watch?v=m8BrxxL7bvk,1387,528,1661,https://www.youtube.com/watch?v=A95nZ0bSMrc,168,0,0,0,
eafb808b078844fdab1d8ed561dbd462,7950,535891,473,193,10298,https://www.youtube.com/watch?v=usJSVXvk15Y,385,132,1212,https://www.youtube.com/watch?v=7kUccGD40JU,1354,1125,10298,https://www.youtube.com/watch?v=usJSVXvk15Y,0,0,0,0,
a188f157d0384e0db5ae73605240d68b,7950,735396,458,254,2619,https://www.youtube.com/watch?v=ZXEfJkKOdW4,393,223,1035,https://www.youtube.com/watch?v=o34XvmtQXqE,1498,701,2619,https://www.youtube.com/watch?v=ZXEfJkKOdW4,1176,0,0,0,
d2a7b2d142ea4076afcfc7263b9e09fd,7940,598161,326,168,1210,https://www.youtube.com/watch?v=rbaVEGRlcxI,304,140,729,https://www.youtube.com/watch?v=XxJhecdpRqw,1192,650,1210,https://www.youtube.com/watch?v=rbaVEGRlcxI,774,0,0,0,
c06f5173a01c4c0db7a761957c02186d,7940,625594,1215,405,2988,https://www.youtube.com/watch?v=iZZFk4MTQQE,564,373,2988,https://www.youtube.com/watch?v=iZZFk4MTQQE,1355,414,2395,https://www.youtube.com/watch?v=36OdxzI-Nl0,656,206,145,259,https://www.twitch.tv/videos/2857810840
0ab16bd60230422d97f73e6810be221c,7850,385052,148,89,1038,https://www.youtube.com/watch?v=YNwP8NZuXNk,148,89,1038,https://www.youtube.com/watch?v=YNwP8NZuXNk,0,0,0,,0,0,0,0,
b90a42d3e9a5465ba4ef8a333c8148e5,7840,933916,167,74,628,https://www.youtube.com/watch?v=JAoljl0G2RY,152,55,628,https://www.youtube.com/watch?v=JAoljl0G2RY,439,245,448,https://www.youtube.com/watch?v=1IAl65wOzlc,0,0,0,0,
56abcaadabbe44dbbd18ab0ecfe1037f,7820,312665,294,118,561,https://www.youtube.com/watch?v=cCQZI-f8Yjg,294,118,561,https://www.youtube.com/watch?v=cCQZI-f8Yjg,0,0,0,,0,0,0,0,
1f54eafd17434cd9bd175d27b72c2228,7820,208330,0,0,0,,0,0,0,,0,0,0,,0,0,0,0,
b10149a2a1ee4ffcbf1dacb1b1722f9f,7780,195940,162,65,204,https://www.youtube.com/watch?v=eUIHvR5NaTc,162,65,204,https://www.youtube.com/watch?v=eUIHvR5NaTc,0,0,0,,857,0,0,0,
556c69847bc14bc7be03b3e40e52ac98,7740,198225,0,0,0,,0,0,0,,0,0,0,,1785,174,134,174,https://www.twitch.tv/videos/2853316133
7af8f321e84542dc9ccda160152fbf0b,7730,256574,213,182,345,https://www.youtube.com/watch?v=u2k7zJsaBXQ,213,182,345,https://www.youtube.com/watch?v=u2k7zJsaBXQ,0,0,0,,0,0,0,0,
f7d0e4ed95e84262b329740d5d27afc9,7720,57592,0,0,0,,0,0,0,,0,0,0,,0,0,0,0,
e4c71cb272a24ce6bda794eae8e5bdfc,7600,476709,420,164,27249,https://www.youtube.com/watch?v=PJiEoXHDLwI,321,137,440,https://www.youtube.com/watch?v=z_kHVW1kyio,1610,878,27249,https://www.youtube.com/watch?v=PJiEoXHDLwI,0,0,0,0,
01edfa8163ad42cd85f56ef4dce2609e,7570,430630,405,172,1771,https://www.youtube.com/watch?v=gaTYQ40gkDM,277,105,932,https://www.youtube.com/watch?v=qOp9Za2E0_E,462,206,1771,https://www.youtube.com/watch?v=gaTYQ40gkDM,0,0,0,0,
cedd78c374b54898a647a3cb3a5263fc,7550,352114,630,179,1217,https://www.youtube.com/watch?v=YnWdnH8BP00,630,179,1217,https://www.youtube.com/watch?v=YnWdnH8BP00,0,0,0,,0,0,0,0,
03b825a2908749099e40cd4a4d1169aa,7530,196445,135,77,607,https://www.youtube.com/watch?v=URk5olsBIU8,135,77,607,https://www.youtube.com/watch?v=URk5olsBIU8,0,0,0,,0,0,0,0,
60ab80cc26bc4e4aaa526ce1952f9e42,7520,478382,192,70,1407,https://www.youtube.com/watch?v=4WUES6vBs58,166,52,1407,https://www.youtube.com/watch?v=4WUES6vBs58,512,137,955,https://www.youtube.com/watch?v=f9ahrSapx1A,388,65,52,101,https://www.twitch.tv/videos/2846912064
b92c6e4c3bea4b938077a8f152f78083,7490,57281,0,0,0,,0,0,0,,0,0,0,,0,0,0,0,
d80f5bc1e3ce4c35aa3eced40cc3bddc,7460,363100,352,200,361,https://www.youtube.com/watch?v=t--HbqUX5Hw,352,200,361,https://www.youtube.com/watch?v=t--HbqUX5Hw,0,0,0,,559,0,0,0,
c897f2f0ae414985aa623bfe2dfe8f1c,7460,201267,391,164,942,https://www.youtube.com/watch?v=VgLepW4u1mQ,425,174,942,https://www.youtube.com/watch?v=VgLepW4u1mQ,104,49,104,https://www.youtube.com/watch?v=S-snbMO5M0k,637,0,0,0,
77e980ab542a4db6a34b5ac9c8f3948b,7460,397248,455,153,670,https://www.youtube.com/watch?v=_DCLvr1oHRg,455,153,670,https://www.youtube.com/watch?v=_DCLvr1oHRg,0,0,0,,725,0,0,0,
94595065e7aa498d93067274eb755301,7450,1265075,91,42,4263,https://www.youtube.com/watch?v=8KgU74s1S0Y,90,37,332,https://www.youtube.com/watch?v=I9LOR-NZPlw,1152,633,4263,https://www.youtube.com/watch?v=8KgU74s1S0Y,0,0,0,0,
9e3edec3eec54f49a065f1970471d473,7430,290740,577,276,1031,https://www.youtube.com/watch?v=TE0yVPIpV1Y,577,276,1031,https://www.youtube.com/watch?v=TE0yVPIpV1Y,0,0,0,,896,0,0,0,
9d864d1af4e749f5a58171b06c070565,7420,650214,304,113,1385,https://www.youtube.com/watch?v=GhPaUfPBPOM,203,113,203,https://www.youtube.com/watch?v=CUQDmaQQk80,674,111,1385,https://www.youtube.com/watch?v=GhPaUfPBPOM,3790,255,152,486,https://www.twitch.tv/videos/2854957417
5cdf289b83524643af7ab2f2c8788adf,7340,348673,147,42,761,https://www.youtube.com/watch?v=D7mjXcEG-4Y,154,43,761,https://www.youtube.com/watch?v=D7mjXcEG-4Y,45,6,45,https://www.youtube.com/watch?v=04aXoPxloq0,0,0,0,0,
97a56c6914ab431d9b670456d11b22ed,7320,280244,169,104,1624,https://www.youtube.com/watch?v=406gjVjoxz8,168,89,453,https://www.youtube.com/watch?v=cnhOzbkXVg0,667,422,1624,https://www.youtube.com/watch?v=406gjVjoxz8,0,0,0,0,
7f72433f23da4bf8bfbf7ee3904eb7ca,7290,296447,0,0,0,,0,0,0,,0,0,0,,856,0,0,0,
c430f1e7cfee4440b2b537c80a2a667d,7280,260225,329,149,833,https://www.youtube.com/watch?v=5JRBV87yPOo,329,149,833,https://www.youtube.com/watch?v=5JRBV87yPOo,0,0,0,,0,0,0,0,
9f975d473431409190e397bdc946d5b0,7280,354671,250,128,7846,https://www.youtube.com/watch?v=X8oBZeSmEAI,249,120,991,https://www.youtube.com/watch?v=AuDVc6bZENo,7846,254,7846,https://www.youtube.com/watch?v=X8oBZeSmEAI,251,0,0,0,
63108f8ea91a4a699f345bb259750745,7270,157456,177,66,269,https://www.youtube.com/watch?v=W2UamlwGn0I,177,66,269,https://www.youtube.com/watch?v=W2UamlwGn0I,0,0,0,,0,0,0,0,
4865c3feac234584909168181b7dc2be,7260,200463,359,211,1342,https://www.youtube.com/watch?v=1Z7t_RCprBQ,282,130,655,https://www.youtube.com/watch?v=DeW4zqMizvM,759,455,1342,https://www.youtube.com/watch?v=1Z7t_RCprBQ,272,0,0,0,
5d903f62e014487e9ab21a48c19fc6ac,7200,482844,1019,395,2100,https://www.youtube.com/watch?v=-fI2SeDG4Og,255,122,474,https://www.youtube.com/watch?v=lElLas26SiY,1579,464,2100,https://www.youtube.com/watch?v=-fI2SeDG4Og,918,0,0,0,
f40b8e8debf14680b5cc88bae98918f7,7200,227501,841,773,841,https://www.youtube.com/watch?v=QCGrdY9RDfE,841,773,841,https://www.youtube.com/watch?v=QCGrdY9RDfE,0,0,0,,0,0,0,0,
8c6bc741e4614154a63e987f930a468d,7190,405373,198,114,1391,https://www.youtube.com/watch?v=WOxZcL7InNM,176,71,1313,https://www.youtube.com/watch?v=_0_JUUNP4q8,1303,698,1391,https://www.youtube.com/watch?v=WOxZcL7InNM,0,0,0,0,
715cc1261d7e42c18135d47bd1cf2500,7170,177044,0,0,0,,0,0,0,,0,0,0,,6422,254,193,455,https://www.twitch.tv/videos/2855931801
5fa2dee0fba64112aa476441cd6ff982,7150,348217,479,164,941,https://www.youtube.com/watch?v=J7BJ3H9rwvA,479,164,941,https://www.youtube.com/watch?v=J7BJ3H9rwvA,0,0,0,,0,0,0,0,
3c1783f6914f414b830c836829d1afa2,7130,302102,226,128,2041,https://www.youtube.com/watch?v=-pvR_Unvy5c,217,105,1261,https://www.youtube.com/watch?v=7oojRZI3dE4,1302,1136,2041,https://www.youtube.com/watch?v=-pvR_Unvy5c,277,0,0,0,
990b7e28df934de1bdab364d72c79f90,7110,1835,0,0,0,,0,0,0,,0,0,0,,0,0,0,0,
c321746bebe740cb98625ca4cf6fb9a7,7090,99505,473,354,1874,https://www.youtube.com/watch?v=zCo1i8Q8LV8,459,346,613,https://www.youtube.com/watch?v=ZGQmR2FBL_I,1874,1130,1874,https://www.youtube.com/watch?v=zCo1i8Q8LV8,0,0,0,0,
e7e219a17a7644cd9d28a2ab871f5f7c,7050,282428,0,0,0,,0,0,0,,0,0,0,,3048,0,0,0,
a28e29c9e8ec4791a700cd2e30904534,7040,215796,174,98,1995,https://www.youtube.com/watch?v=l446OWKxRhA,168,82,391,https://www.youtube.com/watch?v=DsDhUe55Ttk,1995,870,1995,https://www.youtube.com/watch?v=l446OWKxRhA,2940,218,202,355,https://www.twitch.tv/videos/2858511762
40c846b91c4a44a980eddf20f0f789c0,7030,1192447,597,241,29525,https://www.youtube.com/watch?v=hZyzr7rJvgw,189,83,782,https://www.youtube.com/watch?v=gSEkeUjmz_w,3051,1853,29525,https://www.youtube.com/watch?v=hZyzr7rJvgw,6934,678,484,1048,https://www.twitch.tv/videos/2847580988
a3c6cbf76630432c83fa5277388be97c,7020,87483,406,257,406,https://www.youtube.com/watch?v=PxCRzzM4KZM,406,257,406,https://www.youtube.com/watch?v=PxCRzzM4KZM,0,0,0,,0,0,0,0,
35b7bd4f6fcb4fbfb3ebe83be100d9a0,7000,549337,0,0,0,,0,0,0,,0,0,0,,0,0,0,0,
1937fa889b474d339713d1117f435018,6940,864700,139,58,1286,https://www.youtube.com/watch?v=xa03L_fBluo,108,53,306,https://www.youtube.com/watch?v=8V3cSGE73kY,458,192,1286,https://www.youtube.com/watch?v=xa03L_fBluo,7393,542,290,1360,https://www.twitch.tv/videos/2852890481
679aef46b6f448e493fdedae7df5b288,6920,1446888,235,13,388,https://www.youtube.com/watch?v=8eYRZxjww0o,0,0,0,,235,13,388,https://www.youtube.com/watch?v=8eYRZxjww0o,474,0,0,0,
f7b1eada802e4ed89c306c6641d243b3,6870,301005,162,72,291,https://www.youtube.com/watch?v=hkENfYShp_Y,162,72,291,https://www.youtube.com/watch?v=hkENfYShp_Y,0,0,0,,429,0,0,0,
c8ef4e3182b74ecd994c837a75624390,6850,607385,1299,496,2290,https://www.youtube.com/watch?v=oPsYWoQIW_A,200,74,291,https://www.youtube.com/watch?v=BPa9JUSc98o,1332,721,2290,https://www.youtube.com/watch?v=oPsYWoQIW_A,0,0,0,0,
b1cb513e2511484cabbac00140b4a95c,6840,319822,677,284,2582,https://www.youtube.com/watch?v=iWKpqJ_vja8,461,206,892,https://www.youtube.com/watch?v=sg6Hvs8VSv4,1408,1047,2582,https://www.youtube.com/watch?v=iWKpqJ_vja8,702,382,237,615,https://www.twitch.tv/videos/2856753085
4576d781ddae45d59fc83c8d25385983,6830,219964,2102,777,6512,https://www.youtube.com/watch?v=F6vTyl9acWQ,2530,1511,6512,https://www.youtube.com/watch?v=F6vTyl9acWQ,1349,219,2346,https://www.youtube.com/watch?v=7q1rfnk8h08,248,0,0,0,
7f9d223a684e44e8b8d30bedcc07f1fa,6810,236955,136,43,400,https://www.youtube.com/watch?v=CnAvfyF5T2Q,138,57,400,https://www.youtube.com/watch?v=CnAvfyF5T2Q,71,23,73,https://www.youtube.com/watch?v=aPDPbV5SuhU,0,0,0,0,
dc3e05e0c12b4e0a93dc230f30925ee0,6780,190065,828,165,1693,https://www.youtube.com/watch?v=mPlJQdULz9I,0,0,0,,828,165,1693,https://www.youtube.com/watch?v=mPlJQdULz9I,7064,0,0,0,
2d84a02e592d4a92893b7cc36af95a26,6770,288663,385,195,2806,https://www.youtube.com/watch?v=eM8ijVuTDus,376,161,2016,https://www.youtube.com/watch?v=SpwrIEG6KAM,906,211,2806,https://www.youtube.com/watch?v=eM8ijVuTDus,986,398,387,463,https://www.twitch.tv/videos/2857867175
038ee6280ef742bcad8450ad52049944,6760,455511,178,59,445,https://www.youtube.com/watch?v=mexTu4iIx3M,178,59,445,https://www.youtube.com/watch?v=mexTu4iIx3M,0,0,0,,0,0,0,0,
fec8644970684cffbbae8dd37a52d59c,6750,401192,256,118,15951,https://www.youtube.com/watch?v=Z6RTfUHKoPQ,252,110,1918,https://www.youtube.com/watch?v=LHjzzDmPvBo,1004,278,15951,https://www.youtube.com/watch?v=Z6RTfUHKoPQ,2179,1199,714,3269,https://www.twitch.tv/videos/2840134884
757f1b20f7bd459ebd8949da907dceea,6740,394755,133,70,583,https://www.youtube.com/watch?v=7pI4shDNIyQ,133,70,583,https://www.youtube.com/watch?v=7pI4shDNIyQ,0,0,0,,0,0,0,0,
6fb9853185d844de80d4f3e0f3f2726d,6740,0,0,0,0,,0,0,0,,0,0,0,,0,0,0,0,
80f4d6e50af64a48be812258498e86c0,6690,357239,0,0,0,,0,0,0,,0,0,0,,160,0,0,0,
f81d4ef6f2f54e0c8c6d12a09e1fa5c7,6690,172073,240,142,1985,https://www.youtube.com/watch?v=ydVQ7uJ0LyE,208,132,1985,https://www.youtube.com/watch?v=ydVQ7uJ0LyE,622,247,1226,https://www.youtube.com/watch?v=oFuGU3qewZc,0,0,0,0,
f58318cdd690482c9d19fb68bca374a4,6660,438577,195,77,1923,https://www.youtube.com/watch?v=3WVDkO2M_pA,125,24,657,https://www.youtube.com/watch?v=i6nbKl-Q5mU,1853,788,1923,https://www.youtube.com/watch?v=3WVDkO2M_pA,232,0,0,0,
5dbed684176349d28353d5293085cd9c,6650,273687,251,162,422,https://www.youtube.com/watch?v=oQ1uXXQ7H9Q,251,162,422,https://www.youtube.com/watch?v=oQ1uXXQ7H9Q,0,0,0,,0,0,0,0,
6ddea98137e2429eb0e9c4025ad9294f,6650,279719,375,170,1445,https://www.youtube.com/watch?v=uJeRUOyMpgY,240,127,433,https://www.youtube.com/watch?v=tAdFM-Rh_-8,887,399,1445,https://www.youtube.com/watch?v=uJeRUOyMpgY,0,0,0,0,
49196eec11454f589d4d6e52f1b1bbe8,6630,561449,169,65,413,https://www.youtube.com/watch?v=Wi1DSojDOjI,175,81,413,https://www.youtube.com/watch?v=Wi1DSojDOjI,50,28,364,https://www.youtube.com/watch?v=wzkwWPFuwvY,0,0,0,0,
6603f7e70b684a07a3dac687460bacc5,6620,275480,173,114,455,https://www.youtube.com/watch?v=TNhZa_Pa2mk,173,114,455,https://www.youtube.com/watch?v=TNhZa_Pa2mk,0,0,0,,1419,0,0,0,
f6c34086d07a4322b9d4ebc538bada96,6580,131391,0,0,0,,0,0,0,,0,0,0,,0,0,0,0,
468c9630d37b4c41bb6b0305dc1143cf,6550,431454,310,227,455,https://www.youtube.com/watch?v=yzcFj9vWJUY,247,123,310,https://www.youtube.com/watch?v=1YafRxDG1BY,455,305,455,https://www.youtube.com/watch?v=yzcFj9vWJUY,473,0,0,0,
160f90709224412f9cfc2aaa88e89a57,6540,761242,824,475,3262,https://www.youtube.com/watch?v=j-Ej1iYmrrE,814,462,3262,https://www.youtube.com/watch?v=j-Ej1iYmrrE,1889,801,1889,https://www.youtube.com/watch?v=a-i4ST50PH8,0,0,0,0,
e0debb323c5d49268c92c5d660cdb664,6530,355495,357,152,750,https://www.youtube.com/watch?v=Sl89m0pPezU,357,152,750,https://www.youtube.com/watch?v=Sl89m0pPezU,0,0,0,,0,0,0,0,
08be94e874d448f8a2794a44c61e8d8f,6510,410838,160,67,187,https://www.youtube.com/watch?v=EsM8EO9vUHg,160,67,187,https://www.youtube.com/watch?v=EsM8EO9vUHg,0,0,0,,0,0,0,0,
b54e216619d14031a317b820113e4084,6500,309255,166,57,356,https://www.youtube.com/watch?v=TabAV2P1tL8,166,79,264,https://www.youtube.com/watch?v=o0IJGds4-tQ,183,35,356,https://www.youtube.com/watch?v=TabAV2P1tL8,0,0,0,0,
bafa406351614acb9162347235baf257,6450,431539,394,158,26303,https://www.youtube.com/watch?v=80kIFCHtI-A,335,148,531,https://www.youtube.com/watch?v=JrPmR60I0R8,1304,415,26303,https://www.youtube.com/watch?v=80kIFCHtI-A,0,0,0,0,
c2362f5ca48445a89fd081c4b2bc74d4,6440,247018,224,120,237,https://www.youtube.com/watch?v=6pEzPy5pmWA,224,120,237,https://www.youtube.com/watch?v=6pEzPy5pmWA,0,0,0,,136,0,0,0,
fffd31d236a2479c9070bcc171bdc13d,6430,178781,0,0,0,,0,0,0,,0,0,0,,0,0,0,0,
e8c89b4aec4d45fbbb76533eb3db0428,6400,145069,87,41,87,https://www.youtube.com/watch?v=bNKodOMj6Tc,87,41,87,https://www.youtube.com/watch?v=bNKodOMj6Tc,0,0,0,,0,0,0,0,
1357f282a9f04f6cbe3e215a0bd20482,6390,186172,362,175,1790,https://www.youtube.com/watch?v=WZx0LkRkMCs,266,154,561,https://www.youtube.com/watch?v=bIg4BNOZr1g,430,181,1790,https://www.youtube.com/watch?v=WZx0LkRkMCs,2047,0,0,0,
da3a3993bd8946da824d66d5a5d456e2,6370,330188,0,0,0,,0,0,0,,0,0,0,,0,0,0,0,
0851296bdf4c4516b2506b8cce5151da,6360,623406,152,46,294,https://www.youtube.com/watch?v=hPvMD_l_7jM,172,49,294,https://www.youtube.com/watch?v=hPvMD_l_7jM,65,46,65,https://www.youtube.com/watch?v=VEKU0DleBe0,0,0,0,0,
281c7713c21e41bcb6e81365f328ab8c,6350,239651,0,0,0,,0,0,0,,0,0,0,,0,0,0,0,
41d4243609de491ba43ef4e11b8a0254,6350,743978,2176,868,7479,https://www.youtube.com/watch?v=AkRO3waZwwA,1198,563,2435,https://www.youtube.com/watch?v=eeEFLEBE5r4,3150,1211,7479,https://www.youtube.com/watch?v=AkRO3waZwwA,0,0,0,0,
02e7729df0424fbbb21b77ccd543b0be,6350,1703500,136,70,1405,https://www.youtube.com/watch?v=83tqvO61SFE,46,26,84,https://www.youtube.com/watch?v=o9G-OD03hys,214,83,1405,https://www.youtube.com/watch?v=83tqvO61SFE,0,0,0,0,
c34e43b57f9f448582094f712a0b2c1a,6330,397447,204,131,6264,https://www.youtube.com/watch?v=_2dTW5zamx4,202,131,277,https://www.youtube.com/watch?v=B7ekU7RaeXI,3396,2347,6264,https://www.youtube.com/watch?v=_2dTW5zamx4,0,0,0,0,
caf08c74dd7b4919bca49eef394d5475,6330,864694,1131,300,2093,https://www.youtube.com/watch?v=GjWICLMKpEc,265,224,590,https://www.youtube.com/watch?v=PCprS5MEx8s,1585,440,2093,https://www.youtube.com/watch?v=GjWICLMKpEc,4128,1158,521,3341,https://www.twitch.tv/videos/2854119590
5cb1c062f5f94b44a41ae658f4a53f0c,6310,141592,0,0,0,,0,0,0,,0,0,0,,14012,669,224,1322,https://www.twitch.tv/videos/2853092672
4eecf80e6ecc4644a7ff08314e6e0c82,6300,441830,263,216,362,https://www.youtube.com/watch?v=g-osUL7IJyk,263,216,362,https://www.youtube.com/watch?v=g-osUL7IJyk,0,0,0,,380,0,0,0,
bf48aafcc9464111b358a4595cc7311c,6280,168017,0,0,0,,0,0,0,,0,0,0,,0,0,0,0,
94c7cb6122bd4dcab2d8660ddc5f5508,6240,221844,231,129,274,https://www.youtube.com/watch?v=pgeHkywiI9E,231,129,274,https://www.youtube.com/watch?v=pgeHkywiI9E,0,0,0,,429,56,41,110,https://www.twitch.tv/videos/2852153280
b8cd7bf3e49d4cc1a24140546b91f462,6240,384901,0,0,0,,0,0,0,,0,0,0,,46,0,0,0,
1307131312c54a11ab326e62474efc8a,6220,244145,0,0,0,,0,0,0,,0,0,0,,0,0,0,0,
35f3bb64e69c432180b98dde239f3bdd,6210,597382,642,241,3536,https://www.youtube.com/watch?v=pTxrQeswa9c,589,241,3536,https://www.youtube.com/watch?v=pTxrQeswa9c,873,298,1287,https://www.youtube.com/watch?v=hrbf6tLILE4,967,97,77,306,https://www.twitch.tv/videos/2855678842
208d8aa3792641d6ae4e0de5a10a4a6f,6160,383521,264,162,2823,https://www.youtube.com/watch?v=ATHoFro-tzw,110,57,308,https://www.youtube.com/watch?v=j2NYJvHDmDc,1396,652,2823,https://www.youtube.com/watch?v=ATHoFro-tzw,1572,109,75,123,https://www.twitch.tv/videos/2856852785
2978ff3ab5f54898947af41ca4d47c4c,6150,152294,127,21,1566,https://www.youtube.com/watch?v=osntZEiAEh8,85,15,474,https://www.youtube.com/watch?v=66Y-DpFRGuY,866,469,1566,https://www.youtube.com/watch?v=osntZEiAEh8,553,0,0,0,
fceadce7c37f4cc08bc747aa79c3cf9e,6150,245382,270,133,1473,https://www.youtube.com/watch?v=A6RSF03AXb4,230,85,385,https://www.youtube.com/watch?v=vHWmUlwni_Y,1133,272,1473,https://www.youtube.com/watch?v=A6RSF03AXb4,0,0,0,0,
34edb431f7da4a43b2a6a9d79d2858d1,6150,349442,338,243,1942,https://www.youtube.com/watch?v=UrGtKNykhDk,366,263,1158,https://www.youtube.com/watch?v=diM9eKOVk5s,338,171,1942,https://www.youtube.com/watch?v=UrGtKNykhDk,653,656,595,656,https://www.twitch.tv/videos/2856932726
b0f00fccf8a14655911360748c4699cd,6140,178814,143,55,1554,https://www.youtube.com/watch?v=WIXYhkTzaPA,105,49,157,https://www.youtube.com/watch?v=fz6Hz8UpcTg,1171,730,1554,https://www.youtube.com/watch?v=WIXYhkTzaPA,0,0,0,0,
9ff913f8a0fa42269c6e3d462af1b2e0,6120,109130,1059,432,9264,https://www.youtube.com/watch?v=IpPEkjgU0GA,961,212,1962,https://www.youtube.com/watch?v=X4hY09aVvPk,1484,768,9264,https://www.youtube.com/watch?v=IpPEkjgU0GA,0,0,0,0,
2bf038f2a9514434aefa4ef7b2140f56,6120,263740,495,230,2421,https://www.youtube.com/watch?v=kpmIrW_4toU,344,167,1055,https://www.youtube.com/watch?v=FUhBtxwoUeQ,1703,758,2421,https://www.youtube.com/watch?v=kpmIrW_4toU,812,309,278,411,https://www.twitch.tv/videos/2855854553
1a3a0feb188e499ab4972c971d639f58,6090,273680,0,0,0,,0,0,0,,0,0,0,,0,0,0,0,
a83b6d485350402b90238deb371ae654,6060,112905,0,0,0,,0,0,0,,0,0,0,,4062,0,0,0,
b6a105f12b904256ba356935ae46657f,6050,41160,269,133,472,https://www.youtube.com/watch?v=nLYngC6Cras,206,141,241,https://www.youtube.com/watch?v=32RZc2SBjUU,385,123,472,https://www.youtube.com/watch?v=nLYngC6Cras,8758,456,334,636,https://www.twitch.tv/videos/2837868597
75b388425b774a9f99a4483e295a13f0,6030,814051,154,98,1309,https://www.youtube.com/watch?v=BPxmiypeZZw,153,101,946,https://www.youtube.com/watch?v=ShEauF8zqS8,459,75,1309,https://www.youtube.com/watch?v=BPxmiypeZZw,419,0,0,0,
dbfaa5f3d01142df8a05c4946a0a22dc,6020,529571,440,104,3625,https://www.youtube.com/watch?v=Dt6UDyYEj8E,391,80,1152,https://www.youtube.com/watch?v=Wu-2r6cTztI,3625,615,3625,https://www.youtube.com/watch?v=Dt6UDyYEj8E,0,0,0,0,
16c4a9b7211a44f6b98d8e1aebf4ea70,6010,221847,0,0,0,,0,0,0,,0,0,0,,635,0,0,0,
00c2bd1279064d88b05ad2d17d790e37,5980,102713,450,233,1487,https://www.youtube.com/watch?v=TJkFjZVrrqk,408,126,700,https://www.youtube.com/watch?v=naujSRbSzVs,961,727,1487,https://www.youtube.com/watch?v=TJkFjZVrrqk,1047,477,351,614,https://www.twitch.tv/videos/2850471185
4cd21df2b76148b182903cc0aebe2bfa,5980,235049,214,89,297,https://www.youtube.com/watch?v=g6b3T_HElzg,214,89,297,https://www.youtube.com/watch?v=g6b3T_HElzg,0,0,0,,0,0,0,0,
25027be34ca844c885f40d5c26507898,5940,344232,534,196,2338,https://www.youtube.com/watch?v=BSEVQhn50FM,461,175,1574,https://www.youtube.com/watch?v=DMaL_XxM03A,677,374,2338,https://www.youtube.com/watch?v=BSEVQhn50FM,0,0,0,0,
86154ca2dc964847b37297138aa65b9f,5930,252965,146,61,274,https://www.youtube.com/watch?v=d1M8TCKcqn4,146,61,274,https://www.youtube.com/watch?v=d1M8TCKcqn4,0,0,0,,1060,0,0,0,
9b11be3138284ff3904d3292d6aaa284,5920,313690,185,96,2050,https://www.youtube.com/watch?v=QKWWubW5Opg,185,96,259,https://www.youtube.com/watch?v=YQMv2vXEfDM,512,417,2050,https://www.youtube.com/watch?v=QKWWubW5Opg,0,0,0,0,
1ae72d56be5547b1825cdc0fdc0cce2e,5910,81307,107,70,145,https://www.youtube.com/watch?v=1Ydzu33gc8s,107,70,145,https://www.youtube.com/watch?v=1Ydzu33gc8s,0,0,0,,0,0,0,0,
325c292889f542688512641841b4ed8a,5910,260129,791,85,791,https://www.youtube.com/watch?v=XJt3znH7T1s,791,85,791,https://www.youtube.com/watch?v=XJt3znH7T1s,0,0,0,,0,0,0,0,
dcbe7946e39e48bcb0b725de64a445c8,5900,565963,472,250,4489,https://www.youtube.com/watch?v=0X1HKdrEXmc,472,250,4489,https://www.youtube.com/watch?v=0X1HKdrEXmc,0,0,0,,0,0,0,0,
33717d815310491da465eb6258a70b1c,5890,281899,264,141,403,https://www.youtube.com/watch?v=IkRFpwNMaFI,274,152,403,https://www.youtube.com/watch?v=IkRFpwNMaFI,169,46,169,https://www.youtube.com/watch?v=mS8aPGUM500,0,0,0,0,
7f4f30df30ec405bb0968c585b243fa5,5890,498245,331,213,976,https://www.youtube.com/watch?v=Ej1Vq1K-zdo,331,230,976,https://www.youtube.com/watch?v=Ej1Vq1K-zdo,122,37,122,https://www.youtube.com/watch?v=fsB6auzJuAY,896,550,445,550,https://www.twitch.tv/videos/2854345777
7ae1c13d53fb44f49f386eef43c63ee4,5860,326105,181,87,1573,https://www.youtube.com/watch?v=LhxwbnYKMvY,164,67,775,https://www.youtube.com/watch?v=l5wX6gg4xcM,892,436,1573,https://www.youtube.com/watch?v=LhxwbnYKMvY,77,0,0,0,
58c4453bedb9463ab1dcb522d4d50faf,5780,1063786,117,49,346,https://www.youtube.com/watch?v=FA1x9E2p6F4,117,49,346,https://www.youtube.com/watch?v=FA1x9E2p6F4,0,0,0,,0,0,0,0,
925d91a363914edfb035fe6c08946be9,5770,191223,218,116,233,https://www.youtube.com/watch?v=bHWpEHob2n0,218,116,233,https://www.youtube.com/watch?v=bHWpEHob2n0,0,0,0,,0,0,0,0,
58304450990a433b88acd02b889b74e6,5720,189933,193,82,1068,https://www.youtube.com/watch?v=FDbr9QJsWl8,186,76,420,https://www.youtube.com/watch?v=Me7t8fdA1Fk,1014,346,1068,https://www.youtube.com/watch?v=FDbr9QJsWl8,298,136,94,181,https://www.twitch.tv/videos/2853323524
e17f42aa104040deae2ee3f3b1e85ed8,5700,322330,0,0,0,,0,0,0,,0,0,0,,40146,2358,560,4437,https://www.twitch.tv/videos/2839010940
9e213402f2f54c42866d4f62545921b4,5680,147680,0,0,0,,0,0,0,,0,0,0,,447,0,0,0,
e0f419006f244a51804050ede1d1a5aa,5640,1489612,85,45,1918,https://www.youtube.com/watch?v=qnAWgnidNSg,73,38,1474,https://www.youtube.com/watch?v=jLeVszuBkLY,1698,1465,1918,https://www.youtube.com/watch?v=qnAWgnidNSg,0,0,0,0,
8f0b41303e8a481689fe4309a565ecd3,5630,352918,293,190,1602,https://www.youtube.com/watch?v=0BczNFQqmZ0,275,130,1016,https://www.youtube.com/watch?v=b1eOHpj1vMw,1447,1016,1602,https://www.youtube.com/watch?v=0BczNFQqmZ0,1470,175,100,175,https://www.twitch.tv/videos/2847807021
a800589948934dd68ac2c728cc05fbaf,5620,94146,173,62,173,https://www.youtube.com/watch?v=6iwobL9yodU,173,62,173,https://www.youtube.com/watch?v=6iwobL9yodU,0,0,0,,0,0,0,0,
e4e33334b43945b6837ec43826f3727f,5600,271814,327,226,1870,https://www.youtube.com/watch?v=sOjgexwJ_k8,285,125,693,https://www.youtube.com/watch?v=07wmU5pHddM,1563,679,1870,https://www.youtube.com/watch?v=sOjgexwJ_k8,0,0,0,0,
70adcdf6f8a146089a4e724b14146efd,5590,409319,455,262,611,https://www.youtube.com/watch?v=6RXR9fDjPuo,455,262,611,https://www.youtube.com/watch?v=6RXR9fDjPuo,0,0,0,,573,0,0,0,
ea7d228d8fb2462f95aef21fc5bd4fb8,5590,1083626,722,322,1812,https://www.youtube.com/watch?v=YSUf8cs4SbE,722,322,1812,https://www.youtube.com/watch?v=YSUf8cs4SbE,0,0,0,,0,0,0,0,
988d1a83ff6c4f82af6be42946987c36,5580,429253,1055,316,2114,https://www.youtube.com/watch?v=hyQth23nCgw,211,129,295,https://www.youtube.com/watch?v=tenI1FD2yPw,1336,627,2114,https://www.youtube.com/watch?v=hyQth23nCgw,0,0,0,0,
887b37336c9c4730809ace8b5e38df17,5530,65176,0,0,0,,0,0,0,,0,0,0,,53490,1401,388,2727,https://www.twitch.tv/videos/2842252865
443ba741722742d5b7d5f76c3e7b445b,5520,556275,206,79,483,https://www.youtube.com/watch?v=UFoB6B4gF34,201,74,483,https://www.youtube.com/watch?v=UFoB6B4gF34,246,140,344,https://www.youtube.com/watch?v=ph030mOEV-0,0,0,0,0,
d889f67fe7b84a38a9742ab2a47f346a,5510,738484,323,221,1997,https://www.youtube.com/watch?v=pb3yJ1__Ow8,186,45,328,https://www.youtube.com/watch?v=55AvgdZOxzA,1637,707,1997,https://www.youtube.com/watch?v=pb3yJ1__Ow8,3543,410,262,667,https://www.twitch.tv/videos/2849649573
38ecb20931514383b2d93885136c6b68,5500,248753,259,94,2393,https://www.youtube.com/watch?v=7_CRYaPbyeM,222,78,707,https://www.youtube.com/watch?v=zFh2aIijjjM,1738,143,2393,https://www.youtube.com/watch?v=7_CRYaPbyeM,0,0,0,0,
bd7d712e0946448aa29a1d213d1c1beb,5500,193226,681,422,2835,https://www.youtube.com/watch?v=bbrj8fk635A,173,66,188,https://www.youtube.com/watch?v=bzOger0fQhg,1767,942,2835,https://www.youtube.com/watch?v=bbrj8fk635A,648,269,216,347,https://www.twitch.tv/videos/2847810889
2c42a2d77b4c481bae57dc00a66c2f16,5490,631391,589,332,1350,https://www.youtube.com/watch?v=z6Asj8oDTRA,604,373,1350,https://www.youtube.com/watch?v=z6Asj8oDTRA,198,152,475,https://www.youtube.com/watch?v=ulf-aQra77Y,0,0,0,0,
510bdce263cc479ca12d1fad64bfc65e,5460,404350,296,157,2027,https://www.youtube.com/watch?v=IqLyTIqDdDA,259,117,553,https://www.youtube.com/watch?v=kLsnqIqRy1s,1299,405,2027,https://www.youtube.com/watch?v=IqLyTIqDdDA,0,0,0,0,
a60e76fb18f44818980d7d5b07cf82c9,5450,277291,585,275,1710,https://www.youtube.com/watch?v=NLpbhS3C3V0,535,147,1710,https://www.youtube.com/watch?v=NLpbhS3C3V0,1085,325,1683,https://www.youtube.com/watch?v=N879CQVz46k,841,301,212,596,https://www.twitch.tv/videos/2849687264
428251b7832a48219276fb6e5f644e86,5440,845138,49,21,307,https://www.youtube.com/watch?v=qWH3aTGrL3M,27,9,27,https://www.youtube.com/watch?v=uE92FHB55h4,178,41,307,https://www.youtube.com/watch?v=qWH3aTGrL3M,255,0,0,0,
490a48eedc944f9cb74501e6eefeb04d,5420,315584,0,0,0,,0,0,0,,0,0,0,,2951,0,0,0,
068503b08362450b9339a0b6cc6eb3f0,5410,116759,2259,1626,58538,https://www.youtube.com/watch?v=Ms1rKj-s25M,1862,1854,2734,https://www.youtube.com/watch?v=o95MfnVnc9s,2259,1626,58538,https://www.youtube.com/watch?v=Ms1rKj-s25M,0,0,0,0,
a0e2f9b9f851401bbd1736189d4b69b1,5390,135374,0,0,0,,0,0,0,,0,0,0,,0,0,0,0,
c3bec3f382754230b178f8278eb550fb,5390,276110,239,104,1501,https://www.youtube.com/watch?v=nq2OuVY4kW8,216,90,365,https://www.youtube.com/watch?v=_IIP6K9-Qbg,1057,404,1501,https://www.youtube.com/watch?v=nq2OuVY4kW8,0,0,0,0,
fe8ee7b57ae74a1388127b81b136c7ea,5380,27580,142,75,275,https://www.youtube.com/watch?v=gM1OSMrgyTQ,142,75,275,https://www.youtube.com/watch?v=gM1OSMrgyTQ,0,0,0,,665,0,0,0,
529328632b0b4701a469ebc14413f855,5360,201336,0,0,0,,0,0,0,,0,0,0,,0,0,0,0,
6b43c568bdf044e4a4ae0bae0cb9fff2,5330,218370,619,270,2632,https://www.youtube.com/watch?v=n5SvZv3g6p4,409,206,1068,https://www.youtube.com/watch?v=6xZWvVkFHY0,1394,680,2632,https://www.youtube.com/watch?v=n5SvZv3g6p4,0,0,0,0,
1ea5aa0a7a7d401b897630667cf4b44e,5330,279387,184,86,1720,https://www.youtube.com/watch?v=U2DH2KaGZn0,166,86,568,https://www.youtube.com/watch?v=HjZGDBGUURA,1168,85,1720,https://www.youtube.com/watch?v=U2DH2KaGZn0,1299,237,154,354,https://www.twitch.tv/videos/2847526552
db1c4d81f03f4b04aca36b8b5b2b9c62,5300,145153,572,557,3074,https://www.youtube.com/watch?v=_Tzt222qsJs,572,557,3074,https://www.youtube.com/watch?v=_Tzt222qsJs,0,0,0,,453,0,0,0,
b473dffe721745f6beb34b5a49e9aeda,5300,399321,1274,309,1274,https://www.youtube.com/watch?v=9fibwc_08Fc,1274,309,1274,https://www.youtube.com/watch?v=9fibwc_08Fc,0,0,0,,0,0,0,0,
c8858f1d4a2b41a4bbf738530023d6f9,5290,210669,129,87,145,https://www.youtube.com/watch?v=pYxtSgNB2Fg,129,87,145,https://www.youtube.com/watch?v=pYxtSgNB2Fg,0,0,0,,373,101,47,158,https://www.twitch.tv/videos/2833537069
bdaa84ad3c7841d6a9ec8774ed9d40a9,5280,196983,434,171,3348,https://www.youtube.com/watch?v=RD-mJBedgsw,428,180,3348,https://www.youtube.com/watch?v=RD-mJBedgsw,440,131,440,https://www.youtube.com/watch?v=AbJYSFnuyU4,0,0,0,0,
1f2b5204983b4d5ebe0a9352de3a66f6,5260,120280,354,251,501,https://www.youtube.com/watch?v=hHZOfeTjSZM,354,251,501,https://www.youtube.com/watch?v=hHZOfeTjSZM,0,0,0,,0,0,0,0,
7e088cf828bf4e02ae65bb8a1f6a8b89,5260,195814,139,17,139,https://www.youtube.com/watch?v=qtYNEnY_DRk,139,17,139,https://www.youtube.com/watch?v=qtYNEnY_DRk,0,0,0,,207,0,0,0,
4cc400969073471f9d2808a807e95f7d,5250,598029,568,164,792,https://www.youtube.com/watch?v=V0427ahUxw4,348,89,348,https://www.youtube.com/watch?v=abrQS2na8jc,570,165,792,https://www.youtube.com/watch?v=V0427ahUxw4,0,0,0,0,
b6f8117355b24e9c8a8a4c813a72aec9,5230,659119,159,44,159,https://www.youtube.com/watch?v=w5Hxa5TLCUs,0,0,0,,159,44,159,https://www.youtube.com/watch?v=w5Hxa5TLCUs,1437,218,184,346,https://www.twitch.tv/videos/2848637748
8999cce711d64abfb6d451ca6172dd3e,5230,253140,697,387,7203,https://www.youtube.com/watch?v=gIVDoXJ-CBo,422,214,1558,https://www.youtube.com/watch?v=-i7rFMpzrcQ,1906,1199,7203,https://www.youtube.com/watch?v=gIVDoXJ-CBo,0,0,0,0,
cc2a13ac075e4640b19020a51dcf9d88,5210,141287,0,0,0,,0,0,0,,0,0,0,,570,57,49,124,https://www.twitch.tv/videos/2849669105
42b8bd7bed2a4ddd930cfd223657e9ca,5190,239737,367,98,1305,https://www.youtube.com/watch?v=HnXay_MlrmA,395,136,1305,https://www.youtube.com/watch?v=HnXay_MlrmA,101,54,101,https://www.youtube.com/watch?v=1GK1D2-_gYo,1442,290,232,448,https://www.twitch.tv/videos/2853122647
f03fa714465e44ef8d339474bd0f4a02,5190,216883,342,111,1459,https://www.youtube.com/watch?v=appTtoixREU,268,110,1459,https://www.youtube.com/watch?v=appTtoixREU,1016,231,1147,https://www.youtube.com/watch?v=PP7SlK9wYL0,0,0,0,0,
def76c5c31fe4466b5ae6e6940ae6e58,5180,641934,355,129,612,https://www.youtube.com/watch?v=18P1xUOpa78,389,159,612,https://www.youtube.com/watch?v=18P1xUOpa78,235,70,344,https://www.youtube.com/watch?v=KRiPTRuU_jI,0,0,0,0,
8bc70fad02c8432d99056ebd5a8e2ae5,5170,168422,2308,1834,82992,https://www.youtube.com/watch?v=ofeazEpfydw,1770,1720,1770,https://www.youtube.com/watch?v=sLs3J6OMQ4U,2851,2335,82992,https://www.youtube.com/watch?v=ofeazEpfydw,0,0,0,0,
74ef34317983453ab86223490eba4f6e,5160,186205,551,242,920,https://www.youtube.com/watch?v=YQEDdDSi2Gs,529,312,920,https://www.youtube.com/watch?v=YQEDdDSi2Gs,825,126,892,https://www.youtube.com/watch?v=KJUNytWOqFM,438,262,200,262,https://www.twitch.tv/videos/2853123936
effe96469a7348c786d01ccea8cf71cb,5140,183620,0,0,0,,0,0,0,,0,0,0,,0,0,0,0,
29294f0665864cee8bb2b48697b9e84f,5130,311251,360,227,1825,https://www.youtube.com/watch?v=e1vkUfc8Zvs,346,227,1825,https://www.youtube.com/watch?v=e1vkUfc8Zvs,683,155,968,https://www.youtube.com/watch?v=kT12yShAITs,350,0,0,0,
c21d4186912d4652a7fb5a1b3ef382b6,5100,195364,98,59,1129,https://www.youtube.com/watch?v=FGHCUuNYLZQ,98,59,1129,https://www.youtube.com/watch?v=FGHCUuNYLZQ,0,0,0,,2989,205,172,435,https://www.twitch.tv/videos/2858573479
fad69c2a625446829ef410d9ef277c8f,5060,169810,157,95,496,https://www.youtube.com/watch?v=7EV7r_K_SYg,155,85,496,https://www.youtube.com/watch?v=7EV7r_K_SYg,401,97,408,https://www.youtube.com/watch?v=onOBEbw6dfs,0,0,0,0,
b9569d6e438b473ba61d88c0230899f5,5020,283478,167,80,255,https://www.youtube.com/watch?v=x_PE8hmrstg,116,80,116,https://www.youtube.com/watch?v=dBmZIMdEgtE,211,108,255,https://www.youtube.com/watch?v=x_PE8hmrstg,0,0,0,0,
3589be2c85dc460aa8de768c7a228730,5010,222534,120,85,516,https://www.youtube.com/watch?v=kDnTbymUxOQ,120,85,516,https://www.youtube.com/watch?v=kDnTbymUxOQ,0,0,0,,0,0,0,0,
b2313ef4c37542c89796ae94dfb8228d,4980,195689,454,242,2578,https://www.youtube.com/watch?v=Bzoj7qz6v2E,454,242,2578,https://www.youtube.com/watch?v=Bzoj7qz6v2E,0,0,0,,534,395,308,507,https://www.twitch.tv/videos/2856029582
36f4fa8dbd7740c3ae5ac02b890fa502,4960,311461,93,52,215,https://www.youtube.com/watch?v=THY25VTBGSI,112,74,215,https://www.youtube.com/watch?v=THY25VTBGSI,37,29,37,https://www.youtube.com/watch?v=F5lECfjVXd0,1066,0,0,0,
19c3bdcc95134ef38ad98df3f92f3ccb,4950,326598,0,0,0,,0,0,0,,0,0,0,,852,0,0,0,
8fd3526ba2074df896bbcb47e713565b,4940,121926,93,56,255,https://www.youtube.com/watch?v=LDZE4GmfSG8,85,47,159,https://www.youtube.com/watch?v=TNWLJb5sX4g,255,214,255,https://www.youtube.com/watch?v=LDZE4GmfSG8,0,0,0,0,
6fb8c6dea7404638a9d78d4b0d84f64c,4930,47148,662,74,696,https://www.youtube.com/watch?v=taGUx19L5eI,662,74,696,https://www.youtube.com/watch?v=taGUx19L5eI,0,0,0,,2827,0,0,0,
d0b68b633fba4c02a627751778973f36,4930,113081,171,13,171,https://www.youtube.com/watch?v=jQ5BWdAQbG4,171,13,171,https://www.youtube.com/watch?v=jQ5BWdAQbG4,0,0,0,,0,0,0,0,
a1bc1c5451e64266a0f21f0847dd8d2f,4930,183573,124,108,124,https://www.youtube.com/watch?v=bQTFYMRyV0U,124,108,124,https://www.youtube.com/watch?v=bQTFYMRyV0U,0,0,0,,491,12,10,265,https://www.twitch.tv/videos/2856019938
a9f1edc233804d4b90a9996219a3b14b,4920,255183,155,94,551,https://www.youtube.com/watch?v=Mtc_N0RKVvs,155,94,551,https://www.youtube.com/watch?v=Mtc_N0RKVvs,0,0,0,,0,0,0,0,
94082eb7d950471b934592394ad3e4c8,4920,297452,0,0,0,,0,0,0,,0,0,0,,0,0,0,0,
17610c1e36214c0f8002456d8b0bcf36,4910,190281,189,29,255,https://www.youtube.com/watch?v=ZoNRipjBlzw,189,29,255,https://www.youtube.com/watch?v=ZoNRipjBlzw,0,0,0,,0,0,0,0,
9ceaafbe1a9a41bb9526b113354e03cc,4900,360390,201,60,1361,https://www.youtube.com/watch?v=-LefDGUSFUk,284,62,284,https://www.youtube.com/watch?v=BpD206ue-nk,118,58,1361,https://www.youtube.com/watch?v=-LefDGUSFUk,0,0,0,0,
c0ea5a6a7ede42fca6f3c6c87fc9d72e,4880,193714,506,252,3047,https://www.youtube.com/watch?v=-W6AghfcYQw,458,229,1632,https://www.youtube.com/watch?v=u8jOrfqr2ds,972,625,3047,https://www.youtube.com/watch?v=-W6AghfcYQw,0,0,0,0,
32b83b466c11418bb380623a95944302,4870,389536,102,44,102,https://www.youtube.com/watch?v=HXTm4OCD514,0,0,0,,102,44,102,https://www.youtube.com/watch?v=HXTm4OCD514,3486,304,202,522,https://www.twitch.tv/videos/2842306349
3f36658defc1428b8d4628478ef59256,4870,471834,946,212,2243,https://www.youtube.com/watch?v=_Pyu4G8G3WI,584,212,2243,https://www.youtube.com/watch?v=_Pyu4G8G3WI,1094,293,1207,https://www.youtube.com/watch?v=le-ZLMTWPAQ,0,0,0,0,
a2c7c34474174cd2bffcc17a32aeec21,4870,332265,208,85,1887,https://www.youtube.com/watch?v=D3qJufd5TI8,204,71,342,https://www.youtube.com/watch?v=Nk8mWa9_DSY,1190,902,1887,https://www.youtube.com/watch?v=D3qJufd5TI8,1015,174,134,377,https://www.twitch.tv/videos/2853752527
f9c9c29a9fb143539ade06564b99b233,4850,4265,0,0,0,,0,0,0,,0,0,0,,0,0,0,0,
bcbde4d998e341418ebdf3e26884811d,4850,163714,185,78,405,https://www.youtube.com/watch?v=BIWF-iZVlR4,185,78,405,https://www.youtube.com/watch?v=BIWF-iZVlR4,0,0,0,,0,0,0,0,
9de74d9cd68f481396a3dbd76d529a24,4830,215743,180,99,399,https://www.youtube.com/watch?v=NwlCNmF1KSY,180,99,399,https://www.youtube.com/watch?v=NwlCNmF1KSY,0,0,0,,0,0,0,0,
33e0b518387b4479a76910366cd2a413,4830,257444,76,30,193,https://www.youtube.com/watch?v=W-JDlKLqkTs,88,38,193,https://www.youtube.com/watch?v=W-JDlKLqkTs,18,9,18,https://www.youtube.com/watch?v=mP9y_YxmfZQ,390,25,14,909,https://www.twitch.tv/videos/2855133068
db4df79a2e664ebb96d1a0ce5e4c0e63,4820,318569,1801,1038,30242,https://www.youtube.com/watch?v=3Ycr_uxpsBk,1380,721,2680,https://www.youtube.com/watch?v=Kj07T1b0N_g,5302,3619,30242,https://www.youtube.com/watch?v=3Ycr_uxpsBk,0,0,0,0,
c6dab598fcee4b6b9bff76d2e8ffc8e6,4820,394599,1011,417,1467,https://www.youtube.com/watch?v=fJN09gxeCgI,84,1,84,https://www.youtube.com/watch?v=z1NZ2tVcupo,1039,425,1467,https://www.youtube.com/watch?v=fJN09gxeCgI,813,0,0,0,
ad6cf3322d204c79afa7d14d4d36473c,4820,369754,1748,967,2144,https://www.youtube.com/watch?v=9uFBnkCzZnA,0,0,0,,1748,967,2144,https://www.youtube.com/watch?v=9uFBnkCzZnA,0,0,0,0,
2e266a71aa3d4a67bb8d9a2a0b573319,4820,281420,0,0,0,,0,0,0,,0,0,0,,41582,1591,51,1591,https://www.twitch.tv/videos/2833424162
220353f9b2634c84953cc7d243fbc6a0,4800,259329,462,268,10948,https://www.youtube.com/watch?v=Yrn_GugLIGk,442,130,1715,https://www.youtube.com/watch?v=mjmFVA2SjSI,6307,5442,10948,https://www.youtube.com/watch?v=Yrn_GugLIGk,93,0,0,0,
256dd6464e974e118dc8103d5e9eb0b3,4790,112274,0,0,0,,0,0,0,,0,0,0,,3858,924,573,1408,https://www.twitch.tv/videos/2846910182
3dd8c72cab6d494dbd6fbf0a0e3dc41a,4790,380129,195,101,2724,https://www.youtube.com/watch?v=p9CEAB3VQRk,161,80,1223,https://www.youtube.com/watch?v=8ItaCHFd0FU,1638,831,2724,https://www.youtube.com/watch?v=p9CEAB3VQRk,1407,197,145,375,https://www.twitch.tv/videos/2847588382
20327c35cc9d4deba93299b790d7d721,4790,271666,138,42,376,https://www.youtube.com/watch?v=j-TNqA4kqYg,134,49,376,https://www.youtube.com/watch?v=j-TNqA4kqYg,177,12,177,https://www.youtube.com/watch?v=rDJcwTGoAyw,0,0,0,0,
2d9ef8be75c34daf9ce9d17ecbbe0f7a,4790,706676,125,55,1666,https://www.youtube.com/watch?v=ntaGe4BJpTc,125,55,260,https://www.youtube.com/watch?v=3Kxit7s6Wxg,862,720,1666,https://www.youtube.com/watch?v=ntaGe4BJpTc,804,67,45,147,https://www.twitch.tv/videos/2846823792
e1b2337b79d1449e9ae6a754ec74050d,4770,629860,237,112,568,https://www.youtube.com/watch?v=Yr-BWCmKs0E,231,111,395,https://www.youtube.com/watch?v=4kUaRPkfK6M,568,287,568,https://www.youtube.com/watch?v=Yr-BWCmKs0E,0,0,0,0,
4c8efd1d28d04eeabd21a3c337f154b9,4770,94094,250,74,336,https://www.youtube.com/watch?v=G5NdzK2Y0AI,250,74,336,https://www.youtube.com/watch?v=G5NdzK2Y0AI,0,0,0,,0,0,0,0,
de071f4fc90344748afac14099022672,4760,146813,1598,535,2467,https://www.youtube.com/watch?v=1f3YjJwY9Eo,0,0,0,,1598,535,2467,https://www.youtube.com/watch?v=1f3YjJwY9Eo,11222,4465,2347,15328,https://www.twitch.tv/videos/2848150365
de81b740d66c439685aa37491d27efc4,4760,456966,0,0,0,,0,0,0,,0,0,0,,4304,215,165,250,https://www.twitch.tv/videos/2850457497
2683fa864bd24112b6f7d04afb096a4e,4710,283975,299,95,331,https://www.youtube.com/watch?v=PuLDMSCq96k,299,95,331,https://www.youtube.com/watch?v=PuLDMSCq96k,0,0,0,,383,0,0,0,
60ff50e95399472b96a6fbe83d75e806,4690,225553,286,171,1936,https://www.youtube.com/watch?v=LnojtYfRrTI,254,146,458,https://www.youtube.com/watch?v=2fr4A0w8vU4,1247,569,1936,https://www.youtube.com/watch?v=LnojtYfRrTI,732,267,200,568,https://www.twitch.tv/videos/2852407780
d66fb507852f4d889e426c8ea0f9f246,4680,222610,697,359,2104,https://www.youtube.com/watch?v=Ia_GTqo-L50,373,213,840,https://www.youtube.com/watch?v=sKf1mPA_M5c,1358,434,2104,https://www.youtube.com/watch?v=Ia_GTqo-L50,582,78,60,78,https://www.twitch.tv/videos/2853420889
a99bc695c89d41e391a5abf6e781c911,4670,375203,571,226,964,https://www.youtube.com/watch?v=Ra2iESmBL9I,0,0,0,,571,226,964,https://www.youtube.com/watch?v=Ra2iESmBL9I,0,0,0,0,
4762b7be8b764f19a33a7cf167c2ea64,4660,69643,383,26,383,https://www.youtube.com/watch?v=sHnfwm-C5n8,0,0,0,,383,26,383,https://www.youtube.com/watch?v=sHnfwm-C5n8,0,0,0,0,
53d808d5b57f452a96d67861f3da1f8c,4660,234756,453,184,1309,https://www.youtube.com/watch?v=JkOQv-qQJoE,436,177,1309,https://www.youtube.com/watch?v=JkOQv-qQJoE,902,453,902,https://www.youtube.com/watch?v=kcbAwA3mELk,284,0,0,0,
b516b71a9e8d43b8a377dabe1f9057dd,4650,132431,147,60,489,https://www.youtube.com/watch?v=vIi4Q582S04,138,59,489,https://www.youtube.com/watch?v=vIi4Q582S04,175,60,211,https://www.youtube.com/watch?v=wQoHOPf8ShQ,582,65,47,110,https://www.twitch.tv/videos/2855961563
ffb8b8f15321474a98628cb638631bf1,4650,873516,106,92,106,https://www.youtube.com/watch?v=_Puo6G5vGk8,0,0,0,,106,92,106,https://www.youtube.com/watch?v=_Puo6G5vGk8,0,0,0,0,
3a43445829024217b728d04d5398b61c,4640,236063,332,137,1143,https://www.youtube.com/watch?v=MWfSfAgPqLQ,332,137,1143,https://www.youtube.com/watch?v=MWfSfAgPqLQ,0,0,0,,0,0,0,0,
b3c1a09b09a54b9a8078d3310d151efe,4640,125002,161,81,423,https://www.youtube.com/watch?v=7QMH4C0q888,161,81,423,https://www.youtube.com/watch?v=7QMH4C0q888,0,0,0,,0,0,0,0,
0ede84dfc1ff426cb42643d7390d2937,4640,749433,242,125,649,https://www.youtube.com/watch?v=OsRZQhT93Mo,242,125,649,https://www.youtube.com/watch?v=OsRZQhT93Mo,0,0,0,,1762,224,130,275,https://www.twitch.tv/videos/2848672943
7f049d05ff3a4946998b9ddd7df409fd,4630,167634,203,91,1298,https://www.youtube.com/watch?v=_QY6akB6M7g,156,76,654,https://www.youtube.com/watch?v=OJ1YjTOUNmg,1158,729,1298,https://www.youtube.com/watch?v=_QY6akB6M7g,2436,116,81,352,https://www.twitch.tv/videos/2856939366
98181ce64b3d45a9aa295c446e1bae9e,4610,119090,0,0,0,,0,0,0,,0,0,0,,572,0,0,0,
6073eb006b764614915e90b5c54ce7e6,4580,298772,0,0,0,,0,0,0,,0,0,0,,3382,447,370,530,https://www.twitch.tv/videos/2856705646
cbba76fd34d74307a9f826e03b8e4db5,4560,216767,385,143,2758,https://www.youtube.com/watch?v=qZSZRbtgjSs,385,128,2758,https://www.youtube.com/watch?v=qZSZRbtgjSs,1705,227,1851,https://www.youtube.com/watch?v=FG1emSaMe9U,868,317,254,325,https://www.twitch.tv/videos/2850491927
73827056b15849549388f720dde25c01,4550,247298,236,149,862,https://www.youtube.com/watch?v=wB7lCIKLzRQ,225,96,388,https://www.youtube.com/watch?v=8JQwTlgYMVI,267,159,862,https://www.youtube.com/watch?v=wB7lCIKLzRQ,0,0,0,0,
00d9cb7b0bcd451999f4fd33dd84be6c,4540,818554,529,265,1233,https://www.youtube.com/watch?v=B-hP87-7Mfk,529,265,1233,https://www.youtube.com/watch?v=B-hP87-7Mfk,0,0,0,,5140,590,326,90070,https://www.twitch.tv/videos/2843970401
d41f0a9dfdec46929f6f9534f8d79167,4540,65361,0,0,0,,0,0,0,,0,0,0,,0,0,0,0,
58bb51ba1bba485a98cbf859fb5687f4,4520,617484,901,195,2039,https://www.youtube.com/watch?v=0pm8L6946uo,102,47,436,https://www.youtube.com/watch?v=pZCNm05M-RQ,1256,604,2039,https://www.youtube.com/watch?v=0pm8L6946uo,1850,0,0,0,
52b5fa7ff03945368644f52035a5e798,4500,367401,217,49,297,https://www.youtube.com/watch?v=NNxZPSU42kU,217,49,297,https://www.youtube.com/watch?v=NNxZPSU42kU,0,0,0,,0,0,0,0,
4f5a88e0193a4c948f7e84c56303db82,4480,128518,227,100,528,https://www.youtube.com/watch?v=9QeTj4cHwlo,314,146,528,https://www.youtube.com/watch?v=9QeTj4cHwlo,120,49,392,https://www.youtube.com/watch?v=cu5IGD3pH4c,0,0,0,0,
50433c34f368460c9cda947f292a62b4,4480,355436,495,202,1095,https://www.youtube.com/watch?v=n16ur9rKcp0,495,202,1095,https://www.youtube.com/watch?v=n16ur9rKcp0,0,0,0,,0,0,0,0,
c90914afde364f5e982414615662f5a7,4460,386531,149,76,308,https://www.youtube.com/watch?v=sSyFml4EsQg,149,76,308,https://www.youtube.com/watch?v=sSyFml4EsQg,0,0,0,,1933,181,155,654,https://www.twitch.tv/videos/2851387587
0fa88d7be0ba4850abea150aa73fe440,4440,261971,0,0,0,,0,0,0,,0,0,0,,0,0,0,0,
637b3a1eb03443248ebd1caba56e6b5a,4410,217643,385,157,2547,https://www.youtube.com/watch?v=wcZt8emjYVU,385,157,2547,https://www.youtube.com/watch?v=wcZt8emjYVU,0,0,0,,0,0,0,0,
9d74c909706a450ea35c1777cac79e77,4410,514932,304,127,1955,https://www.youtube.com/watch?v=NPhbT1g0x9M,301,122,1508,https://www.youtube.com/watch?v=9KPqPA4K9u8,759,496,1955,https://www.youtube.com/watch?v=NPhbT1g0x9M,876,118,67,118,https://www.twitch.tv/videos/2847758249
f18910b4b83a48558f16836f4c1488eb,4400,179409,1957,1425,3330,https://www.youtube.com/watch?v=x0nzJ4EKFLU,584,397,584,https://www.youtube.com/watch?v=8WOZhftQavQ,3330,2452,3330,https://www.youtube.com/watch?v=x0nzJ4EKFLU,0,0,0,0,
ccc1420185ad46d49d40b6b774db9b11,4400,250376,135,37,567,https://www.youtube.com/watch?v=M3J2JkCLBTM,135,37,567,https://www.youtube.com/watch?v=M3J2JkCLBTM,0,0,0,,786,45,42,125,https://www.twitch.tv/videos/2854240026
627d42f52e604f3e8eadc7f04ef74d2a,4390,215547,0,0,0,,0,0,0,,0,0,0,,3666,265,99,825,https://www.twitch.tv/videos/2843017698
98187e2cc8c34f5d8e0853bffc1a30c9,4370,152092,141,83,141,https://www.youtube.com/watch?v=wiv-JUeqcpY,141,83,141,https://www.youtube.com/watch?v=wiv-JUeqcpY,0,0,0,,0,0,0,0,
5fd252ad134343a59705e00390c6d9ef,4360,117918,0,0,0,,0,0,0,,0,0,0,,1715,0,0,0,
c17ad3ef81904c26982024c9af1f0f3a,4340,186741,258,120,2039,https://www.youtube.com/watch?v=m4aLQUbqjsQ,141,36,164,https://www.youtube.com/watch?v=zLJkeshtszc,1531,920,2039,https://www.youtube.com/watch?v=m4aLQUbqjsQ,3547,306,212,1667,https://www.twitch.tv/videos/2853178806
7b2d1d71057b4ac2a16109b980a99e28,4330,281374,530,136,2153,https://www.youtube.com/watch?v=ZvkRiRk8yyU,143,84,189,https://www.youtube.com/watch?v=wrsgHRcyZyA,1516,321,2153,https://www.youtube.com/watch?v=ZvkRiRk8yyU,0,0,0,0,
f658ebdc79bf4cef928a87d3a35855a5,4320,83715,21,11,21,https://www.youtube.com/watch?v=SK2us7h1-mA,21,11,21,https://www.youtube.com/watch?v=SK2us7h1-mA,0,0,0,,0,0,0,0,
4e4721deba7c4681b1172714a29e6f19,4310,288290,462,102,2472,https://www.youtube.com/watch?v=xax43knQY7A,462,102,597,https://www.youtube.com/watch?v=ciUhddGKB_U,1310,113,2472,https://www.youtube.com/watch?v=xax43knQY7A,0,0,0,0,
ec12bbfb27d24091aa6a7d64ff9429ea,4300,112410,0,0,0,,0,0,0,,0,0,0,,5714,487,235,3130,https://www.twitch.tv/videos/2851909197
58e377df63f745fc8473368b20afe2ae,4290,236244,95,36,191,https://www.youtube.com/watch?v=zxtr1E-J0_A,95,36,191,https://www.youtube.com/watch?v=zxtr1E-J0_A,0,0,0,,307,8,6,8,https://www.twitch.tv/videos/2855226509
f4fc9f87ed4b4f05a339b1f1a1d621b6,4290,92316,0,0,0,,0,0,0,,0,0,0,,0,0,0,0,
caebfeea12c840f0ae0f0e2beb57b4e2,4280,227134,0,0,0,,0,0,0,,0,0,0,,0,0,0,0,
81387cdce77a4a9b9338145b28ae9ff6,4270,0,0,0,0,,0,0,0,,0,0,0,,0,0,0,0,
ba41581d315943fdaebe0dc981020d1c,4260,243833,704,57,1362,https://www.youtube.com/watch?v=SmZHGDPDmyM,92,14,95,https://www.youtube.com/watch?v=icGXwtqmmw8,1337,398,1362,https://www.youtube.com/watch?v=SmZHGDPDmyM,0,0,0,0,
c16daca9d8b84b18a38ab97cdcd7577a,4250,419327,228,65,3050,https://www.youtube.com/watch?v=qjx8_DxIqIU,224,64,572,https://www.youtube.com/watch?v=5fXb8S3goKI,3050,2114,3050,https://www.youtube.com/watch?v=qjx8_DxIqIU,0,0,0,0,
90446c6f1b704ff6b0fbbf017f0a68c5,4230,158164,333,137,566,https://www.youtube.com/watch?v=Zmt7Cfsd6qU,333,137,566,https://www.youtube.com/watch?v=Zmt7Cfsd6qU,0,0,0,,0,0,0,0,
872627e5c7a248bfb41a055dee03029a,4230,141555,35,21,59,https://www.youtube.com/watch?v=C0pdK7XbgG4,59,57,59,https://www.youtube.com/watch?v=C0pdK7XbgG4,33,20,35,https://www.youtube.com/watch?v=qxuq7NkUjlY,761,0,0,0,
01bebf0363a94b16b2313053c90a1c8a,4220,132171,201,44,1929,https://www.youtube.com/watch?v=subFdzMkHPo,187,44,187,https://www.youtube.com/watch?v=I2GildcsJek,596,165,1929,https://www.youtube.com/watch?v=subFdzMkHPo,545,151,91,151,https://www.twitch.tv/videos/2848664814
3e340f9122814acc84ff51a0aec8ae13,4200,134181,0,0,0,,0,0,0,,0,0,0,,0,0,0,0,
16b8db1818764f81addb322d109b5da3,4190,249363,236,80,293,https://www.youtube.com/watch?v=pYTSwjd7cik,236,80,293,https://www.youtube.com/watch?v=pYTSwjd7cik,0,0,0,,0,0,0,0,
4d9730dc400443e6b8edb719febd5f46,4190,95294,90,69,90,https://www.youtube.com/watch?v=sDS6LO69Uk8,90,69,90,https://www.youtube.com/watch?v=sDS6LO69Uk8,0,0,0,,777,0,0,0,
0490d9546bce4068a0f52b39046bdf91,4160,117063,0,0,0,,0,0,0,,0,0,0,,4453,0,0,0,
9c1450789da443f491a66e6f121482fc,4160,381085,327,133,993,https://www.youtube.com/watch?v=uuvyLKiCrS8,330,147,993,https://www.youtube.com/watch?v=uuvyLKiCrS8,100,43,122,https://www.youtube.com/watch?v=ZNs_QenA-As,387,0,0,0,
eda6bf91049349e08f0f269fb4f8c0f9,4130,169507,43,19,607,https://www.youtube.com/watch?v=vxbV5NkOIoA,40,18,74,https://www.youtube.com/watch?v=nZm-wM3l7rI,352,246,607,https://www.youtube.com/watch?v=vxbV5NkOIoA,258,29,25,46,https://www.twitch.tv/videos/2853278073
8b027d3a3f374c9c8398b6dd751e5018,4120,14168,126,4,126,https://www.youtube.com/watch?v=IQSxBFodfd0,0,0,0,,126,4,126,https://www.youtube.com/watch?v=IQSxBFodfd0,37294,849,364,1482,https://www.twitch.tv/videos/2854887052
cd44db2c12a54568963299704aa8d4a6,4120,106833,0,0,0,,0,0,0,,0,0,0,,324,0,0,0,
c9ac78b9004c4c26ba4107ccefe399ec,4100,176083,88,47,641,https://www.youtube.com/watch?v=AwNuGj3zp0Q,86,43,154,https://www.youtube.com/watch?v=ysW0woWLKWQ,641,81,641,https://www.youtube.com/watch?v=AwNuGj3zp0Q,0,0,0,0,
d177ac8568a14720b35bcc1a829aff51,4090,159199,364,34,520,https://www.youtube.com/watch?v=w0clqN-h9jQ,364,34,520,https://www.youtube.com/watch?v=w0clqN-h9jQ,0,0,0,,0,0,0,0,
ba5ed25718a7421cb15cd0ec62df723e,4080,166897,454,142,2406,https://www.youtube.com/watch?v=K-zRUcQpStM,454,142,2406,https://www.youtube.com/watch?v=K-zRUcQpStM,0,0,0,,497,0,0,0,
53335d77cc69488c8b49ec97548c3297,4070,82167,870,384,3259,https://www.youtube.com/watch?v=uOxM1-lxsfg,538,416,3259,https://www.youtube.com/watch?v=uOxM1-lxsfg,2060,353,2599,https://www.youtube.com/watch?v=Fg42C36eIE0,0,0,0,0,
c396dafdab3547259c0447ff82f278c2,4060,282181,702,326,2847,https://www.youtube.com/watch?v=wqB1MSkYEWA,702,326,2847,https://www.youtube.com/watch?v=wqB1MSkYEWA,0,0,0,,345,163,142,163,https://www.twitch.tv/videos/2856096047
780f8a72bb1543a79feb5730b42130c6,4050,289081,328,90,519,https://www.youtube.com/watch?v=0lEtBEFweP0,328,90,519,https://www.youtube.com/watch?v=0lEtBEFweP0,322,182,335,https://www.youtube.com/watch?v=bnoJTdhIi8M,0,0,0,0,
4a44ee7065ae41ad8d70469297599df8,4040,1133686,35,22,64,https://www.youtube.com/watch?v=7yIlzWnpc_A,35,22,64,https://www.youtube.com/watch?v=7yIlzWnpc_A,0,0,0,,0,0,0,0,
4b8f55c74e594978bb461a27b3924336,4030,114153,214,113,303,https://www.youtube.com/watch?v=aAgg4DkdvRU,214,113,303,https://www.youtube.com/watch?v=aAgg4DkdvRU,0,0,0,,829,0,0,0,
c371d4c7f516451bac8ae3a9a13dc7f2,4020,132511,140,58,481,https://www.youtube.com/watch?v=1a3WZ3vGWPg,140,58,481,https://www.youtube.com/watch?v=1a3WZ3vGWPg,0,0,0,,1634,147,124,222,https://www.twitch.tv/videos/2854257065
6bf5f37da9e74d539963689b6b0256a5,4020,529867,256,157,2185,https://www.youtube.com/watch?v=kQ4pGs_ovwQ,190,100,526,https://www.youtube.com/watch?v=1tLOAums-ZQ,1287,745,2185,https://www.youtube.com/watch?v=kQ4pGs_ovwQ,0,0,0,0,
5b85294949544a5f8855715acadf66a5,4000,158732,180,74,2685,https://www.youtube.com/watch?v=uSJprKeCNPQ,127,56,424,https://www.youtube.com/watch?v=y4CZK3_lheI,2162,637,2685,https://www.youtube.com/watch?v=uSJprKeCNPQ,2002,216,197,280,https://www.twitch.tv/videos/2858261280
2f80e2f83d254bbdbf48b9c8b3fca995,3970,174788,182,93,809,https://www.youtube.com/watch?v=Vlio1vVuyA8,182,93,809,https://www.youtube.com/watch?v=Vlio1vVuyA8,0,0,0,,0,0,0,0,
445a732fc0f64712b3213b4cd98fbdd3,3970,170382,384,184,1826,https://www.youtube.com/watch?v=RRxOn93PDOE,309,125,1826,https://www.youtube.com/watch?v=RRxOn93PDOE,734,506,1133,https://www.youtube.com/watch?v=YRxQulGFpek,995,611,483,803,https://www.twitch.tv/videos/2848625997
5cff30a1695346368e3ea7a7c7af4286,3960,442615,111,96,2788,https://www.youtube.com/watch?v=2YdA7RJstnE,58,47,149,https://www.youtube.com/watch?v=sJ6ew-Q5QWA,1689,1164,2788,https://www.youtube.com/watch?v=2YdA7RJstnE,767,0,0,0,
ed4666af39034d54913aba64cfea6f47,3950,380520,284,119,2225,https://www.youtube.com/watch?v=Vl-lsdPTIw8,284,119,2225,https://www.youtube.com/watch?v=Vl-lsdPTIw8,0,0,0,,1111,152,121,1211,https://www.twitch.tv/videos/2849860571
0df008566e92461eb808c5b3ba9c7f0f,3940,135203,64,31,132,https://www.youtube.com/watch?v=i4gr6kVE5_c,66,35,132,https://www.youtube.com/watch?v=i4gr6kVE5_c,31,14,31,https://www.youtube.com/watch?v=p9L0jwd69Hs,0,0,0,0,
9db6beb02e774aa7a97ba8674a5a8f9d,3930,82535,0,0,0,,0,0,0,,0,0,0,,197,0,0,0,
42e2bc7c16734352b2e18a82e48844ec,3900,575193,220,105,847,https://www.youtube.com/watch?v=pcMQ8CG3JF4,220,105,847,https://www.youtube.com/watch?v=pcMQ8CG3JF4,0,0,0,,0,0,0,0,
9881cf3008684e55aea70a2499e84163,3890,505237,181,47,1760,https://www.youtube.com/watch?v=if9l9cANf_I,106,43,202,https://www.youtube.com/watch?v=V80mXfDa9dk,1037,157,1760,https://www.youtube.com/watch?v=if9l9cANf_I,186,70,50,98,https://www.twitch.tv/videos/2850580503
7ddebf4d8f6d4c63a4fc7268d8113c10,3840,489844,1206,1014,1206,https://www.youtube.com/watch?v=QpHbpxy9g1c,0,0,0,,1206,1014,1206,https://www.youtube.com/watch?v=QpHbpxy9g1c,6978,1489,621,3037,https://www.twitch.tv/videos/2854157300
a03628db891e4e8c9a54bc5161f1f2f4,3840,195899,27,17,1692,https://www.youtube.com/watch?v=aQJ_Z73fIXU,0,0,0,,27,17,1692,https://www.youtube.com/watch?v=aQJ_Z73fIXU,679,121,109,478,https://www.twitch.tv/videos/2846751397
7caa52181a744f68be9e3995c7adec24,3840,56251,232,86,528,https://www.youtube.com/watch?v=OrzX8qnKam4,268,110,528,https://www.youtube.com/watch?v=OrzX8qnKam4,139,83,139,https://www.youtube.com/watch?v=6plLmcVmUB4,0,0,0,0,
3727892a417b429aa063c7300e132966,3840,227043,0,0,0,,0,0,0,,0,0,0,,0,0,0,0,
20f361a84fb3439999c550c10fcf5642,3820,89541,0,0,0,,0,0,0,,0,0,0,,1660,201,142,284,https://www.twitch.tv/videos/2849638819
edbd401267284e8886c1fd27d08283d4,3810,71588,0,0,0,,0,0,0,,0,0,0,,1025,0,0,0,
3a4fe2f4720747ceabc87b3327ab2b17,3800,105308,110,9,157,https://www.youtube.com/watch?v=dyBxL-3uKGI,157,6,157,https://www.youtube.com/watch?v=dyBxL-3uKGI,63,12,63,https://www.youtube.com/watch?v=GEPu8q346_4,0,0,0,0,
db4fd03c50654057bd32b9201666b345,3780,190791,0,0,0,,0,0,0,,0,0,0,,2289,0,0,0,
64bba754590e41c5b58df1c536d4e865,3760,142467,172,133,1971,https://www.youtube.com/watch?v=wggi-KC4eho,169,111,219,https://www.youtube.com/watch?v=Sa1l81rTvPM,1971,133,1971,https://www.youtube.com/watch?v=wggi-KC4eho,855,692,412,717,https://www.twitch.tv/videos/2853328948
dadb89bee9044261848ad444625d94f7,3750,43542,50,8,115,https://www.youtube.com/watch?v=Xj3P3WDBOsE,50,8,115,https://www.youtube.com/watch?v=Xj3P3WDBOsE,0,0,0,,0,0,0,0,
907d39ec8a394cdcb645bd4b2e6351e7,3750,108228,134,91,220,https://www.youtube.com/watch?v=BuaCeQceb2U,134,91,220,https://www.youtube.com/watch?v=BuaCeQceb2U,0,0,0,,0,0,0,0,
342b158ba02d4103a1407d62fe786f5e,3750,181035,40,5,40,https://www.youtube.com/watch?v=wxufUOJeZvY,40,5,40,https://www.youtube.com/watch?v=wxufUOJeZvY,0,0,0,,1618,0,0,0,
286c24a67720434bbb4290d49fb42a54,3740,217714,102,41,254,https://www.youtube.com/watch?v=H123dC487N4,102,41,254,https://www.youtube.com/watch?v=H123dC487N4,0,0,0,,0,0,0,0,
c01af5d5f9b74ac29b51dcae0dc55a2d,3730,300071,0,0,0,,0,0,0,,0,0,0,,0,0,0,0,
644ed2200e8a446bae2920103d1015e3,3730,146404,95,61,1139,https://www.youtube.com/watch?v=CS_toqA93X4,94,50,155,https://www.youtube.com/watch?v=KkR02LsBlSE,226,68,1139,https://www.youtube.com/watch?v=CS_toqA93X4,0,0,0,0,
601b56797a3246f49cead93e9e190a49,3730,149991,0,0,0,,0,0,0,,0,0,0,,0,0,0,0,
8b69d6c508194b93b14fc056038160ab,3720,82471,148,72,311,https://www.youtube.com/watch?v=ngGEMgjpbhw,148,72,311,https://www.youtube.com/watch?v=ngGEMgjpbhw,0,0,0,,1953,0,0,0,
b1c9458ca89b44bab0f09883ef40c45c,3700,131840,206,69,901,https://www.youtube.com/watch?v=YM_sN1YLur4,206,79,901,https://www.youtube.com/watch?v=YM_sN1YLur4,270,47,339,https://www.youtube.com/watch?v=Xr_6_KBc_o0,0,0,0,0,
a246e7561e5f40799a48eeca69951b7b,3700,186904,197,71,384,https://www.youtube.com/watch?v=ClU4TNWC5ZY,197,71,384,https://www.youtube.com/watch?v=ClU4TNWC5ZY,0,0,0,,129,0,0,0,
5f9767b104b54292bf6dd29863c0c6b1,3680,383220,133,54,1764,https://www.youtube.com/watch?v=ocrnHui9894,81,36,214,https://www.youtube.com/watch?v=HIJMBOvW6U8,1281,539,1764,https://www.youtube.com/watch?v=ocrnHui9894,0,0,0,0,
e76a030f33bc48a58257b261f95ee3af,3680,150649,108,25,315,https://www.youtube.com/watch?v=ttn5C5PUVn8,108,25,315,https://www.youtube.com/watch?v=ttn5C5PUVn8,0,0,0,,0,0,0,0,
a55a6a4b6453413cb8b1dc69423b67d5,3650,427342,341,207,541,https://www.youtube.com/watch?v=BxvpNHAttnU,341,207,541,https://www.youtube.com/watch?v=BxvpNHAttnU,0,0,0,,0,0,0,0,
d78d72ce0aac4c9d9c5c16604209ced3,3650,195561,385,176,1863,https://www.youtube.com/watch?v=VJA9CB4E9UU,369,137,769,https://www.youtube.com/watch?v=xCi4nhBS2Ms,1519,432,1863,https://www.youtube.com/watch?v=VJA9CB4E9UU,0,0,0,0,
b95eb39c5bb74de687696afbc31fb836,3640,104463,415,371,568,https://www.youtube.com/watch?v=LtNU6NuNhvg,415,371,568,https://www.youtube.com/watch?v=LtNU6NuNhvg,0,0,0,,450,253,160,296,https://www.twitch.tv/videos/2853329832
f94ba8ea1a5441c4852d53e8f528ee20,3630,272415,442,245,1890,https://www.youtube.com/watch?v=432Ca6FAEdQ,357,186,806,https://www.youtube.com/watch?v=r2Ol_fZnrt0,1636,1010,1890,https://www.youtube.com/watch?v=432Ca6FAEdQ,582,0,0,0,
f5a683eeac6b4936b44d547c1e4edbc2,3620,100972,120,44,2268,https://www.youtube.com/watch?v=y5i8SVXvQCU,96,42,486,https://www.youtube.com/watch?v=E1rq0x1aSks,2268,917,2268,https://www.youtube.com/watch?v=y5i8SVXvQCU,183,67,48,86,https://www.twitch.tv/videos/2847604765
de362d2d371446d898953e74e27abd2a,3610,459597,207,69,346,https://www.youtube.com/watch?v=eQfW5o9otFs,207,69,346,https://www.youtube.com/watch?v=eQfW5o9otFs,0,0,0,,0,0,0,0,
bc70de85cb744f13bffae8a81ebd6bb4,3600,92948,0,0,0,,0,0,0,,0,0,0,,0,0,0,0,
f3085e3337f34b178380b52e3ca429af,3590,185899,504,315,1836,https://www.youtube.com/watch?v=xGtyQlTiN5I,731,543,1836,https://www.youtube.com/watch?v=xGtyQlTiN5I,450,113,559,https://www.youtube.com/watch?v=gKHEeXE-F1A,1039,0,0,0,
c2bbc6bca92c4825b72d635634197e2b,3590,226942,121,87,150,https://www.youtube.com/watch?v=psPNZwxXnAw,121,87,150,https://www.youtube.com/watch?v=psPNZwxXnAw,0,0,0,,0,0,0,0,
8961bc96eec34a99ad58505bae3f58f1,3580,160785,196,153,226,https://www.youtube.com/watch?v=dGO7qhs0Phc,196,153,226,https://www.youtube.com/watch?v=dGO7qhs0Phc,0,0,0,,0,0,0,0,
e93734c51e5141419d44dc147f1c5420,3570,57848,0,0,0,,0,0,0,,0,0,0,,0,0,0,0,
430b173ad3134b729f78b96cdbed3585,3560,194226,2138,1983,2138,https://www.youtube.com/watch?v=ZzEU7Uy5_Rw,0,0,0,,2138,1983,2138,https://www.youtube.com/watch?v=ZzEU7Uy5_Rw,12132,1270,457,1914,https://www.twitch.tv/videos/2855729595
8c25e14dcc3a4f71895d58924c69dc0a,3560,192942,1134,638,2804,https://www.youtube.com/watch?v=fzYEUvjpINI,818,279,1134,https://www.youtube.com/watch?v=yVIvwZotDIM,2078,946,2804,https://www.youtube.com/watch?v=fzYEUvjpINI,0,0,0,0,
101cdaf175c643c888d0d33bdab5da15,3550,212011,466,297,2702,https://www.youtube.com/watch?v=hJxM7fGMf4I,428,278,1889,https://www.youtube.com/watch?v=a1KmHMHilFk,2244,1358,2702,https://www.youtube.com/watch?v=hJxM7fGMf4I,380,100,86,271,https://www.twitch.tv/videos/2856727659
edf9e466820347828b0d2d10e5e9bb72,3540,234127,40,13,134,https://www.youtube.com/watch?v=Y0MJ3cm1CIg,40,13,134,https://www.youtube.com/watch?v=Y0MJ3cm1CIg,0,0,0,,497,0,0,0,
4c34c44a98974b709f7dbc7618847fd6,3540,302675,380,280,1667,https://www.youtube.com/watch?v=YnFPTJFn4IU,0,0,0,,380,280,1667,https://www.youtube.com/watch?v=YnFPTJFn4IU,11559,851,382,1070,https://www.twitch.tv/videos/2849562491
9379ed7f979440218e22b8db58dd0dd1,3540,220100,201,96,274,https://www.youtube.com/watch?v=HgSPmldH_Yo,201,96,274,https://www.youtube.com/watch?v=HgSPmldH_Yo,0,0,0,,607,0,0,0,
de7f8ba1753d4e4cb95e6ac99007eacc,3530,105441,207,118,1126,https://www.youtube.com/watch?v=78LPGZfYvvg,192,92,461,https://www.youtube.com/watch?v=Vg6Nq5KXA3s,678,352,1126,https://www.youtube.com/watch?v=78LPGZfYvvg,0,0,0,0,
54b0131ceb734643b23b1eefee31cca0,3530,273449,404,311,404,https://www.youtube.com/watch?v=n-gCQzxZJe8,0,0,0,,404,311,404,https://www.youtube.com/watch?v=n-gCQzxZJe8,743,0,0,0,
9ad37d3249e24861bc8cb84368883258,3530,220804,91,32,305,https://www.youtube.com/watch?v=NqYtbcO8_FU,89,34,211,https://www.youtube.com/watch?v=sok-eWY_sl8,283,32,305,https://www.youtube.com/watch?v=NqYtbcO8_FU,0,0,0,0,
01ba034aab854ec680fe6f1ddc7008e2,3530,173088,95,36,224,https://www.youtube.com/watch?v=Ua6h0jISAoY,95,36,224,https://www.youtube.com/watch?v=Ua6h0jISAoY,0,0,0,,0,0,0,0,
7e8fe40622974698a75d14d78006e009,3510,256149,486,155,2713,https://www.youtube.com/watch?v=nXk78xaoKJ4,449,139,2713,https://www.youtube.com/watch?v=nXk78xaoKJ4,1515,833,2084,https://www.youtube.com/watch?v=dT5P8ZcXN9U,2751,948,688,1444,https://www.twitch.tv/videos/2853941117
dd0401d23f5444c69b9d10db3b22d444,3510,151957,141,74,1449,https://www.youtube.com/watch?v=WEg-jE6bUV0,142,73,281,https://www.youtube.com/watch?v=bXiPlBQDcug,123,122,1449,https://www.youtube.com/watch?v=WEg-jE6bUV0,24,0,0,0,
f45249f9d8094f9d85f6d02aec4af029,3510,775832,68,25,291,https://www.youtube.com/watch?v=mBvQWPMzVnM,75,25,291,https://www.youtube.com/watch?v=mBvQWPMzVnM,30,26,35,https://www.youtube.com/watch?v=B2khKS-mwGk,0,0,0,0,
5da1b6db7796434f9180d2f5e210ea6c,3500,299659,729,166,18967,https://www.youtube.com/watch?v=tKRX_wvdnl8,96,48,654,https://www.youtube.com/watch?v=Y0uWLFtVU7c,1548,710,18967,https://www.youtube.com/watch?v=tKRX_wvdnl8,0,0,0,0,
041976bda8b8410a99af25fc4cb87970,3500,124124,0,0,0,,0,0,0,,0,0,0,,133,0,0,0,
07b9e0f7118446be96cc2d12f5d8ad02,3480,132922,0,0,0,,0,0,0,,0,0,0,,12131,0,0,0,
4d347ba9ca0c41c59cda553ebe4af5b1,3470,143261,100,61,128,https://www.youtube.com/watch?v=42plhZbehIg,100,61,128,https://www.youtube.com/watch?v=42plhZbehIg,0,0,0,,1236,0,0,0,
f466201465ac40ef9f3aefc9b08a39d1,3460,263220,461,208,1513,https://www.youtube.com/watch?v=uX4bDtmPcEc,450,208,1513,https://www.youtube.com/watch?v=uX4bDtmPcEc,1136,406,1423,https://www.youtube.com/watch?v=w3GlfLpKCkA,2506,1003,532,63829,https://www.twitch.tv/videos/2833209477
67ba07d1ace445328c13bfb9d612d564,3450,142572,247,109,2090,https://www.youtube.com/watch?v=dNcpTPN_4Ds,241,79,342,https://www.youtube.com/watch?v=eRZoZ31bRB8,1666,710,2090,https://www.youtube.com/watch?v=dNcpTPN_4Ds,0,0,0,0,
7bf1f37dccbe4c72860c81a2772b91e1,3450,1572388,49,30,1088,https://www.youtube.com/watch?v=nVGjSUMyldI,49,28,121,https://www.youtube.com/watch?v=_-x3aTYkBAg,51,32,1088,https://www.youtube.com/watch?v=nVGjSUMyldI,79,0,0,0,
22a1949143784185ae001c31a717b5bc,3450,800017,4966,2354,274426,https://www.youtube.com/watch?v=TKbFFkyUHKU,242,75,686,https://www.youtube.com/watch?v=ysa0wVNOvLo,5584,2909,274426,https://www.youtube.com/watch?v=TKbFFkyUHKU,0,0,0,0,
9643c650b1804107b85de1f08010aa9d,3440,347819,379,216,1894,https://www.youtube.com/watch?v=BqJsuzaqyaE,224,75,869,https://www.youtube.com/watch?v=hSbSG4tTpLQ,684,365,1894,https://www.youtube.com/watch?v=BqJsuzaqyaE,888,188,134,246,https://www.twitch.tv/videos/2853250295
e810dcd23c334fd184d254718517764e,3430,217519,62,34,140,https://www.youtube.com/watch?v=B-oI2xcOKFA,62,34,140,https://www.youtube.com/watch?v=B-oI2xcOKFA,0,0,0,,0,0,0,0,
886f64b4a0504b9fbe5e4687b92f6584,3420,237177,143,59,1346,https://www.youtube.com/watch?v=M3Mw521Wbxw,261,91,1346,https://www.youtube.com/watch?v=M3Mw521Wbxw,50,10,244,https://www.youtube.com/watch?v=pPs9vHtKL6E,181,24,20,30,https://www.twitch.tv/videos/2853980805
3430201d0e1f4672a58faf16ee0f2761,3420,117983,236,114,625,https://www.youtube.com/watch?v=9w_AZJ2s6Yw,236,114,625,https://www.youtube.com/watch?v=9w_AZJ2s6Yw,0,0,0,,1380,100,66,119,https://www.twitch.tv/videos/2854099621
7748d3ab76f34e06abb9d116bb432de2,3400,63623,0,0,0,,0,0,0,,0,0,0,,1639,0,0,0,
4d01ec47d0804a47a9fef6d9d01d9c29,3400,88905,0,0,0,,0,0,0,,0,0,0,,2164,105,80,105,https://www.twitch.tv/videos/2853186516
46145dc9eaab4a84898468905a4759b0,3390,79291,40,23,40,https://www.youtube.com/watch?v=17w8_Hxz9VQ,0,0,0,,40,23,40,https://www.youtube.com/watch?v=17w8_Hxz9VQ,0,0,0,0,
63f727e673b9460abd6f7079bcbb1865,3390,245568,279,174,1301,https://www.youtube.com/watch?v=akQtqt05emw,284,222,970,https://www.youtube.com/watch?v=4Cf4RXs5DXQ,98,2,1301,https://www.youtube.com/watch?v=akQtqt05emw,0,0,0,0,
c7a3d726bb4243cabb70dfd1e9545cd0,3380,164664,101,20,156,https://www.youtube.com/watch?v=P14t6TisFSo,101,20,156,https://www.youtube.com/watch?v=P14t6TisFSo,0,0,0,,0,0,0,0,
2ceecb98e47845eab5e3d8d33bd53895,3370,106649,145,103,231,https://www.youtube.com/watch?v=1zct-fc0Y7s,145,103,231,https://www.youtube.com/watch?v=1zct-fc0Y7s,0,0,0,,0,0,0,0,
8125f51f9526408790a77c1c7b4a053b,3370,104816,0,0,0,,0,0,0,,0,0,0,,3427,0,0,0,
4e5f0c7c5f1f49c2b1d249b10225cabb,3370,397634,75,46,89,https://www.youtube.com/watch?v=0k1djqA4U-U,0,0,0,,75,46,89,https://www.youtube.com/watch?v=0k1djqA4U-U,43391,3717,1841,5937,https://www.twitch.tv/videos/2848475659
0f9d996c066a406dbe04161776c17461,3360,190910,147,71,761,https://www.youtube.com/watch?v=AUbHPKgMfwg,146,67,256,https://www.youtube.com/watch?v=b7D40Lo8H04,749,376,761,https://www.youtube.com/watch?v=AUbHPKgMfwg,0,0,0,0,
70a7428607b845fc959fb7d4859d018b,3360,350322,0,0,0,,0,0,0,,0,0,0,,18522,0,0,0,
0e8150c7419f4c1d94d8ccfb41a04280,3340,329475,0,0,0,,0,0,0,,0,0,0,,0,0,0,0,
8e249f04f6cb48bda24f1513a472f4d8,3320,269638,0,0,0,,0,0,0,,0,0,0,,0,0,0,0,
1756e5a7f5a04ff6a7b5f482201b5cfc,3320,79783,1405,96,1405,https://www.youtube.com/watch?v=7ioBZxOlXqc,0,0,0,,1405,96,1405,https://www.youtube.com/watch?v=7ioBZxOlXqc,24882,1310,412,2447,https://www.twitch.tv/videos/2835808423
5bbfc7c1b6584cef8c75f2f9044387d2,3290,324788,74,45,214,https://www.youtube.com/watch?v=DDq9m0G4H-k,74,45,214,https://www.youtube.com/watch?v=DDq9m0G4H-k,0,0,0,,0,0,0,0,
288f2fba52bf4d6b9e0ba66e03439837,3290,52742,0,0,0,,0,0,0,,0,0,0,,2312,101,54,157,https://www.twitch.tv/videos/2846922678
b1bfaed0ed7f4ca9ae96c017159efe77,3290,334520,113,61,334,https://www.youtube.com/watch?v=l6H2bHftoY4,113,64,334,https://www.youtube.com/watch?v=l6H2bHftoY4,75,40,75,https://www.youtube.com/watch?v=2sfuzEfWAaw,179,0,0,0,
72edc688855047cbbbe495e3f2af9fda,3290,138663,135,54,4119,https://www.youtube.com/watch?v=AKW5-IuJ4WU,119,47,299,https://www.youtube.com/watch?v=66b3sGOMuqw,4119,690,4119,https://www.youtube.com/watch?v=AKW5-IuJ4WU,0,0,0,0,
853be9569c0e446eaa5c5059642ea63b,3270,217997,551,313,4070,https://www.youtube.com/watch?v=jDdZV9ztYdU,486,247,1852,https://www.youtube.com/watch?v=MjXwZvjy_Uk,1544,908,4070,https://www.youtube.com/watch?v=jDdZV9ztYdU,209,244,170,436,https://www.twitch.tv/videos/2847098227
d2f9e9b19102408bbef636a6458934e6,3260,571691,258,159,323,https://www.youtube.com/watch?v=COGWBgi173g,258,159,323,https://www.youtube.com/watch?v=COGWBgi173g,0,0,0,,203,0,0,0,
163841e490b14b2583a799b3795021ad,3260,86118,109,34,809,https://www.youtube.com/watch?v=kPrs9Rdk4zI,111,73,175,https://www.youtube.com/watch?v=Uuxhb8ogP8k,70,33,809,https://www.youtube.com/watch?v=kPrs9Rdk4zI,610,315,198,363,https://www.twitch.tv/videos/2858544625
0ac7e05c8a3842e7bd1401652ce2bf4f,3260,134604,0,0,0,,0,0,0,,0,0,0,,0,0,0,0,
d539588cfa344f67965bb1dea41b9140,3250,305438,446,191,3364,https://www.youtube.com/watch?v=eppD-tG0C2A,431,151,780,https://www.youtube.com/watch?v=kEquBr2AxX8,3295,1244,3364,https://www.youtube.com/watch?v=eppD-tG0C2A,0,0,0,0,
30f59fd702d5417c9225bc729bf7ec32,3240,271642,159,37,214,https://www.youtube.com/watch?v=ZS6R6e5IwBE,159,37,214,https://www.youtube.com/watch?v=ZS6R6e5IwBE,0,0,0,,0,0,0,0,
cb5ff5f1898a45b1bc27a32057a1fa91,3230,72086,0,0,0,,0,0,0,,0,0,0,,2216,0,0,0,
06e9953eb191486d979e6b92b6601d9a,3210,1453395,46,21,6165,https://www.youtube.com/watch?v=ZAM_j-jOJM0,0,0,0,,46,21,6165,https://www.youtube.com/watch?v=ZAM_j-jOJM0,2234,0,0,0,
c15d8ca6249341d88086f2a9a2359812,3210,555244,789,216,3124,https://www.youtube.com/watch?v=I4bBVXjA2f4,377,121,1078,https://www.youtube.com/watch?v=6z2r5wCrUY8,1593,864,3124,https://www.youtube.com/watch?v=I4bBVXjA2f4,0,0,0,0,
1140618a96154395909d53257bffe0e6,3200,154638,133,32,284,https://www.youtube.com/watch?v=TyHlbZOPJcU,133,32,284,https://www.youtube.com/watch?v=TyHlbZOPJcU,0,0,0,,270,0,0,0,
cd98545ddec34fb2982ce2476c011db8,3200,69003,1058,356,3152,https://www.youtube.com/watch?v=vHQp0sUSHBI,662,134,2049,https://www.youtube.com/watch?v=gA24zNkD4uU,2016,1065,3152,https://www.youtube.com/watch?v=vHQp0sUSHBI,0,0,0,0,
eb159df5d55b4730ab2955c5e2638e3f,3200,107918,118,85,172,https://www.youtube.com/watch?v=o94At-O9MMQ,118,85,172,https://www.youtube.com/watch?v=o94At-O9MMQ,0,0,0,,0,0,0,0,
da189f9d282e4c31a4a8024d11fe368d,3190,149636,171,76,783,https://www.youtube.com/watch?v=DZh4YcH4lnA,178,86,783,https://www.youtube.com/watch?v=DZh4YcH4lnA,104,46,288,https://www.youtube.com/watch?v=LL-Kpqq0lDw,0,0,0,0,
b3f711673fea4ec5b6f87c023353594d,3180,227900,94,23,338,https://www.youtube.com/watch?v=LGdp6JZM63E,94,22,98,https://www.youtube.com/watch?v=opgKDMxwYtE,338,23,338,https://www.youtube.com/watch?v=LGdp6JZM63E,0,0,0,0,
14b8fa0f43664c31a5d634b20f9112d9,3180,150905,68,47,105,https://www.youtube.com/watch?v=4RkjzeC7vMk,73,32,105,https://www.youtube.com/watch?v=4RkjzeC7vMk,54,48,61,https://www.youtube.com/watch?v=x9wz0MayCKI,0,0,0,0,
96be1e561acd4a75817c6424d9d4f9f0,3180,138721,0,0,0,,0,0,0,,0,0,0,,4147,123,98,213,https://www.twitch.tv/videos/2851247978
38391974f5af4fbbb6224e3d6f2f7fb3,3180,194436,581,420,581,https://www.youtube.com/watch?v=4R1KJhtjetI,0,0,0,,581,420,581,https://www.youtube.com/watch?v=4R1KJhtjetI,6383,409,309,462,https://www.twitch.tv/videos/2854162341
8282a91b3aae44d3a075d08507665f4e,3170,63427,0,0,0,,0,0,0,,0,0,0,,0,0,0,0,
dba1db65ba874e18a33d8465d52d8f2e,3170,113534,0,0,0,,0,0,0,,0,0,0,,0,0,0,0,
bcbf00e1e98b4d5e8af20f29adbb0645,3170,206943,76,42,127,https://www.youtube.com/watch?v=3tBdKPfc1QE,76,42,127,https://www.youtube.com/watch?v=3tBdKPfc1QE,0,0,0,,0,0,0,0,
3d23ff5303d54cc58e5a69aa53b1db50,3160,440637,582,167,3067,https://www.youtube.com/watch?v=5oPREsTXjPA,582,167,3067,https://www.youtube.com/watch?v=5oPREsTXjPA,0,0,0,,0,0,0,0,
bddcd7d262a2434f9b6d77150fbbc72c,3150,44271,0,0,0,,0,0,0,,0,0,0,,0,0,0,0,
73675987096b486287784fc466b881be,3150,58059,0,0,0,,0,0,0,,0,0,0,,0,0,0,0,
85ec3eac9fef49dcb3aeee87520a5b85,3150,148352,236,101,566,https://www.youtube.com/watch?v=36uIFZIxVls,236,92,566,https://www.youtube.com/watch?v=36uIFZIxVls,298,162,446,https://www.youtube.com/watch?v=7Ihnc6oc6Rs,0,0,0,0,
1fdc000815cc476dbc9d19aa431305b5,3140,91103,70,43,153,https://www.youtube.com/watch?v=oOKOPYssynI,70,43,130,https://www.youtube.com/watch?v=xgNP963rXMU,96,61,153,https://www.youtube.com/watch?v=oOKOPYssynI,0,0,0,0,
75f110ca5e9a4b7db3c57912baf5ca27,3140,192655,0,0,0,,0,0,0,,0,0,0,,16070,107959,49385,152600,https://www.twitch.tv/videos/2844075806
63f45366143549d8a2d26406445e0077,3140,152563,0,0,0,,0,0,0,,0,0,0,,0,0,0,0,
7c6d1a181c90471887696ff9637aed03,3140,146377,0,0,0,,0,0,0,,0,0,0,,0,0,0,0,
8a86c4d0f4ce462a92c6bf09c027e432,3130,2899615,0,0,0,,0,0,0,,0,0,0,,160,0,0,0,
aa9fa329d639488dbb860b8f8b3235f8,3120,183218,626,357,673,https://www.youtube.com/watch?v=Zoc8kaRicLo,626,357,673,https://www.youtube.com/watch?v=Zoc8kaRicLo,0,0,0,,5272,1292,573,1791,https://www.twitch.tv/videos/2850618600
2f607aefde1d4264814d4e9282dd5cb0,3100,188009,186,102,2069,https://www.youtube.com/watch?v=nH8BOt7zYIs,162,100,377,https://www.youtube.com/watch?v=G8QjKDbnW-4,1182,914,2069,https://www.youtube.com/watch?v=nH8BOt7zYIs,264,0,0,0,
89036aadc62d496aa73c0a0076d67f41,3090,111715,161,47,283,https://www.youtube.com/watch?v=yioFj-Xzb_s,161,47,283,https://www.youtube.com/watch?v=yioFj-Xzb_s,0,0,0,,3109,252,186,439,https://www.twitch.tv/videos/2854265285
d6666443c70f478eb3008d28a33e0f61,3080,230760,345,163,1969,https://www.youtube.com/watch?v=mcvD2bPbfr4,262,119,523,https://www.youtube.com/watch?v=K6U7IzYXYic,1666,459,1969,https://www.youtube.com/watch?v=mcvD2bPbfr4,0,0,0,0,
44f1d1ad14034bd3949ad6f84624f0e4,3080,261618,210,138,4613,https://www.youtube.com/watch?v=8ob6VQsl7Vw,181,75,484,https://www.youtube.com/watch?v=iGG7M3komYs,839,462,4613,https://www.youtube.com/watch?v=8ob6VQsl7Vw,2965,309,191,374,https://www.twitch.tv/videos/2850491145
9f7bf6b3d935460e83896a0fe28012e9,3080,156329,379,149,1801,https://www.youtube.com/watch?v=9QtZrS2c-Lk,146,59,379,https://www.youtube.com/watch?v=m81uJbPj6Oc,1507,543,1801,https://www.youtube.com/watch?v=9QtZrS2c-Lk,1901,264,113,463,https://www.twitch.tv/videos/2838595862
9af612c3f872434cad1ba2e5dcbfaec8,3070,1125356,90,55,113,https://www.youtube.com/watch?v=LRr9DY1E57c,90,55,113,https://www.youtube.com/watch?v=LRr9DY1E57c,0,0,0,,0,0,0,0,
c28d59f83d9345de91d208cf7732bac5,3060,90913,0,0,0,,0,0,0,,0,0,0,,0,0,0,0,
ea62d2e6bc854e7a81b01a2362be310f,3060,201498,0,0,0,,0,0,0,,0,0,0,,334,0,0,0,
e4bea3dcc8934426a57516d4d6b373f4,3050,162588,1089,740,2379,https://www.youtube.com/watch?v=R3ghDhW5qEE,0,0,0,,1089,740,2379,https://www.youtube.com/watch?v=R3ghDhW5qEE,6852,1634,639,2762,https://www.twitch.tv/videos/2843982515
accb26f2db2746e898b68ab07dd3c5bc,3000,203236,158,55,1351,https://www.youtube.com/watch?v=2dpDrTespGY,161,58,1351,https://www.youtube.com/watch?v=2dpDrTespGY,27,1,41,https://www.youtube.com/watch?v=23k7jUtDZAA,964,70,47,220,https://www.twitch.tv/videos/2852189805
0b0f8cd64c904508910707412b2c307f,3000,115473,358,172,500,https://www.youtube.com/watch?v=rbEnmUcmu54,358,172,500,https://www.youtube.com/watch?v=rbEnmUcmu54,0,0,0,,0,0,0,0,
32a08f858ffb4d6aba0624647cf8cf2d,2970,131914,94,35,999,https://www.youtube.com/watch?v=Ro-4fwTWD00,92,34,229,https://www.youtube.com/watch?v=dXzLz4MirlA,999,937,999,https://www.youtube.com/watch?v=Ro-4fwTWD00,0,0,0,0,
1901cef25e9940e7b3da42d3c189cada,2960,66302,0,0,0,,0,0,0,,0,0,0,,0,0,0,0,
9c64ee54cc094bf7931398eaf0c072d6,2950,196047,0,0,0,,0,0,0,,0,0,0,,2308,438,352,483,https://www.twitch.tv/videos/2853294020
fd81a8861669442ca49c50bc4cfd4b5e,2950,188710,138,56,434,https://www.youtube.com/watch?v=vCgHNAVGcQA,138,56,434,https://www.youtube.com/watch?v=vCgHNAVGcQA,0,0,0,,0,0,0,0,
1551bebc6c26453e9893f342c68002bd,2950,74190,431,135,4229,https://www.youtube.com/watch?v=cTIgE3dzcF0,431,135,4229,https://www.youtube.com/watch?v=cTIgE3dzcF0,0,0,0,,380,128,94,128,https://www.twitch.tv/videos/2852254665
67b37e4e1f2f49d88a047d650b70be91,2950,74785,126,88,491,https://www.youtube.com/watch?v=pz8uu4cDFZw,126,88,491,https://www.youtube.com/watch?v=pz8uu4cDFZw,0,0,0,,1030,142,107,205,https://www.twitch.tv/videos/2850295590
2c2bf7ce933a4f34ac25c2dfa72fe565,2950,215016,1313,309,3484,https://www.youtube.com/watch?v=USMAGyC76Ww,254,176,1332,https://www.youtube.com/watch?v=8o3ebx4NFAk,1782,735,3484,https://www.youtube.com/watch?v=USMAGyC76Ww,908,462,366,1022,https://www.twitch.tv/videos/2846705613
99d1a2e0c8c047d2ad998e02d4dd9621,2930,104058,0,0,0,,0,0,0,,0,0,0,,0,0,0,0,
451ce18d28ff493e8238df85858dfb02,2910,264316,0,0,0,,0,0,0,,0,0,0,,2160,329,234,465,https://www.twitch.tv/videos/2855051763
4e48e10b3c2f439c934b1db25679b972,2910,326106,733,205,913,https://www.youtube.com/watch?v=pvojR1rl1RE,733,205,913,https://www.youtube.com/watch?v=pvojR1rl1RE,0,0,0,,0,0,0,0,
b4d14d75b48847b5adb8be6906dfec30,2910,150491,660,253,2712,https://www.youtube.com/watch?v=REEUwBfjhe8,655,299,2671,https://www.youtube.com/watch?v=0aTG_u-vBQo,2712,16,2712,https://www.youtube.com/watch?v=REEUwBfjhe8,528,0,0,0,
6443d56896a848dd820e339b5f81e292,2900,94486,0,0,0,,0,0,0,,0,0,0,,4522,250,189,350,https://www.twitch.tv/videos/2846905594
fc90561b03104438b6e8f657a28574ce,2900,134198,232,71,445,https://www.youtube.com/watch?v=9aHetrvtLqE,232,71,445,https://www.youtube.com/watch?v=9aHetrvtLqE,0,0,0,,0,0,0,0,
7da08de1840847b99c6fe9a44a1ca0ac,2900,72825,200,76,200,https://www.youtube.com/watch?v=7uU6vEzNzfY,200,76,200,https://www.youtube.com/watch?v=7uU6vEzNzfY,0,0,0,,0,0,0,0,
4bbc9414c3184dfa9aeab5fcdfd87089,2890,4881,0,0,0,,0,0,0,,0,0,0,,0,0,0,0,
bbd618a3874d4ae2ba5af36a23bc1914,2890,75595,166,45,272,https://www.youtube.com/watch?v=jAxsLvSobHs,0,0,0,,166,45,272,https://www.youtube.com/watch?v=jAxsLvSobHs,14124,2062,1238,3494,https://www.twitch.tv/videos/2836893628
4f917f1ccdd74d34a3746c379282b6fe,2880,253828,0,0,0,,0,0,0,,0,0,0,,2082,175,127,215,https://www.twitch.tv/videos/2847841423
15b52ca3f3b5410cb2bb305d2bb737c4,2870,222192,1382,726,2296,https://www.youtube.com/watch?v=cWx2-z0I6q8,0,0,0,,1382,726,2296,https://www.youtube.com/watch?v=cWx2-z0I6q8,1248,191,31,235,https://www.twitch.tv/videos/2833492749
6417469030e943748dfdba4ee26a08e4,2860,0,0,0,0,,0,0,0,,0,0,0,,1073,0,0,0,
96ff628d2280470b833174c32200a749,2860,71601,305,130,1974,https://www.youtube.com/watch?v=8peysq9C-fo,294,132,1974,https://www.youtube.com/watch?v=8peysq9C-fo,308,50,1003,https://www.youtube.com/watch?v=ZsSiEg6wG0I,0,0,0,0,
2463286fd3154219afa631c73d178147,2860,364617,160,67,698,https://www.youtube.com/watch?v=pxctpJgstm8,210,89,698,https://www.youtube.com/watch?v=pxctpJgstm8,106,31,133,https://www.youtube.com/watch?v=FBuFwcagusw,0,0,0,0,
677ae7ec361d4d3c9981bca8fbb974c8,2860,84755,151,35,192,https://www.youtube.com/watch?v=KpvC4ipjH4w,151,35,192,https://www.youtube.com/watch?v=KpvC4ipjH4w,0,0,0,,383,0,0,0,
118c05e7f751446abee5fc827fda0215,2850,839276,73,26,141,https://www.youtube.com/watch?v=UdiUHAIITls,73,26,141,https://www.youtube.com/watch?v=UdiUHAIITls,0,0,0,,0,0,0,0,
b606cde735d84b45ab96489d7a9997dd,2850,202458,68,27,1862,https://www.youtube.com/watch?v=GZo-8WwTxuE,47,14,302,https://www.youtube.com/watch?v=dQCAyBltE_U,93,36,1862,https://www.youtube.com/watch?v=GZo-8WwTxuE,245,0,0,0,
275aaf8046a144198dee96d20bce8b1a,2850,28423,108,42,108,https://www.youtube.com/watch?v=hNQBJJpovKA,108,49,108,https://www.youtube.com/watch?v=hNQBJJpovKA,38,26,38,https://www.youtube.com/watch?v=FsmHwml1itQ,0,0,0,0,
b256a399ae7a49e18208455d29c2eb12,2840,443288,95,38,211,https://www.youtube.com/watch?v=1cf_bahi164,95,38,211,https://www.youtube.com/watch?v=1cf_bahi164,0,0,0,,1297,133,90,158,https://www.twitch.tv/videos/2847844204
11dd1f817a6b4c80a066aedd8e0fa419,2840,88359,0,0,0,,0,0,0,,0,0,0,,0,0,0,0,
e6a9746af2a84387b6ed5a7d3a4434da,2840,277917,148,99,1974,https://www.youtube.com/watch?v=qxjndSVtc-E,113,55,309,https://www.youtube.com/watch?v=OKTYrWB_yPA,1497,503,1974,https://www.youtube.com/watch?v=qxjndSVtc-E,0,0,0,0,
40aa59fe29c64def89ab5fdce90b89ae,2840,891599,74,22,212,https://www.youtube.com/watch?v=r1KCLak9W2o,74,22,212,https://www.youtube.com/watch?v=r1KCLak9W2o,0,0,0,,0,0,0,0,
fe5e2d95569c47f29e863a8212ed7c60,2840,85550,0,0,0,,0,0,0,,0,0,0,,4870,826,330,1122,https://www.twitch.tv/videos/2853443798
76165d25983b463eaa1da66c86a32b7c,2830,39685,0,0,0,,0,0,0,,0,0,0,,775,210,112,210,https://www.twitch.tv/videos/2846765315
b79ac08a857c4553921c04c3b14b89ea,2830,198505,83,39,263,https://www.youtube.com/watch?v=R_IEu5RwlM8,0,0,0,,83,39,263,https://www.youtube.com/watch?v=R_IEu5RwlM8,500,0,0,0,
356186a5552f499baab4ac520b7d4235,2820,122953,353,179,1852,https://www.youtube.com/watch?v=cGj5Eex2-mk,343,190,1131,https://www.youtube.com/watch?v=1SdlDJSAh2Y,1446,62,1852,https://www.youtube.com/watch?v=cGj5Eex2-mk,0,0,0,0,
62f37fa0a2f44083945f03db36e50dff,2810,57985,259,67,1509,https://www.youtube.com/watch?v=riHMsMVFWFA,259,67,1509,https://www.youtube.com/watch?v=riHMsMVFWFA,0,0,0,,0,0,0,0,
8402646577b24bd5918bda8690e790b4,2810,355307,0,0,0,,0,0,0,,0,0,0,,1884,264,166,984,https://www.twitch.tv/videos/2852093734
1c8887da9e96471ca28b97d80e390698,2810,209394,147,94,1638,https://www.youtube.com/watch?v=ifP11Zlu1EA,123,85,174,https://www.youtube.com/watch?v=pWb5OrQDYVM,553,274,1638,https://www.youtube.com/watch?v=ifP11Zlu1EA,0,0,0,0,
cd4c94db2aed435794cc7e55999016e7,2800,122201,45,23,61,https://www.youtube.com/watch?v=p7xdj8n9clE,45,23,61,https://www.youtube.com/watch?v=p7xdj8n9clE,0,0,0,,347,57,36,57,https://www.twitch.tv/videos/2849641292
70f1d3ae590e4f2184f695fd2140010c,2800,712365,0,0,0,,0,0,0,,0,0,0,,0,0,0,0,
add8ccfa282a4524ae5b5d8435279bf7,2800,120251,329,136,1153,https://www.youtube.com/watch?v=BKp3Oa4mL1Q,329,132,501,https://www.youtube.com/watch?v=r-3g3S2Q01M,685,148,1153,https://www.youtube.com/watch?v=BKp3Oa4mL1Q,0,0,0,0,
d55860f26114410c97af27ba1269e3ed,2800,150992,239,82,299,https://www.youtube.com/watch?v=6_Jpt69o5Pg,239,82,299,https://www.youtube.com/watch?v=6_Jpt69o5Pg,0,0,0,,1604,213,167,318,https://www.twitch.tv/videos/2852149769
247eca886f5c43188a3d6d3945e40636,2790,150336,241,154,1062,https://www.youtube.com/watch?v=DUBh1kI3iKk,241,154,1062,https://www.youtube.com/watch?v=DUBh1kI3iKk,0,0,0,,0,0,0,0,
2875db54b5d74d01b301d63d36dd6fbf,2790,66113,135,96,135,https://www.youtube.com/watch?v=9iOZrvapjbY,135,96,135,https://www.youtube.com/watch?v=9iOZrvapjbY,0,0,0,,0,0,0,0,
2c6d5a00eabf47e2affcc8fa6ec64f9c,2790,204803,66,52,237,https://www.youtube.com/watch?v=uXRJ9bIIS6Y,66,52,237,https://www.youtube.com/watch?v=uXRJ9bIIS6Y,0,0,0,,139,0,0,0,
d210d8dfc0ec4a97907b9cebb5413ae3,2780,126856,0,0,0,,0,0,0,,0,0,0,,0,0,0,0,
339b4a73ce92470c97b1626405d5eb5b,2780,90690,0,0,0,,0,0,0,,0,0,0,,422,0,0,0,
bac6a676ace94e759d9faaaed94ce1b1,2760,141950,244,91,1619,https://www.youtube.com/watch?v=JSImJZvxV3k,220,81,554,https://www.youtube.com/watch?v=SiAqoJomKMo,1619,934,1619,https://www.youtube.com/watch?v=JSImJZvxV3k,0,0,0,0,
a47db6b367364da1a4f43829f665e99a,2750,102806,264,145,1822,https://www.youtube.com/watch?v=ohWyz4N-law,260,143,455,https://www.youtube.com/watch?v=oXqIhKQH-cw,1714,619,1822,https://www.youtube.com/watch?v=ohWyz4N-law,0,0,0,0,
73a96bba42b444df98487ed22f97c240,2750,376167,571,223,2327,https://www.youtube.com/watch?v=O5j911ZgL2E,100,30,265,https://www.youtube.com/watch?v=Q4EU2VqpjFo,1432,569,2327,https://www.youtube.com/watch?v=O5j911ZgL2E,936,112,64,168,https://www.twitch.tv/videos/2832704907
4a64836a88024358a7401530fed8e0f8,2750,366920,70,24,182,https://www.youtube.com/watch?v=ugJoKF0SDms,70,24,182,https://www.youtube.com/watch?v=ugJoKF0SDms,0,0,0,,6216,425,124,576,https://www.twitch.tv/videos/2850369340
4dd71b1079284bdb8ba90198317e524d,2740,179976,136,29,173,https://www.youtube.com/watch?v=yNnWfF-hAYE,146,32,173,https://www.youtube.com/watch?v=yNnWfF-hAYE,58,27,58,https://www.youtube.com/watch?v=4DQhE7ypwEI,0,0,0,0,
652d06b0251940bea32cd69dec3057e6,2730,2137,103,57,103,https://www.youtube.com/watch?v=9LMrYjX0tyE,103,57,103,https://www.youtube.com/watch?v=9LMrYjX0tyE,0,0,0,,404,56,30,101,https://www.twitch.tv/videos/2846887418
d2b1ba87da034210bbe54bfa1c01bc41,2720,60743,0,0,0,,0,0,0,,0,0,0,,8770,225,102,284,https://www.twitch.tv/videos/2836037020
e9c48535f2af4f638e5a4c54ffa7862c,2710,149179,33,25,46,https://www.youtube.com/watch?v=bdOQUg2fBfQ,33,25,46,https://www.youtube.com/watch?v=bdOQUg2fBfQ,0,0,0,,0,0,0,0,
c377cbfa47984f0ba9242b1f6e3dfc75,2710,26056,0,0,0,,0,0,0,,0,0,0,,2704,0,0,0,
7b40a7a144da4408b8de712c740e60dc,2700,134096,326,315,326,https://www.youtube.com/watch?v=gMBnKh8spf0,0,0,0,,326,315,326,https://www.youtube.com/watch?v=gMBnKh8spf0,0,0,0,0,
0a20931c68dc49c8bd08eda1486193d8,2690,68020,0,0,0,,0,0,0,,0,0,0,,1403,0,0,0,
1c304e8690e2400d9482f1173f59ad70,2690,118285,352,181,9025,https://www.youtube.com/watch?v=7hPkfPmQMD4,214,73,442,https://www.youtube.com/watch?v=BWJ_uPGuUlc,1447,823,9025,https://www.youtube.com/watch?v=7hPkfPmQMD4,347,59,57,219,https://www.twitch.tv/videos/2855978012
c2f77009b4264e3fa09aa054c89bb40c,2680,91933,0,0,0,,0,0,0,,0,0,0,,127,0,0,0,
a577528125314beab91d127043218bb2,2670,124491,314,44,4452,https://www.youtube.com/watch?v=xKzbWKLAyfo,0,0,0,,314,44,4452,https://www.youtube.com/watch?v=xKzbWKLAyfo,0,0,0,0,
b115a7f57f664800a9f71a25eaf73b92,2670,86581,69,22,1988,https://www.youtube.com/watch?v=tjCmB53dMlc,63,17,137,https://www.youtube.com/watch?v=Zr3QD3q1RFA,1988,339,1988,https://www.youtube.com/watch?v=tjCmB53dMlc,0,0,0,0,
86957fa57641453e9fcb73550e58b64f,2660,86740,155,85,1638,https://www.youtube.com/watch?v=h7hnYnas2gA,129,77,232,https://www.youtube.com/watch?v=E4u4xk7IyY0,1267,641,1638,https://www.youtube.com/watch?v=h7hnYnas2gA,525,58,33,82,https://www.twitch.tv/videos/2856769202
d95e3d9eed1a4e87a736a882a1fb9288,2650,246341,279,106,679,https://www.youtube.com/watch?v=jt1Zczvk5tw,279,106,679,https://www.youtube.com/watch?v=jt1Zczvk5tw,0,0,0,,94,0,0,0,
0dbf3f6f6521460782992a963122aed0,2650,301305,263,82,1264,https://www.youtube.com/watch?v=YV0LLhhQdpk,273,119,426,https://www.youtube.com/watch?v=7eGRvchceEI,66,46,1264,https://www.youtube.com/watch?v=YV0LLhhQdpk,410,0,0,0,
5b40a93fac8646f48fca66add3d3642c,2640,225235,325,103,704,https://www.youtube.com/watch?v=OVB-I3_6Zis,325,103,704,https://www.youtube.com/watch?v=OVB-I3_6Zis,0,0,0,,0,0,0,0,
0bef54320f364c5a9289fceac64c5411,2630,78993,0,0,0,,0,0,0,,0,0,0,,174,9,7,10,https://www.twitch.tv/videos/2850505430
0a178f2c7b994a4ea8eb845ebd489a5a,2620,148256,59,16,268,https://www.youtube.com/watch?v=wNjf0oDKzyY,59,16,268,https://www.youtube.com/watch?v=wNjf0oDKzyY,0,0,0,,207,0,0,0,
75e0561f549f4775b90601a9d308340a,2620,69724,79,26,156,https://www.youtube.com/watch?v=zK9GVuypxDM,79,26,156,https://www.youtube.com/watch?v=zK9GVuypxDM,0,0,0,,0,0,0,0,
d576c2396a004f3c8dd91baf14254898,2620,85703,45,27,200,https://www.youtube.com/watch?v=wD9MtCtd5Rw,41,26,49,https://www.youtube.com/watch?v=oo067v7y8h0,200,27,200,https://www.youtube.com/watch?v=wD9MtCtd5Rw,2887,86,65,155,https://www.twitch.tv/videos/2852297376
f96c65701df94732853d86ffd893081e,2610,82551,2216,1082,4235,https://www.youtube.com/watch?v=X9ij0oMnMTk,2216,1082,4235,https://www.youtube.com/watch?v=X9ij0oMnMTk,0,0,0,,0,0,0,0,
f4da0eee989545d2ade906b022a50e8c,2610,198688,78,27,141,https://www.youtube.com/watch?v=L4d_vb0joYk,78,27,141,https://www.youtube.com/watch?v=L4d_vb0joYk,0,0,0,,4159,598,523,1287,https://www.twitch.tv/videos/2852779970
6c4992a47ccc4c3bb997d3c49ddc2ec8,2610,74635,1579,57,1579,https://www.youtube.com/watch?v=omuBPI4UDLQ,0,0,0,,1579,57,1579,https://www.youtube.com/watch?v=omuBPI4UDLQ,759,0,0,0,
bee9506c5d714205bfc69573280852c2,2610,201147,115,69,1991,https://www.youtube.com/watch?v=Iv3vQ9RJ5bI,97,54,927,https://www.youtube.com/watch?v=7X_Gm51nCoI,1217,386,1991,https://www.youtube.com/watch?v=Iv3vQ9RJ5bI,2240,138,97,299,https://www.twitch.tv/videos/2847719651
407d2bd02ef04b9ea28e5189383942be,2600,125332,0,0,0,,0,0,0,,0,0,0,,714,344,220,1596,https://www.twitch.tv/videos/2846549170
4766ec1a407f4271bca77fb81487e81a,2580,120968,198,103,1694,https://www.youtube.com/watch?v=aRKo8KzIJwU,136,41,285,https://www.youtube.com/watch?v=CN8iWW152JQ,1328,564,1694,https://www.youtube.com/watch?v=aRKo8KzIJwU,4737,504,239,1062,https://www.twitch.tv/videos/2833424454
7a93714b53274fbaad48bef3b409d458,2580,222229,275,162,920,https://www.youtube.com/watch?v=aLLQ2_cSmeI,276,202,771,https://www.youtube.com/watch?v=cKyVyAIHIxc,20,19,920,https://www.youtube.com/watch?v=aLLQ2_cSmeI,0,0,0,0,
02168475e7ca4234b57d53f495bf3bbc,2570,154439,55,20,79,https://www.youtube.com/watch?v=NAzpmGGN6KQ,55,20,79,https://www.youtube.com/watch?v=NAzpmGGN6KQ,0,0,0,,0,0,0,0,
b8c13d7702844995a0b4a66eda4d31bc,2570,95260,4,2,281,https://www.youtube.com/watch?v=FxgMlZaglVA,0,0,0,,4,2,281,https://www.youtube.com/watch?v=FxgMlZaglVA,1646,232,138,368,https://www.twitch.tv/videos/2853973077
60234dcffd2b42f097a78aaf121d410f,2570,61955,0,0,0,,0,0,0,,0,0,0,,217,0,0,0,
7c147c43030b44b9ae244d82c387c82a,2570,83171,68,22,68,https://www.youtube.com/watch?v=8a6MbPFPwJw,68,22,68,https://www.youtube.com/watch?v=8a6MbPFPwJw,0,0,0,,0,0,0,0,
3896e47ba9f64b7082eee3980734ab14,2570,291520,119,55,156,https://www.youtube.com/watch?v=1ZqAr540OSA,119,55,156,https://www.youtube.com/watch?v=1ZqAr540OSA,0,0,0,,0,0,0,0,
87568c720cae40a99264816eb1875347,2560,167798,192,87,1029,https://www.youtube.com/watch?v=KOLh4R2uT7E,190,82,404,https://www.youtube.com/watch?v=BALOACn3JLQ,412,158,1029,https://www.youtube.com/watch?v=KOLh4R2uT7E,0,0,0,0,
9767904fedef42febaa98e9162973356,2560,602673,220,91,1489,https://www.youtube.com/watch?v=TNrSeiFSi_s,220,91,1489,https://www.youtube.com/watch?v=TNrSeiFSi_s,422,374,772,https://www.youtube.com/watch?v=Tc3obpl5RTk,0,0,0,0,
1225d23bc1814140bc0093c1407f06b3,2550,198340,121,67,1439,https://www.youtube.com/watch?v=ZzAFjs2xmUY,116,66,465,https://www.youtube.com/watch?v=rO-f0siKxek,1160,326,1439,https://www.youtube.com/watch?v=ZzAFjs2xmUY,108,0,0,0,
faa4994019724702a9da315a8c3641bc,2550,176744,186,138,1571,https://www.youtube.com/watch?v=OLanwygLCQw,182,127,245,https://www.youtube.com/watch?v=QRnS-bKtQ8c,939,190,1571,https://www.youtube.com/watch?v=OLanwygLCQw,0,0,0,0,
a66441bdef584fe0806c4be0fd2cf53a,2550,109028,128,14,128,https://www.youtube.com/watch?v=6wadD0yE8Bk,128,14,128,https://www.youtube.com/watch?v=6wadD0yE8Bk,0,0,0,,0,0,0,0,
7653119a278b4ea59d2af5e2ba7d30e0,2530,119297,235,96,235,https://www.youtube.com/watch?v=2FJfQmTMbLs,235,96,235,https://www.youtube.com/watch?v=2FJfQmTMbLs,0,0,0,,0,0,0,0,
a429c3010da544bab919814a3ea472a4,2530,85920,0,0,0,,0,0,0,,0,0,0,,2914,215,174,395,https://www.twitch.tv/videos/2849497064
c40a8ff66b3348dc8459766b74846feb,2530,1511,0,0,0,,0,0,0,,0,0,0,,1919,0,0,0,
75a90497bfc2480f954c276b70f7b1c3,2520,191146,151,94,151,https://www.youtube.com/watch?v=rpw4hGECmUg,151,94,151,https://www.youtube.com/watch?v=rpw4hGECmUg,0,0,0,,7006,0,0,0,
889bc532fb85455bae33baf0aa7ec003,2520,211927,29,24,29,https://www.youtube.com/watch?v=j3PaWGK7As4,29,24,29,https://www.youtube.com/watch?v=j3PaWGK7As4,0,0,0,,0,0,0,0,
891c39f050e048aebafaafc90a1c4cbd,2520,56170,208,38,305,https://www.youtube.com/watch?v=J21Ybis2-z4,208,38,305,https://www.youtube.com/watch?v=J21Ybis2-z4,0,0,0,,0,0,0,0,
932fd42911c74016bc7da418abd29f0f,2510,74986,80,34,1161,https://www.youtube.com/watch?v=H8nhoBJK9oA,80,26,135,https://www.youtube.com/watch?v=iCkuiD2YGB0,1161,270,1161,https://www.youtube.com/watch?v=H8nhoBJK9oA,90,0,0,0,
c8c0ab1d59fb4608ab1e460e946fa88a,2510,117129,74,9,84,https://www.youtube.com/watch?v=lNheE7CWVcs,74,9,84,https://www.youtube.com/watch?v=lNheE7CWVcs,0,0,0,,0,0,0,0,
83e0f3520699474ba7f017e5e4388a5f,2510,51652,0,0,0,,0,0,0,,0,0,0,,0,0,0,0,
a960b283b1124f44bc4bf2a16199977a,2510,108006,0,0,0,,0,0,0,,0,0,0,,4760,0,0,0,
a5566c76de5540f4a239c4c2a39cf460,2500,67816,348,121,1659,https://www.youtube.com/watch?v=fprF5u5rn_Y,251,87,348,https://www.youtube.com/watch?v=0oPV-iTIHTM,1659,505,1659,https://www.youtube.com/watch?v=fprF5u5rn_Y,0,0,0,0,
07553f6f3df84c3396508456ccbe7df2,2500,96864,191,79,552,https://www.youtube.com/watch?v=etSgQl_vlrE,191,79,552,https://www.youtube.com/watch?v=etSgQl_vlrE,0,0,0,,1051,0,0,0,
284024f40bb34b429debb78e7dbf3391,2500,6224,0,0,0,,0,0,0,,0,0,0,,0,0,0,0,
f656e3210df449889b6ad9e72acd7a72,2500,206699,245,87,920,https://www.youtube.com/watch?v=xnP7Aa0E-1Q,245,87,920,https://www.youtube.com/watch?v=xnP7Aa0E-1Q,0,0,0,,0,0,0,0,
352894d7c4eb4c9f87e248eae450183a,2490,307330,133,47,417,https://www.youtube.com/watch?v=VvjVBrgEvrw,195,83,417,https://www.youtube.com/watch?v=VvjVBrgEvrw,83,41,133,https://www.youtube.com/watch?v=ZOwgFWt5xMw,0,0,0,0,
e68bb26e386a4d49a2f521f8abc83376,2490,0,0,0,0,,0,0,0,,0,0,0,,3503,0,0,0,
db6b14a0319e4f639bfcf8d4309c064d,2490,369546,63,45,63,https://www.youtube.com/watch?v=fDIK9vSlZXs,0,0,0,,63,45,63,https://www.youtube.com/watch?v=fDIK9vSlZXs,3349,226,152,929,https://www.twitch.tv/videos/2852894470
e66d389ebb604096bfa99178e1a13c27,2490,317088,1400,497,2362,https://www.youtube.com/watch?v=IAImlmyWqvM,1400,492,2362,https://www.youtube.com/watch?v=IAImlmyWqvM,1101,961,1587,https://www.youtube.com/watch?v=lswLmOA8ac8,3845,252,217,555,https://www.twitch.tv/videos/2847671371
87968861d5794c01bfce46d51c8abfc7,2480,24932,0,0,0,,0,0,0,,0,0,0,,0,0,0,0,
08da85c2b24747a2aaeec4fe6cf9d681,2480,68681,496,179,1423,https://www.youtube.com/watch?v=Qf8yml7vffk,496,179,1423,https://www.youtube.com/watch?v=Qf8yml7vffk,0,0,0,,0,0,0,0,
6e1845e76035452287436153470e8656,2470,114907,179,75,261,https://www.youtube.com/watch?v=W5TiL4uoUp4,179,75,261,https://www.youtube.com/watch?v=W5TiL4uoUp4,0,0,0,,461,0,0,0,
b19d58b07131413a92b4bd16e37e8e38,2470,11693,0,0,0,,0,0,0,,0,0,0,,0,0,0,0,
a0c76cedf0e346a18586077a38f302d8,2470,111262,0,0,0,,0,0,0,,0,0,0,,173,0,0,0,
9c913230c732455c9604dae9ebcfa64e,2460,126081,3,1,2353,https://www.youtube.com/watch?v=uSG0iD8RoWw,0,0,0,,3,1,2353,https://www.youtube.com/watch?v=uSG0iD8RoWw,1362,378,252,428,https://www.twitch.tv/videos/2847714612
27bbe711f5e848a9bc8accc73fc79471,2430,25375,49,4,49,https://www.youtube.com/watch?v=QhLVTqZ_wxQ,0,0,0,,49,4,49,https://www.youtube.com/watch?v=QhLVTqZ_wxQ,0,0,0,0,
bff58c28269748eb99103a257886309a,2420,87361,155,88,19122,https://www.youtube.com/watch?v=tAnx_HZDfBY,125,67,412,https://www.youtube.com/watch?v=GlR7Md6MqU0,474,95,19122,https://www.youtube.com/watch?v=tAnx_HZDfBY,0,0,0,0,
a7874e2ea7a44640a4ad427680a1dc9a,2410,77082,0,0,0,,0,0,0,,0,0,0,,311,345,278,345,https://www.twitch.tv/videos/2854251021
72a83f60773546dba886008320809d70,2410,488184,0,0,0,,0,0,0,,0,0,0,,10227,528,331,817,https://www.twitch.tv/videos/2846575284
8be6ce1a26af47a4985205da119eab5a,2400,388877,146,46,1250,https://www.youtube.com/watch?v=uxGyHdwjavM,146,46,266,https://www.youtube.com/watch?v=n9B9Sg0-98E,692,337,1250,https://www.youtube.com/watch?v=uxGyHdwjavM,0,0,0,0,
cfc335d4b3e3411ca5b39ccb41a81958,2400,160275,620,82,3103,https://www.youtube.com/watch?v=qHKAaSnq1Iw,620,82,3103,https://www.youtube.com/watch?v=qHKAaSnq1Iw,0,0,0,,0,0,0,0,
cc1bad00639b4149b277f0d2e99c2abe,2400,84930,76,36,155,https://www.youtube.com/watch?v=8kxwM6UxOVU,76,36,155,https://www.youtube.com/watch?v=8kxwM6UxOVU,0,0,0,,0,0,0,0,
cec266a3203a4d1599494b42f35b4012,2400,10789,0,0,0,,0,0,0,,0,0,0,,538,31,27,103,https://www.twitch.tv/videos/2856887647
fa2a2255fa7d4aa7b5b54dea5dd2b1c4,2390,73001,67,43,119,https://www.youtube.com/watch?v=Vj6YHURLj5g,67,43,119,https://www.youtube.com/watch?v=Vj6YHURLj5g,0,0,0,,0,0,0,0,
68c912c0e68b455f91cd3e1dfbf7d33b,2390,62107,252,137,1717,https://www.youtube.com/watch?v=BuTYCWrIWnI,218,132,1364,https://www.youtube.com/watch?v=3UTS9caLFx8,1534,581,1717,https://www.youtube.com/watch?v=BuTYCWrIWnI,723,0,0,0,
d18dd7d3e19f469b9e3faaa6c1fe2b0d,2380,49246,98,37,686,https://www.youtube.com/watch?v=mqE8Qj2y1Zw,98,37,686,https://www.youtube.com/watch?v=mqE8Qj2y1Zw,0,0,0,,238,0,0,0,
364f94fc7493453e9f53787ade8e35c6,2370,397893,127,57,221,https://www.youtube.com/watch?v=_gQMbx-HkBs,127,57,221,https://www.youtube.com/watch?v=_gQMbx-HkBs,0,0,0,,0,0,0,0,
c79b5a5a5c8b4d8f917afdfc16c01961,2360,104546,0,0,0,,0,0,0,,0,0,0,,3895,1053,937,1372,https://www.twitch.tv/videos/2855179499
6510332f58be4d86b0007c77a622c959,2360,329127,500,271,1176,https://www.youtube.com/watch?v=K_Lny2k8MFg,500,271,1176,https://www.youtube.com/watch?v=K_Lny2k8MFg,0,0,0,,3285,250,192,380,https://www.twitch.tv/videos/2848732117
bd9c7d2e96094ce7b8ca032228bb13c7,2360,48425,0,0,0,,0,0,0,,0,0,0,,0,0,0,0,
b7fa120fd2264ecca8f9f02ece2850a9,2350,80572,0,0,0,,0,0,0,,0,0,0,,159,0,0,0,
572c03fa49b54d4b95935321b4722b68,2350,486022,294,109,1506,https://www.youtube.com/watch?v=Qu7T2PpXFvA,0,0,0,,294,109,1506,https://www.youtube.com/watch?v=Qu7T2PpXFvA,1941,164,82,1048,https://www.twitch.tv/videos/2854949818
c805a5c2c4fb4a068a65267452aa4da5,2350,88738,44,10,149,https://www.youtube.com/watch?v=OX_Lh7aVANE,44,10,149,https://www.youtube.com/watch?v=OX_Lh7aVANE,0,0,0,,0,0,0,0,
6c812a2f61ac470f8e3b30a92dca9d81,2340,76182,0,0,0,,0,0,0,,0,0,0,,0,0,0,0,
4ed0862cff5b47bcbf4b6a30e431e0fa,2340,104686,1569,889,2028,https://www.youtube.com/watch?v=HzYWtbJF8YU,0,0,0,,1569,889,2028,https://www.youtube.com/watch?v=HzYWtbJF8YU,0,0,0,0,
95f3f004ed9641139567827519f6b35e,2340,159775,0,0,0,,0,0,0,,0,0,0,,252,0,0,0,
076c16fcd0c843c0b70748712d15f233,2340,36518,0,0,0,,0,0,0,,0,0,0,,0,0,0,0,
80c426d23cdb4dcda1d1a0a1bd7e0245,2340,27407,0,0,0,,0,0,0,,0,0,0,,6175,0,0,0,
70d5f64a7e324d7584d7e5116d6dc5a2,2340,76071,540,430,540,https://www.youtube.com/watch?v=B5SVIiPOpcM,540,430,540,https://www.youtube.com/watch?v=B5SVIiPOpcM,0,0,0,,0,0,0,0,
eb38f509e8464ba19ba8579e0b99e262,2330,104156,120,47,174,https://www.youtube.com/watch?v=BTgaZ9KoqOk,107,47,166,https://www.youtube.com/watch?v=CH23LruQqxo,174,70,174,https://www.youtube.com/watch?v=BTgaZ9KoqOk,0,0,0,0,
d3a3eab7a3e34ea98784c44e3691c726,2330,90804,0,0,0,,0,0,0,,0,0,0,,0,0,0,0,
c94bc4ff4689403aac751731d33150e6,2330,69397,261,78,1563,https://www.youtube.com/watch?v=pLT1MU4HXhk,280,142,968,https://www.youtube.com/watch?v=UcGCrd0zpqY,147,63,1563,https://www.youtube.com/watch?v=pLT1MU4HXhk,486,179,110,216,https://www.twitch.tv/videos/2853288732
65a52797bec24b9bb2df5201068873a4,2330,26319,127,81,127,https://www.youtube.com/watch?v=2dIM10cNYM0,127,81,127,https://www.youtube.com/watch?v=2dIM10cNYM0,0,0,0,,0,0,0,0,
084c49d869114256af18c13cc4b56414,2330,52610,0,0,0,,0,0,0,,0,0,0,,0,0,0,0,
6274e7f2acaf4d48b5fa569168f9468e,2330,144191,186,85,1022,https://www.youtube.com/watch?v=JJOod3VHAZw,186,85,1022,https://www.youtube.com/watch?v=JJOod3VHAZw,0,0,0,,0,0,0,0,
2af83bdd7db644d88ffdaf123c38619b,2320,77320,75,61,293,https://www.youtube.com/watch?v=lUsmSHXbsf0,75,61,293,https://www.youtube.com/watch?v=lUsmSHXbsf0,0,0,0,,0,0,0,0,
395eade6d67445e1831010cac52ab444,2310,96280,0,0,0,,0,0,0,,0,0,0,,779,0,0,0,
9fb51e14ba1c499eb6383a7a166a4d52,2310,86864,40,12,1310,https://www.youtube.com/watch?v=ujmHzXrFNiM,48,18,94,https://www.youtube.com/watch?v=Khg1_qgCMc4,5,4,1310,https://www.youtube.com/watch?v=ujmHzXrFNiM,0,0,0,0,
e8be1d48c5a249cebcef72b17653ef34,2310,22611,0,0,0,,0,0,0,,0,0,0,,0,0,0,0,
b975eb70ed174bbda87e181be25bd1c5,2310,87340,0,0,0,,0,0,0,,0,0,0,,0,0,0,0,
a9e5491563fd4b05896ef9a8cb2ee7d7,2300,140155,208,80,1220,https://www.youtube.com/watch?v=xTYkk1sQ8Uw,86,34,1220,https://www.youtube.com/watch?v=xTYkk1sQ8Uw,421,182,1122,https://www.youtube.com/watch?v=QI8F6xovg1E,0,0,0,0,
6873f5b9a88c42ba980878bbffb5682a,2300,182939,217,112,705,https://www.youtube.com/watch?v=82PZnNz96uM,217,112,277,https://www.youtube.com/watch?v=aKuM95fWn8c,413,344,705,https://www.youtube.com/watch?v=82PZnNz96uM,0,0,0,0,
5c7278d46cd24b8eb5f49c446acc759d,2300,16835,213,89,976,https://www.youtube.com/watch?v=47AmyqFbY0U,220,100,976,https://www.youtube.com/watch?v=47AmyqFbY0U,204,20,204,https://www.youtube.com/watch?v=ftKjK6eVRa4,84,0,0,0,
4d44c28a73394954a4d1bf2a1b2c162c,2290,157293,74,32,394,https://www.youtube.com/watch?v=WlzDMdXXy4Y,74,32,394,https://www.youtube.com/watch?v=WlzDMdXXy4Y,0,0,0,,0,0,0,0,
46954e0541644057a88f590a4739722c,2290,70749,213,94,947,https://www.youtube.com/watch?v=-z_bNzhgbLI,213,80,648,https://www.youtube.com/watch?v=bpEZKc3eJ2A,947,751,947,https://www.youtube.com/watch?v=-z_bNzhgbLI,138,0,0,0,
a64ba9e0b7dd4de58ffbdf9ca043a90b,2290,107953,106,47,1405,https://www.youtube.com/watch?v=PoRPExKRnDo,97,24,148,https://www.youtube.com/watch?v=zkj4MXHmGiU,1346,421,1405,https://www.youtube.com/watch?v=PoRPExKRnDo,94,0,0,0,
43e557d175ce462b97c4c406954d8c04,2280,462928,79,56,188,https://www.youtube.com/watch?v=AMBOBf6Myh0,79,56,188,https://www.youtube.com/watch?v=AMBOBf6Myh0,0,0,0,,513,31,26,59,https://www.twitch.tv/videos/2857684321
4ac7e88bd2234040a1da03644b06a501,2280,0,0,0,0,,0,0,0,,0,0,0,,0,0,0,0,
0bf305da1ec14c5c8447b9a007bc81f6,2280,252411,486,109,2919,https://www.youtube.com/watch?v=ewyl96-sleA,148,66,1301,https://www.youtube.com/watch?v=W2El4GN2JnI,1657,793,2919,https://www.youtube.com/watch?v=ewyl96-sleA,1080,82,52,136,https://www.twitch.tv/videos/2852888389
fe0305c914c549879b315b6dc3204748,2280,46814,0,0,0,,0,0,0,,0,0,0,,0,0,0,0,
7ce04ee5bb63467f8b70a69136049218,2280,26930,0,0,0,,0,0,0,,0,0,0,,1781,218,139,218,https://www.twitch.tv/videos/2849623346
ad43fda31b7842dc8e7854840b974614,2270,102506,95,19,206,https://www.youtube.com/watch?v=QWKvJLWPOtU,95,19,206,https://www.youtube.com/watch?v=QWKvJLWPOtU,0,0,0,,1150,0,0,0,
c0ce3bfbf1434af3a2a7bd7b2c38e7e7,2270,165951,379,85,669,https://www.youtube.com/watch?v=_sjIov-rbgM,444,149,669,https://www.youtube.com/watch?v=_sjIov-rbgM,118,60,378,https://www.youtube.com/watch?v=eBSacJjPbw8,0,0,0,0,
6f382359f4d0436e9e1d4f87e4696e76,2270,70088,0,0,0,,0,0,0,,0,0,0,,0,0,0,0,
c1aa10208a06439481231599b25845b0,2270,191214,768,412,1356,https://www.youtube.com/watch?v=Q2JerBSqfzI,180,21,180,https://www.youtube.com/watch?v=5NkhR9yHrlk,1356,804,1356,https://www.youtube.com/watch?v=Q2JerBSqfzI,2211,142,86,426,https://www.twitch.tv/videos/2854092453
29574cafecff435b90d34431e2153f02,2260,313656,229,80,1783,https://www.youtube.com/watch?v=AwvyPqNRp1c,62,17,229,https://www.youtube.com/watch?v=E5nzepznJ5s,1220,715,1783,https://www.youtube.com/watch?v=AwvyPqNRp1c,189,61,35,93,https://www.twitch.tv/videos/2850514422
a60c8fc0a1324bf8b65053231ee22373,2260,566907,65,28,2130,https://www.youtube.com/watch?v=TSnKjn_rpKE,43,21,133,https://www.youtube.com/watch?v=n9LlP5J9Sxk,943,326,2130,https://www.youtube.com/watch?v=TSnKjn_rpKE,187,9,5,21,https://www.twitch.tv/videos/2852351644
6cd8cdc530d14e2d9d0a9cd20cb6b05c,2250,86248,76,63,99,https://www.youtube.com/watch?v=h04waAgHpG0,76,63,99,https://www.youtube.com/watch?v=h04waAgHpG0,0,0,0,,0,0,0,0,
92e03a33b1e640f6aa94211011de5d24,2250,92317,402,319,2014,https://www.youtube.com/watch?v=YFOntrhKOBY,0,0,0,,402,319,2014,https://www.youtube.com/watch?v=YFOntrhKOBY,304,65,48,126,https://www.twitch.tv/videos/2857800377
6fa5098cd1c644c5871a47a7e56803dc,2240,89485,357,225,1698,https://www.youtube.com/watch?v=iqU97D_ZE3s,331,184,1445,https://www.youtube.com/watch?v=UAOzFv8SSag,821,438,1698,https://www.youtube.com/watch?v=iqU97D_ZE3s,264,0,0,0,
25904d8b82c84d74a8abffb804647e21,2240,114360,0,0,0,,0,0,0,,0,0,0,,393,0,0,0,
78dea7b59be448329ec287a403f95a13,2230,31461,5,2,22,https://www.youtube.com/watch?v=SoD17c0o5n8,0,0,0,,5,2,22,https://www.youtube.com/watch?v=SoD17c0o5n8,2122,196,151,218,https://www.twitch.tv/videos/2855068903
345b2eb5c8bf4d7d9fa72176f67de440,2230,43562,9,3,13,https://www.youtube.com/watch?v=O9mt4wZ9jmE,0,0,0,,9,3,13,https://www.youtube.com/watch?v=O9mt4wZ9jmE,880,48,46,67,https://www.twitch.tv/videos/2858760678
b9104b7fdb804facb0d8847f373a8a05,2220,123788,28,13,39,https://www.youtube.com/watch?v=dyuwW6ZQqfQ,28,13,39,https://www.youtube.com/watch?v=dyuwW6ZQqfQ,0,0,0,,110,0,0,0,
504678b9fa2f4506879ba42b27a13dff,2220,248227,128,68,1411,https://www.youtube.com/watch?v=4ueeEwL-M6s,122,52,186,https://www.youtube.com/watch?v=q3831rf9Iz8,711,257,1411,https://www.youtube.com/watch?v=4ueeEwL-M6s,0,0,0,0,
751596501f4f420a8a5c5c9d839efb22,2220,116009,0,0,0,,0,0,0,,0,0,0,,271,0,0,0,
c52b95b6a42d48f0ae888720492a5a46,2220,146545,0,0,0,,0,0,0,,0,0,0,,0,0,0,0,
65c0e7f6562d419e944caea644836c1f,2220,93857,105,36,236,https://www.youtube.com/watch?v=vjACy4bHZ6g,105,36,236,https://www.youtube.com/watch?v=vjACy4bHZ6g,0,0,0,,297,11,10,11,https://www.twitch.tv/videos/2857812361
27f5926236d04e34a08fdb7ab83940bc,2220,69444,166,103,246,https://www.youtube.com/watch?v=IyNVMZLWVp0,166,103,246,https://www.youtube.com/watch?v=IyNVMZLWVp0,0,0,0,,0,0,0,0,
9b8fe3ac0f30473f87290d314dfda74e,2220,3036,1032,748,1170,https://www.youtube.com/watch?v=3DtBZYk2X5I,0,0,0,,1032,748,1170,https://www.youtube.com/watch?v=3DtBZYk2X5I,0,0,0,0,
de610557c5c041df85e41e7f2f5490f5,2220,12727,0,0,0,,0,0,0,,0,0,0,,4227,0,0,0,
8890acc220cd4f969ec2e23a28c1eda2,2210,8879,0,0,0,,0,0,0,,0,0,0,,0,0,0,0,
ab069c9401bc4bd09eea8f5ece525d54,2210,349723,0,0,0,,0,0,0,,0,0,0,,0,0,0,0,
d418b8a185f449b3a15c1656ba654780,2200,160914,0,0,0,,0,0,0,,0,0,0,,0,0,0,0,
1ead15220cb842a79c3922d08d618e31,2200,4602,0,0,0,,0,0,0,,0,0,0,,0,0,0,0,
60602526ae1d48688c23a74b3cb527e8,2180,101028,76,32,77,https://www.youtube.com/watch?v=9QAeo-dYokI,76,32,77,https://www.youtube.com/watch?v=9QAeo-dYokI,0,0,0,,0,0,0,0,
8e84dbdebec446bab8c82b3f0467f398,2180,204042,122,56,1738,https://www.youtube.com/watch?v=gRiB9l0vcAg,72,32,190,https://www.youtube.com/watch?v=SFukqXXppNQ,1571,701,1738,https://www.youtube.com/watch?v=gRiB9l0vcAg,0,0,0,0,
8b732f3260e0427f9cf795b93ada310a,2170,31316,0,0,0,,0,0,0,,0,0,0,,3931,614,327,1528,https://www.twitch.tv/videos/2856728880
19a2801d800547e58c6560aa1accf3e4,2170,98308,92,45,143,https://www.youtube.com/watch?v=VyIOV3HfQwY,92,45,143,https://www.youtube.com/watch?v=VyIOV3HfQwY,0,0,0,,451,0,0,0,
44ae1f339250472c82d1fc4ffb3610ad,2160,108188,331,152,5152,https://www.youtube.com/watch?v=HwjaFvQarQ0,331,152,5152,https://www.youtube.com/watch?v=HwjaFvQarQ0,0,0,0,,3001,1107,511,1466,https://www.twitch.tv/videos/2856628525
a76c19e10aa4463f92f0d2e0f30ab84a,2160,149191,91,49,1817,https://www.youtube.com/watch?v=7S4-OoVnaLg,80,45,258,https://www.youtube.com/watch?v=8eey81VjTKs,343,286,1817,https://www.youtube.com/watch?v=7S4-OoVnaLg,0,0,0,0,
8a63cc5d44b44e2c88122e98c533d20a,2160,332428,0,0,0,,0,0,0,,0,0,0,,0,0,0,0,
d45c287a84b6485e8ff3400cf50f5db7,2160,170089,0,0,0,,0,0,0,,0,0,0,,4420,636,319,1044,https://www.twitch.tv/videos/2835306504
5da8c6fb027049cc8bc2030c56e8c489,2150,30311,0,0,0,,0,0,0,,0,0,0,,136,0,0,0,
b5c9831f97f4427a88a96d7c4ee40539,2150,200419,0,0,0,,0,0,0,,0,0,0,,1693,0,0,0,
58d43efc5b4046148d02de0e65ef9120,2140,256325,108,42,437,https://www.youtube.com/watch?v=3LhrVkeSENg,111,44,437,https://www.youtube.com/watch?v=3LhrVkeSENg,10,10,13,https://www.youtube.com/watch?v=Z2zaomae-LI,584,81,58,127,https://www.twitch.tv/videos/2854129998
948d1078ceaf4b39b3bef86fdab85482,2130,44463,1433,138,2761,https://www.youtube.com/watch?v=2l7efhnyBNk,145,63,1498,https://www.youtube.com/watch?v=cY8I5QZ0rIU,1892,519,2761,https://www.youtube.com/watch?v=2l7efhnyBNk,2937,206,131,342,https://www.twitch.tv/videos/2847833221
326e254f0da14bc6bfc5d379164cf5c6,2130,46486,0,0,0,,0,0,0,,0,0,0,,0,0,0,0,
c41a24bf9c8f48ee9454119057088688,2130,87379,0,0,0,,0,0,0,,0,0,0,,0,0,0,0,
62b58adde13f4a73ab406f857d730e20,2130,99583,140,55,1087,https://www.youtube.com/watch?v=A-sRiaM898A,133,52,256,https://www.youtube.com/watch?v=2dNO9Rxq3Ro,161,160,1087,https://www.youtube.com/watch?v=A-sRiaM898A,0,0,0,0,
e58a5a6f40e040d79bbcd139824d6fc7,2120,278948,112,45,1833,https://www.youtube.com/watch?v=iExV8tD6P2o,0,0,0,,112,45,1833,https://www.youtube.com/watch?v=iExV8tD6P2o,11562,3121,1507,4926,https://www.twitch.tv/videos/2847633581
80ea9b92d31c48b8b2cf2ca5bacc2a08,2110,70343,112,61,156,https://www.youtube.com/watch?v=KEr-ChN90NA,112,61,156,https://www.youtube.com/watch?v=KEr-ChN90NA,0,0,0,,0,0,0,0,
4f93fe928d264a299c6589e09fbda21e,2110,163461,0,0,0,,0,0,0,,0,0,0,,0,0,0,0,
e897180feafa4f748c41f13306b6f379,2110,498735,592,185,21952,https://www.youtube.com/watch?v=svarCVlEiYE,212,66,393,https://www.youtube.com/watch?v=NINNMu6GzL8,1791,510,21952,https://www.youtube.com/watch?v=svarCVlEiYE,36,0,0,0,
ef03340f293242f89fe15f2f828dbf7f,2110,48902,47,25,215,https://www.youtube.com/watch?v=avH11vlJ4LA,47,25,215,https://www.youtube.com/watch?v=avH11vlJ4LA,0,0,0,,657,35,22,60,https://www.twitch.tv/videos/2850504819
226eb1e34c924ae2914d960039905d08,2100,236801,59,35,1068,https://www.youtube.com/watch?v=ngvlTwkkt9U,54,33,409,https://www.youtube.com/watch?v=Yw4qDO_nLWI,576,356,1068,https://www.youtube.com/watch?v=ngvlTwkkt9U,0,0,0,0,
2c92fe49ca9f4b8faf8f4521378857d2,2100,292086,0,0,0,,0,0,0,,0,0,0,,666,12,8,18,https://www.twitch.tv/videos/2855140184
1310ffb60dcf40eaaf6a08890e632234,2100,103237,218,214,218,https://www.youtube.com/watch?v=BbImKG-5N9A,218,214,218,https://www.youtube.com/watch?v=BbImKG-5N9A,0,0,0,,0,0,0,0,
9870111c23124c19a12de7bbdeb8abc1,2100,72933,111,34,113,https://www.youtube.com/watch?v=6x0VoDPkJYA,111,34,113,https://www.youtube.com/watch?v=6x0VoDPkJYA,0,0,0,,0,0,0,0,
9efea510313f4733b4d0b5e3cfb6988b,2100,528612,16,12,173,https://www.youtube.com/watch?v=3naxNQDUtS4,0,0,0,,16,12,173,https://www.youtube.com/watch?v=3naxNQDUtS4,0,0,0,0,
6d2945d11f504edb9962f742b54f6553,2090,36426,19,13,70,https://www.youtube.com/watch?v=1tEybKb5t4Q,19,13,70,https://www.youtube.com/watch?v=1tEybKb5t4Q,0,0,0,,1111,0,0,0,
6b36f446b10e4ea99d5d80d60beeee21,2090,50570,0,0,0,,0,0,0,,0,0,0,,8148,850,496,1529,https://www.twitch.tv/videos/2847546423
40082e2bb0b546d3bd3ebb75a3192092,2090,1653022,118,19,1483,https://www.youtube.com/watch?v=kW12YIc0o4Y,50,18,75,https://www.youtube.com/watch?v=HDcLsnlO14Q,140,21,1483,https://www.youtube.com/watch?v=kW12YIc0o4Y,0,0,0,0,
d564ef4ee383435787e18dee18247631,2090,66480,94,52,1267,https://www.youtube.com/watch?v=N5yIUkals4U,91,48,572,https://www.youtube.com/watch?v=qLtP_QZ52yw,1267,303,1267,https://www.youtube.com/watch?v=N5yIUkals4U,402,0,0,0,
7cc197b36bc64bf38aaf98a17eaf8d31,2080,223499,521,144,1770,https://www.youtube.com/watch?v=s5Y324vRmVE,157,122,163,https://www.youtube.com/watch?v=tx2NsNeN4jw,1426,208,1770,https://www.youtube.com/watch?v=s5Y324vRmVE,0,0,0,0,
e9047e02eb6340ff940114f754c76875,2080,58891,176,118,390,https://www.youtube.com/watch?v=nFaa-OZlq1g,48,33,48,https://www.youtube.com/watch?v=gsWHP8X0chA,283,132,390,https://www.youtube.com/watch?v=nFaa-OZlq1g,0,0,0,0,
8b810380ed254a5e8a85b65552ba4e61,2080,127335,1409,546,1840,https://www.youtube.com/watch?v=Xm-lukeSTKU,0,0,0,,1409,546,1840,https://www.youtube.com/watch?v=Xm-lukeSTKU,23751,1863,731,4431,https://www.twitch.tv/videos/2838456719
8c171b8f4b854cbfade4ee2babc19e0f,2080,49913,199,110,441,https://www.youtube.com/watch?v=eFg1PVarTYA,199,110,441,https://www.youtube.com/watch?v=eFg1PVarTYA,0,0,0,,0,0,0,0,
e91df1edab1b4b01b37419becd9f5b86,2080,64469,175,102,13057,https://www.youtube.com/watch?v=9a_YSHyURds,151,79,248,https://www.youtube.com/watch?v=jjzSGBkynaw,11962,2638,13057,https://www.youtube.com/watch?v=9a_YSHyURds,62,47,31,58,https://www.twitch.tv/videos/2855123724
4f20b9493001401f81b7a451bf856fba,2070,238098,1310,517,16288,https://www.youtube.com/watch?v=n5McDdg-cv8,0,0,0,,1310,517,16288,https://www.youtube.com/watch?v=n5McDdg-cv8,1588,226,218,451,https://www.twitch.tv/videos/2858589153
6eefc3826f4f49a0b28a5288c5e0d83e,2070,12853,0,0,0,,0,0,0,,0,0,0,,2653,342,195,404,https://www.twitch.tv/videos/2848567120
ab540a5b73bb4dfa85cebffb70fad5db,2070,59261,0,0,0,,0,0,0,,0,0,0,,1225,0,0,0,
33918eea49984fb499619652ce58a4fa,2060,35772,0,0,0,,0,0,0,,0,0,0,,0,0,0,0,
93e7079bd21c499f9004e79d18489d28,2060,494566,0,0,0,,0,0,0,,0,0,0,,85,0,0,0,
361d3dd97ee9430f85d57b61ea8f0b85,2060,178307,156,68,2151,https://www.youtube.com/watch?v=qB2ysE3aRqM,92,61,191,https://www.youtube.com/watch?v=jbNiREYOWF0,1152,656,2151,https://www.youtube.com/watch?v=qB2ysE3aRqM,0,0,0,0,
44b22851b9df4612bec834e2cfde9489,2060,521820,49,23,162,https://www.youtube.com/watch?v=YOO3eBDJ8_Y,49,23,162,https://www.youtube.com/watch?v=YOO3eBDJ8_Y,0,0,0,,0,0,0,0,
3a8fe50b02d04b45af3974ed979c52eb,2050,106285,295,86,1850,https://www.youtube.com/watch?v=dtbijRT_ytA,257,86,524,https://www.youtube.com/watch?v=Ns-eDjs9tm8,491,168,1850,https://www.youtube.com/watch?v=dtbijRT_ytA,0,0,0,0,
8f7fdc3104f541539132c122eeab6801,2050,48459,141,61,435,https://www.youtube.com/watch?v=37cPa_WSwR4,161,64,435,https://www.youtube.com/watch?v=37cPa_WSwR4,62,52,73,https://www.youtube.com/watch?v=hMrM4sGYnuE,0,0,0,0,
9087489bcb234de9bb2a8942a1562a61,2050,76125,0,0,0,,0,0,0,,0,0,0,,0,0,0,0,
1b863baf309a4ff587385012bb5bde51,2050,80202,0,0,0,,0,0,0,,0,0,0,,340,0,0,0,
b8d723ac79eb47229a23adc4029a5bd5,2050,0,0,0,0,,0,0,0,,0,0,0,,0,0,0,0,
77829b31e6e246efbf1f648a353ff823,2040,314364,196,70,8613,https://www.youtube.com/watch?v=vT7HUduSFx0,162,58,570,https://www.youtube.com/watch?v=VmiknxCTmuw,1443,584,8613,https://www.youtube.com/watch?v=vT7HUduSFx0,0,0,0,0,
cb52afa541704e6e8f1098a20679135c,2040,119917,53,9,63,https://www.youtube.com/watch?v=owOkbnYxz3w,53,9,63,https://www.youtube.com/watch?v=owOkbnYxz3w,0,0,0,,330,19,17,19,https://www.twitch.tv/videos/2857820849
a5681ed32f994c57a107a0b9248fb228,2040,84859,162,145,812,https://www.youtube.com/watch?v=YPinZshAMLM,162,145,812,https://www.youtube.com/watch?v=YPinZshAMLM,0,0,0,,0,0,0,0,
2e58c53f72f144dbad853ca8630dab19,2030,74282,227,13,227,https://www.youtube.com/watch?v=_Y_zHxiItZI,227,13,227,https://www.youtube.com/watch?v=_Y_zHxiItZI,0,0,0,,234,0,0,0,
e32a7d950f5a4b53ab2f47d225aec4fd,2030,54974,0,0,0,,0,0,0,,0,0,0,,0,0,0,0,
0414bb8fc082472a9434bd4a463a9865,2030,11139,0,0,0,,0,0,0,,0,0,0,,191,0,0,0,
7d2aa4176f60423bb1532ac37ed55e28,2030,167922,100,37,181,https://www.youtube.com/watch?v=lkQJJsSXkNw,100,37,181,https://www.youtube.com/watch?v=lkQJJsSXkNw,0,0,0,,0,0,0,0,
712d031e7f004ed99aa1dfdb176cff32,2020,118978,1006,1001,1006,https://www.youtube.com/watch?v=xEetVhjko7Q,0,0,0,,1006,1001,1006,https://www.youtube.com/watch?v=xEetVhjko7Q,321,0,0,0,
bb1cda940e0a44b3a25f3e368c19c490,2020,64314,130,19,144,https://www.youtube.com/watch?v=e4DVNr0GsiY,130,19,144,https://www.youtube.com/watch?v=e4DVNr0GsiY,0,0,0,,0,0,0,0,
83eff3b0de694818876092eaabd35b4a,2020,96629,78,29,176,https://www.youtube.com/watch?v=16DwHKlxUFI,72,25,176,https://www.youtube.com/watch?v=16DwHKlxUFI,78,70,78,https://www.youtube.com/watch?v=Y1_UHSkkqYc,0,0,0,0,
83a59a0d6537461fb429af7e3af1d152,2020,258512,0,0,0,,0,0,0,,0,0,0,,0,0,0,0,
6eeed5b0702a45df8470a617ee2c5243,2010,24089,0,0,0,,0,0,0,,0,0,0,,0,0,0,0,
0563e1d0ff394d1ab0d6a09d89870fba,2010,150521,107,59,361,https://www.youtube.com/watch?v=41h1tNQ9Ki8,107,34,202,https://www.youtube.com/watch?v=8Qrbaa0aJfw,211,162,361,https://www.youtube.com/watch?v=41h1tNQ9Ki8,159,97,90,100,https://www.twitch.tv/videos/2858644821
2a20316d245d406193331300bb44fdec,2000,26309,0,0,0,,0,0,0,,0,0,0,,5376,731,413,1525,https://www.twitch.tv/videos/2835395683
b84f2dfff8ce4ca1af82bfc44405f1e7,2000,93174,49,29,1641,https://www.youtube.com/watch?v=a64W-q0tf68,46,26,276,https://www.youtube.com/watch?v=hdal12sjoDE,1641,1035,1641,https://www.youtube.com/watch?v=a64W-q0tf68,0,0,0,0,
14d334ad35f146ecbb047d1c20652fe1,2000,349108,0,0,0,,0,0,0,,0,0,0,,0,0,0,0,
95f8bb8a92c1450b8b5993f740b39338,2000,764523,18,1,23,https://www.youtube.com/watch?v=PLLDQ9wlOG0,18,1,23,https://www.youtube.com/watch?v=PLLDQ9wlOG0,0,0,0,,295,0,0,0,
749161d9934f41bf97e7210afd6b3bb1,1990,41131,0,0,0,,0,0,0,,0,0,0,,105,0,0,0,
9031798ec1884b52b17df470b6c379b2,1980,57075,250,190,340,https://www.youtube.com/watch?v=Oz-wNsz4si4,250,190,340,https://www.youtube.com/watch?v=Oz-wNsz4si4,0,0,0,,0,0,0,0,
6bddfe8d54104f4192c56e4935a871de,1980,604111,42,24,42,https://www.youtube.com/watch?v=589tXdXQkUE,42,24,42,https://www.youtube.com/watch?v=589tXdXQkUE,0,0,0,,1336,637,553,1141,https://www.twitch.tv/videos/2848862673
7bd1bc8b491d47e0b7cf0a573c36120e,1980,102022,0,0,0,,0,0,0,,0,0,0,,0,0,0,0,
0fbdfcc1b9cf41fdb840cf2f546d9324,1980,151765,41,13,445,https://www.youtube.com/watch?v=wHTRCX29Ulk,43,15,445,https://www.youtube.com/watch?v=wHTRCX29Ulk,8,4,32,https://www.youtube.com/watch?v=QV-dlzYQ9dU,679,0,0,0,
0c1efcf431bc4ffbb208775a9738e348,1970,71158,360,334,543,https://www.youtube.com/watch?v=BjRxpfhwXjs,360,334,543,https://www.youtube.com/watch?v=BjRxpfhwXjs,0,0,0,,179,0,0,0,
637a5867616a436ba0f7cdd36057f55a,1970,162305,131,42,183,https://www.youtube.com/watch?v=02jL5mRvVAs,131,42,183,https://www.youtube.com/watch?v=02jL5mRvVAs,0,0,0,,107,0,0,0,
17b1d3fb1e1944dabd5e6a45f94e2f6b,1970,71858,251,39,259,https://www.youtube.com/watch?v=IQIHPYokuD0,251,39,259,https://www.youtube.com/watch?v=IQIHPYokuD0,0,0,0,,0,0,0,0,
4de89158f20a4d0e8023f15db8a9526e,1960,150125,0,0,0,,0,0,0,,0,0,0,,0,0,0,0,
4b7c733a13d247ec84844698ecc7ba0c,1960,43625,0,0,0,,0,0,0,,0,0,0,,2792,251,165,295,https://www.twitch.tv/videos/2857516473
f3b487c00ef5466eaa529f3a2e8d6753,1960,26018,121,98,258,https://www.youtube.com/watch?v=eGpLaEiPGUU,121,98,258,https://www.youtube.com/watch?v=eGpLaEiPGUU,0,0,0,,0,0,0,0,
bf124655587e4f5b937d695be814d25d,1960,154757,130,21,186,https://www.youtube.com/watch?v=p8jW4CdRfFg,130,21,186,https://www.youtube.com/watch?v=p8jW4CdRfFg,0,0,0,,0,0,0,0,
70c982c2dffc4cd08c90431abcc8be97,1950,57061,51,24,168,https://www.youtube.com/watch?v=La97BMTuoWI,51,24,168,https://www.youtube.com/watch?v=La97BMTuoWI,0,0,0,,210,38,33,61,https://www.twitch.tv/videos/2849597698
c0ae01f224734769a38c39b97fb6dbb7,1950,52551,0,0,0,,0,0,0,,0,0,0,,408,38,21,38,https://www.twitch.tv/videos/2847838951
018244f1ad404c9eaa4ddf747c3bafa0,1940,260355,232,91,728,https://www.youtube.com/watch?v=o0iCj-qDOic,235,95,728,https://www.youtube.com/watch?v=o0iCj-qDOic,65,17,98,https://www.youtube.com/watch?v=uaQmTkEO2S0,0,0,0,0,
1025a2d1ea674c649b1e7934895bd419,1930,56532,127,97,175,https://www.youtube.com/watch?v=RZvXEnF58sY,127,97,175,https://www.youtube.com/watch?v=RZvXEnF58sY,0,0,0,,0,0,0,0,
bc7d14416ba24cc8819f0753e1f595f5,1930,333164,108,44,755,https://www.youtube.com/watch?v=JpW0X3orWJQ,108,40,228,https://www.youtube.com/watch?v=pRTEKX71plA,755,397,755,https://www.youtube.com/watch?v=JpW0X3orWJQ,0,0,0,0,
1eb556018c7847feb170b09b8622590c,1930,126857,81,29,167,https://www.youtube.com/watch?v=9LmAudtfPJo,81,29,167,https://www.youtube.com/watch?v=9LmAudtfPJo,0,0,0,,17,55,49,60,https://www.twitch.tv/videos/2857832910
5ff20156ebbf4390a3573d6a94aed8df,1930,97866,66,34,129,https://www.youtube.com/watch?v=DOoIpZZfZQ8,66,34,129,https://www.youtube.com/watch?v=DOoIpZZfZQ8,0,0,0,,0,0,0,0,
89f4c9a5a9374700ae9f3725cd8a3f0f,1930,194886,522,116,1361,https://www.youtube.com/watch?v=8ZoGwWQHfKY,124,83,312,https://www.youtube.com/watch?v=mjzFg8TPG3I,1128,502,1361,https://www.youtube.com/watch?v=8ZoGwWQHfKY,197,91,71,102,https://www.twitch.tv/videos/2850503913
a45c0a929a504afa9afee5c56bc9b959,1920,43021,0,0,0,,0,0,0,,0,0,0,,125,73,56,112,https://www.twitch.tv/videos/2851358827
734477be3c5d42afbdde5356c6a6e8ee,1920,83719,0,0,0,,0,0,0,,0,0,0,,0,0,0,0,
8564954960ba466fa7f17bc0e0ea5e8e,1910,38963,0,0,0,,0,0,0,,0,0,0,,359,0,0,0,
7c18bc597298484c8f2925759fc1ac4a,1900,15993,86,32,150,https://www.youtube.com/watch?v=8oSm5w1h2xI,86,32,150,https://www.youtube.com/watch?v=8oSm5w1h2xI,0,0,0,,802,0,0,0,
31c7fada1ab24cbd83ab4ae698955a29,1900,85994,63,42,89,https://www.youtube.com/watch?v=Z_2GHJXRtPE,56,34,84,https://www.youtube.com/watch?v=UWq9TMYHgmA,78,62,89,https://www.youtube.com/watch?v=Z_2GHJXRtPE,0,0,0,0,
a823412858b749f7bd2bff3739ec55b7,1900,102890,168,50,1286,https://www.youtube.com/watch?v=Rq48sSaAplg,168,50,1286,https://www.youtube.com/watch?v=Rq48sSaAplg,0,0,0,,441,0,0,0,
7eec0f9233fa49ed92c4f60fb8a82694,1890,39458,10,6,11,https://www.youtube.com/watch?v=lknUNghGczE,0,0,0,,10,6,11,https://www.youtube.com/watch?v=lknUNghGczE,1012,122,104,126,https://www.twitch.tv/videos/2858732043
9be037b96ffa41c9a080edf332650649,1880,102314,41,11,132,https://www.youtube.com/watch?v=V4WBpQcynHQ,41,11,132,https://www.youtube.com/watch?v=V4WBpQcynHQ,44,27,55,https://www.youtube.com/watch?v=IIwdTcjtSUg,0,0,0,0,
5612ac8b150e45e5a7381a2c07e9671a,1870,84235,56,26,160,https://www.youtube.com/watch?v=nGKnhiO2BaM,56,26,160,https://www.youtube.com/watch?v=nGKnhiO2BaM,0,0,0,,0,0,0,0,
342f808864164047acc8ddffe88c9618,1870,138476,910,490,910,https://www.youtube.com/watch?v=NHgmY7Fbb-E,0,0,0,,910,490,910,https://www.youtube.com/watch?v=NHgmY7Fbb-E,2400,512,309,579,https://www.twitch.tv/videos/2846771915
9133438057714eb196366f5ecbed6a4a,1860,608081,1224,572,4990,https://www.youtube.com/watch?v=bcqdeyb2z1s,0,0,0,,1224,572,4990,https://www.youtube.com/watch?v=bcqdeyb2z1s,0,0,0,0,
673abaca34d047b49b11d50214a9a463,1860,89594,174,98,1097,https://www.youtube.com/watch?v=Jo5zF9SeQew,174,98,1097,https://www.youtube.com/watch?v=Jo5zF9SeQew,0,0,0,,87,0,0,0,
608b617ad99c4f18b97d10560e254b4b,1860,60562,105,47,220,https://www.youtube.com/watch?v=yT9xUhoMti0,113,48,220,https://www.youtube.com/watch?v=yT9xUhoMti0,39,33,105,https://www.youtube.com/watch?v=Q6PPjCTw2_A,0,0,0,0,
10c8c9b647e7464f9d95c7c1a865da01,1850,159344,75,45,1578,https://www.youtube.com/watch?v=BqLZ9o1t8RU,65,30,175,https://www.youtube.com/watch?v=OL-pzSfST8o,391,169,1578,https://www.youtube.com/watch?v=BqLZ9o1t8RU,2201,119,79,142,https://www.twitch.tv/videos/2856713208
0da343539de64a169fe51ad653e5c73d,1850,44153,65,28,374,https://www.youtube.com/watch?v=FeG-WSmVwZA,93,30,374,https://www.youtube.com/watch?v=FeG-WSmVwZA,41,23,41,https://www.youtube.com/watch?v=Ak5sZJjzsJ0,0,0,0,0,
63175a6880c5427891463ff07fd0bf7e,1850,49835,0,0,0,,0,0,0,,0,0,0,,0,0,0,0,
a6a789d93f3a4352b251a51b43f98d2c,1840,46515,243,132,243,https://www.youtube.com/watch?v=IV4wQNuN_8c,243,132,243,https://www.youtube.com/watch?v=IV4wQNuN_8c,0,0,0,,0,0,0,0,
c3945429509246f79c5f0a18594f696d,1840,77758,2487,1732,7169,https://www.youtube.com/watch?v=M3d_HLFpyKw,0,0,0,,2487,1732,7169,https://www.youtube.com/watch?v=M3d_HLFpyKw,15561,6532,2501,28295,https://www.twitch.tv/videos/2833863962
14561bf5e63844f58b60deb87f443507,1840,0,0,0,0,,0,0,0,,0,0,0,,1133,222,87,329,https://www.twitch.tv/videos/2855661074
a725f6babc5f44779d7389886c6cd7b7,1840,72089,191,90,660,https://www.youtube.com/watch?v=XMZ_1SiJEjk,199,90,660,https://www.youtube.com/watch?v=XMZ_1SiJEjk,88,64,121,https://www.youtube.com/watch?v=4JDkylxSCPA,0,0,0,0,
48b978b1705a4f61a760b05280000b34,1840,8837,0,0,0,,0,0,0,,0,0,0,,1253,0,0,0,
8020c505099f474ca81da3023926485f,1840,112070,91,53,402,https://www.youtube.com/watch?v=kMszJfG4Ihk,91,53,402,https://www.youtube.com/watch?v=kMszJfG4Ihk,0,0,0,,0,0,0,0,
e72542ff8bb14e47929b037c626c320a,1840,39408,255,59,356,https://www.youtube.com/watch?v=D7ZzBtIBNc4,255,59,356,https://www.youtube.com/watch?v=D7ZzBtIBNc4,0,0,0,,0,0,0,0,
70874043d50b4e3a873742127251caa5,1830,84105,0,0,0,,0,0,0,,0,0,0,,0,0,0,0,
53cd965ca91e495887b89aabd6314402,1830,35476,135,74,284,https://www.youtube.com/watch?v=UkyRxF9L90k,135,74,284,https://www.youtube.com/watch?v=UkyRxF9L90k,0,0,0,,26,0,0,0,
21a819efced54f6991abd3fc0b43091f,1830,142786,355,110,1344,https://www.youtube.com/watch?v=HlgIUDB-FME,212,105,355,https://www.youtube.com/watch?v=LWhZvljVpkg,1081,555,1344,https://www.youtube.com/watch?v=HlgIUDB-FME,843,0,0,0,
cfa15a7e93824927ad4b84a519b0ab68,1830,696316,2246,752,2472,https://www.youtube.com/watch?v=fWzfJeQYPYY,0,0,0,,2246,752,2472,https://www.youtube.com/watch?v=fWzfJeQYPYY,0,0,0,0,
a0ac84f84b914c21acf669844a163436,1830,46142,0,0,0,,0,0,0,,0,0,0,,1542,470,211,1193,https://www.twitch.tv/videos/2855244139
fe5a0ac164a940c79e430eab9995da2e,1820,238579,161,42,254,https://www.youtube.com/watch?v=eL9tpq0CjEs,0,0,0,,161,42,254,https://www.youtube.com/watch?v=eL9tpq0CjEs,112,0,0,0,
9c0184b0f01a4af4a4c2c56139682fb9,1820,42317,7,2,9,https://www.youtube.com/watch?v=x7zNrNInVm0,0,0,0,,7,2,9,https://www.youtube.com/watch?v=x7zNrNInVm0,131,102,82,102,https://www.twitch.tv/videos/2854250859
b023ec32c6b5474e95c7faf252925b8e,1810,52231,0,0,0,,0,0,0,,0,0,0,,431,111,84,111,https://www.twitch.tv/videos/2853122272
8ad9544f4e4f42a09ec1ecb6b514729f,1810,98006,63,9,191,https://www.youtube.com/watch?v=K1MHXfsUtC8,63,9,191,https://www.youtube.com/watch?v=K1MHXfsUtC8,0,0,0,,0,0,0,0,
49c4f54141434226960845b2a46c432b,1810,61642,0,0,0,,0,0,0,,0,0,0,,0,0,0,0,
21c774c9133043baaf8d283705cd9093,1810,78413,240,96,1757,https://www.youtube.com/watch?v=NblDpPoGEGw,203,82,345,https://www.youtube.com/watch?v=SAzoTNW5Vq4,1467,793,1757,https://www.youtube.com/watch?v=NblDpPoGEGw,0,0,0,0,
e9fa90c6824c47abbfd114e9cd9b4125,1810,118123,122,36,246,https://www.youtube.com/watch?v=pnxUkoJNuwg,106,24,246,https://www.youtube.com/watch?v=pnxUkoJNuwg,146,47,146,https://www.youtube.com/watch?v=MpJUv-ydtsA,0,0,0,0,
f3fa92d46e744da29b61f9468c76b9a5,1810,49484,0,0,0,,0,0,0,,0,0,0,,0,0,0,0,
d748a977fcd24752ad9e038468713bf2,1800,9126,88,49,130,https://www.youtube.com/watch?v=HB9wGdKXZiA,88,49,130,https://www.youtube.com/watch?v=HB9wGdKXZiA,0,0,0,,0,0,0,0,
08158657738a4949bce0cbbc36c4e701,1800,70,0,0,0,,0,0,0,,0,0,0,,0,0,0,0,
6cc5ac707eed4f9e9b5bc7b2f970fe1b,1800,104612,144,90,2195,https://www.youtube.com/watch?v=yfi4fGaZHUY,130,59,575,https://www.youtube.com/watch?v=IME-0KuTi2E,1540,730,2195,https://www.youtube.com/watch?v=yfi4fGaZHUY,0,0,0,0,
ced6b5d82fc848a5a0f45a1b3da4cfae,1800,83498,104,34,142,https://www.youtube.com/watch?v=yVIgCu4nSs8,104,34,142,https://www.youtube.com/watch?v=yVIgCu4nSs8,0,0,0,,228,17,13,23,https://www.twitch.tv/videos/2853485613
db2f279f9960492082f3ae6ad20aca91,1800,47373,0,0,0,,0,0,0,,0,0,0,,511,0,0,0,
3bbbe40f23e344fa8889d410b7315383,1800,2110,0,0,0,,0,0,0,,0,0,0,,0,0,0,0,
6cb91cbf63cd46d49566ade06d3b3418,1800,26485,27,8,43,https://www.youtube.com/watch?v=L6B_itCXhUc,27,8,43,https://www.youtube.com/watch?v=L6B_itCXhUc,0,0,0,,0,0,0,0,
7425576151124e11a94609fd1b8687bc,1800,65979,743,371,743,https://www.youtube.com/watch?v=tpHQp4drFA8,0,0,0,,743,371,743,https://www.youtube.com/watch?v=tpHQp4drFA8,2069,261,164,261,https://www.twitch.tv/videos/2849455310
3bc6afb820df4f59b2c6ff1c25d1eed3,1800,152606,76,30,1238,https://www.youtube.com/watch?v=FIK2ONaHIWw,68,29,258,https://www.youtube.com/watch?v=1U9iavHSkC8,184,63,1238,https://www.youtube.com/watch?v=FIK2ONaHIWw,0,0,0,0,
a324be13dcdb4acbbe722638fc2dbfa4,1790,64238,117,61,701,https://www.youtube.com/watch?v=6bsqOchIV1Q,87,49,117,https://www.youtube.com/watch?v=Z_EgTNK7nAk,537,139,701,https://www.youtube.com/watch?v=6bsqOchIV1Q,122,13,10,15,https://www.twitch.tv/videos/2852280833
be84d60f2d0e452ab7d66eaeb957477f,1780,83531,10,2,30,https://www.youtube.com/watch?v=Uhs9wpDNsWk,30,5,30,https://www.youtube.com/watch?v=Uhs9wpDNsWk,7,2,10,https://www.youtube.com/watch?v=UplVDb_BjhY,0,0,0,0,
29d3dea4a1684bec9592e2ccc3685c57,1780,64013,0,0,0,,0,0,0,,0,0,0,,0,0,0,0,
ce59f11c200841dab2e8a5e30655a827,1780,253959,0,0,0,,0,0,0,,0,0,0,,27,0,0,0,
e3451dd6f3c0444c888eb6f67704613a,1770,69070,97,50,414,https://www.youtube.com/watch?v=RRDQxtx06aI,97,50,414,https://www.youtube.com/watch?v=RRDQxtx06aI,0,0,0,,0,0,0,0,
c489b78388904133a8b93cd4d0470aad,1770,89,0,0,0,,0,0,0,,0,0,0,,623,0,0,0,
e39607950249427da8b60fa012115e44,1770,105098,58,29,58,https://www.youtube.com/watch?v=hgrgAX-K7_Q,0,0,0,,58,29,58,https://www.youtube.com/watch?v=hgrgAX-K7_Q,0,0,0,0,
5efdd7a401eb430ba20cb6f391fbbce3,1770,35316,0,0,0,,0,0,0,,0,0,0,,0,0,0,0,
46ca57774cd7476d86727882d07bd918,1770,109573,115,9,124,https://www.youtube.com/watch?v=mCXUjwTOe7I,119,57,124,https://www.youtube.com/watch?v=mCXUjwTOe7I,83,8,83,https://www.youtube.com/watch?v=MDliMpilXKQ,196,142,95,142,https://www.twitch.tv/videos/2850539992
b49c2970f97b4fd4a6762b3e9ba94f8e,1770,7839,0,0,0,,0,0,0,,0,0,0,,10242,1552,678,2364,https://www.twitch.tv/videos/2838623100
7d3b310a867942cab270e48f7a397e0d,1760,54457,81,40,539,https://www.youtube.com/watch?v=1DXyLnVCRyk,88,42,539,https://www.youtube.com/watch?v=1DXyLnVCRyk,16,5,20,https://www.youtube.com/watch?v=ksgMCKvFyz0,980,0,0,0,
372962c805114682a4d16b75c13c80ed,1760,279,0,0,0,,0,0,0,,0,0,0,,0,0,0,0,
dbe3f9880dec4a03bcc1943343455a6c,1760,76724,88,60,581,https://www.youtube.com/watch?v=GR2Zsj8PwkQ,67,46,101,https://www.youtube.com/watch?v=1fGOPMfW4kI,362,241,581,https://www.youtube.com/watch?v=GR2Zsj8PwkQ,0,0,0,0,
3e41189706dd483db4e407c295b058ce,1760,105593,44,16,140,https://www.youtube.com/watch?v=UDOX1S8S7JA,44,16,140,https://www.youtube.com/watch?v=UDOX1S8S7JA,0,0,0,,4870,351,139,610,https://www.twitch.tv/videos/2858742969
d0c2bb3e9091413e8d245bdc217e9420,1760,55775,64,28,74,https://www.youtube.com/watch?v=k9WUq-K7ZL4,64,28,74,https://www.youtube.com/watch?v=k9WUq-K7ZL4,0,0,0,,0,0,0,0,
7e9fc4a1ccc7445182bb3c5264d99187,1760,83973,107,49,1025,https://www.youtube.com/watch?v=mbhMSfjirFE,106,39,800,https://www.youtube.com/watch?v=wXbVxUvVYp4,450,301,1025,https://www.youtube.com/watch?v=mbhMSfjirFE,0,0,0,0,
0f7d7faa487642d0a8ff6d5fc8dbc394,1760,157898,0,0,0,,0,0,0,,0,0,0,,1770,424,231,672,https://www.twitch.tv/videos/2838717980
8f1a38101d324afcbfc7df27d5d1e0a9,1760,211461,37,11,72,https://www.youtube.com/watch?v=r8W-w6Rax-8,38,12,72,https://www.youtube.com/watch?v=r8W-w6Rax-8,17,5,17,https://www.youtube.com/watch?v=tR2wvwvURJA,0,0,0,0,
3584322d47f14c7aa8f6e98511d3c54a,1760,1287,0,0,0,,0,0,0,,0,0,0,,1038,0,0,0,
66830cad0b9949689741b0dc5ef39d29,1750,49653,0,0,0,,0,0,0,,0,0,0,,0,0,0,0,
b0e88b4d4e5d41c4b5edd07540dc3637,1750,143320,63,45,201,https://www.youtube.com/watch?v=O4T5-AQiTi4,63,45,201,https://www.youtube.com/watch?v=O4T5-AQiTi4,0,0,0,,0,0,0,0,
67674d86fce54eceb37e0dc4ea802132,1750,140064,77,37,285,https://www.youtube.com/watch?v=cjwovH2LQ54,77,37,285,https://www.youtube.com/watch?v=cjwovH2LQ54,0,0,0,,120,10,8,15,https://www.twitch.tv/videos/2858746085
2e8c364f691740dd81c0fa61727a9790,1750,608130,0,0,0,,0,0,0,,0,0,0,,3757,0,0,0,
8460a099a32044a5aa602f780dec94f2,1740,347432,45,25,12467,https://www.youtube.com/watch?v=4V8ddddiLgw,38,13,65,https://www.youtube.com/watch?v=S6rKuPaht10,840,253,12467,https://www.youtube.com/watch?v=4V8ddddiLgw,25,0,0,0,
8483ae3c14ca488394d427d271854d88,1740,35831,0,0,0,,0,0,0,,0,0,0,,42,0,0,0,
af9a2d0fab684be9b9da09e251f6bae6,1740,89134,145,49,195,https://www.youtube.com/watch?v=WtqDsMBYOrs,145,49,195,https://www.youtube.com/watch?v=WtqDsMBYOrs,0,0,0,,424,0,0,0,
b0a7d70ae76549f5b4418e56ee4ad43f,1740,65133,123,30,1414,https://www.youtube.com/watch?v=Fl-vycwmRqs,111,27,240,https://www.youtube.com/watch?v=paAnarfiIsQ,1414,743,1414,https://www.youtube.com/watch?v=Fl-vycwmRqs,1173,174,134,207,https://www.twitch.tv/videos/2850344555
f7bfeaf6288f4afe80b62dab32698a0c,1730,558387,124,66,1958,https://www.youtube.com/watch?v=tg8GBxiqdW0,111,59,124,https://www.youtube.com/watch?v=QxWxotfWaME,185,94,1958,https://www.youtube.com/watch?v=tg8GBxiqdW0,350,0,0,0,
db86eecb7c7047a984098e23de131e29,1730,160492,83,39,16937,https://www.youtube.com/watch?v=z4pzRQ0T8Fc,83,35,207,https://www.youtube.com/watch?v=0C5cFly3V7Y,16937,10240,16937,https://www.youtube.com/watch?v=z4pzRQ0T8Fc,177,30,25,49,https://www.twitch.tv/videos/2848715615
e8ec42e35b774df8a21ae98a0d01fdc0,1720,1376910,74,42,12258,https://www.youtube.com/watch?v=ex1Npj4wLWU,42,21,1072,https://www.youtube.com/watch?v=imm-rCsHkrw,234,170,12258,https://www.youtube.com/watch?v=ex1Npj4wLWU,0,0,0,0,
351e16ae67e14d5e8c7294284c2ded4d,1720,25816,0,0,0,,0,0,0,,0,0,0,,691,0,0,0,
84cccbea595d4bc69426d5c75f1ac3a4,1720,91097,0,0,0,,0,0,0,,0,0,0,,0,0,0,0,
9deb096c2fb943a7ae7487bf25e28026,1710,121940,71,42,79,https://www.youtube.com/watch?v=x9AqQ1iHKnU,71,42,79,https://www.youtube.com/watch?v=x9AqQ1iHKnU,0,0,0,,1402,153,108,202,https://www.twitch.tv/videos/2846932140
1e0ca2c7a8d7493baa62b792d78e7b07,1710,133546,90,27,122,https://www.youtube.com/watch?v=BdFC9qHUZhI,90,27,122,https://www.youtube.com/watch?v=BdFC9qHUZhI,0,0,0,,0,0,0,0,
f3914ae7ae6541198b6b5f4d63febe48,1690,49555,102,65,102,https://www.youtube.com/watch?v=R3RWOfbsTfI,102,65,102,https://www.youtube.com/watch?v=R3RWOfbsTfI,0,0,0,,0,0,0,0,
055f10f2da424da8bfbfe9d01b15fb11,1690,51538,92,33,226,https://www.youtube.com/watch?v=JFUpwbBEYCs,99,46,226,https://www.youtube.com/watch?v=JFUpwbBEYCs,48,14,48,https://www.youtube.com/watch?v=4nMjgXMPMXQ,82,128,87,135,https://www.twitch.tv/videos/2847805224
7eb39f4278b04ed485060a084cd07876,1680,63777,0,0,0,,0,0,0,,0,0,0,,0,0,0,0,
dcc5b43448044231a3a8710d144b2602,1680,158981,139,87,2011,https://www.youtube.com/watch?v=3gKeSpqIwlY,138,63,1239,https://www.youtube.com/watch?v=P2d4mYnwibQ,1491,751,2011,https://www.youtube.com/watch?v=3gKeSpqIwlY,0,0,0,0,
60a400d6a5d841f78b352675c383dbef,1680,48271,71,25,71,https://www.youtube.com/watch?v=2eRNdL1f2g0,71,25,71,https://www.youtube.com/watch?v=2eRNdL1f2g0,0,0,0,,0,0,0,0,
7259f7e619e943018e64fb24d4d20e34,1670,35111,142,101,142,https://www.youtube.com/watch?v=VfTUNnumo4U,142,101,142,https://www.youtube.com/watch?v=VfTUNnumo4U,0,0,0,,0,0,0,0,
eb54f557a3734bfda57ecddd8df07681,1670,43890,0,0,0,,0,0,0,,0,0,0,,544,0,0,0,
1f445fb1ee7447c2add6738b86570b2e,1660,70441,0,0,0,,0,0,0,,0,0,0,,0,0,0,0,
9e5e58a212584007b1ab1f22f5c59438,1660,152784,280,122,626,https://www.youtube.com/watch?v=hozz9lSU618,280,122,626,https://www.youtube.com/watch?v=hozz9lSU618,0,0,0,,0,0,0,0,
df7bcc29e3204005877b25cdad9206b7,1660,81384,0,0,0,,0,0,0,,0,0,0,,0,0,0,0,
95fa8eef249d4edca59594271fedc487,1660,55420,46,3,58,https://www.youtube.com/watch?v=YazJ69117Ik,46,3,58,https://www.youtube.com/watch?v=YazJ69117Ik,0,0,0,,0,0,0,0,
306117a48f3445baad1d6a919ed340bb,1650,76014,0,0,0,,0,0,0,,0,0,0,,152,0,0,0,
ecbeda5532474bdb8d08d4e15ce98d89,1650,15797,0,0,0,,0,0,0,,0,0,0,,3154,0,0,0,
1257fb7258eb49ad8cf58ed64b800056,1650,42996,0,0,0,,0,0,0,,0,0,0,,825,163,102,247,https://www.twitch.tv/videos/2850428189
7d6a4fa5389c461bb553b8190c5e951f,1650,107872,0,0,0,,0,0,0,,0,0,0,,0,0,0,0,
bdcf0d95e6544ebaaddbfba94839cd6b,1650,95095,74,37,103,https://www.youtube.com/watch?v=cja94GGQll8,72,37,103,https://www.youtube.com/watch?v=cja94GGQll8,97,66,97,https://www.youtube.com/watch?v=GwgwmvG8pos,0,0,0,0,
c45e260cafa14b3fab4030fb339ed1ab,1650,79421,56,27,66,https://www.youtube.com/watch?v=sp6xZR0M7Ao,56,27,66,https://www.youtube.com/watch?v=sp6xZR0M7Ao,0,0,0,,28,0,0,0,
a1915cccb8584d57b9b22975263c7af4,1650,279587,71,47,1865,https://www.youtube.com/watch?v=2OkT3sHxwjU,64,44,78,https://www.youtube.com/watch?v=89mMKHhnoaw,1161,749,1865,https://www.youtube.com/watch?v=2OkT3sHxwjU,0,0,0,0,
aa1bb853e814428eb663082b28309309,1640,130204,170,97,1068,https://www.youtube.com/watch?v=IGKFZ0zOqVU,160,86,487,https://www.youtube.com/watch?v=kPrhEO3tg-Q,839,668,1068,https://www.youtube.com/watch?v=IGKFZ0zOqVU,0,0,0,0,
46e494bf06c640da95ad1b0b81631d98,1640,272178,32,10,1728,https://www.youtube.com/watch?v=Q2eBLpxoRyE,30,9,100,https://www.youtube.com/watch?v=Xu-32N_udgM,1728,1390,1728,https://www.youtube.com/watch?v=Q2eBLpxoRyE,937,36,31,51,https://www.twitch.tv/videos/2854979565
4077520d348749e49598cd5fa1058b6a,1640,62594,24,17,793,https://www.youtube.com/watch?v=5kfoHCStPSE,26,23,793,https://www.youtube.com/watch?v=5kfoHCStPSE,7,5,10,https://www.youtube.com/watch?v=WPZIyllZ3Wo,265,0,0,0,
94f9966aa28a45e1ab4b94507037d1d7,1640,160119,193,79,493,https://www.youtube.com/watch?v=CP87F1xwznU,193,79,493,https://www.youtube.com/watch?v=CP87F1xwznU,0,0,0,,0,0,0,0,
a73b969a7fe24a9aaeb9bc1c63ca6450,1640,96718,1169,253,1323,https://www.youtube.com/watch?v=BuIkQkuaq4I,0,0,0,,1169,253,1323,https://www.youtube.com/watch?v=BuIkQkuaq4I,4911,333,117,515,https://www.twitch.tv/videos/2852999923
b9086ee5f7b54353a5ba85c973b2e2af,1630,64952,0,0,0,,0,0,0,,0,0,0,,0,0,0,0,
da503b835e2a41d58433ebf6960db356,1630,60222,0,0,0,,0,0,0,,0,0,0,,779,0,0,0,
c192b6e25df841ad85cbc8bbf0bd8bfe,1630,110808,260,217,271,https://www.youtube.com/watch?v=OM2Hq_aXTTs,260,217,271,https://www.youtube.com/watch?v=OM2Hq_aXTTs,0,0,0,,0,0,0,0,
889bb42644a14ae4af2b3594c51d057b,1630,91864,58,29,646,https://www.youtube.com/watch?v=E9A9NWwB2zw,58,29,125,https://www.youtube.com/watch?v=0IL7BPpm4Mg,339,309,646,https://www.youtube.com/watch?v=E9A9NWwB2zw,0,0,0,0,
52324c45fae74014bc603ae09d8d6136,1630,35377,429,209,5360,https://www.youtube.com/watch?v=mM3yQ_b3uO4,314,201,5360,https://www.youtube.com/watch?v=mM3yQ_b3uO4,1156,393,2521,https://www.youtube.com/watch?v=BCrQ6yZCWrI,169,0,0,0,
607d6173383c4118a32171fbcfc98e60,1630,43501,3,0,16,https://www.youtube.com/watch?v=jf8vrvYAb2U,0,0,0,,3,0,16,https://www.youtube.com/watch?v=jf8vrvYAb2U,16745,1843,815,5426,https://www.twitch.tv/videos/2846013695
1406aeb0ef48430bab0b939a29609394,1620,79678,195,67,736,https://www.youtube.com/watch?v=9tg7ammWJCw,183,66,736,https://www.youtube.com/watch?v=9tg7ammWJCw,563,149,720,https://www.youtube.com/watch?v=zNuSsWjtgaY,0,0,0,0,
7e50374d02184a429cfc6dfba9b52e2f,1620,9740,0,0,0,,0,0,0,,0,0,0,,392,0,0,0,
954590604f0e49e88fadc8ce6dafba1b,1620,96056,121,47,201,https://www.youtube.com/watch?v=ZZLGAL1dxE8,115,34,201,https://www.youtube.com/watch?v=ZZLGAL1dxE8,128,61,128,https://www.youtube.com/watch?v=rQgepphyqJ4,0,0,0,0,
905304e606344aba8c84b83717453f5e,1620,74616,73,15,85,https://www.youtube.com/watch?v=O6ZNIWS1itA,73,15,85,https://www.youtube.com/watch?v=O6ZNIWS1itA,0,0,0,,0,0,0,0,
95eabea4e8014fedb5d34ea27137a4ca,1620,142246,93,53,1326,https://www.youtube.com/watch?v=jwTBzIKD2Vs,92,34,119,https://www.youtube.com/watch?v=9A6AfzDLHbk,947,413,1326,https://www.youtube.com/watch?v=jwTBzIKD2Vs,0,0,0,0,
9a7b7c9c31da44aca5a68395a2e69488,1620,719805,12,3,162,https://www.youtube.com/watch?v=okidlY7eJ8k,15,4,162,https://www.youtube.com/watch?v=okidlY7eJ8k,1,0,3,https://www.youtube.com/watch?v=bwgtwZZ2PEI,114,0,0,0,
5dc565de88a948ecb092cce178aafe60,1610,478259,0,0,0,,0,0,0,,0,0,0,,462,0,0,0,
7e26ddf485a84c0cb6d781a3bf432c55,1610,41357,186,116,186,https://www.youtube.com/watch?v=oVkZujBe3yQ,186,116,186,https://www.youtube.com/watch?v=oVkZujBe3yQ,0,0,0,,3909,0,0,0,
2ead897ab38c4530aeeb69a2f02da623,1610,77012,60,30,113,https://www.youtube.com/watch?v=9tIzqC_4TWs,60,31,113,https://www.youtube.com/watch?v=9tIzqC_4TWs,43,4,43,https://www.youtube.com/watch?v=ciZYMcgqN6g,0,0,0,0,
2913f17e61014f7691e016fae8468404,1610,76820,58,19,104,https://www.youtube.com/watch?v=3izwvu49VB0,67,37,104,https://www.youtube.com/watch?v=3izwvu49VB0,27,10,76,https://www.youtube.com/watch?v=O8MfGqF-sds,261,0,0,0,
c4651b162abb45c3a85640e3d456fa71,1610,58415,36,16,51,https://www.youtube.com/watch?v=GWKNp8sJz0Y,36,16,51,https://www.youtube.com/watch?v=GWKNp8sJz0Y,0,0,0,,318,0,0,0,
1cdbceb7ad414bb59b3a9563a93fe840,1600,69880,1040,131,1040,https://www.youtube.com/watch?v=y7NuvibfPuw,0,0,0,,1040,131,1040,https://www.youtube.com/watch?v=y7NuvibfPuw,0,0,0,0,
bf03fd8b5b55481590ea63338c5cdd20,1600,39450,1388,242,1388,https://www.youtube.com/watch?v=yXtvmXixJTE,0,0,0,,1388,242,1388,https://www.youtube.com/watch?v=yXtvmXixJTE,4306,623,269,4523,https://www.twitch.tv/videos/2851933072
9948190bc88442f4a0757eed54fb24f0,1600,69414,414,197,8683,https://www.youtube.com/watch?v=KzHIBLjwusc,160,7,160,https://www.youtube.com/watch?v=9amI-020Mig,417,225,8683,https://www.youtube.com/watch?v=KzHIBLjwusc,5163,159,102,643,https://www.twitch.tv/videos/2852169989
80e2f3365bfd4479a3594c3278311103,1600,0,0,0,0,,0,0,0,,0,0,0,,2249,0,0,0,
e312462015a2454087c9fe83dd939994,1590,32978,116,4,116,https://www.youtube.com/watch?v=KhHQ315H-OI,116,4,116,https://www.youtube.com/watch?v=KhHQ315H-OI,0,0,0,,0,0,0,0,
4c4ebb91c8a346b2876d1ccd1a32dead,1590,81976,87,43,228,https://www.youtube.com/watch?v=oXSW68e20qA,87,43,228,https://www.youtube.com/watch?v=oXSW68e20qA,0,0,0,,496,0,0,0,
c4fafcb15c694ad5ab88d1948d401e54,1590,91383,100,25,229,https://www.youtube.com/watch?v=cFp1pMiPyl0,100,20,229,https://www.youtube.com/watch?v=cFp1pMiPyl0,98,40,122,https://www.youtube.com/watch?v=Yn6HXsLNj9Q,210,0,0,0,
86e86bf2d8e54e9083613e7398e1e7ac,1590,37963,0,0,0,,0,0,0,,0,0,0,,1855,371,261,628,https://www.twitch.tv/videos/2851360367
c6ce333916b446d48d27be05df1a218e,1590,36034,71,22,612,https://www.youtube.com/watch?v=8nUCaAK-t-k,71,22,612,https://www.youtube.com/watch?v=8nUCaAK-t-k,0,0,0,,627,52,50,83,https://www.twitch.tv/videos/2856904991
2131a63328214b7f9a1022dae6890d66,1590,87151,136,55,263,https://www.youtube.com/watch?v=SSmRGlTYqZg,136,55,263,https://www.youtube.com/watch?v=SSmRGlTYqZg,0,0,0,,396,14,11,39,https://www.twitch.tv/videos/2847805319
d3b1e8a5a2c74d2395dc33869caadb50,1590,8193,0,0,0,,0,0,0,,0,0,0,,0,0,0,0,
a112fc34dd9944a5a15f50c1c078aa3e,1580,129056,166,118,196,https://www.youtube.com/watch?v=78oBlEQKp6k,166,118,196,https://www.youtube.com/watch?v=78oBlEQKp6k,0,0,0,,0,0,0,0,
2a5241b8ebc54be98263c9ea2924b7e9,1580,74891,765,229,1204,https://www.youtube.com/watch?v=NTC5AohjGGE,0,0,0,,765,229,1204,https://www.youtube.com/watch?v=NTC5AohjGGE,2239,1298,754,1629,https://www.twitch.tv/videos/2847607406
8cace62dbfc34c2a9a2a348e479cdbb1,1580,195966,0,0,0,,0,0,0,,0,0,0,,0,0,0,0,
aabaf7767fa5449b86f58160496d0d4c,1570,88975,165,69,447,https://www.youtube.com/watch?v=jkSCmTnbd0s,165,69,447,https://www.youtube.com/watch?v=jkSCmTnbd0s,0,0,0,,0,0,0,0,
02dadd7977b8412b99f101241de4cb3f,1560,83236,55,20,170,https://www.youtube.com/watch?v=CXhjuk_9iT8,55,20,170,https://www.youtube.com/watch?v=CXhjuk_9iT8,0,0,0,,1103,85,54,193,https://www.twitch.tv/videos/2853243916
260f0fb7a8b1421394c38114230479bb,1560,69498,102,45,165,https://www.youtube.com/watch?v=ASFFpjGrM0A,102,45,165,https://www.youtube.com/watch?v=ASFFpjGrM0A,0,0,0,,174,65,39,80,https://www.twitch.tv/videos/2849288464
abe50a593a1d4cdbbc6dfb8b45bbf6bb,1560,26558,226,112,656,https://www.youtube.com/watch?v=AqnFftIA2OY,226,112,656,https://www.youtube.com/watch?v=AqnFftIA2OY,0,0,0,,13,0,0,0,
e210fb08b0744535a907823fa9f062cc,1560,55315,512,18,512,https://www.youtube.com/watch?v=ylxKzDKRZnA,0,0,0,,512,18,512,https://www.youtube.com/watch?v=ylxKzDKRZnA,1484,309,115,1044,https://www.twitch.tv/videos/2837581448
30a4362c1143491ea0ed5383c4882251,1560,81516,130,66,707,https://www.youtube.com/watch?v=oNinc0muBYE,127,65,190,https://www.youtube.com/watch?v=3AmLKjDmem4,707,147,707,https://www.youtube.com/watch?v=oNinc0muBYE,0,0,0,0,
1eef416d7ad94b6aa728e10d6da10304,1550,70526,32,5,35,https://www.youtube.com/watch?v=XKvvk_3Hx_k,0,0,0,,32,5,35,https://www.youtube.com/watch?v=XKvvk_3Hx_k,2078,0,0,0,
83ec4919298a4ad5984e3da31109a4c8,1550,64613,0,0,0,,0,0,0,,0,0,0,,15925,13621,6082,41247,https://www.twitch.tv/videos/2858590754
5b1bd72acc95440cb3aa381c89cfca3c,1550,93379,286,190,1185,https://www.youtube.com/watch?v=lI29NdCJx4E,0,0,0,,286,190,1185,https://www.youtube.com/watch?v=lI29NdCJx4E,0,0,0,0,
ee7cfe445bc84d6fa7fff5df6fbf0d32,1540,46178,0,0,0,,0,0,0,,0,0,0,,727,0,0,0,
904f58005872497b82964fff25490152,1540,23197,0,0,0,,0,0,0,,0,0,0,,189,0,0,0,
747fb5e9d30240a1ac42fbf37e86b55d,1540,126849,51,27,1732,https://www.youtube.com/watch?v=nfs_dkgWPhY,48,23,147,https://www.youtube.com/watch?v=daBbOS3nI34,663,147,1732,https://www.youtube.com/watch?v=nfs_dkgWPhY,427,10,7,25,https://www.twitch.tv/videos/2853252906
51a882d77c24494d92605b5b75424603,1540,176041,184,72,2231,https://www.youtube.com/watch?v=XeitIrxUPf0,143,58,340,https://www.youtube.com/watch?v=laaBDQAMOog,1531,469,2231,https://www.youtube.com/watch?v=XeitIrxUPf0,98,86,12,127,https://www.twitch.tv/videos/2835131000
2cc874f341184fb799b01c399477c0b4,1540,70647,203,102,1903,https://www.youtube.com/watch?v=VYNWJ02yEhA,131,59,150,https://www.youtube.com/watch?v=6XKGOj3EtS8,509,321,1903,https://www.youtube.com/watch?v=VYNWJ02yEhA,152,0,0,0,
cbd9ed35dc0045aa9c57bb9ee14b02e0,1540,694435,6,3,7,https://www.youtube.com/watch?v=LmC4C8cV3dE,0,0,0,,6,3,7,https://www.youtube.com/watch?v=LmC4C8cV3dE,0,0,0,0,
a881100803aa4abc84dc3cc814dca0e7,1530,69936,0,0,0,,0,0,0,,0,0,0,,0,0,0,0,
7b46621c7baf437da117a6c10c856292,1530,31148,118,71,381,https://www.youtube.com/watch?v=Hz2BdUoDIh4,118,71,381,https://www.youtube.com/watch?v=Hz2BdUoDIh4,0,0,0,,0,0,0,0,
6db0d51e6ac9410f84f79e57448b8a60,1530,157253,85,36,153,https://www.youtube.com/watch?v=5X7PBuQttSY,85,36,153,https://www.youtube.com/watch?v=5X7PBuQttSY,0,0,0,,0,0,0,0,
1be625b10e2f4e65bab5b19d10a4d0b1,1530,18579,0,0,0,,0,0,0,,0,0,0,,0,0,0,0,
25ac52ef552244a997045ca561b5636f,1530,28770,111,77,420,https://www.youtube.com/watch?v=KSU4wfIri3w,111,77,420,https://www.youtube.com/watch?v=KSU4wfIri3w,0,0,0,,0,0,0,0,
b88e19a358b843068cd5bd7ec103d521,1520,136653,0,0,0,,0,0,0,,0,0,0,,0,0,0,0,
d70830a282b9446f89bc9d82c88b8db3,1520,140500,0,0,0,,0,0,0,,0,0,0,,265,0,0,0,
c506f1ab266f47e2be683220533a4790,1520,45238,25,15,28,https://www.youtube.com/watch?v=ns67kQTtQ-8,25,15,28,https://www.youtube.com/watch?v=ns67kQTtQ-8,0,0,0,,0,0,0,0,
bc77dc55cf9b4be88c878ac4b5c07438,1520,31887,94,16,1102,https://www.youtube.com/watch?v=UjoodXwkDHo,0,0,0,,94,16,1102,https://www.youtube.com/watch?v=UjoodXwkDHo,929,0,0,0,
91025114208d41b2bff535d6e277017e,1510,67795,79,27,87,https://www.youtube.com/watch?v=fSokkmoyAvw,79,27,87,https://www.youtube.com/watch?v=fSokkmoyAvw,0,0,0,,0,0,0,0,
12f51c457b27425fa98fe89c24ccb61c,1510,10644,190,158,250,https://www.youtube.com/watch?v=fJuLwJ-w74c,250,243,250,https://www.youtube.com/watch?v=fJuLwJ-w74c,130,73,130,https://www.youtube.com/watch?v=cEd6CEtDzqk,0,0,0,0,
0c3b5ae85d2940b8b73a92d72dc0d313,1510,102284,58,20,1549,https://www.youtube.com/watch?v=kCfbjR3Oz6s,58,32,124,https://www.youtube.com/watch?v=wWKPyyKlD60,16,4,1549,https://www.youtube.com/watch?v=kCfbjR3Oz6s,483,91,61,107,https://www.twitch.tv/videos/2853251887
3cf7289a95834ae1a25d4cb2909a1a9e,1510,51032,0,0,0,,0,0,0,,0,0,0,,0,0,0,0,
a2188c1a225e4f93a64e3385fa02d779,1510,87183,0,0,0,,0,0,0,,0,0,0,,0,0,0,0,
eaa1d55ba99c40ce82413701233efdbd,1510,61452,53,21,59,https://www.youtube.com/watch?v=VvN4wE3Yvxw,53,21,59,https://www.youtube.com/watch?v=VvN4wE3Yvxw,0,0,0,,0,0,0,0,
d57b7459ef5949ef96672a96fb33d8a2,1500,63088,0,0,0,,0,0,0,,0,0,0,,1104,114,84,209,https://www.twitch.tv/videos/2851171292
489752f0b42c49b785d43f1207429983,1500,45334,100,56,113,https://www.youtube.com/watch?v=XJ_cV2lRgZc,100,56,113,https://www.youtube.com/watch?v=XJ_cV2lRgZc,0,0,0,,0,0,0,0,
4c466d73397a4899b4ca26f90aaf57ad,1500,162445,66,64,66,https://www.youtube.com/watch?v=GadoBFQs8j0,0,0,0,,66,64,66,https://www.youtube.com/watch?v=GadoBFQs8j0,168,0,0,0,
586377912f314b4d8c3be33760526ae0,1500,6742,1204,923,1890,https://www.youtube.com/watch?v=QmoQJkhG3dE,0,0,0,,1204,923,1890,https://www.youtube.com/watch?v=QmoQJkhG3dE,0,0,0,0,
5ce810e28ea54f5bacd55573589f4e4e,1490,102198,46,15,109,https://www.youtube.com/watch?v=E0HRh3bIGms,46,15,109,https://www.youtube.com/watch?v=E0HRh3bIGms,0,0,0,,0,0,0,0,
6d61885259b744a28c7b92c0785e8fe9,1490,0,0,0,0,,0,0,0,,0,0,0,,881,0,0,0,
fa83a68ebfff419983124d69373ede6f,1490,249418,1220,661,2438,https://www.youtube.com/watch?v=bYi5hO4iihg,189,48,290,https://www.youtube.com/watch?v=g_mEWiepbms,1406,930,2438,https://www.youtube.com/watch?v=bYi5hO4iihg,2075,143,138,256,https://www.twitch.tv/videos/2856774241
1be04e1564c34845bee20467cdb8cfd1,1480,124068,0,0,0,,0,0,0,,0,0,0,,0,0,0,0,
b8ce93818de34a93901147e5d9857170,1480,22736,0,0,0,,0,0,0,,0,0,0,,0,0,0,0,
6e6fd1311d2f42228faa8b1ccb0fa589,1480,80560,137,45,187,https://www.youtube.com/watch?v=m2CtA62nOHU,137,45,187,https://www.youtube.com/watch?v=m2CtA62nOHU,0,0,0,,0,0,0,0,
d62ad85ae5434754bc4f9f366815064a,1470,45208,0,0,0,,0,0,0,,0,0,0,,0,0,0,0,
687568c1c9254c8ab34e7b6efbdd6dbc,1470,208112,0,0,0,,0,0,0,,0,0,0,,0,0,0,0,
5bc1ba6d941e4eca868a5b33425c3262,1460,676,127,91,161,https://www.youtube.com/watch?v=d0c0r9FLuac,0,0,0,,127,91,161,https://www.youtube.com/watch?v=d0c0r9FLuac,1701,635,418,635,https://www.twitch.tv/videos/2850257423
c6a8cee6b8e042518ef58659113b3f34,1460,81339,0,0,0,,0,0,0,,0,0,0,,0,0,0,0,
091ac99f10804fe3b417a0f285731b4e,1460,620,190,153,190,https://www.youtube.com/watch?v=JyuIx4wQHUo,190,153,190,https://www.youtube.com/watch?v=JyuIx4wQHUo,0,0,0,,466,0,0,0,
3daee44c0bab401386813cff327a10a2,1460,152447,223,91,2790,https://www.youtube.com/watch?v=g6yW2D1fFmI,223,91,2790,https://www.youtube.com/watch?v=g6yW2D1fFmI,0,0,0,,0,0,0,0,
fcb4d9b8cd4a49dba6b421d97c179065,1450,66539,0,0,0,,0,0,0,,0,0,0,,1326,103,66,156,https://www.twitch.tv/videos/2847981995
bf425f4bc9154c00918ed885bdced632,1450,84491,135,77,138,https://www.youtube.com/watch?v=rZRH6-LSGKw,135,77,138,https://www.youtube.com/watch?v=rZRH6-LSGKw,0,0,0,,0,0,0,0,
8044e4d538ab4e16b1952c8e42dee12e,1450,142963,20,9,319,https://www.youtube.com/watch?v=LVOL9-I1C8M,19,7,240,https://www.youtube.com/watch?v=GbL63ofh_NY,319,21,319,https://www.youtube.com/watch?v=LVOL9-I1C8M,0,0,0,0,
773a7694afcf4666960b05a4faf1a1fa,1440,85660,2005,1116,2005,https://www.youtube.com/watch?v=-Z-o0NY8FAk,0,0,0,,2005,1116,2005,https://www.youtube.com/watch?v=-Z-o0NY8FAk,0,0,0,0,
8fbd23f4e2ad442bb230aea8f433cd49,1440,146781,57,35,1840,https://www.youtube.com/watch?v=QEYvcqkjCQ0,51,29,214,https://www.youtube.com/watch?v=E7Qcp60iSj4,1758,196,1840,https://www.youtube.com/watch?v=QEYvcqkjCQ0,122,18,15,31,https://www.twitch.tv/videos/2855128768
58588863643843439cebc85ef72654bb,1440,105498,70,37,95,https://www.youtube.com/watch?v=3cYvhSq-sy4,70,37,95,https://www.youtube.com/watch?v=3cYvhSq-sy4,0,0,0,,0,0,0,0,
b572cb7de27446e3bcda5135f6a23d8a,1440,57763,65,42,112,https://www.youtube.com/watch?v=WcHpYSrY_Hg,65,42,112,https://www.youtube.com/watch?v=WcHpYSrY_Hg,0,0,0,,0,0,0,0,
787da9082edb4e9e9024a52cb12449e8,1430,38998,193,145,632,https://www.youtube.com/watch?v=bCy8_gJBbOw,193,145,632,https://www.youtube.com/watch?v=bCy8_gJBbOw,0,0,0,,0,0,0,0,
0ec3bf23ccba41659f6d91e424fb2b4a,1430,56984,0,0,0,,0,0,0,,0,0,0,,0,0,0,0,
22a83c82e1914eb68b12e76b4ccb277c,1430,53667,255,87,767,https://www.youtube.com/watch?v=A4svpWvs6Ys,255,87,767,https://www.youtube.com/watch?v=A4svpWvs6Ys,0,0,0,,0,0,0,0,
2ea398a50afd48c3a9e3a819186a4375,1430,66722,0,0,0,,0,0,0,,0,0,0,,153,0,0,0,
564b411dc4874310be6f8ee9bb7a0312,1420,101577,0,0,0,,0,0,0,,0,0,0,,0,0,0,0,
87606e72f653472f9eafb06e8f49c39c,1420,165991,0,0,0,,0,0,0,,0,0,0,,0,0,0,0,
f4eae5dde65b41969336f3f52c6df2d8,1420,129752,66,40,824,https://www.youtube.com/watch?v=G97xx503dcw,64,40,712,https://www.youtube.com/watch?v=kvqVGroFCvM,791,73,824,https://www.youtube.com/watch?v=G97xx503dcw,185,0,0,0,
27a22366e885420e8a3c78ee7ac7c075,1420,59925,811,264,1588,https://www.youtube.com/watch?v=yivcACQL_MQ,316,236,333,https://www.youtube.com/watch?v=uCgoQk4Rfgs,1344,452,1588,https://www.youtube.com/watch?v=yivcACQL_MQ,302,463,362,491,https://www.twitch.tv/videos/2852282830
25b1a8ceab1d439491fb4e98013cd0fc,1420,15235,95,68,1286,https://www.youtube.com/watch?v=4L4ajK3AsOw,69,55,178,https://www.youtube.com/watch?v=HP68drfSAMI,172,76,1286,https://www.youtube.com/watch?v=4L4ajK3AsOw,760,229,119,481,https://www.twitch.tv/videos/2848283271
303c4cd8cf334f01805afdd8df5adc7f,1410,58416,111,22,127,https://www.youtube.com/watch?v=hCjrwmka3Zs,111,22,127,https://www.youtube.com/watch?v=hCjrwmka3Zs,0,0,0,,0,0,0,0,
a7410ae72f2d4648bcf192c21abd7c32,1410,54604,0,0,0,,0,0,0,,0,0,0,,174,0,0,0,
a4d4a2a3d7b648be9aa4d652ae592a4b,1410,120217,0,0,0,,0,0,0,,0,0,0,,140,54,48,67,https://www.twitch.tv/videos/2856291740
5a901d793927414493afa87af0c4baec,1410,28910,0,0,0,,0,0,0,,0,0,0,,1437,0,0,0,
6adad1ae67dc495dae88cefa06446593,1400,107503,0,0,0,,0,0,0,,0,0,0,,0,0,0,0,
6f68d3f50edf4814b59a4a018090b180,1400,31194,193,53,193,https://www.youtube.com/watch?v=mgUFnTInIZo,193,53,193,https://www.youtube.com/watch?v=mgUFnTInIZo,0,0,0,,0,0,0,0,
a5e5533ac342488a94003dc77869ddf9,1390,79672,65,34,476,https://www.youtube.com/watch?v=5A39ImpMwwk,62,28,160,https://www.youtube.com/watch?v=7zLZHd63SkY,476,156,476,https://www.youtube.com/watch?v=5A39ImpMwwk,0,0,0,0,
5356357f112b46db862b472a4aafcee8,1390,45764,0,0,0,,0,0,0,,0,0,0,,1292,0,0,0,
403697f0f5ba49ef873673236c07e2d3,1380,86175,107,60,3880,https://www.youtube.com/watch?v=xGAxuliObrQ,83,46,134,https://www.youtube.com/watch?v=a_aKtzawTeI,902,173,3880,https://www.youtube.com/watch?v=xGAxuliObrQ,324,247,180,349,https://www.twitch.tv/videos/2855237037
e63047f70b0b4a7eba70e7d8cbd507ec,1380,31413,0,0,0,,0,0,0,,0,0,0,,0,0,0,0,
f479e1403f614727a5f2a2be339bad74,1380,22594,0,0,0,,0,0,0,,0,0,0,,3577,0,0,0,
30f58f5fd3994b9a8751b3f44e543c17,1380,106966,70,55,70,https://www.youtube.com/watch?v=g5k5UPSIwsA,70,55,70,https://www.youtube.com/watch?v=g5k5UPSIwsA,0,0,0,,0,0,0,0,
18d1c00e0bde4ddbb8be5eafe0967dfe,1380,82829,441,240,496,https://www.youtube.com/watch?v=_3UM0hYvATU,0,0,0,,441,240,496,https://www.youtube.com/watch?v=_3UM0hYvATU,0,0,0,0,
07c204505d544b28bb52426d0665a59c,1380,73020,113,43,1041,https://www.youtube.com/watch?v=W94_zEV0jco,117,45,1041,https://www.youtube.com/watch?v=W94_zEV0jco,46,25,46,https://www.youtube.com/watch?v=3LY45R1G5Yk,0,0,0,0,
ffe6a7983e434702a68fe18c169e3164,1370,55223,86,69,317,https://www.youtube.com/watch?v=W3HApSwg0MM,86,69,317,https://www.youtube.com/watch?v=W3HApSwg0MM,0,0,0,,408,0,0,0,
869d9d9067b64dd78418cc258cb6607b,1370,81267,110,57,521,https://www.youtube.com/watch?v=i9vXeTiThoA,110,57,521,https://www.youtube.com/watch?v=i9vXeTiThoA,0,0,0,,1116,384,225,483,https://www.twitch.tv/videos/2847826199
de1fec02e4ab43aa948a415621abc524,1370,88348,0,0,0,,0,0,0,,0,0,0,,0,0,0,0,
188bbf1349f1482cbd24d06ba720cf17,1370,18497,0,0,0,,0,0,0,,0,0,0,,907,126,77,145,https://www.twitch.tv/videos/2846722800
61e81c6f534247b486b8125bd34fa960,1370,68365,0,0,0,,0,0,0,,0,0,0,,20312,460,146,1375,https://www.twitch.tv/videos/2835236567
a974047cb6bb412da7fca2ec9d91d882,1370,63133,0,0,0,,0,0,0,,0,0,0,,220,113,80,123,https://www.twitch.tv/videos/2852241179
43056077596a49349ee4bea028f670f6,1370,81031,0,0,0,,0,0,0,,0,0,0,,303,0,0,0,
6861903583ee45d191ddc03faf6cd0d8,1360,21440,0,0,0,,0,0,0,,0,0,0,,1336,96,69,117,https://www.twitch.tv/videos/2849644692
bb28421da8a749ffb1ca8582b6278c24,1360,54246,88,46,110,https://www.youtube.com/watch?v=LifRaMTGno0,0,0,0,,88,46,110,https://www.youtube.com/watch?v=LifRaMTGno0,818,151,134,242,https://www.twitch.tv/videos/2848681271
ea8cc7c4366d48c797a88bfbcf584301,1360,36274,0,0,0,,0,0,0,,0,0,0,,266,111,91,191,https://www.twitch.tv/videos/2858585458
2f966e51210f49ba9dce2ac90e3ada18,1350,14962,166,111,1966,https://www.youtube.com/watch?v=XD0peikaCYo,113,73,1070,https://www.youtube.com/watch?v=54Ia3MKsxOs,894,411,1966,https://www.youtube.com/watch?v=XD0peikaCYo,969,0,0,0,
d23dbc9d1db64c42821697d1bac8fb66,1350,127613,108,61,166,https://www.youtube.com/watch?v=dlRM8-szHK8,108,61,166,https://www.youtube.com/watch?v=dlRM8-szHK8,0,0,0,,0,0,0,0,
4d98ebdc4eb8448da8d2ab8f64df8383,1350,66,0,0,0,,0,0,0,,0,0,0,,154,0,0,0,
7327248ff3f04589bca9e61665448ae8,1350,47466,0,0,0,,0,0,0,,0,0,0,,311,0,0,0,
aa0d8c2604694532a20aaf0f0ced8a5e,1350,0,0,0,0,,0,0,0,,0,0,0,,2489,0,0,0,
e3157ce546a640029cfcccb9107f8154,1350,79695,5,2,67,https://www.youtube.com/watch?v=CPjNruo5Fyk,0,0,0,,5,2,67,https://www.youtube.com/watch?v=CPjNruo5Fyk,0,0,0,0,
4267c862353e410388f1eaa5a5d85017,1340,37844,68,26,87,https://www.youtube.com/watch?v=OZ2ALil8Iho,68,26,87,https://www.youtube.com/watch?v=OZ2ALil8Iho,0,0,0,,0,0,0,0,
515f61904a1a45688ea0d7bc1e7d499e,1340,326667,826,35,826,https://www.youtube.com/watch?v=Ut2kexgCQ4k,0,0,0,,826,35,826,https://www.youtube.com/watch?v=Ut2kexgCQ4k,6,0,0,0,
8968a24fb6bf4f08b1611e694c98eb40,1340,93453,70,34,1355,https://www.youtube.com/watch?v=J4jiMArV6GY,69,31,203,https://www.youtube.com/watch?v=qMWc7oOuF84,1355,431,1355,https://www.youtube.com/watch?v=J4jiMArV6GY,0,0,0,0,
c587658ad4fe44b09137591c094ab297,1340,138019,164,96,1550,https://www.youtube.com/watch?v=Yatijbk9IqU,154,67,195,https://www.youtube.com/watch?v=lV-EYvHdX08,1349,437,1550,https://www.youtube.com/watch?v=Yatijbk9IqU,33,0,0,0,
566e5b6f438a4cacb3e4036eb9ffe9b8,1340,83127,58,28,1580,https://www.youtube.com/watch?v=DBA3vshNP18,51,18,243,https://www.youtube.com/watch?v=41nIS0CAVls,583,307,1580,https://www.youtube.com/watch?v=DBA3vshNP18,0,0,0,0,
a9396c8dd95e43b29c694b14afa07ac4,1340,112597,0,0,0,,0,0,0,,0,0,0,,4000,393,234,970,https://www.twitch.tv/videos/2853486660
4082168d753e42b7aca1d25e759d09a7,1340,49647,28,6,101,https://www.youtube.com/watch?v=NyP1HkTkC-w,101,10,101,https://www.youtube.com/watch?v=NyP1HkTkC-w,21,4,28,https://www.youtube.com/watch?v=rjWkmrxeqMU,668,0,0,0,
1e06211caf4f4afa98125699a4c66b5d,1330,0,0,0,0,,0,0,0,,0,0,0,,0,0,0,0,
5903a0f7274043058d817894a9b39e75,1330,31322,11,1,13,https://www.youtube.com/watch?v=qm1urH0OQ8I,0,0,0,,11,1,13,https://www.youtube.com/watch?v=qm1urH0OQ8I,0,0,0,0,
9de536d111214c379ec6969a52d92442,1330,75777,91,74,99,https://www.youtube.com/watch?v=5MSp7ClrhOk,91,74,99,https://www.youtube.com/watch?v=5MSp7ClrhOk,0,0,0,,0,0,0,0,
e15cd068f6fd4a05be985c22133f5428,1330,96335,0,0,0,,0,0,0,,0,0,0,,0,0,0,0,
4071b27c63424e1f9882ebe04a884586,1320,53946,0,0,0,,0,0,0,,0,0,0,,6726,0,0,0,
902740b39aed4b3cb381701c96a73f3a,1320,66594,58,17,369,https://www.youtube.com/watch?v=kFdQwrosjjM,56,17,369,https://www.youtube.com/watch?v=kFdQwrosjjM,157,96,247,https://www.youtube.com/watch?v=Y5njn_NhAn0,244,27,22,79,https://www.twitch.tv/videos/2848230885
afe78c5051094e86bf9fdfe6cb2a4222,1320,61926,112,98,1112,https://www.youtube.com/watch?v=TfdtfEQFv-o,104,95,458,https://www.youtube.com/watch?v=EguRg1VssyA,1112,1043,1112,https://www.youtube.com/watch?v=TfdtfEQFv-o,0,0,0,0,
7136d4451e954a2daed572b2ba517303,1320,2238,1121,602,1487,https://www.youtube.com/watch?v=At8RDfQm1hk,755,552,755,https://www.youtube.com/watch?v=-BeIGUkQqtw,1487,652,1487,https://www.youtube.com/watch?v=At8RDfQm1hk,0,0,0,0,
66d986eaa59347b0b18c5ed103cb173e,1320,64139,59,29,472,https://www.youtube.com/watch?v=ehWjIV5YhAA,59,29,472,https://www.youtube.com/watch?v=ehWjIV5YhAA,0,0,0,,0,0,0,0,
6ff6adcddc934a3b94e45448e1912539,1320,203550,0,0,0,,0,0,0,,0,0,0,,1860,0,0,0,
d4bea738b4d548b788ddb590b62cc2bd,1310,167522,67,25,86,https://www.youtube.com/watch?v=IVRH-gso1fw,67,25,86,https://www.youtube.com/watch?v=IVRH-gso1fw,0,0,0,,0,0,0,0,
843d99233b474827a2f0bc417ffd3852,1310,89337,180,164,4030,https://www.youtube.com/watch?v=QYe97M7JVHg,63,36,281,https://www.youtube.com/watch?v=F9Fd1w94wCY,1727,1264,4030,https://www.youtube.com/watch?v=QYe97M7JVHg,12447,12025,5355,37166,https://www.twitch.tv/videos/2836136551
521efecabae94dd6b1d21bc5e8543fcb,1310,72419,143,82,895,https://www.youtube.com/watch?v=I8htNuIMBA8,130,64,150,https://www.youtube.com/watch?v=R0tfdrLsOx0,895,712,895,https://www.youtube.com/watch?v=I8htNuIMBA8,370,0,0,0,
eec1f137ea78444185a4268f72f59611,1310,49726,0,0,0,,0,0,0,,0,0,0,,0,0,0,0,
e2df9d4aea8b4cb4b8e38c31cbf73036,1310,50207,0,0,0,,0,0,0,,0,0,0,,0,0,0,0,
506d9c6fdbd34c8aa5fda64d90d96ac2,1310,104077,31,14,186,https://www.youtube.com/watch?v=SWtVLNnLfIk,31,14,186,https://www.youtube.com/watch?v=SWtVLNnLfIk,0,0,0,,0,0,0,0,
355d53b23acb4f4697b858ca06b25fb7,1300,408780,77,49,77,https://www.youtube.com/watch?v=mPPOr-4VQ8U,77,49,77,https://www.youtube.com/watch?v=mPPOr-4VQ8U,0,0,0,,0,0,0,0,
648d77b2067849838a8ad3fdc0afb85a,1300,6066,0,0,0,,0,0,0,,0,0,0,,1527,388,299,631,https://www.twitch.tv/videos/2856689388
9b424d3a99ef4fc3b17bc7fef92fefd3,1300,134519,34,23,1431,https://www.youtube.com/watch?v=ZQSwVGUzDIY,25,10,42,https://www.youtube.com/watch?v=GeBNsEXqFwk,562,319,1431,https://www.youtube.com/watch?v=ZQSwVGUzDIY,381,0,0,0,
de49994d9fd14067bf9ea5b4fbac7229,1300,24692,91,30,295,https://www.youtube.com/watch?v=tLErbKCclDI,91,30,295,https://www.youtube.com/watch?v=tLErbKCclDI,0,0,0,,414,0,0,0,
9cd7391045604ccda8be89f7946233e2,1300,44088,1230,873,2938,https://www.youtube.com/watch?v=0phJq8yP88U,0,0,0,,1230,873,2938,https://www.youtube.com/watch?v=0phJq8yP88U,164,82,63,305,https://www.twitch.tv/videos/2853851855
c91c52df005e4a7c988704e474b54dbc,1290,139900,177,94,6227,https://www.youtube.com/watch?v=KxQL7zrFOkk,100,66,205,https://www.youtube.com/watch?v=tkDDONU9OM8,1255,579,6227,https://www.youtube.com/watch?v=KxQL7zrFOkk,0,0,0,0,
01fc7842da284adaad67d3774a4b2a6c,1290,23907,112,30,313,https://www.youtube.com/watch?v=b5D-Ct4ZF2k,112,30,313,https://www.youtube.com/watch?v=b5D-Ct4ZF2k,0,0,0,,0,0,0,0,
026bdd139df44cec930dd7fc76345184,1290,61560,158,68,1148,https://www.youtube.com/watch?v=xg2nQCSb8rA,157,60,250,https://www.youtube.com/watch?v=ud92Xq5ypNc,1148,1057,1148,https://www.youtube.com/watch?v=xg2nQCSb8rA,0,0,0,0,
a8b244b0fb1f42f8b4bb3d3c2277de3b,1290,126857,1588,1467,1835,https://www.youtube.com/watch?v=eWVJmT0xZT4,0,0,0,,1588,1467,1835,https://www.youtube.com/watch?v=eWVJmT0xZT4,5283,718,293,1638,https://www.twitch.tv/videos/2856652525
cd9733cb91b6400aae0bc23e3f25d7eb,1290,36295,0,0,0,,0,0,0,,0,0,0,,0,0,0,0,
2efe1ad069184a7e94b0583b452ffac4,1280,86937,0,0,0,,0,0,0,,0,0,0,,0,0,0,0,
b0b9e352f71d4a03ace9972ddec4ec56,1280,52103,96,44,737,https://www.youtube.com/watch?v=NIBD_L78Dos,96,39,357,https://www.youtube.com/watch?v=Pp_iP02Euxk,412,393,737,https://www.youtube.com/watch?v=NIBD_L78Dos,0,0,0,0,
6ab090baa4624f1c8fca28312799e826,1270,43039,0,0,0,,0,0,0,,0,0,0,,797,60,58,69,https://www.twitch.tv/videos/2855177254
74f214b764314c5aa446eb9981c94935,1270,42496,0,0,0,,0,0,0,,0,0,0,,0,0,0,0,
7a9b7ab0d5bd411195d77800ff778a90,1270,279679,427,167,1847,https://www.youtube.com/watch?v=Z8gYjlotgFU,0,0,0,,427,167,1847,https://www.youtube.com/watch?v=Z8gYjlotgFU,66,0,0,0,
f2ca2659644f4d02abc851e7bee3255b,1270,24335,1465,237,2452,https://www.youtube.com/watch?v=sZwrEh7dh7I,0,0,0,,1465,237,2452,https://www.youtube.com/watch?v=sZwrEh7dh7I,2790,659,265,2085,https://www.twitch.tv/videos/2835840126
8ae0f370cf124faa953a09089a427fd9,1260,65733,163,64,1439,https://www.youtube.com/watch?v=055Ux8TKKLI,168,67,697,https://www.youtube.com/watch?v=9KR2Zb2oMNc,84,37,1439,https://www.youtube.com/watch?v=055Ux8TKKLI,315,23,19,133,https://www.twitch.tv/videos/2851216569
e5433e4a21eb49e2bcd508e3b12fba6d,1260,8415,0,0,0,,0,0,0,,0,0,0,,185,10,8,24,https://www.twitch.tv/videos/2853113560
f227226fd52e4fbe801b4c89acfe4887,1260,40326,65,25,1512,https://www.youtube.com/watch?v=lMJeuSPhfK8,64,23,205,https://www.youtube.com/watch?v=SvhWkIBx1WM,1512,205,1512,https://www.youtube.com/watch?v=lMJeuSPhfK8,664,0,0,0,
0b8d1c0fa1b14df6821e85def645425e,1250,103113,81,22,102,https://www.youtube.com/watch?v=1RJupCY0K-o,81,22,102,https://www.youtube.com/watch?v=1RJupCY0K-o,0,0,0,,164,0,0,0,
7f7e1579979c49249dc65783d457e890,1250,34097,0,0,0,,0,0,0,,0,0,0,,437,0,0,0,
15bc73fc2acf4a7695bab31fdea450f0,1240,43480,84,22,135,https://www.youtube.com/watch?v=q6wbxDNSUeY,83,19,135,https://www.youtube.com/watch?v=q6wbxDNSUeY,128,33,128,https://www.youtube.com/watch?v=iDcigQw2mSM,0,0,0,0,
5d73e7f013034d06b58decaf4b2b385c,1240,27887,0,0,0,,0,0,0,,0,0,0,,0,0,0,0,
e290f49c193149708cd72747639d5ced,1240,73836,131,68,134,https://www.youtube.com/watch?v=rQzUIfrSmV8,131,68,134,https://www.youtube.com/watch?v=rQzUIfrSmV8,0,0,0,,0,0,0,0,
12f8dc82bc0d4f89bfbd7ede76ab1faf,1240,29075,0,0,0,,0,0,0,,0,0,0,,0,0,0,0,
d3e4f9bdbb6c42fc97b60148cefdb6e0,1240,34409,0,0,0,,0,0,0,,0,0,0,,5724,1418,974,1488,https://www.twitch.tv/videos/2848744794
82d5f7612b7645f3a77dd954a0e30b24,1240,36209,0,0,0,,0,0,0,,0,0,0,,0,0,0,0,
03c9d83a4c534b65a5743b381eb2ce33,1230,37995,87,32,217,https://www.youtube.com/watch?v=ZxKkWLQL_g4,87,32,217,https://www.youtube.com/watch?v=ZxKkWLQL_g4,0,0,0,,697,0,0,0,
0f74555e05794780adc4eb0b9096f727,1230,15959,42,12,58,https://www.youtube.com/watch?v=brgldg8KZ44,42,12,58,https://www.youtube.com/watch?v=brgldg8KZ44,0,0,0,,114,0,0,0,
f97745a8003c480fa728cf34d61afc6c,1230,86377,1103,236,2662,https://www.youtube.com/watch?v=Qb7K1QYuGds,0,0,0,,1103,236,2662,https://www.youtube.com/watch?v=Qb7K1QYuGds,0,0,0,0,
0446516df6074a4ba8a0f3639b17de46,1230,60351,847,649,1463,https://www.youtube.com/watch?v=37J11pncnd8,231,178,231,https://www.youtube.com/watch?v=8up8RmPuyqc,1463,1121,1463,https://www.youtube.com/watch?v=37J11pncnd8,0,0,0,0,
a05afa97381b4f96b02a1af859426f9c,1220,100610,263,120,3929,https://www.youtube.com/watch?v=j8e1EPGzFag,188,64,3929,https://www.youtube.com/watch?v=j8e1EPGzFag,1020,239,1741,https://www.youtube.com/watch?v=BGWHm2Njy_Y,0,0,0,0,
6abc6d7010ed4b7a88b2566b171c9005,1220,42262,100,44,398,https://www.youtube.com/watch?v=Ojme2v3W-jc,100,44,398,https://www.youtube.com/watch?v=Ojme2v3W-jc,0,0,0,,0,0,0,0,
d4b4a16e0ccc4bb49ff82c8584e6ed79,1220,42887,0,0,0,,0,0,0,,0,0,0,,0,0,0,0,
834afd07257a43ac9f61085f79449be1,1220,62681,143,92,1002,https://www.youtube.com/watch?v=ehhbPwcDHJs,143,92,1002,https://www.youtube.com/watch?v=ehhbPwcDHJs,0,0,0,,0,0,0,0,
c6af4f23c6ce4adab5301d79b0bd343a,1220,177476,220,118,1842,https://www.youtube.com/watch?v=kdah4RzH-B8,191,97,672,https://www.youtube.com/watch?v=Sb1eQhQfYzk,1842,134,1842,https://www.youtube.com/watch?v=kdah4RzH-B8,3743,811,324,1213,https://www.twitch.tv/videos/2849435484
3b9a06751f3c415993d424480d4d5060,1210,141640,73,33,118,https://www.youtube.com/watch?v=DVeLJp-VHTI,73,33,118,https://www.youtube.com/watch?v=DVeLJp-VHTI,0,0,0,,0,0,0,0,
6e845fd52d044ab598cc4ca35ba91f88,1210,7905,0,0,0,,0,0,0,,0,0,0,,0,0,0,0,
3430389926a942cbacde9b444b3a6653,1210,51105,6,2,20,https://www.youtube.com/watch?v=ioTH8azb_eY,0,0,0,,6,2,20,https://www.youtube.com/watch?v=ioTH8azb_eY,1053,42,35,83,https://www.twitch.tv/videos/2855886908
ffe0cef3d8c34c52bb605a23a3e61e95,1210,32000,233,77,257,https://www.youtube.com/watch?v=2XNHeg5u86I,233,77,257,https://www.youtube.com/watch?v=2XNHeg5u86I,0,0,0,,0,0,0,0,
921b0b3a8dd64a5494720801af95ba06,1200,84988,49,15,86,https://www.youtube.com/watch?v=MFN9-L3pMws,49,15,86,https://www.youtube.com/watch?v=MFN9-L3pMws,0,0,0,,0,0,0,0,
1f378a6e115046ffa1a17f9079285d4a,1200,39289,217,5,217,https://www.youtube.com/watch?v=n8o6OYT9yhM,217,5,217,https://www.youtube.com/watch?v=n8o6OYT9yhM,0,0,0,,98,0,0,0,
fb7ced3cc6c247928ce1bb3b2715d98c,1200,396595,836,343,1334,https://www.youtube.com/watch?v=pcHMxyBqtvc,0,0,0,,836,343,1334,https://www.youtube.com/watch?v=pcHMxyBqtvc,0,0,0,0,
af34d62a8f4e4ca180c11f11c2832893,1200,40403,0,0,0,,0,0,0,,0,0,0,,0,0,0,0,
e2ddcd13e70643238d46f50fba8261b2,1200,111225,454,337,4101,https://www.youtube.com/watch?v=nsEZTH2DK2Y,0,0,0,,454,337,4101,https://www.youtube.com/watch?v=nsEZTH2DK2Y,3049,672,306,1670,https://www.twitch.tv/videos/2847263770
d7e9a44c2bbe439b9f062d64dc1b96f3,1200,74194,100,43,1359,https://www.youtube.com/watch?v=RB760OgUTLE,100,43,1359,https://www.youtube.com/watch?v=RB760OgUTLE,0,0,0,,123,52,49,78,https://www.twitch.tv/videos/2857670907
a1ef171711404951a987f4c9bc5e64f0,1190,87820,86,58,1285,https://www.youtube.com/watch?v=aXVHTh4dLZU,84,58,179,https://www.youtube.com/watch?v=4fj6wSn8U1A,1285,480,1285,https://www.youtube.com/watch?v=aXVHTh4dLZU,0,0,0,0,
ccf93d7646f249dfa3454f5a60f466c8,1190,42899,0,0,0,,0,0,0,,0,0,0,,117,0,0,0,
ffaf6da580a44e11bba9715e3c854958,1190,69284,56,29,820,https://www.youtube.com/watch?v=6ze6TYPp58w,56,29,820,https://www.youtube.com/watch?v=6ze6TYPp58w,0,0,0,,196,0,0,0,
19f507cc460a426cb02013fb203bd0a7,1190,64380,252,80,556,https://www.youtube.com/watch?v=NBHcl6LZtfk,252,80,556,https://www.youtube.com/watch?v=NBHcl6LZtfk,0,0,0,,491,70,58,141,https://www.twitch.tv/videos/2850393760
492582e14bd0480eb5c847e6240f020b,1180,78822,64,23,131,https://www.youtube.com/watch?v=-u2DjlUrFhY,64,23,131,https://www.youtube.com/watch?v=-u2DjlUrFhY,0,0,0,,0,0,0,0,
2656bc44436c45cca3e94e43a9a49c2d,1180,198723,181,72,864,https://www.youtube.com/watch?v=q4F7v9RadA0,181,72,864,https://www.youtube.com/watch?v=q4F7v9RadA0,0,0,0,,0,0,0,0,
870430bfaf9942f487819fcb4630fabb,1180,1558,0,0,0,,0,0,0,,0,0,0,,1229,42,29,53,https://www.twitch.tv/videos/2851229923
36b917d4265f43a1a6cc9eb1d7b20608,1180,30640,1614,1363,18403,https://www.youtube.com/watch?v=ZBOUYO_7jVU,0,0,0,,1614,1363,18403,https://www.youtube.com/watch?v=ZBOUYO_7jVU,100,0,0,0,
9cdf183fa1ee43c2906cca70884a6278,1170,24708,0,0,0,,0,0,0,,0,0,0,,0,0,0,0,
ac5176c53ad7447b8d63f82f65ba7200,1170,56745,0,0,0,,0,0,0,,0,0,0,,2547,0,0,0,
1058d6e9f351455389e8a7a716ea26ff,1170,63914,49,18,537,https://www.youtube.com/watch?v=Xh3BdmswuCU,49,17,537,https://www.youtube.com/watch?v=Xh3BdmswuCU,88,33,242,https://www.youtube.com/watch?v=xXlchrBAI1A,4327,739,505,1215,https://www.twitch.tv/videos/2855971556
74c75f221fbb4cffa67de26881bae17d,1160,81928,0,0,0,,0,0,0,,0,0,0,,0,0,0,0,
ca8d038d311e4cccb2deded15cee89cd,1160,64802,111,47,262,https://www.youtube.com/watch?v=O_0RDAtm5Mo,111,47,262,https://www.youtube.com/watch?v=O_0RDAtm5Mo,0,0,0,,111,0,0,0,
fe555b322c784b5b9c2297c585bc9352,1160,37616,0,0,0,,0,0,0,,0,0,0,,0,0,0,0,
507d48eff3d44b6cba7b707e321e01e7,1160,64346,0,0,0,,0,0,0,,0,0,0,,580,0,0,0,
20bfe5495db6453eaadbc55322c856f9,1160,39199,0,0,0,,0,0,0,,0,0,0,,0,0,0,0,
1e59cd43a10a44edb1407fb8ba8529a8,1160,67510,138,53,470,https://www.youtube.com/watch?v=Wuirc06lyDk,138,53,470,https://www.youtube.com/watch?v=Wuirc06lyDk,0,0,0,,0,0,0,0,
9bf758b113b048bc9331f244b619e4b2,1150,101750,72,49,1720,https://www.youtube.com/watch?v=1ZUuPBM-77E,60,27,98,https://www.youtube.com/watch?v=3HeRbEi9Q8g,803,354,1720,https://www.youtube.com/watch?v=1ZUuPBM-77E,275,17,10,17,https://www.twitch.tv/videos/2849568972
956591dc2e40411688b8f8e3079bc5e3,1150,131045,239,10,271,https://www.youtube.com/watch?v=26bBNaVd9iU,255,109,271,https://www.youtube.com/watch?v=26bBNaVd9iU,10,7,10,https://www.youtube.com/watch?v=aF7OAiMQ90w,0,0,0,0,
01871d8239314affaf7032899ce6502f,1150,297825,0,0,0,,0,0,0,,0,0,0,,0,0,0,0,
99e9616a2f73426d8c0a672dd20d9ad3,1150,221713,0,0,0,,0,0,0,,0,0,0,,62,0,0,0,
43acb25e255340d09b50283f0308d1ff,1150,617789,38,17,38,https://www.youtube.com/watch?v=smdhjDpH2h8,38,17,38,https://www.youtube.com/watch?v=smdhjDpH2h8,0,0,0,,0,0,0,0,
7e1072448d24495f8cac5163c0290989,1150,40907,36,19,41,https://www.youtube.com/watch?v=CjlFBzefcps,36,19,41,https://www.youtube.com/watch?v=CjlFBzefcps,0,0,0,,203,0,0,0,
3d33f15ad27c406abfd68d6c16e0b53d,1150,68674,194,60,194,https://www.youtube.com/watch?v=ug7KtoFSric,194,60,194,https://www.youtube.com/watch?v=ug7KtoFSric,0,0,0,,0,0,0,0,
d4c077fa180a460cabadc4e2838d1855,1140,38917,0,0,0,,0,0,0,,0,0,0,,0,0,0,0,
0a000a22ebd84abf860bcd5ef0a5ed60,1140,68470,12,5,1559,https://www.youtube.com/watch?v=E1OOpfNAzFA,0,0,0,,12,5,1559,https://www.youtube.com/watch?v=E1OOpfNAzFA,2552,540,241,1362,https://www.twitch.tv/videos/2832643402
0b0668c6206c4500bdcbc281ee58680c,1140,42368,36,21,56,https://www.youtube.com/watch?v=HG3_bm1-nt4,36,21,56,https://www.youtube.com/watch?v=HG3_bm1-nt4,0,0,0,,2969,0,0,0,
b4b4fcedc8264cb5b90584935aebf110,1140,45852,126,71,166,https://www.youtube.com/watch?v=7y8ZakaZ8gQ,126,71,166,https://www.youtube.com/watch?v=7y8ZakaZ8gQ,0,0,0,,264,122,85,122,https://www.twitch.tv/videos/2851263778
e63fe9e27be44403b222fb0319c027b6,1140,38294,233,88,653,https://www.youtube.com/watch?v=yktjksErEb4,0,0,0,,233,88,653,https://www.youtube.com/watch?v=yktjksErEb4,5632,1143,427,109496,https://www.twitch.tv/videos/2847671255
36ad63809a2441c9b85f7ee628136ce3,1140,123982,96,56,1437,https://www.youtube.com/watch?v=AUuZSOt8t2k,84,45,131,https://www.youtube.com/watch?v=epcGlYURTiw,585,292,1437,https://www.youtube.com/watch?v=AUuZSOt8t2k,23,0,0,0,
95694a64c0fe4b5c987344f1edcec826,1140,52244,79,34,268,https://www.youtube.com/watch?v=fz-8lwA6Jco,79,34,268,https://www.youtube.com/watch?v=fz-8lwA6Jco,0,0,0,,1679,247,187,392,https://www.twitch.tv/videos/2853900927
5de329cf8bc5410fb40ef38d117be94d,1130,67100,78,31,1043,https://www.youtube.com/watch?v=etM4KYY6oxk,64,28,113,https://www.youtube.com/watch?v=KjVxZI7rPQs,176,153,1043,https://www.youtube.com/watch?v=etM4KYY6oxk,633,144,92,287,https://www.twitch.tv/videos/2855842737
4e7110080135486ba1d83d3e5cdbf0ca,1130,15022,0,0,0,,0,0,0,,0,0,0,,434,0,0,0,
a5c12a1268af408c9a3ed6adbb72c53c,1130,70196,0,0,0,,0,0,0,,0,0,0,,0,0,0,0,
9f585f607da24e26b05ccb7e06e1d4f1,1130,184299,583,132,1226,https://www.youtube.com/watch?v=rfTsVYfbDNs,132,45,299,https://www.youtube.com/watch?v=h8fsOzd_-IY,1039,386,1226,https://www.youtube.com/watch?v=rfTsVYfbDNs,558,0,0,0,
e0823adb7a574647b6e395e70038509d,1130,46934,1009,256,1828,https://www.youtube.com/watch?v=EqNB5reGj0g,322,212,612,https://www.youtube.com/watch?v=ssV4H4GkGXE,1416,300,1828,https://www.youtube.com/watch?v=EqNB5reGj0g,0,0,0,0,
5226367de740445789ec9b65a84d65c5,1130,183210,87,68,177,https://www.youtube.com/watch?v=wzH73_QJvOE,87,68,177,https://www.youtube.com/watch?v=wzH73_QJvOE,0,0,0,,278,0,0,0,
fff74fa431cd4468b177675010504ee1,1130,19272,0,0,0,,0,0,0,,0,0,0,,387,97,89,122,https://www.twitch.tv/videos/2852304644
78f09e2a2d31477aa4a475ff159fb7c2,1130,105070,190,90,1880,https://www.youtube.com/watch?v=lvix6Phzfnc,183,84,584,https://www.youtube.com/watch?v=YQQK7oLrXKE,719,527,1880,https://www.youtube.com/watch?v=lvix6Phzfnc,200,124,118,201,https://www.twitch.tv/videos/2855867960
c964cb46cc9d411aaca372f9e459d2dc,1130,53716,0,0,0,,0,0,0,,0,0,0,,232,0,0,0,
f4c357c0b7ae4891859ecd205d903dff,1130,53000,81,23,705,https://www.youtube.com/watch?v=znb5mf90qvs,104,27,162,https://www.youtube.com/watch?v=e4baP2Dekj8,59,23,705,https://www.youtube.com/watch?v=znb5mf90qvs,89,0,0,0,
32a5b834b2bf4912bcd54ac00ae13285,1130,3912,0,0,0,,0,0,0,,0,0,0,,2932,322,94,739,https://www.twitch.tv/videos/2839033417
f4ff6f40be3a4294ac1fe3e475421377,1130,86303,135,59,760,https://www.youtube.com/watch?v=XNBD0YSpKrQ,135,59,760,https://www.youtube.com/watch?v=XNBD0YSpKrQ,0,0,0,,47,0,0,0,
aab094af87d74f3cbcb332bdac03fa23,1130,23949,59,43,59,https://www.youtube.com/watch?v=BLaNtojwjXw,59,43,59,https://www.youtube.com/watch?v=BLaNtojwjXw,0,0,0,,0,0,0,0,
b399afc661d04f47acc9d0681be343b4,1120,158069,114,62,1734,https://www.youtube.com/watch?v=f03dfbfQ-AQ,79,47,224,https://www.youtube.com/watch?v=aJLxm57zP_A,1068,203,1734,https://www.youtube.com/watch?v=f03dfbfQ-AQ,551,158,114,239,https://www.twitch.tv/videos/2852199874
97b10f7c6f434fa1a80f76e6740a9c6b,1120,58574,1478,930,5975,https://www.youtube.com/watch?v=fyXUepvKUW8,0,0,0,,1478,930,5975,https://www.youtube.com/watch?v=fyXUepvKUW8,4677,2783,1039,8942,https://www.twitch.tv/videos/2853938156
2a0de6059bd74c298a80f45a8052790e,1120,231149,1154,268,1239,https://www.youtube.com/watch?v=pN4q5TAM8dM,0,0,0,,1154,268,1239,https://www.youtube.com/watch?v=pN4q5TAM8dM,1340,185,152,388,https://www.twitch.tv/videos/2858548170
99f95450781349058c1c4098d6fe9f41,1120,74313,93,73,121,https://www.youtube.com/watch?v=4_fJwzw4ZZU,93,73,121,https://www.youtube.com/watch?v=4_fJwzw4ZZU,0,0,0,,0,0,0,0,
c2b9638d8dd54888a91caa8a67366907,1120,20680,0,0,0,,0,0,0,,0,0,0,,2629,91,84,114,https://www.twitch.tv/videos/2856892062
49f14b84269f458099232c2a21b2ba74,1120,32407,0,0,0,,0,0,0,,0,0,0,,0,0,0,0,
d475848a566848dc9f6ad02707d87e2a,1120,151826,62,38,146,https://www.youtube.com/watch?v=Yww99clqfhI,63,42,146,https://www.youtube.com/watch?v=Yww99clqfhI,56,28,56,https://www.youtube.com/watch?v=V710Qoun7-Y,0,0,0,0,
853afd5eb42e4f61bb0f9478aa8c1661,1120,0,0,0,0,,0,0,0,,0,0,0,,0,0,0,0,
381bb87f90794f2a909775a87c192dc5,1120,109315,0,0,0,,0,0,0,,0,0,0,,10539,264,116,438,https://www.twitch.tv/videos/2840610340
4bdf9ee9f53f4785b37a9d9dbd2a0da8,1120,65805,3,1,7,https://www.youtube.com/watch?v=wqrB63K2lYg,0,0,0,,3,1,7,https://www.youtube.com/watch?v=wqrB63K2lYg,0,0,0,0,
26eba1f0fabf425aa5769e01e855ea28,1110,107193,0,0,0,,0,0,0,,0,0,0,,0,0,0,0,
46a8009adbca4aa083af580b50b69306,1110,24701,40,36,44,https://www.youtube.com/watch?v=s5ICa_Ta6PI,40,36,44,https://www.youtube.com/watch?v=s5ICa_Ta6PI,0,0,0,,504,10,9,11,https://www.twitch.tv/videos/2855003439
34e2da1086ea4670b7b3d1fec34d8403,1110,54493,85,56,173,https://www.youtube.com/watch?v=GLVY9ziF45A,85,56,173,https://www.youtube.com/watch?v=GLVY9ziF45A,0,0,0,,0,0,0,0,
0d080db8809848e2ba918799b2f7885b,1110,78884,76,41,418,https://www.youtube.com/watch?v=lLFBJJdeyEE,76,38,418,https://www.youtube.com/watch?v=lLFBJJdeyEE,143,72,143,https://www.youtube.com/watch?v=dOi9CpSNkwU,0,0,0,0,
e212d468e3e64ad5b8f22f61bc4e06f7,1100,34279,21,15,21,https://www.youtube.com/watch?v=_9BfSRrb488,21,15,21,https://www.youtube.com/watch?v=_9BfSRrb488,0,0,0,,0,0,0,0,
4b214cdeac0649989f03f39e497816cf,1100,4516561,109,28,3931,https://www.youtube.com/watch?v=SdcLE8ow_tc,72,15,236,https://www.youtube.com/watch?v=eTREmfjWVOo,1790,761,3931,https://www.youtube.com/watch?v=SdcLE8ow_tc,747,109,73,124,https://www.twitch.tv/videos/2848697351
ec9a791b8152478b95858b199b866ef9,1100,44791,0,0,0,,0,0,0,,0,0,0,,376,0,0,0,
238b751368474f798a737e7cf1f4a87b,1100,47697,44,20,516,https://www.youtube.com/watch?v=Uo2xTs1GNTg,44,20,124,https://www.youtube.com/watch?v=pNp6LO1li2Q,105,69,516,https://www.youtube.com/watch?v=Uo2xTs1GNTg,2086,108,84,166,https://www.twitch.tv/videos/2847805234
5d02c4219e484617979165267cbd8d7f,1100,7521,0,0,0,,0,0,0,,0,0,0,,7,0,0,0,
971c91b32e9b4e1abfdafe711cb9e440,1100,50150,0,0,0,,0,0,0,,0,0,0,,0,0,0,0,
ea31f43c943742be847e205495fc64ad,1100,86024,936,203,1408,https://www.youtube.com/watch?v=5Hn7KR7eMKA,0,0,0,,936,203,1408,https://www.youtube.com/watch?v=5Hn7KR7eMKA,4487,1227,372,2186,https://www.twitch.tv/videos/2836055932
3410ce8f1b78487f8025485a6c09b1b8,1100,34135,0,0,0,,0,0,0,,0,0,0,,0,0,0,0,
8d67810b612540a0ad928179c1f9a4ee,1090,18783,0,0,0,,0,0,0,,0,0,0,,728,179,117,348,https://www.twitch.tv/videos/2856093750
8489d002b1704612bd0dd23f9a14ed51,1090,56809,48,26,75,https://www.youtube.com/watch?v=WChT1SzQgZY,48,26,75,https://www.youtube.com/watch?v=WChT1SzQgZY,0,0,0,,172,0,0,0,
70af0f70b6284690a524eb87aaa1d296,1090,71926,0,0,0,,0,0,0,,0,0,0,,4858,563,283,929,https://www.twitch.tv/videos/2856588739
7aca9b05fe654223a3702531383002a8,1090,7406,0,0,0,,0,0,0,,0,0,0,,2866,0,0,0,
46388caf23e34f09b145fff0fa25b897,1090,33333,0,0,0,,0,0,0,,0,0,0,,880,0,0,0,
4b9b64309ea0491bbde3b86b6c34bdd0,1090,71746,111,31,137,https://www.youtube.com/watch?v=BMB5pP34sWA,111,31,137,https://www.youtube.com/watch?v=BMB5pP34sWA,0,0,0,,0,0,0,0,
6826120624a244d4ab9522b5845db071,1090,68068,1310,908,1587,https://www.youtube.com/watch?v=v-Kezdbzd2o,0,0,0,,1310,908,1587,https://www.youtube.com/watch?v=v-Kezdbzd2o,3895,522,423,1218,https://www.twitch.tv/videos/2855616086
1eef7c0894a547a2bff186f6a735145a,1090,26508,115,46,360,https://www.youtube.com/watch?v=qnhv8TZrDNI,115,46,360,https://www.youtube.com/watch?v=qnhv8TZrDNI,0,0,0,,0,0,0,0,
b9eb00549c554290a7dbc5cd05910239,1080,103593,61,53,61,https://www.youtube.com/watch?v=2o3C8KC92ww,61,53,61,https://www.youtube.com/watch?v=2o3C8KC92ww,0,0,0,,0,0,0,0,
278f93ad57b14f01a71f1e89598ee503,1080,10482,0,0,0,,0,0,0,,0,0,0,,0,0,0,0,
0d7502e74c394a7f82a07c31fee877ff,1080,34712,0,0,0,,0,0,0,,0,0,0,,0,0,0,0,
5f413dce55614542940c58900ef1c82c,1080,25794,0,0,0,,0,0,0,,0,0,0,,827,69,42,218,https://www.twitch.tv/videos/2846983680
483a76d7ad1d464aa290606959ddddec,1080,59672,99,53,333,https://www.youtube.com/watch?v=rrB6kzoBsCI,130,83,333,https://www.youtube.com/watch?v=rrB6kzoBsCI,85,40,85,https://www.youtube.com/watch?v=hao724Y0QuM,862,260,197,425,https://www.twitch.tv/videos/2851147433
e0535f2d38f04d26aca33772bccb33b8,1080,70632,0,0,0,,0,0,0,,0,0,0,,2586,453,180,546,https://www.twitch.tv/videos/2855094246
3a963b6901c7467da3d9c8bd74df9da6,1080,50019,51,20,51,https://www.youtube.com/watch?v=YGrztJ8_CxM,51,20,51,https://www.youtube.com/watch?v=YGrztJ8_CxM,0,0,0,,0,0,0,0,
683db9d9b58f4dd883966c82581a7b60,1070,41481,34,15,199,https://www.youtube.com/watch?v=OBAVJtfeRV8,34,15,199,https://www.youtube.com/watch?v=OBAVJtfeRV8,0,0,0,,0,0,0,0,
5396c3113555413f8b8d722d44b413d3,1070,5263,96,56,96,https://www.youtube.com/watch?v=6-msULvTBkI,96,56,96,https://www.youtube.com/watch?v=6-msULvTBkI,0,0,0,,0,0,0,0,
b5d3dfb81219492cb11a34291aab8cc8,1070,32024,0,0,0,,0,0,0,,0,0,0,,0,0,0,0,
85aa19ec73ce4db08ba1bf3d0f1807ce,1070,52407,0,0,0,,0,0,0,,0,0,0,,0,0,0,0,
4d4410bdde7d4107809dc6e1e2ce0e0e,1070,55661,60,28,1107,https://www.youtube.com/watch?v=j7tIYcIu3zs,42,19,60,https://www.youtube.com/watch?v=oCutOPpVgnM,872,716,1107,https://www.youtube.com/watch?v=j7tIYcIu3zs,0,0,0,0,
ce4d344e37cd403cbb5325010144d393,1070,93238,66,31,71,https://www.youtube.com/watch?v=KL4zKF_Wb1A,68,19,71,https://www.youtube.com/watch?v=KL4zKF_Wb1A,66,32,66,https://www.youtube.com/watch?v=y6WX1OhWkxU,1540,255,218,464,https://www.twitch.tv/videos/2846731210
0e9aeecbe8f04a62ab781cf2e520eba0,1070,39471,60,47,60,https://www.youtube.com/watch?v=afc4l7p2gZc,60,47,60,https://www.youtube.com/watch?v=afc4l7p2gZc,0,0,0,,7601,1061,468,142568,https://www.twitch.tv/videos/2858642733
7754a4ea82814b7fbbecfcf459382001,1060,223016,31,22,1291,https://www.youtube.com/watch?v=7nFNJsZdROk,28,18,82,https://www.youtube.com/watch?v=zb-giUwfdBs,351,216,1291,https://www.youtube.com/watch?v=7nFNJsZdROk,2464,195,143,344,https://www.twitch.tv/videos/2855111277
62b7ee328a7b42b0a1da0ab3bc22d1db,1060,180675,66,27,1547,https://www.youtube.com/watch?v=fSEm-38l9lk,61,27,272,https://www.youtube.com/watch?v=edHIIUFEUqg,384,183,1547,https://www.youtube.com/watch?v=fSEm-38l9lk,1261,94,76,157,https://www.twitch.tv/videos/2846837495
15e82a696cfc4d42929e29b0d90955d1,1060,62975,233,61,419,https://www.youtube.com/watch?v=4ng2XfOCeJA,193,105,419,https://www.youtube.com/watch?v=4ng2XfOCeJA,247,9,381,https://www.youtube.com/watch?v=SflzDP6b6TI,0,0,0,0,
62080edda26345efbf8bc2bab0ab4136,1060,31247,0,0,0,,0,0,0,,0,0,0,,0,0,0,0,
f5a99c6ea78e4023b1bc84c1502f432d,1060,48563,69,26,1428,https://www.youtube.com/watch?v=R4qRHr01_SU,49,21,206,https://www.youtube.com/watch?v=cqvL6l8IxlI,732,260,1428,https://www.youtube.com/watch?v=R4qRHr01_SU,869,63,26,202,https://www.twitch.tv/videos/2834417492
837cc45c90974caa9f07699c3899fa7b,1060,50179,45,29,559,https://www.youtube.com/watch?v=KUJhhzWlLgU,44,28,207,https://www.youtube.com/watch?v=__WcIL7J7hw,307,179,559,https://www.youtube.com/watch?v=KUJhhzWlLgU,622,76,70,252,https://www.twitch.tv/videos/2852284722
45baafce0f294208a063a496814b7986,1060,47877,51,36,51,https://www.youtube.com/watch?v=M7EZtDiFEoI,51,36,51,https://www.youtube.com/watch?v=M7EZtDiFEoI,0,0,0,,0,0,0,0,
fe70a0055df1453a82bea6582d3072fa,1060,47246,56,16,58,https://www.youtube.com/watch?v=ssZgbqCEC9U,56,16,58,https://www.youtube.com/watch?v=ssZgbqCEC9U,0,0,0,,0,0,0,0,
4ba065758aa94ce18cfe227cc37b1afe,1060,34605,15,9,20,https://www.youtube.com/watch?v=9ofsOQEBF3E,0,0,0,,15,9,20,https://www.youtube.com/watch?v=9ofsOQEBF3E,3579,634,448,1181,https://www.twitch.tv/videos/2852987072
0a9ce04e6eee4c6d8dde6eb5a0f56c20,1060,18763,0,0,4,https://www.youtube.com/watch?v=v_9PQ4_E5H0,0,0,0,,0,0,4,https://www.youtube.com/watch?v=v_9PQ4_E5H0,0,0,0,0,
0b183e5c128246c0ad5cd5491e8b8c83,1050,320035,201,70,2193,https://www.youtube.com/watch?v=RtdjwSYYJgM,100,38,361,https://www.youtube.com/watch?v=3TjYdhEeHXA,1309,576,2193,https://www.youtube.com/watch?v=RtdjwSYYJgM,0,0,0,0,
b4de9155a5f34284a41224c38e70c67e,1050,55693,0,0,0,,0,0,0,,0,0,0,,43,0,0,0,
f560e7811b454fe489044165c53dba83,1050,62423,65,25,169,https://www.youtube.com/watch?v=yi3Vnay26j4,65,25,169,https://www.youtube.com/watch?v=yi3Vnay26j4,0,0,0,,0,0,0,0,
d792696470b54bd4947a59b10759a636,1050,51974,89,38,129,https://www.youtube.com/watch?v=oPKrl3_Iztg,89,38,129,https://www.youtube.com/watch?v=oPKrl3_Iztg,0,0,0,,0,0,0,0,
4297ecbe09d04698a65f1778f5c16dc4,1040,61158,151,103,1317,https://www.youtube.com/watch?v=4eLHrFcV6Vk,89,27,193,https://www.youtube.com/watch?v=b-e8FqmYLZ8,1113,768,1317,https://www.youtube.com/watch?v=4eLHrFcV6Vk,232,0,0,0,
689dcd8a50ff4a3ead63d3f378c6e28f,1040,18080,222,151,1076,https://www.youtube.com/watch?v=GY0AiffLoMg,213,133,303,https://www.youtube.com/watch?v=O-ghD4hVYeQ,1076,541,1076,https://www.youtube.com/watch?v=GY0AiffLoMg,0,0,0,0,
02fc4a811f9b45b38e94ce75f36a8efa,1040,40928,121,50,5234,https://www.youtube.com/watch?v=xZeeMhws8N4,81,45,143,https://www.youtube.com/watch?v=ROC8Fd_Hae8,358,55,5234,https://www.youtube.com/watch?v=xZeeMhws8N4,0,0,0,0,
d6d4ed41815a4603a028d321d9d14a56,1040,11689,68,4,68,https://www.youtube.com/watch?v=hgmB7QvfcI4,68,4,68,https://www.youtube.com/watch?v=hgmB7QvfcI4,0,0,0,,10,0,0,0,
63d931b5a0374b3fbeef2c565a8db8df,1040,178729,2715,1346,2715,https://www.youtube.com/watch?v=-Jug9JrHdrw,0,0,0,,2715,1346,2715,https://www.youtube.com/watch?v=-Jug9JrHdrw,6483,805,398,1068,https://www.twitch.tv/videos/2838104688
00a208caab334f6daf286ebb92cfd9da,1040,18562,29,26,76,https://www.youtube.com/watch?v=oRqtmTtqTGY,29,26,76,https://www.youtube.com/watch?v=oRqtmTtqTGY,0,0,0,,420,51,27,60,https://www.twitch.tv/videos/2854165004
872b7ddfc20f433f9575e2a762e83c06,1030,53994,129,90,228,https://www.youtube.com/watch?v=KVyTpMKOnBI,129,90,228,https://www.youtube.com/watch?v=KVyTpMKOnBI,0,0,0,,0,0,0,0,
302b50b5cf4844d58868013404b1ec3f,1030,28804,81,28,135,https://www.youtube.com/watch?v=1w541KPDz9k,81,28,135,https://www.youtube.com/watch?v=1w541KPDz9k,0,0,0,,0,0,0,0,
4aee4e4c619a4e2aa8bbc2edce38ccfa,1030,137108,116,52,1612,https://www.youtube.com/watch?v=c0ZVwvSClBA,98,47,304,https://www.youtube.com/watch?v=W9njr5xrD9Y,1084,321,1612,https://www.youtube.com/watch?v=c0ZVwvSClBA,0,0,0,0,
f5ef8ac02db547dd92da5e87717a8dca,1030,38889,180,98,444,https://www.youtube.com/watch?v=Q5Ml2poQWnY,171,98,394,https://www.youtube.com/watch?v=oEgcjizHDt4,392,143,444,https://www.youtube.com/watch?v=Q5Ml2poQWnY,0,0,0,0,
3588ee10f67c4911b544e48223c57c7d,1030,22529,0,0,0,,0,0,0,,0,0,0,,0,0,0,0,
5a1eb09579134895adfa9516611bd925,1030,32876,0,0,0,,0,0,0,,0,0,0,,725,0,0,0,
fb23227395a04a26abe441d1ac7978de,1030,107032,78,35,152,https://www.youtube.com/watch?v=Pev5J5Flp7w,78,35,152,https://www.youtube.com/watch?v=Pev5J5Flp7w,0,0,0,,418,105,76,205,https://www.twitch.tv/videos/2855915507
b5b0001ea8594cd68567ef344ca0bb2e,1030,173381,54,18,90,https://www.youtube.com/watch?v=p-t-YkfLtoA,54,18,90,https://www.youtube.com/watch?v=p-t-YkfLtoA,0,0,0,,0,0,0,0,
d23e5f9f3abf4b36b79c04f5265a8efc,1030,66151,79,38,6568,https://www.youtube.com/watch?v=9l4GIiH_2sw,79,38,165,https://www.youtube.com/watch?v=E8R7DTpY1gg,3318,1886,6568,https://www.youtube.com/watch?v=9l4GIiH_2sw,156,0,0,0,
800b7770ac1d4e4eb62318639ff71b7a,1030,74302,1349,594,1349,https://www.youtube.com/watch?v=pDpqyfLbEsw,0,0,0,,1349,594,1349,https://www.youtube.com/watch?v=pDpqyfLbEsw,0,0,0,0,
7ca8ec94cb4640ccb27719cbfc8a8df0,1020,56574,0,0,0,,0,0,0,,0,0,0,,0,0,0,0,
e2049fd03bea4bf6bfee472e4674021c,1020,161414,98,42,1390,https://www.youtube.com/watch?v=_RtSlu4JCE4,84,31,120,https://www.youtube.com/watch?v=6qkrpxB_Jps,646,466,1390,https://www.youtube.com/watch?v=_RtSlu4JCE4,77,7,5,7,https://www.twitch.tv/videos/2853123629
fc7fa0c5a7604cc8a420ee89472fcac3,1020,34894,229,127,2593,https://www.youtube.com/watch?v=_UasTElhYMU,208,107,469,https://www.youtube.com/watch?v=ZPk4_PT-IEU,1604,441,2593,https://www.youtube.com/watch?v=_UasTElhYMU,1304,0,0,0,
4ba98a2155ad4b4392d8c5d7a51f4964,1020,244913,488,185,1228,https://www.youtube.com/watch?v=aRfZLhQNvXA,488,185,1228,https://www.youtube.com/watch?v=aRfZLhQNvXA,0,0,0,,0,0,0,0,
647a4992105c4f18b92239156e0064fb,1020,26180,0,0,0,,0,0,0,,0,0,0,,144,0,0,0,
a0f657e0538e4269af88094fa1c3dacb,1010,26653,0,0,0,,0,0,0,,0,0,0,,0,0,0,0,
fdb0805c65e24f13b7f23e50e0db8ae2,1010,221969,2332,1695,166774,https://www.youtube.com/watch?v=sHjiIjdbZLM,0,0,0,,2332,1695,166774,https://www.youtube.com/watch?v=sHjiIjdbZLM,9037,1207,766,1391,https://www.twitch.tv/videos/2852255059
c7344bac508b46f2a20c4bb6861f33ab,1010,14339,0,0,0,,0,0,0,,0,0,0,,0,0,0,0,
b1ba066a7bc44c93a4ca264f2144f5bd,1010,39765,37,17,58,https://www.youtube.com/watch?v=SQSKP1Ismyo,37,17,58,https://www.youtube.com/watch?v=SQSKP1Ismyo,0,0,0,,1114,51,29,67,https://www.twitch.tv/videos/2853082446
76f2fa6f1aa44f0a816a01a1b277430a,1010,38282,35,19,166,https://www.youtube.com/watch?v=3dAPhBLmGP0,32,19,114,https://www.youtube.com/watch?v=h-AwpdypV64,166,24,166,https://www.youtube.com/watch?v=3dAPhBLmGP0,61,16,13,16,https://www.twitch.tv/videos/2855132833
4de233ea7dfc4a7da1738ab627babd48,1000,52564,103,37,372,https://www.youtube.com/watch?v=Pm7tF80CLcs,103,37,372,https://www.youtube.com/watch?v=Pm7tF80CLcs,0,0,0,,0,0,0,0,
45d38ce14fb644c0890823d444a33276,1000,2067,0,0,0,,0,0,0,,0,0,0,,0,0,0,0,
3922688ae4b64592b8301430e19fd2ca,1000,105228,198,118,1886,https://www.youtube.com/watch?v=imqhePWCutY,201,135,319,https://www.youtube.com/watch?v=FDN4ub5Q9cU,169,72,1886,https://www.youtube.com/watch?v=imqhePWCutY,428,181,139,896,https://www.twitch.tv/videos/2858567450
7df81b926eec4a998d5ffcd67b59ff5e,1000,32906,78,38,112,https://www.youtube.com/watch?v=qCPzALdq8hw,78,38,112,https://www.youtube.com/watch?v=qCPzALdq8hw,0,0,0,,0,0,0,0,
e46d27918a77488ca5b4144eb1b978df,998,61130,0,0,0,,0,0,0,,0,0,0,,0,0,0,0,
7a0eb6cbe5a94663888ef35a63ab3b5a,994,26837,0,0,0,,0,0,0,,0,0,0,,1451,347,239,376,https://www.twitch.tv/videos/2854061087
c060912477dd414ea79d74adddfb4661,994,65718,16,8,23,https://www.youtube.com/watch?v=udM1pQ9FSU4,0,0,0,,16,8,23,https://www.youtube.com/watch?v=udM1pQ9FSU4,0,0,0,0,
5d29544fdded43d1937166548487394a,992,5718,187,56,187,https://www.youtube.com/watch?v=FthFN0IWTns,0,0,0,,187,56,187,https://www.youtube.com/watch?v=FthFN0IWTns,1856,157,118,638,https://www.twitch.tv/videos/2849121762
78d441a2d6584d078a6ce202238d36b9,992,26460,0,0,0,,0,0,0,,0,0,0,,0,0,0,0,
7003e3e3a24244ffb5ebfbbdc20c97f8,992,27419,148,14,217,https://www.youtube.com/watch?v=sRyGc7A1yCQ,148,14,217,https://www.youtube.com/watch?v=sRyGc7A1yCQ,0,0,0,,0,0,0,0,
9b2edcfdc76748f59576b77524402804,989,60592,0,0,0,,0,0,0,,0,0,0,,0,0,0,0,
6c3a22611ac24eb19cec3bd7c78a8705,988,257151,139,61,647,https://www.youtube.com/watch?v=HaoYo0f61sY,139,61,647,https://www.youtube.com/watch?v=HaoYo0f61sY,0,0,0,,0,0,0,0,
bb56715066e548c297232372a16ab083,986,121440,3,2,1153,https://www.youtube.com/watch?v=dlE5u_4evdg,62,60,62,https://www.youtube.com/watch?v=lHlDdJC_mGQ,3,2,1153,https://www.youtube.com/watch?v=dlE5u_4evdg,2040,0,0,0,
838f883ea01f431f97bfe9dbf3064422,986,37204,0,0,0,,0,0,0,,0,0,0,,106,0,0,0,
32ce3b3861fe4b5a98d5adc9a704bbf1,981,54223,157,106,157,https://www.youtube.com/watch?v=ZXto5DQx74M,157,106,157,https://www.youtube.com/watch?v=ZXto5DQx74M,0,0,0,,137,0,0,0,
107ad23090e649b8935850f3d78ded99,977,45280,273,78,639,https://www.youtube.com/watch?v=xLGhbtcO0dU,196,78,331,https://www.youtube.com/watch?v=8Q7WfjkYxF8,527,101,639,https://www.youtube.com/watch?v=xLGhbtcO0dU,140,0,0,0,
bf195265fa5944d894dc53baf7143645,974,39511,0,0,0,,0,0,0,,0,0,0,,0,0,0,0,
ef0319d27b10495795a5b994bc2249d5,974,104553,129,98,1301,https://www.youtube.com/watch?v=2w-dLiCoLXw,128,84,939,https://www.youtube.com/watch?v=4a1cco5UAz8,646,249,1301,https://www.youtube.com/watch?v=2w-dLiCoLXw,0,0,0,0,
7ca610bac41843a28abba9e947aa9ded,972,53159,1351,1309,1351,https://www.youtube.com/watch?v=9DiN5na04cs,0,0,0,,1351,1309,1351,https://www.youtube.com/watch?v=9DiN5na04cs,3119,343,259,648,https://www.twitch.tv/videos/2857939270
a00240316f524d218d889d00a8b42721,971,97190,89,37,98,https://www.youtube.com/watch?v=RrzwBj4Ar2Y,89,37,98,https://www.youtube.com/watch?v=RrzwBj4Ar2Y,0,0,0,,0,0,0,0,
d709ac4a052b401abfeb8bc5c600e937,971,42038,91,35,667,https://www.youtube.com/watch?v=JtxY2GRVPB8,91,31,316,https://www.youtube.com/watch?v=OpK4Ghb0LMY,499,326,667,https://www.youtube.com/watch?v=JtxY2GRVPB8,806,0,0,0,
ab2e7fbd11784f96aa9cf599786f8bf1,970,76769,0,0,0,,0,0,0,,0,0,0,,0,0,0,0,
becdcbab308f4fa18540982596eebbd5,964,9759,0,0,0,,0,0,0,,0,0,0,,7932,654,309,1678,https://www.twitch.tv/videos/2840308481
dc0868efeac540bfac9b383bd65a82e6,960,28889,148,121,1179,https://www.youtube.com/watch?v=IWJ5n4Km_xw,148,121,1179,https://www.youtube.com/watch?v=IWJ5n4Km_xw,0,0,0,,0,0,0,0,
9959d43cae9b49dbbcd666f742322b4a,960,36827,63,23,447,https://www.youtube.com/watch?v=AlMO7tXMXAo,55,24,447,https://www.youtube.com/watch?v=AlMO7tXMXAo,231,8,231,https://www.youtube.com/watch?v=KHhE0uceUGc,643,21,14,41,https://www.twitch.tv/videos/2849594023
7a160bd129144664804dd3fc08fceeb1,959,22068,0,0,0,,0,0,0,,0,0,0,,8385,944,605,2031,https://www.twitch.tv/videos/2840416165
54e70d7cc2fb4c6da0d833519331c770,956,129590,840,572,1542,https://www.youtube.com/watch?v=aasp7ghKETQ,0,0,0,,840,572,1542,https://www.youtube.com/watch?v=aasp7ghKETQ,2741,286,242,468,https://www.twitch.tv/videos/2850393383
027dc46502ee4350ba597000191659ae,956,42002,274,78,3363,https://www.youtube.com/watch?v=kT4Ei9KJTuI,167,32,1067,https://www.youtube.com/watch?v=W2gbBSNF4Lw,921,245,3363,https://www.youtube.com/watch?v=kT4Ei9KJTuI,73,11,9,11,https://www.twitch.tv/videos/2856963337
06a61409f4334b0eb8a5f647b819c78b,953,73770,23,13,44,https://www.youtube.com/watch?v=Ewsb1wAAn9o,41,19,44,https://www.youtube.com/watch?v=Ewsb1wAAn9o,13,8,19,https://www.youtube.com/watch?v=s1n1tu6u0zw,0,0,0,0,
a5647aba47dc4bb48eaa0cde6de7c6bd,953,41201,0,0,0,,0,0,0,,0,0,0,,0,0,0,0,
d1d879cfccf7411296dcc765ca40e39c,952,143537,859,493,4192,https://www.youtube.com/watch?v=P4TVZdA33-4,0,0,0,,859,493,4192,https://www.youtube.com/watch?v=P4TVZdA33-4,1576,95,67,152,https://www.twitch.tv/videos/2856895868
acc708b79f1c4e388466b407387e7cb5,951,138603,49,14,64,https://www.youtube.com/watch?v=5OSWtA6EbPI,49,14,64,https://www.youtube.com/watch?v=5OSWtA6EbPI,0,0,0,,0,0,0,0,
7717bc233e7a4670926195acf69709d4,950,45921,0,0,0,,0,0,0,,0,0,0,,1479,0,0,0,
b5ff000d6dd74683b17965294f1c4bf7,949,31709,0,0,0,,0,0,0,,0,0,0,,768,0,0,0,
453cbd84364b42d8ac11cef8d3d63bd1,949,26215,129,85,1061,https://www.youtube.com/watch?v=SE0rbN29Mjw,0,0,0,,129,85,1061,https://www.youtube.com/watch?v=SE0rbN29Mjw,0,0,0,0,
8a5468bc4c7d44989e5ee4864a9b941a,948,87192,84,25,97,https://www.youtube.com/watch?v=_Vria3gTSXM,84,25,97,https://www.youtube.com/watch?v=_Vria3gTSXM,0,0,0,,0,0,0,0,
b2e19555d1f441a8a0e3f53b6507863e,947,52051,64,37,103,https://www.youtube.com/watch?v=MnGpaiQMoFg,64,37,103,https://www.youtube.com/watch?v=MnGpaiQMoFg,0,0,0,,112,0,0,0,
c747687c19704747b4cae2d4d5715aa0,947,46078,1515,775,1769,https://www.youtube.com/watch?v=QZZ9fCZ6M8c,0,0,0,,1515,775,1769,https://www.youtube.com/watch?v=QZZ9fCZ6M8c,4260,288,193,345,https://www.twitch.tv/videos/2848701332
995bff308e7f4df3aa33305fc0ddde8e,944,39791,0,0,0,,0,0,0,,0,0,0,,0,0,0,0,
80b6efc8007f4f6d84ce2f93862ae319,943,120532,119,75,842,https://www.youtube.com/watch?v=27dmC1pk21U,119,75,842,https://www.youtube.com/watch?v=27dmC1pk21U,0,0,0,,0,0,0,0,
23af2b94549e42c282ec0d6eecf01102,941,34861,0,0,0,,0,0,0,,0,0,0,,2513,206,117,245,https://www.twitch.tv/videos/2854214387
179eb3fd3fb34ffe93859dd945b1b3a6,939,4453,0,0,0,,0,0,0,,0,0,0,,0,0,0,0,
08268c9de16e423381e351aeef8f7ffb,938,30576,135,53,159,https://www.youtube.com/watch?v=WTyJzmCQ_dc,135,53,159,https://www.youtube.com/watch?v=WTyJzmCQ_dc,0,0,0,,0,0,0,0,
e3021481a8d247a5a9a5bf0a29399673,937,144802,77,64,77,https://www.youtube.com/watch?v=1LxVmqmnTbI,77,64,77,https://www.youtube.com/watch?v=1LxVmqmnTbI,0,0,0,,0,0,0,0,
d2c5b1c430fa45c8b9be0b8be65d8a6b,936,12923,179,115,1203,https://www.youtube.com/watch?v=2WO5gH1ZRO0,160,110,633,https://www.youtube.com/watch?v=CzhuKqPWuxo,379,166,1203,https://www.youtube.com/watch?v=2WO5gH1ZRO0,383,0,0,0,
1ee3a662da8a439887a931727cb07317,935,101147,0,0,0,,0,0,0,,0,0,0,,0,0,0,0,
ecbe9a46c7ec4f3d8fe217012c39d490,934,407798,0,0,0,,0,0,0,,0,0,0,,0,0,0,0,
db67d9cacbcf4797ba2d41a6d115e2ff,930,50600,80,31,80,https://www.youtube.com/watch?v=Z90qENanu-s,80,31,80,https://www.youtube.com/watch?v=Z90qENanu-s,0,0,0,,0,0,0,0,
5f8e197a06bc453e8d9e0a1c6cb92f1c,930,74876,376,246,2126,https://www.youtube.com/watch?v=om6DzZYmACs,0,0,0,,376,246,2126,https://www.youtube.com/watch?v=om6DzZYmACs,1672,113,76,202,https://www.twitch.tv/videos/2851385210
7aeffe1ba0c443d5aa4721247b801593,927,125614,0,0,0,,0,0,0,,0,0,0,,0,0,0,0,
d26893447610406da66ee14abfbd5868,926,30040,96,13,96,https://www.youtube.com/watch?v=CeiHszkvr0s,96,13,96,https://www.youtube.com/watch?v=CeiHszkvr0s,0,0,0,,0,0,0,0,
d8b0b4e36c614d328620461a295572a1,923,53365,80,41,141,https://www.youtube.com/watch?v=f8Q068BL0f8,80,41,141,https://www.youtube.com/watch?v=f8Q068BL0f8,0,0,0,,147,0,0,0,
44332b31031149f5bd411f415cbb531e,923,26183,0,0,0,,0,0,0,,0,0,0,,217,0,0,0,
07f20f05bef0432e8644e1bee798ef46,923,51971,315,162,1784,https://www.youtube.com/watch?v=LzJXOzxQCMI,209,77,543,https://www.youtube.com/watch?v=G0WNLvNXSQ0,1546,825,1784,https://www.youtube.com/watch?v=LzJXOzxQCMI,0,0,0,0,
899e5f40cf7f49a8808969866758779e,922,49293,326,150,1029,https://www.youtube.com/watch?v=5FBvr0NZS8g,207,131,445,https://www.youtube.com/watch?v=RlBD5GYs4n0,1029,168,1029,https://www.youtube.com/watch?v=5FBvr0NZS8g,272,132,90,144,https://www.twitch.tv/videos/2850320862
7f43dbf571c44e04a7a471b9e7296a8a,918,38774,0,0,0,,0,0,0,,0,0,0,,0,0,0,0,
0a67a8d822094ca3a59963f0fac8798a,917,37925,131,75,283,https://www.youtube.com/watch?v=tyfk3l6rDYc,141,84,283,https://www.youtube.com/watch?v=tyfk3l6rDYc,102,27,102,https://www.youtube.com/watch?v=ES-QJj-nJ68,0,0,0,0,
899208f999aa4121ae2b67abb3190674,915,21183,1307,597,1492,https://www.youtube.com/watch?v=OVP3R6a0JD8,0,0,0,,1307,597,1492,https://www.youtube.com/watch?v=OVP3R6a0JD8,4549,1440,893,1915,https://www.twitch.tv/videos/2855705494
743ceb55869042b9bee1f48fe0be13fb,914,33527,0,0,0,,0,0,0,,0,0,0,,1500,0,0,0,
b93b5ffedc3f4310af888462d65e4082,913,46710,0,0,0,,0,0,0,,0,0,0,,207,0,0,0,
a2ee4a74f9ca40f5b6218de51736b9c8,912,53773,45,17,74,https://www.youtube.com/watch?v=Q9Hyn4-_QJo,45,17,74,https://www.youtube.com/watch?v=Q9Hyn4-_QJo,0,0,0,,0,0,0,0,
58374cba861d4267a84ad689bb6ce91a,906,41276,49,40,71,https://www.youtube.com/watch?v=ZlrHzTh6QF4,52,44,71,https://www.youtube.com/watch?v=ZlrHzTh6QF4,12,6,13,https://www.youtube.com/watch?v=px4K7YblIcs,0,0,0,0,
5c5880d994854afbbea0a35716bce186,905,31559,25,12,28,https://www.youtube.com/watch?v=aWLe7sctNUY,25,12,28,https://www.youtube.com/watch?v=aWLe7sctNUY,0,0,0,,2012,0,0,0,
b9b727200b664a98bc1a8fd76d3cdb9c,904,22969,0,0,0,,0,0,0,,0,0,0,,0,0,0,0,
4dcc1a1d70224d95b48a64543a38e10d,903,76022,98,26,121,https://www.youtube.com/watch?v=5-XLgJA0-tc,98,26,121,https://www.youtube.com/watch?v=5-XLgJA0-tc,0,0,0,,95,108,32,110,https://www.twitch.tv/videos/2839633214
8e2559d9a7714ecd9cb0448b4d28f8d2,903,26209,0,0,0,,0,0,0,,0,0,0,,4975,170,90,263,https://www.twitch.tv/videos/2854077811
dc9cd2bc942d427d8cc73370d1194f9e,898,101059,155,109,1710,https://www.youtube.com/watch?v=IWO7_FTjG2g,127,71,384,https://www.youtube.com/watch?v=8lVpgum2rb0,1057,332,1710,https://www.youtube.com/watch?v=IWO7_FTjG2g,0,0,0,0,
9fb9fe13bf124da3a1affb24c5bba5e2,897,29933,0,0,0,,0,0,0,,0,0,0,,0,0,0,0,
d3ac18bfe0984394a6fe19319a36b412,897,66231,235,52,1488,https://www.youtube.com/watch?v=h3btp2UpRmY,100,36,126,https://www.youtube.com/watch?v=2P1JPnt8Rbw,1190,318,1488,https://www.youtube.com/watch?v=h3btp2UpRmY,0,0,0,0,
607a7be9721741c48e2901609c294ada,894,0,0,0,0,,0,0,0,,0,0,0,,1499,0,0,0,
6c3eeb48b7764f11804ff8110d5d990b,893,99132,63,34,75,https://www.youtube.com/watch?v=DVlpt-jR4Ig,0,0,0,,63,34,75,https://www.youtube.com/watch?v=DVlpt-jR4Ig,0,0,0,0,
8c0ff863d66348898311ee83d16257b5,891,29483,22,8,34,https://www.youtube.com/watch?v=FVEnGq3YdpY,22,8,34,https://www.youtube.com/watch?v=FVEnGq3YdpY,0,0,0,,207,51,27,51,https://www.twitch.tv/videos/2846932442
f461b26ba47b4e37a90d2ca4fa5fa329,886,26017,0,0,0,,0,0,0,,0,0,0,,0,0,0,0,
521477be11a44c43b063b394757b2342,880,56865,44,36,163,https://www.youtube.com/watch?v=YEm8FWEHEuI,44,36,163,https://www.youtube.com/watch?v=YEm8FWEHEuI,0,0,0,,0,0,0,0,
9ed7a28dd35e4e1c9400af811f6a284c,879,17101,0,0,0,,0,0,0,,0,0,0,,838,0,0,0,
490d50310ffe4de4aac9c6368b49a0aa,877,36988,21,1,35,https://www.youtube.com/watch?v=LbbWAalouZs,0,0,0,,21,1,35,https://www.youtube.com/watch?v=LbbWAalouZs,0,0,0,0,
f5260b1a196a43f8b4aff1cc742a67f4,874,53778,39,10,192,https://www.youtube.com/watch?v=G1rt4tkl4P0,68,23,192,https://www.youtube.com/watch?v=G1rt4tkl4P0,14,7,16,https://www.youtube.com/watch?v=svX3nav2030,203,63,39,75,https://www.twitch.tv/videos/2846738494
fcf611e0ddc5474b9836eb8aa2fe1d24,870,80066,106,41,183,https://www.youtube.com/watch?v=x6AHkrOLlWk,113,44,183,https://www.youtube.com/watch?v=x6AHkrOLlWk,6,2,7,https://www.youtube.com/watch?v=9HAtQ7qfOEI,0,0,0,0,
45e104a6eabe4967a6cb84e720dd8e74,869,42455,2,0,3,https://www.youtube.com/watch?v=ThMpVL2h0Ds,0,0,0,,2,0,3,https://www.youtube.com/watch?v=ThMpVL2h0Ds,1894,135,39,238,https://www.twitch.tv/videos/2851401318
d12c381ce5044844ad4bd624085026bc,869,136739,114,51,362,https://www.youtube.com/watch?v=EaEHBvDKTC4,114,51,362,https://www.youtube.com/watch?v=EaEHBvDKTC4,0,0,0,,415,0,0,0,
e099cf09b8674b988f17828aab2f7d86,867,23304,240,48,240,https://www.youtube.com/watch?v=U9pH_FOpDUA,0,0,0,,240,48,240,https://www.youtube.com/watch?v=U9pH_FOpDUA,716,280,188,280,https://www.twitch.tv/videos/2850483916
f9247dd02dd24e209eba623edcd8354b,866,57071,0,0,0,,0,0,0,,0,0,0,,519,0,0,0,
a26891359b444900956f04bc1b8f5faa,866,28654,0,0,0,,0,0,0,,0,0,0,,298,0,0,0,
b3fb28fe6a0e4fcfb8014e7a4070ca09,865,56743,35,5,49,https://www.youtube.com/watch?v=zVs_rErirfM,35,5,49,https://www.youtube.com/watch?v=zVs_rErirfM,0,0,0,,0,0,0,0,
61c75f9fbf044b54872197eec7c9bafa,865,289211,151,96,620,https://www.youtube.com/watch?v=lZGdS6DJ3Cg,83,16,151,https://www.youtube.com/watch?v=_JlTUAov7WI,474,239,620,https://www.youtube.com/watch?v=lZGdS6DJ3Cg,0,0,0,0,
29d8d144d6a24ff28476d25306286836,864,145984,0,0,0,,0,0,0,,0,0,0,,2020,1436,160,1997,https://www.twitch.tv/videos/2836776155
8774553046cb47a9b5165c15feb01e84,864,34350,60,25,343,https://www.youtube.com/watch?v=62IwTn4Zi_U,60,25,343,https://www.youtube.com/watch?v=62IwTn4Zi_U,0,0,0,,823,216,186,216,https://www.twitch.tv/videos/2855855715
405cf0a502a6496bacfe7e49647e7e28,860,44251,45,19,423,https://www.youtube.com/watch?v=jgoFkAoLkEc,45,21,423,https://www.youtube.com/watch?v=jgoFkAoLkEc,35,12,171,https://www.youtube.com/watch?v=zwf_smSEOq8,2359,219,164,629,https://www.twitch.tv/videos/2853506322
7b3809e085754d52aee99d1fcc980eaf,858,40319,87,71,87,https://www.youtube.com/watch?v=GUFRIJC_YR4,87,71,87,https://www.youtube.com/watch?v=GUFRIJC_YR4,0,0,0,,0,0,0,0,
a1c3335026d44b99b9abb8c6aaba3968,857,20837,0,0,0,,0,0,0,,0,0,0,,629,0,0,0,
ab24c13e4bff4ff8909a7650260f8b19,857,41930,101,44,696,https://www.youtube.com/watch?v=OCQkna9h0k0,101,44,358,https://www.youtube.com/watch?v=rgJpfpRBz2g,365,172,696,https://www.youtube.com/watch?v=OCQkna9h0k0,0,0,0,0,
415ca337b1104450acbed1eb046c0a58,856,88553,17,5,17,https://www.youtube.com/watch?v=EXMkHkmQFPs,17,5,17,https://www.youtube.com/watch?v=EXMkHkmQFPs,0,0,0,,270,0,0,0,
c22cb6790eaf4fcc8ac47633e0ab6c49,854,36685,109,77,1255,https://www.youtube.com/watch?v=vs3RzdwboWE,79,37,362,https://www.youtube.com/watch?v=nNLv9Nu1VrY,881,296,1255,https://www.youtube.com/watch?v=vs3RzdwboWE,343,61,37,144,https://www.twitch.tv/videos/2853121200
5862e8e7c5fd4261af093cec20b40300,853,39358,156,92,156,https://www.youtube.com/watch?v=YFq427xEIlc,156,92,156,https://www.youtube.com/watch?v=YFq427xEIlc,0,0,0,,0,0,0,0,
f7c5ff874d1d4528a36c0a54d27017a3,853,67619,151,68,522,https://www.youtube.com/watch?v=OVT2-SVd54k,151,68,522,https://www.youtube.com/watch?v=OVT2-SVd54k,0,0,0,,0,0,0,0,
9124a5ccacc44fb68b5b1d5697e3fb90,852,22604,76,22,111,https://www.youtube.com/watch?v=gOkuifR9y6E,76,22,111,https://www.youtube.com/watch?v=gOkuifR9y6E,0,0,0,,0,0,0,0,
f5a37da60cb74069a7dc13867404521f,848,69308,1207,644,1380,https://www.youtube.com/watch?v=w-SnofRsxbg,0,0,0,,1207,644,1380,https://www.youtube.com/watch?v=w-SnofRsxbg,0,0,0,0,
9cfe61128e134f8dad9bb6ebf568cd71,848,20370,3,1,10,https://www.youtube.com/watch?v=VUgJiHKV-3Y,0,0,0,,3,1,10,https://www.youtube.com/watch?v=VUgJiHKV-3Y,1287,124,78,141,https://www.twitch.tv/videos/2855875544
3f3abaed158f420e84f9d1d5f4492b1d,848,65212,38,22,128,https://www.youtube.com/watch?v=tJm-AVkXLf0,38,22,128,https://www.youtube.com/watch?v=tJm-AVkXLf0,0,0,0,,676,44,35,78,https://www.twitch.tv/videos/2847757417
4f20e15637644c409c850ced48bb33dd,847,44756,162,51,1107,https://www.youtube.com/watch?v=MimVSgSTDyU,149,45,396,https://www.youtube.com/watch?v=wxMH8rto-Fg,696,566,1107,https://www.youtube.com/watch?v=MimVSgSTDyU,0,0,0,0,
aef2ed42d49343f28394b6335695b5ac,845,434207,1,0,7,https://www.youtube.com/watch?v=GcuC0wVo5No,0,0,0,,1,0,7,https://www.youtube.com/watch?v=GcuC0wVo5No,3061,172,138,350,https://www.twitch.tv/videos/2847307856
e80414fcc37b4d818ccf9dddb23cb452,845,17344,0,0,0,,0,0,0,,0,0,0,,4294,824,263,1374,https://www.twitch.tv/videos/2841351814
27b10e5896e34e8d841f1605792b96c9,845,40070,0,0,0,,0,0,0,,0,0,0,,451,0,0,0,
370f66a57c0341b0adef5bcbad64ff90,845,47599,12,4,70,https://www.youtube.com/watch?v=K3JfratNcb0,0,0,0,,12,4,70,https://www.youtube.com/watch?v=K3JfratNcb0,0,0,0,0,
f36c774fbf4847e1afdf66a1e4806ea3,844,20659,0,0,0,,0,0,0,,0,0,0,,2584,612,331,743,https://www.twitch.tv/videos/2855762162
728094029eab434ca60a99e4d1a139c7,842,126056,142,50,230,https://www.youtube.com/watch?v=np1jUC1dACs,154,55,230,https://www.youtube.com/watch?v=np1jUC1dACs,44,41,44,https://www.youtube.com/watch?v=RpzZ_NFI7lI,5,0,0,0,
3a30426a65fe450bbef138fd8ba35f1e,842,70296,165,83,438,https://www.youtube.com/watch?v=z5ziDLhs9jg,165,83,438,https://www.youtube.com/watch?v=z5ziDLhs9jg,0,0,0,,0,0,0,0,
7a0c5fe0fe2f4427afe500c85ec958cb,842,46618,0,0,0,,0,0,0,,0,0,0,,0,0,0,0,
6c5d547cdebf4daf813ac8b66c9fb873,840,35728,172,12,220,https://www.youtube.com/watch?v=4yJsSXXHLf8,0,0,0,,172,12,220,https://www.youtube.com/watch?v=4yJsSXXHLf8,0,0,0,0,
a753be70dd194989835b604e4b249363,836,31179,0,0,0,,0,0,0,,0,0,0,,653,0,0,0,
3e4c23394dde46f58f89cba536b208d5,835,24223,62,27,141,https://www.youtube.com/watch?v=aZbCzoMmqD4,62,27,141,https://www.youtube.com/watch?v=aZbCzoMmqD4,0,0,0,,0,0,0,0,
23dda65e497d4888b87db304533b8138,834,14106,0,0,0,,0,0,0,,0,0,0,,5493,714,259,1783,https://www.twitch.tv/videos/2854772419
399a496d028447a58924b2660d0fc187,834,201,0,0,0,,0,0,0,,0,0,0,,0,0,0,0,
87e1b5eec62040118b6bd49efbe5d61c,833,72054,116,54,616,https://www.youtube.com/watch?v=NyTiX7N6ZT4,83,52,155,https://www.youtube.com/watch?v=XWhiT2_ARws,258,69,616,https://www.youtube.com/watch?v=NyTiX7N6ZT4,445,144,104,147,https://www.twitch.tv/videos/2848697092
29e2c3ae8e4d48f29fb3b89c463abb1c,832,75981,1365,288,2110,https://www.youtube.com/watch?v=isaaSaSteG4,0,0,0,,1365,288,2110,https://www.youtube.com/watch?v=isaaSaSteG4,2890,296,128,526,https://www.twitch.tv/videos/2833528802
66ab3e28c90a428bb98100cd9119a4e9,831,35187,126,55,1182,https://www.youtube.com/watch?v=JIDKqGdPMV8,126,55,1182,https://www.youtube.com/watch?v=JIDKqGdPMV8,0,0,0,,0,0,0,0,
77f4700c452c4200a4e62effa2884b4a,826,33390,0,0,0,,0,0,0,,0,0,0,,707,0,0,0,
d44dc8542b4f4dacab8f54b7e3483728,825,41314,66,15,169,https://www.youtube.com/watch?v=npVXLxq_2iM,66,15,169,https://www.youtube.com/watch?v=npVXLxq_2iM,0,0,0,,0,0,0,0,
6d144d78d2284fbcafa2428a5d132733,820,26984,0,0,0,,0,0,0,,0,0,0,,706,0,0,0,
2a2b7990365f4a1bb1d8acf1ae0f2f32,818,307342,38,20,298,https://www.youtube.com/watch?v=_4OmoZs296k,38,20,298,https://www.youtube.com/watch?v=_4OmoZs296k,23,18,46,https://www.youtube.com/watch?v=TCpUJPCV2Yo,150,6,5,16,https://www.twitch.tv/videos/2856902112
0aa8c41f04bf4f12b9a8281353ea448a,815,35972,0,0,0,,0,0,0,,0,0,0,,4753,0,0,0,
686fa700c1ee4d179ed277d5b101f8a4,814,27843,0,0,0,,0,0,0,,0,0,0,,0,0,0,0,
cf38ee666e104dce949c195f5ac58da2,814,326284,58,26,291,https://www.youtube.com/watch?v=SR0kQHpJPhA,58,26,291,https://www.youtube.com/watch?v=SR0kQHpJPhA,0,0,0,,0,0,0,0,
23354f18e2a94c9187fd0560fd874eeb,813,28088,117,0,117,https://www.youtube.com/watch?v=q90qCBX84B0,0,0,0,,117,0,117,https://www.youtube.com/watch?v=q90qCBX84B0,1684,52,48,593,https://www.twitch.tv/videos/2851077899
a0dbf7095446402ea77b11d8cced5a4b,812,47992,0,0,0,,0,0,0,,0,0,0,,0,0,0,0,
3353f8693d7b4caa82abeb2de3d89815,810,29847,51,24,1473,https://www.youtube.com/watch?v=jW4ZMKvmNpc,50,22,116,https://www.youtube.com/watch?v=0eniWXX_vYs,1473,147,1473,https://www.youtube.com/watch?v=jW4ZMKvmNpc,2228,264,147,692,https://www.twitch.tv/videos/2835170875
c639c0dba4504221bfec50cf787f395d,810,27477,0,0,0,,0,0,0,,0,0,0,,1164,97,51,137,https://www.twitch.tv/videos/2835245258
5f6dcf3b9b71405498aa07a2b80cb5ec,810,139849,16,7,43,https://www.youtube.com/watch?v=sJE63oDSwfc,0,0,0,,16,7,43,https://www.youtube.com/watch?v=sJE63oDSwfc,1316,199,158,271,https://www.twitch.tv/videos/2856997691
4bc6acb333e44156a9caab3234fa11f5,807,49199,146,52,683,https://www.youtube.com/watch?v=4YAdZHeWdk0,136,50,683,https://www.youtube.com/watch?v=4YAdZHeWdk0,380,183,468,https://www.youtube.com/watch?v=1vwJ1DRq6N0,0,0,0,0,
0a55a882e4ae4a1e9c1e77ea001aa91b,807,104576,0,0,0,,0,0,0,,0,0,0,,1493,0,0,0,
5896bb30994d4416ad7e252642135194,800,69027,112,54,141,https://www.youtube.com/watch?v=JyaVjciIUGU,124,75,141,https://www.youtube.com/watch?v=JyaVjciIUGU,74,42,103,https://www.youtube.com/watch?v=WkMheFvyClA,0,0,0,0,
30bc516401f24514aaecce081979ab50,799,14558,0,0,0,,0,0,0,,0,0,0,,0,0,0,0,
80ae039e7c3e4e90b6b3994ead599307,799,57932,0,0,0,,0,0,0,,0,0,0,,0,0,0,0,
13a3d049cda44b9e8da24006e642dd78,797,24930,0,0,0,,0,0,0,,0,0,0,,2762,0,0,0,
29a3d514ca274f6fb966f9d70bed4b52,796,77786,0,0,0,,0,0,0,,0,0,0,,839,154,116,322,https://www.twitch.tv/videos/2854016491
2971554445614cfaaccddd9cde93c599,795,23341,396,372,530,https://www.youtube.com/watch?v=r3YXbRPUWs0,0,0,0,,396,372,530,https://www.youtube.com/watch?v=r3YXbRPUWs0,1169,169,110,662,https://www.twitch.tv/videos/2849898411
c2b2f9bf0228445289b8791110b340ec,795,366197,0,0,0,,0,0,0,,0,0,0,,97,0,0,0,
5cdecbd7413e4c9e9cb56373a186ccec,793,19690,34,8,55,https://www.youtube.com/watch?v=Z3rfkIBXs2o,34,8,55,https://www.youtube.com/watch?v=Z3rfkIBXs2o,0,0,0,,462,60,47,78,https://www.twitch.tv/videos/2856889717
e888326df83d41f680960f24bb55c670,790,16279,0,0,0,,0,0,0,,0,0,0,,0,0,0,0,
40bb881e52be4d8b9c66a60be89e0504,790,53714,62,36,110,https://www.youtube.com/watch?v=lgmpDXJvWUk,58,33,85,https://www.youtube.com/watch?v=SMH4IPAFgMc,110,51,110,https://www.youtube.com/watch?v=lgmpDXJvWUk,0,0,0,0,
1594067d444e4a53abb95bc1aa40e6db,788,26106,0,0,0,,0,0,0,,0,0,0,,499,20,19,34,https://www.twitch.tv/videos/2853252083
3034b51ec8ad439fa7033773a72a5c4a,787,0,0,0,0,,0,0,0,,0,0,0,,3271,0,0,0,
c3e1a96f96334696af38e93fa8178085,785,46670,0,0,0,https://www.youtube.com/watch?v=PQnffbYoi_E,0,0,0,,0,0,0,https://www.youtube.com/watch?v=PQnffbYoi_E,1263,0,0,0,
943129b96d2341bcb7b25a66c9da2354,785,33744,388,168,388,https://www.youtube.com/watch?v=bK7kQS5MCYk,0,0,0,,388,168,388,https://www.youtube.com/watch?v=bK7kQS5MCYk,16542,1166,456,1214,https://www.twitch.tv/videos/2846035046
8a19d25c92fe4b3194f1211d503d6d4d,784,73190,5692,3038,5692,https://www.youtube.com/watch?v=8_1p57YOFWo,0,0,0,,5692,3038,5692,https://www.youtube.com/watch?v=8_1p57YOFWo,0,0,0,0,
60da3bb357d64f998006b8ca3043fd00,781,33778,153,42,292,https://www.youtube.com/watch?v=CCaHXvwhrJ0,153,42,292,https://www.youtube.com/watch?v=CCaHXvwhrJ0,0,0,0,,0,0,0,0,
f0afa83a8d2d4cc6bb9eb80655bbe40d,781,12741,0,0,0,,0,0,0,,0,0,0,,0,0,0,0,
6ac39c9c814e4dfe9c2294345a2a3e9c,781,59329,90,52,1317,https://www.youtube.com/watch?v=fQupyNJzzDw,75,37,261,https://www.youtube.com/watch?v=mYm442sO990,1317,1173,1317,https://www.youtube.com/watch?v=fQupyNJzzDw,1517,21,20,21,https://www.twitch.tv/videos/2858677067
7342482fda6d40f98e078505a24825d4,776,41089,120,9,120,https://www.youtube.com/watch?v=Y05CU3XKqnI,120,9,120,https://www.youtube.com/watch?v=Y05CU3XKqnI,0,0,0,,0,0,0,0,
968f0b8c521942d6939234c70f49747a,775,23999,0,0,0,,0,0,0,,0,0,0,,1953,320,218,332,https://www.twitch.tv/videos/2854045704
17946118c2d641819c847aba0c491e13,772,5570,0,0,0,,0,0,0,,0,0,0,,5536,3484,670,5665,https://www.twitch.tv/videos/2836975665
5298121274154e4b9154e8ac47d98beb,770,50988,64,41,793,https://www.youtube.com/watch?v=q3G7Y0v6PgE,57,40,157,https://www.youtube.com/watch?v=HfiWun20Rnw,127,51,793,https://www.youtube.com/watch?v=q3G7Y0v6PgE,0,0,0,0,
e83a22c584774763a3b91d557141604d,769,10103,0,0,0,,0,0,0,,0,0,0,,2055,701,582,701,https://www.twitch.tv/videos/2854973004
1d1e155c827e4ed2a0596c256983c22d,768,4406,2,0,2,https://www.youtube.com/watch?v=55z571LiC5s,0,0,0,,2,0,2,https://www.youtube.com/watch?v=55z571LiC5s,2388,0,0,0,
8c59e356f1564e068e1c81ac7de1a4e3,766,34499,0,0,0,,0,0,0,,0,0,0,,0,0,0,0,
0591345aa6634a73ac41f08af6d4e06e,765,38749,43,11,108,https://www.youtube.com/watch?v=XI1AeC1ntaA,47,11,108,https://www.youtube.com/watch?v=XI1AeC1ntaA,39,11,39,https://www.youtube.com/watch?v=uZQTkzoDyfU,0,0,0,0,
a22035a68721415e830d1d7b8ffd172d,765,11486,0,0,0,,0,0,0,,0,0,0,,1827,0,0,0,
de6ab52e6aca42d2ab88274244e772fc,764,26068,0,0,0,,0,0,0,,0,0,0,,0,0,0,0,
1a39f2817a8d4b2d941677c2a07e896a,763,97318,70,24,688,https://www.youtube.com/watch?v=ZNfB_KTd1eo,54,24,103,https://www.youtube.com/watch?v=kFg9Kx9YHss,688,317,688,https://www.youtube.com/watch?v=ZNfB_KTd1eo,0,0,0,0,
3a932cc8813343b6bb5d822cb2f53558,760,42385,0,0,0,,0,0,0,,0,0,0,,3222,0,0,0,
acc6cc72bdb74a74a719cc41baf0aade,758,29911,42,17,146,https://www.youtube.com/watch?v=ZWn9joh0esE,42,17,62,https://www.youtube.com/watch?v=SEwNCPI4DmM,76,29,146,https://www.youtube.com/watch?v=ZWn9joh0esE,0,0,0,0,
8f4142c5ead94656b4744b425d800fb8,758,112594,52,14,965,https://www.youtube.com/watch?v=3MQyX4EhKPo,52,14,965,https://www.youtube.com/watch?v=3MQyX4EhKPo,0,0,0,,0,0,0,0,
3204abe8247b45f08481bef65884ebc3,758,2988,0,0,0,,0,0,0,,0,0,0,,1351,56,55,86,https://www.twitch.tv/videos/2850163754
fb72bfcead034da2abef22637e7b2b3c,757,46832,196,39,196,https://www.youtube.com/watch?v=ZuD0TRYXpPM,0,0,0,,196,39,196,https://www.youtube.com/watch?v=ZuD0TRYXpPM,1523,54,48,68,https://www.twitch.tv/videos/2856026593
945e26a69e2145219406bf2ca0d59554,756,21555,0,0,0,,0,0,0,,0,0,0,,735,62,41,136,https://www.twitch.tv/videos/2853101938
7531ceacd52e43b4a29ba4dc18a3f56c,755,43044,281,25,1047,https://www.youtube.com/watch?v=Disr5rqBQn4,0,0,0,,281,25,1047,https://www.youtube.com/watch?v=Disr5rqBQn4,1909,133,62,249,https://www.twitch.tv/videos/2849420243
9539cc114b7648efb72bafc3a7358ae6,752,0,0,0,0,,0,0,0,,0,0,0,,1920,0,0,0,
a666cf6707d14cdbbe6581a8964aabd0,746,21372,0,0,0,,0,0,0,,0,0,0,,863,0,0,0,
68f424a416ad426faa8b01b78f47b3e3,744,0,0,0,0,,0,0,0,,0,0,0,,0,0,0,0,
00de1290ff0a4edda4db0385a6ba3300,744,15867,258,160,471,https://www.youtube.com/watch?v=VylR-p1aizo,0,0,0,,258,160,471,https://www.youtube.com/watch?v=VylR-p1aizo,1836,190,141,261,https://www.twitch.tv/videos/2846874052
2103bcf7923d4f74b2d043bffef71cc1,743,34405,27,8,27,https://www.youtube.com/watch?v=aWkIfY5UaFA,27,8,27,https://www.youtube.com/watch?v=aWkIfY5UaFA,0,0,0,,0,0,0,0,
c26ea894da5741df9e1bc62044f6bce7,742,0,0,0,0,,0,0,0,,0,0,0,,261,0,0,0,
a2f9fd3568f3467aa35e411dbde1ab45,741,42394,15,11,22,https://www.youtube.com/watch?v=h7oVlw_y3gE,0,0,0,,15,11,22,https://www.youtube.com/watch?v=h7oVlw_y3gE,0,0,0,0,
dfc411c6b5d24d97b944f527ddfd2f0b,737,40071,86,33,137,https://www.youtube.com/watch?v=gPOEdKYquDY,89,38,137,https://www.youtube.com/watch?v=gPOEdKYquDY,41,8,41,https://www.youtube.com/watch?v=6C4eoNYAtto,0,0,0,0,
c6286d22a9344325bb1609918d442b93,736,74628,714,505,1405,https://www.youtube.com/watch?v=WK3oAR-3fBE,54,42,54,https://www.youtube.com/watch?v=3MA0Wt4rt10,1191,838,1405,https://www.youtube.com/watch?v=WK3oAR-3fBE,77,0,0,0,
ab7fb3b59bef4d869388be703ffa8c01,736,12473,0,0,0,,0,0,0,,0,0,0,,0,0,0,0,
eef7776c596141afb7efb9c1790bcb64,735,34591,0,0,0,,0,0,0,,0,0,0,,1516,108,101,139,https://www.twitch.tv/videos/2857747181
b96e4730713c48899004d4af5975fe21,734,5167,0,0,0,,0,0,0,,0,0,0,,245,0,0,0,
a1880ae475fe44fc92760277c3f850ed,734,6510,0,0,0,,0,0,0,,0,0,0,,583,0,0,0,
0f97f20ec79649e687590a4dc7328a21,734,19712,0,0,0,,0,0,0,,0,0,0,,351,0,0,0,
943a063e5df041a08d7a304517e3b420,733,41286,173,107,2220,https://www.youtube.com/watch?v=9NUtD6G1Dyo,132,54,375,https://www.youtube.com/watch?v=qHZTMALs8jg,1558,882,2220,https://www.youtube.com/watch?v=9NUtD6G1Dyo,0,0,0,0,
5ee9f1126dcf463e8d6afc8ef113d084,732,22833,51,22,65,https://www.youtube.com/watch?v=Kzu9FyQQ-4o,51,22,65,https://www.youtube.com/watch?v=Kzu9FyQQ-4o,0,0,0,,0,0,0,0,
4d4db7afb4b84af7b4d54889a5f93947,730,21932,0,0,0,,0,0,0,,0,0,0,,0,0,0,0,
433b2802b62441a39c721400926d59eb,729,55359,93,46,1863,https://www.youtube.com/watch?v=sfOWYcKMvF0,57,26,603,https://www.youtube.com/watch?v=pWGCEfJWmxk,1710,679,1863,https://www.youtube.com/watch?v=sfOWYcKMvF0,0,0,0,0,
2608bc34d1f8497da55ab0cf4d0d7f0e,727,16201,16,12,16,https://www.youtube.com/watch?v=G770dbLv5kY,0,0,0,,16,12,16,https://www.youtube.com/watch?v=G770dbLv5kY,3298,494,200,995,https://www.twitch.tv/videos/2845699263
f1bcb26adebc4b95abd8fb779dfc4f6f,726,38877,140,69,1639,https://www.youtube.com/watch?v=AyBRLI_13BM,127,48,142,https://www.youtube.com/watch?v=ybElurfXhGQ,1310,335,1639,https://www.youtube.com/watch?v=AyBRLI_13BM,0,0,0,0,
28e5717b1964475ca59ce02d81cb2796,721,14649,0,0,0,,0,0,0,,0,0,0,,3710,872,341,131838,https://www.twitch.tv/videos/2852834160
082df6a588424bc9aaa378c53b34315c,718,24047,287,95,1906,https://www.youtube.com/watch?v=cuS0xwP7IOs,0,0,0,,287,95,1906,https://www.youtube.com/watch?v=cuS0xwP7IOs,186,0,0,0,
bff3b878d9864ff893bd79d1f2a7a849,717,48606,35,14,194,https://www.youtube.com/watch?v=MPA6E8BXqr8,35,14,194,https://www.youtube.com/watch?v=MPA6E8BXqr8,0,0,0,,135,0,0,0,
2ccdc43de33c478192767afae6309f06,716,80617,71,25,695,https://www.youtube.com/watch?v=dCNlTQ5VEK4,152,57,695,https://www.youtube.com/watch?v=dCNlTQ5VEK4,9,4,228,https://www.youtube.com/watch?v=aLVSQvoJH5U,337,80,53,154,https://www.twitch.tv/videos/2852331452
c72045d5b8714411af64d5c9d29cea97,714,28872,58,24,58,https://www.youtube.com/watch?v=kJcVUrp9ULs,58,24,58,https://www.youtube.com/watch?v=kJcVUrp9ULs,0,0,0,,0,0,0,0,
004e635d5d494045a810b2d026e769c7,714,72514,218,210,702,https://www.youtube.com/watch?v=F4yo8gSRkTU,218,210,315,https://www.youtube.com/watch?v=vYby-Cm3R7I,446,399,702,https://www.youtube.com/watch?v=F4yo8gSRkTU,0,0,0,0,
b3628981441b4b1aa2a3c91af81c7084,713,4295,0,0,0,,0,0,0,,0,0,0,,0,0,0,0,
9b64082043fc451f9dd5edc793fa8605,713,8992,4,0,27,https://www.youtube.com/watch?v=PTsF2xLD3W8,0,0,0,,4,0,27,https://www.youtube.com/watch?v=PTsF2xLD3W8,1147,106,98,226,https://www.twitch.tv/videos/2854968870
e5eb10612f5c4b069928fc1a71ad8e7d,712,90682,74,39,1944,https://www.youtube.com/watch?v=9E4rcJ_uaWw,74,39,105,https://www.youtube.com/watch?v=Fh4OhowP7n8,985,144,1944,https://www.youtube.com/watch?v=9E4rcJ_uaWw,0,0,0,0,
7b00dfda406f484eaf75107c186abe33,712,59658,1108,279,2230,https://www.youtube.com/watch?v=LJitDWQcl4E,148,137,609,https://www.youtube.com/watch?v=rAp3qyxA2V4,1420,488,2230,https://www.youtube.com/watch?v=LJitDWQcl4E,0,0,0,0,
bb775b8f85574398af290f5be009d40e,711,953,0,0,0,,0,0,0,,0,0,0,,0,0,0,0,
26b00f5ff5bf4b5a8dcb6c5c34e1b4f6,711,5297,0,0,0,,0,0,0,,0,0,0,,6421,1168,586,3677,https://www.twitch.tv/videos/2852292620
40a4357f990e4fd8ad2ac18c26603925,710,18555,38,15,167,https://www.youtube.com/watch?v=eGfaQ1BnHLQ,38,15,167,https://www.youtube.com/watch?v=eGfaQ1BnHLQ,0,0,0,,1674,33,21,255,https://www.twitch.tv/videos/2853282385
6f0d9d64bb6a4a81af1e84a72d30f5b8,710,50568,90,40,1342,https://www.youtube.com/watch?v=P2S9PQlRm1o,81,36,405,https://www.youtube.com/watch?v=UST1oUdOLhQ,1230,435,1342,https://www.youtube.com/watch?v=P2S9PQlRm1o,148,0,0,0,
667d1f10770d4512a5350b74bcb3efc0,708,29536,61,34,80,https://www.youtube.com/watch?v=MdUXtWSrlTY,61,34,80,https://www.youtube.com/watch?v=MdUXtWSrlTY,0,0,0,,0,0,0,0,
6e3eb55128024fcca66d26ce1eb53802,707,18694,0,0,0,,0,0,0,,0,0,0,,542,184,148,284,https://www.twitch.tv/videos/2848681500
8bd1aad0ee834101b6042c08495a31be,706,17169,0,0,0,,0,0,0,,0,0,0,,247,22,17,24,https://www.twitch.tv/videos/2855125375
d460f1ea172d49f9a23f3277a391ce30,706,5894,0,0,0,,0,0,0,,0,0,0,,532,21,11,38,https://www.twitch.tv/videos/2855333463
0800162a149e420ea0386c9506e710b7,705,29856,0,0,0,,0,0,0,,0,0,0,,0,0,0,0,
424043d4c55449cd9317bc0923c13299,704,271908,75,35,155,https://www.youtube.com/watch?v=wz5OYiNE8CU,75,35,155,https://www.youtube.com/watch?v=wz5OYiNE8CU,0,0,0,,305,0,0,0,
a4e31a26718d42d692f6613fafb810f5,703,17977,0,0,0,,0,0,0,,0,0,0,,0,0,0,0,
fcf160e0e39147b4b4037d1e4d18f076,702,81131,105,44,351,https://www.youtube.com/watch?v=QWz0H71ICW0,110,43,351,https://www.youtube.com/watch?v=QWz0H71ICW0,100,77,100,https://www.youtube.com/watch?v=AoXR5YwNZlM,0,0,0,0,
da2113ffb3d74a6394685e68feaa7b60,701,184589,430,177,1628,https://www.youtube.com/watch?v=rAFM7oYgDko,36,10,36,https://www.youtube.com/watch?v=GhaTBn1w9aQ,471,203,1628,https://www.youtube.com/watch?v=rAFM7oYgDko,0,0,0,0,
bd16ea1e11d9475eb53a108ba90ea6a3,699,61936,35,15,70,https://www.youtube.com/watch?v=Tntra6v71lQ,35,15,70,https://www.youtube.com/watch?v=Tntra6v71lQ,0,0,0,,0,0,0,0,
8881d23b0a3c426590c8a2509e363ec1,699,87171,0,0,0,,0,0,0,,0,0,0,,2066,115,98,149,https://www.twitch.tv/videos/2858744910
87e486b2a37549cbaccc95bbf7d3f253,697,48406,42,14,88,https://www.youtube.com/watch?v=8KlqwK7LJbM,42,14,88,https://www.youtube.com/watch?v=8KlqwK7LJbM,0,0,0,,2452,89,77,132,https://www.twitch.tv/videos/2853318712
2047c8ae25624470b90251b1fd9502d5,693,27930,0,0,0,,0,0,0,,0,0,0,,0,0,0,0,
f7185f45c8a44e69bf829405206996b9,693,32679,221,36,280,https://www.youtube.com/watch?v=kQMzh7qRI0I,221,36,280,https://www.youtube.com/watch?v=kQMzh7qRI0I,0,0,0,,55,0,0,0,
7a570b5273ae4e359a6491aba1313011,692,27142,401,271,1893,https://www.youtube.com/watch?v=de7WPnLh14Y,43,12,51,https://www.youtube.com/watch?v=6zYenhSJCro,644,412,1893,https://www.youtube.com/watch?v=de7WPnLh14Y,4444,200,89,4504,https://www.twitch.tv/videos/2848736198
7c6c40e2c7b64a6997fb2173f446860f,688,48513,73,35,272,https://www.youtube.com/watch?v=hwIAvISsckw,73,35,137,https://www.youtube.com/watch?v=ypXwk-IRp84,157,102,272,https://www.youtube.com/watch?v=hwIAvISsckw,39,0,0,0,
a0467c81a3014fbf83029acffe5b1d3f,685,12350,0,0,0,,0,0,0,,0,0,0,,1146,20,15,34,https://www.twitch.tv/videos/2847758052
23d18a6678794320b2d3f9d468b9b3a4,684,47028,35,23,100,https://www.youtube.com/watch?v=rylJvTqTGj4,35,23,100,https://www.youtube.com/watch?v=rylJvTqTGj4,0,0,0,,1313,197,139,266,https://www.twitch.tv/videos/2846860426
15ec206bfc374aaaa594bc12e9887a69,682,9440,0,0,0,,0,0,0,,0,0,0,,1637,180,96,180,https://www.twitch.tv/videos/2846837904
91216a87fe704ea9a42d3aabc1683f90,680,31589,240,96,1095,https://www.youtube.com/watch?v=w8ZWlJRBCzY,203,50,271,https://www.youtube.com/watch?v=qTVgUUlZ0jc,740,736,1095,https://www.youtube.com/watch?v=w8ZWlJRBCzY,58,0,0,0,
5d1f5182f62642a8a2e3ae5d3ead1014,679,54791,120,80,547,https://www.youtube.com/watch?v=UqgKJDqagiI,120,80,547,https://www.youtube.com/watch?v=UqgKJDqagiI,0,0,0,,0,0,0,0,
9bd9d680d6cf48d1a7171430f286fcb1,679,107400,41,10,533,https://www.youtube.com/watch?v=AGHKkitFCr0,33,8,68,https://www.youtube.com/watch?v=QjvN4Alp_G8,276,162,533,https://www.youtube.com/watch?v=AGHKkitFCr0,0,0,0,0,
c265c71f4d2744919a319f0f38c008f9,679,26599,0,0,0,,0,0,0,,0,0,0,,6151,0,0,0,
49d38057272d4c4992cdbcb792c94d00,678,27965,28,8,794,https://www.youtube.com/watch?v=iNrDloWTaP8,28,8,794,https://www.youtube.com/watch?v=iNrDloWTaP8,0,0,0,,327,99,42,317,https://www.twitch.tv/videos/2857460554
bedd14283dd34a639c5f77a95856ecad,677,27078,164,77,689,https://www.youtube.com/watch?v=RHpoj5Wvw6I,164,77,689,https://www.youtube.com/watch?v=RHpoj5Wvw6I,0,0,0,,0,0,0,0,
fc6a8de6e0e14e05a11b1d35dfce1d71,676,37650,53,40,112,https://www.youtube.com/watch?v=KckmkXyX1hM,49,28,104,https://www.youtube.com/watch?v=EkjLNc-Iw8o,112,40,112,https://www.youtube.com/watch?v=KckmkXyX1hM,0,0,0,0,
e44a37ed06c749da9aeea8e16b309a84,674,28998,0,0,0,,0,0,0,,0,0,0,,27,0,0,0,
94b3f738cde248e3bf6061f1692d6337,674,167993,0,0,0,,0,0,0,,0,0,0,,0,0,0,0,
903278eb21a342669dc6f7eea7dbe618,673,28378,195,68,577,https://www.youtube.com/watch?v=6a1d3SIwBd0,195,68,577,https://www.youtube.com/watch?v=6a1d3SIwBd0,0,0,0,,0,0,0,0,
5bbd1c2531594775a4b74928e630dd59,672,46593,0,0,0,,0,0,0,,0,0,0,,4204,341,112,623,https://www.twitch.tv/videos/2856728504
263db06cfe814d4397e6fc8bc593e70e,671,43055,7,2,7,https://www.youtube.com/watch?v=LDEMLBzc3Dw,0,0,0,,7,2,7,https://www.youtube.com/watch?v=LDEMLBzc3Dw,0,0,0,0,
c03997835cc943fe81a441c571d733d0,670,59452,38,15,69,https://www.youtube.com/watch?v=ye67L1O-_Mg,38,15,69,https://www.youtube.com/watch?v=ye67L1O-_Mg,0,0,0,,209,0,0,0,
6159040406fc4e6cb73dbf9734717703,669,99214,0,0,0,,0,0,0,,0,0,0,,2124,0,0,0,
6142bdfa61cd4f3092263bfe477e8e0b,668,193076,323,176,2148,https://www.youtube.com/watch?v=puIGY14aOkM,29,15,123,https://www.youtube.com/watch?v=zstN3kul2C0,735,334,2148,https://www.youtube.com/watch?v=puIGY14aOkM,0,0,0,0,
dd6310e365b74ff69a4250bd4860a50b,667,61194,0,0,0,,0,0,0,,0,0,0,,5013,321,152,1415,https://www.twitch.tv/videos/2846448247
3e7ef261eb21464eacd7d26a1e6c2fcc,664,36190,91,41,507,https://www.youtube.com/watch?v=gG-N4qGjMV0,89,39,132,https://www.youtube.com/watch?v=JXszyL5dsbE,507,375,507,https://www.youtube.com/watch?v=gG-N4qGjMV0,0,0,0,0,
d15b3fadead04e7399faaeb47fdf37f9,664,33842,0,0,0,,0,0,0,,0,0,0,,0,0,0,0,
7342e2aefa41449880565dfd15a35cad,662,20872,36,11,40,https://www.youtube.com/watch?v=BEhNOw9IfOE,36,11,40,https://www.youtube.com/watch?v=BEhNOw9IfOE,0,0,0,,0,0,0,0,
4b305df8ba4546b48c8ec1cda5efb7e2,661,193058,539,35,661,https://www.youtube.com/watch?v=XrAApQa8YpI,39,21,39,https://www.youtube.com/watch?v=EasCL_t2Owo,600,39,661,https://www.youtube.com/watch?v=XrAApQa8YpI,0,0,0,0,
b96f58f4373a4b65977afe5f2829e9e4,661,168092,33,12,57,https://www.youtube.com/watch?v=Alz5Ro251oQ,28,13,57,https://www.youtube.com/watch?v=Alz5Ro251oQ,33,6,33,https://www.youtube.com/watch?v=VKVNzxFddrk,558,83,65,111,https://www.twitch.tv/videos/2858786050
f3a1ec7e996e4897ba4e34376f7c0be2,660,9603,509,153,509,https://www.youtube.com/watch?v=UV52MTV2a4g,0,0,0,,509,153,509,https://www.youtube.com/watch?v=UV52MTV2a4g,1057,511,340,511,https://www.twitch.tv/videos/2850376605
14d68e1fc65f4206b0c45d65970c0215,660,45706,96,24,175,https://www.youtube.com/watch?v=AC9tPILKnWs,96,15,137,https://www.youtube.com/watch?v=f6klS2oBsTg,175,24,175,https://www.youtube.com/watch?v=AC9tPILKnWs,0,0,0,0,
5e931b583dfe4fdc98d10e4dceaf2c93,657,25074,37,16,1026,https://www.youtube.com/watch?v=scWJKjP_yGQ,0,0,0,,37,16,1026,https://www.youtube.com/watch?v=scWJKjP_yGQ,1602,175,131,292,https://www.twitch.tv/videos/2855796504
2ffa876173cb42bc8a1de004fe10e391,655,14758,104,39,185,https://www.youtube.com/watch?v=X0T_qMvTrG0,104,39,185,https://www.youtube.com/watch?v=X0T_qMvTrG0,0,0,0,,0,0,0,0,
e911a56d410b4949aee1d3a8dc84f4ad,653,40779,0,0,0,,0,0,0,,0,0,0,,0,0,0,0,
0f11420beab0442eae0208ac63d4474c,653,4281,0,0,0,,0,0,0,,0,0,0,,0,0,0,0,
948c874aac8c4c7fa088b380e79b2154,653,21079,0,0,0,,0,0,0,,0,0,0,,0,0,0,0,
031da54f73f94adf8159ef0d3bfeb52b,651,71426,44,17,73,https://www.youtube.com/watch?v=sMtsB38wmxI,44,17,73,https://www.youtube.com/watch?v=sMtsB38wmxI,0,0,0,,0,0,0,0,
0ad03ee6159c4d37a4feccbc49ba3dcf,650,63077,29,12,379,https://www.youtube.com/watch?v=h8ssKSwS3G8,29,12,379,https://www.youtube.com/watch?v=h8ssKSwS3G8,0,0,0,,169,0,0,0,
e7f01ae0c78b4daeaaf8f3fe39946e8d,650,34938,19,7,50,https://www.youtube.com/watch?v=3IaN6A0MKb4,19,7,50,https://www.youtube.com/watch?v=3IaN6A0MKb4,22,20,26,https://www.youtube.com/watch?v=a0VwxM50K6c,0,0,0,0,
12d506583827419e9eb3b64ec551a94d,647,35800,106,57,1088,https://www.youtube.com/watch?v=CSIcFIAbJEg,105,54,213,https://www.youtube.com/watch?v=34XyAsyBZuU,1088,553,1088,https://www.youtube.com/watch?v=CSIcFIAbJEg,24,0,0,0,
2fbd2ed36dc7493b8d3e95a19c2c9847,647,52441,45,16,151,https://www.youtube.com/watch?v=mRNJ-SVkdSw,45,16,151,https://www.youtube.com/watch?v=mRNJ-SVkdSw,0,0,0,,0,0,0,0,
3e079110e939428085c1f1040ec756f9,646,8982,0,0,0,,0,0,0,,0,0,0,,0,0,0,0,
677a773535814b5fa2d557da2f80bb89,645,17995,0,0,0,,0,0,0,,0,0,0,,422,0,0,0,
2c6b5ad20b4e4bdc85310b791d02b364,643,7457,0,0,0,,0,0,0,,0,0,0,,2312,0,0,0,
adb7f358e8134f30ac0919a74c9d171b,642,13985,0,0,0,,0,0,0,,0,0,0,,2286,186,168,281,https://www.twitch.tv/videos/2851373387
809ddec4aec2402ea41adeba2f8520ec,641,61585,7,2,11,https://www.youtube.com/watch?v=jE0Ode-wOMA,0,0,0,,7,2,11,https://www.youtube.com/watch?v=jE0Ode-wOMA,1307,140,102,294,https://www.twitch.tv/videos/2847438813
4c127c01ba31487599018fc81ff1a3dd,640,37822,0,0,0,,0,0,0,,0,0,0,,0,0,0,0,
54b80ca15e0c40f6abdebd37e0aa4ca1,639,15935,0,0,0,,0,0,0,,0,0,0,,724,86,81,113,https://www.twitch.tv/videos/2857773771
3de1f749e7fe4b219a2a10611311297f,637,25486,62,39,1463,https://www.youtube.com/watch?v=WVUUWo_eiAY,60,33,198,https://www.youtube.com/watch?v=KX-yHZNIb3s,1463,1215,1463,https://www.youtube.com/watch?v=WVUUWo_eiAY,355,0,0,0,
e55e67f2f7f64a6da7ae604df1652f5e,636,255371,1210,83,1210,https://www.youtube.com/watch?v=qhFdoiiA8JA,0,0,0,,1210,83,1210,https://www.youtube.com/watch?v=qhFdoiiA8JA,0,0,0,0,
6bb99d03979041aa909d87375acaf92d,636,110098,0,0,0,,0,0,0,,0,0,0,,0,0,0,0,
5507154831064d69906acc64c76b1c99,635,16759,351,128,1092,https://www.youtube.com/watch?v=ai7a5lQfBqQ,217,91,351,https://www.youtube.com/watch?v=3OchSOAE7P8,1092,610,1092,https://www.youtube.com/watch?v=ai7a5lQfBqQ,3249,470,202,962,https://www.twitch.tv/videos/2846966118
7d53d75ac36b4faea2450918f84dada3,633,30827,285,130,1118,https://www.youtube.com/watch?v=--FBwSOYATY,100,31,298,https://www.youtube.com/watch?v=kED94V6tRJs,502,455,1118,https://www.youtube.com/watch?v=--FBwSOYATY,0,0,0,0,
e50da8792cd94b009eaa8dd4be738d59,632,2069,0,0,0,,0,0,0,,0,0,0,,1158,67,53,93,https://www.twitch.tv/videos/2857155824
04ca68439fd14d088c77eb0069e6414f,630,58428,28,3,28,https://www.youtube.com/watch?v=UwugEnK1YTU,28,3,28,https://www.youtube.com/watch?v=UwugEnK1YTU,0,0,0,,372,0,0,0,
21507f58118d406b87fd42a39c87855a,629,23300,101,53,397,https://www.youtube.com/watch?v=2mE0qI3qKdo,101,53,397,https://www.youtube.com/watch?v=2mE0qI3qKdo,0,0,0,,0,0,0,0,
ec332c6e824044698204e6dba3e5fbfc,629,12106,0,0,0,,0,0,0,,0,0,0,,552,0,0,0,
6c2b07e387644ff1898d8c536747dcb0,629,21402,228,127,228,https://www.youtube.com/watch?v=NK_QpzH8sbw,228,127,228,https://www.youtube.com/watch?v=NK_QpzH8sbw,0,0,0,,319,126,90,172,https://www.twitch.tv/videos/2854075525
3e6f13f775fa4ef09ff9b26ce062eb52,627,1693,0,0,0,,0,0,0,,0,0,0,,306,0,0,0,
326a721a7a904cb9b5ed0dad4899d7c2,627,23126,0,0,0,,0,0,0,,0,0,0,,901,213,157,319,https://www.twitch.tv/videos/2852298373
1f455594561b421da20dde10d1540981,622,44820,0,0,0,,0,0,0,,0,0,0,,6235,384,157,595,https://www.twitch.tv/videos/2847719794
22aaa78ca5fa444bb70649727131c0f2,621,19288,0,0,0,,0,0,0,,0,0,0,,0,0,0,0,
dec8ff1f1ef243ccb8fa65edb7a813bd,620,908,0,0,0,,0,0,0,,0,0,0,,328,0,0,0,
8b0dbadf9faa4815923944437f1c1abb,620,76593,5,1,19,https://www.youtube.com/watch?v=M3LGDwdb2Y4,0,0,0,,5,1,19,https://www.youtube.com/watch?v=M3LGDwdb2Y4,0,0,0,0,
b8ccfa7aec6a419ca8ad1a91d9fafdf6,620,0,0,0,0,,0,0,0,,0,0,0,,2513,148,105,376,https://www.twitch.tv/videos/2849390663
b16b9643e24d404a8de6d66551451b85,618,9633,0,0,0,,0,0,0,,0,0,0,,3299,286,232,373,https://www.twitch.tv/videos/2856710406
20b9316c0979495fbff724be3442d4a4,617,159942,41,14,850,https://www.youtube.com/watch?v=KCtWy1ZqVts,113,55,133,https://www.youtube.com/watch?v=tennGzZrlRQ,35,13,850,https://www.youtube.com/watch?v=KCtWy1ZqVts,17,0,0,0,
66345fc8147b45e99d6eba1b0df6ba7c,616,31975,0,0,0,,0,0,0,,0,0,0,,0,0,0,0,
defbc693cb874182807b768593439616,615,19240,0,0,0,,0,0,0,,0,0,0,,1638,212,120,251,https://www.twitch.tv/videos/2847697977
e07cd7e29645414481d441fcfd4fd456,615,29946,4,1,64,https://www.youtube.com/watch?v=rb3ury9l-ZE,0,0,0,,4,1,64,https://www.youtube.com/watch?v=rb3ury9l-ZE,0,0,0,0,
1e131b3460564fd49ca9675ead6ad9c6,611,39011,76,27,90,https://www.youtube.com/watch?v=vxcC0tr7tFQ,76,27,90,https://www.youtube.com/watch?v=vxcC0tr7tFQ,0,0,0,,0,0,0,0,
4e35059a74df41189368fad5263a1f3f,608,63150,119,63,668,https://www.youtube.com/watch?v=tsNUEIbPosU,73,42,555,https://www.youtube.com/watch?v=wgQTw5JU3B8,329,97,668,https://www.youtube.com/watch?v=tsNUEIbPosU,74,30,27,44,https://www.twitch.tv/videos/2855976277
3849edba2b2e411f8564e9c1d1aaaa51,607,77225,53,48,53,https://www.youtube.com/watch?v=di_upRdFYcQ,53,48,53,https://www.youtube.com/watch?v=di_upRdFYcQ,0,0,0,,0,0,0,0,
cf5fc0cd849841679951b3769979b3a0,606,41915,192,88,1472,https://www.youtube.com/watch?v=DCDW-OiIu3o,192,88,1472,https://www.youtube.com/watch?v=DCDW-OiIu3o,0,0,0,,166,0,0,0,
9760ffdb528f40a7bd010589f2ce06c4,606,30910,7,4,378,https://www.youtube.com/watch?v=MpYH49YPufw,0,0,0,,7,4,378,https://www.youtube.com/watch?v=MpYH49YPufw,798,91,70,177,https://www.twitch.tv/videos/2846696865
7c781489389447e682388caccae7fb1c,604,21580,28,20,28,https://www.youtube.com/watch?v=e6ZkPPWhCS0,0,0,0,,28,20,28,https://www.youtube.com/watch?v=e6ZkPPWhCS0,1047,98,68,98,https://www.twitch.tv/videos/2851322379
d02adf3818df4c9fa03ed90bf1df5b41,603,15510,0,0,0,,0,0,0,,0,0,0,,0,0,0,0,
3f74c9c84fac427ea0e3d147c6027e82,602,20611,16,7,271,https://www.youtube.com/watch?v=fx-Miy6x3lk,17,8,271,https://www.youtube.com/watch?v=fx-Miy6x3lk,7,2,11,https://www.youtube.com/watch?v=9I2B8MWang4,0,0,0,0,
994fcc5db40840ae990cf1ce43728548,600,14806,63,32,200,https://www.youtube.com/watch?v=qmFKu9aAF1o,58,32,200,https://www.youtube.com/watch?v=qmFKu9aAF1o,87,27,108,https://www.youtube.com/watch?v=DpvMlExEtIU,0,0,0,0,
9fba4ecf861140acb418c343a475f99c,599,56212,75,40,631,https://www.youtube.com/watch?v=7zw6oHwz9Ck,74,39,379,https://www.youtube.com/watch?v=x1DW1wBczXg,127,40,631,https://www.youtube.com/watch?v=7zw6oHwz9Ck,152,63,48,117,https://www.twitch.tv/videos/2848730564
c4ad3b6c4fe94f9a8142895fd869dfb9,599,5093,6,3,104,https://www.youtube.com/watch?v=CHHv395K_8A,0,0,0,,6,3,104,https://www.youtube.com/watch?v=CHHv395K_8A,1539,137,102,257,https://www.twitch.tv/videos/2846783793
25262970b019418badba15bc46f9c048,596,123237,62,21,149,https://www.youtube.com/watch?v=C4oyhnME0iY,62,21,149,https://www.youtube.com/watch?v=C4oyhnME0iY,0,0,0,,525,138,51,211,https://www.twitch.tv/videos/2845583808
c1ca3c2282084d0ebbdeb3896801aec9,592,19252,0,0,0,,0,0,0,,0,0,0,,252,0,0,0,
8c4d0ef0e1ee405e93be5d03974307ce,591,31751,74,10,76,https://www.youtube.com/watch?v=B1xoOrfKL-o,74,10,76,https://www.youtube.com/watch?v=B1xoOrfKL-o,0,0,0,,32,0,0,0,
a1f8a0af53c34922b0c66ebdf4b3381d,590,11294,58,15,250,https://www.youtube.com/watch?v=ZWJ6kxGO_Ag,87,14,250,https://www.youtube.com/watch?v=ZWJ6kxGO_Ag,41,22,41,https://www.youtube.com/watch?v=f_53en3yiGk,78,0,0,0,
4cc07f3cbfed434090bba391bc15fd6d,590,40283,219,183,293,https://www.youtube.com/watch?v=EwwkDdBEbpA,0,0,0,,219,183,293,https://www.youtube.com/watch?v=EwwkDdBEbpA,1764,99,68,126,https://www.twitch.tv/videos/2854288484
d613059b356d4cc9b1c3e998f32d1a5a,588,22349,0,0,0,,0,0,0,,0,0,0,,11300,1724,432,2640,https://www.twitch.tv/videos/2842205346
aa673b95b03540288c87dbaa59477ef9,586,38827,147,138,147,https://www.youtube.com/watch?v=TLWPfPtqkyw,147,138,147,https://www.youtube.com/watch?v=TLWPfPtqkyw,0,0,0,,0,0,0,0,
ea7f97145fd44a51a95e5b97a6b8366c,586,172078,646,308,1119,https://www.youtube.com/watch?v=NctfHt-t-mI,0,0,0,,646,308,1119,https://www.youtube.com/watch?v=NctfHt-t-mI,0,0,0,0,
ff88906b47654805b8370426415f1183,585,17188,0,0,0,,0,0,0,,0,0,0,,3426,720,268,1268,https://www.twitch.tv/videos/2833794423
d6827fe530ca4db4b748651c72e81ead,583,16556,67,44,518,https://www.youtube.com/watch?v=AsOS2haV-r0,67,44,518,https://www.youtube.com/watch?v=AsOS2haV-r0,0,0,0,,261,25,20,69,https://www.twitch.tv/videos/2858718121
14392ae1c106403ab690e8a6dea7c534,583,54408,86,41,628,https://www.youtube.com/watch?v=cUVNxAsD0w0,82,40,628,https://www.youtube.com/watch?v=cUVNxAsD0w0,301,113,446,https://www.youtube.com/watch?v=7RRH-L_7doE,0,0,0,0,
7dc8617f6004470c8a65a67a9abdf661,583,19593,29,8,29,https://www.youtube.com/watch?v=DrgoYPaB9s8,29,8,29,https://www.youtube.com/watch?v=DrgoYPaB9s8,0,0,0,,261,0,0,0,
b76eb671dc62463fb845025be34526b7,583,36545,1865,1062,1865,https://www.youtube.com/watch?v=fAaxvaMFenw,0,0,0,,1865,1062,1865,https://www.youtube.com/watch?v=fAaxvaMFenw,0,0,0,0,
161544bf51864b2bad46cdd769bee278,582,23846,197,61,1073,https://www.youtube.com/watch?v=et6nUjOewo4,197,61,1073,https://www.youtube.com/watch?v=et6nUjOewo4,0,0,0,,213,75,57,109,https://www.twitch.tv/videos/2852297754
52ff14aabd804801a6e589681fc2fb4d,580,72071,29,2,40,https://www.youtube.com/watch?v=b99fR57Q9ns,0,0,0,,29,2,40,https://www.youtube.com/watch?v=b99fR57Q9ns,1608,0,0,0,
5e259658ed814cc894dfe408d10ecc6e,577,31858,72,21,133,https://www.youtube.com/watch?v=ydJkti2eChM,72,21,133,https://www.youtube.com/watch?v=ydJkti2eChM,0,0,0,,0,0,0,0,
7179f903569e4fa9842b5c5ea3f7a645,577,35812,61,14,93,https://www.youtube.com/watch?v=Ndlz04OIM9Q,61,14,93,https://www.youtube.com/watch?v=Ndlz04OIM9Q,0,0,0,,642,54,39,73,https://www.twitch.tv/videos/2854194078
6f5a8075e60244cb8e74c6aa35daaa2a,576,29839,0,0,0,,0,0,0,,0,0,0,,0,0,0,0,
156c4271fe17425bb02fd7b24f5a2a7a,576,9752,0,0,0,,0,0,0,,0,0,0,,0,0,0,0,
fad52a34935b402a819aa4bb504453da,574,30289,0,0,0,,0,0,0,,0,0,0,,0,0,0,0,
7dd6c13c71ee452e9a85dec903f2ee15,574,33029,82,29,798,https://www.youtube.com/watch?v=N7L9Y9lwfDU,80,23,187,https://www.youtube.com/watch?v=AGma87wKa1Q,124,55,798,https://www.youtube.com/watch?v=N7L9Y9lwfDU,0,0,0,0,
b88a2e77cd7b4758925642f63b58051a,574,68348,121,19,366,https://www.youtube.com/watch?v=Up-dTYiXPHs,121,18,249,https://www.youtube.com/watch?v=La-VvbqHLHI,178,33,366,https://www.youtube.com/watch?v=Up-dTYiXPHs,0,0,0,0,
b511c9a0eba7474fbb8ac8d02ff357b7,573,69035,58,34,748,https://www.youtube.com/watch?v=Ij6PU0dIepc,58,34,103,https://www.youtube.com/watch?v=-Nj1s2m2C_I,387,91,748,https://www.youtube.com/watch?v=Ij6PU0dIepc,0,0,0,0,
4859b57db8e043f1965e56324f137097,572,92391,0,0,0,,0,0,0,,0,0,0,,2045,261,178,350,https://www.twitch.tv/videos/2855039507
619f48c4546c481bbc52aadc12c3e48f,567,7473,190,98,290,https://www.youtube.com/watch?v=UCj3M1RpAWw,0,0,0,,190,98,290,https://www.youtube.com/watch?v=UCj3M1RpAWw,2638,601,563,1862,https://www.twitch.tv/videos/2855864637
22b0dfc3703e477d9ce6880cdbfafd91,567,24010,0,0,0,,0,0,0,,0,0,0,,2375,102,72,102,https://www.twitch.tv/videos/2851565969
ee5418c900a7400fa44c821eaaca0218,567,10171,10,4,10,https://www.youtube.com/watch?v=mtixdz0bLCY,0,0,0,,10,4,10,https://www.youtube.com/watch?v=mtixdz0bLCY,627,19,8,38,https://www.twitch.tv/videos/2835090120
746abd9861714105823ebfb2a18f6fdc,567,47952,44,12,130,https://www.youtube.com/watch?v=5gIed2wRsME,44,12,130,https://www.youtube.com/watch?v=5gIed2wRsME,0,0,0,,0,0,0,0,
5908563b5c944c7b919b08e5233a8a5a,566,145291,6,2,176,https://www.youtube.com/watch?v=nhZr9UDoHfI,0,0,0,,6,2,176,https://www.youtube.com/watch?v=nhZr9UDoHfI,986,73,48,269,https://www.twitch.tv/videos/2853280388
993f7baff5d24cf69d077e30f7fd1a9d,566,26487,0,0,0,,0,0,0,,0,0,0,,0,0,0,0,
76a17ecab93c4c3db069c9a5d8d0ecf5,565,45237,0,0,0,,0,0,0,,0,0,0,,1827,130,108,321,https://www.twitch.tv/videos/2851311084
ba795eb1ea0f4fea888b1bfff3d5be86,564,69536,8,0,10,https://www.youtube.com/watch?v=B3xfFoDW1dg,0,0,0,,8,0,10,https://www.youtube.com/watch?v=B3xfFoDW1dg,3441,0,0,0,
318268a48a3c47b7a56609c204d02b03,563,15121,0,0,0,,0,0,0,,0,0,0,,3290,221,173,246,https://www.twitch.tv/videos/2857636187
82d775c8bb1740c0a6db1037d3bf5fe0,560,15458,43,14,118,https://www.youtube.com/watch?v=CuebLAQhp2Y,43,14,118,https://www.youtube.com/watch?v=CuebLAQhp2Y,0,0,0,,0,0,0,0,
df6e2520044744f0957a83db74b386bb,559,15619,0,0,0,,0,0,0,,0,0,0,,0,0,0,0,
84111bbae2be41ea96c8b2f6c755f00c,557,21934,149,39,1365,https://www.youtube.com/watch?v=KOllb8rSPfw,110,17,189,https://www.youtube.com/watch?v=IuG3G6jI_Ck,1365,990,1365,https://www.youtube.com/watch?v=KOllb8rSPfw,1614,312,254,466,https://www.twitch.tv/videos/2856804246
33546b9ad5a8408589405f9467063dd7,556,19583,1819,876,2271,https://www.youtube.com/watch?v=6ZIoFxoXvjI,0,0,0,,1819,876,2271,https://www.youtube.com/watch?v=6ZIoFxoXvjI,3687,138,35,350,https://www.twitch.tv/videos/2840509025
21f5355738614770afb34b761a4c45af,556,4415,0,0,0,,0,0,0,,0,0,0,,0,0,0,0,
54c49dea17ad4eb5aeb7ce1698dc01be,556,34267,62,33,110,https://www.youtube.com/watch?v=M12Ns7trjnQ,62,33,110,https://www.youtube.com/watch?v=M12Ns7trjnQ,0,0,0,,116,0,0,0,
0e136a936a574815a311e6e801ce3ca6,555,21642,37,22,37,https://www.youtube.com/watch?v=4tykZGQUBBc,37,22,37,https://www.youtube.com/watch?v=4tykZGQUBBc,0,0,0,,40,0,0,0,
38eb53f7de2247f6a93dfec0fe2f0d1e,552,18067,81,50,565,https://www.youtube.com/watch?v=pjIMPNEIMHE,81,49,379,https://www.youtube.com/watch?v=zdd9dFRkaeY,310,62,565,https://www.youtube.com/watch?v=pjIMPNEIMHE,0,0,0,0,
6503172c78774a0fa639255ac2e7e85a,551,21263,20,4,26,https://www.youtube.com/watch?v=eQbCAeCajcA,23,8,26,https://www.youtube.com/watch?v=eQbCAeCajcA,10,2,10,https://www.youtube.com/watch?v=B1Q3H84bxW0,0,0,0,0,
21c8f34b3284456792c28b2ce7290589,551,24086,0,0,0,,0,0,0,,0,0,0,,0,0,0,0,
5dd38c1bf796414399e7c80092c1d984,549,485224,67,38,1261,https://www.youtube.com/watch?v=XVB4dulqACw,33,16,158,https://www.youtube.com/watch?v=Gn8xiXfFO9Y,170,111,1261,https://www.youtube.com/watch?v=XVB4dulqACw,53,2,2,4,https://www.twitch.tv/videos/2855106584
f5493e350f514aae860e4fbc529adf4c,548,342,0,0,0,,0,0,0,,0,0,0,,0,0,0,0,
1760601b33854f2ab58b6217bd2cfedf,544,34329,0,0,0,,0,0,0,,0,0,0,,0,0,0,0,
a6b0f8c8343041f0b1ea96c46ee4e582,543,18529,80,11,103,https://www.youtube.com/watch?v=QUL5FY_-uTY,80,11,103,https://www.youtube.com/watch?v=QUL5FY_-uTY,0,0,0,,260,41,34,42,https://www.twitch.tv/videos/2856756882
7731172cfcaa4e668762473a7b9d509a,540,15936,0,0,0,,0,0,0,,0,0,0,,830,0,0,0,
bd7947d2357941039893b911b18f3b4c,539,46730,19,9,85,https://www.youtube.com/watch?v=8lje8nifXMo,12,5,85,https://www.youtube.com/watch?v=8lje8nifXMo,20,10,21,https://www.youtube.com/watch?v=P9PNtyZeeXQ,664,60,46,89,https://www.twitch.tv/videos/2847628091
cd1224f4756340c594f3c36245e9b4d4,538,150473,1378,423,1835,https://www.youtube.com/watch?v=FGRNqkFGUB4,0,0,0,,1378,423,1835,https://www.youtube.com/watch?v=FGRNqkFGUB4,2174,185,132,491,https://www.twitch.tv/videos/2851280606
7344fd4a1019434792afd863eddb4250,537,37272,0,0,0,,0,0,0,,0,0,0,,1818,342,264,453,https://www.twitch.tv/videos/2850348481
d6afb902dbe04e35ab52f961f538f9bd,536,26958,167,159,167,https://www.youtube.com/watch?v=4rtj_7IG4V0,167,159,167,https://www.youtube.com/watch?v=4rtj_7IG4V0,0,0,0,,133,26,24,26,https://www.twitch.tv/videos/2857685896
b359f595b54b4edc8969423a8b5658ff,536,34614,0,0,0,,0,0,0,,0,0,0,,0,0,0,0,
f072e780d0c84ca08c27020e1f2de365,534,15630,4,3,91,https://www.youtube.com/watch?v=LBVzmBQzyOc,0,0,0,,4,3,91,https://www.youtube.com/watch?v=LBVzmBQzyOc,701,45,43,50,https://www.twitch.tv/videos/2857945075
87df5b92303e4410884b8c52ff2c4e0d,533,45604,4,2,319,https://www.youtube.com/watch?v=dBUu2s5_jyQ,0,0,0,,4,2,319,https://www.youtube.com/watch?v=dBUu2s5_jyQ,1196,216,118,609,https://www.twitch.tv/videos/2855852011
780ca962f78b49d580c8a078b0525d25,532,28216,457,363,1269,https://www.youtube.com/watch?v=gEDWM_PvIqE,0,0,0,,457,363,1269,https://www.youtube.com/watch?v=gEDWM_PvIqE,0,0,0,0,
e53ab7560fbc44fcba0dc3b7dceff697,532,8562,81,52,372,https://www.youtube.com/watch?v=8oWMw51woX0,81,50,118,https://www.youtube.com/watch?v=ytXrCKHIreA,205,123,372,https://www.youtube.com/watch?v=8oWMw51woX0,0,0,0,0,
100af980504b4bd38c8b2192d1e71b29,531,35704,557,421,1095,https://www.youtube.com/watch?v=GV6HYVfRoWI,19,0,19,https://www.youtube.com/watch?v=tR1QpJfzRwY,1095,841,1095,https://www.youtube.com/watch?v=GV6HYVfRoWI,0,0,0,0,
508ebe96e7a94e94893609e616086dff,530,131262,346,162,3145,https://www.youtube.com/watch?v=oygImmVWkP4,0,0,0,,346,162,3145,https://www.youtube.com/watch?v=oygImmVWkP4,624,309,199,417,https://www.twitch.tv/videos/2852286784
c232b3088a6e49b997b325d5de9a3013,529,21502,63,23,168,https://www.youtube.com/watch?v=yU_x_ceskTM,50,24,168,https://www.youtube.com/watch?v=yU_x_ceskTM,80,19,80,https://www.youtube.com/watch?v=YNnrqsMJ_00,161,0,0,0,
c6704a4edfef443ba46ba7f0db0c4ff9,529,14068,0,0,0,,0,0,0,,0,0,0,,0,0,0,0,
95df3846ff6644429227e9e058994ad8,528,26282,115,76,1005,https://www.youtube.com/watch?v=6gPVrBSAeVY,115,76,1005,https://www.youtube.com/watch?v=6gPVrBSAeVY,0,0,0,,0,0,0,0,
c40a4498540d462a89c2391a41aa9f0e,528,20884,522,261,1191,https://www.youtube.com/watch?v=Hb31aeHMwF4,0,0,0,,522,261,1191,https://www.youtube.com/watch?v=Hb31aeHMwF4,2440,3,2,3,https://www.twitch.tv/videos/2859502701
ffffcd6d454a4e77a215927a82c460bc,527,125836,1662,1112,1662,https://www.youtube.com/watch?v=_Bzsr1Ix2g4,0,0,0,,1662,1112,1662,https://www.youtube.com/watch?v=_Bzsr1Ix2g4,1090,54,46,97,https://www.twitch.tv/videos/2851412940
9099b86c3fe84a138b0bc1f258bca138,526,23044,28,8,46,https://www.youtube.com/watch?v=w0tN83k8uUE,28,8,46,https://www.youtube.com/watch?v=w0tN83k8uUE,0,0,0,,0,0,0,0,
b0df22881775422093e3e64a63b01a5a,525,65020,47,25,116,https://www.youtube.com/watch?v=VVtwMsRNDb0,63,25,116,https://www.youtube.com/watch?v=VVtwMsRNDb0,14,6,16,https://www.youtube.com/watch?v=LXFhZz31BPE,164,17,11,32,https://www.twitch.tv/videos/2850508769
1e4f8348a36e4ab3abda426f1810513a,524,13878,0,0,0,,0,0,0,,0,0,0,,0,0,0,0,
37e88453b9cb48b1863bc455328b34c1,523,8148,6,5,6,https://www.youtube.com/watch?v=__lUlTOkmxc,0,0,0,,6,5,6,https://www.youtube.com/watch?v=__lUlTOkmxc,1493,69,65,410,https://www.twitch.tv/videos/2856007846
6166fbac685941a6acf389460de44943,522,50186,83,33,1595,https://www.youtube.com/watch?v=2xwX7bgh580,77,29,135,https://www.youtube.com/watch?v=NPv0p74dV74,1216,671,1595,https://www.youtube.com/watch?v=2xwX7bgh580,0,0,0,0,
3f2e41bdee4145f59fa97830ba3f5edb,522,16771,0,0,0,,0,0,0,,0,0,0,,2577,387,266,943,https://www.twitch.tv/videos/2852315348
01d150623c984f3d8d7de4b1859afadd,522,11002,25,2,25,https://www.youtube.com/watch?v=qtmHToTngOE,25,2,25,https://www.youtube.com/watch?v=qtmHToTngOE,0,0,0,,0,0,0,0,
3750eae778e9453eaeee75956a8dabc6,521,11306,590,267,1300,https://www.youtube.com/watch?v=5l-__5ozOFY,0,0,0,,590,267,1300,https://www.youtube.com/watch?v=5l-__5ozOFY,2555,410,358,410,https://www.twitch.tv/videos/2856081469
41ad2f1c78f0406ab5460f38115002d7,520,21873,32,13,40,https://www.youtube.com/watch?v=ds_MX57UjoU,32,13,40,https://www.youtube.com/watch?v=ds_MX57UjoU,0,0,0,,0,0,0,0,
73abc31606db493f971f679dfde4f7e5,519,62892,48,13,1632,https://www.youtube.com/watch?v=kINALIQWm4k,48,13,110,https://www.youtube.com/watch?v=4tPlsjZD7-c,107,35,1632,https://www.youtube.com/watch?v=kINALIQWm4k,86,0,0,0,
8e65ff08f84f46148a79346978db81c8,517,86906,145,67,1604,https://www.youtube.com/watch?v=JLp8U_8X85w,129,40,862,https://www.youtube.com/watch?v=GBqv4aQitUs,1044,301,1604,https://www.youtube.com/watch?v=JLp8U_8X85w,0,0,0,0,
aa182728aa6d44c4ae37caa7cdb8ed29,517,21889,0,0,0,,0,0,0,,0,0,0,,221,0,0,0,
b7b1cb60f1c24c0ea4fb1f506d3e247a,517,13791,45,20,45,https://www.youtube.com/watch?v=ira4rlJBXtw,0,0,0,,45,20,45,https://www.youtube.com/watch?v=ira4rlJBXtw,1580,178,103,422,https://www.twitch.tv/videos/2847959294
2bffdc20e3cb48de9bf46600f62d248e,515,27194,44,17,65,https://www.youtube.com/watch?v=AyIiTzFzBzE,44,17,65,https://www.youtube.com/watch?v=AyIiTzFzBzE,0,0,0,,290,0,0,0,
ffdc53dc3c764656a2f76031ee262b60,513,7305,0,0,0,,0,0,0,,0,0,0,,228,0,0,0,
17a340801a7d4697be53c472c621993d,512,26178,0,0,0,,0,0,0,,0,0,0,,796,74,65,105,https://www.twitch.tv/videos/2853416906
1a95847597f04ae39d6f0d9caba04a5f,512,19561,0,0,0,,0,0,0,,0,0,0,,1595,436,313,526,https://www.twitch.tv/videos/2848541604
cbee87914d63402b825bf74d25333236,512,17931,102,28,107,https://www.youtube.com/watch?v=SmRBHn51GW8,102,28,107,https://www.youtube.com/watch?v=SmRBHn51GW8,0,0,0,,0,0,0,0,
52136fb3529d4f5eb5225ade4209b8b3,508,12154,0,0,0,,0,0,0,,0,0,0,,0,0,0,0,
c269bafe425f470e957731c454b8925c,508,40592,0,0,0,,0,0,0,,0,0,0,,573,0,0,0,
af41302aa9184c2dbc25d2ed16e878fc,507,90125,29,15,79,https://www.youtube.com/watch?v=btKHMmhEvCk,29,15,79,https://www.youtube.com/watch?v=btKHMmhEvCk,0,0,0,,264,0,0,0,
323c21f9e49f47d48609f698a3f81fd5,507,6188,0,0,0,,0,0,0,,0,0,0,,0,0,0,0,
aedfb89bad4545379af018f5933bddb7,504,28878,93,40,136,https://www.youtube.com/watch?v=COElg-jrvHw,93,40,136,https://www.youtube.com/watch?v=COElg-jrvHw,0,0,0,,28,0,0,0,
423ee3a5dbd549f19893a1823856b8dc,504,72208,0,0,0,,0,0,0,,0,0,0,,487,47,37,47,https://www.twitch.tv/videos/2854180885
442edbdb59fe4979a2be3e5183258cf8,502,22928,30,10,44,https://www.youtube.com/watch?v=YMWI210fGt4,31,11,44,https://www.youtube.com/watch?v=YMWI210fGt4,10,4,10,https://www.youtube.com/watch?v=zVgXLhEx_hg,0,0,0,0,
8db6aab32c8e45c8a70d0850bfcd3e5c,502,27574,45,7,45,https://www.youtube.com/watch?v=2fJT6oqLkXA,45,7,45,https://www.youtube.com/watch?v=2fJT6oqLkXA,0,0,0,,150,0,0,0,
6926325d2c1c4c4e87f7be69ab675d53,500,109814,74,38,751,https://www.youtube.com/watch?v=nKvPJvIwpHE,70,28,148,https://www.youtube.com/watch?v=G4cG-frV1TU,468,373,751,https://www.youtube.com/watch?v=nKvPJvIwpHE,0,0,0,0,
c699beab8e8a4064849c977b67058447,495,21764,0,0,0,,0,0,0,,0,0,0,,1329,96,88,101,https://www.twitch.tv/videos/2856741680
533e7b1b50ba448292c09c5845d68eb6,495,9656,175,142,175,https://www.youtube.com/watch?v=AyOvf1Ltzjw,0,0,0,,175,142,175,https://www.youtube.com/watch?v=AyOvf1Ltzjw,287,79,63,79,https://www.twitch.tv/videos/2854189533
54355102572e408183af55831cb98e3a,494,28456,81,25,81,https://www.youtube.com/watch?v=LRC-1mE_kh0,81,25,81,https://www.youtube.com/watch?v=LRC-1mE_kh0,0,0,0,,181,0,0,0,
09c9c71c41e24e7d9498ce41a78dae1c,494,13544,0,0,0,,0,0,0,,0,0,0,,462,0,0,0,
1bf9786ba55042b9ae3294dadfc7b40d,492,19681,43,9,78,https://www.youtube.com/watch?v=C48_T3pNHxY,43,9,78,https://www.youtube.com/watch?v=C48_T3pNHxY,0,0,0,,0,0,0,0,
45d566a561914da0a15a5a21574eb30a,491,8132,47,23,85,https://www.youtube.com/watch?v=8mhBxh4RHOA,47,23,85,https://www.youtube.com/watch?v=8mhBxh4RHOA,0,0,0,,0,0,0,0,
51f3508054da4987b4e8f659e4d28d1d,490,3132,0,0,0,,0,0,0,,0,0,0,,4929,583,223,653,https://www.twitch.tv/videos/2833436176
e306270e80094416818cfddb33153419,487,18907,0,0,0,,0,0,0,,0,0,0,,0,0,0,0,
6d1b01658ae74a7f91c7f60b5abe1cb2,486,47275,60,59,97,https://www.youtube.com/watch?v=fjEetCAVFk0,72,60,97,https://www.youtube.com/watch?v=fjEetCAVFk0,39,31,79,https://www.youtube.com/watch?v=Sle9FcwqmnA,0,0,0,0,
085ed0ddc3294678b9570fdbcf581c64,486,269,0,0,0,,0,0,0,,0,0,0,,31244,476,259,2086,https://www.twitch.tv/videos/2846467827
a42c38cc7c0b4812b9bc79ab5f2d84f3,485,39090,66,35,1566,https://www.youtube.com/watch?v=3_2XyUQvAhg,38,14,42,https://www.youtube.com/watch?v=aZIPL1T3g-k,297,49,1566,https://www.youtube.com/watch?v=3_2XyUQvAhg,0,0,0,0,
91f5b04be2e74f64b03e0774cc275748,482,21085,0,0,0,,0,0,0,,0,0,0,,0,0,0,0,
e41bf48a09d64e4aa3d96064a9a63b08,482,90570,0,0,0,,0,0,0,,0,0,0,,70,0,0,0,
88917b370d0041d8be65372342c92523,481,25452,14,8,98,https://www.youtube.com/watch?v=XpScCFKybxw,0,0,0,,14,8,98,https://www.youtube.com/watch?v=XpScCFKybxw,2133,491,216,942,https://www.twitch.tv/videos/2856870564
acb95c574d8444cd80102796e0d56edd,479,66518,0,0,0,,0,0,0,,0,0,0,,219,0,0,0,
7652b3bd3da6418cbf02c85057077b54,478,12676,36,14,96,https://www.youtube.com/watch?v=Dcibw1RdTPg,36,14,96,https://www.youtube.com/watch?v=Dcibw1RdTPg,0,0,0,,279,0,0,0,
6695a7e8f824489881f2c321501a36a6,478,25662,23,6,93,https://www.youtube.com/watch?v=0EwNbo9UkhQ,23,6,93,https://www.youtube.com/watch?v=0EwNbo9UkhQ,0,0,0,,0,0,0,0,
09945e9139af4f3a96e6adfd73139d35,477,16676,0,0,0,,0,0,0,,0,0,0,,1605,116,62,116,https://www.twitch.tv/videos/2846951616
7677c9c71c0a4decad1472b7ecc604bb,475,6106,0,0,0,,0,0,0,,0,0,0,,487,0,0,0,
7168995b95ab439aa7cf1f3099d7bd88,474,68792,809,389,962,https://www.youtube.com/watch?v=48W0NFatAr8,0,0,0,,809,389,962,https://www.youtube.com/watch?v=48W0NFatAr8,3929,0,0,0,
30e2594ce7cf4bc3a7e536639b15ff30,474,11792,35,14,114,https://www.youtube.com/watch?v=S_ebbK7gmZI,35,14,114,https://www.youtube.com/watch?v=S_ebbK7gmZI,0,0,0,,323,80,66,108,https://www.twitch.tv/videos/2852280194
d2da40bb201e49ddbd6a8780bfaf8b63,474,15161,0,0,0,,0,0,0,,0,0,0,,1337,0,0,0,
d148768158984ce8b3a8214b1fb3dafc,472,9737,93,17,242,https://www.youtube.com/watch?v=Y9amOPVUV3w,91,19,155,https://www.youtube.com/watch?v=AXm2nFKG1q8,242,0,242,https://www.youtube.com/watch?v=Y9amOPVUV3w,179,0,0,0,
451162e7f4c041edb3447732eba1937a,472,3249,0,0,0,,0,0,0,,0,0,0,,112,0,0,0,
037bc9366d5949b0877707007b4b1ed5,472,22763,0,0,0,,0,0,0,,0,0,0,,360,0,0,0,
3981c01691a44d708da1191e9546eaad,471,34524,39,16,64,https://www.youtube.com/watch?v=uQNDTSJMmUY,39,16,64,https://www.youtube.com/watch?v=uQNDTSJMmUY,0,0,0,,0,0,0,0,
294b1c29030244c784387782c0cb6aee,470,13567,60,40,60,https://www.youtube.com/watch?v=KGud0cDHU2Q,60,40,60,https://www.youtube.com/watch?v=KGud0cDHU2Q,0,0,0,,0,0,0,0,
23335565d59c404080e9c06f437b011b,470,72835,0,0,0,,0,0,0,,0,0,0,,1142,0,0,0,
2efb6dc7796c4ce792c196d27af0df87,469,60635,80,38,1799,https://www.youtube.com/watch?v=P0-RAc0WUt8,64,31,119,https://www.youtube.com/watch?v=j3uWHHH5iPk,293,131,1799,https://www.youtube.com/watch?v=P0-RAc0WUt8,0,0,0,0,
3513b73ded994bc3a92a70c9632c9856,469,7941,0,0,0,,0,0,0,,0,0,0,,7127,293,239,331,https://www.twitch.tv/videos/2856747180
fb17cff93fa94c8ea8b052f497f27fb4,468,21971,0,0,0,,0,0,0,,0,0,0,,17,0,0,0,
2dc29f6b05584c718c60034af9883496,467,104265,0,0,0,,0,0,0,,0,0,0,,0,0,0,0,
6717d34e87574888848bc45c86bd80e6,465,31086,0,0,0,,0,0,0,,0,0,0,,1303,258,200,537,https://www.twitch.tv/videos/2851377495
4abb927b8dc049768d63b4a8e229e8cc,465,0,0,0,0,,0,0,0,,0,0,0,,0,0,0,0,
59e3094256344f8c83a3f4355b8b667b,464,0,0,0,0,,0,0,0,,0,0,0,,2589,0,0,0,
0c2cb722c6ab4e3890139c922c80d4d8,462,4078,0,0,0,,0,0,0,,0,0,0,,189,0,0,0,
3a13b2827ef048859006a3acb74c175a,462,10480,0,0,0,,0,0,0,,0,0,0,,7058,6017,4754,36571,https://www.twitch.tv/videos/2854979843
2df2e0bc14fa4450a0d17d294b5a0bc0,462,32009,0,0,0,,0,0,0,,0,0,0,,0,0,0,0,
9189101a4bb740de969b772dde92125a,460,5864,0,0,0,,0,0,0,,0,0,0,,1142,0,0,0,
735a3d989210437f9e5b8e7a7ba6d88a,459,21553,185,34,1203,https://www.youtube.com/watch?v=TEPF45SzuaU,70,25,82,https://www.youtube.com/watch?v=MzY0-j09pr4,602,151,1203,https://www.youtube.com/watch?v=TEPF45SzuaU,130,0,0,0,
d017bd7855e547298906060f0e9b442e,459,14210,900,210,900,https://www.youtube.com/watch?v=2K59bLIIl-U,0,0,0,,900,210,900,https://www.youtube.com/watch?v=2K59bLIIl-U,1527,180,114,252,https://www.twitch.tv/videos/2851348035
9e3222bedec44f1a8fecdc237c020cbd,458,138689,29,6,29,https://www.youtube.com/watch?v=4b25iDznytU,0,0,0,,29,6,29,https://www.youtube.com/watch?v=4b25iDznytU,333,21,14,31,https://www.twitch.tv/videos/2851591441
da165e838dfe49aea3f91457f3825657,458,10628,0,0,0,,0,0,0,,0,0,0,,0,0,0,0,
f2b0bc3e82024bd3ae1c7cb5fe926829,457,14646,34,20,74,https://www.youtube.com/watch?v=4Mxl5LUKN_Q,34,20,74,https://www.youtube.com/watch?v=4Mxl5LUKN_Q,0,0,0,,0,0,0,0,
a27f33f32dd2414c8c6843f8783a32f0,457,13174,0,0,0,,0,0,0,,0,0,0,,0,0,0,0,
b423123a68df4ac88b2a376ae5fd3b89,456,19973,59,24,1151,https://www.youtube.com/watch?v=UDjuNYL3vlY,51,23,131,https://www.youtube.com/watch?v=GP4dOmod140,1017,770,1151,https://www.youtube.com/watch?v=UDjuNYL3vlY,0,0,0,0,
238b4a68bcde4f3bbf18b0b01f66ec43,455,28025,0,0,0,,0,0,0,,0,0,0,,0,0,0,0,
c822d7ffe24248fdbca2f3b1bdfd1139,455,86626,0,0,0,,0,0,0,,0,0,0,,3006,0,0,0,
0a5bbdc460184f279cb8c7965a1d6098,455,79439,51,14,1792,https://www.youtube.com/watch?v=-KGdaXAr_3I,0,0,0,,51,14,1792,https://www.youtube.com/watch?v=-KGdaXAr_3I,247,37,30,77,https://www.twitch.tv/videos/2850497985
62ca936be6c645a7bf2222b67086800a,453,38200,0,0,0,,0,0,0,,0,0,0,,1147,116,64,180,https://www.twitch.tv/videos/2854850409
40f76b568f384790a1a089bb6619ddb2,453,9978,46,25,49,https://www.youtube.com/watch?v=ygO1kfJDTjU,46,25,49,https://www.youtube.com/watch?v=ygO1kfJDTjU,0,0,0,,1211,97,45,281,https://www.twitch.tv/videos/2835275083
7b578956fab14341919193c03ca3ab32,452,11266,0,0,0,,0,0,0,,0,0,0,,0,0,0,0,
6c9b67b00b3c4940a6af6a6604b0b1fd,450,12406,0,0,0,,0,0,0,,0,0,0,,0,0,0,0,
5e5a5e77c39148ef8f31ccc1c63fdcd4,449,7974,0,0,0,,0,0,0,,0,0,0,,45,0,0,0,
42ff41f7d6884ae8b93ed46415376d83,449,13121,22,6,27,https://www.youtube.com/watch?v=-ODAXoEar7o,22,6,27,https://www.youtube.com/watch?v=-ODAXoEar7o,0,0,0,,0,0,0,0,
74beedbc5f694a2c94fe73545ba4037d,448,24995,66,20,66,https://www.youtube.com/watch?v=UTLrQrybxOk,66,20,66,https://www.youtube.com/watch?v=UTLrQrybxOk,0,0,0,,232,0,0,0,
6ec876adec524585af913c1585e8df1f,447,10075,100,89,128,https://www.youtube.com/watch?v=AH3xTrURgtQ,0,0,0,,100,89,128,https://www.youtube.com/watch?v=AH3xTrURgtQ,1651,0,0,0,
c6e955ae1fce48678120bc086a436073,443,21388,0,0,0,,0,0,0,,0,0,0,,0,0,0,0,
64d9adbc552c487db0cdf42ac3845e18,441,38130,0,0,0,,0,0,0,,0,0,0,,70,0,0,0,
7f3411a01ffc45bab4f25f088131bb50,441,5306,38,15,135,https://www.youtube.com/watch?v=KyTPlIow_fY,38,15,135,https://www.youtube.com/watch?v=KyTPlIow_fY,0,0,0,,0,0,0,0,
904217f39af144a9b922beab57e61ae4,441,15520,98,43,294,https://www.youtube.com/watch?v=tCNIH6-U3yU,98,43,294,https://www.youtube.com/watch?v=tCNIH6-U3yU,0,0,0,,400,69,44,236,https://www.twitch.tv/videos/2848502944
f9444f6d790344a4a51a301110665229,439,10269,74,38,1720,https://www.youtube.com/watch?v=Yc0c1-nlcd8,72,32,184,https://www.youtube.com/watch?v=1_EHM-0gguc,801,344,1720,https://www.youtube.com/watch?v=Yc0c1-nlcd8,0,0,0,0,
c92baa46ff4e41c9918ad2427c0853d6,438,24593,0,0,0,,0,0,0,,0,0,0,,4525,215,123,310,https://www.twitch.tv/videos/2846021002
c5ac07b79a304f37b039266446fd4f3b,435,25298,0,0,0,,0,0,0,,0,0,0,,0,0,0,0,
502d093ba13d45de84602b54a1dc6e6c,433,22099,36,14,191,https://www.youtube.com/watch?v=iqqHytANyfA,139,81,191,https://www.youtube.com/watch?v=iqqHytANyfA,28,12,91,https://www.youtube.com/watch?v=a5iP3bir9Fo,191,0,0,0,
a56567301c734548bad86e8ace7d9140,432,52163,0,0,0,,0,0,0,,0,0,0,,0,0,0,0,
5fbf4f6751f24d03a5723670cd500aca,428,11152,0,0,0,,0,0,0,,0,0,0,,785,106,68,203,https://www.twitch.tv/videos/2848647590
c7400e2934c646e49f7df1816de41360,427,19059,0,0,0,,0,0,0,,0,0,0,,24,0,0,0,
da3d722ffea34b5b87fbb62c6026cba2,426,13157,0,0,0,,0,0,0,,0,0,0,,141,0,0,0,
5000b613025542c498cd6ab2287865c6,424,2814,0,0,0,,0,0,0,,0,0,0,,3869,579,361,1020,https://www.twitch.tv/videos/2854863167
8eaa819167de4fefb116ee8f88850d85,422,31,0,0,0,,0,0,0,,0,0,0,,153,11,11,22,https://www.twitch.tv/videos/2858765321
f3fe9fb6de2a477fae878a39924c15bd,422,12014,0,0,0,,0,0,0,,0,0,0,,3062,0,0,0,
bd119628dae64d45b71b44e0f158f23a,421,4759,0,0,0,,0,0,0,,0,0,0,,3858,0,0,0,
fd5a1e004f224586aa65f9c5b374cc4a,420,7802,0,0,0,,0,0,0,,0,0,0,,5409,716,196,1341,https://www.twitch.tv/videos/2848343047
8c494e45ce5b462aa744d46bbdc54021,420,86727,36,20,101,https://www.youtube.com/watch?v=w4k2cEAprC4,36,20,101,https://www.youtube.com/watch?v=w4k2cEAprC4,0,0,0,,268,22,18,25,https://www.twitch.tv/videos/2853900989
1cddca10dd334373b8f51b3b0ed2efe4,419,26332,2,1,4,https://www.youtube.com/watch?v=RIy2YBtbZ8U,0,0,0,,2,1,4,https://www.youtube.com/watch?v=RIy2YBtbZ8U,0,0,0,0,
f0f6694a60de4fb799b3f315abbaf7b6,419,19180,0,0,0,,0,0,0,,0,0,0,,0,0,0,0,
28c152a7489b4402960bd4bd36b7229b,417,42316,6,1,43,https://www.youtube.com/watch?v=NVa0awGFQLo,0,0,0,,6,1,43,https://www.youtube.com/watch?v=NVa0awGFQLo,227,50,40,68,https://www.twitch.tv/videos/2850557520
4a2df649332047d3b733c88209925f4c,417,8437,0,0,0,,0,0,0,,0,0,0,,1242,0,0,0,
26ae367c497f410399b769ded171d29f,417,6507,156,154,156,https://www.youtube.com/watch?v=gu0xciDAwmE,156,154,156,https://www.youtube.com/watch?v=gu0xciDAwmE,0,0,0,,0,0,0,0,
31888d1a66654eee82d4dd22017db978,416,78406,164,38,1550,https://www.youtube.com/watch?v=cxiuQ__AlG8,0,0,0,,164,38,1550,https://www.youtube.com/watch?v=cxiuQ__AlG8,4,0,0,0,
7232734df59c4e099205c7685007d8d4,415,86013,0,0,1,https://www.youtube.com/watch?v=Z7_Gqbs70n0,0,0,0,,0,0,1,https://www.youtube.com/watch?v=Z7_Gqbs70n0,981,60,54,99,https://www.twitch.tv/videos/2856776284
7d0d99e77f624bdc934b17212a39a894,415,2058,0,0,0,,0,0,0,,0,0,0,,4168,252,194,293,https://www.twitch.tv/videos/2852401478
a2ca2eb4da5b4df3aa59637e1dbc260b,415,3302,0,0,0,,0,0,0,,0,0,0,,709,0,0,0,
5c70a4710fca4b86ac63d56b0e894284,414,30771,0,0,0,,0,0,0,,0,0,0,,0,0,0,0,
b932ddb915af47ec948b56d4bf901dab,413,9192,122,45,184,https://www.youtube.com/watch?v=zUjijN8G2yU,122,45,184,https://www.youtube.com/watch?v=zUjijN8G2yU,0,0,0,,0,0,0,0,
f0987ff6444945558cd159a508cd823f,412,7449,0,0,0,,0,0,0,,0,0,0,,2771,879,431,1463,https://www.twitch.tv/videos/2843113800
f771e51357eb44d2820afd47aba3b546,411,9948,0,0,0,,0,0,0,,0,0,0,,376,46,40,60,https://www.twitch.tv/videos/2847060398
7051e693d03645bda16b3591f06ebd3f,410,20600,0,0,0,,0,0,0,,0,0,0,,0,0,0,0,
3d5a0befb7b042f697f70d5fb3d6ab94,409,11203,0,0,0,,0,0,0,,0,0,0,,0,0,0,0,
a5fe6adcf3bd42b79475803c56a11832,408,28722,940,314,1035,https://www.youtube.com/watch?v=MmPhicKvIgI,0,0,0,,940,314,1035,https://www.youtube.com/watch?v=MmPhicKvIgI,70,37,23,59,https://www.twitch.tv/videos/2858561141
7d11ed1b02104cf58efd2df6cbc1ef69,408,20670,0,0,0,,0,0,0,,0,0,0,,1186,74,57,98,https://www.twitch.tv/videos/2858765414
49150fef0c1f4c0e9e18567224a7bf5c,406,5795,60,34,110,https://www.youtube.com/watch?v=Mf5GzMNjDtw,60,34,110,https://www.youtube.com/watch?v=Mf5GzMNjDtw,0,0,0,,0,0,0,0,
be45601754a44c568c9f60f7d2847ccb,405,15243,101,52,139,https://www.youtube.com/watch?v=FIHv2qJEw14,101,52,139,https://www.youtube.com/watch?v=FIHv2qJEw14,0,0,0,,0,0,0,0,
2f32fa150b4b4572bb6dd1a8e8c94ff1,405,12819,0,0,0,,0,0,0,,0,0,0,,4072,890,556,2173,https://www.twitch.tv/videos/2849844657
d11123a75b874ad2bb120bb237e94c8d,404,2955,0,0,0,,0,0,0,,0,0,0,,4730,0,0,0,
00ddd14a74df4e2488319ea2ce25770c,404,224,0,0,0,,0,0,0,,0,0,0,,1208,0,0,0,
ec198b33036c436591c01ee93976b6a3,403,1595,0,0,0,,0,0,0,,0,0,0,,0,0,0,0,
cc85e4120c0746b7925c898a963f0747,403,22284,0,0,0,,0,0,0,,0,0,0,,0,0,0,0,
4e1dd2ab9e4b4c71bced0c5987cf9be7,402,16716,0,0,0,,0,0,0,,0,0,0,,2941,160,131,267,https://www.twitch.tv/videos/2853857076
52d7a40d46034062ad2fc29b4a2a9198,402,44075,0,0,0,,0,0,0,,0,0,0,,3564,790,450,3413,https://www.twitch.tv/videos/2839573880
e63fd2ead17a4b57b256fcd55fe83b0e,400,34434,32,8,119,https://www.youtube.com/watch?v=coxtNgfWiBg,32,8,119,https://www.youtube.com/watch?v=coxtNgfWiBg,0,0,0,,330,32,21,40,https://www.twitch.tv/videos/2846820282
c5e956bdce614dddbeddfaf6ada4200d,400,20870,27,11,183,https://www.youtube.com/watch?v=942v9_itRAg,27,11,183,https://www.youtube.com/watch?v=942v9_itRAg,0,0,0,,0,0,0,0,
e9569c3f60c541ab83899c09079feaa2,399,8905,50,16,1190,https://www.youtube.com/watch?v=H6DJVDTXqMc,50,16,1190,https://www.youtube.com/watch?v=H6DJVDTXqMc,0,0,0,,2956,0,0,0,
4693c4a0f4284a429f353419a3fc547c,399,67828,176,123,1095,https://www.youtube.com/watch?v=eXtBKAgLFIE,139,125,772,https://www.youtube.com/watch?v=R-_wTZ1X0ow,758,120,1095,https://www.youtube.com/watch?v=eXtBKAgLFIE,0,0,0,0,
6c166d9128e74147a5c0b1dbf89c885c,398,4550,0,0,0,,0,0,0,,0,0,0,,0,0,0,0,
d50d9b85f098470c8220cd99de802b17,397,21010,50,17,50,https://www.youtube.com/watch?v=fwSfEaK5MX8,50,17,50,https://www.youtube.com/watch?v=fwSfEaK5MX8,0,0,0,,0,0,0,0,
836015916a40475bb608e8c6a69b6a09,395,31247,0,0,0,,0,0,0,,0,0,0,,0,0,0,0,
05055e62d34241888df31217ac25e671,394,20836,0,0,0,,0,0,0,,0,0,0,,1626,74,43,195,https://www.twitch.tv/videos/2854058567
b0ec0f1ffbd8426982e7ca40d4b1064b,394,9155,0,0,0,,0,0,0,,0,0,0,,0,0,0,0,
b386124230514f5fa128ad046e85f12f,393,5794,0,0,0,,0,0,0,,0,0,0,,436,0,0,0,
6eac5ce6527b4513bcff4b38d277b5cc,393,35804,455,134,1503,https://www.youtube.com/watch?v=angD4R5-K1o,0,0,0,,455,134,1503,https://www.youtube.com/watch?v=angD4R5-K1o,192,0,0,0,
93bf43bc175742cd8c7af6b80687cd84,393,43336,0,0,0,,0,0,0,,0,0,0,,1694,201,179,216,https://www.twitch.tv/videos/2854953095
d3b5f619038a4c488d36aeaeddc0f790,393,7241,0,0,0,,0,0,0,,0,0,0,,0,0,0,0,
e802bcea6eb04ce6aa9041aa5e06ceae,392,12186,0,0,0,,0,0,0,,0,0,0,,0,0,0,0,
21fcf23549a74111bbe31c949245e2cd,391,12686,0,0,0,,0,0,0,,0,0,0,,0,0,0,0,
e1bc34a2b6ac4d86ad6758cef724e7dc,391,10955,0,0,0,,0,0,0,,0,0,0,,498,383,260,463,https://www.twitch.tv/videos/2856781065
577fdbca86fa4414a153b5ebdcab90d4,390,2089,0,0,0,,0,0,0,,0,0,0,,1948,0,0,0,
f46e5ebb899548cab53d24f1901315b0,389,15667,103,60,166,https://www.youtube.com/watch?v=edw6eW9-Mic,103,60,166,https://www.youtube.com/watch?v=edw6eW9-Mic,0,0,0,,141,0,0,0,
9ee3c9b53c0048329175370a5868300b,385,36522,0,0,0,,0,0,0,,0,0,0,,0,0,0,0,
cce33288177341058833d8b4a093b03f,385,28884,0,0,0,,0,0,0,,0,0,0,,0,0,0,0,
5f68c9b585ad40c0ada7697c9b7f5055,384,4900,1226,201,1327,https://www.youtube.com/watch?v=dPwZfXFg3Rc,0,0,0,,1226,201,1327,https://www.youtube.com/watch?v=dPwZfXFg3Rc,7592,549,146,645,https://www.twitch.tv/videos/2847703014
4e78d5ae75144358a0384df9822c60bc,383,9206,0,0,0,,0,0,0,,0,0,0,,748,259,208,332,https://www.twitch.tv/videos/2852370760
3802b3f13284406cb4bc3f775690add5,383,16330,418,401,2143,https://www.youtube.com/watch?v=RQx38EM4ssU,0,0,0,,418,401,2143,https://www.youtube.com/watch?v=RQx38EM4ssU,329,0,0,0,
dbf7b5a346e645f7be7d0d19d2193bc5,383,142768,0,0,0,,0,0,0,,0,0,0,,0,0,0,0,
c11749c10e1941a9adb2a231eee2f2ea,382,9585,0,0,0,,0,0,0,,0,0,0,,312,0,0,0,
2f7da7d6dbe84301b4ef52240cc05e9b,382,25719,0,0,0,,0,0,0,,0,0,0,,1180,0,0,0,
670df075e5f9402bbcb6369685838b02,382,13638,19,6,70,https://www.youtube.com/watch?v=2H1My5Sv2CQ,19,6,70,https://www.youtube.com/watch?v=2H1My5Sv2CQ,0,0,0,,0,0,0,0,
b3b24f0ebecc45118f88f12042bd59c8,382,63266,0,0,0,,0,0,0,,0,0,0,,0,0,0,0,
c97b665a89c34600be01f83eb1f77063,380,11749,0,0,0,,0,0,0,,0,0,0,,0,0,0,0,
6d83214d4d964bc9a236f4cbdd8d99e4,380,7420,94,48,204,https://www.youtube.com/watch?v=RjErbTBXxp8,94,48,204,https://www.youtube.com/watch?v=RjErbTBXxp8,0,0,0,,47,0,0,0,
64e20992295c4be984e9af0a470d6440,378,4749,0,0,0,,0,0,0,,0,0,0,,5406,0,0,0,
a2ceea65ce58431085b1366a0cfe9c61,375,0,0,0,0,,0,0,0,,0,0,0,,0,0,0,0,
d334f3b3ba8b4e43bd7b5a237a7b4476,373,49309,87,59,1094,https://www.youtube.com/watch?v=m0zGEoJ1gMw,79,53,141,https://www.youtube.com/watch?v=eKMYTA8dyYU,1071,341,1094,https://www.youtube.com/watch?v=m0zGEoJ1gMw,43,0,0,0,
e443b9e0c3524137ba2774625c6c78cd,372,10083,927,206,1135,https://www.youtube.com/watch?v=9PnVDlYXkCQ,0,0,0,,927,206,1135,https://www.youtube.com/watch?v=9PnVDlYXkCQ,715,35,21,64,https://www.twitch.tv/videos/2849611544
9434be74cca5450789bf73aa4359b542,369,4963,0,0,0,,0,0,0,,0,0,0,,0,0,0,0,
4f8936d4899d4e2c83bf949bc61b2bd2,369,10641,0,0,0,,0,0,0,,0,0,0,,227,0,0,0,
652b28416c394eed93337f121c0dcbf5,368,17029,47,20,82,https://www.youtube.com/watch?v=qSdUi0F6v4Q,47,20,82,https://www.youtube.com/watch?v=qSdUi0F6v4Q,0,0,0,,0,0,0,0,
8013fa67a08945a5b4b976156b6f610f,366,6626,0,0,0,,0,0,0,,0,0,0,,388,77,70,78,https://www.twitch.tv/videos/2856900039
a8e0ec03cb0a4e0292228e1a6ed35e6a,366,9402,947,880,947,https://www.youtube.com/watch?v=KM09LYsjnvM,0,0,0,,947,880,947,https://www.youtube.com/watch?v=KM09LYsjnvM,874,24,19,50,https://www.twitch.tv/videos/2852878633
9be839573d1a4944a93740ca42fa65d4,364,20191,0,0,0,,0,0,0,,0,0,0,,1557,174,149,287,https://www.twitch.tv/videos/2858784391
07930a961f0b4078a14f0a57f0a93965,361,28303,78,35,102,https://www.youtube.com/watch?v=kwftO6XmnxU,78,35,102,https://www.youtube.com/watch?v=kwftO6XmnxU,0,0,0,,0,0,0,0,
1c096a5610c0459b84c74213c3b30f85,360,32314,0,0,0,,0,0,0,,0,0,0,,211,0,0,0,
60a64aca51ed4528895fe35b08231670,360,13377,0,0,5,https://www.youtube.com/watch?v=EV5MXQTipNU,0,0,0,,0,0,5,https://www.youtube.com/watch?v=EV5MXQTipNU,407,14,9,18,https://www.twitch.tv/videos/2846958883
682e400513134d0bacfa85513958c64d,359,6809,0,0,0,,0,0,0,,0,0,0,,1020,153,81,305,https://www.twitch.tv/videos/2846728558
27a484e8f53a433396e73bea886fa2cb,356,20057,0,0,0,,0,0,0,,0,0,0,,0,0,0,0,
f2f74f42d7e44c2b8c71807abd0967f3,356,93884,0,0,0,,0,0,0,,0,0,0,,3154,651,441,2024,https://www.twitch.tv/videos/2847704761
db3a6f094c3146c2ab6f2f267337f132,355,9279,0,0,0,,0,0,0,,0,0,0,,1386,0,0,0,
7ee1b473a5584a1a85973acfa45e0e1d,352,9862,0,0,0,,0,0,0,,0,0,0,,0,0,0,0,
4fc02db3aab84e6cb526c02405d18c6e,352,17663,0,0,0,,0,0,0,,0,0,0,,147,0,0,0,
e73e2554e6754cadb0b836bb1fcfdaf7,349,35921,112,39,1161,https://www.youtube.com/watch?v=-NnGuBUWs-0,81,38,329,https://www.youtube.com/watch?v=Mws7O-Q9efA,318,193,1161,https://www.youtube.com/watch?v=-NnGuBUWs-0,58,14,12,25,https://www.twitch.tv/videos/2853175182
1af1c5f8526a4396820151df1bff37b7,349,30627,77,39,386,https://www.youtube.com/watch?v=F5srZwgCY4M,76,30,140,https://www.youtube.com/watch?v=6_HHwfPpmcQ,85,44,386,https://www.youtube.com/watch?v=F5srZwgCY4M,0,0,0,0,
f24626ac0ce34975a3b3fd6d8455f4f7,347,8128,0,0,0,,0,0,0,,0,0,0,,183,0,0,0,
6e56882f3f8e4911b8b67316f1265808,346,84111,0,0,0,,0,0,0,,0,0,0,,163,0,0,0,
aac7be72efc74efe9e77148fd4af7151,346,16518,21,10,76,https://www.youtube.com/watch?v=JvUiquzI_bQ,21,10,76,https://www.youtube.com/watch?v=JvUiquzI_bQ,0,0,0,,0,0,0,0,
1db7ec043f284eaea0bd2213ecce2bad,343,21687,44,19,1034,https://www.youtube.com/watch?v=Ex_HWieiArw,41,16,184,https://www.youtube.com/watch?v=ihx1nIOB3rg,1034,109,1034,https://www.youtube.com/watch?v=Ex_HWieiArw,0,0,0,0,
a1b415a04d4645399607d4b3bbe00bd7,342,21376,206,73,1598,https://www.youtube.com/watch?v=Tk54DAPH4nc,155,73,307,https://www.youtube.com/watch?v=E5-LXZkD3Wc,1598,902,1598,https://www.youtube.com/watch?v=Tk54DAPH4nc,0,0,0,0,
095d5621db8b44ed914d81f9e1183673,342,13390,44,21,362,https://www.youtube.com/watch?v=JJjCvYlO6Jo,44,21,362,https://www.youtube.com/watch?v=JJjCvYlO6Jo,0,0,0,,25,0,0,0,
513c300c8af04b8a84d18f665b66481f,341,40281,0,0,0,,0,0,0,,0,0,0,,0,0,0,0,
985e64cecc24401290c08cb7e2f4ef50,339,13541,0,0,0,,0,0,0,,0,0,0,,2084,234,129,325,https://www.twitch.tv/videos/2853142180
73755322c8e74479864369766f924be1,339,19180,0,0,0,,0,0,0,,0,0,0,,4896,300,201,300,https://www.twitch.tv/videos/2850466997
22a21c1a529f4817b8790629d8b4590f,339,66760,80,24,94,https://www.youtube.com/watch?v=R1jaUdpFvjg,0,0,0,,80,24,94,https://www.youtube.com/watch?v=R1jaUdpFvjg,106,0,0,0,
0554e298ab8041c19ce07bf0b2c315a0,339,37288,65,36,2836,https://www.youtube.com/watch?v=l7Nt1Xr8AHE,65,36,224,https://www.youtube.com/watch?v=CSEZAWFQlss,434,58,2836,https://www.youtube.com/watch?v=l7Nt1Xr8AHE,0,0,0,0,
bf7122f997f04401b0a6938abaded38c,337,19437,72,45,94,https://www.youtube.com/watch?v=e_M-bOVXpMs,72,45,94,https://www.youtube.com/watch?v=e_M-bOVXpMs,0,0,0,,0,0,0,0,
9a13461ec0e644ceb6e86381ca41d33a,337,39904,0,0,0,,0,0,0,,0,0,0,,1378,0,0,0,
d8520b0d7b424141bf19b3254d264960,336,8732,0,0,0,,0,0,0,,0,0,0,,0,0,0,0,
2e05bf5968cf4b3789a1316f5b05d857,335,67233,0,0,0,,0,0,0,,0,0,0,,0,0,0,0,
6391e2693fa6464d83fdf5d136596bb0,335,20337,32,3,1383,https://www.youtube.com/watch?v=vLWxbY4_5Ys,27,17,193,https://www.youtube.com/watch?v=TtqhN5P2wpY,42,2,1383,https://www.youtube.com/watch?v=vLWxbY4_5Ys,0,0,0,0,
92b3889a0c304d8fb9eed110bb82c60c,334,17819,0,0,0,,0,0,0,,0,0,0,,0,0,0,0,
389bd53524c74c44a32d72279b288b17,333,2905,0,0,0,,0,0,0,,0,0,0,,0,0,0,0,
5c3ea93753724a63b32071a7a580af7b,333,38402,19,5,161,https://www.youtube.com/watch?v=GNlKkbji-NY,0,0,0,,19,5,161,https://www.youtube.com/watch?v=GNlKkbji-NY,1760,25,18,37,https://www.twitch.tv/videos/2852391179
b6cc2e3d23f34ba8bbeba181d19a714c,333,6701,0,0,0,,0,0,0,,0,0,0,,4717,943,395,1873,https://www.twitch.tv/videos/2832823039
71f86178cf8545658c5c836c868a3646,331,7094,65,43,65,https://www.youtube.com/watch?v=ZutX15C3900,0,0,0,,65,43,65,https://www.youtube.com/watch?v=ZutX15C3900,1411,574,373,691,https://www.twitch.tv/videos/2847782704
3083d2b8192843958b2852553cb3bc70,331,2784,0,0,0,,0,0,0,,0,0,0,,456,82,54,108,https://www.twitch.tv/videos/2849568354
ca4210c7562b479cb3af76082fb70fcd,330,5980,0,0,0,,0,0,0,,0,0,0,,3639,737,463,2182,https://www.twitch.tv/videos/2845166835
a24116ba22c84747818b7be8cd8eb733,329,15053,13,7,150,https://www.youtube.com/watch?v=lx7JepV4e9Q,13,7,150,https://www.youtube.com/watch?v=lx7JepV4e9Q,0,0,0,,365,12,10,25,https://www.twitch.tv/videos/2846680057
5ae7e41f9b9a420d9217a0b2c6755f52,329,3674,0,0,0,,0,0,0,,0,0,0,,0,0,0,0,
803435ca691f43a4b02360926fee23d1,329,14977,27,10,103,https://www.youtube.com/watch?v=EkV25xorlao,33,15,103,https://www.youtube.com/watch?v=EkV25xorlao,10,4,10,https://www.youtube.com/watch?v=1z-0n2yYZ4A,1533,96,66,136,https://www.twitch.tv/videos/2855847378
85340d14d5654ac3b28b39b007a7dea7,329,17820,35,12,79,https://www.youtube.com/watch?v=eAu_4VNPf5I,35,12,79,https://www.youtube.com/watch?v=eAu_4VNPf5I,0,0,0,,0,0,0,0,
c4268d9874b14b3282613fa11102ce4b,328,24198,35,13,77,https://www.youtube.com/watch?v=-EPFaqwkOiI,35,13,77,https://www.youtube.com/watch?v=-EPFaqwkOiI,0,0,0,,377,46,28,66,https://www.twitch.tv/videos/2847270460
8fe313c8e0704a29a7a387b47c4f938b,328,10884,46,29,59,https://www.youtube.com/watch?v=4PEpfLYh_MI,46,29,59,https://www.youtube.com/watch?v=4PEpfLYh_MI,0,0,0,,0,0,0,0,
876c11fba4af4235857127b9af87093e,327,17191,0,0,0,,0,0,0,,0,0,0,,0,0,0,0,
82af75b290f44cd8b9a97bc5addaaf58,326,8683,72,40,72,https://www.youtube.com/watch?v=fNnaUefNHkg,72,40,72,https://www.youtube.com/watch?v=fNnaUefNHkg,0,0,0,,138,0,0,0,
46e65e217ca84bbf8d43b67c3e5a9d90,325,23895,2,0,6,https://www.youtube.com/watch?v=lKuzZar5k2Q,0,0,0,,2,0,6,https://www.youtube.com/watch?v=lKuzZar5k2Q,226,0,0,0,
cbb0ea239d8e4f65a46ada52dfb778e3,324,8986,11,5,82,https://www.youtube.com/watch?v=8jMBKLbsoEc,0,0,0,,11,5,82,https://www.youtube.com/watch?v=8jMBKLbsoEc,639,358,260,1214,https://www.twitch.tv/videos/2853827423
2af109d54b1c49968b572aa2b59664ab,323,12549,0,0,0,,0,0,0,,0,0,0,,0,0,0,0,
8a8a1d0901c04d568be19e2d8bbc9ca1,321,34508,0,0,0,,0,0,0,,0,0,0,,0,0,0,0,
d859857097fe4e9d90a2d840c0e7fca1,321,20660,0,0,0,,0,0,0,,0,0,0,,247,0,0,0,
ca161c4e0ef54cd4a311705625caf164,320,11602,0,0,0,,0,0,0,,0,0,0,,2217,0,0,0,
0f5e3935971449daa91b654886313110,320,0,0,0,0,,0,0,0,,0,0,0,,2257,0,0,0,
e32b6351f1684034955171b93b1c5e63,320,0,0,0,0,,0,0,0,,0,0,0,,1807,0,0,0,
348b76fa1b194d3d8aa28b17abe8b153,318,1210,378,99,568,https://www.youtube.com/watch?v=iLYvyZR5bPE,416,145,568,https://www.youtube.com/watch?v=iLYvyZR5bPE,378,99,378,https://www.youtube.com/watch?v=lFszrUVHpTo,0,0,0,0,
e94e1e38a611403192e4db197c2d9d91,317,7063,0,0,0,,0,0,0,,0,0,0,,0,0,0,0,
d39563dd7adf452989791068eaf4524e,316,6883,0,0,0,,0,0,0,,0,0,0,,0,0,0,0,
d88c3cbdb65940e69a3feb152dc93d6d,315,1070,0,0,0,,0,0,0,,0,0,0,,475,49,30,56,https://www.twitch.tv/videos/2853018032
8c1fe8acf675446ebb2fd046e6396983,313,37884,39,21,1577,https://www.youtube.com/watch?v=kuY-4EkZTck,26,7,39,https://www.youtube.com/watch?v=_hyOMUJgS5I,992,327,1577,https://www.youtube.com/watch?v=kuY-4EkZTck,278,28,24,33,https://www.twitch.tv/videos/2852318176
9abd60c00f0f412b978a2398b13ac4e8,312,39222,34,27,51,https://www.youtube.com/watch?v=sMwapsFfgWc,51,41,51,https://www.youtube.com/watch?v=sMwapsFfgWc,17,13,17,https://www.youtube.com/watch?v=cwCN_daVwks,0,0,0,0,
4e4cbcbc0acf410ea5a50e4a6bbafd01,312,4089,0,0,0,,0,0,0,,0,0,0,,2853,1608,1268,2088,https://www.twitch.tv/videos/2848728973
e4348f08ee98429eb6143ecbac088f1a,312,12099,248,114,1535,https://www.youtube.com/watch?v=-zNdtm0O45Y,251,122,1535,https://www.youtube.com/watch?v=-zNdtm0O45Y,32,12,32,https://www.youtube.com/watch?v=fSgjd2VEy8A,0,0,0,0,
79f4c64bde584997bf6ad38afd44b51d,311,22610,0,0,0,,0,0,0,,0,0,0,,174,32,19,32,https://www.twitch.tv/videos/2848557284
b09373e11cc74ed4b58440b9d7368172,311,25033,22,20,46,https://www.youtube.com/watch?v=LUmghSmSG8Y,22,20,46,https://www.youtube.com/watch?v=LUmghSmSG8Y,0,0,0,,0,0,0,0,
04e61f47cdf542c7b5a3b3ae569fc021,307,3068,0,0,0,,0,0,0,,0,0,0,,877,0,0,0,
df6443487ffb4142aea2b053b4aa8db7,306,48711,0,0,0,,0,0,0,,0,0,0,,1806,267,215,607,https://www.twitch.tv/videos/2850282608
72ee59fb29644f8b88a4dd3d7e91fe39,305,10511,0,0,0,,0,0,0,,0,0,0,,0,0,0,0,
2e7fa2f9a4ba4ca6a0ea1397839aafca,303,11860,29,8,58,https://www.youtube.com/watch?v=qFiHK6Ntihg,29,8,58,https://www.youtube.com/watch?v=qFiHK6Ntihg,0,0,0,,0,0,0,0,
33cabb57d2454dfdbdf7453c54429940,303,136446,1220,1178,1750,https://www.youtube.com/watch?v=eVtfHipCATo,0,0,0,,1220,1178,1750,https://www.youtube.com/watch?v=eVtfHipCATo,804,143,119,1512,https://www.twitch.tv/videos/2851472227
dfa5fefa546a40d5a677ddfff02ff3e1,302,18410,0,0,0,,0,0,0,,0,0,0,,785,0,0,0,
1895ef1f232d454aa6c18ca7812c794c,301,4578,0,0,0,,0,0,0,,0,0,0,,25,0,0,0,
6cdaf0b035d04e3794a5accd5ed8b08f,300,1921,0,0,0,,0,0,0,,0,0,0,,0,0,0,0,
3e7f5f5e829e4d4baca2a8a5916d60e4,299,3407,0,0,0,,0,0,0,,0,0,0,,3006,678,566,1231,https://www.twitch.tv/videos/2852867522
a4a9cd639c7546538ee9635b9a14989d,299,16535,0,0,0,,0,0,0,,0,0,0,,0,0,0,0,
d09b9f800b7940deb1f8a2b58a302f07,299,4280,0,0,0,,0,0,0,,0,0,0,,4269,240,193,671,https://www.twitch.tv/videos/2856051541
8ae87582ab1e4b31bfd38310afda77bd,298,3883,0,0,0,,0,0,0,,0,0,0,,1367,231,145,759,https://www.twitch.tv/videos/2851708392
e6373c7f689c44f8971ca0f83c817789,298,1980,19,7,79,https://www.youtube.com/watch?v=T-jqtgLMkN8,19,8,79,https://www.youtube.com/watch?v=T-jqtgLMkN8,4,1,4,https://www.youtube.com/watch?v=mAgxr-81k2A,235,19,14,40,https://www.twitch.tv/videos/2847776996
debdcce813bc48478ac33a0c39f05999,298,4523,326,236,796,https://www.youtube.com/watch?v=Yi0H1kM8VWk,306,261,717,https://www.youtube.com/watch?v=wNzMkwU0_OM,796,17,796,https://www.youtube.com/watch?v=Yi0H1kM8VWk,9,0,0,0,
a13421f0201540ecaccd5c207b15c425,298,16992,79,29,101,https://www.youtube.com/watch?v=622yJ64ufVg,79,29,101,https://www.youtube.com/watch?v=622yJ64ufVg,0,0,0,,0,0,0,0,
2b1ef81172474b6b8409100be2f30da7,297,4641,0,0,0,,0,0,0,,0,0,0,,2660,840,468,2830,https://www.twitch.tv/videos/2855891478
f3757b8d656f48749cada897ce597abc,297,7964,0,0,0,,0,0,0,,0,0,0,,0,0,0,0,
2d2dc667f7a9488092e67b0475dc3774,296,2814,0,0,0,,0,0,0,,0,0,0,,206,0,0,0,
964a0dde279c45ea85ffc6ad5d266206,296,11154,0,0,0,,0,0,0,,0,0,0,,1095,96,74,96,https://www.twitch.tv/videos/2853260812
e773129f910c4bd182f3b702c9ec1b55,295,10622,32,11,71,https://www.youtube.com/watch?v=o7_fqNMTvMY,32,11,71,https://www.youtube.com/watch?v=o7_fqNMTvMY,0,0,0,,0,0,0,0,
05d19eac5d22427f916e6fa59bf17b3b,295,87080,2,1,371,https://www.youtube.com/watch?v=OFjQW8aqG7g,0,0,0,,2,1,371,https://www.youtube.com/watch?v=OFjQW8aqG7g,2557,260,202,385,https://www.twitch.tv/videos/2847756799
25619abc5e0d4f79839e48d83234eaf8,294,6877,21,9,90,https://www.youtube.com/watch?v=Cv9yX0SeRJY,21,9,90,https://www.youtube.com/watch?v=Cv9yX0SeRJY,0,0,0,,756,30,22,39,https://www.twitch.tv/videos/2846915548
479b23215fd84e0387e4f95c8bdfb127,292,117886,0,0,0,,0,0,0,,0,0,0,,0,0,0,0,
f4935cf7bbb94ae88202ee7ab6d6b92b,292,0,0,0,0,,0,0,0,,0,0,0,,50,0,0,0,
eabec2cff9fb48cdb79965d77a56f47d,292,20634,124,39,589,https://www.youtube.com/watch?v=TaStYIFPGGs,133,29,286,https://www.youtube.com/watch?v=adMqAca5vJk,85,48,589,https://www.youtube.com/watch?v=TaStYIFPGGs,0,0,0,0,
9add5efb4665440e8e021a9c3ced6095,292,42244,1593,957,4160,https://www.youtube.com/watch?v=EmoTHeFI4Ws,0,0,0,,1593,957,4160,https://www.youtube.com/watch?v=EmoTHeFI4Ws,0,0,0,0,
68fd874932e3457989d88d4f7f474260,291,18393,46,24,1385,https://www.youtube.com/watch?v=yUP47rFPVB8,41,23,217,https://www.youtube.com/watch?v=aLI8m5hYbPk,957,284,1385,https://www.youtube.com/watch?v=yUP47rFPVB8,140,53,43,167,https://www.twitch.tv/videos/2858582259
d3a0a421fd184f9fa51856096d01e85b,289,17064,0,0,0,,0,0,0,,0,0,0,,0,0,0,0,
75eb49d99170441ab784d7bec7378d21,288,12173,50,35,210,https://www.youtube.com/watch?v=e2kd5sH8QwQ,50,35,210,https://www.youtube.com/watch?v=e2kd5sH8QwQ,0,0,0,,1416,0,0,0,
c9f9ff24ef184b29a58c616412f1dbbc,288,5933,0,0,0,,0,0,0,,0,0,0,,0,0,0,0,
e53a8beabf5c492388d3352d57dc2bf9,287,6669,91,60,111,https://www.youtube.com/watch?v=j9YRQ6A9CnE,91,60,111,https://www.youtube.com/watch?v=j9YRQ6A9CnE,0,0,0,,0,0,0,0,
be1bfb3aafb34118808fd5a5c059ffaf,286,28400,0,0,0,,0,0,0,,0,0,0,,488,0,0,0,
5f044942071146cb9ec4b760458a662e,284,0,0,0,0,,0,0,0,,0,0,0,,931,243,167,294,https://www.twitch.tv/videos/2847738051
105f7890339346329ab408f423f617c3,284,16135,0,0,0,,0,0,0,,0,0,0,,4952,1126,280,6324,https://www.twitch.tv/videos/2856713678
1618171723d84cbe8b57cd69fa6f477f,283,38599,0,0,0,,0,0,0,,0,0,0,,749,0,0,0,
d2e2645a97a14ce4b58a7884c0e6ec56,283,27349,0,0,0,,0,0,0,,0,0,0,,1282,61,49,178,https://www.twitch.tv/videos/2857642446
7badd33c853240e280db61899f381ff2,282,11149,0,0,0,,0,0,0,,0,0,0,,424,0,0,0,
8edfda91088642ffabf3b24e079eb039,282,15251,125,43,968,https://www.youtube.com/watch?v=Ut_bb3hT61o,125,43,213,https://www.youtube.com/watch?v=axDyqPYhtd0,541,148,968,https://www.youtube.com/watch?v=Ut_bb3hT61o,0,0,0,0,
4cebb92683d548089e998ec18a484930,281,13480,34,7,44,https://www.youtube.com/watch?v=JFJ0UyZFm2M,34,7,44,https://www.youtube.com/watch?v=JFJ0UyZFm2M,0,0,0,,0,0,0,0,
f40e7d4c2b8b4ea89a6cd017303ca5c0,280,1623,0,0,0,,0,0,0,,0,0,0,,603,50,45,222,https://www.twitch.tv/videos/2854193011
b7155dea3cdc452e9f77df41ccca17bd,280,1319,0,0,0,,0,0,0,,0,0,0,,485,0,0,0,
67b3f32472774d3191ecfea12f60a990,278,10004,11,1,27,https://www.youtube.com/watch?v=tmXZUQ5fMfA,12,2,27,https://www.youtube.com/watch?v=tmXZUQ5fMfA,4,1,4,https://www.youtube.com/watch?v=LL5dVZZJsFI,121,0,0,0,
6fa20242354646ad8e8feea8d52e514e,278,6787,0,0,0,,0,0,0,,0,0,0,,0,0,0,0,
4fb207a1a5cb4e27a5774b657ae3f0ee,278,22002,0,0,0,,0,0,0,,0,0,0,,0,0,0,0,
279a45d6a8f9445389b9b8cdbcb72ae8,277,26127,0,0,0,,0,0,0,,0,0,0,,288,39,20,39,https://www.twitch.tv/videos/2846834450
94ca3090942d4ca38a71b8f1b65c7343,277,18050,0,0,0,,0,0,0,,0,0,0,,184,141,76,141,https://www.twitch.tv/videos/2846866643
15c82034235748649547ada64817a6d1,277,30267,1509,280,1788,https://www.youtube.com/watch?v=RBlE7Gh9K2A,0,0,0,,1509,280,1788,https://www.youtube.com/watch?v=RBlE7Gh9K2A,3678,156,121,156,https://www.twitch.tv/videos/2853387333
a16471805f7f44f88237b42c79b9f3a2,275,11859,86,57,129,https://www.youtube.com/watch?v=VhoqRBqyCAg,129,112,129,https://www.youtube.com/watch?v=VhoqRBqyCAg,43,3,43,https://www.youtube.com/watch?v=BosFBTRBdw0,0,0,0,0,
cabc3ddcf7ad46ef9acb4b0951f9b2ba,275,30096,6,1,121,https://www.youtube.com/watch?v=DpoCQK_gqAY,0,0,0,,6,1,121,https://www.youtube.com/watch?v=DpoCQK_gqAY,1319,179,145,225,https://www.twitch.tv/videos/2853373753
33f8f83054e3473d9c8c5e1a3c8e1008,274,8991,42,26,42,https://www.youtube.com/watch?v=XhsSuvBmPNo,42,26,42,https://www.youtube.com/watch?v=XhsSuvBmPNo,0,0,0,,0,0,0,0,
ccf55e42124c46ab828b188fc8c4f947,273,54092,44,20,44,https://www.youtube.com/watch?v=eWYYuvemMrw,0,0,0,,44,20,44,https://www.youtube.com/watch?v=eWYYuvemMrw,827,101,50,1083,https://www.twitch.tv/videos/2853280998
de5f8aaf92814bb79eb91adb0efc8f1d,272,14685,19,6,319,https://www.youtube.com/watch?v=Dz1aNwfyn3M,19,6,319,https://www.youtube.com/watch?v=Dz1aNwfyn3M,0,0,0,,0,0,0,0,
1fa9ddce23964bab8edddf7f18dad2f3,272,17297,138,40,138,https://www.youtube.com/watch?v=scjaeZRrPv0,0,0,0,,138,40,138,https://www.youtube.com/watch?v=scjaeZRrPv0,1699,161,152,532,https://www.twitch.tv/videos/2855920514
f72fb9eab9a84db5ba139131d59bdd02,272,41122,1055,451,1130,https://www.youtube.com/watch?v=PJWq3t99wTU,0,0,0,,1055,451,1130,https://www.youtube.com/watch?v=PJWq3t99wTU,461,66,44,143,https://www.twitch.tv/videos/2847868590
a6a155230538488e8488f01160598837,269,17037,0,0,0,,0,0,0,,0,0,0,,0,0,0,0,
0d07fb89672446c3b4a1682131f96f7b,268,22838,34,24,43,https://www.youtube.com/watch?v=uP9I1pVR5OI,34,24,43,https://www.youtube.com/watch?v=uP9I1pVR5OI,0,0,0,,0,0,0,0,
03e9bea117bd4b5ba189b48f1617d9bb,268,7797,0,0,0,,0,0,0,,0,0,0,,0,0,0,0,
67252692b4f64f509af6eacffdeafdf9,267,27910,62,31,88,https://www.youtube.com/watch?v=-G2BoLD5wEk,73,33,88,https://www.youtube.com/watch?v=-G2BoLD5wEk,35,31,35,https://www.youtube.com/watch?v=M3jvM06rLIQ,0,0,0,0,
fbd0d260a09c47b1a9dcc73fd41e7eca,265,3893,0,0,4,https://www.youtube.com/watch?v=T2_MCMKEvQ4,0,0,0,,0,0,4,https://www.youtube.com/watch?v=T2_MCMKEvQ4,6455,182,129,327,https://www.twitch.tv/videos/2851439303
0c05eca1975b40b3a0b54d3dfd61055d,262,45731,183,88,432,https://www.youtube.com/watch?v=Xy4ozxyB_C8,0,0,0,,183,88,432,https://www.youtube.com/watch?v=Xy4ozxyB_C8,2637,104,80,121,https://www.twitch.tv/videos/2858708441
f7758d944fd8438a86bfe1235c7bcd17,262,15596,0,0,0,,0,0,0,,0,0,0,,629,0,0,0,
a76d4171e74448fd9d1a6eaf183be3ff,262,15272,0,0,0,,0,0,0,,0,0,0,,846,0,0,0,
c91577ba12cd45deb9c8e5c666c290be,262,92082,58,37,159,https://www.youtube.com/watch?v=OD1xXoI0ug0,58,37,159,https://www.youtube.com/watch?v=OD1xXoI0ug0,0,0,0,,0,0,0,0,
a3afce163c9341c992f526816d9d5440,260,6411,31,21,31,https://www.youtube.com/watch?v=0cREsVMjl3w,31,21,31,https://www.youtube.com/watch?v=0cREsVMjl3w,0,0,0,,109,0,0,0,
1e62a729ec51448aa89d22adde18b214,259,46751,56,23,149,https://www.youtube.com/watch?v=pJC00N55yM0,66,41,149,https://www.youtube.com/watch?v=pJC00N55yM0,56,22,113,https://www.youtube.com/watch?v=gPfHPpVq_UA,0,0,0,0,
a3452262e11348c88afea4031b0323a8,256,22218,3,1,9,https://www.youtube.com/watch?v=47ClErGrvYo,0,0,0,,3,1,9,https://www.youtube.com/watch?v=47ClErGrvYo,567,87,67,291,https://www.twitch.tv/videos/2852588356
cd0b2f63c88e4b4abd5b83296a5d7866,255,3756,0,0,0,,0,0,0,,0,0,0,,3604,0,0,0,
3a44da0674144e61bff60415cc09a678,255,7584,25,5,30,https://www.youtube.com/watch?v=hSgNtF-WnS8,25,5,30,https://www.youtube.com/watch?v=hSgNtF-WnS8,0,0,0,,0,0,0,0,
1d9db35aa47c4d2d8bea3fb94afbd1b9,255,10461,68,34,167,https://www.youtube.com/watch?v=aBhiqlEWRbU,68,34,167,https://www.youtube.com/watch?v=aBhiqlEWRbU,0,0,0,,0,0,0,0,
7c96bbca1c184d70a39ef2a65a0d788c,255,0,0,0,0,,0,0,0,,0,0,0,,582,0,0,0,
2ff6c25f8e5943d2ac0a6a006f5784c3,254,2461,0,0,0,,0,0,0,,0,0,0,,1588,0,0,0,
d2437a12d8e54e858d2bdfa6d4053a9a,254,11561,33,18,708,https://www.youtube.com/watch?v=ejZ58jsV9kM,28,11,282,https://www.youtube.com/watch?v=jPShCj8YYUc,399,368,708,https://www.youtube.com/watch?v=ejZ58jsV9kM,228,75,52,86,https://www.twitch.tv/videos/2848669591
0e516fd1e97a4c58bad3afb6469748d4,249,3422,0,0,0,,0,0,0,,0,0,0,,566,0,0,0,
8ad7e8cd45e040f797cf2f1fa9d68976,249,11615,46,23,171,https://www.youtube.com/watch?v=aMNinbFlG2g,46,23,171,https://www.youtube.com/watch?v=aMNinbFlG2g,49,47,49,https://www.youtube.com/watch?v=Rz800CuT3_A,0,0,0,0,
47cd428eee8640cb80afaa4ef9bb55e0,249,17853,65,10,116,https://www.youtube.com/watch?v=f7smu62y9aw,65,10,116,https://www.youtube.com/watch?v=f7smu62y9aw,0,0,0,,1662,158,104,345,https://www.twitch.tv/videos/2854191572
69af139be1d3454c91192d9153e5bb65,248,46278,23,6,90,https://www.youtube.com/watch?v=Pdg4kW0litM,0,0,0,,23,6,90,https://www.youtube.com/watch?v=Pdg4kW0litM,822,164,122,224,https://www.twitch.tv/videos/2850452845
5d23e69300534fe6aa678d75573381ea,247,2205,0,0,0,,0,0,0,,0,0,0,,0,0,0,0,
f8134b804ccc4123b789e93baa013c7d,247,1081,125,114,350,https://www.youtube.com/watch?v=S4vJXEH8zKY,125,115,350,https://www.youtube.com/watch?v=S4vJXEH8zKY,110,95,137,https://www.youtube.com/watch?v=9yeea2CQUdQ,0,0,0,0,
90a8ac8d7653460298ba85cb7e4d3bc9,246,3351,0,0,0,,0,0,0,,0,0,0,,55,0,0,0,
777608b04fa74a42975497f6273ed6f9,242,12546,2,0,14,https://www.youtube.com/watch?v=E_kpFO836k4,0,0,0,,2,0,14,https://www.youtube.com/watch?v=E_kpFO836k4,3060,460,358,834,https://www.twitch.tv/videos/2849980196
1ccf3d7852d34137b9cc70343dcc41bf,241,109996,0,0,0,,0,0,0,,0,0,0,,111,0,0,0,
3e86fddd8145474691e77ba761a6b2a5,241,37837,43,8,43,https://www.youtube.com/watch?v=K-HTSnUwWHk,0,0,0,,43,8,43,https://www.youtube.com/watch?v=K-HTSnUwWHk,1055,88,57,88,https://www.twitch.tv/videos/2850537728
e7ac18c2e713426692cfd0ef7fe2b897,241,0,0,0,0,,0,0,0,,0,0,0,,148,0,0,0,
d8b5835bc6aa46119cc7ddd4447e780f,237,36420,9,2,13,https://www.youtube.com/watch?v=PYwxNGL0yFs,0,0,0,,9,2,13,https://www.youtube.com/watch?v=PYwxNGL0yFs,2034,128,86,282,https://www.twitch.tv/videos/2855861118
71da2daf84a546c39399adf6ca44aac1,237,19077,31,12,142,https://www.youtube.com/watch?v=FJV2lSXdIm4,31,12,142,https://www.youtube.com/watch?v=FJV2lSXdIm4,0,0,0,,358,33,27,41,https://www.twitch.tv/videos/2856011924
d198a42f93d84e9ca061a72243d142cc,235,118112,0,0,0,,0,0,0,,0,0,0,,548,52,8,52,https://www.twitch.tv/videos/2836944707
af89613e72874e219c00ab0c89b6c641,234,53395,37,15,44,https://www.youtube.com/watch?v=l9qrSOTsx0g,37,15,44,https://www.youtube.com/watch?v=l9qrSOTsx0g,0,0,0,,11,0,0,0,
d4bd6ed12ee746a8978434ee5b14dd27,234,62874,124,24,239,https://www.youtube.com/watch?v=psPGlf6f2Xo,0,0,0,,124,24,239,https://www.youtube.com/watch?v=psPGlf6f2Xo,557,25,22,25,https://www.twitch.tv/videos/2856731308
dc27d7819dac471f907e0ace5131580f,233,5851,0,0,0,,0,0,0,,0,0,0,,1485,314,148,491,https://www.twitch.tv/videos/2850226354
ad94d8048eb443248e4f2161201a938d,233,7905,767,68,1245,https://www.youtube.com/watch?v=OLAlKQn7-ko,0,0,0,,767,68,1245,https://www.youtube.com/watch?v=OLAlKQn7-ko,16,0,0,0,
1d0201167f5445e8b410a8f311e54133,232,28000,97,28,165,https://www.youtube.com/watch?v=hoQARFZC2wQ,0,0,0,,97,28,165,https://www.youtube.com/watch?v=hoQARFZC2wQ,149,0,0,0,
c274c90379ca4e57a79251976cda3e54,231,8979,0,0,0,,0,0,0,,0,0,0,,318,0,0,0,
bf6401d2159c40a8a616defa8c2c4a66,230,25572,0,0,0,,0,0,0,,0,0,0,,817,0,0,0,
25b5885afcdc4430be0d822464ccff91,230,3688,14,6,16,https://www.youtube.com/watch?v=xQ71eqgUi_Y,14,6,16,https://www.youtube.com/watch?v=xQ71eqgUi_Y,0,0,0,,347,10,8,40,https://www.twitch.tv/videos/2857039070
aad41e66df77481baac0825033d81487,229,59146,23,19,1292,https://www.youtube.com/watch?v=rr5duBH1E3I,13,12,13,https://www.youtube.com/watch?v=xHUEsGQmRb4,657,250,1292,https://www.youtube.com/watch?v=rr5duBH1E3I,0,0,0,0,
fdbcdd7db6b04ed4b2336b1b3da66564,229,20636,0,0,0,,0,0,0,,0,0,0,,413,173,125,262,https://www.twitch.tv/videos/2852341380
42d2b255295b468dafe439394130ae11,229,12402,0,0,0,,0,0,0,,0,0,0,,942,0,0,0,
7bebabbe96a34368aa03da163e3da313,227,29942,34,5,34,https://www.youtube.com/watch?v=yFlk4PnTEtw,34,5,34,https://www.youtube.com/watch?v=yFlk4PnTEtw,0,0,0,,0,0,0,0,
463e3994840145618264d41fa3eaf344,227,14627,44,21,84,https://www.youtube.com/watch?v=CL7feJArRBI,44,21,84,https://www.youtube.com/watch?v=CL7feJArRBI,0,0,0,,0,0,0,0,
5aca9ae61bba473b96998fee811d155e,226,40309,1416,319,2058,https://www.youtube.com/watch?v=XVFGsMiLjDw,142,113,214,https://www.youtube.com/watch?v=0g2b0UhPzGU,1494,552,2058,https://www.youtube.com/watch?v=XVFGsMiLjDw,0,0,0,0,
156aba6fe34b4d648a3fd210550963c7,224,1042,0,0,0,,0,0,0,,0,0,0,,92,0,0,0,
af82ee4712aa4d6c9c4100591a8a3163,224,3230,0,0,0,,0,0,0,,0,0,0,,633,0,0,0,
98619914a2eb4b07bd6bc0a02066e455,223,5743,10,6,10,https://www.youtube.com/watch?v=LBBtm5FhlU4,0,0,0,,10,6,10,https://www.youtube.com/watch?v=LBBtm5FhlU4,1348,213,151,288,https://www.twitch.tv/videos/2851596445
a0b5f8b54a534dfcb66154002e97e4cc,221,0,0,0,0,,0,0,0,,0,0,0,,155,0,0,0,
d564dc69725f4258b8b08d8d5df285a8,221,9949,24,10,33,https://www.youtube.com/watch?v=FiYEol8SBNc,24,10,33,https://www.youtube.com/watch?v=FiYEol8SBNc,0,0,0,,72,0,0,0,
52d8a731a7634e529ba986ae40ce6526,220,17633,551,203,551,https://www.youtube.com/watch?v=48ACYoYEaB0,0,0,0,,551,203,551,https://www.youtube.com/watch?v=48ACYoYEaB0,893,0,0,0,
68671ee09add4d87b8038acebc5b48a4,220,16186,7,3,2834,https://www.youtube.com/watch?v=2fG4MoSVJdY,0,0,0,,7,3,2834,https://www.youtube.com/watch?v=2fG4MoSVJdY,1125,146,115,257,https://www.twitch.tv/videos/2856878661
afec285390344f2a966c2c39c1e6984d,219,1202,108,37,311,https://www.youtube.com/watch?v=-yKBbJwyWeE,95,52,121,https://www.youtube.com/watch?v=to0HfFEA1fI,311,3,311,https://www.youtube.com/watch?v=-yKBbJwyWeE,0,0,0,0,
d8fa0fb407c043cb9b65ab66c2221e8d,219,70439,1,0,5,https://www.youtube.com/watch?v=HYSqU4LMIfI,0,0,0,,1,0,5,https://www.youtube.com/watch?v=HYSqU4LMIfI,2258,28,20,37,https://www.twitch.tv/videos/2856922289
3986345f7cae4fc5ba3b7fd3a8dceba0,218,1025,0,0,0,,0,0,0,,0,0,0,,1204,0,0,0,
74d00f89697a43e6801463c71fb37172,217,27310,51,19,196,https://www.youtube.com/watch?v=7cgTKdgNffI,51,19,196,https://www.youtube.com/watch?v=7cgTKdgNffI,0,0,0,,77,67,52,119,https://www.twitch.tv/videos/2853109396
c56801a52568414ca54724a3c24c3417,216,19911,0,0,0,,0,0,0,,0,0,0,,2204,0,0,0,
12479712313d4ddda715483e1f93ee9d,215,4483,0,0,0,,0,0,0,,0,0,0,,0,0,0,0,
11452593b92b45dcbbf804ddc2a513f8,213,36424,1187,1041,1187,https://www.youtube.com/watch?v=1-e4f42iApA,0,0,0,,1187,1041,1187,https://www.youtube.com/watch?v=1-e4f42iApA,0,0,0,0,
451cf387126b426a89e3db63676c84b0,212,31405,203,53,1515,https://www.youtube.com/watch?v=FounmnelsEo,105,47,465,https://www.youtube.com/watch?v=_bX5ls2opDc,1164,514,1515,https://www.youtube.com/watch?v=FounmnelsEo,0,0,0,0,
3dc59c2e8b424c9e812fb48048ebdef8,212,7382,1,0,2,https://www.youtube.com/watch?v=_lNGdklM37Q,0,0,0,,1,0,2,https://www.youtube.com/watch?v=_lNGdklM37Q,1546,87,70,132,https://www.twitch.tv/videos/2850333866
cfe0c2386d794c229d71c5a6a7e28333,212,15789,4,1,40,https://www.youtube.com/watch?v=H3_8ThvG5Kg,0,0,0,,4,1,40,https://www.youtube.com/watch?v=H3_8ThvG5Kg,0,0,0,0,
3082cc9c2e124fb3bf77cc799590042e,211,17468,45,19,69,https://www.youtube.com/watch?v=HK0JCf54-MA,45,19,69,https://www.youtube.com/watch?v=HK0JCf54-MA,0,0,0,,0,0,0,0,
47d591738d2449a496e7ce140b539662,211,794,0,0,0,,0,0,0,,0,0,0,,2147,200,132,349,https://www.twitch.tv/videos/2852835098
d46a06f4c654403e8b6376f7eda6f6ba,211,10280,69,23,73,https://www.youtube.com/watch?v=_8ejU37eSHM,69,23,73,https://www.youtube.com/watch?v=_8ejU37eSHM,0,0,0,,0,0,0,0,
de8c5ca15afd4534a822e5a1a9c2784e,210,1502,0,0,0,,0,0,0,,0,0,0,,2230,303,240,469,https://www.twitch.tv/videos/2855189164
08d8f03223a54fb3807d49fb7c30b434,210,12354,74,45,287,https://www.youtube.com/watch?v=DA-_k0yTcTQ,74,45,287,https://www.youtube.com/watch?v=DA-_k0yTcTQ,0,0,0,,111,38,28,73,https://www.twitch.tv/videos/2858745055
54ea240f1bf1471981684464081645e7,210,4076,0,0,0,,0,0,0,,0,0,0,,353,0,0,0,
8814a6eccdd04fa6bf2f8201f12bf8ae,209,3840,0,0,0,,0,0,0,,0,0,0,,344,43,34,43,https://www.twitch.tv/videos/2854422843
bed176f79b074789ba4d21c90ca54a9c,209,6435,0,0,0,,0,0,0,,0,0,0,,5431,361,193,361,https://www.twitch.tv/videos/2846771410
03265829bf6d4e1eb09e58b1ec4093bc,207,4092,0,0,0,,0,0,0,,0,0,0,,0,0,0,0,
f1d9ff59d3d74b0ebb4268de53698dbf,207,6394,0,0,0,,0,0,0,,0,0,0,,727,0,0,0,
a5ced44a2bb74575a9cf9ea48f9ec890,205,8983,0,0,0,,0,0,0,,0,0,0,,0,0,0,0,
14b644d58ff14ef1b491ef3d451e9e06,205,1014,0,0,0,,0,0,0,,0,0,0,,3348,165,144,202,https://www.twitch.tv/videos/2855878222
05970b8580b4433d9afb8769568d2276,205,5802,0,0,0,,0,0,0,,0,0,0,,9,0,0,0,
5949eae32b844c9e873474efb19f4e6d,205,6134,0,0,0,,0,0,0,,0,0,0,,0,0,0,0,
865ef104e1784d878871c819452a63dd,204,2405,87,65,87,https://www.youtube.com/watch?v=YLKoNnaZGTA,87,65,87,https://www.youtube.com/watch?v=YLKoNnaZGTA,0,0,0,,78,14,11,16,https://www.twitch.tv/videos/2852297156
699b0baa82d0413aa073155683edcd56,203,7971,0,0,702,https://www.youtube.com/watch?v=pdCoCgb27dg,0,0,0,,0,0,702,https://www.youtube.com/watch?v=pdCoCgb27dg,2212,59,54,169,https://www.twitch.tv/videos/2846797218
3c9899af7c104ea08eb0baa4ee565076,203,2431,0,0,0,,0,0,0,,0,0,0,,708,31,23,31,https://www.twitch.tv/videos/2853266711
ae5f14abe86f4c62a9f6da7f6fa6cdc4,203,7380,90,59,1341,https://www.youtube.com/watch?v=JBoN5qCEP5I,0,0,0,,90,59,1341,https://www.youtube.com/watch?v=JBoN5qCEP5I,0,0,0,0,
513641895d9a4fbca3b19aeb63d28915,200,8885,30,13,30,https://www.youtube.com/watch?v=6net1BLWFmY,0,0,0,,30,13,30,https://www.youtube.com/watch?v=6net1BLWFmY,1372,413,164,512,https://www.twitch.tv/videos/2851507755
afb9c6f2f93040d0a0227405b9d17bde,198,288976,572,240,1662,https://www.youtube.com/watch?v=syRd7K3J50A,0,0,0,,572,240,1662,https://www.youtube.com/watch?v=syRd7K3J50A,521,126,83,191,https://www.twitch.tv/videos/2854063669
48e968abd77d434db31de0f0bb8d92a1,195,10981,0,0,0,,0,0,0,,0,0,0,,597,26,17,95,https://www.twitch.tv/videos/2847814665
0024f8db99514a76bc5d5db1004c9bf4,195,5530,72,52,847,https://www.youtube.com/watch?v=xMaXWWvOdt4,0,0,0,,72,52,847,https://www.youtube.com/watch?v=xMaXWWvOdt4,501,91,61,274,https://www.twitch.tv/videos/2856675212
936b7b3d4250469d94b53ebc7e4936f6,193,241942,0,0,0,,0,0,0,,0,0,0,,1193,159,63,265,https://www.twitch.tv/videos/2854963523
021eaf7cecfa4416b759fcc310f7b15a,192,8548,0,0,0,,0,0,0,,0,0,0,,223,0,0,0,
949f184abcc84a82b8e9f333b41a2109,192,10512,5,1,164,https://www.youtube.com/watch?v=VGbbFL4CcOk,0,0,0,,5,1,164,https://www.youtube.com/watch?v=VGbbFL4CcOk,2585,526,229,908,https://www.twitch.tv/videos/2838829998
f30f6a2e994641b5af169b97f2aad13b,192,6973,0,0,0,,0,0,0,,0,0,0,,556,0,0,0,
26e2e1583d404f48b879375ef74ae33a,191,9027,0,0,0,,0,0,0,,0,0,0,,0,0,0,0,
698d1cca0e1f417892c954dabe0aacf8,189,774,0,0,0,,0,0,0,,0,0,0,,2289,0,0,0,
64677f13935847cca3e2e6670a89d9a8,188,2027,51,38,131,https://www.youtube.com/watch?v=sQ9Ca8oc2Fw,51,38,131,https://www.youtube.com/watch?v=sQ9Ca8oc2Fw,0,0,0,,468,45,34,68,https://www.twitch.tv/videos/2848670765
98c577d538f84d75a3c34e0f9d13c8a3,186,13177,0,0,0,,0,0,0,,0,0,0,,279,51,46,56,https://www.twitch.tv/videos/2857757285
25f3eb5a85784e0e9f59f45ae775badd,186,10667,0,0,0,,0,0,0,,0,0,0,,0,0,0,0,
47a57b51af1a482ead79df1698db2c70,186,7872,0,0,0,,0,0,0,,0,0,0,,0,0,0,0,
202d7c3df0a0489288ace48e1e81ac9f,186,4639,0,0,0,,0,0,0,,0,0,0,,76,0,0,0,
43e078503ebd44ae9f83abc9399647ca,185,39164,1122,585,2351,https://www.youtube.com/watch?v=xMXv_GtvsfU,0,0,0,,1122,585,2351,https://www.youtube.com/watch?v=xMXv_GtvsfU,7819,622,229,1066,https://www.twitch.tv/videos/2852332802
6d76e6b27f164061a216ec2831bd8dd3,185,0,0,0,0,,0,0,0,,0,0,0,,1201,0,0,0,
7a7e366c81d54d03a07cb2c6cb382884,183,6294,0,0,0,,0,0,0,,0,0,0,,0,0,0,0,
ad6455da071543ab88cd4855a11cf39b,179,6780,72,48,87,https://www.youtube.com/watch?v=z3UTHT9J4d4,72,48,87,https://www.youtube.com/watch?v=z3UTHT9J4d4,0,0,0,,0,0,0,0,
3442df03030941b0933077faf6a75c6a,179,9984,0,0,0,,0,0,0,,0,0,0,,719,73,60,114,https://www.twitch.tv/videos/2849523489
bad9c0bc10404089a32d6b4b8346fc0e,179,87685,33,11,153,https://www.youtube.com/watch?v=y6uqtMxbyTk,33,11,153,https://www.youtube.com/watch?v=y6uqtMxbyTk,0,0,0,,0,0,0,0,
9b9409f309a54c54bf6225f43eae1167,178,6255,0,0,0,,0,0,0,,0,0,0,,2099,0,0,0,
67dc6d443cff47a4bc6a31a56e8b72f5,178,18972,40,22,63,https://www.youtube.com/watch?v=_IKnz0gQWAc,40,22,63,https://www.youtube.com/watch?v=_IKnz0gQWAc,0,0,0,,0,0,0,0,
b26f99bf43154619ba4d4a588a9da3ce,177,28868,164,58,1607,https://www.youtube.com/watch?v=RVrrqQOF_7I,125,44,1192,https://www.youtube.com/watch?v=gl92UihLb9o,798,72,1607,https://www.youtube.com/watch?v=RVrrqQOF_7I,0,0,0,0,
7ee7164af0d645a18422350715a1eef0,175,404,0,0,0,,0,0,0,,0,0,0,,353,29,27,29,https://www.twitch.tv/videos/2858537479
6cdc57bc89cc4b7f9c9d848fd5b0d031,175,25526,0,0,0,,0,0,0,,0,0,0,,0,0,0,0,
a3bbe09809e141e5b0658a79ba63f977,175,14177,4,0,42,https://www.youtube.com/watch?v=R-GlstunMJk,0,0,0,,4,0,42,https://www.youtube.com/watch?v=R-GlstunMJk,405,8,5,11,https://www.twitch.tv/videos/2847774853
868a7d0a1ef94befa5205a21fb65d7d5,174,2882,0,0,0,,0,0,0,,0,0,0,,4610,240,167,276,https://www.twitch.tv/videos/2856724233
c29627e1a48a4ea8b21c858aba1836d0,174,6742,6,1,6,https://www.youtube.com/watch?v=g3XD8XoOyuE,0,0,0,,6,1,6,https://www.youtube.com/watch?v=g3XD8XoOyuE,544,157,136,245,https://www.twitch.tv/videos/2854408408
591654ee39c147ffaa77a531a81a6eda,173,13814,5,3,9,https://www.youtube.com/watch?v=QKYzEBWgA1Q,5,3,9,https://www.youtube.com/watch?v=QKYzEBWgA1Q,0,0,0,,703,0,0,0,
d93ec185504e45e2894865980da489a9,173,3319,4,2,74,https://www.youtube.com/watch?v=HTLpzKBFWwE,0,0,0,,4,2,74,https://www.youtube.com/watch?v=HTLpzKBFWwE,1813,212,176,336,https://www.twitch.tv/videos/2850348871
74a8b2325c0c4b158dd12377bff187c8,173,1957,0,0,0,,0,0,0,,0,0,0,,0,0,0,0,
604dc5a26bb54f3d8a69c9df659d23d7,173,6056,0,0,0,,0,0,0,,0,0,0,,822,38,30,51,https://www.twitch.tv/videos/2854953411
58f233e089ca45c8bc1969b471183766,173,25524,33,8,93,https://www.youtube.com/watch?v=NV19-10VcPY,33,8,93,https://www.youtube.com/watch?v=NV19-10VcPY,0,0,0,,0,0,0,0,
bb21226dc1db41e294f545133948115b,172,17265,0,0,0,,0,0,0,,0,0,0,,850,0,0,0,
eb001c0b038d4833b28c1026e04fdb89,172,7075,1383,1089,1383,https://www.youtube.com/watch?v=iW_vxojuMf8,0,0,0,,1383,1089,1383,https://www.youtube.com/watch?v=iW_vxojuMf8,1201,286,241,343,https://www.twitch.tv/videos/2853244860
b2ec8ce2ab124618ae1b1af2cd85ce23,172,2905,18,12,34,https://www.youtube.com/watch?v=Lv-zHv8Inrc,0,0,0,,18,12,34,https://www.youtube.com/watch?v=Lv-zHv8Inrc,273,0,0,0,
a91c83dff0c94387aa2c11e597424517,172,11112,0,0,0,,0,0,0,,0,0,0,,266,68,51,96,https://www.twitch.tv/videos/2854044984
cd38e82545b04cb8a3e047fe41f2ba40,172,1366,0,0,0,,0,0,0,,0,0,0,,1088,264,102,713,https://www.twitch.tv/videos/2852077263
844adbe9800c4c52863267075afd2c7f,172,8871,0,0,0,,0,0,0,,0,0,0,,254,0,0,0,
288ba70f1a044c72a65ed9cf3b425d13,172,19125,38,24,167,https://www.youtube.com/watch?v=eIVstSjpZ48,38,24,167,https://www.youtube.com/watch?v=eIVstSjpZ48,0,0,0,,0,0,0,0,
b850c220033a4b6d83c9b9b70b04647b,171,3765,0,0,0,,0,0,0,,0,0,0,,198,0,0,0,
56e0088d20b04a059da9932476fc9a5b,170,21272,0,0,0,,0,0,0,,0,0,0,,2553,0,0,0,
c08ae8d7412d407c8b233f6e445d081c,167,3523,0,0,10,https://www.youtube.com/watch?v=TXAfibR8qRM,0,0,0,,0,0,10,https://www.youtube.com/watch?v=TXAfibR8qRM,739,55,37,101,https://www.twitch.tv/videos/2853027413
0c97b425059d4ac893cae0f804f4ccbc,166,11065,0,0,0,,0,0,0,,0,0,0,,0,0,0,0,
9a7b047b85ae4227af74a0e200c3abc9,165,41667,1415,700,1816,https://www.youtube.com/watch?v=NwW5erLymno,0,0,0,,1415,700,1816,https://www.youtube.com/watch?v=NwW5erLymno,781,35,27,68,https://www.twitch.tv/videos/2850151992
fced951d6a344a27b59e422984ead36d,165,31850,0,0,0,,0,0,0,,0,0,0,,0,0,0,0,
f958b1a87ecd4bfab42ba0d1443bfa61,163,11171,28,6,62,https://www.youtube.com/watch?v=PODH6hEhyLc,28,6,62,https://www.youtube.com/watch?v=PODH6hEhyLc,0,0,0,,548,0,0,0,
06f1c7339e1c47ecb69ea7385f4635a1,162,35365,0,0,0,,0,0,0,,0,0,0,,522,139,98,409,https://www.twitch.tv/videos/2850486717
3475b2087d9a4d799c10bd3ac5f45437,162,954,11,1,11,https://www.youtube.com/watch?v=bumXdB6v_yA,0,0,0,,11,1,11,https://www.youtube.com/watch?v=bumXdB6v_yA,1196,95,63,174,https://www.twitch.tv/videos/2853167783
6481e646412745d3b2fa38255cef0da4,162,7901,0,0,0,,0,0,0,,0,0,0,,591,0,0,0,
fe1731a49d43440391f571347747604c,162,2860,59,18,59,https://www.youtube.com/watch?v=bhPGwXFwuSs,0,0,0,,59,18,59,https://www.youtube.com/watch?v=bhPGwXFwuSs,1348,0,0,0,
3040b4d9d4374815a4e0af0c887a42fc,160,20479,0,0,0,,0,0,0,,0,0,0,,1513,250,192,786,https://www.twitch.tv/videos/2855865932
46821555a7af41e4aa70fe0fabd8a4f6,159,8806,0,0,0,,0,0,0,,0,0,0,,667,0,0,0,
4d96aeef13f949e19026682e337db138,159,3386,0,0,0,,0,0,0,,0,0,0,,2624,0,0,0,
edfed5b0978a4fb98f94319bfc639d98,159,1228,0,0,0,,0,0,0,,0,0,0,,1220,400,278,557,https://www.twitch.tv/videos/2849403038
dc97af965a4942d281cc7365805233f1,157,3241,0,0,0,,0,0,0,,0,0,0,,71,0,0,0,
e6d7ea2833a1477aab8dfa3d4f4936fb,157,4510,0,0,0,,0,0,0,,0,0,0,,1540,396,288,437,https://www.twitch.tv/videos/2848846691
e739323b76994f8abcca757db52a440d,156,10485,65,38,137,https://www.youtube.com/watch?v=qo0TGpOS5DA,33,11,65,https://www.youtube.com/watch?v=7M-2xvXiI98,117,39,137,https://www.youtube.com/watch?v=qo0TGpOS5DA,0,0,0,0,
67c533576c474a0d9897f62964cef71c,155,4637,0,0,0,,0,0,0,,0,0,0,,335,0,0,0,
a8bee4c680a54cf29b34d90bf7230ab1,155,2801,0,0,0,,0,0,0,,0,0,0,,1897,136,90,136,https://www.twitch.tv/videos/2850412364
beed2aaeebc9439895feb2aff3c9e641,154,8844,51,28,79,https://www.youtube.com/watch?v=iZpOps60UPc,51,30,58,https://www.youtube.com/watch?v=dEmJ0mgrBhs,57,6,79,https://www.youtube.com/watch?v=iZpOps60UPc,0,0,0,0,
6a915915ad2a4d29b524ebd50f2dbbe4,154,1556,0,0,0,,0,0,0,,0,0,0,,1614,0,0,0,
5fdd1d15cf404c918b0f697baff04218,153,38633,0,0,0,,0,0,0,,0,0,0,,2735,597,473,863,https://www.twitch.tv/videos/2849616335
290bbaa329eb45b1a267bfd7e35c3b14,153,0,0,0,0,,0,0,0,,0,0,0,,446,0,0,0,
f42472ba115a480ab309612af9ae29cf,152,5531,32,24,53,https://www.youtube.com/watch?v=6M8tOev3pNM,32,24,53,https://www.youtube.com/watch?v=6M8tOev3pNM,0,0,0,,0,0,0,0,
41e1aa0eab8d4ec5a4010833581f5b92,152,2786,0,0,0,,0,0,0,,0,0,0,,90,0,0,0,
8b1758159f754a3a8d7f26dcf12c008f,150,7148,0,0,0,,0,0,0,,0,0,0,,0,0,0,0,
cf100db6a3dc4010b32802b75f5abc14,150,10011,10,3,140,https://www.youtube.com/watch?v=DaG-lAlGpo0,21,9,103,https://www.youtube.com/watch?v=JTO2BNo2kXw,2,0,140,https://www.youtube.com/watch?v=DaG-lAlGpo0,0,0,0,0,
70ab761191014a39b7d090541f785cd2,148,11675,25,14,40,https://www.youtube.com/watch?v=g_R5hJ2cK9A,23,15,40,https://www.youtube.com/watch?v=g_R5hJ2cK9A,25,8,25,https://www.youtube.com/watch?v=TIS94t4vK6c,157,42,27,61,https://www.twitch.tv/videos/2852311612
2bb0e68d998d4b2bbfc79557a233fb33,148,18918,92,68,1866,https://www.youtube.com/watch?v=G3KaqBagKow,83,49,345,https://www.youtube.com/watch?v=WVDfnqYzXt4,1223,1023,1866,https://www.youtube.com/watch?v=G3KaqBagKow,128,40,35,60,https://www.twitch.tv/videos/2850473482
2f2a88438aee4a5e842f186bcdc05128,148,12470,0,0,0,,0,0,0,,0,0,0,,80,0,0,0,
821713a01e5a4f1787926fb48dbf7302,147,10221,47,25,127,https://www.youtube.com/watch?v=0byPkgVu_Uc,47,25,127,https://www.youtube.com/watch?v=0byPkgVu_Uc,0,0,0,,0,0,0,0,
46a16e41f2af4523adeb4556f2e0b0d5,147,3284,0,0,0,,0,0,0,,0,0,0,,8387,0,0,0,
ea5ee3c6c8d24db78cdad9e18558f1c5,147,4255,191,151,401,https://www.youtube.com/watch?v=hDTciw3aVHM,250,239,401,https://www.youtube.com/watch?v=hDTciw3aVHM,133,62,133,https://www.youtube.com/watch?v=VyTHtZoG7SU,0,0,0,0,
98fd913e544f4725afdd28ad05f3e737,146,12417,40,10,42,https://www.youtube.com/watch?v=ov2W77a3PmM,40,10,42,https://www.youtube.com/watch?v=ov2W77a3PmM,0,0,0,,0,0,0,0,
521d3e3d5e6e410aababfb8f290749b6,145,2531,5,2,7,https://www.youtube.com/watch?v=E9KM2tL--g8,0,0,0,,5,2,7,https://www.youtube.com/watch?v=E9KM2tL--g8,369,19,13,19,https://www.twitch.tv/videos/2852189571
2d3deb7610dd4329ba77597dfdd13043,144,19979,0,0,0,,0,0,0,,0,0,0,,2006,260,155,349,https://www.twitch.tv/videos/2851288163
7ccac8385e2d41f69aab04b7f2b23cac,144,5247,0,0,0,,0,0,0,,0,0,0,,1342,0,0,0,
240c765d12ae40ab85e53fb39eb22b03,144,2621,0,0,0,,0,0,0,,0,0,0,,4415,0,0,0,
9b6ebeb957fe4fed84a5472b6b3bd13c,143,17096,0,0,0,,0,0,0,,0,0,0,,1219,268,157,604,https://www.twitch.tv/videos/2852953511
ff170a57c74545c7977b64a6d82981af,143,17360,53,17,143,https://www.youtube.com/watch?v=wLF9daiJIR4,53,17,106,https://www.youtube.com/watch?v=v5DrRK1HeYk,93,47,143,https://www.youtube.com/watch?v=wLF9daiJIR4,0,0,0,0,
a84b1b6deabc462b9cf994fd02304b5b,143,875,0,0,0,,0,0,0,,0,0,0,,1702,0,0,0,
c8672ebbfe37442788c48d9a8399fc7b,142,25062,0,0,0,,0,0,0,,0,0,0,,942,130,103,411,https://www.twitch.tv/videos/2852172062
f55b426f2ceb419d964d1d1bcd3860e9,141,7937,0,0,0,,0,0,0,,0,0,0,,0,0,0,0,
eac3578c689d48b493103c11e2b16c5e,141,15983,0,0,0,,0,0,0,,0,0,0,,929,188,137,188,https://www.twitch.tv/videos/2852157563
a1a4762aa1eb4d95be1c0c7a528a8336,139,9965,0,0,1,https://www.youtube.com/watch?v=dGqEyXustZ0,0,0,0,,0,0,1,https://www.youtube.com/watch?v=dGqEyXustZ0,1869,188,154,235,https://www.twitch.tv/videos/2856036720
1ea0189fc3ce47fb9461b6cab10d78fe,139,2892,0,0,0,,0,0,0,,0,0,0,,144,0,0,0,
135224fe261040639a802804b52f22db,137,0,0,0,0,,0,0,0,,0,0,0,,626,0,0,0,
061fa27713ec453ebf41c21eb58b7719,136,2157,0,0,0,,0,0,0,,0,0,0,,0,0,0,0,
fd638ba6820241d1b3367afab0c6ab3e,134,10013,51,50,51,https://www.youtube.com/watch?v=lHiLdwNqT0c,51,50,51,https://www.youtube.com/watch?v=lHiLdwNqT0c,0,0,0,,0,0,0,0,
6d36ce9cdedb4806ad5c00a3496b9e4f,134,2098,0,0,0,,0,0,0,,0,0,0,,2412,1159,537,2330,https://www.twitch.tv/videos/2842815909
06d173cf0b3f4369bcfb4b4270bd59e3,133,384,0,0,0,,0,0,0,,0,0,0,,368,217,186,395,https://www.twitch.tv/videos/2850561292
fe1bd62313574733ab86c1a56b7143ab,133,25,0,0,0,,0,0,0,,0,0,0,,1542,0,0,0,
c9e933e250e747f88f8cbf4857ec7f3b,131,135,0,0,0,,0,0,0,,0,0,0,,3038,522,383,522,https://www.twitch.tv/videos/2852234495
b18dea7632bc49db974a22d6eb6660fb,131,3768,5,0,40,https://www.youtube.com/watch?v=ssonOWZs7iA,0,0,0,,5,0,40,https://www.youtube.com/watch?v=ssonOWZs7iA,420,19,15,43,https://www.twitch.tv/videos/2852197364
d9b8f1ac9c93423fa62e8073a8173d30,130,11389,405,336,989,https://www.youtube.com/watch?v=6LSKWWUUwnc,375,353,684,https://www.youtube.com/watch?v=YR5js8yWPjc,417,268,989,https://www.youtube.com/watch?v=6LSKWWUUwnc,0,0,0,0,
2928a7d5624e4af8b1331eabae6bda17,130,2723,0,0,0,,0,0,0,,0,0,0,,730,16,13,28,https://www.twitch.tv/videos/2852301548
3b7dac5e2bdb4c08a139e18ef7f6f7e5,130,7737,51,9,141,https://www.youtube.com/watch?v=Th0XJEtcqyY,0,0,0,,51,9,141,https://www.youtube.com/watch?v=Th0XJEtcqyY,677,32,20,63,https://www.twitch.tv/videos/2852828976
350b440f9436415c8499526d4c6f3dfd,130,4026,0,0,0,,0,0,0,,0,0,0,,1764,96,70,98,https://www.twitch.tv/videos/2858699279
453db6575b094b388ba2ae38e7ff2c51,129,15495,0,0,0,,0,0,0,,0,0,0,,698,68,53,77,https://www.twitch.tv/videos/2857871548
c85822960da341bb8f5323219b233bd1,128,9007,0,0,0,,0,0,0,,0,0,0,,0,0,0,0,
d95abd62958c4081a999660b995d72ce,127,705,72,34,106,https://www.youtube.com/watch?v=Ig3I43pM8fY,72,34,106,https://www.youtube.com/watch?v=Ig3I43pM8fY,0,0,0,,0,0,0,0,
577251897dc7463393b68c5b6f96559b,127,7897,7,3,28,https://www.youtube.com/watch?v=5WL2M_Sa32g,25,9,25,https://www.youtube.com/watch?v=XiJbhMxzScI,6,3,28,https://www.youtube.com/watch?v=5WL2M_Sa32g,731,107,83,158,https://www.twitch.tv/videos/2856922116
22f16847ee064b1bafd9bbe15bd31284,126,8562,1210,617,1210,https://www.youtube.com/watch?v=sdvOH2mA93E,0,0,0,,1210,617,1210,https://www.youtube.com/watch?v=sdvOH2mA93E,721,134,129,310,https://www.twitch.tv/videos/2846656237
f09a7c3155a047c98f155434b2634ecf,126,3564,0,0,0,,0,0,0,,0,0,0,,392,0,0,0,
822b9b7a9eca49df9bfd617a19b274b0,125,3242,19,10,28,https://www.youtube.com/watch?v=Cb7Vy_WX7YU,19,10,28,https://www.youtube.com/watch?v=Cb7Vy_WX7YU,0,0,0,,0,0,0,0,
09b00ccde152498b808efe7317bd52f0,124,1465,0,0,0,,0,0,0,,0,0,0,,2911,214,175,303,https://www.twitch.tv/videos/2850648872
a1d3d37caa68474288b903f309db32a1,122,9305,9,4,14,https://www.youtube.com/watch?v=FyXYEGA6D7E,10,5,14,https://www.youtube.com/watch?v=FyXYEGA6D7E,5,4,5,https://www.youtube.com/watch?v=syfFWCgD_H8,0,0,0,0,
fef1577c0352446c8e371b9fd9e7cc73,121,9002,0,0,1,https://www.youtube.com/watch?v=usoO0cliLsE,0,0,0,,0,0,1,https://www.youtube.com/watch?v=usoO0cliLsE,125,25,21,36,https://www.twitch.tv/videos/2857803531
8b5d6e9353ba46789fa6a2cfd94f69b2,120,4423,2,1,20,https://www.youtube.com/watch?v=Pf4TAtMu4Ng,0,0,0,,2,1,20,https://www.youtube.com/watch?v=Pf4TAtMu4Ng,131,17,16,29,https://www.twitch.tv/videos/2851103840
6358ea21f673491fab72d62494b2225f,119,3916,0,0,0,,0,0,0,,0,0,0,,678,264,184,620,https://www.twitch.tv/videos/2846709702
2af829174cab4262b61b226dd4d5aee5,118,9682,0,0,0,,0,0,0,,0,0,0,,20,0,0,0,
8064b5c85fc64d10ae3e9d3a4c0dfd8f,118,1184,0,0,0,,0,0,0,,0,0,0,,2731,0,0,0,
16e0b967de004b45b5c10302382ad43e,117,1928,0,0,0,,0,0,0,,0,0,0,,533,0,0,0,
a2847bd09f954df794fb9289d6a96dae,117,8079,0,0,0,,0,0,0,,0,0,0,,723,157,84,229,https://www.twitch.tv/videos/2855100260
5a60a41d2a604bc68368158cd0b1cc12,117,10630,3,2,173,https://www.youtube.com/watch?v=TTW6O1gM9aU,0,0,0,,3,2,173,https://www.youtube.com/watch?v=TTW6O1gM9aU,658,40,34,61,https://www.twitch.tv/videos/2849642469
6c66740fc44a4a489e7a67ac93dd274e,117,1483,0,0,0,,0,0,0,,0,0,0,,417,0,0,0,
e93b2dd2339a422f8ab3d21c9d95161c,116,2525,0,0,0,,0,0,0,,0,0,0,,520,50,33,119,https://www.twitch.tv/videos/2850268667
063fe3c0ae714b4ea4edaf79bda5dda0,116,530,0,0,0,,0,0,0,,0,0,0,,2085,133,107,133,https://www.twitch.tv/videos/2854246289
1daf23905a3d4aa9a59273e563e33382,116,7174,540,124,540,https://www.youtube.com/watch?v=iwuX5nsxnGc,0,0,0,,540,124,540,https://www.youtube.com/watch?v=iwuX5nsxnGc,1813,171,109,222,https://www.twitch.tv/videos/2846961997
b9a09f50375248aebc3d6afdb7f5adf6,115,2093,0,0,0,,0,0,0,,0,0,0,,833,32,28,35,https://www.twitch.tv/videos/2855009186
a2e9afb364e84d48acbdc77441ad17a7,115,12271,0,0,0,,0,0,0,,0,0,0,,540,0,0,0,
dd9bf471b0304627877f38daaec5407b,113,671,0,0,0,,0,0,0,,0,0,0,,966,29,21,29,https://www.twitch.tv/videos/2852280972
12286b61ae55499b8c60101a4625b089,111,0,0,0,0,,0,0,0,,0,0,0,,307,0,0,0,
f10dc84fab2a41d385c2553b0f1d788b,111,4397,0,0,0,,0,0,0,,0,0,0,,650,104,72,180,https://www.twitch.tv/videos/2852187710
77364942d7f24440bbde8efa71c724df,110,6837,0,0,0,,0,0,0,,0,0,0,,646,31,20,62,https://www.twitch.tv/videos/2855989283
c6d0078f1d5e4fd08a459c7eecd85464,110,23757,38,17,164,https://www.youtube.com/watch?v=hyNQkB4kF0E,30,15,74,https://www.youtube.com/watch?v=LmcsDMGNYHY,79,63,164,https://www.youtube.com/watch?v=hyNQkB4kF0E,0,0,0,0,
a127ff7335ae467d961641bcf84f1e2f,109,12242,0,0,0,,0,0,0,,0,0,0,,2170,252,227,294,https://www.twitch.tv/videos/2855843509
4ead521cd6a04a5aa1b2739f252ac9d1,108,695,4,3,4,https://www.youtube.com/watch?v=Vi4LU1ou1IY,0,0,0,,4,3,4,https://www.youtube.com/watch?v=Vi4LU1ou1IY,265,58,25,67,https://www.twitch.tv/videos/2840529234
8868dd9b4d75481397fd841b8ef6c55d,108,2361,0,0,0,,0,0,0,,0,0,0,,13,0,0,0,
fede6fee793048f1a576cab38a6bd414,107,6297,0,0,0,,0,0,0,,0,0,0,,2326,54,43,128,https://www.twitch.tv/videos/2856769518
965ff8a77ab845aaac693d9c7a56f82d,107,7563,0,0,0,,0,0,0,,0,0,0,,685,83,58,127,https://www.twitch.tv/videos/2853155537
f1a631b2661b45718c7caf5862ddcd68,106,2675,43,38,165,https://www.youtube.com/watch?v=0oIp8U92XTs,165,62,165,https://www.youtube.com/watch?v=0oIp8U92XTs,35,29,112,https://www.youtube.com/watch?v=DqtQCQ8IBOQ,38,0,0,0,
ef36201df30f43ba9efbd573f9a6d9b7,106,18513,1327,474,1411,https://www.youtube.com/watch?v=3qYELVD2zMY,0,0,0,,1327,474,1411,https://www.youtube.com/watch?v=3qYELVD2zMY,611,137,121,966,https://www.twitch.tv/videos/2853357516
1af37b5945cf40019107583a3c6537ea,105,658,0,0,0,,0,0,0,,0,0,0,,2745,353,253,423,https://www.twitch.tv/videos/2849550881
50c6983298d84cbeac8e6376349e672b,105,8196,17,10,1137,https://www.youtube.com/watch?v=6SNQ4I5Rtbs,13,4,815,https://www.youtube.com/watch?v=EgS8kxeHRyQ,249,118,1137,https://www.youtube.com/watch?v=6SNQ4I5Rtbs,2,0,0,0,
8847133db580452eb63c5d3a2de47e4a,104,2724,41,21,314,https://www.youtube.com/watch?v=emWp12Rq5j4,45,21,125,https://www.youtube.com/watch?v=pKUrzxzaJLo,38,21,314,https://www.youtube.com/watch?v=emWp12Rq5j4,0,0,0,0,
39ff9dd2c91841b6b8c719d71b7bdb11,103,10055,444,262,660,https://www.youtube.com/watch?v=VR3eZ1gAxbc,0,0,0,,444,262,660,https://www.youtube.com/watch?v=VR3eZ1gAxbc,432,148,104,359,https://www.twitch.tv/videos/2853617074
2d25a18a83af462a8d4062e162017a1a,102,5141,0,0,0,,0,0,0,,0,0,0,,495,0,0,0,
0a9f3befc55d447fbc9fa1e54ba0dd8e,102,0,0,0,0,,0,0,0,,0,0,0,,169,6,5,18,https://www.twitch.tv/videos/2857767104
ca65749ceff346fd971c24b0461f18d9,102,8337,0,0,0,,0,0,0,,0,0,0,,609,0,0,0,
33ce96c886d341879ce66c4f7892c421,102,59368,11,10,741,https://www.youtube.com/watch?v=C6jKBYBHdqQ,16,13,23,https://www.youtube.com/watch?v=TCFrKnXtyqE,11,10,741,https://www.youtube.com/watch?v=C6jKBYBHdqQ,811,245,190,398,https://www.twitch.tv/videos/2855001927
ba27c499a50f4cac87e6e5b94da18292,102,2047,0,0,0,,0,0,0,,0,0,0,,1382,399,190,693,https://www.twitch.tv/videos/2848763062
53b98a4bbf49419fb4516525846d4d35,101,501,0,0,0,,0,0,0,,0,0,0,,1807,0,0,0,
359d60ab5abb445a8477a50781acc050,101,12253,161,11,161,https://www.youtube.com/watch?v=riKmUnfMWuw,0,0,0,,161,11,161,https://www.youtube.com/watch?v=riKmUnfMWuw,0,0,0,0,
f86ec6a459f64e7d8431c69b1d7ec28b,101,3229,17,9,108,https://www.youtube.com/watch?v=-zbxDjAhvsY,18,10,108,https://www.youtube.com/watch?v=-zbxDjAhvsY,14,8,14,https://www.youtube.com/watch?v=8ae0Ils1seQ,165,135,90,272,https://www.twitch.tv/videos/2848739923
25ebd185190b42d993d961d7c795b444,100,2753,0,0,0,,0,0,0,,0,0,0,,2320,0,0,0,
6bb236447ed9412a98c9b2d7c9069e10,98,19480,7,2,7,https://www.youtube.com/watch?v=CUMmBvQWS5I,0,0,0,,7,2,7,https://www.youtube.com/watch?v=CUMmBvQWS5I,2114,163,108,319,https://www.twitch.tv/videos/2852675927
6a2bad0b742447bf9912a97eaac17ced,97,32860,968,296,1889,https://www.youtube.com/watch?v=vulde33amm8,0,0,0,,968,296,1889,https://www.youtube.com/watch?v=vulde33amm8,0,0,0,0,
ede21f904daf4a9b978efe15b0d9a31f,97,10202,0,0,0,,0,0,0,,0,0,0,,2004,0,0,0,
f1be475d4aa34c3faf4826a77ceb99b5,96,3907,92,57,150,https://www.youtube.com/watch?v=fxh4dHqkiWQ,103,73,150,https://www.youtube.com/watch?v=fxh4dHqkiWQ,16,10,16,https://www.youtube.com/watch?v=_lyoBFsnpCo,233,116,74,116,https://www.twitch.tv/videos/2849707912
67784d7c61af482780ab0558083fcd1e,95,3099,0,0,0,,0,0,0,,0,0,0,,377,18,11,20,https://www.twitch.tv/videos/2846825576
6b21f41580a64cc7ab15d219a612723b,94,0,0,0,0,,0,0,0,,0,0,0,,4494,0,0,0,
9523dedfc79a4f99b18461ff40586307,88,29443,25,13,307,https://www.youtube.com/watch?v=cY8KYLytpMU,21,4,29,https://www.youtube.com/watch?v=18k-7VtQ5LQ,26,23,307,https://www.youtube.com/watch?v=cY8KYLytpMU,0,0,0,0,
9f9bfcbf980b43bcb00c03261439d18d,86,1745,41,26,41,https://www.youtube.com/watch?v=1QTN4EbtGds,41,26,41,https://www.youtube.com/watch?v=1QTN4EbtGds,0,0,0,,48,0,0,0,
34e73d1959694451b938ff53d98f9cec,86,747,0,0,0,,0,0,0,,0,0,0,,368,0,0,0,
a5be52423e2f46b8bbad4a56c7f1d5e5,86,5171,0,0,0,,0,0,0,,0,0,0,,1473,313,283,340,https://www.twitch.tv/videos/2855121361
32ae564b306c42cab2e1a4a8a9d6adfe,84,1075,0,0,0,,0,0,0,,0,0,0,,1268,0,0,0,
904e3c91b4e1427f9b2d69f69aa3b13c,84,14156,26,21,40,https://www.youtube.com/watch?v=ERkckln95Sw,26,21,40,https://www.youtube.com/watch?v=ERkckln95Sw,0,0,0,,0,0,0,0,
d3eee3b8d1954b1c8fea325d7b7b1b7f,83,9989,26,10,1845,https://www.youtube.com/watch?v=EwyY8Cbntc8,21,6,62,https://www.youtube.com/watch?v=xKVqd6KGhNE,734,515,1845,https://www.youtube.com/watch?v=EwyY8Cbntc8,91,95,66,125,https://www.twitch.tv/videos/2846652268
12ece01ae7004e9195e79309f0cdae40,81,401,0,0,0,,0,0,0,,0,0,0,,2529,0,0,0,
889b2fb6c9ea47a99834061b47251a4b,81,3056,2,0,28,https://www.youtube.com/watch?v=LcvbTIIxwus,0,0,0,,2,0,28,https://www.youtube.com/watch?v=LcvbTIIxwus,468,70,57,104,https://www.twitch.tv/videos/2851411764
4c3e3e5338ae44feae581bbdffa8b811,81,11757,0,0,0,,0,0,0,,0,0,0,,216,0,0,0,
fae9210539d44a39a2a275b8d53cae37,80,14080,24,11,38,https://www.youtube.com/watch?v=AT_PrTDPTZU,24,12,38,https://www.youtube.com/watch?v=AT_PrTDPTZU,27,6,34,https://www.youtube.com/watch?v=Rj8pcUbXk80,171,113,98,176,https://www.twitch.tv/videos/2847823237
6bf231719d5e485fa0cdee99905858d4,80,1757,0,0,0,,0,0,0,,0,0,0,,803,49,44,289,https://www.twitch.tv/videos/2858664945
3fd5cac9e94144ad9a298e46c5472792,78,1720,0,0,0,,0,0,0,,0,0,0,,0,0,0,0,
5718a7998f6249eeba0bf087da51c1c0,76,27042,1123,54,1165,https://www.youtube.com/watch?v=loARxaMaiV4,0,0,0,,1123,54,1165,https://www.youtube.com/watch?v=loARxaMaiV4,710,68,41,218,https://www.twitch.tv/videos/2852180186
188108fa6e2e41afb060e4038e49d4ab,75,2563,0,0,0,,0,0,0,,0,0,0,,702,0,0,0,
105bfceb9747425eb58622b6ebccf920,75,1046,0,0,0,,0,0,0,,0,0,0,,360,0,0,0,
eff26caff6bd4720957cefaf8f6fc87a,75,5933,0,0,0,,0,0,0,,0,0,0,,1342,368,317,922,https://www.twitch.tv/videos/2847834540
a7c42dc3d080425b9e979100a59d955c,74,4515,0,0,0,,0,0,0,,0,0,0,,308,0,0,0,
7a184a9a63cd425a9319691e20e3b148,74,1048,216,13,216,https://www.youtube.com/watch?v=M-w3t1fli4o,0,0,0,,216,13,216,https://www.youtube.com/watch?v=M-w3t1fli4o,63,0,0,0,
ce1d3cace1cf4ec799c8846c8c2a6d48,73,248,0,0,0,,0,0,0,,0,0,0,,2545,494,299,807,https://www.twitch.tv/videos/2849389211
28e6f7c12a3b45899e7508058f926af9,73,12847,117,50,117,https://www.youtube.com/watch?v=58sv9-ZWR_o,0,0,0,,117,50,117,https://www.youtube.com/watch?v=58sv9-ZWR_o,1609,64,23,64,https://www.twitch.tv/videos/2842375048
51fc95cfca444f03abe9a50acf8f85e6,70,3849,0,0,0,,0,0,0,,0,0,0,,1638,311,99,591,https://www.twitch.tv/videos/2833982976
c7f53f2fbdbe4db488629ab4d738a16a,70,4720,2,1,55,https://www.youtube.com/watch?v=gUyMM-UDCFA,0,0,0,,2,1,55,https://www.youtube.com/watch?v=gUyMM-UDCFA,793,87,61,158,https://www.twitch.tv/videos/2854034084
d6a769b7bf6b49f08adf3e1136d86c7e,70,21679,4193,563,4193,https://www.youtube.com/watch?v=7AbZ8jHt4vc,0,0,0,,4193,563,4193,https://www.youtube.com/watch?v=7AbZ8jHt4vc,961,46,38,67,https://www.twitch.tv/videos/2854994595
889b220891694985b7373aa2732a0263,69,8478,4,1,7,https://www.youtube.com/watch?v=-W8tqlPWeDw,4,1,7,https://www.youtube.com/watch?v=-W8tqlPWeDw,0,0,0,,576,58,40,117,https://www.twitch.tv/videos/2854278644
e3b9c06f64d84a0dabb3e97c0caacaca,69,19798,39,13,1851,https://www.youtube.com/watch?v=ycuwBBt51aw,0,0,0,,39,13,1851,https://www.youtube.com/watch?v=ycuwBBt51aw,0,0,0,0,
2c2db11a23aa43298ab96e60a20692d7,67,1627,0,0,0,,0,0,0,,0,0,0,,1469,0,0,0,
4eb87102a0f44516a6ed011faeeff00d,67,0,0,0,0,,0,0,0,,0,0,0,,1561,53,35,97,https://www.twitch.tv/videos/2853428130
b2d32948347e4c6c9afa8f813e626aae,67,6271,31,10,31,https://www.youtube.com/watch?v=WCZbRVvyUhk,31,10,31,https://www.youtube.com/watch?v=WCZbRVvyUhk,0,0,0,,0,0,0,0,
4d8e2a0b44bc475da5d9688b668c782d,66,200,0,0,0,,0,0,0,,0,0,0,,275,0,0,0,
8723ccecdfd84d92b1de24f9d6a86bcc,66,5388,745,253,745,https://www.youtube.com/watch?v=Sw9XNmnf-XI,0,0,0,,745,253,745,https://www.youtube.com/watch?v=Sw9XNmnf-XI,3465,258,156,758,https://www.twitch.tv/videos/2856249425
061fb9c63b7e45bb85ea7e6bd4fe3745,65,4290,0,0,0,,0,0,0,,0,0,0,,218,27,14,45,https://www.twitch.tv/videos/2847808849
94bda3c948ac4e74ad5c3592c1d284ac,65,806,0,0,0,,0,0,0,,0,0,0,,132,0,0,0,
43d785b8082f43138988dacd0236bb67,65,0,0,0,0,,0,0,0,,0,0,0,,430,0,0,0,
4e5a8a6380764f9b9f28732968e4aac8,65,3660,252,1,352,https://www.youtube.com/watch?v=CvqCC1g6a1c,0,0,0,,252,1,352,https://www.youtube.com/watch?v=CvqCC1g6a1c,559,94,63,211,https://www.twitch.tv/videos/2855873688
1645f4035c9b42019c61d630fc75d5e0,65,870,0,0,0,,0,0,0,,0,0,0,,94,0,0,0,
e2448cc1f0df41b08247cb7a51119a67,64,705,0,0,0,,0,0,0,,0,0,0,,699,0,0,0,
78b333b99eb242ad96a8ee82275a0e98,63,11801,5,2,5,https://www.youtube.com/watch?v=hwEEdFA_0HM,0,0,0,,5,2,5,https://www.youtube.com/watch?v=hwEEdFA_0HM,0,0,0,0,
ef13ede8525d49339887c3bf54b08acc,62,1375,28,19,48,https://www.youtube.com/watch?v=k8bgZ6ACHQg,28,19,48,https://www.youtube.com/watch?v=k8bgZ6ACHQg,0,0,0,,48,0,0,0,
a0e7c7e7702b4e81a5fecc4090814236,61,18661,21,7,95,https://www.youtube.com/watch?v=PAgXTVJwvNE,0,0,0,,21,7,95,https://www.youtube.com/watch?v=PAgXTVJwvNE,271,267,195,361,https://www.twitch.tv/videos/2849638856
a9ada11d61114319885597db6a0725fb,61,327,0,0,0,,0,0,0,,0,0,0,,651,46,33,46,https://www.twitch.tv/videos/2852100432
f9d27b07ff84433b8397b0587f339e27,60,9558,0,0,0,,0,0,0,,0,0,0,,203,70,31,89,https://www.twitch.tv/videos/2853290845
5d27ac4b9342450990a299e95818bbb0,59,2683,46,4,46,https://www.youtube.com/watch?v=S9TnqnNqGxc,46,4,46,https://www.youtube.com/watch?v=S9TnqnNqGxc,0,0,0,,0,0,0,0,
a73103b226f34098bb5d4cd00b86d2f6,58,2161,0,0,0,,0,0,0,,0,0,0,,249,0,0,0,
359bb9450c49401da7b002980d4f97df,58,227,0,0,0,,0,0,0,,0,0,0,,984,0,0,0,
130a4d6105464e518a8a3eed336b4101,57,679,0,0,0,,0,0,0,,0,0,0,,997,30,25,38,https://www.twitch.tv/videos/2855975682
e4488c7dece84f7580bc0ab130222e08,56,7245,0,0,0,,0,0,0,,0,0,0,,942,0,0,0,
b3e0bc9dd06f4774b492e6d50dd92be2,55,88,0,0,0,,0,0,0,,0,0,0,,262,0,0,0,
895701631707493e8c7edf4af21615be,53,871,38,3,38,https://www.youtube.com/watch?v=JeobvkeNwlE,38,3,38,https://www.youtube.com/watch?v=JeobvkeNwlE,0,0,0,,0,0,0,0,
c06b6f1eb79d41ecb17aaaf80e035daa,52,0,0,0,0,,0,0,0,,0,0,0,,2250,883,763,883,https://www.twitch.tv/videos/2855860775
591a7323f0134cf2929e75d959f21f68,52,19,0,0,0,,0,0,0,,0,0,0,,1289,0,0,0,
68c50e424b2148478c74effaacfdeae3,52,769,0,0,0,,0,0,0,,0,0,0,,293,29,28,55,https://www.twitch.tv/videos/2858738744
f8e4654549304ea9933e02c2dcf48aae,51,0,0,0,0,,0,0,0,,0,0,0,,560,0,0,0,
2a25c205cc374cbeb8c8ccfe988ec9cc,51,795,0,0,0,,0,0,0,,0,0,0,,1520,156,112,182,https://www.twitch.tv/videos/2850353972
9e121751e3774a15bdf9ccfab7eb7faf,50,493,0,0,0,,0,0,0,,0,0,0,,1164,115,87,187,https://www.twitch.tv/videos/2856876903
f5f22d1a091143798bfc7fac1211183c,49,696,0,0,0,,0,0,0,,0,0,0,,140,64,34,64,https://www.twitch.tv/videos/2846871566
74acc3b3c4db41d2a13cce887ad2a856,49,3247,0,0,0,,0,0,0,,0,0,0,,1473,0,0,0,
255a5e79f9d14e6492d741b95f78cb7c,49,1176,42,38,42,https://www.youtube.com/watch?v=vYZc0N22Vx4,42,38,42,https://www.youtube.com/watch?v=vYZc0N22Vx4,0,0,0,,2213,0,0,0,
676db89cb8a9483486442231b615b46f,49,8502,12,1,12,https://www.youtube.com/watch?v=SK7qClFHnr4,12,1,12,https://www.youtube.com/watch?v=SK7qClFHnr4,0,0,0,,164,29,27,83,https://www.twitch.tv/videos/2854160951
d9f302ca07b54664a88124d64442abac,48,8329,245,189,245,https://www.youtube.com/watch?v=467RXahqeZQ,0,0,0,,245,189,245,https://www.youtube.com/watch?v=467RXahqeZQ,135,0,0,0,
07b6c0dad3114eca9e903fd5725cc4e8,48,306,0,0,0,,0,0,0,,0,0,0,,218,42,29,49,https://www.twitch.tv/videos/2849528745
80692e12416048be8396526bdb9c3040,48,1747,0,0,0,,0,0,0,,0,0,0,,518,0,0,0,
0ddb6eca94604d4da0665e90fbbe366f,48,1213,0,0,0,,0,0,0,,0,0,0,,153,0,0,0,
cb470bbb5a8f468a8a15b08757309d74,47,2294,0,0,0,,0,0,0,,0,0,0,,584,163,158,163,https://www.twitch.tv/videos/2858645402
54f2f567fdac423c80dad4b29a4372db,47,7403,6,3,6,https://www.youtube.com/watch?v=R4Z-_CJL33U,6,3,6,https://www.youtube.com/watch?v=R4Z-_CJL33U,0,0,0,,244,60,52,243,https://www.twitch.tv/videos/2852391142
3098e045fa844093a3731b19665e9462,47,430,0,0,0,,0,0,0,,0,0,0,,757,0,0,0,
df02d1a89bc74c928c825773996bbb7b,45,2034,0,0,0,,0,0,0,,0,0,0,,1561,0,0,0,
12b98d960ead4bc09b2f2b220d7437a1,44,6332,229,167,1655,https://www.youtube.com/watch?v=HRG0-5_Jz3I,12,0,17,https://www.youtube.com/watch?v=9vmRNP5mMt8,427,213,1655,https://www.youtube.com/watch?v=HRG0-5_Jz3I,1,0,0,0,
c8be9c7ed05442dcb2b278dc5a6bc1de,43,10912,0,0,0,,0,0,0,,0,0,0,,241,73,48,99,https://www.twitch.tv/videos/2854206697
2e2a6c392c024bb2a68b681bc210c187,39,6286,0,0,361,https://www.youtube.com/watch?v=O5XASS3s2Dg,0,0,0,,0,0,361,https://www.youtube.com/watch?v=O5XASS3s2Dg,307,55,48,140,https://www.twitch.tv/videos/2852305029
0cb217f7775543eb9c5aac3b9df75a86,39,18487,228,55,228,https://www.youtube.com/watch?v=PnD_hoFtXd0,0,0,0,,228,55,228,https://www.youtube.com/watch?v=PnD_hoFtXd0,839,172,121,428,https://www.twitch.tv/videos/2846653166
e04b970f339243258cb0dc0c5735274a,38,1046,0,0,0,,0,0,0,,0,0,0,,0,0,0,0,
c68bc0ba32f14d9b8669b0594435b68b,38,321,0,0,0,,0,0,0,,0,0,0,,211,43,38,66,https://www.twitch.tv/videos/2855196337
adbcdff5b9e7441dae817c01c283ec00,37,7259,4,0,483,https://www.youtube.com/watch?v=RJGfnoT4JVg,2,0,2,https://www.youtube.com/watch?v=7-U1YmWg92w,4,0,483,https://www.youtube.com/watch?v=RJGfnoT4JVg,355,89,38,472,https://www.twitch.tv/videos/2852976437
7360e8cae69b4d4fbe91510c776b1c5e,37,3344,0,0,4,https://www.youtube.com/watch?v=_U7eDwsqgLA,0,0,0,,0,0,4,https://www.youtube.com/watch?v=_U7eDwsqgLA,242,29,23,75,https://www.twitch.tv/videos/2848653054
9ff652451cbd4ad098bf20dd9748ce12,37,6,0,0,0,,0,0,0,,0,0,0,,2142,46,32,133,https://www.twitch.tv/videos/2850507889
6d6b6d6e7b4b464bb093c9d34cee9754,37,688,0,0,0,,0,0,0,,0,0,0,,390,0,0,0,
b9d51a073b4542ac800bd7c9e38d0902,36,1256,0,0,0,,0,0,0,,0,0,0,,227,0,0,0,
6bcb75418dd24274b2fe4b8e60a94999,36,4358,0,0,0,,0,0,0,,0,0,0,,380,0,0,0,
73273454c7b4453a834a74701826e0b8,36,593,0,0,0,,0,0,0,,0,0,0,,956,244,226,842,https://www.twitch.tv/videos/2849415270
1ee3effc49074de1ba98b10a13df2d10,35,785,0,0,0,,0,0,0,,0,0,0,,268,0,0,0,
b46cdde6e23343d5b5a9cfd115286e26,35,841,0,0,0,,0,0,0,,0,0,0,,218,0,0,0,
0b53549edaf5490ca350ef17aee7b8b9,35,200,0,0,0,,0,0,0,,0,0,0,,535,44,27,52,https://www.twitch.tv/videos/2847658907
9f976a39c1fa4e6dae3ed11b771ef918,34,5270,0,0,0,,0,0,0,,0,0,0,,60,0,0,0,
e3ee9544e190459d9bc2bdf3c1ccde7b,31,4266,1,0,25,https://www.youtube.com/watch?v=QOaIYR3qBCk,0,0,0,,1,0,25,https://www.youtube.com/watch?v=QOaIYR3qBCk,827,0,0,0,
b8495fc4bb174140acf0ebd7d64fe044,30,2785,0,0,0,,0,0,0,,0,0,0,,2862,486,419,486,https://www.twitch.tv/videos/2855845730
bbf59615227a44069ef42e5d76cf98bb,30,450,38,2,66,https://www.youtube.com/watch?v=Y73ZH8mOGCk,66,3,66,https://www.youtube.com/watch?v=Y73ZH8mOGCk,10,0,10,https://www.youtube.com/watch?v=QxMSOe7X1OU,329,93,32,212,https://www.twitch.tv/videos/2846913595
bf2a683536dd447c83b75340e3db3b0a,29,1836,147,63,147,https://www.youtube.com/watch?v=sCB74FqZ5QU,0,0,0,,147,63,147,https://www.youtube.com/watch?v=sCB74FqZ5QU,166,51,43,78,https://www.twitch.tv/videos/2855978149
6c52137d373a45d58eafc0d52253dcf8,28,0,0,0,0,,0,0,0,,0,0,0,,1280,334,160,584,https://www.twitch.tv/videos/2833401065
5454ccf6c8ee496296e7084081863575,28,691,47,12,47,https://www.youtube.com/watch?v=uDy4oAU3ARg,0,0,0,,47,12,47,https://www.youtube.com/watch?v=uDy4oAU3ARg,22,20,17,34,https://www.twitch.tv/videos/2858558811
09b185b91ede45769f179d43b227da47,27,543,5,1,5,https://www.youtube.com/watch?v=DmmuzoeChmw,0,0,0,,5,1,5,https://www.youtube.com/watch?v=DmmuzoeChmw,275,64,50,193,https://www.twitch.tv/videos/2853159403
50c9dbd2624f41408f2b6a9ccf61e447,26,527,0,0,0,,0,0,0,,0,0,0,,304,125,66,125,https://www.twitch.tv/videos/2846769125
0b165d46f9164557b16678383820ee04,26,0,0,0,0,,0,0,0,,0,0,0,,723,0,0,0,
ad57b32de5f34598a57ac5af8b8004e2,25,1698,36,26,862,https://www.youtube.com/watch?v=aXvTKkPNf1A,42,35,66,https://www.youtube.com/watch?v=C4THFkcFAeE,36,26,862,https://www.youtube.com/watch?v=aXvTKkPNf1A,108,54,36,116,https://www.twitch.tv/videos/2853182631
fd183b51115b4fefaf8ff3388d40acb3,25,56,0,0,0,,0,0,0,,0,0,0,,705,122,72,176,https://www.twitch.tv/videos/2848568407
d4cd6eee95774ca389aebf3e783a8cd8,24,274,0,0,0,,0,0,0,,0,0,0,,487,16,11,25,https://www.twitch.tv/videos/2846740331
59216a033f2b47128d190a5ed1add217,24,13,0,0,0,,0,0,0,,0,0,0,,258,0,0,0,
173423093026403dbd1443e56c47b3db,23,865,1,1,6,https://www.youtube.com/watch?v=GTqxwSvMneE,0,0,0,,1,1,6,https://www.youtube.com/watch?v=GTqxwSvMneE,370,23,14,25,https://www.twitch.tv/videos/2847806745
5a59b23a201f4b2d8729b0f4b33c9e6b,22,1978,0,0,0,,0,0,0,,0,0,0,,127,0,0,0,
0c016d6bcf2643d3864fa81866c6a798,20,242,0,0,0,,0,0,0,,0,0,0,,311,145,132,496,https://www.twitch.tv/videos/2847905459
1e90b55b0e0b483d971e0c1fe02c750c,19,126,0,0,0,,0,0,0,,0,0,0,,0,0,0,0,
a6815e229f914db2a936ad70c285cea2,17,1343,0,0,0,,0,0,0,,0,0,0,,456,11,8,16,https://www.twitch.tv/videos/2847607727
ead3db33c54e411baa75a4bad3b48aee,16,84,0,0,0,,0,0,0,,0,0,0,,1627,59,37,101,https://www.twitch.tv/videos/2851331732
0a07165e6a2f45ab9b6c96debba1f079,15,0,0,0,0,,0,0,0,,0,0,0,,522,211,168,616,https://www.twitch.tv/videos/2854015635
0886366d9cb8424e90fd8b3e12dcc0af,15,1367,0,0,0,,0,0,0,,0,0,0,,1467,226,173,268,https://www.twitch.tv/videos/2848614023
e3b45528947e48a4b68964369bb69e00,12,1593,0,0,0,,0,0,0,,0,0,0,,296,24,17,67,https://www.twitch.tv/videos/2858693453
156fb169c746493bb50c813f20c4d1a8,12,130,0,0,0,,0,0,0,,0,0,0,,61,0,0,0,
e1a9d641bfe749ee8b97fe0e3abe413f,10,77,77,51,77,https://www.youtube.com/watch?v=PjiiFIvm5rk,0,0,0,,77,51,77,https://www.youtube.com/watch?v=PjiiFIvm5rk,0,0,0,0,
f058268c96ac4a8eb86cacb70bb9d0fb,9,21323,0,0,0,,0,0,0,,0,0,0,,87,28,22,58,https://www.twitch.tv/videos/2847636034
93cd49107c8c46d0b6b185c382900d1e,9,2012,7,4,17,https://www.youtube.com/watch?v=_eno6cO0tTc,8,5,17,https://www.youtube.com/watch?v=_eno6cO0tTc,3,2,4,https://www.youtube.com/watch?v=K2PT9t5fD-U,12,10,9,69,https://www.twitch.tv/videos/2858470942
e2c0d3ba19244f75888e5dbe1881d22f,5,96,0,0,0,,0,0,0,,0,0,0,,1373,226,181,285,https://www.twitch.tv/videos/2849535457
19fdf3885dcf4d45bdf768a6f3fd99b4,4,88,0,0,0,,0,0,0,,0,0,0,,583,0,0,0,
d71e503b11d04c8a9a7ae74f5e0d9fc4,4,149,4,3,5,https://www.youtube.com/watch?v=nT1j951q8hk,0,0,0,,4,3,5,https://www.youtube.com/watch?v=nT1j951q8hk,48,25,18,96,https://www.twitch.tv/videos/2855950013
56dc4f6ade114f04b6ed4022cfdddf55,0,0,0,0,0,,0,0,0,,0,0,0,,178,118,69,144,https://www.twitch.tv/videos/2849236058
32aabdc7b41144a8b1bd28954cd3278c,0,0,0,0,0,,0,0,0,,0,0,0,,1525,0,0,0,
4fcbdf1b0a384ee58733b1e852edefa5,0,0,0,0,0,,0,0,0,,0,0,0,,1101,0,0,0,
16896dffcb474d7aa21540c944a2f7de,0,0,0,0,0,,0,0,0,,0,0,0,,3358,0,0,0,
31a4ca5b5d554c13902eff32302e5eb9,0,0,0,0,0,,0,0,0,,0,0,0,,2372,405,184,1527,https://www.twitch.tv/videos/2834114319
3840a44ffffd48098bdfc16c4ee537bb,0,0,0,0,0,,0,0,0,,0,0,0,,2858,0,0,0,
9c85aee2166449c395c18b0bc06f89e2,0,0,0,0,0,,0,0,0,,0,0,0,,348,0,0,0,
91919c2ad07a4db88e0b4cfbc1739940,0,0,0,0,0,,0,0,0,,0,0,0,,2944,0,0,0,
f8ade397837d42f7a9167e0d4f20fc56,0,0,0,0,0,,0,0,0,,0,0,0,,2658,0,0,0,
55e9448a0a9040f99dc8ea1cf86cbad5,0,0,0,0,0,,0,0,0,,0,0,0,,1341,25,21,34,https://www.twitch.tv/videos/2855935155
83f96fd6cab64f4da581c50cd2a31b82,0,0,0,0,0,,0,0,0,,0,0,0,,3977,0,0,0,
b1f8da62ceca4089a4e7115624be25bc,0,0,0,0,0,,0,0,0,,0,0,0,,3265,1890,1105,2569,https://www.twitch.tv/videos/2851026661
1a95bb88e451498ca3491b69af964588,0,0,0,0,0,,0,0,0,,0,0,0,,37763,2773,731,124851,https://www.twitch.tv/videos/2841240937
cfc7bcf869514c70a5091672d3acb031,0,0,0,0,0,,0,0,0,,0,0,0,,415,0,0,0,
d25a9902f0f347be84febc0a8a932a56,0,0,0,0,0,,0,0,0,,0,0,0,,1418,104,83,171,https://www.twitch.tv/videos/2853075957
a5b71bba2a2347a080ae3443d5ef47d5,0,0,0,0,0,,0,0,0,,0,0,0,,837,0,0,0,
cda9668f324445a7bd507094ad6946b8,0,0,0,0,0,,0,0,0,,0,0,0,,421,0,0,0,
76489786a22c4162970f9c288157db6b,0,0,0,0,0,,0,0,0,,0,0,0,,1862,136,89,293,https://www.twitch.tv/videos/2856591150
3a2199639669433faff0591468bcfa10,0,0,0,0,0,,0,0,0,,0,0,0,,1141,0,0,0,
c29bc8bf78dd417980491f19333c8fa2,0,0,0,0,0,,0,0,0,,0,0,0,,13338,0,0,0,
e34f7c6a99ea4780b2351de111e222e6,0,0,0,0,0,,0,0,0,,0,0,0,,281,152,100,198,https://www.twitch.tv/videos/2849896104
936b23e5e87144108c5d3f09f194c8b8,0,0,0,0,0,,0,0,0,,0,0,0,,6765,0,0,0,
d804bcd787db4333bca9dccd268ed32a,0,0,0,0,0,,0,0,0,,0,0,0,,3780,619,335,1579,https://www.twitch.tv/videos/2846706773
a5773880b0f040a9abbecacf3eb0eb29,0,0,0,0,0,,0,0,0,,0,0,0,,2459,0,0,0,
8cbfffe3cac54065be4149b03b680d87,0,0,0,0,0,,0,0,0,,0,0,0,,575,0,0,0,
b053612876e04de488a32893a19f4b08,0,0,0,0,0,,0,0,0,,0,0,0,,405,111,65,127,https://www.twitch.tv/videos/2849567240
e18c43e19e9b4fc8af0cdc24c33ae476,0,0,0,0,0,,0,0,0,,0,0,0,,2472,0,0,0,
02fa128da7cc4f3aab0f1c5ee356f342,0,0,0,0,0,,0,0,0,,0,0,0,,565,85,81,114,https://www.twitch.tv/videos/2858690323
d30a2d88bd2146a8870209e98004e0f0,0,0,0,0,0,,0,0,0,,0,0,0,,2050,551,346,738,https://www.twitch.tv/videos/2834258476
fa59e2edc64c432ebaeeb66b2a53ab2d,0,0,0,0,0,,0,0,0,,0,0,0,,5528,1189,457,2076,https://www.twitch.tv/videos/2850279443
ec045a49833c4c2fa7b7012ca7544e18,0,0,0,0,0,,0,0,0,,0,0,0,,1716,0,0,0,
b6519fbc0d6941d4b43ce1742a14b0b2,0,0,0,0,0,,0,0,0,,0,0,0,,708,0,0,0,
242326a56b0d4ca7a37c08a8fc2be138,0,0,0,0,0,,0,0,0,,0,0,0,,805,0,0,0,
057faa70622247bd933959412bbeb667,0,0,0,0,0,,0,0,0,,0,0,0,,1075,0,0,0,
be1a18aa8599409ba250e5345e62fed6,0,0,0,0,0,,0,0,0,,0,0,0,,2152,119,59,184,https://www.twitch.tv/videos/2850475912
2af6cb0e15ce4839ba711b47608d4f4d,0,0,0,0,0,,0,0,0,,0,0,0,,4015,267,198,267,https://www.twitch.tv/videos/2852373312
f5034a946bf249c780a864c19efda669,0,0,0,0,0,,0,0,0,,0,0,0,,424,16,8,25,https://www.twitch.tv/videos/2848645485
daa0d327175a43dc9bb627bc6db7de56,0,0,0,0,0,,0,0,0,,0,0,0,,1336,0,0,0,
ed1b68a3184d466bb17b3c3363fad948,0,0,0,0,0,,0,0,0,,0,0,0,,821,19,14,43,https://www.twitch.tv/videos/2847615860
fdb4872691864af8825511a6d0c72895,0,0,0,0,0,,0,0,0,,0,0,0,,619,91,68,444,https://www.twitch.tv/videos/2847663733
3de6bc82438b451abf5ebe76a366be24,0,0,0,0,0,,0,0,0,,0,0,0,,3652,0,0,0,
328751d304524e18a74cef810504b219,0,0,0,0,0,,0,0,0,,0,0,0,,841,547,265,826,https://www.twitch.tv/videos/2858541124
bf277797951346fe991c27c79a6c5081,0,0,0,0,0,,0,0,0,,0,0,0,,9716,715,300,1209,https://www.twitch.tv/videos/2853151828
326e21d5b6e7446698969bbd8be1b564,0,0,0,0,0,,0,0,0,,0,0,0,,2394,0,0,0,
eeefa43ecaf74f7b822dde3f0e7683d4,0,0,0,0,0,,0,0,0,,0,0,0,,2065,96,47,24109,https://www.twitch.tv/videos/2853276602
a17fcdf32a124beba3fba16299aed2b3,0,0,0,0,0,,0,0,0,,0,0,0,,8582,470,98,840,https://www.twitch.tv/videos/2852281971
31f4c00be9eb41a1a6be0356614048fd,0,0,0,0,0,,0,0,0,,0,0,0,,3617,241,129,768,https://www.twitch.tv/videos/2854137977
305290c734e94a74881ae46c49ea18c4,0,0,0,0,0,,0,0,0,,0,0,0,,7213,1239,579,2362,https://www.twitch.tv/videos/2853383071
5b62816b7dee4c13856f3c21629be3c4,0,0,0,0,0,,0,0,0,,0,0,0,,24753,2221,1191,2761,https://www.twitch.tv/videos/2847686746
66c8fc624de94d8e8af4325e41ce7c34,0,0,0,0,0,,0,0,0,,0,0,0,,1735,533,239,1167,https://www.twitch.tv/videos/2842223225
107fac8e77f74af8ba95491ae9492642,0,0,0,0,0,,0,0,0,,0,0,0,,473,0,0,0,
c2777df3c8d341f4a1f0bb9cda8d9365,0,0,0,0,0,,0,0,0,,0,0,0,,1674,0,0,0,
22eea06367f4430d816e38dfb68a26cf,0,0,0,0,0,,0,0,0,,0,0,0,,985,0,0,0,
4dd7cfc58ae54c1fa6211ba9b1c607ec,0,0,0,0,0,,0,0,0,,0,0,0,,2084,617,479,1331,https://www.twitch.tv/videos/2855124785
6908430ccb204a1b9d95ee7a1711cae3,0,0,0,0,0,,0,0,0,,0,0,0,,2562,0,0,0,
aae348caede446649e2ef8b15536119c,0,0,0,0,0,,0,0,0,,0,0,0,,21,0,0,0,
d3f5c739727041bbb2151e96d9368bae,0,0,0,0,0,,0,0,0,,0,0,0,,651,232,152,254,https://www.twitch.tv/videos/2856055949
d91ffcc2823f4121a2caa347a8c2a507,0,0,0,0,0,,0,0,0,,0,0,0,,861,67,56,67,https://www.twitch.tv/videos/2855093321
e353f482c5be4887838ea9fdf802ad91,0,0,0,0,0,,0,0,0,,0,0,0,,3803,244,173,370,https://www.twitch.tv/videos/2856226338
256252fdd3d1437995088c56e674fcf0,0,0,0,0,0,,0,0,0,,0,0,0,,1166,25,24,25,https://www.twitch.tv/videos/2858747290
228427b15b964f1396b5a7b5eb224a21,0,0,0,0,0,,0,0,0,,0,0,0,,53,0,0,0,
dbabd28a98cf447189088251a5b973d4,0,0,0,0,0,,0,0,0,,0,0,0,,252,0,0,0,
6a963053004f4deaa0dbdf875db41879,0,0,0,0,0,,0,0,0,,0,0,0,,664,0,0,0,
c8c9028316b44ae9a1ac302337862085,0,0,0,0,0,,0,0,0,,0,0,0,,572,116,75,166,https://www.twitch.tv/videos/2849760725
f63e4427852143aea61621a639c0b391,0,0,0,0,0,,0,0,0,,0,0,0,,106,165,119,226,https://www.twitch.tv/videos/2846681243
8c2f8700978045ec86bf1ade1b3e650b,0,0,0,0,0,,0,0,0,,0,0,0,,852,114,90,304,https://www.twitch.tv/videos/2853262154
59904dcbea754d238b0710e75262d119,0,0,0,0,0,,0,0,0,,0,0,0,,617,0,0,0,
f84598913e654789a80556fd38388dfb,0,0,0,0,0,,0,0,0,,0,0,0,,1519,0,0,0,
480aca28939a4eb5bf558a710e21709c,0,0,0,0,0,,0,0,0,,0,0,0,,2934,110,76,146,https://www.twitch.tv/videos/2853904280
f0bc26cfe4a8451d863a8d8cbd6313ed,0,0,0,0,0,,0,0,0,,0,0,0,,6,0,0,0,
555fe6a78fdb4d8b9fa8a286377972e8,0,0,0,0,0,,0,0,0,,0,0,0,,1157,0,0,0,
4c42b9f574e7438d8aea8b099e451505,0,0,0,0,0,,0,0,0,,0,0,0,,1159,157,121,157,https://www.twitch.tv/videos/2853322498
4fadb90960a844daab26191bb158d3a3,0,0,0,0,0,,0,0,0,,0,0,0,,3276,0,0,0,
a0ba9fee8a7747cab74e98ed61fb4a68,0,0,0,0,0,,0,0,0,,0,0,0,,1229,110,81,207,https://www.twitch.tv/videos/2851211660
1addf96267ac494bb73c9e6f6e1793b8,0,0,0,0,0,,0,0,0,,0,0,0,,2804,0,0,0,
e4421bd8d15848c09fa4ad4df162c858,0,0,0,0,0,,0,0,0,,0,0,0,,384,53,28,53,https://www.twitch.tv/videos/2846828541
389c752acb964aeda95f36098fd37ef0,0,0,0,0,0,,0,0,0,,0,0,0,,1672,187,118,187,https://www.twitch.tv/videos/2849512208
afa3e309e41044c5bffe17466607d481,0,0,0,0,0,,0,0,0,,0,0,0,,35282,13223,5715,27156,https://www.twitch.tv/videos/2840460537
7dd086a606284ba6b7b584f8b00dc190,0,0,0,0,0,,0,0,0,,0,0,0,,419,16,12,35,https://www.twitch.tv/videos/2851409629
644e669aa31443fe9a61a14e75ebd21e,0,0,0,0,0,,0,0,0,,0,0,0,,7376,327,140,482,https://www.twitch.tv/videos/2835865690
e698befe9649448885d93094cd4dc6a9,0,0,0,0,0,,0,0,0,,0,0,0,,4512,683,313,1421,https://www.twitch.tv/videos/2842299740
89e97a0dc5844cf88fe30a25f347aac0,0,0,0,0,0,,0,0,0,,0,0,0,,481,168,111,200,https://www.twitch.tv/videos/2850441549
aa72818fdcaf460b9b3f90e92d702e57,0,0,0,0,0,,0,0,0,,0,0,0,,8469,1798,853,2910,https://www.twitch.tv/videos/2856927069
60cc7f18c0fe438280af5a81b31eb923,0,0,0,0,0,,0,0,0,,0,0,0,,4069,319,159,34892,https://www.twitch.tv/videos/2840526655
288d3972d3164ee595228b8a5959ac00,0,0,0,0,0,,0,0,0,,0,0,0,,2994,156,120,156,https://www.twitch.tv/videos/2853244738
99c240d0c1a047b4a4e017d764a54c62,0,0,0,0,0,,0,0,0,,0,0,0,,452,180,135,351,https://www.twitch.tv/videos/2847522611
2996488b9f454fb3a42c17ab292ac63c,0,0,0,0,0,,0,0,0,,0,0,0,,724,158,114,188,https://www.twitch.tv/videos/2848854721
4cb08241fbce4905a83ed02de6a1af9c,0,0,0,0,0,,0,0,0,,0,0,0,,9059,2334,1013,10294,https://www.twitch.tv/videos/2846671457
a3a1caa89669445db63f22b9a3af88b0,0,0,0,0,0,,0,0,0,,0,0,0,,1198,0,0,0,
6ec708afd89043b682eb82dacc36c3c9,0,0,0,0,0,,0,0,0,,0,0,0,,1136,1071,257,2370,https://www.twitch.tv/videos/2844034641
c8728d2ddd4f4a929764b11247c88c22,0,0,0,0,0,,0,0,0,,0,0,0,,619,61,48,71,https://www.twitch.tv/videos/2852886708
06337167c1a14d82b6a7f7cc71eac813,0,0,0,0,0,,0,0,0,,0,0,0,,843,0,0,0,
6c7336d4605540c6871de5f96874129c,0,0,0,0,0,,0,0,0,,0,0,0,,24444,7280,2948,18554,https://www.twitch.tv/videos/2836929787
c099b7e8d46c418d8e17097d496f3b83,0,0,0,0,0,,0,0,0,,0,0,0,,3678,645,261,1359,https://www.twitch.tv/videos/2855094135
ad2aef5af5074f14af7f6ddf7899743a,0,0,0,0,0,,0,0,0,,0,0,0,,2005,0,0,0,
cad8c81461ac41c887bdf3617ccdaee6,0,0,0,0,0,,0,0,0,,0,0,0,,1136,73,51,174,https://www.twitch.tv/videos/2848658516
0572bddb85b24166820f34f39164f99c,0,0,0,0,0,,0,0,0,,0,0,0,,829,161,130,184,https://www.twitch.tv/videos/2857852004
7cd55e03d87c4c77843a437ec0703670,0,0,0,0,0,,0,0,0,,0,0,0,,3019,0,0,0,
3cfc2b54a543469b92a95ff1e3f1da54,0,0,0,0,0,,0,0,0,,0,0,0,,1605,0,0,0,
0495c29470d143fa99819123878186b7,0,0,0,0,0,,0,0,0,,0,0,0,,5525,0,0,0,
880137f60dc842b98862f5b86ba8d94d,0,0,0,0,0,,0,0,0,,0,0,0,,746,84,81,184,https://www.twitch.tv/videos/2857685893
828ab4c66f5f43f298d237374a266b7e,0,0,0,0,0,,0,0,0,,0,0,0,,3046,282,147,573,https://www.twitch.tv/videos/2836844772
6a6547a3f19d4870a6f11b88c60a5296,0,0,0,0,0,,0,0,0,,0,0,0,,3569,197,160,259,https://www.twitch.tv/videos/2855926664
e94cfb3c71d94965bfc98f135bfd2f14,0,0,0,0,0,,0,0,0,,0,0,0,,928,294,153,499,https://www.twitch.tv/videos/2834432930
9ca05592c52f42649191751f18cb70e6,0,0,0,0,0,,0,0,0,,0,0,0,,2694,243,167,325,https://www.twitch.tv/videos/2853104890
ba562aad440d483e988d3ce7e7217c94,0,0,0,0,0,,0,0,0,,0,0,0,,37553,4790,2552,7992,https://www.twitch.tv/videos/2845674855
ed051ffc6cd643c287a678fea774e644,0,0,0,0,0,,0,0,0,,0,0,0,,2692,0,0,0,
921d25072caf403ea797c3d5f61f84cf,0,0,0,0,0,,0,0,0,,0,0,0,,1840,0,0,0,
fe62d50e41af4aa29c3e2b0cfc62fb3d,0,0,0,0,0,,0,0,0,,0,0,0,,1016,77,55,169,https://www.twitch.tv/videos/2853141953
8024d67e25454783a698e5ecf2c4dc67,0,0,0,0,0,,0,0,0,,0,0,0,,629,87,75,165,https://www.twitch.tv/videos/2857092106
e53606f1bf0c4059b1226b6c2e037fd0,0,0,0,0,0,,0,0,0,,0,0,0,,904,54,45,181,https://www.twitch.tv/videos/2852342173
8ee91529ce264452890b80ffb514248a,0,0,0,0,0,,0,0,0,,0,0,0,,759,1329,971,4097,https://www.twitch.tv/videos/2856505973
e32a4d49fba7459fbdf9e242288fa18c,0,0,0,0,0,,0,0,0,,0,0,0,,4998,169,30,242,https://www.twitch.tv/videos/2836987939
59152798bfa74acb8bad10346fd10d69,0,0,0,0,0,,0,0,0,,0,0,0,,1693,706,340,1633,https://www.twitch.tv/videos/2836674628
36beb36f581f44d393dcf0af2b194789,0,0,0,0,0,,0,0,0,,0,0,0,,6383,390,178,470,https://www.twitch.tv/videos/2847752395
9e64bba43928414884503de36f805c48,0,0,0,0,0,,0,0,0,,0,0,0,,40528,22160,10718,47165,https://www.twitch.tv/videos/2848613139
4f1ccc5966a847308552b2c7b05e18dc,0,0,0,0,0,,0,0,0,,0,0,0,,29,12,10,17,https://www.twitch.tv/videos/2857005895
091175f48e6c4ead84a2811cb3f22560,0,0,0,0,0,,0,0,0,,0,0,0,,107,0,0,0,
88526add0348499c95bd5838a5f35989,0,0,0,0,0,,0,0,0,,0,0,0,,1986,300,222,447,https://www.twitch.tv/videos/2849307791
