V5##VTuber ID,YouTube Subscriber Count,YouTube View Count,YouTube Recent Total Median View Count,YouTube Recent Total Popularity,YouTube Recent Total Highest View Count,YouTube Recent Total Highest Viewed URL,YouTube Recent Livestream Median View Count,YouTube Recent Livestream Popularity,YouTube Recent Livestream Highest View Count,YouTube Recent Livestream Highest Viewed URL,YouTube Recent Video Median View Count,YouTube Recent Video Popularity,YouTube Recent Video Highest View Count,YouTube Recent Video Highest Viewed URL,Twitch Follower Count,Twitch Recent Median View Count,Twitch Recent Popularity,Twitch Recent Highest View Count,Twitch Recent Highest Viewed URL
1c5619a4ece046dd8ba68ed343489ca3,548000,108616581,40664,17588,271340,https://www.youtube.com/watch?v=9tSqVFmfkxA,12050,717,22614,https://www.youtube.com/watch?v=eCVSxvJ0geA,49784,19627,271340,https://www.youtube.com/watch?v=9tSqVFmfkxA,32972,0,0,0,
f6a4e7aa8d0c4e5cb39d199845ec4d02,441000,68501993,14003,5957,20744,https://www.youtube.com/watch?v=STtOJ4WMr4k,14003,5957,20744,https://www.youtube.com/watch?v=STtOJ4WMr4k,0,0,0,,122232,9363,6175,15428,https://www.twitch.tv/videos/2875649048
5535c9524eb046c38e172ebfa06b302f,403000,139781405,18691,9375,131513,https://www.youtube.com/watch?v=6sQvP50Q2n0,24525,11430,131513,https://www.youtube.com/watch?v=6sQvP50Q2n0,12721,7475,38540,https://www.youtube.com/watch?v=hRejNoC1278,74231,1079,402,4932,https://www.twitch.tv/videos/2884401089
664e1b310cf343b78623f99b31e40fae,394000,57756741,0,0,0,,0,0,0,,0,0,0,,16970,0,0,0,
d837e8fda137492c9d77882b98ff863a,374000,213659880,53705,24500,435946,https://www.youtube.com/watch?v=rnR-0l0CeAo,28387,18407,80379,https://www.youtube.com/watch?v=I7HncCyyUro,138021,76291,435946,https://www.youtube.com/watch?v=rnR-0l0CeAo,68098,27225,12960,52656,https://www.twitch.tv/videos/2880887238
182da09d8d454f37a52ec546cbb35e39,346000,99166133,38130,20701,352939,https://www.youtube.com/watch?v=lU_x-wQfQU4,26217,11460,45663,https://www.youtube.com/watch?v=-LIDgp3N2h4,61677,22397,352939,https://www.youtube.com/watch?v=lU_x-wQfQU4,6396,785,711,1464,https://www.twitch.tv/videos/2888848836
c04f006e69e04000a68cd0c41f888eb2,246000,25801620,13320,6612,408498,https://www.youtube.com/watch?v=wypZ0-k7Ne8,10105,5590,21443,https://www.youtube.com/watch?v=QnTtklS_eTI,35451,13084,408498,https://www.youtube.com/watch?v=wypZ0-k7Ne8,0,0,0,0,
897400f2658a483286ca6acc927006ca,239000,40344006,5343,2004,11528,https://www.youtube.com/watch?v=djODs_KTyO4,2837,1408,3154,https://www.youtube.com/watch?v=nBGT3ZVPcuw,7471,2825,11528,https://www.youtube.com/watch?v=djODs_KTyO4,10772,0,0,0,
abd64c9a64e04fb1b23faa2480c1c106,229000,82914781,4751,1642,24932,https://www.youtube.com/watch?v=yR6W9f4oC28,6739,1867,24387,https://www.youtube.com/watch?v=IsscSA_B5e8,4518,1577,24932,https://www.youtube.com/watch?v=yR6W9f4oC28,2388,100,87,100,https://www.twitch.tv/videos/2888018756
4b6b055ada4d4f0ab63b7ad02a3fa3ef,224000,19338950,2835,1320,10831,https://www.youtube.com/watch?v=BhDcX1NgbMQ,2829,1233,4464,https://www.youtube.com/watch?v=G1m99bJVF7o,10831,4386,10831,https://www.youtube.com/watch?v=BhDcX1NgbMQ,55745,821,263,1313,https://www.twitch.tv/videos/2888878440
a9f6574e98f34b20a05269134930fb50,221000,11186868,9890,3756,23507,https://www.youtube.com/watch?v=5U3YCZeipvM,13144,6384,22692,https://www.youtube.com/watch?v=59v_eCj0GAA,7801,3002,23507,https://www.youtube.com/watch?v=5U3YCZeipvM,0,0,0,0,
7c06b9e316ce4ac18ce836cd72442bbe,206000,67895372,10493,5384,20486,https://www.youtube.com/watch?v=aK-A4NRfD4g,10105,4816,17288,https://www.youtube.com/watch?v=6yQvF2DHZkQ,15859,6039,20486,https://www.youtube.com/watch?v=aK-A4NRfD4g,55464,3391,2570,8056,https://www.twitch.tv/videos/2878062250
312fdd3c5e6d4aefa73fd3860ecc5613,193000,38139475,12987,6084,117050,https://www.youtube.com/watch?v=n-OohV_lbXg,31503,10065,37406,https://www.youtube.com/watch?v=APqZY0nYc2k,7750,3456,117050,https://www.youtube.com/watch?v=n-OohV_lbXg,27678,7442,2369,13104,https://www.twitch.tv/videos/2883628845
c65e7caaf81a43249d5132b9fe312b24,185000,18326588,12328,7641,50312,https://www.youtube.com/watch?v=OsbyiE5OC7A,12184,6626,17074,https://www.youtube.com/watch?v=WcF346gI6fk,33119,22529,50312,https://www.youtube.com/watch?v=OsbyiE5OC7A,0,0,0,0,
e93bd1102e214cbaa71cc5b2e4a53595,185000,38903226,25194,8658,170766,https://www.youtube.com/watch?v=mPA5ejL4l_I,23565,8752,53241,https://www.youtube.com/watch?v=ipqwxWh1QyU,28567,8565,170766,https://www.youtube.com/watch?v=mPA5ejL4l_I,91998,18922,7844,35957,https://www.twitch.tv/videos/2887103696
265a18972d244affae35711cfd1f9931,184000,23573979,8636,3438,29757,https://www.youtube.com/watch?v=og17Dhb7yXA,8600,3345,29757,https://www.youtube.com/watch?v=og17Dhb7yXA,9099,3438,19948,https://www.youtube.com/watch?v=2vXyov3IWMA,19541,1193,382,9666,https://www.twitch.tv/videos/2882479164
f1b5f88144e14bd188e17b2f98303713,177000,37125318,170454,89241,882429,https://www.youtube.com/watch?v=j_-xFU0S61o,12033,8543,15790,https://www.youtube.com/watch?v=DqKsdD046YM,235590,110449,882429,https://www.youtube.com/watch?v=j_-xFU0S61o,0,0,0,0,
3f4650e05ceb41008bd16869780b7af1,174000,96311382,55454,38591,255806,https://www.youtube.com/watch?v=ALL2zgTYu28,7670,5530,14198,https://www.youtube.com/watch?v=f2f-BLLYhg0,97473,68784,255806,https://www.youtube.com/watch?v=ALL2zgTYu28,0,0,0,0,
f110fd69b66941bab04de9ada563c6ac,158000,19355673,6105,3420,110278,https://www.youtube.com/watch?v=yS80VTRGqas,6341,4136,110278,https://www.youtube.com/watch?v=yS80VTRGqas,1297,868,27205,https://www.youtube.com/watch?v=0X7gnmVw89A,17112,2316,1338,6912,https://www.twitch.tv/videos/2886111418
6dc75ab227e34c928598bde8f2d324bf,152000,53561184,56387,24302,176325,https://www.youtube.com/watch?v=uWN2YxmGVVU,29175,13485,73980,https://www.youtube.com/watch?v=orlZ3o0ickw,98062,54612,176325,https://www.youtube.com/watch?v=uWN2YxmGVVU,0,0,0,0,
fa5a7cdc259543259af42bb23f1e4041,147000,43884121,10243,4634,163620,https://www.youtube.com/watch?v=LxvtCK4mUdw,7281,3558,16433,https://www.youtube.com/watch?v=NgXCH8e6ePc,34697,12089,163620,https://www.youtube.com/watch?v=LxvtCK4mUdw,0,0,0,0,
bafb134fd2f849898d6242d1f5f683cc,147000,27816453,13870,9382,53477,https://www.youtube.com/watch?v=tXO4wWCUBZ8,12188,5971,31120,https://www.youtube.com/watch?v=osvRaSmcQwU,23192,14870,53477,https://www.youtube.com/watch?v=tXO4wWCUBZ8,46479,11873,5067,33250,https://www.twitch.tv/videos/2877985183
b41844198887422fb52cb928a272cbc8,146000,51883004,3715,1568,73276,https://www.youtube.com/watch?v=1YUJEROxYkE,3652,1536,8728,https://www.youtube.com/watch?v=TNqg2wHIsgM,36079,8543,73276,https://www.youtube.com/watch?v=1YUJEROxYkE,0,0,0,0,
0641a9c8b9a94994aaa33e0c86fef75b,141000,42796794,12191,4131,48070,https://www.youtube.com/watch?v=HJLSnCtNKsE,6531,3005,15720,https://www.youtube.com/watch?v=G92PKPfAfiM,15527,6109,48070,https://www.youtube.com/watch?v=HJLSnCtNKsE,8735,0,0,0,
58abad4aa8de49efb785367503dfd92c,135000,19514986,0,0,0,,0,0,0,,0,0,0,,0,0,0,0,
a3ce195c0069494c99849d0b1a10a7fd,133000,17925815,7295,4003,20704,https://www.youtube.com/watch?v=_ej1_UIhbc0,7101,3715,14421,https://www.youtube.com/watch?v=T7IwgDYSf5g,20704,6954,20704,https://www.youtube.com/watch?v=_ej1_UIhbc0,27109,1938,720,1938,https://www.twitch.tv/videos/2874766401
494d2c5daf9f4a8a8e4538687e6be14c,129000,6856942,5215,2711,29792,https://www.youtube.com/watch?v=lyQc7ksXfWg,5139,2711,10184,https://www.youtube.com/watch?v=epnLqLxVPg0,17475,4771,29792,https://www.youtube.com/watch?v=lyQc7ksXfWg,0,0,0,0,
e78cffa246c24a1c88031151cad8c385,127000,12867471,4585,2992,68402,https://www.youtube.com/watch?v=PKhZqHt58jQ,4040,1994,7568,https://www.youtube.com/watch?v=mduiexdlKfM,22633,5864,68402,https://www.youtube.com/watch?v=PKhZqHt58jQ,7302,1171,411,2198,https://www.twitch.tv/videos/2871171157
ab4f892ca62e4043b6287bdfe50b145d,118000,21685298,2840,1247,8634,https://www.youtube.com/watch?v=JdRHfYFXIO0,2840,1133,3251,https://www.youtube.com/watch?v=u0A4OXkolic,4927,4176,8634,https://www.youtube.com/watch?v=JdRHfYFXIO0,1484,0,0,0,
a9b855767b2d432c9f263e3427ff33a6,117000,18675879,10719,5184,51566,https://www.youtube.com/watch?v=CxWoaTbTvus,10479,4805,21111,https://www.youtube.com/watch?v=Z_OSv-tW7mY,10836,5693,51566,https://www.youtube.com/watch?v=CxWoaTbTvus,0,0,0,0,
b4a1791208fd4d85b7b08ee2bad0c236,112000,21120002,9718,3951,31603,https://www.youtube.com/watch?v=xcK6T9E0S-k,12571,5568,31603,https://www.youtube.com/watch?v=xcK6T9E0S-k,9211,3881,21374,https://www.youtube.com/watch?v=6E0ZXdmL1GM,0,0,0,0,
c0c033c9c8014562b58a7124b6b22fb0,110000,1788933,1301,735,5344,https://www.youtube.com/watch?v=DsqIvJe746o,1302,730,5344,https://www.youtube.com/watch?v=DsqIvJe746o,1166,735,1724,https://www.youtube.com/watch?v=h_kVnLKG3sE,0,0,0,0,
5efb403f9a174bfd82d04d528a121042,110000,24635361,148238,106942,705162,https://www.youtube.com/watch?v=Pjiws4thYZs,37353,21201,75572,https://www.youtube.com/watch?v=lTjaCutbGx0,195813,122035,705162,https://www.youtube.com/watch?v=Pjiws4thYZs,17091,8422,704,10364,https://www.twitch.tv/videos/2869340514
9cec24b011ee45648eb404066c997f49,110000,22165495,16745,8208,157209,https://www.youtube.com/watch?v=8zfcQlziQiQ,16745,7233,37441,https://www.youtube.com/watch?v=PgFgE3COsBE,19982,17022,157209,https://www.youtube.com/watch?v=8zfcQlziQiQ,41902,5278,2710,17498,https://www.twitch.tv/videos/2874472974
15c9a54b946a40c38c07ea2f9efddfa5,107000,34594464,26597,14284,128396,https://www.youtube.com/watch?v=IQoBa-sFLdc,25480,15689,53950,https://www.youtube.com/watch?v=NQs6RGE5t0A,50929,13077,128396,https://www.youtube.com/watch?v=IQoBa-sFLdc,66832,22685,8761,42830,https://www.twitch.tv/videos/2870229346
04d2ff1dde6b4bb68503a734274f4b7e,107000,9402314,9111,3212,9365,https://www.youtube.com/watch?v=dEVDDSQ7TXw,9111,3212,9365,https://www.youtube.com/watch?v=dEVDDSQ7TXw,0,0,0,,0,0,0,0,
8bf35c3b9a9e461d825a9170555b71c2,107000,26730479,30467,18333,87783,https://www.youtube.com/watch?v=pXPXK1zaiew,30309,10763,66002,https://www.youtube.com/watch?v=-O8DWY3H_DE,64855,44046,87783,https://www.youtube.com/watch?v=pXPXK1zaiew,54268,15721,7785,45148,https://www.twitch.tv/videos/2890799773
23ec5ecfb8c14ea893576783f1790643,105000,6508810,2165,897,19643,https://www.youtube.com/watch?v=N1Rj5PBedT8,2143,1031,4426,https://www.youtube.com/watch?v=oGsp6TsEsDk,19643,527,19643,https://www.youtube.com/watch?v=N1Rj5PBedT8,2311,335,239,460,https://www.twitch.tv/videos/2880964016
b126053a1356460ebf85a874a6a55aca,103000,44329612,5259,2316,10916,https://www.youtube.com/watch?v=SJPKOucusoY,5429,2515,10916,https://www.youtube.com/watch?v=SJPKOucusoY,2362,1550,4160,https://www.youtube.com/watch?v=sRGYbooEQXw,0,0,0,0,
702c74978d8f4adab79f292cbecb49a4,103000,15462352,5060,2060,69431,https://www.youtube.com/watch?v=lyBM8P8KtA8,4994,2507,7807,https://www.youtube.com/watch?v=BYzOpanc9-Y,5086,2025,69431,https://www.youtube.com/watch?v=lyBM8P8KtA8,13185,0,0,0,
98e3a5838fec4a6caa936ae35485de23,102000,9009726,2460,2169,3329,https://www.youtube.com/watch?v=U-0fgBmRZl0,0,0,0,,2460,2169,3329,https://www.youtube.com/watch?v=U-0fgBmRZl0,0,0,0,0,
ea4c1a67c2e445ad8028768616ceb659,92100,14228727,6404,4089,28503,https://www.youtube.com/watch?v=tHHwar2Gbww,6224,2779,12772,https://www.youtube.com/watch?v=XSg_91ZIfhM,20442,6866,28503,https://www.youtube.com/watch?v=tHHwar2Gbww,4274,0,0,0,
53707f0116dc4fca8614ac7139e40b83,91800,33051908,430,100,496,https://www.youtube.com/watch?v=S7EXtYUPUO8,430,100,496,https://www.youtube.com/watch?v=S7EXtYUPUO8,0,0,0,,5994,243,70,340,https://www.twitch.tv/videos/2882682734
a6a4e83ae23140e6bd1f7c817af8f864,90000,6383355,11649,4291,32936,https://www.youtube.com/watch?v=OiJLWlTaSZ4,11093,1942,11524,https://www.youtube.com/watch?v=lg0fFVluu78,19116,6550,32936,https://www.youtube.com/watch?v=OiJLWlTaSZ4,12634,2173,1107,3344,https://www.twitch.tv/videos/2877495121
9d9c6477329245cbb2557895f4f15686,89100,11624181,40435,14300,133259,https://www.youtube.com/watch?v=Q2_p9WbsRH8,0,0,0,,40435,14300,133259,https://www.youtube.com/watch?v=Q2_p9WbsRH8,178166,17626,7444,109685,https://www.twitch.tv/videos/2865721478
4544974bc5624035ae7bb0c9ed33e44e,86600,10259130,4974,2306,16212,https://www.youtube.com/watch?v=_kCqoIa-FcM,4837,1836,7532,https://www.youtube.com/watch?v=EbUW6ueY8g8,16212,2777,16212,https://www.youtube.com/watch?v=_kCqoIa-FcM,13972,1705,1009,3951,https://www.twitch.tv/videos/2876309379
6bd49f94afb144e995247388ca8c42a8,85500,19173364,55940,45530,151412,https://www.youtube.com/watch?v=4jfFB6XT7nw,37743,27848,45722,https://www.youtube.com/watch?v=kTdS68TNw-0,94090,53492,151412,https://www.youtube.com/watch?v=4jfFB6XT7nw,86965,49872,29700,127470,https://www.twitch.tv/videos/2880020851
4b6655120fbd4431a8f7894cac4a4d49,84000,9428268,3180,2260,56475,https://www.youtube.com/watch?v=NhJISqzq0sM,3505,2821,56475,https://www.youtube.com/watch?v=NhJISqzq0sM,2455,815,6318,https://www.youtube.com/watch?v=70_RKOMlssg,0,0,0,0,
d6c4708f6eb94ac6ad7668363b132248,83800,2612194,1322,537,1919,https://www.youtube.com/watch?v=DwIDPyxFJxg,1322,537,1919,https://www.youtube.com/watch?v=DwIDPyxFJxg,0,0,0,,0,0,0,0,
7e81a72484054a5c89f3826ebc8946be,82800,6506467,2535,1387,16769,https://www.youtube.com/watch?v=oAAz5O269rU,2272,1382,4592,https://www.youtube.com/watch?v=EXcvA8WzAWk,2798,2072,16769,https://www.youtube.com/watch?v=oAAz5O269rU,14980,2517,1279,6394,https://www.twitch.tv/videos/2875447430
fd6a0236861940389e15ef85b16c6069,82300,37501432,129344,38875,547918,https://www.youtube.com/watch?v=dtnK2L86EH0,0,0,0,,129344,38875,547918,https://www.youtube.com/watch?v=dtnK2L86EH0,184350,42494,15702,94896,https://www.twitch.tv/videos/2878246571
911d3403c8e84dc3b0c4a2f6017698b6,80000,4054225,8933,4569,38284,https://www.youtube.com/watch?v=DIvhqo0C1Jw,13301,5010,38284,https://www.youtube.com/watch?v=DIvhqo0C1Jw,4032,932,14919,https://www.youtube.com/watch?v=_A8efCPxAfo,4210,938,754,1400,https://www.twitch.tv/videos/2887130303
5bd39e2c6dcf4ff19436d8a5fa069464,79300,13614292,22985,9814,55272,https://www.youtube.com/watch?v=WyXIfbgPDd0,21819,10597,37641,https://www.youtube.com/watch?v=qfWjSgrJPOA,26932,9814,55272,https://www.youtube.com/watch?v=WyXIfbgPDd0,34906,13273,5706,24356,https://www.twitch.tv/videos/2889844240
1ccdbe5d48934f4cbabc86512dd1d357,78700,6513726,0,0,0,,0,0,0,,0,0,0,,0,0,0,0,
0bf0ec441dc6489583f7218e02ab6a89,77500,5294773,982,505,6380,https://www.youtube.com/watch?v=0TxeKKI09ns,1013,587,6380,https://www.youtube.com/watch?v=0TxeKKI09ns,167,30,167,https://www.youtube.com/watch?v=k9uNjuDHLzw,10911,416,307,687,https://www.twitch.tv/videos/2879306966
17c335762a694402b8cb9a96b2865572,76400,8529815,3960,3063,7672,https://www.youtube.com/watch?v=HgK7ZNoJbMg,5146,4247,7672,https://www.youtube.com/watch?v=HgK7ZNoJbMg,2273,1762,3806,https://www.youtube.com/watch?v=6B5Hpg5ZwpQ,0,0,0,0,
02f5258d29b046bc9f597c9baac014bf,76000,10071921,32593,12778,567663,https://www.youtube.com/watch?v=lLk7otiY0BM,14083,6384,21103,https://www.youtube.com/watch?v=5Q-2AHDWeu0,103129,33966,567663,https://www.youtube.com/watch?v=lLk7otiY0BM,64848,66128,22515,109324,https://www.twitch.tv/videos/2877412954
8d113670c4514e5bb28823a756385528,73200,12838600,28970,17639,66750,https://www.youtube.com/watch?v=MNwpsaWYw2Y,23186,13978,66750,https://www.youtube.com/watch?v=MNwpsaWYw2Y,45594,31288,63871,https://www.youtube.com/watch?v=nOFnx71WFWI,33004,10508,3467,16369,https://www.twitch.tv/videos/2880977941
c5fe413a473d4638b53fb3f9019aabbe,71900,5698259,3488,1953,4648,https://www.youtube.com/watch?v=d949FZhJdOw,4648,3610,4648,https://www.youtube.com/watch?v=d949FZhJdOw,2329,295,2329,https://www.youtube.com/watch?v=FXo5EjixB3w,35557,28622,14218,56782,https://www.twitch.tv/videos/2877533163
cd42e06c40534d9eac7e30a434e47d43,71800,6022013,2035,1219,2915,https://www.youtube.com/watch?v=f3VxP17qPVE,2035,1219,2915,https://www.youtube.com/watch?v=f3VxP17qPVE,0,0,0,,3608,437,267,1062,https://www.twitch.tv/videos/2883621516
2694a505a0e0441bb99b49e8ce1f7473,69000,5739523,1322,314,1322,https://www.youtube.com/watch?v=Ifr25eJ7srk,0,0,0,,1322,314,1322,https://www.youtube.com/watch?v=Ifr25eJ7srk,56504,9747,4126,21531,https://www.twitch.tv/videos/2880120956
d5fdf5fc55d14476908e416e6d43c121,68700,6124447,3409,1674,21611,https://www.youtube.com/watch?v=XriF91T3YTU,3409,1973,21611,https://www.youtube.com/watch?v=XriF91T3YTU,3354,1094,3835,https://www.youtube.com/watch?v=oG2dUzeoWys,0,0,0,0,
4fc5a770272a43f1bb0a1d12aa3a9b46,66500,17164006,2761,1827,24533,https://www.youtube.com/watch?v=It2-FZzmpBs,2584,1633,2759,https://www.youtube.com/watch?v=eVfgELh_dwc,3259,1922,24533,https://www.youtube.com/watch?v=It2-FZzmpBs,0,0,0,0,
6c872a4043b84e4493877a42af684d1d,66300,10648373,3314,1426,8999,https://www.youtube.com/watch?v=kaMGF7yNpwo,2854,1426,5227,https://www.youtube.com/watch?v=v3mI03bjIoU,7539,4265,8999,https://www.youtube.com/watch?v=kaMGF7yNpwo,6257,643,453,643,https://www.twitch.tv/videos/2883563949
6a9a7c7dc3f94605b5f619e9fbcfa33d,66100,3182509,5892,2327,17480,https://www.youtube.com/watch?v=AUXe5GN_qjk,6035,2843,10591,https://www.youtube.com/watch?v=odHzJYyVRcs,5138,1608,17480,https://www.youtube.com/watch?v=AUXe5GN_qjk,0,0,0,0,
efe550a729e14dbab790a3f73205d8ed,65400,3684342,3483,1568,38024,https://www.youtube.com/watch?v=4z6T-oGZ47s,3511,1538,8164,https://www.youtube.com/watch?v=_JBJJDkfSlM,3456,1763,38024,https://www.youtube.com/watch?v=4z6T-oGZ47s,0,0,0,0,
1b63d89e0b1a4b579de6d99e25eaff8f,65200,15147546,18452,6945,57724,https://www.youtube.com/watch?v=hntN-HeOKMw,7570,4538,57724,https://www.youtube.com/watch?v=hntN-HeOKMw,24606,11093,39423,https://www.youtube.com/watch?v=KCYipaOx0AU,12866,0,0,0,
f5ff982730f54cd4826ff0530a4288c2,65000,7414154,14784,8890,41351,https://www.youtube.com/watch?v=28m3ht8L9As,10728,8510,18561,https://www.youtube.com/watch?v=m2JKEnX83DI,17298,9211,41351,https://www.youtube.com/watch?v=28m3ht8L9As,0,0,0,0,
cb94019fb4714e168b47d6757995efc3,64900,5358037,5681,1676,6620,https://www.youtube.com/watch?v=OHEYOOI_cMM,5856,1633,6620,https://www.youtube.com/watch?v=OHEYOOI_cMM,5681,3620,5681,https://www.youtube.com/watch?v=K4RXbCc3Crc,8695,1675,628,2459,https://www.twitch.tv/videos/2865740373
1323f1b775bf43659f8b8ec2899522cd,64700,4360795,4676,2555,6745,https://www.youtube.com/watch?v=avrrCI5bgY4,4676,2555,6745,https://www.youtube.com/watch?v=avrrCI5bgY4,0,0,0,,0,0,0,0,
0d717ed7ec134fb6ac94ce9dc4e25658,63600,5350550,4150,1549,12221,https://www.youtube.com/watch?v=bx3NHXXtrhA,4150,1549,12221,https://www.youtube.com/watch?v=bx3NHXXtrhA,0,0,0,,4637,852,657,953,https://www.twitch.tv/videos/2887128568
14a9a08fbdc641e8ac8c384dedfccf0a,63600,7978826,10674,5383,16490,https://www.youtube.com/watch?v=GHBo7rwBTVc,10604,4665,16490,https://www.youtube.com/watch?v=GHBo7rwBTVc,15194,14346,15194,https://www.youtube.com/watch?v=uit0Bf7y-WA,22172,10815,4880,27919,https://www.twitch.tv/videos/2868610741
99f6f80397b34d0b9a0cfd40f3801a35,61600,3487298,3534,3136,3840,https://www.youtube.com/watch?v=y32izKpM2_I,3644,3502,3840,https://www.youtube.com/watch?v=y32izKpM2_I,2680,2155,2680,https://www.youtube.com/watch?v=jUsAVJ5jnIQ,32696,6550,4965,17686,https://www.twitch.tv/videos/2864930095
a8ce4642418b4fe8ba1471a32097f4c4,61300,3973522,1483,729,2254,https://www.youtube.com/watch?v=oWJpEJbwjTs,1645,777,2129,https://www.youtube.com/watch?v=lAF-mCfYMZU,1072,532,2254,https://www.youtube.com/watch?v=oWJpEJbwjTs,0,0,0,0,
5a934764983e45959855735b79bcc90e,61100,3118495,3255,1200,14454,https://www.youtube.com/watch?v=vRy65p-5U6k,3255,1291,4814,https://www.youtube.com/watch?v=0xw4Q6L2v_A,4044,304,14454,https://www.youtube.com/watch?v=vRy65p-5U6k,12480,668,137,3976,https://www.twitch.tv/videos/2889567024
512b64ec20174d018540516e9edf2b2f,60700,7297171,1069,201,1910,https://www.youtube.com/watch?v=Mt28iPTkORk,1069,201,1910,https://www.youtube.com/watch?v=Mt28iPTkORk,0,0,0,,1238,0,0,0,
920d34819cf944e99cf469f7552d535f,59700,19973926,42119,16990,60534,https://www.youtube.com/watch?v=xJadqlFhDsE,45315,19163,60534,https://www.youtube.com/watch?v=xJadqlFhDsE,36194,11569,57687,https://www.youtube.com/watch?v=Gy62yAYcPXY,9882,7221,3596,9801,https://www.twitch.tv/videos/2877358407
f985903969ad4e8b839e919aabe94480,58300,1117952,0,0,0,,0,0,0,,0,0,0,,0,0,0,0,
cbb5df4184f04027b8a550d648d79eeb,58100,6898835,13608,3325,40182,https://www.youtube.com/watch?v=dsPMOiW65RY,6613,3325,6613,https://www.youtube.com/watch?v=lapf4kM9g4E,13636,2930,40182,https://www.youtube.com/watch?v=dsPMOiW65RY,0,0,0,0,
ba59bb31bbcd4cf3a481c4cf72918fb0,57700,9008676,5174,3323,6968,https://www.youtube.com/watch?v=Lc18quyHoRs,5174,3323,6968,https://www.youtube.com/watch?v=Lc18quyHoRs,0,0,0,,0,0,0,0,
729621ce509b4641ad8cde76dec037d0,57700,3286179,1772,946,6147,https://www.youtube.com/watch?v=2V4un4gI-iI,1772,946,6147,https://www.youtube.com/watch?v=2V4un4gI-iI,0,0,0,,5902,3064,1989,5562,https://www.twitch.tv/videos/2883567511
6aefa292dc61441e98c787efb0067922,57400,3209483,2438,907,5567,https://www.youtube.com/watch?v=RhBJI4TM6sY,2409,887,5292,https://www.youtube.com/watch?v=4J5XdCKwYbY,3570,1179,5567,https://www.youtube.com/watch?v=RhBJI4TM6sY,11148,1250,499,3265,https://www.twitch.tv/videos/2873658272
c88554bbf263412da16e7a17fd03e467,57300,6136938,11194,5182,404550,https://www.youtube.com/watch?v=M-h52XGDDGQ,10243,3873,58683,https://www.youtube.com/watch?v=tzuLvS49Gzc,60334,29272,404550,https://www.youtube.com/watch?v=M-h52XGDDGQ,0,0,0,0,
e14d4aac184c4ccdba6f2a9718cfea62,57100,3363746,1429,625,5180,https://www.youtube.com/watch?v=gPKr5iLaRKw,1272,579,4686,https://www.youtube.com/watch?v=ZNXXjzkR5Vc,3228,1448,5180,https://www.youtube.com/watch?v=gPKr5iLaRKw,2924,269,186,355,https://www.twitch.tv/videos/2881826068
a000aa1d3ea7489c993277d33ab2457e,55800,6386960,9849,4706,17893,https://www.youtube.com/watch?v=t1t79GLwZL0,9653,6342,17893,https://www.youtube.com/watch?v=t1t79GLwZL0,13328,15,13328,https://www.youtube.com/watch?v=NaP8Io7Hrwk,58371,25359,9972,83569,https://www.twitch.tv/videos/2880028484
3bc36efc33ba4410be1d509a39074ceb,55700,6782925,32765,17204,49930,https://www.youtube.com/watch?v=UTzjLz-Ey4s,32585,16876,38234,https://www.youtube.com/watch?v=tO8HSQxJeJM,35530,18395,49930,https://www.youtube.com/watch?v=UTzjLz-Ey4s,29942,18211,5987,28235,https://www.twitch.tv/videos/2869431761
626750f4e7a745619c171c44fb1efcc0,55600,8086738,2232,921,7717,https://www.youtube.com/watch?v=RMPVeaD_FrY,2512,921,7717,https://www.youtube.com/watch?v=RMPVeaD_FrY,1933,702,3974,https://www.youtube.com/watch?v=CZXg67kmvCA,11704,477,223,739,https://www.twitch.tv/videos/2868568064
2db2ffc41ff340a990a6d4dcec000d08,55300,6224650,32483,21577,126836,https://www.youtube.com/watch?v=70mCm7QXF4E,21691,10472,37368,https://www.youtube.com/watch?v=0N2EJ8-zxlA,59993,22771,126836,https://www.youtube.com/watch?v=70mCm7QXF4E,36512,24630,13687,77364,https://www.twitch.tv/videos/2873118519
6c88799c6f45407faf0f9ea007b0dcab,55100,4783408,5523,2242,26262,https://www.youtube.com/watch?v=ENWaQ_wRnOw,2898,2015,5569,https://www.youtube.com/watch?v=7lBDqdpyISM,14018,4637,26262,https://www.youtube.com/watch?v=ENWaQ_wRnOw,0,0,0,0,
0eb515afbb9347529a406e91a07cde90,53800,4351929,19444,8124,92181,https://www.youtube.com/watch?v=8sd5JzEpHYA,12636,6372,24072,https://www.youtube.com/watch?v=OtpIQKJ_51w,42888,15805,92181,https://www.youtube.com/watch?v=8sd5JzEpHYA,23348,10437,3105,11634,https://www.twitch.tv/videos/2869465114
1cfadb0d2e154a258c3177ff8264336f,53500,5140669,7337,6274,353689,https://www.youtube.com/watch?v=bADx8lQONo4,8110,7654,353689,https://www.youtube.com/watch?v=bADx8lQONo4,610,405,610,https://www.youtube.com/watch?v=hrMxBLEO2u8,0,0,0,0,
66c812bb04844241af1d1c7539b5e251,53100,39036333,1024,519,4484,https://www.youtube.com/watch?v=GjkertIC8wE,1345,831,4484,https://www.youtube.com/watch?v=GjkertIC8wE,549,199,1099,https://www.youtube.com/watch?v=uiu0qCuu2X0,1070,65,48,125,https://www.twitch.tv/videos/2884347901
ce2a2c07a74640fc8d3b39d022b16dd9,53100,5122506,2359,1240,9780,https://www.youtube.com/watch?v=8KNenjKx154,2501,1609,4882,https://www.youtube.com/watch?v=oPv8fGicZRg,896,616,9780,https://www.youtube.com/watch?v=8KNenjKx154,0,0,0,0,
927ce160c29f4465ba196c3e1b8fee1c,53000,3472369,2241,1395,7652,https://www.youtube.com/watch?v=drOnE4YODJU,2083,910,7652,https://www.youtube.com/watch?v=drOnE4YODJU,3647,2967,5865,https://www.youtube.com/watch?v=zSlRnaY2yR0,5155,648,313,1282,https://www.twitch.tv/videos/2877418775
658e63bebdca421ca934b0bf6aa2bcd8,53000,6508725,4153,2453,7469,https://www.youtube.com/watch?v=VIgcydvxTSg,4166,2487,7469,https://www.youtube.com/watch?v=VIgcydvxTSg,3148,1680,5689,https://www.youtube.com/watch?v=JYFCyKd1X5U,11069,0,0,0,
60282d578bb747b8b232dba81168a5b6,52200,5533646,3697,483,6159,https://www.youtube.com/watch?v=HpWmnbzMFnY,0,0,0,,3697,483,6159,https://www.youtube.com/watch?v=HpWmnbzMFnY,0,0,0,0,
e350c8b7e41045419ee1ac73bc78921b,52100,5841671,1973,857,8193,https://www.youtube.com/watch?v=BjnHiYf4wbc,1960,817,3011,https://www.youtube.com/watch?v=Wc_wm2Q3Vxs,3222,1740,8193,https://www.youtube.com/watch?v=BjnHiYf4wbc,0,0,0,0,
4c3cae772e974f8fb8e04f4cc9c8cd8d,51800,3703447,4528,2557,85720,https://www.youtube.com/watch?v=Gus2znmfZrc,3904,2510,7246,https://www.youtube.com/watch?v=jgn30Y01XgA,15201,6604,85720,https://www.youtube.com/watch?v=Gus2znmfZrc,0,0,0,0,
7d66bf98da354f72baee891cdd91855b,51500,5704461,5629,2581,17345,https://www.youtube.com/watch?v=uOAAw7hEmPM,5203,2550,8513,https://www.youtube.com/watch?v=fwyksM8H_28,9166,3071,17345,https://www.youtube.com/watch?v=uOAAw7hEmPM,0,0,0,0,
177fe395a2704d10add06cb1466fa254,51200,5960699,22909,14842,68067,https://www.youtube.com/watch?v=JVO_P7A3Y80,21236,14880,45585,https://www.youtube.com/watch?v=NzaEuroR1Z0,23442,14842,68067,https://www.youtube.com/watch?v=JVO_P7A3Y80,41966,30538,13654,60281,https://www.twitch.tv/videos/2889686517
3681a0b4e4bd48888473b1884f6ee420,50900,6217088,2438,962,13558,https://www.youtube.com/watch?v=pze6Bstr09s,1787,845,4885,https://www.youtube.com/watch?v=F6HciAzpi44,8772,3450,13558,https://www.youtube.com/watch?v=pze6Bstr09s,0,0,0,0,
50a0835b66844b0ab84f573934f20989,50300,2716429,4922,2549,10096,https://www.youtube.com/watch?v=x9c79mvKfTY,4922,2549,10096,https://www.youtube.com/watch?v=x9c79mvKfTY,0,0,0,,0,0,0,0,
9a496e9b261f401dba4991a9f4c7048e,48500,2172506,1811,986,43249,https://www.youtube.com/watch?v=odC_DxkMpag,1764,613,7269,https://www.youtube.com/watch?v=oDvbhx2DPeI,3289,1303,43249,https://www.youtube.com/watch?v=odC_DxkMpag,0,0,0,0,
fe1abd28f3114015ac31ae1821e8dd3f,48400,1933446,1397,700,5336,https://www.youtube.com/watch?v=7rQjPo5G5PA,1390,696,5336,https://www.youtube.com/watch?v=7rQjPo5G5PA,3268,782,3268,https://www.youtube.com/watch?v=yVpYm6IGG2E,5125,833,739,1156,https://www.twitch.tv/videos/2883403827
a0d4fad2fd3d4e4981947642a9dbafc4,48200,4306735,6283,2690,92108,https://www.youtube.com/watch?v=BioNRRkMuEg,5866,2362,18754,https://www.youtube.com/watch?v=2g-rvbVUNcg,87151,3505,92108,https://www.youtube.com/watch?v=BioNRRkMuEg,13678,2623,1221,3195,https://www.twitch.tv/videos/2886170090
22ca620b93c94e5cb48175bbecf8d3af,48000,5642405,3891,3065,8566,https://www.youtube.com/watch?v=K6aK3-Rc5ew,3891,3065,8566,https://www.youtube.com/watch?v=K6aK3-Rc5ew,0,0,0,,0,0,0,0,
575d15d21f7240e1ad72935bf7fa0465,47800,1836728,1576,908,3114,https://www.youtube.com/watch?v=I14_qNuMINY,1186,755,2181,https://www.youtube.com/watch?v=zqlzEE99bCQ,2037,908,3114,https://www.youtube.com/watch?v=I14_qNuMINY,0,0,0,0,
ebe5c5f9d67f44f3bc5e70b413ce9df7,47800,2487101,1722,533,2276,https://www.youtube.com/watch?v=6P13gEmElMw,1722,533,2276,https://www.youtube.com/watch?v=6P13gEmElMw,0,0,0,,12230,807,339,1136,https://www.twitch.tv/videos/2881858115
2760c9a44c20464d8e140e6367ed1cdf,47400,2588931,1270,626,2674,https://www.youtube.com/watch?v=k3TR7RXH48M,1270,626,2674,https://www.youtube.com/watch?v=k3TR7RXH48M,0,0,0,,2645,515,387,642,https://www.twitch.tv/videos/2887280362
c41044006a014ed28107f33221a7de98,46800,4464612,1906,964,3596,https://www.youtube.com/watch?v=567ym_UWrrY,1906,964,3596,https://www.youtube.com/watch?v=567ym_UWrrY,0,0,0,,5256,0,0,0,
c25e6f38d6df447e84c4747ba6ac75cc,46800,2176589,3475,1333,18708,https://www.youtube.com/watch?v=UK9EIKXNGmE,3838,1421,18708,https://www.youtube.com/watch?v=UK9EIKXNGmE,2174,1284,11840,https://www.youtube.com/watch?v=Z8uLylyPr9I,0,0,0,0,
3d786b116dbc437e8684d7b46567a1e5,46700,1516522,5349,2404,16456,https://www.youtube.com/watch?v=PnBfl6oKw_w,5855,2660,16177,https://www.youtube.com/watch?v=YWR3WmT5Fow,4539,2404,16456,https://www.youtube.com/watch?v=PnBfl6oKw_w,10401,2400,861,6650,https://www.twitch.tv/videos/2880795995
21d5855a8c7d4461b286d40c167ac093,46300,5297987,2398,975,7863,https://www.youtube.com/watch?v=CXRiRkvTYwo,2398,975,7863,https://www.youtube.com/watch?v=CXRiRkvTYwo,0,0,0,,1596,0,0,0,
a9f28d3e3d2a4ecb93ff10955be791d1,46100,3597697,4176,1651,10651,https://www.youtube.com/watch?v=WUyykdGpZkc,4176,1651,10651,https://www.youtube.com/watch?v=WUyykdGpZkc,0,0,0,,18450,5500,2666,8247,https://www.twitch.tv/videos/2879954760
5f6f102dd7cc4bfaa99e4cde16b85290,45900,2651789,3305,1349,5159,https://www.youtube.com/watch?v=sTHxhnReUiM,3305,1349,5159,https://www.youtube.com/watch?v=sTHxhnReUiM,0,0,0,,10207,2628,1142,6492,https://www.twitch.tv/videos/2870170097
a85d79e2323b4869a6f784c51218cd37,45900,5837126,7626,2453,39068,https://www.youtube.com/watch?v=57x8F76dyvI,4995,1939,23505,https://www.youtube.com/watch?v=CFOwgqduBLU,12317,3772,39068,https://www.youtube.com/watch?v=57x8F76dyvI,2454,478,393,556,https://www.twitch.tv/videos/2888860325
20f0e269ce554a00920de0444bc22aaf,45600,4384199,1565,857,6362,https://www.youtube.com/watch?v=1SmDn5dW8Ew,1137,857,6362,https://www.youtube.com/watch?v=1SmDn5dW8Ew,2122,864,4192,https://www.youtube.com/watch?v=PToFLZJySlQ,0,0,0,0,
4d0cbf91a5cb4524862207c5d406d98c,45500,3061336,3937,1971,18752,https://www.youtube.com/watch?v=UgJjdDl_pRY,4537,2243,6893,https://www.youtube.com/watch?v=vLElJfeGCxw,2905,1537,18752,https://www.youtube.com/watch?v=UgJjdDl_pRY,0,0,0,0,
0825b7bbb6134dbc98a132cc1782fb1f,45100,2391392,897,205,3349,https://www.youtube.com/watch?v=fmsn9ftfHNU,897,205,3349,https://www.youtube.com/watch?v=fmsn9ftfHNU,0,0,0,,0,0,0,0,
1c6ebd51e0fc4ebab88347e853335c87,44900,2410882,2379,1338,6194,https://www.youtube.com/watch?v=LG45z_8hQAk,3270,1775,6194,https://www.youtube.com/watch?v=LG45z_8hQAk,2270,1038,3539,https://www.youtube.com/watch?v=N2JilUrlBoY,2095,0,0,0,
4d856c2abee448b8941c27799bb8cb03,44100,1225317,4763,2075,36195,https://www.youtube.com/watch?v=AjIINhSH2fs,4382,1720,25269,https://www.youtube.com/watch?v=DEPBukQTYJ4,10143,3413,36195,https://www.youtube.com/watch?v=AjIINhSH2fs,0,0,0,0,
5e98938ba0624235863dd2af8017fbe6,43800,2500901,2576,1685,19395,https://www.youtube.com/watch?v=cRgXhfhxqiA,2725,1932,10712,https://www.youtube.com/watch?v=OzOtEM6WzzI,2195,1075,19395,https://www.youtube.com/watch?v=cRgXhfhxqiA,5079,1122,516,2514,https://www.twitch.tv/videos/2867719964
73b97b1a35c84579aa8ffcd6534efad3,43700,6406744,3224,1424,14015,https://www.youtube.com/watch?v=HtSFvz9XaeM,2713,1050,4957,https://www.youtube.com/watch?v=VhXbn475hxU,4359,2580,14015,https://www.youtube.com/watch?v=HtSFvz9XaeM,10855,0,0,0,
e069724ddab54dd690d6c3425574effd,43300,7863075,3093,1631,14322,https://www.youtube.com/watch?v=l7DJ2cAGtzo,2786,1415,4105,https://www.youtube.com/watch?v=bmCjFAikmfs,8830,2709,14322,https://www.youtube.com/watch?v=l7DJ2cAGtzo,5539,949,317,949,https://www.twitch.tv/videos/2873866992
e92219319c904d17ad14a223a304f7b5,43000,3022846,4437,2102,15336,https://www.youtube.com/watch?v=hMpdFzponTQ,4183,1919,6525,https://www.youtube.com/watch?v=j6iGXxqfPCY,8511,3554,15336,https://www.youtube.com/watch?v=hMpdFzponTQ,675,0,0,0,
dabf31fbee9b4214958603268d48b780,42800,1405398,3622,1543,7964,https://www.youtube.com/watch?v=Qxih0tKdqFw,3654,1530,7964,https://www.youtube.com/watch?v=Qxih0tKdqFw,3528,1918,6042,https://www.youtube.com/watch?v=nlDkw8Bkyp8,0,0,0,0,
dee8efe8990e458c915e4f6a6a16b49f,42200,5285490,474,138,646,https://www.youtube.com/watch?v=SIVjTAHXr6I,474,138,646,https://www.youtube.com/watch?v=SIVjTAHXr6I,0,0,0,,3290,0,0,0,
ed426712876641848613137bef236d26,42200,4491580,4086,1802,9289,https://www.youtube.com/watch?v=XCGG7U_lfwE,4376,1660,6634,https://www.youtube.com/watch?v=eak4gaYWXOE,3900,2058,9289,https://www.youtube.com/watch?v=XCGG7U_lfwE,10269,1395,676,3912,https://www.twitch.tv/videos/2886841223
59f5e287671149398135c5c08b5ed2f7,41900,1079847,2022,890,8076,https://www.youtube.com/watch?v=AfM2uV3joNU,2177,873,8076,https://www.youtube.com/watch?v=AfM2uV3joNU,1603,890,3892,https://www.youtube.com/watch?v=tzop-m-HeVw,472,0,0,0,
8150f530d858418282811429cc32622b,41900,2592219,1170,472,4887,https://www.youtube.com/watch?v=vZfWkEPRMo0,1166,452,4634,https://www.youtube.com/watch?v=39OD8LpWBXU,4887,918,4887,https://www.youtube.com/watch?v=vZfWkEPRMo0,13336,828,438,3187,https://www.twitch.tv/videos/2875370998
be6c475c291d45a0a7349abdb70be20d,41500,14459640,4448,1626,18997,https://www.youtube.com/watch?v=mo4wI4ixYek,1839,1454,4713,https://www.youtube.com/watch?v=XemFTlw2uqE,4964,1727,18997,https://www.youtube.com/watch?v=mo4wI4ixYek,0,0,0,0,
f6a8c59d8b8d4e009d4e147ec268cd73,41100,2612137,4466,2040,12332,https://www.youtube.com/watch?v=8yYhGFeLdMA,4466,2040,12332,https://www.youtube.com/watch?v=8yYhGFeLdMA,0,0,0,,5008,0,0,0,
14770d49681b44c1a6a7fcbdc265f539,40800,2047674,4349,1482,5407,https://www.youtube.com/watch?v=mThOyOYAoxU,4349,1482,5407,https://www.youtube.com/watch?v=mThOyOYAoxU,0,0,0,,0,0,0,0,
d1694c709e0f489fbd07fc9bc67c0a66,40700,2150667,1933,901,6412,https://www.youtube.com/watch?v=CBCI8ASlusg,1788,879,3773,https://www.youtube.com/watch?v=UJdgzQlagio,6412,4544,6412,https://www.youtube.com/watch?v=CBCI8ASlusg,2989,361,243,361,https://www.twitch.tv/videos/2882748267
7aba821c721e45bcb3d113652e9e8fb2,40400,1467380,2171,942,3957,https://www.youtube.com/watch?v=rUx9SzgHvB8,2592,1478,3957,https://www.youtube.com/watch?v=rUx9SzgHvB8,333,86,2520,https://www.youtube.com/watch?v=FSPnr19GKIs,2386,756,500,876,https://www.twitch.tv/videos/2888882114
4b8137b8ba4e4a4dad994e2e07e351fe,40300,2533262,503,144,2220,https://www.youtube.com/watch?v=edwztmBEeFE,503,144,2220,https://www.youtube.com/watch?v=edwztmBEeFE,0,0,0,,2112,134,98,173,https://www.twitch.tv/videos/2886287116
b0f523194beb4abca2b433e9e41d912c,40200,2377348,2096,1228,5008,https://www.youtube.com/watch?v=_JgBAG3Jdpk,2059,903,3512,https://www.youtube.com/watch?v=ZdqCD054ric,3412,2074,5008,https://www.youtube.com/watch?v=_JgBAG3Jdpk,11989,0,0,0,
6943bbfc993443d4b3853833b3bb1a66,40200,15104398,2038,1930,6549,https://www.youtube.com/watch?v=A3g2qaGlFpM,4249,3522,6549,https://www.youtube.com/watch?v=A3g2qaGlFpM,2038,1843,2038,https://www.youtube.com/watch?v=0NZbcv1r6mo,0,0,0,0,
6baf9b6a84a44ab3a6979d98bff7ee21,40000,2312669,4860,1437,27528,https://www.youtube.com/watch?v=sLloyrUEZyM,4181,1944,6559,https://www.youtube.com/watch?v=rZul3gxAEgE,5131,405,27528,https://www.youtube.com/watch?v=sLloyrUEZyM,2654,863,407,1340,https://www.twitch.tv/videos/2866818073
192d2decee72410e8346c135c4ac6e00,39700,1769015,2884,1037,6827,https://www.youtube.com/watch?v=YtNQCqL2XiI,2922,1037,6827,https://www.youtube.com/watch?v=YtNQCqL2XiI,2341,1208,2884,https://www.youtube.com/watch?v=EJv39ltNeM0,2746,0,0,0,
b42416c629e64c948f75aff4ff5c9a8a,39400,1311688,2253,1448,2253,https://www.youtube.com/watch?v=EsOl170ysuA,0,0,0,,2253,1448,2253,https://www.youtube.com/watch?v=EsOl170ysuA,4216,528,364,749,https://www.twitch.tv/videos/2883142887
670990d65f7b459ba2a3728c39d4cb9a,38500,2705477,21360,15698,110676,https://www.youtube.com/watch?v=MlzoZ6RHyqM,30893,20855,110676,https://www.youtube.com/watch?v=MlzoZ6RHyqM,8285,7195,29321,https://www.youtube.com/watch?v=p_NHUODPVJQ,15396,25819,20669,43831,https://www.twitch.tv/videos/2885307496
80f7b111f0e044abae4c37f6a96b5957,38500,1255088,979,377,2225,https://www.youtube.com/watch?v=8NXqGfU6D9k,954,377,1520,https://www.youtube.com/watch?v=__JXdsiBvUY,1716,1039,2225,https://www.youtube.com/watch?v=8NXqGfU6D9k,0,0,0,0,
f928e57423634094b3d7d8461321c028,38400,1025635,936,313,1800,https://www.youtube.com/watch?v=xpQ0oDpxOLY,936,313,1800,https://www.youtube.com/watch?v=xpQ0oDpxOLY,0,0,0,,2954,0,0,0,
683c47ffba3246cb8574a6f2667208d1,38300,1566191,2987,1136,4796,https://www.youtube.com/watch?v=Fd0SIf37MW8,2987,1136,3626,https://www.youtube.com/watch?v=uH-jYB1kPZI,2981,1630,4796,https://www.youtube.com/watch?v=Fd0SIf37MW8,14136,5842,2326,9542,https://www.twitch.tv/videos/2865626511
dad6fb7439d744739755a9a7c6c18d20,38200,3768301,3540,1916,7083,https://www.youtube.com/watch?v=wsBfyi6bh5k,3896,1542,5946,https://www.youtube.com/watch?v=2LD9MrcbxSE,3438,2626,7083,https://www.youtube.com/watch?v=wsBfyi6bh5k,2917,0,0,0,
bf3356cfb2754286af9b6bb1665f56bd,37700,1081147,1095,518,2010,https://www.youtube.com/watch?v=f1l4k2ginv8,1001,503,1457,https://www.youtube.com/watch?v=4Dp3ENy4DMU,1446,1019,2010,https://www.youtube.com/watch?v=f1l4k2ginv8,348,0,0,0,
491a6000ce4b472c9b4f8c1dcfdb772c,37600,12950853,8651,1776,206693,https://www.youtube.com/watch?v=esf70T9WtXw,1736,920,4311,https://www.youtube.com/watch?v=Da47bKs8aqg,22936,6900,206693,https://www.youtube.com/watch?v=esf70T9WtXw,1278,0,0,0,
84d68bef71304aa089c10d2c33c9a107,37600,4168998,2854,1272,7902,https://www.youtube.com/watch?v=K_OgZpO7kPY,2797,1097,4890,https://www.youtube.com/watch?v=pqkGmlwtEhU,6807,5930,7902,https://www.youtube.com/watch?v=K_OgZpO7kPY,0,0,0,0,
6929e06cd9ed49739cadaa35115847c7,37100,2813342,2316,823,7564,https://www.youtube.com/watch?v=aJO3cgHhqWw,1986,558,7225,https://www.youtube.com/watch?v=bPGPJUWVxUM,2930,1907,7564,https://www.youtube.com/watch?v=aJO3cgHhqWw,0,0,0,0,
f928118054aa4e11aa4ec88504d8b886,36300,2225173,1741,258,3369,https://www.youtube.com/watch?v=bdhefqgDyg8,899,231,1741,https://www.youtube.com/watch?v=bzYqarImK1E,2739,787,3369,https://www.youtube.com/watch?v=bdhefqgDyg8,2743,253,161,253,https://www.twitch.tv/videos/2881869502
5c7beefaa54444e3b0443d7abd93c1f7,36200,4261249,0,0,0,,0,0,0,,0,0,0,,4473,341,119,652,https://www.twitch.tv/videos/2865759730
55be1972142c44799f83ce3db4f14fbd,36000,3723614,1722,1073,14247,https://www.youtube.com/watch?v=23-9K2f730c,1567,787,2230,https://www.youtube.com/watch?v=S3nKYXbU1KM,2271,1667,14247,https://www.youtube.com/watch?v=23-9K2f730c,0,0,0,0,
0247d07842794dccb043e0b10a888d30,35500,2119972,34482,22420,194740,https://www.youtube.com/watch?v=khPDxOuvqhM,34482,25092,86373,https://www.youtube.com/watch?v=HlVm3K-cbF0,40063,9675,194740,https://www.youtube.com/watch?v=khPDxOuvqhM,11208,16526,14079,28682,https://www.twitch.tv/videos/2890768043
6af8929143294c72b25a7108e79e2faf,35200,2490392,1794,795,5869,https://www.youtube.com/watch?v=oBs5CF3P8pM,1557,732,5869,https://www.youtube.com/watch?v=oBs5CF3P8pM,3715,2826,4874,https://www.youtube.com/watch?v=MkFQVv6kyV8,0,0,0,0,
b08047f2566246ac995e03a5db727cfe,34900,95392,0,0,0,,0,0,0,,0,0,0,,7212,0,0,0,
13a4e83f2bbc4d18bb27520a4dceef72,34900,9533530,50059,14339,65070,https://www.youtube.com/watch?v=XQyJp_VPp3s,0,0,0,,50059,14339,65070,https://www.youtube.com/watch?v=XQyJp_VPp3s,66300,30186,19300,53127,https://www.twitch.tv/videos/2886898540
32b5b05c6e0f4747a8c0932d06f97f8c,34900,2363912,3092,392,4155,https://www.youtube.com/watch?v=dN7Gc3BRpAs,2458,605,4155,https://www.youtube.com/watch?v=dN7Gc3BRpAs,3689,392,3689,https://www.youtube.com/watch?v=ZoZr9ZkD-Cc,5013,1056,483,1182,https://www.twitch.tv/videos/2877408712
8267ea37c12a471a8a038f501832e099,34800,2537909,4730,953,10734,https://www.youtube.com/watch?v=I3QwYavKtFY,0,0,0,,4730,953,10734,https://www.youtube.com/watch?v=I3QwYavKtFY,0,0,0,0,
84a911e2b05f4919a32e0c1618e32a7d,34700,1154319,2114,993,2580,https://www.youtube.com/watch?v=fTRU6D31wmg,2114,993,2580,https://www.youtube.com/watch?v=fTRU6D31wmg,0,0,0,,0,0,0,0,
e343e3fdc52f47a7bd5dbd793ccf8916,34000,2433408,2675,1441,25809,https://www.youtube.com/watch?v=DFfYz0lZ-s8,2188,950,2741,https://www.youtube.com/watch?v=AR5he-kza6A,3981,2380,25809,https://www.youtube.com/watch?v=DFfYz0lZ-s8,0,0,0,0,
e1b2266a00c04e81bd868ae2fbff7848,33800,2117150,4270,257,6790,https://www.youtube.com/watch?v=F3VFvKlRteQ,0,0,0,,4270,257,6790,https://www.youtube.com/watch?v=F3VFvKlRteQ,0,0,0,0,
ad56a56e509c4b6fa0cf11ca959e3c72,33200,292922,1549,693,5961,https://www.youtube.com/watch?v=VP9iATIfxJc,1557,725,5961,https://www.youtube.com/watch?v=VP9iATIfxJc,1542,637,1938,https://www.youtube.com/watch?v=rIPzSUjJh64,143,0,0,0,
0f2ad43c618943d19d5101f2d3c49ac9,33100,1588526,0,0,0,,0,0,0,,0,0,0,,175,0,0,0,
93bad1d4b0c54c8781e3775d13a62c38,32900,1115882,505,194,896,https://www.youtube.com/watch?v=rpB7OvvGfNQ,505,194,896,https://www.youtube.com/watch?v=rpB7OvvGfNQ,0,0,0,,681,0,0,0,
7805f5aaa7be47878ebcf88c6ff4669a,32900,2244307,26305,14875,82804,https://www.youtube.com/watch?v=Ut_abtMiWgY,37630,25590,77463,https://www.youtube.com/watch?v=RK2giQn78SA,14725,6203,82804,https://www.youtube.com/watch?v=Ut_abtMiWgY,19993,60595,44886,73352,https://www.twitch.tv/videos/2886365069
1edf4940878546569e52dd06c95b8581,32800,2971375,1765,703,6730,https://www.youtube.com/watch?v=r3Vwn6f7NI4,1765,771,6730,https://www.youtube.com/watch?v=r3Vwn6f7NI4,1782,527,1845,https://www.youtube.com/watch?v=KeRTOxJuFcg,0,0,0,0,
334133534368487780dfa99b7c9f5949,32800,19224099,0,0,0,,0,0,0,,0,0,0,,0,0,0,0,
31f17632340f4e7fbd0ced07193dd81b,32600,1074184,1198,676,4826,https://www.youtube.com/watch?v=JnskDzGTyRY,1186,642,3011,https://www.youtube.com/watch?v=JYc0nQnzFYk,1656,863,4826,https://www.youtube.com/watch?v=JnskDzGTyRY,0,0,0,0,
099a5fd0d27d4fc892f684793ac18c99,32500,4443693,1781,855,27189,https://www.youtube.com/watch?v=AnOtbo590AM,1526,822,1783,https://www.youtube.com/watch?v=uRnFlEcFk14,2266,855,27189,https://www.youtube.com/watch?v=AnOtbo590AM,0,0,0,0,
9ca368e73d514656ade48dc946f55956,32400,4237672,1383,717,1690,https://www.youtube.com/watch?v=zKy4vxJYOJw,0,0,0,,1383,717,1690,https://www.youtube.com/watch?v=zKy4vxJYOJw,9364,429,175,1237,https://www.twitch.tv/videos/2867727418
d33940525b7f4b9db9ce85e08b4c175e,32200,346704,2854,1340,2854,https://www.youtube.com/watch?v=bJVu2_2lp_8,0,0,0,,2854,1340,2854,https://www.youtube.com/watch?v=bJVu2_2lp_8,8651,0,0,0,
9f649d90164140bdb0e38f7e835c183b,31900,2089142,1581,667,9200,https://www.youtube.com/watch?v=g8dQ4rvbFPk,1306,610,2291,https://www.youtube.com/watch?v=fLzelywNcdk,5832,2140,9200,https://www.youtube.com/watch?v=g8dQ4rvbFPk,0,0,0,0,
691e8a5f258c4c17b70b6b489b0ad04d,31500,3371439,2711,1250,9834,https://www.youtube.com/watch?v=IfDNIj9tflY,1948,858,5539,https://www.youtube.com/watch?v=uA5I22JB1_c,4290,1960,9834,https://www.youtube.com/watch?v=IfDNIj9tflY,1388,0,0,0,
e150e350532b4327b26989dd43cd3bad,31200,2006856,0,0,0,,0,0,0,,0,0,0,,1078,0,0,0,
14d83faa414c415097d577d2da9636ce,30700,1235108,676,465,18955,https://www.youtube.com/watch?v=FWF9Z--m9rU,571,340,818,https://www.youtube.com/watch?v=7H4CtFh4vNg,18955,5063,18955,https://www.youtube.com/watch?v=FWF9Z--m9rU,0,0,0,0,
9e05802075c343a3bf2778550d5157da,30700,1782103,4781,1761,8565,https://www.youtube.com/watch?v=djYcbuoQ5ds,271,118,843,https://www.youtube.com/watch?v=7O2qFmeqYPk,5110,2260,8565,https://www.youtube.com/watch?v=djYcbuoQ5ds,0,0,0,0,
9af7c10c618844f08a327d38753124bd,30600,1610464,29936,11764,56866,https://www.youtube.com/watch?v=NwkhroXtX6M,0,0,0,,29936,11764,56866,https://www.youtube.com/watch?v=NwkhroXtX6M,18424,838,378,3902,https://www.twitch.tv/videos/2890524918
6f9d63518a69442a88ac602a3b37bf18,30600,1928810,1307,591,56472,https://www.youtube.com/watch?v=RhHFog5plbs,1153,593,2091,https://www.youtube.com/watch?v=4YRZQp7gfsU,1444,591,56472,https://www.youtube.com/watch?v=RhHFog5plbs,0,0,0,0,
d35707348d554507a98f97eb59230efc,30500,2386484,1893,936,4873,https://www.youtube.com/watch?v=LgnbVu-C30I,1806,980,4873,https://www.youtube.com/watch?v=LgnbVu-C30I,2625,472,3310,https://www.youtube.com/watch?v=7fjl0kknVdU,5267,545,227,1190,https://www.twitch.tv/videos/2870071937
d81d1032a43642eca36e82ba9a3c39c5,30500,1202709,0,0,0,,0,0,0,,0,0,0,,11630,457,254,893,https://www.twitch.tv/videos/2883549233
6548fd18ecf84bd88112cd5babfa2a66,30100,965267,1116,402,2736,https://www.youtube.com/watch?v=_Q_i7tmpkfM,1071,317,2354,https://www.youtube.com/watch?v=pIyI1blWT2o,2310,1168,2736,https://www.youtube.com/watch?v=_Q_i7tmpkfM,2566,0,0,0,
bac1f0b8e8d149d4a48cfd30d7d7ad74,29900,2381712,948,255,4776,https://www.youtube.com/watch?v=_qmSYwuSBaA,948,285,4776,https://www.youtube.com/watch?v=_qmSYwuSBaA,936,82,1956,https://www.youtube.com/watch?v=bmvL9R8Ud8A,0,0,0,0,
5b996b6eca90491cb8e1a43de23b2388,29700,5098,0,0,0,,0,0,0,,0,0,0,,0,0,0,0,
b6f68e0e323f45458752f3a7ec6a08f2,29700,2577267,3869,2101,8156,https://www.youtube.com/watch?v=eqku4NZsSWU,4122,3688,8156,https://www.youtube.com/watch?v=eqku4NZsSWU,3447,1934,4990,https://www.youtube.com/watch?v=GBFx23KHado,4662,844,517,1890,https://www.twitch.tv/videos/2886205419
8a0b024373544f31b54e5a6cadb124dc,29700,2335539,3644,1405,23377,https://www.youtube.com/watch?v=TTxVpVMhyyw,2622,1161,12993,https://www.youtube.com/watch?v=QFJTJmhZf5g,9388,3145,23377,https://www.youtube.com/watch?v=TTxVpVMhyyw,2045,0,0,0,
aa1ff405338c41b98ff7197eb4d90349,29600,1375526,1931,967,4994,https://www.youtube.com/watch?v=kNPHkVhV7G8,1931,967,4994,https://www.youtube.com/watch?v=kNPHkVhV7G8,0,0,0,,0,0,0,0,
f0b85b56d1d84085aca5ab7f592bd7da,29500,2648168,854,322,2208,https://www.youtube.com/watch?v=mOSDBUDLG2E,775,304,1253,https://www.youtube.com/watch?v=6toGugux6kA,1549,746,2208,https://www.youtube.com/watch?v=mOSDBUDLG2E,0,0,0,0,
fe569b0c059e406daf57eb2acd11cc21,29500,1870002,1777,861,7262,https://www.youtube.com/watch?v=8r8EpCGbyy8,1732,939,7262,https://www.youtube.com/watch?v=8r8EpCGbyy8,1822,751,1822,https://www.youtube.com/watch?v=OhIVmjFzSG0,0,0,0,0,
02d67d58d59644be9cdf0b1179419637,29500,2090782,700,471,1207,https://www.youtube.com/watch?v=EWHKBeE5eXU,700,471,1207,https://www.youtube.com/watch?v=EWHKBeE5eXU,0,0,0,,2738,282,211,314,https://www.twitch.tv/videos/2887093323
4fd17e8877024633876c5d85bc81e56b,29400,4495843,1916,984,14797,https://www.youtube.com/watch?v=MBuiz7o0V5k,1792,920,5569,https://www.youtube.com/watch?v=xf1yaTDr-pM,3492,1576,14797,https://www.youtube.com/watch?v=MBuiz7o0V5k,0,0,0,0,
bc0b8c437eda4361b2a10003013f49cf,29200,319172,0,0,0,,0,0,0,,0,0,0,,0,0,0,0,
73ae80b091f542358d7a5bf8905c28f3,29100,3170798,2725,1921,44237,https://www.youtube.com/watch?v=tntPPejO6uI,2634,1432,2769,https://www.youtube.com/watch?v=XBGWtgMGXhU,8997,6564,44237,https://www.youtube.com/watch?v=tntPPejO6uI,7145,1124,557,1242,https://www.twitch.tv/videos/2876824124
5ba11a0bf35147d499259ad5608a7de1,29100,2363732,1953,647,11515,https://www.youtube.com/watch?v=SNyegLFNpWA,2658,1289,6909,https://www.youtube.com/watch?v=YPBsMQgYviU,1257,251,11515,https://www.youtube.com/watch?v=SNyegLFNpWA,4436,432,333,432,https://www.twitch.tv/videos/2885448663
3be86a2a9cb447f393d235132e157789,28800,2829502,3241,2289,12377,https://www.youtube.com/watch?v=D4RYnUfRiGM,3773,2291,12377,https://www.youtube.com/watch?v=D4RYnUfRiGM,1333,9,1333,https://www.youtube.com/watch?v=XtYIqEnpwRs,0,0,0,0,
19234cc590224c45912a14487f756dc5,28300,2225719,1456,561,5979,https://www.youtube.com/watch?v=Av4GbsL3V58,0,0,0,,1456,561,5979,https://www.youtube.com/watch?v=Av4GbsL3V58,13763,1929,826,4470,https://www.twitch.tv/videos/2868901673
03c018f2d3064da6ac4899bef1d600c5,28300,1239726,0,0,0,,0,0,0,,0,0,0,,40358,6131,2831,15900,https://www.twitch.tv/videos/2872105555
f7c48554816643cdb8d343e6e9e6d313,28300,1592739,1747,513,2330,https://www.youtube.com/watch?v=re5Righ7vi0,1747,513,2330,https://www.youtube.com/watch?v=re5Righ7vi0,0,0,0,,13202,562,275,130428,https://www.twitch.tv/videos/2878294232
3197e5649c65405cbbe6e5f1a44cf8e1,28200,1613115,1268,545,2011,https://www.youtube.com/watch?v=H8t8l-qHmtg,1268,688,2011,https://www.youtube.com/watch?v=H8t8l-qHmtg,1240,179,1505,https://www.youtube.com/watch?v=YUOP1BmaSSg,0,0,0,0,
d1dd83b6e8a24df4b61f766cff45113c,28100,16139186,2194,899,17087,https://www.youtube.com/watch?v=NNy8EhPtg5Y,1353,494,3468,https://www.youtube.com/watch?v=OI_lZrO9Phw,3858,1038,17087,https://www.youtube.com/watch?v=NNy8EhPtg5Y,558,0,0,0,
a060cd640cf44c2bb8d78d8ff2411e68,27800,2107315,1649,907,3742,https://www.youtube.com/watch?v=xOlwyb6CwKg,1342,900,1656,https://www.youtube.com/watch?v=0rEq_GvSSsI,2861,1344,3742,https://www.youtube.com/watch?v=xOlwyb6CwKg,513,0,0,0,
5d00575c06d74f588238857d7dec1b02,27000,4173362,3235,1681,12938,https://www.youtube.com/watch?v=7055Jd1ooHs,3235,1649,3754,https://www.youtube.com/watch?v=flTmEG67ljk,2907,1681,12938,https://www.youtube.com/watch?v=7055Jd1ooHs,0,0,0,0,
25388daec64e40f38ca0e5a3a88fedb7,26800,1312051,1485,748,5579,https://www.youtube.com/watch?v=wkzeUm-YUp8,1501,781,5579,https://www.youtube.com/watch?v=wkzeUm-YUp8,459,256,459,https://www.youtube.com/watch?v=XlzZu5KChxg,3899,1008,771,2007,https://www.twitch.tv/videos/2879880114
a667c79cb8284de29d5843dc3eafcc57,26500,653836,1041,395,3287,https://www.youtube.com/watch?v=b4OHW3Y1HVY,1029,369,1547,https://www.youtube.com/watch?v=YVXaXu2d1X4,3287,2280,3287,https://www.youtube.com/watch?v=b4OHW3Y1HVY,0,0,0,0,
f2a403cb46354371837550730a397bd1,25700,1510311,546,274,1465,https://www.youtube.com/watch?v=iECwhO_FlU0,566,291,748,https://www.youtube.com/watch?v=UphXe0cUS-M,526,274,1465,https://www.youtube.com/watch?v=iECwhO_FlU0,0,0,0,0,
22c8ee785f7446e5978bab336fda92cb,25300,2334575,2851,1080,7590,https://www.youtube.com/watch?v=Tv0WwBW2MnA,3306,2097,7590,https://www.youtube.com/watch?v=Tv0WwBW2MnA,775,96,1013,https://www.youtube.com/watch?v=h_jwCC3prF8,0,0,0,0,
9d0fb5c59ea745f09934f3cfd932c393,25300,3312304,1547,799,21759,https://www.youtube.com/watch?v=QAzjwEkgrXU,931,497,1687,https://www.youtube.com/watch?v=eBwE1ySClPE,6191,3571,21759,https://www.youtube.com/watch?v=QAzjwEkgrXU,0,0,0,0,
7754dca48f524b938314a2b346772e4e,25200,2204264,2871,1389,10729,https://www.youtube.com/watch?v=JsprlFVQm4k,2556,1325,3783,https://www.youtube.com/watch?v=7PBaCz9Ds5c,7383,2187,10729,https://www.youtube.com/watch?v=JsprlFVQm4k,0,0,0,0,
22a1949143784185ae001c31a717b5bc,24800,18183862,64667,16617,699760,https://www.youtube.com/watch?v=Q_Kg1_jrZDg,3006,1314,28900,https://www.youtube.com/watch?v=u3-JDgpVPB4,79297,22905,699760,https://www.youtube.com/watch?v=Q_Kg1_jrZDg,0,0,0,0,
f0a395b14fa34e64ba1aaedb906c7dd3,24600,330463,0,0,0,,0,0,0,,0,0,0,,0,0,0,0,
365db081229a4efeb4630f19587a96b2,24400,1975861,2784,1456,17805,https://www.youtube.com/watch?v=CRaBfpbqcAc,1822,882,7567,https://www.youtube.com/watch?v=9fYP4FXeYRk,3773,1882,17805,https://www.youtube.com/watch?v=CRaBfpbqcAc,0,0,0,0,
1ac97b8deb08470dafc128557532dd52,24300,1685037,1725,1068,16219,https://www.youtube.com/watch?v=u8Net6k64GE,1220,481,2384,https://www.youtube.com/watch?v=amOV8N5QYKY,1994,1355,16219,https://www.youtube.com/watch?v=u8Net6k64GE,492,0,0,0,
6dfe72bb90994dceb7b753908876307d,24300,1917925,2416,1050,8434,https://www.youtube.com/watch?v=jfYdWr3MErY,2392,1113,4345,https://www.youtube.com/watch?v=ZUMwtc6jGug,3287,580,8434,https://www.youtube.com/watch?v=jfYdWr3MErY,0,0,0,0,
28a930938667442288010b333937e2ab,24200,2271505,3872,2528,24103,https://www.youtube.com/watch?v=YEe-wXyRXDw,0,0,0,,3872,2528,24103,https://www.youtube.com/watch?v=YEe-wXyRXDw,10876,1345,564,2301,https://www.twitch.tv/videos/2890470951
67d348e6690c43729cce031e70a26645,24200,1230087,0,0,0,,0,0,0,,0,0,0,,32410,4891,1580,21113,https://www.twitch.tv/videos/2872681286
3e19e054b479401da231ebc3d3fab628,23900,1126730,2885,1188,10046,https://www.youtube.com/watch?v=2N5lhy-1hws,2885,1188,3361,https://www.youtube.com/watch?v=G_xhunghbho,6084,884,10046,https://www.youtube.com/watch?v=2N5lhy-1hws,0,0,0,0,
f13832094d8b40fbb95d07732aa3c3c7,23900,578784,867,522,2293,https://www.youtube.com/watch?v=ptX8eNFRRmc,941,575,2293,https://www.youtube.com/watch?v=ptX8eNFRRmc,835,338,891,https://www.youtube.com/watch?v=TMf_YrDBlFM,0,0,0,0,
c0c35f0471774be2b33163ae20f2d6bb,23700,1675299,2090,1000,8033,https://www.youtube.com/watch?v=lHrguXh00cs,2090,956,8033,https://www.youtube.com/watch?v=lHrguXh00cs,2581,1244,3486,https://www.youtube.com/watch?v=q5y-giq7BEc,0,0,0,0,
824c0c36956f4a73bb3ec479dd8e4da8,23500,1059783,2156,1083,2156,https://www.youtube.com/watch?v=JbLz4JFFmS8,2156,1083,2156,https://www.youtube.com/watch?v=JbLz4JFFmS8,0,0,0,,2543,3,2,3,https://www.twitch.tv/videos/2891319341
3e6a09fe4ef744f987e27ae0f06cdf09,23500,812130,1553,697,5126,https://www.youtube.com/watch?v=WmoY99x2pN4,1565,709,3622,https://www.youtube.com/watch?v=mzRJPTe2jLQ,1123,615,5126,https://www.youtube.com/watch?v=WmoY99x2pN4,0,0,0,0,
da4a58b114b94469a0a93f6b8ee7512d,23000,1322191,2228,992,11012,https://www.youtube.com/watch?v=LOS-R1C1ezU,2228,992,11012,https://www.youtube.com/watch?v=LOS-R1C1ezU,0,0,0,,12581,260,125,1215,https://www.twitch.tv/videos/2885318246
7c00b7dc73a240dc84d68be389732a0c,23000,1131397,829,476,1561,https://www.youtube.com/watch?v=xMiJn_JA7HI,829,476,1561,https://www.youtube.com/watch?v=xMiJn_JA7HI,0,0,0,,0,0,0,0,
18bd2d37e2e64f0cab20ec6a2b2f2474,22900,1167852,1664,751,2610,https://www.youtube.com/watch?v=N2y4tKAlpW8,1618,683,2610,https://www.youtube.com/watch?v=N2y4tKAlpW8,2159,884,2373,https://www.youtube.com/watch?v=8V0hTGXXeG0,3512,333,228,898,https://www.twitch.tv/videos/2888012769
75ddc749133b4c498eb35ceac1e2a0b2,22800,2905109,1584,841,6009,https://www.youtube.com/watch?v=-rLnA-0t4gg,1541,702,2650,https://www.youtube.com/watch?v=yrJHknsIEZY,4841,2868,6009,https://www.youtube.com/watch?v=-rLnA-0t4gg,0,0,0,0,
3809ec8a42634d11aa1b7b8f99755c6a,22800,1999707,10602,7348,17670,https://www.youtube.com/watch?v=ZybTY995vFU,0,0,0,,10602,7348,17670,https://www.youtube.com/watch?v=ZybTY995vFU,68201,3574,1644,9154,https://www.twitch.tv/videos/2887501000
951dd0b605d04163b38de18262e9a438,22400,645360,0,0,0,,0,0,0,,0,0,0,,1461,0,0,0,
7870ac4364ca4c97a4dfe7474251bf5b,22300,1581544,4893,2359,74761,https://www.youtube.com/watch?v=IMRlMakvqFE,4775,2038,8644,https://www.youtube.com/watch?v=Q7KcU2R6nqE,38430,30838,74761,https://www.youtube.com/watch?v=IMRlMakvqFE,3689,7760,5161,9466,https://www.twitch.tv/videos/2883581916
ffe3f2e400ab4237ac873ae9d5a0eda4,22300,1170208,3954,1804,18686,https://www.youtube.com/watch?v=YzcNo5ftF4Y,1938,1206,3954,https://www.youtube.com/watch?v=ZM08G0qYyRY,10394,2969,18686,https://www.youtube.com/watch?v=YzcNo5ftF4Y,0,0,0,0,
05317bcbe5f243abb85618d2669bd0d7,22100,467686,151,82,1267,https://www.youtube.com/watch?v=gUWnaUNYvoU,133,80,942,https://www.youtube.com/watch?v=Iwy1QTi0OAs,477,108,1267,https://www.youtube.com/watch?v=gUWnaUNYvoU,0,0,0,0,
e9a9d88bf69e4c83842fe05b3ae1601b,22100,1270675,0,0,0,,0,0,0,,0,0,0,,13685,1023,323,109314,https://www.twitch.tv/videos/2890561043
2ba32c49f08849f9a109b7e485c9c5a5,21800,1218850,2071,932,8863,https://www.youtube.com/watch?v=NwP3hLkV-sw,1906,768,8863,https://www.youtube.com/watch?v=NwP3hLkV-sw,2562,1202,4568,https://www.youtube.com/watch?v=RMS41bApLU0,0,0,0,0,
38fcf8bc7f3f45d68bab44577c019c84,21600,982329,1562,763,4831,https://www.youtube.com/watch?v=DZ_R5PpUd8s,1613,771,3168,https://www.youtube.com/watch?v=IGzhvEE56B4,1515,763,4831,https://www.youtube.com/watch?v=DZ_R5PpUd8s,0,0,0,0,
7cecb437e7a54e07a29c3a164565957d,21600,1378741,2553,1674,6829,https://www.youtube.com/watch?v=jqYyOQZCEhE,2553,1751,6829,https://www.youtube.com/watch?v=jqYyOQZCEhE,2523,1188,4289,https://www.youtube.com/watch?v=AGfBD2eHxjs,0,0,0,0,
60716febdfe949248e8f67d85634bec5,21400,8323661,760,226,1301,https://www.youtube.com/watch?v=6zMhOZHvALw,0,0,0,,760,226,1301,https://www.youtube.com/watch?v=6zMhOZHvALw,0,0,0,0,
532b143e82d6452fac9a18d1d025a2af,21300,464173,0,0,0,,0,0,0,,0,0,0,,0,0,0,0,
b63a5ee44acf4498827a3fd984ab23e0,21200,1522976,2062,1048,2972,https://www.youtube.com/watch?v=gBEN6rA53Ho,2062,1048,2972,https://www.youtube.com/watch?v=gBEN6rA53Ho,0,0,0,,0,0,0,0,
ec4bc8d279af43eaba4679b762bbbc59,21200,844067,0,0,0,,0,0,0,,0,0,0,,0,0,0,0,
cd88de8b4bc84a71975df9afb42192b8,21200,747184,3689,1458,10298,https://www.youtube.com/watch?v=ONYSg5SGY6o,3689,1458,10298,https://www.youtube.com/watch?v=ONYSg5SGY6o,0,0,0,,4331,0,0,0,
a39733d216994010b34bf5033be01589,21100,1611990,4947,2649,10423,https://www.youtube.com/watch?v=e8ceT26uy6Q,4913,2876,10423,https://www.youtube.com/watch?v=e8ceT26uy6Q,5053,1440,9739,https://www.youtube.com/watch?v=swMTry2ODoY,1242,507,381,554,https://www.twitch.tv/videos/2888020973
aaa45dc386714427ba862f691d4471ac,20900,2109419,2731,979,20229,https://www.youtube.com/watch?v=2waBUU_qZTA,1726,979,4754,https://www.youtube.com/watch?v=nQNckk_vq_c,3286,1024,20229,https://www.youtube.com/watch?v=2waBUU_qZTA,1862,925,729,2256,https://www.twitch.tv/videos/2886848122
53c811a3e7814de2b76dd4e0c241a9e5,20800,674634,384,230,1971,https://www.youtube.com/watch?v=NBYUgqj84Rw,384,209,1971,https://www.youtube.com/watch?v=NBYUgqj84Rw,1111,1006,1781,https://www.youtube.com/watch?v=gYa2C6h1qi8,671,0,0,0,
accbad7e89df4174a13b68edcae74068,20700,853239,989,424,1729,https://www.youtube.com/watch?v=yNPyvPMuHuc,636,290,795,https://www.youtube.com/watch?v=Qb1IoCIEkdk,1349,592,1729,https://www.youtube.com/watch?v=yNPyvPMuHuc,909,388,294,906,https://www.twitch.tv/videos/2887117440
ef67b676c0334ef182151f473469c1f1,20700,1520324,1397,644,11091,https://www.youtube.com/watch?v=s-4dGrTJbkE,1365,631,2563,https://www.youtube.com/watch?v=gjA08TuK7kY,1726,904,11091,https://www.youtube.com/watch?v=s-4dGrTJbkE,0,0,0,0,
c9ece3513c804b3db003cd8fca683857,20600,906423,2250,1077,5962,https://www.youtube.com/watch?v=SONUKfvDo-M,2250,1077,5962,https://www.youtube.com/watch?v=SONUKfvDo-M,0,0,0,,8663,0,0,0,
67d6807619064938a78832b4106de5c0,20600,934370,0,0,0,,0,0,0,,0,0,0,,3725,337,111,480,https://www.twitch.tv/videos/2866813138
f7c8264349654390a5e39810dc012a38,20500,1488548,797,773,797,https://www.youtube.com/watch?v=UdPWIzzfUjY,0,0,0,,797,773,797,https://www.youtube.com/watch?v=UdPWIzzfUjY,0,0,0,0,
49eca1ea30a8425a8967677070c95627,20500,1637000,1697,604,3605,https://www.youtube.com/watch?v=ULaUDX2hjPA,1475,505,2071,https://www.youtube.com/watch?v=--GTEZYXwMw,2295,1384,3605,https://www.youtube.com/watch?v=ULaUDX2hjPA,671,296,277,296,https://www.twitch.tv/videos/2889719536
76d68171666847cc913328359037139c,20500,979094,1378,422,43820,https://www.youtube.com/watch?v=fxzcu89e4Wg,1283,410,4407,https://www.youtube.com/watch?v=4eXvUI4Mh9c,43820,23452,43820,https://www.youtube.com/watch?v=fxzcu89e4Wg,1685,0,0,0,
c540124532e14ceb8e9ffc654a0ec4c9,20500,31685053,2758,388,9157,https://www.youtube.com/watch?v=jTci6_nmiaA,684,176,1240,https://www.youtube.com/watch?v=uvbeDh32eZU,3703,519,9157,https://www.youtube.com/watch?v=jTci6_nmiaA,1739,36,25,45,https://www.twitch.tv/videos/2879995291
8eec9fd38e7440f09bf1bc864e4d6e38,20400,940643,1622,737,7347,https://www.youtube.com/watch?v=PecUCleEUmM,1485,694,2433,https://www.youtube.com/watch?v=NVq_rTesbOg,2776,1462,7347,https://www.youtube.com/watch?v=PecUCleEUmM,4835,1132,379,3099,https://www.twitch.tv/videos/2865715086
36a96262405a4d4683db73d8403bf8b7,20300,1407050,1413,550,4594,https://www.youtube.com/watch?v=RRMVAeiA5G0,2642,1111,4594,https://www.youtube.com/watch?v=RRMVAeiA5G0,1413,550,2075,https://www.youtube.com/watch?v=ZPH-mDe0AsE,654,176,164,316,https://www.twitch.tv/videos/2889604796
56b4e7f364bc4b96b3a9d48596e28d8d,20200,1182681,2206,1045,16079,https://www.youtube.com/watch?v=rj6Axh36Kvs,2183,1045,16079,https://www.youtube.com/watch?v=rj6Axh36Kvs,3875,1266,11186,https://www.youtube.com/watch?v=u_9j14AL25o,0,0,0,0,
ec30041838214022aeb622c0851e46db,20100,1001150,1207,610,7680,https://www.youtube.com/watch?v=RAFUVO-Xr40,0,0,0,,1207,610,7680,https://www.youtube.com/watch?v=RAFUVO-Xr40,5524,419,156,137460,https://www.twitch.tv/videos/2877398032
6c0758764e674c6db2f985710fcfbd7b,20000,1623075,1584,703,3676,https://www.youtube.com/watch?v=ca7b0rtOQP0,1249,524,1876,https://www.youtube.com/watch?v=T0lw9CO5lxg,2340,1255,3676,https://www.youtube.com/watch?v=ca7b0rtOQP0,0,0,0,0,
de266b34e79c49b48fa566e9fb1a24af,19900,1492287,1394,678,31719,https://www.youtube.com/watch?v=ZfzCsCrumlM,1291,532,3792,https://www.youtube.com/watch?v=OM5k-delYUo,16584,12196,31719,https://www.youtube.com/watch?v=ZfzCsCrumlM,649,0,0,0,
2842edf30d614ca9acc4e689974058b9,19900,2303610,3482,1164,7514,https://www.youtube.com/watch?v=I1RvnSqAllQ,2693,1472,7514,https://www.youtube.com/watch?v=I1RvnSqAllQ,5605,837,6968,https://www.youtube.com/watch?v=1mRrki8lU6o,21,0,0,0,
57903e09a68f4997b7c4bc356cd5e64d,19700,1829248,1678,845,3968,https://www.youtube.com/watch?v=DESG2zwNPEg,1548,813,2771,https://www.youtube.com/watch?v=77-gYAt5NKk,2980,1060,3968,https://www.youtube.com/watch?v=DESG2zwNPEg,576,239,216,239,https://www.twitch.tv/videos/2888881836
88f782b3b6c6492c926f70e4a13390c9,19600,856740,1334,143,1552,https://www.youtube.com/watch?v=ilm_VLl04LQ,452,131,452,https://www.youtube.com/watch?v=MLcOqXIsDBI,1516,154,1552,https://www.youtube.com/watch?v=ilm_VLl04LQ,921,283,174,607,https://www.twitch.tv/videos/2883378023
2c05340bb152419ebe0bd3fb6a78da80,19500,2054810,1852,1041,15060,https://www.youtube.com/watch?v=Z5e_4N4C7cI,1219,841,15060,https://www.youtube.com/watch?v=Z5e_4N4C7cI,2070,1248,12526,https://www.youtube.com/watch?v=HQAU1EMKiD0,0,0,0,0,
ed3f69b9de7c43f3a32b4e7dfdb5bfd0,19400,805755,878,830,1174,https://www.youtube.com/watch?v=VlwE83o9UMI,0,0,0,,878,830,1174,https://www.youtube.com/watch?v=VlwE83o9UMI,0,0,0,0,
7b58646f89cb4b7cbcdce819499c475f,19300,376294,0,0,0,,0,0,0,,0,0,0,,0,0,0,0,
05e831b267914fc5b4d9b28de1f648dc,19300,987129,1598,1137,2663,https://www.youtube.com/watch?v=qg8dhuQhKos,1702,1144,2663,https://www.youtube.com/watch?v=qg8dhuQhKos,1157,451,1164,https://www.youtube.com/watch?v=re9isOh2sd8,0,0,0,0,
cdb5c89f61c94949a989457cf549b7e4,19200,1835091,1186,509,2699,https://www.youtube.com/watch?v=CxgJbT0t8aI,1438,791,2249,https://www.youtube.com/watch?v=k0oMIZBhAWo,729,262,2699,https://www.youtube.com/watch?v=CxgJbT0t8aI,0,0,0,0,
a3f2963a57094502a10845075cdee88c,18800,9626476,72142,17033,354483,https://www.youtube.com/watch?v=OfxFjfWUpXQ,12647,6649,30575,https://www.youtube.com/watch?v=ltoi0H_llYc,112135,58697,354483,https://www.youtube.com/watch?v=OfxFjfWUpXQ,1528,2804,2633,4645,https://www.twitch.tv/videos/2890709589
090be1be8d29429183e190e22fc4be22,18600,1150854,1455,689,2139,https://www.youtube.com/watch?v=vqYW6I-TOAE,1455,689,2139,https://www.youtube.com/watch?v=vqYW6I-TOAE,0,0,0,,4250,508,360,544,https://www.twitch.tv/videos/2884495777
ebc44e2ba78f4790b832d02c31410262,18400,830495,914,443,9651,https://www.youtube.com/watch?v=_HgH5io-i_g,774,365,9651,https://www.youtube.com/watch?v=_HgH5io-i_g,1586,916,2341,https://www.youtube.com/watch?v=WcvfTON6BTw,713,167,145,435,https://www.twitch.tv/videos/2885357824
f6fe970a79964cca9dcec4741f0f679b,18400,2025299,15520,1487,86273,https://www.youtube.com/watch?v=iZc62cXLD08,0,0,0,,15520,1487,86273,https://www.youtube.com/watch?v=iZc62cXLD08,92498,58493,15986,102558,https://www.twitch.tv/videos/2890483345
05be4fb717614738a87daac46157ddb1,18400,1362288,678,323,1822,https://www.youtube.com/watch?v=MrVW2nrgvCg,678,323,1822,https://www.youtube.com/watch?v=MrVW2nrgvCg,0,0,0,,0,0,0,0,
bf58297d50a741e5b1808ec4c445f216,18300,4354334,1620,487,11062,https://www.youtube.com/watch?v=x85IIYI_2SI,637,453,4263,https://www.youtube.com/watch?v=Z3qGiH37dl8,3477,3135,11062,https://www.youtube.com/watch?v=x85IIYI_2SI,0,0,0,0,
b174714646ea40e28ce32affabe3e93e,18000,1341505,1261,481,3662,https://www.youtube.com/watch?v=dsJEUP5uNxw,1261,481,3662,https://www.youtube.com/watch?v=dsJEUP5uNxw,1916,1362,2924,https://www.youtube.com/watch?v=3zlVfKVedxs,715,0,0,0,
71e1a399885b48e79c9a98e973e6b5e3,17500,6219190,2497,1187,7464,https://www.youtube.com/watch?v=DwEcjzh31Fk,0,0,0,,2497,1187,7464,https://www.youtube.com/watch?v=DwEcjzh31Fk,705,34,21,34,https://www.twitch.tv/videos/2881781288
6c7a8b443aa942a89a83485c98d10559,17500,1595220,782,365,2470,https://www.youtube.com/watch?v=ZbIMcA2fqqQ,782,365,2470,https://www.youtube.com/watch?v=ZbIMcA2fqqQ,0,0,0,,0,0,0,0,
09600daf1956476190642d1be738e945,17400,2159008,2742,944,6822,https://www.youtube.com/watch?v=fnhkUh-PcAQ,2400,944,6822,https://www.youtube.com/watch?v=fnhkUh-PcAQ,3269,1337,3537,https://www.youtube.com/watch?v=WAAI2dt0NYA,0,0,0,0,
0ba1bc3725a9456aa0f66ec951ad47eb,17300,1219442,2442,1065,45493,https://www.youtube.com/watch?v=dJMzFIhfzp8,1846,618,4776,https://www.youtube.com/watch?v=_7uOrBpx4q0,4151,1509,45493,https://www.youtube.com/watch?v=dJMzFIhfzp8,6664,461,105,661,https://www.twitch.tv/videos/2883609113
914f6caed3ff4348824d966f76662bc2,17300,1206706,1212,474,2243,https://www.youtube.com/watch?v=pLEvwvF1RAQ,1186,440,2243,https://www.youtube.com/watch?v=pLEvwvF1RAQ,1816,913,1816,https://www.youtube.com/watch?v=IuN4kIGTmEQ,0,0,0,0,
2ada3b89962b479bb8dbd2a63bca5da1,17200,1424590,1225,456,2234,https://www.youtube.com/watch?v=902s9J9AcDY,1225,456,2234,https://www.youtube.com/watch?v=902s9J9AcDY,0,0,0,,0,0,0,0,
470d1cb40a5e460e8cdc1414c5fd1a34,17000,388788,1370,656,1579,https://www.youtube.com/watch?v=8uZ-sAeyLlw,1370,656,1579,https://www.youtube.com/watch?v=8uZ-sAeyLlw,0,0,0,,1280,0,0,0,
c379e3f4f1eb41869ec465481b182e50,16700,944532,1074,400,7340,https://www.youtube.com/watch?v=YPoOEE0J4wI,1025,420,7340,https://www.youtube.com/watch?v=YPoOEE0J4wI,1596,323,2286,https://www.youtube.com/watch?v=7e93uXTGG0Y,0,0,0,0,
fbb142bcb07a4808b0164c41ab1877ea,16700,1554789,848,504,1180,https://www.youtube.com/watch?v=Ykz2vfptIwQ,848,504,1180,https://www.youtube.com/watch?v=Ykz2vfptIwQ,0,0,0,,0,0,0,0,
e802007cbda74a0bb3a41f4ebcae7f47,16600,712750,4029,601,8388,https://www.youtube.com/watch?v=3teWhfN45dY,5161,361,8388,https://www.youtube.com/watch?v=3teWhfN45dY,2672,718,4029,https://www.youtube.com/watch?v=K_LC7WFRAw0,0,0,0,0,
8796ee6fb25b4b40a8ad9a188059951a,16600,622432,521,273,1513,https://www.youtube.com/watch?v=konioAcJyqs,521,273,1513,https://www.youtube.com/watch?v=konioAcJyqs,0,0,0,,0,0,0,0,
7587608de08740aeb1a8dbe40006b90d,16500,1464639,623,472,3146,https://www.youtube.com/watch?v=hWjkjJEHsk0,603,467,623,https://www.youtube.com/watch?v=oV0p2YJjNAY,3146,1058,3146,https://www.youtube.com/watch?v=hWjkjJEHsk0,3164,857,581,1448,https://www.twitch.tv/videos/2877434225
0b63fa89b80e4649b0297d156ed1c791,16500,1499027,2668,846,3054,https://www.youtube.com/watch?v=ivIE_4ggBy8,2668,846,3054,https://www.youtube.com/watch?v=ivIE_4ggBy8,0,0,0,,0,0,0,0,
ec183b10574a449f91e43ab216976a60,16300,1455542,3713,1968,5745,https://www.youtube.com/watch?v=wprycBPDfWE,3005,1686,5519,https://www.youtube.com/watch?v=vwHQjJTEdJ8,4640,2407,5745,https://www.youtube.com/watch?v=wprycBPDfWE,1336,0,0,0,
2885972c2d0943e6b697bdc5e72c1d4a,16200,353922,963,332,1759,https://www.youtube.com/watch?v=CdjEFJ-euzw,770,297,1658,https://www.youtube.com/watch?v=USVHn1I_AEM,1614,553,1759,https://www.youtube.com/watch?v=CdjEFJ-euzw,0,0,0,0,
c4bc52355d334a98bdaa1e57c05673ad,16100,1260597,1626,582,5590,https://www.youtube.com/watch?v=FGMm4RG09DY,1626,582,5590,https://www.youtube.com/watch?v=FGMm4RG09DY,0,0,0,,0,0,0,0,
221563b6b46245379c6dc6328c9d0447,15900,1185926,761,474,761,https://www.youtube.com/watch?v=UBJStKev3g0,761,474,761,https://www.youtube.com/watch?v=UBJStKev3g0,0,0,0,,0,0,0,0,
0471d5082a2e419786e141d6424c9150,15900,1847086,1427,635,65770,https://www.youtube.com/watch?v=j056sU5NDj8,1159,449,1946,https://www.youtube.com/watch?v=smkgrdbAE2Q,1873,783,65770,https://www.youtube.com/watch?v=j056sU5NDj8,8502,1144,496,1859,https://www.twitch.tv/videos/2878953613
5f8930a469f94b5cad116810f68a2614,15800,574158,2236,1048,6665,https://www.youtube.com/watch?v=vRTJBT4myAQ,2339,1048,6665,https://www.youtube.com/watch?v=vRTJBT4myAQ,1729,1300,2411,https://www.youtube.com/watch?v=-XheQ3CrEqA,0,0,0,0,
ee77ed51da394f02b72c33756b155eac,15800,600328,686,157,29521,https://www.youtube.com/watch?v=DZ2VzBvAEDg,571,169,1067,https://www.youtube.com/watch?v=VGW_-RL-NdA,29521,13,29521,https://www.youtube.com/watch?v=DZ2VzBvAEDg,793,0,0,0,
656455380d524045b9f75d6082563f94,15700,1536467,483,249,1151,https://www.youtube.com/watch?v=XDbHP4vNoQc,478,200,760,https://www.youtube.com/watch?v=QKduf8WyB4k,1151,851,1151,https://www.youtube.com/watch?v=XDbHP4vNoQc,662,0,0,0,
5db725f32b5e4e1380ad64110b88c91d,15700,5051148,781,198,2168,https://www.youtube.com/watch?v=4pDb-p9tihg,381,188,781,https://www.youtube.com/watch?v=JYxmQD_Te78,1391,659,2168,https://www.youtube.com/watch?v=4pDb-p9tihg,1051,0,0,0,
68820304b6164959806479d6c9dad127,15500,1296174,1644,852,3550,https://www.youtube.com/watch?v=0KVrgNnRhHE,1434,740,3550,https://www.youtube.com/watch?v=0KVrgNnRhHE,2606,1341,2785,https://www.youtube.com/watch?v=cIVX6dCRCds,0,0,0,0,
fd7a69505569429fb845ac056825f3a9,15400,1693299,528,298,1659,https://www.youtube.com/watch?v=9cZ1sXLAj4w,528,298,1659,https://www.youtube.com/watch?v=9cZ1sXLAj4w,601,272,1578,https://www.youtube.com/watch?v=gudd1Kksx68,0,0,0,0,
e93182ff3a954e0e92567136dc3659ed,15400,476018,589,211,716,https://www.youtube.com/watch?v=fraWnDd0zCo,589,211,716,https://www.youtube.com/watch?v=fraWnDd0zCo,0,0,0,,0,0,0,0,
77533b0fb2324e33bff67fbbf4daf13f,15400,3969339,774,285,1818,https://www.youtube.com/watch?v=5oxBn9_iRUQ,1046,553,1818,https://www.youtube.com/watch?v=5oxBn9_iRUQ,769,241,779,https://www.youtube.com/watch?v=dxp_MVUQSPY,1469,23,20,25,https://www.twitch.tv/videos/2886321553
15e4450f63904e50907dc93fee446fd2,15300,1443812,1520,877,9165,https://www.youtube.com/watch?v=Ex5pPUzdxSo,1332,789,2388,https://www.youtube.com/watch?v=dlS0EBg2H7k,2420,1094,9165,https://www.youtube.com/watch?v=Ex5pPUzdxSo,0,0,0,0,
2ee2acc29fac42c5b130558543cbdf00,15200,969367,1189,671,22918,https://www.youtube.com/watch?v=SehmifSLRis,1100,652,2723,https://www.youtube.com/watch?v=W7Fnum3Gzqk,2307,1244,22918,https://www.youtube.com/watch?v=SehmifSLRis,908,47,28,152,https://www.twitch.tv/videos/2887180728
8fae79a84cd049fd8a2ea50528a75e2b,15200,1255314,82411,25644,117122,https://www.youtube.com/watch?v=mIJkCzhPjOs,0,0,0,,82411,25644,117122,https://www.youtube.com/watch?v=mIJkCzhPjOs,12511,5434,1707,36891,https://www.twitch.tv/videos/2879872542
17933ba43ccf4e3c85961523b77bd901,15100,570850,1789,656,2349,https://www.youtube.com/watch?v=txX5LDw3pEs,1154,490,2349,https://www.youtube.com/watch?v=txX5LDw3pEs,1868,1109,1948,https://www.youtube.com/watch?v=K6ejy0gcQ0k,1483,676,507,742,https://www.twitch.tv/videos/2890725129
4d8babea181e44df9855f3aafc06eb2c,15000,1011795,913,461,25480,https://www.youtube.com/watch?v=xnqExjiz_yQ,705,412,3758,https://www.youtube.com/watch?v=Y8ZmcMPwGCU,1922,1203,25480,https://www.youtube.com/watch?v=xnqExjiz_yQ,0,0,0,0,
0f595c5e48be4f29befb358388a61f8b,15000,1224778,0,0,0,,0,0,0,,0,0,0,,379,0,0,0,
ac1ce1eeaffa4e58a8155c20d8f85ff3,14900,672766,1073,585,3267,https://www.youtube.com/watch?v=cAU5nSgrJzc,1087,544,3239,https://www.youtube.com/watch?v=qaP7LGzfMEo,1060,777,3267,https://www.youtube.com/watch?v=cAU5nSgrJzc,5534,0,0,0,
b5561ece0c9b4f4a8fccdd3b36ee3260,14700,941284,721,345,3246,https://www.youtube.com/watch?v=jBFj4jk4rZ4,635,302,2801,https://www.youtube.com/watch?v=hZE-kg2ndjI,2512,1518,3246,https://www.youtube.com/watch?v=jBFj4jk4rZ4,0,0,0,0,
7c5232b16a1d44498677ed33e72bd8c6,14700,660977,1555,506,4699,https://www.youtube.com/watch?v=jOGfaPfqOFI,1483,379,4699,https://www.youtube.com/watch?v=jOGfaPfqOFI,2514,1922,3236,https://www.youtube.com/watch?v=l0o3iyuL1Xo,0,0,0,0,
6a30fc9ee6f24d839198497406c63cc1,14700,1557814,744,363,3808,https://www.youtube.com/watch?v=hja23dQDgGw,238,198,419,https://www.youtube.com/watch?v=xGRw1TrF-sk,1138,738,3808,https://www.youtube.com/watch?v=hja23dQDgGw,512,0,0,0,
d5c19a6328af48ba88bf41b2dd757f14,14600,743468,734,293,1364,https://www.youtube.com/watch?v=EMyAJT2swMQ,534,293,887,https://www.youtube.com/watch?v=b9fUxfuBSec,1182,378,1364,https://www.youtube.com/watch?v=EMyAJT2swMQ,0,0,0,0,
20aa88e16d77400b9bc4e72df1b2a588,14500,549643,1503,829,28081,https://www.youtube.com/watch?v=xRgBVq0z1vc,1278,877,3319,https://www.youtube.com/watch?v=KLLPmlO0pv4,2114,401,28081,https://www.youtube.com/watch?v=xRgBVq0z1vc,0,0,0,0,
03762df738044b09a1e216949158c8a4,14500,252207,0,0,0,,0,0,0,,0,0,0,,2467,0,0,0,
44af52f7f6aa487e850b3d261947205b,14400,2118871,750,578,6057,https://www.youtube.com/watch?v=CLZYi-ydAnM,629,510,6057,https://www.youtube.com/watch?v=CLZYi-ydAnM,1625,698,3069,https://www.youtube.com/watch?v=Ziww5yxEuaI,207,0,0,0,
633c7350aca946428e98228660ee73e2,14400,812460,1382,670,3250,https://www.youtube.com/watch?v=dP7uvq0x5FQ,1261,578,3250,https://www.youtube.com/watch?v=dP7uvq0x5FQ,1720,796,3112,https://www.youtube.com/watch?v=xEUU5xxCtdI,0,0,0,0,
bf197e3d2cd6400db5f7e397427965e5,14300,424368,257,145,1438,https://www.youtube.com/watch?v=oSwzZHd3hyY,257,145,1438,https://www.youtube.com/watch?v=oSwzZHd3hyY,0,0,0,,271,0,0,0,
a51be890a1f443ea87bee45c9d8acf13,14300,977130,0,0,0,,0,0,0,,0,0,0,,19879,3963,1704,5818,https://www.twitch.tv/videos/2867493609
3d46fb16bc2c48fb8f12a647cf5ec702,14300,1284742,1514,847,4812,https://www.youtube.com/watch?v=ed_djzzbp9k,1514,847,4812,https://www.youtube.com/watch?v=ed_djzzbp9k,1906,1005,2906,https://www.youtube.com/watch?v=G5xZLMzMk8A,0,0,0,0,
788611c913b04d999011628637657bee,14100,1910047,3341,1077,29253,https://www.youtube.com/watch?v=ft1xZtoT7qg,3717,1098,7099,https://www.youtube.com/watch?v=0Y6ltb_aJDs,3221,807,29253,https://www.youtube.com/watch?v=ft1xZtoT7qg,2740,734,515,1600,https://www.twitch.tv/videos/2887757979
0448e6929687421c9e0435832765b9fe,14000,369384,712,513,1852,https://www.youtube.com/watch?v=HPybQ9Cygdk,587,509,720,https://www.youtube.com/watch?v=WLzdbEA8IcE,1677,795,1852,https://www.youtube.com/watch?v=HPybQ9Cygdk,3116,424,294,625,https://www.twitch.tv/videos/2882558433
8195d69546e3466c95f9d35ccb7c6c35,13900,1431679,1097,324,3648,https://www.youtube.com/watch?v=fs5IhV3YLTY,1331,435,3648,https://www.youtube.com/watch?v=fs5IhV3YLTY,688,311,804,https://www.youtube.com/watch?v=yT7onOo2PQ4,0,0,0,0,
a8d11ac027d842c598de50529e797547,13900,582695,8814,3747,15169,https://www.youtube.com/watch?v=0fG6RIZtTfA,12428,4020,15169,https://www.youtube.com/watch?v=0fG6RIZtTfA,7383,3474,9949,https://www.youtube.com/watch?v=-oJs5icuSMg,20898,5909,2070,9189,https://www.twitch.tv/videos/2881803223
2d57d202ef8e46a5871302b944309bc2,13900,1282012,68,51,84,https://www.youtube.com/watch?v=je50mTwBi2M,48,33,68,https://www.youtube.com/watch?v=rEQ0WfwMujE,84,76,84,https://www.youtube.com/watch?v=je50mTwBi2M,0,0,0,0,
0ab147ded84b484eac14de7a46c9cf4e,13900,872174,693,420,41159,https://www.youtube.com/watch?v=tIM9kff-tHc,598,408,6626,https://www.youtube.com/watch?v=oJCs3iF5uAc,5673,3081,41159,https://www.youtube.com/watch?v=tIM9kff-tHc,0,0,0,0,
1a1942f52ea74121923497e7e0cfd6a5,13800,673932,0,0,0,,0,0,0,,0,0,0,,0,0,0,0,
4571c7a211b945f3b608c0066f7e73e4,13800,3583602,872,397,13355,https://www.youtube.com/watch?v=BrVVziRRR88,814,347,1095,https://www.youtube.com/watch?v=Xt_RyuPBsdQ,9127,3866,13355,https://www.youtube.com/watch?v=BrVVziRRR88,822,0,0,0,
ad2a1148ff4747229694f9aa2c3645d9,13700,1091219,1393,462,1716,https://www.youtube.com/watch?v=vCjMwJrFOUo,744,505,744,https://www.youtube.com/watch?v=ZZWM_6PjwZc,1555,419,1716,https://www.youtube.com/watch?v=vCjMwJrFOUo,0,0,0,0,
1a520f3d2665454f985490e42467ae27,13700,567540,1207,716,2303,https://www.youtube.com/watch?v=fuNylVG-xrY,1207,716,2303,https://www.youtube.com/watch?v=fuNylVG-xrY,0,0,0,,0,0,0,0,
702c28baa35c4b7588ad4fa70ddc2304,13700,873825,1445,1070,71312,https://www.youtube.com/watch?v=5YsSmZ2Ag_I,1210,480,1621,https://www.youtube.com/watch?v=ELdtPc2KF2w,6513,2910,71312,https://www.youtube.com/watch?v=5YsSmZ2Ag_I,0,0,0,0,
7ef2dc851df94f5aa7f632c736b4307e,13700,482278,463,186,590,https://www.youtube.com/watch?v=iawB2sjMnG0,463,186,590,https://www.youtube.com/watch?v=iawB2sjMnG0,0,0,0,,655,0,0,0,
5d2231ea88fd474d8a11e5a759899216,13600,3694466,931,455,2305,https://www.youtube.com/watch?v=P0LkuwOYBgk,903,422,2305,https://www.youtube.com/watch?v=P0LkuwOYBgk,1232,1155,1812,https://www.youtube.com/watch?v=wYobgA1-w-Y,215,0,0,0,
abc7acc71b474ebebecfde51ad5f88e1,13600,551167,554,430,554,https://www.youtube.com/watch?v=3kCC0BbkzWA,554,430,554,https://www.youtube.com/watch?v=3kCC0BbkzWA,0,0,0,,1615,0,0,0,
1eec022f916a46b58f5124936afdabe3,13500,398673,1224,399,1680,https://www.youtube.com/watch?v=G9em9J7qE9Y,1224,399,1680,https://www.youtube.com/watch?v=G9em9J7qE9Y,0,0,0,,0,0,0,0,
cad7f93653b54779932a6809a5f3a769,13500,401060,662,292,1616,https://www.youtube.com/watch?v=PylhHi2CVP0,663,295,1616,https://www.youtube.com/watch?v=PylhHi2CVP0,456,247,456,https://www.youtube.com/watch?v=SaJl05mEX90,1369,469,392,764,https://www.twitch.tv/videos/2881780471
00d3ddb7b65247eaa16473cfd1376723,13400,1153666,1017,950,2239,https://www.youtube.com/watch?v=MgkGpnXLx5I,996,951,1195,https://www.youtube.com/watch?v=0q0YLO4MMek,1406,932,2239,https://www.youtube.com/watch?v=MgkGpnXLx5I,1126,0,0,0,
70b86c53cafa43b49e2782fe4e4bbd6c,13300,1063580,1002,365,5849,https://www.youtube.com/watch?v=Hc6t0dxFZjQ,946,401,1721,https://www.youtube.com/watch?v=9qVs5TVs4NI,1806,365,5849,https://www.youtube.com/watch?v=Hc6t0dxFZjQ,0,0,0,0,
5ee3c46f62cf4b34accc313fb437581b,13200,171927,773,407,1067,https://www.youtube.com/watch?v=6TWsp2QYWHU,773,407,1067,https://www.youtube.com/watch?v=6TWsp2QYWHU,0,0,0,,0,0,0,0,
0628f4d0fcbd4f0a980b64b3b1deeb74,13100,600479,807,333,2182,https://www.youtube.com/watch?v=7Crhaj9cB5M,708,350,1659,https://www.youtube.com/watch?v=6u3Fmo0eY-o,2182,58,2182,https://www.youtube.com/watch?v=7Crhaj9cB5M,0,0,0,0,
390346240f4748bd9d81e472411c20c2,13100,326283,1481,305,1481,https://www.youtube.com/watch?v=jAOJ2niK1xU,1481,305,1481,https://www.youtube.com/watch?v=jAOJ2niK1xU,0,0,0,,3635,0,0,0,
5fbcb045887b4a87878773dbf5f63e26,13000,470287,888,405,6090,https://www.youtube.com/watch?v=9NT79MjL07Q,895,412,6090,https://www.youtube.com/watch?v=9NT79MjL07Q,843,405,1789,https://www.youtube.com/watch?v=20AQG2i2CuU,1560,703,504,844,https://www.twitch.tv/videos/2884497776
a168211aa3dd451cb33e09b80df0ea0a,13000,416357,237,114,1442,https://www.youtube.com/watch?v=FUipgmInWCQ,241,125,1442,https://www.youtube.com/watch?v=FUipgmInWCQ,226,105,925,https://www.youtube.com/watch?v=zbOsJbnkhyk,555,0,0,0,
2a3824dd5c0a46f597b27dd183283aea,13000,7080026,3920,2926,43417,https://www.youtube.com/watch?v=MXgsHOkLgZQ,2055,691,4070,https://www.youtube.com/watch?v=dCp2kJ_jjJo,18584,5875,43417,https://www.youtube.com/watch?v=MXgsHOkLgZQ,0,0,0,0,
3a8f78d98fd344cb9d32358e5c96eace,12900,641401,1404,290,1946,https://www.youtube.com/watch?v=da-_F5rnO2E,1481,350,1946,https://www.youtube.com/watch?v=da-_F5rnO2E,419,124,419,https://www.youtube.com/watch?v=wdOVh6cfutk,5895,0,0,0,
3005ff0c09064d7f924c506e1e9c18ba,12800,549680,2767,2497,2767,https://www.youtube.com/watch?v=dOghZM2F6Vw,0,0,0,,2767,2497,2767,https://www.youtube.com/watch?v=dOghZM2F6Vw,23097,2298,983,4359,https://www.twitch.tv/videos/2866832124
341ca5efce084743977d3b74315a30ab,12800,795480,1456,674,18530,https://www.youtube.com/watch?v=BYmLw0KOb9o,1321,612,2261,https://www.youtube.com/watch?v=vzdJhLlfQE4,11234,4085,18530,https://www.youtube.com/watch?v=BYmLw0KOb9o,1687,406,355,594,https://www.twitch.tv/videos/2880966429
2717397c3d824350ace8ed9b6ba2f08f,12700,1394263,3885,1516,28877,https://www.youtube.com/watch?v=vAopjBbN1N8,4138,1516,7888,https://www.youtube.com/watch?v=LnfBTTwEAWs,1770,1338,28877,https://www.youtube.com/watch?v=vAopjBbN1N8,0,0,0,0,
15cbed02d2f74630b04b73515909c1f4,12700,458249,384,196,384,https://www.youtube.com/watch?v=6TflX2nfzkM,384,196,384,https://www.youtube.com/watch?v=6TflX2nfzkM,0,0,0,,2453,0,0,0,
bd99f3c8cd6e4fffb75bf0e5b1b5b4fa,12700,983433,4607,3140,365952,https://www.youtube.com/watch?v=VKMY_FHHn58,4439,1779,9546,https://www.youtube.com/watch?v=u2IZ73CnZb8,50027,40287,365952,https://www.youtube.com/watch?v=VKMY_FHHn58,0,0,0,0,
a1608f0690584f07bf7aaf84ed9e4d8f,12600,367923,642,193,8500,https://www.youtube.com/watch?v=IpOEbO6VUMQ,582,189,1339,https://www.youtube.com/watch?v=6BRLbOuvY_U,747,326,8500,https://www.youtube.com/watch?v=IpOEbO6VUMQ,0,0,0,0,
976e0cf401784d3f874dc85b2b2c5839,12600,1315730,1243,621,3167,https://www.youtube.com/watch?v=98s9rE5r0j0,1207,462,3167,https://www.youtube.com/watch?v=98s9rE5r0j0,1538,1208,1720,https://www.youtube.com/watch?v=xc0Wlp66NZo,3046,284,175,292,https://www.twitch.tv/videos/2881838502
316dd044dc644c4cac9e140dcba5d210,12400,990419,231,118,1795,https://www.youtube.com/watch?v=Ryd1AE5RmPU,224,96,344,https://www.youtube.com/watch?v=WfUKXRSsMVk,1771,468,1795,https://www.youtube.com/watch?v=Ryd1AE5RmPU,2532,343,218,1489,https://www.twitch.tv/videos/2883088614
703ae2c7ccc9431382a5b0f2c35e6ec1,12400,853622,1233,470,1451,https://www.youtube.com/watch?v=kXbQE0f7N8U,1233,470,1451,https://www.youtube.com/watch?v=kXbQE0f7N8U,0,0,0,,0,0,0,0,
9012b1827e8141bd9d56d1a04b2f7ad1,12400,913478,1278,626,2308,https://www.youtube.com/watch?v=k6C-dJjz3WA,1278,626,2111,https://www.youtube.com/watch?v=ITg_qb1rlJw,1369,592,2308,https://www.youtube.com/watch?v=k6C-dJjz3WA,0,0,0,0,
c4470a1419984fb8aec0851f225b177a,12300,730652,334,131,476,https://www.youtube.com/watch?v=1-7MH5wrsQ4,405,229,476,https://www.youtube.com/watch?v=1-7MH5wrsQ4,190,13,190,https://www.youtube.com/watch?v=atxMhaouKYE,0,0,0,0,
0c09a69445864b44adbba11b487f9b1a,12300,785544,805,244,805,https://www.youtube.com/watch?v=pmG8TFLsu8U,0,0,0,,805,244,805,https://www.youtube.com/watch?v=pmG8TFLsu8U,807,0,0,0,
93a4d479e67242d58d3ff80307d3bc84,12300,482285,1164,376,2551,https://www.youtube.com/watch?v=aaZ5TWk4Yd4,1164,558,2551,https://www.youtube.com/watch?v=aaZ5TWk4Yd4,1151,197,1351,https://www.youtube.com/watch?v=n3IcynmwJ2Q,242,15,13,84,https://www.twitch.tv/videos/2881859492
8faff7aecb9d4e12917ea0144696e2de,12200,571703,1205,836,3390,https://www.youtube.com/watch?v=rr3aW61-Scs,1205,836,3390,https://www.youtube.com/watch?v=rr3aW61-Scs,0,0,0,,1013,43,35,479,https://www.twitch.tv/videos/2887032078
a2e67b720e754c16bd739bcf9a95e396,12200,1023764,1049,439,10526,https://www.youtube.com/watch?v=Izsn3UgdSYI,710,356,2807,https://www.youtube.com/watch?v=0ANXVVW3MJ0,1771,887,10526,https://www.youtube.com/watch?v=Izsn3UgdSYI,0,0,0,0,
675071ddbd4844119d341bbfd6a0ee2a,12200,465650,428,198,1128,https://www.youtube.com/watch?v=2JKh6VjO1Lw,428,198,1128,https://www.youtube.com/watch?v=2JKh6VjO1Lw,0,0,0,,0,0,0,0,
b1939ca67a3c43cf8a6a0a9a88137419,12100,276174,524,271,937,https://www.youtube.com/watch?v=lAbYyGsEUZQ,524,271,937,https://www.youtube.com/watch?v=lAbYyGsEUZQ,0,0,0,,0,0,0,0,
7cbd1f537c3d4e67b38b9f9e31cb93d6,12100,298594,926,809,1358,https://www.youtube.com/watch?v=eOU42tsjKK4,926,809,1358,https://www.youtube.com/watch?v=eOU42tsjKK4,0,0,0,,3634,650,353,1173,https://www.twitch.tv/videos/2874626039
a5f7302f9f1a4fcdb2471c4bc52a05fb,12100,1046165,2189,985,7886,https://www.youtube.com/watch?v=WU2zUwasTr8,2324,1135,7886,https://www.youtube.com/watch?v=WU2zUwasTr8,898,239,6281,https://www.youtube.com/watch?v=MzzgJcSIHCk,0,0,0,0,
78c188fcd01a4ba382fb153ec86a7367,12100,1272256,1178,533,4014,https://www.youtube.com/watch?v=W4Qshbn9lK4,1134,533,4014,https://www.youtube.com/watch?v=W4Qshbn9lK4,1296,647,1450,https://www.youtube.com/watch?v=SkAO4Xv3qF0,0,0,0,0,
ab5709b7d3074c6db2a57995d5b1c328,12000,1264595,1159,513,2488,https://www.youtube.com/watch?v=-8G4OsXRUNo,1159,513,2488,https://www.youtube.com/watch?v=-8G4OsXRUNo,0,0,0,,0,0,0,0,
82e63a8d4ae14beab89e13b43b35fce3,12000,344920,663,376,691,https://www.youtube.com/watch?v=bp9VGdhUPeQ,663,376,691,https://www.youtube.com/watch?v=bp9VGdhUPeQ,0,0,0,,0,0,0,0,
126103200de947a7a3c2ac3971eef633,12000,248779,0,0,0,,0,0,0,,0,0,0,,0,0,0,0,
b57162e62056494d85f1743abdbad648,12000,653757,0,0,0,,0,0,0,,0,0,0,,307,0,0,0,
d2c76258b7ff45ee88e3585c4c9ed0c1,12000,393521,0,0,0,,0,0,0,,0,0,0,,3768,0,0,0,
774342c826924ecfb8b13a2bc27e3b81,11900,2690669,434,32,475,https://www.youtube.com/watch?v=J_euogsbc_8,439,81,475,https://www.youtube.com/watch?v=J_euogsbc_8,268,16,268,https://www.youtube.com/watch?v=IQjqv_xqx8M,0,0,0,0,
6559d42f66684b8f80b4cd4589addd85,11900,826080,417,201,2615,https://www.youtube.com/watch?v=sO7sTpkzkkQ,609,239,2615,https://www.youtube.com/watch?v=sO7sTpkzkkQ,226,101,322,https://www.youtube.com/watch?v=sZRJW0L5kgQ,3682,137,115,137,https://www.twitch.tv/videos/2887260438
5fc94cdcf7594a3ba5ce001ba405d3be,11900,861734,1540,765,4884,https://www.youtube.com/watch?v=ykepUeHycLo,1540,765,4884,https://www.youtube.com/watch?v=ykepUeHycLo,0,0,0,,1969,0,0,0,
696e947cd8624e609553d6786d21f11c,11900,469547,858,327,1190,https://www.youtube.com/watch?v=J7eZWnfla2g,920,430,1103,https://www.youtube.com/watch?v=nTs-rz4ICSA,381,327,1190,https://www.youtube.com/watch?v=J7eZWnfla2g,0,0,0,0,
4558095012964943921cd8a376a192fd,11900,122726,1791,472,4259,https://www.youtube.com/watch?v=2nxmeA8aM9g,1069,359,1410,https://www.youtube.com/watch?v=YbKGpOH6rzU,1966,795,4259,https://www.youtube.com/watch?v=2nxmeA8aM9g,6519,789,605,1077,https://www.twitch.tv/videos/2874746484
60ae2b3fd2254689bb65c216a0a09605,11900,0,0,0,0,,0,0,0,,0,0,0,,0,0,0,0,
72cc5bf1729245618e1f10da0b796d53,11800,523869,768,481,1541,https://www.youtube.com/watch?v=2Gvg6p40MGE,743,392,1342,https://www.youtube.com/watch?v=A-1WDRoYwuA,1400,985,1541,https://www.youtube.com/watch?v=2Gvg6p40MGE,1474,0,0,0,
5f0afd7885894861925e7030c096297e,11800,652462,1256,544,6001,https://www.youtube.com/watch?v=nwxbVMddb9Y,1257,644,6001,https://www.youtube.com/watch?v=nwxbVMddb9Y,433,304,433,https://www.youtube.com/watch?v=YhFm7t1Ilxc,0,0,0,0,
512e1f38a37942cc8b7cb8aed597a810,11700,745413,602,311,1471,https://www.youtube.com/watch?v=g4FhZhEpsPA,724,325,1471,https://www.youtube.com/watch?v=g4FhZhEpsPA,498,262,624,https://www.youtube.com/watch?v=JvngDDi28ko,0,0,0,0,
fbced2373c5a48f6abee998296f20617,11700,1439,0,0,0,,0,0,0,,0,0,0,,0,0,0,0,
4bfaeda5b1f242959a992d6ad8b8a036,11700,358541,337,223,3913,https://www.youtube.com/watch?v=vVVfW8qrpP4,262,135,372,https://www.youtube.com/watch?v=06dHNd4Fdg4,2349,487,3913,https://www.youtube.com/watch?v=vVVfW8qrpP4,468,0,0,0,
e949052e4ee24ecd8b352a68f6bf51e1,11700,454677,1125,670,1544,https://www.youtube.com/watch?v=BUEKAhwfit0,1125,670,1544,https://www.youtube.com/watch?v=BUEKAhwfit0,0,0,0,,2202,378,338,729,https://www.twitch.tv/videos/2880904102
319383cd0cd4438990dbb916862cdbfc,11500,822458,590,260,7772,https://www.youtube.com/watch?v=PlvMGdSlzb0,587,189,869,https://www.youtube.com/watch?v=YrBThR90ooY,5826,2503,7772,https://www.youtube.com/watch?v=PlvMGdSlzb0,0,0,0,0,
d9e5219a4cd84ac59bc35faa94729f01,11500,790367,624,276,3907,https://www.youtube.com/watch?v=pkJ9i5z46PM,397,163,1597,https://www.youtube.com/watch?v=-yNM14Qrfro,1474,422,3907,https://www.youtube.com/watch?v=pkJ9i5z46PM,9156,514,403,757,https://www.twitch.tv/videos/2884327375
8bc70fad02c8432d99056ebd5a8e2ae5,11400,334845,1285,702,3244,https://www.youtube.com/watch?v=mi8CtkQhEQ4,1285,702,3244,https://www.youtube.com/watch?v=mi8CtkQhEQ4,0,0,0,,0,0,0,0,
446d4bc526a4477eb6a72ae186e9d538,11400,413742,453,279,470,https://www.youtube.com/watch?v=MN6d-fm00Mw,453,279,470,https://www.youtube.com/watch?v=MN6d-fm00Mw,0,0,0,,0,0,0,0,
51cd04cab0de47d4b2b5a156bbe2dfb0,11300,468187,395,130,499,https://www.youtube.com/watch?v=mZ_BHOZQHew,395,130,499,https://www.youtube.com/watch?v=mZ_BHOZQHew,0,0,0,,0,0,0,0,
e11a32eec71e4b49aba5525ba012a02a,11300,56777,906,395,6054,https://www.youtube.com/watch?v=riMV1Cf8QPQ,1546,863,6054,https://www.youtube.com/watch?v=riMV1Cf8QPQ,550,275,906,https://www.youtube.com/watch?v=nhJO2KAc5ws,246,0,0,0,
209a528363cd411886ec9e5d086ff1bc,11300,1509163,3972,1242,15627,https://www.youtube.com/watch?v=ZqxGZgl1Iv0,3978,1283,15627,https://www.youtube.com/watch?v=ZqxGZgl1Iv0,1378,509,1378,https://www.youtube.com/watch?v=mmFrzqnS06Q,767,0,0,0,
175cfc69dbb34f1a8987f24a935db17f,11200,632492,1252,701,2353,https://www.youtube.com/watch?v=aYpwGq_OpBg,1243,615,2353,https://www.youtube.com/watch?v=aYpwGq_OpBg,1918,1410,1918,https://www.youtube.com/watch?v=TRR4tX_u3bM,0,0,0,0,
824bd7df6923453292dec9ff3e3f664a,11200,597149,1087,242,1499,https://www.youtube.com/watch?v=8qD82A4e-us,491,206,1112,https://www.youtube.com/watch?v=FmchTFxkoD0,1095,333,1499,https://www.youtube.com/watch?v=8qD82A4e-us,662,0,0,0,
b4bf821f6a6a440996f4fd9cddaf250b,11100,584164,605,220,1254,https://www.youtube.com/watch?v=7_ltxY8G8ho,507,268,820,https://www.youtube.com/watch?v=0Wh1F7bktuk,703,202,1254,https://www.youtube.com/watch?v=7_ltxY8G8ho,144,0,0,0,
f2dc08b1c55843d9a3d1e0461ebf57c1,11100,588927,1320,649,1551,https://www.youtube.com/watch?v=etwG1RD_2Ks,1090,840,1090,https://www.youtube.com/watch?v=6U_6M7zro1Q,1551,458,1551,https://www.youtube.com/watch?v=etwG1RD_2Ks,0,0,0,0,
43864254e678407fae3dc899f7155912,11100,524516,619,230,1038,https://www.youtube.com/watch?v=Zw2fHWE4L6U,619,230,1038,https://www.youtube.com/watch?v=Zw2fHWE4L6U,0,0,0,,0,0,0,0,
350516d81d0944fd8dde463cbd4fd279,11100,1217882,826,752,1819,https://www.youtube.com/watch?v=ZtUQ6m959ug,729,453,826,https://www.youtube.com/watch?v=W3Czigw-CXg,1819,1579,1819,https://www.youtube.com/watch?v=ZtUQ6m959ug,0,0,0,0,
63a55bc5320e4f148ed0abd7991b0e01,11000,1059157,756,290,2093,https://www.youtube.com/watch?v=ECmCxg6xTw4,526,197,680,https://www.youtube.com/watch?v=gDWPIDWxV7M,1558,554,2093,https://www.youtube.com/watch?v=ECmCxg6xTw4,8414,938,333,1332,https://www.twitch.tv/videos/2865609554
836f66b079c4466db64a8b3bc9295450,11000,381152,971,610,1402,https://www.youtube.com/watch?v=T0DS6kTlfEY,492,137,492,https://www.youtube.com/watch?v=bQIYVLbq8Gc,1182,641,1402,https://www.youtube.com/watch?v=T0DS6kTlfEY,0,0,0,0,
335ebb05456849c2964629dc7157860e,11000,397053,595,270,20193,https://www.youtube.com/watch?v=cvLnYoOOETI,579,220,1058,https://www.youtube.com/watch?v=zgg6qcl2GSo,1608,315,20193,https://www.youtube.com/watch?v=cvLnYoOOETI,487,218,131,218,https://www.twitch.tv/videos/2880968904
a31f3ab4cad841018b196b4de8186823,11000,1007584,1126,473,5762,https://www.youtube.com/watch?v=G26TkwLYNCc,956,390,1819,https://www.youtube.com/watch?v=-pRf2VLldqQ,1158,697,5762,https://www.youtube.com/watch?v=G26TkwLYNCc,0,0,0,0,
2ff93e20894245d49004276e3b51e64f,11000,672368,1281,781,8954,https://www.youtube.com/watch?v=fqyL2o3WXNk,1044,598,1752,https://www.youtube.com/watch?v=WyimnSpDRrQ,2166,1185,8954,https://www.youtube.com/watch?v=fqyL2o3WXNk,0,0,0,0,
6885bffce2184355bed557901e079522,11000,521323,2905,1255,19818,https://www.youtube.com/watch?v=gHCe-Manh74,2917,1189,8697,https://www.youtube.com/watch?v=fnj3K8HWiSE,2253,1255,19818,https://www.youtube.com/watch?v=gHCe-Manh74,524,0,0,0,
7a88afc5eb644d76b35ed4ca968259bb,11000,928488,14571,7172,17329,https://www.youtube.com/watch?v=9JAZlTm7SG0,13371,7172,16765,https://www.youtube.com/watch?v=AqxaaiBon0o,15950,5915,17329,https://www.youtube.com/watch?v=9JAZlTm7SG0,21663,4195,1536,6384,https://www.twitch.tv/videos/2888056883
99e291fd358849b8877df76fba0a672e,11000,703115,0,0,0,,0,0,0,,0,0,0,,0,0,0,0,
84944da407dc4de9896c7b763132908c,11000,733431,625,313,2424,https://www.youtube.com/watch?v=5cLCtWLPfAg,616,313,1591,https://www.youtube.com/watch?v=BXdeaQqJXPM,1313,691,2424,https://www.youtube.com/watch?v=5cLCtWLPfAg,0,0,0,0,
c163cb7f683c453fa8a994ebbb09ede8,10900,512852,2059,584,18555,https://www.youtube.com/watch?v=cUskryKN6RI,367,214,405,https://www.youtube.com/watch?v=XG9k9LZOMRk,2425,871,18555,https://www.youtube.com/watch?v=cUskryKN6RI,3353,277,179,396,https://www.twitch.tv/videos/2886997703
ed28c754bb704dbf8a296f7008c2b5e4,10900,115224,0,0,0,,0,0,0,,0,0,0,,992,91,48,91,https://www.twitch.tv/videos/2879122657
4b53aa789e544bd9aaecc9fbc79e4bbe,10900,900061,580,297,957,https://www.youtube.com/watch?v=dUU3dyIkTPw,580,297,957,https://www.youtube.com/watch?v=dUU3dyIkTPw,0,0,0,,0,0,0,0,
e04cb802f3c949bc8300c4125078f738,10900,303875,979,174,1705,https://www.youtube.com/watch?v=I0y-txSKpMI,640,123,640,https://www.youtube.com/watch?v=qKHNSy9pkRo,1342,254,1705,https://www.youtube.com/watch?v=I0y-txSKpMI,0,0,0,0,
3e269031fb4b45aaa0906ca424190ce2,10800,593944,6601,5770,6601,https://www.youtube.com/watch?v=t2w74QZiVmg,0,0,0,,6601,5770,6601,https://www.youtube.com/watch?v=t2w74QZiVmg,11486,1390,521,3913,https://www.twitch.tv/videos/2890338596
c518b228a5a849179ab26f28d230036e,10800,135323,281,180,365,https://www.youtube.com/watch?v=crXC7SmgOAo,281,180,365,https://www.youtube.com/watch?v=crXC7SmgOAo,0,0,0,,0,0,0,0,
89742766181f469b807f397325a2a6bf,10800,243836,215,69,554,https://www.youtube.com/watch?v=z87UkrkVfJs,215,69,554,https://www.youtube.com/watch?v=z87UkrkVfJs,0,0,0,,372,0,0,0,
b165ca888a7d4f61b754ac53ca374f11,10800,713079,0,0,0,,0,0,0,,0,0,0,,0,0,0,0,
645fc774332a469ebd03f1a822ebe2be,10800,988566,1377,682,2888,https://www.youtube.com/watch?v=HUi5Xk_IlQU,1398,678,2888,https://www.youtube.com/watch?v=HUi5Xk_IlQU,1377,721,1432,https://www.youtube.com/watch?v=GnjoTYO-R0s,0,0,0,0,
75d0bd5fa58a4a5fb479e3b2ebae82a7,10800,457446,502,190,799,https://www.youtube.com/watch?v=gJmsle6d7SA,502,190,799,https://www.youtube.com/watch?v=gJmsle6d7SA,0,0,0,,0,0,0,0,
068503b08362450b9339a0b6cc6eb3f0,10800,355169,1120,475,2985,https://www.youtube.com/watch?v=XnYm4lUJ7aU,1389,616,2985,https://www.youtube.com/watch?v=XnYm4lUJ7aU,959,353,2349,https://www.youtube.com/watch?v=JPfN0TUda2c,0,0,0,0,
95e5788cabf340e397e2726def426229,10700,584923,881,400,1946,https://www.youtube.com/watch?v=ovMhk8uwxos,875,400,1744,https://www.youtube.com/watch?v=Bpu07671RTo,1887,877,1946,https://www.youtube.com/watch?v=ovMhk8uwxos,0,0,0,0,
27c0252056e84aa28da6dcebb8e86e85,10700,805827,1405,652,6183,https://www.youtube.com/watch?v=7M2nnj6d1DY,1434,641,6183,https://www.youtube.com/watch?v=7M2nnj6d1DY,1282,889,1282,https://www.youtube.com/watch?v=GQJAg8m7elM,7864,0,0,0,
8dd4a8b4598e483e9112b2b1a9466013,10500,2893147,561,300,9047,https://www.youtube.com/watch?v=P7iXQLVCH50,544,269,756,https://www.youtube.com/watch?v=IZ25UPF4WKs,1697,1036,9047,https://www.youtube.com/watch?v=P7iXQLVCH50,273,0,0,0,
6eec62ae2c9849de8ca895cef44ec952,10500,609904,761,342,2148,https://www.youtube.com/watch?v=rSnCo4XAFiQ,573,245,2148,https://www.youtube.com/watch?v=rSnCo4XAFiQ,1226,656,1852,https://www.youtube.com/watch?v=WvAITsketxg,1121,0,0,0,
0715c3b900ad423fa1b981cf4fc15c8f,10500,442793,457,161,988,https://www.youtube.com/watch?v=rlumAsQiiLU,457,161,988,https://www.youtube.com/watch?v=rlumAsQiiLU,0,0,0,,0,0,0,0,
b7f222493f4d4bd1be65f1c08300b45e,10500,509348,1230,664,14945,https://www.youtube.com/watch?v=FoQ9YigXoG8,1230,664,3197,https://www.youtube.com/watch?v=i3ESfbSeL90,7735,3575,14945,https://www.youtube.com/watch?v=FoQ9YigXoG8,0,0,0,0,
96f44559b15e4bad9de2eb8a0a2a92da,10500,1248890,2439,906,39356,https://www.youtube.com/watch?v=-t-YCbDFv-M,1112,578,4327,https://www.youtube.com/watch?v=av8eZdz2IE4,3047,1278,39356,https://www.youtube.com/watch?v=-t-YCbDFv-M,0,0,0,0,
a052e4ff345b41919ab0f13a5b10ff02,10400,488602,1463,422,1907,https://www.youtube.com/watch?v=pISonGYdZSs,1229,33,1463,https://www.youtube.com/watch?v=piD-ik6-Z80,1491,660,1907,https://www.youtube.com/watch?v=pISonGYdZSs,2082,296,287,296,https://www.twitch.tv/videos/2890672760
93785f5e8b614be98bf8e096f5b1f997,10400,445947,511,358,1303,https://www.youtube.com/watch?v=SVjLXNucdlo,511,358,748,https://www.youtube.com/watch?v=AcN9ieub8aA,412,269,1303,https://www.youtube.com/watch?v=SVjLXNucdlo,0,0,0,0,
80dda735a7784d7fb999892874a05f0c,10300,571355,1604,2,1604,https://www.youtube.com/watch?v=AqUq7V2EBDQ,0,0,0,,1604,2,1604,https://www.youtube.com/watch?v=AqUq7V2EBDQ,4320,1103,842,1950,https://www.twitch.tv/videos/2887517287
123c79d3170e451eae2f0cc3543621f3,10300,351668,1275,448,1907,https://www.youtube.com/watch?v=6cow1V04Oag,1275,308,1582,https://www.youtube.com/watch?v=gmwwZvSmZHc,1237,823,1907,https://www.youtube.com/watch?v=6cow1V04Oag,0,0,0,0,
191998e9f0ec4d67a19da194af311636,10300,184506,332,160,680,https://www.youtube.com/watch?v=Ni8W0vQCZSI,332,160,680,https://www.youtube.com/watch?v=Ni8W0vQCZSI,0,0,0,,0,0,0,0,
e0cd8e719dc64b5f9c171736bbaff6f7,10200,1417444,1258,682,2549,https://www.youtube.com/watch?v=NVPR84d6kEA,1009,592,1670,https://www.youtube.com/watch?v=gBtn6u2BazY,2549,951,2549,https://www.youtube.com/watch?v=NVPR84d6kEA,0,0,0,0,
65ada733fbe64a3a86aae7737e32fad0,10200,556082,1647,797,3976,https://www.youtube.com/watch?v=v8I6novUsWE,1580,792,3976,https://www.youtube.com/watch?v=v8I6novUsWE,1894,1566,1894,https://www.youtube.com/watch?v=YjJISvrD558,0,0,0,0,
9b33b75521bd43bca3346790ac65559c,10200,3647288,1100,298,2659,https://www.youtube.com/watch?v=FGUYDaJ-x4k,397,200,1257,https://www.youtube.com/watch?v=D8KcQBediPM,1439,728,2659,https://www.youtube.com/watch?v=FGUYDaJ-x4k,9022,409,158,667,https://www.twitch.tv/videos/2880895439
fefbcad20d8344c79c74a103d0ea45b2,10100,319893,0,0,0,,0,0,0,,0,0,0,,0,0,0,0,
80d6517a96e74265a4d24f86b9c295c5,10100,600354,730,388,1917,https://www.youtube.com/watch?v=SlOOMEdVv1c,591,246,1320,https://www.youtube.com/watch?v=7RqGVMcgqWo,1487,805,1917,https://www.youtube.com/watch?v=SlOOMEdVv1c,0,0,0,0,
1d5ee3e2653b4ae5b1050533f8d1ae31,10100,4942,0,0,0,,0,0,0,,0,0,0,,0,0,0,0,
310862830fb648b78cca7e581e2622a7,10100,599573,2801,1781,3664,https://www.youtube.com/watch?v=c4GvSTaJUbc,0,0,0,,2801,1781,3664,https://www.youtube.com/watch?v=c4GvSTaJUbc,21570,2493,1179,5410,https://www.twitch.tv/videos/2884403114
f42c6f5877f14a38aef3f3b515769149,10100,2085377,1259,462,4973,https://www.youtube.com/watch?v=z0ft-z40URE,1259,488,4973,https://www.youtube.com/watch?v=z0ft-z40URE,921,234,1301,https://www.youtube.com/watch?v=deg_o1jawUM,0,0,0,0,
ce908f10dcde4e2480c8f97aafd45883,10100,1742340,996,323,12732,https://www.youtube.com/watch?v=pZGNPdOeO60,1226,360,2344,https://www.youtube.com/watch?v=lM1S_sq4Kj4,832,263,12732,https://www.youtube.com/watch?v=pZGNPdOeO60,1110,159,101,196,https://www.twitch.tv/videos/2879216930
a9faef4b712b4649ba60c7e8e262175a,10100,89633,0,0,0,,0,0,0,,0,0,0,,0,0,0,0,
cd542f88cc8b47d087301d567b7cebca,10000,396983,638,349,2249,https://www.youtube.com/watch?v=gYD1ce9z2Lg,606,334,1326,https://www.youtube.com/watch?v=tcn1m8bdaok,2249,602,2249,https://www.youtube.com/watch?v=gYD1ce9z2Lg,1993,476,458,476,https://www.twitch.tv/videos/2890529483
59c0d89447d54786966ba8ecd5649d63,10000,241796,0,0,0,,0,0,0,,0,0,0,,1766,884,820,884,https://www.twitch.tv/videos/2889566211
f53807443055490f87b85ded6caee0aa,10000,585729,609,312,8265,https://www.youtube.com/watch?v=dGnrvmgRDcI,527,255,794,https://www.youtube.com/watch?v=q6z735jZytk,1089,339,8265,https://www.youtube.com/watch?v=dGnrvmgRDcI,452,0,0,0,
7c0acdc8fe2449deb487cbb827b51723,9930,589356,956,361,1814,https://www.youtube.com/watch?v=Fbnknrn8I6c,871,262,1814,https://www.youtube.com/watch?v=Fbnknrn8I6c,956,702,1790,https://www.youtube.com/watch?v=VgNH5MUk1_s,231,139,117,181,https://www.twitch.tv/videos/2886355759
432458f2f15549919dc6e3706ccbd417,9830,624863,10030,9234,44674,https://www.youtube.com/watch?v=MnLVb4MV0ME,0,0,0,,10030,9234,44674,https://www.youtube.com/watch?v=MnLVb4MV0ME,0,0,0,0,
3cf4da41775b4e608f4dde5859cdda74,9800,1887714,1829,653,1965,https://www.youtube.com/watch?v=KSH9Pf8_ksg,0,0,0,,1829,653,1965,https://www.youtube.com/watch?v=KSH9Pf8_ksg,0,0,0,0,
1434ae451f81469da327f32c387b9df0,9740,279869,0,0,0,,0,0,0,,0,0,0,,0,0,0,0,
ab19e58312b74ebd9b68e27aeb0adde5,9730,670269,1130,456,2892,https://www.youtube.com/watch?v=H-l8TZkpqF0,1112,416,2892,https://www.youtube.com/watch?v=H-l8TZkpqF0,1923,1380,2105,https://www.youtube.com/watch?v=kOxNdWkXhFI,0,0,0,0,
13992a4fb59649ada3a2adf027b5b35a,9640,94461,156,77,287,https://www.youtube.com/watch?v=ZKyliOcO6Kw,156,77,287,https://www.youtube.com/watch?v=ZKyliOcO6Kw,0,0,0,,3770,40,33,45,https://www.twitch.tv/videos/2884476769
2a897c484c05483f9a46467e8f448314,9610,397994,2074,832,5394,https://www.youtube.com/watch?v=5b9izHrS-R4,2408,1004,5394,https://www.youtube.com/watch?v=5b9izHrS-R4,897,276,1322,https://www.youtube.com/watch?v=u3NtJbVkXWY,5323,0,0,0,
f7472d5310ce42819d17459c4f3fd7c1,9590,582797,1052,353,3681,https://www.youtube.com/watch?v=38KoPq_Rd90,987,353,3681,https://www.youtube.com/watch?v=38KoPq_Rd90,1718,353,2698,https://www.youtube.com/watch?v=9ulTqMdH5Eg,511,52,36,113,https://www.twitch.tv/videos/2885430908
fe698ded3a6148808ca857c73ac7ee15,9540,660130,885,392,3776,https://www.youtube.com/watch?v=qp7pLKF6nHo,880,393,3261,https://www.youtube.com/watch?v=UqGrWxOn_Zk,897,379,3776,https://www.youtube.com/watch?v=qp7pLKF6nHo,329,0,0,0,
e3e93491f32d459ba2b79033cf75c619,9520,406075,673,390,1582,https://www.youtube.com/watch?v=fN_dh-lCoOE,685,394,1582,https://www.youtube.com/watch?v=fN_dh-lCoOE,414,235,414,https://www.youtube.com/watch?v=l8JAQLR5P5M,1279,172,133,270,https://www.twitch.tv/videos/2880967607
13c69e2cf2ff4dc1907bbae9a87a8c0f,9510,493580,0,0,0,,0,0,0,,0,0,0,,5893,1233,462,87609,https://www.twitch.tv/videos/2876431921
83cb016f535f4275bba29ad276b2084f,9490,648357,329,171,471,https://www.youtube.com/watch?v=dnHoOSMCuDk,325,141,471,https://www.youtube.com/watch?v=dnHoOSMCuDk,439,337,439,https://www.youtube.com/watch?v=qlvQtGwwxtY,0,0,0,0,
f2ad5f187c9141ab8830b8eaf81c3aee,9430,951634,629,338,2771,https://www.youtube.com/watch?v=gkL8izgMn-k,629,338,2771,https://www.youtube.com/watch?v=gkL8izgMn-k,0,0,0,,0,0,0,0,
ac2b3c839ed14b12af1acecf322a15bd,9420,563505,802,337,2520,https://www.youtube.com/watch?v=MX9grLYwiNE,584,302,2125,https://www.youtube.com/watch?v=hRpCkrp7vIM,1312,488,2520,https://www.youtube.com/watch?v=MX9grLYwiNE,0,0,0,0,
74c26216c39a40d1a9f1c5f63fa4d344,9400,467605,924,278,2815,https://www.youtube.com/watch?v=nR0BjAR09Cw,924,236,2815,https://www.youtube.com/watch?v=nR0BjAR09Cw,827,447,2016,https://www.youtube.com/watch?v=7a_Pz9WFwW8,0,0,0,0,
247215e876d24dae9932464b75fc577c,9380,837421,585,434,2064,https://www.youtube.com/watch?v=Z6R48S4B8ZU,529,313,2064,https://www.youtube.com/watch?v=Z6R48S4B8ZU,1165,694,1556,https://www.youtube.com/watch?v=RpVcHU_rU68,0,0,0,0,
5ed5801d24c7412fa3fa65a82124aad0,9350,867710,1514,848,7974,https://www.youtube.com/watch?v=H3FvKrNAvog,1328,739,2869,https://www.youtube.com/watch?v=POqBm-rlJDs,2432,1077,7974,https://www.youtube.com/watch?v=H3FvKrNAvog,2984,294,100,1000,https://www.twitch.tv/videos/2890409130
ecd7e504a0b64480a4127a25678e4b4a,9320,122717,0,0,0,,0,0,0,,0,0,0,,0,0,0,0,
42844ee6e0cc47938829b43a3101b9bb,9270,135987,0,0,0,,0,0,0,,0,0,0,,5067,0,0,0,
eafe564c8d9945c8af2ed66ff4cd773a,9270,661906,208,144,1453,https://www.youtube.com/watch?v=wMegQg0PbcA,203,131,749,https://www.youtube.com/watch?v=0cZ0yOJ7Ykk,1453,539,1453,https://www.youtube.com/watch?v=wMegQg0PbcA,0,0,0,0,
538d1d2058da4bdea1c7f43f088e995b,9260,330781,1334,695,3368,https://www.youtube.com/watch?v=1Ku8dRDE0w8,1334,695,3368,https://www.youtube.com/watch?v=1Ku8dRDE0w8,0,0,0,,3192,0,0,0,
d2b0c8386e1341668f6bbc789d1ef1e3,9260,1018333,649,275,3072,https://www.youtube.com/watch?v=nZZE1YCoE44,649,275,3072,https://www.youtube.com/watch?v=nZZE1YCoE44,0,0,0,,0,0,0,0,
558d8602fdeb4f3cb4ce484babb30577,9230,643356,860,263,2102,https://www.youtube.com/watch?v=zaQUR8j9Fvk,672,311,866,https://www.youtube.com/watch?v=bAGi19BZ2i0,1340,260,2102,https://www.youtube.com/watch?v=zaQUR8j9Fvk,0,0,0,0,
d90f173970a742d3ade6f4159c785d1e,9210,491694,885,380,1982,https://www.youtube.com/watch?v=KEIZQ1Ltq44,760,360,1562,https://www.youtube.com/watch?v=AAXq34n5xiA,1419,708,1982,https://www.youtube.com/watch?v=KEIZQ1Ltq44,1598,0,0,0,
00c158176a504c9bb865b32276e79eb1,9160,352286,527,321,11540,https://www.youtube.com/watch?v=1KLr8zQDTEs,467,307,838,https://www.youtube.com/watch?v=crRi9H1Ss0A,7714,1316,11540,https://www.youtube.com/watch?v=1KLr8zQDTEs,0,0,0,0,
cc882664d9794fb88b06a5a0aa1591ae,9130,377479,877,419,8612,https://www.youtube.com/watch?v=AApJB9012K4,877,419,8612,https://www.youtube.com/watch?v=AApJB9012K4,0,0,0,,0,0,0,0,
65ab938b60074946af1ea65a002c70df,9060,2870752,963,422,6743,https://www.youtube.com/watch?v=byWA8C4ikyA,618,345,1377,https://www.youtube.com/watch?v=rUYtAaHjMZo,2310,936,6743,https://www.youtube.com/watch?v=byWA8C4ikyA,580,0,0,0,
03f5b3fed856438c9a53d30fdfadd9b7,9060,407025,755,303,27983,https://www.youtube.com/watch?v=6XtiCn0xJlI,728,235,2301,https://www.youtube.com/watch?v=dQE2jDWyZEk,1044,345,27983,https://www.youtube.com/watch?v=6XtiCn0xJlI,1096,198,121,493,https://www.twitch.tv/videos/2888744829
423dd7da92be47f4af7273c5f74efb27,9050,399452,0,0,0,,0,0,0,,0,0,0,,36785,858,238,1012,https://www.twitch.tv/videos/2883371375
7fdfd0346667458a8657626f03434b59,9020,313078,421,233,14745,https://www.youtube.com/watch?v=Z6dk4Ce8h6k,402,231,1677,https://www.youtube.com/watch?v=OUGEIp9X-VI,14745,7768,14745,https://www.youtube.com/watch?v=Z6dk4Ce8h6k,426,0,0,0,
1dd6fdbb4f764fc3a18747c8adbf0692,9010,376273,940,446,2289,https://www.youtube.com/watch?v=_pgOGUz0iK0,942,457,2289,https://www.youtube.com/watch?v=_pgOGUz0iK0,468,143,468,https://www.youtube.com/watch?v=p2j3q9TDK74,0,0,0,0,
fa67b0859f2e45589e754f7e528967d6,8970,369999,0,0,0,,0,0,0,,0,0,0,,10774,665,321,1344,https://www.twitch.tv/videos/2868533410
6fa1245c717d4af68589205df5ab6427,8940,746045,773,442,1919,https://www.youtube.com/watch?v=jSgShWNwrT8,773,442,1919,https://www.youtube.com/watch?v=jSgShWNwrT8,0,0,0,,802,64,40,64,https://www.twitch.tv/videos/2881863442
4865c3feac234584909168181b7dc2be,8930,265993,1217,417,13359,https://www.youtube.com/watch?v=Zhu1kr6vM0s,512,194,1172,https://www.youtube.com/watch?v=CioucCWLglA,1795,1043,13359,https://www.youtube.com/watch?v=Zhu1kr6vM0s,279,0,0,0,
9b2c7b20d02241b3b82492a5e78a71c0,8920,421327,668,187,3194,https://www.youtube.com/watch?v=Ga1Ps-DRk90,195,106,278,https://www.youtube.com/watch?v=wd20N1VemVc,860,290,3194,https://www.youtube.com/watch?v=Ga1Ps-DRk90,0,0,0,0,
d407b30c72a841bd82af1f5cc8ec0667,8920,426127,1,1,1,https://www.youtube.com/watch?v=J4pD7Yz760s,0,0,0,,1,1,1,https://www.youtube.com/watch?v=J4pD7Yz760s,5482,86,48,86,https://www.twitch.tv/videos/2880024728
c4ffb821927d406682f3f17edfdf3bcd,8860,356077,0,0,0,,0,0,0,,0,0,0,,0,0,0,0,
1569b00373564846b894f47403376c6b,8840,261774,1054,365,1267,https://www.youtube.com/watch?v=RI-htBmAuqs,0,0,0,,1054,365,1267,https://www.youtube.com/watch?v=RI-htBmAuqs,496,279,198,346,https://www.twitch.tv/videos/2889752083
823311ac8226476e8d1e323f536bf8b1,8770,171866,967,867,967,https://www.youtube.com/watch?v=MmzG0OARDHI,967,867,967,https://www.youtube.com/watch?v=MmzG0OARDHI,0,0,0,,2293,0,0,0,
4482e4f0cea64f92aa78b2513c7ed897,8700,739728,968,586,1640,https://www.youtube.com/watch?v=mDhjhhyZBhg,1032,591,1640,https://www.youtube.com/watch?v=mDhjhhyZBhg,783,422,783,https://www.youtube.com/watch?v=q1HzLIT44Ak,0,0,0,0,
2f0a0ee6478c45ae8af28953b4c370be,8700,1460060,825,348,2382,https://www.youtube.com/watch?v=drEGpNHBpSs,825,348,2382,https://www.youtube.com/watch?v=drEGpNHBpSs,0,0,0,,0,0,0,0,
08a612f1ecf84b619a8899a5caed28c1,8680,892626,789,172,1115,https://www.youtube.com/watch?v=xmxnerC2Rso,789,172,1115,https://www.youtube.com/watch?v=xmxnerC2Rso,0,0,0,,21322,1998,1351,2959,https://www.twitch.tv/videos/2884413515
ab64eaef68c94ab4afb3a89007c81e9c,8640,1361370,1966,769,15913,https://www.youtube.com/watch?v=btWcqbadVZk,0,0,0,,1966,769,15913,https://www.youtube.com/watch?v=btWcqbadVZk,8768,1994,714,10089,https://www.twitch.tv/videos/2885520126
fe1d3152398b44e39d69f7ef78e73a8c,8630,634777,441,239,1530,https://www.youtube.com/watch?v=amh5r7z5IDw,408,186,1317,https://www.youtube.com/watch?v=hWsYdlJz3iw,1530,1083,1530,https://www.youtube.com/watch?v=amh5r7z5IDw,650,75,68,75,https://www.twitch.tv/videos/2889010654
7ebc0dc9fdf3442688ecd63bbdc30c51,8630,367182,946,769,4564,https://www.youtube.com/watch?v=4FwRKpNTpeo,946,769,4564,https://www.youtube.com/watch?v=4FwRKpNTpeo,0,0,0,,0,0,0,0,
38f11eca620e4c83a3e4211cbf463cce,8620,1265063,2591,1109,10261,https://www.youtube.com/watch?v=quQtvFJdcis,1041,167,1300,https://www.youtube.com/watch?v=8WdKYgF8HLg,4622,2342,10261,https://www.youtube.com/watch?v=quQtvFJdcis,0,0,0,0,
d797701ab1564b62906f91a341134a9e,8560,469173,1722,966,5600,https://www.youtube.com/watch?v=4iQLv-1oeP0,1125,686,1927,https://www.youtube.com/watch?v=7W-5YrGeLQU,2511,1224,5600,https://www.youtube.com/watch?v=4iQLv-1oeP0,5295,368,315,469,https://www.twitch.tv/videos/2890458544
420208d1dcb74abfa325fc1f6a27e17b,8550,473948,1502,688,4029,https://www.youtube.com/watch?v=2S72US2ygQw,1502,688,4029,https://www.youtube.com/watch?v=2S72US2ygQw,0,0,0,,1406,207,124,207,https://www.twitch.tv/videos/2880892362
1254f176d93548aca5ac7f4b53313f71,8530,4056291,19,6,576,https://www.youtube.com/watch?v=wXVzz7GqRnE,97,33,576,https://www.youtube.com/watch?v=wXVzz7GqRnE,15,6,400,https://www.youtube.com/watch?v=fAv-V_MPxP8,1629,9,6,23,https://www.twitch.tv/videos/2890730246
c0ea5a6a7ede42fca6f3c6c87fc9d72e,8530,360020,1485,582,15589,https://www.youtube.com/watch?v=GP7ANl1ns50,1060,438,6429,https://www.youtube.com/watch?v=l1CxaN8pfiM,2324,1306,15589,https://www.youtube.com/watch?v=GP7ANl1ns50,0,0,0,0,
f905195b653944cd9de4ab0b4e6cca58,8510,357330,1026,685,2363,https://www.youtube.com/watch?v=Car4BkA0W2s,1026,685,2363,https://www.youtube.com/watch?v=Car4BkA0W2s,0,0,0,,0,0,0,0,
2d6886120def4c148c70514433d77e1e,8480,611724,926,521,2913,https://www.youtube.com/watch?v=xgvTT49zAb8,926,521,2913,https://www.youtube.com/watch?v=xgvTT49zAb8,0,0,0,,0,0,0,0,
28e0e0a574fe4deca3d5ded0aa5d64ef,8460,561083,748,445,2978,https://www.youtube.com/watch?v=Fd4zvrr_S1Q,738,411,1125,https://www.youtube.com/watch?v=dZ2TK0zvRvw,2080,677,2978,https://www.youtube.com/watch?v=Fd4zvrr_S1Q,741,242,172,797,https://www.twitch.tv/videos/2878974071
9604bd9896fc421ba131a9a6e11d50b0,8460,1119471,1840,1125,6161,https://www.youtube.com/watch?v=YiDJiWUJE0k,1699,975,4288,https://www.youtube.com/watch?v=-q2kkTZVIVM,3713,3097,6161,https://www.youtube.com/watch?v=YiDJiWUJE0k,0,0,0,0,
bdc034d3afcd4456b6da2b96a2e460ef,8410,834289,566,144,566,https://www.youtube.com/watch?v=q3KpWcxY4Ts,0,0,0,,566,144,566,https://www.youtube.com/watch?v=q3KpWcxY4Ts,1597,0,0,0,
c06f5173a01c4c0db7a761957c02186d,8310,690180,1390,658,7623,https://www.youtube.com/watch?v=GCqaQxHPJtg,913,652,7623,https://www.youtube.com/watch?v=GCqaQxHPJtg,1552,700,2062,https://www.youtube.com/watch?v=DjmXVIQEe0I,689,206,167,245,https://www.twitch.tv/videos/2888881589
3b0031a4b57f46719f06cbf7c5cc42b6,8310,399138,764,309,1827,https://www.youtube.com/watch?v=NtZBZ4YlPok,797,355,1827,https://www.youtube.com/watch?v=NtZBZ4YlPok,430,170,624,https://www.youtube.com/watch?v=V30yRjagIz4,139,0,0,0,
7298d2db845840d7ab462c7628967f4e,8310,365091,271,200,515,https://www.youtube.com/watch?v=TOUtegdNMCc,271,200,515,https://www.youtube.com/watch?v=TOUtegdNMCc,0,0,0,,0,0,0,0,
eafb808b078844fdab1d8ed561dbd462,8290,591823,841,621,3234,https://www.youtube.com/watch?v=AXKQSTjvjkc,774,422,3234,https://www.youtube.com/watch?v=AXKQSTjvjkc,1587,1031,3207,https://www.youtube.com/watch?v=ZVuk2up8TUc,0,0,0,0,
e4c71cb272a24ce6bda794eae8e5bdfc,8270,567421,1106,560,2084,https://www.youtube.com/watch?v=KSurUjikOQE,696,478,1188,https://www.youtube.com/watch?v=ZUjXIRCPNTs,1422,651,2084,https://www.youtube.com/watch?v=KSurUjikOQE,0,0,0,0,
df0c2ce19ccf4e26ac1a18065f85dacc,8220,484961,586,229,586,https://www.youtube.com/watch?v=ysumakfNHZQ,586,229,586,https://www.youtube.com/watch?v=ysumakfNHZQ,0,0,0,,0,0,0,0,
328a6a5742504b9d977f40660c118239,8220,1190056,692,341,3498,https://www.youtube.com/watch?v=FnZFwWpo7rI,877,435,3498,https://www.youtube.com/watch?v=FnZFwWpo7rI,251,86,1893,https://www.youtube.com/watch?v=nYO4G4WVYZU,0,0,0,0,
60ab80cc26bc4e4aaa526ce1952f9e42,8190,525257,794,211,15216,https://www.youtube.com/watch?v=gqLtWI9tx1U,725,215,1977,https://www.youtube.com/watch?v=7Fy6ua5pz98,801,192,15216,https://www.youtube.com/watch?v=gqLtWI9tx1U,394,57,45,105,https://www.twitch.tv/videos/2883617711
ee20f58e3fb74fae83a42239a83bcc4a,8180,261382,0,0,0,,0,0,0,,0,0,0,,0,0,0,0,
00c2bd1279064d88b05ad2d17d790e37,8170,178762,1186,452,16771,https://www.youtube.com/watch?v=HhiG_3cjn-4,1049,446,1895,https://www.youtube.com/watch?v=Mn55Y5BMWWQ,3326,579,16771,https://www.youtube.com/watch?v=HhiG_3cjn-4,1199,401,242,557,https://www.twitch.tv/videos/2881428846
09b6598d6d604e9397eebff166c69e92,8150,128070,438,145,1056,https://www.youtube.com/watch?v=clN-wn8yPuE,438,145,1056,https://www.youtube.com/watch?v=clN-wn8yPuE,0,0,0,,312,57,30,147,https://www.twitch.tv/videos/2883425052
41a8958a1a4a4cc8b404d04da033400e,8110,394756,0,0,0,,0,0,0,,0,0,0,,509,0,0,0,
c72226925ba94855b9fcc88fc2a25acc,8110,840999,927,400,1677,https://www.youtube.com/watch?v=A1VBABvb8QU,954,401,1677,https://www.youtube.com/watch?v=A1VBABvb8QU,188,26,188,https://www.youtube.com/watch?v=MyUtW4rIJM4,0,0,0,0,
d2a7b2d142ea4076afcfc7263b9e09fd,8100,638981,771,270,3017,https://www.youtube.com/watch?v=hfLyQctI4zc,736,287,3013,https://www.youtube.com/watch?v=2yXKsE3pgBk,1600,142,3017,https://www.youtube.com/watch?v=hfLyQctI4zc,775,0,0,0,
a188f157d0384e0db5ae73605240d68b,8040,764598,787,397,2766,https://www.youtube.com/watch?v=0L0wo144C8g,699,276,1310,https://www.youtube.com/watch?v=Hlupb3vf62E,1573,902,2766,https://www.youtube.com/watch?v=0L0wo144C8g,1173,0,0,0,
d13fdb8fdd3049e5bf80b5ab0fa8a1a6,8030,687966,863,216,1393,https://www.youtube.com/watch?v=iIC5zd6VXTk,863,399,1020,https://www.youtube.com/watch?v=sM7hs11iRKU,790,101,1393,https://www.youtube.com/watch?v=iIC5zd6VXTk,0,0,0,0,
8309d31b418642db83f0cf56b38fc9ad,8030,1163466,1688,680,3531,https://www.youtube.com/watch?v=6fTYvFvOKGc,1491,647,3531,https://www.youtube.com/watch?v=6fTYvFvOKGc,2004,1688,3491,https://www.youtube.com/watch?v=5J3996NV374,170,0,0,0,
0ab16bd60230422d97f73e6810be221c,7910,405452,552,293,1516,https://www.youtube.com/watch?v=ZWUtKvwYfpA,552,293,1516,https://www.youtube.com/watch?v=ZWUtKvwYfpA,0,0,0,,0,0,0,0,
b90a42d3e9a5465ba4ef8a333c8148e5,7870,957093,400,159,1672,https://www.youtube.com/watch?v=W74lstSo6sw,367,158,839,https://www.youtube.com/watch?v=03-u1XFc6Zc,1101,167,1672,https://www.youtube.com/watch?v=W74lstSo6sw,0,0,0,0,
56abcaadabbe44dbbd18ab0ecfe1037f,7850,322124,348,142,2136,https://www.youtube.com/watch?v=_IHdjpmHHC0,348,142,2136,https://www.youtube.com/watch?v=_IHdjpmHHC0,0,0,0,,0,0,0,0,
9f975d473431409190e397bdc946d5b0,7850,424201,658,257,13137,https://www.youtube.com/watch?v=GfFnsJgv7zk,627,197,1943,https://www.youtube.com/watch?v=V2z1Cy_E0mM,1065,531,13137,https://www.youtube.com/watch?v=GfFnsJgv7zk,257,0,0,0,
1f54eafd17434cd9bd175d27b72c2228,7810,209450,539,166,539,https://www.youtube.com/watch?v=oklFBVCp1U0,539,166,539,https://www.youtube.com/watch?v=oklFBVCp1U0,0,0,0,,0,0,0,0,
b10149a2a1ee4ffcbf1dacb1b1722f9f,7780,198677,261,133,709,https://www.youtube.com/watch?v=VSDB0tXOADY,261,133,709,https://www.youtube.com/watch?v=VSDB0tXOADY,0,0,0,,857,0,0,0,
556c69847bc14bc7be03b3e40e52ac98,7730,198991,0,0,0,,0,0,0,,0,0,0,,1778,0,0,0,
f7d0e4ed95e84262b329740d5d27afc9,7700,57871,0,0,0,,0,0,0,,0,0,0,,0,0,0,0,
7af8f321e84542dc9ccda160152fbf0b,7700,259824,899,115,1485,https://www.youtube.com/watch?v=MjfOjacpCaM,1192,296,1485,https://www.youtube.com/watch?v=MjfOjacpCaM,91,41,91,https://www.youtube.com/watch?v=sU3PvLiQtpA,0,0,0,0,
01edfa8163ad42cd85f56ef4dce2609e,7690,460494,390,168,2793,https://www.youtube.com/watch?v=jk0DlzaYRHE,692,327,2793,https://www.youtube.com/watch?v=jk0DlzaYRHE,238,125,1299,https://www.youtube.com/watch?v=IMil5DudlhM,0,0,0,0,
03b825a2908749099e40cd4a4d1169aa,7590,205000,706,428,1840,https://www.youtube.com/watch?v=s4JEbMKVmww,535,402,535,https://www.youtube.com/watch?v=bj4BuJ2RKkI,754,454,1840,https://www.youtube.com/watch?v=s4JEbMKVmww,0,0,0,0,
77e980ab542a4db6a34b5ac9c8f3948b,7540,408713,1025,589,1092,https://www.youtube.com/watch?v=j4I-5t4lptc,1025,589,1092,https://www.youtube.com/watch?v=j4I-5t4lptc,0,0,0,,725,0,0,0,
cedd78c374b54898a647a3cb3a5263fc,7540,355519,0,0,0,,0,0,0,,0,0,0,,0,0,0,0,
b1cb513e2511484cabbac00140b4a95c,7520,358450,889,364,2367,https://www.youtube.com/watch?v=ZV8359OHnmo,773,343,1209,https://www.youtube.com/watch?v=muyzziakBa8,1337,787,2367,https://www.youtube.com/watch?v=ZV8359OHnmo,754,346,334,619,https://www.twitch.tv/videos/2884114686
d80f5bc1e3ce4c35aa3eced40cc3bddc,7480,374992,770,324,1230,https://www.youtube.com/watch?v=9EjjeQt8vVw,770,324,1230,https://www.youtube.com/watch?v=9EjjeQt8vVw,0,0,0,,563,0,0,0,
94595065e7aa498d93067274eb755301,7480,1294794,403,130,1926,https://www.youtube.com/watch?v=zJkqnOCKJk0,403,130,1926,https://www.youtube.com/watch?v=zJkqnOCKJk0,0,0,0,,0,0,0,0,
9d864d1af4e749f5a58171b06c070565,7470,667280,550,253,2182,https://www.youtube.com/watch?v=amLIkPGpUz8,277,160,550,https://www.youtube.com/watch?v=EthgPjQcSJQ,1124,378,2182,https://www.youtube.com/watch?v=amLIkPGpUz8,3859,359,238,594,https://www.twitch.tv/videos/2889227812
b92c6e4c3bea4b938077a8f152f78083,7470,57314,0,0,0,,0,0,0,,0,0,0,,0,0,0,0,
c897f2f0ae414985aa623bfe2dfe8f1c,7470,214290,585,364,2798,https://www.youtube.com/watch?v=G1gAQ-hScRo,585,364,2798,https://www.youtube.com/watch?v=G1gAQ-hScRo,0,0,0,,645,0,0,0,
9e3edec3eec54f49a065f1970471d473,7420,292449,0,0,0,,0,0,0,,0,0,0,,896,0,0,0,
a3c6cbf76630432c83fa5277388be97c,7390,129689,5191,1683,11846,https://www.youtube.com/watch?v=SKZv9LvIY1k,5191,1683,11846,https://www.youtube.com/watch?v=SKZv9LvIY1k,0,0,0,,0,0,0,0,
97a56c6914ab431d9b670456d11b22ed,7340,288651,382,134,625,https://www.youtube.com/watch?v=jTqWaZRLBA8,382,134,625,https://www.youtube.com/watch?v=jTqWaZRLBA8,0,0,0,,0,0,0,0,
5cdf289b83524643af7ab2f2c8788adf,7330,362107,343,201,3321,https://www.youtube.com/watch?v=0OdnVApq_9Q,343,201,3321,https://www.youtube.com/watch?v=0OdnVApq_9Q,0,0,0,,0,0,0,0,
63108f8ea91a4a699f345bb259750745,7320,166122,395,235,1228,https://www.youtube.com/watch?v=lkF9t4kh8og,422,257,1228,https://www.youtube.com/watch?v=lkF9t4kh8og,285,168,285,https://www.youtube.com/watch?v=T6M0SzNq8wQ,0,0,0,0,
c430f1e7cfee4440b2b537c80a2a667d,7320,274655,916,330,1387,https://www.youtube.com/watch?v=qhMEbvssm2o,916,330,1387,https://www.youtube.com/watch?v=qhMEbvssm2o,0,0,0,,0,0,0,0,
c321746bebe740cb98625ca4cf6fb9a7,7310,125174,564,292,4974,https://www.youtube.com/watch?v=s-cZwOJo6e0,601,320,4974,https://www.youtube.com/watch?v=s-cZwOJo6e0,0,0,0,https://www.youtube.com/watch?v=wn8rorTUhqY,0,0,0,0,
fec8644970684cffbbae8dd37a52d59c,7290,467727,1128,495,3900,https://www.youtube.com/watch?v=OpNWKGi2Y8s,1128,386,2137,https://www.youtube.com/watch?v=Oym5-l8TQVM,1782,936,3900,https://www.youtube.com/watch?v=OpNWKGi2Y8s,2268,403,196,1898,https://www.twitch.tv/videos/2884062279
7f72433f23da4bf8bfbf7ee3904eb7ca,7280,296680,0,0,0,,0,0,0,,0,0,0,,855,0,0,0,
70adcdf6f8a146089a4e724b14146efd,7260,465779,1271,491,3193,https://www.youtube.com/watch?v=8pkVVYZjjy0,1284,494,3193,https://www.youtube.com/watch?v=8pkVVYZjjy0,443,236,443,https://www.youtube.com/watch?v=lNqjC2q81cw,573,0,0,0,
f40b8e8debf14680b5cc88bae98918f7,7230,237749,1851,550,2884,https://www.youtube.com/watch?v=ObAP9HdLvoc,1851,550,2884,https://www.youtube.com/watch?v=ObAP9HdLvoc,0,0,0,,0,0,0,0,
8c6bc741e4614154a63e987f930a468d,7230,425559,559,273,2136,https://www.youtube.com/watch?v=npvgrfmhMyA,539,304,864,https://www.youtube.com/watch?v=ec6CXIMAj74,1510,141,2136,https://www.youtube.com/watch?v=npvgrfmhMyA,0,0,0,0,
5d903f62e014487e9ab21a48c19fc6ac,7210,492416,377,180,1280,https://www.youtube.com/watch?v=DnMPsfaU0Dk,351,206,402,https://www.youtube.com/watch?v=gKDxDRxgv34,982,177,1280,https://www.youtube.com/watch?v=DnMPsfaU0Dk,921,0,0,0,
715cc1261d7e42c18135d47bd1cf2500,7180,174712,431,374,431,https://www.youtube.com/watch?v=pfslb3XLUtc,0,0,0,,431,374,431,https://www.youtube.com/watch?v=pfslb3XLUtc,6463,339,282,552,https://www.twitch.tv/videos/2889027072
c8ef4e3182b74ecd994c837a75624390,7160,653951,1674,931,3122,https://www.youtube.com/watch?v=1ApdYAlBV68,1071,791,1124,https://www.youtube.com/watch?v=NiCTuzc5hYw,1825,1012,3122,https://www.youtube.com/watch?v=1ApdYAlBV68,0,0,0,0,
3c1783f6914f414b830c836829d1afa2,7160,318823,647,272,2023,https://www.youtube.com/watch?v=qIsmVeCP7K4,570,270,2023,https://www.youtube.com/watch?v=qIsmVeCP7K4,1187,469,1654,https://www.youtube.com/watch?v=-BEkx8k2RME,278,0,0,0,
5fa2dee0fba64112aa476441cd6ff982,7160,352857,707,381,773,https://www.youtube.com/watch?v=p2suad37GTI,707,381,773,https://www.youtube.com/watch?v=p2suad37GTI,0,0,0,,0,0,0,0,
35b7bd4f6fcb4fbfb3ebe83be100d9a0,7150,572149,811,518,3448,https://www.youtube.com/watch?v=Go9LMAxTFwI,815,520,3448,https://www.youtube.com/watch?v=Go9LMAxTFwI,541,470,541,https://www.youtube.com/watch?v=4afnTo6vCu4,0,0,0,0,
40c846b91c4a44a980eddf20f0f789c0,7130,1251757,543,129,4557,https://www.youtube.com/watch?v=yTVdC1m7DNQ,363,85,2421,https://www.youtube.com/watch?v=UaeUp_WznJs,1483,326,4557,https://www.youtube.com/watch?v=yTVdC1m7DNQ,7020,675,499,756,https://www.twitch.tv/videos/2883502838
990b7e28df934de1bdab364d72c79f90,7080,1836,0,0,0,,0,0,0,,0,0,0,,0,0,0,0,
4576d781ddae45d59fc83c8d25385983,7070,253793,2951,1642,4868,https://www.youtube.com/watch?v=gcxJIa8RYg4,3270,766,4868,https://www.youtube.com/watch?v=gcxJIa8RYg4,2951,2058,3449,https://www.youtube.com/watch?v=_Un0Gb1Y-BY,248,0,0,0,
a28e29c9e8ec4791a700cd2e30904534,7070,228379,593,409,2084,https://www.youtube.com/watch?v=2O9yykAg1Fo,573,359,2071,https://www.youtube.com/watch?v=kdXjePywJOM,2084,1258,2084,https://www.youtube.com/watch?v=2O9yykAg1Fo,2934,0,0,0,
e7e219a17a7644cd9d28a2ab871f5f7c,7040,285262,0,0,0,,0,0,0,,0,0,0,,3041,265,98,265,https://www.twitch.tv/videos/2874787068
2d84a02e592d4a92893b7cc36af95a26,7000,335043,921,468,6611,https://www.youtube.com/watch?v=6xqu4NZ3nxo,769,356,2226,https://www.youtube.com/watch?v=Pjn8HU_QAuU,1427,491,6611,https://www.youtube.com/watch?v=6xqu4NZ3nxo,1147,470,368,625,https://www.twitch.tv/videos/2888882849
3f36658defc1428b8d4628478ef59256,6960,558634,1087,480,15264,https://www.youtube.com/watch?v=GxaH-4j-ibQ,991,460,2327,https://www.youtube.com/watch?v=DMyp5INkEsk,1268,515,15264,https://www.youtube.com/watch?v=GxaH-4j-ibQ,0,0,0,0,
1937fa889b474d339713d1117f435018,6950,891244,321,147,1298,https://www.youtube.com/watch?v=Jf1LclBmv4g,294,138,861,https://www.youtube.com/watch?v=RtEAj5Vt1-A,448,159,1298,https://www.youtube.com/watch?v=Jf1LclBmv4g,7467,472,192,1976,https://www.twitch.tv/videos/2886016485
b0f00fccf8a14655911360748c4699cd,6940,200980,379,177,1333,https://www.youtube.com/watch?v=SC1f5d2QrPM,213,82,376,https://www.youtube.com/watch?v=Bxo-fI2H3hU,898,388,1333,https://www.youtube.com/watch?v=SC1f5d2QrPM,0,0,0,0,
bafa406351614acb9162347235baf257,6940,505638,937,429,10743,https://www.youtube.com/watch?v=il_NujwkSko,681,390,1799,https://www.youtube.com/watch?v=snGaoF7B7oU,1290,529,10743,https://www.youtube.com/watch?v=il_NujwkSko,0,0,0,0,
8999cce711d64abfb6d451ca6172dd3e,6940,323636,1096,537,2271,https://www.youtube.com/watch?v=A_1Kf7KaK0o,815,537,1570,https://www.youtube.com/watch?v=wVOPjwCoC2w,1178,543,2271,https://www.youtube.com/watch?v=A_1Kf7KaK0o,0,0,0,0,
679aef46b6f448e493fdedae7df5b288,6930,1449259,229,109,381,https://www.youtube.com/watch?v=MsFYzJq8NqI,0,0,0,,229,109,381,https://www.youtube.com/watch?v=MsFYzJq8NqI,477,0,0,0,
f7b1eada802e4ed89c306c6641d243b3,6910,307020,287,176,458,https://www.youtube.com/watch?v=u-rxCjUNWuE,287,176,458,https://www.youtube.com/watch?v=u-rxCjUNWuE,0,0,0,,430,0,0,0,
7f9d223a684e44e8b8d30bedcc07f1fa,6890,250415,650,366,2625,https://www.youtube.com/watch?v=RX-knjaW4nQ,650,366,2625,https://www.youtube.com/watch?v=RX-knjaW4nQ,0,0,0,,0,0,0,0,
dc3e05e0c12b4e0a93dc230f30925ee0,6800,192742,622,96,1057,https://www.youtube.com/watch?v=j7AGKaZniRs,0,0,0,,622,96,1057,https://www.youtube.com/watch?v=j7AGKaZniRs,7142,0,0,0,
038ee6280ef742bcad8450ad52049944,6790,471087,404,189,1373,https://www.youtube.com/watch?v=D8SizWFKay8,404,189,1373,https://www.youtube.com/watch?v=D8SizWFKay8,0,0,0,,0,0,0,0,
6ddea98137e2429eb0e9c4025ad9294f,6770,302082,923,352,2052,https://www.youtube.com/watch?v=gWJcRSQYTPA,598,287,1121,https://www.youtube.com/watch?v=7pl00tGohiI,1357,603,2052,https://www.youtube.com/watch?v=gWJcRSQYTPA,0,0,0,0,
757f1b20f7bd459ebd8949da907dceea,6760,404634,387,180,991,https://www.youtube.com/watch?v=1Brboj2tTLI,387,180,991,https://www.youtube.com/watch?v=1Brboj2tTLI,0,0,0,,0,0,0,0,
41d4243609de491ba43ef4e11b8a0254,6740,863207,1733,767,4247,https://www.youtube.com/watch?v=p5bHXA456bA,1244,690,2067,https://www.youtube.com/watch?v=NxQ1xgj6Zcg,2604,1039,4247,https://www.youtube.com/watch?v=p5bHXA456bA,0,0,0,0,
5dbed684176349d28353d5293085cd9c,6730,282258,1061,637,4511,https://www.youtube.com/watch?v=84NGJNvYWlI,1061,637,4511,https://www.youtube.com/watch?v=84NGJNvYWlI,0,0,0,,0,0,0,0,
6fb9853185d844de80d4f3e0f3f2726d,6700,0,0,0,0,,0,0,0,,0,0,0,,0,0,0,0,
1357f282a9f04f6cbe3e215a0bd20482,6690,199774,646,466,1329,https://www.youtube.com/watch?v=ISacnNgY1KU,607,570,782,https://www.youtube.com/watch?v=0m50Q8fDFE4,1329,363,1329,https://www.youtube.com/watch?v=ISacnNgY1KU,2099,214,165,498,https://www.twitch.tv/videos/2879327520
f58318cdd690482c9d19fb68bca374a4,6680,447692,1666,677,1925,https://www.youtube.com/watch?v=5sdHzjjYJnU,0,0,0,,1666,677,1925,https://www.youtube.com/watch?v=5sdHzjjYJnU,236,0,0,0,
80f4d6e50af64a48be812258498e86c0,6670,357872,0,0,0,,0,0,0,,0,0,0,,160,0,0,0,
6603f7e70b684a07a3dac687460bacc5,6670,292005,1020,372,2280,https://www.youtube.com/watch?v=nCIpQX37pRQ,1020,372,2280,https://www.youtube.com/watch?v=nCIpQX37pRQ,0,0,0,,1428,0,0,0,
49196eec11454f589d4d6e52f1b1bbe8,6660,579286,475,242,1773,https://www.youtube.com/watch?v=c1V6XEXUb2A,444,199,826,https://www.youtube.com/watch?v=EqKqmH5SvAc,1543,459,1773,https://www.youtube.com/watch?v=c1V6XEXUb2A,0,0,0,0,
160f90709224412f9cfc2aaa88e89a57,6610,868236,1994,879,8680,https://www.youtube.com/watch?v=CJl5FWNV7Qo,1977,879,5525,https://www.youtube.com/watch?v=Wif95ndoB1U,6788,1201,8680,https://www.youtube.com/watch?v=CJl5FWNV7Qo,0,0,0,0,
f6c34086d07a4322b9d4ebc538bada96,6580,132462,0,0,0,,0,0,0,,0,0,0,,0,0,0,0,
b54e216619d14031a317b820113e4084,6570,333023,596,348,9417,https://www.youtube.com/watch?v=9le0401yGDo,596,264,673,https://www.youtube.com/watch?v=mCsIAVMS9uQ,4746,1411,9417,https://www.youtube.com/watch?v=9le0401yGDo,0,0,0,0,
e0debb323c5d49268c92c5d660cdb664,6560,370425,1281,814,3756,https://www.youtube.com/watch?v=ukWYlvXt5kU,1281,814,3756,https://www.youtube.com/watch?v=ukWYlvXt5kU,0,0,0,,0,0,0,0,
468c9630d37b4c41bb6b0305dc1143cf,6550,435204,409,252,419,https://www.youtube.com/watch?v=cIxaGWKgmZg,409,252,419,https://www.youtube.com/watch?v=cIxaGWKgmZg,0,0,0,,476,0,0,0,
08be94e874d448f8a2794a44c61e8d8f,6500,412642,323,206,430,https://www.youtube.com/watch?v=Ndc2IZE9tm0,323,206,430,https://www.youtube.com/watch?v=Ndc2IZE9tm0,0,0,0,,0,0,0,0,
c2362f5ca48445a89fd081c4b2bc74d4,6470,254538,457,282,541,https://www.youtube.com/watch?v=vP6TnXw_sIM,374,290,374,https://www.youtube.com/watch?v=-phAu248SFI,541,274,541,https://www.youtube.com/watch?v=vP6TnXw_sIM,138,0,0,0,
fffd31d236a2479c9070bcc171bdc13d,6420,179561,0,0,0,,0,0,0,,0,0,0,,0,0,0,0,
281c7713c21e41bcb6e81365f328ab8c,6420,242849,486,251,1082,https://www.youtube.com/watch?v=uGaZW2-f3sg,486,251,1082,https://www.youtube.com/watch?v=uGaZW2-f3sg,0,0,0,,0,0,0,0,
02e7729df0424fbbb21b77ccd543b0be,6420,1780839,116,37,1286,https://www.youtube.com/watch?v=yKiXiMADJlk,107,44,190,https://www.youtube.com/watch?v=op8fzCalFSA,271,26,1286,https://www.youtube.com/watch?v=yKiXiMADJlk,0,0,0,0,
e8c89b4aec4d45fbbb76533eb3db0428,6410,148754,168,104,1094,https://www.youtube.com/watch?v=i8xhpw7QBYw,148,92,452,https://www.youtube.com/watch?v=w2XYYYzmu6M,765,528,1094,https://www.youtube.com/watch?v=i8xhpw7QBYw,0,0,0,0,
2bf038f2a9514434aefa4ef7b2140f56,6380,306635,1398,611,5515,https://www.youtube.com/watch?v=w0FLZN9eX1o,1066,462,1969,https://www.youtube.com/watch?v=w4FpLdsHcZ8,1974,1004,5515,https://www.youtube.com/watch?v=w0FLZN9eX1o,832,0,0,0,
caf08c74dd7b4919bca49eef394d5475,6380,898249,683,315,3470,https://www.youtube.com/watch?v=SenCQzQkH2E,590,296,3470,https://www.youtube.com/watch?v=SenCQzQkH2E,1006,755,1279,https://www.youtube.com/watch?v=M_DGGnmZ9PY,4220,1253,520,2042,https://www.twitch.tv/videos/2889521346
da3a3993bd8946da824d66d5a5d456e2,6360,330713,0,0,0,,0,0,0,,0,0,0,,0,0,0,0,
0851296bdf4c4516b2506b8cce5151da,6360,626755,0,0,0,,0,0,0,,0,0,0,,0,0,0,0,
c34e43b57f9f448582094f712a0b2c1a,6350,409592,712,375,2160,https://www.youtube.com/watch?v=FBhPMMsaKy4,558,375,2160,https://www.youtube.com/watch?v=FBhPMMsaKy4,1592,560,1858,https://www.youtube.com/watch?v=lCMhpYqs6qI,0,0,0,0,
5cb1c062f5f94b44a41ae658f4a53f0c,6310,143213,0,0,0,,0,0,0,,0,0,0,,13990,471,171,656,https://www.twitch.tv/videos/2865735837
9ff913f8a0fa42269c6e3d462af1b2e0,6300,200054,1885,766,18848,https://www.youtube.com/watch?v=OZG_0cNO2n0,2220,816,5690,https://www.youtube.com/watch?v=mNczZGk7UOE,1664,726,18848,https://www.youtube.com/watch?v=OZG_0cNO2n0,0,0,0,0,
4eecf80e6ecc4644a7ff08314e6e0c82,6300,445864,769,212,769,https://www.youtube.com/watch?v=GQX1EofFr-Y,769,212,769,https://www.youtube.com/watch?v=GQX1EofFr-Y,0,0,0,,380,0,0,0,
35f3bb64e69c432180b98dde239f3bdd,6290,650232,1481,560,3271,https://www.youtube.com/watch?v=iJ_v6t6jdkQ,1481,560,3271,https://www.youtube.com/watch?v=iJ_v6t6jdkQ,1325,936,1865,https://www.youtube.com/watch?v=4NRV5yexxL0,1026,88,63,823,https://www.twitch.tv/videos/2887305255
bf48aafcc9464111b358a4595cc7311c,6280,169304,721,197,721,https://www.youtube.com/watch?v=C6Mm9pUmPRc,721,197,721,https://www.youtube.com/watch?v=C6Mm9pUmPRc,0,0,0,,0,0,0,0,
208d8aa3792641d6ae4e0de5a10a4a6f,6260,397748,247,90,1579,https://www.youtube.com/watch?v=Hy2jDN9GotI,253,89,908,https://www.youtube.com/watch?v=1_6miC8QEXw,126,91,1579,https://www.youtube.com/watch?v=Hy2jDN9GotI,1611,118,95,256,https://www.twitch.tv/videos/2889587334
94c7cb6122bd4dcab2d8660ddc5f5508,6250,223230,208,101,255,https://www.youtube.com/watch?v=CeX-495mEEU,208,101,255,https://www.youtube.com/watch?v=CeX-495mEEU,0,0,0,,429,41,29,59,https://www.twitch.tv/videos/2881778599
1307131312c54a11ab326e62474efc8a,6240,245953,0,0,0,,0,0,0,,0,0,0,,0,0,0,0,
b8cd7bf3e49d4cc1a24140546b91f462,6240,388764,345,217,1556,https://www.youtube.com/watch?v=cIM3WkR3XOw,0,0,0,,345,217,1556,https://www.youtube.com/watch?v=cIM3WkR3XOw,49,0,0,0,
25027be34ca844c885f40d5c26507898,6220,395348,746,297,3429,https://www.youtube.com/watch?v=PT-er7FVFGE,689,290,1839,https://www.youtube.com/watch?v=zZVRV4wOE2Q,2833,1397,3429,https://www.youtube.com/watch?v=PT-er7FVFGE,0,0,0,0,
34edb431f7da4a43b2a6a9d79d2858d1,6200,360965,1046,839,2960,https://www.youtube.com/watch?v=YOfwYjc-Ykk,1046,839,2960,https://www.youtube.com/watch?v=YOfwYjc-Ykk,0,0,0,,693,525,434,557,https://www.twitch.tv/videos/2889692799
dbfaa5f3d01142df8a05c4946a0a22dc,6190,572658,935,470,7879,https://www.youtube.com/watch?v=MPlDHU6XTbQ,832,353,1684,https://www.youtube.com/watch?v=jW5kAmgA1Tw,4616,1246,7879,https://www.youtube.com/watch?v=MPlDHU6XTbQ,0,0,0,0,
2978ff3ab5f54898947af41ca4d47c4c,6190,159169,678,89,915,https://www.youtube.com/watch?v=N4liUvOKZUM,688,103,915,https://www.youtube.com/watch?v=N4liUvOKZUM,117,54,117,https://www.youtube.com/watch?v=E5ow_pqUxzw,553,0,0,0,
6b43c568bdf044e4a4ae0bae0cb9fff2,6110,287993,668,191,1344,https://www.youtube.com/watch?v=enotwUHzfeE,668,231,978,https://www.youtube.com/watch?v=8St_lnN56mQ,723,94,1344,https://www.youtube.com/watch?v=enotwUHzfeE,0,0,0,0,
1a3a0feb188e499ab4972c971d639f58,6090,274303,0,0,0,,0,0,0,,0,0,0,,0,0,0,0,
b6a105f12b904256ba356935ae46657f,6070,43168,336,168,617,https://www.youtube.com/watch?v=JBr-MYqpt-o,336,168,617,https://www.youtube.com/watch?v=JBr-MYqpt-o,0,0,0,,8779,356,219,71699,https://www.twitch.tv/videos/2869405035
a83b6d485350402b90238deb371ae654,6050,113763,0,0,0,,0,0,0,,0,0,0,,4054,314,168,314,https://www.twitch.tv/videos/2879187944
75b388425b774a9f99a4483e295a13f0,6040,821354,399,176,1272,https://www.youtube.com/watch?v=7DeC5pYkm5o,390,138,541,https://www.youtube.com/watch?v=4Jc77TvgolA,1272,898,1272,https://www.youtube.com/watch?v=7DeC5pYkm5o,419,0,0,0,
16c4a9b7211a44f6b98d8e1aebf4ea70,6000,222972,0,0,0,,0,0,0,,0,0,0,,634,0,0,0,
4cd21df2b76148b182903cc0aebe2bfa,5990,238183,474,227,675,https://www.youtube.com/watch?v=tQbehWxdAYY,474,227,675,https://www.youtube.com/watch?v=tQbehWxdAYY,0,0,0,,0,0,0,0,
dcbe7946e39e48bcb0b725de64a445c8,5980,600918,1456,584,4124,https://www.youtube.com/watch?v=-qvzCJ1JDeA,1456,584,4124,https://www.youtube.com/watch?v=-qvzCJ1JDeA,0,0,0,,0,0,0,0,
e0f419006f244a51804050ede1d1a5aa,5950,1559366,682,275,39454,https://www.youtube.com/watch?v=RscENfbUEAk,549,205,2598,https://www.youtube.com/watch?v=mArD2EWU5IQ,20047,9819,39454,https://www.youtube.com/watch?v=RscENfbUEAk,0,0,0,0,
36b917d4265f43a1a6cc9eb1d7b20608,5950,224765,2230,710,58845,https://www.youtube.com/watch?v=4FkvC9ILxoY,2274,587,4857,https://www.youtube.com/watch?v=t70SJyPVWEs,2230,715,58845,https://www.youtube.com/watch?v=4FkvC9ILxoY,1100,1418,792,1514,https://www.twitch.tv/videos/2880096445
9b11be3138284ff3904d3292d6aaa284,5940,317456,304,147,459,https://www.youtube.com/watch?v=WFFQYdgs98Y,304,147,459,https://www.youtube.com/watch?v=WFFQYdgs98Y,264,199,380,https://www.youtube.com/watch?v=-p_UPhnC7BU,0,0,0,0,
7f4f30df30ec405bb0968c585b243fa5,5940,508721,727,431,1653,https://www.youtube.com/watch?v=0-LNVHNlmbg,680,411,1653,https://www.youtube.com/watch?v=0-LNVHNlmbg,1383,1335,1383,https://www.youtube.com/watch?v=QOII7maEJqM,985,454,322,454,https://www.twitch.tv/videos/2883674849
33717d815310491da465eb6258a70b1c,5940,285194,428,186,489,https://www.youtube.com/watch?v=cY3kA8TjlyE,428,186,489,https://www.youtube.com/watch?v=cY3kA8TjlyE,0,0,0,,0,0,0,0,
86154ca2dc964847b37297138aa65b9f,5930,256937,238,138,714,https://www.youtube.com/watch?v=L7XEuJ2WwaI,245,147,714,https://www.youtube.com/watch?v=L7XEuJ2WwaI,88,85,88,https://www.youtube.com/watch?v=wELUZQwqsK8,1056,0,0,0,
1ae72d56be5547b1825cdc0fdc0cce2e,5920,81999,172,60,181,https://www.youtube.com/watch?v=k7YetVZ5QwY,172,60,181,https://www.youtube.com/watch?v=k7YetVZ5QwY,0,0,0,,0,0,0,0,
325c292889f542688512641841b4ed8a,5910,263112,1242,595,1376,https://www.youtube.com/watch?v=SseLQSmOrLI,1109,531,1109,https://www.youtube.com/watch?v=4H8vSR5OdqI,1376,658,1376,https://www.youtube.com/watch?v=SseLQSmOrLI,0,0,0,0,
7ae1c13d53fb44f49f386eef43c63ee4,5900,339495,341,190,1656,https://www.youtube.com/watch?v=6MDRpvsPy1Y,341,190,1067,https://www.youtube.com/watch?v=jExe0KTI2Pk,471,363,1656,https://www.youtube.com/watch?v=6MDRpvsPy1Y,76,0,0,0,
988d1a83ff6c4f82af6be42946987c36,5890,483482,1042,496,4477,https://www.youtube.com/watch?v=mA6OoAyff-U,702,472,4477,https://www.youtube.com/watch?v=mA6OoAyff-U,1206,520,3837,https://www.youtube.com/watch?v=m6cTK3M0IOM,0,0,0,0,
443ba741722742d5b7d5f76c3e7b445b,5830,585190,349,164,2297,https://www.youtube.com/watch?v=D9GAarwiJW0,420,180,2297,https://www.youtube.com/watch?v=D9GAarwiJW0,265,144,350,https://www.youtube.com/watch?v=5DBbUM3DCSQ,0,0,0,0,
a0e2f9b9f851401bbd1736189d4b69b1,5820,138492,2573,1301,2573,https://www.youtube.com/watch?v=-ZDqsyC0oyM,0,0,0,,2573,1301,2573,https://www.youtube.com/watch?v=-ZDqsyC0oyM,0,0,0,0,
58c4453bedb9463ab1dcb522d4d50faf,5810,1076644,657,321,2326,https://www.youtube.com/watch?v=-j9Yi_xLpr4,657,321,2326,https://www.youtube.com/watch?v=-j9Yi_xLpr4,0,0,0,,0,0,0,0,
925d91a363914edfb035fe6c08946be9,5780,196051,1510,459,1510,https://www.youtube.com/watch?v=HaSiBvwqE7s,1510,459,1510,https://www.youtube.com/watch?v=HaSiBvwqE7s,0,0,0,,0,0,0,0,
58304450990a433b88acd02b889b74e6,5730,196993,526,226,1054,https://www.youtube.com/watch?v=oKX3oFNjlRI,526,226,1054,https://www.youtube.com/watch?v=oKX3oFNjlRI,381,219,569,https://www.youtube.com/watch?v=Q7oJYYomF04,301,85,62,85,https://www.twitch.tv/videos/2884538283
38ecb20931514383b2d93885136c6b68,5720,257243,508,288,6378,https://www.youtube.com/watch?v=yOF2KBzR8FM,481,173,1063,https://www.youtube.com/watch?v=g-9_UFLAn20,1440,1226,6378,https://www.youtube.com/watch?v=yOF2KBzR8FM,0,0,0,0,
220353f9b2634c84953cc7d243fbc6a0,5720,289119,1457,387,2772,https://www.youtube.com/watch?v=xJ43Jpetj4U,1309,281,2079,https://www.youtube.com/watch?v=OfqbG1ViJXc,2772,806,2772,https://www.youtube.com/watch?v=xJ43Jpetj4U,93,0,0,0,
8f0b41303e8a481689fe4309a565ecd3,5710,372230,727,213,1748,https://www.youtube.com/watch?v=n9J-6D_UHoE,652,251,1748,https://www.youtube.com/watch?v=n9J-6D_UHoE,969,9,969,https://www.youtube.com/watch?v=5CRxa3HpUU8,1469,141,88,141,https://www.twitch.tv/videos/2881678146
e17f42aa104040deae2ee3f3b1e85ed8,5710,324500,0,0,0,,0,0,0,,0,0,0,,40264,3325,2038,16159,https://www.twitch.tv/videos/2883557372
9e213402f2f54c42866d4f62545921b4,5690,148547,0,0,0,,0,0,0,,0,0,0,,447,0,0,0,
e4e33334b43945b6837ec43826f3727f,5680,292433,628,323,3945,https://www.youtube.com/watch?v=gIJI8Gyr0EY,584,298,1157,https://www.youtube.com/watch?v=XVLvdrZkf7o,2232,373,3945,https://www.youtube.com/watch?v=gIJI8Gyr0EY,0,0,0,0,
d889f67fe7b84a38a9742ab2a47f346a,5640,765873,667,324,1856,https://www.youtube.com/watch?v=XwitUxLMLqg,539,221,964,https://www.youtube.com/watch?v=0Wq8M28gAB4,1536,454,1856,https://www.youtube.com/watch?v=XwitUxLMLqg,3590,337,258,448,https://www.twitch.tv/videos/2886353015
ea7d228d8fb2462f95aef21fc5bd4fb8,5630,1111861,1864,482,6246,https://www.youtube.com/watch?v=f1yOSqy0Yt0,1864,482,6246,https://www.youtube.com/watch?v=f1yOSqy0Yt0,0,0,0,,0,0,0,0,
a800589948934dd68ac2c728cc05fbaf,5610,95124,262,246,343,https://www.youtube.com/watch?v=6iKoYQpGZqg,262,246,343,https://www.youtube.com/watch?v=6iKoYQpGZqg,0,0,0,,0,0,0,0,
1ea5aa0a7a7d401b897630667cf4b44e,5600,301676,872,255,1852,https://www.youtube.com/watch?v=QOetx84kByc,1135,271,1852,https://www.youtube.com/watch?v=QOetx84kByc,144,69,144,https://www.youtube.com/watch?v=HgFvujH3K_U,1310,191,160,368,https://www.twitch.tv/videos/2880221309
510bdce263cc479ca12d1fad64bfc65e,5580,440186,1321,499,3495,https://www.youtube.com/watch?v=SncATo15TtM,606,239,800,https://www.youtube.com/watch?v=PmD6mcJRv_4,1738,999,3495,https://www.youtube.com/watch?v=SncATo15TtM,0,0,0,0,
a60e76fb18f44818980d7d5b07cf82c9,5560,321732,1180,515,3050,https://www.youtube.com/watch?v=kV-uVSA8doI,1349,515,3050,https://www.youtube.com/watch?v=kV-uVSA8doI,935,409,2047,https://www.youtube.com/watch?v=FDaKAM3cuH8,894,70,56,544,https://www.twitch.tv/videos/2888114523
bd7d712e0946448aa29a1d213d1c1beb,5550,203539,401,219,2870,https://www.youtube.com/watch?v=PC68o--paEQ,263,189,401,https://www.youtube.com/watch?v=arDA0m7L1V4,1615,470,2870,https://www.youtube.com/watch?v=PC68o--paEQ,668,194,168,318,https://www.twitch.tv/videos/2879224867
887b37336c9c4730809ace8b5e38df17,5540,65655,0,0,0,,0,0,0,,0,0,0,,53400,2807,1329,4124,https://www.twitch.tv/videos/2871530258
2c42a2d77b4c481bae57dc00a66c2f16,5530,666067,1142,470,2725,https://www.youtube.com/watch?v=CMlwNt_jazU,1131,458,2725,https://www.youtube.com/watch?v=CMlwNt_jazU,1250,1129,1250,https://www.youtube.com/watch?v=RzpNdNHWTXQ,0,0,0,0,
c3bec3f382754230b178f8278eb550fb,5510,295519,390,166,1442,https://www.youtube.com/watch?v=_k2CCwKmVxE,325,138,961,https://www.youtube.com/watch?v=eoAD1Qe_gHs,610,215,1442,https://www.youtube.com/watch?v=_k2CCwKmVxE,0,0,0,0,
490a48eedc944f9cb74501e6eefeb04d,5500,318996,577,76,881,https://www.youtube.com/watch?v=x6bolqm0-QM,577,76,881,https://www.youtube.com/watch?v=x6bolqm0-QM,0,0,0,,2990,241,198,352,https://www.twitch.tv/videos/2886250227
428251b7832a48219276fb6e5f644e86,5480,856936,307,90,1071,https://www.youtube.com/watch?v=hP8AgoOoDkU,208,88,307,https://www.youtube.com/watch?v=D9dAGQkLpSQ,1071,849,1071,https://www.youtube.com/watch?v=hP8AgoOoDkU,256,0,0,0,
db1c4d81f03f4b04aca36b8b5b2b9c62,5410,166293,428,250,1408,https://www.youtube.com/watch?v=Md7UbghT77E,428,250,1408,https://www.youtube.com/watch?v=Md7UbghT77E,0,0,0,,460,0,0,0,
fe8ee7b57ae74a1388127b81b136c7ea,5400,32039,239,140,360,https://www.youtube.com/watch?v=_kA9Cp7p7dw,239,140,360,https://www.youtube.com/watch?v=_kA9Cp7p7dw,0,0,0,,669,0,0,0,
529328632b0b4701a469ebc14413f855,5380,205569,382,290,1253,https://www.youtube.com/watch?v=vKxff7ivY8U,382,290,667,https://www.youtube.com/watch?v=raPFCUTyqvU,746,648,1253,https://www.youtube.com/watch?v=vKxff7ivY8U,0,0,0,0,
4cc400969073471f9d2808a807e95f7d,5330,653360,968,312,1863,https://www.youtube.com/watch?v=hINSuQ_CgwU,0,0,0,,968,312,1863,https://www.youtube.com/watch?v=hINSuQ_CgwU,0,0,0,0,
bdaa84ad3c7841d6a9ec8774ed9d40a9,5330,222216,1133,553,2647,https://www.youtube.com/watch?v=uqWZGPqxbQo,1133,553,2647,https://www.youtube.com/watch?v=uqWZGPqxbQo,0,0,0,,0,0,0,0,
c8858f1d4a2b41a4bbf738530023d6f9,5310,215141,295,217,731,https://www.youtube.com/watch?v=L46lFzYbrPQ,295,217,731,https://www.youtube.com/watch?v=L46lFzYbrPQ,0,0,0,,386,95,38,306,https://www.twitch.tv/videos/2887870665
b473dffe721745f6beb34b5a49e9aeda,5300,401315,1175,903,1175,https://www.youtube.com/watch?v=hLtXnocJCEk,1175,903,1175,https://www.youtube.com/watch?v=hLtXnocJCEk,0,0,0,,0,0,0,0,
db4df79a2e664ebb96d1a0ce5e4c0e63,5300,398247,2035,974,6453,https://www.youtube.com/watch?v=Bm84vRo4s1o,1678,906,2231,https://www.youtube.com/watch?v=qV8BylZj5l0,5575,2688,6453,https://www.youtube.com/watch?v=Bm84vRo4s1o,0,0,0,0,
74ef34317983453ab86223490eba4f6e,5270,205025,805,344,1876,https://www.youtube.com/watch?v=sgxe5laqBvo,943,349,1876,https://www.youtube.com/watch?v=sgxe5laqBvo,600,300,600,https://www.youtube.com/watch?v=083nWs5uO0I,461,270,144,270,https://www.twitch.tv/videos/2879157096
7e088cf828bf4e02ae65bb8a1f6a8b89,5260,196713,244,77,419,https://www.youtube.com/watch?v=AZXtrwXgcC0,244,77,419,https://www.youtube.com/watch?v=AZXtrwXgcC0,0,0,0,,207,0,0,0,
1f2b5204983b4d5ebe0a9352de3a66f6,5260,121259,0,0,0,,0,0,0,,0,0,0,,0,0,0,0,
b6f8117355b24e9c8a8a4c813a72aec9,5250,664907,174,45,938,https://www.youtube.com/watch?v=Ja8qxc3Fhi4,0,0,0,,174,45,938,https://www.youtube.com/watch?v=Ja8qxc3Fhi4,1456,231,171,266,https://www.twitch.tv/videos/2890705544
42b8bd7bed2a4ddd930cfd223657e9ca,5250,275370,1063,440,5649,https://www.youtube.com/watch?v=U0pgPvCv9Zg,3107,2825,5649,https://www.youtube.com/watch?v=U0pgPvCv9Zg,727,246,1384,https://www.youtube.com/watch?v=r6T4pVMOl-s,1463,222,216,1016,https://www.twitch.tv/videos/2889567986
cc2a13ac075e4640b19020a51dcf9d88,5240,153352,1620,1533,6151,https://www.youtube.com/watch?v=DjI_njvhIxg,1620,1533,6151,https://www.youtube.com/watch?v=DjI_njvhIxg,0,0,0,,574,0,0,0,
f03fa714465e44ef8d339474bd0f4a02,5220,228694,729,270,2081,https://www.youtube.com/watch?v=GT96z_rP0FU,412,250,729,https://www.youtube.com/watch?v=HpdG08mVq3s,1282,338,2081,https://www.youtube.com/watch?v=GT96z_rP0FU,0,0,0,0,
def76c5c31fe4466b5ae6e6940ae6e58,5210,664833,838,352,4263,https://www.youtube.com/watch?v=dZcxhZlUtZA,838,352,4263,https://www.youtube.com/watch?v=dZcxhZlUtZA,0,0,0,,0,0,0,0,
29294f0665864cee8bb2b48697b9e84f,5200,348738,1047,477,2868,https://www.youtube.com/watch?v=HxuRcToj5aE,1047,477,2868,https://www.youtube.com/watch?v=HxuRcToj5aE,0,0,0,,356,0,0,0,
a9f1edc233804d4b90a9996219a3b14b,5190,274056,253,166,4853,https://www.youtube.com/watch?v=uvIGQAM1XFU,247,73,1388,https://www.youtube.com/watch?v=A6E2jiq5yBc,2752,1297,4853,https://www.youtube.com/watch?v=uvIGQAM1XFU,0,0,0,0,
de071f4fc90344748afac14099022672,5190,167412,2514,1109,2762,https://www.youtube.com/watch?v=N1ZTbwCK46o,0,0,0,,2514,1109,2762,https://www.youtube.com/watch?v=N1ZTbwCK46o,15084,11312,8911,144439,https://www.twitch.tv/videos/2872852424
effe96469a7348c786d01ccea8cf71cb,5140,184707,0,0,0,,0,0,0,,0,0,0,,0,0,0,0,
c21d4186912d4652a7fb5a1b3ef382b6,5110,206111,694,348,1835,https://www.youtube.com/watch?v=iFe437lsQUw,694,348,1835,https://www.youtube.com/watch?v=iFe437lsQUw,0,0,0,,3013,260,221,553,https://www.twitch.tv/videos/2883598655
fad69c2a625446829ef410d9ef277c8f,5100,178329,448,213,861,https://www.youtube.com/watch?v=DsmRGGVU1aY,448,213,861,https://www.youtube.com/watch?v=DsmRGGVU1aY,0,0,0,,0,0,0,0,
6fb8c6dea7404638a9d78d4b0d84f64c,5100,66420,3392,957,3930,https://www.youtube.com/watch?v=yQ2A60AN1m4,3392,957,3930,https://www.youtube.com/watch?v=yQ2A60AN1m4,0,0,0,,2823,0,0,0,
b2313ef4c37542c89796ae94dfb8228d,5070,213653,906,141,1621,https://www.youtube.com/watch?v=vROfVVYU8gA,1105,343,1621,https://www.youtube.com/watch?v=vROfVVYU8gA,404,141,649,https://www.youtube.com/watch?v=sNk2ite5-SM,588,639,474,639,https://www.twitch.tv/videos/2884600171
1c736e6717e649b2a366818244b37599,5060,275247,4283,2257,92008,https://www.youtube.com/watch?v=fj5jwpxtWlI,8351,8121,8351,https://www.youtube.com/watch?v=qqQwVMQ-eEg,3588,2231,92008,https://www.youtube.com/watch?v=fj5jwpxtWlI,264,0,0,0,
33e0b518387b4479a76910366cd2a413,5050,262705,327,47,1490,https://www.youtube.com/watch?v=g8adrLH2oKY,65,15,105,https://www.youtube.com/watch?v=KCyvpKt_3ao,1152,134,1490,https://www.youtube.com/watch?v=g8adrLH2oKY,417,335,225,492,https://www.twitch.tv/videos/2890832718
3589be2c85dc460aa8de768c7a228730,5020,228664,390,198,689,https://www.youtube.com/watch?v=o0S6oe8BmKs,390,198,689,https://www.youtube.com/watch?v=o0S6oe8BmKs,0,0,0,,0,0,0,0,
a2c7c34474174cd2bffcc17a32aeec21,5020,352350,609,294,1764,https://www.youtube.com/watch?v=R3MsGQkNrss,560,252,1255,https://www.youtube.com/watch?v=e6Q0CXyqjCk,1038,470,1764,https://www.youtube.com/watch?v=R3MsGQkNrss,1079,301,263,517,https://www.twitch.tv/videos/2887420198
b9569d6e438b473ba61d88c0230899f5,5010,285205,347,100,347,https://www.youtube.com/watch?v=zgCXMx10fzU,347,100,347,https://www.youtube.com/watch?v=zgCXMx10fzU,0,0,0,,0,0,0,0,
36f4fa8dbd7740c3ae5ac02b890fa502,4970,314653,231,110,473,https://www.youtube.com/watch?v=7_jk1dTgc2k,231,110,473,https://www.youtube.com/watch?v=7_jk1dTgc2k,0,0,0,,1065,0,0,0,
73827056b15849549388f720dde25c01,4950,305089,1402,562,2562,https://www.youtube.com/watch?v=ura48ry44fE,1845,513,2562,https://www.youtube.com/watch?v=ura48ry44fE,1226,633,2483,https://www.youtube.com/watch?v=o7InTAxpgEw,0,0,0,0,
8fd3526ba2074df896bbcb47e713565b,4950,124427,262,137,287,https://www.youtube.com/watch?v=XtLVo22Ch-k,262,137,287,https://www.youtube.com/watch?v=XtLVo22Ch-k,0,0,0,,0,0,0,0,
a1bc1c5451e64266a0f21f0847dd8d2f,4940,192551,378,172,549,https://www.youtube.com/watch?v=kB7i_w2X8lQ,271,185,378,https://www.youtube.com/watch?v=SnVli57smGw,549,172,549,https://www.youtube.com/watch?v=kB7i_w2X8lQ,497,227,149,227,https://www.twitch.tv/videos/2883581758
f658ebdc79bf4cef928a87d3a35855a5,4940,118986,181,95,629,https://www.youtube.com/watch?v=dEUUQbmjDRI,142,38,246,https://www.youtube.com/watch?v=er67IUoTQlo,399,220,629,https://www.youtube.com/watch?v=dEUUQbmjDRI,0,0,0,0,
19c3bdcc95134ef38ad98df3f92f3ccb,4940,328418,0,0,0,,0,0,0,,0,0,0,,854,0,0,0,
d0b68b633fba4c02a627751778973f36,4930,113987,299,122,299,https://www.youtube.com/watch?v=GeMnRJ2bM28,299,122,299,https://www.youtube.com/watch?v=GeMnRJ2bM28,0,0,0,,0,0,0,0,
9ceaafbe1a9a41bb9526b113354e03cc,4930,363902,448,155,503,https://www.youtube.com/watch?v=KErNLToanrw,503,254,503,https://www.youtube.com/watch?v=KErNLToanrw,394,56,394,https://www.youtube.com/watch?v=O_0_jBZvbEQ,0,0,0,0,
94082eb7d950471b934592394ad3e4c8,4920,299875,0,0,0,,0,0,0,,0,0,0,,0,0,0,0,
17610c1e36214c0f8002456d8b0bcf36,4900,190610,0,0,0,,0,0,0,,0,0,0,,0,0,0,0,
ad6cf3322d204c79afa7d14d4d36473c,4890,379549,1486,847,2558,https://www.youtube.com/watch?v=UC1CPrYRojU,0,0,0,,1486,847,2558,https://www.youtube.com/watch?v=UC1CPrYRojU,0,0,0,0,
32b83b466c11418bb380623a95944302,4890,411101,1222,365,1745,https://www.youtube.com/watch?v=fwoV1jPCcqQ,0,0,0,,1222,365,1745,https://www.youtube.com/watch?v=fwoV1jPCcqQ,3507,317,198,579,https://www.twitch.tv/videos/2884422419
3dd8c72cab6d494dbd6fbf0a0e3dc41a,4890,430357,758,435,2846,https://www.youtube.com/watch?v=82LvZIYmyq8,698,398,2846,https://www.youtube.com/watch?v=82LvZIYmyq8,1502,770,2369,https://www.youtube.com/watch?v=DI_4qw80VNM,1461,311,218,894,https://www.twitch.tv/videos/2886148340
bcbde4d998e341418ebdf3e26884811d,4870,167679,535,192,1398,https://www.youtube.com/watch?v=vl9cK8pFfL8,355,136,814,https://www.youtube.com/watch?v=mrLCPUaLKwM,1260,726,1398,https://www.youtube.com/watch?v=vl9cK8pFfL8,0,0,0,0,
c6dab598fcee4b6b9bff76d2e8ffc8e6,4870,420721,1108,482,1884,https://www.youtube.com/watch?v=GtIUynjr1JM,265,210,265,https://www.youtube.com/watch?v=2r5sAkusO6s,1145,498,1884,https://www.youtube.com/watch?v=GtIUynjr1JM,818,0,0,0,
d66fb507852f4d889e426c8ea0f9f246,4850,261997,1253,380,3614,https://www.youtube.com/watch?v=V5MnY0Sxrpo,1228,380,3614,https://www.youtube.com/watch?v=V5MnY0Sxrpo,1256,380,1524,https://www.youtube.com/watch?v=ijpmzRPq6Rk,598,0,0,0,
2d9ef8be75c34daf9ce9d17ecbbe0f7a,4840,727838,376,158,776,https://www.youtube.com/watch?v=4MH6Oufev94,376,152,776,https://www.youtube.com/watch?v=4MH6Oufev94,335,326,506,https://www.youtube.com/watch?v=MKtqCGlx2ZY,824,62,55,103,https://www.twitch.tv/videos/2879246015
f9c9c29a9fb143539ade06564b99b233,4840,4298,0,0,0,,0,0,0,,0,0,0,,0,0,0,0,
9de74d9cd68f481396a3dbd76d529a24,4840,224756,453,220,2904,https://www.youtube.com/watch?v=ZzPgwuSkSSs,399,216,561,https://www.youtube.com/watch?v=tc4-5uJ5EmU,2045,1152,2904,https://www.youtube.com/watch?v=ZzPgwuSkSSs,141,56,54,56,https://www.twitch.tv/videos/2890705652
20327c35cc9d4deba93299b790d7d721,4840,280870,448,173,1294,https://www.youtube.com/watch?v=KhIb2Arcieg,421,182,739,https://www.youtube.com/watch?v=ZCRZSLDUENg,459,164,1294,https://www.youtube.com/watch?v=KhIb2Arcieg,0,0,0,0,
53d808d5b57f452a96d67861f3da1f8c,4810,311129,1781,507,6008,https://www.youtube.com/watch?v=YIlYzw_NKgE,1801,509,6008,https://www.youtube.com/watch?v=YIlYzw_NKgE,1235,453,1235,https://www.youtube.com/watch?v=wffiOIzoJgU,327,163,148,163,https://www.twitch.tv/videos/2889007043
2e266a71aa3d4a67bb8d9a2a0b573319,4810,282843,0,0,0,,0,0,0,,0,0,0,,41490,0,0,0,
256dd6464e974e118dc8103d5e9eb0b3,4810,112782,0,0,0,,0,0,0,,0,0,0,,3917,0,0,0,
e1b2337b79d1449e9ae6a754ec74050d,4790,638043,351,220,716,https://www.youtube.com/watch?v=ByspLf1FeyU,351,220,716,https://www.youtube.com/watch?v=ByspLf1FeyU,0,0,0,,0,0,0,0,
60ff50e95399472b96a6fbe83d75e806,4790,253502,747,287,1726,https://www.youtube.com/watch?v=uj8oEQBMmOA,467,243,1286,https://www.youtube.com/watch?v=qSOuN01okyM,1425,651,1726,https://www.youtube.com/watch?v=uj8oEQBMmOA,808,448,320,1107,https://www.twitch.tv/videos/2885258847
4c8efd1d28d04eeabd21a3c337f154b9,4780,97767,319,187,559,https://www.youtube.com/watch?v=CyEySU1qOvY,319,187,559,https://www.youtube.com/watch?v=CyEySU1qOvY,0,0,0,,0,0,0,0,
4762b7be8b764f19a33a7cf167c2ea64,4770,74758,437,168,1177,https://www.youtube.com/watch?v=maGnj3C1zWQ,436,188,642,https://www.youtube.com/watch?v=BlP6y9278Ek,438,67,1177,https://www.youtube.com/watch?v=maGnj3C1zWQ,0,0,0,0,
0ede84dfc1ff426cb42643d7390d2937,4760,766675,439,226,2315,https://www.youtube.com/watch?v=-lMLl9H8mQk,439,226,2315,https://www.youtube.com/watch?v=-lMLl9H8mQk,0,0,0,,1785,233,148,358,https://www.twitch.tv/videos/2886321408
de81b740d66c439685aa37491d27efc4,4750,457140,0,0,0,,0,0,0,,0,0,0,,4300,223,149,310,https://www.twitch.tv/videos/2889689469
ffb8b8f15321474a98628cb638631bf1,4750,939022,0,0,0,,0,0,0,,0,0,0,,0,0,0,0,
2683fa864bd24112b6f7d04afb096a4e,4730,287589,403,104,431,https://www.youtube.com/watch?v=UxADiUu4SfA,431,5,431,https://www.youtube.com/watch?v=UxADiUu4SfA,375,203,375,https://www.youtube.com/watch?v=3fjMe7jG7cs,385,0,0,0,
3a43445829024217b728d04d5398b61c,4710,253717,1163,238,1728,https://www.youtube.com/watch?v=_n-IXPVQ1bI,1163,238,1728,https://www.youtube.com/watch?v=_n-IXPVQ1bI,0,0,0,,0,0,0,0,
b516b71a9e8d43b8a377dabe1f9057dd,4690,142735,297,184,1449,https://www.youtube.com/watch?v=ozuuTwS3d4Y,301,194,1449,https://www.youtube.com/watch?v=ozuuTwS3d4Y,185,86,185,https://www.youtube.com/watch?v=_VeC3kyW-kU,608,98,79,120,https://www.twitch.tv/videos/2884442601
7f049d05ff3a4946998b9ddd7df409fd,4680,184920,482,85,1462,https://www.youtube.com/watch?v=XjWNVDj-DTA,482,85,1462,https://www.youtube.com/watch?v=XjWNVDj-DTA,0,0,0,,2447,0,0,0,
a99bc695c89d41e391a5abf6e781c911,4680,382054,825,243,1924,https://www.youtube.com/watch?v=VpEwkcGud14,0,0,0,,825,243,1924,https://www.youtube.com/watch?v=VpEwkcGud14,0,0,0,0,
58bb51ba1bba485a98cbf859fb5687f4,4660,684011,1193,250,1964,https://www.youtube.com/watch?v=Ju3P4XYLn1U,331,145,557,https://www.youtube.com/watch?v=lNHeqOMdufg,1422,793,1964,https://www.youtube.com/watch?v=Ju3P4XYLn1U,1855,0,0,0,
b3c1a09b09a54b9a8078d3310d151efe,4640,125877,18,18,18,https://www.youtube.com/watch?v=xXJlYbikvZo,0,0,0,,18,18,18,https://www.youtube.com/watch?v=xXJlYbikvZo,0,0,0,0,
00d9cb7b0bcd451999f4fd33dd84be6c,4600,855787,1224,439,3375,https://www.youtube.com/watch?v=ak4kZztWG-M,1171,434,3375,https://www.youtube.com/watch?v=ak4kZztWG-M,1694,440,2135,https://www.youtube.com/watch?v=yox9MAMTxCU,5150,523,172,869,https://www.twitch.tv/videos/2874667498
98181ce64b3d45a9aa295c446e1bae9e,4590,119428,0,0,0,,0,0,0,,0,0,0,,569,0,0,0,
c16daca9d8b84b18a38ab97cdcd7577a,4590,460983,605,223,12175,https://www.youtube.com/watch?v=AfVFEfOixUg,586,210,1445,https://www.youtube.com/watch?v=n9zPpHveePU,6920,5417,12175,https://www.youtube.com/watch?v=AfVFEfOixUg,0,0,0,0,
6073eb006b764614915e90b5c54ce7e6,4580,299460,0,0,0,,0,0,0,,0,0,0,,3399,304,232,613,https://www.twitch.tv/videos/2882580117
cbba76fd34d74307a9f826e03b8e4db5,4570,222329,715,260,873,https://www.youtube.com/watch?v=_nDRIfEmIrc,715,260,873,https://www.youtube.com/watch?v=_nDRIfEmIrc,0,0,0,,868,379,255,379,https://www.twitch.tv/videos/2882743300
d41f0a9dfdec46929f6f9534f8d79167,4560,65802,0,0,0,,0,0,0,,0,0,0,,0,0,0,0,
4f5a88e0193a4c948f7e84c56303db82,4550,135282,352,90,977,https://www.youtube.com/watch?v=Ii5GuSy27zQ,352,90,977,https://www.youtube.com/watch?v=Ii5GuSy27zQ,0,0,0,,0,0,0,0,
53335d77cc69488c8b49ec97548c3297,4530,119792,876,452,3042,https://www.youtube.com/watch?v=zobyTshwb1M,863,555,1291,https://www.youtube.com/watch?v=78mIRuHq5E0,2423,350,3042,https://www.youtube.com/watch?v=zobyTshwb1M,0,0,0,0,
50433c34f368460c9cda947f292a62b4,4520,374642,1009,393,2079,https://www.youtube.com/watch?v=mG9poa5PAkI,1029,409,2079,https://www.youtube.com/watch?v=mG9poa5PAkI,218,176,350,https://www.youtube.com/watch?v=DcRRiZCV2xk,0,0,0,0,
c17ad3ef81904c26982024c9af1f0f3a,4510,204458,1010,374,3619,https://www.youtube.com/watch?v=F3Vv2TppW4g,801,399,3619,https://www.youtube.com/watch?v=F3Vv2TppW4g,1193,326,1901,https://www.youtube.com/watch?v=qLKdhZ-x1Lk,3600,217,149,408,https://www.twitch.tv/videos/2889305659
9d74c909706a450ea35c1777cac79e77,4490,588918,872,413,4426,https://www.youtube.com/watch?v=L9XgI7n595U,861,415,4426,https://www.youtube.com/watch?v=L9XgI7n595U,1239,86,1239,https://www.youtube.com/watch?v=Rh3KdTMQ-2Q,902,157,113,255,https://www.twitch.tv/videos/2885139919
c90914afde364f5e982414615662f5a7,4480,400501,573,417,2048,https://www.youtube.com/watch?v=_g16BckYXAE,573,417,2048,https://www.youtube.com/watch?v=_g16BckYXAE,0,0,0,,1917,151,141,151,https://www.twitch.tv/videos/2889754564
52b5fa7ff03945368644f52035a5e798,4480,373046,609,561,1450,https://www.youtube.com/watch?v=qcAievNaIyk,609,561,1450,https://www.youtube.com/watch?v=qcAievNaIyk,0,0,0,,0,0,0,0,
7b2d1d71057b4ac2a16109b980a99e28,4470,317230,400,171,3038,https://www.youtube.com/watch?v=x5sy6PrAOAc,349,189,3038,https://www.youtube.com/watch?v=x5sy6PrAOAc,1408,154,1785,https://www.youtube.com/watch?v=xn7wke21AOI,0,0,0,0,
0fa88d7be0ba4850abea150aa73fe440,4440,262181,0,0,0,,0,0,0,,0,0,0,,0,0,0,0,
f18910b4b83a48558f16836f4c1488eb,4430,184955,1723,1289,1723,https://www.youtube.com/watch?v=UVNr7lhb5dU,1723,1289,1723,https://www.youtube.com/watch?v=UVNr7lhb5dU,0,0,0,,0,0,0,0,
ccc1420185ad46d49d40b6b774db9b11,4430,257942,321,119,4820,https://www.youtube.com/watch?v=WH1nijhnAU8,309,133,4820,https://www.youtube.com/watch?v=WH1nijhnAU8,379,67,379,https://www.youtube.com/watch?v=0NoqYzUpLrE,810,99,80,257,https://www.twitch.tv/videos/2890530350
627d42f52e604f3e8eadc7f04ef74d2a,4400,209649,0,0,0,,0,0,0,,0,0,0,,3697,287,98,1054,https://www.twitch.tv/videos/2884564851
98187e2cc8c34f5d8e0853bffc1a30c9,4400,155816,456,358,1143,https://www.youtube.com/watch?v=dLPmxk_Srf8,364,119,448,https://www.youtube.com/watch?v=ntgui8XwINw,511,428,1143,https://www.youtube.com/watch?v=dLPmxk_Srf8,0,0,0,0,
637b3a1eb03443248ebd1caba56e6b5a,4400,225209,602,90,1795,https://www.youtube.com/watch?v=QB3AnKTcvvc,602,90,1795,https://www.youtube.com/watch?v=QB3AnKTcvvc,0,0,0,,0,0,0,0,
4e4721deba7c4681b1172714a29e6f19,4380,293274,505,232,1552,https://www.youtube.com/watch?v=eyRvIBgnxw0,400,205,611,https://www.youtube.com/watch?v=TOZwUpZ6ir4,1552,1505,1552,https://www.youtube.com/watch?v=eyRvIBgnxw0,0,0,0,0,
5fd252ad134343a59705e00390c6d9ef,4340,117944,0,0,0,,0,0,0,,0,0,0,,1730,0,0,0,
ec12bbfb27d24091aa6a7d64ff9429ea,4340,115536,533,102,579,https://www.youtube.com/watch?v=nOMkLB-tROo,0,0,0,,533,102,579,https://www.youtube.com/watch?v=nOMkLB-tROo,5843,570,247,1152,https://www.twitch.tv/videos/2882824297
58e377df63f745fc8473368b20afe2ae,4320,244070,160,126,479,https://www.youtube.com/watch?v=sgdTTlS1Nak,160,126,479,https://www.youtube.com/watch?v=sgdTTlS1Nak,0,0,0,,309,14,13,21,https://www.twitch.tv/videos/2890816950
9c1450789da443f491a66e6f121482fc,4300,501290,1745,864,6199,https://www.youtube.com/watch?v=HDw69cHXIG0,1872,866,6199,https://www.youtube.com/watch?v=HDw69cHXIG0,904,470,1200,https://www.youtube.com/watch?v=VRp5-fgEEyo,499,158,105,2224,https://www.twitch.tv/videos/2888593010
445a732fc0f64712b3213b4cd98fbdd3,4300,231822,1504,676,7976,https://www.youtube.com/watch?v=dv1iDysNkzQ,2426,700,7976,https://www.youtube.com/watch?v=dv1iDysNkzQ,1166,397,1415,https://www.youtube.com/watch?v=BD3Wn6xOsV4,1022,370,281,1025,https://www.twitch.tv/videos/2882683983
caebfeea12c840f0ae0f0e2beb57b4e2,4280,228295,0,0,0,,0,0,0,,0,0,0,,0,0,0,0,
90446c6f1b704ff6b0fbbf017f0a68c5,4280,175083,1956,1154,2878,https://www.youtube.com/watch?v=LVGBgsnDjx4,1956,1049,2351,https://www.youtube.com/watch?v=RHWKk65_Olc,2280,1280,2878,https://www.youtube.com/watch?v=LVGBgsnDjx4,0,0,0,0,
f4fc9f87ed4b4f05a339b1f1a1d621b6,4280,92380,0,0,0,,0,0,0,,0,0,0,,0,0,0,0,
ba41581d315943fdaebe0dc981020d1c,4270,248953,1187,358,1230,https://www.youtube.com/watch?v=oMQLRsMkFGI,395,76,395,https://www.youtube.com/watch?v=zW3FM-5eLLI,1208,631,1230,https://www.youtube.com/watch?v=oMQLRsMkFGI,0,0,0,0,
81387cdce77a4a9b9338145b28ae9ff6,4260,0,0,0,0,,0,0,0,,0,0,0,,0,0,0,0,
e6a9746af2a84387b6ed5a7d3a4434da,4260,323551,712,293,15098,https://www.youtube.com/watch?v=P7XcNB2cE0g,377,145,912,https://www.youtube.com/watch?v=cAkkCUtGO3Q,1589,1015,15098,https://www.youtube.com/watch?v=P7XcNB2cE0g,0,0,0,0,
4d9730dc400443e6b8edb719febd5f46,4230,98453,377,294,377,https://www.youtube.com/watch?v=SPnnMzfbtlY,377,294,377,https://www.youtube.com/watch?v=SPnnMzfbtlY,0,0,0,,786,0,0,0,
16b8db1818764f81addb322d109b5da3,4220,256513,528,271,808,https://www.youtube.com/watch?v=8mIp5VdBhDE,563,311,808,https://www.youtube.com/watch?v=8mIp5VdBhDE,287,239,601,https://www.youtube.com/watch?v=CL7k0mET_aM,0,0,0,0,
872627e5c7a248bfb41a055dee03029a,4220,142268,0,0,0,,0,0,0,,0,0,0,,759,0,0,0,
01bebf0363a94b16b2313053c90a1c8a,4220,135570,1125,670,1219,https://www.youtube.com/watch?v=vj1gksbtahs,0,0,0,,1125,670,1219,https://www.youtube.com/watch?v=vj1gksbtahs,547,0,0,0,
3e340f9122814acc84ff51a0aec8ae13,4200,135636,0,0,0,,0,0,0,,0,0,0,,0,0,0,0,
0490d9546bce4068a0f52b39046bdf91,4170,117488,0,0,0,,0,0,0,,0,0,0,,4474,397,313,627,https://www.twitch.tv/videos/2888714535
cd44db2c12a54568963299704aa8d4a6,4160,107012,0,0,0,,0,0,0,,0,0,0,,325,0,0,0,
ba5ed25718a7421cb15cd0ec62df723e,4150,186129,981,509,2098,https://www.youtube.com/watch?v=Hw6YUZ5RvKg,981,509,2098,https://www.youtube.com/watch?v=Hw6YUZ5RvKg,0,0,0,,498,0,0,0,
5b85294949544a5f8855715acadf66a5,4140,171771,330,181,2249,https://www.youtube.com/watch?v=jaoxos42WqU,324,166,427,https://www.youtube.com/watch?v=d7UMlKKMftU,2075,490,2249,https://www.youtube.com/watch?v=jaoxos42WqU,2020,130,96,226,https://www.twitch.tv/videos/2880038581
eda6bf91049349e08f0f269fb4f8c0f9,4140,178084,83,38,1153,https://www.youtube.com/watch?v=k6tybqoT2Iw,74,36,112,https://www.youtube.com/watch?v=Cp_yz4R2kzc,745,44,1153,https://www.youtube.com/watch?v=k6tybqoT2Iw,266,21,13,39,https://www.twitch.tv/videos/2883563745
d177ac8568a14720b35bcc1a829aff51,4120,162504,235,194,235,https://www.youtube.com/watch?v=RTaE6opiogY,235,194,235,https://www.youtube.com/watch?v=RTaE6opiogY,0,0,0,,0,0,0,0,
8b027d3a3f374c9c8398b6dd751e5018,4120,14402,0,0,0,,0,0,0,,0,0,0,,37249,1954,1868,1954,https://www.twitch.tv/videos/2890323027
c9ac78b9004c4c26ba4107ccefe399ec,4110,178651,97,49,395,https://www.youtube.com/watch?v=HLEpXPQgrzk,97,49,395,https://www.youtube.com/watch?v=HLEpXPQgrzk,0,0,0,,0,0,0,0,
75f110ca5e9a4b7db3c57912baf5ca27,4100,306049,0,0,0,,0,0,0,,0,0,0,,22583,94737,56557,177076,https://www.twitch.tv/videos/2878241671
64bba754590e41c5b58df1c536d4e865,4090,149820,341,120,733,https://www.youtube.com/watch?v=5HM7fo1phYI,341,120,733,https://www.youtube.com/watch?v=5HM7fo1phYI,0,0,0,,894,583,396,1159,https://www.twitch.tv/videos/2884316919
4b8f55c74e594978bb461a27b3924336,4080,126041,486,380,786,https://www.youtube.com/watch?v=NqjEijly0Xs,486,380,786,https://www.youtube.com/watch?v=NqjEijly0Xs,0,0,0,,832,0,0,0,
780f8a72bb1543a79feb5730b42130c6,4050,292926,688,294,774,https://www.youtube.com/watch?v=QU46JTR4noI,688,294,774,https://www.youtube.com/watch?v=QU46JTR4noI,0,0,0,,0,0,0,0,
4a44ee7065ae41ad8d70469297599df8,4050,1137030,1127,1086,1135,https://www.youtube.com/watch?v=Z2OVPm_Mk5A,0,0,0,,1127,1086,1135,https://www.youtube.com/watch?v=Z2OVPm_Mk5A,0,0,0,0,
6bf5f37da9e74d539963689b6b0256a5,4030,538321,996,605,1322,https://www.youtube.com/watch?v=b2oruhCP1sA,996,605,1281,https://www.youtube.com/watch?v=up0k6RJHVds,1020,643,1322,https://www.youtube.com/watch?v=b2oruhCP1sA,0,0,0,0,
c371d4c7f516451bac8ae3a9a13dc7f2,4020,135114,227,119,509,https://www.youtube.com/watch?v=cWHM7dZ6MkI,227,119,509,https://www.youtube.com/watch?v=cWHM7dZ6MkI,0,0,0,,1640,99,69,172,https://www.twitch.tv/videos/2887987710
5cff30a1695346368e3ea7a7c7af4286,4010,466918,210,76,7252,https://www.youtube.com/watch?v=7xw6Xg9Gj1w,167,73,352,https://www.youtube.com/watch?v=vDQcR9oMzFQ,1252,187,7252,https://www.youtube.com/watch?v=7xw6Xg9Gj1w,773,0,0,0,
2f80e2f83d254bbdbf48b9c8b3fca995,4010,192028,772,397,1568,https://www.youtube.com/watch?v=XwtXH8CQaMw,772,397,1568,https://www.youtube.com/watch?v=XwtXH8CQaMw,0,0,0,,0,0,0,0,
ed4666af39034d54913aba64cfea6f47,4000,421820,636,253,2616,https://www.youtube.com/watch?v=bGn5l4dw1Gs,636,253,2616,https://www.youtube.com/watch?v=bGn5l4dw1Gs,0,0,0,,1143,0,0,0,
0df008566e92461eb808c5b3ba9c7f0f,3940,139569,164,106,558,https://www.youtube.com/watch?v=BeIw27ay5lY,146,98,558,https://www.youtube.com/watch?v=BeIw27ay5lY,543,436,543,https://www.youtube.com/watch?v=uhmPD2GR2Qc,0,0,0,0,
9db6beb02e774aa7a97ba8674a5a8f9d,3930,82615,0,0,0,,0,0,0,,0,0,0,,201,0,0,0,
42e2bc7c16734352b2e18a82e48844ec,3910,592573,631,267,1322,https://www.youtube.com/watch?v=_lqk86Tj_ww,631,267,1322,https://www.youtube.com/watch?v=_lqk86Tj_ww,0,0,0,,0,0,0,0,
9881cf3008684e55aea70a2499e84163,3900,512365,278,120,935,https://www.youtube.com/watch?v=5MUf75haYtI,288,121,935,https://www.youtube.com/watch?v=5MUf75haYtI,196,0,196,https://www.youtube.com/watch?v=b59i4ZNoO6s,193,160,123,243,https://www.twitch.tv/videos/2884498843
a03628db891e4e8c9a54bc5161f1f2f4,3870,201332,46,35,1519,https://www.youtube.com/watch?v=eTs4sOtuCnA,0,0,0,,46,35,1519,https://www.youtube.com/watch?v=eTs4sOtuCnA,718,246,206,358,https://www.twitch.tv/videos/2885328048
7ddebf4d8f6d4c63a4fc7268d8113c10,3850,517082,1134,506,1501,https://www.youtube.com/watch?v=bqkBQ4SKv2w,0,0,0,,1134,506,1501,https://www.youtube.com/watch?v=bqkBQ4SKv2w,7091,1875,710,3328,https://www.twitch.tv/videos/2870786526
7caa52181a744f68be9e3995c7adec24,3850,62723,288,198,1275,https://www.youtube.com/watch?v=V7OS4ngiShg,288,198,419,https://www.youtube.com/watch?v=rwNQDnbYpWo,824,476,1275,https://www.youtube.com/watch?v=V7OS4ngiShg,0,0,0,0,
3727892a417b429aa063c7300e132966,3830,229792,1757,1419,1757,https://www.youtube.com/watch?v=r-rZRUsPi60,1757,1419,1757,https://www.youtube.com/watch?v=r-rZRUsPi60,0,0,0,,0,0,0,0,
20f361a84fb3439999c550c10fcf5642,3820,89692,0,0,0,,0,0,0,,0,0,0,,1660,0,0,0,
edbd401267284e8886c1fd27d08283d4,3800,71726,0,0,0,,0,0,0,,0,0,0,,1023,0,0,0,
907d39ec8a394cdcb645bd4b2e6351e7,3790,109855,366,187,366,https://www.youtube.com/watch?v=OdzXjshE8JU,366,187,366,https://www.youtube.com/watch?v=OdzXjshE8JU,0,0,0,,0,0,0,0,
3a4fe2f4720747ceabc87b3327ab2b17,3790,106686,492,335,713,https://www.youtube.com/watch?v=Do_WaG1ymdY,271,97,271,https://www.youtube.com/watch?v=bvUsNbFXKVk,713,573,713,https://www.youtube.com/watch?v=Do_WaG1ymdY,0,0,0,0,
f94ba8ea1a5441c4852d53e8f528ee20,3780,306108,1206,476,4454,https://www.youtube.com/watch?v=ZUeDsgVO16M,1179,639,4454,https://www.youtube.com/watch?v=ZUeDsgVO16M,1289,446,2184,https://www.youtube.com/watch?v=yIM6osfit84,582,0,0,0,
db4fd03c50654057bd32b9201666b345,3780,191897,523,6,523,https://www.youtube.com/watch?v=uWG8TzMFdbk,523,6,523,https://www.youtube.com/watch?v=uWG8TzMFdbk,0,0,0,,2281,0,0,0,
644ed2200e8a446bae2920103d1015e3,3770,153300,170,76,982,https://www.youtube.com/watch?v=ozx1ZkcX2ig,170,63,982,https://www.youtube.com/watch?v=ozx1ZkcX2ig,151,99,184,https://www.youtube.com/watch?v=S31jXaSjylY,0,0,0,0,
286c24a67720434bbb4290d49fb42a54,3760,221185,233,89,1180,https://www.youtube.com/watch?v=0QNhnfqwoPA,206,55,288,https://www.youtube.com/watch?v=gwA_Luy-q1I,1180,359,1180,https://www.youtube.com/watch?v=0QNhnfqwoPA,0,0,0,0,
8b69d6c508194b93b14fc056038160ab,3750,94957,449,232,1396,https://www.youtube.com/watch?v=iM7rsqP6a-8,472,237,1396,https://www.youtube.com/watch?v=iM7rsqP6a-8,129,80,129,https://www.youtube.com/watch?v=DCSTk-6JZiA,1950,0,0,0,
dadb89bee9044261848ad444625d94f7,3750,43950,0,0,0,,0,0,0,,0,0,0,,0,0,0,0,
342b158ba02d4103a1407d62fe786f5e,3740,181571,0,0,0,,0,0,0,,0,0,0,,1617,0,0,0,
c01af5d5f9b74ac29b51dcae0dc55a2d,3740,306531,1911,461,2908,https://www.youtube.com/watch?v=gGnKTN7GpEM,0,0,0,,1911,461,2908,https://www.youtube.com/watch?v=gGnKTN7GpEM,0,0,0,0,
b1c9458ca89b44bab0f09883ef40c45c,3720,141556,523,226,866,https://www.youtube.com/watch?v=t1b6o4dRdYY,523,226,866,https://www.youtube.com/watch?v=t1b6o4dRdYY,0,0,0,,0,0,0,0,
601b56797a3246f49cead93e9e190a49,3720,150089,0,0,0,,0,0,0,,0,0,0,,0,0,0,0,
e76a030f33bc48a58257b261f95ee3af,3700,155622,463,106,711,https://www.youtube.com/watch?v=hvpOyv_6EjU,463,106,711,https://www.youtube.com/watch?v=hvpOyv_6EjU,0,0,0,,0,0,0,0,
a246e7561e5f40799a48eeca69951b7b,3700,188922,278,105,347,https://www.youtube.com/watch?v=qY2RnTEmklc,278,105,347,https://www.youtube.com/watch?v=qY2RnTEmklc,0,0,0,,130,0,0,0,
5f9767b104b54292bf6dd29863c0c6b1,3690,392796,512,230,1416,https://www.youtube.com/watch?v=43uCESZS5IE,250,74,377,https://www.youtube.com/watch?v=aPrdO9AyMlY,1074,542,1416,https://www.youtube.com/watch?v=43uCESZS5IE,0,0,0,0,
101cdaf175c643c888d0d33bdab5da15,3680,207933,913,339,2070,https://www.youtube.com/watch?v=roiad0RIpUE,712,320,1992,https://www.youtube.com/watch?v=unQvcUkZxjw,1638,490,2070,https://www.youtube.com/watch?v=roiad0RIpUE,407,131,101,180,https://www.twitch.tv/videos/2880027015
f3085e3337f34b178380b52e3ca429af,3680,212099,1158,240,3018,https://www.youtube.com/watch?v=IYjHM-zVNa0,1158,240,3018,https://www.youtube.com/watch?v=IYjHM-zVNa0,0,0,0,,1045,0,0,0,
430b173ad3134b729f78b96cdbed3585,3670,203866,961,797,1272,https://www.youtube.com/watch?v=pCKnc9s393o,1272,964,1272,https://www.youtube.com/watch?v=pCKnc9s393o,651,631,651,https://www.youtube.com/watch?v=ZLPcu2Sb69E,12158,860,285,1345,https://www.twitch.tv/videos/2888029205
a55a6a4b6453413cb8b1dc69423b67d5,3670,441339,435,209,2238,https://www.youtube.com/watch?v=decBREXWyv8,435,209,2238,https://www.youtube.com/watch?v=decBREXWyv8,0,0,0,,0,0,0,0,
d78d72ce0aac4c9d9c5c16604209ced3,3670,204830,497,283,1510,https://www.youtube.com/watch?v=2LPCuSardm0,497,283,1510,https://www.youtube.com/watch?v=2LPCuSardm0,0,0,0,,0,0,0,0,
f5a683eeac6b4936b44d547c1e4edbc2,3660,112858,292,133,1194,https://www.youtube.com/watch?v=XvOfL3tSPI8,332,133,1194,https://www.youtube.com/watch?v=XvOfL3tSPI8,116,110,177,https://www.youtube.com/watch?v=dwZwNsXs6qY,199,37,27,54,https://www.twitch.tv/videos/2879063931
b95eb39c5bb74de687696afbc31fb836,3660,109677,800,547,1467,https://www.youtube.com/watch?v=P6ypfLtp2gg,800,547,1467,https://www.youtube.com/watch?v=P6ypfLtp2gg,0,0,0,,573,455,162,801,https://www.twitch.tv/videos/2870111342
de362d2d371446d898953e74e27abd2a,3620,473922,411,197,3598,https://www.youtube.com/watch?v=DonpjtIBJwQ,406,207,733,https://www.youtube.com/watch?v=YnPAHQK0qwk,3598,96,3598,https://www.youtube.com/watch?v=DonpjtIBJwQ,0,0,0,0,
f466201465ac40ef9f3aefc9b08a39d1,3620,334466,1789,874,4111,https://www.youtube.com/watch?v=03zo1wE5hjs,1989,947,4111,https://www.youtube.com/watch?v=03zo1wE5hjs,1222,452,1314,https://www.youtube.com/watch?v=EAOMHELT7_8,2596,1163,544,2270,https://www.twitch.tv/videos/2879844898
7e8fe40622974698a75d14d78006e009,3610,282950,1286,243,3992,https://www.youtube.com/watch?v=ej5ejJkg4ts,1367,243,3992,https://www.youtube.com/watch?v=ej5ejJkg4ts,903,390,1390,https://www.youtube.com/watch?v=igKXik7p2OY,2867,837,268,3563,https://www.twitch.tv/videos/2886923734
bc70de85cb744f13bffae8a81ebd6bb4,3600,93097,0,0,0,,0,0,0,,0,0,0,,0,0,0,0,
c2bbc6bca92c4825b72d635634197e2b,3600,231170,354,237,775,https://www.youtube.com/watch?v=B2h5n0CwcHg,354,237,775,https://www.youtube.com/watch?v=B2h5n0CwcHg,0,0,0,,0,0,0,0,
de7f8ba1753d4e4cb95e6ac99007eacc,3600,112672,556,214,931,https://www.youtube.com/watch?v=5yqVu6oZm7E,556,214,931,https://www.youtube.com/watch?v=5yqVu6oZm7E,0,0,0,,0,0,0,0,
9643c650b1804107b85de1f08010aa9d,3590,386316,807,550,6123,https://www.youtube.com/watch?v=3ivx1Tu5tyA,747,643,6123,https://www.youtube.com/watch?v=3ivx1Tu5tyA,811,496,1763,https://www.youtube.com/watch?v=AehFDGu5crA,910,291,194,521,https://www.twitch.tv/videos/2884533750
9ad37d3249e24861bc8cb84368883258,3590,229674,319,178,1062,https://www.youtube.com/watch?v=G-g2SGTSmmA,453,276,1062,https://www.youtube.com/watch?v=G-g2SGTSmmA,31,15,80,https://www.youtube.com/watch?v=93kJZlSTAhU,0,0,0,0,
dd0401d23f5444c69b9d10db3b22d444,3580,166604,424,164,2092,https://www.youtube.com/watch?v=05OyiJqVPM8,392,168,2092,https://www.youtube.com/watch?v=05OyiJqVPM8,552,160,1064,https://www.youtube.com/watch?v=Sw2C7PeAH48,25,0,0,0,
8c25e14dcc3a4f71895d58924c69dc0a,3570,200919,1635,492,1869,https://www.youtube.com/watch?v=m_ZM5PwN15E,1823,787,1869,https://www.youtube.com/watch?v=m_ZM5PwN15E,1225,197,1225,https://www.youtube.com/watch?v=295qJwttmTw,0,0,0,0,
9379ed7f979440218e22b8db58dd0dd1,3570,231361,831,316,1467,https://www.youtube.com/watch?v=iM5RGY-Tq3g,831,316,1467,https://www.youtube.com/watch?v=iM5RGY-Tq3g,0,0,0,,606,0,0,0,
e93734c51e5141419d44dc147f1c5420,3570,57943,0,0,0,,0,0,0,,0,0,0,,0,0,0,0,
8961bc96eec34a99ad58505bae3f58f1,3570,163648,320,177,740,https://www.youtube.com/watch?v=74C8NAouE60,320,177,740,https://www.youtube.com/watch?v=74C8NAouE60,0,0,0,,0,0,0,0,
5da1b6db7796434f9180d2f5e210ea6c,3560,320210,223,134,1576,https://www.youtube.com/watch?v=oNLBfEKNOkA,206,57,512,https://www.youtube.com/watch?v=XzVV75kvSmg,1104,382,1576,https://www.youtube.com/watch?v=oNLBfEKNOkA,0,0,0,0,
54b0131ceb734643b23b1eefee31cca0,3550,279141,862,434,862,https://www.youtube.com/watch?v=yQ3_Tod8Jtc,0,0,0,,862,434,862,https://www.youtube.com/watch?v=yQ3_Tod8Jtc,744,0,0,0,
f45249f9d8094f9d85f6d02aec4af029,3540,781206,380,123,1323,https://www.youtube.com/watch?v=QRSrlyle-uU,380,123,1323,https://www.youtube.com/watch?v=QRSrlyle-uU,250,77,466,https://www.youtube.com/watch?v=_CrupfC_AY8,0,0,0,0,
edf9e466820347828b0d2d10e5e9bb72,3540,236304,124,73,468,https://www.youtube.com/watch?v=rojpUYRK3ps,124,69,468,https://www.youtube.com/watch?v=rojpUYRK3ps,133,79,133,https://www.youtube.com/watch?v=0KptdNfCfnY,498,0,0,0,
14b8fa0f43664c31a5d634b20f9112d9,3540,156176,290,112,462,https://www.youtube.com/watch?v=geHNoGLNyxY,298,217,462,https://www.youtube.com/watch?v=geHNoGLNyxY,167,44,179,https://www.youtube.com/watch?v=yvi9KKxqnYM,0,0,0,0,
4c34c44a98974b709f7dbc7618847fd6,3540,311653,957,295,1271,https://www.youtube.com/watch?v=nbp67eqTTLY,0,0,0,,957,295,1271,https://www.youtube.com/watch?v=nbp67eqTTLY,11560,839,338,1289,https://www.twitch.tv/videos/2890669509
01ba034aab854ec680fe6f1ddc7008e2,3530,177260,217,123,405,https://www.youtube.com/watch?v=BDpauVA514o,217,123,405,https://www.youtube.com/watch?v=BDpauVA514o,0,0,0,,0,0,0,0,
3430201d0e1f4672a58faf16ee0f2761,3510,126978,487,280,1387,https://www.youtube.com/watch?v=r0Z7M82rokg,472,244,1387,https://www.youtube.com/watch?v=r0Z7M82rokg,772,315,772,https://www.youtube.com/watch?v=jBulyqSDChI,1383,0,0,0,
67ba07d1ace445328c13bfb9d612d564,3500,157765,381,199,1471,https://www.youtube.com/watch?v=fP6M8URGl88,374,209,702,https://www.youtube.com/watch?v=ektP1u91Jns,466,107,1471,https://www.youtube.com/watch?v=fP6M8URGl88,0,0,0,0,
041976bda8b8410a99af25fc4cb87970,3490,124483,0,0,0,,0,0,0,,0,0,0,,134,0,0,0,
07b9e0f7118446be96cc2d12f5d8ad02,3480,133161,0,0,0,,0,0,0,,0,0,0,,12097,0,0,0,
7bf1f37dccbe4c72860c81a2772b91e1,3480,1639765,219,112,471,https://www.youtube.com/watch?v=xg8oeftLNaE,225,114,471,https://www.youtube.com/watch?v=xg8oeftLNaE,28,26,28,https://www.youtube.com/watch?v=jQOUGNfmnRI,79,0,0,0,
4d347ba9ca0c41c59cda553ebe4af5b1,3470,145694,192,82,303,https://www.youtube.com/watch?v=e6XNtTR4Ad8,192,82,303,https://www.youtube.com/watch?v=e6XNtTR4Ad8,0,0,0,,1236,0,0,0,
886f64b4a0504b9fbe5e4687b92f6584,3470,264038,346,186,1510,https://www.youtube.com/watch?v=AsD_Pmu6PAU,541,244,1510,https://www.youtube.com/watch?v=AsD_Pmu6PAU,142,26,346,https://www.youtube.com/watch?v=7VFolay3YNk,189,6,5,31,https://www.twitch.tv/videos/2887814191
c15d8ca6249341d88086f2a9a2359812,3460,644886,1784,1067,14697,https://www.youtube.com/watch?v=ZTYEBlyLy1M,2101,900,7707,https://www.youtube.com/watch?v=aAIa9KjKzPs,1777,1156,14697,https://www.youtube.com/watch?v=ZTYEBlyLy1M,0,0,0,0,
853be9569c0e446eaa5c5059642ea63b,3460,270973,1124,437,5587,https://www.youtube.com/watch?v=9g7GyD9YdRw,1307,670,5587,https://www.youtube.com/watch?v=9g7GyD9YdRw,432,176,588,https://www.youtube.com/watch?v=WlMwua99B00,402,495,195,1085,https://www.twitch.tv/videos/2888160367
e810dcd23c334fd184d254718517764e,3450,219632,86,31,435,https://www.youtube.com/watch?v=RYT0C-J-3_g,86,31,435,https://www.youtube.com/watch?v=RYT0C-J-3_g,0,0,0,,0,0,0,0,
cd98545ddec34fb2982ce2476c011db8,3440,91879,2676,1431,3566,https://www.youtube.com/watch?v=tfV4ahjJgaQ,2284,1149,3566,https://www.youtube.com/watch?v=tfV4ahjJgaQ,2676,1527,3026,https://www.youtube.com/watch?v=v0uhxQcVhjo,0,0,0,0,
63f727e673b9460abd6f7079bcbb1865,3420,264767,637,291,1862,https://www.youtube.com/watch?v=aA61Xc-kSlY,856,328,1862,https://www.youtube.com/watch?v=aA61Xc-kSlY,373,236,912,https://www.youtube.com/watch?v=C1UeKBLHbqY,0,0,0,0,
4d01ec47d0804a47a9fef6d9d01d9c29,3410,89514,0,0,0,,0,0,0,,0,0,0,,2163,0,0,0,
46145dc9eaab4a84898468905a4759b0,3400,81367,140,19,140,https://www.youtube.com/watch?v=xbJdw05kCQI,0,0,0,,140,19,140,https://www.youtube.com/watch?v=xbJdw05kCQI,0,0,0,0,
7748d3ab76f34e06abb9d116bb432de2,3400,63764,0,0,0,,0,0,0,,0,0,0,,1635,0,0,0,
8125f51f9526408790a77c1c7b4a053b,3390,105536,0,0,0,,0,0,0,,0,0,0,,3926,0,0,0,
4e5f0c7c5f1f49c2b1d249b10225cabb,3390,398199,0,0,0,,0,0,0,,0,0,0,,43444,3613,1298,5726,https://www.twitch.tv/videos/2867667174
c7a3d726bb4243cabb70dfd1e9545cd0,3380,166403,222,97,423,https://www.youtube.com/watch?v=SiWkXFD18oE,222,97,423,https://www.youtube.com/watch?v=SiWkXFD18oE,0,0,0,,0,0,0,0,
2ceecb98e47845eab5e3d8d33bd53895,3370,108685,301,70,349,https://www.youtube.com/watch?v=wMmYlOB1dd4,301,70,349,https://www.youtube.com/watch?v=wMmYlOB1dd4,0,0,0,,0,0,0,0,
0f9d996c066a406dbe04161776c17461,3370,196441,244,99,526,https://www.youtube.com/watch?v=kZzb5kZMm4Q,244,99,526,https://www.youtube.com/watch?v=kZzb5kZMm4Q,0,0,0,,0,0,0,0,
70a7428607b845fc959fb7d4859d018b,3360,352777,0,0,0,,0,0,0,,0,0,0,,18491,0,0,0,
d2f9e9b19102408bbef636a6458934e6,3350,606563,2521,1694,9478,https://www.youtube.com/watch?v=l0vkb1n8nrU,2521,1694,9478,https://www.youtube.com/watch?v=l0vkb1n8nrU,0,0,0,,200,0,0,0,
9f7bf6b3d935460e83896a0fe28012e9,3350,172839,677,461,1979,https://www.youtube.com/watch?v=R04p3BrOPbs,251,112,958,https://www.youtube.com/watch?v=JzQvya1CVCQ,1096,575,1979,https://www.youtube.com/watch?v=R04p3BrOPbs,1941,281,98,469,https://www.twitch.tv/videos/2888733427
1756e5a7f5a04ff6a7b5f482201b5cfc,3340,79084,0,0,0,,0,0,0,,0,0,0,,24889,1417,680,1781,https://www.twitch.tv/videos/2874497293
0e8150c7419f4c1d94d8ccfb41a04280,3330,329815,0,0,0,,0,0,0,,0,0,0,,0,0,0,0,
b1bfaed0ed7f4ca9ae96c017159efe77,3320,341632,189,101,739,https://www.youtube.com/watch?v=tyPjK73vXlU,191,101,739,https://www.youtube.com/watch?v=tyPjK73vXlU,72,64,72,https://www.youtube.com/watch?v=XWYiIUE44cg,191,0,0,0,
2c2bf7ce933a4f34ac25c2dfa72fe565,3320,275473,2391,811,9662,https://www.youtube.com/watch?v=2JCX4CH1D9s,2079,336,7224,https://www.youtube.com/watch?v=ckYkVpJy2M4,2460,1473,9662,https://www.youtube.com/watch?v=2JCX4CH1D9s,980,229,193,871,https://www.twitch.tv/videos/2884332888
5bbfc7c1b6584cef8c75f2f9044387d2,3310,340624,276,163,1681,https://www.youtube.com/watch?v=W6Upu4F3Hkg,276,163,1681,https://www.youtube.com/watch?v=W6Upu4F3Hkg,0,0,0,,0,0,0,0,
72edc688855047cbbbe495e3f2af9fda,3310,142335,292,143,438,https://www.youtube.com/watch?v=tyCt1FcF9aE,292,143,438,https://www.youtube.com/watch?v=tyCt1FcF9aE,0,0,0,,0,0,0,0,
2f607aefde1d4264814d4e9282dd5cb0,3300,214500,449,211,4425,https://www.youtube.com/watch?v=vCjMTZ1QSJY,431,155,713,https://www.youtube.com/watch?v=j38tZLzfYiI,1080,557,4425,https://www.youtube.com/watch?v=vCjMTZ1QSJY,264,0,0,0,
8e249f04f6cb48bda24f1513a472f4d8,3300,269737,0,0,0,,0,0,0,,0,0,0,,0,0,0,0,
d539588cfa344f67965bb1dea41b9140,3290,343816,1562,522,4501,https://www.youtube.com/watch?v=ryTleesN43g,1546,442,4501,https://www.youtube.com/watch?v=ryTleesN43g,1578,740,2362,https://www.youtube.com/watch?v=URbI27A6o60,0,0,0,0,
288f2fba52bf4d6b9e0ba66e03439837,3280,52836,0,0,0,,0,0,0,,0,0,0,,2309,114,92,114,https://www.twitch.tv/videos/2886395729
0ac7e05c8a3842e7bd1401652ce2bf4f,3260,135385,330,201,413,https://www.youtube.com/watch?v=IbzKADBPVFE,330,201,413,https://www.youtube.com/watch?v=IbzKADBPVFE,0,0,0,,0,0,0,0,
d6666443c70f478eb3008d28a33e0f61,3240,262743,945,364,7726,https://www.youtube.com/watch?v=G5wcM50jH-c,724,491,7726,https://www.youtube.com/watch?v=G5wcM50jH-c,1217,320,2478,https://www.youtube.com/watch?v=CaV_7kSgld4,0,0,0,0,
b4d14d75b48847b5adb8be6906dfec30,3240,211774,2035,1090,3566,https://www.youtube.com/watch?v=CLNKpI5hdQk,2131,1151,3566,https://www.youtube.com/watch?v=CLNKpI5hdQk,292,59,292,https://www.youtube.com/watch?v=M5SKhsyF4sk,572,0,0,0,
30f59fd702d5417c9225bc729bf7ec32,3230,271934,0,0,0,,0,0,0,,0,0,0,,0,0,0,0,
06e9953eb191486d979e6b92b6601d9a,3230,1490688,7,3,3403,https://www.youtube.com/watch?v=_EWsNM76WDE,0,0,0,,7,3,3403,https://www.youtube.com/watch?v=_EWsNM76WDE,2233,0,0,0,
cb5ff5f1898a45b1bc27a32057a1fa91,3230,72229,0,0,0,,0,0,0,,0,0,0,,2224,0,0,0,
b3f711673fea4ec5b6f87c023353594d,3220,234967,191,102,851,https://www.youtube.com/watch?v=OeHYT1hWm8Y,191,102,851,https://www.youtube.com/watch?v=OeHYT1hWm8Y,365,153,566,https://www.youtube.com/watch?v=IojYm8I0Y2g,0,0,0,0,
85ec3eac9fef49dcb3aeee87520a5b85,3220,157097,539,285,1222,https://www.youtube.com/watch?v=mktoItfwLTQ,605,162,1020,https://www.youtube.com/watch?v=ITVZl1M7P0M,440,301,1222,https://www.youtube.com/watch?v=mktoItfwLTQ,0,0,0,0,
1140618a96154395909d53257bffe0e6,3210,154554,521,34,693,https://www.youtube.com/watch?v=QrHFc0w1j74,521,34,693,https://www.youtube.com/watch?v=QrHFc0w1j74,0,0,0,,269,0,0,0,
da189f9d282e4c31a4a8024d11fe368d,3200,154911,332,132,497,https://www.youtube.com/watch?v=oOjDhJTnqVA,332,132,497,https://www.youtube.com/watch?v=oOjDhJTnqVA,0,0,0,,0,0,0,0,
eb159df5d55b4730ab2955c5e2638e3f,3200,109658,224,151,525,https://www.youtube.com/watch?v=cPPME_VOfT4,206,147,525,https://www.youtube.com/watch?v=cPPME_VOfT4,295,155,295,https://www.youtube.com/watch?v=jXfmyvN-Od8,0,0,0,0,
38391974f5af4fbbb6224e3d6f2f7fb3,3200,198922,160,133,242,https://www.youtube.com/watch?v=aVDSFNnj_YA,160,133,242,https://www.youtube.com/watch?v=aVDSFNnj_YA,0,0,0,,6396,352,266,662,https://www.twitch.tv/videos/2883488360
aa9fa329d639488dbb860b8f8b3235f8,3200,200098,1426,562,1832,https://www.youtube.com/watch?v=I_-NELPZkRE,1426,562,1832,https://www.youtube.com/watch?v=I_-NELPZkRE,0,0,0,,5407,847,261,1295,https://www.twitch.tv/videos/2888133481
1551bebc6c26453e9893f342c68002bd,3180,106021,824,373,3938,https://www.youtube.com/watch?v=EAmk6gRTmgE,824,373,3938,https://www.youtube.com/watch?v=EAmk6gRTmgE,0,0,0,,399,374,351,374,https://www.twitch.tv/videos/2889752807
bcbf00e1e98b4d5e8af20f29adbb0645,3180,210627,172,87,311,https://www.youtube.com/watch?v=0z55YSMHbEI,172,87,311,https://www.youtube.com/watch?v=0z55YSMHbEI,0,0,0,,0,0,0,0,
1fdc000815cc476dbc9d19aa431305b5,3180,97658,382,118,1194,https://www.youtube.com/watch?v=Pnfu8nvAL88,406,122,1185,https://www.youtube.com/watch?v=zu8HWZp0_f8,214,115,1194,https://www.youtube.com/watch?v=Pnfu8nvAL88,0,0,0,0,
96be1e561acd4a75817c6424d9d4f9f0,3180,139011,0,0,0,,0,0,0,,0,0,0,,4130,378,315,378,https://www.twitch.tv/videos/2887074182
8282a91b3aae44d3a075d08507665f4e,3170,63780,145,117,145,https://www.youtube.com/watch?v=OQdqbtuvzbo,145,117,145,https://www.youtube.com/watch?v=OQdqbtuvzbo,0,0,0,,0,0,0,0,
dba1db65ba874e18a33d8465d52d8f2e,3160,113786,0,0,0,,0,0,0,,0,0,0,,0,0,0,0,
3d23ff5303d54cc58e5a69aa53b1db50,3150,447606,763,485,1608,https://www.youtube.com/watch?v=jtCafzRksxM,763,485,1608,https://www.youtube.com/watch?v=jtCafzRksxM,0,0,0,,0,0,0,0,
bddcd7d262a2434f9b6d77150fbbc72c,3150,44309,0,0,0,,0,0,0,,0,0,0,,0,0,0,0,
44f1d1ad14034bd3949ad6f84624f0e4,3150,288728,554,234,2232,https://www.youtube.com/watch?v=cpD_oPr6Jac,537,218,2232,https://www.youtube.com/watch?v=cpD_oPr6Jac,604,305,2214,https://www.youtube.com/watch?v=PAEmnrzYG2k,3024,1489,1102,2580,https://www.twitch.tv/videos/2886103947
73675987096b486287784fc466b881be,3140,58652,0,0,0,,0,0,0,,0,0,0,,0,0,0,0,
63f45366143549d8a2d26406445e0077,3140,153208,0,0,0,,0,0,0,,0,0,0,,0,0,0,0,
7c6d1a181c90471887696ff9637aed03,3130,146519,0,0,0,,0,0,0,,0,0,0,,0,0,0,0,
8a86c4d0f4ce462a92c6bf09c027e432,3110,2900956,305,65,305,https://www.youtube.com/watch?v=XAipMB6xyck,0,0,0,,305,65,305,https://www.youtube.com/watch?v=XAipMB6xyck,160,0,0,0,
89036aadc62d496aa73c0a0076d67f41,3110,116352,185,108,1427,https://www.youtube.com/watch?v=iEIBONOxuSQ,185,108,1427,https://www.youtube.com/watch?v=iEIBONOxuSQ,0,0,0,,3132,295,168,361,https://www.twitch.tv/videos/2882681330
73a96bba42b444df98487ed22f97c240,3090,416773,357,132,16472,https://www.youtube.com/watch?v=nj58DUopr64,357,132,876,https://www.youtube.com/watch?v=tlnIOwJFhMA,2218,161,16472,https://www.youtube.com/watch?v=nj58DUopr64,956,83,40,168,https://www.twitch.tv/videos/2885451461
32a08f858ffb4d6aba0624647cf8cf2d,3070,155866,633,276,1374,https://www.youtube.com/watch?v=0VkrpP9YgTM,506,275,1101,https://www.youtube.com/watch?v=knFYjjEpCjk,1222,295,1374,https://www.youtube.com/watch?v=0VkrpP9YgTM,0,0,0,0,
e4bea3dcc8934426a57516d4d6b373f4,3070,167803,992,133,1286,https://www.youtube.com/watch?v=k_RNaBQZFn4,0,0,0,,992,133,1286,https://www.youtube.com/watch?v=k_RNaBQZFn4,7029,1361,543,2307,https://www.twitch.tv/videos/2868475239
accb26f2db2746e898b68ab07dd3c5bc,3070,233806,662,299,2345,https://www.youtube.com/watch?v=nxLKl5Q6Lec,662,299,2345,https://www.youtube.com/watch?v=nxLKl5Q6Lec,0,0,0,,1006,93,65,152,https://www.twitch.tv/videos/2887043816
9af612c3f872434cad1ba2e5dcbfaec8,3070,1129396,244,100,591,https://www.youtube.com/watch?v=cgXK4ItSPu0,252,119,591,https://www.youtube.com/watch?v=cgXK4ItSPu0,23,7,23,https://www.youtube.com/watch?v=3aM5ekl0qlU,0,0,0,0,
356186a5552f499baab4ac520b7d4235,3060,140495,829,356,1618,https://www.youtube.com/watch?v=EDkSaaNzJyE,635,356,1598,https://www.youtube.com/watch?v=aKxkpAX-EeQ,1254,768,1618,https://www.youtube.com/watch?v=EDkSaaNzJyE,0,0,0,0,
c28d59f83d9345de91d208cf7732bac5,3060,91468,214,166,214,https://www.youtube.com/watch?v=eg6J51XCrFs,214,166,214,https://www.youtube.com/watch?v=eg6J51XCrFs,0,0,0,,0,0,0,0,
0b0f8cd64c904508910707412b2c307f,3060,131530,747,342,2609,https://www.youtube.com/watch?v=k1viFsCzYpU,747,342,2609,https://www.youtube.com/watch?v=k1viFsCzYpU,0,0,0,,0,0,0,0,
ea62d2e6bc854e7a81b01a2362be310f,3060,201564,0,0,0,,0,0,0,,0,0,0,,334,0,0,0,
8a56c920e9da4acb800d38c625391680,3020,270613,260,117,6728,https://www.youtube.com/watch?v=Qyv5dYkVeh4,78,71,260,https://www.youtube.com/watch?v=cyzX34goGb8,446,151,6728,https://www.youtube.com/watch?v=Qyv5dYkVeh4,0,0,0,0,
1c8887da9e96471ca28b97d80e390698,3020,247715,253,118,3173,https://www.youtube.com/watch?v=SdF9m3y1XwE,230,100,690,https://www.youtube.com/watch?v=KLzDHylz548,574,305,3173,https://www.youtube.com/watch?v=SdF9m3y1XwE,0,0,0,0,
67b37e4e1f2f49d88a047d650b70be91,3000,83650,389,64,684,https://www.youtube.com/watch?v=5gawXcL5lt4,389,64,684,https://www.youtube.com/watch?v=5gawXcL5lt4,0,0,0,,1108,137,92,572,https://www.twitch.tv/videos/2887666689
1901cef25e9940e7b3da42d3c189cada,2990,67104,0,0,0,,0,0,0,,0,0,0,,0,0,0,0,
fd81a8861669442ca49c50bc4cfd4b5e,2960,192811,248,165,626,https://www.youtube.com/watch?v=Ug34Ox22aYo,248,165,626,https://www.youtube.com/watch?v=Ug34Ox22aYo,0,0,0,,0,0,0,0,
9c64ee54cc094bf7931398eaf0c072d6,2950,197549,824,777,824,https://www.youtube.com/watch?v=WtWIzMQHCYQ,824,777,824,https://www.youtube.com/watch?v=WtWIzMQHCYQ,0,0,0,,2313,309,301,380,https://www.twitch.tv/videos/2890763909
fc90561b03104438b6e8f657a28574ce,2930,139706,1230,150,2082,https://www.youtube.com/watch?v=5GyeNeQm_Fo,1230,150,2082,https://www.youtube.com/watch?v=5GyeNeQm_Fo,0,0,0,,0,0,0,0,
b256a399ae7a49e18208455d29c2eb12,2920,469845,293,129,893,https://www.youtube.com/watch?v=GOQUlIdZ-JM,293,107,893,https://www.youtube.com/watch?v=GOQUlIdZ-JM,535,148,867,https://www.youtube.com/watch?v=Z_eW4w_YBvs,1309,67,44,101,https://www.twitch.tv/videos/2888057182
add8ccfa282a4524ae5b5d8435279bf7,2920,138981,751,419,2405,https://www.youtube.com/watch?v=yeKHRoe9t2I,704,389,1378,https://www.youtube.com/watch?v=gbANbsk39yo,1575,633,2405,https://www.youtube.com/watch?v=yeKHRoe9t2I,0,0,0,0,
99d1a2e0c8c047d2ad998e02d4dd9621,2920,104172,0,0,0,,0,0,0,,0,0,0,,0,0,0,0,
4e48e10b3c2f439c934b1db25679b972,2920,330509,911,580,1036,https://www.youtube.com/watch?v=5ql103d15OE,911,580,1036,https://www.youtube.com/watch?v=5ql103d15OE,0,0,0,,0,0,0,0,
451ce18d28ff493e8238df85858dfb02,2910,264397,0,0,0,,0,0,0,,0,0,0,,2160,267,191,294,https://www.twitch.tv/videos/2887119573
4bbc9414c3184dfa9aeab5fcdfd87089,2910,4962,0,0,0,,0,0,0,,0,0,0,,0,0,0,0,
bbd618a3874d4ae2ba5af36a23bc1914,2910,77563,449,399,449,https://www.youtube.com/watch?v=zdPFV5pDlNw,0,0,0,,449,399,449,https://www.youtube.com/watch?v=zdPFV5pDlNw,14098,896,259,3067,https://www.twitch.tv/videos/2889603079
96ff628d2280470b833174c32200a749,2910,87740,507,294,1052,https://www.youtube.com/watch?v=tq4Qvf3yEyc,520,314,1052,https://www.youtube.com/watch?v=tq4Qvf3yEyc,328,166,328,https://www.youtube.com/watch?v=lGe122YK9uI,0,0,0,0,
2463286fd3154219afa631c73d178147,2900,372407,321,152,797,https://www.youtube.com/watch?v=VxKCRmNISCk,331,158,797,https://www.youtube.com/watch?v=VxKCRmNISCk,203,110,203,https://www.youtube.com/watch?v=u_43riCE9es,0,0,0,0,
7da08de1840847b99c6fe9a44a1ca0ac,2900,72904,0,0,0,,0,0,0,,0,0,0,,0,0,0,0,
6443d56896a848dd820e339b5f81e292,2890,94548,0,0,0,,0,0,0,,0,0,0,,4550,361,237,639,https://www.twitch.tv/videos/2883582440
4f917f1ccdd74d34a3746c379282b6fe,2870,256392,0,0,0,,0,0,0,,0,0,0,,2090,490,257,490,https://www.twitch.tv/videos/2878978547
b606cde735d84b45ab96489d7a9997dd,2860,208933,186,89,437,https://www.youtube.com/watch?v=-3G4E4h9tyQ,222,96,437,https://www.youtube.com/watch?v=-3G4E4h9tyQ,11,6,11,https://www.youtube.com/watch?v=2nVsVq26f1U,250,0,0,0,
677ae7ec361d4d3c9981bca8fbb974c8,2860,84892,0,0,0,,0,0,0,,0,0,0,,384,0,0,0,
15b52ca3f3b5410cb2bb305d2bb737c4,2860,222811,0,0,0,,0,0,0,,0,0,0,,1255,99,64,152,https://www.twitch.tv/videos/2889764011
fe5e2d95569c47f29e863a8212ed7c60,2860,87023,0,0,0,,0,0,0,,0,0,0,,4929,954,396,1046,https://www.twitch.tv/videos/2872257506
6417469030e943748dfdba4ee26a08e4,2860,0,0,0,0,,0,0,0,,0,0,0,,1071,0,0,0,
6cc5ac707eed4f9e9b5bc7b2f970fe1b,2850,169319,1078,452,3896,https://www.youtube.com/watch?v=iKRtAOYaclk,459,242,1348,https://www.youtube.com/watch?v=_KwS4DGT8oM,2071,1281,3896,https://www.youtube.com/watch?v=iKRtAOYaclk,0,0,0,0,
a47db6b367364da1a4f43829f665e99a,2850,120344,720,220,1324,https://www.youtube.com/watch?v=J4RVCmhWyBs,695,213,1134,https://www.youtube.com/watch?v=dDZ18XFqvIM,1324,449,1324,https://www.youtube.com/watch?v=J4RVCmhWyBs,0,0,0,0,
247eca886f5c43188a3d6d3945e40636,2850,160075,293,156,1357,https://www.youtube.com/watch?v=RdjH4iXuxuI,293,156,1357,https://www.youtube.com/watch?v=RdjH4iXuxuI,0,0,0,,0,0,0,0,
275aaf8046a144198dee96d20bce8b1a,2850,28925,269,155,269,https://www.youtube.com/watch?v=x34KRa0wE7I,269,155,269,https://www.youtube.com/watch?v=x34KRa0wE7I,0,0,0,,0,0,0,0,
118c05e7f751446abee5fc827fda0215,2850,842866,135,82,408,https://www.youtube.com/watch?v=pq4C5vHOb9s,135,82,408,https://www.youtube.com/watch?v=pq4C5vHOb9s,0,0,0,,0,0,0,0,
40aa59fe29c64def89ab5fdce90b89ae,2840,786156,20,19,99,https://www.youtube.com/watch?v=SUfas9votfQ,20,19,99,https://www.youtube.com/watch?v=SUfas9votfQ,0,0,0,,0,0,0,0,
76165d25983b463eaa1da66c86a32b7c,2840,40235,0,0,0,,0,0,0,,0,0,0,,781,78,41,180,https://www.twitch.tv/videos/2885048989
11dd1f817a6b4c80a066aedd8e0fa419,2840,88480,0,0,0,,0,0,0,,0,0,0,,0,0,0,0,
62f37fa0a2f44083945f03db36e50dff,2830,59818,537,224,644,https://www.youtube.com/watch?v=v2Ah258_cvk,537,224,644,https://www.youtube.com/watch?v=v2Ah258_cvk,0,0,0,,0,0,0,0,
b79ac08a857c4553921c04c3b14b89ea,2830,202484,102,61,218,https://www.youtube.com/watch?v=vscXpxYWowE,0,0,0,,102,61,218,https://www.youtube.com/watch?v=vscXpxYWowE,500,0,0,0,
2c6d5a00eabf47e2affcc8fa6ec64f9c,2830,209520,97,50,1489,https://www.youtube.com/watch?v=5YVzGmAL8o4,89,48,186,https://www.youtube.com/watch?v=gUevT2ZCddM,312,99,1489,https://www.youtube.com/watch?v=5YVzGmAL8o4,146,16,12,16,https://www.twitch.tv/videos/2886218357
bac6a676ace94e759d9faaaed94ce1b1,2810,148991,696,256,1699,https://www.youtube.com/watch?v=CwstNVEHXS8,681,232,1699,https://www.youtube.com/watch?v=CwstNVEHXS8,712,286,712,https://www.youtube.com/watch?v=OJ6PG5B-b6E,0,0,0,0,
b115a7f57f664800a9f71a25eaf73b92,2810,89789,136,80,292,https://www.youtube.com/watch?v=3Bdeazt1rNg,136,80,292,https://www.youtube.com/watch?v=3Bdeazt1rNg,0,0,0,,0,0,0,0,
d55860f26114410c97af27ba1269e3ed,2810,155353,303,152,476,https://www.youtube.com/watch?v=ItY83x4DNiU,303,152,476,https://www.youtube.com/watch?v=ItY83x4DNiU,0,0,0,,1606,92,75,253,https://www.twitch.tv/videos/2889720009
8402646577b24bd5918bda8690e790b4,2800,356533,0,0,0,,0,0,0,,0,0,0,,1882,763,529,887,https://www.twitch.tv/videos/2880067896
2875db54b5d74d01b301d63d36dd6fbf,2800,68286,313,116,495,https://www.youtube.com/watch?v=e3XC0aBwm6Y,313,116,495,https://www.youtube.com/watch?v=e3XC0aBwm6Y,0,0,0,,0,0,0,0,
70f1d3ae590e4f2184f695fd2140010c,2800,713962,0,0,0,,0,0,0,,0,0,0,,0,0,0,0,
cd4c94db2aed435794cc7e55999016e7,2800,122953,72,29,167,https://www.youtube.com/watch?v=qww9E1Y_S0c,72,29,167,https://www.youtube.com/watch?v=qww9E1Y_S0c,0,0,0,,354,40,24,52,https://www.twitch.tv/videos/2881858096
cec266a3203a4d1599494b42f35b4012,2790,11513,172,45,230,https://www.youtube.com/watch?v=_k8hJ8DdPD4,230,6,230,https://www.youtube.com/watch?v=_k8hJ8DdPD4,114,83,114,https://www.youtube.com/watch?v=BImoJz4YE3U,542,23,19,45,https://www.twitch.tv/videos/2890717595
339b4a73ce92470c97b1626405d5eb5b,2780,91133,144,74,280,https://www.youtube.com/watch?v=3C0m6Pot19k,0,0,0,,144,74,280,https://www.youtube.com/watch?v=3C0m6Pot19k,423,0,0,0,
1225d23bc1814140bc0093c1407f06b3,2770,223944,377,118,2385,https://www.youtube.com/watch?v=PwjMuB7KgK4,350,106,1215,https://www.youtube.com/watch?v=stOkGTP2qqs,1389,394,2385,https://www.youtube.com/watch?v=PwjMuB7KgK4,112,54,42,54,https://www.twitch.tv/videos/2886065488
d210d8dfc0ec4a97907b9cebb5413ae3,2770,126966,0,0,0,,0,0,0,,0,0,0,,0,0,0,0,
4dd71b1079284bdb8ba90198317e524d,2760,190954,545,376,914,https://www.youtube.com/watch?v=5yZ4-DdekCo,545,376,914,https://www.youtube.com/watch?v=5yZ4-DdekCo,0,0,0,,0,0,0,0,
1c304e8690e2400d9482f1173f59ad70,2750,133776,311,167,1707,https://www.youtube.com/watch?v=M7HhkH94_JI,311,167,1707,https://www.youtube.com/watch?v=M7HhkH94_JI,742,345,1279,https://www.youtube.com/watch?v=xbk6bA-Z9BE,358,109,70,161,https://www.twitch.tv/videos/2887103441
4a64836a88024358a7401530fed8e0f8,2750,374408,194,84,768,https://www.youtube.com/watch?v=9js6Sezu6Kc,194,84,768,https://www.youtube.com/watch?v=9js6Sezu6Kc,0,0,0,,6226,429,181,679,https://www.twitch.tv/videos/2869374134
bee9506c5d714205bfc69573280852c2,2740,230599,388,206,10447,https://www.youtube.com/watch?v=TPWt9pjKQBs,266,130,758,https://www.youtube.com/watch?v=SVDp7hGt3Qg,1467,954,10447,https://www.youtube.com/watch?v=TPWt9pjKQBs,2282,238,188,380,https://www.twitch.tv/videos/2884431789
0dbf3f6f6521460782992a963122aed0,2740,311992,386,223,1303,https://www.youtube.com/watch?v=37j5ylTR8bU,386,223,805,https://www.youtube.com/watch?v=dnKC_4Yel-I,798,429,1303,https://www.youtube.com/watch?v=37j5ylTR8bU,460,135,90,149,https://www.twitch.tv/videos/2880998277
652d06b0251940bea32cd69dec3057e6,2720,2168,0,0,0,,0,0,0,,0,0,0,,403,0,0,0,
7b40a7a144da4408b8de712c740e60dc,2720,138395,238,158,1027,https://www.youtube.com/watch?v=pjM6zCTxv1w,0,0,0,,238,158,1027,https://www.youtube.com/watch?v=pjM6zCTxv1w,0,0,0,0,
86957fa57641453e9fcb73550e58b64f,2720,92315,281,107,587,https://www.youtube.com/watch?v=ZZcijazm0X8,257,92,405,https://www.youtube.com/watch?v=8F_EgDQwt9s,364,107,587,https://www.youtube.com/watch?v=ZZcijazm0X8,537,41,22,44,https://www.twitch.tv/videos/2879505165
d2b1ba87da034210bbe54bfa1c01bc41,2710,60877,0,0,0,,0,0,0,,0,0,0,,8761,253,103,278,https://www.twitch.tv/videos/2887940358
c377cbfa47984f0ba9242b1f6e3dfc75,2700,25905,0,0,0,,0,0,0,,0,0,0,,2700,0,0,0,
e9c48535f2af4f638e5a4c54ffa7862c,2700,149424,70,6,70,https://www.youtube.com/watch?v=eEc7oVprh18,70,6,70,https://www.youtube.com/watch?v=eEc7oVprh18,0,0,0,,0,0,0,0,
0a20931c68dc49c8bd08eda1486193d8,2680,68058,0,0,0,,0,0,0,,0,0,0,,1402,0,0,0,
d95e3d9eed1a4e87a736a882a1fb9288,2680,251007,1005,578,1411,https://www.youtube.com/watch?v=i2HhsTaVHfA,1005,578,1411,https://www.youtube.com/watch?v=i2HhsTaVHfA,0,0,0,,93,0,0,0,
c2f77009b4264e3fa09aa054c89bb40c,2680,92797,0,0,0,,0,0,0,,0,0,0,,127,0,0,0,
4766ec1a407f4271bca77fb81487e81a,2670,134602,647,195,1254,https://www.youtube.com/watch?v=lkW7p67iaPA,0,0,0,,647,195,1254,https://www.youtube.com/watch?v=lkW7p67iaPA,4766,363,317,452,https://www.twitch.tv/videos/2890572352
a577528125314beab91d127043218bb2,2670,129652,111,70,111,https://www.youtube.com/watch?v=RAe_CY6LSws,0,0,0,,111,70,111,https://www.youtube.com/watch?v=RAe_CY6LSws,0,0,0,0,
5b40a93fac8646f48fca66add3d3642c,2650,230691,518,253,945,https://www.youtube.com/watch?v=ISdQcbp9d-A,518,253,945,https://www.youtube.com/watch?v=ISdQcbp9d-A,0,0,0,,0,0,0,0,
08da85c2b24747a2aaeec4fe6cf9d681,2650,80795,912,504,1974,https://www.youtube.com/watch?v=MIyk7JlMY7k,561,427,1111,https://www.youtube.com/watch?v=WcchZDxg6vM,1685,1064,1974,https://www.youtube.com/watch?v=MIyk7JlMY7k,0,0,0,0,
29574cafecff435b90d34431e2153f02,2650,326565,404,128,2390,https://www.youtube.com/watch?v=zTkGadtexZ0,146,56,1011,https://www.youtube.com/watch?v=2FGRDmB_bCQ,1442,698,2390,https://www.youtube.com/watch?v=zTkGadtexZ0,196,171,135,301,https://www.twitch.tv/videos/2886262267
87568c720cae40a99264816eb1875347,2630,182821,189,85,1428,https://www.youtube.com/watch?v=0mcbS11LaFE,189,85,1428,https://www.youtube.com/watch?v=0mcbS11LaFE,352,263,647,https://www.youtube.com/watch?v=i5axBPh8fAg,0,0,0,0,
0bef54320f364c5a9289fceac64c5411,2630,79142,0,0,0,,0,0,0,,0,0,0,,175,8,5,12,https://www.twitch.tv/videos/2881876859
d576c2396a004f3c8dd91baf14254898,2630,87068,114,91,205,https://www.youtube.com/watch?v=7n-IQwYL5O4,114,91,205,https://www.youtube.com/watch?v=7n-IQwYL5O4,0,0,0,,2886,101,71,166,https://www.twitch.tv/videos/2886175454
b9104b7fdb804facb0d8847f373a8a05,2630,127635,227,152,989,https://www.youtube.com/watch?v=sN7UHXFboH0,165,129,395,https://www.youtube.com/watch?v=kUYIT9Cmhpw,635,327,989,https://www.youtube.com/watch?v=sN7UHXFboH0,110,0,0,0,
0a178f2c7b994a4ea8eb845ebd489a5a,2620,150270,142,79,414,https://www.youtube.com/watch?v=FMwsirVjpOM,142,79,414,https://www.youtube.com/watch?v=FMwsirVjpOM,0,0,0,,207,0,0,0,
f96c65701df94732853d86ffd893081e,2610,82882,0,0,0,,0,0,0,,0,0,0,,0,0,0,0,
f4da0eee989545d2ade906b022a50e8c,2610,199186,98,8,98,https://www.youtube.com/watch?v=ZaUKfcoGhH4,98,8,98,https://www.youtube.com/watch?v=ZaUKfcoGhH4,0,0,0,,4251,577,371,839,https://www.twitch.tv/videos/2887269047
75e0561f549f4775b90601a9d308340a,2610,70413,92,43,132,https://www.youtube.com/watch?v=svjBpRpiQBk,92,43,132,https://www.youtube.com/watch?v=svjBpRpiQBk,0,0,0,,0,0,0,0,
9767904fedef42febaa98e9162973356,2600,661979,1538,669,7213,https://www.youtube.com/watch?v=xXOHqmZiLEI,1681,688,7213,https://www.youtube.com/watch?v=xXOHqmZiLEI,1073,143,1073,https://www.youtube.com/watch?v=A-nKCVltFPo,0,0,0,0,
6c4992a47ccc4c3bb997d3c49ddc2ec8,2600,74713,0,0,0,,0,0,0,,0,0,0,,759,0,0,0,
7a93714b53274fbaad48bef3b409d458,2600,233341,657,222,2561,https://www.youtube.com/watch?v=efbX2EVTXOw,664,377,2561,https://www.youtube.com/watch?v=efbX2EVTXOw,121,105,121,https://www.youtube.com/watch?v=XdmbEkCTVqI,0,0,0,0,
407d2bd02ef04b9ea28e5189383942be,2600,125482,0,0,0,,0,0,0,,0,0,0,,791,353,313,930,https://www.twitch.tv/videos/2879074220
faa4994019724702a9da315a8c3641bc,2590,182482,453,259,1408,https://www.youtube.com/watch?v=ObIO1OEtKZI,438,230,843,https://www.youtube.com/watch?v=FxMkL4M3aQ4,1408,1318,1408,https://www.youtube.com/watch?v=ObIO1OEtKZI,0,0,0,0,
7c147c43030b44b9ae244d82c387c82a,2580,85053,231,177,634,https://www.youtube.com/watch?v=5-ZLk4YNeMs,146,137,146,https://www.youtube.com/watch?v=4iB0z0TsiYk,432,260,634,https://www.youtube.com/watch?v=5-ZLk4YNeMs,0,0,0,0,
b8c13d7702844995a0b4a66eda4d31bc,2580,95439,4,1,12,https://www.youtube.com/watch?v=kvUO2ZuGo5U,0,0,0,,4,1,12,https://www.youtube.com/watch?v=kvUO2ZuGo5U,1668,210,167,296,https://www.twitch.tv/videos/2881689075
02168475e7ca4234b57d53f495bf3bbc,2580,156733,213,133,343,https://www.youtube.com/watch?v=tBst3herxwY,197,138,253,https://www.youtube.com/watch?v=k_qKmAHBGgA,343,105,343,https://www.youtube.com/watch?v=tBst3herxwY,0,0,0,0,
a66441bdef584fe0806c4be0fd2cf53a,2570,109988,0,0,0,,0,0,0,,0,0,0,,0,0,0,0,
3896e47ba9f64b7082eee3980734ab14,2570,293054,207,50,253,https://www.youtube.com/watch?v=KqdbXDvI5Xg,207,50,253,https://www.youtube.com/watch?v=KqdbXDvI5Xg,0,0,0,,0,0,0,0,
60234dcffd2b42f097a78aaf121d410f,2560,62049,0,0,0,,0,0,0,,0,0,0,,217,0,0,0,
891c39f050e048aebafaafc90a1c4cbd,2550,60502,784,422,1698,https://www.youtube.com/watch?v=iT6fc9roZRs,1072,400,1698,https://www.youtube.com/watch?v=iT6fc9roZRs,497,443,497,https://www.youtube.com/watch?v=qnngzWqrGjw,0,0,0,0,
f656e3210df449889b6ad9e72acd7a72,2540,230117,1059,348,3013,https://www.youtube.com/watch?v=Tuz2vnSGtF4,715,239,2171,https://www.youtube.com/watch?v=qWaXt6B-0Ew,1180,598,3013,https://www.youtube.com/watch?v=Tuz2vnSGtF4,0,0,0,0,
17b1d3fb1e1944dabd5e6a45f94e2f6b,2540,83669,359,154,9401,https://www.youtube.com/watch?v=MpQ8cseVKZo,323,140,419,https://www.youtube.com/watch?v=b9uYAZyBfIQ,9401,6000,9401,https://www.youtube.com/watch?v=MpQ8cseVKZo,0,0,0,0,
a5566c76de5540f4a239c4c2a39cf460,2540,75650,2778,761,2778,https://www.youtube.com/watch?v=3RkhR3_Chnk,0,0,0,,2778,761,2778,https://www.youtube.com/watch?v=3RkhR3_Chnk,0,0,0,0,
889bc532fb85455bae33baf0aa7ec003,2530,215831,331,156,500,https://www.youtube.com/watch?v=HuK12IfQ3vk,331,156,500,https://www.youtube.com/watch?v=HuK12IfQ3vk,0,0,0,,0,0,0,0,
932fd42911c74016bc7da418abd29f0f,2530,78185,235,80,1213,https://www.youtube.com/watch?v=rwVbkYZz9EY,204,75,397,https://www.youtube.com/watch?v=9_s01s9hqmg,1213,649,1213,https://www.youtube.com/watch?v=rwVbkYZz9EY,91,0,0,0,
7653119a278b4ea59d2af5e2ba7d30e0,2530,120151,447,214,447,https://www.youtube.com/watch?v=4F3AwcWad7I,447,214,447,https://www.youtube.com/watch?v=4F3AwcWad7I,0,0,0,,0,0,0,0,
352894d7c4eb4c9f87e248eae450183a,2520,313746,136,35,1098,https://www.youtube.com/watch?v=h9BLhdyKqKA,845,497,1098,https://www.youtube.com/watch?v=h9BLhdyKqKA,106,30,571,https://www.youtube.com/watch?v=shccH3El7EA,0,0,0,0,
a429c3010da544bab919814a3ea472a4,2520,86149,0,0,0,,0,0,0,,0,0,0,,2908,187,160,303,https://www.twitch.tv/videos/2879096628
4ed0862cff5b47bcbf4b6a30e431e0fa,2520,105401,1726,946,1973,https://www.youtube.com/watch?v=xIJWh7bzTLs,0,0,0,,1726,946,1973,https://www.youtube.com/watch?v=xIJWh7bzTLs,0,0,0,0,
c8c0ab1d59fb4608ab1e460e946fa88a,2520,118420,387,276,387,https://www.youtube.com/watch?v=zCpBzLz2fIQ,387,276,387,https://www.youtube.com/watch?v=zCpBzLz2fIQ,0,0,0,,0,0,0,0,
07553f6f3df84c3396508456ccbe7df2,2520,100187,395,160,1268,https://www.youtube.com/watch?v=tgJYykfsZtk,383,192,408,https://www.youtube.com/watch?v=KvO4NCcVVVA,1268,127,1268,https://www.youtube.com/watch?v=tgJYykfsZtk,1050,0,0,0,
c40a8ff66b3348dc8459766b74846feb,2520,1525,0,0,0,,0,0,0,,0,0,0,,1921,0,0,0,
75a90497bfc2480f954c276b70f7b1c3,2520,192534,0,0,0,,0,0,0,,0,0,0,,7026,0,0,0,
a960b283b1124f44bc4bf2a16199977a,2500,108304,0,0,0,,0,0,0,,0,0,0,,4749,0,0,0,
e66d389ebb604096bfa99178e1a13c27,2500,330345,482,267,1994,https://www.youtube.com/watch?v=JXhGW9OaiY4,482,267,1994,https://www.youtube.com/watch?v=JXhGW9OaiY4,0,0,0,,3861,194,132,301,https://www.twitch.tv/videos/2883634006
284024f40bb34b429debb78e7dbf3391,2500,6264,0,0,0,,0,0,0,,0,0,0,,0,0,0,0,
83e0f3520699474ba7f017e5e4388a5f,2500,51706,0,0,0,,0,0,0,,0,0,0,,0,0,0,0,
db6b14a0319e4f639bfcf8d4309c064d,2490,371020,0,0,0,,0,0,0,,0,0,0,,3406,300,287,752,https://www.twitch.tv/videos/2881936384
0bf305da1ec14c5c8447b9a007bc81f6,2480,274518,811,471,2370,https://www.youtube.com/watch?v=szms9ES_850,560,280,2235,https://www.youtube.com/watch?v=B6oSuVajS-A,1122,701,2370,https://www.youtube.com/watch?v=szms9ES_850,1124,82,63,354,https://www.twitch.tv/videos/2885070763
e68bb26e386a4d49a2f521f8abc83376,2480,0,0,0,0,,0,0,0,,0,0,0,,3496,0,0,0,
a0c76cedf0e346a18586077a38f302d8,2480,110354,593,290,593,https://www.youtube.com/watch?v=WBiVtD7j2T8,593,290,593,https://www.youtube.com/watch?v=WBiVtD7j2T8,0,0,0,,173,0,0,0,
6e1845e76035452287436153470e8656,2480,120283,306,164,587,https://www.youtube.com/watch?v=qJsI6RHZjhk,306,164,587,https://www.youtube.com/watch?v=qJsI6RHZjhk,0,0,0,,462,0,0,0,
b19d58b07131413a92b4bd16e37e8e38,2480,11723,0,0,0,,0,0,0,,0,0,0,,0,0,0,0,
87968861d5794c01bfce46d51c8abfc7,2470,24962,0,0,0,,0,0,0,,0,0,0,,0,0,0,0,
8be6ce1a26af47a4985205da119eab5a,2470,404557,413,172,1437,https://www.youtube.com/watch?v=ix0JATiezps,380,165,1377,https://www.youtube.com/watch?v=zALnxX1YkeE,1275,258,1437,https://www.youtube.com/watch?v=ix0JATiezps,0,0,0,0,
9c913230c732455c9604dae9ebcfa64e,2460,129033,30,17,1062,https://www.youtube.com/watch?v=Nbx98H3ac6A,0,0,0,,30,17,1062,https://www.youtube.com/watch?v=Nbx98H3ac6A,1376,276,221,473,https://www.twitch.tv/videos/2881777977
27bbe711f5e848a9bc8accc73fc79471,2450,27162,293,121,509,https://www.youtube.com/watch?v=q69d6yAy2Og,412,178,412,https://www.youtube.com/watch?v=9w1Il-7Xm2c,175,64,509,https://www.youtube.com/watch?v=q69d6yAy2Og,0,0,0,0,
41a105676f5643d981a2167e8ac55552,2450,79332,1647,1020,11506,https://www.youtube.com/watch?v=4DVwcSUrMQM,1666,1097,2527,https://www.youtube.com/watch?v=nKq3uyU3hA8,765,617,11506,https://www.youtube.com/watch?v=4DVwcSUrMQM,108,0,0,0,
c94bc4ff4689403aac751731d33150e6,2450,85984,1205,246,2179,https://www.youtube.com/watch?v=PfgPAdtMSAQ,959,197,1564,https://www.youtube.com/watch?v=pOZ2RQCnZHU,1205,312,2179,https://www.youtube.com/watch?v=PfgPAdtMSAQ,510,179,137,258,https://www.twitch.tv/videos/2882809533
bff58c28269748eb99103a257886309a,2440,93342,363,189,1778,https://www.youtube.com/watch?v=PyiNgqxoKro,366,193,1778,https://www.youtube.com/watch?v=PyiNgqxoKro,172,92,172,https://www.youtube.com/watch?v=CbfToRPDigw,0,0,0,0,
68c912c0e68b455f91cd3e1dfbf7d33b,2430,74076,400,236,1073,https://www.youtube.com/watch?v=R42qGd6JC0Y,400,236,1073,https://www.youtube.com/watch?v=R42qGd6JC0Y,0,0,0,,726,91,64,91,https://www.twitch.tv/videos/2883668393
364f94fc7493453e9f53787ade8e35c6,2420,427286,668,5,668,https://www.youtube.com/watch?v=4RU9kPXuFnE,668,5,668,https://www.youtube.com/watch?v=4RU9kPXuFnE,0,0,0,,0,0,0,0,
cfc335d4b3e3411ca5b39ccb41a81958,2420,166162,1711,1084,2100,https://www.youtube.com/watch?v=3cPKsRHrLpU,1648,1057,2100,https://www.youtube.com/watch?v=3cPKsRHrLpU,1774,1324,1774,https://www.youtube.com/watch?v=bpebJzSK9ws,0,0,0,0,
a7874e2ea7a44640a4ad427680a1dc9a,2410,77256,0,0,0,,0,0,0,,0,0,0,,353,468,335,629,https://www.twitch.tv/videos/2886251969
d18dd7d3e19f469b9e3faaa6c1fe2b0d,2400,56575,354,149,830,https://www.youtube.com/watch?v=KO1ez2HTk3I,386,150,830,https://www.youtube.com/watch?v=KO1ez2HTk3I,146,113,216,https://www.youtube.com/watch?v=QmhFeA_jZAw,241,0,0,0,
72a83f60773546dba886008320809d70,2400,489310,0,0,0,,0,0,0,,0,0,0,,10268,927,735,1838,https://www.twitch.tv/videos/2883305453
cc1bad00639b4149b277f0d2e99c2abe,2400,87610,156,107,216,https://www.youtube.com/watch?v=0BEhb8lycvQ,156,107,216,https://www.youtube.com/watch?v=0BEhb8lycvQ,0,0,0,,0,0,0,0,
fa2a2255fa7d4aa7b5b54dea5dd2b1c4,2390,74391,133,48,246,https://www.youtube.com/watch?v=eTdtRNUBPUk,133,48,246,https://www.youtube.com/watch?v=eTdtRNUBPUk,0,0,0,,0,0,0,0,
6510332f58be4d86b0007c77a622c959,2380,349509,1348,598,2513,https://www.youtube.com/watch?v=TWgB33n6ULo,1478,642,2513,https://www.youtube.com/watch?v=TWgB33n6ULo,612,23,612,https://www.youtube.com/watch?v=czJB7ZBKJIQ,3306,295,222,459,https://www.twitch.tv/videos/2880188519
5d69f3ef45524ac89eeea706890a2a61,2380,114658,3996,1144,22116,https://www.youtube.com/watch?v=fPAFXa0BDTk,0,0,0,,3996,1144,22116,https://www.youtube.com/watch?v=fPAFXa0BDTk,588,218,187,316,https://www.twitch.tv/videos/2885452042
92e03a33b1e640f6aa94211011de5d24,2370,100171,168,80,3494,https://www.youtube.com/watch?v=SXaWyuVItEw,157,68,331,https://www.youtube.com/watch?v=lXYNojNAr0w,1067,499,3494,https://www.youtube.com/watch?v=SXaWyuVItEw,321,57,41,114,https://www.twitch.tv/videos/2887988284
bd9c7d2e96094ce7b8ca032228bb13c7,2370,48552,0,0,0,,0,0,0,,0,0,0,,0,0,0,0,
c0ce3bfbf1434af3a2a7bd7b2c38e7e7,2360,199079,1470,434,3688,https://www.youtube.com/watch?v=c-XezE1y_D0,1470,434,3688,https://www.youtube.com/watch?v=c-XezE1y_D0,0,0,0,,0,0,0,0,
c805a5c2c4fb4a068a65267452aa4da5,2360,90035,124,33,324,https://www.youtube.com/watch?v=PbGcZTDqC_w,74,18,324,https://www.youtube.com/watch?v=PbGcZTDqC_w,212,85,212,https://www.youtube.com/watch?v=aMl5_ja4RKU,0,0,0,0,
c79b5a5a5c8b4d8f917afdfc16c01961,2360,105466,0,0,0,,0,0,0,,0,0,0,,3955,789,515,1246,https://www.twitch.tv/videos/2874961152
4d44c28a73394954a4d1bf2a1b2c162c,2360,164617,645,137,1258,https://www.youtube.com/watch?v=PFWotWf7wZQ,645,428,1258,https://www.youtube.com/watch?v=PFWotWf7wZQ,666,110,732,https://www.youtube.com/watch?v=P2V_31TO2i0,0,0,0,0,
572c03fa49b54d4b95935321b4722b68,2360,498221,298,112,1267,https://www.youtube.com/watch?v=YWm-er0-iXo,0,0,0,,298,112,1267,https://www.youtube.com/watch?v=YWm-er0-iXo,1985,152,47,876,https://www.twitch.tv/videos/2888610528
5c7278d46cd24b8eb5f49c446acc759d,2350,25710,656,357,1189,https://www.youtube.com/watch?v=90cqOzI_V2k,656,357,1189,https://www.youtube.com/watch?v=90cqOzI_V2k,0,0,0,,86,0,0,0,
6fa5098cd1c644c5871a47a7e56803dc,2350,112057,1460,459,3682,https://www.youtube.com/watch?v=4RKwa9nG6xQ,1460,459,3682,https://www.youtube.com/watch?v=4RKwa9nG6xQ,0,0,0,,269,0,0,0,
46954e0541644057a88f590a4739722c,2350,80566,433,242,763,https://www.youtube.com/watch?v=3B1GiIy9kK4,435,282,763,https://www.youtube.com/watch?v=3B1GiIy9kK4,173,95,314,https://www.youtube.com/watch?v=9Iq941uBa8k,141,0,0,0,
80c426d23cdb4dcda1d1a0a1bd7e0245,2340,27446,0,0,0,,0,0,0,,0,0,0,,6168,183,104,243,https://www.twitch.tv/videos/2887143210
2af83bdd7db644d88ffdaf123c38619b,2340,80153,139,83,252,https://www.youtube.com/watch?v=FUycddd1VHc,139,83,252,https://www.youtube.com/watch?v=FUycddd1VHc,0,0,0,,0,0,0,0,
b7fa120fd2264ecca8f9f02ece2850a9,2340,80836,0,0,0,,0,0,0,,0,0,0,,158,0,0,0,
eb38f509e8464ba19ba8579e0b99e262,2340,107847,256,104,476,https://www.youtube.com/watch?v=fgR4WzWta6g,256,104,476,https://www.youtube.com/watch?v=fgR4WzWta6g,0,0,0,,0,0,0,0,
a9e5491563fd4b05896ef9a8cb2ee7d7,2330,146757,349,97,932,https://www.youtube.com/watch?v=RVT-qGecqog,222,60,578,https://www.youtube.com/watch?v=iqRa9vHb0VA,592,313,932,https://www.youtube.com/watch?v=RVT-qGecqog,0,0,0,0,
6274e7f2acaf4d48b5fa569168f9468e,2330,147489,282,32,483,https://www.youtube.com/watch?v=do92g4aQe_Y,282,32,483,https://www.youtube.com/watch?v=do92g4aQe_Y,0,0,0,,0,0,0,0,
95f3f004ed9641139567827519f6b35e,2330,160134,0,0,0,,0,0,0,,0,0,0,,252,0,0,0,
6c812a2f61ac470f8e3b30a92dca9d81,2330,76286,0,0,0,,0,0,0,,0,0,0,,0,0,0,0,
084c49d869114256af18c13cc4b56414,2330,52727,0,0,0,,0,0,0,,0,0,0,,0,0,0,0,
70d5f64a7e324d7584d7e5116d6dc5a2,2330,76406,0,0,0,,0,0,0,,0,0,0,,0,0,0,0,
65a52797bec24b9bb2df5201068873a4,2320,26185,182,105,187,https://www.youtube.com/watch?v=bNFv_kMeOTs,182,105,187,https://www.youtube.com/watch?v=bNFv_kMeOTs,0,0,0,,0,0,0,0,
d3a3eab7a3e34ea98784c44e3691c726,2320,90878,0,0,0,,0,0,0,,0,0,0,,0,0,0,0,
076c16fcd0c843c0b70748712d15f233,2310,37233,321,172,321,https://www.youtube.com/watch?v=5wpUWCjZAls,321,172,321,https://www.youtube.com/watch?v=5wpUWCjZAls,0,0,0,,0,0,0,0,
43e557d175ce462b97c4c406954d8c04,2310,467461,143,75,640,https://www.youtube.com/watch?v=xz05AJpzdyE,140,74,640,https://www.youtube.com/watch?v=xz05AJpzdyE,153,96,153,https://www.youtube.com/watch?v=W4YPrCkPkBk,523,21,13,31,https://www.twitch.tv/videos/2882757869
b975eb70ed174bbda87e181be25bd1c5,2310,87589,0,0,0,,0,0,0,,0,0,0,,0,0,0,0,
e8be1d48c5a249cebcef72b17653ef34,2310,22358,0,0,0,,0,0,0,,0,0,0,,0,0,0,0,
9fb51e14ba1c499eb6383a7a166a4d52,2310,88931,35,13,957,https://www.youtube.com/watch?v=sbMXeOm3ZKc,43,8,43,https://www.youtube.com/watch?v=HUNk8kMUNw8,33,13,957,https://www.youtube.com/watch?v=sbMXeOm3ZKc,0,0,0,0,
6873f5b9a88c42ba980878bbffb5682a,2310,188567,363,164,480,https://www.youtube.com/watch?v=qoJKp-Yp76c,352,164,480,https://www.youtube.com/watch?v=qoJKp-Yp76c,375,161,375,https://www.youtube.com/watch?v=ofDKikjdfJE,0,0,0,0,
395eade6d67445e1831010cac52ab444,2300,96332,0,0,0,,0,0,0,,0,0,0,,777,0,0,0,
a64ba9e0b7dd4de58ffbdf9ca043a90b,2290,110955,363,238,596,https://www.youtube.com/watch?v=61JXrmc1oSo,363,238,596,https://www.youtube.com/watch?v=61JXrmc1oSo,0,0,0,,94,0,0,0,
6cd8cdc530d14e2d9d0a9cd20cb6b05c,2290,93271,450,283,1010,https://www.youtube.com/watch?v=YKX4zZzWtk4,450,283,1010,https://www.youtube.com/watch?v=YKX4zZzWtk4,0,0,0,,0,0,0,0,
ad43fda31b7842dc8e7854840b974614,2290,105420,195,99,313,https://www.youtube.com/watch?v=-uPK8NbWYEc,193,90,313,https://www.youtube.com/watch?v=-uPK8NbWYEc,199,115,199,https://www.youtube.com/watch?v=BK_qdwyDJN0,1156,42,24,42,https://www.twitch.tv/videos/2880449349
fe0305c914c549879b315b6dc3204748,2290,47399,0,0,0,,0,0,0,,0,0,0,,0,0,0,0,
6f382359f4d0436e9e1d4f87e4696e76,2280,70507,0,0,0,,0,0,0,,0,0,0,,0,0,0,0,
4ac7e88bd2234040a1da03644b06a501,2280,0,0,0,0,,0,0,0,,0,0,0,,0,0,0,0,
c1aa10208a06439481231599b25845b0,2280,194130,357,94,1000,https://www.youtube.com/watch?v=wkLyCJIzuAE,809,420,1000,https://www.youtube.com/watch?v=wkLyCJIzuAE,247,92,419,https://www.youtube.com/watch?v=B1kWIAx4SY4,2207,99,73,197,https://www.twitch.tv/videos/2885413796
7ce04ee5bb63467f8b70a69136049218,2280,26967,0,0,0,,0,0,0,,0,0,0,,1784,99,75,126,https://www.twitch.tv/videos/2880874441
c3945429509246f79c5f0a18594f696d,2280,92261,1429,831,1582,https://www.youtube.com/watch?v=ASdwVbXQQqk,0,0,0,,1429,831,1582,https://www.youtube.com/watch?v=ASdwVbXQQqk,16241,4770,530,6150,https://www.twitch.tv/videos/2869418764
a60c8fc0a1324bf8b65053231ee22373,2260,573492,87,44,1026,https://www.youtube.com/watch?v=H-nvy4JOMPs,82,44,193,https://www.youtube.com/watch?v=4uF9LGoPtbo,141,66,1026,https://www.youtube.com/watch?v=H-nvy4JOMPs,188,8,6,15,https://www.twitch.tv/videos/2883575481
78dea7b59be448329ec287a403f95a13,2260,35974,28,7,1500,https://www.youtube.com/watch?v=EXA70v2DpIQ,0,0,0,,28,7,1500,https://www.youtube.com/watch?v=EXA70v2DpIQ,2125,143,85,168,https://www.twitch.tv/videos/2881001467
44ae1f339250472c82d1fc4ffb3610ad,2260,144995,1455,707,2524,https://www.youtube.com/watch?v=gcC4dTULJuk,1556,719,2524,https://www.youtube.com/watch?v=gcC4dTULJuk,214,94,214,https://www.youtube.com/watch?v=LForKwdCnHI,3094,888,434,76898,https://www.twitch.tv/videos/2887766016
504678b9fa2f4506879ba42b27a13dff,2240,259306,247,144,1369,https://www.youtube.com/watch?v=w7UsHp9hssM,190,112,842,https://www.youtube.com/watch?v=4k_uRUl4Ymc,1130,499,1369,https://www.youtube.com/watch?v=w7UsHp9hssM,0,0,0,0,
58d43efc5b4046148d02de0e65ef9120,2230,333383,995,489,2480,https://www.youtube.com/watch?v=SOxWjlLZgQg,1130,504,2480,https://www.youtube.com/watch?v=SOxWjlLZgQg,921,307,1025,https://www.youtube.com/watch?v=V-UNLKAaXcU,603,126,78,324,https://www.twitch.tv/videos/2886810994
de610557c5c041df85e41e7f2f5490f5,2230,12773,0,0,0,,0,0,0,,0,0,0,,4256,419,353,912,https://www.twitch.tv/videos/2885976735
27f5926236d04e34a08fdb7ab83940bc,2230,71878,353,97,432,https://www.youtube.com/watch?v=MdmtvEtna60,353,97,432,https://www.youtube.com/watch?v=MdmtvEtna60,0,0,0,,0,0,0,0,
25904d8b82c84d74a8abffb804647e21,2230,114596,0,0,0,,0,0,0,,0,0,0,,393,0,0,0,
ab069c9401bc4bd09eea8f5ece525d54,2220,351341,764,467,764,https://www.youtube.com/watch?v=JXIoVWB5Zr0,764,467,764,https://www.youtube.com/watch?v=JXIoVWB5Zr0,0,0,0,,0,0,0,0,
65c0e7f6562d419e944caea644836c1f,2220,96094,324,118,367,https://www.youtube.com/watch?v=H0GtPxeSmY8,324,118,367,https://www.youtube.com/watch?v=H0GtPxeSmY8,0,0,0,,294,20,16,20,https://www.twitch.tv/videos/2886322474
c52b95b6a42d48f0ae888720492a5a46,2220,147327,248,168,248,https://www.youtube.com/watch?v=4CZo2JZuWz0,248,168,248,https://www.youtube.com/watch?v=4CZo2JZuWz0,0,0,0,,0,0,0,0,
9b8fe3ac0f30473f87290d314dfda74e,2220,4493,1183,203,1183,https://www.youtube.com/watch?v=L7FJRtwQphw,0,0,0,,1183,203,1183,https://www.youtube.com/watch?v=L7FJRtwQphw,0,0,0,0,
345b2eb5c8bf4d7d9fa72176f67de440,2220,44291,32,13,39,https://www.youtube.com/watch?v=nm6HqBoL01I,0,0,0,,32,13,39,https://www.youtube.com/watch?v=nm6HqBoL01I,884,206,164,249,https://www.twitch.tv/videos/2883607865
751596501f4f420a8a5c5c9d839efb22,2210,116040,0,0,0,,0,0,0,,0,0,0,,272,0,0,0,
e58a5a6f40e040d79bbcd139824d6fc7,2210,294822,768,440,1603,https://www.youtube.com/watch?v=qpqXBG442c0,0,0,0,,768,440,1603,https://www.youtube.com/watch?v=qpqXBG442c0,12007,3817,1597,4977,https://www.twitch.tv/videos/2871086793
d418b8a185f449b3a15c1656ba654780,2200,161152,0,0,0,,0,0,0,,0,0,0,,0,0,0,0,
8e84dbdebec446bab8c82b3f0467f398,2200,214073,188,84,2128,https://www.youtube.com/watch?v=wdcGWjxw0Xw,154,71,260,https://www.youtube.com/watch?v=1Xeluh3XQ3s,1102,438,2128,https://www.youtube.com/watch?v=wdcGWjxw0Xw,0,0,0,0,
1ead15220cb842a79c3922d08d618e31,2200,4611,0,0,0,,0,0,0,,0,0,0,,0,0,0,0,
8c171b8f4b854cbfade4ee2babc19e0f,2190,60798,415,219,1249,https://www.youtube.com/watch?v=AAxb1wp2UYY,415,219,1249,https://www.youtube.com/watch?v=AAxb1wp2UYY,0,0,0,,0,0,0,0,
60602526ae1d48688c23a74b3cb527e8,2190,102920,304,152,495,https://www.youtube.com/watch?v=yCbmkwBBIwc,304,152,495,https://www.youtube.com/watch?v=yCbmkwBBIwc,0,0,0,,0,0,0,0,
a76c19e10aa4463f92f0d2e0f30ab84a,2190,160440,317,162,985,https://www.youtube.com/watch?v=pZ2Cz3NF77o,317,162,985,https://www.youtube.com/watch?v=pZ2Cz3NF77o,472,113,811,https://www.youtube.com/watch?v=27QbFBgnTH4,0,0,0,0,
e897180feafa4f748c41f13306b6f379,2190,552835,1430,485,9551,https://www.youtube.com/watch?v=5ad-_oPXvV4,373,170,2879,https://www.youtube.com/watch?v=MIkRbTzbH7U,2354,1012,9551,https://www.youtube.com/watch?v=5ad-_oPXvV4,63,0,0,0,
8b732f3260e0427f9cf795b93ada310a,2180,69113,0,0,0,,0,0,0,,0,0,0,,4002,859,578,1549,https://www.twitch.tv/videos/2876945801
8890acc220cd4f969ec2e23a28c1eda2,2180,12431,0,0,0,,0,0,0,,0,0,0,,0,0,0,0,
19a2801d800547e58c6560aa1accf3e4,2170,102066,455,164,610,https://www.youtube.com/watch?v=V_xafC6XX7s,455,164,610,https://www.youtube.com/watch?v=V_xafC6XX7s,0,0,0,,452,0,0,0,
8a63cc5d44b44e2c88122e98c533d20a,2170,332571,0,0,0,,0,0,0,,0,0,0,,0,0,0,0,
d564ef4ee383435787e18dee18247631,2170,73930,233,114,1646,https://www.youtube.com/watch?v=9m56h1IEOJQ,201,97,1646,https://www.youtube.com/watch?v=9m56h1IEOJQ,1528,822,1528,https://www.youtube.com/watch?v=KaO9CzHIJUE,404,10,7,15,https://www.twitch.tv/videos/2888885839
7cc197b36bc64bf38aaf98a17eaf8d31,2170,239682,484,171,1587,https://www.youtube.com/watch?v=7XxpkA2OR_Y,338,167,738,https://www.youtube.com/watch?v=4HLFNrf6eGI,1051,297,1587,https://www.youtube.com/watch?v=7XxpkA2OR_Y,0,0,0,0,
e91df1edab1b4b01b37419becd9f5b86,2170,73562,924,390,2501,https://www.youtube.com/watch?v=k_gHG5s5GSo,924,214,1392,https://www.youtube.com/watch?v=gz64N-LiFnU,814,763,2501,https://www.youtube.com/watch?v=k_gHG5s5GSo,80,81,51,127,https://www.twitch.tv/videos/2890504451
d45c287a84b6485e8ff3400cf50f5db7,2160,170330,0,0,0,,0,0,0,,0,0,0,,4456,674,336,1056,https://www.twitch.tv/videos/2874812536
b5c9831f97f4427a88a96d7c4ee40539,2150,200700,0,0,0,,0,0,0,,0,0,0,,1691,0,0,0,
62b58adde13f4a73ab406f857d730e20,2150,115046,292,123,1111,https://www.youtube.com/watch?v=mXqpysm3rvg,259,99,878,https://www.youtube.com/watch?v=SSMfIWbI9_s,431,272,1111,https://www.youtube.com/watch?v=mXqpysm3rvg,0,0,0,0,
5da8c6fb027049cc8bc2030c56e8c489,2150,30369,0,0,0,,0,0,0,,0,0,0,,135,0,0,0,
3a8fe50b02d04b45af3974ed979c52eb,2150,119093,646,219,2252,https://www.youtube.com/watch?v=gs0qf7PjICE,434,201,838,https://www.youtube.com/watch?v=IvRUOXhFYFs,1317,1064,2252,https://www.youtube.com/watch?v=gs0qf7PjICE,0,0,0,0,
948d1078ceaf4b39b3bef86fdab85482,2150,46867,427,238,635,https://www.youtube.com/watch?v=Vy-pUS6XezU,427,238,635,https://www.youtube.com/watch?v=Vy-pUS6XezU,0,0,0,,2941,198,165,208,https://www.twitch.tv/videos/2885398133
326e254f0da14bc6bfc5d379164cf5c6,2140,47042,0,0,0,,0,0,0,,0,0,0,,0,0,0,0,
8b810380ed254a5e8a85b65552ba4e61,2140,129033,1196,120,1870,https://www.youtube.com/watch?v=J7XvML6KIl0,0,0,0,,1196,120,1870,https://www.youtube.com/watch?v=J7XvML6KIl0,23877,1431,877,179379,https://www.twitch.tv/videos/2867633232
ef03340f293242f89fe15f2f828dbf7f,2130,51016,150,72,435,https://www.youtube.com/watch?v=AvEdI3L8kWY,150,72,435,https://www.youtube.com/watch?v=AvEdI3L8kWY,0,0,0,,654,26,16,37,https://www.twitch.tv/videos/2883567786
8f7fdc3104f541539132c122eeab6801,2130,55705,235,127,874,https://www.youtube.com/watch?v=16Xpzc7oP7U,235,127,874,https://www.youtube.com/watch?v=16Xpzc7oP7U,0,0,0,,0,0,0,0,
b84f2dfff8ce4ca1af82bfc44405f1e7,2130,99468,107,55,239,https://www.youtube.com/watch?v=mIBwkOnPqvc,107,55,239,https://www.youtube.com/watch?v=mIBwkOnPqvc,0,0,0,,0,0,0,0,
f3b487c00ef5466eaa529f3a2e8d6753,2130,39382,432,129,3055,https://www.youtube.com/watch?v=hgOS6aIbZDE,427,126,3055,https://www.youtube.com/watch?v=hgOS6aIbZDE,1408,601,1408,https://www.youtube.com/watch?v=nHHLCCG8rCM,0,0,0,0,
c41a24bf9c8f48ee9454119057088688,2130,87806,0,0,0,,0,0,0,,0,0,0,,0,0,0,0,
2a5241b8ebc54be98263c9ea2924b7e9,2130,97844,1157,583,13450,https://www.youtube.com/watch?v=H5gaA6GcUCE,0,0,0,,1157,583,13450,https://www.youtube.com/watch?v=H5gaA6GcUCE,2327,495,192,1311,https://www.twitch.tv/videos/2884122132
4f20b9493001401f81b7a451bf856fba,2120,291946,1501,938,48746,https://www.youtube.com/watch?v=kXeFOtXM28o,0,0,0,,1501,938,48746,https://www.youtube.com/watch?v=kXeFOtXM28o,1594,0,0,0,
80ea9b92d31c48b8b2cf2ca5bacc2a08,2120,71014,145,130,221,https://www.youtube.com/watch?v=zjOcpAYpg8w,145,130,221,https://www.youtube.com/watch?v=zjOcpAYpg8w,0,0,0,,0,0,0,0,
9efea510313f4733b4d0b5e3cfb6988b,2110,536070,120,33,133,https://www.youtube.com/watch?v=mSeDJ7HBsoY,107,23,107,https://www.youtube.com/watch?v=Elc8bjAKHEY,133,44,133,https://www.youtube.com/watch?v=mSeDJ7HBsoY,0,0,0,0,
226eb1e34c924ae2914d960039905d08,2110,242066,180,96,488,https://www.youtube.com/watch?v=qNr361uNp7U,193,99,488,https://www.youtube.com/watch?v=qNr361uNp7U,125,39,180,https://www.youtube.com/watch?v=r-Pm4NNVvAw,0,0,0,0,
1310ffb60dcf40eaaf6a08890e632234,2110,108630,367,140,662,https://www.youtube.com/watch?v=3t1r53UTbdw,367,140,662,https://www.youtube.com/watch?v=3t1r53UTbdw,0,0,0,,0,0,0,0,
2c92fe49ca9f4b8faf8f4521378857d2,2110,299286,1072,424,1072,https://www.youtube.com/watch?v=7OcU9ruwKkI,0,0,0,,1072,424,1072,https://www.youtube.com/watch?v=7OcU9ruwKkI,672,13,10,29,https://www.twitch.tv/videos/2889765056
4f93fe928d264a299c6589e09fbda21e,2110,163516,0,0,0,,0,0,0,,0,0,0,,0,0,0,0,
77829b31e6e246efbf1f648a353ff823,2110,338000,746,260,2026,https://www.youtube.com/watch?v=GQd87s4gAiI,657,257,1691,https://www.youtube.com/watch?v=siCADrYk8K0,1703,645,2026,https://www.youtube.com/watch?v=GQd87s4gAiI,0,0,0,0,
9870111c23124c19a12de7bbdeb8abc1,2100,74556,181,49,277,https://www.youtube.com/watch?v=OvLG4QSNK-U,181,49,277,https://www.youtube.com/watch?v=OvLG4QSNK-U,0,0,0,,0,0,0,0,
40082e2bb0b546d3bd3ebb75a3192092,2100,1667868,223,106,1492,https://www.youtube.com/watch?v=FmjwvnlcJ4g,107,19,107,https://www.youtube.com/watch?v=Y-cYqsIqUyg,247,108,1492,https://www.youtube.com/watch?v=FmjwvnlcJ4g,0,0,0,0,
a324be13dcdb4acbbe722638fc2dbfa4,2090,82042,324,90,1058,https://www.youtube.com/watch?v=zGPrsZd1IEM,315,84,1058,https://www.youtube.com/watch?v=zGPrsZd1IEM,979,450,979,https://www.youtube.com/watch?v=GjcbC6pEEQU,125,7,6,18,https://www.twitch.tv/videos/2880121194
6d2945d11f504edb9962f742b54f6553,2090,37063,91,53,100,https://www.youtube.com/watch?v=MCQHra9nfCI,91,53,100,https://www.youtube.com/watch?v=MCQHra9nfCI,0,0,0,,1116,82,70,110,https://www.twitch.tv/videos/2884479417
6b36f446b10e4ea99d5d80d60beeee21,2080,50628,0,0,0,,0,0,0,,0,0,0,,8133,115,86,157,https://www.twitch.tv/videos/2885172911
44b22851b9df4612bec834e2cfde9489,2080,525754,171,77,370,https://www.youtube.com/watch?v=gfKMEuWIc3s,167,73,370,https://www.youtube.com/watch?v=gfKMEuWIc3s,295,108,295,https://www.youtube.com/watch?v=V4ZfFG2P8pk,0,0,0,0,
e9047e02eb6340ff940114f754c76875,2080,59609,353,62,353,https://www.youtube.com/watch?v=el2iL7yS2QM,353,62,353,https://www.youtube.com/watch?v=el2iL7yS2QM,0,0,0,,0,0,0,0,
6eefc3826f4f49a0b28a5288c5e0d83e,2080,13417,306,160,306,https://www.youtube.com/watch?v=z_e-spntUVg,0,0,0,,306,160,306,https://www.youtube.com/watch?v=z_e-spntUVg,2677,549,472,687,https://www.twitch.tv/videos/2889454232
361d3dd97ee9430f85d57b61ea8f0b85,2070,182467,339,170,513,https://www.youtube.com/watch?v=dvLcc7kmLLo,339,170,513,https://www.youtube.com/watch?v=dvLcc7kmLLo,0,0,0,,0,0,0,0,
ab540a5b73bb4dfa85cebffb70fad5db,2070,59911,0,0,0,,0,0,0,,0,0,0,,1217,0,0,0,
93e7079bd21c499f9004e79d18489d28,2060,498333,0,0,0,,0,0,0,,0,0,0,,85,0,0,0,
33918eea49984fb499619652ce58a4fa,2060,35810,0,0,0,,0,0,0,,0,0,0,,0,0,0,0,
52324c45fae74014bc603ae09d8d6136,2060,82679,790,312,3165,https://www.youtube.com/watch?v=TSComNmXgf0,691,289,1386,https://www.youtube.com/watch?v=xpl5GR-4jHo,1857,504,3165,https://www.youtube.com/watch?v=TSComNmXgf0,186,0,0,0,
9087489bcb234de9bb2a8942a1562a61,2060,76499,0,0,0,,0,0,0,,0,0,0,,0,0,0,0,
0563e1d0ff394d1ab0d6a09d89870fba,2060,160039,181,50,366,https://www.youtube.com/watch?v=N8KlMirFQEk,183,52,366,https://www.youtube.com/watch?v=N8KlMirFQEk,159,23,165,https://www.youtube.com/watch?v=dtDCRtwMQkk,176,39,30,78,https://www.twitch.tv/videos/2885380205
a5681ed32f994c57a107a0b9248fb228,2050,89452,329,119,641,https://www.youtube.com/watch?v=wpnhv32vsQ0,329,119,641,https://www.youtube.com/watch?v=wpnhv32vsQ0,0,0,0,,0,0,0,0,
cb52afa541704e6e8f1098a20679135c,2050,120813,139,57,173,https://www.youtube.com/watch?v=Z7nEg1oq1Ek,139,57,173,https://www.youtube.com/watch?v=Z7nEg1oq1Ek,0,0,0,,342,0,0,0,
7d2aa4176f60423bb1532ac37ed55e28,2050,181115,435,251,2851,https://www.youtube.com/watch?v=Wi4J1f33Sro,307,146,997,https://www.youtube.com/watch?v=Tfbq1AtDa9k,2217,2061,2851,https://www.youtube.com/watch?v=Wi4J1f33Sro,0,0,0,0,
b8d723ac79eb47229a23adc4029a5bd5,2050,0,0,0,0,,0,0,0,,0,0,0,,0,0,0,0,
1b863baf309a4ff587385012bb5bde51,2050,80600,0,0,0,,0,0,0,,0,0,0,,339,0,0,0,
9133438057714eb196366f5ecbed6a4a,2040,701748,1199,580,7039,https://www.youtube.com/watch?v=5ul4_18eyJA,0,0,0,,1199,580,7039,https://www.youtube.com/watch?v=5ul4_18eyJA,0,0,0,0,
0414bb8fc082472a9434bd4a463a9865,2030,11232,0,0,0,,0,0,0,,0,0,0,,191,0,0,0,
83eff3b0de694818876092eaabd35b4a,2030,99599,163,62,259,https://www.youtube.com/watch?v=AxdK_RmOqaw,170,55,259,https://www.youtube.com/watch?v=AxdK_RmOqaw,130,69,130,https://www.youtube.com/watch?v=iqtLkXzMXyw,0,0,0,0,
e32a7d950f5a4b53ab2f47d225aec4fd,2030,55011,0,0,0,,0,0,0,,0,0,0,,0,0,0,0,
bb1cda940e0a44b3a25f3e368c19c490,2030,65022,476,306,476,https://www.youtube.com/watch?v=-PtBsJCnO4M,476,306,476,https://www.youtube.com/watch?v=-PtBsJCnO4M,0,0,0,,0,0,0,0,
2e58c53f72f144dbad853ca8630dab19,2030,77400,423,158,845,https://www.youtube.com/watch?v=CypnRSlyfwQ,423,158,845,https://www.youtube.com/watch?v=CypnRSlyfwQ,0,0,0,,240,0,0,0,
83a59a0d6537461fb429af7e3af1d152,2020,258866,70,60,70,https://www.youtube.com/watch?v=fTQo2yGiT98,0,0,0,,70,60,70,https://www.youtube.com/watch?v=fTQo2yGiT98,0,0,0,0,
712d031e7f004ed99aa1dfdb176cff32,2020,121122,0,0,0,,0,0,0,,0,0,0,,321,0,0,0,
2a20316d245d406193331300bb44fdec,2010,26426,0,0,0,,0,0,0,,0,0,0,,5392,537,229,1471,https://www.twitch.tv/videos/2888105180
53cd965ca91e495887b89aabd6314402,2010,75634,1696,1135,4588,https://www.youtube.com/watch?v=sXsX26_cYRM,1829,1135,4588,https://www.youtube.com/watch?v=sXsX26_cYRM,346,125,346,https://www.youtube.com/watch?v=UUGsVm0t-i4,26,0,0,0,
6eeed5b0702a45df8470a617ee2c5243,2010,24090,0,0,0,,0,0,0,,0,0,0,,0,0,0,0,
637a5867616a436ba0f7cdd36057f55a,2010,164889,273,237,548,https://www.youtube.com/watch?v=u4bMmxvsB8Y,273,237,548,https://www.youtube.com/watch?v=u4bMmxvsB8Y,0,0,0,,112,10,9,14,https://www.twitch.tv/videos/2890511288
95f8bb8a92c1450b8b5993f740b39338,2000,766108,0,0,0,,0,0,0,,0,0,0,,295,0,0,0,
14d334ad35f146ecbb047d1c20652fe1,2000,351935,0,0,0,,0,0,0,,0,0,0,,0,0,0,0,
89f4c9a5a9374700ae9f3725cd8a3f0f,2000,207992,866,310,1513,https://www.youtube.com/watch?v=9_N7PhoKZbg,404,274,496,https://www.youtube.com/watch?v=7GFVbj-kPow,997,471,1513,https://www.youtube.com/watch?v=9_N7PhoKZbg,207,0,0,0,
749161d9934f41bf97e7210afd6b3bb1,1990,41147,0,0,0,,0,0,0,,0,0,0,,103,0,0,0,
9031798ec1884b52b17df470b6c379b2,1990,58527,478,233,636,https://www.youtube.com/watch?v=yPcNDfP-NHA,478,233,636,https://www.youtube.com/watch?v=yPcNDfP-NHA,0,0,0,,0,0,0,0,
0fbdfcc1b9cf41fdb840cf2f546d9324,1990,158837,87,28,433,https://www.youtube.com/watch?v=6er9rimO8vg,103,47,433,https://www.youtube.com/watch?v=6er9rimO8vg,32,22,140,https://www.youtube.com/watch?v=_RhOFTEIgy4,686,0,0,0,
7bd1bc8b491d47e0b7cf0a573c36120e,1990,103120,0,0,0,,0,0,0,,0,0,0,,0,0,0,0,
0c1efcf431bc4ffbb208775a9738e348,1980,72818,727,395,733,https://www.youtube.com/watch?v=StXFUExoYBo,727,395,733,https://www.youtube.com/watch?v=StXFUExoYBo,0,0,0,,181,0,0,0,
bc7d14416ba24cc8819f0753e1f595f5,1980,337712,172,74,302,https://www.youtube.com/watch?v=twWv9b3Soto,172,74,302,https://www.youtube.com/watch?v=twWv9b3Soto,0,0,0,,0,0,0,0,
018244f1ad404c9eaa4ddf747c3bafa0,1970,286284,513,254,1302,https://www.youtube.com/watch?v=mzvhb670qQI,533,294,1302,https://www.youtube.com/watch?v=mzvhb670qQI,99,41,141,https://www.youtube.com/watch?v=az_CYQXOAoY,0,0,0,0,
6bddfe8d54104f4192c56e4935a871de,1970,604968,0,0,0,,0,0,0,,0,0,0,,1381,313,203,763,https://www.twitch.tv/videos/2889518058
bf124655587e4f5b937d695be814d25d,1960,156016,336,126,373,https://www.youtube.com/watch?v=SBEaTYQ0oZU,336,126,373,https://www.youtube.com/watch?v=SBEaTYQ0oZU,0,0,0,,0,0,0,0,
70c982c2dffc4cd08c90431abcc8be97,1960,60656,118,57,503,https://www.youtube.com/watch?v=senMG-jE-4c,118,57,503,https://www.youtube.com/watch?v=senMG-jE-4c,0,0,0,,215,32,23,44,https://www.twitch.tv/videos/2889749155
4de89158f20a4d0e8023f15db8a9526e,1960,155460,0,0,0,,0,0,0,,0,0,0,,0,0,0,0,
5ff20156ebbf4390a3573d6a94aed8df,1960,102564,160,77,633,https://www.youtube.com/watch?v=kVjx_p2GQoI,186,82,633,https://www.youtube.com/watch?v=kVjx_p2GQoI,125,53,125,https://www.youtube.com/watch?v=WwxgZz6Bdqo,0,0,0,0,
5b1bd72acc95440cb3aa381c89cfca3c,1960,101055,1705,747,2519,https://www.youtube.com/watch?v=UO2anFUk-cc,0,0,0,,1705,747,2519,https://www.youtube.com/watch?v=UO2anFUk-cc,0,0,0,0,
c0ae01f224734769a38c39b97fb6dbb7,1950,52631,0,0,0,,0,0,0,,0,0,0,,411,0,0,0,
4b7c733a13d247ec84844698ecc7ba0c,1950,43750,0,0,0,,0,0,0,,0,0,0,,2819,255,194,415,https://www.twitch.tv/videos/2886890113
1025a2d1ea674c649b1e7934895bd419,1940,58133,342,195,509,https://www.youtube.com/watch?v=VZ5gSrejHNM,342,195,509,https://www.youtube.com/watch?v=VZ5gSrejHNM,0,0,0,,0,0,0,0,
1eb556018c7847feb170b09b8622590c,1940,130638,154,77,306,https://www.youtube.com/watch?v=eKvuWSKwzhQ,156,80,306,https://www.youtube.com/watch?v=eKvuWSKwzhQ,55,2,55,https://www.youtube.com/watch?v=aljk0U6fVM4,17,0,0,0,
a823412858b749f7bd2bff3739ec55b7,1930,122037,707,335,1734,https://www.youtube.com/watch?v=ER3JOMpbWvc,707,335,1734,https://www.youtube.com/watch?v=ER3JOMpbWvc,0,0,0,,445,0,0,0,
a45c0a929a504afa9afee5c56bc9b959,1930,43149,0,0,0,,0,0,0,,0,0,0,,134,78,60,156,https://www.twitch.tv/videos/2878878557
734477be3c5d42afbdde5356c6a6e8ee,1920,84187,0,0,0,,0,0,0,,0,0,0,,0,0,0,0,
8564954960ba466fa7f17bc0e0ea5e8e,1910,38994,0,0,0,,0,0,0,,0,0,0,,359,0,0,0,
7c18bc597298484c8f2925759fc1ac4a,1910,18574,226,104,359,https://www.youtube.com/watch?v=qO5-3eFEaHM,226,104,359,https://www.youtube.com/watch?v=qO5-3eFEaHM,0,0,0,,800,0,0,0,
5612ac8b150e45e5a7381a2c07e9671a,1910,87793,213,81,594,https://www.youtube.com/watch?v=t9uyMYDd3kk,199,77,400,https://www.youtube.com/watch?v=ZXljR_1DL6A,594,496,594,https://www.youtube.com/watch?v=t9uyMYDd3kk,0,0,0,0,
31c7fada1ab24cbd83ab4ae698955a29,1910,88546,142,59,195,https://www.youtube.com/watch?v=_VMp0elLYpE,149,62,195,https://www.youtube.com/watch?v=_VMp0elLYpE,113,42,113,https://www.youtube.com/watch?v=p9cKnRVv3CI,0,0,0,0,
10c8c9b647e7464f9d95c7c1a865da01,1910,184453,273,164,1253,https://www.youtube.com/watch?v=RjSwLCWgrTY,317,168,631,https://www.youtube.com/watch?v=3FnaNYHN7gA,268,112,1253,https://www.youtube.com/watch?v=RjSwLCWgrTY,2253,149,85,186,https://www.twitch.tv/videos/2888887190
673abaca34d047b49b11d50214a9a463,1900,99523,389,182,2542,https://www.youtube.com/watch?v=IZWUnguh0Ns,462,204,2542,https://www.youtube.com/watch?v=IZWUnguh0Ns,313,161,313,https://www.youtube.com/watch?v=cPObchLIEAA,87,0,0,0,
9be037b96ffa41c9a080edf332650649,1900,106220,296,146,1423,https://www.youtube.com/watch?v=LgA-of5saI4,296,146,1423,https://www.youtube.com/watch?v=LgA-of5saI4,0,0,0,,0,0,0,0,
342f808864164047acc8ddffe88c9618,1890,141750,598,279,1311,https://www.youtube.com/watch?v=p_j1d0VB58M,0,0,0,,598,279,1311,https://www.youtube.com/watch?v=p_j1d0VB58M,2452,315,234,401,https://www.twitch.tv/videos/2885282780
21c774c9133043baaf8d283705cd9093,1890,88671,524,253,1110,https://www.youtube.com/watch?v=g0oNNiIHPic,394,252,1110,https://www.youtube.com/watch?v=g0oNNiIHPic,799,287,1102,https://www.youtube.com/watch?v=8SLQkoWQ4yc,0,0,0,0,
3e41189706dd483db4e407c295b058ce,1890,109818,105,37,240,https://www.youtube.com/watch?v=PjjS8dmw1Vs,105,37,240,https://www.youtube.com/watch?v=PjjS8dmw1Vs,0,0,0,,5016,495,162,753,https://www.twitch.tv/videos/2865844199
7eec0f9233fa49ed92c4f60fb8a82694,1890,39633,22,11,25,https://www.youtube.com/watch?v=p91BOMKKcrc,0,0,0,,22,11,25,https://www.youtube.com/watch?v=p91BOMKKcrc,1013,94,63,112,https://www.twitch.tv/videos/2889769774
889bb42644a14ae4af2b3594c51d057b,1870,104876,169,72,296,https://www.youtube.com/watch?v=7jQ4ILwFGDk,163,60,296,https://www.youtube.com/watch?v=7jQ4ILwFGDk,176,76,176,https://www.youtube.com/watch?v=aVo9wEBb4hw,0,0,0,0,
21a819efced54f6991abd3fc0b43091f,1870,149352,402,236,1863,https://www.youtube.com/watch?v=jVL3Vt1zELA,376,273,536,https://www.youtube.com/watch?v=yw9CKy_E3YU,433,130,1863,https://www.youtube.com/watch?v=jVL3Vt1zELA,846,155,117,169,https://www.twitch.tv/videos/2885469380
a725f6babc5f44779d7389886c6cd7b7,1870,78314,293,96,1343,https://www.youtube.com/watch?v=Dd-4FQRC-4Y,327,96,1343,https://www.youtube.com/watch?v=Dd-4FQRC-4Y,123,99,187,https://www.youtube.com/watch?v=qIyeZdI4P9U,0,0,0,0,
cfa15a7e93824927ad4b84a519b0ab68,1870,728597,1430,612,5138,https://www.youtube.com/watch?v=byGEL4-okC0,0,0,0,,1430,612,5138,https://www.youtube.com/watch?v=byGEL4-okC0,0,0,0,0,
608b617ad99c4f18b97d10560e254b4b,1860,62750,203,56,289,https://www.youtube.com/watch?v=4sCPbQIeJKU,188,50,289,https://www.youtube.com/watch?v=4sCPbQIeJKU,219,63,219,https://www.youtube.com/watch?v=XUfw4bHkT28,0,0,0,0,
63175a6880c5427891463ff07fd0bf7e,1850,49900,0,0,0,,0,0,0,,0,0,0,,0,0,0,0,
0da343539de64a169fe51ad653e5c73d,1850,47281,97,55,633,https://www.youtube.com/watch?v=uH2A89xzx64,117,67,633,https://www.youtube.com/watch?v=uH2A89xzx64,72,24,72,https://www.youtube.com/watch?v=ObtHByLNovg,0,0,0,0,
8020c505099f474ca81da3023926485f,1850,117474,194,112,512,https://www.youtube.com/watch?v=8Kshasq2uGc,194,112,512,https://www.youtube.com/watch?v=8Kshasq2uGc,0,0,0,,0,0,0,0,
a6a789d93f3a4352b251a51b43f98d2c,1840,47803,251,52,261,https://www.youtube.com/watch?v=wc7zhhnfBJE,251,52,261,https://www.youtube.com/watch?v=wc7zhhnfBJE,0,0,0,,0,0,0,0,
14561bf5e63844f58b60deb87f443507,1840,0,0,0,0,,0,0,0,,0,0,0,,1133,0,0,0,
a0ac84f84b914c21acf669844a163436,1840,46350,0,0,0,,0,0,0,,0,0,0,,1659,730,269,1059,https://www.twitch.tv/videos/2868696224
e72542ff8bb14e47929b037c626c320a,1840,40064,430,349,430,https://www.youtube.com/watch?v=GkftaliKcTg,430,349,430,https://www.youtube.com/watch?v=GkftaliKcTg,0,0,0,,0,0,0,0,
70874043d50b4e3a873742127251caa5,1830,85215,215,23,215,https://www.youtube.com/watch?v=myet4vTZ6lM,215,23,215,https://www.youtube.com/watch?v=myet4vTZ6lM,0,0,0,,0,0,0,0,
48b978b1705a4f61a760b05280000b34,1830,8864,0,0,0,,0,0,0,,0,0,0,,1253,0,0,0,
fe5a0ac164a940c79e430eab9995da2e,1820,238667,0,0,0,,0,0,0,,0,0,0,,110,0,0,0,
e9fa90c6824c47abbfd114e9cd9b4125,1820,123103,543,194,1008,https://www.youtube.com/watch?v=n7VFh2MbvHA,543,194,1008,https://www.youtube.com/watch?v=n7VFh2MbvHA,0,0,0,,0,0,0,0,
9c0184b0f01a4af4a4c2c56139682fb9,1820,41458,5,4,5,https://www.youtube.com/watch?v=zdKXN6s0w7w,0,0,0,,5,4,5,https://www.youtube.com/watch?v=zdKXN6s0w7w,132,73,61,73,https://www.twitch.tv/videos/2887231743
ced6b5d82fc848a5a0f45a1b3da4cfae,1820,87704,450,268,1096,https://www.youtube.com/watch?v=CugvAGOCnLI,450,268,1096,https://www.youtube.com/watch?v=CugvAGOCnLI,0,0,0,,232,23,20,36,https://www.twitch.tv/videos/2885576158
7425576151124e11a94609fd1b8687bc,1820,68246,527,324,824,https://www.youtube.com/watch?v=R3wBNtjbFFE,824,519,824,https://www.youtube.com/watch?v=R3wBNtjbFFE,230,130,230,https://www.youtube.com/watch?v=HQFtFw8oGQg,2086,196,106,233,https://www.twitch.tv/videos/2879425494
e3451dd6f3c0444c888eb6f67704613a,1820,79945,350,147,892,https://www.youtube.com/watch?v=-y98TYQEsNI,350,147,892,https://www.youtube.com/watch?v=-y98TYQEsNI,0,0,0,,0,0,0,0,
3bc6afb820df4f59b2c6ff1c25d1eed3,1820,160682,157,67,1225,https://www.youtube.com/watch?v=pxjPy-CZCBg,214,104,1125,https://www.youtube.com/watch?v=jqZ_jFv66ns,57,20,1225,https://www.youtube.com/watch?v=pxjPy-CZCBg,0,0,0,0,
8460a099a32044a5aa602f780dec94f2,1820,357199,19,5,22,https://www.youtube.com/watch?v=-9ys0s_mZTw,19,5,22,https://www.youtube.com/watch?v=-9ys0s_mZTw,0,0,0,,25,0,0,0,
49c4f54141434226960845b2a46c432b,1810,61851,0,0,0,,0,0,0,,0,0,0,,0,0,0,0,
f3fa92d46e744da29b61f9468c76b9a5,1810,49639,0,0,0,,0,0,0,,0,0,0,,0,0,0,0,
d748a977fcd24752ad9e038468713bf2,1810,9195,206,52,405,https://www.youtube.com/watch?v=9Cql8dmJNac,206,52,405,https://www.youtube.com/watch?v=9Cql8dmJNac,0,0,0,,0,0,0,0,
8ad9544f4e4f42a09ec1ecb6b514729f,1810,98563,148,67,258,https://www.youtube.com/watch?v=KRjHV4tswgA,148,67,258,https://www.youtube.com/watch?v=KRjHV4tswgA,0,0,0,,0,0,0,0,
b023ec32c6b5474e95c7faf252925b8e,1810,55228,681,227,1195,https://www.youtube.com/watch?v=jw9jKRRTztE,0,0,0,,681,227,1195,https://www.youtube.com/watch?v=jw9jKRRTztE,431,28,16,28,https://www.twitch.tv/videos/2880960995
db2f279f9960492082f3ae6ad20aca91,1800,47533,0,0,0,,0,0,0,,0,0,0,,509,0,0,0,
83ec4919298a4ad5984e3da31109a4c8,1790,107848,4519,1476,10088,https://www.youtube.com/watch?v=-cNy9XGnxMs,0,0,0,,4519,1476,10088,https://www.youtube.com/watch?v=-cNy9XGnxMs,17059,10233,3856,34075,https://www.twitch.tv/videos/2865164220
3bbbe40f23e344fa8889d410b7315383,1790,2122,0,0,0,,0,0,0,,0,0,0,,0,0,0,0,
08158657738a4949bce0cbbc36c4e701,1790,70,0,0,0,,0,0,0,,0,0,0,,0,0,0,0,
46ca57774cd7476d86727882d07bd918,1790,112852,212,102,944,https://www.youtube.com/watch?v=hy7CNZbTyqE,174,59,246,https://www.youtube.com/watch?v=MQQWX6MiFhQ,764,469,944,https://www.youtube.com/watch?v=hy7CNZbTyqE,226,145,141,412,https://www.twitch.tv/videos/2885265933
67674d86fce54eceb37e0dc4ea802132,1790,152118,196,103,636,https://www.youtube.com/watch?v=nrTDMMTd768,196,103,636,https://www.youtube.com/watch?v=nrTDMMTd768,0,0,0,,126,12,10,21,https://www.twitch.tv/videos/2888055830
29d3dea4a1684bec9592e2ccc3685c57,1780,64035,0,0,0,,0,0,0,,0,0,0,,0,0,0,0,
ce59f11c200841dab2e8a5e30655a827,1780,254927,0,0,0,,0,0,0,,0,0,0,,27,0,0,0,
be84d60f2d0e452ab7d66eaeb957477f,1780,84162,20,11,96,https://www.youtube.com/watch?v=5ankokTAnJs,93,5,93,https://www.youtube.com/watch?v=KUMJ8eSsL4o,19,12,96,https://www.youtube.com/watch?v=5ankokTAnJs,0,0,0,0,
8f1a38101d324afcbfc7df27d5d1e0a9,1780,214549,72,30,411,https://www.youtube.com/watch?v=2cSDyFnKiBQ,72,30,411,https://www.youtube.com/watch?v=2cSDyFnKiBQ,0,0,0,,0,0,0,0,
7e9fc4a1ccc7445182bb3c5264d99187,1780,89030,312,102,841,https://www.youtube.com/watch?v=t7Eb-u_R1SU,312,102,841,https://www.youtube.com/watch?v=t7Eb-u_R1SU,0,0,0,,0,0,0,0,
7d3b310a867942cab270e48f7a397e0d,1770,73505,353,152,3830,https://www.youtube.com/watch?v=Xt9VYvAx72o,338,156,3830,https://www.youtube.com/watch?v=Xt9VYvAx72o,502,65,502,https://www.youtube.com/watch?v=UyyQzEhxnhI,1004,0,0,0,
e39607950249427da8b60fa012115e44,1770,105220,0,0,0,,0,0,0,,0,0,0,,0,0,0,0,
b49c2970f97b4fd4a6762b3e9ba94f8e,1770,7855,0,0,0,,0,0,0,,0,0,0,,10256,1242,356,5266,https://www.twitch.tv/videos/2880858121
dbe3f9880dec4a03bcc1943343455a6c,1760,77720,712,603,712,https://www.youtube.com/watch?v=lDH_OCHgkxk,712,603,712,https://www.youtube.com/watch?v=lDH_OCHgkxk,0,0,0,,0,0,0,0,
c489b78388904133a8b93cd4d0470aad,1760,164,0,0,0,,0,0,0,,0,0,0,,623,0,0,0,
5efdd7a401eb430ba20cb6f391fbbce3,1760,35417,0,0,0,,0,0,0,,0,0,0,,0,0,0,0,
0f7d7faa487642d0a8ff6d5fc8dbc394,1760,158143,0,0,0,,0,0,0,,0,0,0,,1777,254,145,703,https://www.twitch.tv/videos/2887935490
d0c2bb3e9091413e8d245bdc217e9420,1760,56163,117,73,142,https://www.youtube.com/watch?v=KR5ffltTEFU,117,73,142,https://www.youtube.com/watch?v=KR5ffltTEFU,0,0,0,,0,0,0,0,
b0e88b4d4e5d41c4b5edd07540dc3637,1750,145473,111,45,209,https://www.youtube.com/watch?v=GxwgA1U6hoM,117,48,209,https://www.youtube.com/watch?v=GxwgA1U6hoM,36,34,36,https://www.youtube.com/watch?v=LfTcqRuLMVQ,0,0,0,0,
f7bfeaf6288f4afe80b62dab32698a0c,1750,568192,160,94,1281,https://www.youtube.com/watch?v=opgsMa5zTBs,160,94,643,https://www.youtube.com/watch?v=piTBD_RYCLs,139,103,1281,https://www.youtube.com/watch?v=opgsMa5zTBs,356,0,0,0,
d12c381ce5044844ad4bd624085026bc,1750,158985,524,293,1469,https://www.youtube.com/watch?v=CbD7mn8ocpE,522,246,1468,https://www.youtube.com/watch?v=C9ierJMMAOo,1469,545,1469,https://www.youtube.com/watch?v=CbD7mn8ocpE,415,0,0,0,
3584322d47f14c7aa8f6e98511d3c54a,1750,1313,0,0,0,,0,0,0,,0,0,0,,1039,0,0,0,
e8ec42e35b774df8a21ae98a0d01fdc0,1750,1414250,237,115,1891,https://www.youtube.com/watch?v=l39ro4xrqrY,211,86,614,https://www.youtube.com/watch?v=V_-vMbfDpzE,387,138,1891,https://www.youtube.com/watch?v=l39ro4xrqrY,0,0,0,0,
372962c805114682a4d16b75c13c80ed,1750,281,0,0,0,,0,0,0,,0,0,0,,0,0,0,0,
af9a2d0fab684be9b9da09e251f6bae6,1740,90799,585,297,870,https://www.youtube.com/watch?v=0xu5hzTmf_g,585,297,870,https://www.youtube.com/watch?v=0xu5hzTmf_g,0,0,0,,422,0,0,0,
2e8c364f691740dd81c0fa61727a9790,1740,612106,0,0,0,,0,0,0,,0,0,0,,3750,0,0,0,
66830cad0b9949689741b0dc5ef39d29,1740,49753,0,0,0,,0,0,0,,0,0,0,,0,0,0,0,
8483ae3c14ca488394d427d271854d88,1730,35850,0,0,0,,0,0,0,,0,0,0,,41,0,0,0,
db86eecb7c7047a984098e23de131e29,1730,184035,208,106,2282,https://www.youtube.com/watch?v=QegRnEK3_I0,199,93,474,https://www.youtube.com/watch?v=QnbV9Dr8ZeU,1305,1072,2282,https://www.youtube.com/watch?v=QegRnEK3_I0,178,33,23,46,https://www.twitch.tv/videos/2890702131
b0a7d70ae76549f5b4418e56ee4ad43f,1730,65640,195,175,195,https://www.youtube.com/watch?v=Fxl6y0p-Uc0,195,175,195,https://www.youtube.com/watch?v=Fxl6y0p-Uc0,0,0,0,,1169,216,193,216,https://www.twitch.tv/videos/2888745566
351e16ae67e14d5e8c7294284c2ded4d,1720,25930,0,0,0,,0,0,0,,0,0,0,,690,0,0,0,
84cccbea595d4bc69426d5c75f1ac3a4,1720,91842,0,0,0,,0,0,0,,0,0,0,,0,0,0,0,
dcc5b43448044231a3a8710d144b2602,1720,192804,766,342,2549,https://www.youtube.com/watch?v=q237KgmgQ4I,766,342,2549,https://www.youtube.com/watch?v=q237KgmgQ4I,0,0,0,,0,0,0,0,
9deb096c2fb943a7ae7487bf25e28026,1710,124456,287,113,794,https://www.youtube.com/watch?v=LPD7MpiA8tg,287,113,794,https://www.youtube.com/watch?v=LPD7MpiA8tg,0,0,0,,1401,99,73,140,https://www.twitch.tv/videos/2879064670
055f10f2da424da8bfbfe9d01b15fb11,1710,54960,216,112,546,https://www.youtube.com/watch?v=uTZPor0v4Fg,216,112,546,https://www.youtube.com/watch?v=uTZPor0v4Fg,0,0,0,,87,78,60,78,https://www.twitch.tv/videos/2885451956
7259f7e619e943018e64fb24d4d20e34,1690,36593,333,138,584,https://www.youtube.com/watch?v=zA-pE8pzj1w,333,138,584,https://www.youtube.com/watch?v=zA-pE8pzj1w,0,0,0,,0,0,0,0,
1e0ca2c7a8d7493baa62b792d78e7b07,1690,134643,112,62,432,https://www.youtube.com/watch?v=ZRA6lRhZjFY,112,62,432,https://www.youtube.com/watch?v=ZRA6lRhZjFY,0,0,0,,0,0,0,0,
f3914ae7ae6541198b6b5f4d63febe48,1690,49607,0,0,0,,0,0,0,,0,0,0,,0,0,0,0,
aa1bb853e814428eb663082b28309309,1680,134463,178,91,493,https://www.youtube.com/watch?v=1dXXPEpiCGQ,178,91,493,https://www.youtube.com/watch?v=1dXXPEpiCGQ,0,0,0,,0,0,0,0,
60a400d6a5d841f78b352675c383dbef,1680,48802,343,12,343,https://www.youtube.com/watch?v=nW8HW4scUb0,343,12,343,https://www.youtube.com/watch?v=nW8HW4scUb0,0,0,0,,0,0,0,0,
94f9966aa28a45e1ab4b94507037d1d7,1670,184265,522,202,3305,https://www.youtube.com/watch?v=cYTuZTEbXMA,522,202,3305,https://www.youtube.com/watch?v=cYTuZTEbXMA,0,0,0,,0,0,0,0,
bdcf0d95e6544ebaaddbfba94839cd6b,1670,97947,183,105,270,https://www.youtube.com/watch?v=x6kK9ewWaBo,183,105,270,https://www.youtube.com/watch?v=x6kK9ewWaBo,0,0,0,,0,0,0,0,
a1915cccb8584d57b9b22975263c7af4,1670,284312,993,184,1985,https://www.youtube.com/watch?v=jBQSN_uHFWs,108,33,109,https://www.youtube.com/watch?v=_bHLQk3P6YY,1295,753,1985,https://www.youtube.com/watch?v=jBQSN_uHFWs,0,0,0,0,
eb54f557a3734bfda57ecddd8df07681,1670,44070,0,0,0,,0,0,0,,0,0,0,,546,0,0,0,
9e5e58a212584007b1ab1f22f5c59438,1670,177016,1110,629,3075,https://www.youtube.com/watch?v=JUtzXuD3_Wg,1110,629,3075,https://www.youtube.com/watch?v=JUtzXuD3_Wg,0,0,0,,0,0,0,0,
7eb39f4278b04ed485060a084cd07876,1670,64258,0,0,0,,0,0,0,,0,0,0,,0,0,0,0,
95fa8eef249d4edca59594271fedc487,1660,56205,0,0,0,,0,0,0,,0,0,0,,0,0,0,0,
df7bcc29e3204005877b25cdad9206b7,1660,81534,0,0,0,,0,0,0,,0,0,0,,0,0,0,0,
1406aeb0ef48430bab0b939a29609394,1660,83642,342,265,807,https://www.youtube.com/watch?v=CoJS_YX4fi0,340,194,571,https://www.youtube.com/watch?v=mCh3bLrhfqY,466,354,807,https://www.youtube.com/watch?v=CoJS_YX4fi0,0,0,0,0,
7d6a4fa5389c461bb553b8190c5e951f,1660,109194,0,0,0,,0,0,0,,0,0,0,,0,0,0,0,
c45e260cafa14b3fab4030fb339ed1ab,1650,79501,191,106,219,https://www.youtube.com/watch?v=0yp7z7d7guM,191,106,219,https://www.youtube.com/watch?v=0yp7z7d7guM,0,0,0,,29,0,0,0,
1f445fb1ee7447c2add6738b86570b2e,1650,70518,0,0,0,,0,0,0,,0,0,0,,0,0,0,0,
ecbeda5532474bdb8d08d4e15ce98d89,1650,15816,0,0,0,,0,0,0,,0,0,0,,3149,0,0,0,
4077520d348749e49598cd5fa1058b6a,1650,67978,229,116,911,https://www.youtube.com/watch?v=p4lS3ia3ZUI,229,116,911,https://www.youtube.com/watch?v=p4lS3ia3ZUI,0,0,0,,264,0,0,0,
2131a63328214b7f9a1022dae6890d66,1640,107825,707,264,1291,https://www.youtube.com/watch?v=aCUx3TMU4c8,707,264,1291,https://www.youtube.com/watch?v=aCUx3TMU4c8,0,0,0,,411,11,8,26,https://www.twitch.tv/videos/2880175187
a73b969a7fe24a9aaeb9bc1c63ca6450,1640,99467,1453,1104,1453,https://www.youtube.com/watch?v=cz3W9zeGJX8,0,0,0,,1453,1104,1453,https://www.youtube.com/watch?v=cz3W9zeGJX8,4906,418,195,560,https://www.twitch.tv/videos/2884222891
306117a48f3445baad1d6a919ed340bb,1640,76122,0,0,0,,0,0,0,,0,0,0,,152,0,0,0,
1257fb7258eb49ad8cf58ed64b800056,1640,43065,0,0,0,,0,0,0,,0,0,0,,831,97,64,179,https://www.twitch.tv/videos/2879959956
9948190bc88442f4a0757eed54fb24f0,1640,102565,231,122,1444,https://www.youtube.com/watch?v=_1MLKzNCjpc,0,0,0,,231,122,1444,https://www.youtube.com/watch?v=_1MLKzNCjpc,5116,157,67,256,https://www.twitch.tv/videos/2871082571
46e494bf06c640da95ad1b0b81631d98,1640,274181,173,65,282,https://www.youtube.com/watch?v=DZG12gIknGg,173,65,282,https://www.youtube.com/watch?v=DZG12gIknGg,0,0,0,,936,54,33,82,https://www.twitch.tv/videos/2883570765
954590604f0e49e88fadc8ce6dafba1b,1630,98752,588,150,665,https://www.youtube.com/watch?v=stK0CT775jw,626,239,665,https://www.youtube.com/watch?v=stK0CT775jw,299,150,299,https://www.youtube.com/watch?v=vVQQccBavPI,0,0,0,0,
95eabea4e8014fedb5d34ea27137a4ca,1630,151779,469,333,1654,https://www.youtube.com/watch?v=CWZ_hapJ0Z4,424,272,1279,https://www.youtube.com/watch?v=4kSX8pNm8Sc,1368,663,1654,https://www.youtube.com/watch?v=CWZ_hapJ0Z4,0,0,0,0,
607d6173383c4118a32171fbcfc98e60,1630,43736,0,0,0,,0,0,0,,0,0,0,,16848,1251,169,3434,https://www.twitch.tv/videos/2873987262
2ead897ab38c4530aeeb69a2f02da623,1630,81797,149,115,913,https://www.youtube.com/watch?v=4lsHAFgSv-E,149,112,487,https://www.youtube.com/watch?v=8yS7OrndO48,624,298,913,https://www.youtube.com/watch?v=4lsHAFgSv-E,0,0,0,0,
b9086ee5f7b54353a5ba85c973b2e2af,1630,65022,0,0,0,,0,0,0,,0,0,0,,0,0,0,0,
747fb5e9d30240a1ac42fbf37e86b55d,1630,146744,205,96,1262,https://www.youtube.com/watch?v=OA-yC9ZdZdU,161,87,613,https://www.youtube.com/watch?v=4xQCEFqHdsU,1112,193,1262,https://www.youtube.com/watch?v=OA-yC9ZdZdU,438,15,12,39,https://www.twitch.tv/videos/2886158325
aabaf7767fa5449b86f58160496d0d4c,1630,97786,408,120,858,https://www.youtube.com/watch?v=5eoLaROlaUI,408,120,858,https://www.youtube.com/watch?v=5eoLaROlaUI,0,0,0,,0,0,0,0,
da503b835e2a41d58433ebf6960db356,1630,60249,266,263,266,https://www.youtube.com/watch?v=iB5aaXaYw3A,266,263,266,https://www.youtube.com/watch?v=iB5aaXaYw3A,0,0,0,,779,4,3,4,https://www.twitch.tv/videos/2891360507
c192b6e25df841ad85cbc8bbf0bd8bfe,1630,112039,197,89,328,https://www.youtube.com/watch?v=H-0d2xDC1bA,197,89,328,https://www.youtube.com/watch?v=H-0d2xDC1bA,0,0,0,,0,0,0,0,
9a7b7c9c31da44aca5a68395a2e69488,1620,724800,27,10,164,https://www.youtube.com/watch?v=dXADdMBxo-k,28,10,164,https://www.youtube.com/watch?v=dXADdMBxo-k,9,4,12,https://www.youtube.com/watch?v=g0oJjgPL4HY,114,0,0,0,
7e50374d02184a429cfc6dfba9b52e2f,1620,9768,0,0,0,,0,0,0,,0,0,0,,391,0,0,0,
905304e606344aba8c84b83717453f5e,1620,74861,0,0,0,,0,0,0,,0,0,0,,0,0,0,0,
c6ce333916b446d48d27be05df1a218e,1620,46325,420,168,2323,https://www.youtube.com/watch?v=Qx_GfevvtYA,420,168,2323,https://www.youtube.com/watch?v=Qx_GfevvtYA,0,0,0,,642,29,17,69,https://www.twitch.tv/videos/2883731921
2913f17e61014f7691e016fae8468404,1620,80958,171,82,289,https://www.youtube.com/watch?v=7KOIO2Osmfc,171,82,289,https://www.youtube.com/watch?v=7KOIO2Osmfc,0,0,0,,261,0,0,0,
4c4ebb91c8a346b2876d1ccd1a32dead,1620,88636,231,157,1661,https://www.youtube.com/watch?v=9HcUS0-gtiY,183,112,1661,https://www.youtube.com/watch?v=9HcUS0-gtiY,330,208,366,https://www.youtube.com/watch?v=ybqatqam2VM,501,0,0,0,
1cdbceb7ad414bb59b3a9563a93fe840,1610,70228,157,106,157,https://www.youtube.com/watch?v=bB5drTzZqPI,157,106,157,https://www.youtube.com/watch?v=bB5drTzZqPI,0,0,0,,118,19,13,21,https://www.twitch.tv/videos/2882692469
abe50a593a1d4cdbbc6dfb8b45bbf6bb,1610,46977,655,245,1961,https://www.youtube.com/watch?v=eaGpZ2hn36w,655,245,1961,https://www.youtube.com/watch?v=eaGpZ2hn36w,0,0,0,,14,0,0,0,
7e26ddf485a84c0cb6d781a3bf432c55,1610,41995,0,0,0,,0,0,0,,0,0,0,,3896,0,0,0,
51a882d77c24494d92605b5b75424603,1600,200407,334,155,1939,https://www.youtube.com/watch?v=918UFe-QdpQ,308,147,1806,https://www.youtube.com/watch?v=5KwnGSTsAIA,1552,389,1939,https://www.youtube.com/watch?v=918UFe-QdpQ,101,0,0,0,
843d99233b474827a2f0bc417ffd3852,1600,150236,488,170,3731,https://www.youtube.com/watch?v=BlX0_sb54v0,457,186,3013,https://www.youtube.com/watch?v=deWvbMHInzw,1688,150,3731,https://www.youtube.com/watch?v=BlX0_sb54v0,13122,6950,2765,38120,https://www.twitch.tv/videos/2866038882
bf03fd8b5b55481590ea63338c5cdd20,1600,39422,0,0,0,,0,0,0,,0,0,0,,4318,436,149,1782,https://www.twitch.tv/videos/2890793392
5dc565de88a948ecb092cce178aafe60,1600,478610,0,0,0,,0,0,0,,0,0,0,,474,197,150,215,https://www.twitch.tv/videos/2881850360
80e2f3365bfd4479a3594c3278311103,1600,0,0,0,0,,0,0,0,,0,0,0,,2263,259,171,337,https://www.twitch.tv/videos/2881573693
7b46621c7baf437da117a6c10c856292,1600,37657,325,104,769,https://www.youtube.com/watch?v=48M9lhW1glI,326,124,769,https://www.youtube.com/watch?v=48M9lhW1glI,96,57,96,https://www.youtube.com/watch?v=on_hNpVDJR4,0,0,0,0,
c4651b162abb45c3a85640e3d456fa71,1600,60091,63,24,1338,https://www.youtube.com/watch?v=RoMlYWVhSrY,51,19,92,https://www.youtube.com/watch?v=WxzBwuI9Zoo,1338,1124,1338,https://www.youtube.com/watch?v=RoMlYWVhSrY,320,0,0,0,
25ac52ef552244a997045ca561b5636f,1590,31811,229,93,1673,https://www.youtube.com/watch?v=PX6agAEXRVA,212,93,292,https://www.youtube.com/watch?v=v4Wis3GQq7g,1230,847,1673,https://www.youtube.com/watch?v=PX6agAEXRVA,0,0,0,0,
8cace62dbfc34c2a9a2a348e479cdbb1,1590,198188,730,110,1242,https://www.youtube.com/watch?v=Z2hkBRNzrA4,0,0,0,,730,110,1242,https://www.youtube.com/watch?v=Z2hkBRNzrA4,0,0,0,0,
c4fafcb15c694ad5ab88d1948d401e54,1590,97555,201,76,553,https://www.youtube.com/watch?v=xH1ONzVNXG8,205,76,553,https://www.youtube.com/watch?v=xH1ONzVNXG8,112,108,112,https://www.youtube.com/watch?v=OpnlcBno6N8,220,0,0,0,
86e86bf2d8e54e9083613e7398e1e7ac,1590,38372,0,0,0,,0,0,0,,0,0,0,,1861,186,141,458,https://www.twitch.tv/videos/2881862611
e312462015a2454087c9fe83dd939994,1590,36188,440,45,1288,https://www.youtube.com/watch?v=QyKQeIHLQUQ,440,45,1288,https://www.youtube.com/watch?v=QyKQeIHLQUQ,0,0,0,,0,0,0,0,
d3b1e8a5a2c74d2395dc33869caadb50,1580,8372,0,0,0,,0,0,0,,0,0,0,,0,0,0,0,
2cc874f341184fb799b01c399477c0b4,1580,75906,393,171,1088,https://www.youtube.com/watch?v=6OG0nsdiMqk,216,80,240,https://www.youtube.com/watch?v=B9aJtXBLtt0,586,294,1088,https://www.youtube.com/watch?v=6OG0nsdiMqk,153,0,0,0,
260f0fb7a8b1421394c38114230479bb,1580,76415,695,127,1720,https://www.youtube.com/watch?v=7Xsd8ohLWkY,695,127,1720,https://www.youtube.com/watch?v=7Xsd8ohLWkY,0,0,0,,183,22,19,41,https://www.twitch.tv/videos/2887863697
a112fc34dd9944a5a15f50c1c078aa3e,1570,130018,215,76,225,https://www.youtube.com/watch?v=1AlcCmY26Hk,215,76,225,https://www.youtube.com/watch?v=1AlcCmY26Hk,0,0,0,,0,0,0,0,
fa83a68ebfff419983124d69373ede6f,1570,263172,651,238,2643,https://www.youtube.com/watch?v=42oSHeP0nZ8,253,123,335,https://www.youtube.com/watch?v=JtmWM3WzHpg,1508,656,2643,https://www.youtube.com/watch?v=42oSHeP0nZ8,2090,129,90,326,https://www.twitch.tv/videos/2881703405
02dadd7977b8412b99f101241de4cb3f,1570,88210,114,52,250,https://www.youtube.com/watch?v=K39Q5rDiRLc,114,52,250,https://www.youtube.com/watch?v=K39Q5rDiRLc,0,0,0,,1110,82,58,160,https://www.twitch.tv/videos/2885257476
30a4362c1143491ea0ed5383c4882251,1570,84997,583,500,1119,https://www.youtube.com/watch?v=-d_6KZkVCj8,583,500,1119,https://www.youtube.com/watch?v=-d_6KZkVCj8,0,0,0,,0,0,0,0,
b88e19a358b843068cd5bd7ec103d521,1570,155136,617,164,1786,https://www.youtube.com/watch?v=asnXgu2ffhQ,551,164,686,https://www.youtube.com/watch?v=TlFBBEsMckE,901,176,1786,https://www.youtube.com/watch?v=asnXgu2ffhQ,0,0,0,0,
1eef416d7ad94b6aa728e10d6da10304,1560,71244,39,32,133,https://www.youtube.com/watch?v=cXQ1A_VrE_A,0,0,0,,39,32,133,https://www.youtube.com/watch?v=cXQ1A_VrE_A,2097,178,148,190,https://www.twitch.tv/videos/2889788782
3cf7289a95834ae1a25d4cb2909a1a9e,1550,51172,0,0,0,,0,0,0,,0,0,0,,0,0,0,0,
904f58005872497b82964fff25490152,1550,30448,387,233,2048,https://www.youtube.com/watch?v=cgsAa8S9LmY,387,233,2048,https://www.youtube.com/watch?v=cgsAa8S9LmY,0,0,0,,195,41,24,58,https://www.twitch.tv/videos/2889742858
6db0d51e6ac9410f84f79e57448b8a60,1540,158381,403,138,403,https://www.youtube.com/watch?v=EDXgQcZiG74,403,138,403,https://www.youtube.com/watch?v=EDXgQcZiG74,0,0,0,,0,0,0,0,
ee7cfe445bc84d6fa7fff5df6fbf0d32,1540,46410,148,131,148,https://www.youtube.com/watch?v=SEOZsBN_7FQ,148,131,148,https://www.youtube.com/watch?v=SEOZsBN_7FQ,0,0,0,,726,12,10,12,https://www.twitch.tv/videos/2887988720
cbd9ed35dc0045aa9c57bb9ee14b02e0,1540,694755,18,3,29,https://www.youtube.com/watch?v=UbZfwgXNuhY,0,0,0,,18,3,29,https://www.youtube.com/watch?v=UbZfwgXNuhY,0,0,0,0,
586377912f314b4d8c3be33760526ae0,1530,17515,461,314,3512,https://www.youtube.com/watch?v=dp3fR27iv3w,0,0,0,,461,314,3512,https://www.youtube.com/watch?v=dp3fR27iv3w,0,0,0,0,
a881100803aa4abc84dc3cc814dca0e7,1530,71881,0,0,0,,0,0,0,,0,0,0,,0,0,0,0,
c506f1ab266f47e2be683220533a4790,1530,47971,22,14,30,https://www.youtube.com/watch?v=_bHlroY8hIE,22,14,30,https://www.youtube.com/watch?v=_bHlroY8hIE,0,0,0,,0,0,0,0,
0c3b5ae85d2940b8b73a92d72dc0d313,1530,108033,194,124,1527,https://www.youtube.com/watch?v=OKmJJ__ARfw,194,124,337,https://www.youtube.com/watch?v=MmFlDz_4xFg,663,311,1527,https://www.youtube.com/watch?v=OKmJJ__ARfw,487,69,51,77,https://www.twitch.tv/videos/2882715658
b0b9e352f71d4a03ace9972ddec4ec56,1520,69591,308,118,769,https://www.youtube.com/watch?v=a5qy1Vtl8Aw,308,118,769,https://www.youtube.com/watch?v=a5qy1Vtl8Aw,0,0,0,,0,0,0,0,
bc77dc55cf9b4be88c878ac4b5c07438,1520,32118,0,0,0,,0,0,0,,0,0,0,,935,0,0,0,
91025114208d41b2bff535d6e277017e,1520,71773,313,190,961,https://www.youtube.com/watch?v=8PAQ2IYL6CI,313,190,961,https://www.youtube.com/watch?v=8PAQ2IYL6CI,0,0,0,,0,0,0,0,
1be625b10e2f4e65bab5b19d10a4d0b1,1520,18635,0,0,0,,0,0,0,,0,0,0,,0,0,0,0,
d70830a282b9446f89bc9d82c88b8db3,1520,142640,0,0,0,,0,0,0,,0,0,0,,264,0,0,0,
a2188c1a225e4f93a64e3385fa02d779,1520,88269,70,70,70,https://www.youtube.com/watch?v=h7CYa9EXdug,70,70,70,https://www.youtube.com/watch?v=h7CYa9EXdug,0,0,0,,0,0,0,0,
12f51c457b27425fa98fe89c24ccb61c,1510,11190,267,44,267,https://www.youtube.com/watch?v=6J4iGQhNEIY,0,0,0,,267,44,267,https://www.youtube.com/watch?v=6J4iGQhNEIY,0,0,0,0,
eaa1d55ba99c40ce82413701233efdbd,1510,62094,251,177,251,https://www.youtube.com/watch?v=jNZwFT1xHHE,251,177,251,https://www.youtube.com/watch?v=jNZwFT1xHHE,0,0,0,,0,0,0,0,
4c466d73397a4899b4ca26f90aaf57ad,1500,164794,0,0,0,,0,0,0,,0,0,0,,168,0,0,0,
d57b7459ef5949ef96672a96fb33d8a2,1500,63108,0,0,0,,0,0,0,,0,0,0,,1105,236,221,236,https://www.twitch.tv/videos/2889775866
489752f0b42c49b785d43f1207429983,1500,45875,140,66,143,https://www.youtube.com/watch?v=EYuiO4XEB48,140,66,143,https://www.youtube.com/watch?v=EYuiO4XEB48,0,0,0,,0,0,0,0,
5ce810e28ea54f5bacd55573589f4e4e,1490,103608,111,38,633,https://www.youtube.com/watch?v=K7WFeXUrqkw,111,38,633,https://www.youtube.com/watch?v=K7WFeXUrqkw,0,0,0,,0,0,0,0,
25b1a8ceab1d439491fb4e98013cd0fc,1490,23483,238,131,1287,https://www.youtube.com/watch?v=f2kuSeYcOvQ,224,112,531,https://www.youtube.com/watch?v=AwRmBAwIqg8,346,167,1287,https://www.youtube.com/watch?v=f2kuSeYcOvQ,823,220,84,316,https://www.twitch.tv/videos/2876010427
6e6fd1311d2f42228faa8b1ccb0fa589,1490,84549,396,157,784,https://www.youtube.com/watch?v=de1acqeAhj0,406,173,784,https://www.youtube.com/watch?v=de1acqeAhj0,274,98,274,https://www.youtube.com/watch?v=odZqR3Rucso,0,0,0,0,
6d61885259b744a28c7b92c0785e8fe9,1490,0,0,0,0,,0,0,0,,0,0,0,,884,0,0,0,
27a22366e885420e8a3c78ee7ac7c075,1490,72981,574,241,1284,https://www.youtube.com/watch?v=gKr2fd3sgwI,547,176,1284,https://www.youtube.com/watch?v=gKr2fd3sgwI,1067,749,1067,https://www.youtube.com/watch?v=_1KAwX97ORk,327,262,180,313,https://www.twitch.tv/videos/2884447709
3daee44c0bab401386813cff327a10a2,1490,165261,325,127,3030,https://www.youtube.com/watch?v=DGj51j0l7zI,325,127,3030,https://www.youtube.com/watch?v=DGj51j0l7zI,0,0,0,,0,0,0,0,
bf425f4bc9154c00918ed885bdced632,1480,87918,407,273,2133,https://www.youtube.com/watch?v=WQ5-pB5K1dg,407,273,2133,https://www.youtube.com/watch?v=WQ5-pB5K1dg,0,0,0,,0,0,0,0,
b8ce93818de34a93901147e5d9857170,1480,18863,0,0,0,,0,0,0,,0,0,0,,0,0,0,0,
787da9082edb4e9e9024a52cb12449e8,1480,45567,584,276,1320,https://www.youtube.com/watch?v=als5k-pxDjc,584,276,1320,https://www.youtube.com/watch?v=als5k-pxDjc,0,0,0,,0,0,0,0,
1be04e1564c34845bee20467cdb8cfd1,1480,126893,0,0,0,,0,0,0,,0,0,0,,0,0,0,0,
8fbd23f4e2ad442bb230aea8f433cd49,1470,158050,385,143,1569,https://www.youtube.com/watch?v=dywlWSusBw0,305,143,935,https://www.youtube.com/watch?v=8qraiB1d_kY,822,374,1569,https://www.youtube.com/watch?v=dywlWSusBw0,123,18,14,39,https://www.twitch.tv/videos/2885032676
5bc1ba6d941e4eca868a5b33425c3262,1470,0,0,0,0,,0,0,0,,0,0,0,,1832,1035,851,1327,https://www.twitch.tv/videos/2884175466
687568c1c9254c8ab34e7b6efbdd6dbc,1470,211139,175,56,211,https://www.youtube.com/watch?v=bfmDctaWV_o,175,56,211,https://www.youtube.com/watch?v=bfmDctaWV_o,0,0,0,,0,0,0,0,
d62ad85ae5434754bc4f9f366815064a,1470,45296,0,0,0,,0,0,0,,0,0,0,,0,0,0,0,
c6a8cee6b8e042518ef58659113b3f34,1470,83391,1250,906,1250,https://www.youtube.com/watch?v=R0gjrLgOh_4,0,0,0,,1250,906,1250,https://www.youtube.com/watch?v=R0gjrLgOh_4,0,0,0,0,
58588863643843439cebc85ef72654bb,1460,107728,195,130,364,https://www.youtube.com/watch?v=8-lXsj0AD3k,185,124,364,https://www.youtube.com/watch?v=8-lXsj0AD3k,275,220,275,https://www.youtube.com/watch?v=Id1gpRc7wg4,0,0,0,0,
091ac99f10804fe3b417a0f285731b4e,1460,924,215,150,215,https://www.youtube.com/watch?v=ZqqCrTu8Ms0,215,150,215,https://www.youtube.com/watch?v=ZqqCrTu8Ms0,0,0,0,,466,0,0,0,
b572cb7de27446e3bcda5135f6a23d8a,1450,59387,93,61,178,https://www.youtube.com/watch?v=CzrPZ-2sGZI,93,61,178,https://www.youtube.com/watch?v=CzrPZ-2sGZI,0,0,0,,0,0,0,0,
c91c52df005e4a7c988704e474b54dbc,1450,171353,337,180,1388,https://www.youtube.com/watch?v=RHbMnXigA3s,298,180,543,https://www.youtube.com/watch?v=Ut3v88qUcvc,821,251,1388,https://www.youtube.com/watch?v=RHbMnXigA3s,0,0,0,0,
22a83c82e1914eb68b12e76b4ccb277c,1450,62693,431,195,523,https://www.youtube.com/watch?v=Ob_uCzIU4Yc,431,195,523,https://www.youtube.com/watch?v=Ob_uCzIU4Yc,0,0,0,,0,0,0,0,
8044e4d538ab4e16b1952c8e42dee12e,1450,145807,42,15,1202,https://www.youtube.com/watch?v=8DBi8GZVqaM,45,18,150,https://www.youtube.com/watch?v=JvjPj2tUrao,19,15,1202,https://www.youtube.com/watch?v=8DBi8GZVqaM,0,0,0,0,
fcb4d9b8cd4a49dba6b421d97c179065,1450,66626,0,0,0,,0,0,0,,0,0,0,,1336,157,106,184,https://www.twitch.tv/videos/2883787710
2ea398a50afd48c3a9e3a819186a4375,1440,67131,0,0,0,,0,0,0,,0,0,0,,153,0,0,0,
773a7694afcf4666960b05a4faf1a1fa,1440,86012,69,38,69,https://www.youtube.com/watch?v=IKYMtBe1xJw,0,0,0,,69,38,69,https://www.youtube.com/watch?v=IKYMtBe1xJw,0,0,0,0,
f4eae5dde65b41969336f3f52c6df2d8,1440,138353,395,162,1273,https://www.youtube.com/watch?v=VOrygKX5Djc,393,145,1013,https://www.youtube.com/watch?v=nyiM8fULSGQ,1201,282,1273,https://www.youtube.com/watch?v=VOrygKX5Djc,187,0,0,0,
0ec3bf23ccba41659f6d91e424fb2b4a,1430,57452,324,177,324,https://www.youtube.com/watch?v=u4y3uZfPOR8,324,177,324,https://www.youtube.com/watch?v=u4y3uZfPOR8,0,0,0,,0,0,0,0,
a7410ae72f2d4648bcf192c21abd7c32,1420,55210,184,93,198,https://www.youtube.com/watch?v=46kogj1rYQ0,184,93,198,https://www.youtube.com/watch?v=46kogj1rYQ0,0,0,0,,174,0,0,0,
a4d4a2a3d7b648be9aa4d652ae592a4b,1420,122040,0,0,0,,0,0,0,,0,0,0,,146,0,0,0,
564b411dc4874310be6f8ee9bb7a0312,1420,102340,0,0,0,,0,0,0,,0,0,0,,0,0,0,0,
5a901d793927414493afa87af0c4baec,1420,29069,0,0,0,,0,0,0,,0,0,0,,1436,0,0,0,
87606e72f653472f9eafb06e8f49c39c,1420,166180,0,0,0,,0,0,0,,0,0,0,,0,0,0,0,
6f68d3f50edf4814b59a4a018090b180,1410,31924,577,372,577,https://www.youtube.com/watch?v=hBhSYnPemCg,577,372,577,https://www.youtube.com/watch?v=hBhSYnPemCg,0,0,0,,0,0,0,0,
869d9d9067b64dd78418cc258cb6607b,1410,94342,442,161,1002,https://www.youtube.com/watch?v=LK8MJ0ZXxKU,442,157,1002,https://www.youtube.com/watch?v=LK8MJ0ZXxKU,510,260,510,https://www.youtube.com/watch?v=od9ET2Vxc2M,1142,186,156,273,https://www.twitch.tv/videos/2880121220
303c4cd8cf334f01805afdd8df5adc7f,1410,58559,0,0,0,,0,0,0,,0,0,0,,0,0,0,0,
fdb0805c65e24f13b7f23e50e0db8ae2,1410,541901,10072,6656,35961,https://www.youtube.com/watch?v=eELhTwCvbYs,0,0,0,,10072,6656,35961,https://www.youtube.com/watch?v=eELhTwCvbYs,9093,849,588,1162,https://www.twitch.tv/videos/2883485124
a5e5533ac342488a94003dc77869ddf9,1410,86681,227,71,1136,https://www.youtube.com/watch?v=GCRDubfV8E8,227,71,1136,https://www.youtube.com/watch?v=GCRDubfV8E8,0,0,0,,0,0,0,0,
566e5b6f438a4cacb3e4036eb9ffe9b8,1400,91735,150,62,1053,https://www.youtube.com/watch?v=FK9tPgCoQjw,143,60,481,https://www.youtube.com/watch?v=TNIv5IuPGd8,438,128,1053,https://www.youtube.com/watch?v=FK9tPgCoQjw,0,0,0,0,
f479e1403f614727a5f2a2be339bad74,1400,24538,800,525,1170,https://www.youtube.com/watch?v=I9fL5rrZAsk,0,0,0,,800,525,1170,https://www.youtube.com/watch?v=I9fL5rrZAsk,3621,241,125,319,https://www.twitch.tv/videos/2880082951
18d1c00e0bde4ddbb8be5eafe0967dfe,1390,85141,0,0,0,,0,0,0,,0,0,0,,0,0,0,0,
403697f0f5ba49ef873673236c07e2d3,1390,87550,146,81,265,https://www.youtube.com/watch?v=3_8NL3K5cNs,146,81,265,https://www.youtube.com/watch?v=3_8NL3K5cNs,0,0,0,,368,169,131,233,https://www.twitch.tv/videos/2887267351
5356357f112b46db862b472a4aafcee8,1390,46066,214,189,214,https://www.youtube.com/watch?v=r_cSQekvoSk,0,0,0,,214,189,214,https://www.youtube.com/watch?v=r_cSQekvoSk,1292,29,28,56,https://www.twitch.tv/videos/2890502863
07c204505d544b28bb52426d0665a59c,1390,81303,404,182,824,https://www.youtube.com/watch?v=3s6bUXjh2kg,404,182,824,https://www.youtube.com/watch?v=3s6bUXjh2kg,0,0,0,,0,0,0,0,
6adad1ae67dc495dae88cefa06446593,1390,107132,0,0,0,,0,0,0,,0,0,0,,0,0,0,0,
e63047f70b0b4a7eba70e7d8cbd507ec,1380,31510,0,0,0,,0,0,0,,0,0,0,,0,0,0,0,
7136d4451e954a2daed572b2ba517303,1380,10136,911,656,1581,https://www.youtube.com/watch?v=iT6FVujuuCk,911,656,1581,https://www.youtube.com/watch?v=iT6FVujuuCk,0,0,0,,0,0,0,0,
ffe6a7983e434702a68fe18c169e3164,1380,57864,180,99,501,https://www.youtube.com/watch?v=vvTHsCHuevk,164,92,501,https://www.youtube.com/watch?v=vvTHsCHuevk,197,106,197,https://www.youtube.com/watch?v=QreYWWpc9m8,407,29,24,34,https://www.twitch.tv/videos/2887094009
30f58f5fd3994b9a8751b3f44e543c17,1380,107576,119,108,119,https://www.youtube.com/watch?v=03fL4_NefVk,119,108,119,https://www.youtube.com/watch?v=03fL4_NefVk,0,0,0,,0,0,0,0,
8ae0f370cf124faa953a09089a427fd9,1380,104707,564,231,1695,https://www.youtube.com/watch?v=MLIl0htPSD0,567,241,1695,https://www.youtube.com/watch?v=MLIl0htPSD0,50,21,50,https://www.youtube.com/watch?v=qrPMKcHKrVs,322,14,11,28,https://www.twitch.tv/videos/2880099987
de1fec02e4ab43aa948a415621abc524,1370,88417,0,0,0,,0,0,0,,0,0,0,,0,0,0,0,
bb28421da8a749ffb1ca8582b6278c24,1370,54791,0,0,0,,0,0,0,,0,0,0,,824,104,78,105,https://www.twitch.tv/videos/2881858656
c587658ad4fe44b09137591c094ab297,1370,149234,308,152,1048,https://www.youtube.com/watch?v=AJUj_amh-tg,306,156,624,https://www.youtube.com/watch?v=wnl16Xs69mo,1048,46,1048,https://www.youtube.com/watch?v=AJUj_amh-tg,32,0,0,0,
5de329cf8bc5410fb40ef38d117be94d,1370,90005,398,158,14502,https://www.youtube.com/watch?v=OQs1N1FzUbc,336,153,590,https://www.youtube.com/watch?v=YPKsBYSNQ8w,7848,1905,14502,https://www.youtube.com/watch?v=OQs1N1FzUbc,664,146,99,203,https://www.twitch.tv/videos/2884459683
a974047cb6bb412da7fca2ec9d91d882,1370,63210,0,0,0,,0,0,0,,0,0,0,,221,90,59,90,https://www.twitch.tv/videos/2882588588
61e81c6f534247b486b8125bd34fa960,1370,68614,0,0,0,,0,0,0,,0,0,0,,20299,410,132,1853,https://www.twitch.tv/videos/2885399672
2f966e51210f49ba9dce2ac90e3ada18,1370,16688,0,0,0,,0,0,0,,0,0,0,,1054,240,226,637,https://www.twitch.tv/videos/2885520365
43056077596a49349ee4bea028f670f6,1370,81150,0,0,0,,0,0,0,,0,0,0,,302,0,0,0,
d23dbc9d1db64c42821697d1bac8fb66,1370,134635,231,95,1674,https://www.youtube.com/watch?v=dSGVQkpsfy0,219,95,490,https://www.youtube.com/watch?v=sljmGYC0cWo,1088,747,1674,https://www.youtube.com/watch?v=dSGVQkpsfy0,0,0,0,0,
188bbf1349f1482cbd24d06ba720cf17,1370,18770,47,8,58,https://www.youtube.com/watch?v=KiHWWDwdugE,0,0,0,,47,8,58,https://www.youtube.com/watch?v=KiHWWDwdugE,915,118,81,164,https://www.twitch.tv/videos/2885259230
01fc7842da284adaad67d3774a4b2a6c,1360,35860,570,98,1127,https://www.youtube.com/watch?v=7G7dVU7G5bs,570,98,1127,https://www.youtube.com/watch?v=7G7dVU7G5bs,0,0,0,,0,0,0,0,
8968a24fb6bf4f08b1611e694c98eb40,1360,95091,90,33,177,https://www.youtube.com/watch?v=Z-vcy0d627c,90,33,161,https://www.youtube.com/watch?v=cZ7q8sjBbBM,96,52,177,https://www.youtube.com/watch?v=Z-vcy0d627c,0,0,0,0,
a8b244b0fb1f42f8b4bb3d3c2277de3b,1360,136318,841,492,6459,https://www.youtube.com/watch?v=rE40R0hjJ38,0,0,0,,841,492,6459,https://www.youtube.com/watch?v=rE40R0hjJ38,5317,647,348,961,https://www.twitch.tv/videos/2869351577
a05afa97381b4f96b02a1af859426f9c,1360,127469,577,279,1760,https://www.youtube.com/watch?v=M-bG9sBWsRg,433,215,1231,https://www.youtube.com/watch?v=jF61ZTuNKxI,829,282,1760,https://www.youtube.com/watch?v=M-bG9sBWsRg,0,0,0,0,
4082168d753e42b7aca1d25e759d09a7,1350,50006,0,0,0,,0,0,0,,0,0,0,,663,0,0,0,
aa0d8c2604694532a20aaf0f0ced8a5e,1350,0,0,0,0,,0,0,0,,0,0,0,,2476,0,0,0,
4267c862353e410388f1eaa5a5d85017,1350,38830,163,120,239,https://www.youtube.com/watch?v=j4rjRrnoOw4,163,120,239,https://www.youtube.com/watch?v=j4rjRrnoOw4,0,0,0,,0,0,0,0,
4d98ebdc4eb8448da8d2ab8f64df8383,1350,66,0,0,0,,0,0,0,,0,0,0,,154,0,0,0,
7327248ff3f04589bca9e61665448ae8,1350,47514,0,0,0,,0,0,0,,0,0,0,,309,0,0,0,
902740b39aed4b3cb381701c96a73f3a,1350,76330,173,80,601,https://www.youtube.com/watch?v=eSuavWLBnWY,173,80,601,https://www.youtube.com/watch?v=eSuavWLBnWY,254,88,352,https://www.youtube.com/watch?v=MmJOhk0EbKE,261,47,33,96,https://www.twitch.tv/videos/2887034566
6861903583ee45d191ddc03faf6cd0d8,1350,21466,0,0,0,,0,0,0,,0,0,0,,1347,89,57,129,https://www.twitch.tv/videos/2881049239
e3157ce546a640029cfcccb9107f8154,1350,80939,12,2,401,https://www.youtube.com/watch?v=3oQVy6WlXvU,0,0,0,,12,2,401,https://www.youtube.com/watch?v=3oQVy6WlXvU,0,0,0,0,
4071b27c63424e1f9882ebe04a884586,1350,57487,0,0,0,,0,0,0,,0,0,0,,6871,1833,258,1833,https://www.twitch.tv/videos/2868682620
ea8cc7c4366d48c797a88bfbcf584301,1350,36387,0,0,0,,0,0,0,,0,0,0,,282,237,174,255,https://www.twitch.tv/videos/2886250511
97b10f7c6f434fa1a80f76e6740a9c6b,1340,76392,2088,1358,6176,https://www.youtube.com/watch?v=3wALtSf4crw,0,0,0,,2088,1358,6176,https://www.youtube.com/watch?v=3wALtSf4crw,4706,2770,1026,5598,https://www.twitch.tv/videos/2886993098
5903a0f7274043058d817894a9b39e75,1340,31535,35,6,106,https://www.youtube.com/watch?v=T__iWv7p7TM,0,0,0,,35,6,106,https://www.youtube.com/watch?v=T__iWv7p7TM,0,0,0,0,
7a9b7ab0d5bd411195d77800ff778a90,1340,372502,1024,339,1328,https://www.youtube.com/watch?v=kKPwt_uhWD8,0,0,0,,1024,339,1328,https://www.youtube.com/watch?v=kKPwt_uhWD8,66,0,0,0,
515f61904a1a45688ea0d7bc1e7d499e,1340,333795,840,251,915,https://www.youtube.com/watch?v=QU9zQjYXwBA,0,0,0,,840,251,915,https://www.youtube.com/watch?v=QU9zQjYXwBA,6,0,0,0,
a9396c8dd95e43b29c694b14afa07ac4,1340,112666,140,137,140,https://www.youtube.com/watch?v=sPKAy8B46oQ,140,137,140,https://www.youtube.com/watch?v=sPKAy8B46oQ,0,0,0,,4030,475,449,664,https://www.twitch.tv/videos/2889815553
66d986eaa59347b0b18c5ed103cb173e,1340,72993,406,114,825,https://www.youtube.com/watch?v=LaH3N9d1NWI,412,122,825,https://www.youtube.com/watch?v=LaH3N9d1NWI,66,39,66,https://www.youtube.com/watch?v=NzpRGnGM868,0,0,0,0,
521efecabae94dd6b1d21bc5e8543fcb,1340,77234,263,129,1036,https://www.youtube.com/watch?v=X7O0rurKBQk,250,68,1036,https://www.youtube.com/watch?v=X7O0rurKBQk,340,286,340,https://www.youtube.com/watch?v=RuNx6nkXK44,368,0,0,0,
e15cd068f6fd4a05be985c22133f5428,1330,97408,0,0,0,,0,0,0,,0,0,0,,0,0,0,0,
d4bea738b4d548b788ddb590b62cc2bd,1330,172402,276,84,657,https://www.youtube.com/watch?v=WjQ0hAIC4aU,371,92,657,https://www.youtube.com/watch?v=WjQ0hAIC4aU,62,41,62,https://www.youtube.com/watch?v=G_wpgn3mOoU,0,0,0,0,
648d77b2067849838a8ad3fdc0afb85a,1330,6168,0,0,0,,0,0,0,,0,0,0,,1637,381,226,1272,https://www.twitch.tv/videos/2890327727
1e06211caf4f4afa98125699a4c66b5d,1330,0,0,0,0,,0,0,0,,0,0,0,,0,0,0,0,
9de536d111214c379ec6969a52d92442,1330,76202,148,112,148,https://www.youtube.com/watch?v=Qlkg6QSc374,148,112,148,https://www.youtube.com/watch?v=Qlkg6QSc374,0,0,0,,0,0,0,0,
afe78c5051094e86bf9fdfe6cb2a4222,1330,63053,183,69,259,https://www.youtube.com/watch?v=B-9aZY28Py4,183,69,259,https://www.youtube.com/watch?v=B-9aZY28Py4,0,0,0,,0,0,0,0,
6ff6adcddc934a3b94e45448e1912539,1320,203650,0,0,0,,0,0,0,,0,0,0,,1856,0,0,0,
d3e4f9bdbb6c42fc97b60148cefdb6e0,1320,36264,971,688,971,https://www.youtube.com/watch?v=s5gri8hpYQs,971,688,971,https://www.youtube.com/watch?v=s5gri8hpYQs,0,0,0,,5902,2468,1258,4712,https://www.twitch.tv/videos/2885528876
026bdd139df44cec930dd7fc76345184,1320,67309,322,149,1039,https://www.youtube.com/watch?v=LlcdjBFdPiY,322,149,1039,https://www.youtube.com/watch?v=LlcdjBFdPiY,0,0,0,,0,0,0,0,
9b424d3a99ef4fc3b17bc7fef92fefd3,1320,153938,388,243,1581,https://www.youtube.com/watch?v=LOuna9hE1Iw,256,162,454,https://www.youtube.com/watch?v=CpaSO9YRwng,1216,518,1581,https://www.youtube.com/watch?v=LOuna9hE1Iw,380,0,0,0,
506d9c6fdbd34c8aa5fda64d90d96ac2,1310,114869,181,93,1559,https://www.youtube.com/watch?v=43tr7KKdnh0,181,93,1559,https://www.youtube.com/watch?v=43tr7KKdnh0,0,0,0,,0,0,0,0,
eec1f137ea78444185a4268f72f59611,1310,49973,0,0,0,,0,0,0,,0,0,0,,0,0,0,0,
9cd7391045604ccda8be89f7946233e2,1310,80305,1025,442,1819,https://www.youtube.com/watch?v=k0a3lr5-wxE,0,0,0,,1025,442,1819,https://www.youtube.com/watch?v=k0a3lr5-wxE,180,0,0,0,
de49994d9fd14067bf9ea5b4fbac7229,1310,25670,131,64,196,https://www.youtube.com/watch?v=5GOqXKQu0O0,131,64,196,https://www.youtube.com/watch?v=5GOqXKQu0O0,0,0,0,,416,0,0,0,
e2df9d4aea8b4cb4b8e38c31cbf73036,1310,50276,0,0,0,,0,0,0,,0,0,0,,0,0,0,0,
355d53b23acb4f4697b858ca06b25fb7,1300,411602,45,42,45,https://www.youtube.com/watch?v=49ONopIyk7A,45,42,45,https://www.youtube.com/watch?v=49ONopIyk7A,0,0,0,,0,0,0,0,
834afd07257a43ac9f61085f79449be1,1300,73173,751,656,1734,https://www.youtube.com/watch?v=eQUFEHiAJXc,535,377,916,https://www.youtube.com/watch?v=8VSm_Y1xXDE,1143,1109,1734,https://www.youtube.com/watch?v=eQUFEHiAJXc,0,0,0,0,
4297ecbe09d04698a65f1778f5c16dc4,1300,109120,988,228,1745,https://www.youtube.com/watch?v=lz_TnASfapU,269,159,629,https://www.youtube.com/watch?v=TkyyuCWuB6A,1061,530,1745,https://www.youtube.com/watch?v=lz_TnASfapU,236,0,0,0,
f5a99c6ea78e4023b1bc84c1502f432d,1290,59910,87,20,976,https://www.youtube.com/watch?v=Id3PjuNNsY0,99,14,159,https://www.youtube.com/watch?v=JiYYt7BtqV8,78,26,976,https://www.youtube.com/watch?v=Id3PjuNNsY0,876,51,15,167,https://www.twitch.tv/videos/2866972384
f227226fd52e4fbe801b4c89acfe4887,1290,47536,174,77,1601,https://www.youtube.com/watch?v=ucGFFA21ytk,174,77,1601,https://www.youtube.com/watch?v=ucGFFA21ytk,0,0,0,,669,0,0,0,
cd9733cb91b6400aae0bc23e3f25d7eb,1290,36314,0,0,0,,0,0,0,,0,0,0,,0,0,0,0,
2efe1ad069184a7e94b0583b452ffac4,1280,87412,0,0,0,,0,0,0,,0,0,0,,0,0,0,0,
74f214b764314c5aa446eb9981c94935,1280,42592,0,0,0,,0,0,0,,0,0,0,,0,0,0,0,
f2ca2659644f4d02abc851e7bee3255b,1270,24424,0,0,0,,0,0,0,,0,0,0,,2847,363,168,643,https://www.twitch.tv/videos/2886388520
f97745a8003c480fa728cf34d61afc6c,1270,89681,240,61,434,https://www.youtube.com/watch?v=cq7ZQfe85GI,152,50,240,https://www.youtube.com/watch?v=nUxFD6QgfMc,389,98,434,https://www.youtube.com/watch?v=cq7ZQfe85GI,87,86,51,86,https://www.twitch.tv/videos/2880965535
6ab090baa4624f1c8fca28312799e826,1260,43050,0,0,0,,0,0,0,,0,0,0,,800,78,71,105,https://www.twitch.tv/videos/2886365904
c6af4f23c6ce4adab5301d79b0bd343a,1260,188336,539,190,2083,https://www.youtube.com/watch?v=TRX4ElbrO20,502,189,2083,https://www.youtube.com/watch?v=TRX4ElbrO20,959,588,959,https://www.youtube.com/watch?v=B-fFeUy3Xz8,3790,706,259,1506,https://www.twitch.tv/videos/2889610962
7f7e1579979c49249dc65783d457e890,1260,34479,264,160,264,https://www.youtube.com/watch?v=wAh_1-rInPo,264,160,264,https://www.youtube.com/watch?v=wAh_1-rInPo,0,0,0,,437,0,0,0,
15bc73fc2acf4a7695bab31fdea450f0,1250,44166,137,61,167,https://www.youtube.com/watch?v=4O3MBHUVj0s,137,61,167,https://www.youtube.com/watch?v=4O3MBHUVj0s,0,0,0,,0,0,0,0,
0b8d1c0fa1b14df6821e85def645425e,1250,105855,232,112,431,https://www.youtube.com/watch?v=MFPnmJ9mJ5k,232,112,431,https://www.youtube.com/watch?v=MFPnmJ9mJ5k,0,0,0,,164,0,0,0,
e5433e4a21eb49e2bcd508e3b12fba6d,1250,8430,0,0,0,,0,0,0,,0,0,0,,185,0,0,0,
82d5f7612b7645f3a77dd954a0e30b24,1250,8198,0,0,0,,0,0,0,,0,0,0,,0,0,0,0,
19f507cc460a426cb02013fb203bd0a7,1250,84538,719,304,1359,https://www.youtube.com/watch?v=xC7Syx1KCdo,719,304,1359,https://www.youtube.com/watch?v=xC7Syx1KCdo,0,0,0,,506,56,50,111,https://www.twitch.tv/videos/2882733058
5d73e7f013034d06b58decaf4b2b385c,1240,27893,0,0,0,,0,0,0,,0,0,0,,0,0,0,0,
03c9d83a4c534b65a5743b381eb2ce33,1240,41000,165,29,342,https://www.youtube.com/watch?v=lozndMfLT1U,165,29,342,https://www.youtube.com/watch?v=lozndMfLT1U,0,0,0,,699,0,0,0,
e290f49c193149708cd72747639d5ced,1240,76203,226,112,1056,https://www.youtube.com/watch?v=LHRbLbAofvk,226,112,1056,https://www.youtube.com/watch?v=LHRbLbAofvk,0,0,0,,0,0,0,0,
e2ddcd13e70643238d46f50fba8261b2,1240,115699,0,0,0,,0,0,0,,0,0,0,,3073,561,227,1925,https://www.twitch.tv/videos/2872818780
12f8dc82bc0d4f89bfbd7ede76ab1faf,1230,29339,0,0,0,,0,0,0,,0,0,0,,0,0,0,0,
0446516df6074a4ba8a0f3639b17de46,1230,66237,0,0,0,,0,0,0,,0,0,0,,0,0,0,0,
a1ef171711404951a987f4c9bc5e64f0,1230,97673,213,59,1415,https://www.youtube.com/watch?v=1gz-RBc8uhU,251,62,542,https://www.youtube.com/watch?v=qhg7cpNIY04,108,23,1415,https://www.youtube.com/watch?v=1gz-RBc8uhU,0,0,0,0,
0f74555e05794780adc4eb0b9096f727,1230,15708,85,45,85,https://www.youtube.com/watch?v=n_w2CEdpxbI,85,45,85,https://www.youtube.com/watch?v=n_w2CEdpxbI,0,0,0,,115,0,0,0,
6abc6d7010ed4b7a88b2566b171c9005,1230,50230,335,83,1162,https://www.youtube.com/watch?v=E5kg3ix9r1A,335,83,1162,https://www.youtube.com/watch?v=E5kg3ix9r1A,0,0,0,,0,0,0,0,
d7e9a44c2bbe439b9f062d64dc1b96f3,1230,86386,502,180,924,https://www.youtube.com/watch?v=5pJZIZ1PEaY,502,180,924,https://www.youtube.com/watch?v=5pJZIZ1PEaY,0,0,0,,134,0,0,0,
fb7ced3cc6c247928ce1bb3b2715d98c,1220,415422,965,397,1149,https://www.youtube.com/watch?v=brd7VGoY-h0,0,0,0,,965,397,1149,https://www.youtube.com/watch?v=brd7VGoY-h0,0,0,0,0,
b399afc661d04f47acc9d0681be343b4,1220,180893,292,158,1697,https://www.youtube.com/watch?v=tUrcr7gOYHQ,263,108,1113,https://www.youtube.com/watch?v=YWLPjGOAibg,1123,629,1697,https://www.youtube.com/watch?v=tUrcr7gOYHQ,577,158,131,266,https://www.twitch.tv/videos/2888026296
d4b4a16e0ccc4bb49ff82c8584e6ed79,1220,42957,0,0,0,,0,0,0,,0,0,0,,0,0,0,0,
1058d6e9f351455389e8a7a716ea26ff,1220,72207,206,105,852,https://www.youtube.com/watch?v=YnLQEykUQYw,213,112,852,https://www.youtube.com/watch?v=YnLQEykUQYw,38,26,38,https://www.youtube.com/watch?v=rZVmt2a1TvA,4416,301,137,794,https://www.twitch.tv/videos/2888927596
1f378a6e115046ffa1a17f9079285d4a,1220,41779,318,145,540,https://www.youtube.com/watch?v=1E28oP9aBGs,318,145,540,https://www.youtube.com/watch?v=1E28oP9aBGs,0,0,0,,98,0,0,0,
3b9a06751f3c415993d424480d4d5060,1220,143253,218,151,277,https://www.youtube.com/watch?v=mwGmvqKSsxw,218,151,277,https://www.youtube.com/watch?v=mwGmvqKSsxw,0,0,0,,0,0,0,0,
3430389926a942cbacde9b444b3a6653,1210,51317,0,0,0,,0,0,0,,0,0,0,,1056,0,0,0,
9f585f607da24e26b05ccb7e06e1d4f1,1210,214194,759,266,1564,https://www.youtube.com/watch?v=cLjJw9_-Z1g,178,118,771,https://www.youtube.com/watch?v=Yb2LP9S1Bdc,1170,659,1564,https://www.youtube.com/watch?v=cLjJw9_-Z1g,567,0,0,0,
ffe0cef3d8c34c52bb605a23a3e61e95,1210,32648,275,24,275,https://www.youtube.com/watch?v=YcDLMvHsoqI,275,24,275,https://www.youtube.com/watch?v=YcDLMvHsoqI,0,0,0,,0,0,0,0,
0a000a22ebd84abf860bcd5ef0a5ed60,1210,83315,24,4,1323,https://www.youtube.com/watch?v=hunpua6hhnM,0,0,0,,24,4,1323,https://www.youtube.com/watch?v=hunpua6hhnM,2618,355,145,1199,https://www.twitch.tv/videos/2864957949
e5eb10612f5c4b069928fc1a71ad8e7d,1210,107633,181,96,2346,https://www.youtube.com/watch?v=5e2BQRsyxHE,168,89,219,https://www.youtube.com/watch?v=Cq7l8qlqAkE,1253,318,2346,https://www.youtube.com/watch?v=5e2BQRsyxHE,0,0,0,0,
6e845fd52d044ab598cc4ca35ba91f88,1210,8120,21,14,79,https://www.youtube.com/watch?v=Mf44UI1DLHc,0,0,0,,21,14,79,https://www.youtube.com/watch?v=Mf44UI1DLHc,0,0,0,0,
af34d62a8f4e4ca180c11f11c2832893,1200,40671,0,0,0,,0,0,0,,0,0,0,,0,0,0,0,
921b0b3a8dd64a5494720801af95ba06,1200,85735,99,60,105,https://www.youtube.com/watch?v=w5j6PtR-hA4,99,60,105,https://www.youtube.com/watch?v=w5j6PtR-hA4,0,0,0,,0,0,0,0,
1e59cd43a10a44edb1407fb8ba8529a8,1200,79070,321,102,890,https://www.youtube.com/watch?v=GCLaWPMKBCQ,321,102,890,https://www.youtube.com/watch?v=GCLaWPMKBCQ,0,0,0,,0,0,0,0,
ca8d038d311e4cccb2deded15cee89cd,1200,77552,422,202,1195,https://www.youtube.com/watch?v=BKEc_INJmLo,445,237,1195,https://www.youtube.com/watch?v=BKEc_INJmLo,10,4,13,https://www.youtube.com/watch?v=hIoz6ZVbmCM,112,0,0,0,
492582e14bd0480eb5c847e6240f020b,1200,90996,1092,775,6523,https://www.youtube.com/watch?v=_n7rivpdgfM,1014,824,6523,https://www.youtube.com/watch?v=_n7rivpdgfM,1171,654,1171,https://www.youtube.com/watch?v=juJEEfL_xm8,0,0,0,0,
ffaf6da580a44e11bba9715e3c854958,1200,71217,159,67,230,https://www.youtube.com/watch?v=Hv49SBaNS7U,159,67,230,https://www.youtube.com/watch?v=Hv49SBaNS7U,0,0,0,,196,0,0,0,
f4c357c0b7ae4891859ecd205d903dff,1190,55731,76,22,1130,https://www.youtube.com/watch?v=yhGgIv-Trng,68,38,76,https://www.youtube.com/watch?v=-Z4lOVnjxik,77,22,1130,https://www.youtube.com/watch?v=yhGgIv-Trng,92,0,0,0,
e0823adb7a574647b6e395e70038509d,1190,52261,731,253,1244,https://www.youtube.com/watch?v=sZJxx44DxSA,384,297,384,https://www.youtube.com/watch?v=ibxL_y2fhj4,1079,209,1244,https://www.youtube.com/watch?v=sZJxx44DxSA,0,0,0,0,
6826120624a244d4ab9522b5845db071,1190,71065,1247,471,2186,https://www.youtube.com/watch?v=la8se4jXJuo,0,0,0,,1247,471,2186,https://www.youtube.com/watch?v=la8se4jXJuo,4064,1015,735,1268,https://www.twitch.tv/videos/2888490806
ccf93d7646f249dfa3454f5a60f466c8,1190,43014,0,0,0,,0,0,0,,0,0,0,,117,0,0,0,
2656bc44436c45cca3e94e43a9a49c2d,1190,214944,476,169,1422,https://www.youtube.com/watch?v=6D_he4zGl5Y,476,169,1422,https://www.youtube.com/watch?v=6D_he4zGl5Y,0,0,0,,0,0,0,0,
870430bfaf9942f487819fcb4630fabb,1180,1672,0,0,0,,0,0,0,,0,0,0,,1225,111,66,111,https://www.twitch.tv/videos/2880876137
7ca610bac41843a28abba9e947aa9ded,1180,59721,3521,1980,3521,https://www.youtube.com/watch?v=zYiu0WJD7mI,0,0,0,,3521,1980,3521,https://www.youtube.com/watch?v=zYiu0WJD7mI,3292,2050,1507,2050,https://www.twitch.tv/videos/2884406175
36ad63809a2441c9b85f7ee628136ce3,1180,135471,319,113,1282,https://www.youtube.com/watch?v=e8LEka2sksc,319,154,1282,https://www.youtube.com/watch?v=e8LEka2sksc,396,56,674,https://www.youtube.com/watch?v=gSgpNH7vbyI,23,0,0,0,
9cdf183fa1ee43c2906cca70884a6278,1170,24762,0,0,0,,0,0,0,,0,0,0,,0,0,0,0,
fe555b322c784b5b9c2297c585bc9352,1160,37649,0,0,0,,0,0,0,,0,0,0,,0,0,0,0,
78f09e2a2d31477aa4a475ff159fb7c2,1160,103111,237,170,1550,https://www.youtube.com/watch?v=FkC1Tettplw,269,113,269,https://www.youtube.com/watch?v=sZEizFXViHM,205,188,1550,https://www.youtube.com/watch?v=FkC1Tettplw,220,0,0,0,
20bfe5495db6453eaadbc55322c856f9,1160,39398,0,0,0,,0,0,0,,0,0,0,,0,0,0,0,
9bf758b113b048bc9331f244b619e4b2,1160,103092,109,51,157,https://www.youtube.com/watch?v=92usZAutkb8,109,51,157,https://www.youtube.com/watch?v=92usZAutkb8,0,0,0,,280,0,0,0,
956591dc2e40411688b8f8e3079bc5e3,1160,133345,314,127,388,https://www.youtube.com/watch?v=llFkNWzEtRk,314,127,388,https://www.youtube.com/watch?v=llFkNWzEtRk,0,0,0,,0,0,0,0,
238b751368474f798a737e7cf1f4a87b,1160,64654,177,60,1147,https://www.youtube.com/watch?v=ug9F5cKWd-8,282,87,959,https://www.youtube.com/watch?v=ScsXq1gCpHY,154,52,1147,https://www.youtube.com/watch?v=ug9F5cKWd-8,2109,142,100,210,https://www.twitch.tv/videos/2885431023
e63fe9e27be44403b222fb0319c027b6,1160,31284,0,0,0,,0,0,0,,0,0,0,,5881,1464,971,3398,https://www.twitch.tv/videos/2884297467
507d48eff3d44b6cba7b707e321e01e7,1160,64960,0,0,0,,0,0,0,,0,0,0,,579,0,0,0,
ac5176c53ad7447b8d63f82f65ba7200,1160,56938,0,0,0,,0,0,0,,0,0,0,,2547,0,0,0,
74c75f221fbb4cffa67de26881bae17d,1160,83280,0,0,0,,0,0,0,,0,0,0,,0,0,0,0,
b4b4fcedc8264cb5b90584935aebf110,1150,47965,618,330,681,https://www.youtube.com/watch?v=y8ogkpIkwZo,618,330,681,https://www.youtube.com/watch?v=y8ogkpIkwZo,0,0,0,,265,0,0,0,
0e9aeecbe8f04a62ab781cf2e520eba0,1150,43125,40,37,1454,https://www.youtube.com/watch?v=RgspaPt3nU0,21,20,23,https://www.youtube.com/watch?v=DPqii7f4Yrc,1026,339,1454,https://www.youtube.com/watch?v=RgspaPt3nU0,7779,724,307,2566,https://www.twitch.tv/videos/2887035508
3d33f15ad27c406abfd68d6c16e0b53d,1150,69361,585,163,585,https://www.youtube.com/watch?v=4jhbUZOxlj8,585,163,585,https://www.youtube.com/watch?v=4jhbUZOxlj8,0,0,0,,0,0,0,0,
95694a64c0fe4b5c987344f1edcec826,1150,53476,220,55,253,https://www.youtube.com/watch?v=TJdUwO-5aiE,227,84,253,https://www.youtube.com/watch?v=TJdUwO-5aiE,103,55,103,https://www.youtube.com/watch?v=Sb2khMuXcEM,1694,135,90,390,https://www.twitch.tv/videos/2885346789
43acb25e255340d09b50283f0308d1ff,1150,660898,65,33,65,https://www.youtube.com/watch?v=gwLC1rMZV0s,65,33,65,https://www.youtube.com/watch?v=gwLC1rMZV0s,0,0,0,,0,0,0,0,
f4ff6f40be3a4294ac1fe3e475421377,1150,93170,787,272,1067,https://www.youtube.com/watch?v=xl-acOLz4uw,787,272,1067,https://www.youtube.com/watch?v=xl-acOLz4uw,0,0,0,,47,0,0,0,
34e2da1086ea4670b7b3d1fec34d8403,1150,61736,209,107,352,https://www.youtube.com/watch?v=1zSoj4TmVvc,213,110,352,https://www.youtube.com/watch?v=1zSoj4TmVvc,111,88,111,https://www.youtube.com/watch?v=s_qtyO0gg_A,0,0,0,0,
7e1072448d24495f8cac5163c0290989,1150,41670,108,52,180,https://www.youtube.com/watch?v=wsuNDydI5Pw,108,52,180,https://www.youtube.com/watch?v=wsuNDydI5Pw,0,0,0,,203,0,0,0,
ce4d344e37cd403cbb5325010144d393,1150,101027,777,136,1725,https://www.youtube.com/watch?v=ncZB44PPA7Q,112,8,176,https://www.youtube.com/watch?v=UvX84YSBim4,1229,739,1725,https://www.youtube.com/watch?v=ncZB44PPA7Q,1684,362,255,2148,https://www.twitch.tv/videos/2880957099
99e9616a2f73426d8c0a672dd20d9ad3,1150,222354,0,0,0,,0,0,0,,0,0,0,,62,0,0,0,
32a5b834b2bf4912bcd54ac00ae13285,1140,3955,0,0,0,,0,0,0,,0,0,0,,2960,368,228,458,https://www.twitch.tv/videos/2884409278
fff74fa431cd4468b177675010504ee1,1140,21345,123,55,723,https://www.youtube.com/watch?v=9QhBJCKZ3rg,123,55,723,https://www.youtube.com/watch?v=9QhBJCKZ3rg,0,0,0,,402,68,50,149,https://www.twitch.tv/videos/2890665802
d4c077fa180a460cabadc4e2838d1855,1140,38954,0,0,0,,0,0,0,,0,0,0,,0,0,0,0,
01871d8239314affaf7032899ce6502f,1140,298905,0,0,0,,0,0,0,,0,0,0,,0,0,0,0,
0b0668c6206c4500bdcbc281ee58680c,1140,45106,116,66,1323,https://www.youtube.com/watch?v=eAYU3cdBJT0,125,69,460,https://www.youtube.com/watch?v=NXg7YUhwicQ,107,0,1323,https://www.youtube.com/watch?v=eAYU3cdBJT0,3030,462,281,462,https://www.twitch.tv/videos/2881110795
2a0de6059bd74c298a80f45a8052790e,1140,234168,0,0,0,,0,0,0,,0,0,0,,1373,148,117,354,https://www.twitch.tv/videos/2880048221
fc7fa0c5a7604cc8a420ee89472fcac3,1140,43573,359,182,1386,https://www.youtube.com/watch?v=OEyrjZ53iTs,397,221,1386,https://www.youtube.com/watch?v=OEyrjZ53iTs,165,66,180,https://www.youtube.com/watch?v=Pe8OB9SBzMc,1303,0,0,0,
5226367de740445789ec9b65a84d65c5,1130,184911,244,88,530,https://www.youtube.com/watch?v=W0Vl3MdCQDc,244,88,530,https://www.youtube.com/watch?v=W0Vl3MdCQDc,0,0,0,,280,0,0,0,
c964cb46cc9d411aaca372f9e459d2dc,1130,53750,0,0,0,,0,0,0,,0,0,0,,231,0,0,0,
4e7110080135486ba1d83d3e5cdbf0ca,1130,15038,0,0,0,,0,0,0,,0,0,0,,434,0,0,0,
ea31f43c943742be847e205495fc64ad,1130,88182,0,0,0,,0,0,0,,0,0,0,,4619,1419,784,2388,https://www.twitch.tv/videos/2867717110
d475848a566848dc9f6ad02707d87e2a,1130,158590,156,64,1262,https://www.youtube.com/watch?v=0fxXF0DYrTY,168,74,1262,https://www.youtube.com/watch?v=0fxXF0DYrTY,55,29,119,https://www.youtube.com/watch?v=-1ieRbC6HAI,0,0,0,0,
a5c12a1268af408c9a3ed6adbb72c53c,1130,70316,0,0,0,,0,0,0,,0,0,0,,0,0,0,0,
aab094af87d74f3cbcb332bdac03fa23,1130,23966,0,0,0,,0,0,0,,0,0,0,,0,0,0,0,
c2b9638d8dd54888a91caa8a67366907,1120,21944,1210,419,1210,https://www.youtube.com/watch?v=V7R1-Q3TzoI,1210,419,1210,https://www.youtube.com/watch?v=V7R1-Q3TzoI,0,0,0,,2636,111,72,805,https://www.twitch.tv/videos/2883424684
0d080db8809848e2ba918799b2f7885b,1120,87460,280,80,526,https://www.youtube.com/watch?v=KE6RYz4BI2I,280,80,526,https://www.youtube.com/watch?v=KE6RYz4BI2I,0,0,0,,0,0,0,0,
49f14b84269f458099232c2a21b2ba74,1120,32479,0,0,0,,0,0,0,,0,0,0,,0,0,0,0,
853afd5eb42e4f61bb0f9478aa8c1661,1120,0,0,0,0,,0,0,0,,0,0,0,,0,0,0,0,
4bdf9ee9f53f4785b37a9d9dbd2a0da8,1120,66817,28,8,124,https://www.youtube.com/watch?v=SAHZdZkrvL8,0,0,0,,28,8,124,https://www.youtube.com/watch?v=SAHZdZkrvL8,0,0,0,0,
381bb87f90794f2a909775a87c192dc5,1120,109475,0,0,0,,0,0,0,,0,0,0,,10549,267,98,519,https://www.twitch.tv/videos/2884538764
99f95450781349058c1c4098d6fe9f41,1120,75903,1462,102,1462,https://www.youtube.com/watch?v=5l9lxgKxOHk,0,0,0,,1462,102,1462,https://www.youtube.com/watch?v=5l9lxgKxOHk,0,0,0,0,
46a8009adbca4aa083af580b50b69306,1110,25261,107,44,179,https://www.youtube.com/watch?v=eRIfXlQsv7o,107,44,179,https://www.youtube.com/watch?v=eRIfXlQsv7o,0,0,0,,504,9,6,11,https://www.twitch.tv/videos/2886195989
0b183e5c128246c0ad5cd5491e8b8c83,1110,367596,1316,621,6978,https://www.youtube.com/watch?v=LdrldMhuZYQ,185,58,188,https://www.youtube.com/watch?v=rjSqwRMfN44,1388,673,6978,https://www.youtube.com/watch?v=LdrldMhuZYQ,0,0,0,0,
483a76d7ad1d464aa290606959ddddec,1110,64532,340,200,399,https://www.youtube.com/watch?v=U8sTETmkgZc,340,200,399,https://www.youtube.com/watch?v=U8sTETmkgZc,0,0,0,,877,198,150,288,https://www.twitch.tv/videos/2890668676
4b214cdeac0649989f03f39e497816cf,1110,4548686,422,136,18358,https://www.youtube.com/watch?v=WWha1c0avBE,262,114,507,https://www.youtube.com/watch?v=n5bsTqfxyUY,1743,1289,18358,https://www.youtube.com/watch?v=WWha1c0avBE,763,122,100,327,https://www.twitch.tv/videos/2887049969
26eba1f0fabf425aa5769e01e855ea28,1110,108499,0,0,0,,0,0,0,,0,0,0,,0,0,0,0,
3922688ae4b64592b8301430e19fd2ca,1110,120007,266,119,1518,https://www.youtube.com/watch?v=2D5HIRt-1qI,302,104,654,https://www.youtube.com/watch?v=DPb5V_pysFk,262,119,1518,https://www.youtube.com/watch?v=2D5HIRt-1qI,594,292,174,747,https://www.twitch.tv/videos/2884258501
4aee4e4c619a4e2aa8bbc2edce38ccfa,1100,152692,370,150,1348,https://www.youtube.com/watch?v=0QI5aDvV_Pk,289,148,1041,https://www.youtube.com/watch?v=BwWX8Piy6EI,1179,200,1348,https://www.youtube.com/watch?v=0QI5aDvV_Pk,0,0,0,0,
4b9b64309ea0491bbde3b86b6c34bdd0,1100,73802,735,223,797,https://www.youtube.com/watch?v=eBSpOgaR7n8,735,223,797,https://www.youtube.com/watch?v=eBSpOgaR7n8,0,0,0,,0,0,0,0,
e0535f2d38f04d26aca33772bccb33b8,1100,78283,920,601,1668,https://www.youtube.com/watch?v=fFJrViy8OB4,920,601,1668,https://www.youtube.com/watch?v=fFJrViy8OB4,0,0,0,,2621,723,382,879,https://www.twitch.tv/videos/2880120957
70af0f70b6284690a524eb87aaa1d296,1100,72391,275,138,275,https://www.youtube.com/watch?v=k-3lukW6gt0,0,0,0,,275,138,275,https://www.youtube.com/watch?v=k-3lukW6gt0,4881,575,240,1591,https://www.twitch.tv/videos/2886293626
971c91b32e9b4e1abfdafe711cb9e440,1100,16636,0,0,0,,0,0,0,,0,0,0,,0,0,0,0,
f5ef8ac02db547dd92da5e87717a8dca,1100,47791,343,155,1314,https://www.youtube.com/watch?v=exFeMpUiRlQ,343,155,602,https://www.youtube.com/watch?v=zL9NQD5Pmhk,787,451,1314,https://www.youtube.com/watch?v=exFeMpUiRlQ,0,0,0,0,
e212d468e3e64ad5b8f22f61bc4e06f7,1100,34547,53,9,53,https://www.youtube.com/watch?v=cwqb3yKswGA,53,9,53,https://www.youtube.com/watch?v=cwqb3yKswGA,0,0,0,,0,0,0,0,
8d67810b612540a0ad928179c1f9a4ee,1100,19174,44,19,140,https://www.youtube.com/watch?v=AYrIwKjUOik,44,19,140,https://www.youtube.com/watch?v=AYrIwKjUOik,0,0,0,,771,154,119,264,https://www.twitch.tv/videos/2889798737
3410ce8f1b78487f8025485a6c09b1b8,1100,34339,0,0,0,,0,0,0,,0,0,0,,0,0,0,0,
3a963b6901c7467da3d9c8bd74df9da6,1090,51670,141,57,223,https://www.youtube.com/watch?v=DaLLy_3XF9U,141,57,223,https://www.youtube.com/watch?v=DaLLy_3XF9U,0,0,0,,0,0,0,0,
ec9a791b8152478b95858b199b866ef9,1090,44871,0,0,0,,0,0,0,,0,0,0,,377,0,0,0,
7aca9b05fe654223a3702531383002a8,1090,7428,0,0,0,,0,0,0,,0,0,0,,2946,0,0,0,
1eef7c0894a547a2bff186f6a735145a,1090,29735,546,204,698,https://www.youtube.com/watch?v=F9wuYKSJNLc,418,189,543,https://www.youtube.com/watch?v=bIZcDm__RDE,624,204,698,https://www.youtube.com/watch?v=F9wuYKSJNLc,0,0,0,0,
8489d002b1704612bd0dd23f9a14ed51,1090,58130,165,84,207,https://www.youtube.com/watch?v=sZiWCNqnH1E,165,84,207,https://www.youtube.com/watch?v=sZiWCNqnH1E,0,0,0,,172,0,0,0,
5d02c4219e484617979165267cbd8d7f,1090,7542,0,0,0,,0,0,0,,0,0,0,,6,0,0,0,
4ba065758aa94ce18cfe227cc37b1afe,1090,34767,0,0,0,,0,0,0,,0,0,0,,3748,795,539,2160,https://www.twitch.tv/videos/2887530778
278f93ad57b14f01a71f1e89598ee503,1090,10524,0,0,0,,0,0,0,,0,0,0,,0,0,0,0,
4d4410bdde7d4107809dc6e1e2ce0e0e,1090,57407,110,29,1560,https://www.youtube.com/watch?v=XhJtKTP1-Xk,110,29,601,https://www.youtube.com/watch?v=ZIvXx3lq9iA,798,37,1560,https://www.youtube.com/watch?v=XhJtKTP1-Xk,0,0,0,0,
46388caf23e34f09b145fff0fa25b897,1080,33395,0,0,0,,0,0,0,,0,0,0,,881,87,60,104,https://www.twitch.tv/videos/2879233448
0d7502e74c394a7f82a07c31fee877ff,1080,34793,0,0,0,,0,0,0,,0,0,0,,0,0,0,0,
5f413dce55614542940c58900ef1c82c,1080,25839,0,0,0,,0,0,0,,0,0,0,,829,72,53,89,https://www.twitch.tv/videos/2883692171
683db9d9b58f4dd883966c82581a7b60,1080,42354,115,40,160,https://www.youtube.com/watch?v=XBCIym-tOXI,115,40,160,https://www.youtube.com/watch?v=XBCIym-tOXI,0,0,0,,0,0,0,0,
689dcd8a50ff4a3ead63d3f378c6e28f,1070,19260,244,164,244,https://www.youtube.com/watch?v=vQ-4ZG2CjJw,244,164,244,https://www.youtube.com/watch?v=vQ-4ZG2CjJw,0,0,0,,0,0,0,0,
d792696470b54bd4947a59b10759a636,1070,54883,178,81,1536,https://www.youtube.com/watch?v=EpHsKxA8sik,170,50,1536,https://www.youtube.com/watch?v=EpHsKxA8sik,376,112,376,https://www.youtube.com/watch?v=-bJi2eKbyuA,0,0,0,0,
5396c3113555413f8b8d722d44b413d3,1070,5508,231,126,231,https://www.youtube.com/watch?v=NTUb4dCB1NY,231,126,231,https://www.youtube.com/watch?v=NTUb4dCB1NY,0,0,0,,0,0,0,0,
027dc46502ee4350ba597000191659ae,1070,57094,647,283,2139,https://www.youtube.com/watch?v=dhQqfwZ3HA8,364,221,1115,https://www.youtube.com/watch?v=vC7JYpgZWnk,872,381,2139,https://www.youtube.com/watch?v=dhQqfwZ3HA8,76,0,0,0,
45baafce0f294208a063a496814b7986,1070,48827,176,67,217,https://www.youtube.com/watch?v=a3rB8hgWrUA,177,61,217,https://www.youtube.com/watch?v=a3rB8hgWrUA,176,81,176,https://www.youtube.com/watch?v=o--VGPZjFFU,0,0,0,0,
62b7ee328a7b42b0a1da0ab3bc22d1db,1070,190485,137,59,1637,https://www.youtube.com/watch?v=tC1sdDGKQEw,138,59,608,https://www.youtube.com/watch?v=kdStKODEbuA,80,43,1637,https://www.youtube.com/watch?v=tC1sdDGKQEw,1279,79,58,192,https://www.twitch.tv/videos/2890683346
b9eb00549c554290a7dbc5cd05910239,1070,104244,0,0,0,,0,0,0,,0,0,0,,0,0,0,0,
837cc45c90974caa9f07699c3899fa7b,1070,53639,88,55,355,https://www.youtube.com/watch?v=JYbXF9nPKJw,88,55,355,https://www.youtube.com/watch?v=JYbXF9nPKJw,0,0,0,,642,56,51,140,https://www.twitch.tv/videos/2888035787
b5d3dfb81219492cb11a34291aab8cc8,1070,32096,0,0,0,,0,0,0,,0,0,0,,0,0,0,0,
85aa19ec73ce4db08ba1bf3d0f1807ce,1060,52479,0,0,0,,0,0,0,,0,0,0,,0,0,0,0,
b4de9155a5f34284a41224c38e70c67e,1060,56267,0,0,0,,0,0,0,,0,0,0,,43,0,0,0,
15e82a696cfc4d42929e29b0d90955d1,1060,65407,268,57,300,https://www.youtube.com/watch?v=8P3idmtd03U,268,57,300,https://www.youtube.com/watch?v=8P3idmtd03U,0,0,0,,0,0,0,0,
02fc4a811f9b45b38e94ce75f36a8efa,1060,46728,164,89,1407,https://www.youtube.com/watch?v=X2OO0sETB2s,131,54,567,https://www.youtube.com/watch?v=KlqdkdQozpE,365,127,1407,https://www.youtube.com/watch?v=X2OO0sETB2s,0,0,0,0,
fe70a0055df1453a82bea6582d3072fa,1060,48055,118,68,175,https://www.youtube.com/watch?v=Tf01gTu9OAg,113,48,124,https://www.youtube.com/watch?v=dkY9k159SDI,175,88,175,https://www.youtube.com/watch?v=Tf01gTu9OAg,0,0,0,0,
62080edda26345efbf8bc2bab0ab4136,1060,26934,0,0,0,,0,0,0,,0,0,0,,0,0,0,0,
f560e7811b454fe489044165c53dba83,1060,66558,136,24,322,https://www.youtube.com/watch?v=nvTE7tUTDvw,136,24,322,https://www.youtube.com/watch?v=nvTE7tUTDvw,0,0,0,,0,0,0,0,
ef0319d27b10495795a5b994bc2249d5,1060,124329,461,207,1672,https://www.youtube.com/watch?v=aTWUlGVSd0s,430,205,1672,https://www.youtube.com/watch?v=aTWUlGVSd0s,902,213,1555,https://www.youtube.com/watch?v=JGSA3nXwp-g,0,0,0,0,
0a9ce04e6eee4c6d8dde6eb5a0f56c20,1060,18911,1,0,8,https://www.youtube.com/watch?v=jqPBYIUXKnY,0,0,0,,1,0,8,https://www.youtube.com/watch?v=jqPBYIUXKnY,0,0,0,0,
63d931b5a0374b3fbeef2c565a8db8df,1060,182218,1309,698,1464,https://www.youtube.com/watch?v=4l17CK0SpQA,0,0,0,,1309,698,1464,https://www.youtube.com/watch?v=4l17CK0SpQA,6537,1081,716,6131,https://www.twitch.tv/videos/2883576195
d23e5f9f3abf4b36b79c04f5265a8efc,1060,70997,163,70,697,https://www.youtube.com/watch?v=Ua-PfylsBSo,159,64,697,https://www.youtube.com/watch?v=Ua-PfylsBSo,184,99,184,https://www.youtube.com/watch?v=XIv9aaA13S8,156,0,0,0,
872b7ddfc20f433f9575e2a762e83c06,1050,58932,320,169,2420,https://www.youtube.com/watch?v=glTqN5fyt8k,295,146,389,https://www.youtube.com/watch?v=_wYjP3-r850,2420,1314,2420,https://www.youtube.com/watch?v=glTqN5fyt8k,0,0,0,0,
7a160bd129144664804dd3fc08fceeb1,1050,23713,0,0,0,,0,0,0,,0,0,0,,9698,4660,1874,9322,https://www.twitch.tv/videos/2886958727
7754a4ea82814b7fbbecfcf459382001,1050,223738,54,17,65,https://www.youtube.com/watch?v=ta6PWSEBfr4,43,0,43,https://www.youtube.com/watch?v=__TvABEr4u4,65,35,65,https://www.youtube.com/watch?v=ta6PWSEBfr4,2485,697,445,882,https://www.twitch.tv/videos/2888889171
d6d4ed41815a4603a028d321d9d14a56,1040,11927,0,0,0,,0,0,0,,0,0,0,,10,0,0,0,
4de233ea7dfc4a7da1738ab627babd48,1040,60253,448,215,1001,https://www.youtube.com/watch?v=kE-WusYvYBs,419,200,1001,https://www.youtube.com/watch?v=kE-WusYvYBs,448,239,448,https://www.youtube.com/watch?v=HArfofsbCmM,0,0,0,0,
b5b0001ea8594cd68567ef344ca0bb2e,1040,175277,153,56,178,https://www.youtube.com/watch?v=u1HOVCXu-sY,128,24,128,https://www.youtube.com/watch?v=6B1ana6Qmzg,178,87,178,https://www.youtube.com/watch?v=u1HOVCXu-sY,0,0,0,0,
4ba98a2155ad4b4392d8c5d7a51f4964,1040,276033,1346,712,3149,https://www.youtube.com/watch?v=tJ05u3AXC7c,1346,712,3149,https://www.youtube.com/watch?v=tJ05u3AXC7c,0,0,0,,0,0,0,0,
fb23227395a04a26abe441d1ac7978de,1040,116270,202,80,948,https://www.youtube.com/watch?v=278xzLL_M8s,202,80,948,https://www.youtube.com/watch?v=278xzLL_M8s,0,0,0,,470,100,63,291,https://www.twitch.tv/videos/2885376270
00a208caab334f6daf286ebb92cfd9da,1040,18989,0,0,0,,0,0,0,,0,0,0,,418,0,0,0,
d2c5b1c430fa45c8b9be0b8be65d8a6b,1040,27997,486,110,1239,https://www.youtube.com/watch?v=hXKlCXvVpu8,274,108,749,https://www.youtube.com/watch?v=nuw0cGhZ4D8,890,127,1239,https://www.youtube.com/watch?v=hXKlCXvVpu8,397,0,0,0,
c060912477dd414ea79d74adddfb4661,1030,68898,111,51,1487,https://www.youtube.com/watch?v=oe8gsFn2Qfw,23,5,505,https://www.youtube.com/watch?v=MhxzeQtDa3w,441,151,1487,https://www.youtube.com/watch?v=oe8gsFn2Qfw,0,0,0,0,
5a1eb09579134895adfa9516611bd925,1030,32948,0,0,0,,0,0,0,,0,0,0,,735,0,0,0,
302b50b5cf4844d58868013404b1ec3f,1030,30601,133,51,230,https://www.youtube.com/watch?v=x7tQlzKp7MQ,133,51,230,https://www.youtube.com/watch?v=x7tQlzKp7MQ,0,0,0,,0,0,0,0,
e2049fd03bea4bf6bfee472e4674021c,1030,164903,196,109,328,https://www.youtube.com/watch?v=Ijmf9QHWoz8,220,124,328,https://www.youtube.com/watch?v=Ijmf9QHWoz8,179,76,223,https://www.youtube.com/watch?v=ASsJPMyRaNw,78,9,8,9,https://www.twitch.tv/videos/2889756719
7ca8ec94cb4640ccb27719cbfc8a8df0,1030,57873,566,400,770,https://www.youtube.com/watch?v=9d-HjG3JhE0,0,0,0,,566,400,770,https://www.youtube.com/watch?v=9d-HjG3JhE0,0,0,0,0,
800b7770ac1d4e4eb62318639ff71b7a,1020,74377,48,33,48,https://www.youtube.com/watch?v=uO5PeQvF0jo,0,0,0,,48,33,48,https://www.youtube.com/watch?v=uO5PeQvF0jo,0,0,0,0,
c7344bac508b46f2a20c4bb6861f33ab,1020,14440,0,0,0,,0,0,0,,0,0,0,,0,0,0,0,
647a4992105c4f18b92239156e0064fb,1020,26215,0,0,0,,0,0,0,,0,0,0,,144,0,0,0,
3588ee10f67c4911b544e48223c57c7d,1020,22570,0,0,0,,0,0,0,,0,0,0,,0,0,0,0,
76f2fa6f1aa44f0a816a01a1b277430a,1020,45317,174,132,1401,https://www.youtube.com/watch?v=4ZkK3JJDzC4,83,22,190,https://www.youtube.com/watch?v=4Zm8jmzGn9s,1059,552,1401,https://www.youtube.com/watch?v=4ZkK3JJDzC4,61,0,0,0,
d709ac4a052b401abfeb8bc5c600e937,1020,48011,242,112,703,https://www.youtube.com/watch?v=XKJZHOjnkxk,242,112,703,https://www.youtube.com/watch?v=XKJZHOjnkxk,0,0,0,,806,0,0,0,
b1ba066a7bc44c93a4ca264f2144f5bd,1010,42362,197,66,406,https://www.youtube.com/watch?v=kXOBcyrvQas,203,76,406,https://www.youtube.com/watch?v=kXOBcyrvQas,85,43,85,https://www.youtube.com/watch?v=eKok6L4Y6pc,1116,72,42,81,https://www.twitch.tv/videos/2884459423
7df81b926eec4a998d5ffcd67b59ff5e,1010,33916,204,137,286,https://www.youtube.com/watch?v=FZ_37_d0EAg,204,137,286,https://www.youtube.com/watch?v=FZ_37_d0EAg,0,0,0,,0,0,0,0,
a0f657e0538e4269af88094fa1c3dacb,1010,26672,0,0,0,,0,0,0,,0,0,0,,0,0,0,0,
32ce3b3861fe4b5a98d5adc9a704bbf1,1000,56691,444,188,624,https://www.youtube.com/watch?v=KGgH6ll3QCA,453,192,624,https://www.youtube.com/watch?v=KGgH6ll3QCA,444,61,444,https://www.youtube.com/watch?v=LHh8ib5zUj4,141,0,0,0,
6c3a22611ac24eb19cec3bd7c78a8705,1000,270610,333,173,676,https://www.youtube.com/watch?v=LIH5Z2_8uI4,333,173,676,https://www.youtube.com/watch?v=LIH5Z2_8uI4,0,0,0,,0,0,0,0,
453cbd84364b42d8ac11cef8d3d63bd1,1000,26661,0,0,0,,0,0,0,,0,0,0,,0,0,0,0,
bb56715066e548c297232372a16ab083,1000,132878,37,18,1255,https://www.youtube.com/watch?v=xiGobAN0UPU,32,7,174,https://www.youtube.com/watch?v=kIgTYqC6jjw,88,47,1255,https://www.youtube.com/watch?v=xiGobAN0UPU,2067,207,164,225,https://www.twitch.tv/videos/2886203597
45d38ce14fb644c0890823d444a33276,1000,2094,0,0,0,,0,0,0,,0,0,0,,0,0,0,0,
7003e3e3a24244ffb5ebfbbdc20c97f8,996,28777,214,118,259,https://www.youtube.com/watch?v=Maa-MhuLdDw,214,118,259,https://www.youtube.com/watch?v=Maa-MhuLdDw,0,0,0,,0,0,0,0,
e46d27918a77488ca5b4144eb1b978df,996,61311,0,0,0,,0,0,0,,0,0,0,,0,0,0,0,
dc0868efeac540bfac9b383bd65a82e6,996,33646,1021,74,1830,https://www.youtube.com/watch?v=v8tgmfMwy7c,1021,74,1830,https://www.youtube.com/watch?v=v8tgmfMwy7c,0,0,0,,0,0,0,0,
7a0eb6cbe5a94663888ef35a63ab3b5a,995,26902,0,0,0,,0,0,0,,0,0,0,,1464,150,118,261,https://www.twitch.tv/videos/2885332676
899208f999aa4121ae2b67abb3190674,994,22861,967,176,1929,https://www.youtube.com/watch?v=3hJg_DOQIV0,0,0,0,,967,176,1929,https://www.youtube.com/watch?v=3hJg_DOQIV0,4644,955,470,3184,https://www.twitch.tv/videos/2884309387
a00240316f524d218d889d00a8b42721,994,100636,123,84,2159,https://www.youtube.com/watch?v=4NjgqAVu0AQ,108,78,139,https://www.youtube.com/watch?v=WK1tZcKxD_s,2159,156,2159,https://www.youtube.com/watch?v=4NjgqAVu0AQ,0,0,0,0,
78d441a2d6584d078a6ce202238d36b9,990,26489,0,0,0,,0,0,0,,0,0,0,,0,0,0,0,
107ad23090e649b8935850f3d78ded99,990,53176,814,343,1188,https://www.youtube.com/watch?v=6fJd8cEBh8s,931,500,1188,https://www.youtube.com/watch?v=6fJd8cEBh8s,471,197,739,https://www.youtube.com/watch?v=y0Ok2ag5Urw,141,0,0,0,
9b2edcfdc76748f59576b77524402804,988,60643,0,0,0,,0,0,0,,0,0,0,,0,0,0,0,
5d29544fdded43d1937166548487394a,985,5763,0,0,0,,0,0,0,,0,0,0,,1933,115,75,328,https://www.twitch.tv/videos/2879693842
838f883ea01f431f97bfe9dbf3064422,984,37272,0,0,0,,0,0,0,,0,0,0,,106,0,0,0,
943a063e5df041a08d7a304517e3b420,979,68743,532,229,7513,https://www.youtube.com/watch?v=xMnkQv95dS0,447,225,2305,https://www.youtube.com/watch?v=IORc7ivwRFY,2868,765,7513,https://www.youtube.com/watch?v=xMnkQv95dS0,179,96,77,264,https://www.twitch.tv/videos/2889719927
d26893447610406da66ee14abfbd5868,979,31366,0,0,0,,0,0,0,,0,0,0,,0,0,0,0,
9959d43cae9b49dbbcd666f742322b4a,978,51755,247,144,2580,https://www.youtube.com/watch?v=N8OO0ZUzVMw,247,144,2580,https://www.youtube.com/watch?v=N8OO0ZUzVMw,0,0,0,,670,31,21,114,https://www.twitch.tv/videos/2883530541
b2e19555d1f441a8a0e3f53b6507863e,975,54612,160,77,259,https://www.youtube.com/watch?v=8DL4Vmof6bM,160,77,259,https://www.youtube.com/watch?v=8DL4Vmof6bM,0,0,0,,113,0,0,0,
ab2e7fbd11784f96aa9cf599786f8bf1,973,76867,0,0,0,,0,0,0,,0,0,0,,0,0,0,0,
07f20f05bef0432e8644e1bee798ef46,970,63084,305,201,1071,https://www.youtube.com/watch?v=HP84plTce5M,305,201,1071,https://www.youtube.com/watch?v=HP84plTce5M,0,0,0,,0,0,0,0,
becdcbab308f4fa18540982596eebbd5,970,9817,0,0,0,,0,0,0,,0,0,0,,8003,621,267,75482,https://www.twitch.tv/videos/2872025147
6c5d547cdebf4daf813ac8b66c9fb873,968,47006,1162,384,7506,https://www.youtube.com/watch?v=HFxBwjwixUQ,0,0,0,,1162,384,7506,https://www.youtube.com/watch?v=HFxBwjwixUQ,0,0,0,0,
d1d879cfccf7411296dcc765ca40e39c,967,146979,763,76,1143,https://www.youtube.com/watch?v=gvO-gQ3JwGY,0,0,0,,763,76,1143,https://www.youtube.com/watch?v=gvO-gQ3JwGY,1609,276,238,417,https://www.twitch.tv/videos/2886992255
bf195265fa5944d894dc53baf7143645,967,40971,0,0,0,,0,0,0,,0,0,0,,0,0,0,0,
c747687c19704747b4cae2d4d5715aa0,964,49024,1309,570,1375,https://www.youtube.com/watch?v=tc0eXLlXBt4,0,0,0,,1309,570,1375,https://www.youtube.com/watch?v=tc0eXLlXBt4,4320,310,282,469,https://www.twitch.tv/videos/2885291605
06a61409f4334b0eb8a5f647b819c78b,957,75490,101,41,152,https://www.youtube.com/watch?v=SWkzLu8LbKg,139,56,152,https://www.youtube.com/watch?v=SWkzLu8LbKg,57,10,117,https://www.youtube.com/watch?v=gD3HmjSDjWs,0,0,0,0,
b5ff000d6dd74683b17965294f1c4bf7,952,31773,0,0,0,,0,0,0,,0,0,0,,767,0,0,0,
54e70d7cc2fb4c6da0d833519331c770,952,129980,0,0,0,,0,0,0,,0,0,0,,2777,283,208,472,https://www.twitch.tv/videos/2887968861
acc708b79f1c4e388466b407387e7cb5,950,140056,198,134,325,https://www.youtube.com/watch?v=HG-Fw__Um8A,198,134,325,https://www.youtube.com/watch?v=HG-Fw__Um8A,0,0,0,,0,0,0,0,
80b6efc8007f4f6d84ce2f93862ae319,950,124915,228,121,668,https://www.youtube.com/watch?v=2N6AvX49Jf4,211,100,354,https://www.youtube.com/watch?v=CYod0FzlyMU,668,361,668,https://www.youtube.com/watch?v=2N6AvX49Jf4,0,0,0,0,
5f8e197a06bc453e8d9e0a1c6cb92f1c,950,90934,160,33,1682,https://www.youtube.com/watch?v=ADdXOCbEsXQ,0,0,0,,160,33,1682,https://www.youtube.com/watch?v=ADdXOCbEsXQ,1676,91,72,118,https://www.twitch.tv/videos/2883575003
8a5468bc4c7d44989e5ee4864a9b941a,950,87547,253,198,253,https://www.youtube.com/watch?v=lnNpZRoakMU,253,198,253,https://www.youtube.com/watch?v=lnNpZRoakMU,0,0,0,,0,0,0,0,
7717bc233e7a4670926195acf69709d4,949,46023,0,0,0,,0,0,0,,0,0,0,,1477,0,0,0,
08268c9de16e423381e351aeef8f7ffb,949,34381,455,221,1247,https://www.youtube.com/watch?v=kTJYIb3jdao,455,221,1247,https://www.youtube.com/watch?v=kTJYIb3jdao,0,0,0,,0,0,0,0,
e3021481a8d247a5a9a5bf0a29399673,949,149933,521,208,793,https://www.youtube.com/watch?v=jozqL3j-Vqc,521,208,793,https://www.youtube.com/watch?v=jozqL3j-Vqc,0,0,0,,0,0,0,0,
a5647aba47dc4bb48eaa0cde6de7c6bd,948,41279,0,0,0,,0,0,0,,0,0,0,,0,0,0,0,
23af2b94549e42c282ec0d6eecf01102,947,36534,254,168,688,https://www.youtube.com/watch?v=GKJg3XpG5gs,0,0,0,,254,168,688,https://www.youtube.com/watch?v=GKJg3XpG5gs,2524,141,105,374,https://www.twitch.tv/videos/2884492497
0a67a8d822094ca3a59963f0fac8798a,944,40743,290,184,1527,https://www.youtube.com/watch?v=IIEbQbGIpLg,290,184,1527,https://www.youtube.com/watch?v=IIEbQbGIpLg,0,0,0,,0,0,0,0,
995bff308e7f4df3aa33305fc0ddde8e,941,39837,0,0,0,,0,0,0,,0,0,0,,0,0,0,0,
dc9cd2bc942d427d8cc73370d1194f9e,940,112763,293,95,1180,https://www.youtube.com/watch?v=P1frs5LvrLA,264,102,553,https://www.youtube.com/watch?v=HNbdS2B8Z0M,882,60,1180,https://www.youtube.com/watch?v=P1frs5LvrLA,0,0,0,0,
899e5f40cf7f49a8808969866758779e,939,51362,412,123,1111,https://www.youtube.com/watch?v=Vak0X8XK4dg,342,113,516,https://www.youtube.com/watch?v=Qjjmq3-IB4w,713,592,1111,https://www.youtube.com/watch?v=Vak0X8XK4dg,277,58,40,59,https://www.twitch.tv/videos/2880842234
a2ee4a74f9ca40f5b6218de51736b9c8,935,57170,134,68,988,https://www.youtube.com/watch?v=73njQZImkKE,134,68,988,https://www.youtube.com/watch?v=73njQZImkKE,0,0,0,,0,0,0,0,
db67d9cacbcf4797ba2d41a6d115e2ff,935,51015,0,0,0,,0,0,0,,0,0,0,,0,0,0,0,
179eb3fd3fb34ffe93859dd945b1b3a6,933,4474,0,0,0,,0,0,0,,0,0,0,,0,0,0,0,
ecbe9a46c7ec4f3d8fe217012c39d490,932,412842,0,0,0,,0,0,0,,0,0,0,,0,0,0,0,
1ee3a662da8a439887a931727cb07317,932,102832,0,0,0,,0,0,0,,0,0,0,,0,0,0,0,
7aeffe1ba0c443d5aa4721247b801593,924,125288,0,0,0,,0,0,0,,0,0,0,,0,0,0,0,
d8b0b4e36c614d328620461a295572a1,923,54822,103,51,804,https://www.youtube.com/watch?v=KsszOkFqC4o,103,51,804,https://www.youtube.com/watch?v=KsszOkFqC4o,0,0,0,,147,0,0,0,
4dcc1a1d70224d95b48a64543a38e10d,922,78391,105,68,169,https://www.youtube.com/watch?v=Uj9428-X3qg,105,68,169,https://www.youtube.com/watch?v=Uj9428-X3qg,0,0,0,,113,42,18,91,https://www.twitch.tv/videos/2884429806
29e2c3ae8e4d48f29fb3b89c463abb1c,921,81206,1379,242,1411,https://www.youtube.com/watch?v=ipU83KbCV5M,0,0,0,,1379,242,1411,https://www.youtube.com/watch?v=ipU83KbCV5M,3000,279,161,924,https://www.twitch.tv/videos/2883410120
44332b31031149f5bd411f415cbb531e,920,26203,0,0,0,,0,0,0,,0,0,0,,215,0,0,0,
7376070943f14374a6ee0df01f32e006,919,0,0,0,0,,0,0,0,,0,0,0,,0,0,0,0,
7f43dbf571c44e04a7a471b9e7296a8a,913,38828,0,0,0,,0,0,0,,0,0,0,,0,0,0,0,
743ceb55869042b9bee1f48fe0be13fb,912,33557,0,0,0,,0,0,0,,0,0,0,,1499,0,0,0,
58374cba861d4267a84ad689bb6ce91a,910,42975,48,18,92,https://www.youtube.com/watch?v=gKGQ9pRC74w,49,19,92,https://www.youtube.com/watch?v=gKGQ9pRC74w,19,6,19,https://www.youtube.com/watch?v=pnwfzwEyjr0,0,0,0,0,
b93b5ffedc3f4310af888462d65e4082,910,46743,0,0,0,,0,0,0,,0,0,0,,207,0,0,0,
4bc6acb333e44156a9caab3234fa11f5,906,62470,437,163,1187,https://www.youtube.com/watch?v=V4fQaQgQ6ho,310,110,1164,https://www.youtube.com/watch?v=4ZnOKgdP5As,1132,388,1187,https://www.youtube.com/watch?v=V4fQaQgQ6ho,0,0,0,0,
29d8d144d6a24ff28476d25306286836,905,146351,0,0,0,,0,0,0,,0,0,0,,2221,666,246,4695,https://www.twitch.tv/videos/2865556704
b9b727200b664a98bc1a8fd76d3cdb9c,904,23057,0,0,0,,0,0,0,,0,0,0,,0,0,0,0,
d3ac18bfe0984394a6fe19319a36b412,904,66148,411,343,411,https://www.youtube.com/watch?v=amfMcJvQ1qo,0,0,0,,411,343,411,https://www.youtube.com/watch?v=amfMcJvQ1qo,0,0,0,0,
5c5880d994854afbbea0a35716bce186,902,31790,36,8,67,https://www.youtube.com/watch?v=YbcCM5Pwnn4,36,8,67,https://www.youtube.com/watch?v=YbcCM5Pwnn4,0,0,0,,2008,0,0,0,
8e2559d9a7714ecd9cb0448b4d28f8d2,901,26277,0,0,0,,0,0,0,,0,0,0,,4967,107,60,203,https://www.twitch.tv/videos/2890530469
9fb9fe13bf124da3a1affb24c5bba5e2,900,29978,0,0,0,,0,0,0,,0,0,0,,0,0,0,0,
ab24c13e4bff4ff8909a7650260f8b19,900,48209,261,112,693,https://www.youtube.com/watch?v=lAV0-KnYh8E,272,122,693,https://www.youtube.com/watch?v=lAV0-KnYh8E,246,83,246,https://www.youtube.com/watch?v=ZLSJBqhu594,0,0,0,0,
a26891359b444900956f04bc1b8f5faa,898,32670,175,108,569,https://www.youtube.com/watch?v=5eVoKOEEil8,175,108,569,https://www.youtube.com/watch?v=5eVoKOEEil8,0,0,0,,337,96,75,1094,https://www.twitch.tv/videos/2880076050
8c0ff863d66348898311ee83d16257b5,897,29582,0,0,0,,0,0,0,,0,0,0,,206,0,0,0,
e80414fcc37b4d818ccf9dddb23cb452,896,21397,3570,1910,3570,https://www.youtube.com/watch?v=PQ-3-uhPaLs,0,0,0,,3570,1910,3570,https://www.youtube.com/watch?v=PQ-3-uhPaLs,4420,1005,493,3205,https://www.twitch.tv/videos/2885024665
490d50310ffe4de4aac9c6368b49a0aa,894,38025,30,19,1228,https://www.youtube.com/watch?v=pVQg0jL72vY,0,0,0,,30,19,1228,https://www.youtube.com/watch?v=pVQg0jL72vY,0,0,0,0,
f7c5ff874d1d4528a36c0a54d27017a3,894,90288,505,245,1536,https://www.youtube.com/watch?v=0kJTP4dWFBU,505,245,1536,https://www.youtube.com/watch?v=0kJTP4dWFBU,0,0,0,,0,0,0,0,
6c3eeb48b7764f11804ff8110d5d990b,892,100011,251,116,251,https://www.youtube.com/watch?v=MVCQpwKnbew,0,0,0,,251,116,251,https://www.youtube.com/watch?v=MVCQpwKnbew,0,0,0,0,
9124a5ccacc44fb68b5b1d5697e3fb90,890,27052,263,160,968,https://www.youtube.com/watch?v=DyrecmibUoU,263,150,655,https://www.youtube.com/watch?v=gwDH4R426tg,968,453,968,https://www.youtube.com/watch?v=DyrecmibUoU,0,0,0,0,
f5260b1a196a43f8b4aff1cc742a67f4,889,65401,534,148,2213,https://www.youtube.com/watch?v=AriV5VNgwkY,411,140,1206,https://www.youtube.com/watch?v=Z9laQWTg_QM,971,558,2213,https://www.youtube.com/watch?v=AriV5VNgwkY,215,48,39,54,https://www.twitch.tv/videos/2888841032
607a7be9721741c48e2901609c294ada,889,0,0,0,0,,0,0,0,,0,0,0,,1496,0,0,0,
f461b26ba47b4e37a90d2ca4fa5fa329,883,26289,215,170,215,https://www.youtube.com/watch?v=K7lxHjNkec4,215,170,215,https://www.youtube.com/watch?v=K7lxHjNkec4,0,0,0,,0,0,0,0,
9ed7a28dd35e4e1c9400af811f6a284c,883,17126,0,0,0,,0,0,0,,0,0,0,,837,0,0,0,
521477be11a44c43b063b394757b2342,880,57597,112,45,134,https://www.youtube.com/watch?v=FGeVVQ9cL_Y,112,45,134,https://www.youtube.com/watch?v=FGeVVQ9cL_Y,0,0,0,,0,0,0,0,
fcf611e0ddc5474b9836eb8aa2fe1d24,879,85594,194,64,664,https://www.youtube.com/watch?v=Uzs04FdJ9F8,194,64,664,https://www.youtube.com/watch?v=Uzs04FdJ9F8,0,0,0,,0,0,0,0,
405cf0a502a6496bacfe7e49647e7e28,876,48528,129,60,326,https://www.youtube.com/watch?v=fQAzFzFWOOE,147,67,326,https://www.youtube.com/watch?v=fQAzFzFWOOE,22,16,63,https://www.youtube.com/watch?v=akhuCGowZMc,2369,150,114,712,https://www.twitch.tv/videos/2886380118
4f20e15637644c409c850ced48bb33dd,876,52383,479,158,886,https://www.youtube.com/watch?v=0FrMsikY33Y,441,153,767,https://www.youtube.com/watch?v=9-OwpT4XvLM,886,475,886,https://www.youtube.com/watch?v=0FrMsikY33Y,0,0,0,0,
3353f8693d7b4caa82abeb2de3d89815,876,40258,286,148,1434,https://www.youtube.com/watch?v=ZkfDfEOgHyo,284,146,1073,https://www.youtube.com/watch?v=RQM-gANU-7A,1434,724,1434,https://www.youtube.com/watch?v=ZkfDfEOgHyo,2321,405,210,80664,https://www.twitch.tv/videos/2865917849
61c75f9fbf044b54872197eec7c9bafa,871,299800,506,211,1490,https://www.youtube.com/watch?v=iJ1Qy9Oatrw,246,124,369,https://www.youtube.com/watch?v=_TMRo5OoCzk,1342,546,1490,https://www.youtube.com/watch?v=iJ1Qy9Oatrw,0,0,0,0,
3a30426a65fe450bbef138fd8ba35f1e,871,87858,295,139,2424,https://www.youtube.com/watch?v=sqh3pZOFP2s,295,139,2424,https://www.youtube.com/watch?v=sqh3pZOFP2s,0,0,0,,0,0,0,0,
45e104a6eabe4967a6cb84e720dd8e74,870,42828,11,10,23,https://www.youtube.com/watch?v=994YIT7s_C0,0,0,0,,11,10,23,https://www.youtube.com/watch?v=994YIT7s_C0,1945,519,458,26949,https://www.twitch.tv/videos/2890270222
c22cb6790eaf4fcc8ac47633e0ab6c49,869,39813,242,169,828,https://www.youtube.com/watch?v=bkxMeCh_-R8,309,174,828,https://www.youtube.com/watch?v=bkxMeCh_-R8,209,70,242,https://www.youtube.com/watch?v=i0Vvubq_ESs,351,72,41,72,https://www.twitch.tv/videos/2880182852
8774553046cb47a9b5165c15feb01e84,869,36893,219,103,1328,https://www.youtube.com/watch?v=dWHJTL0IpyI,219,103,263,https://www.youtube.com/watch?v=Ku1bFK6uO0o,728,256,1328,https://www.youtube.com/watch?v=dWHJTL0IpyI,849,107,71,446,https://www.twitch.tv/videos/2880855270
e099cf09b8674b988f17828aab2f7d86,869,24778,0,0,0,,0,0,0,,0,0,0,,724,190,135,206,https://www.twitch.tv/videos/2887011614
f9247dd02dd24e209eba623edcd8354b,868,58379,1216,855,1216,https://www.youtube.com/watch?v=loKnnb_CizM,0,0,0,,1216,855,1216,https://www.youtube.com/watch?v=loKnnb_CizM,525,61,47,61,https://www.twitch.tv/videos/2885455196
7b00dfda406f484eaf75107c186abe33,867,92671,422,159,1816,https://www.youtube.com/watch?v=PL29fISZW7E,273,137,1656,https://www.youtube.com/watch?v=DMPFmSigGGY,1317,332,1816,https://www.youtube.com/watch?v=PL29fISZW7E,0,0,0,0,
a1c3335026d44b99b9abb8c6aaba3968,867,21191,0,0,0,,0,0,0,,0,0,0,,626,0,0,0,
b3fb28fe6a0e4fcfb8014e7a4070ca09,866,57975,148,25,265,https://www.youtube.com/watch?v=EqzcgbbqpUs,148,25,265,https://www.youtube.com/watch?v=EqzcgbbqpUs,0,0,0,,0,0,0,0,
728094029eab434ca60a99e4d1a139c7,866,128431,281,124,404,https://www.youtube.com/watch?v=fYiKR8iQ-yg,281,124,404,https://www.youtube.com/watch?v=fYiKR8iQ-yg,0,0,0,,5,0,0,0,
f5a37da60cb74069a7dc13867404521f,861,72035,590,88,1056,https://www.youtube.com/watch?v=yZRdvf_UyMk,125,112,125,https://www.youtube.com/watch?v=ubbcJlb-nWo,1056,64,1056,https://www.youtube.com/watch?v=yZRdvf_UyMk,0,0,0,0,
415ca337b1104450acbed1eb046c0a58,861,88892,24,1,24,https://www.youtube.com/watch?v=pFKvd5UvCeg,24,1,24,https://www.youtube.com/watch?v=pFKvd5UvCeg,0,0,0,,269,6,3,21,https://www.twitch.tv/videos/2883409839
7b3809e085754d52aee99d1fcc980eaf,858,40650,0,0,0,,0,0,0,,0,0,0,,0,0,0,0,
7a0c5fe0fe2f4427afe500c85ec958cb,857,47030,0,0,0,,0,0,0,,0,0,0,,0,0,0,0,
87e1b5eec62040118b6bd49efbe5d61c,855,75389,177,69,464,https://www.youtube.com/watch?v=5eWGFH6UIW0,194,72,464,https://www.youtube.com/watch?v=5eWGFH6UIW0,143,3,143,https://www.youtube.com/watch?v=tPxZ70Ot0u0,448,108,94,135,https://www.twitch.tv/videos/2886318480
aef2ed42d49343f28394b6335695b5ac,851,459504,2,0,7,https://www.youtube.com/watch?v=Mdqii-zxRIs,0,0,0,,2,0,7,https://www.youtube.com/watch?v=Mdqii-zxRIs,3073,67,52,263,https://www.twitch.tv/videos/2884277939
370f66a57c0341b0adef5bcbad64ff90,851,48808,9,2,128,https://www.youtube.com/watch?v=wlMM9uQNBWM,128,118,128,https://www.youtube.com/watch?v=wlMM9uQNBWM,8,2,120,https://www.youtube.com/watch?v=cmPfdoLmldY,0,0,0,0,
5862e8e7c5fd4261af093cec20b40300,850,39821,370,200,370,https://www.youtube.com/watch?v=1HSgto40Ug0,370,200,370,https://www.youtube.com/watch?v=1HSgto40Ug0,0,0,0,,0,0,0,0,
3f3abaed158f420e84f9d1d5f4492b1d,848,67198,94,53,252,https://www.youtube.com/watch?v=lfJ1MehY-j8,94,53,252,https://www.youtube.com/watch?v=lfJ1MehY-j8,0,0,0,,674,51,36,90,https://www.twitch.tv/videos/2884419686
3e4c23394dde46f58f89cba536b208d5,847,26799,236,149,541,https://www.youtube.com/watch?v=DiQ9IvGjZnM,236,149,541,https://www.youtube.com/watch?v=DiQ9IvGjZnM,0,0,0,,0,0,0,0,
f36c774fbf4847e1afdf66a1e4806ea3,846,20872,0,0,0,,0,0,0,,0,0,0,,2609,424,308,436,https://www.twitch.tv/videos/2888705909
66ab3e28c90a428bb98100cd9119a4e9,846,39586,219,113,701,https://www.youtube.com/watch?v=Wxei25wXH0s,219,113,701,https://www.youtube.com/watch?v=Wxei25wXH0s,0,0,0,,0,0,0,0,
9cfe61128e134f8dad9bb6ebf568cd71,845,20574,21,9,74,https://www.youtube.com/watch?v=smfoCdPnfYk,0,0,0,,21,9,74,https://www.youtube.com/watch?v=smfoCdPnfYk,1300,119,98,186,https://www.twitch.tv/videos/2888754451
40bb881e52be4d8b9c66a60be89e0504,844,56385,469,191,983,https://www.youtube.com/watch?v=tggQ-tmbmk8,469,191,676,https://www.youtube.com/watch?v=uT20N31igYU,531,289,983,https://www.youtube.com/watch?v=tggQ-tmbmk8,0,0,0,0,
6f0d9d64bb6a4a81af1e84a72d30f5b8,843,69355,471,210,1950,https://www.youtube.com/watch?v=PHx_pniPKPM,471,210,1950,https://www.youtube.com/watch?v=PHx_pniPKPM,531,181,741,https://www.youtube.com/watch?v=St_F_tYs1SM,161,0,0,0,
27b10e5896e34e8d841f1605792b96c9,843,43230,0,0,0,,0,0,0,,0,0,0,,450,18,15,18,https://www.twitch.tv/videos/2887488146
d44dc8542b4f4dacab8f54b7e3483728,842,44498,1176,235,1395,https://www.youtube.com/watch?v=JI8tUBxvKuw,155,110,155,https://www.youtube.com/watch?v=MOhapvoQx6g,1285,392,1395,https://www.youtube.com/watch?v=JI8tUBxvKuw,0,0,0,0,
a753be70dd194989835b604e4b249363,834,31218,0,0,0,,0,0,0,,0,0,0,,653,0,0,0,
399a496d028447a58924b2660d0fc187,833,205,0,0,0,,0,0,0,,0,0,0,,0,0,0,0,
2a2b7990365f4a1bb1d8acf1ae0f2f32,833,314337,164,93,568,https://www.youtube.com/watch?v=y5HnKTTMIyQ,164,93,568,https://www.youtube.com/watch?v=y5HnKTTMIyQ,0,0,0,,156,6,5,18,https://www.twitch.tv/videos/2886317013
23dda65e497d4888b87db304533b8138,832,14216,0,0,0,,0,0,0,,0,0,0,,5503,483,218,1390,https://www.twitch.tv/videos/2870577430
77f4700c452c4200a4e62effa2884b4a,825,33438,0,0,0,,0,0,0,,0,0,0,,705,0,0,0,
c1fdd1a58b3a438ba5343e06f2da2590,821,31477,716,387,3535,https://www.youtube.com/watch?v=ut5tx53OPz4,436,387,3535,https://www.youtube.com/watch?v=ut5tx53OPz4,1252,378,1699,https://www.youtube.com/watch?v=g0EpsP0gCc4,88,94,67,373,https://www.twitch.tv/videos/2890651489
6d144d78d2284fbcafa2428a5d132733,820,27002,0,0,0,,0,0,0,,0,0,0,,705,20,18,20,https://www.twitch.tv/videos/2889761374
5f6dcf3b9b71405498aa07a2b80cb5ec,819,141280,1134,899,1134,https://www.youtube.com/watch?v=Dw4eix1mdmU,0,0,0,,1134,899,1134,https://www.youtube.com/watch?v=Dw4eix1mdmU,1331,144,82,782,https://www.twitch.tv/videos/2887263787
0aa8c41f04bf4f12b9a8281353ea448a,815,36145,0,0,0,,0,0,0,,0,0,0,,4733,0,0,0,
23354f18e2a94c9187fd0560fd874eeb,815,28255,15,12,18,https://www.youtube.com/watch?v=--LxpenDCVc,0,0,0,,15,12,18,https://www.youtube.com/watch?v=--LxpenDCVc,1690,132,86,134,https://www.twitch.tv/videos/2881840929
cf38ee666e104dce949c195f5ac58da2,815,334920,224,99,368,https://www.youtube.com/watch?v=Llx9qAs-ES4,234,103,368,https://www.youtube.com/watch?v=Llx9qAs-ES4,2,1,2,https://www.youtube.com/watch?v=M5D9BXfU178,0,0,0,0,
686fa700c1ee4d179ed277d5b101f8a4,813,27863,0,0,0,,0,0,0,,0,0,0,,0,0,0,0,
c639c0dba4504221bfec50cf787f395d,811,27555,0,0,0,,0,0,0,,0,0,0,,1164,109,35,190,https://www.twitch.tv/videos/2885535375
a0dbf7095446402ea77b11d8cced5a4b,809,48007,0,0,0,,0,0,0,,0,0,0,,0,0,0,0,
8a19d25c92fe4b3194f1211d503d6d4d,808,75454,0,0,0,,0,0,0,,0,0,0,,0,0,0,0,
60da3bb357d64f998006b8ca3043fd00,807,42712,646,243,1335,https://www.youtube.com/watch?v=MuPE5TRjBVg,646,243,1335,https://www.youtube.com/watch?v=MuPE5TRjBVg,0,0,0,,0,0,0,0,
1a39f2817a8d4b2d941677c2a07e896a,807,106615,282,210,1708,https://www.youtube.com/watch?v=50jb_1uW2YE,235,189,773,https://www.youtube.com/watch?v=WXv8xGPC-b4,1416,1313,1708,https://www.youtube.com/watch?v=50jb_1uW2YE,0,0,0,0,
0a55a882e4ae4a1e9c1e77ea001aa91b,805,105511,0,0,0,,0,0,0,,0,0,0,,1491,0,0,0,
80ae039e7c3e4e90b6b3994ead599307,801,58272,216,182,276,https://www.youtube.com/watch?v=n8cUse7P1mE,216,182,276,https://www.youtube.com/watch?v=n8cUse7P1mE,0,0,0,,0,0,0,0,
5896bb30994d4416ad7e252642135194,801,69612,126,73,156,https://www.youtube.com/watch?v=3j4h9O-1xYg,126,73,156,https://www.youtube.com/watch?v=3j4h9O-1xYg,0,0,0,,0,0,0,0,
30bc516401f24514aaecce081979ab50,800,14561,0,0,0,,0,0,0,,0,0,0,,0,0,0,0,
2971554445614cfaaccddd9cde93c599,797,24289,0,0,0,,0,0,0,,0,0,0,,1193,147,119,222,https://www.twitch.tv/videos/2879119740
c2b2f9bf0228445289b8791110b340ec,797,366444,152,22,152,https://www.youtube.com/watch?v=Nigbh5-Ypco,0,0,0,,152,22,152,https://www.youtube.com/watch?v=Nigbh5-Ypco,99,0,0,0,
e888326df83d41f680960f24bb55c670,796,16348,0,0,0,,0,0,0,,0,0,0,,0,0,0,0,
29a3d514ca274f6fb966f9d70bed4b52,795,77814,0,0,0,,0,0,0,,0,0,0,,847,156,117,219,https://www.twitch.tv/videos/2881682867
13a3d049cda44b9e8da24006e642dd78,794,24973,0,0,0,,0,0,0,,0,0,0,,2761,0,0,0,
5cdecbd7413e4c9e9cb56373a186ccec,794,20428,0,0,0,,0,0,0,,0,0,0,,479,149,104,226,https://www.twitch.tv/videos/2884490702
6ac39c9c814e4dfe9c2294345a2a3e9c,791,64567,256,53,1325,https://www.youtube.com/watch?v=JK2IrtgwK2Y,256,54,543,https://www.youtube.com/watch?v=kc6jeuzv3r8,1325,30,1325,https://www.youtube.com/watch?v=JK2IrtgwK2Y,1523,0,0,0,
5298121274154e4b9154e8ac47d98beb,788,57271,320,141,1278,https://www.youtube.com/watch?v=RqSUwXtqh9M,231,136,252,https://www.youtube.com/watch?v=mV7yDz_NIfE,1110,295,1278,https://www.youtube.com/watch?v=RqSUwXtqh9M,0,0,0,0,
943129b96d2341bcb7b25a66c9da2354,788,33855,0,0,0,,0,0,0,,0,0,0,,16533,903,59,1082,https://www.twitch.tv/videos/2869475932
1594067d444e4a53abb95bc1aa40e6db,786,26119,0,0,0,,0,0,0,,0,0,0,,502,33,20,59,https://www.twitch.tv/videos/2882739112
3034b51ec8ad439fa7033773a72a5c4a,785,0,0,0,0,,0,0,0,,0,0,0,,3264,0,0,0,
968f0b8c521942d6939234c70f49747a,785,25480,205,125,527,https://www.youtube.com/watch?v=mJrs4uCmlYs,0,0,0,,205,125,527,https://www.youtube.com/watch?v=mJrs4uCmlYs,1949,127,67,178,https://www.twitch.tv/videos/2885260785
c3e1a96f96334696af38e93fa8178085,784,46838,0,0,0,,0,0,0,,0,0,0,,1268,0,0,0,
f0afa83a8d2d4cc6bb9eb80655bbe40d,780,12761,0,0,0,,0,0,0,,0,0,0,,0,0,0,0,
7342482fda6d40f98e078505a24825d4,775,41382,0,0,0,,0,0,0,,0,0,0,,0,0,0,0,
0591345aa6634a73ac41f08af6d4e06e,772,40151,341,259,428,https://www.youtube.com/watch?v=x6oPvkD17sg,341,259,428,https://www.youtube.com/watch?v=x6oPvkD17sg,0,0,0,,0,0,0,0,
17946118c2d641819c847aba0c491e13,771,5587,0,0,0,,0,0,0,,0,0,0,,5678,3167,1215,3672,https://www.twitch.tv/videos/2884617049
e83a22c584774763a3b91d557141604d,770,10144,0,0,0,,0,0,0,,0,0,0,,2053,0,0,0,
1d1e155c827e4ed2a0596c256983c22d,768,4448,21,9,21,https://www.youtube.com/watch?v=bjhsee9M8P4,0,0,0,,21,9,21,https://www.youtube.com/watch?v=bjhsee9M8P4,2401,0,0,0,
acc6cc72bdb74a74a719cc41baf0aade,767,31675,118,63,289,https://www.youtube.com/watch?v=NvnRX1Agj0c,195,105,289,https://www.youtube.com/watch?v=NvnRX1Agj0c,14,11,16,https://www.youtube.com/watch?v=pWYUuKSwP1U,0,0,0,0,
8f4142c5ead94656b4744b425d800fb8,767,121597,122,46,896,https://www.youtube.com/watch?v=yo1NZInQ8t8,122,46,896,https://www.youtube.com/watch?v=yo1NZInQ8t8,0,0,0,,0,0,0,0,
8c59e356f1564e068e1c81ac7de1a4e3,766,34793,226,70,226,https://www.youtube.com/watch?v=fHwnxgEQhTQ,226,70,226,https://www.youtube.com/watch?v=fHwnxgEQhTQ,0,0,0,,0,0,0,0,
de6ab52e6aca42d2ab88274244e772fc,764,26079,0,0,0,,0,0,0,,0,0,0,,0,0,0,0,
7a570b5273ae4e359a6491aba1313011,764,39039,667,84,1311,https://www.youtube.com/watch?v=3yXWNTzC1Qc,115,45,115,https://www.youtube.com/watch?v=k8YA5uN-o7s,678,95,1311,https://www.youtube.com/watch?v=3yXWNTzC1Qc,4497,335,101,1924,https://www.twitch.tv/videos/2878332473
a22035a68721415e830d1d7b8ffd172d,763,11528,0,0,0,,0,0,0,,0,0,0,,1826,0,0,0,
21507f58118d406b87fd42a39c87855a,762,29105,221,127,803,https://www.youtube.com/watch?v=SqN6o_tIrnM,221,127,803,https://www.youtube.com/watch?v=SqN6o_tIrnM,0,0,0,,0,0,0,0,
3a932cc8813343b6bb5d822cb2f53558,761,42507,0,0,0,,0,0,0,,0,0,0,,3233,0,0,0,
7531ceacd52e43b4a29ba4dc18a3f56c,761,44153,459,19,550,https://www.youtube.com/watch?v=SN6HzhyQYT8,0,0,0,,459,19,550,https://www.youtube.com/watch?v=SN6HzhyQYT8,1966,306,121,493,https://www.twitch.tv/videos/2876328359
fb72bfcead034da2abef22637e7b2b3c,757,47072,0,0,0,,0,0,0,,0,0,0,,1532,79,55,97,https://www.twitch.tv/videos/2880171354
3204abe8247b45f08481bef65884ebc3,757,2991,0,0,0,,0,0,0,,0,0,0,,1349,0,0,0,
945e26a69e2145219406bf2ca0d59554,757,21564,0,0,0,,0,0,0,,0,0,0,,743,122,103,206,https://www.twitch.tv/videos/2884341658
f1bcb26adebc4b95abd8fb779dfc4f6f,756,44524,342,311,1264,https://www.youtube.com/watch?v=zBrMSj5MpUM,342,311,1264,https://www.youtube.com/watch?v=zBrMSj5MpUM,0,0,0,,0,0,0,0,
dfc411c6b5d24d97b944f527ddfd2f0b,754,43393,187,40,578,https://www.youtube.com/watch?v=6795_pddl2k,211,157,578,https://www.youtube.com/watch?v=6795_pddl2k,111,2,144,https://www.youtube.com/watch?v=nBM31u3keQc,0,0,0,0,
2ccdc43de33c478192767afae6309f06,752,86842,80,31,521,https://www.youtube.com/watch?v=9zsS5iJsNP8,200,107,521,https://www.youtube.com/watch?v=9zsS5iJsNP8,49,15,223,https://www.youtube.com/watch?v=wHZ14hBCc3U,360,84,70,162,https://www.twitch.tv/videos/2886237937
433b2802b62441a39c721400926d59eb,751,63815,182,96,1383,https://www.youtube.com/watch?v=uWQ_6Ir7xRw,190,126,1383,https://www.youtube.com/watch?v=uWQ_6Ir7xRw,56,13,396,https://www.youtube.com/watch?v=fbOE9YOr-IM,0,0,0,0,
9539cc114b7648efb72bafc3a7358ae6,751,0,0,0,0,,0,0,0,,0,0,0,,1918,0,0,0,
68f424a416ad426faa8b01b78f47b3e3,749,0,0,0,0,,0,0,0,,0,0,0,,0,0,0,0,
a666cf6707d14cdbbe6581a8964aabd0,748,21509,0,0,0,,0,0,0,,0,0,0,,877,98,87,250,https://www.twitch.tv/videos/2886945411
004e635d5d494045a810b2d026e769c7,747,85273,462,274,2218,https://www.youtube.com/watch?v=KNJhVfKu-kk,382,174,2218,https://www.youtube.com/watch?v=KNJhVfKu-kk,1288,693,1317,https://www.youtube.com/watch?v=YHBwqAZjOJs,0,0,0,0,
da2113ffb3d74a6394685e68feaa7b60,744,197538,525,120,1003,https://www.youtube.com/watch?v=Er6R4KU56Bc,32,12,40,https://www.youtube.com/watch?v=2Ht-k46SDVY,550,154,1003,https://www.youtube.com/watch?v=Er6R4KU56Bc,0,0,0,0,
399c26439e254a229a1161ed12f1ab83,743,9115,50,35,50,https://www.youtube.com/watch?v=q-gBNKLDSw8,50,35,50,https://www.youtube.com/watch?v=q-gBNKLDSw8,0,0,0,,7,0,0,0,
00de1290ff0a4edda4db0385a6ba3300,742,16363,374,153,374,https://www.youtube.com/watch?v=GCdPdwIGYMM,0,0,0,,374,153,374,https://www.youtube.com/watch?v=GCdPdwIGYMM,1859,209,126,416,https://www.twitch.tv/videos/2887129710
7c6c40e2c7b64a6997fb2173f446860f,740,55009,140,77,985,https://www.youtube.com/watch?v=VKWsHhADIvQ,138,96,879,https://www.youtube.com/watch?v=IrDYY0sfC6M,985,75,985,https://www.youtube.com/watch?v=VKWsHhADIvQ,40,0,0,0,
2103bcf7923d4f74b2d043bffef71cc1,740,34547,0,0,0,,0,0,0,,0,0,0,,0,0,0,0,
c26ea894da5741df9e1bc62044f6bce7,740,0,0,0,0,,0,0,0,,0,0,0,,263,0,0,0,
a2f9fd3568f3467aa35e411dbde1ab45,739,43065,51,25,188,https://www.youtube.com/watch?v=xIboAT9Qu_c,0,0,0,,51,25,188,https://www.youtube.com/watch?v=xIboAT9Qu_c,0,0,0,0,
fcf160e0e39147b4b4037d1e4d18f076,737,92399,246,151,1287,https://www.youtube.com/watch?v=QmkYHVjQkQo,193,123,952,https://www.youtube.com/watch?v=eL5LPCm4t6o,1144,482,1287,https://www.youtube.com/watch?v=QmkYHVjQkQo,0,0,0,0,
c6286d22a9344325bb1609918d442b93,737,75137,0,0,0,,0,0,0,,0,0,0,,78,0,0,0,
eef7776c596141afb7efb9c1790bcb64,736,34659,0,0,0,,0,0,0,,0,0,0,,1517,0,0,0,
28e5717b1964475ca59ce02d81cb2796,735,14805,0,0,0,,0,0,0,,0,0,0,,3850,825,295,1486,https://www.twitch.tv/videos/2878979402
ab7fb3b59bef4d869388be703ffa8c01,735,12513,0,0,0,,0,0,0,,0,0,0,,0,0,0,0,
49d38057272d4c4992cdbcb792c94d00,735,35490,249,101,624,https://www.youtube.com/watch?v=qZuhj_9KqLw,249,101,624,https://www.youtube.com/watch?v=qZuhj_9KqLw,0,0,0,,388,145,46,425,https://www.twitch.tv/videos/2889423242
0f97f20ec79649e687590a4dc7328a21,734,19722,0,0,0,,0,0,0,,0,0,0,,349,0,0,0,
5ee9f1126dcf463e8d6afc8ef113d084,732,22953,0,0,0,,0,0,0,,0,0,0,,0,0,0,0,
b96e4730713c48899004d4af5975fe21,732,5169,0,0,0,,0,0,0,,0,0,0,,244,0,0,0,
a1880ae475fe44fc92760277c3f850ed,731,6511,0,0,0,,0,0,0,,0,0,0,,584,0,0,0,
2608bc34d1f8497da55ab0cf4d0d7f0e,730,16259,0,0,0,,0,0,0,,0,0,0,,3313,309,160,690,https://www.twitch.tv/videos/2884354669
4d4db7afb4b84af7b4d54889a5f93947,728,22569,75,72,75,https://www.youtube.com/watch?v=ea-7A882V3Q,75,72,75,https://www.youtube.com/watch?v=ea-7A882V3Q,0,0,0,,0,0,0,0,
667d1f10770d4512a5350b74bcb3efc0,728,30921,277,133,400,https://www.youtube.com/watch?v=ovJdodf6YIY,277,133,400,https://www.youtube.com/watch?v=ovJdodf6YIY,0,0,0,,0,0,0,0,
bff3b878d9864ff893bd79d1f2a7a849,728,51614,103,73,751,https://www.youtube.com/watch?v=zWrJl8enthU,103,73,751,https://www.youtube.com/watch?v=zWrJl8enthU,0,0,0,,135,13,7,22,https://www.twitch.tv/videos/2880191170
082df6a588424bc9aaa378c53b34315c,724,17214,0,0,0,,0,0,0,,0,0,0,,185,37,20,37,https://www.twitch.tv/videos/2879924534
424043d4c55449cd9317bc0923c13299,723,275218,159,22,455,https://www.youtube.com/watch?v=XBi5f3O8O5k,159,22,455,https://www.youtube.com/watch?v=XBi5f3O8O5k,0,0,0,,308,0,0,0,
26b00f5ff5bf4b5a8dcb6c5c34e1b4f6,722,5494,0,0,0,,0,0,0,,0,0,0,,6563,1290,522,6801,https://www.twitch.tv/videos/2872112749
3de1f749e7fe4b219a2a10611311297f,718,33528,144,67,1573,https://www.youtube.com/watch?v=WWrdESFEZdM,107,89,421,https://www.youtube.com/watch?v=GYdaK2nGaeQ,761,49,1573,https://www.youtube.com/watch?v=WWrdESFEZdM,357,0,0,0,
b96f58f4373a4b65977afe5f2829e9e4,717,179569,181,120,6244,https://www.youtube.com/watch?v=CGAKTtuW8Tg,116,108,569,https://www.youtube.com/watch?v=QJereJKP-bI,419,252,6244,https://www.youtube.com/watch?v=CGAKTtuW8Tg,572,100,89,219,https://www.twitch.tv/videos/2890732080
9b64082043fc451f9dd5edc793fa8605,717,9089,7,2,17,https://www.youtube.com/watch?v=kHDw9VFmmfs,0,0,0,,7,2,17,https://www.youtube.com/watch?v=kHDw9VFmmfs,1149,91,71,226,https://www.twitch.tv/videos/2881581957
6e3eb55128024fcca66d26ce1eb53802,717,18806,0,0,0,,0,0,0,,0,0,0,,590,158,128,253,https://www.twitch.tv/videos/2883571028
40a4357f990e4fd8ad2ac18c26603925,713,18992,18,4,29,https://www.youtube.com/watch?v=WscegiJIvuk,0,0,0,,18,4,29,https://www.youtube.com/watch?v=WscegiJIvuk,1680,38,30,343,https://www.twitch.tv/videos/2884424032
b3628981441b4b1aa2a3c91af81c7084,711,4328,0,0,0,,0,0,0,,0,0,0,,0,0,0,0,
87e486b2a37549cbaccc95bbf7d3f253,711,51720,157,82,382,https://www.youtube.com/watch?v=czKy_PR9OFQ,157,82,382,https://www.youtube.com/watch?v=czKy_PR9OFQ,0,0,0,,2460,109,73,198,https://www.twitch.tv/videos/2890748166
c72045d5b8714411af64d5c9d29cea97,710,29197,0,0,0,,0,0,0,,0,0,0,,0,0,0,0,
0800162a149e420ea0386c9506e710b7,710,29922,0,0,0,,0,0,0,,0,0,0,,0,0,0,0,
bb775b8f85574398af290f5be009d40e,709,957,0,0,0,,0,0,0,,0,0,0,,0,0,0,0,
8bd1aad0ee834101b6042c08495a31be,705,17203,0,0,0,,0,0,0,,0,0,0,,245,37,33,60,https://www.twitch.tv/videos/2888881644
a4e31a26718d42d692f6613fafb810f5,704,17142,0,0,0,,0,0,0,,0,0,0,,0,0,0,0,
3e7ef261eb21464eacd7d26a1e6c2fcc,704,41672,193,41,1341,https://www.youtube.com/watch?v=GCwlc4FfcIs,193,41,1341,https://www.youtube.com/watch?v=GCwlc4FfcIs,0,0,0,,0,0,0,0,
f3a1ec7e996e4897ba4e34376f7c0be2,704,10664,211,169,377,https://www.youtube.com/watch?v=gU0mbvd6yKE,0,0,0,,211,169,377,https://www.youtube.com/watch?v=gU0mbvd6yKE,1144,226,167,330,https://www.twitch.tv/videos/2889704365
bd16ea1e11d9475eb53a108ba90ea6a3,704,63439,80,29,131,https://www.youtube.com/watch?v=a_Dfi4vQinM,80,29,131,https://www.youtube.com/watch?v=a_Dfi4vQinM,0,0,0,,0,0,0,0,
cf5fc0cd849841679951b3769979b3a0,703,68107,367,179,3357,https://www.youtube.com/watch?v=2UxKx52TXp0,336,165,1970,https://www.youtube.com/watch?v=ou77505ADQI,2635,2232,3357,https://www.youtube.com/watch?v=2UxKx52TXp0,206,0,0,0,
d460f1ea172d49f9a23f3277a391ce30,702,5911,0,0,0,,0,0,0,,0,0,0,,530,0,0,0,
8881d23b0a3c426590c8a2509e363ec1,699,88446,1137,870,1137,https://www.youtube.com/watch?v=aKDphsYRBIg,0,0,0,,1137,870,1137,https://www.youtube.com/watch?v=aKDphsYRBIg,2074,102,84,152,https://www.twitch.tv/videos/2884523428
5d1f5182f62642a8a2e3ae5d3ead1014,697,60559,227,58,592,https://www.youtube.com/watch?v=xYtlhIz-_zk,227,58,592,https://www.youtube.com/watch?v=xYtlhIz-_zk,0,0,0,,0,0,0,0,
f7185f45c8a44e69bf829405206996b9,695,32880,213,209,213,https://www.youtube.com/watch?v=4tPfTW48FBA,213,209,213,https://www.youtube.com/watch?v=4tPfTW48FBA,0,0,0,,55,0,0,0,
23d18a6678794320b2d3f9d468b9b3a4,695,50290,125,39,714,https://www.youtube.com/watch?v=CtlKV3oMKHM,125,39,714,https://www.youtube.com/watch?v=CtlKV3oMKHM,0,0,0,,1325,137,87,292,https://www.twitch.tv/videos/2887148062
9bd9d680d6cf48d1a7171430f286fcb1,694,112701,287,99,835,https://www.youtube.com/watch?v=4-VRnK5Buao,247,183,456,https://www.youtube.com/watch?v=D6mcxIdlvps,287,97,835,https://www.youtube.com/watch?v=4-VRnK5Buao,0,0,0,0,
903278eb21a342669dc6f7eea7dbe618,694,35009,482,294,1375,https://www.youtube.com/watch?v=2eVNVOhtASk,482,294,1375,https://www.youtube.com/watch?v=2eVNVOhtASk,0,0,0,,0,0,0,0,
91216a87fe704ea9a42d3aabc1683f90,692,35220,270,264,645,https://www.youtube.com/watch?v=B3ILmhD02UE,224,214,317,https://www.youtube.com/watch?v=aPMH7POHtpw,645,559,645,https://www.youtube.com/watch?v=B3ILmhD02UE,66,0,0,0,
2047c8ae25624470b90251b1fd9502d5,691,27966,0,0,0,,0,0,0,,0,0,0,,0,0,0,0,
2ffa876173cb42bc8a1de004fe10e391,688,18733,164,24,1313,https://www.youtube.com/watch?v=-A4OZHQm-6I,164,24,1313,https://www.youtube.com/watch?v=-A4OZHQm-6I,0,0,0,,0,0,0,0,
dd6310e365b74ff69a4250bd4860a50b,688,61471,0,0,0,,0,0,0,,0,0,0,,5254,1045,385,1856,https://www.twitch.tv/videos/2885118094
bedd14283dd34a639c5f77a95856ecad,687,30962,329,180,632,https://www.youtube.com/watch?v=FHOwzcoDEqA,329,180,632,https://www.youtube.com/watch?v=FHOwzcoDEqA,0,0,0,,0,0,0,0,
5e931b583dfe4fdc98d10e4dceaf2c93,684,30136,34,14,558,https://www.youtube.com/watch?v=j1y5xvvLFnA,558,484,558,https://www.youtube.com/watch?v=j1y5xvvLFnA,29,13,457,https://www.youtube.com/watch?v=WVQUEbe7Bco,1822,817,659,1182,https://www.twitch.tv/videos/2879897500
6142bdfa61cd4f3092263bfe477e8e0b,683,203051,250,86,1386,https://www.youtube.com/watch?v=Y9khKc6NFPA,254,120,1386,https://www.youtube.com/watch?v=Y9khKc6NFPA,118,45,541,https://www.youtube.com/watch?v=IojcXxM3_rE,0,0,0,0,
a0467c81a3014fbf83029acffe5b1d3f,683,12361,0,0,0,,0,0,0,,0,0,0,,1143,14,9,14,https://www.twitch.tv/videos/2883429409
c265c71f4d2744919a319f0f38c008f9,681,26771,0,0,0,,0,0,0,,0,0,0,,6180,0,0,0,
fc6a8de6e0e14e05a11b1d35dfce1d71,680,38748,116,51,266,https://www.youtube.com/watch?v=OE0SlFAfaQc,141,80,266,https://www.youtube.com/watch?v=OE0SlFAfaQc,87,20,87,https://www.youtube.com/watch?v=uQPrK-0D0xY,0,0,0,0,
94b3f738cde248e3bf6061f1692d6337,680,170590,211,189,1717,https://www.youtube.com/watch?v=h1JPPON4y4A,211,189,1717,https://www.youtube.com/watch?v=h1JPPON4y4A,0,0,0,,0,0,0,0,
15ec206bfc374aaaa594bc12e9887a69,679,9466,0,0,0,,0,0,0,,0,0,0,,1637,0,0,0,
2fbd2ed36dc7493b8d3e95a19c2c9847,675,60289,191,67,1417,https://www.youtube.com/watch?v=ia8YrAdfIdc,191,67,1417,https://www.youtube.com/watch?v=ia8YrAdfIdc,0,0,0,,0,0,0,0,
38eb53f7de2247f6a93dfec0fe2f0d1e,675,29532,483,206,1681,https://www.youtube.com/watch?v=tiYbUbVstCM,483,206,1681,https://www.youtube.com/watch?v=tiYbUbVstCM,0,0,0,,0,0,0,0,
263db06cfe814d4397e6fc8bc593e70e,675,43090,0,0,0,,0,0,0,,0,0,0,,0,0,0,0,
c03997835cc943fe81a441c571d733d0,672,60915,110,57,288,https://www.youtube.com/watch?v=gswzJQRY-5o,110,68,288,https://www.youtube.com/watch?v=gswzJQRY-5o,142,46,212,https://www.youtube.com/watch?v=KIkUQXPTzmY,210,0,0,0,
e44a37ed06c749da9aeea8e16b309a84,672,29015,0,0,0,,0,0,0,,0,0,0,,27,0,0,0,
5bbd1c2531594775a4b74928e630dd59,671,46630,0,0,0,,0,0,0,,0,0,0,,4229,152,61,467,https://www.twitch.tv/videos/2870200068
14d68e1fc65f4206b0c45d65970c0215,670,47139,144,71,151,https://www.youtube.com/watch?v=YR4qRxgWrwI,144,71,151,https://www.youtube.com/watch?v=YR4qRxgWrwI,0,0,0,,0,0,0,0,
6159040406fc4e6cb73dbf9734717703,668,99518,0,0,0,,0,0,0,,0,0,0,,2119,0,0,0,
7342e2aefa41449880565dfd15a35cad,662,21464,276,90,471,https://www.youtube.com/watch?v=SXPOLvXLaTs,276,90,471,https://www.youtube.com/watch?v=SXPOLvXLaTs,0,0,0,,0,0,0,0,
d15b3fadead04e7399faaeb47fdf37f9,662,33968,0,0,0,,0,0,0,,0,0,0,,0,0,0,0,
4b305df8ba4546b48c8ec1cda5efb7e2,662,228557,457,163,457,https://www.youtube.com/watch?v=8qe-izVpBmQ,457,163,457,https://www.youtube.com/watch?v=8qe-izVpBmQ,0,0,0,,0,0,0,0,
e7f01ae0c78b4daeaaf8f3fe39946e8d,661,37808,66,46,275,https://www.youtube.com/watch?v=PiWmHxSSJuw,98,47,275,https://www.youtube.com/watch?v=PiWmHxSSJuw,30,19,32,https://www.youtube.com/watch?v=-kB526sq_8M,0,0,0,0,
0ad03ee6159c4d37a4feccbc49ba3dcf,657,68996,88,37,434,https://www.youtube.com/watch?v=u0yPC8tp3MQ,88,37,434,https://www.youtube.com/watch?v=u0yPC8tp3MQ,0,0,0,,171,0,0,0,
031da54f73f94adf8159ef0d3bfeb52b,657,74574,128,66,413,https://www.youtube.com/watch?v=0rXV74NGFKE,128,66,413,https://www.youtube.com/watch?v=0rXV74NGFKE,0,0,0,,0,0,0,0,
a1f8a0af53c34922b0c66ebdf4b3381d,654,13362,412,316,558,https://www.youtube.com/watch?v=2vXTSMakd5Y,412,316,558,https://www.youtube.com/watch?v=2vXTSMakd5Y,0,0,0,,82,0,0,0,
e911a56d410b4949aee1d3a8dc84f4ad,654,41036,0,0,0,,0,0,0,,0,0,0,,0,0,0,0,
0f11420beab0442eae0208ac63d4474c,652,5629,1248,1087,1248,https://www.youtube.com/watch?v=LZLFJ3QQ-eM,0,0,0,,1248,1087,1248,https://www.youtube.com/watch?v=LZLFJ3QQ-eM,0,0,0,0,
809ddec4aec2402ea41adeba2f8520ec,651,62462,9,2,43,https://www.youtube.com/watch?v=DQDuErUGv10,0,0,0,,9,2,43,https://www.youtube.com/watch?v=DQDuErUGv10,1392,514,305,537,https://www.twitch.tv/videos/2881553711
948c874aac8c4c7fa088b380e79b2154,651,21121,0,0,0,,0,0,0,,0,0,0,,0,0,0,0,
12d506583827419e9eb3b64ec551a94d,651,36575,253,189,254,https://www.youtube.com/watch?v=uYiWbnFnRVA,253,189,254,https://www.youtube.com/watch?v=uYiWbnFnRVA,0,0,0,,23,0,0,0,
7d53d75ac36b4faea2450918f84dada3,646,32793,300,43,360,https://www.youtube.com/watch?v=RcaZZGIHAYs,302,62,360,https://www.youtube.com/watch?v=RcaZZGIHAYs,55,43,55,https://www.youtube.com/watch?v=sbD-grElVzU,0,0,0,0,
677a773535814b5fa2d557da2f80bb89,645,18347,182,118,182,https://www.youtube.com/watch?v=slIlk8V1iyg,182,118,182,https://www.youtube.com/watch?v=slIlk8V1iyg,0,0,0,,423,0,0,0,
3e079110e939428085c1f1040ec756f9,645,9062,0,0,0,,0,0,0,,0,0,0,,0,0,0,0,
4c127c01ba31487599018fc81ff1a3dd,645,39428,148,70,421,https://www.youtube.com/watch?v=IToXIjihw5w,148,70,421,https://www.youtube.com/watch?v=IToXIjihw5w,0,0,0,,0,0,0,0,
5507154831064d69906acc64c76b1c99,644,17116,0,0,0,,0,0,0,,0,0,0,,3260,419,92,650,https://www.twitch.tv/videos/2868688346
adb7f358e8134f30ac0919a74c9d171b,643,14026,2,0,2,https://www.youtube.com/watch?v=C5yjDE5OfYc,0,0,0,,2,0,2,https://www.youtube.com/watch?v=C5yjDE5OfYc,2299,159,103,265,https://www.twitch.tv/videos/2888847994
22aaa78ca5fa444bb70649727131c0f2,642,19767,0,0,0,,0,0,0,,0,0,0,,0,0,0,0,
994fcc5db40840ae990cf1ce43728548,642,20404,272,82,822,https://www.youtube.com/watch?v=NP484NpmpM0,272,82,822,https://www.youtube.com/watch?v=NP484NpmpM0,0,0,0,,0,0,0,0,
2c6b5ad20b4e4bdc85310b791d02b364,641,7583,0,0,0,,0,0,0,,0,0,0,,2304,0,0,0,
54b80ca15e0c40f6abdebd37e0aa4ca1,639,16307,0,0,0,,0,0,0,,0,0,0,,746,330,276,330,https://www.twitch.tv/videos/2887116572
6bb99d03979041aa909d87375acaf92d,636,111590,1256,1127,1256,https://www.youtube.com/watch?v=6SdVL6YoeMc,1256,1127,1256,https://www.youtube.com/watch?v=6SdVL6YoeMc,0,0,0,,0,0,0,0,
3e6f13f775fa4ef09ff9b26ce062eb52,636,1732,0,0,0,,0,0,0,,0,0,0,,309,0,0,0,
04ca68439fd14d088c77eb0069e6414f,634,59020,99,49,160,https://www.youtube.com/watch?v=XiBwgB8TS_0,99,49,160,https://www.youtube.com/watch?v=XiBwgB8TS_0,0,0,0,,374,31,19,48,https://www.twitch.tv/videos/2883536111
b88a2e77cd7b4758925642f63b58051a,634,76602,446,189,1234,https://www.youtube.com/watch?v=1mzDWncl0GA,369,120,618,https://www.youtube.com/watch?v=7jGRnMMUO74,554,361,1234,https://www.youtube.com/watch?v=1mzDWncl0GA,0,0,0,0,
e55e67f2f7f64a6da7ae604df1652f5e,634,258568,3111,1632,3111,https://www.youtube.com/watch?v=994wAKJn8ts,0,0,0,,3111,1632,3111,https://www.youtube.com/watch?v=994wAKJn8ts,0,0,0,0,
6c2b07e387644ff1898d8c536747dcb0,631,21684,236,221,236,https://www.youtube.com/watch?v=kJvx34co2D8,0,0,0,,236,221,236,https://www.youtube.com/watch?v=kJvx34co2D8,321,0,0,0,
e50da8792cd94b009eaa8dd4be738d59,631,2095,0,0,0,,0,0,0,,0,0,0,,1165,74,52,182,https://www.twitch.tv/videos/2882236599
ec332c6e824044698204e6dba3e5fbfc,630,12161,0,0,0,,0,0,0,,0,0,0,,555,0,0,0,
1e131b3460564fd49ca9675ead6ad9c6,626,42521,196,100,791,https://www.youtube.com/watch?v=dL9G6c6NQd4,168,100,791,https://www.youtube.com/watch?v=dL9G6c6NQd4,538,39,538,https://www.youtube.com/watch?v=aEgpdBqzK_Q,0,0,0,0,
20b9316c0979495fbff724be3442d4a4,625,173151,74,21,1328,https://www.youtube.com/watch?v=8GBT-xNeLbk,166,111,182,https://www.youtube.com/watch?v=-8_jbBd0ZZI,52,13,1328,https://www.youtube.com/watch?v=8GBT-xNeLbk,17,0,0,0,
326a721a7a904cb9b5ed0dad4899d7c2,625,23341,0,0,0,,0,0,0,,0,0,0,,912,307,288,307,https://www.twitch.tv/videos/2889735510
b16b9643e24d404a8de6d66551451b85,623,10845,154,57,263,https://www.youtube.com/watch?v=xI_Y8lR-FIo,154,57,263,https://www.youtube.com/watch?v=xI_Y8lR-FIo,0,0,0,,3301,260,180,286,https://www.twitch.tv/videos/2882580593
1f455594561b421da20dde10d1540981,622,44858,0,0,0,,0,0,0,,0,0,0,,6244,426,188,601,https://www.twitch.tv/videos/2872099764
8b0dbadf9faa4815923944437f1c1abb,621,77897,11,4,101,https://www.youtube.com/watch?v=zitM0n4fKk8,0,0,0,,11,4,101,https://www.youtube.com/watch?v=zitM0n4fKk8,0,0,0,0,
dec8ff1f1ef243ccb8fa65edb7a813bd,620,913,0,0,0,,0,0,0,,0,0,0,,329,0,0,0,
b8ccfa7aec6a419ca8ad1a91d9fafdf6,620,0,0,0,0,,0,0,0,,0,0,0,,2534,156,138,310,https://www.twitch.tv/videos/2885625821
318268a48a3c47b7a56609c204d02b03,620,15481,123,94,1011,https://www.youtube.com/watch?v=_puTE8wj_Kc,0,0,0,,123,94,1011,https://www.youtube.com/watch?v=_puTE8wj_Kc,3377,254,227,428,https://www.twitch.tv/videos/2887962988
4e35059a74df41189368fad5263a1f3f,620,69637,209,75,1209,https://www.youtube.com/watch?v=GxFK22gDjzk,197,70,915,https://www.youtube.com/watch?v=QNo9rIKyzCI,264,112,1209,https://www.youtube.com/watch?v=GxFK22gDjzk,79,12,10,20,https://www.twitch.tv/videos/2888852050
66345fc8147b45e99d6eba1b0df6ba7c,618,32070,0,0,0,,0,0,0,,0,0,0,,0,0,0,0,
9760ffdb528f40a7bd010589f2ce06c4,618,31688,8,2,83,https://www.youtube.com/watch?v=3tZJKno78dw,0,0,0,,8,2,83,https://www.youtube.com/watch?v=3tZJKno78dw,828,144,83,241,https://www.twitch.tv/videos/2880922552
e07cd7e29645414481d441fcfd4fd456,616,30484,13,7,51,https://www.youtube.com/watch?v=Lg7Gi4l1KGw,0,0,0,,13,7,51,https://www.youtube.com/watch?v=Lg7Gi4l1KGw,0,0,0,0,
3849edba2b2e411f8564e9c1d1aaaa51,615,82149,392,357,3361,https://www.youtube.com/watch?v=8ux-AE_NCTU,392,357,3361,https://www.youtube.com/watch?v=8ux-AE_NCTU,0,0,0,,0,0,0,0,
defbc693cb874182807b768593439616,614,19320,0,0,0,,0,0,0,,0,0,0,,1639,114,41,249,https://www.twitch.tv/videos/2890623113
7dd6c13c71ee452e9a85dec903f2ee15,610,37275,188,43,1135,https://www.youtube.com/watch?v=ByE10qVJesU,144,59,201,https://www.youtube.com/watch?v=cnbv6hTYa54,317,43,1135,https://www.youtube.com/watch?v=ByE10qVJesU,0,0,0,0,
508ebe96e7a94e94893609e616086dff,609,146607,481,90,1222,https://www.youtube.com/watch?v=uRBOItltp98,0,0,0,,481,90,1222,https://www.youtube.com/watch?v=uRBOItltp98,692,333,232,396,https://www.twitch.tv/videos/2880129461
7c781489389447e682388caccae7fb1c,606,21939,8,7,279,https://www.youtube.com/watch?v=9lbfh8tzFXY,0,0,0,,8,7,279,https://www.youtube.com/watch?v=9lbfh8tzFXY,1055,114,102,184,https://www.twitch.tv/videos/2890945158
156c4271fe17425bb02fd7b24f5a2a7a,604,10921,284,143,284,https://www.youtube.com/watch?v=Oe0ExhpDQLQ,0,0,0,,284,143,284,https://www.youtube.com/watch?v=Oe0ExhpDQLQ,0,0,0,0,
9fba4ecf861140acb418c343a475f99c,603,59006,185,21,410,https://www.youtube.com/watch?v=i6Lmj_4HEGA,221,32,410,https://www.youtube.com/watch?v=i6Lmj_4HEGA,80,3,80,https://www.youtube.com/watch?v=pYlpj5PWwa8,157,29,19,29,https://www.twitch.tv/videos/2883094768
c4ad3b6c4fe94f9a8142895fd869dfb9,603,5725,15,9,143,https://www.youtube.com/watch?v=m1GuK88nuwo,0,0,0,,15,9,143,https://www.youtube.com/watch?v=m1GuK88nuwo,1556,112,93,518,https://www.twitch.tv/videos/2884495452
3f74c9c84fac427ea0e3d147c6027e82,602,23313,48,22,179,https://www.youtube.com/watch?v=pjdoTJ53qDY,53,23,179,https://www.youtube.com/watch?v=pjdoTJ53qDY,18,3,18,https://www.youtube.com/watch?v=FRRxqlukg3g,0,0,0,0,
d02adf3818df4c9fa03ed90bf1df5b41,600,15518,0,0,0,,0,0,0,,0,0,0,,0,0,0,0,
d6827fe530ca4db4b748651c72e81ead,596,18905,113,78,496,https://www.youtube.com/watch?v=PohIJQ1xw6Y,113,78,496,https://www.youtube.com/watch?v=PohIJQ1xw6Y,0,0,0,,266,29,25,42,https://www.twitch.tv/videos/2883645646
25262970b019418badba15bc46f9c048,596,126528,557,21,705,https://www.youtube.com/watch?v=Sm56tvFCIvs,557,21,705,https://www.youtube.com/watch?v=Sm56tvFCIvs,0,0,0,,528,147,9,181,https://www.twitch.tv/videos/2865561105
8c4d0ef0e1ee405e93be5d03974307ce,595,32543,401,242,401,https://www.youtube.com/watch?v=zAgYxBZBJNw,401,242,401,https://www.youtube.com/watch?v=zAgYxBZBJNw,0,0,0,,32,0,0,0,
ea7f97145fd44a51a95e5b97a6b8366c,592,177572,898,109,1766,https://www.youtube.com/watch?v=nmZCkJAGESQ,0,0,0,,898,109,1766,https://www.youtube.com/watch?v=nmZCkJAGESQ,0,0,0,0,
4cc07f3cbfed434090bba391bc15fd6d,592,41534,28,8,45,https://www.youtube.com/watch?v=qbewXdTyA4M,0,0,0,,28,8,45,https://www.youtube.com/watch?v=qbewXdTyA4M,1797,95,48,251,https://www.twitch.tv/videos/2885282801
161544bf51864b2bad46cdd769bee278,592,30206,391,199,1293,https://www.youtube.com/watch?v=XvSgO3N4U_w,529,216,1293,https://www.youtube.com/watch?v=XvSgO3N4U_w,27,26,42,https://www.youtube.com/watch?v=FvBe92nTLlM,222,58,46,156,https://www.twitch.tv/videos/2886246944
c1ca3c2282084d0ebbdeb3896801aec9,591,19311,0,0,0,,0,0,0,,0,0,0,,251,0,0,0,
14392ae1c106403ab690e8a6dea7c534,590,64850,186,83,1125,https://www.youtube.com/watch?v=pdkNzmR76KA,174,81,404,https://www.youtube.com/watch?v=V5XSFnsLGcE,1125,373,1125,https://www.youtube.com/watch?v=pdkNzmR76KA,0,0,0,0,
fd5a1e004f224586aa65f9c5b374cc4a,590,26935,819,179,1571,https://www.youtube.com/watch?v=AdZIE2j-fWU,189,71,330,https://www.youtube.com/watch?v=1EoLXKG1Rmk,914,430,1571,https://www.youtube.com/watch?v=AdZIE2j-fWU,5483,384,162,2627,https://www.twitch.tv/videos/2887546663
d613059b356d4cc9b1c3e998f32d1a5a,589,22536,0,0,0,,0,0,0,,0,0,0,,11297,1360,509,1613,https://www.twitch.tv/videos/2883449563
84111bbae2be41ea96c8b2f6c755f00c,589,25941,210,115,661,https://www.youtube.com/watch?v=REtjAz1cM-Q,212,166,661,https://www.youtube.com/watch?v=REtjAz1cM-Q,210,114,210,https://www.youtube.com/watch?v=jO2mTr9RH9Q,1647,315,275,1768,https://www.twitch.tv/videos/2884141121
7dc8617f6004470c8a65a67a9abdf661,587,19788,72,37,72,https://www.youtube.com/watch?v=wm0-aHmc0Yk,72,37,72,https://www.youtube.com/watch?v=wm0-aHmc0Yk,0,0,0,,264,0,0,0,
52ff14aabd804801a6e589681fc2fb4d,586,72476,0,0,0,,0,0,0,,0,0,0,,1605,0,0,0,
aa673b95b03540288c87dbaa59477ef9,585,38933,0,0,0,,0,0,0,,0,0,0,,0,0,0,0,
ff88906b47654805b8370426415f1183,585,17278,0,0,0,,0,0,0,,0,0,0,,3413,367,221,375,https://www.twitch.tv/videos/2874872534
619f48c4546c481bbc52aadc12c3e48f,584,7984,308,69,308,https://www.youtube.com/watch?v=u7N9jllQCyY,0,0,0,,308,69,308,https://www.youtube.com/watch?v=u7N9jllQCyY,2901,679,591,1207,https://www.twitch.tv/videos/2887426871
a6b0f8c8343041f0b1ea96c46ee4e582,583,21053,160,83,348,https://www.youtube.com/watch?v=e0zAbgLVvkQ,160,83,348,https://www.youtube.com/watch?v=e0zAbgLVvkQ,0,0,0,,308,99,68,202,https://www.twitch.tv/videos/2880884781
5dd38c1bf796414399e7c80092c1d984,583,510444,97,52,10545,https://www.youtube.com/watch?v=_pC8TbM9KqA,64,56,519,https://www.youtube.com/watch?v=viuN1Py7uZw,97,42,10545,https://www.youtube.com/watch?v=_pC8TbM9KqA,52,0,0,0,
b511c9a0eba7474fbb8ac8d02ff357b7,582,71253,110,65,1146,https://www.youtube.com/watch?v=UJnD5dvplCU,110,65,267,https://www.youtube.com/watch?v=Dq91qjUxBkw,594,412,1146,https://www.youtube.com/watch?v=UJnD5dvplCU,0,0,0,0,
b76eb671dc62463fb845025be34526b7,579,36872,1001,359,1192,https://www.youtube.com/watch?v=6CW4gS3X9fU,0,0,0,,1001,359,1192,https://www.youtube.com/watch?v=6CW4gS3X9fU,0,0,0,0,
7179f903569e4fa9842b5c5ea3f7a645,578,36983,126,49,232,https://www.youtube.com/watch?v=taUOaqecCUw,126,49,232,https://www.youtube.com/watch?v=taUOaqecCUw,0,0,0,,638,64,45,99,https://www.twitch.tv/videos/2885416088
5e259658ed814cc894dfe408d10ecc6e,577,32618,253,140,339,https://www.youtube.com/watch?v=E3HxfX43urQ,296,143,339,https://www.youtube.com/watch?v=E3HxfX43urQ,95,51,95,https://www.youtube.com/watch?v=Fxd1VroQ-W0,0,0,0,0,
6f5a8075e60244cb8e74c6aa35daaa2a,576,29921,0,0,0,,0,0,0,,0,0,0,,0,0,0,0,
c269bafe425f470e957731c454b8925c,576,49380,1214,132,2172,https://www.youtube.com/watch?v=1ZMrvr0XuNU,0,0,0,,1214,132,2172,https://www.youtube.com/watch?v=1ZMrvr0XuNU,669,0,0,0,
4859b57db8e043f1965e56324f137097,574,67919,835,482,1352,https://www.youtube.com/watch?v=OSN-wUv_3Yg,0,0,0,,835,482,1352,https://www.youtube.com/watch?v=OSN-wUv_3Yg,2100,205,177,314,https://www.twitch.tv/videos/2887921156
fad52a34935b402a819aa4bb504453da,573,30394,51,25,51,https://www.youtube.com/watch?v=IAq1U74LWFA,51,25,51,https://www.youtube.com/watch?v=IAq1U74LWFA,0,0,0,,0,0,0,0,
76a17ecab93c4c3db069c9a5d8d0ecf5,572,45968,0,0,0,,0,0,0,,0,0,0,,1848,240,183,267,https://www.twitch.tv/videos/2883401553
ee5418c900a7400fa44c821eaaca0218,571,10312,20,12,46,https://www.youtube.com/watch?v=9B9RQHAY7VY,0,0,0,,20,12,46,https://www.youtube.com/watch?v=9B9RQHAY7VY,625,21,8,69,https://www.twitch.tv/videos/2873767917
22b0dfc3703e477d9ce6880cdbfafd91,570,24183,0,0,0,,0,0,0,,0,0,0,,2423,447,398,447,https://www.twitch.tv/videos/2888612007
33546b9ad5a8408589405f9467063dd7,569,23809,1206,507,1647,https://www.youtube.com/watch?v=7eTUJKly7bs,0,0,0,,1206,507,1647,https://www.youtube.com/watch?v=7eTUJKly7bs,3717,134,46,1120,https://www.twitch.tv/videos/2866027154
746abd9861714105823ebfb2a18f6fdc,568,50746,109,68,242,https://www.youtube.com/watch?v=6XZX8aA0Q2c,109,68,242,https://www.youtube.com/watch?v=6XZX8aA0Q2c,0,0,0,,0,0,0,0,
5908563b5c944c7b919b08e5233a8a5a,568,146802,7,2,55,https://www.youtube.com/watch?v=iHl5ikNwDuA,0,0,0,,7,2,55,https://www.youtube.com/watch?v=iHl5ikNwDuA,990,74,57,163,https://www.twitch.tv/videos/2886276839
993f7baff5d24cf69d077e30f7fd1a9d,564,26519,0,0,0,,0,0,0,,0,0,0,,0,0,0,0,
ba795eb1ea0f4fea888b1bfff3d5be86,563,69658,23,7,23,https://www.youtube.com/watch?v=G1rFzt0zx4Y,0,0,0,,23,7,23,https://www.youtube.com/watch?v=G1rFzt0zx4Y,3484,0,0,0,
0e136a936a574815a311e6e801ce3ca6,562,23769,348,136,757,https://www.youtube.com/watch?v=Q6hogImwxO4,348,136,757,https://www.youtube.com/watch?v=Q6hogImwxO4,0,0,0,,40,0,0,0,
8e65ff08f84f46148a79346978db81c8,562,103793,751,227,1460,https://www.youtube.com/watch?v=vuzMZrqrvYI,774,252,1460,https://www.youtube.com/watch?v=vuzMZrqrvYI,234,76,1331,https://www.youtube.com/watch?v=xNGl_KVlFHs,0,0,0,0,
df6e2520044744f0957a83db74b386bb,559,15635,0,0,0,,0,0,0,,0,0,0,,0,0,0,0,
82d775c8bb1740c0a6db1037d3bf5fe0,559,16260,117,58,159,https://www.youtube.com/watch?v=SEI65iGm5iA,117,58,159,https://www.youtube.com/watch?v=SEI65iGm5iA,0,0,0,,0,0,0,0,
95df3846ff6644429227e9e058994ad8,558,31783,478,249,629,https://www.youtube.com/watch?v=9_f9Ms4efbk,478,249,629,https://www.youtube.com/watch?v=9_f9Ms4efbk,0,0,0,,0,0,0,0,
c40a4498540d462a89c2391a41aa9f0e,557,23362,1467,1137,1612,https://www.youtube.com/watch?v=8FLq0_c2Wxg,0,0,0,,1467,1137,1612,https://www.youtube.com/watch?v=8FLq0_c2Wxg,2448,217,152,217,https://www.twitch.tv/videos/2883509703
21f5355738614770afb34b761a4c45af,555,4426,0,0,0,,0,0,0,,0,0,0,,0,0,0,0,
6503172c78774a0fa639255ac2e7e85a,552,21552,26,16,28,https://www.youtube.com/watch?v=WL5zoPoj8Z0,26,16,28,https://www.youtube.com/watch?v=WL5zoPoj8Z0,0,0,0,,0,0,0,0,
54c49dea17ad4eb5aeb7ce1698dc01be,552,34855,137,111,188,https://www.youtube.com/watch?v=ONqih_8xg-U,137,111,188,https://www.youtube.com/watch?v=ONqih_8xg-U,0,0,0,,115,0,0,0,
87df5b92303e4410884b8c52ff2c4e0d,551,48604,102,61,900,https://www.youtube.com/watch?v=Nr3yV7D3TWM,0,0,0,,102,61,900,https://www.youtube.com/watch?v=Nr3yV7D3TWM,1239,405,335,672,https://www.twitch.tv/videos/2886208448
21c8f34b3284456792c28b2ce7290589,548,24313,171,16,171,https://www.youtube.com/watch?v=q11rqBDq-_Q,0,0,0,,171,16,171,https://www.youtube.com/watch?v=q11rqBDq-_Q,0,0,0,0,
cd1224f4756340c594f3c36245e9b4d4,548,152734,58,35,1418,https://www.youtube.com/watch?v=DlR_8cajHEk,0,0,0,,58,35,1418,https://www.youtube.com/watch?v=DlR_8cajHEk,2224,175,135,2285,https://www.twitch.tv/videos/2879140002
f5493e350f514aae860e4fbc529adf4c,547,344,0,0,0,,0,0,0,,0,0,0,,0,0,0,0,
7731172cfcaa4e668762473a7b9d509a,545,16321,0,0,0,,0,0,0,,0,0,0,,831,0,0,0,
780ca962f78b49d580c8a078b0525d25,544,28794,0,0,0,,0,0,0,,0,0,0,,0,0,0,0,
c232b3088a6e49b997b325d5de9a3013,542,23321,144,59,191,https://www.youtube.com/watch?v=3Sfz6qa1FzM,144,59,191,https://www.youtube.com/watch?v=3Sfz6qa1FzM,0,0,0,,167,0,0,0,
1760601b33854f2ab58b6217bd2cfedf,541,34372,0,0,0,,0,0,0,,0,0,0,,0,0,0,0,
7344fd4a1019434792afd863eddb4250,540,37836,0,0,0,,0,0,0,,0,0,0,,1867,290,214,439,https://www.twitch.tv/videos/2888708581
3750eae778e9453eaeee75956a8dabc6,540,18914,1071,243,1235,https://www.youtube.com/watch?v=vjRYHaWcoKQ,0,0,0,,1071,243,1235,https://www.youtube.com/watch?v=vjRYHaWcoKQ,2563,207,177,256,https://www.twitch.tv/videos/2886262688
e53ab7560fbc44fcba0dc3b7dceff697,539,8683,0,0,0,,0,0,0,,0,0,0,,0,0,0,0,
bd7947d2357941039893b911b18f3b4c,538,47189,21,7,60,https://www.youtube.com/watch?v=Kx7zA00V9vc,21,7,60,https://www.youtube.com/watch?v=Kx7zA00V9vc,0,0,0,,669,32,21,59,https://www.twitch.tv/videos/2883498636
d6afb902dbe04e35ab52f961f538f9bd,537,27217,0,0,0,,0,0,0,,0,0,0,,134,0,0,0,
f072e780d0c84ca08c27020e1f2de365,536,16604,11,6,153,https://www.youtube.com/watch?v=agUHJQZ_t2k,0,0,0,,11,6,153,https://www.youtube.com/watch?v=agUHJQZ_t2k,701,50,33,56,https://www.twitch.tv/videos/2882559245
b359f595b54b4edc8969423a8b5658ff,536,36528,0,0,0,,0,0,0,,0,0,0,,0,0,0,0,
735a3d989210437f9e5b8e7a7ba6d88a,535,26025,186,107,294,https://www.youtube.com/watch?v=ZNiSYeMq5Bc,182,119,222,https://www.youtube.com/watch?v=0of9U3l_hd8,294,79,294,https://www.youtube.com/watch?v=ZNiSYeMq5Bc,131,0,0,0,
6166fbac685941a6acf389460de44943,535,54599,160,84,401,https://www.youtube.com/watch?v=Cok0Q04Ou-4,163,84,401,https://www.youtube.com/watch?v=Cok0Q04Ou-4,100,0,100,https://www.youtube.com/watch?v=_B-kQxYtSig,0,0,0,0,
ffffcd6d454a4e77a215927a82c460bc,532,127955,1410,1118,1410,https://www.youtube.com/watch?v=jk2MFJ8Wra4,0,0,0,,1410,1118,1410,https://www.youtube.com/watch?v=jk2MFJ8Wra4,1093,69,59,155,https://www.twitch.tv/videos/2889648703
100af980504b4bd38c8b2192d1e71b29,531,36814,918,402,918,https://www.youtube.com/watch?v=aGC8ZjJRww4,0,0,0,,918,402,918,https://www.youtube.com/watch?v=aGC8ZjJRww4,0,0,0,0,
b0df22881775422093e3e64a63b01a5a,530,67755,0,0,0,,0,0,0,,0,0,0,,163,0,0,0,
c6704a4edfef443ba46ba7f0db0c4ff9,529,14583,181,61,194,https://www.youtube.com/watch?v=nuE3NflPlSI,181,61,194,https://www.youtube.com/watch?v=nuE3NflPlSI,0,0,0,,0,0,0,0,
aedfb89bad4545379af018f5933bddb7,526,32473,197,88,506,https://www.youtube.com/watch?v=pR115U-bBF8,197,88,506,https://www.youtube.com/watch?v=pR115U-bBF8,0,0,0,,29,0,0,0,
9099b86c3fe84a138b0bc1f258bca138,526,24747,92,56,329,https://www.youtube.com/watch?v=lGY4aE1KxU8,92,56,329,https://www.youtube.com/watch?v=lGY4aE1KxU8,0,0,0,,0,0,0,0,
328751d304524e18a74cef810504b219,524,7794,274,139,466,https://www.youtube.com/watch?v=zeNtys8qXJU,0,0,0,,274,139,466,https://www.youtube.com/watch?v=zeNtys8qXJU,996,720,254,1008,https://www.twitch.tv/videos/2890506506
b423123a68df4ac88b2a376ae5fd3b89,524,28214,242,94,985,https://www.youtube.com/watch?v=TmjHilxWd1Y,242,110,985,https://www.youtube.com/watch?v=TmjHilxWd1Y,451,7,816,https://www.youtube.com/watch?v=xBhLFB2TRZw,0,0,0,0,
37e88453b9cb48b1863bc455328b34c1,524,8210,0,0,0,,0,0,0,,0,0,0,,1503,93,71,217,https://www.twitch.tv/videos/2890602803
01d150623c984f3d8d7de4b1859afadd,523,11020,0,0,0,,0,0,0,,0,0,0,,0,0,0,0,
73abc31606db493f971f679dfde4f7e5,523,65022,126,72,391,https://www.youtube.com/watch?v=PjlTEp8fwiw,126,72,391,https://www.youtube.com/watch?v=PjlTEp8fwiw,0,0,0,,86,0,0,0,
1e4f8348a36e4ab3abda426f1810513a,523,13932,0,0,0,,0,0,0,,0,0,0,,0,0,0,0,
3f2e41bdee4145f59fa97830ba3f5edb,522,16814,0,0,0,,0,0,0,,0,0,0,,2606,363,303,465,https://www.twitch.tv/videos/2889827158
b7b1cb60f1c24c0ea4fb1f506d3e247a,520,14093,91,63,146,https://www.youtube.com/watch?v=N2c4QwORJp4,0,0,0,,91,63,146,https://www.youtube.com/watch?v=N2c4QwORJp4,1584,186,70,755,https://www.twitch.tv/videos/2883893941
533e7b1b50ba448292c09c5845d68eb6,520,10062,126,88,126,https://www.youtube.com/watch?v=wy1BP1DXh8s,126,88,126,https://www.youtube.com/watch?v=wy1BP1DXh8s,0,0,0,,336,170,120,213,https://www.twitch.tv/videos/2883863465
41ad2f1c78f0406ab5460f38115002d7,519,21898,0,0,0,,0,0,0,,0,0,0,,0,0,0,0,
cbee87914d63402b825bf74d25333236,517,18259,150,34,169,https://www.youtube.com/watch?v=UquKaP_nPgA,150,34,169,https://www.youtube.com/watch?v=UquKaP_nPgA,0,0,0,,0,0,0,0,
1a95847597f04ae39d6f0d9caba04a5f,516,19771,0,0,0,,0,0,0,,0,0,0,,1610,235,158,307,https://www.twitch.tv/videos/2882605055
6926325d2c1c4c4e87f7be69ab675d53,516,122778,181,58,1075,https://www.youtube.com/watch?v=l2SneNLb_o8,181,58,581,https://www.youtube.com/watch?v=6hG_GHlh8DU,574,399,1075,https://www.youtube.com/watch?v=l2SneNLb_o8,0,0,0,0,
aa182728aa6d44c4ae37caa7cdb8ed29,516,22199,124,34,214,https://www.youtube.com/watch?v=NoLLCIKP56c,214,59,214,https://www.youtube.com/watch?v=NoLLCIKP56c,34,9,34,https://www.youtube.com/watch?v=H1oZuU51NqY,221,0,0,0,
323c21f9e49f47d48609f698a3f81fd5,514,6679,108,65,108,https://www.youtube.com/watch?v=bRdMyhDWkN8,108,65,108,https://www.youtube.com/watch?v=bRdMyhDWkN8,0,0,0,,0,0,0,0,
442edbdb59fe4979a2be3e5183258cf8,514,24013,144,83,172,https://www.youtube.com/watch?v=hsQvC9asChU,144,83,172,https://www.youtube.com/watch?v=hsQvC9asChU,0,0,0,,0,0,0,0,
ffdc53dc3c764656a2f76031ee262b60,513,7314,0,0,0,,0,0,0,,0,0,0,,228,0,0,0,
af41302aa9184c2dbc25d2ed16e878fc,513,93341,94,38,336,https://www.youtube.com/watch?v=7hj4aZf0FAk,94,34,336,https://www.youtube.com/watch?v=7hj4aZf0FAk,112,88,144,https://www.youtube.com/watch?v=iGBEihxT7Fw,275,0,0,0,
17a340801a7d4697be53c472c621993d,513,28218,966,747,1184,https://www.youtube.com/watch?v=CQaqLM7IEqc,0,0,0,,966,747,1184,https://www.youtube.com/watch?v=CQaqLM7IEqc,806,82,49,118,https://www.twitch.tv/videos/2882840159
2bffdc20e3cb48de9bf46600f62d248e,511,27237,0,0,0,,0,0,0,,0,0,0,,288,0,0,0,
6d1b01658ae74a7f91c7f60b5abe1cb2,510,51473,255,101,460,https://www.youtube.com/watch?v=rogycfrYgsg,394,173,460,https://www.youtube.com/watch?v=rogycfrYgsg,17,16,157,https://www.youtube.com/watch?v=AjVeqmAABss,0,0,0,0,
8db6aab32c8e45c8a70d0850bfcd3e5c,509,27869,118,103,157,https://www.youtube.com/watch?v=beWG33z7MU8,118,103,157,https://www.youtube.com/watch?v=beWG33z7MU8,0,0,0,,148,3,2,3,https://www.twitch.tv/videos/2886334691
52136fb3529d4f5eb5225ade4209b8b3,508,12159,0,0,0,,0,0,0,,0,0,0,,0,0,0,0,
a42c38cc7c0b4812b9bc79ab5f2d84f3,507,42433,166,73,1001,https://www.youtube.com/watch?v=Ed1Xc3GiTbU,123,70,193,https://www.youtube.com/watch?v=CjLyJK9W_2k,599,96,1001,https://www.youtube.com/watch?v=Ed1Xc3GiTbU,0,0,0,0,
423ee3a5dbd549f19893a1823856b8dc,506,72265,0,0,0,,0,0,0,,0,0,0,,498,64,45,152,https://www.twitch.tv/videos/2885148460
45d566a561914da0a15a5a21574eb30a,504,10415,152,67,368,https://www.youtube.com/watch?v=AHWAReRHol8,152,67,368,https://www.youtube.com/watch?v=AHWAReRHol8,0,0,0,,0,0,0,0,
1bf9786ba55042b9ae3294dadfc7b40d,500,20191,89,44,189,https://www.youtube.com/watch?v=052MP-Ay0aI,89,44,189,https://www.youtube.com/watch?v=052MP-Ay0aI,0,0,0,,0,0,0,0,
51f3508054da4987b4e8f659e4d28d1d,497,3202,0,0,0,,0,0,0,,0,0,0,,4969,419,99,749,https://www.twitch.tv/videos/2881737047
c699beab8e8a4064849c977b67058447,494,21848,0,0,0,,0,0,0,,0,0,0,,1322,103,89,130,https://www.twitch.tv/videos/2889704872
09c9c71c41e24e7d9498ce41a78dae1c,493,13616,0,0,0,,0,0,0,,0,0,0,,463,0,0,0,
54355102572e408183af55831cb98e3a,493,28505,0,0,0,,0,0,0,,0,0,0,,181,0,0,0,
88917b370d0041d8be65372342c92523,492,26373,19,3,232,https://www.youtube.com/watch?v=wOelcpXOW84,0,0,0,,19,3,232,https://www.youtube.com/watch?v=wOelcpXOW84,2148,461,326,953,https://www.twitch.tv/videos/2880905503
085ed0ddc3294678b9570fdbcf581c64,491,346,0,0,0,,0,0,0,,0,0,0,,31246,408,218,1695,https://www.twitch.tv/videos/2882466421
30e2594ce7cf4bc3a7e536639b15ff30,491,14513,94,60,556,https://www.youtube.com/watch?v=bl3shnVe0cU,94,60,556,https://www.youtube.com/watch?v=bl3shnVe0cU,0,0,0,,336,77,66,189,https://www.twitch.tv/videos/2887079526
f9444f6d790344a4a51a301110665229,490,15659,178,102,953,https://www.youtube.com/watch?v=JtSwXi4SIAk,176,89,840,https://www.youtube.com/watch?v=5Az-67YwDLA,353,172,953,https://www.youtube.com/watch?v=JtSwXi4SIAk,0,0,0,0,
e41bf48a09d64e4aa3d96064a9a63b08,490,100131,927,269,1320,https://www.youtube.com/watch?v=fxcmWuJao1U,0,0,0,,927,269,1320,https://www.youtube.com/watch?v=fxcmWuJao1U,70,0,0,0,
d148768158984ce8b3a8214b1fb3dafc,487,12060,820,533,1514,https://www.youtube.com/watch?v=T3D4f6RASTo,127,115,127,https://www.youtube.com/watch?v=Wz9DxN5t_pk,1514,952,1514,https://www.youtube.com/watch?v=T3D4f6RASTo,179,0,0,0,
e306270e80094416818cfddb33153419,487,19105,0,0,0,,0,0,0,,0,0,0,,0,0,0,0,
7168995b95ab439aa7cf1f3099d7bd88,485,70775,337,143,762,https://www.youtube.com/watch?v=nhe1IhmWUMY,0,0,0,,337,143,762,https://www.youtube.com/watch?v=nhe1IhmWUMY,3960,0,0,0,
037bc9366d5949b0877707007b4b1ed5,484,24012,0,0,0,,0,0,0,,0,0,0,,365,0,0,0,
91f5b04be2e74f64b03e0774cc275748,482,21126,0,0,0,,0,0,0,,0,0,0,,0,0,0,0,
acb95c574d8444cd80102796e0d56edd,479,67002,192,157,192,https://www.youtube.com/watch?v=JAc54tqLiTY,192,157,192,https://www.youtube.com/watch?v=JAc54tqLiTY,0,0,0,,218,0,0,0,
09945e9139af4f3a96e6adfd73139d35,478,16787,0,0,0,,0,0,0,,0,0,0,,1613,125,96,125,https://www.twitch.tv/videos/2885499443
3a13b2827ef048859006a3acb74c175a,478,10755,0,0,0,,0,0,0,,0,0,0,,7426,6195,3893,17553,https://www.twitch.tv/videos/2888813648
6695a7e8f824489881f2c321501a36a6,477,25888,31,9,56,https://www.youtube.com/watch?v=GDBHNIph6JU,31,9,56,https://www.youtube.com/watch?v=GDBHNIph6JU,0,0,0,,0,0,0,0,
7677c9c71c0a4decad1472b7ecc604bb,475,6124,0,0,0,,0,0,0,,0,0,0,,485,0,0,0,
7652b3bd3da6418cbf02c85057077b54,475,13245,9,7,154,https://www.youtube.com/watch?v=YPqv4q-ztvk,9,7,154,https://www.youtube.com/watch?v=YPqv4q-ztvk,0,0,0,,278,0,0,0,
d2da40bb201e49ddbd6a8780bfaf8b63,474,15229,0,0,0,,0,0,0,,0,0,0,,1343,101,78,137,https://www.twitch.tv/videos/2887940364
294b1c29030244c784387782c0cb6aee,473,13874,264,46,264,https://www.youtube.com/watch?v=w1SC-vu_FbQ,264,46,264,https://www.youtube.com/watch?v=w1SC-vu_FbQ,0,0,0,,0,0,0,0,
502d093ba13d45de84602b54a1dc6e6c,473,27063,34,14,1306,https://www.youtube.com/watch?v=QiAEnX6_ubs,872,312,1306,https://www.youtube.com/watch?v=QiAEnX6_ubs,24,11,139,https://www.youtube.com/watch?v=5fNq1aKAcf8,237,111,108,228,https://www.twitch.tv/videos/2885738654
451162e7f4c041edb3447732eba1937a,472,3280,0,0,0,,0,0,0,,0,0,0,,110,0,0,0,
3981c01691a44d708da1191e9546eaad,472,36413,65,23,239,https://www.youtube.com/watch?v=IXkbe1Qrx-U,65,23,239,https://www.youtube.com/watch?v=IXkbe1Qrx-U,0,0,0,,0,0,0,0,
2efb6dc7796c4ce792c196d27af0df87,472,64761,418,91,514,https://www.youtube.com/watch?v=u2gTBuBiyYM,92,91,92,https://www.youtube.com/watch?v=oTQ_VzVdA1o,466,141,514,https://www.youtube.com/watch?v=u2gTBuBiyYM,0,0,0,0,
23335565d59c404080e9c06f437b011b,471,73160,0,0,0,,0,0,0,,0,0,0,,1138,0,0,0,
3513b73ded994bc3a92a70c9632c9856,469,7962,0,0,0,,0,0,0,,0,0,0,,7146,337,112,528,https://www.twitch.tv/videos/2888704118
fb17cff93fa94c8ea8b052f497f27fb4,469,22074,0,0,0,,0,0,0,,0,0,0,,17,0,0,0,
6717d34e87574888848bc45c86bd80e6,469,31232,0,0,0,,0,0,0,,0,0,0,,1358,462,366,795,https://www.twitch.tv/videos/2879264688
0a5bbdc460184f279cb8c7965a1d6098,468,82783,688,110,1057,https://www.youtube.com/watch?v=OPxujcNXYhc,0,0,0,,688,110,1057,https://www.youtube.com/watch?v=OPxujcNXYhc,249,37,21,92,https://www.twitch.tv/videos/2887136359
904217f39af144a9b922beab57e61ae4,468,22788,433,105,726,https://www.youtube.com/watch?v=ZOwo31sHV2c,433,105,726,https://www.youtube.com/watch?v=ZOwo31sHV2c,0,0,0,,408,80,49,109,https://www.twitch.tv/videos/2879087384
2dc29f6b05584c718c60034af9883496,465,105123,0,0,0,,0,0,0,,0,0,0,,0,0,0,0,
2df2e0bc14fa4450a0d17d294b5a0bc0,464,32135,0,0,0,,0,0,0,,0,0,0,,0,0,0,0,
4abb927b8dc049768d63b4a8e229e8cc,464,0,0,0,0,,0,0,0,,0,0,0,,0,0,0,0,
d017bd7855e547298906060f0e9b442e,463,14255,0,0,0,,0,0,0,,0,0,0,,1546,99,78,175,https://www.twitch.tv/videos/2880941049
9189101a4bb740de969b772dde92125a,463,5869,0,0,0,,0,0,0,,0,0,0,,1140,0,0,0,
59e3094256344f8c83a3f4355b8b667b,463,0,0,0,0,,0,0,0,,0,0,0,,2580,0,0,0,
40f76b568f384790a1a089bb6619ddb2,462,10811,116,58,208,https://www.youtube.com/watch?v=1jlcQ8nVbM0,116,58,208,https://www.youtube.com/watch?v=1jlcQ8nVbM0,0,0,0,,1226,70,20,119,https://www.twitch.tv/videos/2872144933
0c2cb722c6ab4e3890139c922c80d4d8,462,4078,0,0,0,,0,0,0,,0,0,0,,188,0,0,0,
e9569c3f60c541ab83899c09079feaa2,461,18815,211,175,1577,https://www.youtube.com/watch?v=z_YA0V92PjY,211,175,1577,https://www.youtube.com/watch?v=z_YA0V92PjY,0,0,0,,2993,0,0,0,
da165e838dfe49aea3f91457f3825657,459,10695,0,0,0,,0,0,0,,0,0,0,,0,0,0,0,
f2b0bc3e82024bd3ae1c7cb5fe926829,458,14995,58,56,58,https://www.youtube.com/watch?v=gwi3T3dTpxM,58,56,58,https://www.youtube.com/watch?v=gwi3T3dTpxM,0,0,0,,0,0,0,0,
9e3222bedec44f1a8fecdc237c020cbd,458,139414,0,0,0,,0,0,0,,0,0,0,,333,14,8,14,https://www.twitch.tv/videos/2881935935
4693c4a0f4284a429f353419a3fc547c,458,75373,128,59,1123,https://www.youtube.com/watch?v=idqXH08QbBk,117,59,327,https://www.youtube.com/watch?v=Rg3bfqxQRnQ,509,126,1123,https://www.youtube.com/watch?v=idqXH08QbBk,0,0,0,0,
31888d1a66654eee82d4dd22017db978,457,88418,365,85,1116,https://www.youtube.com/watch?v=ZfjOBj5xVpg,29,13,29,https://www.youtube.com/watch?v=5FCd0KtDWmM,419,109,1116,https://www.youtube.com/watch?v=ZfjOBj5xVpg,5,0,0,0,
74beedbc5f694a2c94fe73545ba4037d,456,26059,436,308,599,https://www.youtube.com/watch?v=CqdaywvBwAU,0,0,0,,436,308,599,https://www.youtube.com/watch?v=CqdaywvBwAU,230,0,0,0,
a27f33f32dd2414c8c6843f8783a32f0,456,13229,0,0,0,,0,0,0,,0,0,0,,0,0,0,0,
c822d7ffe24248fdbca2f3b1bdfd1139,454,86690,0,0,0,,0,0,0,,0,0,0,,3001,0,0,0,
42ff41f7d6884ae8b93ed46415376d83,454,13819,236,70,379,https://www.youtube.com/watch?v=I1pu5zWu1wQ,236,70,379,https://www.youtube.com/watch?v=I1pu5zWu1wQ,0,0,0,,0,0,0,0,
238b4a68bcde4f3bbf18b0b01f66ec43,453,28139,0,0,0,,0,0,0,,0,0,0,,0,0,0,0,
62ca936be6c645a7bf2222b67086800a,453,38238,0,0,0,,0,0,0,,0,0,0,,1156,0,0,0,
7b578956fab14341919193c03ca3ab32,452,11278,0,0,0,,0,0,0,,0,0,0,,0,0,0,0,
7f3411a01ffc45bab4f25f088131bb50,452,6043,62,34,110,https://www.youtube.com/watch?v=1ZKgLcKmDdU,62,34,110,https://www.youtube.com/watch?v=1ZKgLcKmDdU,0,0,0,,0,0,0,0,
6c9b67b00b3c4940a6af6a6604b0b1fd,450,12679,0,0,0,,0,0,0,,0,0,0,,0,0,0,0,
5e5a5e77c39148ef8f31ccc1c63fdcd4,449,7986,0,0,0,,0,0,0,,0,0,0,,45,0,0,0,
6ec876adec524585af913c1585e8df1f,447,10318,0,0,0,,0,0,0,,0,0,0,,1631,0,0,0,
c6e955ae1fce48678120bc086a436073,442,21786,185,95,312,https://www.youtube.com/watch?v=Hs5B-IR4gKQ,312,160,312,https://www.youtube.com/watch?v=Hs5B-IR4gKQ,59,30,59,https://www.youtube.com/watch?v=YwYDfVSp54w,0,0,0,0,
64d9adbc552c487db0cdf42ac3845e18,440,38166,0,0,0,,0,0,0,,0,0,0,,69,0,0,0,
c92baa46ff4e41c9918ad2427c0853d6,439,24761,0,0,0,,0,0,0,,0,0,0,,4519,277,194,314,https://www.twitch.tv/videos/2888144474
a5fe6adcf3bd42b79475803c56a11832,437,29091,0,0,0,,0,0,0,,0,0,0,,75,51,31,62,https://www.twitch.tv/videos/2881722891
c5ac07b79a304f37b039266446fd4f3b,435,25489,0,0,0,,0,0,0,,0,0,0,,0,0,0,0,
b932ddb915af47ec948b56d4bf901dab,432,10524,290,211,390,https://www.youtube.com/watch?v=4fu9x3g_6qo,290,211,390,https://www.youtube.com/watch?v=4fu9x3g_6qo,0,0,0,,0,0,0,0,
a56567301c734548bad86e8ace7d9140,431,52207,0,0,0,,0,0,0,,0,0,0,,0,0,0,0,
da3d722ffea34b5b87fbb62c6026cba2,426,13178,0,0,0,,0,0,0,,0,0,0,,141,0,0,0,
c7400e2934c646e49f7df1816de41360,426,19107,0,0,0,,0,0,0,,0,0,0,,24,0,0,0,
5fbf4f6751f24d03a5723670cd500aca,426,11170,0,0,0,,0,0,0,,0,0,0,,788,77,45,77,https://www.twitch.tv/videos/2880831303
49150fef0c1f4c0e9e18567224a7bf5c,425,6673,72,35,126,https://www.youtube.com/watch?v=EZ92Jltck8s,72,35,126,https://www.youtube.com/watch?v=EZ92Jltck8s,0,0,0,,0,0,0,0,
5000b613025542c498cd6ab2287865c6,425,2843,0,0,0,,0,0,0,,0,0,0,,3910,412,384,1125,https://www.twitch.tv/videos/2881630989
bd119628dae64d45b71b44e0f158f23a,424,4776,0,0,0,,0,0,0,,0,0,0,,3863,0,0,0,
f3fe9fb6de2a477fae878a39924c15bd,422,12072,0,0,0,,0,0,0,,0,0,0,,3055,0,0,0,
1cddca10dd334373b8f51b3b0ed2efe4,422,26471,4,2,4,https://www.youtube.com/watch?v=w2gBSwC0Xis,0,0,0,,4,2,4,https://www.youtube.com/watch?v=w2gBSwC0Xis,0,0,0,0,
8eaa819167de4fefb116ee8f88850d85,421,65,3,0,7,https://www.youtube.com/watch?v=3ibgPrzjI6s,0,0,0,,3,0,7,https://www.youtube.com/watch?v=3ibgPrzjI6s,158,35,29,51,https://www.twitch.tv/videos/2887066705
8c494e45ce5b462aa744d46bbdc54021,420,87513,17,0,17,https://www.youtube.com/watch?v=0v1N5pRfe0E,17,0,17,https://www.youtube.com/watch?v=0v1N5pRfe0E,0,0,0,,267,0,0,0,
26ae367c497f410399b769ded171d29f,419,6744,0,0,0,,0,0,0,,0,0,0,,0,0,0,0,
4a2df649332047d3b733c88209925f4c,417,8466,0,0,0,,0,0,0,,0,0,0,,1240,0,0,0,
7d0d99e77f624bdc934b17212a39a894,417,2098,0,0,0,,0,0,0,,0,0,0,,4174,286,255,324,https://www.twitch.tv/videos/2888881004
f0f6694a60de4fb799b3f315abbaf7b6,417,19181,0,0,0,,0,0,0,,0,0,0,,0,0,0,0,
28c152a7489b4402960bd4bd36b7229b,417,42558,4,1,18,https://www.youtube.com/watch?v=jcb_s6vTbqo,0,0,0,,4,1,18,https://www.youtube.com/watch?v=jcb_s6vTbqo,231,56,40,82,https://www.twitch.tv/videos/2887203358
a2ca2eb4da5b4df3aa59637e1dbc260b,416,3310,0,0,0,,0,0,0,,0,0,0,,706,0,0,0,
7232734df59c4e099205c7685007d8d4,415,88602,12,2,16,https://www.youtube.com/watch?v=xaM8LuTzEJc,0,0,0,,12,2,16,https://www.youtube.com/watch?v=xaM8LuTzEJc,985,153,85,153,https://www.twitch.tv/videos/2879901484
2f32fa150b4b4572bb6dd1a8e8c94ff1,415,13132,0,0,0,,0,0,0,,0,0,0,,4097,673,147,707,https://www.twitch.tv/videos/2869854568
f0987ff6444945558cd159a508cd823f,413,7619,0,0,0,,0,0,0,,0,0,0,,2845,671,270,1067,https://www.twitch.tv/videos/2873917427
5c70a4710fca4b86ac63d56b0e894284,413,30781,0,0,0,,0,0,0,,0,0,0,,0,0,0,0,
f771e51357eb44d2820afd47aba3b546,412,9982,0,0,0,,0,0,0,,0,0,0,,387,60,52,60,https://www.twitch.tv/videos/2887990199
3d5a0befb7b042f697f70d5fb3d6ab94,411,11239,0,0,0,,0,0,0,,0,0,0,,0,0,0,0,
7d11ed1b02104cf58efd2df6cbc1ef69,410,20686,0,0,0,,0,0,0,,0,0,0,,1189,76,60,111,https://www.twitch.tv/videos/2883619627
7051e693d03645bda16b3591f06ebd3f,410,20669,0,0,0,,0,0,0,,0,0,0,,0,0,0,0,
d334f3b3ba8b4e43bd7b5a237a7b4476,408,57142,259,141,1267,https://www.youtube.com/watch?v=nB9twcw5nu0,214,118,276,https://www.youtube.com/watch?v=jOelUsuwmfI,923,371,1267,https://www.youtube.com/watch?v=nB9twcw5nu0,46,0,0,0,
00ddd14a74df4e2488319ea2ce25770c,404,0,0,0,0,,0,0,0,,0,0,0,,1205,0,0,0,
d11123a75b874ad2bb120bb237e94c8d,404,2988,0,0,0,,0,0,0,,0,0,0,,4720,0,0,0,
be45601754a44c568c9f60f7d2847ccb,404,15769,85,27,102,https://www.youtube.com/watch?v=mgAkSfwWTVU,85,27,102,https://www.youtube.com/watch?v=mgAkSfwWTVU,0,0,0,,0,0,0,0,
ec198b33036c436591c01ee93976b6a3,403,1628,0,0,0,,0,0,0,,0,0,0,,0,0,0,0,
c5e956bdce614dddbeddfaf6ada4200d,403,22406,175,95,276,https://www.youtube.com/watch?v=zHrww8WioTc,175,95,276,https://www.youtube.com/watch?v=zHrww8WioTc,0,0,0,,0,0,0,0,
4e1dd2ab9e4b4c71bced0c5987cf9be7,403,16769,0,0,0,,0,0,0,,0,0,0,,2957,175,133,266,https://www.twitch.tv/videos/2890671976
e63fd2ead17a4b57b256fcd55fe83b0e,403,36771,70,32,283,https://www.youtube.com/watch?v=zynJgA4HGtE,70,32,283,https://www.youtube.com/watch?v=zynJgA4HGtE,0,0,0,,326,34,24,58,https://www.twitch.tv/videos/2889717939
52d7a40d46034062ad2fc29b4a2a9198,402,44176,0,0,0,,0,0,0,,0,0,0,,3586,599,238,4072,https://www.twitch.tv/videos/2878351912
cc85e4120c0746b7925c898a963f0747,402,22307,0,0,0,,0,0,0,,0,0,0,,0,0,0,0,
4e78d5ae75144358a0384df9822c60bc,400,11396,1033,634,1252,https://www.youtube.com/watch?v=YLmmg1pDGVQ,0,0,0,,1033,634,1252,https://www.youtube.com/watch?v=YLmmg1pDGVQ,773,451,262,479,https://www.twitch.tv/videos/2879109781
836015916a40475bb608e8c6a69b6a09,399,31659,41,33,59,https://www.youtube.com/watch?v=jbjwUwRj2qU,41,33,59,https://www.youtube.com/watch?v=jbjwUwRj2qU,0,0,0,,0,0,0,0,
3802b3f13284406cb4bc3f775690add5,399,18518,1209,32,1209,https://www.youtube.com/watch?v=mrGZXFS6wUM,0,0,0,,1209,32,1209,https://www.youtube.com/watch?v=mrGZXFS6wUM,354,123,87,154,https://www.twitch.tv/videos/2880120297
6c166d9128e74147a5c0b1dbf89c885c,397,4564,0,0,0,,0,0,0,,0,0,0,,0,0,0,0,
d50d9b85f098470c8220cd99de802b17,396,21221,0,0,0,,0,0,0,,0,0,0,,0,0,0,0,
f46e5ebb899548cab53d24f1901315b0,396,16671,90,60,99,https://www.youtube.com/watch?v=3wYfQtGiQAE,90,60,99,https://www.youtube.com/watch?v=3wYfQtGiQAE,0,0,0,,140,0,0,0,
b0ec0f1ffbd8426982e7ca40d4b1064b,395,9157,0,0,0,,0,0,0,,0,0,0,,0,0,0,0,
5f68c9b585ad40c0ada7697c9b7f5055,395,6741,1682,395,1682,https://www.youtube.com/watch?v=JnHFvQIvx4E,0,0,0,,1682,395,1682,https://www.youtube.com/watch?v=JnHFvQIvx4E,7586,392,123,696,https://www.twitch.tv/videos/2884367985
93bf43bc175742cd8c7af6b80687cd84,394,43646,0,0,0,,0,0,0,,0,0,0,,1705,0,0,0,
05055e62d34241888df31217ac25e671,393,20840,0,0,0,,0,0,0,,0,0,0,,1668,113,91,269,https://www.twitch.tv/videos/2882556143
e1bc34a2b6ac4d86ad6758cef724e7dc,393,11010,0,0,0,,0,0,0,,0,0,0,,559,383,273,520,https://www.twitch.tv/videos/2889646997
b386124230514f5fa128ad046e85f12f,393,5822,0,0,0,,0,0,0,,0,0,0,,436,0,0,0,
6eac5ce6527b4513bcff4b38d277b5cc,392,37644,660,488,1149,https://www.youtube.com/watch?v=f_pcsr31zj0,0,0,0,,660,488,1149,https://www.youtube.com/watch?v=f_pcsr31zj0,193,57,55,57,https://www.twitch.tv/videos/2890626060
e802bcea6eb04ce6aa9041aa5e06ceae,392,12248,0,0,0,,0,0,0,,0,0,0,,0,0,0,0,
e73e2554e6754cadb0b836bb1fcfdaf7,391,50945,281,118,1178,https://www.youtube.com/watch?v=0PY5tiE4fpw,237,114,639,https://www.youtube.com/watch?v=_WCQu_nyjZo,388,234,1178,https://www.youtube.com/watch?v=0PY5tiE4fpw,72,12,6,12,https://www.twitch.tv/videos/2879274749
21fcf23549a74111bbe31c949245e2cd,391,12699,0,0,0,,0,0,0,,0,0,0,,0,0,0,0,
577fdbca86fa4414a153b5ebdcab90d4,391,2092,0,0,0,,0,0,0,,0,0,0,,1942,0,0,0,
d3b5f619038a4c488d36aeaeddc0f790,391,7261,0,0,0,,0,0,0,,0,0,0,,0,0,0,0,
6d83214d4d964bc9a236f4cbdd8d99e4,387,8327,169,102,299,https://www.youtube.com/watch?v=9CZ38RXHveQ,169,102,299,https://www.youtube.com/watch?v=9CZ38RXHveQ,0,0,0,,47,0,0,0,
9ee3c9b53c0048329175370a5868300b,385,36652,0,0,0,,0,0,0,,0,0,0,,0,0,0,0,
cce33288177341058833d8b4a093b03f,385,30497,94,85,1272,https://www.youtube.com/watch?v=1iChfwtAU5c,94,85,94,https://www.youtube.com/watch?v=rDpXaETW-do,675,414,1272,https://www.youtube.com/watch?v=1iChfwtAU5c,0,0,0,0,
670df075e5f9402bbcb6369685838b02,384,14758,93,33,139,https://www.youtube.com/watch?v=OiftYVlFQcw,93,33,139,https://www.youtube.com/watch?v=OiftYVlFQcw,0,0,0,,0,0,0,0,
dbf7b5a346e645f7be7d0d19d2193bc5,383,147463,0,0,0,,0,0,0,,0,0,0,,0,0,0,0,
b3b24f0ebecc45118f88f12042bd59c8,383,63382,0,0,0,,0,0,0,,0,0,0,,0,0,0,0,
c97b665a89c34600be01f83eb1f77063,382,11805,0,0,0,,0,0,0,,0,0,0,,0,0,0,0,
2f7da7d6dbe84301b4ef52240cc05e9b,382,25791,0,0,0,,0,0,0,,0,0,0,,1173,0,0,0,
c11749c10e1941a9adb2a231eee2f2ea,381,9639,113,112,224,https://www.youtube.com/watch?v=58G36vsp7Bk,0,0,0,,113,112,224,https://www.youtube.com/watch?v=58G36vsp7Bk,316,49,27,60,https://www.twitch.tv/videos/2879460789
64e20992295c4be984e9af0a470d6440,377,4763,0,0,0,,0,0,0,,0,0,0,,5403,176,112,334,https://www.twitch.tv/videos/2880137320
1af1c5f8526a4396820151df1bff37b7,376,33967,249,178,1020,https://www.youtube.com/watch?v=GyfoZeYA8j8,243,134,323,https://www.youtube.com/watch?v=UWPtZluDfKI,1020,294,1020,https://www.youtube.com/watch?v=GyfoZeYA8j8,0,0,0,0,
a2ceea65ce58431085b1366a0cfe9c61,375,0,0,0,0,,0,0,0,,0,0,0,,0,0,0,0,
9434be74cca5450789bf73aa4359b542,371,4967,90,89,90,https://www.youtube.com/watch?v=SxwmQfQ6zMs,90,89,90,https://www.youtube.com/watch?v=SxwmQfQ6zMs,0,0,0,,0,0,0,0,
a1b415a04d4645399607d4b3bbe00bd7,371,26282,255,132,495,https://www.youtube.com/watch?v=VNziGo2MDKI,255,132,495,https://www.youtube.com/watch?v=VNziGo2MDKI,0,0,0,,0,0,0,0,
e443b9e0c3524137ba2774625c6c78cd,371,10109,0,0,0,,0,0,0,,0,0,0,,720,57,38,66,https://www.twitch.tv/videos/2887990981
652b28416c394eed93337f121c0dcbf5,371,19190,219,118,366,https://www.youtube.com/watch?v=frVYhCDmXRI,219,118,366,https://www.youtube.com/watch?v=frVYhCDmXRI,0,0,0,,0,0,0,0,
0554e298ab8041c19ce07bf0b2c315a0,368,43149,122,75,1268,https://www.youtube.com/watch?v=E9F-Pofe5Ls,118,75,270,https://www.youtube.com/watch?v=5cPxKDmkxIU,735,59,1268,https://www.youtube.com/watch?v=E9F-Pofe5Ls,0,0,0,0,
4f8936d4899d4e2c83bf949bc61b2bd2,367,10677,0,0,0,,0,0,0,,0,0,0,,227,0,0,0,
8013fa67a08945a5b4b976156b6f610f,366,6643,0,0,0,,0,0,0,,0,0,0,,391,0,0,0,
a8e0ec03cb0a4e0292228e1a6ed35e6a,365,9433,0,0,0,,0,0,0,,0,0,0,,880,21,13,29,https://www.twitch.tv/videos/2880813424
07930a961f0b4078a14f0a57f0a93965,365,29567,267,99,470,https://www.youtube.com/watch?v=1oZthwBZ-Fg,342,107,470,https://www.youtube.com/watch?v=1oZthwBZ-Fg,193,91,193,https://www.youtube.com/watch?v=pb9RfLnKiPU,0,0,0,0,
9be839573d1a4944a93740ca42fa65d4,365,20307,3,0,5,https://www.youtube.com/watch?v=FOsgq-ujjRY,0,0,0,,3,0,5,https://www.youtube.com/watch?v=FOsgq-ujjRY,1588,156,118,172,https://www.twitch.tv/videos/2880982184
1c096a5610c0459b84c74213c3b30f85,361,33318,0,0,0,,0,0,0,,0,0,0,,210,0,0,0,
682e400513134d0bacfa85513958c64d,361,6863,0,0,0,,0,0,0,,0,0,0,,1044,183,139,464,https://www.twitch.tv/videos/2879263554
60a64aca51ed4528895fe35b08231670,360,13695,0,0,0,,0,0,0,,0,0,0,,408,0,0,0,
db3a6f094c3146c2ab6f2f267337f132,358,10385,407,94,565,https://www.youtube.com/watch?v=7sBhBk6QKJM,0,0,0,,407,94,565,https://www.youtube.com/watch?v=7sBhBk6QKJM,1412,213,160,372,https://www.twitch.tv/videos/2881827899
f2f74f42d7e44c2b8c71807abd0967f3,356,93916,0,0,0,,0,0,0,,0,0,0,,3168,429,168,1140,https://www.twitch.tv/videos/2882931529
bf7122f997f04401b0a6938abaded38c,356,21257,96,31,241,https://www.youtube.com/watch?v=_1LwqJkLKR4,113,37,241,https://www.youtube.com/watch?v=_1LwqJkLKR4,42,4,45,https://www.youtube.com/watch?v=kvNNFqx4dN0,0,0,0,0,
27a484e8f53a433396e73bea886fa2cb,355,20208,0,0,0,,0,0,0,,0,0,0,,0,0,0,0,
a24116ba22c84747818b7be8cd8eb733,353,19573,212,117,1091,https://www.youtube.com/watch?v=20Enz5C6ug4,194,115,237,https://www.youtube.com/watch?v=uXAORt_6TP8,451,190,1091,https://www.youtube.com/watch?v=20Enz5C6ug4,364,14,9,17,https://www.twitch.tv/videos/2881850708
e4348f08ee98429eb6143ecbac088f1a,353,20475,432,78,1455,https://www.youtube.com/watch?v=COpCgmF7OlI,433,105,1455,https://www.youtube.com/watch?v=COpCgmF7OlI,150,10,150,https://www.youtube.com/watch?v=lN9GFL2t3J4,0,0,0,0,
1db7ec043f284eaea0bd2213ecce2bad,353,23379,149,106,769,https://www.youtube.com/watch?v=CUtBg8tLngQ,149,106,769,https://www.youtube.com/watch?v=CUtBg8tLngQ,0,0,0,,0,0,0,0,
4fc02db3aab84e6cb526c02405d18c6e,351,17725,0,0,0,,0,0,0,,0,0,0,,147,0,0,0,
095d5621db8b44ed914d81f9e1183673,350,14902,224,155,303,https://www.youtube.com/watch?v=I-Rk6fAlP9c,224,155,303,https://www.youtube.com/watch?v=I-Rk6fAlP9c,0,0,0,,26,0,0,0,
7ee1b473a5584a1a85973acfa45e0e1d,349,9913,0,0,0,,0,0,0,,0,0,0,,0,0,0,0,
f24626ac0ce34975a3b3fd6d8455f4f7,347,8144,0,0,0,,0,0,0,,0,0,0,,182,0,0,0,
22a21c1a529f4817b8790629d8b4590f,347,75959,183,43,183,https://www.youtube.com/watch?v=npclOJYqzRA,0,0,0,,183,43,183,https://www.youtube.com/watch?v=npclOJYqzRA,104,0,0,0,
aac7be72efc74efe9e77148fd4af7151,347,17921,90,35,579,https://www.youtube.com/watch?v=T0mqR79rfw4,90,35,579,https://www.youtube.com/watch?v=T0mqR79rfw4,0,0,0,,0,0,0,0,
6e56882f3f8e4911b8b67316f1265808,346,84201,0,0,0,,0,0,0,,0,0,0,,162,0,0,0,
985e64cecc24401290c08cb7e2f4ef50,345,13717,60,24,60,https://www.youtube.com/watch?v=uieAa9Kv2iI,0,0,0,,60,24,60,https://www.youtube.com/watch?v=uieAa9Kv2iI,2113,121,89,870,https://www.twitch.tv/videos/2889340840
6391e2693fa6464d83fdf5d136596bb0,341,22697,72,39,187,https://www.youtube.com/watch?v=zF4Gbjfd4DQ,79,45,187,https://www.youtube.com/watch?v=zF4Gbjfd4DQ,52,20,65,https://www.youtube.com/watch?v=ZuwXGx0n0E8,0,0,0,0,
9a13461ec0e644ceb6e86381ca41d33a,340,41266,1065,239,1065,https://www.youtube.com/watch?v=q1D9-I1yeL4,0,0,0,,1065,239,1065,https://www.youtube.com/watch?v=q1D9-I1yeL4,1381,0,0,0,
513c300c8af04b8a84d18f665b66481f,339,40425,0,0,0,,0,0,0,,0,0,0,,0,0,0,0,
73755322c8e74479864369766f924be1,339,19205,0,0,0,,0,0,0,,0,0,0,,4893,0,0,0,
9eb1907910c148d980f8b8c0c84f4d26,338,13395,643,320,2952,https://www.youtube.com/watch?v=Tu349H4LknU,1003,810,2952,https://www.youtube.com/watch?v=Tu349H4LknU,370,106,1429,https://www.youtube.com/watch?v=7TUGaaYZsK8,325,167,123,179,https://www.twitch.tv/videos/2890766857
71f86178cf8545658c5c836c868a3646,338,7194,7,0,32,https://www.youtube.com/watch?v=IK4MbSUfR-A,0,0,0,,7,0,32,https://www.youtube.com/watch?v=IK4MbSUfR-A,1446,977,720,977,https://www.twitch.tv/videos/2884447346
92b3889a0c304d8fb9eed110bb82c60c,336,18050,0,0,0,,0,0,0,,0,0,0,,0,0,0,0,
d8520b0d7b424141bf19b3254d264960,336,8739,0,0,0,,0,0,0,,0,0,0,,0,0,0,0,
8fe313c8e0704a29a7a387b47c4f938b,335,11575,216,145,216,https://www.youtube.com/watch?v=BkwRwFfmuuU,216,145,216,https://www.youtube.com/watch?v=BkwRwFfmuuU,0,0,0,,0,0,0,0,
82af75b290f44cd8b9a97bc5addaaf58,335,9052,236,171,236,https://www.youtube.com/watch?v=LFMpLYX8_o0,236,171,236,https://www.youtube.com/watch?v=LFMpLYX8_o0,0,0,0,,136,0,0,0,
5c3ea93753724a63b32071a7a580af7b,335,42143,9,3,118,https://www.youtube.com/watch?v=BSo22E_7jF4,0,0,0,,9,3,118,https://www.youtube.com/watch?v=BSo22E_7jF4,1752,19,14,28,https://www.twitch.tv/videos/2880861928
8c1fe8acf675446ebb2fd046e6396983,335,43116,109,29,1313,https://www.youtube.com/watch?v=YQQZZ4nf8ek,37,22,116,https://www.youtube.com/watch?v=6kgvDyQquVY,1057,568,1313,https://www.youtube.com/watch?v=YQQZZ4nf8ek,283,20,14,27,https://www.twitch.tv/videos/2889756505
389bd53524c74c44a32d72279b288b17,334,2916,0,0,0,,0,0,0,,0,0,0,,0,0,0,0,
2e05bf5968cf4b3789a1316f5b05d857,333,67452,0,0,0,,0,0,0,,0,0,0,,0,0,0,0,
85340d14d5654ac3b28b39b007a7dea7,333,18473,69,36,148,https://www.youtube.com/watch?v=XtMXhxzFpgY,69,36,148,https://www.youtube.com/watch?v=XtMXhxzFpgY,0,0,0,,0,0,0,0,
ccf55e42124c46ab828b188fc8c4f947,331,60033,407,315,2008,https://www.youtube.com/watch?v=X_9h_EXULao,0,0,0,,407,315,2008,https://www.youtube.com/watch?v=X_9h_EXULao,879,163,93,412,https://www.twitch.tv/videos/2873782958
debdcce813bc48478ac33a0c39f05999,331,7834,159,75,391,https://www.youtube.com/watch?v=3fkeOXS-2AM,159,75,391,https://www.youtube.com/watch?v=3fkeOXS-2AM,0,0,0,,9,0,0,0,
c4268d9874b14b3282613fa11102ce4b,331,25688,111,51,303,https://www.youtube.com/watch?v=uh9F9QENVok,111,51,303,https://www.youtube.com/watch?v=uh9F9QENVok,0,0,0,,383,45,37,73,https://www.twitch.tv/videos/2884863284
2af109d54b1c49968b572aa2b59664ab,331,13198,135,23,186,https://www.youtube.com/watch?v=pG7YJXUTckI,135,23,186,https://www.youtube.com/watch?v=pG7YJXUTckI,0,0,0,,0,0,0,0,
ca4210c7562b479cb3af76082fb70fcd,330,6053,0,0,0,,0,0,0,,0,0,0,,3664,720,460,1093,https://www.twitch.tv/videos/2880598793
5cbb7048a694444ea3a414396d9ae55d,330,63761,658,222,1249,https://www.youtube.com/watch?v=bDpCdAaiTTA,742,158,1184,https://www.youtube.com/watch?v=DZ3wbjotaks,646,274,1249,https://www.youtube.com/watch?v=bDpCdAaiTTA,0,0,0,0,
b6cc2e3d23f34ba8bbeba181d19a714c,330,6739,0,0,0,,0,0,0,,0,0,0,,4751,705,298,1579,https://www.twitch.tv/videos/2868538702
5ae7e41f9b9a420d9217a0b2c6755f52,330,3689,0,0,0,,0,0,0,,0,0,0,,0,0,0,0,
3083d2b8192843958b2852553cb3bc70,330,2798,0,0,0,,0,0,0,,0,0,0,,462,84,69,88,https://www.twitch.tv/videos/2889728202
68fd874932e3457989d88d4f7f474260,330,21613,122,47,268,https://www.youtube.com/watch?v=uVtoJItMXo4,131,46,268,https://www.youtube.com/watch?v=uVtoJItMXo4,52,48,52,https://www.youtube.com/watch?v=NqSj296ZVZ0,161,61,34,92,https://www.twitch.tv/videos/2887875751
803435ca691f43a4b02360926fee23d1,329,15892,336,201,401,https://www.youtube.com/watch?v=q4LsBaL6Y88,336,201,401,https://www.youtube.com/watch?v=q4LsBaL6Y88,0,0,0,,1538,99,87,128,https://www.twitch.tv/videos/2888730408
46e65e217ca84bbf8d43b67c3e5a9d90,328,24062,4,0,34,https://www.youtube.com/watch?v=12Z6GzodAYk,0,0,0,,4,0,34,https://www.youtube.com/watch?v=12Z6GzodAYk,237,0,0,0,
9add5efb4665440e8e021a9c3ced6095,328,27268,236,59,1373,https://www.youtube.com/watch?v=OIvDBPNw7Lk,0,0,0,,236,59,1373,https://www.youtube.com/watch?v=OIvDBPNw7Lk,0,0,0,0,
876c11fba4af4235857127b9af87093e,326,17195,0,0,0,,0,0,0,,0,0,0,,0,0,0,0,
8edfda91088642ffabf3b24e079eb039,325,24047,157,82,950,https://www.youtube.com/watch?v=-PcEYm8ij8c,488,142,950,https://www.youtube.com/watch?v=-PcEYm8ij8c,77,70,458,https://www.youtube.com/watch?v=BGvjr98fxPE,0,0,0,0,
cbb0ea239d8e4f65a46ada52dfb778e3,324,7300,0,0,0,,0,0,0,,0,0,0,,726,356,254,599,https://www.twitch.tv/videos/2882763589
348b76fa1b194d3d8aa28b17abe8b153,321,1602,95,91,95,https://www.youtube.com/watch?v=IrYgGhIxd9M,95,91,95,https://www.youtube.com/watch?v=IrYgGhIxd9M,0,0,0,,0,0,0,0,
4fb207a1a5cb4e27a5774b657ae3f0ee,321,11373,326,69,1100,https://www.youtube.com/watch?v=S6J375wwd_c,83,46,83,https://www.youtube.com/watch?v=UP_2YKj8kkc,508,71,1100,https://www.youtube.com/watch?v=S6J375wwd_c,0,0,0,0,
8a8a1d0901c04d568be19e2d8bbc9ca1,321,34854,0,0,0,,0,0,0,,0,0,0,,0,0,0,0,
d859857097fe4e9d90a2d840c0e7fca1,321,20748,0,0,0,,0,0,0,,0,0,0,,247,0,0,0,
0f5e3935971449daa91b654886313110,320,0,0,0,0,,0,0,0,,0,0,0,,2254,0,0,0,
ca161c4e0ef54cd4a311705625caf164,320,11696,0,0,0,,0,0,0,,0,0,0,,2204,0,0,0,
f8134b804ccc4123b789e93baa013c7d,319,4746,405,173,610,https://www.youtube.com/watch?v=zxKdMpzvKR0,397,166,578,https://www.youtube.com/watch?v=FMbTos_cbg8,610,370,610,https://www.youtube.com/watch?v=zxKdMpzvKR0,0,0,0,0,
e32b6351f1684034955171b93b1c5e63,319,0,0,0,0,,0,0,0,,0,0,0,,1806,0,0,0,
33cabb57d2454dfdbdf7453c54429940,318,143633,911,124,965,https://www.youtube.com/watch?v=VEuXjMUAKd0,0,0,0,,911,124,965,https://www.youtube.com/watch?v=VEuXjMUAKd0,821,89,61,160,https://www.twitch.tv/videos/2890579744
e94e1e38a611403192e4db197c2d9d91,317,7097,0,0,0,,0,0,0,,0,0,0,,0,0,0,0,
d39563dd7adf452989791068eaf4524e,316,6961,0,0,0,,0,0,0,,0,0,0,,0,0,0,0,
b09373e11cc74ed4b58440b9d7368172,315,25788,125,59,183,https://www.youtube.com/watch?v=LukPCTsuJ84,125,59,183,https://www.youtube.com/watch?v=LukPCTsuJ84,0,0,0,,0,0,0,0,
9abd60c00f0f412b978a2398b13ac4e8,315,38189,104,50,114,https://www.youtube.com/watch?v=yORgOhVr8xY,109,51,114,https://www.youtube.com/watch?v=yORgOhVr8xY,36,13,36,https://www.youtube.com/watch?v=tfME0amyyvw,0,0,0,0,
d88c3cbdb65940e69a3feb152dc93d6d,315,1077,0,0,0,,0,0,0,,0,0,0,,474,0,0,0,
eabec2cff9fb48cdb79965d77a56f47d,313,21811,246,46,287,https://www.youtube.com/watch?v=Px_7-6IJwxQ,246,46,287,https://www.youtube.com/watch?v=Px_7-6IJwxQ,0,0,0,,0,0,0,0,
aae348caede446649e2ef8b15536119c,313,12028,274,157,478,https://www.youtube.com/watch?v=nuVFBjnAxH0,274,192,478,https://www.youtube.com/watch?v=nuVFBjnAxH0,276,98,399,https://www.youtube.com/watch?v=UkV_EPnqmmw,21,0,0,0,
4e4cbcbc0acf410ea5a50e4a6bbafd01,312,4255,23,4,85,https://www.youtube.com/watch?v=3lntfpsLgYg,0,0,0,,23,4,85,https://www.youtube.com/watch?v=3lntfpsLgYg,2908,579,251,933,https://www.twitch.tv/videos/2867487003
04e61f47cdf542c7b5a3b3ae569fc021,311,3084,0,0,0,,0,0,0,,0,0,0,,878,0,0,0,
6cdaf0b035d04e3794a5accd5ed8b08f,311,2507,282,117,421,https://www.youtube.com/watch?v=SHIsNgl9tNw,0,0,0,,282,117,421,https://www.youtube.com/watch?v=SHIsNgl9tNw,0,0,0,0,
79f4c64bde584997bf6ad38afd44b51d,310,22723,0,0,0,,0,0,0,,0,0,0,,182,8,7,31,https://www.twitch.tv/videos/2882588805
2e7fa2f9a4ba4ca6a0ea1397839aafca,307,12601,148,49,207,https://www.youtube.com/watch?v=M9kvud1rdUk,148,49,207,https://www.youtube.com/watch?v=M9kvud1rdUk,0,0,0,,0,0,0,0,
e773129f910c4bd182f3b702c9ec1b55,306,11137,0,0,0,,0,0,0,,0,0,0,,0,0,0,0,
72ee59fb29644f8b88a4dd3d7e91fe39,305,10518,0,0,0,,0,0,0,,0,0,0,,0,0,0,0,
df6443487ffb4142aea2b053b4aa8db7,305,50617,30,27,49,https://www.youtube.com/watch?v=zo47DtLSZUY,0,0,0,,30,27,49,https://www.youtube.com/watch?v=zo47DtLSZUY,1820,185,156,541,https://www.twitch.tv/videos/2880821512
e6373c7f689c44f8971ca0f83c817789,304,2961,45,21,228,https://www.youtube.com/watch?v=8-gAoV_RMs4,48,26,228,https://www.youtube.com/watch?v=8-gAoV_RMs4,17,14,25,https://www.youtube.com/watch?v=y9lgXC_4ZnM,244,18,15,33,https://www.twitch.tv/videos/2887163441
05d19eac5d22427f916e6fa59bf17b3b,303,88796,3,2,90,https://www.youtube.com/watch?v=rr9hYwQonQQ,68,64,68,https://www.youtube.com/watch?v=ohM-W8T-hYU,3,2,90,https://www.youtube.com/watch?v=rr9hYwQonQQ,2584,242,140,383,https://www.twitch.tv/videos/2889415745
75eb49d99170441ab784d7bec7378d21,302,16497,244,151,617,https://www.youtube.com/watch?v=9m8YllQLROo,261,152,617,https://www.youtube.com/watch?v=9m8YllQLROo,41,22,62,https://www.youtube.com/watch?v=GvqZz8RQ4yw,1425,46,35,237,https://www.twitch.tv/videos/2886171925
dfa5fefa546a40d5a677ddfff02ff3e1,302,18464,0,0,0,,0,0,0,,0,0,0,,781,48,43,48,https://www.twitch.tv/videos/2888763537
c9f9ff24ef184b29a58c616412f1dbbc,301,6100,88,65,94,https://www.youtube.com/watch?v=nCfldIVonpY,88,65,94,https://www.youtube.com/watch?v=nCfldIVonpY,0,0,0,,0,0,0,0,
8ae87582ab1e4b31bfd38310afda77bd,300,3933,0,0,0,,0,0,0,,0,0,0,,1367,0,0,0,
1895ef1f232d454aa6c18ca7812c794c,300,4636,0,0,0,,0,0,0,,0,0,0,,27,0,0,0,
2b1ef81172474b6b8409100be2f30da7,299,5086,35,9,98,https://www.youtube.com/watch?v=TEKg9UAVdr0,0,0,0,,35,9,98,https://www.youtube.com/watch?v=TEKg9UAVdr0,2724,2334,1359,3386,https://www.twitch.tv/videos/2879286141
1c7f2a409f0b4c39aab0400d51fbe93d,299,32256,510,170,1082,https://www.youtube.com/watch?v=_ueySVraSb0,510,181,1082,https://www.youtube.com/watch?v=_ueySVraSb0,86,20,86,https://www.youtube.com/watch?v=roX0gQhr1kg,0,0,0,0,
25619abc5e0d4f79839e48d83234eaf8,299,8075,86,32,160,https://www.youtube.com/watch?v=3yQTDS_rn9E,86,32,160,https://www.youtube.com/watch?v=3yQTDS_rn9E,71,30,86,https://www.youtube.com/watch?v=PIH1U3G53cQ,764,29,26,148,https://www.twitch.tv/videos/2890406287
d09b9f800b7940deb1f8a2b58a302f07,298,4305,0,0,0,,0,0,0,,0,0,0,,4287,530,436,978,https://www.twitch.tv/videos/2888915208
a13421f0201540ecaccd5c207b15c425,298,17358,174,22,222,https://www.youtube.com/watch?v=nrGO6ZnBxxs,174,22,222,https://www.youtube.com/watch?v=nrGO6ZnBxxs,0,0,0,,0,0,0,0,
3e7f5f5e829e4d4baca2a8a5916d60e4,298,3442,0,0,0,,0,0,0,,0,0,0,,3203,1179,953,1729,https://www.twitch.tv/videos/2885441902
a4a9cd639c7546538ee9635b9a14989d,298,16562,0,0,0,,0,0,0,,0,0,0,,0,0,0,0,
a3afce163c9341c992f526816d9d5440,297,16137,260,156,1866,https://www.youtube.com/watch?v=z1xzR0hZFTU,266,156,1866,https://www.youtube.com/watch?v=z1xzR0hZFTU,139,110,256,https://www.youtube.com/watch?v=Pz1pWCZWAyM,108,0,0,0,
15c82034235748649547ada64817a6d1,296,35301,1234,433,1406,https://www.youtube.com/watch?v=7c5PpzudF_k,0,0,0,,1234,433,1406,https://www.youtube.com/watch?v=7c5PpzudF_k,3733,192,119,394,https://www.twitch.tv/videos/2887235448
2d2dc667f7a9488092e67b0475dc3774,296,2814,0,0,0,,0,0,0,,0,0,0,,207,0,0,0,
964a0dde279c45ea85ffc6ad5d266206,296,11158,0,0,0,,0,0,0,,0,0,0,,1093,0,0,0,
f3757b8d656f48749cada897ce597abc,296,7994,0,0,0,,0,0,0,,0,0,0,,0,0,0,0,
f4935cf7bbb94ae88202ee7ab6d6b92b,292,0,0,0,0,,0,0,0,,0,0,0,,51,0,0,0,
479b23215fd84e0387e4f95c8bdfb127,292,117957,0,0,0,,0,0,0,,0,0,0,,0,0,0,0,
d3a0a421fd184f9fa51856096d01e85b,290,17105,0,0,0,,0,0,0,,0,0,0,,0,0,0,0,
ad94d8048eb443248e4f2161201a938d,286,15382,471,258,1277,https://www.youtube.com/watch?v=-f2zyZSnTNI,0,0,0,,471,258,1277,https://www.youtube.com/watch?v=-f2zyZSnTNI,22,0,0,0,
be1bfb3aafb34118808fd5a5c059ffaf,286,28485,0,0,0,,0,0,0,,0,0,0,,487,0,0,0,
105f7890339346329ab408f423f617c3,286,16239,0,0,0,,0,0,0,,0,0,0,,5009,1101,522,3029,https://www.twitch.tv/videos/2880504085
5f044942071146cb9ec4b760458a662e,286,0,0,0,0,,0,0,0,,0,0,0,,949,113,92,277,https://www.twitch.tv/videos/2879074980
e53a8beabf5c492388d3352d57dc2bf9,283,6924,100,98,100,https://www.youtube.com/watch?v=bn_cZi51OBA,100,98,100,https://www.youtube.com/watch?v=bn_cZi51OBA,0,0,0,,0,0,0,0,
4cebb92683d548089e998ec18a484930,283,13616,90,21,90,https://www.youtube.com/watch?v=9s3Lm4ApMQ4,90,21,90,https://www.youtube.com/watch?v=9s3Lm4ApMQ4,0,0,0,,0,0,0,0,
1618171723d84cbe8b57cd69fa6f477f,282,38791,0,0,0,,0,0,0,,0,0,0,,749,0,0,0,
7badd33c853240e280db61899f381ff2,282,11271,0,0,0,,0,0,0,,0,0,0,,421,0,0,0,
d2437a12d8e54e858d2bdfa6d4053a9a,282,13930,108,36,309,https://www.youtube.com/watch?v=el0Ewcp34Pk,108,36,309,https://www.youtube.com/watch?v=el0Ewcp34Pk,0,0,0,,254,85,52,139,https://www.twitch.tv/videos/2878950841
67b3f32472774d3191ecfea12f60a990,281,13554,271,133,537,https://www.youtube.com/watch?v=LWGGTOepros,271,133,537,https://www.youtube.com/watch?v=LWGGTOepros,0,0,0,,124,6,5,30,https://www.twitch.tv/videos/2885415683
d2e2645a97a14ce4b58a7884c0e6ec56,281,27358,0,0,0,,0,0,0,,0,0,0,,1304,94,81,139,https://www.twitch.tv/videos/2883960066
b7155dea3cdc452e9f77df41ccca17bd,281,1339,0,0,0,,0,0,0,,0,0,0,,484,0,0,0,
f40e7d4c2b8b4ea89a6cd017303ca5c0,280,1635,0,0,0,,0,0,0,,0,0,0,,618,99,57,217,https://www.twitch.tv/videos/2888056971
6fa20242354646ad8e8feea8d52e514e,278,6806,0,0,0,,0,0,0,,0,0,0,,0,0,0,0,
1fa9ddce23964bab8edddf7f18dad2f3,278,17547,0,0,0,,0,0,0,,0,0,0,,1714,165,115,213,https://www.twitch.tv/videos/2885562350
94ca3090942d4ca38a71b8f1b65c7343,277,18242,78,39,78,https://www.youtube.com/watch?v=XyqFL00De9E,78,39,78,https://www.youtube.com/watch?v=XyqFL00De9E,0,0,0,,184,0,0,0,
279a45d6a8f9445389b9b8cdbcb72ae8,277,25606,0,0,0,,0,0,0,,0,0,0,,294,0,0,0,
cabc3ddcf7ad46ef9acb4b0951f9b2ba,276,30282,1,0,53,https://www.youtube.com/watch?v=pF6w49bpK9E,0,0,0,,1,0,53,https://www.youtube.com/watch?v=pF6w49bpK9E,1341,190,138,269,https://www.twitch.tv/videos/2890806104
33f8f83054e3473d9c8c5e1a3c8e1008,276,9032,0,0,0,,0,0,0,,0,0,0,,0,0,0,0,
8ad7e8cd45e040f797cf2f1fa9d68976,275,14745,105,56,413,https://www.youtube.com/watch?v=JZkHEKPy3lY,105,56,413,https://www.youtube.com/watch?v=JZkHEKPy3lY,0,0,0,,0,0,0,0,
de5f8aaf92814bb79eb91adb0efc8f1d,275,16476,77,26,164,https://www.youtube.com/watch?v=6mCBxSfhXU4,77,26,164,https://www.youtube.com/watch?v=6mCBxSfhXU4,0,0,0,,0,0,0,0,
a16471805f7f44f88237b42c79b9f3a2,275,12110,0,0,0,,0,0,0,,0,0,0,,0,0,0,0,
7a184a9a63cd425a9319691e20e3b148,275,5155,591,174,739,https://www.youtube.com/watch?v=4drnUEx7Ymw,507,155,739,https://www.youtube.com/watch?v=4drnUEx7Ymw,672,206,672,https://www.youtube.com/watch?v=9ig8xjZT2Wk,107,127,96,213,https://www.twitch.tv/videos/2879090444
c91577ba12cd45deb9c8e5c666c290be,273,99437,242,67,756,https://www.youtube.com/watch?v=xYr3_gajwnw,284,73,756,https://www.youtube.com/watch?v=xYr3_gajwnw,58,54,58,https://www.youtube.com/watch?v=6YqD8AY18rU,0,0,0,0,
f72fb9eab9a84db5ba139131d59bdd02,272,41174,0,0,0,,0,0,0,,0,0,0,,474,45,36,68,https://www.twitch.tv/videos/2882735771
1d9db35aa47c4d2d8bea3fb94afbd1b9,272,12525,114,58,257,https://www.youtube.com/watch?v=LdUTPuGkd_o,106,63,202,https://www.youtube.com/watch?v=ZuZtlLJ5bck,152,53,257,https://www.youtube.com/watch?v=LdUTPuGkd_o,0,0,0,0,
0d07fb89672446c3b4a1682131f96f7b,271,23426,107,34,119,https://www.youtube.com/watch?v=aZRrJZLTN38,107,34,119,https://www.youtube.com/watch?v=aZRrJZLTN38,0,0,0,,0,0,0,0,
67252692b4f64f509af6eacffdeafdf9,270,28701,0,0,0,,0,0,0,,0,0,0,,0,0,0,0,
a6a155230538488e8488f01160598837,269,17066,0,0,0,,0,0,0,,0,0,0,,0,0,0,0,
03e9bea117bd4b5ba189b48f1617d9bb,268,7805,0,0,0,,0,0,0,,0,0,0,,0,0,0,0,
1e62a729ec51448aa89d22adde18b214,268,52734,63,24,847,https://www.youtube.com/watch?v=oSpNJDx4DUA,615,231,847,https://www.youtube.com/watch?v=oSpNJDx4DUA,48,16,78,https://www.youtube.com/watch?v=ZvjPDWEyX8Q,0,0,0,0,
0c05eca1975b40b3a0b54d3dfd61055d,268,47846,107,49,470,https://www.youtube.com/watch?v=7nqs4Jn6noU,0,0,0,,107,49,470,https://www.youtube.com/watch?v=7nqs4Jn6noU,2643,103,83,179,https://www.twitch.tv/videos/2883563896
fbd0d260a09c47b1a9dcc73fd41e7eca,265,3917,0,0,0,,0,0,0,,0,0,0,,6456,126,97,176,https://www.twitch.tv/videos/2888075406
a76d4171e74448fd9d1a6eaf183be3ff,262,15697,377,139,377,https://www.youtube.com/watch?v=pKrayFd8mLI,0,0,0,,377,139,377,https://www.youtube.com/watch?v=pKrayFd8mLI,849,0,0,0,
f7758d944fd8438a86bfe1235c7bcd17,261,15715,2,1,2,https://www.youtube.com/watch?v=bq7Fid6oe_o,0,0,0,,2,1,2,https://www.youtube.com/watch?v=bq7Fid6oe_o,629,0,0,0,
a3452262e11348c88afea4031b0323a8,258,22756,6,2,23,https://www.youtube.com/watch?v=xPKSRsVZl44,0,0,0,,6,2,23,https://www.youtube.com/watch?v=xPKSRsVZl44,571,0,0,0,
69af139be1d3454c91192d9153e5bb65,257,49068,67,32,190,https://www.youtube.com/watch?v=Koi0y5ox0yg,0,0,0,,67,32,190,https://www.youtube.com/watch?v=Koi0y5ox0yg,838,193,133,362,https://www.twitch.tv/videos/2883242256
47cd428eee8640cb80afaa4ef9bb55e0,257,18521,227,138,287,https://www.youtube.com/watch?v=dr2gpKaxuvI,227,138,287,https://www.youtube.com/watch?v=dr2gpKaxuvI,0,0,0,,1708,185,160,247,https://www.twitch.tv/videos/2882687032
7c96bbca1c184d70a39ef2a65a0d788c,255,0,0,0,0,,0,0,0,,0,0,0,,579,0,0,0,
cd0b2f63c88e4b4abd5b83296a5d7866,255,3772,0,0,0,,0,0,0,,0,0,0,,3598,0,0,0,
3a44da0674144e61bff60415cc09a678,254,7670,15,8,22,https://www.youtube.com/watch?v=dBWsSHixwyA,15,8,22,https://www.youtube.com/watch?v=dBWsSHixwyA,0,0,0,,0,0,0,0,
2ff6c25f8e5943d2ac0a6a006f5784c3,254,2476,0,0,0,,0,0,0,,0,0,0,,1584,0,0,0,
0e516fd1e97a4c58bad3afb6469748d4,249,3428,0,0,0,,0,0,0,,0,0,0,,566,0,0,0,
5d23e69300534fe6aa678d75573381ea,248,2241,0,0,0,,0,0,0,,0,0,0,,0,0,0,0,
d46a06f4c654403e8b6376f7eda6f6ba,248,12583,231,106,1078,https://www.youtube.com/watch?v=WBflokHsjmY,466,306,1078,https://www.youtube.com/watch?v=WBflokHsjmY,86,79,242,https://www.youtube.com/watch?v=nIZfTEMRX1U,0,0,0,0,
68671ee09add4d87b8038acebc5b48a4,247,20824,632,182,1817,https://www.youtube.com/watch?v=nbBo1bfDcMk,0,0,0,,632,182,1817,https://www.youtube.com/watch?v=nbBo1bfDcMk,1133,116,96,233,https://www.twitch.tv/videos/2886321529
90a8ac8d7653460298ba85cb7e4d3bc9,246,3366,0,0,0,,0,0,0,,0,0,0,,55,0,0,0,
463e3994840145618264d41fa3eaf344,243,18171,191,95,500,https://www.youtube.com/watch?v=-KVxFUqhp40,191,112,500,https://www.youtube.com/watch?v=-KVxFUqhp40,87,29,87,https://www.youtube.com/watch?v=GTH1FaZbSfU,0,0,0,0,
451cf387126b426a89e3db63676c84b0,243,40873,658,145,1810,https://www.youtube.com/watch?v=HEz_wRLsLRM,658,145,1810,https://www.youtube.com/watch?v=HEz_wRLsLRM,0,0,0,,0,0,0,0,
777608b04fa74a42975497f6273ed6f9,243,12826,8,3,115,https://www.youtube.com/watch?v=rAEiGeLLYFM,0,0,0,,8,3,115,https://www.youtube.com/watch?v=rAEiGeLLYFM,3122,616,538,1263,https://www.twitch.tv/videos/2884412833
4761f02fc96244dfa816e1333a2a11b2,241,1987,215,11,353,https://www.youtube.com/watch?v=wXQ6yVpMz-c,215,11,353,https://www.youtube.com/watch?v=wXQ6yVpMz-c,0,0,0,,0,0,0,0,
3e86fddd8145474691e77ba761a6b2a5,241,37863,0,0,0,,0,0,0,,0,0,0,,1056,0,0,0,
e7ac18c2e713426692cfd0ef7fe2b897,241,0,0,0,0,,0,0,0,,0,0,0,,148,11,7,11,https://www.twitch.tv/videos/2882714814
1ccf3d7852d34137b9cc70343dcc41bf,239,110082,0,0,0,,0,0,0,,0,0,0,,111,0,0,0,
d198a42f93d84e9ca061a72243d142cc,239,118178,0,0,0,,0,0,0,,0,0,0,,550,51,45,51,https://www.twitch.tv/videos/2888736202
5aca9ae61bba473b96998fee811d155e,237,42284,351,145,363,https://www.youtube.com/watch?v=DtIdOhG10Ic,0,0,0,,351,145,363,https://www.youtube.com/watch?v=DtIdOhG10Ic,0,0,0,0,
71da2daf84a546c39399adf6ca44aac1,237,22193,198,58,678,https://www.youtube.com/watch?v=YbXVq6bIX3o,198,58,678,https://www.youtube.com/watch?v=YbXVq6bIX3o,0,0,0,,375,36,22,85,https://www.twitch.tv/videos/2890703932
d8b5835bc6aa46119cc7ddd4447e780f,236,36554,0,0,0,,0,0,0,,0,0,0,,2039,82,66,231,https://www.twitch.tv/videos/2889571311
9b37ec730a37424799c01f1bb2fa829c,235,12944,210,97,474,https://www.youtube.com/watch?v=kG8Q5Iv4PFQ,210,97,474,https://www.youtube.com/watch?v=kG8Q5Iv4PFQ,272,125,410,https://www.youtube.com/watch?v=hW98AwAXePg,0,0,0,0,
d4bd6ed12ee746a8978434ee5b14dd27,234,65023,6,2,1244,https://www.youtube.com/watch?v=PVXiVQwdMOk,0,0,0,,6,2,1244,https://www.youtube.com/watch?v=PVXiVQwdMOk,555,46,28,67,https://www.twitch.tv/videos/2890519736
dc27d7819dac471f907e0ace5131580f,234,6001,0,0,0,,0,0,0,,0,0,0,,1488,271,150,319,https://www.twitch.tv/videos/2877725015
aad41e66df77481baac0825033d81487,234,61923,973,559,1249,https://www.youtube.com/watch?v=bc38SVRLJ6Q,0,0,0,,973,559,1249,https://www.youtube.com/watch?v=bc38SVRLJ6Q,0,0,0,0,
25b5885afcdc4430be0d822464ccff91,234,3723,0,0,0,,0,0,0,,0,0,0,,345,15,14,16,https://www.twitch.tv/videos/2890613351
1d0201167f5445e8b410a8f311e54133,233,28955,419,196,815,https://www.youtube.com/watch?v=ZFA0dOCa1TA,0,0,0,,419,196,815,https://www.youtube.com/watch?v=ZFA0dOCa1TA,159,0,0,0,
af89613e72874e219c00ab0c89b6c641,233,53919,64,41,124,https://www.youtube.com/watch?v=Ow-Tt6qgcC8,64,41,124,https://www.youtube.com/watch?v=Ow-Tt6qgcC8,0,0,0,,11,0,0,0,
fdbcdd7db6b04ed4b2336b1b3da66564,230,20692,0,0,0,,0,0,0,,0,0,0,,433,140,107,302,https://www.twitch.tv/videos/2887999911
bf6401d2159c40a8a616defa8c2c4a66,230,25620,0,0,0,,0,0,0,,0,0,0,,817,0,0,0,
7bebabbe96a34368aa03da163e3da313,230,30449,102,58,148,https://www.youtube.com/watch?v=ZU_PTgavRvs,102,58,148,https://www.youtube.com/watch?v=ZU_PTgavRvs,0,0,0,,0,0,0,0,
c274c90379ca4e57a79251976cda3e54,230,8988,0,0,0,,0,0,0,,0,0,0,,318,0,0,0,
11452593b92b45dcbbf804ddc2a513f8,230,54377,8096,1604,14935,https://www.youtube.com/watch?v=sOgYvQ82koY,0,0,0,,8096,1604,14935,https://www.youtube.com/watch?v=sOgYvQ82koY,0,0,0,0,
42d2b255295b468dafe439394130ae11,230,12407,0,0,0,,0,0,0,,0,0,0,,942,0,0,0,
b26f99bf43154619ba4d4a588a9da3ce,229,36719,956,512,1668,https://www.youtube.com/watch?v=3V6bwB-b4ZI,948,427,1668,https://www.youtube.com/watch?v=3V6bwB-b4ZI,1161,810,1433,https://www.youtube.com/watch?v=6fpX41yDoc4,0,0,0,0,
74d00f89697a43e6801463c71fb37172,226,31389,324,242,787,https://www.youtube.com/watch?v=3YSw2Cxp3NQ,324,242,787,https://www.youtube.com/watch?v=3YSw2Cxp3NQ,0,0,0,,90,157,109,211,https://www.twitch.tv/videos/2883257609
afec285390344f2a966c2c39c1e6984d,226,0,0,0,0,,0,0,0,,0,0,0,,0,0,0,0,
98619914a2eb4b07bd6bc0a02066e455,225,5751,0,0,0,,0,0,0,,0,0,0,,1360,155,131,297,https://www.twitch.tv/videos/2887988570
a0b5f8b54a534dfcb66154002e97e4cc,224,0,0,0,0,,0,0,0,,0,0,0,,155,0,0,0,
af82ee4712aa4d6c9c4100591a8a3163,223,3246,0,0,0,,0,0,0,,0,0,0,,633,228,128,228,https://www.twitch.tv/videos/2880007138
d564dc69725f4258b8b08d8d5df285a8,223,10842,36,20,428,https://www.youtube.com/watch?v=ypuqkHRB-2c,15,14,203,https://www.youtube.com/watch?v=-wUdg7neuxM,121,43,428,https://www.youtube.com/watch?v=ypuqkHRB-2c,75,5,4,7,https://www.twitch.tv/videos/2885421639
156aba6fe34b4d648a3fd210550963c7,223,1042,0,0,0,,0,0,0,,0,0,0,,92,0,0,0,
08d8f03223a54fb3807d49fb7c30b434,222,16988,300,138,693,https://www.youtube.com/watch?v=H-R99hcQiYI,300,138,693,https://www.youtube.com/watch?v=H-R99hcQiYI,0,0,0,,117,0,0,0,
de8c5ca15afd4534a822e5a1a9c2784e,221,3272,866,575,907,https://www.youtube.com/watch?v=AQBZQtq0J3w,0,0,0,,866,575,907,https://www.youtube.com/watch?v=AQBZQtq0J3w,2287,245,180,794,https://www.twitch.tv/videos/2886381797
52d8a731a7634e529ba986ae40ce6526,220,17647,0,0,0,,0,0,0,,0,0,0,,895,0,0,0,
d8fa0fb407c043cb9b65ab66c2221e8d,219,70565,1,0,4,https://www.youtube.com/watch?v=p2lY_1eWJl4,0,0,0,,1,0,4,https://www.youtube.com/watch?v=p2lY_1eWJl4,2264,36,25,83,https://www.twitch.tv/videos/2885499510
699b0baa82d0413aa073155683edcd56,218,9711,13,4,1332,https://www.youtube.com/watch?v=M7WLZpwKzHA,0,0,0,,13,4,1332,https://www.youtube.com/watch?v=M7WLZpwKzHA,2217,109,95,125,https://www.twitch.tv/videos/2888925284
3986345f7cae4fc5ba3b7fd3a8dceba0,218,1026,0,0,0,,0,0,0,,0,0,0,,1201,0,0,0,
c56801a52568414ca54724a3c24c3417,217,19933,0,0,0,,0,0,0,,0,0,0,,2205,0,0,0,
12479712313d4ddda715483e1f93ee9d,216,4490,0,0,0,,0,0,0,,0,0,0,,0,0,0,0,
3dc59c2e8b424c9e812fb48048ebdef8,214,7743,4,1,120,https://www.youtube.com/watch?v=fpz1Ahl0BDY,0,0,0,,4,1,120,https://www.youtube.com/watch?v=fpz1Ahl0BDY,1546,62,40,163,https://www.twitch.tv/videos/2882709189
47d591738d2449a496e7ce140b539662,214,805,0,0,0,,0,0,0,,0,0,0,,2157,275,143,394,https://www.twitch.tv/videos/2890257783
ea5ee3c6c8d24db78cdad9e18558f1c5,212,7088,195,11,1343,https://www.youtube.com/watch?v=hUernekwGCo,177,7,214,https://www.youtube.com/watch?v=8gWP6oM6a5w,1343,93,1343,https://www.youtube.com/watch?v=hUernekwGCo,0,0,0,0,
3082cc9c2e124fb3bf77cc799590042e,211,18682,115,59,463,https://www.youtube.com/watch?v=E6HaCb5cZfg,115,59,463,https://www.youtube.com/watch?v=E6HaCb5cZfg,0,0,0,,0,0,0,0,
513641895d9a4fbca3b19aeb63d28915,211,12030,311,224,1149,https://www.youtube.com/watch?v=BSDngJxbUHU,0,0,0,,311,224,1149,https://www.youtube.com/watch?v=BSDngJxbUHU,1390,389,111,659,https://www.twitch.tv/videos/2890847069
cfe0c2386d794c229d71c5a6a7e28333,211,15861,7,5,13,https://www.youtube.com/watch?v=Aty3p7BP9yU,0,0,0,,7,5,13,https://www.youtube.com/watch?v=Aty3p7BP9yU,0,0,0,0,
bed176f79b074789ba4d21c90ca54a9c,210,6483,0,0,0,,0,0,0,,0,0,0,,5428,143,129,240,https://www.twitch.tv/videos/2879936943
05970b8580b4433d9afb8769568d2276,209,6207,0,0,0,,0,0,0,,0,0,0,,9,0,0,0,
54ea240f1bf1471981684464081645e7,209,4078,0,0,0,,0,0,0,,0,0,0,,353,13,11,13,https://www.twitch.tv/videos/2888787749
ae5f14abe86f4c62a9f6da7f6fa6cdc4,209,9392,133,13,190,https://www.youtube.com/watch?v=6d1w1A4cY7U,0,0,0,,133,13,190,https://www.youtube.com/watch?v=6d1w1A4cY7U,0,0,0,0,
9a7b047b85ae4227af74a0e200c3abc9,209,58066,1165,493,1670,https://www.youtube.com/watch?v=bzFryndAhDY,0,0,0,,1165,493,1670,https://www.youtube.com/watch?v=bzFryndAhDY,784,26,20,48,https://www.twitch.tv/videos/2883578725
8814a6eccdd04fa6bf2f8201f12bf8ae,208,3848,0,0,0,,0,0,0,,0,0,0,,348,29,21,29,https://www.twitch.tv/videos/2884477202
64677f13935847cca3e2e6670a89d9a8,208,3333,140,54,302,https://www.youtube.com/watch?v=_6hiZ8Hzc5Q,140,54,302,https://www.youtube.com/watch?v=_6hiZ8Hzc5Q,0,0,0,,470,0,0,0,
03265829bf6d4e1eb09e58b1ec4093bc,207,4148,0,0,0,,0,0,0,,0,0,0,,0,0,0,0,
afb9c6f2f93040d0a0227405b9d17bde,207,302418,574,178,1532,https://www.youtube.com/watch?v=EYXEipKKLSU,0,0,0,,574,178,1532,https://www.youtube.com/watch?v=EYXEipKKLSU,544,156,117,181,https://www.twitch.tv/videos/2888823980
43e078503ebd44ae9f83abc9399647ca,207,54239,1213,312,1904,https://www.youtube.com/watch?v=FyFOZWFsWSs,0,0,0,,1213,312,1904,https://www.youtube.com/watch?v=FyFOZWFsWSs,7879,654,266,1148,https://www.twitch.tv/videos/2888896735
f1d9ff59d3d74b0ebb4268de53698dbf,206,6399,0,0,0,,0,0,0,,0,0,0,,727,0,0,0,
14b644d58ff14ef1b491ef3d451e9e06,206,1047,0,0,0,,0,0,0,,0,0,0,,3380,99,78,250,https://www.twitch.tv/videos/2884612776
865ef104e1784d878871c819452a63dd,206,2725,50,47,50,https://www.youtube.com/watch?v=WXey-nKn8vI,50,47,50,https://www.youtube.com/watch?v=WXey-nKn8vI,0,0,0,,79,32,29,33,https://www.twitch.tv/videos/2889771083
a5ced44a2bb74575a9cf9ea48f9ec890,205,9018,0,0,0,,0,0,0,,0,0,0,,0,0,0,0,
5949eae32b844c9e873474efb19f4e6d,204,6148,0,0,0,,0,0,0,,0,0,0,,0,0,0,0,
3c9899af7c104ea08eb0baa4ee565076,203,2437,0,0,0,,0,0,0,,0,0,0,,721,111,103,111,https://www.twitch.tv/videos/2889609580
0024f8db99514a76bc5d5db1004c9bf4,199,5629,0,0,31,https://www.youtube.com/watch?v=oyTNYWQLuOw,0,0,0,,0,0,31,https://www.youtube.com/watch?v=oyTNYWQLuOw,540,56,37,179,https://www.twitch.tv/videos/2883020426
949f184abcc84a82b8e9f333b41a2109,197,11313,11,3,65,https://www.youtube.com/watch?v=5MLwC1eS3NE,0,0,0,,11,3,65,https://www.youtube.com/watch?v=5MLwC1eS3NE,2628,598,258,1300,https://www.twitch.tv/videos/2875734499
d9b8f1ac9c93423fa62e8073a8173d30,195,30843,425,148,1040,https://www.youtube.com/watch?v=P-eyqk7IWBY,436,148,745,https://www.youtube.com/watch?v=fZ3_BzP_8ns,383,136,1040,https://www.youtube.com/watch?v=P-eyqk7IWBY,0,0,0,0,
021eaf7cecfa4416b759fcc310f7b15a,193,8788,0,0,0,,0,0,0,,0,0,0,,229,94,71,148,https://www.twitch.tv/videos/2880820436
48e968abd77d434db31de0f0bb8d92a1,193,11043,2,1,7,https://www.youtube.com/watch?v=NnJNRUB9hO4,0,0,0,,2,1,7,https://www.youtube.com/watch?v=NnJNRUB9hO4,604,18,12,53,https://www.twitch.tv/videos/2883564746
936b7b3d4250469d94b53ebc7e4936f6,193,242252,0,0,0,,0,0,0,,0,0,0,,1188,188,59,282,https://www.twitch.tv/videos/2887718276
3442df03030941b0933077faf6a75c6a,192,10041,0,0,0,,0,0,0,,0,0,0,,747,109,62,918,https://www.twitch.tv/videos/2885360168
eb001c0b038d4833b28c1026e04fdb89,191,8277,0,0,0,,0,0,0,,0,0,0,,1243,224,147,393,https://www.twitch.tv/videos/2888021014
26e2e1583d404f48b879375ef74ae33a,190,9174,12,5,15,https://www.youtube.com/watch?v=5qttvfSL-60,12,5,15,https://www.youtube.com/watch?v=5qttvfSL-60,0,0,0,,0,0,0,0,
f30f6a2e994641b5af169b97f2aad13b,190,6998,0,0,0,,0,0,0,,0,0,0,,557,0,0,0,
25f3eb5a85784e0e9f59f45ae775badd,190,10397,0,0,0,,0,0,0,,0,0,0,,0,0,0,0,
698d1cca0e1f417892c954dabe0aacf8,189,783,0,0,0,,0,0,0,,0,0,0,,2286,0,0,0,
98c577d538f84d75a3c34e0f9d13c8a3,188,13802,0,0,0,,0,0,0,,0,0,0,,300,55,49,85,https://www.twitch.tv/videos/2884434406
202d7c3df0a0489288ace48e1e81ac9f,186,4645,0,0,0,,0,0,0,,0,0,0,,76,0,0,0,
6d76e6b27f164061a216ec2831bd8dd3,185,0,0,0,0,,0,0,0,,0,0,0,,1204,0,0,0,
47a57b51af1a482ead79df1698db2c70,185,7902,0,0,0,,0,0,0,,0,0,0,,0,0,0,0,
7a7e366c81d54d03a07cb2c6cb382884,182,6343,0,0,0,,0,0,0,,0,0,0,,0,0,0,0,
9b9409f309a54c54bf6225f43eae1167,181,6434,0,0,0,,0,0,0,,0,0,0,,2127,0,0,0,
9cb41588918b4fcf9d8e21ce0b6896c6,181,15100,453,119,893,https://www.youtube.com/watch?v=dajxyqM8LYc,183,125,425,https://www.youtube.com/watch?v=GsLfEOIHqzk,739,84,893,https://www.youtube.com/watch?v=dajxyqM8LYc,99,81,60,136,https://www.twitch.tv/videos/2882731073
bad9c0bc10404089a32d6b4b8346fc0e,180,88181,31,17,122,https://www.youtube.com/watch?v=F16ecd2kRes,31,17,122,https://www.youtube.com/watch?v=F16ecd2kRes,0,0,0,,0,0,0,0,
67dc6d443cff47a4bc6a31a56e8b72f5,180,20314,287,118,632,https://www.youtube.com/watch?v=f5fsktsoy5k,287,118,632,https://www.youtube.com/watch?v=f5fsktsoy5k,0,0,0,,0,0,0,0,
ad6455da071543ab88cd4855a11cf39b,179,7351,89,30,188,https://www.youtube.com/watch?v=BeH1EUNnfBM,89,30,188,https://www.youtube.com/watch?v=BeH1EUNnfBM,0,0,0,,0,0,0,0,
a3bbe09809e141e5b0658a79ba63f977,177,14966,9,4,154,https://www.youtube.com/watch?v=YmTeznjLRWk,0,0,0,,9,4,154,https://www.youtube.com/watch?v=YmTeznjLRWk,404,14,10,25,https://www.twitch.tv/videos/2885414820
c29627e1a48a4ea8b21c858aba1836d0,177,6812,0,0,0,,0,0,0,,0,0,0,,566,135,94,236,https://www.twitch.tv/videos/2887939795
d93ec185504e45e2894865980da489a9,176,3793,21,6,113,https://www.youtube.com/watch?v=pS0L4DSRuO4,0,0,0,,21,6,113,https://www.youtube.com/watch?v=pS0L4DSRuO4,1821,315,180,321,https://www.twitch.tv/videos/2880010781
7ee7164af0d645a18422350715a1eef0,176,407,0,0,0,,0,0,0,,0,0,0,,352,0,0,0,
50c6983298d84cbeac8e6376349e672b,176,34501,1451,982,1842,https://www.youtube.com/watch?v=QyF2uQJDIx4,42,38,42,https://www.youtube.com/watch?v=AmiKfO7SV5Y,1732,1343,1842,https://www.youtube.com/watch?v=QyF2uQJDIx4,3,0,0,0,
591654ee39c147ffaa77a531a81a6eda,174,15262,64,41,178,https://www.youtube.com/watch?v=jTnwXvtIlIQ,73,49,178,https://www.youtube.com/watch?v=jTnwXvtIlIQ,6,4,6,https://www.youtube.com/watch?v=FfG8WoJnYnA,704,17,9,54,https://www.twitch.tv/videos/2883583393
58f233e089ca45c8bc1969b471183766,174,26098,103,43,119,https://www.youtube.com/watch?v=bD_o-iHczaA,103,43,119,https://www.youtube.com/watch?v=bD_o-iHczaA,0,0,0,,0,0,0,0,
604dc5a26bb54f3d8a69c9df659d23d7,174,6203,0,0,0,,0,0,0,,0,0,0,,831,35,29,73,https://www.twitch.tv/videos/2884286871
868a7d0a1ef94befa5205a21fb65d7d5,173,2903,0,0,0,,0,0,0,,0,0,0,,4601,179,172,820,https://www.twitch.tv/videos/2888664926
288ba70f1a044c72a65ed9cf3b425d13,173,21414,104,41,257,https://www.youtube.com/watch?v=NiMh3dasdQk,104,41,257,https://www.youtube.com/watch?v=NiMh3dasdQk,0,0,0,,0,0,0,0,
cd38e82545b04cb8a3e047fe41f2ba40,173,1439,0,0,0,,0,0,0,,0,0,0,,1117,269,118,417,https://www.twitch.tv/videos/2885222619
6cdc57bc89cc4b7f9c9d848fd5b0d031,173,26381,0,0,0,,0,0,0,,0,0,0,,0,0,0,0,
bb21226dc1db41e294f545133948115b,172,17718,0,0,0,,0,0,0,,0,0,0,,850,0,0,0,
844adbe9800c4c52863267075afd2c7f,172,8902,0,0,0,,0,0,0,,0,0,0,,255,0,0,0,
a91c83dff0c94387aa2c11e597424517,172,11149,0,0,0,,0,0,0,,0,0,0,,264,31,21,39,https://www.twitch.tv/videos/2885264196
b2ec8ce2ab124618ae1b1af2cd85ce23,172,2949,0,0,0,,0,0,0,,0,0,0,,276,0,0,0,
cf100db6a3dc4010b32802b75f5abc14,171,22982,76,12,1586,https://www.youtube.com/watch?v=jqoFnk9s3bo,217,82,1586,https://www.youtube.com/watch?v=jqoFnk9s3bo,4,1,866,https://www.youtube.com/watch?v=FHxwLkrTKKY,0,0,0,0,
2bb0e68d998d4b2bbfc79557a233fb33,170,34092,277,106,1244,https://www.youtube.com/watch?v=wCHXjx_C02s,277,106,1189,https://www.youtube.com/watch?v=WBGB0WcMXb0,754,340,1244,https://www.youtube.com/watch?v=wCHXjx_C02s,140,21,15,38,https://www.twitch.tv/videos/2888850443
e6d7ea2833a1477aab8dfa3d4f4936fb,170,5697,1236,614,1236,https://www.youtube.com/watch?v=YGIzfWVx1oo,0,0,0,,1236,614,1236,https://www.youtube.com/watch?v=YGIzfWVx1oo,1557,170,136,193,https://www.twitch.tv/videos/2883554537
56e0088d20b04a059da9932476fc9a5b,170,21294,0,0,0,,0,0,0,,0,0,0,,2551,0,0,0,
b850c220033a4b6d83c9b9b70b04647b,169,3765,0,0,0,,0,0,0,,0,0,0,,197,0,0,0,
74a8b2325c0c4b158dd12377bff187c8,168,1964,0,0,0,,0,0,0,,0,0,0,,0,0,0,0,
0c97b425059d4ac893cae0f804f4ccbc,167,11502,98,65,253,https://www.youtube.com/watch?v=_ThnsjQ8Nhs,98,65,253,https://www.youtube.com/watch?v=_ThnsjQ8Nhs,0,0,0,,0,0,0,0,
beed2aaeebc9439895feb2aff3c9e641,167,8114,102,75,129,https://www.youtube.com/watch?v=oOnVDlQzdPw,102,75,129,https://www.youtube.com/watch?v=oOnVDlQzdPw,0,0,0,,0,0,0,0,
07dce34bcae849989c379d5c13ff4904,166,4708,593,277,1133,https://www.youtube.com/watch?v=4aW91GoDl9Y,0,0,0,,593,277,1133,https://www.youtube.com/watch?v=4aW91GoDl9Y,1993,362,211,106776,https://www.twitch.tv/videos/2873939257
8847133db580452eb63c5d3a2de47e4a,166,19535,318,146,1232,https://www.youtube.com/watch?v=QTuBDUQTZ3M,318,146,730,https://www.youtube.com/watch?v=7PB1RHA_2Nk,267,206,1232,https://www.youtube.com/watch?v=QTuBDUQTZ3M,0,0,0,0,
c08ae8d7412d407c8b233f6e445d081c,166,3676,0,0,2091,https://www.youtube.com/watch?v=qDyZFDhxFTc,0,0,0,,0,0,2091,https://www.youtube.com/watch?v=qDyZFDhxFTc,743,44,29,100,https://www.twitch.tv/videos/2886113862
e739323b76994f8abcca757db52a440d,166,11193,166,82,273,https://www.youtube.com/watch?v=WRkDeqOA7zc,0,0,0,,166,82,273,https://www.youtube.com/watch?v=WRkDeqOA7zc,0,0,0,0,
f1be475d4aa34c3faf4826a77ceb99b5,165,83212,8201,5794,42552,https://www.youtube.com/watch?v=p1i5CM47DKc,8201,5794,42552,https://www.youtube.com/watch?v=p1i5CM47DKc,0,0,0,,293,155,106,350,https://www.twitch.tv/videos/2880061395
06f1c7339e1c47ecb69ea7385f4635a1,165,36029,51,8,152,https://www.youtube.com/watch?v=a9RQdzUceKk,51,8,152,https://www.youtube.com/watch?v=a9RQdzUceKk,0,0,0,,548,164,119,213,https://www.twitch.tv/videos/2887954946
fced951d6a344a27b59e422984ead36d,165,31886,0,0,0,,0,0,0,,0,0,0,,0,0,0,0,
70ab761191014a39b7d090541f785cd2,165,12352,124,66,195,https://www.youtube.com/watch?v=_3VgTv366bQ,113,77,195,https://www.youtube.com/watch?v=_3VgTv366bQ,124,66,124,https://www.youtube.com/watch?v=-8LenTkScPw,198,67,46,234,https://www.twitch.tv/videos/2889564821
f958b1a87ecd4bfab42ba0d1443bfa61,164,11736,25,4,104,https://www.youtube.com/watch?v=a3NSOLLiQKo,25,4,104,https://www.youtube.com/watch?v=a3NSOLLiQKo,0,0,0,,551,48,35,54,https://www.twitch.tv/videos/2882669124
3475b2087d9a4d799c10bd3ac5f45437,163,980,0,0,0,,0,0,0,,0,0,0,,1202,153,132,267,https://www.twitch.tv/videos/2883356268
fe1731a49d43440391f571347747604c,163,2867,6,5,6,https://www.youtube.com/watch?v=88k4ePnyJjA,0,0,0,,6,5,6,https://www.youtube.com/watch?v=88k4ePnyJjA,1361,237,185,279,https://www.twitch.tv/videos/2888854475
edfed5b0978a4fb98f94319bfc639d98,161,1234,0,0,0,,0,0,0,,0,0,0,,1249,343,243,455,https://www.twitch.tv/videos/2880824337
46821555a7af41e4aa70fe0fabd8a4f6,161,9663,48,30,687,https://www.youtube.com/watch?v=4i4jmYJVmQI,48,30,687,https://www.youtube.com/watch?v=4i4jmYJVmQI,0,0,0,,667,0,0,0,
d0390d1ee4c744cba3ac19af6ae16171,160,8376,176,115,1125,https://www.youtube.com/watch?v=6HzuZWNUPmg,130,115,130,https://www.youtube.com/watch?v=r1y14I_58r8,650,165,1125,https://www.youtube.com/watch?v=6HzuZWNUPmg,76,0,0,0,
6481e646412745d3b2fa38255cef0da4,160,7909,0,0,0,,0,0,0,,0,0,0,,584,86,77,110,https://www.twitch.tv/videos/2890557107
821713a01e5a4f1787926fb48dbf7302,159,13216,102,51,439,https://www.youtube.com/watch?v=BNB34PnxXQo,124,53,439,https://www.youtube.com/watch?v=BNB34PnxXQo,66,4,66,https://www.youtube.com/watch?v=8DPyX8SBLXA,0,0,0,0,
3040b4d9d4374815a4e0af0c887a42fc,159,20589,0,0,0,,0,0,0,,0,0,0,,1531,239,178,582,https://www.twitch.tv/videos/2885221618
4d96aeef13f949e19026682e337db138,159,3389,0,0,0,,0,0,0,,0,0,0,,2610,0,0,0,
dc97af965a4942d281cc7365805233f1,157,3247,0,0,0,,0,0,0,,0,0,0,,70,0,0,0,
6a915915ad2a4d29b524ebd50f2dbbe4,156,1564,0,0,0,,0,0,0,,0,0,0,,1623,115,19,147,https://www.twitch.tv/videos/2870280822
67c533576c474a0d9897f62964cef71c,156,4661,0,0,0,,0,0,0,,0,0,0,,333,44,30,44,https://www.twitch.tv/videos/2883445376
a8bee4c680a54cf29b34d90bf7230ab1,155,2802,0,0,0,,0,0,0,,0,0,0,,1890,0,0,0,
5fdd1d15cf404c918b0f697baff04218,155,38704,0,0,0,,0,0,0,,0,0,0,,2749,502,239,844,https://www.twitch.tv/videos/2887181054
d3eee3b8d1954b1c8fea325d7b7b1b7f,154,8721,109,43,2116,https://www.youtube.com/watch?v=nBya86oLAGE,103,38,142,https://www.youtube.com/watch?v=thFpJKaXrbY,1173,626,2116,https://www.youtube.com/watch?v=nBya86oLAGE,156,83,51,88,https://www.twitch.tv/videos/2880932272
8bca20c5a14c42fc94288fcf3d9c3667,153,4966,93,36,185,https://www.youtube.com/watch?v=R0-RTDc7Wzs,93,36,185,https://www.youtube.com/watch?v=R0-RTDc7Wzs,0,0,0,,58,0,0,0,
f42472ba115a480ab309612af9ae29cf,153,5799,82,62,124,https://www.youtube.com/watch?v=VorqBrvBz8k,82,62,124,https://www.youtube.com/watch?v=VorqBrvBz8k,0,0,0,,0,0,0,0,
6d36ce9cdedb4806ad5c00a3496b9e4f,153,3612,0,0,0,,0,0,0,,0,0,0,,2656,791,442,77137,https://www.twitch.tv/videos/2869123737
290bbaa329eb45b1a267bfd7e35c3b14,153,0,0,0,0,,0,0,0,,0,0,0,,444,0,0,0,
ff170a57c74545c7977b64a6d82981af,151,19966,89,25,218,https://www.youtube.com/watch?v=tljHz7iTTyU,93,27,218,https://www.youtube.com/watch?v=tljHz7iTTyU,40,15,90,https://www.youtube.com/watch?v=TRY5ZGBjwAk,0,0,0,0,
41e1aa0eab8d4ec5a4010833581f5b92,150,2794,0,0,0,,0,0,0,,0,0,0,,91,0,0,0,
8b1758159f754a3a8d7f26dcf12c008f,150,7186,0,0,0,,0,0,0,,0,0,0,,0,0,0,0,
2f2a88438aee4a5e842f186bcdc05128,149,12356,0,0,0,,0,0,0,,0,0,0,,78,0,0,0,
46a16e41f2af4523adeb4556f2e0b0d5,147,3287,0,0,0,,0,0,0,,0,0,0,,8372,0,0,0,
98fd913e544f4725afdd28ad05f3e737,146,12431,0,0,0,,0,0,0,,0,0,0,,0,0,0,0,
521d3e3d5e6e410aababfb8f290749b6,145,2540,0,0,0,,0,0,0,,0,0,0,,368,31,27,31,https://www.twitch.tv/videos/2888057415
7ccac8385e2d41f69aab04b7f2b23cac,145,5294,0,0,0,,0,0,0,,0,0,0,,1336,0,0,0,
9b6ebeb957fe4fed84a5472b6b3bd13c,144,17124,0,0,0,,0,0,0,,0,0,0,,1239,230,178,357,https://www.twitch.tv/videos/2884450753
240c765d12ae40ab85e53fb39eb22b03,144,2665,22,8,22,https://www.youtube.com/watch?v=9Xc6GYuKvs0,0,0,0,,22,8,22,https://www.youtube.com/watch?v=9Xc6GYuKvs0,4417,0,0,0,
e1a9d641bfe749ee8b97fe0e3abe413f,143,1276,448,70,651,https://www.youtube.com/watch?v=RiAO0uDmFNE,0,0,0,,448,70,651,https://www.youtube.com/watch?v=RiAO0uDmFNE,41,51,43,160,https://www.twitch.tv/videos/2886169056
2d3deb7610dd4329ba77597dfdd13043,143,28272,1637,481,2074,https://www.youtube.com/watch?v=Vk4MOKsIVmQ,0,0,0,,1637,481,2074,https://www.youtube.com/watch?v=Vk4MOKsIVmQ,2035,334,165,499,https://www.twitch.tv/videos/2873826408
a84b1b6deabc462b9cf994fd02304b5b,143,876,0,0,0,,0,0,0,,0,0,0,,1705,147,93,147,https://www.twitch.tv/videos/2881799863
c8672ebbfe37442788c48d9a8399fc7b,142,25106,0,0,0,,0,0,0,,0,0,0,,949,116,105,116,https://www.twitch.tv/videos/2888926556
eac3578c689d48b493103c11e2b16c5e,142,15999,0,0,0,,0,0,0,,0,0,0,,927,0,0,0,
f55b426f2ceb419d964d1d1bcd3860e9,140,8432,453,155,453,https://www.youtube.com/watch?v=SSwTZGnQ4VI,0,0,0,,453,155,453,https://www.youtube.com/watch?v=SSwTZGnQ4VI,0,0,0,0,
a1a4762aa1eb4d95be1c0c7a528a8336,139,11110,1,0,1089,https://www.youtube.com/watch?v=XXTUK7FtGw4,0,0,0,,1,0,1089,https://www.youtube.com/watch?v=XXTUK7FtGw4,1863,0,0,0,
1ea0189fc3ce47fb9461b6cab10d78fe,139,2892,0,0,0,,0,0,0,,0,0,0,,143,0,0,0,
2af829174cab4262b61b226dd4d5aee5,139,9892,0,0,0,,0,0,0,,0,0,0,,21,0,0,0,
d95abd62958c4081a999660b995d72ce,137,950,111,59,116,https://www.youtube.com/watch?v=Q1wqQKWmXBk,111,59,116,https://www.youtube.com/watch?v=Q1wqQKWmXBk,0,0,0,,0,0,0,0,
061fa27713ec453ebf41c21eb58b7719,136,2158,0,0,0,,0,0,0,,0,0,0,,0,0,0,0,
135224fe261040639a802804b52f22db,136,0,0,0,0,,0,0,0,,0,0,0,,627,0,0,0,
06d173cf0b3f4369bcfb4b4270bd59e3,136,397,0,0,0,,0,0,0,,0,0,0,,391,149,144,258,https://www.twitch.tv/videos/2888826803
fd638ba6820241d1b3367afab0c6ab3e,134,10147,45,43,45,https://www.youtube.com/watch?v=oSof8lErEpM,45,43,45,https://www.youtube.com/watch?v=oSof8lErEpM,0,0,0,,0,0,0,0,
350b440f9436415c8499526d4c6f3dfd,133,4030,0,0,0,,0,0,0,,0,0,0,,1761,0,0,0,
fe1bd62313574733ab86c1a56b7143ab,133,31,0,0,0,,0,0,0,,0,0,0,,1538,0,0,0,
c9e933e250e747f88f8cbf4857ec7f3b,131,135,0,0,0,,0,0,0,,0,0,0,,3038,0,0,0,
b18dea7632bc49db974a22d6eb6660fb,131,3968,1,0,5,https://www.youtube.com/watch?v=vUlI4SJF84k,0,0,0,,1,0,5,https://www.youtube.com/watch?v=vUlI4SJF84k,424,31,25,132,https://www.twitch.tv/videos/2890831289
2928a7d5624e4af8b1331eabae6bda17,130,2803,10,8,18,https://www.youtube.com/watch?v=wGYM60VL7TQ,0,0,0,,10,8,18,https://www.youtube.com/watch?v=wGYM60VL7TQ,733,19,13,32,https://www.twitch.tv/videos/2886385495
3b7dac5e2bdb4c08a139e18ef7f6f7e5,129,7788,0,0,0,,0,0,0,,0,0,0,,686,30,19,43,https://www.twitch.tv/videos/2889430063
822b9b7a9eca49df9bfd617a19b274b0,129,3814,88,44,151,https://www.youtube.com/watch?v=bByG7eqpGHE,88,44,151,https://www.youtube.com/watch?v=bByG7eqpGHE,0,0,0,,0,0,0,0,
453db6575b094b388ba2ae38e7ff2c51,129,15506,0,0,0,,0,0,0,,0,0,0,,694,0,0,0,
c85822960da341bb8f5323219b233bd1,128,9026,0,0,0,,0,0,0,,0,0,0,,0,0,0,0,
22f16847ee064b1bafd9bbe15bd31284,127,8573,0,0,0,,0,0,0,,0,0,0,,724,73,66,73,https://www.twitch.tv/videos/2888841939
577251897dc7463393b68c5b6f96559b,127,8541,28,4,371,https://www.youtube.com/watch?v=_a1Hz83UL6I,0,0,0,,28,4,371,https://www.youtube.com/watch?v=_a1Hz83UL6I,766,144,102,214,https://www.twitch.tv/videos/2884530829
f09a7c3155a047c98f155434b2634ecf,125,3582,0,0,0,,0,0,0,,0,0,0,,394,0,0,0,
c6d0078f1d5e4fd08a459c7eecd85464,125,25758,100,71,260,https://www.youtube.com/watch?v=Jy4xbkM8sgM,91,71,187,https://www.youtube.com/watch?v=tirBwmW7SGA,187,58,260,https://www.youtube.com/watch?v=Jy4xbkM8sgM,0,0,0,0,
a1d3d37caa68474288b903f309db32a1,124,9718,86,41,105,https://www.youtube.com/watch?v=tonf1nHRu2g,86,41,105,https://www.youtube.com/watch?v=tonf1nHRu2g,0,0,0,,0,0,0,0,
09b00ccde152498b808efe7317bd52f0,123,1479,0,0,0,,0,0,0,,0,0,0,,2918,130,109,169,https://www.twitch.tv/videos/2884645454
6358ea21f673491fab72d62494b2225f,121,3928,0,0,0,,0,0,0,,0,0,0,,722,196,135,249,https://www.twitch.tv/videos/2889753506
fef1577c0352446c8e371b9fd9e7cc73,120,9147,0,0,3,https://www.youtube.com/watch?v=7BFHxYhe_yw,0,0,0,,0,0,3,https://www.youtube.com/watch?v=7BFHxYhe_yw,127,11,8,26,https://www.twitch.tv/videos/2880165104
a2847bd09f954df794fb9289d6a96dae,119,8151,25,6,25,https://www.youtube.com/watch?v=BAwMukDsDbY,25,6,25,https://www.youtube.com/watch?v=BAwMukDsDbY,0,0,0,,731,81,58,150,https://www.twitch.tv/videos/2884497811
359d60ab5abb445a8477a50781acc050,119,16154,1074,215,1359,https://www.youtube.com/watch?v=m2LfKsbPnp8,0,0,0,,1074,215,1359,https://www.youtube.com/watch?v=m2LfKsbPnp8,0,0,0,0,
6c66740fc44a4a489e7a67ac93dd274e,119,1719,0,0,0,,0,0,0,,0,0,0,,419,0,0,0,
8b5d6e9353ba46789fa6a2cfd94f69b2,119,4727,0,0,31,https://www.youtube.com/watch?v=4JXtJ_KVsok,0,0,0,,0,0,31,https://www.youtube.com/watch?v=4JXtJ_KVsok,131,7,4,9,https://www.twitch.tv/videos/2879215471
5a60a41d2a604bc68368158cd0b1cc12,118,11118,9,3,141,https://www.youtube.com/watch?v=_JuCSOnerIc,0,0,0,,9,3,141,https://www.youtube.com/watch?v=_JuCSOnerIc,664,73,53,112,https://www.twitch.tv/videos/2890621254
8064b5c85fc64d10ae3e9d3a4c0dfd8f,118,1185,0,0,0,,0,0,0,,0,0,0,,2728,0,0,0,
063fe3c0ae714b4ea4edaf79bda5dda0,118,540,0,0,0,,0,0,0,,0,0,0,,2081,169,115,178,https://www.twitch.tv/videos/2883348199
48757d31519a475faf33652b85bf99dd,117,16322,37,13,348,https://www.youtube.com/watch?v=kBlnOxQ2lR8,205,78,269,https://www.youtube.com/watch?v=Gjr6J4t3-7E,20,10,348,https://www.youtube.com/watch?v=kBlnOxQ2lR8,0,0,0,0,
16e0b967de004b45b5c10302382ad43e,116,1947,0,0,0,,0,0,0,,0,0,0,,532,0,0,0,
a2e9afb364e84d48acbdc77441ad17a7,116,12331,54,26,54,https://www.youtube.com/watch?v=ocYEBQyRHQw,0,0,0,,54,26,54,https://www.youtube.com/watch?v=ocYEBQyRHQw,539,0,0,0,
1daf23905a3d4aa9a59273e563e33382,116,7185,0,0,0,,0,0,0,,0,0,0,,1813,0,0,0,
39ff9dd2c91841b6b8c719d71b7bdb11,116,12219,990,559,990,https://www.youtube.com/watch?v=HkxvEdaFtX0,0,0,0,,990,559,990,https://www.youtube.com/watch?v=HkxvEdaFtX0,452,0,0,0,
e93b2dd2339a422f8ab3d21c9d95161c,116,2546,13,8,13,https://www.youtube.com/watch?v=7uZb3ja6UdI,0,0,0,,13,8,13,https://www.youtube.com/watch?v=7uZb3ja6UdI,525,23,16,138,https://www.twitch.tv/videos/2887841943
b9a09f50375248aebc3d6afdb7f5adf6,115,2119,0,0,0,,0,0,0,,0,0,0,,828,0,0,0,
f86ec6a459f64e7d8431c69b1d7ec28b,114,5998,130,63,255,https://www.youtube.com/watch?v=m2FxRXk_E9g,130,63,255,https://www.youtube.com/watch?v=m2FxRXk_E9g,0,0,0,,194,136,87,225,https://www.twitch.tv/videos/2884502670
ef36201df30f43ba9efbd573f9a6d9b7,113,25437,6840,5902,6840,https://www.youtube.com/watch?v=iAlwYgIircs,0,0,0,,6840,5902,6840,https://www.youtube.com/watch?v=iAlwYgIircs,640,129,83,507,https://www.twitch.tv/videos/2888005401
dd9bf471b0304627877f38daaec5407b,113,680,0,0,0,,0,0,0,,0,0,0,,968,0,0,0,
f1a631b2661b45718c7caf5862ddcd68,112,2971,17,4,56,https://www.youtube.com/watch?v=_FX86Gc10pg,0,0,0,,17,4,56,https://www.youtube.com/watch?v=_FX86Gc10pg,43,9,8,16,https://www.twitch.tv/videos/2890715167
77364942d7f24440bbde8efa71c724df,111,6851,0,0,0,,0,0,0,,0,0,0,,647,44,38,134,https://www.twitch.tv/videos/2879357462
f10dc84fab2a41d385c2553b0f1d788b,111,4449,0,0,0,,0,0,0,,0,0,0,,659,98,78,300,https://www.twitch.tv/videos/2888863347
12286b61ae55499b8c60101a4625b089,110,0,0,0,0,,0,0,0,,0,0,0,,306,0,0,0,
a127ff7335ae467d961641bcf84f1e2f,109,12355,0,0,0,,0,0,0,,0,0,0,,2224,311,252,727,https://www.twitch.tv/videos/2886105001
6a2bad0b742447bf9912a97eaac17ced,109,34765,1164,201,1412,https://www.youtube.com/watch?v=lYoAW5KRjr4,0,0,0,,1164,201,1412,https://www.youtube.com/watch?v=lYoAW5KRjr4,0,0,0,0,
8868dd9b4d75481397fd841b8ef6c55d,108,2377,0,0,0,,0,0,0,,0,0,0,,13,0,0,0,
4ead521cd6a04a5aa1b2739f252ac9d1,108,710,0,0,1,https://www.youtube.com/watch?v=UrbsO7iQpQU,0,0,0,,0,0,1,https://www.youtube.com/watch?v=UrbsO7iQpQU,269,35,15,92,https://www.twitch.tv/videos/2865881700
1af37b5945cf40019107583a3c6537ea,107,667,0,0,0,,0,0,0,,0,0,0,,2765,434,311,646,https://www.twitch.tv/videos/2884458782
965ff8a77ab845aaac693d9c7a56f82d,107,7585,0,0,0,,0,0,0,,0,0,0,,686,130,101,205,https://www.twitch.tv/videos/2884368352
fede6fee793048f1a576cab38a6bd414,107,6300,0,0,0,,0,0,0,,0,0,0,,2337,80,37,124,https://www.twitch.tv/videos/2890447896
33ce96c886d341879ce66c4f7892c421,104,63748,453,348,1163,https://www.youtube.com/watch?v=j3fGQBUx1yU,0,0,0,,453,348,1163,https://www.youtube.com/watch?v=j3fGQBUx1yU,842,182,135,388,https://www.twitch.tv/videos/2887110203
ba27c499a50f4cac87e6e5b94da18292,102,2060,0,0,0,,0,0,0,,0,0,0,,1401,344,174,667,https://www.twitch.tv/videos/2872222498
0a9f3befc55d447fbc9fa1e54ba0dd8e,102,0,0,0,0,,0,0,0,,0,0,0,,170,5,4,12,https://www.twitch.tv/videos/2879245905
ca65749ceff346fd971c24b0461f18d9,102,8340,0,0,0,,0,0,0,,0,0,0,,604,0,0,0,
2d25a18a83af462a8d4062e162017a1a,102,5156,0,0,0,,0,0,0,,0,0,0,,497,0,0,0,
53b98a4bbf49419fb4516525846d4d35,101,501,0,0,0,,0,0,0,,0,0,0,,1803,0,0,0,
aa205221f02a4701bf17d501e86adaf1,101,0,0,0,0,,0,0,0,,0,0,0,,565,466,350,700,https://www.twitch.tv/videos/2888916720
ede21f904daf4a9b978efe15b0d9a31f,100,10243,0,0,0,,0,0,0,,0,0,0,,2012,209,169,209,https://www.twitch.tv/videos/2886428797
25ebd185190b42d993d961d7c795b444,100,2781,0,0,0,,0,0,0,,0,0,0,,2314,0,0,0,
8608b8aafd6e4a5f8f506233a69720ae,99,47493,102,77,168,https://www.youtube.com/watch?v=akMUYqbVT1I,0,0,0,,102,77,168,https://www.youtube.com/watch?v=akMUYqbVT1I,289,79,76,516,https://www.twitch.tv/videos/2889661940
6bb236447ed9412a98c9b2d7c9069e10,99,19556,0,0,0,,0,0,0,,0,0,0,,2179,87,76,175,https://www.twitch.tv/videos/2880219937
67784d7c61af482780ab0558083fcd1e,96,3106,0,0,0,,0,0,0,,0,0,0,,383,0,0,0,
6b21f41580a64cc7ab15d219a612723b,95,0,0,0,0,,0,0,0,,0,0,0,,4489,0,0,0,
9523dedfc79a4f99b18461ff40586307,90,33195,101,36,1189,https://www.youtube.com/watch?v=Fi8ALXT5-_g,100,36,126,https://www.youtube.com/watch?v=Wi4BUZ0EooM,131,31,1189,https://www.youtube.com/watch?v=Fi8ALXT5-_g,0,0,0,0,
9f9bfcbf980b43bcb00c03261439d18d,88,1839,81,68,81,https://www.youtube.com/watch?v=qUCSJX3kpNs,81,68,81,https://www.youtube.com/watch?v=qUCSJX3kpNs,0,0,0,,48,83,69,83,https://www.twitch.tv/videos/2887128972
fae9210539d44a39a2a275b8d53cae37,87,16732,114,64,466,https://www.youtube.com/watch?v=Ey6dAQ1GOgM,114,64,466,https://www.youtube.com/watch?v=Ey6dAQ1GOgM,0,0,0,,194,93,70,167,https://www.twitch.tv/videos/2884510372
a5be52423e2f46b8bbad4a56c7f1d5e5,86,5203,0,0,0,,0,0,0,,0,0,0,,1490,269,214,348,https://www.twitch.tv/videos/2882713423
34e73d1959694451b938ff53d98f9cec,86,756,0,0,0,,0,0,0,,0,0,0,,368,0,0,0,
889b2fb6c9ea47a99834061b47251a4b,86,3258,4,1,126,https://www.youtube.com/watch?v=ROx_qYEbZCk,0,0,0,,4,1,126,https://www.youtube.com/watch?v=ROx_qYEbZCk,493,89,54,99,https://www.twitch.tv/videos/2887162222
32ae564b306c42cab2e1a4a8a9d6adfe,85,1079,0,0,0,,0,0,0,,0,0,0,,1263,0,0,0,
904e3c91b4e1427f9b2d69f69aa3b13c,84,14455,0,0,0,,0,0,0,,0,0,0,,0,0,0,0,
ad57b32de5f34598a57ac5af8b8004e2,83,5207,111,40,527,https://www.youtube.com/watch?v=G5JzUmsGfHM,143,35,527,https://www.youtube.com/watch?v=G5JzUmsGfHM,90,47,433,https://www.youtube.com/watch?v=h-1FSwIdtk8,122,38,24,39,https://www.twitch.tv/videos/2883446044
12ece01ae7004e9195e79309f0cdae40,82,417,0,0,0,,0,0,0,,0,0,0,,2543,0,0,0,
6bf231719d5e485fa0cdee99905858d4,81,1777,0,0,0,,0,0,0,,0,0,0,,841,244,163,401,https://www.twitch.tv/videos/2883544477
4c3e3e5338ae44feae581bbdffa8b811,81,11847,0,0,0,,0,0,0,,0,0,0,,214,0,0,0,
3fd5cac9e94144ad9a298e46c5472792,78,1744,0,0,0,,0,0,0,,0,0,0,,0,0,0,0,
5718a7998f6249eeba0bf087da51c1c0,77,27945,0,0,0,,0,0,0,,0,0,0,,708,59,45,146,https://www.twitch.tv/videos/2883269510
eff26caff6bd4720957cefaf8f6fc87a,75,6003,0,0,0,,0,0,0,,0,0,0,,1405,497,331,960,https://www.twitch.tv/videos/2883687979
105bfceb9747425eb58622b6ebccf920,75,1053,0,0,0,,0,0,0,,0,0,0,,359,0,0,0,
ce1d3cace1cf4ec799c8846c8c2a6d48,75,220,50,32,50,https://www.youtube.com/watch?v=lnFYtSIFirM,0,0,0,,50,32,50,https://www.youtube.com/watch?v=lnFYtSIFirM,2602,602,286,1022,https://www.twitch.tv/videos/2876437068
188108fa6e2e41afb060e4038e49d4ab,74,2574,0,0,0,,0,0,0,,0,0,0,,700,0,0,0,
a7c42dc3d080425b9e979100a59d955c,74,4561,0,0,0,,0,0,0,,0,0,0,,307,0,0,0,
28e6f7c12a3b45899e7508058f926af9,73,12921,0,0,0,,0,0,0,,0,0,0,,1608,28,3,53,https://www.twitch.tv/videos/2879102605
e3b9c06f64d84a0dabb3e97c0caacaca,72,24706,61,37,3437,https://www.youtube.com/watch?v=_ZsLTxwzC5I,0,0,0,,61,37,3437,https://www.youtube.com/watch?v=_ZsLTxwzC5I,0,0,0,0,
c7f53f2fbdbe4db488629ab4d738a16a,72,4739,0,0,0,,0,0,0,,0,0,0,,800,59,47,79,https://www.twitch.tv/videos/2880993824
d6a769b7bf6b49f08adf3e1136d86c7e,70,21701,0,0,0,,0,0,0,,0,0,0,,991,161,128,161,https://www.twitch.tv/videos/2886164649
51fc95cfca444f03abe9a50acf8f85e6,70,3863,0,0,6,https://www.youtube.com/watch?v=PLzfA5iLkeA,0,0,0,,0,0,6,https://www.youtube.com/watch?v=PLzfA5iLkeA,1650,274,101,653,https://www.twitch.tv/videos/2884024978
889b220891694985b7373aa2732a0263,69,8508,0,0,0,,0,0,0,,0,0,0,,581,41,27,48,https://www.twitch.tv/videos/2881938634
4e5a8a6380764f9b9f28732968e4aac8,69,4555,0,0,0,,0,0,0,,0,0,0,,583,78,55,142,https://www.twitch.tv/videos/2884498392
4eb87102a0f44516a6ed011faeeff00d,68,0,0,0,0,,0,0,0,,0,0,0,,1585,65,35,65,https://www.twitch.tv/videos/2879515272
b2d32948347e4c6c9afa8f813e626aae,67,6686,45,34,145,https://www.youtube.com/watch?v=fOQ9bm2a0Cw,45,34,145,https://www.youtube.com/watch?v=fOQ9bm2a0Cw,0,0,0,,0,0,0,0,
2c2db11a23aa43298ab96e60a20692d7,67,1633,0,0,0,,0,0,0,,0,0,0,,1467,0,0,0,
4d8e2a0b44bc475da5d9688b668c782d,66,201,0,0,0,,0,0,0,,0,0,0,,274,0,0,0,
8723ccecdfd84d92b1de24f9d6a86bcc,66,5399,0,0,0,,0,0,0,,0,0,0,,3471,163,115,307,https://www.twitch.tv/videos/2885319773
1645f4035c9b42019c61d630fc75d5e0,65,872,0,0,0,,0,0,0,,0,0,0,,93,0,0,0,
061fb9c63b7e45bb85ea7e6bd4fe3745,65,4297,0,0,0,,0,0,0,,0,0,0,,217,16,11,16,https://www.twitch.tv/videos/2884330989
94bda3c948ac4e74ad5c3592c1d284ac,65,808,0,0,0,,0,0,0,,0,0,0,,132,0,0,0,
e2448cc1f0df41b08247cb7a51119a67,64,546,0,0,0,,0,0,0,,0,0,0,,708,102,53,102,https://www.twitch.tv/videos/2878959766
a0e7c7e7702b4e81a5fecc4090814236,64,21561,53,24,545,https://www.youtube.com/watch?v=S1sq-JuZIU0,0,0,0,,53,24,545,https://www.youtube.com/watch?v=S1sq-JuZIU0,291,278,212,373,https://www.twitch.tv/videos/2885538038
ef13ede8525d49339887c3bf54b08acc,64,1906,152,76,180,https://www.youtube.com/watch?v=nijtzAuniBw,152,76,180,https://www.youtube.com/watch?v=nijtzAuniBw,0,0,0,,50,38,29,38,https://www.twitch.tv/videos/2885405558
43d785b8082f43138988dacd0236bb67,64,0,0,0,0,,0,0,0,,0,0,0,,430,0,0,0,
5d27ac4b9342450990a299e95818bbb0,63,7860,670,524,1775,https://www.youtube.com/watch?v=jmuA67EGqfU,670,524,1155,https://www.youtube.com/watch?v=L87mU8JkoJU,1195,771,1775,https://www.youtube.com/watch?v=jmuA67EGqfU,0,0,0,0,
78b333b99eb242ad96a8ee82275a0e98,63,11824,3,2,3,https://www.youtube.com/watch?v=k9Au3Est30U,0,0,0,,3,2,3,https://www.youtube.com/watch?v=k9Au3Est30U,0,0,0,0,
a9ada11d61114319885597db6a0725fb,60,331,0,0,0,,0,0,0,,0,0,0,,652,0,0,0,
3074c76068684cda8678977864cd530c,60,1192,0,0,0,,0,0,0,,0,0,0,,1163,148,109,520,https://www.twitch.tv/videos/2879808337
f9d27b07ff84433b8397b0587f339e27,60,9564,0,0,0,,0,0,0,,0,0,0,,202,59,52,70,https://www.twitch.tv/videos/2890677240
359bb9450c49401da7b002980d4f97df,58,227,0,0,0,,0,0,0,,0,0,0,,981,0,0,0,
130a4d6105464e518a8a3eed336b4101,57,682,0,0,0,,0,0,0,,0,0,0,,998,37,27,45,https://www.twitch.tv/videos/2887129405
a73103b226f34098bb5d4cd00b86d2f6,57,2163,0,0,0,,0,0,0,,0,0,0,,249,0,0,0,
93cd49107c8c46d0b6b185c382900d1e,57,4971,28,23,1104,https://www.youtube.com/watch?v=u8g7IQrwij8,17,13,934,https://www.youtube.com/watch?v=7EBh4P5ysrY,569,506,1104,https://www.youtube.com/watch?v=u8g7IQrwij8,11,0,0,0,
b3e0bc9dd06f4774b492e6d50dd92be2,55,88,0,0,0,,0,0,0,,0,0,0,,259,0,0,0,
12b98d960ead4bc09b2f2b220d7437a1,55,11314,88,20,1086,https://www.youtube.com/watch?v=J7NPIID1qwM,39,7,104,https://www.youtube.com/watch?v=41Q8bGn4K8I,386,258,1086,https://www.youtube.com/watch?v=J7NPIID1qwM,1,0,0,0,
e4488c7dece84f7580bc0ab130222e08,55,7246,0,0,0,,0,0,0,,0,0,0,,944,0,0,0,
895701631707493e8c7edf4af21615be,54,1413,502,153,502,https://www.youtube.com/watch?v=iaVLRfIJ0Nk,502,153,502,https://www.youtube.com/watch?v=iaVLRfIJ0Nk,0,0,0,,0,0,0,0,
54f2f567fdac423c80dad4b29a4372db,53,7436,6,2,6,https://www.youtube.com/watch?v=NkNv3o5-ewk,6,2,6,https://www.youtube.com/watch?v=NkNv3o5-ewk,0,0,0,,281,138,99,221,https://www.twitch.tv/videos/2884499042
591a7323f0134cf2929e75d959f21f68,52,20,0,0,0,,0,0,0,,0,0,0,,1288,0,0,0,
c06b6f1eb79d41ecb17aaaf80e035daa,52,0,0,0,0,,0,0,0,,0,0,0,,2322,968,898,1959,https://www.twitch.tv/videos/2887012667
68c50e424b2148478c74effaacfdeae3,52,772,0,0,0,,0,0,0,,0,0,0,,301,87,73,130,https://www.twitch.tv/videos/2887058388
2a25c205cc374cbeb8c8ccfe988ec9cc,51,795,0,0,0,,0,0,0,,0,0,0,,1528,103,74,165,https://www.twitch.tv/videos/2885472191
676db89cb8a9483486442231b615b46f,51,9210,248,136,309,https://www.youtube.com/watch?v=cLQP6YWEXto,248,136,309,https://www.youtube.com/watch?v=cLQP6YWEXto,0,0,0,,184,28,20,139,https://www.twitch.tv/videos/2890510503
f8e4654549304ea9933e02c2dcf48aae,50,0,0,0,0,,0,0,0,,0,0,0,,553,0,0,0,
f5f22d1a091143798bfc7fac1211183c,50,704,0,0,0,,0,0,0,,0,0,0,,136,0,0,0,
9e121751e3774a15bdf9ccfab7eb7faf,49,494,0,0,0,,0,0,0,,0,0,0,,1172,107,74,145,https://www.twitch.tv/videos/2882677303
74acc3b3c4db41d2a13cce887ad2a856,49,3265,0,0,0,,0,0,0,,0,0,0,,1472,0,0,0,
07b6c0dad3114eca9e903fd5725cc4e8,49,307,0,0,0,,0,0,0,,0,0,0,,222,25,16,52,https://www.twitch.tv/videos/2884423628
255a5e79f9d14e6492d741b95f78cb7c,49,1266,0,0,0,,0,0,0,,0,0,0,,2209,0,0,0,
0ddb6eca94604d4da0665e90fbbe366f,48,1216,0,0,0,,0,0,0,,0,0,0,,152,15,9,20,https://www.twitch.tv/videos/2881857255
80692e12416048be8396526bdb9c3040,47,1749,0,0,0,,0,0,0,,0,0,0,,513,0,0,0,
cb470bbb5a8f468a8a15b08757309d74,47,2314,16,8,16,https://www.youtube.com/watch?v=LczYKizOrFI,0,0,0,,16,8,16,https://www.youtube.com/watch?v=LczYKizOrFI,603,221,177,468,https://www.twitch.tv/videos/2881569450
3098e045fa844093a3731b19665e9462,47,431,0,0,0,,0,0,0,,0,0,0,,756,0,0,0,
d9f302ca07b54664a88124d64442abac,47,8364,3,0,6,https://www.youtube.com/watch?v=XS6QNW_CHNk,0,0,0,,3,0,6,https://www.youtube.com/watch?v=XS6QNW_CHNk,135,0,0,0,
df02d1a89bc74c928c825773996bbb7b,45,2036,0,0,0,,0,0,0,,0,0,0,,1571,110,81,163,https://www.twitch.tv/videos/2888884824
c8be9c7ed05442dcb2b278dc5a6bc1de,45,10940,0,0,0,,0,0,0,,0,0,0,,273,89,54,239,https://www.twitch.tv/videos/2884446995
8181221f5ad04ed2adf0a7c0e205e9be,42,2892,0,0,0,,0,0,0,,0,0,0,,272,0,0,0,
0cb217f7775543eb9c5aac3b9df75a86,39,18501,0,0,0,,0,0,0,,0,0,0,,870,199,143,318,https://www.twitch.tv/videos/2890601447
2e2a6c392c024bb2a68b681bc210c187,39,6629,1,0,107,https://www.youtube.com/watch?v=KB-8Sg2IdwA,0,0,0,,1,0,107,https://www.youtube.com/watch?v=KB-8Sg2IdwA,314,43,33,67,https://www.twitch.tv/videos/2882714353
c68bc0ba32f14d9b8669b0594435b68b,38,328,0,0,0,,0,0,0,,0,0,0,,213,0,0,0,
e04b970f339243258cb0dc0c5735274a,38,1047,0,0,0,,0,0,0,,0,0,0,,0,0,0,0,
9ff652451cbd4ad098bf20dd9748ce12,37,6,0,0,0,,0,0,0,,0,0,0,,2145,71,53,249,https://www.twitch.tv/videos/2882648807
adbcdff5b9e7441dae817c01c283ec00,37,7875,0,0,373,https://www.youtube.com/watch?v=tcEzvWdMk8g,0,0,0,,0,0,373,https://www.youtube.com/watch?v=tcEzvWdMk8g,368,54,22,365,https://www.twitch.tv/videos/2890359685
1ee3effc49074de1ba98b10a13df2d10,37,826,0,0,0,,0,0,0,,0,0,0,,269,0,0,0,
6d6b6d6e7b4b464bb093c9d34cee9754,37,721,0,0,0,,0,0,0,,0,0,0,,391,0,0,0,
7360e8cae69b4d4fbe91510c776b1c5e,37,3384,0,0,10,https://www.youtube.com/watch?v=8lHLiB3QwUs,0,0,0,,0,0,10,https://www.youtube.com/watch?v=8lHLiB3QwUs,243,32,29,81,https://www.twitch.tv/videos/2886311974
73273454c7b4453a834a74701826e0b8,36,594,0,0,0,,0,0,0,,0,0,0,,1011,114,79,249,https://www.twitch.tv/videos/2887075620
6bcb75418dd24274b2fe4b8e60a94999,36,4432,0,0,0,,0,0,0,,0,0,0,,379,0,0,0,
b9d51a073b4542ac800bd7c9e38d0902,36,1261,0,0,0,,0,0,0,,0,0,0,,227,0,0,0,
1e90b55b0e0b483d971e0c1fe02c750c,35,126,0,0,0,,0,0,0,,0,0,0,,0,0,0,0,
b46cdde6e23343d5b5a9cfd115286e26,35,849,0,0,0,,0,0,0,,0,0,0,,217,53,46,80,https://www.twitch.tv/videos/2887953102
0b53549edaf5490ca350ef17aee7b8b9,34,200,0,0,0,,0,0,0,,0,0,0,,534,29,18,33,https://www.twitch.tv/videos/2888023396
9f976a39c1fa4e6dae3ed11b771ef918,33,5290,0,0,0,,0,0,0,,0,0,0,,60,0,0,0,
e3ee9544e190459d9bc2bdf3c1ccde7b,32,4358,6,2,19,https://www.youtube.com/watch?v=RchWyul1WJw,0,0,0,,6,2,19,https://www.youtube.com/watch?v=RchWyul1WJw,837,92,71,149,https://www.twitch.tv/videos/2880988606
b8495fc4bb174140acf0ebd7d64fe044,31,2791,0,0,0,,0,0,0,,0,0,0,,2858,0,0,0,
bbf59615227a44069ef42e5d76cf98bb,30,463,0,0,0,,0,0,0,,0,0,0,,340,54,29,150,https://www.twitch.tv/videos/2872939450
bf2a683536dd447c83b75340e3db3b0a,29,1872,0,0,0,,0,0,0,,0,0,0,,166,180,139,307,https://www.twitch.tv/videos/2886317655
5454ccf6c8ee496296e7084081863575,29,1137,418,103,418,https://www.youtube.com/watch?v=WttvdT8uOeo,418,103,418,https://www.youtube.com/watch?v=WttvdT8uOeo,0,0,0,,39,25,21,34,https://www.twitch.tv/videos/2885427648
6c52137d373a45d58eafc0d52253dcf8,28,0,0,0,0,,0,0,0,,0,0,0,,1335,440,213,706,https://www.twitch.tv/videos/2875517276
09b185b91ede45769f179d43b227da47,28,555,0,0,0,,0,0,0,,0,0,0,,297,83,23,244,https://www.twitch.tv/videos/2886178380
50c9dbd2624f41408f2b6a9ccf61e447,26,534,0,0,0,,0,0,0,,0,0,0,,308,65,46,80,https://www.twitch.tv/videos/2886291149
0b165d46f9164557b16678383820ee04,26,0,0,0,0,,0,0,0,,0,0,0,,726,0,0,0,
59216a033f2b47128d190a5ed1add217,25,14,0,0,0,,0,0,0,,0,0,0,,257,0,0,0,
fd183b51115b4fefaf8ff3388d40acb3,25,57,0,0,0,,0,0,0,,0,0,0,,704,0,0,0,
d4cd6eee95774ca389aebf3e783a8cd8,24,284,0,0,0,,0,0,0,,0,0,0,,490,45,33,51,https://www.twitch.tv/videos/2886202375
173423093026403dbd1443e56c47b3db,23,972,0,0,0,,0,0,0,,0,0,0,,371,12,11,17,https://www.twitch.tv/videos/2890745814
0c016d6bcf2643d3864fa81866c6a798,23,251,0,0,0,,0,0,0,,0,0,0,,392,164,115,370,https://www.twitch.tv/videos/2889590079
5a59b23a201f4b2d8729b0f4b33c9e6b,22,2000,0,0,0,,0,0,0,,0,0,0,,127,26,18,26,https://www.twitch.tv/videos/2883530219
9a1abae3664f4f249051a36bb7ee4a13,21,0,0,0,0,,0,0,0,,0,0,0,,823,524,321,527,https://www.twitch.tv/videos/2879986938
d71e503b11d04c8a9a7ae74f5e0d9fc4,21,2053,5,1,1126,https://www.youtube.com/watch?v=maudincKDkM,4,1,12,https://www.youtube.com/watch?v=WsDevJGylmQ,6,2,1126,https://www.youtube.com/watch?v=maudincKDkM,70,47,31,163,https://www.twitch.tv/videos/2885287990
02711a3510574bf3bf75c44de49b54c4,20,151,77,49,86,https://www.youtube.com/watch?v=ZpcHe8ol7Cc,0,0,0,,77,49,86,https://www.youtube.com/watch?v=ZpcHe8ol7Cc,241,79,45,79,https://www.twitch.tv/videos/2880151454
a6815e229f914db2a936ad70c285cea2,18,1378,0,0,0,,0,0,0,,0,0,0,,457,0,0,0,
0886366d9cb8424e90fd8b3e12dcc0af,18,1605,24,18,104,https://www.youtube.com/watch?v=3bl6DV0PEMc,0,0,0,,24,18,104,https://www.youtube.com/watch?v=3bl6DV0PEMc,1493,134,80,518,https://www.twitch.tv/videos/2880147276
ead3db33c54e411baa75a4bad3b48aee,16,85,0,0,0,,0,0,0,,0,0,0,,1643,85,70,110,https://www.twitch.tv/videos/2881823094
0a07165e6a2f45ab9b6c96debba1f079,16,0,0,0,0,,0,0,0,,0,0,0,,574,234,161,311,https://www.twitch.tv/videos/2883598813
4d1ee216944d484094d6a1d8c30cdd86,14,30,0,0,0,,0,0,0,,0,0,0,,574,179,53,344,https://www.twitch.tv/videos/2879139545
e3b45528947e48a4b68964369bb69e00,12,1597,0,0,0,,0,0,0,,0,0,0,,313,113,59,197,https://www.twitch.tv/videos/2885271992
156fb169c746493bb50c813f20c4d1a8,12,130,0,0,0,,0,0,0,,0,0,0,,62,0,0,0,
f058268c96ac4a8eb86cacb70bb9d0fb,9,21467,0,0,0,,0,0,0,,0,0,0,,86,17,9,17,https://www.twitch.tv/videos/2879211096
e2c0d3ba19244f75888e5dbe1881d22f,5,96,0,0,0,,0,0,0,,0,0,0,,1384,324,252,401,https://www.twitch.tv/videos/2887893073
19fdf3885dcf4d45bdf768a6f3fd99b4,4,91,0,0,0,,0,0,0,,0,0,0,,583,0,0,0,
56dc4f6ade114f04b6ed4022cfdddf55,0,0,0,0,0,,0,0,0,,0,0,0,,193,111,82,123,https://www.twitch.tv/videos/2886859463
aa72818fdcaf460b9b3f90e92d702e57,0,0,0,0,0,,0,0,0,,0,0,0,,8569,1711,662,2833,https://www.twitch.tv/videos/2882777494
921d25072caf403ea797c3d5f61f84cf,0,0,0,0,0,,0,0,0,,0,0,0,,1838,0,0,0,
d30a2d88bd2146a8870209e98004e0f0,0,0,0,0,0,,0,0,0,,0,0,0,,2095,758,519,1223,https://www.twitch.tv/videos/2885300136
d3f5c739727041bbb2151e96d9368bae,0,0,0,0,0,,0,0,0,,0,0,0,,673,298,194,407,https://www.twitch.tv/videos/2885498402
2af6cb0e15ce4839ba711b47608d4f4d,0,0,0,0,0,,0,0,0,,0,0,0,,4009,602,586,602,https://www.twitch.tv/videos/2890760717
ba562aad440d483e988d3ce7e7217c94,0,0,0,0,0,,0,0,0,,0,0,0,,37883,5468,2304,26871,https://www.twitch.tv/videos/2883556668
305290c734e94a74881ae46c49ea18c4,0,0,0,0,0,,0,0,0,,0,0,0,,7259,1303,604,1569,https://www.twitch.tv/videos/2884601121
55e9448a0a9040f99dc8ea1cf86cbad5,0,0,0,0,0,,0,0,0,,0,0,0,,1334,20,13,32,https://www.twitch.tv/videos/2880038028
389c752acb964aeda95f36098fd37ef0,0,0,0,0,0,,0,0,0,,0,0,0,,1689,141,103,160,https://www.twitch.tv/videos/2882637764
afa3e309e41044c5bffe17466607d481,0,0,0,0,0,,0,0,0,,0,0,0,,35736,11986,4268,30964,https://www.twitch.tv/videos/2884470286
107fac8e77f74af8ba95491ae9492642,0,0,0,0,0,,0,0,0,,0,0,0,,470,0,0,0,
091175f48e6c4ead84a2811cb3f22560,0,0,0,0,0,,0,0,0,,0,0,0,,105,0,0,0,
e353f482c5be4887838ea9fdf802ad91,0,0,0,0,0,,0,0,0,,0,0,0,,3827,497,336,835,https://www.twitch.tv/videos/2880115857
88526add0348499c95bd5838a5f35989,0,0,0,0,0,,0,0,0,,0,0,0,,2041,223,195,310,https://www.twitch.tv/videos/2888782653
e18c43e19e9b4fc8af0cdc24c33ae476,0,0,0,0,0,,0,0,0,,0,0,0,,2466,0,0,0,
66c8fc624de94d8e8af4325e41ce7c34,0,0,0,0,0,,0,0,0,,0,0,0,,1762,511,245,898,https://www.twitch.tv/videos/2879127003
242326a56b0d4ca7a37c08a8fc2be138,0,0,0,0,0,,0,0,0,,0,0,0,,802,0,0,0,
4dd7cfc58ae54c1fa6211ba9b1c607ec,0,0,0,0,0,,0,0,0,,0,0,0,,2159,825,711,1127,https://www.twitch.tv/videos/2890547928
59152798bfa74acb8bad10346fd10d69,0,0,0,0,0,,0,0,0,,0,0,0,,1691,315,57,359,https://www.twitch.tv/videos/2871228764
cfc7bcf869514c70a5091672d3acb031,0,0,0,0,0,,0,0,0,,0,0,0,,416,0,0,0,
76489786a22c4162970f9c288157db6b,0,0,0,0,0,,0,0,0,,0,0,0,,1863,111,89,127,https://www.twitch.tv/videos/2886870675
fdb4872691864af8825511a6d0c72895,0,0,0,0,0,,0,0,0,,0,0,0,,641,111,87,307,https://www.twitch.tv/videos/2884935176
8c2f8700978045ec86bf1ade1b3e650b,0,0,0,0,0,,0,0,0,,0,0,0,,890,167,103,437,https://www.twitch.tv/videos/2883371442
f0bc26cfe4a8451d863a8d8cbd6313ed,0,0,0,0,0,,0,0,0,,0,0,0,,6,0,0,0,
288d3972d3164ee595228b8a5959ac00,0,0,0,0,0,,0,0,0,,0,0,0,,2987,0,0,0,
e4421bd8d15848c09fa4ad4df162c858,0,0,0,0,0,,0,0,0,,0,0,0,,387,0,0,0,
9ca05592c52f42649191751f18cb70e6,0,0,0,0,0,,0,0,0,,0,0,0,,2699,146,101,359,https://www.twitch.tv/videos/2885400599
3cfc2b54a543469b92a95ff1e3f1da54,0,0,0,0,0,,0,0,0,,0,0,0,,1602,0,0,0,
d804bcd787db4333bca9dccd268ed32a,0,0,0,0,0,,0,0,0,,0,0,0,,3951,1438,808,4856,https://www.twitch.tv/videos/2884320882
f5034a946bf249c780a864c19efda669,0,0,0,0,0,,0,0,0,,0,0,0,,423,11,8,15,https://www.twitch.tv/videos/2883640147
f63e4427852143aea61621a639c0b391,0,0,0,0,0,,0,0,0,,0,0,0,,216,291,205,633,https://www.twitch.tv/videos/2890525934
3a2199639669433faff0591468bcfa10,0,0,0,0,0,,0,0,0,,0,0,0,,1141,0,0,0,
4f1ccc5966a847308552b2c7b05e18dc,0,0,0,0,0,,0,0,0,,0,0,0,,28,48,44,48,https://www.twitch.tv/videos/2889572021
936b23e5e87144108c5d3f09f194c8b8,0,0,0,0,0,,0,0,0,,0,0,0,,6737,0,0,0,
057faa70622247bd933959412bbeb667,0,0,0,0,0,,0,0,0,,0,0,0,,1075,0,0,0,
3de6bc82438b451abf5ebe76a366be24,0,0,0,0,0,,0,0,0,,0,0,0,,3641,0,0,0,
6ec708afd89043b682eb82dacc36c3c9,0,0,0,0,0,,0,0,0,,0,0,0,,1145,2211,308,2211,https://www.twitch.tv/videos/2868641824
e53606f1bf0c4059b1226b6c2e037fd0,0,0,0,0,0,,0,0,0,,0,0,0,,916,123,111,1405,https://www.twitch.tv/videos/2890217684
644e669aa31443fe9a61a14e75ebd21e,0,0,0,0,0,,0,0,0,,0,0,0,,7342,339,148,413,https://www.twitch.tv/videos/2874566147
c2777df3c8d341f4a1f0bb9cda8d9365,0,0,0,0,0,,0,0,0,,0,0,0,,1666,0,0,0,
31f4c00be9eb41a1a6be0356614048fd,0,0,0,0,0,,0,0,0,,0,0,0,,3602,114,31,214,https://www.twitch.tv/videos/2866773216
99c240d0c1a047b4a4e017d764a54c62,0,0,0,0,0,,0,0,0,,0,0,0,,454,0,0,0,
a5773880b0f040a9abbecacf3eb0eb29,0,0,0,0,0,,0,0,0,,0,0,0,,2484,92,72,223,https://www.twitch.tv/videos/2890589614
be1a18aa8599409ba250e5345e62fed6,0,0,0,0,0,,0,0,0,,0,0,0,,2177,120,22,280,https://www.twitch.tv/videos/2880121352
16896dffcb474d7aa21540c944a2f7de,0,0,0,0,0,,0,0,0,,0,0,0,,3362,1535,781,1886,https://www.twitch.tv/videos/2882706914
ed051ffc6cd643c287a678fea774e644,0,0,0,0,0,,0,0,0,,0,0,0,,2688,0,0,0,
c29bc8bf78dd417980491f19333c8fa2,0,0,0,0,0,,0,0,0,,0,0,0,,13425,0,0,0,
6a6547a3f19d4870a6f11b88c60a5296,0,0,0,0,0,,0,0,0,,0,0,0,,3570,325,245,376,https://www.twitch.tv/videos/2887931742
480aca28939a4eb5bf558a710e21709c,0,0,0,0,0,,0,0,0,,0,0,0,,2977,158,128,806,https://www.twitch.tv/videos/2881895519
228427b15b964f1396b5a7b5eb224a21,0,0,0,0,0,,0,0,0,,0,0,0,,54,0,0,0,
6908430ccb204a1b9d95ee7a1711cae3,0,0,0,0,0,,0,0,0,,0,0,0,,2557,0,0,0,
e698befe9649448885d93094cd4dc6a9,0,0,0,0,0,,0,0,0,,0,0,0,,4539,436,387,5120,https://www.twitch.tv/videos/2869446978
b6519fbc0d6941d4b43ce1742a14b0b2,0,0,0,0,0,,0,0,0,,0,0,0,,707,0,0,0,
1a95bb88e451498ca3491b69af964588,0,0,0,0,0,,0,0,0,,0,0,0,,37859,2961,1745,6063,https://www.twitch.tv/videos/2877316586
b1f8da62ceca4089a4e7115624be25bc,0,0,0,0,0,,0,0,0,,0,0,0,,3376,1914,558,2634,https://www.twitch.tv/videos/2889364389
59904dcbea754d238b0710e75262d119,0,0,0,0,0,,0,0,0,,0,0,0,,617,0,0,0,
fe62d50e41af4aa29c3e2b0cfc62fb3d,0,0,0,0,0,,0,0,0,,0,0,0,,1027,79,63,272,https://www.twitch.tv/videos/2888788909
c8728d2ddd4f4a929764b11247c88c22,0,0,0,0,0,,0,0,0,,0,0,0,,622,0,0,0,
8ee91529ce264452890b80ffb514248a,0,0,0,0,0,,0,0,0,,0,0,0,,1095,1290,892,2002,https://www.twitch.tv/videos/2890462530
31a4ca5b5d554c13902eff32302e5eb9,0,0,0,0,0,,0,0,0,,0,0,0,,2409,417,195,712,https://www.twitch.tv/videos/2884220805
2996488b9f454fb3a42c17ab292ac63c,0,0,0,0,0,,0,0,0,,0,0,0,,761,233,180,332,https://www.twitch.tv/videos/2889890833
8024d67e25454783a698e5ecf2c4dc67,0,0,0,0,0,,0,0,0,,0,0,0,,643,204,118,214,https://www.twitch.tv/videos/2884577245
c8c9028316b44ae9a1ac302337862085,0,0,0,0,0,,0,0,0,,0,0,0,,615,79,68,213,https://www.twitch.tv/videos/2886190433
c099b7e8d46c418d8e17097d496f3b83,0,0,0,0,0,,0,0,0,,0,0,0,,3721,754,303,2070,https://www.twitch.tv/videos/2879220573
9c85aee2166449c395c18b0bc06f89e2,0,0,0,0,0,,0,0,0,,0,0,0,,348,0,0,0,
60cc7f18c0fe438280af5a81b31eb923,0,0,0,0,0,,0,0,0,,0,0,0,,4103,321,172,786,https://www.twitch.tv/videos/2878058472
d25a9902f0f347be84febc0a8a932a56,0,0,0,0,0,,0,0,0,,0,0,0,,1421,159,120,159,https://www.twitch.tv/videos/2885194025
a5b71bba2a2347a080ae3443d5ef47d5,0,0,0,0,0,,0,0,0,,0,0,0,,836,0,0,0,
bf277797951346fe991c27c79a6c5081,0,0,0,0,0,,0,0,0,,0,0,0,,9750,779,363,1387,https://www.twitch.tv/videos/2887886696
6a963053004f4deaa0dbdf875db41879,0,0,0,0,0,,0,0,0,,0,0,0,,662,0,0,0,
f8ade397837d42f7a9167e0d4f20fc56,0,0,0,0,0,,0,0,0,,0,0,0,,2648,0,0,0,
f84598913e654789a80556fd38388dfb,0,0,0,0,0,,0,0,0,,0,0,0,,1516,0,0,0,
0572bddb85b24166820f34f39164f99c,0,0,0,0,0,,0,0,0,,0,0,0,,856,157,93,235,https://www.twitch.tv/videos/2889794942
ad2aef5af5074f14af7f6ddf7899743a,0,0,0,0,0,,0,0,0,,0,0,0,,1996,0,0,0,
d91ffcc2823f4121a2caa347a8c2a507,0,0,0,0,0,,0,0,0,,0,0,0,,861,58,41,58,https://www.twitch.tv/videos/2883586465
4fcbdf1b0a384ee58733b1e852edefa5,0,0,0,0,0,,0,0,0,,0,0,0,,1142,127,94,372,https://www.twitch.tv/videos/2886365540
e94cfb3c71d94965bfc98f135bfd2f14,0,0,0,0,0,,0,0,0,,0,0,0,,991,263,101,578,https://www.twitch.tv/videos/2884524495
0495c29470d143fa99819123878186b7,0,0,0,0,0,,0,0,0,,0,0,0,,5523,0,0,0,
e32a4d49fba7459fbdf9e242288fa18c,0,0,0,0,0,,0,0,0,,0,0,0,,5000,174,59,239,https://www.twitch.tv/videos/2884499472
e34f7c6a99ea4780b2351de111e222e6,0,0,0,0,0,,0,0,0,,0,0,0,,284,82,66,82,https://www.twitch.tv/videos/2886396104
a17fcdf32a124beba3fba16299aed2b3,0,0,0,0,0,,0,0,0,,0,0,0,,8602,591,283,654,https://www.twitch.tv/videos/2870315088
e210fb08b0744535a907823fa9f062cc,0,0,0,0,0,,0,0,0,,0,0,0,,1531,227,129,761,https://www.twitch.tv/videos/2871690372
dbabd28a98cf447189088251a5b973d4,0,0,0,0,0,,0,0,0,,0,0,0,,251,0,0,0,
828ab4c66f5f43f298d237374a266b7e,0,0,0,0,0,,0,0,0,,0,0,0,,3054,442,148,744,https://www.twitch.tv/videos/2866543853
7dd086a606284ba6b7b584f8b00dc190,0,0,0,0,0,,0,0,0,,0,0,0,,427,18,15,66,https://www.twitch.tv/videos/2888867180
9e64bba43928414884503de36f805c48,0,0,0,0,0,,0,0,0,,0,0,0,,50690,28105,11756,97461,https://www.twitch.tv/videos/2887058721
daa0d327175a43dc9bb627bc6db7de56,0,0,0,0,0,,0,0,0,,0,0,0,,1337,0,0,0,
36beb36f581f44d393dcf0af2b194789,0,0,0,0,0,,0,0,0,,0,0,0,,6387,386,160,501,https://www.twitch.tv/videos/2866837633
06337167c1a14d82b6a7f7cc71eac813,0,0,0,0,0,,0,0,0,,0,0,0,,843,0,0,0,
91919c2ad07a4db88e0b4cfbc1739940,0,0,0,0,0,,0,0,0,,0,0,0,,2929,0,0,0,
cda9668f324445a7bd507094ad6946b8,0,0,0,0,0,,0,0,0,,0,0,0,,421,0,0,0,
a3a1caa89669445db63f22b9a3af88b0,0,0,0,0,0,,0,0,0,,0,0,0,,1194,0,0,0,
02fa128da7cc4f3aab0f1c5ee356f342,0,0,0,0,0,,0,0,0,,0,0,0,,578,93,82,113,https://www.twitch.tv/videos/2887125533
326e21d5b6e7446698969bbd8be1b564,0,0,0,0,0,,0,0,0,,0,0,0,,2391,0,0,0,
eeefa43ecaf74f7b822dde3f0e7683d4,0,0,0,0,0,,0,0,0,,0,0,0,,2067,143,36,156,https://www.twitch.tv/videos/2869479040
83f96fd6cab64f4da581c50cd2a31b82,0,0,0,0,0,,0,0,0,,0,0,0,,3957,0,0,0,
7cd55e03d87c4c77843a437ec0703670,0,0,0,0,0,,0,0,0,,0,0,0,,3017,0,0,0,
1addf96267ac494bb73c9e6f6e1793b8,0,0,0,0,0,,0,0,0,,0,0,0,,2821,0,0,0,
880137f60dc842b98862f5b86ba8d94d,0,0,0,0,0,,0,0,0,,0,0,0,,745,70,52,72,https://www.twitch.tv/videos/2880177170
256252fdd3d1437995088c56e674fcf0,0,0,0,0,0,,0,0,0,,0,0,0,,1178,61,55,61,https://www.twitch.tv/videos/2888849163
4fadb90960a844daab26191bb158d3a3,0,0,0,0,0,,0,0,0,,0,0,0,,3272,0,0,0,
5b62816b7dee4c13856f3c21629be3c4,0,0,0,0,0,,0,0,0,,0,0,0,,24885,1936,769,4436,https://www.twitch.tv/videos/2886163473
89e97a0dc5844cf88fe30a25f347aac0,0,0,0,0,0,,0,0,0,,0,0,0,,485,83,80,83,https://www.twitch.tv/videos/2890761782
fa59e2edc64c432ebaeeb66b2a53ab2d,0,0,0,0,0,,0,0,0,,0,0,0,,5681,1176,545,2690,https://www.twitch.tv/videos/2886958045
b053612876e04de488a32893a19f4b08,0,0,0,0,0,,0,0,0,,0,0,0,,416,52,41,98,https://www.twitch.tv/videos/2885394456
a0ba9fee8a7747cab74e98ed61fb4a68,0,0,0,0,0,,0,0,0,,0,0,0,,1227,87,49,110,https://www.twitch.tv/videos/2880171673
555fe6a78fdb4d8b9fa8a286377972e8,0,0,0,0,0,,0,0,0,,0,0,0,,1171,0,0,0,
22eea06367f4430d816e38dfb68a26cf,0,0,0,0,0,,0,0,0,,0,0,0,,984,0,0,0,
8cbfffe3cac54065be4149b03b680d87,0,0,0,0,0,,0,0,0,,0,0,0,,575,0,0,0,
6c7336d4605540c6871de5f96874129c,0,0,0,0,0,,0,0,0,,0,0,0,,24479,4033,2620,35075,https://www.twitch.tv/videos/2871625852
ec045a49833c4c2fa7b7012ca7544e18,0,0,0,0,0,,0,0,0,,0,0,0,,1714,78,62,78,https://www.twitch.tv/videos/2886168845
cad8c81461ac41c887bdf3617ccdaee6,0,0,0,0,0,,0,0,0,,0,0,0,,1158,57,40,642,https://www.twitch.tv/videos/2889788082
4cb08241fbce4905a83ed02de6a1af9c,0,0,0,0,0,,0,0,0,,0,0,0,,9234,1803,570,3183,https://www.twitch.tv/videos/2884754650
32aabdc7b41144a8b1bd28954cd3278c,0,0,0,0,0,,0,0,0,,0,0,0,,1517,0,0,0,
4c42b9f574e7438d8aea8b099e451505,0,0,0,0,0,,0,0,0,,0,0,0,,1164,60,48,86,https://www.twitch.tv/videos/2884548692
ed1b68a3184d466bb17b3c3363fad948,0,0,0,0,0,,0,0,0,,0,0,0,,820,35,25,46,https://www.twitch.tv/videos/2885291193
3840a44ffffd48098bdfc16c4ee537bb,0,0,0,0,0,,0,0,0,,0,0,0,,2852,0,0,0,
