V5##VTuber ID,YouTube Subscriber Count,YouTube View Count,YouTube Recent Total Median View Count,YouTube Recent Total Popularity,YouTube Recent Total Highest View Count,YouTube Recent Total Highest Viewed URL,YouTube Recent Livestream Median View Count,YouTube Recent Livestream Popularity,YouTube Recent Livestream Highest View Count,YouTube Recent Livestream Highest Viewed URL,YouTube Recent Video Median View Count,YouTube Recent Video Popularity,YouTube Recent Video Highest View Count,YouTube Recent Video Highest Viewed URL,Twitch Follower Count,Twitch Recent Median View Count,Twitch Recent Popularity,Twitch Recent Highest View Count,Twitch Recent Highest Viewed URL
1c5619a4ece046dd8ba68ed343489ca3,548000,108646210,40875,20756,273619,https://www.youtube.com/watch?v=9tSqVFmfkxA,16077,8887,22882,https://www.youtube.com/watch?v=eCVSxvJ0geA,50590,22280,273619,https://www.youtube.com/watch?v=9tSqVFmfkxA,32971,0,0,0,
f6a4e7aa8d0c4e5cb39d199845ec4d02,441000,68510295,14050,5637,20784,https://www.youtube.com/watch?v=STtOJ4WMr4k,14050,5637,20784,https://www.youtube.com/watch?v=STtOJ4WMr4k,0,0,0,,122132,12457,5945,18044,https://www.twitch.tv/videos/2891564762
5535c9524eb046c38e172ebfa06b302f,403000,139806275,19025,10405,132069,https://www.youtube.com/watch?v=6sQvP50Q2n0,24590,14358,132069,https://www.youtube.com/watch?v=6sQvP50Q2n0,12788,7577,38768,https://www.youtube.com/watch?v=hRejNoC1278,74228,1115,447,4933,https://www.twitch.tv/videos/2884401089
664e1b310cf343b78623f99b31e40fae,394000,57760785,0,0,0,,0,0,0,,0,0,0,,16969,0,0,0,
d837e8fda137492c9d77882b98ff863a,374000,213819555,75130,24128,438410,https://www.youtube.com/watch?v=rnR-0l0CeAo,29670,19000,81264,https://www.youtube.com/watch?v=I7HncCyyUro,138599,74032,438410,https://www.youtube.com/watch?v=rnR-0l0CeAo,68170,26227,11501,52661,https://www.twitch.tv/videos/2880887238
182da09d8d454f37a52ec546cbb35e39,346000,99282863,38292,20161,382050,https://www.youtube.com/watch?v=lU_x-wQfQU4,26230,11188,45761,https://www.youtube.com/watch?v=-LIDgp3N2h4,62355,27835,382050,https://www.youtube.com/watch?v=lU_x-wQfQU4,6399,790,697,1466,https://www.twitch.tv/videos/2888848836
c04f006e69e04000a68cd0c41f888eb2,246000,25934828,12092,6412,447812,https://www.youtube.com/watch?v=wypZ0-k7Ne8,10197,5979,21992,https://www.youtube.com/watch?v=QnTtklS_eTI,33121,20066,447812,https://www.youtube.com/watch?v=wypZ0-k7Ne8,0,0,0,0,
897400f2658a483286ca6acc927006ca,239000,40347534,6466,2348,11698,https://www.youtube.com/watch?v=djODs_KTyO4,2845,1341,3158,https://www.youtube.com/watch?v=nBGT3ZVPcuw,8182,3560,11698,https://www.youtube.com/watch?v=djODs_KTyO4,10774,397,389,397,https://www.twitch.tv/videos/2891686605
abd64c9a64e04fb1b23faa2480c1c106,229000,82930796,4980,1624,30124,https://www.youtube.com/watch?v=yR6W9f4oC28,5109,1927,24449,https://www.youtube.com/watch?v=IsscSA_B5e8,4768,1582,30124,https://www.youtube.com/watch?v=yR6W9f4oC28,2388,101,85,101,https://www.twitch.tv/videos/2888018756
4b6b055ada4d4f0ab63b7ad02a3fa3ef,224000,19344976,2836,1224,10840,https://www.youtube.com/watch?v=BhDcX1NgbMQ,2829,1147,4476,https://www.youtube.com/watch?v=G1m99bJVF7o,10840,4119,10840,https://www.youtube.com/watch?v=BhDcX1NgbMQ,55743,821,248,1324,https://www.twitch.tv/videos/2888878440
a9f6574e98f34b20a05269134930fb50,221000,11188106,9020,3757,23862,https://www.youtube.com/watch?v=5U3YCZeipvM,13175,6027,22694,https://www.youtube.com/watch?v=59v_eCj0GAA,6367,3025,23862,https://www.youtube.com/watch?v=5U3YCZeipvM,0,0,0,0,
7c06b9e316ce4ac18ce836cd72442bbe,206000,67900170,10331,5267,20533,https://www.youtube.com/watch?v=aK-A4NRfD4g,10059,4611,17315,https://www.youtube.com/watch?v=6yQvF2DHZkQ,15943,5540,20533,https://www.youtube.com/watch?v=aK-A4NRfD4g,55386,3401,2494,8056,https://www.twitch.tv/videos/2878062250
312fdd3c5e6d4aefa73fd3860ecc5613,193000,38148974,16137,5678,117900,https://www.youtube.com/watch?v=n-OohV_lbXg,31751,9205,37449,https://www.youtube.com/watch?v=APqZY0nYc2k,7653,3673,117900,https://www.youtube.com/watch?v=n-OohV_lbXg,27675,7442,2214,13176,https://www.twitch.tv/videos/2883628845
c65e7caaf81a43249d5132b9fe312b24,185000,18330225,12353,7352,50963,https://www.youtube.com/watch?v=OsbyiE5OC7A,12199,6394,17076,https://www.youtube.com/watch?v=WcF346gI6fk,33710,22134,50963,https://www.youtube.com/watch?v=OsbyiE5OC7A,0,0,0,0,
e93bd1102e214cbaa71cc5b2e4a53595,185000,38920588,23566,8535,175569,https://www.youtube.com/watch?v=_dTDYTfJ9HM,23566,8535,53247,https://www.youtube.com/watch?v=ipqwxWh1QyU,25611,9969,175569,https://www.youtube.com/watch?v=_dTDYTfJ9HM,92036,18795,9076,35970,https://www.twitch.tv/videos/2887103696
265a18972d244affae35711cfd1f9931,184000,23575748,8897,3218,29800,https://www.youtube.com/watch?v=og17Dhb7yXA,8667,3576,29800,https://www.youtube.com/watch?v=og17Dhb7yXA,9128,2942,19963,https://www.youtube.com/watch?v=2vXyov3IWMA,19538,1150,405,9666,https://www.twitch.tv/videos/2882479164
f1b5f88144e14bd188e17b2f98303713,177000,37362274,207549,93981,917111,https://www.youtube.com/watch?v=j_-xFU0S61o,12089,8280,15878,https://www.youtube.com/watch?v=DqKsdD046YM,277033,115327,917111,https://www.youtube.com/watch?v=j_-xFU0S61o,0,0,0,0,
3f4650e05ceb41008bd16869780b7af1,174000,96373083,54127,34468,258508,https://www.youtube.com/watch?v=ALL2zgTYu28,7694,6291,14226,https://www.youtube.com/watch?v=f2f-BLLYhg0,78184,54200,258508,https://www.youtube.com/watch?v=ALL2zgTYu28,0,0,0,0,
f110fd69b66941bab04de9ada563c6ac,158000,19357713,6157,3320,110800,https://www.youtube.com/watch?v=yS80VTRGqas,6345,4052,110800,https://www.youtube.com/watch?v=yS80VTRGqas,1309,857,27237,https://www.youtube.com/watch?v=0X7gnmVw89A,17124,2295,1416,6912,https://www.twitch.tv/videos/2886111418
6dc75ab227e34c928598bde8f2d324bf,152000,53646697,57857,22868,177860,https://www.youtube.com/watch?v=uWN2YxmGVVU,27031,13067,77348,https://www.youtube.com/watch?v=orlZ3o0ickw,98928,56465,177860,https://www.youtube.com/watch?v=uWN2YxmGVVU,0,0,0,0,
bafb134fd2f849898d6242d1f5f683cc,147000,27816453,13911,8925,53965,https://www.youtube.com/watch?v=tXO4wWCUBZ8,12388,5636,31148,https://www.youtube.com/watch?v=osvRaSmcQwU,23206,14456,53965,https://www.youtube.com/watch?v=tXO4wWCUBZ8,46479,11873,4645,33250,https://www.twitch.tv/videos/2877985183
fa5a7cdc259543259af42bb23f1e4041,147000,43920428,10298,4664,166897,https://www.youtube.com/watch?v=LxvtCK4mUdw,7300,3560,16441,https://www.youtube.com/watch?v=NgXCH8e6ePc,35436,11490,166897,https://www.youtube.com/watch?v=LxvtCK4mUdw,0,0,0,0,
b41844198887422fb52cb928a272cbc8,146000,51889047,3652,1536,74251,https://www.youtube.com/watch?v=1YUJEROxYkE,3585,1473,8736,https://www.youtube.com/watch?v=TNqg2wHIsgM,36343,7681,74251,https://www.youtube.com/watch?v=1YUJEROxYkE,0,0,0,0,
0641a9c8b9a94994aaa33e0c86fef75b,141000,42840636,9727,4897,48429,https://www.youtube.com/watch?v=HJLSnCtNKsE,6585,2843,15741,https://www.youtube.com/watch?v=G92PKPfAfiM,14791,7453,48429,https://www.youtube.com/watch?v=HJLSnCtNKsE,8735,0,0,0,
58abad4aa8de49efb785367503dfd92c,135000,19518913,0,0,0,,0,0,0,,0,0,0,,0,0,0,0,
a3ce195c0069494c99849d0b1a10a7fd,133000,17927404,7464,3760,20760,https://www.youtube.com/watch?v=_ej1_UIhbc0,7188,3531,14750,https://www.youtube.com/watch?v=T7IwgDYSf5g,20760,6454,20760,https://www.youtube.com/watch?v=_ej1_UIhbc0,27108,1945,674,1945,https://www.twitch.tv/videos/2874766401
494d2c5daf9f4a8a8e4538687e6be14c,129000,6858151,5218,2613,29814,https://www.youtube.com/watch?v=lyQc7ksXfWg,5140,2613,10192,https://www.youtube.com/watch?v=epnLqLxVPg0,17488,4337,29814,https://www.youtube.com/watch?v=lyQc7ksXfWg,0,0,0,0,
e78cffa246c24a1c88031151cad8c385,127000,12874744,4581,2868,38675,https://www.youtube.com/watch?v=nn_4-eIddgM,4043,1920,7667,https://www.youtube.com/watch?v=mduiexdlKfM,21838,7564,38675,https://www.youtube.com/watch?v=nn_4-eIddgM,7303,1179,386,2198,https://www.twitch.tv/videos/2871171157
ab4f892ca62e4043b6287bdfe50b145d,118000,21686927,2870,1223,8895,https://www.youtube.com/watch?v=JdRHfYFXIO0,2870,1081,3253,https://www.youtube.com/watch?v=u0A4OXkolic,5061,4166,8895,https://www.youtube.com/watch?v=JdRHfYFXIO0,1484,0,0,0,
a9b855767b2d432c9f263e3427ff33a6,117000,18684985,10697,5539,55062,https://www.youtube.com/watch?v=CxWoaTbTvus,10151,5539,21245,https://www.youtube.com/watch?v=Z_OSv-tW7mY,10921,5365,55062,https://www.youtube.com/watch?v=CxWoaTbTvus,0,0,0,0,
b4a1791208fd4d85b7b08ee2bad0c236,112000,21123694,9846,3791,31643,https://www.youtube.com/watch?v=xcK6T9E0S-k,12588,5261,31643,https://www.youtube.com/watch?v=xcK6T9E0S-k,9124,3771,17585,https://www.youtube.com/watch?v=n7LCM7zcIFY,0,0,0,0,
5efb403f9a174bfd82d04d528a121042,110000,24995261,149399,104871,708302,https://www.youtube.com/watch?v=Pjiws4thYZs,37528,20629,76002,https://www.youtube.com/watch?v=lTjaCutbGx0,198333,108523,708302,https://www.youtube.com/watch?v=Pjiws4thYZs,17100,9366,1430,10367,https://www.twitch.tv/videos/2869340514
c0c033c9c8014562b58a7124b6b22fb0,110000,1788933,1303,734,5345,https://www.youtube.com/watch?v=DsqIvJe746o,1304,776,5345,https://www.youtube.com/watch?v=DsqIvJe746o,1166,692,1724,https://www.youtube.com/watch?v=h_kVnLKG3sE,0,0,0,0,
9cec24b011ee45648eb404066c997f49,110000,22168723,16800,8154,157501,https://www.youtube.com/watch?v=8zfcQlziQiQ,16800,7598,37497,https://www.youtube.com/watch?v=PgFgE3COsBE,20084,16844,157501,https://www.youtube.com/watch?v=8zfcQlziQiQ,41899,5280,2503,17498,https://www.twitch.tv/videos/2874472974
8bf35c3b9a9e461d825a9170555b71c2,107000,26778925,30648,20915,88815,https://www.youtube.com/watch?v=pXPXK1zaiew,30572,13856,66058,https://www.youtube.com/watch?v=-O8DWY3H_DE,50603,45823,88815,https://www.youtube.com/watch?v=pXPXK1zaiew,54302,15722,8209,45417,https://www.twitch.tv/videos/2890799773
15c9a54b946a40c38c07ea2f9efddfa5,107000,34645261,26474,15679,129119,https://www.youtube.com/watch?v=IQoBa-sFLdc,25494,14840,54047,https://www.youtube.com/watch?v=NQs6RGE5t0A,33914,16239,129119,https://www.youtube.com/watch?v=IQoBa-sFLdc,66885,23496,8483,42832,https://www.twitch.tv/videos/2870229346
04d2ff1dde6b4bb68503a734274f4b7e,107000,9403840,9121,2996,9422,https://www.youtube.com/watch?v=dEVDDSQ7TXw,9121,2996,9422,https://www.youtube.com/watch?v=dEVDDSQ7TXw,0,0,0,,0,0,0,0,
23ec5ecfb8c14ea893576783f1790643,105000,6508967,2143,969,19672,https://www.youtube.com/watch?v=N1Rj5PBedT8,2121,1094,4428,https://www.youtube.com/watch?v=oGsp6TsEsDk,19672,36,19672,https://www.youtube.com/watch?v=N1Rj5PBedT8,2311,335,230,460,https://www.twitch.tv/videos/2880964016
b126053a1356460ebf85a874a6a55aca,103000,44337364,5340,2260,10917,https://www.youtube.com/watch?v=SJPKOucusoY,5450,2552,10917,https://www.youtube.com/watch?v=SJPKOucusoY,2363,1491,4181,https://www.youtube.com/watch?v=sRGYbooEQXw,0,0,0,0,
702c74978d8f4adab79f292cbecb49a4,103000,15465781,5062,2222,45642,https://www.youtube.com/watch?v=MjeYkIxnjJY,4997,2377,7809,https://www.youtube.com/watch?v=BYzOpanc9-Y,5096,2209,45642,https://www.youtube.com/watch?v=MjeYkIxnjJY,13184,0,0,0,
98e3a5838fec4a6caa936ae35485de23,102000,9010297,2544,2181,3394,https://www.youtube.com/watch?v=U-0fgBmRZl0,0,0,0,,2544,2181,3394,https://www.youtube.com/watch?v=U-0fgBmRZl0,0,0,0,0,
ea4c1a67c2e445ad8028768616ceb659,92100,14236008,6531,4013,28669,https://www.youtube.com/watch?v=tHHwar2Gbww,6225,3455,12782,https://www.youtube.com/watch?v=XSg_91ZIfhM,20919,9326,28669,https://www.youtube.com/watch?v=tHHwar2Gbww,4273,0,0,0,
53707f0116dc4fca8614ac7139e40b83,91800,33052424,443,107,497,https://www.youtube.com/watch?v=S7EXtYUPUO8,443,107,497,https://www.youtube.com/watch?v=S7EXtYUPUO8,0,0,0,,5992,243,76,340,https://www.twitch.tv/videos/2882682734
a6a4e83ae23140e6bd1f7c817af8f864,90000,6384578,11717,4055,33059,https://www.youtube.com/watch?v=OiJLWlTaSZ4,11143,1675,11542,https://www.youtube.com/watch?v=lg0fFVluu78,19209,6116,33059,https://www.youtube.com/watch?v=OiJLWlTaSZ4,12633,2207,1062,3344,https://www.twitch.tv/videos/2877495121
9d9c6477329245cbb2557895f4f15686,89200,11629496,40630,13466,134217,https://www.youtube.com/watch?v=Q2_p9WbsRH8,0,0,0,,40630,13466,134217,https://www.youtube.com/watch?v=Q2_p9WbsRH8,178152,18549,7514,109687,https://www.twitch.tv/videos/2865721478
4544974bc5624035ae7bb0c9ed33e44e,86600,10260180,4975,2058,16252,https://www.youtube.com/watch?v=_kCqoIa-FcM,4837,1739,7534,https://www.youtube.com/watch?v=EbUW6ueY8g8,16252,2377,16252,https://www.youtube.com/watch?v=_kCqoIa-FcM,13970,1738,1073,3951,https://www.twitch.tv/videos/2876309379
6bd49f94afb144e995247388ca8c42a8,85500,19196528,56096,47188,152125,https://www.youtube.com/watch?v=4jfFB6XT7nw,37795,26942,51363,https://www.youtube.com/watch?v=kTdS68TNw-0,94869,51426,152125,https://www.youtube.com/watch?v=4jfFB6XT7nw,86973,49877,28687,127477,https://www.twitch.tv/videos/2880020851
4b6655120fbd4431a8f7894cac4a4d49,84100,9442180,3074,2223,56951,https://www.youtube.com/watch?v=NhJISqzq0sM,3565,2776,56951,https://www.youtube.com/watch?v=NhJISqzq0sM,2130,1235,6357,https://www.youtube.com/watch?v=70_RKOMlssg,0,0,0,0,
d6c4708f6eb94ac6ad7668363b132248,83800,2115765,1323,504,1928,https://www.youtube.com/watch?v=DwIDPyxFJxg,1323,504,1928,https://www.youtube.com/watch?v=DwIDPyxFJxg,0,0,0,,0,0,0,0,
7e81a72484054a5c89f3826ebc8946be,82800,6512813,2557,1521,16826,https://www.youtube.com/watch?v=oAAz5O269rU,2273,1269,4599,https://www.youtube.com/watch?v=EXcvA8WzAWk,2841,2033,16826,https://www.youtube.com/watch?v=oAAz5O269rU,14986,2518,1205,6394,https://www.twitch.tv/videos/2875447430
fd6a0236861940389e15ef85b16c6069,82300,37600937,129573,29980,554138,https://www.youtube.com/watch?v=dtnK2L86EH0,0,0,0,,129573,29980,554138,https://www.youtube.com/watch?v=dtnK2L86EH0,184471,42969,15554,94903,https://www.twitch.tv/videos/2878246571
911d3403c8e84dc3b0c4a2f6017698b6,80100,4062045,8833,4253,38285,https://www.youtube.com/watch?v=DIvhqo0C1Jw,15216,4856,38285,https://www.youtube.com/watch?v=DIvhqo0C1Jw,2474,775,21695,https://www.youtube.com/watch?v=_A8efCPxAfo,4221,933,794,1402,https://www.twitch.tv/videos/2887130303
5bd39e2c6dcf4ff19436d8a5fa069464,79300,13627164,21886,10969,57033,https://www.youtube.com/watch?v=WyXIfbgPDd0,20752,13140,37696,https://www.youtube.com/watch?v=qfWjSgrJPOA,27271,8798,57033,https://www.youtube.com/watch?v=WyXIfbgPDd0,34908,13273,5484,24367,https://www.twitch.tv/videos/2889844240
1ccdbe5d48934f4cbabc86512dd1d357,78700,6516308,0,0,0,,0,0,0,,0,0,0,,0,0,0,0,
0bf0ec441dc6489583f7218e02ab6a89,77500,5295740,982,480,6383,https://www.youtube.com/watch?v=0TxeKKI09ns,1013,563,6383,https://www.youtube.com/watch?v=0TxeKKI09ns,167,25,167,https://www.youtube.com/watch?v=k9uNjuDHLzw,10912,420,295,687,https://www.twitch.tv/videos/2879306966
17c335762a694402b8cb9a96b2865572,76400,8541975,4124,3310,7695,https://www.youtube.com/watch?v=HgK7ZNoJbMg,5152,4101,7695,https://www.youtube.com/watch?v=HgK7ZNoJbMg,2298,1724,4117,https://www.youtube.com/watch?v=6B5Hpg5ZwpQ,0,0,0,0,
02f5258d29b046bc9f597c9baac014bf,76000,10099811,32720,12884,570304,https://www.youtube.com/watch?v=lLk7otiY0BM,14086,6146,21111,https://www.youtube.com/watch?v=5Q-2AHDWeu0,103383,33216,570304,https://www.youtube.com/watch?v=lLk7otiY0BM,65064,66911,22678,109329,https://www.twitch.tv/videos/2877412954
8d113670c4514e5bb28823a756385528,73300,12862753,30392,17182,67208,https://www.youtube.com/watch?v=MNwpsaWYw2Y,24674,13867,67208,https://www.youtube.com/watch?v=MNwpsaWYw2Y,47661,31434,64065,https://www.youtube.com/watch?v=nOFnx71WFWI,33075,10579,4148,16377,https://www.twitch.tv/videos/2880977941
c5fe413a473d4638b53fb3f9019aabbe,71900,5699793,3501,1873,4668,https://www.youtube.com/watch?v=d949FZhJdOw,4668,3509,4668,https://www.youtube.com/watch?v=d949FZhJdOw,2335,237,2335,https://www.youtube.com/watch?v=FXo5EjixB3w,35583,28623,13975,56784,https://www.twitch.tv/videos/2877533163
cd42e06c40534d9eac7e30a434e47d43,71800,6027045,2041,1194,2916,https://www.youtube.com/watch?v=f3VxP17qPVE,2041,1194,2916,https://www.youtube.com/watch?v=f3VxP17qPVE,0,0,0,,3608,577,413,1062,https://www.twitch.tv/videos/2883621516
2694a505a0e0441bb99b49e8ce1f7473,69000,5739784,1325,282,1325,https://www.youtube.com/watch?v=Ifr25eJ7srk,0,0,0,,1325,282,1325,https://www.youtube.com/watch?v=Ifr25eJ7srk,56503,9583,4319,21533,https://www.twitch.tv/videos/2880120956
d5fdf5fc55d14476908e416e6d43c121,68700,6126080,3323,1888,21714,https://www.youtube.com/watch?v=XriF91T3YTU,3323,1955,21714,https://www.youtube.com/watch?v=XriF91T3YTU,3371,1031,3838,https://www.youtube.com/watch?v=oG2dUzeoWys,0,0,0,0,
4fc5a770272a43f1bb0a1d12aa3a9b46,66600,17164006,2769,1798,24786,https://www.youtube.com/watch?v=It2-FZzmpBs,2597,1577,2770,https://www.youtube.com/watch?v=eVfgELh_dwc,3267,1817,24786,https://www.youtube.com/watch?v=It2-FZzmpBs,0,0,0,0,
6c872a4043b84e4493877a42af684d1d,66300,10648615,3348,1740,9034,https://www.youtube.com/watch?v=kaMGF7yNpwo,3092,1740,5228,https://www.youtube.com/watch?v=v3mI03bjIoU,7559,4092,9034,https://www.youtube.com/watch?v=kaMGF7yNpwo,6256,645,439,645,https://www.twitch.tv/videos/2883563949
6a9a7c7dc3f94605b5f619e9fbcfa33d,66100,3184595,5822,2285,17504,https://www.youtube.com/watch?v=AUXe5GN_qjk,5979,3078,10593,https://www.youtube.com/watch?v=odHzJYyVRcs,5147,1621,17504,https://www.youtube.com/watch?v=AUXe5GN_qjk,0,0,0,0,
efe550a729e14dbab790a3f73205d8ed,65400,3688818,3587,1585,38088,https://www.youtube.com/watch?v=4z6T-oGZ47s,3690,1788,8164,https://www.youtube.com/watch?v=_JBJJDkfSlM,3216,1391,38088,https://www.youtube.com/watch?v=4z6T-oGZ47s,0,0,0,0,
1b63d89e0b1a4b579de6d99e25eaff8f,65200,15167662,19218,6951,59033,https://www.youtube.com/watch?v=hntN-HeOKMw,7618,4412,59033,https://www.youtube.com/watch?v=hntN-HeOKMw,24633,10745,39772,https://www.youtube.com/watch?v=KCYipaOx0AU,12863,0,0,0,
f5ff982730f54cd4826ff0530a4288c2,65000,7424509,14803,8421,41398,https://www.youtube.com/watch?v=28m3ht8L9As,10742,8206,18581,https://www.youtube.com/watch?v=m2JKEnX83DI,17840,8511,41398,https://www.youtube.com/watch?v=28m3ht8L9As,0,0,0,0,
cb94019fb4714e168b47d6757995efc3,64900,5360205,5596,2535,6629,https://www.youtube.com/watch?v=OHEYOOI_cMM,5485,1577,6629,https://www.youtube.com/watch?v=OHEYOOI_cMM,5707,3494,5707,https://www.youtube.com/watch?v=K4RXbCc3Crc,8699,1688,637,4012,https://www.twitch.tv/videos/2891488628
1323f1b775bf43659f8b8ec2899522cd,64700,4360821,4672,2428,6749,https://www.youtube.com/watch?v=avrrCI5bgY4,4672,2428,6749,https://www.youtube.com/watch?v=avrrCI5bgY4,0,0,0,,0,0,0,0,
0d717ed7ec134fb6ac94ce9dc4e25658,63600,5351380,4165,1475,12508,https://www.youtube.com/watch?v=bx3NHXXtrhA,4165,1475,12508,https://www.youtube.com/watch?v=bx3NHXXtrhA,0,0,0,,4638,856,634,953,https://www.twitch.tv/videos/2887128568
14a9a08fbdc641e8ac8c384dedfccf0a,63600,7997414,10616,5600,17017,https://www.youtube.com/watch?v=uit0Bf7y-WA,10300,5378,16510,https://www.youtube.com/watch?v=GHBo7rwBTVc,17017,15642,17017,https://www.youtube.com/watch?v=uit0Bf7y-WA,22185,11959,4957,27919,https://www.twitch.tv/videos/2868610741
99f6f80397b34d0b9a0cfd40f3801a35,61600,3491238,3403,2939,3861,https://www.youtube.com/watch?v=y32izKpM2_I,3432,3189,3861,https://www.youtube.com/watch?v=y32izKpM2_I,2689,2095,2689,https://www.youtube.com/watch?v=jUsAVJ5jnIQ,32692,6564,5281,8806,https://www.twitch.tv/videos/2881723596
a8ce4642418b4fe8ba1471a32097f4c4,61300,3974413,1484,688,2254,https://www.youtube.com/watch?v=oWJpEJbwjTs,1645,746,2129,https://www.youtube.com/watch?v=lAF-mCfYMZU,1073,515,2254,https://www.youtube.com/watch?v=oWJpEJbwjTs,0,0,0,0,
5a934764983e45959855735b79bcc90e,61100,3118935,3260,1159,14557,https://www.youtube.com/watch?v=vRy65p-5U6k,3260,1240,4814,https://www.youtube.com/watch?v=0xw4Q6L2v_A,4066,204,14557,https://www.youtube.com/watch?v=vRy65p-5U6k,12485,971,141,3978,https://www.twitch.tv/videos/2889567024
512b64ec20174d018540516e9edf2b2f,60700,7297171,1069,174,1913,https://www.youtube.com/watch?v=Mt28iPTkORk,1069,174,1913,https://www.youtube.com/watch?v=Mt28iPTkORk,0,0,0,,1238,0,0,0,
920d34819cf944e99cf469f7552d535f,59800,20014507,41701,18554,60751,https://www.youtube.com/watch?v=xJadqlFhDsE,41824,19219,60751,https://www.youtube.com/watch?v=xJadqlFhDsE,39149,10696,57899,https://www.youtube.com/watch?v=Gy62yAYcPXY,9894,7262,3435,9801,https://www.twitch.tv/videos/2877358407
f985903969ad4e8b839e919aabe94480,58300,1117959,0,0,0,,0,0,0,,0,0,0,,0,0,0,0,
cbb5df4184f04027b8a550d648d79eeb,58100,6902543,13682,3167,40305,https://www.youtube.com/watch?v=dsPMOiW65RY,6629,3167,6629,https://www.youtube.com/watch?v=lapf4kM9g4E,13701,3336,40305,https://www.youtube.com/watch?v=dsPMOiW65RY,0,0,0,0,
729621ce509b4641ad8cde76dec037d0,57800,3287780,1787,999,6147,https://www.youtube.com/watch?v=2V4un4gI-iI,1787,999,6147,https://www.youtube.com/watch?v=2V4un4gI-iI,0,0,0,,5917,2904,1726,5562,https://www.twitch.tv/videos/2883567511
ba59bb31bbcd4cf3a481c4cf72918fb0,57700,9009305,5186,3201,7114,https://www.youtube.com/watch?v=Lc18quyHoRs,5186,3201,7114,https://www.youtube.com/watch?v=Lc18quyHoRs,0,0,0,,0,0,0,0,
6aefa292dc61441e98c787efb0067922,57400,3210999,2444,854,5580,https://www.youtube.com/watch?v=RhBJI4TM6sY,2412,854,5312,https://www.youtube.com/watch?v=4J5XdCKwYbY,3576,1080,5580,https://www.youtube.com/watch?v=RhBJI4TM6sY,11154,1250,674,3265,https://www.twitch.tv/videos/2873658272
c88554bbf263412da16e7a17fd03e467,57400,6147994,11383,5144,408134,https://www.youtube.com/watch?v=M-h52XGDDGQ,10658,4269,58737,https://www.youtube.com/watch?v=tzuLvS49Gzc,60715,27941,408134,https://www.youtube.com/watch?v=M-h52XGDDGQ,0,0,0,0,
e14d4aac184c4ccdba6f2a9718cfea62,57100,3367505,1432,596,5201,https://www.youtube.com/watch?v=gPKr5iLaRKw,1274,545,4687,https://www.youtube.com/watch?v=ZNXXjzkR5Vc,3410,1342,5201,https://www.youtube.com/watch?v=gPKr5iLaRKw,2924,333,217,454,https://www.twitch.tv/videos/2891422953
a000aa1d3ea7489c993277d33ab2457e,55900,6389717,9654,6094,17920,https://www.youtube.com/watch?v=t1t79GLwZL0,9654,6094,17920,https://www.youtube.com/watch?v=t1t79GLwZL0,0,0,0,,58367,25360,9162,83570,https://www.twitch.tv/videos/2880028484
3bc36efc33ba4410be1d509a39074ceb,55800,6787938,31968,16340,50038,https://www.youtube.com/watch?v=UTzjLz-Ey4s,31968,15242,38265,https://www.youtube.com/watch?v=tO8HSQxJeJM,33101,20576,50038,https://www.youtube.com/watch?v=UTzjLz-Ey4s,29966,17889,5887,28238,https://www.twitch.tv/videos/2869431761
626750f4e7a745619c171c44fb1efcc0,55700,8087558,2233,870,7736,https://www.youtube.com/watch?v=RMPVeaD_FrY,2516,870,7736,https://www.youtube.com/watch?v=RMPVeaD_FrY,1934,737,3980,https://www.youtube.com/watch?v=CZXg67kmvCA,11702,477,212,740,https://www.twitch.tv/videos/2868568064
2db2ffc41ff340a990a6d4dcec000d08,55300,6253445,31615,18281,126972,https://www.youtube.com/watch?v=70mCm7QXF4E,20073,10703,37415,https://www.youtube.com/watch?v=0N2EJ8-zxlA,60085,21923,126972,https://www.youtube.com/watch?v=70mCm7QXF4E,36518,24634,12443,77372,https://www.twitch.tv/videos/2873118519
6c88799c6f45407faf0f9ea007b0dcab,55100,4784805,5548,2286,26564,https://www.youtube.com/watch?v=ENWaQ_wRnOw,3189,2068,5571,https://www.youtube.com/watch?v=7lBDqdpyISM,14108,4923,26564,https://www.youtube.com/watch?v=ENWaQ_wRnOw,0,0,0,0,
0eb515afbb9347529a406e91a07cde90,53800,4373219,19202,7814,92293,https://www.youtube.com/watch?v=8sd5JzEpHYA,12645,6121,24085,https://www.youtube.com/watch?v=OtpIQKJ_51w,42935,14749,92293,https://www.youtube.com/watch?v=8sd5JzEpHYA,23356,10465,2830,11634,https://www.twitch.tv/videos/2869465114
1cfadb0d2e154a258c3177ff8264336f,53500,5144200,7427,6169,357157,https://www.youtube.com/watch?v=bADx8lQONo4,8254,7584,357157,https://www.youtube.com/watch?v=bADx8lQONo4,621,397,621,https://www.youtube.com/watch?v=hrMxBLEO2u8,0,0,0,0,
ce2a2c07a74640fc8d3b39d022b16dd9,53100,5123028,2359,1492,10225,https://www.youtube.com/watch?v=8KNenjKx154,2501,1555,4883,https://www.youtube.com/watch?v=oPv8fGicZRg,896,594,10225,https://www.youtube.com/watch?v=8KNenjKx154,0,0,0,0,
66c812bb04844241af1d1c7539b5e251,53100,39038046,1102,677,4485,https://www.youtube.com/watch?v=GjkertIC8wE,1326,838,4485,https://www.youtube.com/watch?v=GjkertIC8wE,471,262,1102,https://www.youtube.com/watch?v=uiu0qCuu2X0,1070,64,50,125,https://www.twitch.tv/videos/2884347901
927ce160c29f4465ba196c3e1b8fee1c,53000,3473195,2362,1374,7709,https://www.youtube.com/watch?v=drOnE4YODJU,2063,894,7709,https://www.youtube.com/watch?v=drOnE4YODJU,4060,3257,5888,https://www.youtube.com/watch?v=zSlRnaY2yR0,5155,649,360,1283,https://www.twitch.tv/videos/2877418775
658e63bebdca421ca934b0bf6aa2bcd8,53000,6521988,4168,2552,7476,https://www.youtube.com/watch?v=VIgcydvxTSg,4179,2717,7476,https://www.youtube.com/watch?v=VIgcydvxTSg,3269,1542,5708,https://www.youtube.com/watch?v=JYFCyKd1X5U,11068,0,0,0,
60282d578bb747b8b232dba81168a5b6,52200,5533646,3716,398,6169,https://www.youtube.com/watch?v=HpWmnbzMFnY,0,0,0,,3716,398,6169,https://www.youtube.com/watch?v=HpWmnbzMFnY,0,0,0,0,
e350c8b7e41045419ee1ac73bc78921b,52100,5841765,1967,858,8199,https://www.youtube.com/watch?v=BjnHiYf4wbc,1942,813,3013,https://www.youtube.com/watch?v=Wc_wm2Q3Vxs,3223,1682,8199,https://www.youtube.com/watch?v=BjnHiYf4wbc,0,0,0,0,
4c3cae772e974f8fb8e04f4cc9c8cd8d,52000,3717567,4306,2521,95333,https://www.youtube.com/watch?v=Gus2znmfZrc,3708,2472,7252,https://www.youtube.com/watch?v=jgn30Y01XgA,15238,6239,95333,https://www.youtube.com/watch?v=Gus2znmfZrc,0,0,0,0,
7d66bf98da354f72baee891cdd91855b,51500,5706060,5640,2455,17397,https://www.youtube.com/watch?v=uOAAw7hEmPM,5206,2442,8522,https://www.youtube.com/watch?v=fwyksM8H_28,9295,2846,17397,https://www.youtube.com/watch?v=uOAAw7hEmPM,0,0,0,0,
177fe395a2704d10add06cb1466fa254,51200,5969520,22949,14408,68413,https://www.youtube.com/watch?v=JVO_P7A3Y80,21276,14453,45622,https://www.youtube.com/watch?v=NzaEuroR1Z0,23981,14408,68413,https://www.youtube.com/watch?v=JVO_P7A3Y80,41985,30653,15024,60391,https://www.twitch.tv/videos/2889686517
3681a0b4e4bd48888473b1884f6ee420,50900,6217016,2443,933,13566,https://www.youtube.com/watch?v=pze6Bstr09s,1790,801,4886,https://www.youtube.com/watch?v=F6HciAzpi44,8782,3235,13566,https://www.youtube.com/watch?v=pze6Bstr09s,0,0,0,0,
50a0835b66844b0ab84f573934f20989,50300,2716545,4935,2457,10317,https://www.youtube.com/watch?v=x9c79mvKfTY,4935,2457,10317,https://www.youtube.com/watch?v=x9c79mvKfTY,0,0,0,,0,0,0,0,
9a496e9b261f401dba4991a9f4c7048e,48500,2175543,1822,1044,44597,https://www.youtube.com/watch?v=odC_DxkMpag,1767,744,7277,https://www.youtube.com/watch?v=oDvbhx2DPeI,3320,1332,44597,https://www.youtube.com/watch?v=odC_DxkMpag,0,0,0,0,
fe1abd28f3114015ac31ae1821e8dd3f,48400,1934575,1397,689,5340,https://www.youtube.com/watch?v=7rQjPo5G5PA,1391,660,5340,https://www.youtube.com/watch?v=7rQjPo5G5PA,3282,703,3282,https://www.youtube.com/watch?v=yVpYm6IGG2E,5126,504,364,1156,https://www.twitch.tv/videos/2883403827
a0d4fad2fd3d4e4981947642a9dbafc4,48200,4316469,6061,2220,92726,https://www.youtube.com/watch?v=BioNRRkMuEg,5603,2569,18776,https://www.youtube.com/watch?v=2g-rvbVUNcg,87557,1332,92726,https://www.youtube.com/watch?v=BioNRRkMuEg,13683,2624,1166,3195,https://www.twitch.tv/videos/2886170090
22ca620b93c94e5cb48175bbecf8d3af,48000,5643097,3896,3317,8589,https://www.youtube.com/watch?v=K6aK3-Rc5ew,3896,3317,8589,https://www.youtube.com/watch?v=K6aK3-Rc5ew,0,0,0,,0,0,0,0,
ebe5c5f9d67f44f3bc5e70b413ce9df7,47800,2487371,1722,490,2278,https://www.youtube.com/watch?v=6P13gEmElMw,1722,490,2278,https://www.youtube.com/watch?v=6P13gEmElMw,0,0,0,,12230,807,319,1141,https://www.twitch.tv/videos/2881858115
575d15d21f7240e1ad72935bf7fa0465,47800,1836921,1534,818,3128,https://www.youtube.com/watch?v=I14_qNuMINY,1017,504,2182,https://www.youtube.com/watch?v=zqlzEE99bCQ,2044,861,3128,https://www.youtube.com/watch?v=I14_qNuMINY,0,0,0,0,
2760c9a44c20464d8e140e6367ed1cdf,47400,2590032,1361,616,2682,https://www.youtube.com/watch?v=k3TR7RXH48M,1361,616,2682,https://www.youtube.com/watch?v=k3TR7RXH48M,0,0,0,,2660,605,526,643,https://www.twitch.tv/videos/2887280362
c41044006a014ed28107f33221a7de98,46800,4464661,1905,915,3614,https://www.youtube.com/watch?v=567ym_UWrrY,1905,915,3614,https://www.youtube.com/watch?v=567ym_UWrrY,0,0,0,,5256,0,0,0,
c25e6f38d6df447e84c4747ba6ac75cc,46800,2177898,3201,1286,18756,https://www.youtube.com/watch?v=UK9EIKXNGmE,3728,1455,18756,https://www.youtube.com/watch?v=UK9EIKXNGmE,2126,1210,11950,https://www.youtube.com/watch?v=Z8uLylyPr9I,0,0,0,0,
3d786b116dbc437e8684d7b46567a1e5,46700,1517056,5377,2338,16544,https://www.youtube.com/watch?v=PnBfl6oKw_w,5860,2506,16323,https://www.youtube.com/watch?v=YWR3WmT5Fow,4572,2338,16544,https://www.youtube.com/watch?v=PnBfl6oKw_w,10398,2400,820,6651,https://www.twitch.tv/videos/2880795995
21d5855a8c7d4461b286d40c167ac093,46300,5298234,2458,1108,7872,https://www.youtube.com/watch?v=CXRiRkvTYwo,2458,1108,7872,https://www.youtube.com/watch?v=CXRiRkvTYwo,0,0,0,,1601,0,0,0,
a9f28d3e3d2a4ecb93ff10955be791d1,46200,3603077,4022,1727,10689,https://www.youtube.com/watch?v=WUyykdGpZkc,4022,1727,10689,https://www.youtube.com/watch?v=WUyykdGpZkc,0,0,0,,18483,5519,2524,8247,https://www.twitch.tv/videos/2879954760
5f6f102dd7cc4bfaa99e4cde16b85290,45900,2652144,3209,1534,5160,https://www.youtube.com/watch?v=sTHxhnReUiM,3209,1534,5160,https://www.youtube.com/watch?v=sTHxhnReUiM,0,0,0,,10211,2628,1034,6492,https://www.twitch.tv/videos/2870170097
a85d79e2323b4869a6f784c51218cd37,45900,5849002,7969,2326,39115,https://www.youtube.com/watch?v=57x8F76dyvI,4997,1865,23506,https://www.youtube.com/watch?v=CFOwgqduBLU,12839,3791,39115,https://www.youtube.com/watch?v=57x8F76dyvI,2454,478,381,558,https://www.twitch.tv/videos/2888860325
20f0e269ce554a00920de0444bc22aaf,45600,4385819,1567,828,6372,https://www.youtube.com/watch?v=1SmDn5dW8Ew,1147,828,6372,https://www.youtube.com/watch?v=1SmDn5dW8Ew,2129,818,4204,https://www.youtube.com/watch?v=PToFLZJySlQ,0,0,0,0,
4d0cbf91a5cb4524862207c5d406d98c,45500,3062949,3940,2054,18942,https://www.youtube.com/watch?v=UgJjdDl_pRY,4643,2219,6899,https://www.youtube.com/watch?v=vLElJfeGCxw,3047,1644,18942,https://www.youtube.com/watch?v=UgJjdDl_pRY,0,0,0,0,
0825b7bbb6134dbc98a132cc1782fb1f,45100,2391968,943,212,3363,https://www.youtube.com/watch?v=fmsn9ftfHNU,943,212,3363,https://www.youtube.com/watch?v=fmsn9ftfHNU,0,0,0,,0,0,0,0,
1c6ebd51e0fc4ebab88347e853335c87,44900,2413253,2379,1281,6202,https://www.youtube.com/watch?v=LG45z_8hQAk,3272,1695,6202,https://www.youtube.com/watch?v=LG45z_8hQAk,2272,982,3550,https://www.youtube.com/watch?v=N2JilUrlBoY,2096,0,0,0,
4d856c2abee448b8941c27799bb8cb03,44100,1229105,4683,2302,36219,https://www.youtube.com/watch?v=AjIINhSH2fs,4163,1956,6981,https://www.youtube.com/watch?v=n-RGc4NgCsA,10158,3165,36219,https://www.youtube.com/watch?v=AjIINhSH2fs,0,0,0,0,
5e98938ba0624235863dd2af8017fbe6,43800,2501543,2629,1638,19639,https://www.youtube.com/watch?v=cRgXhfhxqiA,2775,1875,10739,https://www.youtube.com/watch?v=OzOtEM6WzzI,2208,1026,19639,https://www.youtube.com/watch?v=cRgXhfhxqiA,5085,1125,560,2515,https://www.twitch.tv/videos/2867719964
73b97b1a35c84579aa8ffcd6534efad3,43700,6407890,2911,1437,14055,https://www.youtube.com/watch?v=HtSFvz9XaeM,2752,977,4960,https://www.youtube.com/watch?v=VhXbn475hxU,4588,2604,14055,https://www.youtube.com/watch?v=HtSFvz9XaeM,10853,0,0,0,
e069724ddab54dd690d6c3425574effd,43300,7863910,3054,1595,14327,https://www.youtube.com/watch?v=l7DJ2cAGtzo,2709,1362,4115,https://www.youtube.com/watch?v=bmCjFAikmfs,8874,3020,14327,https://www.youtube.com/watch?v=l7DJ2cAGtzo,5538,952,294,952,https://www.twitch.tv/videos/2873866992
e92219319c904d17ad14a223a304f7b5,43200,3028276,4437,2091,15376,https://www.youtube.com/watch?v=hMpdFzponTQ,4174,1840,6527,https://www.youtube.com/watch?v=j6iGXxqfPCY,8545,3563,15376,https://www.youtube.com/watch?v=hMpdFzponTQ,687,378,370,378,https://www.twitch.tv/videos/2891644380
dabf31fbee9b4214958603268d48b780,42800,1407285,3564,1693,7976,https://www.youtube.com/watch?v=Qxih0tKdqFw,3628,1476,7976,https://www.youtube.com/watch?v=Qxih0tKdqFw,3363,1968,6047,https://www.youtube.com/watch?v=nlDkw8Bkyp8,0,0,0,0,
dee8efe8990e458c915e4f6a6a16b49f,42200,5285531,473,153,565,https://www.youtube.com/watch?v=lxwDGHrpdXQ,473,153,565,https://www.youtube.com/watch?v=lxwDGHrpdXQ,0,0,0,,3289,0,0,0,
ed426712876641848613137bef236d26,42200,4492031,4183,1672,9300,https://www.youtube.com/watch?v=XCGG7U_lfwE,4376,1571,6642,https://www.youtube.com/watch?v=eak4gaYWXOE,4061,1937,9300,https://www.youtube.com/watch?v=XCGG7U_lfwE,10265,1395,646,3912,https://www.twitch.tv/videos/2886841223
8150f530d858418282811429cc32622b,41900,2596522,1181,485,4892,https://www.youtube.com/watch?v=vZfWkEPRMo0,1170,458,4656,https://www.youtube.com/watch?v=39OD8LpWBXU,4892,797,4892,https://www.youtube.com/watch?v=vZfWkEPRMo0,13338,838,460,3187,https://www.twitch.tv/videos/2875370998
59f5e287671149398135c5c08b5ed2f7,41900,1080381,1861,879,8101,https://www.youtube.com/watch?v=AfM2uV3joNU,1955,893,8101,https://www.youtube.com/watch?v=AfM2uV3joNU,1608,865,3901,https://www.youtube.com/watch?v=tzop-m-HeVw,471,0,0,0,
be6c475c291d45a0a7349abdb70be20d,41500,14470412,4594,1591,19080,https://www.youtube.com/watch?v=mo4wI4ixYek,1849,1470,4715,https://www.youtube.com/watch?v=XemFTlw2uqE,5517,2972,19080,https://www.youtube.com/watch?v=mo4wI4ixYek,0,0,0,0,
f6a8c59d8b8d4e009d4e147ec268cd73,41100,2616534,4495,1899,12333,https://www.youtube.com/watch?v=8yYhGFeLdMA,4495,1899,12333,https://www.youtube.com/watch?v=8yYhGFeLdMA,0,0,0,,5008,0,0,0,
14770d49681b44c1a6a7fcbdc265f539,40800,2047674,4351,1374,5411,https://www.youtube.com/watch?v=mThOyOYAoxU,4351,1374,5411,https://www.youtube.com/watch?v=mThOyOYAoxU,0,0,0,,0,0,0,0,
d1694c709e0f489fbd07fc9bc67c0a66,40700,2150945,1793,920,6467,https://www.youtube.com/watch?v=CBCI8ASlusg,1645,861,3790,https://www.youtube.com/watch?v=UJdgzQlagio,6467,4422,6467,https://www.youtube.com/watch?v=CBCI8ASlusg,2989,365,236,365,https://www.twitch.tv/videos/2882748267
7aba821c721e45bcb3d113652e9e8fb2,40400,1469504,1982,1133,3970,https://www.youtube.com/watch?v=rUx9SzgHvB8,2593,1392,3970,https://www.youtube.com/watch?v=rUx9SzgHvB8,517,120,2582,https://www.youtube.com/watch?v=FSPnr19GKIs,2387,758,486,886,https://www.twitch.tv/videos/2888882114
4b8137b8ba4e4a4dad994e2e07e351fe,40300,2533525,503,132,2340,https://www.youtube.com/watch?v=edwztmBEeFE,503,132,2340,https://www.youtube.com/watch?v=edwztmBEeFE,0,0,0,,2111,135,95,174,https://www.twitch.tv/videos/2886287116
6943bbfc993443d4b3853833b3bb1a66,40200,15106572,2163,1902,6562,https://www.youtube.com/watch?v=A3g2qaGlFpM,4202,3369,6562,https://www.youtube.com/watch?v=A3g2qaGlFpM,2163,1902,2163,https://www.youtube.com/watch?v=0NZbcv1r6mo,0,0,0,0,
b0f523194beb4abca2b433e9e41d912c,40200,2379286,2071,1240,5029,https://www.youtube.com/watch?v=_JgBAG3Jdpk,2054,1126,2649,https://www.youtube.com/watch?v=fWvBrAw7zM0,3449,1979,5029,https://www.youtube.com/watch?v=_JgBAG3Jdpk,11989,0,0,0,
6baf9b6a84a44ab3a6979d98bff7ee21,40100,2313825,4476,1431,9501,https://www.youtube.com/watch?v=DwfwFcPxGLI,4204,1865,6615,https://www.youtube.com/watch?v=rZul3gxAEgE,4604,362,9501,https://www.youtube.com/watch?v=DwfwFcPxGLI,2654,866,383,1340,https://www.twitch.tv/videos/2866818073
192d2decee72410e8346c135c4ac6e00,39700,1769117,2890,975,6828,https://www.youtube.com/watch?v=YtNQCqL2XiI,2937,975,6828,https://www.youtube.com/watch?v=YtNQCqL2XiI,2345,1146,2890,https://www.youtube.com/watch?v=EJv39ltNeM0,2746,0,0,0,
b42416c629e64c948f75aff4ff5c9a8a,39400,1311756,2268,1401,2268,https://www.youtube.com/watch?v=EsOl170ysuA,0,0,0,,2268,1401,2268,https://www.youtube.com/watch?v=EsOl170ysuA,4221,531,354,749,https://www.twitch.tv/videos/2883142887
670990d65f7b459ba2a3728c39d4cb9a,38500,2709146,21390,15598,110770,https://www.youtube.com/watch?v=MlzoZ6RHyqM,30939,20113,110770,https://www.youtube.com/watch?v=MlzoZ6RHyqM,8491,7162,29404,https://www.youtube.com/watch?v=p_NHUODPVJQ,15445,25822,19955,43834,https://www.twitch.tv/videos/2885307496
80f7b111f0e044abae4c37f6a96b5957,38500,1255312,967,426,2228,https://www.youtube.com/watch?v=8NXqGfU6D9k,945,426,1100,https://www.youtube.com/watch?v=75u30sVgVC0,1718,997,2228,https://www.youtube.com/watch?v=8NXqGfU6D9k,0,0,0,0,
f928e57423634094b3d7d8461321c028,38400,1025778,966,293,1800,https://www.youtube.com/watch?v=xpQ0oDpxOLY,966,293,1800,https://www.youtube.com/watch?v=xpQ0oDpxOLY,0,0,0,,2954,0,0,0,
683c47ffba3246cb8574a6f2667208d1,38300,1566721,2991,1071,5191,https://www.youtube.com/watch?v=Fd0SIf37MW8,2991,1071,3630,https://www.youtube.com/watch?v=uH-jYB1kPZI,2987,1559,5191,https://www.youtube.com/watch?v=Fd0SIf37MW8,14135,5684,2379,9310,https://www.twitch.tv/videos/2868410323
dad6fb7439d744739755a9a7c6c18d20,38200,3772421,3893,1945,7142,https://www.youtube.com/watch?v=wsBfyi6bh5k,4256,1829,5947,https://www.youtube.com/watch?v=2LD9MrcbxSE,3467,2660,7142,https://www.youtube.com/watch?v=wsBfyi6bh5k,2918,0,0,0,
bf3356cfb2754286af9b6bb1665f56bd,37700,1081652,1136,488,2016,https://www.youtube.com/watch?v=f1l4k2ginv8,1001,477,1457,https://www.youtube.com/watch?v=4Dp3ENy4DMU,1450,1028,2016,https://www.youtube.com/watch?v=f1l4k2ginv8,347,0,0,0,
84d68bef71304aa089c10d2c33c9a107,37600,4170768,2856,1397,7982,https://www.youtube.com/watch?v=K_OgZpO7kPY,2851,1172,4900,https://www.youtube.com/watch?v=pqkGmlwtEhU,6431,4745,7982,https://www.youtube.com/watch?v=K_OgZpO7kPY,0,0,0,0,
491a6000ce4b472c9b4f8c1dcfdb772c,37600,12966580,7132,2002,207277,https://www.youtube.com/watch?v=esf70T9WtXw,1723,878,4311,https://www.youtube.com/watch?v=Da47bKs8aqg,21802,6704,207277,https://www.youtube.com/watch?v=esf70T9WtXw,1278,0,0,0,
6929e06cd9ed49739cadaa35115847c7,37100,2816165,2180,994,7585,https://www.youtube.com/watch?v=aJO3cgHhqWw,1974,565,7226,https://www.youtube.com/watch?v=bPGPJUWVxUM,2726,1792,7585,https://www.youtube.com/watch?v=aJO3cgHhqWw,0,0,0,0,
f928118054aa4e11aa4ec88504d8b886,36300,2225217,1742,209,3369,https://www.youtube.com/watch?v=bdhefqgDyg8,899,209,1742,https://www.youtube.com/watch?v=bzYqarImK1E,2739,719,3369,https://www.youtube.com/watch?v=bdhefqgDyg8,2743,258,158,258,https://www.twitch.tv/videos/2881869502
5c7beefaa54444e3b0443d7abd93c1f7,36200,4261348,0,0,0,,0,0,0,,0,0,0,,4472,341,115,652,https://www.twitch.tv/videos/2865759730
55be1972142c44799f83ce3db4f14fbd,36000,3732316,1653,1068,14268,https://www.youtube.com/watch?v=23-9K2f730c,1621,967,2231,https://www.youtube.com/watch?v=S3nKYXbU1KM,2349,1694,14268,https://www.youtube.com/watch?v=23-9K2f730c,0,0,0,0,
0247d07842794dccb043e0b10a888d30,35500,2127395,34488,19514,194803,https://www.youtube.com/watch?v=khPDxOuvqhM,34488,24150,86440,https://www.youtube.com/watch?v=HlVm3K-cbF0,42114,7707,194803,https://www.youtube.com/watch?v=khPDxOuvqhM,11676,14400,12334,28788,https://www.twitch.tv/videos/2890768043
6af8929143294c72b25a7108e79e2faf,35200,2490715,1676,831,5870,https://www.youtube.com/watch?v=oBs5CF3P8pM,1395,730,5870,https://www.youtube.com/watch?v=oBs5CF3P8pM,3771,2781,4885,https://www.youtube.com/watch?v=MkFQVv6kyV8,0,0,0,0,
b08047f2566246ac995e03a5db727cfe,34900,95400,0,0,0,,0,0,0,,0,0,0,,7210,0,0,0,
32b5b05c6e0f4747a8c0932d06f97f8c,34900,2364184,3411,701,4198,https://www.youtube.com/watch?v=dN7Gc3BRpAs,3105,1100,4198,https://www.youtube.com/watch?v=dN7Gc3BRpAs,3718,302,3718,https://www.youtube.com/watch?v=ZoZr9ZkD-Cc,5013,1058,458,1185,https://www.twitch.tv/videos/2877408712
13a4e83f2bbc4d18bb27520a4dceef72,34900,9535793,35248,1567,65423,https://www.youtube.com/watch?v=XQyJp_VPp3s,0,0,0,,35248,1567,65423,https://www.youtube.com/watch?v=XQyJp_VPp3s,66317,30194,18550,53136,https://www.twitch.tv/videos/2886898540
8267ea37c12a471a8a038f501832e099,34800,2547718,4748,924,11703,https://www.youtube.com/watch?v=I3QwYavKtFY,0,0,0,,4748,924,11703,https://www.youtube.com/watch?v=I3QwYavKtFY,0,0,0,0,
84a911e2b05f4919a32e0c1618e32a7d,34700,1154337,2353,1267,2581,https://www.youtube.com/watch?v=fTRU6D31wmg,2353,1267,2581,https://www.youtube.com/watch?v=fTRU6D31wmg,0,0,0,,0,0,0,0,
e343e3fdc52f47a7bd5dbd793ccf8916,34100,2462849,2715,1419,30533,https://www.youtube.com/watch?v=DFfYz0lZ-s8,2185,952,2751,https://www.youtube.com/watch?v=AR5he-kza6A,4010,2546,30533,https://www.youtube.com/watch?v=DFfYz0lZ-s8,0,0,0,0,
e1b2266a00c04e81bd868ae2fbff7848,33800,2117219,5537,495,6791,https://www.youtube.com/watch?v=F3VFvKlRteQ,0,0,0,,5537,495,6791,https://www.youtube.com/watch?v=F3VFvKlRteQ,0,0,0,0,
ad56a56e509c4b6fa0cf11ca959e3c72,33200,295367,1944,687,6001,https://www.youtube.com/watch?v=VP9iATIfxJc,1771,755,6001,https://www.youtube.com/watch?v=VP9iATIfxJc,1944,590,2868,https://www.youtube.com/watch?v=lHpzGmElCdI,144,0,0,0,
0f2ad43c618943d19d5101f2d3c49ac9,33200,1589589,0,0,0,,0,0,0,,0,0,0,,175,0,0,0,
7805f5aaa7be47878ebcf88c6ff4669a,33000,2279392,22097,19022,77552,https://www.youtube.com/watch?v=RK2giQn78SA,37734,24874,77552,https://www.youtube.com/watch?v=RK2giQn78SA,13075,6519,17952,https://www.youtube.com/watch?v=Y611pcpSBY0,20153,58840,42954,73387,https://www.twitch.tv/videos/2886365069
93bad1d4b0c54c8781e3775d13a62c38,32900,1115913,489,247,896,https://www.youtube.com/watch?v=rpB7OvvGfNQ,489,247,896,https://www.youtube.com/watch?v=rpB7OvvGfNQ,0,0,0,,681,0,0,0,
1edf4940878546569e52dd06c95b8581,32800,2971949,1760,750,6734,https://www.youtube.com/watch?v=r3Vwn6f7NI4,1758,773,6734,https://www.youtube.com/watch?v=r3Vwn6f7NI4,1781,494,1879,https://www.youtube.com/watch?v=KeRTOxJuFcg,0,0,0,0,
334133534368487780dfa99b7c9f5949,32800,19226480,0,0,0,,0,0,0,,0,0,0,,0,0,0,0,
31f17632340f4e7fbd0ced07193dd81b,32600,1075488,1259,639,4845,https://www.youtube.com/watch?v=JnskDzGTyRY,1186,619,3011,https://www.youtube.com/watch?v=JYc0nQnzFYk,1659,870,4845,https://www.youtube.com/watch?v=JnskDzGTyRY,0,0,0,0,
099a5fd0d27d4fc892f684793ac18c99,32500,4444890,1782,884,27246,https://www.youtube.com/watch?v=AnOtbo590AM,1530,784,1783,https://www.youtube.com/watch?v=uRnFlEcFk14,2272,916,27246,https://www.youtube.com/watch?v=AnOtbo590AM,0,0,0,0,
9ca368e73d514656ade48dc946f55956,32400,4237715,1384,683,1690,https://www.youtube.com/watch?v=zKy4vxJYOJw,0,0,0,,1384,683,1690,https://www.youtube.com/watch?v=zKy4vxJYOJw,9365,434,195,1237,https://www.twitch.tv/videos/2867727418
d33940525b7f4b9db9ce85e08b4c175e,32200,346715,2856,1270,2856,https://www.youtube.com/watch?v=bJVu2_2lp_8,0,0,0,,2856,1270,2856,https://www.youtube.com/watch?v=bJVu2_2lp_8,8651,0,0,0,
9f649d90164140bdb0e38f7e835c183b,31900,2090220,1586,710,9212,https://www.youtube.com/watch?v=g8dQ4rvbFPk,1307,671,2677,https://www.youtube.com/watch?v=fLzelywNcdk,5841,1997,9212,https://www.youtube.com/watch?v=g8dQ4rvbFPk,0,0,0,0,
691e8a5f258c4c17b70b6b489b0ad04d,31500,3374833,2743,1271,6494,https://www.youtube.com/watch?v=IRIO2bWta7E,1949,802,5713,https://www.youtube.com/watch?v=uA5I22JB1_c,4212,2586,6494,https://www.youtube.com/watch?v=IRIO2bWta7E,1388,0,0,0,
e150e350532b4327b26989dd43cd3bad,31200,2006869,0,0,0,,0,0,0,,0,0,0,,1077,0,0,0,
14d83faa414c415097d577d2da9636ce,30700,1236017,680,559,19684,https://www.youtube.com/watch?v=FWF9Z--m9rU,628,380,824,https://www.youtube.com/watch?v=7H4CtFh4vNg,19684,4766,19684,https://www.youtube.com/watch?v=FWF9Z--m9rU,0,0,0,0,
9e05802075c343a3bf2778550d5157da,30700,1782950,4648,1657,8566,https://www.youtube.com/watch?v=djYcbuoQ5ds,299,97,843,https://www.youtube.com/watch?v=7O2qFmeqYPk,5082,2566,8566,https://www.youtube.com/watch?v=djYcbuoQ5ds,0,0,0,0,
6f9d63518a69442a88ac602a3b37bf18,30600,1929356,1307,591,56484,https://www.youtube.com/watch?v=RhHFog5plbs,1164,591,2106,https://www.youtube.com/watch?v=4YRZQp7gfsU,1375,621,56484,https://www.youtube.com/watch?v=RhHFog5plbs,0,0,0,0,
9af7c10c618844f08a327d38753124bd,30600,1610543,29947,11020,56883,https://www.youtube.com/watch?v=NwkhroXtX6M,0,0,0,,29947,11020,56883,https://www.youtube.com/watch?v=NwkhroXtX6M,18426,883,429,3904,https://www.twitch.tv/videos/2890524918
d35707348d554507a98f97eb59230efc,30500,2386484,1852,929,4880,https://www.youtube.com/watch?v=LgnbVu-C30I,1786,954,4880,https://www.youtube.com/watch?v=LgnbVu-C30I,2627,407,3311,https://www.youtube.com/watch?v=7fjl0kknVdU,5271,541,202,1190,https://www.twitch.tv/videos/2870071937
d81d1032a43642eca36e82ba9a3c39c5,30500,1202734,0,0,0,,0,0,0,,0,0,0,,11631,476,250,893,https://www.twitch.tv/videos/2883549233
6548fd18ecf84bd88112cd5babfa2a66,30100,966390,1078,445,2739,https://www.youtube.com/watch?v=_Q_i7tmpkfM,1067,307,2355,https://www.youtube.com/watch?v=pIyI1blWT2o,2375,1166,2739,https://www.youtube.com/watch?v=_Q_i7tmpkfM,2565,0,0,0,
bac1f0b8e8d149d4a48cfd30d7d7ad74,29900,2375783,1015,251,5377,https://www.youtube.com/watch?v=_qmSYwuSBaA,948,263,5377,https://www.youtube.com/watch?v=_qmSYwuSBaA,1210,92,1963,https://www.youtube.com/watch?v=bmvL9R8Ud8A,0,0,0,0,
5b996b6eca90491cb8e1a43de23b2388,29700,5103,0,0,0,,0,0,0,,0,0,0,,0,0,0,0,
8a0b024373544f31b54e5a6cadb124dc,29700,2355918,3853,1412,23495,https://www.youtube.com/watch?v=TTxVpVMhyyw,2719,1202,13292,https://www.youtube.com/watch?v=QFJTJmhZf5g,9616,2981,23495,https://www.youtube.com/watch?v=TTxVpVMhyyw,2047,0,0,0,
b6f68e0e323f45458752f3a7ec6a08f2,29700,2582183,3880,2042,8161,https://www.youtube.com/watch?v=eqku4NZsSWU,5627,3537,8161,https://www.youtube.com/watch?v=eqku4NZsSWU,3461,1898,5006,https://www.youtube.com/watch?v=GBFx23KHado,4661,844,475,1892,https://www.twitch.tv/videos/2886205419
aa1ff405338c41b98ff7197eb4d90349,29600,1380922,2010,961,5006,https://www.youtube.com/watch?v=kNPHkVhV7G8,2010,961,5006,https://www.youtube.com/watch?v=kNPHkVhV7G8,0,0,0,,0,0,0,0,
02d67d58d59644be9cdf0b1179419637,29500,2091975,807,549,1369,https://www.youtube.com/watch?v=4Jl-wVzRh14,807,549,1369,https://www.youtube.com/watch?v=4Jl-wVzRh14,0,0,0,,2739,287,208,325,https://www.twitch.tv/videos/2887093323
f0b85b56d1d84085aca5ab7f592bd7da,29500,2648554,854,304,2208,https://www.youtube.com/watch?v=mOSDBUDLG2E,772,292,1253,https://www.youtube.com/watch?v=6toGugux6kA,1549,691,2208,https://www.youtube.com/watch?v=mOSDBUDLG2E,0,0,0,0,
fe569b0c059e406daf57eb2acd11cc21,29500,1870356,1785,828,7266,https://www.youtube.com/watch?v=8r8EpCGbyy8,1743,854,7266,https://www.youtube.com/watch?v=8r8EpCGbyy8,1827,707,1827,https://www.youtube.com/watch?v=OhIVmjFzSG0,0,0,0,0,
4fd17e8877024633876c5d85bc81e56b,29400,4499270,1943,991,14880,https://www.youtube.com/watch?v=MBuiz7o0V5k,1840,902,5569,https://www.youtube.com/watch?v=xf1yaTDr-pM,3583,1828,14880,https://www.youtube.com/watch?v=MBuiz7o0V5k,0,0,0,0,
bc0b8c437eda4361b2a10003013f49cf,29200,319179,0,0,0,,0,0,0,,0,0,0,,0,0,0,0,
5ba11a0bf35147d499259ad5608a7de1,29100,2363997,1972,761,11661,https://www.youtube.com/watch?v=SNyegLFNpWA,2491,1292,6918,https://www.youtube.com/watch?v=YPBsMQgYviU,1227,229,11661,https://www.youtube.com/watch?v=SNyegLFNpWA,4436,433,323,433,https://www.twitch.tv/videos/2885448663
73ae80b091f542358d7a5bf8905c28f3,29100,3170856,2726,1825,44375,https://www.youtube.com/watch?v=tntPPejO6uI,2658,1403,2769,https://www.youtube.com/watch?v=XBGWtgMGXhU,9013,6351,44375,https://www.youtube.com/watch?v=tntPPejO6uI,7157,1132,694,1730,https://www.twitch.tv/videos/2891745329
3be86a2a9cb447f393d235132e157789,28800,2832872,4306,2218,12376,https://www.youtube.com/watch?v=D4RYnUfRiGM,4306,2218,12376,https://www.youtube.com/watch?v=D4RYnUfRiGM,0,0,0,,0,0,0,0,
f7c48554816643cdb8d343e6e9e6d313,28300,1592797,1747,469,2331,https://www.youtube.com/watch?v=re5Righ7vi0,1747,469,2331,https://www.youtube.com/watch?v=re5Righ7vi0,0,0,0,,13201,562,254,130428,https://www.twitch.tv/videos/2878294232
03c018f2d3064da6ac4899bef1d600c5,28300,1240408,0,0,0,,0,0,0,,0,0,0,,40454,6397,2822,17279,https://www.twitch.tv/videos/2891529307
19234cc590224c45912a14487f756dc5,28300,2225759,3928,553,16205,https://www.youtube.com/watch?v=FYUCYZSQvBo,0,0,0,,3928,553,16205,https://www.youtube.com/watch?v=FYUCYZSQvBo,13767,1929,777,4470,https://www.twitch.tv/videos/2868901673
3197e5649c65405cbbe6e5f1a44cf8e1,28200,1614569,1214,569,2012,https://www.youtube.com/watch?v=H8t8l-qHmtg,1200,651,2012,https://www.youtube.com/watch?v=H8t8l-qHmtg,1505,320,1505,https://www.youtube.com/watch?v=YUOP1BmaSSg,0,0,0,0,
d1dd83b6e8a24df4b61f766cff45113c,28100,16140127,2709,878,17879,https://www.youtube.com/watch?v=NNy8EhPtg5Y,1422,616,3469,https://www.youtube.com/watch?v=OI_lZrO9Phw,3872,1216,17879,https://www.youtube.com/watch?v=NNy8EhPtg5Y,558,0,0,0,
a060cd640cf44c2bb8d78d8ff2411e68,27800,2111197,1645,881,3786,https://www.youtube.com/watch?v=xOlwyb6CwKg,1365,868,1656,https://www.youtube.com/watch?v=0rEq_GvSSsI,3148,1406,3786,https://www.youtube.com/watch?v=xOlwyb6CwKg,514,0,0,0,
5d00575c06d74f588238857d7dec1b02,27000,4173851,3386,1669,12941,https://www.youtube.com/watch?v=7055Jd1ooHs,3386,1560,3761,https://www.youtube.com/watch?v=flTmEG67ljk,2948,1736,12941,https://www.youtube.com/watch?v=7055Jd1ooHs,0,0,0,0,
25388daec64e40f38ca0e5a3a88fedb7,26800,1312926,1501,754,5581,https://www.youtube.com/watch?v=wkzeUm-YUp8,1517,788,5581,https://www.youtube.com/watch?v=wkzeUm-YUp8,463,247,463,https://www.youtube.com/watch?v=XlzZu5KChxg,3960,1033,792,2007,https://www.twitch.tv/videos/2879880114
a667c79cb8284de29d5843dc3eafcc57,26500,653863,1029,395,3287,https://www.youtube.com/watch?v=b4OHW3Y1HVY,1002,371,1549,https://www.youtube.com/watch?v=YVXaXu2d1X4,3287,2198,3287,https://www.youtube.com/watch?v=b4OHW3Y1HVY,0,0,0,0,
f2a403cb46354371837550730a397bd1,25700,1510311,527,306,1476,https://www.youtube.com/watch?v=iECwhO_FlU0,527,360,748,https://www.youtube.com/watch?v=UphXe0cUS-M,537,269,1476,https://www.youtube.com/watch?v=iECwhO_FlU0,0,0,0,0,
22c8ee785f7446e5978bab336fda92cb,25300,2337285,2848,1593,7614,https://www.youtube.com/watch?v=Tv0WwBW2MnA,3049,2037,7614,https://www.youtube.com/watch?v=Tv0WwBW2MnA,574,85,978,https://www.youtube.com/watch?v=VMRfw0xOkkc,0,0,0,0,
9d0fb5c59ea745f09934f3cfd932c393,25300,3317342,1413,683,21820,https://www.youtube.com/watch?v=QAzjwEkgrXU,886,533,1688,https://www.youtube.com/watch?v=eBwE1ySClPE,6193,3618,21820,https://www.youtube.com/watch?v=QAzjwEkgrXU,0,0,0,0,
7754dca48f524b938314a2b346772e4e,25200,2207109,2872,1345,11435,https://www.youtube.com/watch?v=4pAW2dFAdhE,2558,1286,3786,https://www.youtube.com/watch?v=7PBaCz9Ds5c,7731,2097,11435,https://www.youtube.com/watch?v=4pAW2dFAdhE,0,0,0,0,
22a1949143784185ae001c31a717b5bc,24900,18278580,61242,17341,711240,https://www.youtube.com/watch?v=Q_Kg1_jrZDg,3241,1341,28937,https://www.youtube.com/watch?v=u3-JDgpVPB4,76646,23199,711240,https://www.youtube.com/watch?v=Q_Kg1_jrZDg,0,0,0,0,
f0a395b14fa34e64ba1aaedb906c7dd3,24600,330475,0,0,0,,0,0,0,,0,0,0,,0,0,0,0,
365db081229a4efeb4630f19587a96b2,24400,1979539,2809,1447,17988,https://www.youtube.com/watch?v=CRaBfpbqcAc,1978,1032,7698,https://www.youtube.com/watch?v=9fYP4FXeYRk,3793,1839,17988,https://www.youtube.com/watch?v=CRaBfpbqcAc,0,0,0,0,
1ac97b8deb08470dafc128557532dd52,24300,1685565,1889,1137,16225,https://www.youtube.com/watch?v=u8Net6k64GE,1232,694,2396,https://www.youtube.com/watch?v=amOV8N5QYKY,2001,1334,16225,https://www.youtube.com/watch?v=u8Net6k64GE,493,0,0,0,
6dfe72bb90994dceb7b753908876307d,24300,1919145,2398,1084,9124,https://www.youtube.com/watch?v=O-Sks9hOQK8,2391,1128,4345,https://www.youtube.com/watch?v=ZUMwtc6jGug,3329,519,9124,https://www.youtube.com/watch?v=O-Sks9hOQK8,0,0,0,0,
28a930938667442288010b333937e2ab,24200,2272367,3885,2439,24602,https://www.youtube.com/watch?v=YEe-wXyRXDw,0,0,0,,3885,2439,24602,https://www.youtube.com/watch?v=YEe-wXyRXDw,10874,1307,603,2309,https://www.twitch.tv/videos/2890470951
67d348e6690c43729cce031e70a26645,24100,1230314,0,0,0,,0,0,0,,0,0,0,,32408,4891,1434,21118,https://www.twitch.tv/videos/2872681286
f13832094d8b40fbb95d07732aa3c3c7,23900,580057,864,502,2293,https://www.youtube.com/watch?v=ptX8eNFRRmc,941,552,2293,https://www.youtube.com/watch?v=ptX8eNFRRmc,835,319,893,https://www.youtube.com/watch?v=TMf_YrDBlFM,0,0,0,0,
3e19e054b479401da231ebc3d3fab628,23900,1128964,2605,1573,3404,https://www.youtube.com/watch?v=G_xhunghbho,2890,1119,3404,https://www.youtube.com/watch?v=G_xhunghbho,2168,1684,2168,https://www.youtube.com/watch?v=At10OIS3BLE,0,0,0,0,
c0c35f0471774be2b33163ae20f2d6bb,23700,1676600,2148,945,8033,https://www.youtube.com/watch?v=lHrguXh00cs,2148,907,8033,https://www.youtube.com/watch?v=lHrguXh00cs,2604,1201,3546,https://www.youtube.com/watch?v=q5y-giq7BEc,0,0,0,0,
824c0c36956f4a73bb3ec479dd8e4da8,23500,1059810,2158,1030,2158,https://www.youtube.com/watch?v=JbLz4JFFmS8,2158,1030,2158,https://www.youtube.com/watch?v=JbLz4JFFmS8,0,0,0,,2544,455,439,905,https://www.twitch.tv/videos/2891319341
3e6a09fe4ef744f987e27ae0f06cdf09,23500,812175,1660,705,5126,https://www.youtube.com/watch?v=WmoY99x2pN4,1849,717,3622,https://www.youtube.com/watch?v=mzRJPTe2jLQ,1123,588,5126,https://www.youtube.com/watch?v=WmoY99x2pN4,0,0,0,0,
da4a58b114b94469a0a93f6b8ee7512d,23000,1324884,2228,942,11024,https://www.youtube.com/watch?v=LOS-R1C1ezU,2228,942,11024,https://www.youtube.com/watch?v=LOS-R1C1ezU,0,0,0,,12580,270,120,1215,https://www.twitch.tv/videos/2885318246
7c00b7dc73a240dc84d68be389732a0c,23000,1131424,839,437,1562,https://www.youtube.com/watch?v=xMiJn_JA7HI,839,437,1562,https://www.youtube.com/watch?v=xMiJn_JA7HI,0,0,0,,0,0,0,0,
18bd2d37e2e64f0cab20ec6a2b2f2474,22900,1169752,1664,709,2610,https://www.youtube.com/watch?v=N2y4tKAlpW8,1618,644,2610,https://www.youtube.com/watch?v=N2y4tKAlpW8,2157,830,2388,https://www.youtube.com/watch?v=8V0hTGXXeG0,3511,285,226,898,https://www.twitch.tv/videos/2888012769
75ddc749133b4c498eb35ceac1e2a0b2,22800,2905075,1667,848,6013,https://www.youtube.com/watch?v=-rLnA-0t4gg,1558,795,2650,https://www.youtube.com/watch?v=yrJHknsIEZY,4852,2752,6013,https://www.youtube.com/watch?v=-rLnA-0t4gg,0,0,0,0,
3809ec8a42634d11aa1b7b8f99755c6a,22800,1999925,10611,7089,17683,https://www.youtube.com/watch?v=ZybTY995vFU,0,0,0,,10611,7089,17683,https://www.youtube.com/watch?v=ZybTY995vFU,68203,3910,1578,9157,https://www.twitch.tv/videos/2887501000
951dd0b605d04163b38de18262e9a438,22400,645371,0,0,0,,0,0,0,,0,0,0,,1461,0,0,0,
7870ac4364ca4c97a4dfe7474251bf5b,22300,1583172,4894,2218,75624,https://www.youtube.com/watch?v=IMRlMakvqFE,4775,1915,8646,https://www.youtube.com/watch?v=Q7KcU2R6nqE,38813,30175,75624,https://www.youtube.com/watch?v=IMRlMakvqFE,3783,6055,4303,9490,https://www.twitch.tv/videos/2883581916
ffe3f2e400ab4237ac873ae9d5a0eda4,22300,1170788,5195,2031,18725,https://www.youtube.com/watch?v=YzcNo5ftF4Y,2312,1138,3956,https://www.youtube.com/watch?v=ZM08G0qYyRY,10488,2748,18725,https://www.youtube.com/watch?v=YzcNo5ftF4Y,0,0,0,0,
e9a9d88bf69e4c83842fe05b3ae1601b,22100,1270858,0,0,0,,0,0,0,,0,0,0,,13683,1003,362,109317,https://www.twitch.tv/videos/2890561043
05317bcbe5f243abb85618d2669bd0d7,22100,467861,152,79,1267,https://www.youtube.com/watch?v=gUWnaUNYvoU,132,76,942,https://www.youtube.com/watch?v=Iwy1QTi0OAs,477,228,1267,https://www.youtube.com/watch?v=gUWnaUNYvoU,0,0,0,0,
2ba32c49f08849f9a109b7e485c9c5a5,21800,1221083,2057,964,8877,https://www.youtube.com/watch?v=NwP3hLkV-sw,1925,874,8877,https://www.youtube.com/watch?v=NwP3hLkV-sw,2542,1243,4594,https://www.youtube.com/watch?v=RMS41bApLU0,0,0,0,0,
38fcf8bc7f3f45d68bab44577c019c84,21700,983922,1706,936,5070,https://www.youtube.com/watch?v=DZ_R5PpUd8s,1802,963,3253,https://www.youtube.com/watch?v=FPjIS1lOODI,1520,857,5070,https://www.youtube.com/watch?v=DZ_R5PpUd8s,0,0,0,0,
7cecb437e7a54e07a29c3a164565957d,21600,1380668,2463,1602,7157,https://www.youtube.com/watch?v=jqYyOQZCEhE,2463,1685,7157,https://www.youtube.com/watch?v=jqYyOQZCEhE,2539,1115,4296,https://www.youtube.com/watch?v=AGfBD2eHxjs,0,0,0,0,
60716febdfe949248e8f67d85634bec5,21400,8323760,762,209,1304,https://www.youtube.com/watch?v=6zMhOZHvALw,0,0,0,,762,209,1304,https://www.youtube.com/watch?v=6zMhOZHvALw,0,0,0,0,
cd88de8b4bc84a71975df9afb42192b8,21300,746922,3689,1353,10305,https://www.youtube.com/watch?v=ONYSg5SGY6o,3689,1353,10305,https://www.youtube.com/watch?v=ONYSg5SGY6o,0,0,0,,4334,0,0,0,
532b143e82d6452fac9a18d1d025a2af,21300,464195,0,0,0,,0,0,0,,0,0,0,,0,0,0,0,
ec4bc8d279af43eaba4679b762bbbc59,21200,844131,0,0,0,,0,0,0,,0,0,0,,0,0,0,0,
b63a5ee44acf4498827a3fd984ab23e0,21200,1525107,2057,1012,2972,https://www.youtube.com/watch?v=gBEN6rA53Ho,2057,1012,2972,https://www.youtube.com/watch?v=gBEN6rA53Ho,0,0,0,,0,0,0,0,
a39733d216994010b34bf5033be01589,21100,1613630,4881,2615,10426,https://www.youtube.com/watch?v=e8ceT26uy6Q,4881,2703,10426,https://www.youtube.com/watch?v=e8ceT26uy6Q,4986,1454,9790,https://www.youtube.com/watch?v=swMTry2ODoY,1242,509,370,558,https://www.twitch.tv/videos/2888020973
aaa45dc386714427ba862f691d4471ac,20900,2111800,2567,1077,20258,https://www.youtube.com/watch?v=2waBUU_qZTA,1738,947,4756,https://www.youtube.com/watch?v=nQNckk_vq_c,3226,1297,20258,https://www.youtube.com/watch?v=2waBUU_qZTA,1862,926,706,2256,https://www.twitch.tv/videos/2886848122
53c811a3e7814de2b76dd4e0c241a9e5,20800,675113,385,218,1974,https://www.youtube.com/watch?v=NBYUgqj84Rw,352,190,1974,https://www.youtube.com/watch?v=NBYUgqj84Rw,1115,982,1858,https://www.youtube.com/watch?v=gYa2C6h1qi8,671,0,0,0,
accbad7e89df4174a13b68edcae74068,20700,853284,1004,398,1738,https://www.youtube.com/watch?v=yNPyvPMuHuc,649,280,810,https://www.youtube.com/watch?v=Qb1IoCIEkdk,1358,562,1738,https://www.youtube.com/watch?v=yNPyvPMuHuc,911,391,285,907,https://www.twitch.tv/videos/2887117440
ef67b676c0334ef182151f473469c1f1,20700,1525311,1440,635,13012,https://www.youtube.com/watch?v=s-4dGrTJbkE,1402,614,2384,https://www.youtube.com/watch?v=gjA08TuK7kY,1742,1007,13012,https://www.youtube.com/watch?v=s-4dGrTJbkE,0,0,0,0,
67d6807619064938a78832b4106de5c0,20600,934384,0,0,0,,0,0,0,,0,0,0,,3723,301,123,480,https://www.twitch.tv/videos/2866813138
c9ece3513c804b3db003cd8fca683857,20600,906457,2251,1031,5962,https://www.youtube.com/watch?v=SONUKfvDo-M,2251,1031,5962,https://www.youtube.com/watch?v=SONUKfvDo-M,0,0,0,,8661,0,0,0,
49eca1ea30a8425a8967677070c95627,20600,1639610,1721,690,3692,https://www.youtube.com/watch?v=ULaUDX2hjPA,1600,555,2112,https://www.youtube.com/watch?v=--GTEZYXwMw,2321,1342,3692,https://www.youtube.com/watch?v=ULaUDX2hjPA,672,305,278,305,https://www.twitch.tv/videos/2889719536
c540124532e14ceb8e9ffc654a0ec4c9,20500,31685485,3218,401,9185,https://www.youtube.com/watch?v=jTci6_nmiaA,869,291,1256,https://www.youtube.com/watch?v=uvbeDh32eZU,4028,703,9185,https://www.youtube.com/watch?v=jTci6_nmiaA,1739,36,24,45,https://www.twitch.tv/videos/2879995291
f7c8264349654390a5e39810dc012a38,20500,1488895,2357,2229,2357,https://www.youtube.com/watch?v=UdPWIzzfUjY,0,0,0,,2357,2229,2357,https://www.youtube.com/watch?v=UdPWIzzfUjY,0,0,0,0,
76d68171666847cc913328359037139c,20500,979160,1183,438,43846,https://www.youtube.com/watch?v=fxzcu89e4Wg,1069,426,4410,https://www.youtube.com/watch?v=4eXvUI4Mh9c,43846,22369,43846,https://www.youtube.com/watch?v=fxzcu89e4Wg,1686,0,0,0,
8eec9fd38e7440f09bf1bc864e4d6e38,20400,949420,1646,700,7813,https://www.youtube.com/watch?v=PecUCleEUmM,1488,674,3356,https://www.youtube.com/watch?v=32bjio-RuIE,2229,1198,7813,https://www.youtube.com/watch?v=PecUCleEUmM,4857,1185,528,3099,https://www.twitch.tv/videos/2865715086
36a96262405a4d4683db73d8403bf8b7,20300,1407981,1395,627,4620,https://www.youtube.com/watch?v=RRMVAeiA5G0,2779,1042,4620,https://www.youtube.com/watch?v=RRMVAeiA5G0,1395,627,2076,https://www.youtube.com/watch?v=ZPH-mDe0AsE,655,177,160,317,https://www.twitch.tv/videos/2889604796
56b4e7f364bc4b96b3a9d48596e28d8d,20200,1194758,2231,1030,16110,https://www.youtube.com/watch?v=rj6Axh36Kvs,2189,1030,16110,https://www.youtube.com/watch?v=rj6Axh36Kvs,3886,1208,11193,https://www.youtube.com/watch?v=u_9j14AL25o,0,0,0,0,
ec30041838214022aeb622c0851e46db,20100,1001163,1207,581,7682,https://www.youtube.com/watch?v=RAFUVO-Xr40,0,0,0,,1207,581,7682,https://www.youtube.com/watch?v=RAFUVO-Xr40,5523,435,152,137460,https://www.twitch.tv/videos/2877398032
6c0758764e674c6db2f985710fcfbd7b,20000,1625164,1558,685,3689,https://www.youtube.com/watch?v=ca7b0rtOQP0,1232,517,1876,https://www.youtube.com/watch?v=T0lw9CO5lxg,2347,1220,3689,https://www.youtube.com/watch?v=ca7b0rtOQP0,0,0,0,0,
de266b34e79c49b48fa566e9fb1a24af,19900,1492287,1396,642,32548,https://www.youtube.com/watch?v=ZfzCsCrumlM,1291,504,3792,https://www.youtube.com/watch?v=OM5k-delYUo,17001,12077,32548,https://www.youtube.com/watch?v=ZfzCsCrumlM,649,0,0,0,
2842edf30d614ca9acc4e689974058b9,19900,2306535,3599,1112,7530,https://www.youtube.com/watch?v=I1RvnSqAllQ,2809,1371,7530,https://www.youtube.com/watch?v=I1RvnSqAllQ,5612,698,6973,https://www.youtube.com/watch?v=1mRrki8lU6o,21,0,0,0,
57903e09a68f4997b7c4bc356cd5e64d,19700,1833226,1771,883,4052,https://www.youtube.com/watch?v=DESG2zwNPEg,1613,801,2771,https://www.youtube.com/watch?v=77-gYAt5NKk,2996,1010,4052,https://www.youtube.com/watch?v=DESG2zwNPEg,577,239,210,239,https://www.twitch.tv/videos/2888881836
88f782b3b6c6492c926f70e4a13390c9,19600,856745,1519,120,1553,https://www.youtube.com/watch?v=ilm_VLl04LQ,452,120,452,https://www.youtube.com/watch?v=MLcOqXIsDBI,1536,480,1553,https://www.youtube.com/watch?v=ilm_VLl04LQ,920,283,167,608,https://www.twitch.tv/videos/2883378023
2c05340bb152419ebe0bd3fb6a78da80,19500,2070044,1960,1024,19226,https://www.youtube.com/watch?v=Z5e_4N4C7cI,1260,997,19226,https://www.youtube.com/watch?v=Z5e_4N4C7cI,2074,1193,12533,https://www.youtube.com/watch?v=HQAU1EMKiD0,0,0,0,0,
ed3f69b9de7c43f3a32b4e7dfdb5bfd0,19400,806517,1162,1076,1194,https://www.youtube.com/watch?v=VlwE83o9UMI,0,0,0,,1162,1076,1194,https://www.youtube.com/watch?v=VlwE83o9UMI,0,0,0,0,
05e831b267914fc5b4d9b28de1f648dc,19300,987170,1672,1100,2665,https://www.youtube.com/watch?v=qg8dhuQhKos,1739,1102,2665,https://www.youtube.com/watch?v=qg8dhuQhKos,1166,867,1166,https://www.youtube.com/watch?v=re9isOh2sd8,0,0,0,0,
7b58646f89cb4b7cbcdce819499c475f,19300,376299,0,0,0,,0,0,0,,0,0,0,,0,0,0,0,
cdb5c89f61c94949a989457cf549b7e4,19200,1836665,1179,593,2722,https://www.youtube.com/watch?v=CxgJbT0t8aI,1479,877,2249,https://www.youtube.com/watch?v=k0oMIZBhAWo,782,248,2722,https://www.youtube.com/watch?v=CxgJbT0t8aI,0,0,0,0,
a3f2963a57094502a10845075cdee88c,18900,9757253,73935,14895,355896,https://www.youtube.com/watch?v=OfxFjfWUpXQ,12650,7495,30630,https://www.youtube.com/watch?v=ltoi0H_llYc,122585,59583,355896,https://www.youtube.com/watch?v=OfxFjfWUpXQ,1738,2751,2601,4678,https://www.twitch.tv/videos/2890709589
090be1be8d29429183e190e22fc4be22,18600,1150912,1456,653,2141,https://www.youtube.com/watch?v=vqYW6I-TOAE,1456,653,2141,https://www.youtube.com/watch?v=vqYW6I-TOAE,0,0,0,,4250,509,348,546,https://www.twitch.tv/videos/2884495777
ebc44e2ba78f4790b832d02c31410262,18500,832487,1000,565,9657,https://www.youtube.com/watch?v=_HgH5io-i_g,791,355,9657,https://www.youtube.com/watch?v=_HgH5io-i_g,1631,891,2344,https://www.youtube.com/watch?v=WcvfTON6BTw,716,322,207,453,https://www.twitch.tv/videos/2891582388
f6fe970a79964cca9dcec4741f0f679b,18400,2027431,15529,7663,86363,https://www.youtube.com/watch?v=iZc62cXLD08,0,0,0,,15529,7663,86363,https://www.youtube.com/watch?v=iZc62cXLD08,92521,62685,16509,102698,https://www.twitch.tv/videos/2890483345
05be4fb717614738a87daac46157ddb1,18400,1362859,678,306,1823,https://www.youtube.com/watch?v=MrVW2nrgvCg,678,306,1823,https://www.youtube.com/watch?v=MrVW2nrgvCg,0,0,0,,0,0,0,0,
bf58297d50a741e5b1808ec4c445f216,18300,4355899,1626,501,11118,https://www.youtube.com/watch?v=x85IIYI_2SI,639,462,4271,https://www.youtube.com/watch?v=Z3qGiH37dl8,3809,3339,11118,https://www.youtube.com/watch?v=x85IIYI_2SI,0,0,0,0,
b174714646ea40e28ce32affabe3e93e,18000,1343691,1268,454,3680,https://www.youtube.com/watch?v=dsJEUP5uNxw,1268,454,3680,https://www.youtube.com/watch?v=dsJEUP5uNxw,1945,1333,2967,https://www.youtube.com/watch?v=3zlVfKVedxs,716,0,0,0,
6c7a8b443aa942a89a83485c98d10559,17500,1595270,780,311,2470,https://www.youtube.com/watch?v=ZbIMcA2fqqQ,780,311,2470,https://www.youtube.com/watch?v=ZbIMcA2fqqQ,0,0,0,,0,0,0,0,
71e1a399885b48e79c9a98e973e6b5e3,17500,6219241,2558,1246,7482,https://www.youtube.com/watch?v=DwEcjzh31Fk,0,0,0,,2558,1246,7482,https://www.youtube.com/watch?v=DwEcjzh31Fk,705,34,20,34,https://www.twitch.tv/videos/2881781288
09600daf1956476190642d1be738e945,17400,2166826,2634,888,6830,https://www.youtube.com/watch?v=fnhkUh-PcAQ,2280,888,6830,https://www.youtube.com/watch?v=fnhkUh-PcAQ,3296,1274,3553,https://www.youtube.com/watch?v=WAAI2dt0NYA,0,0,0,0,
0ba1bc3725a9456aa0f66ec951ad47eb,17300,1229828,2545,1070,45286,https://www.youtube.com/watch?v=dJMzFIhfzp8,1923,779,4796,https://www.youtube.com/watch?v=_7uOrBpx4q0,4153,1377,45286,https://www.youtube.com/watch?v=dJMzFIhfzp8,6701,461,148,26160,https://www.twitch.tv/videos/2891673888
914f6caed3ff4348824d966f76662bc2,17300,1208049,1190,477,2243,https://www.youtube.com/watch?v=pLEvwvF1RAQ,1072,449,2243,https://www.youtube.com/watch?v=pLEvwvF1RAQ,1842,880,1842,https://www.youtube.com/watch?v=IuN4kIGTmEQ,0,0,0,0,
2ada3b89962b479bb8dbd2a63bca5da1,17200,1426213,1193,417,2234,https://www.youtube.com/watch?v=Wbck8h4_MaE,1193,417,2234,https://www.youtube.com/watch?v=Wbck8h4_MaE,0,0,0,,0,0,0,0,
470d1cb40a5e460e8cdc1414c5fd1a34,17000,390337,1378,632,2259,https://www.youtube.com/watch?v=8uZ-sAeyLlw,1378,632,2259,https://www.youtube.com/watch?v=8uZ-sAeyLlw,0,0,0,,1280,0,0,0,
fbb142bcb07a4808b0164c41ab1877ea,16700,1554770,918,488,1239,https://www.youtube.com/watch?v=w0WDkZAcMxU,918,488,1239,https://www.youtube.com/watch?v=w0WDkZAcMxU,0,0,0,,0,0,0,0,
c379e3f4f1eb41869ec465481b182e50,16700,946365,1097,397,7395,https://www.youtube.com/watch?v=YPoOEE0J4wI,1074,412,7395,https://www.youtube.com/watch?v=YPoOEE0J4wI,1602,315,2297,https://www.youtube.com/watch?v=7e93uXTGG0Y,0,0,0,0,
8796ee6fb25b4b40a8ad9a188059951a,16600,622781,504,279,1513,https://www.youtube.com/watch?v=konioAcJyqs,504,279,1513,https://www.youtube.com/watch?v=konioAcJyqs,0,0,0,,0,0,0,0,
e802007cbda74a0bb3a41f4ebcae7f47,16600,713112,5167,734,8428,https://www.youtube.com/watch?v=3teWhfN45dY,6885,1480,8428,https://www.youtube.com/watch?v=3teWhfN45dY,2675,652,4032,https://www.youtube.com/watch?v=K_LC7WFRAw0,0,0,0,0,
7587608de08740aeb1a8dbe40006b90d,16500,1464838,625,460,3158,https://www.youtube.com/watch?v=hWjkjJEHsk0,613,459,625,https://www.youtube.com/watch?v=oV0p2YJjNAY,3158,983,3158,https://www.youtube.com/watch?v=hWjkjJEHsk0,3172,842,606,1449,https://www.twitch.tv/videos/2877434225
0b63fa89b80e4649b0297d156ed1c791,16500,1499098,2674,825,3056,https://www.youtube.com/watch?v=ivIE_4ggBy8,2674,825,3056,https://www.youtube.com/watch?v=ivIE_4ggBy8,0,0,0,,0,0,0,0,
ec183b10574a449f91e43ab216976a60,16300,1457697,3713,1886,7044,https://www.youtube.com/watch?v=vwHQjJTEdJ8,3010,1644,7044,https://www.youtube.com/watch?v=vwHQjJTEdJ8,4663,2303,6222,https://www.youtube.com/watch?v=wprycBPDfWE,1337,0,0,0,
2885972c2d0943e6b697bdc5e72c1d4a,16200,353938,963,308,1759,https://www.youtube.com/watch?v=CdjEFJ-euzw,770,278,1670,https://www.youtube.com/watch?v=USVHn1I_AEM,1614,512,1759,https://www.youtube.com/watch?v=CdjEFJ-euzw,0,0,0,0,
c4bc52355d334a98bdaa1e57c05673ad,16000,1261383,1626,542,5591,https://www.youtube.com/watch?v=FGMm4RG09DY,1626,542,5591,https://www.youtube.com/watch?v=FGMm4RG09DY,0,0,0,,0,0,0,0,
221563b6b46245379c6dc6328c9d0447,15900,1186010,771,461,771,https://www.youtube.com/watch?v=UBJStKev3g0,771,461,771,https://www.youtube.com/watch?v=UBJStKev3g0,0,0,0,,0,0,0,0,
0471d5082a2e419786e141d6424c9150,15900,1850695,1424,590,11177,https://www.youtube.com/watch?v=59gUgj7Spg8,1161,410,1946,https://www.youtube.com/watch?v=smkgrdbAE2Q,1920,723,11177,https://www.youtube.com/watch?v=59gUgj7Spg8,8502,1480,708,1859,https://www.twitch.tv/videos/2878953613
5f8930a469f94b5cad116810f68a2614,15800,574249,2210,1083,6672,https://www.youtube.com/watch?v=vRTJBT4myAQ,2297,1083,6672,https://www.youtube.com/watch?v=vRTJBT4myAQ,1749,1272,2445,https://www.youtube.com/watch?v=-XheQ3CrEqA,0,0,0,0,
ee77ed51da394f02b72c33756b155eac,15800,600470,549,166,842,https://www.youtube.com/watch?v=WnMvbqwDlYM,549,166,842,https://www.youtube.com/watch?v=WnMvbqwDlYM,0,0,0,,793,0,0,0,
656455380d524045b9f75d6082563f94,15700,1536828,483,237,1153,https://www.youtube.com/watch?v=XDbHP4vNoQc,478,188,764,https://www.youtube.com/watch?v=QKduf8WyB4k,1153,824,1153,https://www.youtube.com/watch?v=XDbHP4vNoQc,662,0,0,0,
5db725f32b5e4e1380ad64110b88c91d,15700,5052590,690,197,2170,https://www.youtube.com/watch?v=4pDb-p9tihg,381,183,782,https://www.youtube.com/watch?v=JYxmQD_Te78,1391,822,2170,https://www.youtube.com/watch?v=4pDb-p9tihg,1051,0,0,0,
68820304b6164959806479d6c9dad127,15500,1297030,1610,838,3550,https://www.youtube.com/watch?v=0KVrgNnRhHE,1427,771,3550,https://www.youtube.com/watch?v=0KVrgNnRhHE,2617,1280,2792,https://www.youtube.com/watch?v=cIVX6dCRCds,0,0,0,0,
fd7a69505569429fb845ac056825f3a9,15400,1694638,528,346,1678,https://www.youtube.com/watch?v=9cZ1sXLAj4w,528,346,1678,https://www.youtube.com/watch?v=9cZ1sXLAj4w,614,269,1578,https://www.youtube.com/watch?v=gudd1Kksx68,0,0,0,0,
e93182ff3a954e0e92567136dc3659ed,15400,476611,589,198,716,https://www.youtube.com/watch?v=fraWnDd0zCo,589,198,716,https://www.youtube.com/watch?v=fraWnDd0zCo,0,0,0,,0,0,0,0,
77533b0fb2324e33bff67fbbf4daf13f,15400,3969394,779,294,1822,https://www.youtube.com/watch?v=5oxBn9_iRUQ,937,651,1822,https://www.youtube.com/watch?v=5oxBn9_iRUQ,770,221,779,https://www.youtube.com/watch?v=dxp_MVUQSPY,1469,23,19,25,https://www.twitch.tv/videos/2886321553
15e4450f63904e50907dc93fee446fd2,15300,1459826,1545,836,12993,https://www.youtube.com/watch?v=Ex5pPUzdxSo,1332,763,2389,https://www.youtube.com/watch?v=dlS0EBg2H7k,2424,1041,12993,https://www.youtube.com/watch?v=Ex5pPUzdxSo,0,0,0,0,
8fae79a84cd049fd8a2ea50528a75e2b,15200,1256060,117258,48261,117258,https://www.youtube.com/watch?v=mIJkCzhPjOs,0,0,0,,117258,48261,117258,https://www.youtube.com/watch?v=mIJkCzhPjOs,12681,5565,1648,36891,https://www.twitch.tv/videos/2879872542
2ee2acc29fac42c5b130558543cbdf00,15200,969402,1281,663,22922,https://www.youtube.com/watch?v=SehmifSLRis,1191,642,2724,https://www.youtube.com/watch?v=W7Fnum3Gzqk,2312,1189,22922,https://www.youtube.com/watch?v=SehmifSLRis,907,47,41,152,https://www.twitch.tv/videos/2887180728
17933ba43ccf4e3c85961523b77bd901,15100,571012,1811,619,2360,https://www.youtube.com/watch?v=txX5LDw3pEs,1168,440,2360,https://www.youtube.com/watch?v=txX5LDw3pEs,1898,1081,1986,https://www.youtube.com/watch?v=K6ejy0gcQ0k,1485,677,496,757,https://www.twitch.tv/videos/2890725129
0f595c5e48be4f29befb358388a61f8b,15000,1224786,0,0,0,,0,0,0,,0,0,0,,379,0,0,0,
4d8babea181e44df9855f3aafc06eb2c,15000,1012758,870,480,25493,https://www.youtube.com/watch?v=xnqExjiz_yQ,706,448,1599,https://www.youtube.com/watch?v=vJ4fOUkCw0E,1995,1224,25493,https://www.youtube.com/watch?v=xnqExjiz_yQ,0,0,0,0,
ac1ce1eeaffa4e58a8155c20d8f85ff3,14900,672867,1088,717,4547,https://www.youtube.com/watch?v=YVWpcWffVpI,1246,664,4547,https://www.youtube.com/watch?v=YVWpcWffVpI,1063,753,3273,https://www.youtube.com/watch?v=cAU5nSgrJzc,5537,0,0,0,
b5561ece0c9b4f4a8fccdd3b36ee3260,14700,941320,686,335,3263,https://www.youtube.com/watch?v=jBFj4jk4rZ4,635,286,2801,https://www.youtube.com/watch?v=hZE-kg2ndjI,2889,1573,3263,https://www.youtube.com/watch?v=jBFj4jk4rZ4,0,0,0,0,
6a30fc9ee6f24d839198497406c63cc1,14700,1559238,744,335,3808,https://www.youtube.com/watch?v=hja23dQDgGw,266,202,419,https://www.youtube.com/watch?v=xGRw1TrF-sk,1139,706,3808,https://www.youtube.com/watch?v=hja23dQDgGw,512,0,0,0,
7c5232b16a1d44498677ed33e72bd8c6,14700,661862,1556,618,4703,https://www.youtube.com/watch?v=jOGfaPfqOFI,1490,485,4703,https://www.youtube.com/watch?v=jOGfaPfqOFI,2538,1879,3244,https://www.youtube.com/watch?v=l0o3iyuL1Xo,0,0,0,0,
d5c19a6328af48ba88bf41b2dd757f14,14600,743470,581,299,1364,https://www.youtube.com/watch?v=EMyAJT2swMQ,529,299,888,https://www.youtube.com/watch?v=b9fUxfuBSec,1183,348,1364,https://www.youtube.com/watch?v=EMyAJT2swMQ,0,0,0,0,
03762df738044b09a1e216949158c8a4,14500,252220,0,0,0,,0,0,0,,0,0,0,,2468,0,0,0,
20aa88e16d77400b9bc4e72df1b2a588,14500,549958,1530,817,28096,https://www.youtube.com/watch?v=xRgBVq0z1vc,1440,817,3323,https://www.youtube.com/watch?v=KLLPmlO0pv4,1816,986,28096,https://www.youtube.com/watch?v=xRgBVq0z1vc,0,0,0,0,
633c7350aca946428e98228660ee73e2,14400,814484,1326,722,3265,https://www.youtube.com/watch?v=dP7uvq0x5FQ,1226,639,3265,https://www.youtube.com/watch?v=dP7uvq0x5FQ,1834,815,3118,https://www.youtube.com/watch?v=xEUU5xxCtdI,0,0,0,0,
44af52f7f6aa487e850b3d261947205b,14400,2122165,697,577,6230,https://www.youtube.com/watch?v=CLZYi-ydAnM,661,534,6230,https://www.youtube.com/watch?v=CLZYi-ydAnM,1636,647,3075,https://www.youtube.com/watch?v=Ziww5yxEuaI,207,0,0,0,
a51be890a1f443ea87bee45c9d8acf13,14300,977130,0,0,0,,0,0,0,,0,0,0,,19878,4313,1654,5818,https://www.twitch.tv/videos/2867493609
bf197e3d2cd6400db5f7e397427965e5,14300,424376,395,172,1438,https://www.youtube.com/watch?v=oSwzZHd3hyY,395,172,1438,https://www.youtube.com/watch?v=oSwzZHd3hyY,0,0,0,,271,0,0,0,
3d46fb16bc2c48fb8f12a647cf5ec702,14300,1284796,1523,795,4882,https://www.youtube.com/watch?v=ed_djzzbp9k,1523,795,4882,https://www.youtube.com/watch?v=ed_djzzbp9k,1909,956,2910,https://www.youtube.com/watch?v=G5xZLMzMk8A,0,0,0,0,
788611c913b04d999011628637657bee,14100,1911086,3224,1063,29261,https://www.youtube.com/watch?v=ft1xZtoT7qg,3573,1063,7099,https://www.youtube.com/watch?v=0Y6ltb_aJDs,2961,939,29261,https://www.youtube.com/watch?v=ft1xZtoT7qg,2739,454,378,1601,https://www.twitch.tv/videos/2887757979
0448e6929687421c9e0435832765b9fe,14000,369941,712,497,1854,https://www.youtube.com/watch?v=HPybQ9Cygdk,597,494,724,https://www.youtube.com/watch?v=WLzdbEA8IcE,1679,754,1854,https://www.youtube.com/watch?v=HPybQ9Cygdk,3116,442,321,625,https://www.twitch.tv/videos/2882558433
0ab147ded84b484eac14de7a46c9cf4e,14000,878707,725,434,45809,https://www.youtube.com/watch?v=tIM9kff-tHc,631,414,6631,https://www.youtube.com/watch?v=oJCs3iF5uAc,5873,3043,45809,https://www.youtube.com/watch?v=tIM9kff-tHc,0,0,0,0,
2d57d202ef8e46a5871302b944309bc2,13900,1282086,69,50,80,https://www.youtube.com/watch?v=je50mTwBi2M,49,33,69,https://www.youtube.com/watch?v=rEQ0WfwMujE,80,70,80,https://www.youtube.com/watch?v=je50mTwBi2M,0,0,0,0,
a8d11ac027d842c598de50529e797547,13900,595244,8822,3470,15195,https://www.youtube.com/watch?v=0fG6RIZtTfA,12167,3698,15195,https://www.youtube.com/watch?v=0fG6RIZtTfA,7417,3241,10016,https://www.youtube.com/watch?v=-oJs5icuSMg,20897,5909,1931,9190,https://www.twitch.tv/videos/2881803223
8195d69546e3466c95f9d35ccb7c6c35,13900,1431716,993,442,3656,https://www.youtube.com/watch?v=fs5IhV3YLTY,1333,682,3656,https://www.youtube.com/watch?v=fs5IhV3YLTY,691,295,805,https://www.youtube.com/watch?v=yT7onOo2PQ4,0,0,0,0,
702c28baa35c4b7588ad4fa70ddc2304,13800,875382,1535,1072,72220,https://www.youtube.com/watch?v=5YsSmZ2Ag_I,1218,450,1625,https://www.youtube.com/watch?v=ELdtPc2KF2w,6465,2493,72220,https://www.youtube.com/watch?v=5YsSmZ2Ag_I,0,0,0,0,
4571c7a211b945f3b608c0066f7e73e4,13800,3584375,868,336,13357,https://www.youtube.com/watch?v=BrVVziRRR88,768,318,1096,https://www.youtube.com/watch?v=Xt_RyuPBsdQ,9138,3641,13357,https://www.youtube.com/watch?v=BrVVziRRR88,822,0,0,0,
1a1942f52ea74121923497e7e0cfd6a5,13800,673942,0,0,0,,0,0,0,,0,0,0,,0,0,0,0,
1a520f3d2665454f985490e42467ae27,13700,568580,1276,718,2303,https://www.youtube.com/watch?v=fuNylVG-xrY,1276,718,2303,https://www.youtube.com/watch?v=fuNylVG-xrY,0,0,0,,0,0,0,0,
ad2a1148ff4747229694f9aa2c3645d9,13700,1091225,1555,487,1716,https://www.youtube.com/watch?v=vCjMwJrFOUo,744,487,744,https://www.youtube.com/watch?v=ZZWM_6PjwZc,1569,568,1716,https://www.youtube.com/watch?v=vCjMwJrFOUo,0,0,0,0,
7ef2dc851df94f5aa7f632c736b4307e,13700,482297,406,211,590,https://www.youtube.com/watch?v=iawB2sjMnG0,406,211,590,https://www.youtube.com/watch?v=iawB2sjMnG0,0,0,0,,655,0,0,0,
5d2231ea88fd474d8a11e5a759899216,13600,3696014,950,439,2305,https://www.youtube.com/watch?v=P0LkuwOYBgk,913,396,2305,https://www.youtube.com/watch?v=P0LkuwOYBgk,1279,1208,2038,https://www.youtube.com/watch?v=wYobgA1-w-Y,215,0,0,0,
abc7acc71b474ebebecfde51ad5f88e1,13600,551183,555,417,555,https://www.youtube.com/watch?v=3kCC0BbkzWA,555,417,555,https://www.youtube.com/watch?v=3kCC0BbkzWA,0,0,0,,1614,0,0,0,
1eec022f916a46b58f5124936afdabe3,13500,398729,1225,376,1680,https://www.youtube.com/watch?v=G9em9J7qE9Y,1267,404,1680,https://www.youtube.com/watch?v=G9em9J7qE9Y,314,307,314,https://www.youtube.com/watch?v=bg7Q2n2MREk,0,0,0,0,
cad7f93653b54779932a6809a5f3a769,13500,402909,663,278,1616,https://www.youtube.com/watch?v=PylhHi2CVP0,689,282,1616,https://www.youtube.com/watch?v=PylhHi2CVP0,456,236,456,https://www.youtube.com/watch?v=SaJl05mEX90,1369,470,379,765,https://www.twitch.tv/videos/2881780471
00d3ddb7b65247eaa16473cfd1376723,13400,1154707,1155,957,2256,https://www.youtube.com/watch?v=MgkGpnXLx5I,960,907,1211,https://www.youtube.com/watch?v=0q0YLO4MMek,1505,983,2256,https://www.youtube.com/watch?v=MgkGpnXLx5I,1128,0,0,0,
70b86c53cafa43b49e2782fe4e4bbd6c,13300,1064646,1091,481,5855,https://www.youtube.com/watch?v=Hc6t0dxFZjQ,951,393,1722,https://www.youtube.com/watch?v=9qVs5TVs4NI,1572,981,5855,https://www.youtube.com/watch?v=Hc6t0dxFZjQ,0,0,0,0,
5ee3c46f62cf4b34accc313fb437581b,13200,171937,776,402,1068,https://www.youtube.com/watch?v=6TWsp2QYWHU,776,402,1068,https://www.youtube.com/watch?v=6TWsp2QYWHU,0,0,0,,0,0,0,0,
0628f4d0fcbd4f0a980b64b3b1deeb74,13100,601858,709,337,2186,https://www.youtube.com/watch?v=7Crhaj9cB5M,698,354,1658,https://www.youtube.com/watch?v=6u3Fmo0eY-o,2186,4,2186,https://www.youtube.com/watch?v=7Crhaj9cB5M,0,0,0,0,
390346240f4748bd9d81e472411c20c2,13100,326295,1481,268,1481,https://www.youtube.com/watch?v=jAOJ2niK1xU,1481,268,1481,https://www.youtube.com/watch?v=jAOJ2niK1xU,0,0,0,,3635,0,0,0,
5fbcb045887b4a87878773dbf5f63e26,13000,471056,879,393,6090,https://www.youtube.com/watch?v=9NT79MjL07Q,898,390,6090,https://www.youtube.com/watch?v=9NT79MjL07Q,806,428,1791,https://www.youtube.com/watch?v=20AQG2i2CuU,1560,703,487,845,https://www.twitch.tv/videos/2884497776
2a3824dd5c0a46f597b27dd183283aea,13000,7087217,4072,2647,43726,https://www.youtube.com/watch?v=MXgsHOkLgZQ,2110,612,4072,https://www.youtube.com/watch?v=dCp2kJ_jjJo,18595,5434,43726,https://www.youtube.com/watch?v=MXgsHOkLgZQ,0,0,0,0,
a168211aa3dd451cb33e09b80df0ea0a,13000,416565,234,113,1443,https://www.youtube.com/watch?v=FUipgmInWCQ,241,120,1443,https://www.youtube.com/watch?v=FUipgmInWCQ,220,104,1002,https://www.youtube.com/watch?v=zbOsJbnkhyk,555,0,0,0,
3a8f78d98fd344cb9d32358e5c96eace,12900,641425,1381,310,1823,https://www.youtube.com/watch?v=GcIshhSSc_o,1404,375,1823,https://www.youtube.com/watch?v=GcIshhSSc_o,421,114,421,https://www.youtube.com/watch?v=wdOVh6cfutk,5895,0,0,0,
341ca5efce084743977d3b74315a30ab,12800,796557,1459,661,18544,https://www.youtube.com/watch?v=BYmLw0KOb9o,1324,584,2272,https://www.youtube.com/watch?v=vzdJhLlfQE4,11247,3810,18544,https://www.youtube.com/watch?v=BYmLw0KOb9o,1688,407,343,595,https://www.twitch.tv/videos/2880966429
3005ff0c09064d7f924c506e1e9c18ba,12800,549942,2966,2602,2966,https://www.youtube.com/watch?v=dOghZM2F6Vw,0,0,0,,2966,2602,2966,https://www.youtube.com/watch?v=dOghZM2F6Vw,23097,2365,954,4359,https://www.twitch.tv/videos/2866832124
15cbed02d2f74630b04b73515909c1f4,12700,458261,293,194,385,https://www.youtube.com/watch?v=6TflX2nfzkM,293,194,385,https://www.youtube.com/watch?v=6TflX2nfzkM,0,0,0,,2455,0,0,0,
2717397c3d824350ace8ed9b6ba2f08f,12700,1398524,3885,1747,30711,https://www.youtube.com/watch?v=vAopjBbN1N8,4139,1747,7891,https://www.youtube.com/watch?v=LnfBTTwEAWs,1867,1385,30711,https://www.youtube.com/watch?v=vAopjBbN1N8,0,0,0,0,
bd99f3c8cd6e4fffb75bf0e5b1b5b4fa,12700,991313,4607,3050,368303,https://www.youtube.com/watch?v=VKMY_FHHn58,4438,1813,9555,https://www.youtube.com/watch?v=u2IZ73CnZb8,50639,39514,368303,https://www.youtube.com/watch?v=VKMY_FHHn58,0,0,0,0,
a1608f0690584f07bf7aaf84ed9e4d8f,12600,375107,717,243,10373,https://www.youtube.com/watch?v=IpOEbO6VUMQ,582,177,1349,https://www.youtube.com/watch?v=6BRLbOuvY_U,797,364,10373,https://www.youtube.com/watch?v=IpOEbO6VUMQ,0,0,0,0,
976e0cf401784d3f874dc85b2b2c5839,12600,1318644,1247,591,3167,https://www.youtube.com/watch?v=98s9rE5r0j0,1208,439,3167,https://www.youtube.com/watch?v=98s9rE5r0j0,1560,1176,1721,https://www.youtube.com/watch?v=xc0Wlp66NZo,3049,289,181,868,https://www.twitch.tv/videos/2891539816
703ae2c7ccc9431382a5b0f2c35e6ec1,12400,853747,1234,439,1451,https://www.youtube.com/watch?v=kXbQE0f7N8U,1234,439,1451,https://www.youtube.com/watch?v=kXbQE0f7N8U,0,0,0,,0,0,0,0,
316dd044dc644c4cac9e140dcba5d210,12400,990448,231,112,1797,https://www.youtube.com/watch?v=Ryd1AE5RmPU,224,90,344,https://www.youtube.com/watch?v=WfUKXRSsMVk,1774,424,1797,https://www.youtube.com/watch?v=Ryd1AE5RmPU,2533,346,221,1489,https://www.twitch.tv/videos/2883088614
9012b1827e8141bd9d56d1a04b2f7ad1,12400,914386,1282,600,2310,https://www.youtube.com/watch?v=k6C-dJjz3WA,1282,600,2111,https://www.youtube.com/watch?v=ITg_qb1rlJw,1372,585,2310,https://www.youtube.com/watch?v=k6C-dJjz3WA,0,0,0,0,
c4470a1419984fb8aec0851f225b177a,12300,731019,364,119,477,https://www.youtube.com/watch?v=1-7MH5wrsQ4,420,233,477,https://www.youtube.com/watch?v=1-7MH5wrsQ4,193,8,193,https://www.youtube.com/watch?v=atxMhaouKYE,0,0,0,0,
93a4d479e67242d58d3ff80307d3bc84,12300,482593,1164,359,3893,https://www.youtube.com/watch?v=aaZ5TWk4Yd4,1164,529,3893,https://www.youtube.com/watch?v=aaZ5TWk4Yd4,1152,168,1353,https://www.youtube.com/watch?v=n3IcynmwJ2Q,242,15,13,84,https://www.twitch.tv/videos/2881859492
0c09a69445864b44adbba11b487f9b1a,12300,786098,808,225,808,https://www.youtube.com/watch?v=pmG8TFLsu8U,0,0,0,,808,225,808,https://www.youtube.com/watch?v=pmG8TFLsu8U,807,0,0,0,
a2e67b720e754c16bd739bcf9a95e396,12200,1025247,1216,512,10526,https://www.youtube.com/watch?v=Izsn3UgdSYI,742,350,2810,https://www.youtube.com/watch?v=0ANXVVW3MJ0,1783,849,10526,https://www.youtube.com/watch?v=Izsn3UgdSYI,0,0,0,0,
675071ddbd4844119d341bbfd6a0ee2a,12200,465665,442,221,1128,https://www.youtube.com/watch?v=2JKh6VjO1Lw,442,221,1128,https://www.youtube.com/watch?v=2JKh6VjO1Lw,0,0,0,,0,0,0,0,
8faff7aecb9d4e12917ea0144696e2de,12200,571752,1205,806,3391,https://www.youtube.com/watch?v=rr3aW61-Scs,1205,806,3391,https://www.youtube.com/watch?v=rr3aW61-Scs,0,0,0,,1013,43,39,479,https://www.twitch.tv/videos/2887032078
78c188fcd01a4ba382fb153ec86a7367,12100,1272149,1183,524,4019,https://www.youtube.com/watch?v=W4Qshbn9lK4,1134,524,4019,https://www.youtube.com/watch?v=W4Qshbn9lK4,1299,611,1450,https://www.youtube.com/watch?v=SkAO4Xv3qF0,0,0,0,0,
7cbd1f537c3d4e67b38b9f9e31cb93d6,12100,298581,934,792,1358,https://www.youtube.com/watch?v=eOU42tsjKK4,934,792,1358,https://www.youtube.com/watch?v=eOU42tsjKK4,0,0,0,,3635,650,340,1173,https://www.twitch.tv/videos/2874626039
a5f7302f9f1a4fcdb2471c4bc52a05fb,12100,1047008,2190,911,7887,https://www.youtube.com/watch?v=WU2zUwasTr8,2326,1087,7887,https://www.youtube.com/watch?v=WU2zUwasTr8,905,224,6294,https://www.youtube.com/watch?v=MzzgJcSIHCk,0,0,0,0,
b1939ca67a3c43cf8a6a0a9a88137419,12100,276139,498,264,938,https://www.youtube.com/watch?v=lAbYyGsEUZQ,498,264,938,https://www.youtube.com/watch?v=lAbYyGsEUZQ,0,0,0,,0,0,0,0,
d2c76258b7ff45ee88e3585c4c9ed0c1,12000,393533,0,0,0,,0,0,0,,0,0,0,,3768,0,0,0,
ab5709b7d3074c6db2a57995d5b1c328,12000,1267471,1179,514,2508,https://www.youtube.com/watch?v=-8G4OsXRUNo,1179,514,2508,https://www.youtube.com/watch?v=-8G4OsXRUNo,0,0,0,,0,0,0,0,
b57162e62056494d85f1743abdbad648,12000,653771,0,0,0,,0,0,0,,0,0,0,,307,0,0,0,
82e63a8d4ae14beab89e13b43b35fce3,12000,344963,730,421,825,https://www.youtube.com/watch?v=bp9VGdhUPeQ,730,421,825,https://www.youtube.com/watch?v=bp9VGdhUPeQ,0,0,0,,0,0,0,0,
126103200de947a7a3c2ac3971eef633,12000,248779,0,0,0,,0,0,0,,0,0,0,,0,0,0,0,
6559d42f66684b8f80b4cd4589addd85,11900,826513,417,198,2615,https://www.youtube.com/watch?v=sO7sTpkzkkQ,572,246,2615,https://www.youtube.com/watch?v=sO7sTpkzkkQ,229,95,322,https://www.youtube.com/watch?v=sZRJW0L5kgQ,3680,140,114,140,https://www.twitch.tv/videos/2887260438
4558095012964943921cd8a376a192fd,11900,122770,1709,838,3278,https://www.youtube.com/watch?v=-laoPR7Ktzg,1070,336,1414,https://www.youtube.com/watch?v=YbKGpOH6rzU,1921,1088,3278,https://www.youtube.com/watch?v=-laoPR7Ktzg,6519,789,599,1077,https://www.twitch.tv/videos/2874746484
696e947cd8624e609553d6786d21f11c,11900,469562,858,324,1191,https://www.youtube.com/watch?v=J7eZWnfla2g,982,575,1103,https://www.youtube.com/watch?v=nTs-rz4ICSA,369,322,1191,https://www.youtube.com/watch?v=J7eZWnfla2g,0,0,0,0,
774342c826924ecfb8b13a2bc27e3b81,11900,2690728,435,21,475,https://www.youtube.com/watch?v=J_euogsbc_8,440,70,475,https://www.youtube.com/watch?v=J_euogsbc_8,272,9,272,https://www.youtube.com/watch?v=IQjqv_xqx8M,0,0,0,0,
60ae2b3fd2254689bb65c216a0a09605,11900,0,0,0,0,,0,0,0,,0,0,0,,0,0,0,0,
5fc94cdcf7594a3ba5ce001ba405d3be,11900,861924,1646,745,4885,https://www.youtube.com/watch?v=ykepUeHycLo,1646,745,4885,https://www.youtube.com/watch?v=ykepUeHycLo,0,0,0,,1969,0,0,0,
72cc5bf1729245618e1f10da0b796d53,11800,523843,772,531,1542,https://www.youtube.com/watch?v=2Gvg6p40MGE,743,457,1342,https://www.youtube.com/watch?v=A-1WDRoYwuA,1400,950,1542,https://www.youtube.com/watch?v=2Gvg6p40MGE,1473,0,0,0,
5f0afd7885894861925e7030c096297e,11800,652492,1239,505,6005,https://www.youtube.com/watch?v=nwxbVMddb9Y,1256,611,6005,https://www.youtube.com/watch?v=nwxbVMddb9Y,325,253,434,https://www.youtube.com/watch?v=YhFm7t1Ilxc,0,0,0,0,
e949052e4ee24ecd8b352a68f6bf51e1,11700,454988,1129,647,1578,https://www.youtube.com/watch?v=BUEKAhwfit0,1129,647,1578,https://www.youtube.com/watch?v=BUEKAhwfit0,0,0,0,,2202,379,330,729,https://www.twitch.tv/videos/2880904102
512e1f38a37942cc8b7cb8aed597a810,11700,745428,604,287,1471,https://www.youtube.com/watch?v=g4FhZhEpsPA,724,289,1471,https://www.youtube.com/watch?v=g4FhZhEpsPA,499,259,626,https://www.youtube.com/watch?v=JvngDDi28ko,0,0,0,0,
4bfaeda5b1f242959a992d6ad8b8a036,11700,358536,338,237,3914,https://www.youtube.com/watch?v=vVVfW8qrpP4,265,150,373,https://www.youtube.com/watch?v=06dHNd4Fdg4,2350,428,3914,https://www.youtube.com/watch?v=vVVfW8qrpP4,468,0,0,0,
fbced2373c5a48f6abee998296f20617,11700,1439,0,0,0,,0,0,0,,0,0,0,,0,0,0,0,
319383cd0cd4438990dbb916862cdbfc,11500,822817,610,284,7783,https://www.youtube.com/watch?v=PlvMGdSlzb0,540,207,869,https://www.youtube.com/watch?v=YrBThR90ooY,5835,2361,7783,https://www.youtube.com/watch?v=PlvMGdSlzb0,0,0,0,0,
d9e5219a4cd84ac59bc35faa94729f01,11500,791981,462,235,3916,https://www.youtube.com/watch?v=pkJ9i5z46PM,382,175,1550,https://www.youtube.com/watch?v=-yNM14Qrfro,1545,402,3916,https://www.youtube.com/watch?v=pkJ9i5z46PM,9159,529,430,757,https://www.twitch.tv/videos/2884327375
8bc70fad02c8432d99056ebd5a8e2ae5,11400,335766,1286,728,3706,https://www.youtube.com/watch?v=T_SZLKpihMA,1286,728,3706,https://www.youtube.com/watch?v=T_SZLKpihMA,0,0,0,,0,0,0,0,
446d4bc526a4477eb6a72ae186e9d538,11400,413751,453,268,470,https://www.youtube.com/watch?v=MN6d-fm00Mw,453,268,470,https://www.youtube.com/watch?v=MN6d-fm00Mw,0,0,0,,0,0,0,0,
51cd04cab0de47d4b2b5a156bbe2dfb0,11300,468206,395,119,499,https://www.youtube.com/watch?v=mZ_BHOZQHew,395,119,499,https://www.youtube.com/watch?v=mZ_BHOZQHew,0,0,0,,0,0,0,0,
e11a32eec71e4b49aba5525ba012a02a,11300,56799,910,382,6069,https://www.youtube.com/watch?v=riMV1Cf8QPQ,1555,829,6069,https://www.youtube.com/watch?v=riMV1Cf8QPQ,570,364,910,https://www.youtube.com/watch?v=nhJO2KAc5ws,246,0,0,0,
209a528363cd411886ec9e5d086ff1bc,11300,1514585,3572,1124,15704,https://www.youtube.com/watch?v=ZqxGZgl1Iv0,3632,1135,15704,https://www.youtube.com/watch?v=ZqxGZgl1Iv0,1380,475,1380,https://www.youtube.com/watch?v=mmFrzqnS06Q,766,0,0,0,
175cfc69dbb34f1a8987f24a935db17f,11200,633616,1252,653,2354,https://www.youtube.com/watch?v=aYpwGq_OpBg,1237,575,2354,https://www.youtube.com/watch?v=aYpwGq_OpBg,1924,1366,1924,https://www.youtube.com/watch?v=TRR4tX_u3bM,0,0,0,0,
824bd7df6923453292dec9ff3e3f664a,11200,597197,1003,228,1505,https://www.youtube.com/watch?v=8qD82A4e-us,367,175,1112,https://www.youtube.com/watch?v=FmchTFxkoD0,1092,512,1505,https://www.youtube.com/watch?v=8qD82A4e-us,661,0,0,0,
350516d81d0944fd8dde463cbd4fd279,11100,1217882,734,596,2181,https://www.youtube.com/watch?v=ZtUQ6m959ug,632,451,836,https://www.youtube.com/watch?v=W3Czigw-CXg,2181,1839,2181,https://www.youtube.com/watch?v=ZtUQ6m959ug,0,0,0,0,
f2dc08b1c55843d9a3d1e0461ebf57c1,11100,589137,1325,620,1551,https://www.youtube.com/watch?v=etwG1RD_2Ks,1100,820,1100,https://www.youtube.com/watch?v=6U_6M7zro1Q,1551,419,1551,https://www.youtube.com/watch?v=etwG1RD_2Ks,0,0,0,0,
43864254e678407fae3dc899f7155912,11100,524558,629,215,1038,https://www.youtube.com/watch?v=Zw2fHWE4L6U,629,215,1038,https://www.youtube.com/watch?v=Zw2fHWE4L6U,0,0,0,,0,0,0,0,
b4bf821f6a6a440996f4fd9cddaf250b,11100,584398,605,209,1254,https://www.youtube.com/watch?v=7_ltxY8G8ho,507,282,833,https://www.youtube.com/watch?v=0Wh1F7bktuk,703,194,1254,https://www.youtube.com/watch?v=7_ltxY8G8ho,144,0,0,0,
335ebb05456849c2964629dc7157860e,11000,397355,595,231,20516,https://www.youtube.com/watch?v=cvLnYoOOETI,579,206,1060,https://www.youtube.com/watch?v=zgg6qcl2GSo,1611,310,20516,https://www.youtube.com/watch?v=cvLnYoOOETI,487,219,126,219,https://www.twitch.tv/videos/2880968904
836f66b079c4466db64a8b3bc9295450,11000,381192,971,575,1402,https://www.youtube.com/watch?v=T0DS6kTlfEY,492,125,492,https://www.youtube.com/watch?v=bQIYVLbq8Gc,1182,614,1402,https://www.youtube.com/watch?v=T0DS6kTlfEY,0,0,0,0,
63a55bc5320e4f148ed0abd7991b0e01,11000,1059244,679,272,2044,https://www.youtube.com/watch?v=ckH-7SkAt9I,526,186,679,https://www.youtube.com/watch?v=gDWPIDWxV7M,1554,471,2044,https://www.youtube.com/watch?v=ckH-7SkAt9I,8416,917,332,1221,https://www.twitch.tv/videos/2867552650
6885bffce2184355bed557901e079522,11000,521553,2921,1237,19997,https://www.youtube.com/watch?v=gHCe-Manh74,2930,1274,8704,https://www.youtube.com/watch?v=fnj3K8HWiSE,2254,1200,19997,https://www.youtube.com/watch?v=gHCe-Manh74,524,0,0,0,
84944da407dc4de9896c7b763132908c,11000,733451,635,297,2424,https://www.youtube.com/watch?v=5cLCtWLPfAg,616,292,1591,https://www.youtube.com/watch?v=BXdeaQqJXPM,1315,650,2424,https://www.youtube.com/watch?v=5cLCtWLPfAg,0,0,0,0,
2ff93e20894245d49004276e3b51e64f,11000,673624,1192,760,8966,https://www.youtube.com/watch?v=fqyL2o3WXNk,1006,585,1753,https://www.youtube.com/watch?v=WyimnSpDRrQ,2270,1205,8966,https://www.youtube.com/watch?v=fqyL2o3WXNk,0,0,0,0,
a31f3ab4cad841018b196b4de8186823,11000,1021329,1142,461,8706,https://www.youtube.com/watch?v=G26TkwLYNCc,1126,414,1820,https://www.youtube.com/watch?v=-pRf2VLldqQ,1158,740,8706,https://www.youtube.com/watch?v=G26TkwLYNCc,0,0,0,0,
7a88afc5eb644d76b35ed4ca968259bb,11000,930477,15139,6976,17388,https://www.youtube.com/watch?v=9JAZlTm7SG0,13423,6976,16908,https://www.youtube.com/watch?v=AqxaaiBon0o,16263,5723,17388,https://www.youtube.com/watch?v=9JAZlTm7SG0,21667,4208,1473,6469,https://www.twitch.tv/videos/2888056883
99e291fd358849b8877df76fba0a672e,11000,703147,0,0,0,,0,0,0,,0,0,0,,0,0,0,0,
068503b08362450b9339a0b6cc6eb3f0,10900,358225,1265,495,4767,https://www.youtube.com/watch?v=AX41X7TFksg,1447,710,4767,https://www.youtube.com/watch?v=AX41X7TFksg,960,317,2353,https://www.youtube.com/watch?v=JPfN0TUda2c,0,0,0,0,
ed28c754bb704dbf8a296f7008c2b5e4,10900,115224,0,0,0,,0,0,0,,0,0,0,,991,0,0,0,
e04cb802f3c949bc8300c4125078f738,10900,303893,982,132,1707,https://www.youtube.com/watch?v=I0y-txSKpMI,640,107,640,https://www.youtube.com/watch?v=qKHNSy9pkRo,1344,221,1707,https://www.youtube.com/watch?v=I0y-txSKpMI,0,0,0,0,
4b53aa789e544bd9aaecc9fbc79e4bbe,10900,900132,583,318,960,https://www.youtube.com/watch?v=dUU3dyIkTPw,583,318,960,https://www.youtube.com/watch?v=dUU3dyIkTPw,0,0,0,,0,0,0,0,
c163cb7f683c453fa8a994ebbb09ede8,10900,512852,2059,521,18555,https://www.youtube.com/watch?v=cUskryKN6RI,366,206,405,https://www.youtube.com/watch?v=XG9k9LZOMRk,2425,827,18555,https://www.youtube.com/watch?v=cUskryKN6RI,3354,277,176,396,https://www.twitch.tv/videos/2886997703
645fc774332a469ebd03f1a822ebe2be,10900,989679,1363,665,2890,https://www.youtube.com/watch?v=HUi5Xk_IlQU,1348,646,2890,https://www.youtube.com/watch?v=HUi5Xk_IlQU,1379,685,1434,https://www.youtube.com/watch?v=GnjoTYO-R0s,0,0,0,0,
89742766181f469b807f397325a2a6bf,10800,243840,194,128,554,https://www.youtube.com/watch?v=z87UkrkVfJs,194,128,554,https://www.youtube.com/watch?v=z87UkrkVfJs,0,0,0,,372,0,0,0,
b165ca888a7d4f61b754ac53ca374f11,10800,713081,0,0,0,,0,0,0,,0,0,0,,0,0,0,0,
3e269031fb4b45aaa0906ca424190ce2,10800,594149,6718,5704,6718,https://www.youtube.com/watch?v=t2w74QZiVmg,0,0,0,,6718,5704,6718,https://www.youtube.com/watch?v=t2w74QZiVmg,11484,1390,502,3917,https://www.twitch.tv/videos/2890338596
c518b228a5a849179ab26f28d230036e,10800,135325,281,173,365,https://www.youtube.com/watch?v=crXC7SmgOAo,281,173,365,https://www.youtube.com/watch?v=crXC7SmgOAo,0,0,0,,0,0,0,0,
75d0bd5fa58a4a5fb479e3b2ebae82a7,10800,457470,501,185,799,https://www.youtube.com/watch?v=gJmsle6d7SA,501,185,799,https://www.youtube.com/watch?v=gJmsle6d7SA,0,0,0,,0,0,0,0,
27c0252056e84aa28da6dcebb8e86e85,10700,808905,1405,707,6190,https://www.youtube.com/watch?v=7M2nnj6d1DY,1434,628,6190,https://www.youtube.com/watch?v=7M2nnj6d1DY,1282,857,1282,https://www.youtube.com/watch?v=GQJAg8m7elM,7862,0,0,0,
95e5788cabf340e397e2726def426229,10700,585698,875,432,1949,https://www.youtube.com/watch?v=ovMhk8uwxos,868,432,1744,https://www.youtube.com/watch?v=Bpu07671RTo,1892,831,1949,https://www.youtube.com/watch?v=ovMhk8uwxos,0,0,0,0,
b7f222493f4d4bd1be65f1c08300b45e,10500,509383,1428,859,14960,https://www.youtube.com/watch?v=FoQ9YigXoG8,1428,859,3211,https://www.youtube.com/watch?v=i3ESfbSeL90,7742,3385,14960,https://www.youtube.com/watch?v=FoQ9YigXoG8,0,0,0,0,
8dd4a8b4598e483e9112b2b1a9466013,10500,2893918,561,319,9062,https://www.youtube.com/watch?v=P7iXQLVCH50,546,284,789,https://www.youtube.com/watch?v=IZ25UPF4WKs,1649,1052,9062,https://www.youtube.com/watch?v=P7iXQLVCH50,273,0,0,0,
0715c3b900ad423fa1b981cf4fc15c8f,10500,442766,457,195,988,https://www.youtube.com/watch?v=rlumAsQiiLU,457,195,988,https://www.youtube.com/watch?v=rlumAsQiiLU,0,0,0,,0,0,0,0,
6eec62ae2c9849de8ca895cef44ec952,10500,610117,761,329,2147,https://www.youtube.com/watch?v=rSnCo4XAFiQ,645,237,2147,https://www.youtube.com/watch?v=rSnCo4XAFiQ,1244,627,1897,https://www.youtube.com/watch?v=WvAITsketxg,1121,0,0,0,
96f44559b15e4bad9de2eb8a0a2a92da,10500,1252530,2411,1011,39372,https://www.youtube.com/watch?v=-t-YCbDFv-M,1051,545,4327,https://www.youtube.com/watch?v=av8eZdz2IE4,2984,1245,39372,https://www.youtube.com/watch?v=-t-YCbDFv-M,0,0,0,0,
93785f5e8b614be98bf8e096f5b1f997,10400,446017,481,309,1306,https://www.youtube.com/watch?v=SVjLXNucdlo,481,309,754,https://www.youtube.com/watch?v=AcN9ieub8aA,412,259,1306,https://www.youtube.com/watch?v=SVjLXNucdlo,0,0,0,0,
a052e4ff345b41919ab0f13a5b10ff02,10400,491619,1484,781,2292,https://www.youtube.com/watch?v=ySN-Yg-tP8k,1471,781,2292,https://www.youtube.com/watch?v=ySN-Yg-tP8k,1530,642,1907,https://www.youtube.com/watch?v=pISonGYdZSs,2082,297,281,297,https://www.twitch.tv/videos/2890672760
80dda735a7784d7fb999892874a05f0c,10300,571360,0,0,0,,0,0,0,,0,0,0,,4320,1103,815,1950,https://www.twitch.tv/videos/2887517287
123c79d3170e451eae2f0cc3543621f3,10300,352907,1342,452,1924,https://www.youtube.com/watch?v=6cow1V04Oag,1298,287,1583,https://www.youtube.com/watch?v=gmwwZvSmZHc,1643,1183,1924,https://www.youtube.com/watch?v=6cow1V04Oag,0,0,0,0,
191998e9f0ec4d67a19da194af311636,10300,184501,336,154,680,https://www.youtube.com/watch?v=Ni8W0vQCZSI,353,156,680,https://www.youtube.com/watch?v=Ni8W0vQCZSI,148,146,148,https://www.youtube.com/watch?v=vJg4K7bQpHk,0,0,0,0,
f42c6f5877f14a38aef3f3b515769149,10200,2090718,1280,450,4973,https://www.youtube.com/watch?v=z0ft-z40URE,1259,463,4973,https://www.youtube.com/watch?v=z0ft-z40URE,1302,430,1302,https://www.youtube.com/watch?v=deg_o1jawUM,0,0,0,0,
65ada733fbe64a3a86aae7737e32fad0,10200,559287,1755,825,4031,https://www.youtube.com/watch?v=v8I6novUsWE,1701,807,4031,https://www.youtube.com/watch?v=v8I6novUsWE,1910,1531,1910,https://www.youtube.com/watch?v=YjJISvrD558,0,0,0,0,
9b33b75521bd43bca3346790ac65559c,10200,3649069,1117,274,2661,https://www.youtube.com/watch?v=FGUYDaJ-x4k,397,171,1259,https://www.youtube.com/watch?v=D8KcQBediPM,1469,705,2661,https://www.youtube.com/watch?v=FGUYDaJ-x4k,9021,409,150,667,https://www.twitch.tv/videos/2880895439
e0cd8e719dc64b5f9c171736bbaff6f7,10200,1417726,1259,653,2551,https://www.youtube.com/watch?v=NVPR84d6kEA,1100,562,1670,https://www.youtube.com/watch?v=gBtn6u2BazY,2551,888,2551,https://www.youtube.com/watch?v=NVPR84d6kEA,0,0,0,0,
ce908f10dcde4e2480c8f97aafd45883,10200,1743641,1006,383,12738,https://www.youtube.com/watch?v=pZGNPdOeO60,1226,383,2344,https://www.youtube.com/watch?v=lM1S_sq4Kj4,964,394,12738,https://www.youtube.com/watch?v=pZGNPdOeO60,1112,159,97,221,https://www.twitch.tv/videos/2891604765
80d6517a96e74265a4d24f86b9c295c5,10100,602149,730,355,1940,https://www.youtube.com/watch?v=SlOOMEdVv1c,591,233,1320,https://www.youtube.com/watch?v=7RqGVMcgqWo,1490,766,1940,https://www.youtube.com/watch?v=SlOOMEdVv1c,0,0,0,0,
fefbcad20d8344c79c74a103d0ea45b2,10100,319896,0,0,0,,0,0,0,,0,0,0,,0,0,0,0,
a9faef4b712b4649ba60c7e8e262175a,10100,89633,0,0,0,,0,0,0,,0,0,0,,0,0,0,0,
1d5ee3e2653b4ae5b1050533f8d1ae31,10100,4945,0,0,0,,0,0,0,,0,0,0,,0,0,0,0,
310862830fb648b78cca7e581e2622a7,10100,599684,2805,1713,3691,https://www.youtube.com/watch?v=c4GvSTaJUbc,0,0,0,,2805,1713,3691,https://www.youtube.com/watch?v=c4GvSTaJUbc,21569,2569,1319,5410,https://www.twitch.tv/videos/2884403114
cd542f88cc8b47d087301d567b7cebca,10000,396984,642,330,2250,https://www.youtube.com/watch?v=gYD1ce9z2Lg,614,313,1326,https://www.youtube.com/watch?v=tcn1m8bdaok,2250,546,2250,https://www.youtube.com/watch?v=gYD1ce9z2Lg,1993,478,448,478,https://www.twitch.tv/videos/2890529483
59c0d89447d54786966ba8ecd5649d63,10000,241798,0,0,0,,0,0,0,,0,0,0,,1767,887,801,887,https://www.twitch.tv/videos/2889566211
f53807443055490f87b85ded6caee0aa,10000,586971,639,307,8267,https://www.youtube.com/watch?v=dGnrvmgRDcI,528,245,805,https://www.youtube.com/watch?v=q6z735jZytk,1066,575,8267,https://www.youtube.com/watch?v=dGnrvmgRDcI,451,0,0,0,
7c0acdc8fe2449deb487cbb827b51723,9930,591617,959,406,1849,https://www.youtube.com/watch?v=VgNH5MUk1_s,959,245,1825,https://www.youtube.com/watch?v=Fbnknrn8I6c,960,681,1849,https://www.youtube.com/watch?v=VgNH5MUk1_s,231,139,114,181,https://www.twitch.tv/videos/2886355759
432458f2f15549919dc6e3706ccbd417,9900,634734,12475,11277,45557,https://www.youtube.com/watch?v=MnLVb4MV0ME,0,0,0,,12475,11277,45557,https://www.youtube.com/watch?v=MnLVb4MV0ME,0,0,0,0,
3cf4da41775b4e608f4dde5859cdda74,9800,1888562,1899,624,2009,https://www.youtube.com/watch?v=kganyBILse0,0,0,0,,1899,624,2009,https://www.youtube.com/watch?v=kganyBILse0,0,0,0,0,
1434ae451f81469da327f32c387b9df0,9740,279874,0,0,0,,0,0,0,,0,0,0,,0,0,0,0,
ab19e58312b74ebd9b68e27aeb0adde5,9730,672285,1112,454,2892,https://www.youtube.com/watch?v=H-l8TZkpqF0,1091,433,2892,https://www.youtube.com/watch?v=H-l8TZkpqF0,1927,1335,2106,https://www.youtube.com/watch?v=kOxNdWkXhFI,0,0,0,0,
13992a4fb59649ada3a2adf027b5b35a,9650,94572,154,81,294,https://www.youtube.com/watch?v=ZKyliOcO6Kw,154,81,294,https://www.youtube.com/watch?v=ZKyliOcO6Kw,0,0,0,,3770,40,32,45,https://www.twitch.tv/videos/2884476769
2a897c484c05483f9a46467e8f448314,9630,398731,2378,943,5412,https://www.youtube.com/watch?v=5b9izHrS-R4,2492,1076,5412,https://www.youtube.com/watch?v=5b9izHrS-R4,902,265,1345,https://www.youtube.com/watch?v=u3NtJbVkXWY,5328,0,0,0,
f7472d5310ce42819d17459c4f3fd7c1,9590,583372,1040,389,3681,https://www.youtube.com/watch?v=38KoPq_Rd90,891,437,3681,https://www.youtube.com/watch?v=38KoPq_Rd90,1721,288,2703,https://www.youtube.com/watch?v=9ulTqMdH5Eg,511,52,39,113,https://www.twitch.tv/videos/2885430908
fe698ded3a6148808ca857c73ac7ee15,9550,660375,863,380,3777,https://www.youtube.com/watch?v=qp7pLKF6nHo,863,380,3336,https://www.youtube.com/watch?v=UqGrWxOn_Zk,854,363,3777,https://www.youtube.com/watch?v=qp7pLKF6nHo,329,0,0,0,
e3e93491f32d459ba2b79033cf75c619,9530,406117,673,365,1583,https://www.youtube.com/watch?v=fN_dh-lCoOE,685,368,1583,https://www.youtube.com/watch?v=fN_dh-lCoOE,421,228,421,https://www.youtube.com/watch?v=l8JAQLR5P5M,1280,172,129,270,https://www.twitch.tv/videos/2880967607
13c69e2cf2ff4dc1907bbae9a87a8c0f,9510,493580,0,0,0,,0,0,0,,0,0,0,,5893,1219,481,87609,https://www.twitch.tv/videos/2876431921
83cb016f535f4275bba29ad276b2084f,9490,648423,333,199,471,https://www.youtube.com/watch?v=dnHoOSMCuDk,329,164,471,https://www.youtube.com/watch?v=dnHoOSMCuDk,445,331,445,https://www.youtube.com/watch?v=qlvQtGwwxtY,0,0,0,0,
f2ad5f187c9141ab8830b8eaf81c3aee,9430,951679,635,337,2771,https://www.youtube.com/watch?v=gkL8izgMn-k,635,337,2771,https://www.youtube.com/watch?v=gkL8izgMn-k,0,0,0,,0,0,0,0,
ac2b3c839ed14b12af1acecf322a15bd,9420,564491,816,328,2520,https://www.youtube.com/watch?v=MX9grLYwiNE,588,282,2125,https://www.youtube.com/watch?v=hRpCkrp7vIM,1315,466,2520,https://www.youtube.com/watch?v=MX9grLYwiNE,0,0,0,0,
74c26216c39a40d1a9f1c5f63fa4d344,9410,468349,954,276,2819,https://www.youtube.com/watch?v=nR0BjAR09Cw,961,245,2819,https://www.youtube.com/watch?v=nR0BjAR09Cw,852,424,2021,https://www.youtube.com/watch?v=7a_Pz9WFwW8,0,0,0,0,
247215e876d24dae9932464b75fc577c,9390,838348,639,498,2066,https://www.youtube.com/watch?v=Z6R48S4B8ZU,558,313,2066,https://www.youtube.com/watch?v=Z6R48S4B8ZU,1227,721,1556,https://www.youtube.com/watch?v=RpVcHU_rU68,0,0,0,0,
5ed5801d24c7412fa3fa65a82124aad0,9360,869771,1537,832,8009,https://www.youtube.com/watch?v=H3FvKrNAvog,1340,730,2994,https://www.youtube.com/watch?v=6Mu-Uao3g2w,2482,1011,8009,https://www.youtube.com/watch?v=H3FvKrNAvog,2988,294,94,1006,https://www.twitch.tv/videos/2890409130
ecd7e504a0b64480a4127a25678e4b4a,9320,122730,0,0,0,,0,0,0,,0,0,0,,0,0,0,0,
d2b0c8386e1341668f6bbc789d1ef1e3,9280,1018365,722,269,3073,https://www.youtube.com/watch?v=nZZE1YCoE44,722,269,3073,https://www.youtube.com/watch?v=nZZE1YCoE44,0,0,0,,0,0,0,0,
42844ee6e0cc47938829b43a3101b9bb,9270,135990,0,0,0,,0,0,0,,0,0,0,,5064,0,0,0,
eafe564c8d9945c8af2ed66ff4cd773a,9270,661968,207,127,1453,https://www.youtube.com/watch?v=wMegQg0PbcA,206,111,751,https://www.youtube.com/watch?v=0cZ0yOJ7Ykk,1453,503,1453,https://www.youtube.com/watch?v=wMegQg0PbcA,0,0,0,0,
538d1d2058da4bdea1c7f43f088e995b,9260,330785,1173,803,3369,https://www.youtube.com/watch?v=1Ku8dRDE0w8,1173,803,3369,https://www.youtube.com/watch?v=1Ku8dRDE0w8,0,0,0,,3192,0,0,0,
558d8602fdeb4f3cb4ce484babb30577,9230,643713,866,263,2105,https://www.youtube.com/watch?v=zaQUR8j9Fvk,701,300,866,https://www.youtube.com/watch?v=bAGi19BZ2i0,1306,236,2105,https://www.youtube.com/watch?v=zaQUR8j9Fvk,0,0,0,0,
d90f173970a742d3ade6f4159c785d1e,9220,493096,884,371,1988,https://www.youtube.com/watch?v=KEIZQ1Ltq44,762,347,1566,https://www.youtube.com/watch?v=AAXq34n5xiA,1450,669,1988,https://www.youtube.com/watch?v=KEIZQ1Ltq44,1599,0,0,0,
00c158176a504c9bb865b32276e79eb1,9170,352883,534,349,11544,https://www.youtube.com/watch?v=1KLr8zQDTEs,477,296,838,https://www.youtube.com/watch?v=crRi9H1Ss0A,7718,1269,11544,https://www.youtube.com/watch?v=1KLr8zQDTEs,0,0,0,0,
cc882664d9794fb88b06a5a0aa1591ae,9130,378570,928,450,8613,https://www.youtube.com/watch?v=AApJB9012K4,928,450,8613,https://www.youtube.com/watch?v=AApJB9012K4,0,0,0,,0,0,0,0,
03f5b3fed856438c9a53d30fdfadd9b7,9080,407930,693,330,31866,https://www.youtube.com/watch?v=6XtiCn0xJlI,651,302,2301,https://www.youtube.com/watch?v=dQE2jDWyZEk,1050,330,31866,https://www.youtube.com/watch?v=6XtiCn0xJlI,1100,224,186,495,https://www.twitch.tv/videos/2888744829
65ab938b60074946af1ea65a002c70df,9060,2872248,901,409,6760,https://www.youtube.com/watch?v=byWA8C4ikyA,601,360,1377,https://www.youtube.com/watch?v=rUYtAaHjMZo,2445,1125,6760,https://www.youtube.com/watch?v=byWA8C4ikyA,580,0,0,0,
423dd7da92be47f4af7273c5f74efb27,9050,399458,0,0,0,,0,0,0,,0,0,0,,36781,731,269,1013,https://www.twitch.tv/videos/2883371375
7fdfd0346667458a8657626f03434b59,9020,313027,421,217,14745,https://www.youtube.com/watch?v=Z6dk4Ce8h6k,402,216,1677,https://www.youtube.com/watch?v=OUGEIp9X-VI,14745,7399,14745,https://www.youtube.com/watch?v=Z6dk4Ce8h6k,426,0,0,0,
1dd6fdbb4f764fc3a18747c8adbf0692,9010,376270,941,424,2289,https://www.youtube.com/watch?v=_pgOGUz0iK0,943,436,2289,https://www.youtube.com/watch?v=_pgOGUz0iK0,468,131,468,https://www.youtube.com/watch?v=p2j3q9TDK74,0,0,0,0,
4865c3feac234584909168181b7dc2be,8980,267908,1569,446,13927,https://www.youtube.com/watch?v=Zhu1kr6vM0s,526,205,1172,https://www.youtube.com/watch?v=CioucCWLglA,1935,986,13927,https://www.youtube.com/watch?v=Zhu1kr6vM0s,279,0,0,0,
fa67b0859f2e45589e754f7e528967d6,8970,370014,0,0,0,,0,0,0,,0,0,0,,10776,665,309,1344,https://www.twitch.tv/videos/2868533410
6fa1245c717d4af68589205df5ab6427,8940,747146,776,422,1936,https://www.youtube.com/watch?v=jSgShWNwrT8,776,422,1936,https://www.youtube.com/watch?v=jSgShWNwrT8,0,0,0,,802,65,39,65,https://www.twitch.tv/videos/2881863442
9b2c7b20d02241b3b82492a5e78a71c0,8920,421348,784,176,3196,https://www.youtube.com/watch?v=Ga1Ps-DRk90,196,103,278,https://www.youtube.com/watch?v=wd20N1VemVc,976,249,3196,https://www.youtube.com/watch?v=Ga1Ps-DRk90,0,0,0,0,
d407b30c72a841bd82af1f5cc8ec0667,8920,426134,64,62,64,https://www.youtube.com/watch?v=J4pD7Yz760s,0,0,0,,64,62,64,https://www.youtube.com/watch?v=J4pD7Yz760s,5480,65,44,86,https://www.twitch.tv/videos/2880024728
c4ffb821927d406682f3f17edfdf3bcd,8860,356110,0,0,0,,0,0,0,,0,0,0,,0,0,0,0,
1569b00373564846b894f47403376c6b,8840,262494,1035,513,1272,https://www.youtube.com/watch?v=RI-htBmAuqs,0,0,0,,1035,513,1272,https://www.youtube.com/watch?v=RI-htBmAuqs,495,280,192,356,https://www.twitch.tv/videos/2889752083
823311ac8226476e8d1e323f536bf8b1,8770,171868,975,850,975,https://www.youtube.com/watch?v=MmzG0OARDHI,975,850,975,https://www.youtube.com/watch?v=MmzG0OARDHI,0,0,0,,2292,0,0,0,
4482e4f0cea64f92aa78b2513c7ed897,8700,739710,970,573,1641,https://www.youtube.com/watch?v=mDhjhhyZBhg,1034,573,1641,https://www.youtube.com/watch?v=mDhjhhyZBhg,791,406,791,https://www.youtube.com/watch?v=q1HzLIT44Ak,0,0,0,0,
2f0a0ee6478c45ae8af28953b4c370be,8700,1460002,815,378,2382,https://www.youtube.com/watch?v=drEGpNHBpSs,815,378,2382,https://www.youtube.com/watch?v=drEGpNHBpSs,0,0,0,,0,0,0,0,
08a612f1ecf84b619a8899a5caed28c1,8680,892648,794,156,1115,https://www.youtube.com/watch?v=xmxnerC2Rso,794,156,1115,https://www.youtube.com/watch?v=xmxnerC2Rso,0,0,0,,21322,2137,1307,2960,https://www.twitch.tv/videos/2884413515
ab64eaef68c94ab4afb3a89007c81e9c,8640,1361404,1950,1054,16004,https://www.youtube.com/watch?v=btWcqbadVZk,0,0,0,,1950,1054,16004,https://www.youtube.com/watch?v=btWcqbadVZk,8778,2159,947,10090,https://www.twitch.tv/videos/2885520126
38f11eca620e4c83a3e4211cbf463cce,8630,1266764,3186,1039,10424,https://www.youtube.com/watch?v=quQtvFJdcis,1044,139,1302,https://www.youtube.com/watch?v=8WdKYgF8HLg,4785,2887,10424,https://www.youtube.com/watch?v=quQtvFJdcis,0,0,0,0,
fe1d3152398b44e39d69f7ef78e73a8c,8630,634813,442,227,1534,https://www.youtube.com/watch?v=amh5r7z5IDw,409,177,1317,https://www.youtube.com/watch?v=hWsYdlJz3iw,1534,1048,1534,https://www.youtube.com/watch?v=amh5r7z5IDw,652,84,74,84,https://www.twitch.tv/videos/2889010654
7ebc0dc9fdf3442688ecd63bbdc30c51,8630,368015,945,686,4565,https://www.youtube.com/watch?v=4FwRKpNTpeo,945,686,4565,https://www.youtube.com/watch?v=4FwRKpNTpeo,0,0,0,,0,0,0,0,
d797701ab1564b62906f91a341134a9e,8560,469342,1669,953,5601,https://www.youtube.com/watch?v=4iQLv-1oeP0,1131,661,1929,https://www.youtube.com/watch?v=7W-5YrGeLQU,2713,1248,5601,https://www.youtube.com/watch?v=4iQLv-1oeP0,5294,368,305,469,https://www.twitch.tv/videos/2890458544
420208d1dcb74abfa325fc1f6a27e17b,8550,473952,1502,688,4031,https://www.youtube.com/watch?v=2S72US2ygQw,1502,688,4031,https://www.youtube.com/watch?v=2S72US2ygQw,0,0,0,,1406,208,119,208,https://www.twitch.tv/videos/2880892362
1254f176d93548aca5ac7f4b53313f71,8540,4056764,22,10,576,https://www.youtube.com/watch?v=wXVzz7GqRnE,75,29,576,https://www.youtube.com/watch?v=wXVzz7GqRnE,15,5,400,https://www.youtube.com/watch?v=fAv-V_MPxP8,1628,10,7,23,https://www.twitch.tv/videos/2890730246
c0ea5a6a7ede42fca6f3c6c87fc9d72e,8540,363615,1440,667,15601,https://www.youtube.com/watch?v=GP7ANl1ns50,1034,458,6667,https://www.youtube.com/watch?v=l1CxaN8pfiM,2410,1241,15601,https://www.youtube.com/watch?v=GP7ANl1ns50,0,0,0,0,
f905195b653944cd9de4ab0b4e6cca58,8510,358754,1031,680,2363,https://www.youtube.com/watch?v=Car4BkA0W2s,1031,680,2363,https://www.youtube.com/watch?v=Car4BkA0W2s,0,0,0,,0,0,0,0,
2d6886120def4c148c70514433d77e1e,8490,611779,886,490,2913,https://www.youtube.com/watch?v=xgvTT49zAb8,886,490,2913,https://www.youtube.com/watch?v=xgvTT49zAb8,0,0,0,,0,0,0,0,
9604bd9896fc421ba131a9a6e11d50b0,8470,1121616,1946,1074,6179,https://www.youtube.com/watch?v=YiDJiWUJE0k,1718,1009,4288,https://www.youtube.com/watch?v=-q2kkTZVIVM,3724,3013,6179,https://www.youtube.com/watch?v=YiDJiWUJE0k,0,0,0,0,
28e0e0a574fe4deca3d5ded0aa5d64ef,8470,561127,748,432,2981,https://www.youtube.com/watch?v=Fd4zvrr_S1Q,730,427,1127,https://www.youtube.com/watch?v=dZ2TK0zvRvw,2088,647,2981,https://www.youtube.com/watch?v=Fd4zvrr_S1Q,741,130,118,355,https://www.twitch.tv/videos/2881723666
bdc034d3afcd4456b6da2b96a2e460ef,8410,834295,566,130,566,https://www.youtube.com/watch?v=q3KpWcxY4Ts,0,0,0,,566,130,566,https://www.youtube.com/watch?v=q3KpWcxY4Ts,1598,0,0,0,
3b0031a4b57f46719f06cbf7c5cc42b6,8320,399163,765,335,1828,https://www.youtube.com/watch?v=NtZBZ4YlPok,797,384,1828,https://www.youtube.com/watch?v=NtZBZ4YlPok,444,170,627,https://www.youtube.com/watch?v=V30yRjagIz4,139,0,0,0,
7298d2db845840d7ab462c7628967f4e,8310,365386,271,195,515,https://www.youtube.com/watch?v=TOUtegdNMCc,271,195,515,https://www.youtube.com/watch?v=TOUtegdNMCc,0,0,0,,0,0,0,0,
c06f5173a01c4c0db7a761957c02186d,8310,691855,1385,646,7639,https://www.youtube.com/watch?v=GCqaQxHPJtg,912,639,7639,https://www.youtube.com/watch?v=GCqaQxHPJtg,1557,657,2062,https://www.youtube.com/watch?v=DjmXVIQEe0I,689,206,162,245,https://www.twitch.tv/videos/2888881589
eafb808b078844fdab1d8ed561dbd462,8290,592870,801,596,3234,https://www.youtube.com/watch?v=AXKQSTjvjkc,756,466,3234,https://www.youtube.com/watch?v=AXKQSTjvjkc,1587,995,3207,https://www.youtube.com/watch?v=ZVuk2up8TUc,0,0,0,0,
e4c71cb272a24ce6bda794eae8e5bdfc,8270,569945,1107,530,2086,https://www.youtube.com/watch?v=KSurUjikOQE,667,420,1188,https://www.youtube.com/watch?v=ZUjXIRCPNTs,1425,616,2086,https://www.youtube.com/watch?v=KSurUjikOQE,0,0,0,0,
00c2bd1279064d88b05ad2d17d790e37,8250,187592,1163,442,17037,https://www.youtube.com/watch?v=HhiG_3cjn-4,1049,442,1899,https://www.youtube.com/watch?v=Mn55Y5BMWWQ,3269,393,17037,https://www.youtube.com/watch?v=HhiG_3cjn-4,1200,401,232,558,https://www.twitch.tv/videos/2881428846
328a6a5742504b9d977f40660c118239,8230,1191083,729,330,3762,https://www.youtube.com/watch?v=3e1C0AdZhEI,1017,431,3762,https://www.youtube.com/watch?v=3e1C0AdZhEI,291,127,1898,https://www.youtube.com/watch?v=nYO4G4WVYZU,0,0,0,0,
df0c2ce19ccf4e26ac1a18065f85dacc,8220,484977,406,219,590,https://www.youtube.com/watch?v=ysumakfNHZQ,406,219,590,https://www.youtube.com/watch?v=ysumakfNHZQ,0,0,0,,0,0,0,0,
60ab80cc26bc4e4aaa526ce1952f9e42,8190,527291,809,197,15232,https://www.youtube.com/watch?v=gqLtWI9tx1U,775,197,1980,https://www.youtube.com/watch?v=7Fy6ua5pz98,3055,671,15232,https://www.youtube.com/watch?v=gqLtWI9tx1U,394,57,44,105,https://www.twitch.tv/videos/2883617711
ee20f58e3fb74fae83a42239a83bcc4a,8180,261409,0,0,0,,0,0,0,,0,0,0,,0,0,0,0,
09b6598d6d604e9397eebff166c69e92,8150,128068,426,142,1056,https://www.youtube.com/watch?v=clN-wn8yPuE,426,142,1056,https://www.youtube.com/watch?v=clN-wn8yPuE,0,0,0,,312,56,29,147,https://www.twitch.tv/videos/2883425052
c72226925ba94855b9fcc88fc2a25acc,8110,841077,909,381,1678,https://www.youtube.com/watch?v=A1VBABvb8QU,932,381,1678,https://www.youtube.com/watch?v=A1VBABvb8QU,188,22,188,https://www.youtube.com/watch?v=MyUtW4rIJM4,0,0,0,0,
d2a7b2d142ea4076afcfc7263b9e09fd,8110,639440,790,322,3052,https://www.youtube.com/watch?v=hfLyQctI4zc,786,354,3013,https://www.youtube.com/watch?v=2yXKsE3pgBk,1601,132,3052,https://www.youtube.com/watch?v=hfLyQctI4zc,775,0,0,0,
41a8958a1a4a4cc8b404d04da033400e,8110,394762,0,0,0,,0,0,0,,0,0,0,,509,0,0,0,
a188f157d0384e0db5ae73605240d68b,8040,764466,792,406,2766,https://www.youtube.com/watch?v=0L0wo144C8g,716,308,1310,https://www.youtube.com/watch?v=Hlupb3vf62E,1575,867,2766,https://www.youtube.com/watch?v=0L0wo144C8g,1173,0,0,0,
d13fdb8fdd3049e5bf80b5ab0fa8a1a6,8030,688589,863,192,1393,https://www.youtube.com/watch?v=iIC5zd6VXTk,863,377,1022,https://www.youtube.com/watch?v=sM7hs11iRKU,791,82,1393,https://www.youtube.com/watch?v=iIC5zd6VXTk,0,0,0,0,
8309d31b418642db83f0cf56b38fc9ad,8030,1165383,1689,631,3531,https://www.youtube.com/watch?v=6fTYvFvOKGc,1491,612,3531,https://www.youtube.com/watch?v=6fTYvFvOKGc,2008,1787,3501,https://www.youtube.com/watch?v=5J3996NV374,170,0,0,0,
0ab16bd60230422d97f73e6810be221c,7910,405515,662,291,1516,https://www.youtube.com/watch?v=ZWUtKvwYfpA,662,291,1516,https://www.youtube.com/watch?v=ZWUtKvwYfpA,0,0,0,,0,0,0,0,
9f975d473431409190e397bdc946d5b0,7870,424624,698,274,13157,https://www.youtube.com/watch?v=GfFnsJgv7zk,631,187,1944,https://www.youtube.com/watch?v=V2z1Cy_E0mM,2199,1029,13157,https://www.youtube.com/watch?v=GfFnsJgv7zk,257,0,0,0,
b90a42d3e9a5465ba4ef8a333c8148e5,7870,957162,399,150,1672,https://www.youtube.com/watch?v=W74lstSo6sw,302,155,839,https://www.youtube.com/watch?v=03-u1XFc6Zc,1101,132,1672,https://www.youtube.com/watch?v=W74lstSo6sw,0,0,0,0,
56abcaadabbe44dbbd18ab0ecfe1037f,7850,322128,330,123,2136,https://www.youtube.com/watch?v=_IHdjpmHHC0,330,123,2136,https://www.youtube.com/watch?v=_IHdjpmHHC0,0,0,0,,0,0,0,0,
1f54eafd17434cd9bd175d27b72c2228,7810,209455,539,153,539,https://www.youtube.com/watch?v=oklFBVCp1U0,539,153,539,https://www.youtube.com/watch?v=oklFBVCp1U0,0,0,0,,0,0,0,0,
b10149a2a1ee4ffcbf1dacb1b1722f9f,7780,198683,261,154,709,https://www.youtube.com/watch?v=VSDB0tXOADY,261,154,709,https://www.youtube.com/watch?v=VSDB0tXOADY,0,0,0,,857,0,0,0,
556c69847bc14bc7be03b3e40e52ac98,7720,198995,0,0,0,,0,0,0,,0,0,0,,1778,0,0,0,
7af8f321e84542dc9ccda160152fbf0b,7700,259840,909,77,1485,https://www.youtube.com/watch?v=MjfOjacpCaM,1197,269,1485,https://www.youtube.com/watch?v=MjfOjacpCaM,91,39,91,https://www.youtube.com/watch?v=sU3PvLiQtpA,0,0,0,0,
f7d0e4ed95e84262b329740d5d27afc9,7700,57870,0,0,0,,0,0,0,,0,0,0,,0,0,0,0,
01edfa8163ad42cd85f56ef4dce2609e,7690,460967,359,187,2793,https://www.youtube.com/watch?v=jk0DlzaYRHE,663,314,2793,https://www.youtube.com/watch?v=jk0DlzaYRHE,234,143,1320,https://www.youtube.com/watch?v=IMil5DudlhM,0,0,0,0,
03b825a2908749099e40cd4a4d1169aa,7590,205013,712,405,1840,https://www.youtube.com/watch?v=s4JEbMKVmww,543,394,543,https://www.youtube.com/watch?v=bj4BuJ2RKkI,765,417,1840,https://www.youtube.com/watch?v=s4JEbMKVmww,0,0,0,0,
cedd78c374b54898a647a3cb3a5263fc,7540,355527,0,0,0,,0,0,0,,0,0,0,,0,0,0,0,
77e980ab542a4db6a34b5ac9c8f3948b,7540,408688,1032,583,1092,https://www.youtube.com/watch?v=j4I-5t4lptc,1032,583,1092,https://www.youtube.com/watch?v=j4I-5t4lptc,0,0,0,,725,0,0,0,
b1cb513e2511484cabbac00140b4a95c,7520,358661,888,351,2370,https://www.youtube.com/watch?v=ZV8359OHnmo,742,335,1209,https://www.youtube.com/watch?v=muyzziakBa8,1348,758,2370,https://www.youtube.com/watch?v=ZV8359OHnmo,754,347,326,619,https://www.twitch.tv/videos/2884114686
d80f5bc1e3ce4c35aa3eced40cc3bddc,7480,374992,776,301,1230,https://www.youtube.com/watch?v=9EjjeQt8vVw,776,301,1230,https://www.youtube.com/watch?v=9EjjeQt8vVw,0,0,0,,563,0,0,0,
94595065e7aa498d93067274eb755301,7480,1295030,403,200,1926,https://www.youtube.com/watch?v=zJkqnOCKJk0,403,200,1926,https://www.youtube.com/watch?v=zJkqnOCKJk0,0,0,0,,0,0,0,0,
b92c6e4c3bea4b938077a8f152f78083,7470,57314,0,0,0,,0,0,0,,0,0,0,,0,0,0,0,
9d864d1af4e749f5a58171b06c070565,7470,667288,550,240,2182,https://www.youtube.com/watch?v=amLIkPGpUz8,278,151,550,https://www.youtube.com/watch?v=EthgPjQcSJQ,1125,350,2182,https://www.youtube.com/watch?v=amLIkPGpUz8,3860,353,250,594,https://www.twitch.tv/videos/2889227812
c897f2f0ae414985aa623bfe2dfe8f1c,7470,215491,641,344,2798,https://www.youtube.com/watch?v=G1gAQ-hScRo,641,344,2798,https://www.youtube.com/watch?v=G1gAQ-hScRo,0,0,0,,645,0,0,0,
9e3edec3eec54f49a065f1970471d473,7420,292455,0,0,0,,0,0,0,,0,0,0,,896,0,0,0,
a3c6cbf76630432c83fa5277388be97c,7400,129797,5201,1453,11879,https://www.youtube.com/watch?v=SKZv9LvIY1k,5201,1453,11879,https://www.youtube.com/watch?v=SKZv9LvIY1k,0,0,0,,0,0,0,0,
97a56c6914ab431d9b670456d11b22ed,7340,288661,382,241,625,https://www.youtube.com/watch?v=jTqWaZRLBA8,382,241,625,https://www.youtube.com/watch?v=jTqWaZRLBA8,0,0,0,,0,0,0,0,
c321746bebe740cb98625ca4cf6fb9a7,7330,125228,602,311,4975,https://www.youtube.com/watch?v=s-cZwOJo6e0,638,337,4975,https://www.youtube.com/watch?v=s-cZwOJo6e0,232,226,232,https://www.youtube.com/watch?v=wn8rorTUhqY,0,0,0,0,
5cdf289b83524643af7ab2f2c8788adf,7330,361885,398,249,3321,https://www.youtube.com/watch?v=0OdnVApq_9Q,398,249,3321,https://www.youtube.com/watch?v=0OdnVApq_9Q,0,0,0,,0,0,0,0,
63108f8ea91a4a699f345bb259750745,7320,166244,395,223,1228,https://www.youtube.com/watch?v=lkF9t4kh8og,422,246,1228,https://www.youtube.com/watch?v=lkF9t4kh8og,285,161,285,https://www.youtube.com/watch?v=T6M0SzNq8wQ,0,0,0,0,
c430f1e7cfee4440b2b537c80a2a667d,7320,274594,840,324,1387,https://www.youtube.com/watch?v=qhMEbvssm2o,840,324,1387,https://www.youtube.com/watch?v=qhMEbvssm2o,0,0,0,,0,0,0,0,
fec8644970684cffbbae8dd37a52d59c,7290,469955,1128,558,3902,https://www.youtube.com/watch?v=OpNWKGi2Y8s,1128,358,2149,https://www.youtube.com/watch?v=Oym5-l8TQVM,1819,924,3902,https://www.youtube.com/watch?v=OpNWKGi2Y8s,2268,403,185,1898,https://www.twitch.tv/videos/2884062279
7f72433f23da4bf8bfbf7ee3904eb7ca,7280,296687,0,0,0,,0,0,0,,0,0,0,,855,0,0,0,
70adcdf6f8a146089a4e724b14146efd,7260,465558,1284,472,3193,https://www.youtube.com/watch?v=8pkVVYZjjy0,1298,488,3193,https://www.youtube.com/watch?v=8pkVVYZjjy0,443,225,443,https://www.youtube.com/watch?v=lNqjC2q81cw,573,0,0,0,
f40b8e8debf14680b5cc88bae98918f7,7240,237758,1808,595,2884,https://www.youtube.com/watch?v=ObAP9HdLvoc,1808,595,2884,https://www.youtube.com/watch?v=ObAP9HdLvoc,0,0,0,,0,0,0,0,
8c6bc741e4614154a63e987f930a468d,7230,426543,564,289,2136,https://www.youtube.com/watch?v=npvgrfmhMyA,548,309,864,https://www.youtube.com/watch?v=ec6CXIMAj74,1511,112,2136,https://www.youtube.com/watch?v=npvgrfmhMyA,0,0,0,0,
5d903f62e014487e9ab21a48c19fc6ac,7200,492416,377,173,1281,https://www.youtube.com/watch?v=DnMPsfaU0Dk,353,199,402,https://www.youtube.com/watch?v=gKDxDRxgv34,985,159,1281,https://www.youtube.com/watch?v=DnMPsfaU0Dk,920,0,0,0,
715cc1261d7e42c18135d47bd1cf2500,7180,174728,461,389,461,https://www.youtube.com/watch?v=pfslb3XLUtc,0,0,0,,461,389,461,https://www.youtube.com/watch?v=pfslb3XLUtc,6463,339,273,552,https://www.twitch.tv/videos/2889027072
3c1783f6914f414b830c836829d1afa2,7160,318910,647,270,2023,https://www.youtube.com/watch?v=qIsmVeCP7K4,570,257,2023,https://www.youtube.com/watch?v=qIsmVeCP7K4,1187,440,1655,https://www.youtube.com/watch?v=-BEkx8k2RME,278,0,0,0,
35b7bd4f6fcb4fbfb3ebe83be100d9a0,7160,572423,806,493,3445,https://www.youtube.com/watch?v=Go9LMAxTFwI,812,497,3445,https://www.youtube.com/watch?v=Go9LMAxTFwI,544,459,544,https://www.youtube.com/watch?v=4afnTo6vCu4,0,0,0,0,
5fa2dee0fba64112aa476441cd6ff982,7160,352874,707,363,773,https://www.youtube.com/watch?v=p2suad37GTI,707,363,773,https://www.youtube.com/watch?v=p2suad37GTI,0,0,0,,0,0,0,0,
c8ef4e3182b74ecd994c837a75624390,7160,654128,1677,904,3136,https://www.youtube.com/watch?v=1ApdYAlBV68,1073,766,1126,https://www.youtube.com/watch?v=NiCTuzc5hYw,1830,961,3136,https://www.youtube.com/watch?v=1ApdYAlBV68,0,0,0,0,
40c846b91c4a44a980eddf20f0f789c0,7130,1253419,506,135,4590,https://www.youtube.com/watch?v=yTVdC1m7DNQ,359,70,2421,https://www.youtube.com/watch?v=UaeUp_WznJs,1527,269,4590,https://www.youtube.com/watch?v=yTVdC1m7DNQ,7020,677,482,756,https://www.twitch.tv/videos/2883502838
4576d781ddae45d59fc83c8d25385983,7100,256013,3492,1575,4885,https://www.youtube.com/watch?v=gcxJIa8RYg4,3281,686,4885,https://www.youtube.com/watch?v=gcxJIa8RYg4,3492,2064,4139,https://www.youtube.com/watch?v=dyrus1vg-0Y,248,0,0,0,
990b7e28df934de1bdab364d72c79f90,7080,1836,0,0,0,,0,0,0,,0,0,0,,0,0,0,0,
a28e29c9e8ec4791a700cd2e30904534,7070,228415,599,407,2088,https://www.youtube.com/watch?v=2O9yykAg1Fo,577,352,2072,https://www.youtube.com/watch?v=kdXjePywJOM,2088,1208,2088,https://www.youtube.com/watch?v=2O9yykAg1Fo,2934,0,0,0,
e7e219a17a7644cd9d28a2ab871f5f7c,7050,285317,0,0,0,,0,0,0,,0,0,0,,3040,269,93,269,https://www.twitch.tv/videos/2874787068
3f36658defc1428b8d4628478ef59256,7020,560807,1162,463,15873,https://www.youtube.com/watch?v=GxaH-4j-ibQ,1013,461,2327,https://www.youtube.com/watch?v=DMyp5INkEsk,1268,487,15873,https://www.youtube.com/watch?v=GxaH-4j-ibQ,0,0,0,0,
2d84a02e592d4a92893b7cc36af95a26,7000,335930,922,411,6623,https://www.youtube.com/watch?v=6xqu4NZ3nxo,736,340,2226,https://www.youtube.com/watch?v=Pjn8HU_QAuU,1427,468,6623,https://www.youtube.com/watch?v=6xqu4NZ3nxo,1148,470,357,628,https://www.twitch.tv/videos/2888882849
b0f00fccf8a14655911360748c4699cd,6950,201314,379,157,1333,https://www.youtube.com/watch?v=SC1f5d2QrPM,213,77,376,https://www.youtube.com/watch?v=Bxo-fI2H3hU,901,366,1333,https://www.youtube.com/watch?v=SC1f5d2QrPM,0,0,0,0,
1937fa889b474d339713d1117f435018,6950,892048,322,143,1298,https://www.youtube.com/watch?v=Jf1LclBmv4g,294,136,862,https://www.youtube.com/watch?v=RtEAj5Vt1-A,448,150,1298,https://www.youtube.com/watch?v=Jf1LclBmv4g,7466,472,199,1976,https://www.twitch.tv/videos/2886016485
bafa406351614acb9162347235baf257,6950,506764,974,442,10745,https://www.youtube.com/watch?v=il_NujwkSko,681,376,1802,https://www.youtube.com/watch?v=snGaoF7B7oU,1293,695,10745,https://www.youtube.com/watch?v=il_NujwkSko,0,0,0,0,
8999cce711d64abfb6d451ca6172dd3e,6940,324254,1133,500,2271,https://www.youtube.com/watch?v=A_1Kf7KaK0o,847,500,1571,https://www.youtube.com/watch?v=wVOPjwCoC2w,1180,506,2271,https://www.youtube.com/watch?v=A_1Kf7KaK0o,0,0,0,0,
679aef46b6f448e493fdedae7df5b288,6930,1449277,234,105,390,https://www.youtube.com/watch?v=MsFYzJq8NqI,0,0,0,,234,105,390,https://www.youtube.com/watch?v=MsFYzJq8NqI,477,0,0,0,
f7b1eada802e4ed89c306c6641d243b3,6910,307653,288,164,585,https://www.youtube.com/watch?v=u-rxCjUNWuE,288,164,585,https://www.youtube.com/watch?v=u-rxCjUNWuE,0,0,0,,430,0,0,0,
7f9d223a684e44e8b8d30bedcc07f1fa,6890,250428,684,385,2625,https://www.youtube.com/watch?v=RX-knjaW4nQ,684,385,2625,https://www.youtube.com/watch?v=RX-knjaW4nQ,0,0,0,,0,0,0,0,
dc3e05e0c12b4e0a93dc230f30925ee0,6800,192746,573,112,1059,https://www.youtube.com/watch?v=j7AGKaZniRs,0,0,0,,573,112,1059,https://www.youtube.com/watch?v=j7AGKaZniRs,7145,0,0,0,
038ee6280ef742bcad8450ad52049944,6790,471086,404,181,1373,https://www.youtube.com/watch?v=D8SizWFKay8,404,181,1373,https://www.youtube.com/watch?v=D8SizWFKay8,0,0,0,,0,0,0,0,
6ddea98137e2429eb0e9c4025ad9294f,6770,303794,923,329,2054,https://www.youtube.com/watch?v=gWJcRSQYTPA,599,265,1123,https://www.youtube.com/watch?v=7pl00tGohiI,1359,573,2054,https://www.youtube.com/watch?v=gWJcRSQYTPA,0,0,0,0,
757f1b20f7bd459ebd8949da907dceea,6760,404633,411,192,991,https://www.youtube.com/watch?v=1Brboj2tTLI,411,192,991,https://www.youtube.com/watch?v=1Brboj2tTLI,0,0,0,,0,0,0,0,
41d4243609de491ba43ef4e11b8a0254,6740,863311,1745,743,4250,https://www.youtube.com/watch?v=p5bHXA456bA,1245,651,2069,https://www.youtube.com/watch?v=NxQ1xgj6Zcg,2604,964,4250,https://www.youtube.com/watch?v=p5bHXA456bA,0,0,0,0,
5dbed684176349d28353d5293085cd9c,6740,286788,1062,616,4552,https://www.youtube.com/watch?v=84NGJNvYWlI,1062,616,4552,https://www.youtube.com/watch?v=84NGJNvYWlI,0,0,0,,0,0,0,0,
1357f282a9f04f6cbe3e215a0bd20482,6700,199976,813,597,1350,https://www.youtube.com/watch?v=ISacnNgY1KU,733,616,848,https://www.youtube.com/watch?v=0m50Q8fDFE4,1350,335,1350,https://www.youtube.com/watch?v=ISacnNgY1KU,2106,228,161,498,https://www.twitch.tv/videos/2879327520
6fb9853185d844de80d4f3e0f3f2726d,6700,0,0,0,0,,0,0,0,,0,0,0,,0,0,0,0,
f58318cdd690482c9d19fb68bca374a4,6680,447696,1667,644,1928,https://www.youtube.com/watch?v=5sdHzjjYJnU,0,0,0,,1667,644,1928,https://www.youtube.com/watch?v=5sdHzjjYJnU,236,0,0,0,
6603f7e70b684a07a3dac687460bacc5,6670,292060,1028,348,2280,https://www.youtube.com/watch?v=nCIpQX37pRQ,1028,348,2280,https://www.youtube.com/watch?v=nCIpQX37pRQ,0,0,0,,1428,0,0,0,
80f4d6e50af64a48be812258498e86c0,6670,357873,0,0,0,,0,0,0,,0,0,0,,160,0,0,0,
49196eec11454f589d4d6e52f1b1bbe8,6660,580209,456,251,1770,https://www.youtube.com/watch?v=c1V6XEXUb2A,434,230,807,https://www.youtube.com/watch?v=mmKkguwuaS0,1544,420,1770,https://www.youtube.com/watch?v=c1V6XEXUb2A,0,0,0,0,
160f90709224412f9cfc2aaa88e89a57,6610,869665,1964,1017,7896,https://www.youtube.com/watch?v=coXVlnQMbtw,1943,951,5525,https://www.youtube.com/watch?v=Wif95ndoB1U,5693,2108,7896,https://www.youtube.com/watch?v=coXVlnQMbtw,0,0,0,0,
f6c34086d07a4322b9d4ebc538bada96,6580,132471,0,0,0,,0,0,0,,0,0,0,,0,0,0,0,
b54e216619d14031a317b820113e4084,6570,333152,596,359,9419,https://www.youtube.com/watch?v=9le0401yGDo,596,255,673,https://www.youtube.com/watch?v=mCsIAVMS9uQ,4787,1322,9419,https://www.youtube.com/watch?v=9le0401yGDo,0,0,0,0,
e0debb323c5d49268c92c5d660cdb664,6560,370467,1281,790,3756,https://www.youtube.com/watch?v=ukWYlvXt5kU,1281,790,3756,https://www.youtube.com/watch?v=ukWYlvXt5kU,0,0,0,,0,0,0,0,
468c9630d37b4c41bb6b0305dc1143cf,6550,435215,411,243,420,https://www.youtube.com/watch?v=cIxaGWKgmZg,411,243,420,https://www.youtube.com/watch?v=cIxaGWKgmZg,0,0,0,,475,0,0,0,
08be94e874d448f8a2794a44c61e8d8f,6500,412650,325,200,434,https://www.youtube.com/watch?v=Ndc2IZE9tm0,325,200,434,https://www.youtube.com/watch?v=Ndc2IZE9tm0,0,0,0,,0,0,0,0,
c2362f5ca48445a89fd081c4b2bc74d4,6470,254576,464,274,550,https://www.youtube.com/watch?v=vP6TnXw_sIM,378,284,378,https://www.youtube.com/watch?v=-phAu248SFI,550,265,550,https://www.youtube.com/watch?v=vP6TnXw_sIM,137,0,0,0,
02e7729df0424fbbb21b77ccd543b0be,6420,1781171,109,39,1286,https://www.youtube.com/watch?v=yKiXiMADJlk,107,41,190,https://www.youtube.com/watch?v=op8fzCalFSA,124,37,1286,https://www.youtube.com/watch?v=yKiXiMADJlk,0,0,0,0,
fffd31d236a2479c9070bcc171bdc13d,6420,179571,0,0,0,,0,0,0,,0,0,0,,0,0,0,0,
281c7713c21e41bcb6e81365f328ab8c,6420,242952,486,280,1084,https://www.youtube.com/watch?v=uGaZW2-f3sg,486,280,1084,https://www.youtube.com/watch?v=uGaZW2-f3sg,0,0,0,,0,0,0,0,
e8c89b4aec4d45fbbb76533eb3db0428,6410,148760,168,99,1094,https://www.youtube.com/watch?v=i8xhpw7QBYw,148,90,452,https://www.youtube.com/watch?v=w2XYYYzmu6M,765,510,1094,https://www.youtube.com/watch?v=i8xhpw7QBYw,0,0,0,0,
2bf038f2a9514434aefa4ef7b2140f56,6380,306821,1441,585,5522,https://www.youtube.com/watch?v=w0FLZN9eX1o,1104,447,1969,https://www.youtube.com/watch?v=w4FpLdsHcZ8,1980,962,5522,https://www.youtube.com/watch?v=w0FLZN9eX1o,832,0,0,0,
caf08c74dd7b4919bca49eef394d5475,6380,899114,632,323,3495,https://www.youtube.com/watch?v=SenCQzQkH2E,603,323,3495,https://www.youtube.com/watch?v=SenCQzQkH2E,1029,473,1284,https://www.youtube.com/watch?v=M_DGGnmZ9PY,4220,1254,490,2045,https://www.twitch.tv/videos/2889521346
c34e43b57f9f448582094f712a0b2c1a,6360,409589,712,366,2162,https://www.youtube.com/watch?v=FBhPMMsaKy4,558,366,2162,https://www.youtube.com/watch?v=FBhPMMsaKy4,1592,520,1859,https://www.youtube.com/watch?v=lCMhpYqs6qI,0,0,0,0,
da3a3993bd8946da824d66d5a5d456e2,6360,330718,0,0,0,,0,0,0,,0,0,0,,0,0,0,0,
0851296bdf4c4516b2506b8cce5151da,6360,626768,0,0,0,,0,0,0,,0,0,0,,0,0,0,0,
5cb1c062f5f94b44a41ae658f4a53f0c,6300,143224,0,0,0,,0,0,0,,0,0,0,,13990,498,185,711,https://www.twitch.tv/videos/2891507465
4eecf80e6ecc4644a7ff08314e6e0c82,6300,445872,770,193,770,https://www.youtube.com/watch?v=GQX1EofFr-Y,770,193,770,https://www.youtube.com/watch?v=GQX1EofFr-Y,0,0,0,,379,0,0,0,
9ff913f8a0fa42269c6e3d462af1b2e0,6300,201617,1886,735,19099,https://www.youtube.com/watch?v=OZG_0cNO2n0,2221,779,5691,https://www.youtube.com/watch?v=mNczZGk7UOE,1667,596,19099,https://www.youtube.com/watch?v=OZG_0cNO2n0,0,0,0,0,
35f3bb64e69c432180b98dde239f3bdd,6290,651586,1487,525,3271,https://www.youtube.com/watch?v=iJ_v6t6jdkQ,1487,525,3271,https://www.youtube.com/watch?v=iJ_v6t6jdkQ,1325,903,1865,https://www.youtube.com/watch?v=4NRV5yexxL0,1025,264,251,823,https://www.twitch.tv/videos/2887305255
bf48aafcc9464111b358a4595cc7311c,6280,169304,723,179,723,https://www.youtube.com/watch?v=C6Mm9pUmPRc,723,179,723,https://www.youtube.com/watch?v=C6Mm9pUmPRc,0,0,0,,0,0,0,0,
208d8aa3792641d6ae4e0de5a10a4a6f,6270,398020,241,83,1581,https://www.youtube.com/watch?v=Hy2jDN9GotI,285,68,908,https://www.youtube.com/watch?v=1_6miC8QEXw,134,87,1581,https://www.youtube.com/watch?v=Hy2jDN9GotI,1610,118,92,261,https://www.twitch.tv/videos/2889587334
94c7cb6122bd4dcab2d8660ddc5f5508,6250,223235,208,95,255,https://www.youtube.com/watch?v=CeX-495mEEU,208,95,255,https://www.youtube.com/watch?v=CeX-495mEEU,0,0,0,,429,41,28,59,https://www.twitch.tv/videos/2881778599
1307131312c54a11ab326e62474efc8a,6240,245977,0,0,0,,0,0,0,,0,0,0,,0,0,0,0,
b8cd7bf3e49d4cc1a24140546b91f462,6240,388771,351,212,1561,https://www.youtube.com/watch?v=cIM3WkR3XOw,0,0,0,,351,212,1561,https://www.youtube.com/watch?v=cIM3WkR3XOw,49,0,0,0,
25027be34ca844c885f40d5c26507898,6230,396793,761,306,3444,https://www.youtube.com/watch?v=PT-er7FVFGE,713,305,1839,https://www.youtube.com/watch?v=zZVRV4wOE2Q,2835,1317,3444,https://www.youtube.com/watch?v=PT-er7FVFGE,0,0,0,0,
34edb431f7da4a43b2a6a9d79d2858d1,6210,360973,1035,881,2960,https://www.youtube.com/watch?v=YOfwYjc-Ykk,1035,881,2960,https://www.youtube.com/watch?v=YOfwYjc-Ykk,0,0,0,,695,526,423,560,https://www.twitch.tv/videos/2889692799
2978ff3ab5f54898947af41ca4d47c4c,6190,159172,678,67,915,https://www.youtube.com/watch?v=N4liUvOKZUM,688,84,915,https://www.youtube.com/watch?v=N4liUvOKZUM,117,52,117,https://www.youtube.com/watch?v=E5ow_pqUxzw,553,0,0,0,
dbfaa5f3d01142df8a05c4946a0a22dc,6190,573134,894,356,7881,https://www.youtube.com/watch?v=MPlDHU6XTbQ,770,321,1686,https://www.youtube.com/watch?v=jW5kAmgA1Tw,4636,1101,7881,https://www.youtube.com/watch?v=MPlDHU6XTbQ,0,0,0,0,
6b43c568bdf044e4a4ae0bae0cb9fff2,6110,288354,641,205,1349,https://www.youtube.com/watch?v=enotwUHzfeE,641,255,979,https://www.youtube.com/watch?v=8St_lnN56mQ,728,78,1349,https://www.youtube.com/watch?v=enotwUHzfeE,0,0,0,0,
1a3a0feb188e499ab4972c971d639f58,6090,274308,0,0,0,,0,0,0,,0,0,0,,0,0,0,0,
b6a105f12b904256ba356935ae46657f,6070,43460,340,160,618,https://www.youtube.com/watch?v=JBr-MYqpt-o,340,160,618,https://www.youtube.com/watch?v=JBr-MYqpt-o,0,0,0,,8779,350,220,71699,https://www.twitch.tv/videos/2869405035
a83b6d485350402b90238deb371ae654,6050,113764,0,0,0,,0,0,0,,0,0,0,,4053,0,0,0,
75b388425b774a9f99a4483e295a13f0,6040,821405,399,168,1272,https://www.youtube.com/watch?v=7DeC5pYkm5o,390,128,542,https://www.youtube.com/watch?v=4Jc77TvgolA,1272,866,1272,https://www.youtube.com/watch?v=7DeC5pYkm5o,419,0,0,0,
16c4a9b7211a44f6b98d8e1aebf4ea70,6000,222978,0,0,0,,0,0,0,,0,0,0,,634,0,0,0,
4cd21df2b76148b182903cc0aebe2bfa,5990,238192,454,278,475,https://www.youtube.com/watch?v=-mo4wprq8SU,454,278,475,https://www.youtube.com/watch?v=-mo4wprq8SU,0,0,0,,0,0,0,0,
dcbe7946e39e48bcb0b725de64a445c8,5980,600928,1422,594,4124,https://www.youtube.com/watch?v=-qvzCJ1JDeA,1422,594,4124,https://www.youtube.com/watch?v=-qvzCJ1JDeA,0,0,0,,0,0,0,0,
36b917d4265f43a1a6cc9eb1d7b20608,5960,224935,2241,708,7140,https://www.youtube.com/watch?v=0zcStqAPlp8,2188,826,4859,https://www.youtube.com/watch?v=t70SJyPVWEs,2241,708,7140,https://www.youtube.com/watch?v=0zcStqAPlp8,1102,1139,721,1514,https://www.twitch.tv/videos/2880096445
e0f419006f244a51804050ede1d1a5aa,5960,1559782,690,303,39560,https://www.youtube.com/watch?v=RscENfbUEAk,690,274,2598,https://www.youtube.com/watch?v=mArD2EWU5IQ,20100,9342,39560,https://www.youtube.com/watch?v=RscENfbUEAk,0,0,0,0,
7f4f30df30ec405bb0968c585b243fa5,5940,510204,904,471,1654,https://www.youtube.com/watch?v=0-LNVHNlmbg,727,415,1654,https://www.youtube.com/watch?v=0-LNVHNlmbg,1387,1304,1387,https://www.youtube.com/watch?v=QOII7maEJqM,990,459,314,459,https://www.twitch.tv/videos/2883674849
33717d815310491da465eb6258a70b1c,5940,285187,428,175,495,https://www.youtube.com/watch?v=cY3kA8TjlyE,428,175,495,https://www.youtube.com/watch?v=cY3kA8TjlyE,0,0,0,,0,0,0,0,
9b11be3138284ff3904d3292d6aaa284,5940,317699,304,138,469,https://www.youtube.com/watch?v=WFFQYdgs98Y,304,138,469,https://www.youtube.com/watch?v=WFFQYdgs98Y,272,199,395,https://www.youtube.com/watch?v=-p_UPhnC7BU,0,0,0,0,
86154ca2dc964847b37297138aa65b9f,5930,257026,238,133,714,https://www.youtube.com/watch?v=L7XEuJ2WwaI,245,140,714,https://www.youtube.com/watch?v=L7XEuJ2WwaI,103,97,103,https://www.youtube.com/watch?v=wELUZQwqsK8,1056,0,0,0,
1ae72d56be5547b1825cdc0fdc0cce2e,5920,81995,172,57,183,https://www.youtube.com/watch?v=k7YetVZ5QwY,172,57,183,https://www.youtube.com/watch?v=k7YetVZ5QwY,0,0,0,,0,0,0,0,
325c292889f542688512641841b4ed8a,5910,263120,1245,565,1380,https://www.youtube.com/watch?v=SseLQSmOrLI,1111,504,1111,https://www.youtube.com/watch?v=4H8vSR5OdqI,1380,626,1380,https://www.youtube.com/watch?v=SseLQSmOrLI,0,0,0,0,
7ae1c13d53fb44f49f386eef43c63ee4,5900,340209,342,189,1658,https://www.youtube.com/watch?v=6MDRpvsPy1Y,342,189,1067,https://www.youtube.com/watch?v=jExe0KTI2Pk,476,347,1658,https://www.youtube.com/watch?v=6MDRpvsPy1Y,76,0,0,0,
988d1a83ff6c4f82af6be42946987c36,5900,484861,1018,478,4480,https://www.youtube.com/watch?v=mA6OoAyff-U,696,432,4480,https://www.youtube.com/watch?v=mA6OoAyff-U,1230,504,3848,https://www.youtube.com/watch?v=m6cTK3M0IOM,0,0,0,0,
443ba741722742d5b7d5f76c3e7b445b,5830,585275,351,154,2298,https://www.youtube.com/watch?v=D9GAarwiJW0,422,186,2298,https://www.youtube.com/watch?v=D9GAarwiJW0,266,139,351,https://www.youtube.com/watch?v=5DBbUM3DCSQ,0,0,0,0,
a0e2f9b9f851401bbd1736189d4b69b1,5820,138560,2576,1239,2576,https://www.youtube.com/watch?v=-ZDqsyC0oyM,0,0,0,,2576,1239,2576,https://www.youtube.com/watch?v=-ZDqsyC0oyM,0,0,0,0,
58c4453bedb9463ab1dcb522d4d50faf,5810,1076745,596,384,2329,https://www.youtube.com/watch?v=-j9Yi_xLpr4,596,384,2329,https://www.youtube.com/watch?v=-j9Yi_xLpr4,0,0,0,,0,0,0,0,
925d91a363914edfb035fe6c08946be9,5780,196053,1511,421,1511,https://www.youtube.com/watch?v=HaSiBvwqE7s,1511,421,1511,https://www.youtube.com/watch?v=HaSiBvwqE7s,0,0,0,,0,0,0,0,
58304450990a433b88acd02b889b74e6,5730,197018,527,262,1054,https://www.youtube.com/watch?v=oKX3oFNjlRI,527,262,1054,https://www.youtube.com/watch?v=oKX3oFNjlRI,382,210,571,https://www.youtube.com/watch?v=Q7oJYYomF04,301,86,61,86,https://www.twitch.tv/videos/2884538283
38ecb20931514383b2d93885136c6b68,5720,262045,481,358,8131,https://www.youtube.com/watch?v=yOF2KBzR8FM,459,260,1065,https://www.youtube.com/watch?v=g-9_UFLAn20,1468,1213,8131,https://www.youtube.com/watch?v=yOF2KBzR8FM,0,0,0,0,
220353f9b2634c84953cc7d243fbc6a0,5720,289122,1309,459,2772,https://www.youtube.com/watch?v=xJ43Jpetj4U,1276,350,2079,https://www.youtube.com/watch?v=OfqbG1ViJXc,2772,737,2772,https://www.youtube.com/watch?v=xJ43Jpetj4U,93,0,0,0,
e17f42aa104040deae2ee3f3b1e85ed8,5710,324520,0,0,0,,0,0,0,,0,0,0,,40265,3325,1938,16162,https://www.twitch.tv/videos/2883557372
8f0b41303e8a481689fe4309a565ecd3,5710,372229,652,238,1748,https://www.youtube.com/watch?v=n9J-6D_UHoE,652,238,1748,https://www.youtube.com/watch?v=n9J-6D_UHoE,0,0,0,,1469,141,85,141,https://www.twitch.tv/videos/2881678146
9e213402f2f54c42866d4f62545921b4,5680,148551,0,0,0,,0,0,0,,0,0,0,,447,0,0,0,
e4e33334b43945b6837ec43826f3727f,5680,293960,628,301,3948,https://www.youtube.com/watch?v=gIJI8Gyr0EY,584,285,1059,https://www.youtube.com/watch?v=XVLvdrZkf7o,2233,317,3948,https://www.youtube.com/watch?v=gIJI8Gyr0EY,0,0,0,0,
d889f67fe7b84a38a9742ab2a47f346a,5630,766910,672,315,1856,https://www.youtube.com/watch?v=XwitUxLMLqg,561,216,964,https://www.youtube.com/watch?v=0Wq8M28gAB4,1536,418,1856,https://www.youtube.com/watch?v=XwitUxLMLqg,3590,335,293,448,https://www.twitch.tv/videos/2886353015
ea7d228d8fb2462f95aef21fc5bd4fb8,5630,1111911,1866,326,6247,https://www.youtube.com/watch?v=f1yOSqy0Yt0,1866,326,6247,https://www.youtube.com/watch?v=f1yOSqy0Yt0,0,0,0,,0,0,0,0,
1ea5aa0a7a7d401b897630667cf4b44e,5610,301902,665,226,1852,https://www.youtube.com/watch?v=QOetx84kByc,900,248,1852,https://www.youtube.com/watch?v=QOetx84kByc,145,66,145,https://www.youtube.com/watch?v=HgFvujH3K_U,1309,211,172,368,https://www.twitch.tv/videos/2880221309
a800589948934dd68ac2c728cc05fbaf,5610,40319,270,247,355,https://www.youtube.com/watch?v=6iKoYQpGZqg,270,247,355,https://www.youtube.com/watch?v=6iKoYQpGZqg,0,0,0,,0,0,0,0,
510bdce263cc479ca12d1fad64bfc65e,5580,441938,1223,477,3498,https://www.youtube.com/watch?v=SncATo15TtM,605,222,799,https://www.youtube.com/watch?v=PmD6mcJRv_4,1781,949,3498,https://www.youtube.com/watch?v=SncATo15TtM,0,0,0,0,
a60e76fb18f44818980d7d5b07cf82c9,5570,322392,1180,553,3640,https://www.youtube.com/watch?v=Zy_m6_QYNpc,1349,553,3640,https://www.youtube.com/watch?v=Zy_m6_QYNpc,937,392,2047,https://www.youtube.com/watch?v=FDaKAM3cuH8,896,70,55,544,https://www.twitch.tv/videos/2888114523
bd7d712e0946448aa29a1d213d1c1beb,5550,203769,380,253,2871,https://www.youtube.com/watch?v=PC68o--paEQ,263,192,401,https://www.youtube.com/watch?v=arDA0m7L1V4,1699,614,2871,https://www.youtube.com/watch?v=PC68o--paEQ,671,194,174,289,https://www.twitch.tv/videos/2882697521
887b37336c9c4730809ace8b5e38df17,5540,65660,0,0,0,,0,0,0,,0,0,0,,53399,3119,1651,4125,https://www.twitch.tv/videos/2871530258
2c42a2d77b4c481bae57dc00a66c2f16,5530,667146,1121,471,2728,https://www.youtube.com/watch?v=CMlwNt_jazU,1073,453,2728,https://www.youtube.com/watch?v=CMlwNt_jazU,1586,1392,1586,https://www.youtube.com/watch?v=RzpNdNHWTXQ,0,0,0,0,
c3bec3f382754230b178f8278eb550fb,5510,295717,386,150,1442,https://www.youtube.com/watch?v=_k2CCwKmVxE,325,133,961,https://www.youtube.com/watch?v=eoAD1Qe_gHs,617,211,1442,https://www.youtube.com/watch?v=_k2CCwKmVxE,0,0,0,0,
490a48eedc944f9cb74501e6eefeb04d,5500,318997,577,62,881,https://www.youtube.com/watch?v=x6bolqm0-QM,577,62,881,https://www.youtube.com/watch?v=x6bolqm0-QM,0,0,0,,2990,241,192,352,https://www.twitch.tv/videos/2886250227
428251b7832a48219276fb6e5f644e86,5480,856936,311,84,1071,https://www.youtube.com/watch?v=hP8AgoOoDkU,210,83,311,https://www.youtube.com/watch?v=D9dAGQkLpSQ,1071,823,1071,https://www.youtube.com/watch?v=hP8AgoOoDkU,256,0,0,0,
db1c4d81f03f4b04aca36b8b5b2b9c62,5420,166416,444,239,1408,https://www.youtube.com/watch?v=Md7UbghT77E,444,239,1408,https://www.youtube.com/watch?v=Md7UbghT77E,0,0,0,,460,0,0,0,
fe8ee7b57ae74a1388127b81b136c7ea,5400,32193,247,152,362,https://www.youtube.com/watch?v=_kA9Cp7p7dw,247,152,362,https://www.youtube.com/watch?v=_kA9Cp7p7dw,0,0,0,,669,0,0,0,
529328632b0b4701a469ebc14413f855,5380,205613,383,281,1251,https://www.youtube.com/watch?v=vKxff7ivY8U,383,281,667,https://www.youtube.com/watch?v=raPFCUTyqvU,746,629,1251,https://www.youtube.com/watch?v=vKxff7ivY8U,0,0,0,0,
4cc400969073471f9d2808a807e95f7d,5330,653884,968,343,1863,https://www.youtube.com/watch?v=hINSuQ_CgwU,0,0,0,,968,343,1863,https://www.youtube.com/watch?v=hINSuQ_CgwU,0,0,0,0,
bdaa84ad3c7841d6a9ec8774ed9d40a9,5330,222262,1137,588,2647,https://www.youtube.com/watch?v=uqWZGPqxbQo,1137,588,2647,https://www.youtube.com/watch?v=uqWZGPqxbQo,0,0,0,,0,0,0,0,
db4df79a2e664ebb96d1a0ce5e4c0e63,5320,398739,2037,958,6493,https://www.youtube.com/watch?v=Bm84vRo4s1o,1702,930,2239,https://www.youtube.com/watch?v=qV8BylZj5l0,5633,2576,6493,https://www.youtube.com/watch?v=Bm84vRo4s1o,0,0,0,0,
c8858f1d4a2b41a4bbf738530023d6f9,5310,215176,295,238,731,https://www.youtube.com/watch?v=L46lFzYbrPQ,295,238,731,https://www.youtube.com/watch?v=L46lFzYbrPQ,0,0,0,,386,142,137,306,https://www.twitch.tv/videos/2887870665
b473dffe721745f6beb34b5a49e9aeda,5300,401326,1178,876,1178,https://www.youtube.com/watch?v=hLtXnocJCEk,1178,876,1178,https://www.youtube.com/watch?v=hLtXnocJCEk,0,0,0,,0,0,0,0,
74ef34317983453ab86223490eba4f6e,5270,204970,808,325,1876,https://www.youtube.com/watch?v=sgxe5laqBvo,944,326,1876,https://www.youtube.com/watch?v=sgxe5laqBvo,602,286,602,https://www.youtube.com/watch?v=083nWs5uO0I,461,0,0,0,
1f2b5204983b4d5ebe0a9352de3a66f6,5260,121264,0,0,0,,0,0,0,,0,0,0,,0,0,0,0,
7e088cf828bf4e02ae65bb8a1f6a8b89,5250,196714,244,69,419,https://www.youtube.com/watch?v=AZXtrwXgcC0,244,69,419,https://www.youtube.com/watch?v=AZXtrwXgcC0,0,0,0,,207,0,0,0,
42b8bd7bed2a4ddd930cfd223657e9ca,5250,279625,1220,492,5651,https://www.youtube.com/watch?v=U0pgPvCv9Zg,3664,3383,5651,https://www.youtube.com/watch?v=U0pgPvCv9Zg,728,215,1384,https://www.youtube.com/watch?v=r6T4pVMOl-s,1461,224,212,1016,https://www.twitch.tv/videos/2889567986
b6f8117355b24e9c8a8a4c813a72aec9,5250,664941,176,52,938,https://www.youtube.com/watch?v=Ja8qxc3Fhi4,0,0,0,,176,52,938,https://www.youtube.com/watch?v=Ja8qxc3Fhi4,1455,231,166,268,https://www.twitch.tv/videos/2890705544
cc2a13ac075e4640b19020a51dcf9d88,5230,154944,1624,1512,6163,https://www.youtube.com/watch?v=DjI_njvhIxg,1624,1512,6163,https://www.youtube.com/watch?v=DjI_njvhIxg,0,0,0,,574,0,0,0,
1c736e6717e649b2a366818244b37599,5220,285396,5027,2216,92057,https://www.youtube.com/watch?v=fj5jwpxtWlI,6342,6250,8785,https://www.youtube.com/watch?v=qqQwVMQ-eEg,4326,2058,92057,https://www.youtube.com/watch?v=fj5jwpxtWlI,281,0,0,0,
f03fa714465e44ef8d339474bd0f4a02,5220,228857,730,260,2083,https://www.youtube.com/watch?v=GT96z_rP0FU,413,243,730,https://www.youtube.com/watch?v=HpdG08mVq3s,1283,308,2083,https://www.youtube.com/watch?v=GT96z_rP0FU,0,0,0,0,
def76c5c31fe4466b5ae6e6940ae6e58,5210,665139,839,421,4664,https://www.youtube.com/watch?v=dZcxhZlUtZA,839,421,4664,https://www.youtube.com/watch?v=dZcxhZlUtZA,0,0,0,,0,0,0,0,
29294f0665864cee8bb2b48697b9e84f,5200,348739,1050,514,3552,https://www.youtube.com/watch?v=bcE6WtDnc4s,1050,514,3552,https://www.youtube.com/watch?v=bcE6WtDnc4s,0,0,0,,356,0,0,0,
a9f1edc233804d4b90a9996219a3b14b,5190,274066,285,167,4856,https://www.youtube.com/watch?v=uvIGQAM1XFU,243,95,1388,https://www.youtube.com/watch?v=A6E2jiq5yBc,2753,1228,4856,https://www.youtube.com/watch?v=uvIGQAM1XFU,0,0,0,0,
de071f4fc90344748afac14099022672,5190,167555,2573,1044,2775,https://www.youtube.com/watch?v=N1ZTbwCK46o,0,0,0,,2573,1044,2775,https://www.youtube.com/watch?v=N1ZTbwCK46o,15087,11313,8646,144439,https://www.twitch.tv/videos/2872852424
effe96469a7348c786d01ccea8cf71cb,5140,184720,0,0,0,,0,0,0,,0,0,0,,0,0,0,0,
c21d4186912d4652a7fb5a1b3ef382b6,5110,206505,695,325,1835,https://www.youtube.com/watch?v=iFe437lsQUw,695,325,1835,https://www.youtube.com/watch?v=iFe437lsQUw,0,0,0,,3014,261,216,553,https://www.twitch.tv/videos/2883598655
6fb8c6dea7404638a9d78d4b0d84f64c,5100,69680,3201,1118,3930,https://www.youtube.com/watch?v=yQ2A60AN1m4,3201,1118,3930,https://www.youtube.com/watch?v=yQ2A60AN1m4,0,0,0,,2823,0,0,0,
fad69c2a625446829ef410d9ef277c8f,5100,178600,447,218,861,https://www.youtube.com/watch?v=DsmRGGVU1aY,447,218,861,https://www.youtube.com/watch?v=DsmRGGVU1aY,0,0,0,,0,0,0,0,
b2313ef4c37542c89796ae94dfb8228d,5080,213674,907,401,1823,https://www.youtube.com/watch?v=fWR3eME1bik,1107,624,1823,https://www.youtube.com/watch?v=fWR3eME1bik,406,131,653,https://www.youtube.com/watch?v=sNk2ite5-SM,588,391,298,640,https://www.twitch.tv/videos/2884600171
33e0b518387b4479a76910366cd2a413,5050,262706,327,39,1490,https://www.youtube.com/watch?v=g8adrLH2oKY,65,13,105,https://www.youtube.com/watch?v=KCyvpKt_3ao,1152,105,1490,https://www.youtube.com/watch?v=g8adrLH2oKY,417,335,216,494,https://www.twitch.tv/videos/2890832718
a2c7c34474174cd2bffcc17a32aeec21,5030,353526,593,335,1765,https://www.youtube.com/watch?v=R3MsGQkNrss,567,260,1255,https://www.youtube.com/watch?v=e6Q0CXyqjCk,1019,417,1765,https://www.youtube.com/watch?v=R3MsGQkNrss,1089,311,302,517,https://www.twitch.tv/videos/2887420198
3589be2c85dc460aa8de768c7a228730,5020,228672,390,189,689,https://www.youtube.com/watch?v=o0S6oe8BmKs,390,189,689,https://www.youtube.com/watch?v=o0S6oe8BmKs,0,0,0,,0,0,0,0,
b9569d6e438b473ba61d88c0230899f5,5010,285219,348,92,348,https://www.youtube.com/watch?v=zgCXMx10fzU,348,92,348,https://www.youtube.com/watch?v=zgCXMx10fzU,0,0,0,,0,0,0,0,
36f4fa8dbd7740c3ae5ac02b890fa502,4970,315127,231,122,473,https://www.youtube.com/watch?v=7_jk1dTgc2k,231,122,473,https://www.youtube.com/watch?v=7_jk1dTgc2k,0,0,0,,1065,0,0,0,
8fd3526ba2074df896bbcb47e713565b,4950,124430,264,132,290,https://www.youtube.com/watch?v=XtLVo22Ch-k,264,132,290,https://www.youtube.com/watch?v=XtLVo22Ch-k,0,0,0,,0,0,0,0,
73827056b15849549388f720dde25c01,4950,305120,1395,612,2542,https://www.youtube.com/watch?v=9vG0EDn9Z8I,1742,536,2542,https://www.youtube.com/watch?v=9vG0EDn9Z8I,1378,690,2488,https://www.youtube.com/watch?v=o7InTAxpgEw,0,0,0,0,
19c3bdcc95134ef38ad98df3f92f3ccb,4940,328443,0,0,0,,0,0,0,,0,0,0,,853,0,0,0,
f658ebdc79bf4cef928a87d3a35855a5,4940,118985,181,90,629,https://www.youtube.com/watch?v=dEUUQbmjDRI,142,34,246,https://www.youtube.com/watch?v=er67IUoTQlo,399,210,629,https://www.youtube.com/watch?v=dEUUQbmjDRI,0,0,0,0,
a1bc1c5451e64266a0f21f0847dd8d2f,4940,192627,380,158,549,https://www.youtube.com/watch?v=kB7i_w2X8lQ,273,179,380,https://www.youtube.com/watch?v=SnVli57smGw,549,158,549,https://www.youtube.com/watch?v=kB7i_w2X8lQ,497,227,143,227,https://www.twitch.tv/videos/2883581758
9ceaafbe1a9a41bb9526b113354e03cc,4930,363924,449,144,504,https://www.youtube.com/watch?v=KErNLToanrw,504,241,504,https://www.youtube.com/watch?v=KErNLToanrw,394,46,394,https://www.youtube.com/watch?v=O_0_jBZvbEQ,0,0,0,0,
d0b68b633fba4c02a627751778973f36,4930,113991,300,115,300,https://www.youtube.com/watch?v=GeMnRJ2bM28,300,115,300,https://www.youtube.com/watch?v=GeMnRJ2bM28,0,0,0,,0,0,0,0,
94082eb7d950471b934592394ad3e4c8,4920,299914,0,0,0,,0,0,0,,0,0,0,,0,0,0,0,
3dd8c72cab6d494dbd6fbf0a0e3dc41a,4900,430650,760,428,3096,https://www.youtube.com/watch?v=AdyNQ4lTk_Y,698,407,3096,https://www.youtube.com/watch?v=AdyNQ4lTk_Y,1433,634,2368,https://www.youtube.com/watch?v=DI_4qw80VNM,1461,311,210,894,https://www.twitch.tv/videos/2886148340
32b83b466c11418bb380623a95944302,4900,411237,1225,619,1756,https://www.youtube.com/watch?v=fwoV1jPCcqQ,0,0,0,,1225,619,1756,https://www.youtube.com/watch?v=fwoV1jPCcqQ,3506,317,213,579,https://www.twitch.tv/videos/2884422419
17610c1e36214c0f8002456d8b0bcf36,4900,190613,0,0,0,,0,0,0,,0,0,0,,0,0,0,0,
ad6cf3322d204c79afa7d14d4d36473c,4890,379726,1487,815,2560,https://www.youtube.com/watch?v=UC1CPrYRojU,0,0,0,,1487,815,2560,https://www.youtube.com/watch?v=UC1CPrYRojU,0,0,0,0,
c6dab598fcee4b6b9bff76d2e8ffc8e6,4870,420847,1108,475,1884,https://www.youtube.com/watch?v=GtIUynjr1JM,265,204,265,https://www.youtube.com/watch?v=2r5sAkusO6s,1146,520,1884,https://www.youtube.com/watch?v=GtIUynjr1JM,817,0,0,0,
bcbde4d998e341418ebdf3e26884811d,4860,167969,322,198,1400,https://www.youtube.com/watch?v=vl9cK8pFfL8,320,191,825,https://www.youtube.com/watch?v=mrLCPUaLKwM,1262,695,1400,https://www.youtube.com/watch?v=vl9cK8pFfL8,0,0,0,0,
d66fb507852f4d889e426c8ea0f9f246,4850,262009,1256,372,3614,https://www.youtube.com/watch?v=V5MnY0Sxrpo,1283,372,3614,https://www.youtube.com/watch?v=V5MnY0Sxrpo,1256,349,1524,https://www.youtube.com/watch?v=ijpmzRPq6Rk,600,0,0,0,
2d9ef8be75c34daf9ce9d17ecbbe0f7a,4840,728749,376,162,776,https://www.youtube.com/watch?v=4MH6Oufev94,376,152,776,https://www.youtube.com/watch?v=4MH6Oufev94,422,404,541,https://www.youtube.com/watch?v=MKtqCGlx2ZY,827,62,54,124,https://www.twitch.tv/videos/2891661003
9de74d9cd68f481396a3dbd76d529a24,4840,224769,455,207,2905,https://www.youtube.com/watch?v=ZzPgwuSkSSs,400,201,561,https://www.youtube.com/watch?v=tc4-5uJ5EmU,2045,1101,2905,https://www.youtube.com/watch?v=ZzPgwuSkSSs,141,57,54,57,https://www.twitch.tv/videos/2890705652
20327c35cc9d4deba93299b790d7d721,4840,280870,429,260,741,https://www.youtube.com/watch?v=ZCRZSLDUENg,399,260,741,https://www.youtube.com/watch?v=ZCRZSLDUENg,448,253,459,https://www.youtube.com/watch?v=MhKllvmBaOU,0,0,0,0,
f9c9c29a9fb143539ade06564b99b233,4840,4298,0,0,0,,0,0,0,,0,0,0,,0,0,0,0,
2e266a71aa3d4a67bb8d9a2a0b573319,4810,282854,0,0,0,,0,0,0,,0,0,0,,41487,0,0,0,
256dd6464e974e118dc8103d5e9eb0b3,4810,112783,0,0,0,,0,0,0,,0,0,0,,3917,0,0,0,
53d808d5b57f452a96d67861f3da1f8c,4800,314233,1708,524,6008,https://www.youtube.com/watch?v=YIlYzw_NKgE,1754,548,6008,https://www.youtube.com/watch?v=YIlYzw_NKgE,1235,422,1235,https://www.youtube.com/watch?v=wffiOIzoJgU,327,166,147,166,https://www.twitch.tv/videos/2889007043
e1b2337b79d1449e9ae6a754ec74050d,4790,638446,351,211,717,https://www.youtube.com/watch?v=ByspLf1FeyU,351,211,717,https://www.youtube.com/watch?v=ByspLf1FeyU,0,0,0,,0,0,0,0,
60ff50e95399472b96a6fbe83d75e806,4790,254176,756,298,1732,https://www.youtube.com/watch?v=uj8oEQBMmOA,466,243,1286,https://www.youtube.com/watch?v=qSOuN01okyM,1427,633,1732,https://www.youtube.com/watch?v=uj8oEQBMmOA,807,451,308,1107,https://www.twitch.tv/videos/2885258847
4c8efd1d28d04eeabd21a3c337f154b9,4780,97772,319,180,560,https://www.youtube.com/watch?v=CyEySU1qOvY,319,180,560,https://www.youtube.com/watch?v=CyEySU1qOvY,0,0,0,,0,0,0,0,
4762b7be8b764f19a33a7cf167c2ea64,4780,74773,438,156,1177,https://www.youtube.com/watch?v=maGnj3C1zWQ,437,172,643,https://www.youtube.com/watch?v=BlP6y9278Ek,440,59,1177,https://www.youtube.com/watch?v=maGnj3C1zWQ,0,0,0,0,
0ede84dfc1ff426cb42643d7390d2937,4770,766728,439,220,2318,https://www.youtube.com/watch?v=-lMLl9H8mQk,439,220,2318,https://www.youtube.com/watch?v=-lMLl9H8mQk,0,0,0,,1785,233,142,358,https://www.twitch.tv/videos/2886321408
ffb8b8f15321474a98628cb638631bf1,4760,939900,0,0,0,,0,0,0,,0,0,0,,0,0,0,0,
de81b740d66c439685aa37491d27efc4,4750,457142,0,0,0,,0,0,0,,0,0,0,,4300,223,143,316,https://www.twitch.tv/videos/2889689469
2683fa864bd24112b6f7d04afb096a4e,4730,287592,375,194,375,https://www.youtube.com/watch?v=3fjMe7jG7cs,0,0,0,,375,194,375,https://www.youtube.com/watch?v=3fjMe7jG7cs,385,0,0,0,
3a43445829024217b728d04d5398b61c,4710,253713,1227,261,1728,https://www.youtube.com/watch?v=_n-IXPVQ1bI,1227,261,1728,https://www.youtube.com/watch?v=_n-IXPVQ1bI,0,0,0,,0,0,0,0,
b516b71a9e8d43b8a377dabe1f9057dd,4690,143365,312,173,1449,https://www.youtube.com/watch?v=ozuuTwS3d4Y,323,180,1449,https://www.youtube.com/watch?v=ozuuTwS3d4Y,185,82,185,https://www.youtube.com/watch?v=_VeC3kyW-kU,607,98,76,120,https://www.twitch.tv/videos/2884442601
7f049d05ff3a4946998b9ddd7df409fd,4680,184942,687,200,1462,https://www.youtube.com/watch?v=XjWNVDj-DTA,687,200,1462,https://www.youtube.com/watch?v=XjWNVDj-DTA,0,0,0,,2446,0,0,0,
a99bc695c89d41e391a5abf6e781c911,4680,382054,830,225,1961,https://www.youtube.com/watch?v=VpEwkcGud14,0,0,0,,830,225,1961,https://www.youtube.com/watch?v=VpEwkcGud14,0,0,0,0,
58bb51ba1bba485a98cbf859fb5687f4,4660,686729,1191,231,1964,https://www.youtube.com/watch?v=Ju3P4XYLn1U,330,143,557,https://www.youtube.com/watch?v=lNHeqOMdufg,1397,746,1964,https://www.youtube.com/watch?v=Ju3P4XYLn1U,1855,0,0,0,
b3c1a09b09a54b9a8078d3310d151efe,4640,125877,166,162,166,https://www.youtube.com/watch?v=xXJlYbikvZo,0,0,0,,166,162,166,https://www.youtube.com/watch?v=xXJlYbikvZo,0,0,0,0,
00d9cb7b0bcd451999f4fd33dd84be6c,4600,857552,1340,406,3375,https://www.youtube.com/watch?v=ak4kZztWG-M,1182,414,3375,https://www.youtube.com/watch?v=ak4kZztWG-M,1696,398,2137,https://www.youtube.com/watch?v=yox9MAMTxCU,5152,522,236,869,https://www.twitch.tv/videos/2874667498
98181ce64b3d45a9aa295c446e1bae9e,4590,119432,0,0,0,,0,0,0,,0,0,0,,569,0,0,0,
c16daca9d8b84b18a38ab97cdcd7577a,4590,461383,586,271,12287,https://www.youtube.com/watch?v=AfVFEfOixUg,525,208,1445,https://www.youtube.com/watch?v=n9zPpHveePU,7054,5356,12287,https://www.youtube.com/watch?v=AfVFEfOixUg,0,0,0,0,
6073eb006b764614915e90b5c54ce7e6,4580,299466,0,0,0,,0,0,0,,0,0,0,,3397,304,224,613,https://www.twitch.tv/videos/2882580117
cbba76fd34d74307a9f826e03b8e4db5,4570,222332,715,242,873,https://www.youtube.com/watch?v=_nDRIfEmIrc,715,242,873,https://www.youtube.com/watch?v=_nDRIfEmIrc,0,0,0,,868,381,247,381,https://www.twitch.tv/videos/2882743300
d41f0a9dfdec46929f6f9534f8d79167,4560,65804,0,0,0,,0,0,0,,0,0,0,,0,0,0,0,
4f5a88e0193a4c948f7e84c56303db82,4550,135283,353,82,979,https://www.youtube.com/watch?v=Ii5GuSy27zQ,353,82,979,https://www.youtube.com/watch?v=Ii5GuSy27zQ,0,0,0,,0,0,0,0,
53335d77cc69488c8b49ec97548c3297,4540,119959,863,532,3051,https://www.youtube.com/watch?v=zobyTshwb1M,856,568,1290,https://www.youtube.com/watch?v=78mIRuHq5E0,2431,403,3051,https://www.youtube.com/watch?v=zobyTshwb1M,0,0,0,0,
50433c34f368460c9cda947f292a62b4,4520,375284,1009,367,2119,https://www.youtube.com/watch?v=mG9poa5PAkI,1029,388,2119,https://www.youtube.com/watch?v=mG9poa5PAkI,281,167,350,https://www.youtube.com/watch?v=DcRRiZCV2xk,0,0,0,0,
c17ad3ef81904c26982024c9af1f0f3a,4510,206177,1011,358,3619,https://www.youtube.com/watch?v=F3Vv2TppW4g,801,385,3619,https://www.youtube.com/watch?v=F3Vv2TppW4g,1195,299,1901,https://www.youtube.com/watch?v=qLKdhZ-x1Lk,3607,247,172,437,https://www.twitch.tv/videos/2890977620
c90914afde364f5e982414615662f5a7,4490,400486,578,404,2053,https://www.youtube.com/watch?v=_g16BckYXAE,578,404,2053,https://www.youtube.com/watch?v=_g16BckYXAE,0,0,0,,1917,156,142,156,https://www.twitch.tv/videos/2889754564
9d74c909706a450ea35c1777cac79e77,4490,590242,872,384,4426,https://www.youtube.com/watch?v=L9XgI7n595U,862,385,4426,https://www.youtube.com/watch?v=L9XgI7n595U,1239,55,1239,https://www.youtube.com/watch?v=Rh3KdTMQ-2Q,901,157,110,255,https://www.twitch.tv/videos/2885139919
52b5fa7ff03945368644f52035a5e798,4480,373340,1183,893,1482,https://www.youtube.com/watch?v=dbla06VdkrM,1183,893,1482,https://www.youtube.com/watch?v=dbla06VdkrM,0,0,0,,0,0,0,0,
7b2d1d71057b4ac2a16109b980a99e28,4470,317804,390,204,3038,https://www.youtube.com/watch?v=x5sy6PrAOAc,355,193,3038,https://www.youtube.com/watch?v=x5sy6PrAOAc,1323,211,1787,https://www.youtube.com/watch?v=xn7wke21AOI,0,0,0,0,
0fa88d7be0ba4850abea150aa73fe440,4440,262183,0,0,0,,0,0,0,,0,0,0,,0,0,0,0,
ccc1420185ad46d49d40b6b774db9b11,4430,262763,334,127,4740,https://www.youtube.com/watch?v=WH1nijhnAU8,321,172,4740,https://www.youtube.com/watch?v=WH1nijhnAU8,379,57,379,https://www.youtube.com/watch?v=0NoqYzUpLrE,810,156,137,257,https://www.twitch.tv/videos/2890530350
f18910b4b83a48558f16836f4c1488eb,4430,185011,1735,1254,1735,https://www.youtube.com/watch?v=UVNr7lhb5dU,1735,1254,1735,https://www.youtube.com/watch?v=UVNr7lhb5dU,0,0,0,,0,0,0,0,
98187e2cc8c34f5d8e0853bffc1a30c9,4400,156251,456,341,1145,https://www.youtube.com/watch?v=dLPmxk_Srf8,364,110,449,https://www.youtube.com/watch?v=ntgui8XwINw,515,415,1145,https://www.youtube.com/watch?v=dLPmxk_Srf8,0,0,0,0,
637b3a1eb03443248ebd1caba56e6b5a,4400,225334,518,77,687,https://www.youtube.com/watch?v=dCJXzwTr0aQ,518,77,687,https://www.youtube.com/watch?v=dCJXzwTr0aQ,0,0,0,,0,0,0,0,
627d42f52e604f3e8eadc7f04ef74d2a,4400,209672,0,0,0,,0,0,0,,0,0,0,,3697,283,97,1054,https://www.twitch.tv/videos/2884564851
4e4721deba7c4681b1172714a29e6f19,4390,294875,506,222,1620,https://www.youtube.com/watch?v=eyRvIBgnxw0,401,199,612,https://www.youtube.com/watch?v=TOZwUpZ6ir4,1620,1530,1620,https://www.youtube.com/watch?v=eyRvIBgnxw0,0,0,0,0,
e6a9746af2a84387b6ed5a7d3a4434da,4370,326075,640,344,16273,https://www.youtube.com/watch?v=P7XcNB2cE0g,378,133,917,https://www.youtube.com/watch?v=cAkkCUtGO3Q,1610,1033,16273,https://www.youtube.com/watch?v=P7XcNB2cE0g,0,0,0,0,
5fd252ad134343a59705e00390c6d9ef,4340,117944,0,0,0,,0,0,0,,0,0,0,,1730,0,0,0,
ec12bbfb27d24091aa6a7d64ff9429ea,4340,115575,536,89,580,https://www.youtube.com/watch?v=nOMkLB-tROo,0,0,0,,536,89,580,https://www.youtube.com/watch?v=nOMkLB-tROo,5842,570,233,1153,https://www.twitch.tv/videos/2882824297
445a732fc0f64712b3213b4cd98fbdd3,4320,233001,1991,681,8113,https://www.youtube.com/watch?v=qmZ8Nru5G5w,2601,740,8113,https://www.youtube.com/watch?v=qmZ8Nru5G5w,1167,385,1419,https://www.youtube.com/watch?v=BD3Wn6xOsV4,1023,370,274,1025,https://www.twitch.tv/videos/2882683983
58e377df63f745fc8473368b20afe2ae,4320,244228,163,126,479,https://www.youtube.com/watch?v=sgdTTlS1Nak,163,126,479,https://www.youtube.com/watch?v=sgdTTlS1Nak,0,0,0,,308,14,12,21,https://www.twitch.tv/videos/2890816950
9c1450789da443f491a66e6f121482fc,4300,504180,1872,849,6199,https://www.youtube.com/watch?v=HDw69cHXIG0,1925,973,6199,https://www.youtube.com/watch?v=HDw69cHXIG0,905,448,1201,https://www.youtube.com/watch?v=VRp5-fgEEyo,502,153,94,2225,https://www.twitch.tv/videos/2888593010
caebfeea12c840f0ae0f0e2beb57b4e2,4280,228302,0,0,0,,0,0,0,,0,0,0,,0,0,0,0,
90446c6f1b704ff6b0fbbf017f0a68c5,4280,175099,1956,1087,2889,https://www.youtube.com/watch?v=LVGBgsnDjx4,1956,1000,2351,https://www.youtube.com/watch?v=RHWKk65_Olc,2287,1226,2889,https://www.youtube.com/watch?v=LVGBgsnDjx4,0,0,0,0,
f4fc9f87ed4b4f05a339b1f1a1d621b6,4280,92380,0,0,0,,0,0,0,,0,0,0,,0,0,0,0,
ba41581d315943fdaebe0dc981020d1c,4270,248962,796,343,1233,https://www.youtube.com/watch?v=oMQLRsMkFGI,378,210,395,https://www.youtube.com/watch?v=zW3FM-5eLLI,1215,603,1233,https://www.youtube.com/watch?v=oMQLRsMkFGI,0,0,0,0,
81387cdce77a4a9b9338145b28ae9ff6,4260,0,0,0,0,,0,0,0,,0,0,0,,0,0,0,0,
4d9730dc400443e6b8edb719febd5f46,4230,98465,377,285,377,https://www.youtube.com/watch?v=SPnnMzfbtlY,377,285,377,https://www.youtube.com/watch?v=SPnnMzfbtlY,0,0,0,,786,0,0,0,
01bebf0363a94b16b2313053c90a1c8a,4220,135580,1125,642,1219,https://www.youtube.com/watch?v=vj1gksbtahs,0,0,0,,1125,642,1219,https://www.youtube.com/watch?v=vj1gksbtahs,547,0,0,0,
872627e5c7a248bfb41a055dee03029a,4220,142277,0,0,0,,0,0,0,,0,0,0,,759,0,0,0,
16b8db1818764f81addb322d109b5da3,4220,256559,582,289,808,https://www.youtube.com/watch?v=8mIp5VdBhDE,607,334,808,https://www.youtube.com/watch?v=8mIp5VdBhDE,295,239,604,https://www.youtube.com/watch?v=CL7k0mET_aM,0,0,0,0,
3e340f9122814acc84ff51a0aec8ae13,4190,135660,0,0,0,,0,0,0,,0,0,0,,0,0,0,0,
0490d9546bce4068a0f52b39046bdf91,4170,117551,0,0,0,,0,0,0,,0,0,0,,4474,403,309,632,https://www.twitch.tv/videos/2888714535
cd44db2c12a54568963299704aa8d4a6,4160,107013,0,0,0,,0,0,0,,0,0,0,,325,0,0,0,
ba5ed25718a7421cb15cd0ec62df723e,4150,186207,915,475,2098,https://www.youtube.com/watch?v=Hw6YUZ5RvKg,915,475,2098,https://www.youtube.com/watch?v=Hw6YUZ5RvKg,0,0,0,,498,0,0,0,
5b85294949544a5f8855715acadf66a5,4140,172119,330,171,2248,https://www.youtube.com/watch?v=jaoxos42WqU,324,161,427,https://www.youtube.com/watch?v=d7UMlKKMftU,2075,439,2248,https://www.youtube.com/watch?v=jaoxos42WqU,2020,130,92,226,https://www.twitch.tv/videos/2880038581
eda6bf91049349e08f0f269fb4f8c0f9,4140,179036,80,34,1153,https://www.youtube.com/watch?v=k6tybqoT2Iw,73,34,112,https://www.youtube.com/watch?v=Cp_yz4R2kzc,547,90,1153,https://www.youtube.com/watch?v=k6tybqoT2Iw,266,21,12,39,https://www.twitch.tv/videos/2883563745
8b027d3a3f374c9c8398b6dd751e5018,4120,14423,0,0,0,,0,0,0,,0,0,0,,37246,1595,1513,1955,https://www.twitch.tv/videos/2890323027
d177ac8568a14720b35bcc1a829aff51,4120,162511,240,192,240,https://www.youtube.com/watch?v=RTaE6opiogY,240,192,240,https://www.youtube.com/watch?v=RTaE6opiogY,0,0,0,,0,0,0,0,
c9ac78b9004c4c26ba4107ccefe399ec,4110,178661,97,47,398,https://www.youtube.com/watch?v=HLEpXPQgrzk,97,47,398,https://www.youtube.com/watch?v=HLEpXPQgrzk,0,0,0,,0,0,0,0,
75f110ca5e9a4b7db3c57912baf5ca27,4110,305829,0,0,0,,0,0,0,,0,0,0,,22587,94495,57718,177080,https://www.twitch.tv/videos/2878241671
64bba754590e41c5b58df1c536d4e865,4100,149926,344,145,741,https://www.youtube.com/watch?v=5HM7fo1phYI,344,145,741,https://www.youtube.com/watch?v=5HM7fo1phYI,0,0,0,,894,608,403,1159,https://www.twitch.tv/videos/2884316919
4b8f55c74e594978bb461a27b3924336,4080,126885,486,373,801,https://www.youtube.com/watch?v=NqjEijly0Xs,486,373,801,https://www.youtube.com/watch?v=NqjEijly0Xs,0,0,0,,832,0,0,0,
4a44ee7065ae41ad8d70469297599df8,4050,1139336,1125,1056,1133,https://www.youtube.com/watch?v=Z2OVPm_Mk5A,0,0,0,,1125,1056,1133,https://www.youtube.com/watch?v=Z2OVPm_Mk5A,0,0,0,0,
780f8a72bb1543a79feb5730b42130c6,4050,292941,689,278,774,https://www.youtube.com/watch?v=QU46JTR4noI,689,278,774,https://www.youtube.com/watch?v=QU46JTR4noI,0,0,0,,0,0,0,0,
6bf5f37da9e74d539963689b6b0256a5,4030,539674,1077,652,1346,https://www.youtube.com/watch?v=b2oruhCP1sA,997,581,1281,https://www.youtube.com/watch?v=up0k6RJHVds,1346,1273,1346,https://www.youtube.com/watch?v=b2oruhCP1sA,0,0,0,0,
c371d4c7f516451bac8ae3a9a13dc7f2,4020,135121,231,114,509,https://www.youtube.com/watch?v=cWHM7dZ6MkI,231,114,509,https://www.youtube.com/watch?v=cWHM7dZ6MkI,0,0,0,,1638,99,66,172,https://www.twitch.tv/videos/2887987710
5cff30a1695346368e3ea7a7c7af4286,4020,467218,193,87,7671,https://www.youtube.com/watch?v=7xw6Xg9Gj1w,167,71,352,https://www.youtube.com/watch?v=vDQcR9oMzFQ,948,509,7671,https://www.youtube.com/watch?v=7xw6Xg9Gj1w,773,0,0,0,
2f80e2f83d254bbdbf48b9c8b3fca995,4010,193766,772,375,1628,https://www.youtube.com/watch?v=XwtXH8CQaMw,772,375,1628,https://www.youtube.com/watch?v=XwtXH8CQaMw,0,0,0,,0,0,0,0,
ed4666af39034d54913aba64cfea6f47,4000,422958,668,237,2616,https://www.youtube.com/watch?v=bGn5l4dw1Gs,668,237,2616,https://www.youtube.com/watch?v=bGn5l4dw1Gs,0,0,0,,1143,0,0,0,
0df008566e92461eb808c5b3ba9c7f0f,3940,139585,169,109,558,https://www.youtube.com/watch?v=BeIw27ay5lY,166,102,558,https://www.youtube.com/watch?v=BeIw27ay5lY,543,423,543,https://www.youtube.com/watch?v=uhmPD2GR2Qc,0,0,0,0,
9db6beb02e774aa7a97ba8674a5a8f9d,3930,82615,0,0,0,,0,0,0,,0,0,0,,201,0,0,0,
42e2bc7c16734352b2e18a82e48844ec,3920,593965,647,331,1706,https://www.youtube.com/watch?v=5LY6zjPDlvA,647,331,1706,https://www.youtube.com/watch?v=5LY6zjPDlvA,0,0,0,,0,0,0,0,
9881cf3008684e55aea70a2499e84163,3890,512625,276,130,936,https://www.youtube.com/watch?v=5MUf75haYtI,276,130,936,https://www.youtube.com/watch?v=5MUf75haYtI,0,0,0,,193,160,119,243,https://www.twitch.tv/videos/2884498843
a03628db891e4e8c9a54bc5161f1f2f4,3870,201662,48,40,1523,https://www.youtube.com/watch?v=eTs4sOtuCnA,0,0,0,,48,40,1523,https://www.youtube.com/watch?v=eTs4sOtuCnA,717,246,200,358,https://www.twitch.tv/videos/2885328048
7caa52181a744f68be9e3995c7adec24,3850,62721,288,191,1275,https://www.youtube.com/watch?v=V7OS4ngiShg,288,191,419,https://www.youtube.com/watch?v=rwNQDnbYpWo,826,456,1275,https://www.youtube.com/watch?v=V7OS4ngiShg,0,0,0,0,
7ddebf4d8f6d4c63a4fc7268d8113c10,3850,517342,1138,482,1509,https://www.youtube.com/watch?v=bqkBQ4SKv2w,0,0,0,,1138,482,1509,https://www.youtube.com/watch?v=bqkBQ4SKv2w,7115,1896,679,4300,https://www.twitch.tv/videos/2891502068
3727892a417b429aa063c7300e132966,3830,229793,1759,1376,1759,https://www.youtube.com/watch?v=r-rZRUsPi60,1759,1376,1759,https://www.youtube.com/watch?v=r-rZRUsPi60,0,0,0,,0,0,0,0,
20f361a84fb3439999c550c10fcf5642,3820,89693,0,0,0,,0,0,0,,0,0,0,,1660,0,0,0,
edbd401267284e8886c1fd27d08283d4,3800,71730,0,0,0,,0,0,0,,0,0,0,,1023,0,0,0,
3a4fe2f4720747ceabc87b3327ab2b17,3790,106699,506,334,741,https://www.youtube.com/watch?v=Do_WaG1ymdY,271,90,271,https://www.youtube.com/watch?v=bvUsNbFXKVk,741,577,741,https://www.youtube.com/watch?v=Do_WaG1ymdY,0,0,0,0,
f94ba8ea1a5441c4852d53e8f528ee20,3790,306141,1194,547,4455,https://www.youtube.com/watch?v=ZUeDsgVO16M,1213,667,4455,https://www.youtube.com/watch?v=ZUeDsgVO16M,1190,459,2186,https://www.youtube.com/watch?v=yIM6osfit84,582,0,0,0,
907d39ec8a394cdcb645bd4b2e6351e7,3790,109862,366,178,366,https://www.youtube.com/watch?v=OdzXjshE8JU,366,178,366,https://www.youtube.com/watch?v=OdzXjshE8JU,0,0,0,,0,0,0,0,
db4fd03c50654057bd32b9201666b345,3780,191897,0,0,0,,0,0,0,,0,0,0,,2281,0,0,0,
644ed2200e8a446bae2920103d1015e3,3770,153588,178,82,983,https://www.youtube.com/watch?v=ozx1ZkcX2ig,178,67,983,https://www.youtube.com/watch?v=ozx1ZkcX2ig,152,96,185,https://www.youtube.com/watch?v=S31jXaSjylY,0,0,0,0,
286c24a67720434bbb4290d49fb42a54,3760,221329,221,89,1180,https://www.youtube.com/watch?v=0QNhnfqwoPA,180,86,288,https://www.youtube.com/watch?v=gwA_Luy-q1I,1180,329,1180,https://www.youtube.com/watch?v=0QNhnfqwoPA,0,0,0,0,
dadb89bee9044261848ad444625d94f7,3750,43961,0,0,0,,0,0,0,,0,0,0,,0,0,0,0,
8b69d6c508194b93b14fc056038160ab,3750,94934,444,227,1396,https://www.youtube.com/watch?v=iM7rsqP6a-8,458,232,1396,https://www.youtube.com/watch?v=iM7rsqP6a-8,129,77,129,https://www.youtube.com/watch?v=DCSTk-6JZiA,1950,0,0,0,
c01af5d5f9b74ac29b51dcae0dc55a2d,3740,306581,1943,420,2957,https://www.youtube.com/watch?v=gGnKTN7GpEM,0,0,0,,1943,420,2957,https://www.youtube.com/watch?v=gGnKTN7GpEM,0,0,0,0,
342b158ba02d4103a1407d62fe786f5e,3740,181571,0,0,0,,0,0,0,,0,0,0,,1617,0,0,0,
601b56797a3246f49cead93e9e190a49,3720,150089,0,0,0,,0,0,0,,0,0,0,,0,0,0,0,
b1c9458ca89b44bab0f09883ef40c45c,3720,141950,523,221,866,https://www.youtube.com/watch?v=t1b6o4dRdYY,523,221,866,https://www.youtube.com/watch?v=t1b6o4dRdYY,0,0,0,,0,0,0,0,
a246e7561e5f40799a48eeca69951b7b,3700,188940,207,105,317,https://www.youtube.com/watch?v=gS_NgpSipug,207,105,317,https://www.youtube.com/watch?v=gS_NgpSipug,0,0,0,,130,0,0,0,
e76a030f33bc48a58257b261f95ee3af,3700,156083,405,100,713,https://www.youtube.com/watch?v=hvpOyv_6EjU,427,111,713,https://www.youtube.com/watch?v=hvpOyv_6EjU,69,67,69,https://www.youtube.com/watch?v=pRy2F6cc4uY,0,0,0,0,
f3085e3337f34b178380b52e3ca429af,3690,213296,1394,455,4456,https://www.youtube.com/watch?v=OAR4cz-5oLQ,1394,455,4456,https://www.youtube.com/watch?v=OAR4cz-5oLQ,0,0,0,,1049,0,0,0,
5f9767b104b54292bf6dd29863c0c6b1,3690,392800,513,220,1416,https://www.youtube.com/watch?v=43uCESZS5IE,250,71,377,https://www.youtube.com/watch?v=aPrdO9AyMlY,1075,514,1416,https://www.youtube.com/watch?v=43uCESZS5IE,0,0,0,0,
101cdaf175c643c888d0d33bdab5da15,3680,208003,882,351,2072,https://www.youtube.com/watch?v=roiad0RIpUE,741,322,1992,https://www.youtube.com/watch?v=unQvcUkZxjw,1803,573,2072,https://www.youtube.com/watch?v=roiad0RIpUE,408,131,97,180,https://www.twitch.tv/videos/2880027015
430b173ad3134b729f78b96cdbed3585,3680,204560,1045,852,1282,https://www.youtube.com/watch?v=pCKnc9s393o,1282,940,1282,https://www.youtube.com/watch?v=pCKnc9s393o,809,764,809,https://www.youtube.com/watch?v=ZLPcu2Sb69E,12160,862,390,1345,https://www.twitch.tv/videos/2888029205
a55a6a4b6453413cb8b1dc69423b67d5,3680,441409,446,270,2249,https://www.youtube.com/watch?v=decBREXWyv8,446,270,2249,https://www.youtube.com/watch?v=decBREXWyv8,0,0,0,,0,0,0,0,
d78d72ce0aac4c9d9c5c16604209ced3,3670,205273,498,266,1510,https://www.youtube.com/watch?v=2LPCuSardm0,498,266,1510,https://www.youtube.com/watch?v=2LPCuSardm0,0,0,0,,0,0,0,0,
b95eb39c5bb74de687696afbc31fb836,3660,109695,709,709,1467,https://www.youtube.com/watch?v=P6ypfLtp2gg,709,709,1467,https://www.youtube.com/watch?v=P6ypfLtp2gg,0,0,0,,575,455,143,802,https://www.twitch.tv/videos/2870111342
f5a683eeac6b4936b44d547c1e4edbc2,3660,112883,280,124,1194,https://www.youtube.com/watch?v=XvOfL3tSPI8,323,124,1194,https://www.youtube.com/watch?v=XvOfL3tSPI8,151,141,196,https://www.youtube.com/watch?v=dwZwNsXs6qY,199,37,24,44,https://www.twitch.tv/videos/2886144234
de362d2d371446d898953e74e27abd2a,3630,474015,491,230,3656,https://www.youtube.com/watch?v=DonpjtIBJwQ,451,235,887,https://www.youtube.com/watch?v=Flj0vM-0gqQ,3656,6,3656,https://www.youtube.com/watch?v=DonpjtIBJwQ,0,0,0,0,
f466201465ac40ef9f3aefc9b08a39d1,3620,336166,1693,853,4111,https://www.youtube.com/watch?v=03zo1wE5hjs,1851,977,4111,https://www.youtube.com/watch?v=03zo1wE5hjs,1221,421,1314,https://www.youtube.com/watch?v=EAOMHELT7_8,2597,1149,535,2271,https://www.twitch.tv/videos/2879844898
7e8fe40622974698a75d14d78006e009,3610,282990,1268,227,1836,https://www.youtube.com/watch?v=wr3Mk3ULrKY,1319,227,1836,https://www.youtube.com/watch?v=wr3Mk3ULrKY,910,366,1390,https://www.youtube.com/watch?v=igKXik7p2OY,2868,837,248,3563,https://www.twitch.tv/videos/2886923734
bc70de85cb744f13bffae8a81ebd6bb4,3600,93097,0,0,0,,0,0,0,,0,0,0,,0,0,0,0,
c2bbc6bca92c4825b72d635634197e2b,3600,231193,327,236,775,https://www.youtube.com/watch?v=B2h5n0CwcHg,327,236,775,https://www.youtube.com/watch?v=B2h5n0CwcHg,0,0,0,,0,0,0,0,
9ad37d3249e24861bc8cb84368883258,3590,230200,319,166,1062,https://www.youtube.com/watch?v=G-g2SGTSmmA,446,268,1062,https://www.youtube.com/watch?v=G-g2SGTSmmA,31,15,80,https://www.youtube.com/watch?v=93kJZlSTAhU,0,0,0,0,
9643c650b1804107b85de1f08010aa9d,3590,390592,812,537,6125,https://www.youtube.com/watch?v=3ivx1Tu5tyA,728,571,6125,https://www.youtube.com/watch?v=3ivx1Tu5tyA,815,517,1763,https://www.youtube.com/watch?v=AehFDGu5crA,910,293,186,521,https://www.twitch.tv/videos/2884533750
de7f8ba1753d4e4cb95e6ac99007eacc,3590,112705,556,203,932,https://www.youtube.com/watch?v=5yqVu6oZm7E,556,203,932,https://www.youtube.com/watch?v=5yqVu6oZm7E,0,0,0,,0,0,0,0,
dd0401d23f5444c69b9d10db3b22d444,3580,166615,392,160,2092,https://www.youtube.com/watch?v=05OyiJqVPM8,366,190,2092,https://www.youtube.com/watch?v=05OyiJqVPM8,552,146,1064,https://www.youtube.com/watch?v=Sw2C7PeAH48,25,0,0,0,
8961bc96eec34a99ad58505bae3f58f1,3570,163970,240,184,740,https://www.youtube.com/watch?v=74C8NAouE60,240,184,740,https://www.youtube.com/watch?v=74C8NAouE60,0,0,0,,0,0,0,0,
8c25e14dcc3a4f71895d58924c69dc0a,3570,200922,1635,459,1868,https://www.youtube.com/watch?v=m_ZM5PwN15E,1823,751,1868,https://www.youtube.com/watch?v=m_ZM5PwN15E,1225,166,1225,https://www.youtube.com/watch?v=295qJwttmTw,0,0,0,0,
e93734c51e5141419d44dc147f1c5420,3570,57942,0,0,0,,0,0,0,,0,0,0,,0,0,0,0,
9379ed7f979440218e22b8db58dd0dd1,3570,231368,787,334,1467,https://www.youtube.com/watch?v=iM5RGY-Tq3g,787,334,1467,https://www.youtube.com/watch?v=iM5RGY-Tq3g,0,0,0,,606,0,0,0,
5da1b6db7796434f9180d2f5e210ea6c,3560,320415,225,148,1577,https://www.youtube.com/watch?v=oNLBfEKNOkA,203,111,516,https://www.youtube.com/watch?v=XzVV75kvSmg,1125,350,1577,https://www.youtube.com/watch?v=oNLBfEKNOkA,0,0,0,0,
54b0131ceb734643b23b1eefee31cca0,3550,279167,868,415,868,https://www.youtube.com/watch?v=yQ3_Tod8Jtc,0,0,0,,868,415,868,https://www.youtube.com/watch?v=yQ3_Tod8Jtc,744,0,0,0,
14b8fa0f43664c31a5d634b20f9112d9,3540,156184,297,157,461,https://www.youtube.com/watch?v=geHNoGLNyxY,298,209,461,https://www.youtube.com/watch?v=geHNoGLNyxY,156,83,156,https://www.youtube.com/watch?v=wzsqVhSwBoI,0,0,0,0,
f45249f9d8094f9d85f6d02aec4af029,3540,781212,380,123,1323,https://www.youtube.com/watch?v=QRSrlyle-uU,380,123,1323,https://www.youtube.com/watch?v=QRSrlyle-uU,250,71,466,https://www.youtube.com/watch?v=_CrupfC_AY8,0,0,0,0,
4c34c44a98974b709f7dbc7618847fd6,3540,311656,1042,270,1271,https://www.youtube.com/watch?v=nbp67eqTTLY,0,0,0,,1042,270,1271,https://www.youtube.com/watch?v=nbp67eqTTLY,11557,833,320,1298,https://www.twitch.tv/videos/2890669509
edf9e466820347828b0d2d10e5e9bb72,3540,236306,124,74,468,https://www.youtube.com/watch?v=rojpUYRK3ps,124,73,468,https://www.youtube.com/watch?v=rojpUYRK3ps,133,76,133,https://www.youtube.com/watch?v=0KptdNfCfnY,498,0,0,0,
01ba034aab854ec680fe6f1ddc7008e2,3530,177262,218,121,406,https://www.youtube.com/watch?v=BDpauVA514o,218,121,406,https://www.youtube.com/watch?v=BDpauVA514o,0,0,0,,0,0,0,0,
3430201d0e1f4672a58faf16ee0f2761,3510,126996,489,266,1387,https://www.youtube.com/watch?v=r0Z7M82rokg,474,233,1387,https://www.youtube.com/watch?v=r0Z7M82rokg,783,300,783,https://www.youtube.com/watch?v=jBulyqSDChI,1383,0,0,0,
67ba07d1ace445328c13bfb9d612d564,3500,157972,384,202,1472,https://www.youtube.com/watch?v=fP6M8URGl88,384,203,706,https://www.youtube.com/watch?v=ektP1u91Jns,466,104,1472,https://www.youtube.com/watch?v=fP6M8URGl88,0,0,0,0,
041976bda8b8410a99af25fc4cb87970,3490,124494,0,0,0,,0,0,0,,0,0,0,,134,0,0,0,
7bf1f37dccbe4c72860c81a2772b91e1,3480,1639968,203,105,471,https://www.youtube.com/watch?v=xg8oeftLNaE,211,108,471,https://www.youtube.com/watch?v=xg8oeftLNaE,30,27,30,https://www.youtube.com/watch?v=jQOUGNfmnRI,79,0,0,0,
07b9e0f7118446be96cc2d12f5d8ad02,3480,133163,0,0,0,,0,0,0,,0,0,0,,12096,0,0,0,
4d347ba9ca0c41c59cda553ebe4af5b1,3470,145695,192,77,303,https://www.youtube.com/watch?v=e6XNtTR4Ad8,192,77,303,https://www.youtube.com/watch?v=e6XNtTR4Ad8,0,0,0,,1236,0,0,0,
886f64b4a0504b9fbe5e4687b92f6584,3470,264414,349,216,1510,https://www.youtube.com/watch?v=AsD_Pmu6PAU,525,229,1510,https://www.youtube.com/watch?v=AsD_Pmu6PAU,107,32,307,https://www.youtube.com/watch?v=Ho75wip-_aw,189,9,8,31,https://www.twitch.tv/videos/2887814191
c15d8ca6249341d88086f2a9a2359812,3460,647099,1833,1118,14820,https://www.youtube.com/watch?v=ZTYEBlyLy1M,2101,879,7707,https://www.youtube.com/watch?v=aAIa9KjKzPs,1801,1128,14820,https://www.youtube.com/watch?v=ZTYEBlyLy1M,0,0,0,0,
853be9569c0e446eaa5c5059642ea63b,3460,271040,1115,394,5587,https://www.youtube.com/watch?v=9g7GyD9YdRw,1310,628,5587,https://www.youtube.com/watch?v=9g7GyD9YdRw,330,158,793,https://www.youtube.com/watch?v=WlMwua99B00,402,495,183,1085,https://www.twitch.tv/videos/2888160367
e810dcd23c334fd184d254718517764e,3450,219652,86,27,436,https://www.youtube.com/watch?v=RYT0C-J-3_g,86,27,436,https://www.youtube.com/watch?v=RYT0C-J-3_g,0,0,0,,0,0,0,0,
cd98545ddec34fb2982ce2476c011db8,3440,94431,2906,1342,3567,https://www.youtube.com/watch?v=tfV4ahjJgaQ,2288,1095,3567,https://www.youtube.com/watch?v=tfV4ahjJgaQ,2906,1459,3043,https://www.youtube.com/watch?v=v0uhxQcVhjo,0,0,0,0,
63f727e673b9460abd6f7079bcbb1865,3420,264790,524,316,1862,https://www.youtube.com/watch?v=aA61Xc-kSlY,714,321,1862,https://www.youtube.com/watch?v=aA61Xc-kSlY,379,230,923,https://www.youtube.com/watch?v=C1UeKBLHbqY,0,0,0,0,
4d01ec47d0804a47a9fef6d9d01d9c29,3410,89513,0,0,0,,0,0,0,,0,0,0,,2162,0,0,0,
7748d3ab76f34e06abb9d116bb432de2,3400,63765,0,0,0,,0,0,0,,0,0,0,,1635,0,0,0,
46145dc9eaab4a84898468905a4759b0,3400,81368,140,15,140,https://www.youtube.com/watch?v=xbJdw05kCQI,0,0,0,,140,15,140,https://www.youtube.com/watch?v=xbJdw05kCQI,0,0,0,0,
4e5f0c7c5f1f49c2b1d249b10225cabb,3390,398209,0,0,0,,0,0,0,,0,0,0,,43443,3615,1211,5726,https://www.twitch.tv/videos/2867667174
8125f51f9526408790a77c1c7b4a053b,3390,105539,0,0,0,,0,0,0,,0,0,0,,3926,0,0,0,
c7a3d726bb4243cabb70dfd1e9545cd0,3380,166417,222,90,423,https://www.youtube.com/watch?v=SiWkXFD18oE,222,90,423,https://www.youtube.com/watch?v=SiWkXFD18oE,0,0,0,,0,0,0,0,
0f9d996c066a406dbe04161776c17461,3370,196462,250,105,834,https://www.youtube.com/watch?v=Wgl6mgslQWg,245,95,532,https://www.youtube.com/watch?v=kZzb5kZMm4Q,834,817,834,https://www.youtube.com/watch?v=Wgl6mgslQWg,0,0,0,0,
2ceecb98e47845eab5e3d8d33bd53895,3370,108686,304,65,349,https://www.youtube.com/watch?v=wMmYlOB1dd4,304,65,349,https://www.youtube.com/watch?v=wMmYlOB1dd4,0,0,0,,0,0,0,0,
70a7428607b845fc959fb7d4859d018b,3360,352798,0,0,0,,0,0,0,,0,0,0,,18488,0,0,0,
d2f9e9b19102408bbef636a6458934e6,3350,612526,2506,1691,9479,https://www.youtube.com/watch?v=l0vkb1n8nrU,2506,1691,9479,https://www.youtube.com/watch?v=l0vkb1n8nrU,0,0,0,,200,0,0,0,
9f7bf6b3d935460e83896a0fe28012e9,3350,172846,664,417,1982,https://www.youtube.com/watch?v=R04p3BrOPbs,259,105,960,https://www.youtube.com/watch?v=JzQvya1CVCQ,1082,525,1982,https://www.youtube.com/watch?v=R04p3BrOPbs,1940,281,93,469,https://www.twitch.tv/videos/2888733427
1756e5a7f5a04ff6a7b5f482201b5cfc,3340,79111,0,0,0,,0,0,0,,0,0,0,,24889,1417,652,1781,https://www.twitch.tv/videos/2874497293
0e8150c7419f4c1d94d8ccfb41a04280,3330,329825,0,0,0,,0,0,0,,0,0,0,,0,0,0,0,
b1bfaed0ed7f4ca9ae96c017159efe77,3320,341780,192,91,739,https://www.youtube.com/watch?v=tyPjK73vXlU,192,94,739,https://www.youtube.com/watch?v=tyPjK73vXlU,79,69,79,https://www.youtube.com/watch?v=XWYiIUE44cg,191,0,0,0,
2c2bf7ce933a4f34ac25c2dfa72fe565,3320,278545,2517,888,9678,https://www.youtube.com/watch?v=2JCX4CH1D9s,2517,388,7224,https://www.youtube.com/watch?v=ckYkVpJy2M4,2479,1428,9678,https://www.youtube.com/watch?v=2JCX4CH1D9s,981,229,188,871,https://www.twitch.tv/videos/2884332888
72edc688855047cbbbe495e3f2af9fda,3310,142342,289,142,438,https://www.youtube.com/watch?v=tyCt1FcF9aE,289,142,438,https://www.youtube.com/watch?v=tyCt1FcF9aE,0,0,0,,0,0,0,0,
5bbfc7c1b6584cef8c75f2f9044387d2,3310,340985,276,157,1681,https://www.youtube.com/watch?v=W6Upu4F3Hkg,276,157,1681,https://www.youtube.com/watch?v=W6Upu4F3Hkg,0,0,0,,0,0,0,0,
8e249f04f6cb48bda24f1513a472f4d8,3300,269739,0,0,0,,0,0,0,,0,0,0,,0,0,0,0,
2f607aefde1d4264814d4e9282dd5cb0,3300,214943,458,224,4427,https://www.youtube.com/watch?v=vCjMTZ1QSJY,438,165,713,https://www.youtube.com/watch?v=j38tZLzfYiI,1082,510,4427,https://www.youtube.com/watch?v=vCjMTZ1QSJY,264,0,0,0,
d539588cfa344f67965bb1dea41b9140,3290,343881,1549,544,4569,https://www.youtube.com/watch?v=ryTleesN43g,1333,488,4569,https://www.youtube.com/watch?v=ryTleesN43g,1582,709,2365,https://www.youtube.com/watch?v=URbI27A6o60,0,0,0,0,
288f2fba52bf4d6b9e0ba66e03439837,3280,52836,0,0,0,,0,0,0,,0,0,0,,2309,114,89,114,https://www.twitch.tv/videos/2886395729
0ac7e05c8a3842e7bd1401652ce2bf4f,3260,135387,330,193,413,https://www.youtube.com/watch?v=IbzKADBPVFE,330,193,413,https://www.youtube.com/watch?v=IbzKADBPVFE,0,0,0,,0,0,0,0,
b4d14d75b48847b5adb8be6906dfec30,3260,215096,2035,1066,3575,https://www.youtube.com/watch?v=CLNKpI5hdQk,2131,1116,3575,https://www.youtube.com/watch?v=CLNKpI5hdQk,294,52,294,https://www.youtube.com/watch?v=M5SKhsyF4sk,580,0,0,0,
d6666443c70f478eb3008d28a33e0f61,3240,263986,944,422,7739,https://www.youtube.com/watch?v=G5wcM50jH-c,680,473,7739,https://www.youtube.com/watch?v=G5wcM50jH-c,1229,293,2480,https://www.youtube.com/watch?v=CaV_7kSgld4,0,0,0,0,
06e9953eb191486d979e6b92b6601d9a,3230,1491162,7,3,3409,https://www.youtube.com/watch?v=_EWsNM76WDE,0,0,0,,7,3,3409,https://www.youtube.com/watch?v=_EWsNM76WDE,2233,0,0,0,
cb5ff5f1898a45b1bc27a32057a1fa91,3230,72229,0,0,0,,0,0,0,,0,0,0,,2224,0,0,0,
30f59fd702d5417c9225bc729bf7ec32,3230,271935,0,0,0,,0,0,0,,0,0,0,,0,0,0,0,
85ec3eac9fef49dcb3aeee87520a5b85,3220,157755,531,271,1222,https://www.youtube.com/watch?v=mktoItfwLTQ,560,217,1023,https://www.youtube.com/watch?v=ITVZl1M7P0M,451,292,1222,https://www.youtube.com/watch?v=mktoItfwLTQ,0,0,0,0,
b3f711673fea4ec5b6f87c023353594d,3220,235207,251,167,918,https://www.youtube.com/watch?v=MdF_9whKDzA,183,97,852,https://www.youtube.com/watch?v=OeHYT1hWm8Y,742,595,918,https://www.youtube.com/watch?v=MdF_9whKDzA,0,0,0,0,
1140618a96154395909d53257bffe0e6,3210,154556,521,21,693,https://www.youtube.com/watch?v=QrHFc0w1j74,521,21,693,https://www.youtube.com/watch?v=QrHFc0w1j74,0,0,0,,269,0,0,0,
38391974f5af4fbbb6224e3d6f2f7fb3,3200,199007,137,125,242,https://www.youtube.com/watch?v=aVDSFNnj_YA,137,125,242,https://www.youtube.com/watch?v=aVDSFNnj_YA,0,0,0,,6398,404,349,662,https://www.twitch.tv/videos/2883488360
eb159df5d55b4730ab2955c5e2638e3f,3200,109665,224,144,525,https://www.youtube.com/watch?v=cPPME_VOfT4,206,141,525,https://www.youtube.com/watch?v=cPPME_VOfT4,295,148,295,https://www.youtube.com/watch?v=jXfmyvN-Od8,0,0,0,0,
aa9fa329d639488dbb860b8f8b3235f8,3200,200211,1477,539,1847,https://www.youtube.com/watch?v=I_-NELPZkRE,1477,539,1847,https://www.youtube.com/watch?v=I_-NELPZkRE,0,0,0,,5406,849,249,1301,https://www.twitch.tv/videos/2888133481
da189f9d282e4c31a4a8024d11fe368d,3200,155459,332,124,461,https://www.youtube.com/watch?v=oOjDhJTnqVA,332,124,461,https://www.youtube.com/watch?v=oOjDhJTnqVA,0,0,0,,0,0,0,0,
bcbf00e1e98b4d5e8af20f29adbb0645,3180,210639,172,83,312,https://www.youtube.com/watch?v=0z55YSMHbEI,172,83,312,https://www.youtube.com/watch?v=0z55YSMHbEI,0,0,0,,0,0,0,0,
96be1e561acd4a75817c6424d9d4f9f0,3180,139020,0,0,0,,0,0,0,,0,0,0,,4130,380,307,380,https://www.twitch.tv/videos/2887074182
1fdc000815cc476dbc9d19aa431305b5,3180,97675,382,114,1200,https://www.youtube.com/watch?v=Pnfu8nvAL88,406,116,1185,https://www.youtube.com/watch?v=zu8HWZp0_f8,217,111,1200,https://www.youtube.com/watch?v=Pnfu8nvAL88,0,0,0,0,
1551bebc6c26453e9893f342c68002bd,3180,108415,843,447,3938,https://www.youtube.com/watch?v=EAmk6gRTmgE,843,447,3938,https://www.youtube.com/watch?v=EAmk6gRTmgE,0,0,0,,399,375,342,375,https://www.twitch.tv/videos/2889752807
8282a91b3aae44d3a075d08507665f4e,3170,63780,145,113,145,https://www.youtube.com/watch?v=OQdqbtuvzbo,145,113,145,https://www.youtube.com/watch?v=OQdqbtuvzbo,0,0,0,,0,0,0,0,
dba1db65ba874e18a33d8465d52d8f2e,3160,113788,0,0,0,,0,0,0,,0,0,0,,0,0,0,0,
44f1d1ad14034bd3949ad6f84624f0e4,3150,289594,597,356,2569,https://www.youtube.com/watch?v=PAEmnrzYG2k,537,355,2234,https://www.youtube.com/watch?v=cpD_oPr6Jac,658,358,2569,https://www.youtube.com/watch?v=PAEmnrzYG2k,3026,1489,1064,2583,https://www.twitch.tv/videos/2886103947
bddcd7d262a2434f9b6d77150fbbc72c,3150,44309,0,0,0,,0,0,0,,0,0,0,,0,0,0,0,
3d23ff5303d54cc58e5a69aa53b1db50,3150,447672,768,469,1649,https://www.youtube.com/watch?v=jtCafzRksxM,768,469,1649,https://www.youtube.com/watch?v=jtCafzRksxM,0,0,0,,0,0,0,0,
7c6d1a181c90471887696ff9637aed03,3140,146521,848,830,848,https://www.youtube.com/watch?v=IgRRgJEy8SA,848,830,848,https://www.youtube.com/watch?v=IgRRgJEy8SA,0,0,0,,0,0,0,0,
63f45366143549d8a2d26406445e0077,3140,153215,0,0,0,,0,0,0,,0,0,0,,0,0,0,0,
73675987096b486287784fc466b881be,3140,58653,0,0,0,,0,0,0,,0,0,0,,0,0,0,0,
89036aadc62d496aa73c0a0076d67f41,3110,116379,190,108,1427,https://www.youtube.com/watch?v=iEIBONOxuSQ,190,108,1427,https://www.youtube.com/watch?v=iEIBONOxuSQ,0,0,0,,3129,295,160,361,https://www.twitch.tv/videos/2882681330
8a86c4d0f4ce462a92c6bf09c027e432,3110,2901022,305,57,305,https://www.youtube.com/watch?v=XAipMB6xyck,0,0,0,,305,57,305,https://www.youtube.com/watch?v=XAipMB6xyck,160,0,0,0,
73a96bba42b444df98487ed22f97c240,3090,416883,347,123,16521,https://www.youtube.com/watch?v=nj58DUopr64,347,210,876,https://www.youtube.com/watch?v=tlnIOwJFhMA,2262,49,16521,https://www.youtube.com/watch?v=nj58DUopr64,956,83,51,168,https://www.twitch.tv/videos/2885451461
9af612c3f872434cad1ba2e5dcbfaec8,3070,1129740,237,96,607,https://www.youtube.com/watch?v=cgXK4ItSPu0,245,105,607,https://www.youtube.com/watch?v=cgXK4ItSPu0,23,6,23,https://www.youtube.com/watch?v=3aM5ekl0qlU,0,0,0,0,
0b0f8cd64c904508910707412b2c307f,3070,131503,755,330,2610,https://www.youtube.com/watch?v=k1viFsCzYpU,755,330,2610,https://www.youtube.com/watch?v=k1viFsCzYpU,0,0,0,,0,0,0,0,
e4bea3dcc8934426a57516d4d6b373f4,3070,167806,1289,231,1289,https://www.youtube.com/watch?v=k_RNaBQZFn4,0,0,0,,1289,231,1289,https://www.youtube.com/watch?v=k_RNaBQZFn4,7033,1363,509,2307,https://www.twitch.tv/videos/2868475239
accb26f2db2746e898b68ab07dd3c5bc,3070,234674,685,290,2345,https://www.youtube.com/watch?v=nxLKl5Q6Lec,685,290,2345,https://www.youtube.com/watch?v=nxLKl5Q6Lec,0,0,0,,1006,95,66,152,https://www.twitch.tv/videos/2887043816
32a08f858ffb4d6aba0624647cf8cf2d,3070,155874,653,264,1374,https://www.youtube.com/watch?v=0VkrpP9YgTM,560,263,1103,https://www.youtube.com/watch?v=knFYjjEpCjk,1222,264,1374,https://www.youtube.com/watch?v=0VkrpP9YgTM,0,0,0,0,
ea62d2e6bc854e7a81b01a2362be310f,3060,201564,0,0,0,,0,0,0,,0,0,0,,334,0,0,0,
356186a5552f499baab4ac520b7d4235,3060,140938,829,324,1644,https://www.youtube.com/watch?v=EDkSaaNzJyE,635,324,1598,https://www.youtube.com/watch?v=aKxkpAX-EeQ,1267,748,1644,https://www.youtube.com/watch?v=EDkSaaNzJyE,0,0,0,0,
c28d59f83d9345de91d208cf7732bac5,3060,91471,218,164,218,https://www.youtube.com/watch?v=eg6J51XCrFs,218,164,218,https://www.youtube.com/watch?v=eg6J51XCrFs,0,0,0,,0,0,0,0,
8a56c920e9da4acb800d38c625391680,3020,270675,260,105,6728,https://www.youtube.com/watch?v=Qyv5dYkVeh4,80,71,260,https://www.youtube.com/watch?v=cyzX34goGb8,446,140,6728,https://www.youtube.com/watch?v=Qyv5dYkVeh4,0,0,0,0,
1c8887da9e96471ca28b97d80e390698,3020,248791,256,113,3193,https://www.youtube.com/watch?v=SdF9m3y1XwE,230,95,691,https://www.youtube.com/watch?v=KLzDHylz548,567,346,3193,https://www.youtube.com/watch?v=SdF9m3y1XwE,0,0,0,0,
67b37e4e1f2f49d88a047d650b70be91,3010,83802,384,63,686,https://www.youtube.com/watch?v=5gawXcL5lt4,384,63,686,https://www.youtube.com/watch?v=5gawXcL5lt4,0,0,0,,1109,144,89,572,https://www.twitch.tv/videos/2887666689
1901cef25e9940e7b3da42d3c189cada,2990,67113,0,0,0,,0,0,0,,0,0,0,,0,0,0,0,
fd81a8861669442ca49c50bc4cfd4b5e,2960,192835,248,159,626,https://www.youtube.com/watch?v=Ug34Ox22aYo,248,159,626,https://www.youtube.com/watch?v=Ug34Ox22aYo,0,0,0,,0,0,0,0,
9c64ee54cc094bf7931398eaf0c072d6,2950,197602,887,814,887,https://www.youtube.com/watch?v=WtWIzMQHCYQ,887,814,887,https://www.youtube.com/watch?v=WtWIzMQHCYQ,0,0,0,,2313,312,296,385,https://www.twitch.tv/videos/2890763909
fc90561b03104438b6e8f657a28574ce,2930,139710,2085,246,2085,https://www.youtube.com/watch?v=5GyeNeQm_Fo,2085,246,2085,https://www.youtube.com/watch?v=5GyeNeQm_Fo,0,0,0,,0,0,0,0,
4e48e10b3c2f439c934b1db25679b972,2920,330514,923,557,1037,https://www.youtube.com/watch?v=5ql103d15OE,923,557,1037,https://www.youtube.com/watch?v=5ql103d15OE,0,0,0,,0,0,0,0,
99d1a2e0c8c047d2ad998e02d4dd9621,2920,104178,0,0,0,,0,0,0,,0,0,0,,0,0,0,0,
add8ccfa282a4524ae5b5d8435279bf7,2920,139471,751,391,2407,https://www.youtube.com/watch?v=yeKHRoe9t2I,716,366,1378,https://www.youtube.com/watch?v=gbANbsk39yo,1575,614,2407,https://www.youtube.com/watch?v=yeKHRoe9t2I,0,0,0,0,
b256a399ae7a49e18208455d29c2eb12,2920,470631,293,113,893,https://www.youtube.com/watch?v=GOQUlIdZ-JM,293,97,893,https://www.youtube.com/watch?v=GOQUlIdZ-JM,535,134,867,https://www.youtube.com/watch?v=Z_eW4w_YBvs,1309,67,43,101,https://www.twitch.tv/videos/2888057182
451ce18d28ff493e8238df85858dfb02,2910,264398,0,0,0,,0,0,0,,0,0,0,,2160,267,185,295,https://www.twitch.tv/videos/2887119573
4bbc9414c3184dfa9aeab5fcdfd87089,2910,4964,0,0,0,,0,0,0,,0,0,0,,0,0,0,0,
96ff628d2280470b833174c32200a749,2910,87633,501,306,1052,https://www.youtube.com/watch?v=tq4Qvf3yEyc,510,315,1052,https://www.youtube.com/watch?v=tq4Qvf3yEyc,324,156,324,https://www.youtube.com/watch?v=lGe122YK9uI,0,0,0,0,
bbd618a3874d4ae2ba5af36a23bc1914,2910,77579,459,396,459,https://www.youtube.com/watch?v=zdPFV5pDlNw,0,0,0,,459,396,459,https://www.youtube.com/watch?v=zdPFV5pDlNw,14094,896,560,3068,https://www.twitch.tv/videos/2889603079
2463286fd3154219afa631c73d178147,2900,372419,321,143,797,https://www.youtube.com/watch?v=VxKCRmNISCk,331,152,797,https://www.youtube.com/watch?v=VxKCRmNISCk,203,105,203,https://www.youtube.com/watch?v=u_43riCE9es,0,0,0,0,
7da08de1840847b99c6fe9a44a1ca0ac,2900,72904,0,0,0,,0,0,0,,0,0,0,,0,0,0,0,
6443d56896a848dd820e339b5f81e292,2890,94548,0,0,0,,0,0,0,,0,0,0,,4551,361,228,640,https://www.twitch.tv/videos/2883582440
6cc5ac707eed4f9e9b5bc7b2f970fe1b,2870,172637,1026,449,3909,https://www.youtube.com/watch?v=iKRtAOYaclk,421,261,1348,https://www.youtube.com/watch?v=_KwS4DGT8oM,2077,1269,3909,https://www.youtube.com/watch?v=iKRtAOYaclk,0,0,0,0,
4f917f1ccdd74d34a3746c379282b6fe,2870,256407,0,0,0,,0,0,0,,0,0,0,,2089,0,0,0,
15b52ca3f3b5410cb2bb305d2bb737c4,2860,222816,0,0,0,,0,0,0,,0,0,0,,1255,99,62,152,https://www.twitch.tv/videos/2889764011
fe5e2d95569c47f29e863a8212ed7c60,2860,87042,0,0,0,,0,0,0,,0,0,0,,4935,869,615,1047,https://www.twitch.tv/videos/2872257506
6417469030e943748dfdba4ee26a08e4,2860,0,0,0,0,,0,0,0,,0,0,0,,1071,0,0,0,
b606cde735d84b45ab96489d7a9997dd,2860,208939,151,90,437,https://www.youtube.com/watch?v=-3G4E4h9tyQ,186,94,437,https://www.youtube.com/watch?v=-3G4E4h9tyQ,11,5,11,https://www.youtube.com/watch?v=2nVsVq26f1U,249,0,0,0,
677ae7ec361d4d3c9981bca8fbb974c8,2860,84892,0,0,0,,0,0,0,,0,0,0,,384,0,0,0,
247eca886f5c43188a3d6d3945e40636,2850,160318,274,126,1357,https://www.youtube.com/watch?v=RdjH4iXuxuI,274,126,1357,https://www.youtube.com/watch?v=RdjH4iXuxuI,0,0,0,,0,0,0,0,
118c05e7f751446abee5fc827fda0215,2850,842984,144,91,508,https://www.youtube.com/watch?v=Wt2HT5G4zaY,144,91,508,https://www.youtube.com/watch?v=Wt2HT5G4zaY,0,0,0,,0,0,0,0,
275aaf8046a144198dee96d20bce8b1a,2850,28925,269,148,269,https://www.youtube.com/watch?v=x34KRa0wE7I,269,148,269,https://www.youtube.com/watch?v=x34KRa0wE7I,0,0,0,,0,0,0,0,
a47db6b367364da1a4f43829f665e99a,2850,120355,695,216,1325,https://www.youtube.com/watch?v=J4RVCmhWyBs,608,206,1135,https://www.youtube.com/watch?v=dDZ18XFqvIM,1325,416,1325,https://www.youtube.com/watch?v=J4RVCmhWyBs,0,0,0,0,
11dd1f817a6b4c80a066aedd8e0fa419,2840,88482,0,0,0,,0,0,0,,0,0,0,,0,0,0,0,
62f37fa0a2f44083945f03db36e50dff,2840,59820,538,208,644,https://www.youtube.com/watch?v=v2Ah258_cvk,538,208,644,https://www.youtube.com/watch?v=v2Ah258_cvk,0,0,0,,0,0,0,0,
40aa59fe29c64def89ab5fdce90b89ae,2840,786235,24,24,99,https://www.youtube.com/watch?v=SUfas9votfQ,24,24,99,https://www.youtube.com/watch?v=SUfas9votfQ,0,0,0,,0,0,0,0,
76165d25983b463eaa1da66c86a32b7c,2840,40256,0,0,0,,0,0,0,,0,0,0,,780,90,56,180,https://www.twitch.tv/videos/2885048989
b79ac08a857c4553921c04c3b14b89ea,2830,202630,105,58,221,https://www.youtube.com/watch?v=vscXpxYWowE,0,0,0,,105,58,221,https://www.youtube.com/watch?v=vscXpxYWowE,500,0,0,0,
2c6d5a00eabf47e2affcc8fa6ec64f9c,2830,209609,93,45,1494,https://www.youtube.com/watch?v=5YVzGmAL8o4,89,45,186,https://www.youtube.com/watch?v=gUevT2ZCddM,319,93,1494,https://www.youtube.com/watch?v=5YVzGmAL8o4,146,17,13,17,https://www.twitch.tv/videos/2886218357
bac6a676ace94e759d9faaaed94ce1b1,2810,148995,696,240,1699,https://www.youtube.com/watch?v=CwstNVEHXS8,681,215,1699,https://www.youtube.com/watch?v=CwstNVEHXS8,712,268,712,https://www.youtube.com/watch?v=OJ6PG5B-b6E,0,0,0,0,
d55860f26114410c97af27ba1269e3ed,2810,155496,316,136,476,https://www.youtube.com/watch?v=ItY83x4DNiU,316,136,476,https://www.youtube.com/watch?v=ItY83x4DNiU,0,0,0,,1607,99,75,253,https://www.twitch.tv/videos/2889720009
b115a7f57f664800a9f71a25eaf73b92,2810,89890,136,79,292,https://www.youtube.com/watch?v=3Bdeazt1rNg,136,79,292,https://www.youtube.com/watch?v=3Bdeazt1rNg,0,0,0,,0,0,0,0,
cd4c94db2aed435794cc7e55999016e7,2800,122962,76,26,167,https://www.youtube.com/watch?v=qww9E1Y_S0c,76,26,167,https://www.youtube.com/watch?v=qww9E1Y_S0c,0,0,0,,353,40,23,52,https://www.twitch.tv/videos/2881858096
2875db54b5d74d01b301d63d36dd6fbf,2800,68283,352,115,495,https://www.youtube.com/watch?v=e3XC0aBwm6Y,352,115,495,https://www.youtube.com/watch?v=e3XC0aBwm6Y,0,0,0,,0,0,0,0,
8402646577b24bd5918bda8690e790b4,2800,356539,0,0,0,,0,0,0,,0,0,0,,1880,794,536,887,https://www.twitch.tv/videos/2880067896
70f1d3ae590e4f2184f695fd2140010c,2800,713987,0,0,0,,0,0,0,,0,0,0,,0,0,0,0,
cec266a3203a4d1599494b42f35b4012,2790,11520,173,42,230,https://www.youtube.com/watch?v=_k8hJ8DdPD4,230,1,230,https://www.youtube.com/watch?v=_k8hJ8DdPD4,117,83,117,https://www.youtube.com/watch?v=BImoJz4YE3U,542,23,18,45,https://www.twitch.tv/videos/2890717595
339b4a73ce92470c97b1626405d5eb5b,2780,91139,246,169,282,https://www.youtube.com/watch?v=3C0m6Pot19k,0,0,0,,246,169,282,https://www.youtube.com/watch?v=3C0m6Pot19k,423,0,0,0,
1225d23bc1814140bc0093c1407f06b3,2770,224299,375,129,2388,https://www.youtube.com/watch?v=PwjMuB7KgK4,330,112,1215,https://www.youtube.com/watch?v=stOkGTP2qqs,1392,362,2388,https://www.youtube.com/watch?v=PwjMuB7KgK4,112,49,42,54,https://www.twitch.tv/videos/2886065488
d210d8dfc0ec4a97907b9cebb5413ae3,2770,126969,0,0,0,,0,0,0,,0,0,0,,0,0,0,0,
4dd71b1079284bdb8ba90198317e524d,2760,191548,545,353,914,https://www.youtube.com/watch?v=5yZ4-DdekCo,570,365,914,https://www.youtube.com/watch?v=5yZ4-DdekCo,133,130,133,https://www.youtube.com/watch?v=H9O_7pSf808,0,0,0,0,
bee9506c5d714205bfc69573280852c2,2750,230496,316,204,10453,https://www.youtube.com/watch?v=TPWt9pjKQBs,254,125,642,https://www.youtube.com/watch?v=u-sMN3DC56E,1453,723,10453,https://www.youtube.com/watch?v=TPWt9pjKQBs,2283,242,185,380,https://www.twitch.tv/videos/2884431789
1c304e8690e2400d9482f1173f59ad70,2750,133710,327,167,1707,https://www.youtube.com/watch?v=M7HhkH94_JI,327,167,1707,https://www.youtube.com/watch?v=M7HhkH94_JI,742,327,1279,https://www.youtube.com/watch?v=xbk6bA-Z9BE,359,109,67,161,https://www.twitch.tv/videos/2887103441
4a64836a88024358a7401530fed8e0f8,2750,374597,193,81,768,https://www.youtube.com/watch?v=9js6Sezu6Kc,193,81,768,https://www.youtube.com/watch?v=9js6Sezu6Kc,0,0,0,,6226,430,169,679,https://www.twitch.tv/videos/2869374134
0dbf3f6f6521460782992a963122aed0,2740,311992,331,206,1303,https://www.youtube.com/watch?v=37j5ylTR8bU,331,206,806,https://www.youtube.com/watch?v=dnKC_4Yel-I,798,409,1303,https://www.youtube.com/watch?v=37j5ylTR8bU,460,136,86,149,https://www.twitch.tv/videos/2880998277
86957fa57641453e9fcb73550e58b64f,2720,92320,319,135,588,https://www.youtube.com/watch?v=ZZcijazm0X8,237,170,405,https://www.youtube.com/watch?v=8F_EgDQwt9s,366,101,588,https://www.youtube.com/watch?v=ZZcijazm0X8,537,44,22,44,https://www.twitch.tv/videos/2879505165
652d06b0251940bea32cd69dec3057e6,2720,2168,0,0,0,,0,0,0,,0,0,0,,403,0,0,0,
7b40a7a144da4408b8de712c740e60dc,2720,138601,238,177,1034,https://www.youtube.com/watch?v=pjM6zCTxv1w,0,0,0,,238,177,1034,https://www.youtube.com/watch?v=pjM6zCTxv1w,0,0,0,0,
d2b1ba87da034210bbe54bfa1c01bc41,2710,60879,0,0,0,,0,0,0,,0,0,0,,8761,255,97,278,https://www.twitch.tv/videos/2887940358
c377cbfa47984f0ba9242b1f6e3dfc75,2700,25905,0,0,0,,0,0,0,,0,0,0,,2699,0,0,0,
e9c48535f2af4f638e5a4c54ffa7862c,2700,149430,87,53,103,https://www.youtube.com/watch?v=yI_KWOmKhbk,87,53,103,https://www.youtube.com/watch?v=yI_KWOmKhbk,0,0,0,,0,0,0,0,
d95e3d9eed1a4e87a736a882a1fb9288,2680,251008,1009,555,1412,https://www.youtube.com/watch?v=i2HhsTaVHfA,1009,555,1412,https://www.youtube.com/watch?v=i2HhsTaVHfA,0,0,0,,93,0,0,0,
0a20931c68dc49c8bd08eda1486193d8,2680,68059,0,0,0,,0,0,0,,0,0,0,,1402,0,0,0,
c2f77009b4264e3fa09aa054c89bb40c,2680,92801,0,0,0,,0,0,0,,0,0,0,,127,0,0,0,
4766ec1a407f4271bca77fb81487e81a,2670,134999,647,175,1254,https://www.youtube.com/watch?v=lkW7p67iaPA,0,0,0,,647,175,1254,https://www.youtube.com/watch?v=lkW7p67iaPA,4765,363,309,454,https://www.twitch.tv/videos/2890572352
a577528125314beab91d127043218bb2,2670,129658,111,68,111,https://www.youtube.com/watch?v=RAe_CY6LSws,0,0,0,,111,68,111,https://www.youtube.com/watch?v=RAe_CY6LSws,0,0,0,0,
29574cafecff435b90d34431e2153f02,2650,327281,555,140,2391,https://www.youtube.com/watch?v=zTkGadtexZ0,173,56,1066,https://www.youtube.com/watch?v=2FGRDmB_bCQ,1455,689,2391,https://www.youtube.com/watch?v=zTkGadtexZ0,196,171,131,301,https://www.twitch.tv/videos/2886262267
5b40a93fac8646f48fca66add3d3642c,2650,231217,556,230,945,https://www.youtube.com/watch?v=ISdQcbp9d-A,556,230,945,https://www.youtube.com/watch?v=ISdQcbp9d-A,0,0,0,,0,0,0,0,
08da85c2b24747a2aaeec4fe6cf9d681,2650,80854,913,495,1980,https://www.youtube.com/watch?v=MIyk7JlMY7k,561,436,1113,https://www.youtube.com/watch?v=WcchZDxg6vM,1691,1018,1980,https://www.youtube.com/watch?v=MIyk7JlMY7k,0,0,0,0,
b9104b7fdb804facb0d8847f373a8a05,2640,127677,229,153,990,https://www.youtube.com/watch?v=sN7UHXFboH0,174,132,395,https://www.youtube.com/watch?v=kUYIT9Cmhpw,637,312,990,https://www.youtube.com/watch?v=sN7UHXFboH0,110,0,0,0,
d576c2396a004f3c8dd91baf14254898,2630,87069,115,88,208,https://www.youtube.com/watch?v=7n-IQwYL5O4,115,88,208,https://www.youtube.com/watch?v=7n-IQwYL5O4,0,0,0,,2885,97,71,166,https://www.twitch.tv/videos/2886175454
87568c720cae40a99264816eb1875347,2630,183035,195,84,1428,https://www.youtube.com/watch?v=0mcbS11LaFE,195,84,1428,https://www.youtube.com/watch?v=0mcbS11LaFE,355,256,652,https://www.youtube.com/watch?v=i5axBPh8fAg,0,0,0,0,
0bef54320f364c5a9289fceac64c5411,2630,79143,0,0,0,,0,0,0,,0,0,0,,175,9,6,12,https://www.twitch.tv/videos/2881876859
0a178f2c7b994a4ea8eb845ebd489a5a,2620,150454,142,77,414,https://www.youtube.com/watch?v=FMwsirVjpOM,142,77,414,https://www.youtube.com/watch?v=FMwsirVjpOM,0,0,0,,207,0,0,0,
f96c65701df94732853d86ffd893081e,2610,82884,0,0,0,,0,0,0,,0,0,0,,0,0,0,0,
75e0561f549f4775b90601a9d308340a,2610,70552,92,40,133,https://www.youtube.com/watch?v=svjBpRpiQBk,92,40,133,https://www.youtube.com/watch?v=svjBpRpiQBk,0,0,0,,0,0,0,0,
f4da0eee989545d2ade906b022a50e8c,2610,199189,98,5,98,https://www.youtube.com/watch?v=ZaUKfcoGhH4,98,5,98,https://www.youtube.com/watch?v=ZaUKfcoGhH4,0,0,0,,4250,558,370,839,https://www.twitch.tv/videos/2887269047
9767904fedef42febaa98e9162973356,2600,663547,1478,646,7213,https://www.youtube.com/watch?v=xXOHqmZiLEI,1579,711,7213,https://www.youtube.com/watch?v=xXOHqmZiLEI,1073,116,1073,https://www.youtube.com/watch?v=A-nKCVltFPo,0,0,0,0,
6c4992a47ccc4c3bb997d3c49ddc2ec8,2600,74713,0,0,0,,0,0,0,,0,0,0,,759,0,0,0,
407d2bd02ef04b9ea28e5189383942be,2600,125484,0,0,0,,0,0,0,,0,0,0,,791,411,363,884,https://www.twitch.tv/videos/2891414193
7a93714b53274fbaad48bef3b409d458,2590,234590,657,213,2561,https://www.youtube.com/watch?v=efbX2EVTXOw,664,346,2561,https://www.youtube.com/watch?v=efbX2EVTXOw,121,102,121,https://www.youtube.com/watch?v=XdmbEkCTVqI,0,0,0,0,
faa4994019724702a9da315a8c3641bc,2590,182486,466,272,1468,https://www.youtube.com/watch?v=ObIO1OEtKZI,438,219,843,https://www.youtube.com/watch?v=FxMkL4M3aQ4,1438,1357,1468,https://www.youtube.com/watch?v=ObIO1OEtKZI,0,0,0,0,
02168475e7ca4234b57d53f495bf3bbc,2580,156738,214,128,344,https://www.youtube.com/watch?v=tBst3herxwY,198,133,253,https://www.youtube.com/watch?v=k_qKmAHBGgA,344,96,344,https://www.youtube.com/watch?v=tBst3herxwY,0,0,0,0,
7c147c43030b44b9ae244d82c387c82a,2580,85064,232,172,637,https://www.youtube.com/watch?v=5-ZLk4YNeMs,164,150,164,https://www.youtube.com/watch?v=4iB0z0TsiYk,434,250,637,https://www.youtube.com/watch?v=5-ZLk4YNeMs,0,0,0,0,
b8c13d7702844995a0b4a66eda4d31bc,2580,95439,5,1,12,https://www.youtube.com/watch?v=kvUO2ZuGo5U,0,0,0,,5,1,12,https://www.youtube.com/watch?v=kvUO2ZuGo5U,1667,248,176,296,https://www.twitch.tv/videos/2881689075
3896e47ba9f64b7082eee3980734ab14,2570,293054,208,45,253,https://www.youtube.com/watch?v=KqdbXDvI5Xg,208,45,253,https://www.youtube.com/watch?v=KqdbXDvI5Xg,0,0,0,,0,0,0,0,
a66441bdef584fe0806c4be0fd2cf53a,2570,109993,0,0,0,,0,0,0,,0,0,0,,0,0,0,0,
60234dcffd2b42f097a78aaf121d410f,2560,62051,0,0,0,,0,0,0,,0,0,0,,217,0,0,0,
891c39f050e048aebafaafc90a1c4cbd,2550,60556,795,411,1699,https://www.youtube.com/watch?v=iT6fc9roZRs,1072,374,1699,https://www.youtube.com/watch?v=iT6fc9roZRs,518,449,518,https://www.youtube.com/watch?v=qnngzWqrGjw,0,0,0,0,
17b1d3fb1e1944dabd5e6a45f94e2f6b,2540,83666,389,155,9403,https://www.youtube.com/watch?v=MpQ8cseVKZo,360,147,1129,https://www.youtube.com/watch?v=-IaQjLkpCcM,9403,5767,9403,https://www.youtube.com/watch?v=MpQ8cseVKZo,0,0,0,0,
a5566c76de5540f4a239c4c2a39cf460,2540,75652,2780,692,2780,https://www.youtube.com/watch?v=3RkhR3_Chnk,0,0,0,,2780,692,2780,https://www.youtube.com/watch?v=3RkhR3_Chnk,0,0,0,0,
f656e3210df449889b6ad9e72acd7a72,2540,230503,921,395,3013,https://www.youtube.com/watch?v=Tuz2vnSGtF4,715,227,2170,https://www.youtube.com/watch?v=qWaXt6B-0Ew,1404,693,3013,https://www.youtube.com/watch?v=Tuz2vnSGtF4,0,0,0,0,
7653119a278b4ea59d2af5e2ba7d30e0,2530,120152,447,203,447,https://www.youtube.com/watch?v=4F3AwcWad7I,447,203,447,https://www.youtube.com/watch?v=4F3AwcWad7I,0,0,0,,0,0,0,0,
932fd42911c74016bc7da418abd29f0f,2530,78317,234,74,1214,https://www.youtube.com/watch?v=rwVbkYZz9EY,203,70,397,https://www.youtube.com/watch?v=9_s01s9hqmg,1214,619,1214,https://www.youtube.com/watch?v=rwVbkYZz9EY,91,0,0,0,
889bc532fb85455bae33baf0aa7ec003,2530,215868,331,153,500,https://www.youtube.com/watch?v=HuK12IfQ3vk,331,153,500,https://www.youtube.com/watch?v=HuK12IfQ3vk,0,0,0,,0,0,0,0,
4ed0862cff5b47bcbf4b6a30e431e0fa,2530,105430,1743,912,1979,https://www.youtube.com/watch?v=xIJWh7bzTLs,0,0,0,,1743,912,1979,https://www.youtube.com/watch?v=xIJWh7bzTLs,0,0,0,0,
75a90497bfc2480f954c276b70f7b1c3,2520,192539,0,0,0,,0,0,0,,0,0,0,,7025,0,0,0,
c8c0ab1d59fb4608ab1e460e946fa88a,2520,118420,389,268,389,https://www.youtube.com/watch?v=zCpBzLz2fIQ,389,268,389,https://www.youtube.com/watch?v=zCpBzLz2fIQ,0,0,0,,0,0,0,0,
a429c3010da544bab919814a3ea472a4,2520,86149,0,0,0,,0,0,0,,0,0,0,,2908,172,140,249,https://www.twitch.tv/videos/2884395826
07553f6f3df84c3396508456ccbe7df2,2520,100188,395,139,1268,https://www.youtube.com/watch?v=tgJYykfsZtk,383,182,408,https://www.youtube.com/watch?v=KvO4NCcVVVA,1268,95,1268,https://www.youtube.com/watch?v=tgJYykfsZtk,1049,0,0,0,
352894d7c4eb4c9f87e248eae450183a,2520,313782,137,32,1098,https://www.youtube.com/watch?v=h9BLhdyKqKA,848,479,1098,https://www.youtube.com/watch?v=h9BLhdyKqKA,107,26,571,https://www.youtube.com/watch?v=shccH3El7EA,0,0,0,0,
c40a8ff66b3348dc8459766b74846feb,2520,1525,0,0,0,,0,0,0,,0,0,0,,1921,0,0,0,
83e0f3520699474ba7f017e5e4388a5f,2500,51707,0,0,0,,0,0,0,,0,0,0,,0,0,0,0,
284024f40bb34b429debb78e7dbf3391,2500,6264,0,0,0,,0,0,0,,0,0,0,,0,0,0,0,
a960b283b1124f44bc4bf2a16199977a,2500,108308,0,0,0,,0,0,0,,0,0,0,,4747,0,0,0,
e66d389ebb604096bfa99178e1a13c27,2500,330353,501,263,1995,https://www.youtube.com/watch?v=JXhGW9OaiY4,501,263,1995,https://www.youtube.com/watch?v=JXhGW9OaiY4,0,0,0,,3861,207,139,420,https://www.twitch.tv/videos/2891527545
db6b14a0319e4f639bfcf8d4309c064d,2490,371023,0,0,0,,0,0,0,,0,0,0,,3407,300,274,752,https://www.twitch.tv/videos/2881936384
e68bb26e386a4d49a2f521f8abc83376,2480,0,36,35,36,https://www.youtube.com/watch?v=yFBfs5gsPGU,0,0,0,,36,35,36,https://www.youtube.com/watch?v=yFBfs5gsPGU,3495,0,0,0,
6e1845e76035452287436153470e8656,2480,120566,336,161,587,https://www.youtube.com/watch?v=qJsI6RHZjhk,336,161,587,https://www.youtube.com/watch?v=qJsI6RHZjhk,0,0,0,,462,0,0,0,
0bf305da1ec14c5c8447b9a007bc81f6,2480,275382,794,430,2371,https://www.youtube.com/watch?v=szms9ES_850,560,274,2236,https://www.youtube.com/watch?v=B6oSuVajS-A,1129,679,2371,https://www.youtube.com/watch?v=szms9ES_850,1124,99,80,354,https://www.twitch.tv/videos/2885070763
a0c76cedf0e346a18586077a38f302d8,2480,110354,593,275,593,https://www.youtube.com/watch?v=WBiVtD7j2T8,593,275,593,https://www.youtube.com/watch?v=WBiVtD7j2T8,0,0,0,,173,0,0,0,
b19d58b07131413a92b4bd16e37e8e38,2480,11725,0,0,0,,0,0,0,,0,0,0,,0,0,0,0,
c94bc4ff4689403aac751731d33150e6,2470,86222,993,257,2181,https://www.youtube.com/watch?v=PfgPAdtMSAQ,501,235,1565,https://www.youtube.com/watch?v=pOZ2RQCnZHU,1220,278,2181,https://www.youtube.com/watch?v=PfgPAdtMSAQ,511,168,139,258,https://www.twitch.tv/videos/2882809533
87968861d5794c01bfce46d51c8abfc7,2470,24962,0,0,0,,0,0,0,,0,0,0,,0,0,0,0,
8be6ce1a26af47a4985205da119eab5a,2470,404771,411,169,1437,https://www.youtube.com/watch?v=ix0JATiezps,380,148,1377,https://www.youtube.com/watch?v=zALnxX1YkeE,1115,250,1437,https://www.youtube.com/watch?v=ix0JATiezps,0,0,0,0,
9c913230c732455c9604dae9ebcfa64e,2460,129040,30,20,1062,https://www.youtube.com/watch?v=Nbx98H3ac6A,0,0,0,,30,20,1062,https://www.youtube.com/watch?v=Nbx98H3ac6A,1375,272,218,473,https://www.twitch.tv/videos/2881777977
41a105676f5643d981a2167e8ac55552,2450,81341,1656,935,11510,https://www.youtube.com/watch?v=4DVwcSUrMQM,1672,1037,2533,https://www.youtube.com/watch?v=nKq3uyU3hA8,778,608,11510,https://www.youtube.com/watch?v=4DVwcSUrMQM,108,0,0,0,
27bbe711f5e848a9bc8accc73fc79471,2450,27162,294,114,509,https://www.youtube.com/watch?v=q69d6yAy2Og,413,168,413,https://www.youtube.com/watch?v=9w1Il-7Xm2c,176,60,509,https://www.youtube.com/watch?v=q69d6yAy2Og,0,0,0,0,
bff58c28269748eb99103a257886309a,2440,93344,363,190,1778,https://www.youtube.com/watch?v=PyiNgqxoKro,366,193,1778,https://www.youtube.com/watch?v=PyiNgqxoKro,173,88,173,https://www.youtube.com/watch?v=CbfToRPDigw,0,0,0,0,
68c912c0e68b455f91cd3e1dfbf7d33b,2430,74331,405,220,1073,https://www.youtube.com/watch?v=R42qGd6JC0Y,405,220,1073,https://www.youtube.com/watch?v=R42qGd6JC0Y,0,0,0,,726,93,63,93,https://www.twitch.tv/videos/2883668393
364f94fc7493453e9f53787ade8e35c6,2430,429152,0,0,0,,0,0,0,,0,0,0,,0,0,0,0,
cfc335d4b3e3411ca5b39ccb41a81958,2430,167283,1711,1050,2100,https://www.youtube.com/watch?v=3cPKsRHrLpU,1648,1031,2100,https://www.youtube.com/watch?v=3cPKsRHrLpU,1774,1280,1774,https://www.youtube.com/watch?v=bpebJzSK9ws,0,0,0,0,
5d69f3ef45524ac89eeea706890a2a61,2410,117232,4005,1126,23020,https://www.youtube.com/watch?v=fPAFXa0BDTk,0,0,0,,4005,1126,23020,https://www.youtube.com/watch?v=fPAFXa0BDTk,588,219,182,316,https://www.twitch.tv/videos/2885452042
a7874e2ea7a44640a4ad427680a1dc9a,2410,77256,0,0,0,,0,0,0,,0,0,0,,366,505,495,638,https://www.twitch.tv/videos/2886251969
72a83f60773546dba886008320809d70,2400,489318,0,0,0,,0,0,0,,0,0,0,,10269,927,713,1839,https://www.twitch.tv/videos/2883305453
cc1bad00639b4149b277f0d2e99c2abe,2400,87600,157,104,216,https://www.youtube.com/watch?v=0BEhb8lycvQ,157,104,216,https://www.youtube.com/watch?v=0BEhb8lycvQ,0,0,0,,0,0,0,0,
d18dd7d3e19f469b9e3faaa6c1fe2b0d,2400,56695,383,143,830,https://www.youtube.com/watch?v=KO1ez2HTk3I,434,143,830,https://www.youtube.com/watch?v=KO1ez2HTk3I,148,110,220,https://www.youtube.com/watch?v=QmhFeA_jZAw,241,0,0,0,
fa2a2255fa7d4aa7b5b54dea5dd2b1c4,2390,74398,133,44,246,https://www.youtube.com/watch?v=eTdtRNUBPUk,133,44,246,https://www.youtube.com/watch?v=eTdtRNUBPUk,0,0,0,,0,0,0,0,
6510332f58be4d86b0007c77a622c959,2380,349516,1349,568,2518,https://www.youtube.com/watch?v=TWgB33n6ULo,1479,619,2518,https://www.youtube.com/watch?v=TWgB33n6ULo,612,7,612,https://www.youtube.com/watch?v=czJB7ZBKJIQ,3307,308,239,459,https://www.twitch.tv/videos/2880188519
bd9c7d2e96094ce7b8ca032228bb13c7,2370,48552,0,0,0,,0,0,0,,0,0,0,,0,0,0,0,
92e03a33b1e640f6aa94211011de5d24,2370,100214,162,71,3494,https://www.youtube.com/watch?v=SXaWyuVItEw,157,61,331,https://www.youtube.com/watch?v=lXYNojNAr0w,1067,473,3494,https://www.youtube.com/watch?v=SXaWyuVItEw,321,60,44,114,https://www.twitch.tv/videos/2887988284
c805a5c2c4fb4a068a65267452aa4da5,2360,90025,74,49,326,https://www.youtube.com/watch?v=PbGcZTDqC_w,65,33,326,https://www.youtube.com/watch?v=PbGcZTDqC_w,213,80,213,https://www.youtube.com/watch?v=aMl5_ja4RKU,0,0,0,0,
4d44c28a73394954a4d1bf2a1b2c162c,2360,165260,631,408,1258,https://www.youtube.com/watch?v=PFWotWf7wZQ,631,573,1258,https://www.youtube.com/watch?v=PFWotWf7wZQ,666,93,732,https://www.youtube.com/watch?v=P2V_31TO2i0,0,0,0,0,
5c7278d46cd24b8eb5f49c446acc759d,2360,26192,657,336,1189,https://www.youtube.com/watch?v=90cqOzI_V2k,657,336,1189,https://www.youtube.com/watch?v=90cqOzI_V2k,0,0,0,,86,0,0,0,
c0ce3bfbf1434af3a2a7bd7b2c38e7e7,2360,199002,1470,551,3689,https://www.youtube.com/watch?v=c-XezE1y_D0,1470,551,3689,https://www.youtube.com/watch?v=c-XezE1y_D0,0,0,0,,0,0,0,0,
c79b5a5a5c8b4d8f917afdfc16c01961,2360,105474,0,0,0,,0,0,0,,0,0,0,,3955,806,494,1246,https://www.twitch.tv/videos/2874961152
572c03fa49b54d4b95935321b4722b68,2360,498273,298,117,1267,https://www.youtube.com/watch?v=YWm-er0-iXo,0,0,0,,298,117,1267,https://www.youtube.com/watch?v=YWm-er0-iXo,1985,152,44,876,https://www.twitch.tv/videos/2888610528
6fa5098cd1c644c5871a47a7e56803dc,2350,112095,1297,585,3682,https://www.youtube.com/watch?v=4RKwa9nG6xQ,1297,585,3682,https://www.youtube.com/watch?v=4RKwa9nG6xQ,0,0,0,,269,0,0,0,
46954e0541644057a88f590a4739722c,2350,81112,433,229,765,https://www.youtube.com/watch?v=3B1GiIy9kK4,436,273,765,https://www.youtube.com/watch?v=3B1GiIy9kK4,202,118,315,https://www.youtube.com/watch?v=9Iq941uBa8k,141,0,0,0,
80c426d23cdb4dcda1d1a0a1bd7e0245,2340,27446,0,0,0,,0,0,0,,0,0,0,,6168,184,100,243,https://www.twitch.tv/videos/2887143210
eb38f509e8464ba19ba8579e0b99e262,2340,107842,256,98,476,https://www.youtube.com/watch?v=fgR4WzWta6g,256,98,476,https://www.youtube.com/watch?v=fgR4WzWta6g,0,0,0,,0,0,0,0,
2af83bdd7db644d88ffdaf123c38619b,2340,80166,131,80,252,https://www.youtube.com/watch?v=FUycddd1VHc,131,80,252,https://www.youtube.com/watch?v=FUycddd1VHc,0,0,0,,0,0,0,0,
b7fa120fd2264ecca8f9f02ece2850a9,2340,80856,0,0,0,,0,0,0,,0,0,0,,158,0,0,0,
6c812a2f61ac470f8e3b30a92dca9d81,2330,76286,0,0,0,,0,0,0,,0,0,0,,0,0,0,0,
6274e7f2acaf4d48b5fa569168f9468e,2330,147494,263,28,302,https://www.youtube.com/watch?v=8fhkhdLeTcM,263,28,302,https://www.youtube.com/watch?v=8fhkhdLeTcM,0,0,0,,0,0,0,0,
a9e5491563fd4b05896ef9a8cb2ee7d7,2330,146759,349,93,932,https://www.youtube.com/watch?v=RVT-qGecqog,222,54,578,https://www.youtube.com/watch?v=iqRa9vHb0VA,592,289,932,https://www.youtube.com/watch?v=RVT-qGecqog,0,0,0,0,
95f3f004ed9641139567827519f6b35e,2330,160136,0,0,0,,0,0,0,,0,0,0,,252,0,0,0,
70d5f64a7e324d7584d7e5116d6dc5a2,2330,76409,0,0,0,,0,0,0,,0,0,0,,0,0,0,0,
084c49d869114256af18c13cc4b56414,2330,52727,0,0,0,,0,0,0,,0,0,0,,0,0,0,0,
d3a3eab7a3e34ea98784c44e3691c726,2320,90879,0,0,0,,0,0,0,,0,0,0,,0,0,0,0,
65a52797bec24b9bb2df5201068873a4,2320,26412,172,90,187,https://www.youtube.com/watch?v=bNFv_kMeOTs,172,90,187,https://www.youtube.com/watch?v=bNFv_kMeOTs,0,0,0,,0,0,0,0,
076c16fcd0c843c0b70748712d15f233,2310,37233,321,164,321,https://www.youtube.com/watch?v=5wpUWCjZAls,321,164,321,https://www.youtube.com/watch?v=5wpUWCjZAls,0,0,0,,0,0,0,0,
43e557d175ce462b97c4c406954d8c04,2310,467462,143,70,640,https://www.youtube.com/watch?v=xz05AJpzdyE,140,68,640,https://www.youtube.com/watch?v=xz05AJpzdyE,153,92,153,https://www.youtube.com/watch?v=W4YPrCkPkBk,523,21,12,31,https://www.twitch.tv/videos/2882757869
6873f5b9a88c42ba980878bbffb5682a,2310,188736,364,164,480,https://www.youtube.com/watch?v=qoJKp-Yp76c,353,167,480,https://www.youtube.com/watch?v=qoJKp-Yp76c,375,151,375,https://www.youtube.com/watch?v=ofDKikjdfJE,0,0,0,0,
b975eb70ed174bbda87e181be25bd1c5,2310,87589,0,0,0,,0,0,0,,0,0,0,,0,0,0,0,
9fb51e14ba1c499eb6383a7a166a4d52,2310,88931,35,13,957,https://www.youtube.com/watch?v=sbMXeOm3ZKc,43,7,43,https://www.youtube.com/watch?v=HUNk8kMUNw8,33,13,957,https://www.youtube.com/watch?v=sbMXeOm3ZKc,0,0,0,0,
e8be1d48c5a249cebcef72b17653ef34,2310,22358,0,0,0,,0,0,0,,0,0,0,,0,0,0,0,
395eade6d67445e1831010cac52ab444,2300,96333,0,0,0,,0,0,0,,0,0,0,,776,0,0,0,
a64ba9e0b7dd4de58ffbdf9ca043a90b,2290,110960,364,226,596,https://www.youtube.com/watch?v=61JXrmc1oSo,364,226,596,https://www.youtube.com/watch?v=61JXrmc1oSo,0,0,0,,94,0,0,0,
c3945429509246f79c5f0a18594f696d,2290,92338,1496,853,1712,https://www.youtube.com/watch?v=ASdwVbXQQqk,0,0,0,,1496,853,1712,https://www.youtube.com/watch?v=ASdwVbXQQqk,16242,6187,888,6187,https://www.twitch.tv/videos/2869418764
fe0305c914c549879b315b6dc3204748,2290,47401,0,0,0,,0,0,0,,0,0,0,,0,0,0,0,
ad43fda31b7842dc8e7854840b974614,2290,105564,195,97,313,https://www.youtube.com/watch?v=-uPK8NbWYEc,193,85,313,https://www.youtube.com/watch?v=-uPK8NbWYEc,199,110,199,https://www.youtube.com/watch?v=BK_qdwyDJN0,1156,43,23,43,https://www.twitch.tv/videos/2880449349
4ac7e88bd2234040a1da03644b06a501,2280,0,0,0,0,,0,0,0,,0,0,0,,0,0,0,0,
6f382359f4d0436e9e1d4f87e4696e76,2280,70507,0,0,0,,0,0,0,,0,0,0,,0,0,0,0,
c1aa10208a06439481231599b25845b0,2280,194130,357,86,1000,https://www.youtube.com/watch?v=wkLyCJIzuAE,809,400,1000,https://www.youtube.com/watch?v=wkLyCJIzuAE,247,86,419,https://www.youtube.com/watch?v=B1kWIAx4SY4,2207,99,72,197,https://www.twitch.tv/videos/2885413796
7ce04ee5bb63467f8b70a69136049218,2280,26967,0,0,0,,0,0,0,,0,0,0,,1783,99,72,126,https://www.twitch.tv/videos/2880874441
6cd8cdc530d14e2d9d0a9cd20cb6b05c,2280,93303,450,272,1010,https://www.youtube.com/watch?v=YKX4zZzWtk4,450,272,1010,https://www.youtube.com/watch?v=YKX4zZzWtk4,0,0,0,,0,0,0,0,
44ae1f339250472c82d1fc4ffb3610ad,2270,144969,1455,670,2524,https://www.youtube.com/watch?v=gcC4dTULJuk,1556,697,2524,https://www.youtube.com/watch?v=gcC4dTULJuk,214,88,214,https://www.youtube.com/watch?v=LForKwdCnHI,3093,885,375,76898,https://www.twitch.tv/videos/2887766016
a60c8fc0a1324bf8b65053231ee22373,2260,573752,88,45,1026,https://www.youtube.com/watch?v=H-nvy4JOMPs,87,44,193,https://www.youtube.com/watch?v=4uF9LGoPtbo,141,62,1026,https://www.youtube.com/watch?v=H-nvy4JOMPs,188,8,5,15,https://www.twitch.tv/videos/2883575481
78dea7b59be448329ec287a403f95a13,2260,35979,26,6,1500,https://www.youtube.com/watch?v=EXA70v2DpIQ,0,0,0,,26,6,1500,https://www.youtube.com/watch?v=EXA70v2DpIQ,2125,144,82,170,https://www.twitch.tv/videos/2881001467
504678b9fa2f4506879ba42b27a13dff,2240,260606,251,140,1369,https://www.youtube.com/watch?v=w7UsHp9hssM,190,106,842,https://www.youtube.com/watch?v=4k_uRUl4Ymc,1130,466,1369,https://www.youtube.com/watch?v=w7UsHp9hssM,0,0,0,0,
27f5926236d04e34a08fdb7ab83940bc,2230,71023,353,88,432,https://www.youtube.com/watch?v=MdmtvEtna60,353,88,432,https://www.youtube.com/watch?v=MdmtvEtna60,0,0,0,,0,0,0,0,
de610557c5c041df85e41e7f2f5490f5,2230,12773,0,0,0,,0,0,0,,0,0,0,,4254,419,343,912,https://www.twitch.tv/videos/2885976735
58d43efc5b4046148d02de0e65ef9120,2230,333374,995,475,2487,https://www.youtube.com/watch?v=SOxWjlLZgQg,1130,536,2487,https://www.youtube.com/watch?v=SOxWjlLZgQg,931,291,1030,https://www.youtube.com/watch?v=V-UNLKAaXcU,604,126,75,324,https://www.twitch.tv/videos/2886810994
25904d8b82c84d74a8abffb804647e21,2230,114598,0,0,0,,0,0,0,,0,0,0,,393,0,0,0,
9b8fe3ac0f30473f87290d314dfda74e,2220,4493,1183,174,1183,https://www.youtube.com/watch?v=L7FJRtwQphw,0,0,0,,1183,174,1183,https://www.youtube.com/watch?v=L7FJRtwQphw,0,0,0,0,
65c0e7f6562d419e944caea644836c1f,2220,96104,325,111,368,https://www.youtube.com/watch?v=H0GtPxeSmY8,325,111,368,https://www.youtube.com/watch?v=H0GtPxeSmY8,0,0,0,,294,20,15,20,https://www.twitch.tv/videos/2886322474
c52b95b6a42d48f0ae888720492a5a46,2220,147328,250,163,250,https://www.youtube.com/watch?v=4CZo2JZuWz0,250,163,250,https://www.youtube.com/watch?v=4CZo2JZuWz0,0,0,0,,0,0,0,0,
345b2eb5c8bf4d7d9fa72176f67de440,2220,44295,32,12,39,https://www.youtube.com/watch?v=nm6HqBoL01I,0,0,0,,32,12,39,https://www.youtube.com/watch?v=nm6HqBoL01I,884,206,160,249,https://www.twitch.tv/videos/2883607865
ab069c9401bc4bd09eea8f5ece525d54,2220,351358,766,449,766,https://www.youtube.com/watch?v=JXIoVWB5Zr0,766,449,766,https://www.youtube.com/watch?v=JXIoVWB5Zr0,0,0,0,,0,0,0,0,
e58a5a6f40e040d79bbcd139824d6fc7,2210,295300,814,560,1618,https://www.youtube.com/watch?v=qpqXBG442c0,0,0,0,,814,560,1618,https://www.youtube.com/watch?v=qpqXBG442c0,12010,3861,1684,4977,https://www.twitch.tv/videos/2871086793
751596501f4f420a8a5c5c9d839efb22,2210,116040,0,0,0,,0,0,0,,0,0,0,,272,0,0,0,
1ead15220cb842a79c3922d08d618e31,2200,4611,0,0,0,,0,0,0,,0,0,0,,0,0,0,0,
8e84dbdebec446bab8c82b3f0467f398,2200,214062,158,82,2129,https://www.youtube.com/watch?v=wdcGWjxw0Xw,153,77,260,https://www.youtube.com/watch?v=1Xeluh3XQ3s,886,368,2129,https://www.youtube.com/watch?v=wdcGWjxw0Xw,0,0,0,0,
a76c19e10aa4463f92f0d2e0f30ab84a,2190,160603,317,149,985,https://www.youtube.com/watch?v=pZ2Cz3NF77o,317,151,985,https://www.youtube.com/watch?v=pZ2Cz3NF77o,473,101,812,https://www.youtube.com/watch?v=27QbFBgnTH4,0,0,0,0,
e897180feafa4f748c41f13306b6f379,2190,552952,1845,586,9562,https://www.youtube.com/watch?v=5ad-_oPXvV4,865,335,2881,https://www.youtube.com/watch?v=MIkRbTzbH7U,2365,998,9562,https://www.youtube.com/watch?v=5ad-_oPXvV4,63,0,0,0,
60602526ae1d48688c23a74b3cb527e8,2190,102925,304,144,495,https://www.youtube.com/watch?v=yCbmkwBBIwc,304,144,495,https://www.youtube.com/watch?v=yCbmkwBBIwc,0,0,0,,0,0,0,0,
8c171b8f4b854cbfade4ee2babc19e0f,2190,60820,414,199,1249,https://www.youtube.com/watch?v=AAxb1wp2UYY,414,199,1249,https://www.youtube.com/watch?v=AAxb1wp2UYY,0,0,0,,0,0,0,0,
d418b8a185f449b3a15c1656ba654780,2190,161155,0,0,0,,0,0,0,,0,0,0,,0,0,0,0,
e91df1edab1b4b01b37419becd9f5b86,2190,74048,940,467,2608,https://www.youtube.com/watch?v=k_gHG5s5GSo,924,205,1392,https://www.youtube.com/watch?v=gz64N-LiFnU,1098,1078,2608,https://www.youtube.com/watch?v=k_gHG5s5GSo,81,81,49,127,https://www.twitch.tv/videos/2890504451
8890acc220cd4f969ec2e23a28c1eda2,2180,12431,0,0,0,,0,0,0,,0,0,0,,0,0,0,0,
d564ef4ee383435787e18dee18247631,2170,74154,210,101,1646,https://www.youtube.com/watch?v=9m56h1IEOJQ,204,95,1646,https://www.youtube.com/watch?v=9m56h1IEOJQ,1528,783,1528,https://www.youtube.com/watch?v=KaO9CzHIJUE,403,10,7,16,https://www.twitch.tv/videos/2888885839
7cc197b36bc64bf38aaf98a17eaf8d31,2170,240013,482,170,1589,https://www.youtube.com/watch?v=7XxpkA2OR_Y,329,157,738,https://www.youtube.com/watch?v=4HLFNrf6eGI,1051,275,1589,https://www.youtube.com/watch?v=7XxpkA2OR_Y,0,0,0,0,
8a63cc5d44b44e2c88122e98c533d20a,2170,332579,0,0,0,,0,0,0,,0,0,0,,0,0,0,0,
8b732f3260e0427f9cf795b93ada310a,2170,69113,0,0,0,,0,0,0,,0,0,0,,4001,859,557,1549,https://www.twitch.tv/videos/2876945801
19a2801d800547e58c6560aa1accf3e4,2170,102064,456,156,610,https://www.youtube.com/watch?v=V_xafC6XX7s,456,156,610,https://www.youtube.com/watch?v=V_xafC6XX7s,0,0,0,,451,0,0,0,
62b58adde13f4a73ab406f857d730e20,2160,116216,302,115,1113,https://www.youtube.com/watch?v=mXqpysm3rvg,253,94,906,https://www.youtube.com/watch?v=SSMfIWbI9_s,502,371,1113,https://www.youtube.com/watch?v=mXqpysm3rvg,0,0,0,0,
d45c287a84b6485e8ff3400cf50f5db7,2160,170336,0,0,0,,0,0,0,,0,0,0,,4457,674,317,1056,https://www.twitch.tv/videos/2874812536
2a5241b8ebc54be98263c9ea2924b7e9,2150,100138,1159,677,13538,https://www.youtube.com/watch?v=H5gaA6GcUCE,0,0,0,,1159,677,13538,https://www.youtube.com/watch?v=H5gaA6GcUCE,2326,560,251,1311,https://www.twitch.tv/videos/2884122132
b5c9831f97f4427a88a96d7c4ee40539,2150,200704,0,0,0,,0,0,0,,0,0,0,,1690,0,0,0,
948d1078ceaf4b39b3bef86fdab85482,2150,46870,430,222,635,https://www.youtube.com/watch?v=Vy-pUS6XezU,430,222,635,https://www.youtube.com/watch?v=Vy-pUS6XezU,0,0,0,,2939,199,161,208,https://www.twitch.tv/videos/2885398133
3a8fe50b02d04b45af3974ed979c52eb,2150,120773,646,205,2252,https://www.youtube.com/watch?v=gs0qf7PjICE,434,196,838,https://www.youtube.com/watch?v=IvRUOXhFYFs,1464,1008,2252,https://www.youtube.com/watch?v=gs0qf7PjICE,0,0,0,0,
5da8c6fb027049cc8bc2030c56e8c489,2150,30369,0,0,0,,0,0,0,,0,0,0,,135,0,0,0,
8b810380ed254a5e8a85b65552ba4e61,2140,130904,1196,121,1951,https://www.youtube.com/watch?v=J7XvML6KIl0,0,0,0,,1196,121,1951,https://www.youtube.com/watch?v=J7XvML6KIl0,23891,1375,851,179380,https://www.twitch.tv/videos/2867633232
326e254f0da14bc6bfc5d379164cf5c6,2140,47045,0,0,0,,0,0,0,,0,0,0,,0,0,0,0,
f3b487c00ef5466eaa529f3a2e8d6753,2130,40047,432,118,3055,https://www.youtube.com/watch?v=hgOS6aIbZDE,427,118,3055,https://www.youtube.com/watch?v=hgOS6aIbZDE,1408,566,1408,https://www.youtube.com/watch?v=nHHLCCG8rCM,0,0,0,0,
8f7fdc3104f541539132c122eeab6801,2130,55734,241,127,878,https://www.youtube.com/watch?v=16Xpzc7oP7U,241,127,878,https://www.youtube.com/watch?v=16Xpzc7oP7U,0,0,0,,0,0,0,0,
ef03340f293242f89fe15f2f828dbf7f,2130,51022,140,66,435,https://www.youtube.com/watch?v=AvEdI3L8kWY,140,66,435,https://www.youtube.com/watch?v=AvEdI3L8kWY,0,0,0,,654,29,20,37,https://www.twitch.tv/videos/2883567786
b84f2dfff8ce4ca1af82bfc44405f1e7,2130,99618,107,53,239,https://www.youtube.com/watch?v=mIBwkOnPqvc,107,53,239,https://www.youtube.com/watch?v=mIBwkOnPqvc,0,0,0,,0,0,0,0,
c41a24bf9c8f48ee9454119057088688,2130,87816,0,0,0,,0,0,0,,0,0,0,,0,0,0,0,
80ea9b92d31c48b8b2cf2ca5bacc2a08,2120,71043,222,165,296,https://www.youtube.com/watch?v=6EF1NvQ2x7A,222,165,296,https://www.youtube.com/watch?v=6EF1NvQ2x7A,0,0,0,,0,0,0,0,
4f20b9493001401f81b7a451bf856fba,2120,292223,1542,935,49112,https://www.youtube.com/watch?v=kXeFOtXM28o,0,0,0,,1542,935,49112,https://www.youtube.com/watch?v=kXeFOtXM28o,1594,0,0,0,
2c92fe49ca9f4b8faf8f4521378857d2,2110,299369,1072,398,1072,https://www.youtube.com/watch?v=7OcU9ruwKkI,0,0,0,,1072,398,1072,https://www.youtube.com/watch?v=7OcU9ruwKkI,671,13,9,29,https://www.twitch.tv/videos/2889765056
9efea510313f4733b4d0b5e3cfb6988b,2110,536176,120,31,134,https://www.youtube.com/watch?v=mSeDJ7HBsoY,107,20,107,https://www.youtube.com/watch?v=Elc8bjAKHEY,134,41,134,https://www.youtube.com/watch?v=mSeDJ7HBsoY,0,0,0,0,
226eb1e34c924ae2914d960039905d08,2110,242197,184,93,488,https://www.youtube.com/watch?v=qNr361uNp7U,191,101,488,https://www.youtube.com/watch?v=qNr361uNp7U,126,36,180,https://www.youtube.com/watch?v=r-Pm4NNVvAw,0,0,0,0,
4f93fe928d264a299c6589e09fbda21e,2110,163516,0,0,0,,0,0,0,,0,0,0,,0,0,0,0,
1310ffb60dcf40eaaf6a08890e632234,2110,108525,490,151,662,https://www.youtube.com/watch?v=3t1r53UTbdw,490,151,662,https://www.youtube.com/watch?v=3t1r53UTbdw,0,0,0,,0,0,0,0,
77829b31e6e246efbf1f648a353ff823,2110,338005,704,240,2048,https://www.youtube.com/watch?v=GQd87s4gAiI,653,219,1691,https://www.youtube.com/watch?v=siCADrYk8K0,1704,600,2048,https://www.youtube.com/watch?v=GQd87s4gAiI,0,0,0,0,
9870111c23124c19a12de7bbdeb8abc1,2100,74567,121,62,277,https://www.youtube.com/watch?v=OvLG4QSNK-U,121,62,277,https://www.youtube.com/watch?v=OvLG4QSNK-U,0,0,0,,0,0,0,0,
40082e2bb0b546d3bd3ebb75a3192092,2100,1667930,200,102,1510,https://www.youtube.com/watch?v=FmjwvnlcJ4g,153,107,200,https://www.youtube.com/watch?v=0D6eHfAIzUQ,248,102,1510,https://www.youtube.com/watch?v=FmjwvnlcJ4g,0,0,0,0,
52324c45fae74014bc603ae09d8d6136,2090,84037,763,382,3487,https://www.youtube.com/watch?v=TSComNmXgf0,664,300,902,https://www.youtube.com/watch?v=278omBVXrdw,1907,551,3487,https://www.youtube.com/watch?v=TSComNmXgf0,190,0,0,0,
6d2945d11f504edb9962f742b54f6553,2090,37069,91,51,100,https://www.youtube.com/watch?v=MCQHra9nfCI,91,51,100,https://www.youtube.com/watch?v=MCQHra9nfCI,0,0,0,,1116,82,68,110,https://www.twitch.tv/videos/2884479417
a324be13dcdb4acbbe722638fc2dbfa4,2090,82125,315,93,1058,https://www.youtube.com/watch?v=zGPrsZd1IEM,305,92,1058,https://www.youtube.com/watch?v=zGPrsZd1IEM,982,427,982,https://www.youtube.com/watch?v=GjcbC6pEEQU,125,7,6,18,https://www.twitch.tv/videos/2880121194
e9047e02eb6340ff940114f754c76875,2080,59610,206,56,353,https://www.youtube.com/watch?v=el2iL7yS2QM,206,56,353,https://www.youtube.com/watch?v=el2iL7yS2QM,0,0,0,,0,0,0,0,
44b22851b9df4612bec834e2cfde9489,2080,526064,179,74,370,https://www.youtube.com/watch?v=gfKMEuWIc3s,171,68,370,https://www.youtube.com/watch?v=gfKMEuWIc3s,295,100,295,https://www.youtube.com/watch?v=V4ZfFG2P8pk,0,0,0,0,
6b36f446b10e4ea99d5d80d60beeee21,2080,50629,0,0,0,,0,0,0,,0,0,0,,8132,115,83,158,https://www.twitch.tv/videos/2885172911
6eefc3826f4f49a0b28a5288c5e0d83e,2080,13423,309,153,309,https://www.youtube.com/watch?v=z_e-spntUVg,0,0,0,,309,153,309,https://www.youtube.com/watch?v=z_e-spntUVg,2684,550,459,693,https://www.twitch.tv/videos/2889454232
ab540a5b73bb4dfa85cebffb70fad5db,2070,59922,0,0,0,,0,0,0,,0,0,0,,1217,0,0,0,
361d3dd97ee9430f85d57b61ea8f0b85,2070,182482,339,159,513,https://www.youtube.com/watch?v=dvLcc7kmLLo,339,159,513,https://www.youtube.com/watch?v=dvLcc7kmLLo,0,0,0,,0,0,0,0,
0563e1d0ff394d1ab0d6a09d89870fba,2060,160202,183,48,371,https://www.youtube.com/watch?v=N8KlMirFQEk,194,71,371,https://www.youtube.com/watch?v=N8KlMirFQEk,156,34,164,https://www.youtube.com/watch?v=TAgrmL3kfk8,176,42,30,78,https://www.twitch.tv/videos/2885380205
93e7079bd21c499f9004e79d18489d28,2060,498334,0,0,0,,0,0,0,,0,0,0,,85,0,0,0,
33918eea49984fb499619652ce58a4fa,2060,35810,0,0,0,,0,0,0,,0,0,0,,0,0,0,0,
9087489bcb234de9bb2a8942a1562a61,2060,76500,0,0,0,,0,0,0,,0,0,0,,0,0,0,0,
7d2aa4176f60423bb1532ac37ed55e28,2050,183561,551,243,4115,https://www.youtube.com/watch?v=Wi4J1f33Sro,369,189,997,https://www.youtube.com/watch?v=Tfbq1AtDa9k,2750,2502,4115,https://www.youtube.com/watch?v=Wi4J1f33Sro,0,0,0,0,
1b863baf309a4ff587385012bb5bde51,2050,80603,0,0,0,,0,0,0,,0,0,0,,339,0,0,0,
b8d723ac79eb47229a23adc4029a5bd5,2050,0,0,0,0,,0,0,0,,0,0,0,,0,0,0,0,
a5681ed32f994c57a107a0b9248fb228,2050,89452,310,131,641,https://www.youtube.com/watch?v=wpnhv32vsQ0,310,131,641,https://www.youtube.com/watch?v=wpnhv32vsQ0,0,0,0,,0,0,0,0,
cb52afa541704e6e8f1098a20679135c,2050,120815,139,54,173,https://www.youtube.com/watch?v=Z7nEg1oq1Ek,139,54,173,https://www.youtube.com/watch?v=Z7nEg1oq1Ek,0,0,0,,342,0,0,0,
9133438057714eb196366f5ecbed6a4a,2040,702277,1140,557,7059,https://www.youtube.com/watch?v=5ul4_18eyJA,0,0,0,,1140,557,7059,https://www.youtube.com/watch?v=5ul4_18eyJA,0,0,0,0,
e32a7d950f5a4b53ab2f47d225aec4fd,2030,55011,0,0,0,,0,0,0,,0,0,0,,0,0,0,0,
2e58c53f72f144dbad853ca8630dab19,2030,77412,423,149,845,https://www.youtube.com/watch?v=CypnRSlyfwQ,423,149,845,https://www.youtube.com/watch?v=CypnRSlyfwQ,0,0,0,,240,0,0,0,
83eff3b0de694818876092eaabd35b4a,2030,99628,156,66,266,https://www.youtube.com/watch?v=yEoF0YTkEsc,163,77,266,https://www.youtube.com/watch?v=yEoF0YTkEsc,131,66,131,https://www.youtube.com/watch?v=iqtLkXzMXyw,0,0,0,0,
bb1cda940e0a44b3a25f3e368c19c490,2030,65022,477,295,477,https://www.youtube.com/watch?v=-PtBsJCnO4M,477,295,477,https://www.youtube.com/watch?v=-PtBsJCnO4M,0,0,0,,0,0,0,0,
0414bb8fc082472a9434bd4a463a9865,2030,11237,0,0,0,,0,0,0,,0,0,0,,191,0,0,0,
712d031e7f004ed99aa1dfdb176cff32,2020,121126,0,0,0,,0,0,0,,0,0,0,,321,0,0,0,
53cd965ca91e495887b89aabd6314402,2020,78878,1696,1054,4520,https://www.youtube.com/watch?v=sXsX26_cYRM,1829,1070,4520,https://www.youtube.com/watch?v=sXsX26_cYRM,347,117,347,https://www.youtube.com/watch?v=UUGsVm0t-i4,26,0,0,0,
83a59a0d6537461fb429af7e3af1d152,2020,258867,70,58,70,https://www.youtube.com/watch?v=fTQo2yGiT98,0,0,0,,70,58,70,https://www.youtube.com/watch?v=fTQo2yGiT98,0,0,0,0,
6eeed5b0702a45df8470a617ee2c5243,2010,24090,0,0,0,,0,0,0,,0,0,0,,0,0,0,0,
637a5867616a436ba0f7cdd36057f55a,2010,166297,344,327,585,https://www.youtube.com/watch?v=u4bMmxvsB8Y,344,327,585,https://www.youtube.com/watch?v=u4bMmxvsB8Y,0,0,0,,112,10,9,14,https://www.twitch.tv/videos/2890511288
2a20316d245d406193331300bb44fdec,2010,26426,0,0,0,,0,0,0,,0,0,0,,5391,577,235,1471,https://www.twitch.tv/videos/2888105180
89f4c9a5a9374700ae9f3725cd8a3f0f,2000,207989,829,335,1325,https://www.youtube.com/watch?v=toG7ev9YtMo,404,263,497,https://www.youtube.com/watch?v=7GFVbj-kPow,952,519,1325,https://www.youtube.com/watch?v=toG7ev9YtMo,207,0,0,0,
14d334ad35f146ecbb047d1c20652fe1,2000,351952,0,0,0,,0,0,0,,0,0,0,,0,0,0,0,
95f8bb8a92c1450b8b5993f740b39338,2000,766108,0,0,0,,0,0,0,,0,0,0,,295,0,0,0,
9031798ec1884b52b17df470b6c379b2,1990,58530,478,221,636,https://www.youtube.com/watch?v=yPcNDfP-NHA,478,221,636,https://www.youtube.com/watch?v=yPcNDfP-NHA,0,0,0,,0,0,0,0,
7bd1bc8b491d47e0b7cf0a573c36120e,1990,103128,0,0,0,,0,0,0,,0,0,0,,0,0,0,0,
0fbdfcc1b9cf41fdb840cf2f546d9324,1990,158922,74,36,433,https://www.youtube.com/watch?v=6er9rimO8vg,96,52,433,https://www.youtube.com/watch?v=6er9rimO8vg,32,23,140,https://www.youtube.com/watch?v=_RhOFTEIgy4,686,0,0,0,
749161d9934f41bf97e7210afd6b3bb1,1990,41147,0,0,0,,0,0,0,,0,0,0,,103,0,0,0,
0c1efcf431bc4ffbb208775a9738e348,1980,72825,744,391,755,https://www.youtube.com/watch?v=lwNeQ5QEyfw,744,391,755,https://www.youtube.com/watch?v=lwNeQ5QEyfw,0,0,0,,181,0,0,0,
bc7d14416ba24cc8819f0753e1f595f5,1980,337853,174,70,302,https://www.youtube.com/watch?v=twWv9b3Soto,174,70,302,https://www.youtube.com/watch?v=twWv9b3Soto,0,0,0,,0,0,0,0,
5b1bd72acc95440cb3aa381c89cfca3c,1970,101155,1893,689,2520,https://www.youtube.com/watch?v=UO2anFUk-cc,0,0,0,,1893,689,2520,https://www.youtube.com/watch?v=UO2anFUk-cc,0,0,0,0,
bf124655587e4f5b937d695be814d25d,1970,156026,306,191,376,https://www.youtube.com/watch?v=SBEaTYQ0oZU,306,191,376,https://www.youtube.com/watch?v=SBEaTYQ0oZU,0,0,0,,0,0,0,0,
018244f1ad404c9eaa4ddf747c3bafa0,1970,286979,510,254,1302,https://www.youtube.com/watch?v=mzvhb670qQI,513,285,1302,https://www.youtube.com/watch?v=mzvhb670qQI,99,38,141,https://www.youtube.com/watch?v=az_CYQXOAoY,0,0,0,0,
6bddfe8d54104f4192c56e4935a871de,1970,604981,0,0,0,,0,0,0,,0,0,0,,1381,308,189,763,https://www.twitch.tv/videos/2889518058
4de89158f20a4d0e8023f15db8a9526e,1960,155527,0,0,0,,0,0,0,,0,0,0,,0,0,0,0,
5ff20156ebbf4390a3573d6a94aed8df,1960,102563,158,74,633,https://www.youtube.com/watch?v=kVjx_p2GQoI,160,82,633,https://www.youtube.com/watch?v=kVjx_p2GQoI,125,50,125,https://www.youtube.com/watch?v=WwxgZz6Bdqo,0,0,0,0,
70c982c2dffc4cd08c90431abcc8be97,1950,60779,118,57,503,https://www.youtube.com/watch?v=senMG-jE-4c,118,57,503,https://www.youtube.com/watch?v=senMG-jE-4c,0,0,0,,215,32,22,44,https://www.twitch.tv/videos/2889749155
c0ae01f224734769a38c39b97fb6dbb7,1950,52631,0,0,0,,0,0,0,,0,0,0,,411,0,0,0,
4b7c733a13d247ec84844698ecc7ba0c,1950,43755,0,0,0,,0,0,0,,0,0,0,,2819,255,187,415,https://www.twitch.tv/videos/2886890113
1eb556018c7847feb170b09b8622590c,1940,130832,151,72,311,https://www.youtube.com/watch?v=eKvuWSKwzhQ,154,72,311,https://www.youtube.com/watch?v=eKvuWSKwzhQ,55,0,55,https://www.youtube.com/watch?v=aljk0U6fVM4,17,0,0,0,
1025a2d1ea674c649b1e7934895bd419,1940,58136,348,186,509,https://www.youtube.com/watch?v=VZ5gSrejHNM,348,186,509,https://www.youtube.com/watch?v=VZ5gSrejHNM,0,0,0,,0,0,0,0,
a45c0a929a504afa9afee5c56bc9b959,1930,43149,0,0,0,,0,0,0,,0,0,0,,134,78,58,78,https://www.twitch.tv/videos/2885387024
a823412858b749f7bd2bff3739ec55b7,1930,122522,593,331,1355,https://www.youtube.com/watch?v=F-amzmWRDM8,593,331,1355,https://www.youtube.com/watch?v=F-amzmWRDM8,0,0,0,,445,0,0,0,
734477be3c5d42afbdde5356c6a6e8ee,1920,84190,0,0,0,,0,0,0,,0,0,0,,0,0,0,0,
8564954960ba466fa7f17bc0e0ea5e8e,1910,38994,0,0,0,,0,0,0,,0,0,0,,359,0,0,0,
5612ac8b150e45e5a7381a2c07e9671a,1910,87829,227,82,594,https://www.youtube.com/watch?v=t9uyMYDd3kk,213,77,400,https://www.youtube.com/watch?v=ZXljR_1DL6A,594,482,594,https://www.youtube.com/watch?v=t9uyMYDd3kk,0,0,0,0,
31c7fada1ab24cbd83ab4ae698955a29,1910,88554,142,57,196,https://www.youtube.com/watch?v=_VMp0elLYpE,149,61,196,https://www.youtube.com/watch?v=_VMp0elLYpE,113,39,113,https://www.youtube.com/watch?v=p9cKnRVv3CI,0,0,0,0,
10c8c9b647e7464f9d95c7c1a865da01,1910,184746,280,159,1253,https://www.youtube.com/watch?v=RjSwLCWgrTY,300,159,631,https://www.youtube.com/watch?v=3FnaNYHN7gA,268,107,1253,https://www.youtube.com/watch?v=RjSwLCWgrTY,2253,138,103,186,https://www.twitch.tv/videos/2888887190
7c18bc597298484c8f2925759fc1ac4a,1910,18571,226,100,359,https://www.youtube.com/watch?v=qO5-3eFEaHM,226,100,359,https://www.youtube.com/watch?v=qO5-3eFEaHM,0,0,0,,799,0,0,0,
3e41189706dd483db4e407c295b058ce,1900,110065,105,42,235,https://www.youtube.com/watch?v=PjjS8dmw1Vs,105,42,235,https://www.youtube.com/watch?v=PjjS8dmw1Vs,0,0,0,,5014,487,157,753,https://www.twitch.tv/videos/2865844199
673abaca34d047b49b11d50214a9a463,1900,102090,391,176,2494,https://www.youtube.com/watch?v=IZWUnguh0Ns,465,199,2494,https://www.youtube.com/watch?v=IZWUnguh0Ns,313,153,313,https://www.youtube.com/watch?v=cPObchLIEAA,87,0,0,0,
9be037b96ffa41c9a080edf332650649,1900,106462,361,163,1423,https://www.youtube.com/watch?v=LgA-of5saI4,361,163,1423,https://www.youtube.com/watch?v=LgA-of5saI4,0,0,0,,0,0,0,0,
21c774c9133043baaf8d283705cd9093,1890,88907,498,244,1110,https://www.youtube.com/watch?v=g0oNNiIHPic,396,244,1110,https://www.youtube.com/watch?v=g0oNNiIHPic,784,151,1105,https://www.youtube.com/watch?v=8SLQkoWQ4yc,0,0,0,0,
342f808864164047acc8ddffe88c9618,1890,141775,605,267,1310,https://www.youtube.com/watch?v=p_j1d0VB58M,0,0,0,,605,267,1310,https://www.youtube.com/watch?v=p_j1d0VB58M,2458,328,235,413,https://www.twitch.tv/videos/2891650542
7eec0f9233fa49ed92c4f60fb8a82694,1890,39637,18,10,26,https://www.youtube.com/watch?v=p91BOMKKcrc,0,0,0,,18,10,26,https://www.youtube.com/watch?v=p91BOMKKcrc,1013,94,60,112,https://www.twitch.tv/videos/2889769774
889bb42644a14ae4af2b3594c51d057b,1870,104884,172,70,297,https://www.youtube.com/watch?v=7jQ4ILwFGDk,169,69,297,https://www.youtube.com/watch?v=7jQ4ILwFGDk,176,72,176,https://www.youtube.com/watch?v=aVo9wEBb4hw,0,0,0,0,
cfa15a7e93824927ad4b84a519b0ab68,1870,728684,1189,749,5167,https://www.youtube.com/watch?v=byGEL4-okC0,0,0,0,,1189,749,5167,https://www.youtube.com/watch?v=byGEL4-okC0,0,0,0,0,
21a819efced54f6991abd3fc0b43091f,1870,149673,403,227,1863,https://www.youtube.com/watch?v=jVL3Vt1zELA,378,260,537,https://www.youtube.com/watch?v=yw9CKy_E3YU,433,83,1863,https://www.youtube.com/watch?v=jVL3Vt1zELA,845,155,113,169,https://www.twitch.tv/videos/2885469380
a725f6babc5f44779d7389886c6cd7b7,1870,78316,263,113,1343,https://www.youtube.com/watch?v=Dd-4FQRC-4Y,330,113,1343,https://www.youtube.com/watch?v=Dd-4FQRC-4Y,126,98,193,https://www.youtube.com/watch?v=qIyeZdI4P9U,0,0,0,0,
8020c505099f474ca81da3023926485f,1860,117996,198,107,556,https://www.youtube.com/watch?v=8Kshasq2uGc,198,107,556,https://www.youtube.com/watch?v=8Kshasq2uGc,0,0,0,,0,0,0,0,
608b617ad99c4f18b97d10560e254b4b,1860,62880,196,55,289,https://www.youtube.com/watch?v=4sCPbQIeJKU,185,49,289,https://www.youtube.com/watch?v=4sCPbQIeJKU,219,58,219,https://www.youtube.com/watch?v=XUfw4bHkT28,0,0,0,0,
63175a6880c5427891463ff07fd0bf7e,1850,49900,0,0,0,,0,0,0,,0,0,0,,0,0,0,0,
0da343539de64a169fe51ad653e5c73d,1850,47281,101,52,633,https://www.youtube.com/watch?v=uH2A89xzx64,119,64,633,https://www.youtube.com/watch?v=uH2A89xzx64,72,22,72,https://www.youtube.com/watch?v=ObtHByLNovg,0,0,0,0,
a6a789d93f3a4352b251a51b43f98d2c,1840,47808,251,46,261,https://www.youtube.com/watch?v=wc7zhhnfBJE,251,46,261,https://www.youtube.com/watch?v=wc7zhhnfBJE,0,0,0,,0,0,0,0,
a0ac84f84b914c21acf669844a163436,1840,46352,0,0,0,,0,0,0,,0,0,0,,1659,730,260,1059,https://www.twitch.tv/videos/2868696224
14561bf5e63844f58b60deb87f443507,1840,0,0,0,0,,0,0,0,,0,0,0,,1133,0,0,0,
e72542ff8bb14e47929b037c626c320a,1840,40069,430,338,430,https://www.youtube.com/watch?v=GkftaliKcTg,430,338,430,https://www.youtube.com/watch?v=GkftaliKcTg,0,0,0,,0,0,0,0,
70874043d50b4e3a873742127251caa5,1830,85228,215,18,215,https://www.youtube.com/watch?v=myet4vTZ6lM,215,18,215,https://www.youtube.com/watch?v=myet4vTZ6lM,0,0,0,,0,0,0,0,
48b978b1705a4f61a760b05280000b34,1830,8865,0,0,0,,0,0,0,,0,0,0,,1253,0,0,0,
ced6b5d82fc848a5a0f45a1b3da4cfae,1820,88661,466,260,1096,https://www.youtube.com/watch?v=CugvAGOCnLI,466,260,1096,https://www.youtube.com/watch?v=CugvAGOCnLI,0,0,0,,232,23,19,36,https://www.twitch.tv/videos/2885576158
8460a099a32044a5aa602f780dec94f2,1820,357209,19,4,22,https://www.youtube.com/watch?v=-9ys0s_mZTw,19,4,22,https://www.youtube.com/watch?v=-9ys0s_mZTw,0,0,0,,25,0,0,0,
9c0184b0f01a4af4a4c2c56139682fb9,1820,41458,6,5,6,https://www.youtube.com/watch?v=zdKXN6s0w7w,0,0,0,,6,5,6,https://www.youtube.com/watch?v=zdKXN6s0w7w,132,73,59,73,https://www.twitch.tv/videos/2887231743
3bc6afb820df4f59b2c6ff1c25d1eed3,1820,160751,157,64,1225,https://www.youtube.com/watch?v=pxjPy-CZCBg,214,96,1125,https://www.youtube.com/watch?v=jqZ_jFv66ns,57,18,1225,https://www.youtube.com/watch?v=pxjPy-CZCBg,0,0,0,0,
e3451dd6f3c0444c888eb6f67704613a,1820,80089,359,141,898,https://www.youtube.com/watch?v=-y98TYQEsNI,359,141,898,https://www.youtube.com/watch?v=-y98TYQEsNI,0,0,0,,0,0,0,0,
7425576151124e11a94609fd1b8687bc,1820,68257,527,311,824,https://www.youtube.com/watch?v=R3wBNtjbFFE,824,499,824,https://www.youtube.com/watch?v=R3wBNtjbFFE,230,124,230,https://www.youtube.com/watch?v=HQFtFw8oGQg,2086,196,101,233,https://www.twitch.tv/videos/2879425494
e9fa90c6824c47abbfd114e9cd9b4125,1820,123102,543,184,1008,https://www.youtube.com/watch?v=n7VFh2MbvHA,543,184,1008,https://www.youtube.com/watch?v=n7VFh2MbvHA,0,0,0,,0,0,0,0,
fe5a0ac164a940c79e430eab9995da2e,1820,238667,0,0,0,,0,0,0,,0,0,0,,110,0,0,0,
b023ec32c6b5474e95c7faf252925b8e,1810,55231,685,207,1197,https://www.youtube.com/watch?v=jw9jKRRTztE,0,0,0,,685,207,1197,https://www.youtube.com/watch?v=jw9jKRRTztE,431,28,16,28,https://www.twitch.tv/videos/2880960995
8ad9544f4e4f42a09ec1ecb6b514729f,1810,98602,148,63,297,https://www.youtube.com/watch?v=KRjHV4tswgA,148,63,297,https://www.youtube.com/watch?v=KRjHV4tswgA,0,0,0,,0,0,0,0,
d748a977fcd24752ad9e038468713bf2,1810,9198,195,51,405,https://www.youtube.com/watch?v=9Cql8dmJNac,195,51,405,https://www.youtube.com/watch?v=9Cql8dmJNac,0,0,0,,0,0,0,0,
49c4f54141434226960845b2a46c432b,1810,61851,0,0,0,,0,0,0,,0,0,0,,0,0,0,0,
f3fa92d46e744da29b61f9468c76b9a5,1800,49640,0,0,0,,0,0,0,,0,0,0,,0,0,0,0,
db2f279f9960492082f3ae6ad20aca91,1800,47533,0,0,0,,0,0,0,,0,0,0,,508,0,0,0,
46ca57774cd7476d86727882d07bd918,1790,113027,212,97,945,https://www.youtube.com/watch?v=hy7CNZbTyqE,174,54,247,https://www.youtube.com/watch?v=MQQWX6MiFhQ,765,450,945,https://www.youtube.com/watch?v=hy7CNZbTyqE,227,146,138,412,https://www.twitch.tv/videos/2885265933
83ec4919298a4ad5984e3da31109a4c8,1790,108317,4810,1318,10126,https://www.youtube.com/watch?v=-cNy9XGnxMs,0,0,0,,4810,1318,10126,https://www.youtube.com/watch?v=-cNy9XGnxMs,17221,10123,3714,18202,https://www.twitch.tv/videos/2870127722
3bbbe40f23e344fa8889d410b7315383,1790,2122,0,0,0,,0,0,0,,0,0,0,,0,0,0,0,
67674d86fce54eceb37e0dc4ea802132,1790,152137,185,96,637,https://www.youtube.com/watch?v=nrTDMMTd768,212,104,637,https://www.youtube.com/watch?v=nrTDMMTd768,3,3,6,https://www.youtube.com/watch?v=1dcu0mNjk2E,126,13,11,21,https://www.twitch.tv/videos/2888055830
08158657738a4949bce0cbbc36c4e701,1790,70,0,0,0,,0,0,0,,0,0,0,,0,0,0,0,
7e9fc4a1ccc7445182bb3c5264d99187,1780,89033,295,101,841,https://www.youtube.com/watch?v=t7Eb-u_R1SU,295,101,841,https://www.youtube.com/watch?v=t7Eb-u_R1SU,0,0,0,,0,0,0,0,
29d3dea4a1684bec9592e2ccc3685c57,1780,64036,0,0,0,,0,0,0,,0,0,0,,0,0,0,0,
be84d60f2d0e452ab7d66eaeb957477f,1780,84166,20,11,99,https://www.youtube.com/watch?v=5ankokTAnJs,93,3,93,https://www.youtube.com/watch?v=KUMJ8eSsL4o,19,12,99,https://www.youtube.com/watch?v=5ankokTAnJs,0,0,0,0,
8f1a38101d324afcbfc7df27d5d1e0a9,1780,214723,73,33,411,https://www.youtube.com/watch?v=2cSDyFnKiBQ,73,33,411,https://www.youtube.com/watch?v=2cSDyFnKiBQ,0,0,0,,0,0,0,0,
7d3b310a867942cab270e48f7a397e0d,1770,73508,353,149,3830,https://www.youtube.com/watch?v=Xt9VYvAx72o,353,160,3830,https://www.youtube.com/watch?v=Xt9VYvAx72o,255,30,502,https://www.youtube.com/watch?v=UyyQzEhxnhI,1005,0,0,0,
e39607950249427da8b60fa012115e44,1770,105220,0,0,0,,0,0,0,,0,0,0,,0,0,0,0,
b49c2970f97b4fd4a6762b3e9ba94f8e,1770,7855,0,0,0,,0,0,0,,0,0,0,,10254,1242,328,5266,https://www.twitch.tv/videos/2880858121
ce59f11c200841dab2e8a5e30655a827,1770,254942,0,0,0,,0,0,0,,0,0,0,,27,0,0,0,
c489b78388904133a8b93cd4d0470aad,1760,164,0,0,0,,0,0,0,,0,0,0,,623,0,0,0,
5efdd7a401eb430ba20cb6f391fbbce3,1760,35417,0,0,0,,0,0,0,,0,0,0,,0,0,0,0,
d0c2bb3e9091413e8d245bdc217e9420,1760,56172,117,70,142,https://www.youtube.com/watch?v=KR5ffltTEFU,117,70,142,https://www.youtube.com/watch?v=KR5ffltTEFU,0,0,0,,0,0,0,0,
0f7d7faa487642d0a8ff6d5fc8dbc394,1760,158144,0,0,0,,0,0,0,,0,0,0,,1777,254,138,707,https://www.twitch.tv/videos/2887935490
dbe3f9880dec4a03bcc1943343455a6c,1760,77719,710,584,710,https://www.youtube.com/watch?v=lDH_OCHgkxk,710,584,710,https://www.youtube.com/watch?v=lDH_OCHgkxk,0,0,0,,0,0,0,0,
b0e88b4d4e5d41c4b5edd07540dc3637,1750,145512,111,43,209,https://www.youtube.com/watch?v=GxwgA1U6hoM,117,46,209,https://www.youtube.com/watch?v=GxwgA1U6hoM,41,38,41,https://www.youtube.com/watch?v=LfTcqRuLMVQ,0,0,0,0,
d12c381ce5044844ad4bd624085026bc,1750,158997,539,296,1469,https://www.youtube.com/watch?v=CbD7mn8ocpE,528,281,1469,https://www.youtube.com/watch?v=C9ierJMMAOo,1469,508,1469,https://www.youtube.com/watch?v=CbD7mn8ocpE,415,0,0,0,
372962c805114682a4d16b75c13c80ed,1750,281,0,0,0,,0,0,0,,0,0,0,,0,0,0,0,
e8ec42e35b774df8a21ae98a0d01fdc0,1750,1415855,237,113,2057,https://www.youtube.com/watch?v=zvzou_qDrBw,211,96,601,https://www.youtube.com/watch?v=V_-vMbfDpzE,426,120,2057,https://www.youtube.com/watch?v=zvzou_qDrBw,0,0,0,0,
f7bfeaf6288f4afe80b62dab32698a0c,1750,568295,160,88,1281,https://www.youtube.com/watch?v=opgsMa5zTBs,160,88,643,https://www.youtube.com/watch?v=piTBD_RYCLs,139,100,1281,https://www.youtube.com/watch?v=opgsMa5zTBs,356,0,0,0,
3584322d47f14c7aa8f6e98511d3c54a,1750,1313,0,0,0,,0,0,0,,0,0,0,,1037,0,0,0,
af9a2d0fab684be9b9da09e251f6bae6,1740,90801,585,283,871,https://www.youtube.com/watch?v=0xu5hzTmf_g,585,283,871,https://www.youtube.com/watch?v=0xu5hzTmf_g,0,0,0,,421,0,0,0,
db86eecb7c7047a984098e23de131e29,1740,186156,209,103,4350,https://www.youtube.com/watch?v=OxyCxS9OynI,209,103,474,https://www.youtube.com/watch?v=QnbV9Dr8ZeU,723,536,4350,https://www.youtube.com/watch?v=OxyCxS9OynI,178,32,23,46,https://www.twitch.tv/videos/2890702131
2e8c364f691740dd81c0fa61727a9790,1740,612127,0,0,0,,0,0,0,,0,0,0,,3750,0,0,0,
66830cad0b9949689741b0dc5ef39d29,1740,49757,0,0,0,,0,0,0,,0,0,0,,0,0,0,0,
b0a7d70ae76549f5b4418e56ee4ad43f,1730,65639,198,173,198,https://www.youtube.com/watch?v=Fxl6y0p-Uc0,198,173,198,https://www.youtube.com/watch?v=Fxl6y0p-Uc0,0,0,0,,1170,219,191,219,https://www.twitch.tv/videos/2888745566
8483ae3c14ca488394d427d271854d88,1730,35850,0,0,0,,0,0,0,,0,0,0,,41,0,0,0,
351e16ae67e14d5e8c7294284c2ded4d,1720,25932,0,0,0,,0,0,0,,0,0,0,,690,0,0,0,
84cccbea595d4bc69426d5c75f1ac3a4,1720,91846,0,0,0,,0,0,0,,0,0,0,,0,0,0,0,
dcc5b43448044231a3a8710d144b2602,1720,193383,730,358,2549,https://www.youtube.com/watch?v=q237KgmgQ4I,730,358,2549,https://www.youtube.com/watch?v=q237KgmgQ4I,0,0,0,,0,0,0,0,
9deb096c2fb943a7ae7487bf25e28026,1710,124456,264,145,794,https://www.youtube.com/watch?v=LPD7MpiA8tg,264,145,794,https://www.youtube.com/watch?v=LPD7MpiA8tg,0,0,0,,1402,97,63,100,https://www.twitch.tv/videos/2885472017
055f10f2da424da8bfbfe9d01b15fb11,1710,55132,216,109,548,https://www.youtube.com/watch?v=uTZPor0v4Fg,216,109,548,https://www.youtube.com/watch?v=uTZPor0v4Fg,0,0,0,,87,78,58,78,https://www.twitch.tv/videos/2885451956
1e0ca2c7a8d7493baa62b792d78e7b07,1690,134643,112,60,432,https://www.youtube.com/watch?v=ZRA6lRhZjFY,112,60,432,https://www.youtube.com/watch?v=ZRA6lRhZjFY,0,0,0,,0,0,0,0,
f3914ae7ae6541198b6b5f4d63febe48,1690,49607,0,0,0,,0,0,0,,0,0,0,,0,0,0,0,
7259f7e619e943018e64fb24d4d20e34,1690,36593,333,130,584,https://www.youtube.com/watch?v=zA-pE8pzj1w,333,130,584,https://www.youtube.com/watch?v=zA-pE8pzj1w,0,0,0,,0,0,0,0,
60a400d6a5d841f78b352675c383dbef,1680,48804,343,3,343,https://www.youtube.com/watch?v=nW8HW4scUb0,343,3,343,https://www.youtube.com/watch?v=nW8HW4scUb0,0,0,0,,0,0,0,0,
7eb39f4278b04ed485060a084cd07876,1670,64260,0,0,0,,0,0,0,,0,0,0,,0,0,0,0,
94f9966aa28a45e1ab4b94507037d1d7,1670,184545,522,186,3305,https://www.youtube.com/watch?v=cYTuZTEbXMA,522,186,3305,https://www.youtube.com/watch?v=cYTuZTEbXMA,0,0,0,,0,0,0,0,
a1915cccb8584d57b9b22975263c7af4,1670,284715,1187,274,1992,https://www.youtube.com/watch?v=jBQSN_uHFWs,108,32,109,https://www.youtube.com/watch?v=_bHLQk3P6YY,1320,1033,1992,https://www.youtube.com/watch?v=jBQSN_uHFWs,0,0,0,0,
bdcf0d95e6544ebaaddbfba94839cd6b,1670,97976,186,111,270,https://www.youtube.com/watch?v=x6kK9ewWaBo,186,111,270,https://www.youtube.com/watch?v=x6kK9ewWaBo,0,0,0,,0,0,0,0,
eb54f557a3734bfda57ecddd8df07681,1670,44089,0,0,0,,0,0,0,,0,0,0,,546,0,0,0,
aa1bb853e814428eb663082b28309309,1670,134481,203,131,493,https://www.youtube.com/watch?v=1dXXPEpiCGQ,203,131,493,https://www.youtube.com/watch?v=1dXXPEpiCGQ,0,0,0,,0,0,0,0,
9e5e58a212584007b1ab1f22f5c59438,1670,177644,1098,584,3075,https://www.youtube.com/watch?v=JUtzXuD3_Wg,1098,584,3075,https://www.youtube.com/watch?v=JUtzXuD3_Wg,0,0,0,,0,0,0,0,
95fa8eef249d4edca59594271fedc487,1660,56237,0,0,0,,0,0,0,,0,0,0,,0,0,0,0,
7d6a4fa5389c461bb553b8190c5e951f,1660,109199,0,0,0,,0,0,0,,0,0,0,,0,0,0,0,
df7bcc29e3204005877b25cdad9206b7,1660,81534,0,0,0,,0,0,0,,0,0,0,,0,0,0,0,
1406aeb0ef48430bab0b939a29609394,1660,83673,340,212,1063,https://www.youtube.com/watch?v=CoJS_YX4fi0,339,167,573,https://www.youtube.com/watch?v=mCh3bLrhfqY,470,345,1063,https://www.youtube.com/watch?v=CoJS_YX4fi0,0,0,0,0,
1f445fb1ee7447c2add6738b86570b2e,1650,70518,0,0,0,,0,0,0,,0,0,0,,0,0,0,0,
ecbeda5532474bdb8d08d4e15ce98d89,1650,15816,0,0,0,,0,0,0,,0,0,0,,3149,0,0,0,
1257fb7258eb49ad8cf58ed64b800056,1650,43066,0,0,0,,0,0,0,,0,0,0,,830,97,61,179,https://www.twitch.tv/videos/2879959956
4077520d348749e49598cd5fa1058b6a,1650,67963,229,110,911,https://www.youtube.com/watch?v=p4lS3ia3ZUI,229,110,911,https://www.youtube.com/watch?v=p4lS3ia3ZUI,0,0,0,,264,0,0,0,
c45e260cafa14b3fab4030fb339ed1ab,1650,79503,195,97,220,https://www.youtube.com/watch?v=0yp7z7d7guM,195,97,220,https://www.youtube.com/watch?v=0yp7z7d7guM,0,0,0,,29,0,0,0,
9948190bc88442f4a0757eed54fb24f0,1640,102587,231,117,1494,https://www.youtube.com/watch?v=_1MLKzNCjpc,0,0,0,,231,117,1494,https://www.youtube.com/watch?v=_1MLKzNCjpc,5115,157,61,256,https://www.twitch.tv/videos/2871082571
2131a63328214b7f9a1022dae6890d66,1640,107837,743,291,1799,https://www.youtube.com/watch?v=M8G9k6GZIzc,743,291,1799,https://www.youtube.com/watch?v=M8G9k6GZIzc,0,0,0,,411,11,7,26,https://www.twitch.tv/videos/2880175187
46e494bf06c640da95ad1b0b81631d98,1640,274194,173,60,282,https://www.youtube.com/watch?v=DZG12gIknGg,173,60,282,https://www.youtube.com/watch?v=DZG12gIknGg,0,0,0,,935,54,31,82,https://www.twitch.tv/videos/2883570765
954590604f0e49e88fadc8ce6dafba1b,1640,98753,484,258,665,https://www.youtube.com/watch?v=stK0CT775jw,589,374,665,https://www.youtube.com/watch?v=stK0CT775jw,299,142,299,https://www.youtube.com/watch?v=vVQQccBavPI,0,0,0,0,
306117a48f3445baad1d6a919ed340bb,1640,76123,0,0,0,,0,0,0,,0,0,0,,152,0,0,0,
a73b969a7fe24a9aaeb9bc1c63ca6450,1640,99474,1453,1068,1453,https://www.youtube.com/watch?v=cz3W9zeGJX8,0,0,0,,1453,1068,1453,https://www.youtube.com/watch?v=cz3W9zeGJX8,4906,418,195,560,https://www.twitch.tv/videos/2884222891
aabaf7767fa5449b86f58160496d0d4c,1630,98260,408,177,860,https://www.youtube.com/watch?v=5eoLaROlaUI,408,177,860,https://www.youtube.com/watch?v=5eoLaROlaUI,0,0,0,,0,0,0,0,
da503b835e2a41d58433ebf6960db356,1630,60252,250,246,250,https://www.youtube.com/watch?v=iB5aaXaYw3A,250,246,250,https://www.youtube.com/watch?v=iB5aaXaYw3A,0,0,0,,779,37,35,37,https://www.twitch.tv/videos/2891360507
607d6173383c4118a32171fbcfc98e60,1630,43739,0,0,0,,0,0,0,,0,0,0,,16849,1916,409,4854,https://www.twitch.tv/videos/2890813088
747fb5e9d30240a1ac42fbf37e86b55d,1630,147193,197,98,1265,https://www.youtube.com/watch?v=OA-yC9ZdZdU,168,83,614,https://www.youtube.com/watch?v=4xQCEFqHdsU,1080,181,1265,https://www.youtube.com/watch?v=OA-yC9ZdZdU,438,15,11,39,https://www.twitch.tv/videos/2886158325
2ead897ab38c4530aeeb69a2f02da623,1630,81914,149,105,913,https://www.youtube.com/watch?v=4lsHAFgSv-E,149,104,487,https://www.youtube.com/watch?v=8yS7OrndO48,625,275,913,https://www.youtube.com/watch?v=4lsHAFgSv-E,0,0,0,0,
c192b6e25df841ad85cbc8bbf0bd8bfe,1630,112043,196,85,328,https://www.youtube.com/watch?v=H-0d2xDC1bA,196,85,328,https://www.youtube.com/watch?v=H-0d2xDC1bA,0,0,0,,0,0,0,0,
95eabea4e8014fedb5d34ea27137a4ca,1630,153215,469,325,1654,https://www.youtube.com/watch?v=CWZ_hapJ0Z4,427,278,1279,https://www.youtube.com/watch?v=4kSX8pNm8Sc,1375,626,1654,https://www.youtube.com/watch?v=CWZ_hapJ0Z4,0,0,0,0,
b9086ee5f7b54353a5ba85c973b2e2af,1630,65022,0,0,0,,0,0,0,,0,0,0,,0,0,0,0,
905304e606344aba8c84b83717453f5e,1620,74867,77,75,77,https://www.youtube.com/watch?v=HnMicmdhZco,77,75,77,https://www.youtube.com/watch?v=HnMicmdhZco,0,0,0,,0,0,0,0,
9a7b7c9c31da44aca5a68395a2e69488,1620,725028,27,9,164,https://www.youtube.com/watch?v=dXADdMBxo-k,28,10,164,https://www.youtube.com/watch?v=dXADdMBxo-k,9,4,13,https://www.youtube.com/watch?v=qUPsVFf0Z3k,114,0,0,0,
2913f17e61014f7691e016fae8468404,1620,80958,189,79,289,https://www.youtube.com/watch?v=7KOIO2Osmfc,189,79,289,https://www.youtube.com/watch?v=7KOIO2Osmfc,0,0,0,,261,0,0,0,
7e50374d02184a429cfc6dfba9b52e2f,1620,9770,0,0,0,,0,0,0,,0,0,0,,390,0,0,0,
c6ce333916b446d48d27be05df1a218e,1620,46326,408,141,2323,https://www.youtube.com/watch?v=Qx_GfevvtYA,408,141,2323,https://www.youtube.com/watch?v=Qx_GfevvtYA,0,0,0,,642,27,18,69,https://www.twitch.tv/videos/2883731921
4c4ebb91c8a346b2876d1ccd1a32dead,1620,88858,217,111,1668,https://www.youtube.com/watch?v=9HcUS0-gtiY,161,107,1668,https://www.youtube.com/watch?v=9HcUS0-gtiY,331,200,367,https://www.youtube.com/watch?v=ybqatqam2VM,501,0,0,0,
7e26ddf485a84c0cb6d781a3bf432c55,1610,41997,0,0,0,,0,0,0,,0,0,0,,3894,0,0,0,
1cdbceb7ad414bb59b3a9563a93fe840,1610,70230,157,102,157,https://www.youtube.com/watch?v=bB5drTzZqPI,157,102,157,https://www.youtube.com/watch?v=bB5drTzZqPI,0,0,0,,118,19,12,21,https://www.twitch.tv/videos/2882692469
abe50a593a1d4cdbbc6dfb8b45bbf6bb,1610,47002,733,281,2436,https://www.youtube.com/watch?v=WifGlxWqY4E,733,281,2436,https://www.youtube.com/watch?v=WifGlxWqY4E,0,0,0,,14,0,0,0,
80e2f3365bfd4479a3594c3278311103,1600,0,0,0,0,,0,0,0,,0,0,0,,2262,261,172,338,https://www.twitch.tv/videos/2881573693
5dc565de88a948ecb092cce178aafe60,1600,478610,0,0,0,,0,0,0,,0,0,0,,474,198,145,215,https://www.twitch.tv/videos/2881850360
51a882d77c24494d92605b5b75424603,1600,200412,334,156,1940,https://www.youtube.com/watch?v=918UFe-QdpQ,312,147,1811,https://www.youtube.com/watch?v=5KwnGSTsAIA,1521,304,1940,https://www.youtube.com/watch?v=918UFe-QdpQ,101,0,0,0,
7b46621c7baf437da117a6c10c856292,1600,37673,330,115,769,https://www.youtube.com/watch?v=48M9lhW1glI,335,134,769,https://www.youtube.com/watch?v=48M9lhW1glI,97,56,97,https://www.youtube.com/watch?v=on_hNpVDJR4,0,0,0,0,
bf03fd8b5b55481590ea63338c5cdd20,1600,39423,0,0,0,,0,0,0,,0,0,0,,4318,436,140,1782,https://www.twitch.tv/videos/2890793392
843d99233b474827a2f0bc417ffd3852,1600,150345,508,170,3734,https://www.youtube.com/watch?v=BlX0_sb54v0,472,191,3013,https://www.youtube.com/watch?v=deWvbMHInzw,1689,115,3734,https://www.youtube.com/watch?v=BlX0_sb54v0,13119,7060,3304,38120,https://www.twitch.tv/videos/2866038882
c4651b162abb45c3a85640e3d456fa71,1600,60167,69,23,1338,https://www.youtube.com/watch?v=RoMlYWVhSrY,51,19,92,https://www.youtube.com/watch?v=WxzBwuI9Zoo,1338,1091,1338,https://www.youtube.com/watch?v=RoMlYWVhSrY,320,0,0,0,
86e86bf2d8e54e9083613e7398e1e7ac,1590,38373,0,0,0,,0,0,0,,0,0,0,,1860,260,162,458,https://www.twitch.tv/videos/2881862611
e312462015a2454087c9fe83dd939994,1590,36187,648,82,1288,https://www.youtube.com/watch?v=QyKQeIHLQUQ,648,82,1288,https://www.youtube.com/watch?v=QyKQeIHLQUQ,0,0,0,,0,0,0,0,
c4fafcb15c694ad5ab88d1948d401e54,1590,97816,201,72,553,https://www.youtube.com/watch?v=xH1ONzVNXG8,205,71,553,https://www.youtube.com/watch?v=xH1ONzVNXG8,120,113,120,https://www.youtube.com/watch?v=OpnlcBno6N8,220,0,0,0,
8cace62dbfc34c2a9a2a348e479cdbb1,1590,198404,220,202,220,https://www.youtube.com/watch?v=csZp_vIgpzE,0,0,0,,220,202,220,https://www.youtube.com/watch?v=csZp_vIgpzE,0,0,0,0,
25ac52ef552244a997045ca561b5636f,1590,33585,229,90,1668,https://www.youtube.com/watch?v=PX6agAEXRVA,213,90,296,https://www.youtube.com/watch?v=v4Wis3GQq7g,1228,814,1668,https://www.youtube.com/watch?v=PX6agAEXRVA,0,0,0,0,
260f0fb7a8b1421394c38114230479bb,1580,76544,695,141,1720,https://www.youtube.com/watch?v=7Xsd8ohLWkY,695,141,1720,https://www.youtube.com/watch?v=7Xsd8ohLWkY,0,0,0,,183,41,34,47,https://www.twitch.tv/videos/2891555873
2cc874f341184fb799b01c399477c0b4,1580,75656,393,162,1088,https://www.youtube.com/watch?v=6OG0nsdiMqk,218,76,240,https://www.youtube.com/watch?v=B9aJtXBLtt0,587,280,1088,https://www.youtube.com/watch?v=6OG0nsdiMqk,153,0,0,0,
d3b1e8a5a2c74d2395dc33869caadb50,1580,8374,0,0,0,,0,0,0,,0,0,0,,0,0,0,0,
fa83a68ebfff419983124d69373ede6f,1570,263296,652,229,2644,https://www.youtube.com/watch?v=42oSHeP0nZ8,253,122,335,https://www.youtube.com/watch?v=JtmWM3WzHpg,1509,618,2644,https://www.youtube.com/watch?v=42oSHeP0nZ8,2089,129,87,326,https://www.twitch.tv/videos/2881703405
b88e19a358b843068cd5bd7ec103d521,1570,155179,639,166,1786,https://www.youtube.com/watch?v=asnXgu2ffhQ,551,153,784,https://www.youtube.com/watch?v=TlFBBEsMckE,1109,182,1786,https://www.youtube.com/watch?v=asnXgu2ffhQ,0,0,0,0,
30a4362c1143491ea0ed5383c4882251,1570,85019,584,487,1119,https://www.youtube.com/watch?v=-d_6KZkVCj8,584,487,1119,https://www.youtube.com/watch?v=-d_6KZkVCj8,0,0,0,,0,0,0,0,
02dadd7977b8412b99f101241de4cb3f,1570,88297,119,50,333,https://www.youtube.com/watch?v=K39Q5rDiRLc,119,50,333,https://www.youtube.com/watch?v=K39Q5rDiRLc,0,0,0,,1111,82,55,160,https://www.twitch.tv/videos/2885257476
a112fc34dd9944a5a15f50c1c078aa3e,1570,130019,215,71,225,https://www.youtube.com/watch?v=1AlcCmY26Hk,215,71,225,https://www.youtube.com/watch?v=1AlcCmY26Hk,0,0,0,,0,0,0,0,
1eef416d7ad94b6aa728e10d6da10304,1560,71307,39,33,133,https://www.youtube.com/watch?v=cXQ1A_VrE_A,0,0,0,,39,33,133,https://www.youtube.com/watch?v=cXQ1A_VrE_A,2096,178,144,190,https://www.twitch.tv/videos/2889788782
904f58005872497b82964fff25490152,1550,30927,367,117,2053,https://www.youtube.com/watch?v=cgsAa8S9LmY,367,117,2053,https://www.youtube.com/watch?v=cgsAa8S9LmY,0,0,0,,195,36,27,58,https://www.twitch.tv/videos/2889742858
3cf7289a95834ae1a25d4cb2909a1a9e,1550,51172,0,0,0,,0,0,0,,0,0,0,,0,0,0,0,
ee7cfe445bc84d6fa7fff5df6fbf0d32,1540,46409,150,129,150,https://www.youtube.com/watch?v=SEOZsBN_7FQ,150,129,150,https://www.youtube.com/watch?v=SEOZsBN_7FQ,0,0,0,,726,12,10,12,https://www.twitch.tv/videos/2887988720
6db0d51e6ac9410f84f79e57448b8a60,1540,158393,404,128,404,https://www.youtube.com/watch?v=EDXgQcZiG74,404,128,404,https://www.youtube.com/watch?v=EDXgQcZiG74,0,0,0,,0,0,0,0,
cbd9ed35dc0045aa9c57bb9ee14b02e0,1540,694757,18,3,29,https://www.youtube.com/watch?v=UbZfwgXNuhY,0,0,0,,18,3,29,https://www.youtube.com/watch?v=UbZfwgXNuhY,0,0,0,0,
c506f1ab266f47e2be683220533a4790,1530,47990,22,13,30,https://www.youtube.com/watch?v=_bHlroY8hIE,22,13,30,https://www.youtube.com/watch?v=_bHlroY8hIE,0,0,0,,0,0,0,0,
586377912f314b4d8c3be33760526ae0,1530,17579,479,303,3512,https://www.youtube.com/watch?v=dp3fR27iv3w,0,0,0,,479,303,3512,https://www.youtube.com/watch?v=dp3fR27iv3w,0,0,0,0,
0c3b5ae85d2940b8b73a92d72dc0d313,1530,108252,181,117,1529,https://www.youtube.com/watch?v=OKmJJ__ARfw,181,117,337,https://www.youtube.com/watch?v=MmFlDz_4xFg,663,297,1529,https://www.youtube.com/watch?v=OKmJJ__ARfw,486,69,49,77,https://www.twitch.tv/videos/2882715658
a881100803aa4abc84dc3cc814dca0e7,1530,71909,0,0,0,,0,0,0,,0,0,0,,0,0,0,0,
a2188c1a225e4f93a64e3385fa02d779,1520,88280,175,170,175,https://www.youtube.com/watch?v=h7CYa9EXdug,175,170,175,https://www.youtube.com/watch?v=h7CYa9EXdug,0,0,0,,0,0,0,0,
bc77dc55cf9b4be88c878ac4b5c07438,1520,32122,0,0,0,,0,0,0,,0,0,0,,935,0,0,0,
91025114208d41b2bff535d6e277017e,1520,71897,313,183,961,https://www.youtube.com/watch?v=8PAQ2IYL6CI,313,183,961,https://www.youtube.com/watch?v=8PAQ2IYL6CI,0,0,0,,0,0,0,0,
1be625b10e2f4e65bab5b19d10a4d0b1,1520,18636,0,0,0,,0,0,0,,0,0,0,,0,0,0,0,
d70830a282b9446f89bc9d82c88b8db3,1520,142660,0,0,0,,0,0,0,,0,0,0,,264,0,0,0,
b0b9e352f71d4a03ace9972ddec4ec56,1520,69619,314,117,770,https://www.youtube.com/watch?v=a5qy1Vtl8Aw,314,117,770,https://www.youtube.com/watch?v=a5qy1Vtl8Aw,0,0,0,,0,0,0,0,
12f51c457b27425fa98fe89c24ccb61c,1510,11190,267,38,267,https://www.youtube.com/watch?v=6J4iGQhNEIY,0,0,0,,267,38,267,https://www.youtube.com/watch?v=6J4iGQhNEIY,0,0,0,0,
eaa1d55ba99c40ce82413701233efdbd,1510,62094,251,171,251,https://www.youtube.com/watch?v=jNZwFT1xHHE,251,171,251,https://www.youtube.com/watch?v=jNZwFT1xHHE,0,0,0,,0,0,0,0,
d57b7459ef5949ef96672a96fb33d8a2,1500,63108,0,0,0,,0,0,0,,0,0,0,,1105,236,216,236,https://www.twitch.tv/videos/2889775866
489752f0b42c49b785d43f1207429983,1500,45875,140,63,143,https://www.youtube.com/watch?v=EYuiO4XEB48,140,63,143,https://www.youtube.com/watch?v=EYuiO4XEB48,0,0,0,,0,0,0,0,
27a22366e885420e8a3c78ee7ac7c075,1500,72984,547,295,1284,https://www.youtube.com/watch?v=gKr2fd3sgwI,510,230,1284,https://www.youtube.com/watch?v=gKr2fd3sgwI,1068,723,1068,https://www.youtube.com/watch?v=_1KAwX97ORk,327,226,188,313,https://www.twitch.tv/videos/2884447709
25b1a8ceab1d439491fb4e98013cd0fc,1490,23493,238,159,1287,https://www.youtube.com/watch?v=f2kuSeYcOvQ,238,128,531,https://www.youtube.com/watch?v=AwRmBAwIqg8,282,172,1287,https://www.youtube.com/watch?v=f2kuSeYcOvQ,824,196,90,317,https://www.twitch.tv/videos/2876010427
4c466d73397a4899b4ca26f90aaf57ad,1490,164797,0,0,0,,0,0,0,,0,0,0,,167,0,0,0,
6e6fd1311d2f42228faa8b1ccb0fa589,1490,84549,396,153,784,https://www.youtube.com/watch?v=de1acqeAhj0,406,170,784,https://www.youtube.com/watch?v=de1acqeAhj0,274,91,274,https://www.youtube.com/watch?v=odZqR3Rucso,0,0,0,0,
6d61885259b744a28c7b92c0785e8fe9,1490,0,0,0,0,,0,0,0,,0,0,0,,884,0,0,0,
5ce810e28ea54f5bacd55573589f4e4e,1490,103610,45,18,633,https://www.youtube.com/watch?v=K7WFeXUrqkw,111,35,633,https://www.youtube.com/watch?v=K7WFeXUrqkw,0,0,0,https://www.youtube.com/watch?v=nfiDfAWI3H0,0,0,0,0,
b8ce93818de34a93901147e5d9857170,1480,18864,0,0,0,,0,0,0,,0,0,0,,0,0,0,0,
3daee44c0bab401386813cff327a10a2,1480,165271,316,113,3033,https://www.youtube.com/watch?v=DGj51j0l7zI,316,113,3033,https://www.youtube.com/watch?v=DGj51j0l7zI,0,0,0,,0,0,0,0,
bf425f4bc9154c00918ed885bdced632,1480,87926,408,263,2133,https://www.youtube.com/watch?v=WQ5-pB5K1dg,408,263,2133,https://www.youtube.com/watch?v=WQ5-pB5K1dg,0,0,0,,0,0,0,0,
787da9082edb4e9e9024a52cb12449e8,1480,45579,588,267,1320,https://www.youtube.com/watch?v=als5k-pxDjc,588,267,1320,https://www.youtube.com/watch?v=als5k-pxDjc,0,0,0,,0,0,0,0,
1be04e1564c34845bee20467cdb8cfd1,1480,126927,0,0,0,,0,0,0,,0,0,0,,0,0,0,0,
c6a8cee6b8e042518ef58659113b3f34,1470,83414,1251,876,1251,https://www.youtube.com/watch?v=R0gjrLgOh_4,0,0,0,,1251,876,1251,https://www.youtube.com/watch?v=R0gjrLgOh_4,0,0,0,0,
8fbd23f4e2ad442bb230aea8f433cd49,1470,158366,392,142,1573,https://www.youtube.com/watch?v=dywlWSusBw0,306,131,935,https://www.youtube.com/watch?v=8qraiB1d_kY,1253,651,1573,https://www.youtube.com/watch?v=dywlWSusBw0,123,18,14,45,https://www.twitch.tv/videos/2891254969
d62ad85ae5434754bc4f9f366815064a,1470,45297,0,0,0,,0,0,0,,0,0,0,,0,0,0,0,
687568c1c9254c8ab34e7b6efbdd6dbc,1470,211169,175,51,211,https://www.youtube.com/watch?v=bfmDctaWV_o,175,51,211,https://www.youtube.com/watch?v=bfmDctaWV_o,0,0,0,,0,0,0,0,
5bc1ba6d941e4eca868a5b33425c3262,1470,0,0,0,0,,0,0,0,,0,0,0,,1836,1038,853,1327,https://www.twitch.tv/videos/2884175466
58588863643843439cebc85ef72654bb,1460,107707,201,127,364,https://www.youtube.com/watch?v=8-lXsj0AD3k,189,122,364,https://www.youtube.com/watch?v=8-lXsj0AD3k,276,214,276,https://www.youtube.com/watch?v=Id1gpRc7wg4,0,0,0,0,
c91c52df005e4a7c988704e474b54dbc,1460,171618,329,175,1389,https://www.youtube.com/watch?v=RHbMnXigA3s,298,172,543,https://www.youtube.com/watch?v=Ut3v88qUcvc,1061,414,1389,https://www.youtube.com/watch?v=RHbMnXigA3s,0,0,0,0,
091ac99f10804fe3b417a0f285731b4e,1460,924,215,145,215,https://www.youtube.com/watch?v=ZqqCrTu8Ms0,215,145,215,https://www.youtube.com/watch?v=ZqqCrTu8Ms0,0,0,0,,465,0,0,0,
8044e4d538ab4e16b1952c8e42dee12e,1450,145812,40,16,1203,https://www.youtube.com/watch?v=8DBi8GZVqaM,43,18,150,https://www.youtube.com/watch?v=JvjPj2tUrao,19,14,1203,https://www.youtube.com/watch?v=8DBi8GZVqaM,0,0,0,0,
22a83c82e1914eb68b12e76b4ccb277c,1450,62689,415,189,522,https://www.youtube.com/watch?v=Ob_uCzIU4Yc,415,189,522,https://www.youtube.com/watch?v=Ob_uCzIU4Yc,0,0,0,,0,0,0,0,
fcb4d9b8cd4a49dba6b421d97c179065,1450,66626,0,0,0,,0,0,0,,0,0,0,,1337,149,114,184,https://www.twitch.tv/videos/2883787710
b572cb7de27446e3bcda5135f6a23d8a,1450,59577,94,59,178,https://www.youtube.com/watch?v=CzrPZ-2sGZI,94,59,178,https://www.youtube.com/watch?v=CzrPZ-2sGZI,0,0,0,,0,0,0,0,
773a7694afcf4666960b05a4faf1a1fa,1440,86015,69,37,69,https://www.youtube.com/watch?v=IKYMtBe1xJw,0,0,0,,69,37,69,https://www.youtube.com/watch?v=IKYMtBe1xJw,0,0,0,0,
f4eae5dde65b41969336f3f52c6df2d8,1440,138349,417,150,1273,https://www.youtube.com/watch?v=VOrygKX5Djc,402,146,1013,https://www.youtube.com/watch?v=nyiM8fULSGQ,1201,252,1273,https://www.youtube.com/watch?v=VOrygKX5Djc,187,0,0,0,
2ea398a50afd48c3a9e3a819186a4375,1440,67117,0,0,0,,0,0,0,,0,0,0,,153,0,0,0,
0ec3bf23ccba41659f6d91e424fb2b4a,1430,57452,324,169,324,https://www.youtube.com/watch?v=u4y3uZfPOR8,324,169,324,https://www.youtube.com/watch?v=u4y3uZfPOR8,0,0,0,,0,0,0,0,
a4d4a2a3d7b648be9aa4d652ae592a4b,1420,122058,0,0,0,,0,0,0,,0,0,0,,146,0,0,0,
5a901d793927414493afa87af0c4baec,1420,29071,0,0,0,,0,0,0,,0,0,0,,1434,0,0,0,
87606e72f653472f9eafb06e8f49c39c,1420,166180,0,0,0,,0,0,0,,0,0,0,,0,0,0,0,
564b411dc4874310be6f8ee9bb7a0312,1420,102360,0,0,0,,0,0,0,,0,0,0,,0,0,0,0,
a7410ae72f2d4648bcf192c21abd7c32,1420,55213,185,88,199,https://www.youtube.com/watch?v=46kogj1rYQ0,185,88,199,https://www.youtube.com/watch?v=46kogj1rYQ0,0,0,0,,174,0,0,0,
a5e5533ac342488a94003dc77869ddf9,1410,86867,227,68,1136,https://www.youtube.com/watch?v=GCRDubfV8E8,227,68,1136,https://www.youtube.com/watch?v=GCRDubfV8E8,0,0,0,,0,0,0,0,
6f68d3f50edf4814b59a4a018090b180,1410,31925,577,357,577,https://www.youtube.com/watch?v=hBhSYnPemCg,577,357,577,https://www.youtube.com/watch?v=hBhSYnPemCg,0,0,0,,0,0,0,0,
303c4cd8cf334f01805afdd8df5adc7f,1410,58559,90,88,96,https://www.youtube.com/watch?v=5M-0MrcGEBA,90,88,96,https://www.youtube.com/watch?v=5M-0MrcGEBA,0,0,0,,0,0,0,0,
fdb0805c65e24f13b7f23e50e0db8ae2,1410,543218,14855,9625,36037,https://www.youtube.com/watch?v=eELhTwCvbYs,0,0,0,,14855,9625,36037,https://www.youtube.com/watch?v=eELhTwCvbYs,9100,1143,787,1865,https://www.twitch.tv/videos/2890714144
869d9d9067b64dd78418cc258cb6607b,1410,94332,454,150,1002,https://www.youtube.com/watch?v=LK8MJ0ZXxKU,448,150,1002,https://www.youtube.com/watch?v=LK8MJ0ZXxKU,510,247,510,https://www.youtube.com/watch?v=od9ET2Vxc2M,1142,186,151,273,https://www.twitch.tv/videos/2880121220
f479e1403f614727a5f2a2be339bad74,1400,24538,800,505,1170,https://www.youtube.com/watch?v=I9fL5rrZAsk,0,0,0,,800,505,1170,https://www.youtube.com/watch?v=I9fL5rrZAsk,3620,241,120,319,https://www.twitch.tv/videos/2880082951
566e5b6f438a4cacb3e4036eb9ffe9b8,1400,92976,150,58,1061,https://www.youtube.com/watch?v=FK9tPgCoQjw,135,58,481,https://www.youtube.com/watch?v=TNIv5IuPGd8,438,116,1061,https://www.youtube.com/watch?v=FK9tPgCoQjw,0,0,0,0,
18d1c00e0bde4ddbb8be5eafe0967dfe,1390,85156,0,0,0,,0,0,0,,0,0,0,,0,0,0,0,
5356357f112b46db862b472a4aafcee8,1390,46066,214,184,214,https://www.youtube.com/watch?v=r_cSQekvoSk,0,0,0,,214,184,214,https://www.youtube.com/watch?v=r_cSQekvoSk,1293,45,42,56,https://www.twitch.tv/videos/2890502863
07c204505d544b28bb52426d0665a59c,1390,81313,404,175,824,https://www.youtube.com/watch?v=3s6bUXjh2kg,404,175,824,https://www.youtube.com/watch?v=3s6bUXjh2kg,0,0,0,,0,0,0,0,
6adad1ae67dc495dae88cefa06446593,1390,107133,0,0,0,,0,0,0,,0,0,0,,0,0,0,0,
403697f0f5ba49ef873673236c07e2d3,1390,87553,137,99,265,https://www.youtube.com/watch?v=3_8NL3K5cNs,137,99,265,https://www.youtube.com/watch?v=3_8NL3K5cNs,0,0,0,,368,174,131,233,https://www.twitch.tv/videos/2887267351
8ae0f370cf124faa953a09089a427fd9,1380,104755,555,208,1695,https://www.youtube.com/watch?v=MLIl0htPSD0,564,229,1695,https://www.youtube.com/watch?v=MLIl0htPSD0,51,20,51,https://www.youtube.com/watch?v=qrPMKcHKrVs,322,14,11,28,https://www.twitch.tv/videos/2880099987
a05afa97381b4f96b02a1af859426f9c,1380,127646,552,261,1893,https://www.youtube.com/watch?v=M-bG9sBWsRg,434,185,1232,https://www.youtube.com/watch?v=jF61ZTuNKxI,773,273,1893,https://www.youtube.com/watch?v=M-bG9sBWsRg,0,0,0,0,
ffe6a7983e434702a68fe18c169e3164,1380,57972,197,101,501,https://www.youtube.com/watch?v=vvTHsCHuevk,182,99,501,https://www.youtube.com/watch?v=vvTHsCHuevk,197,101,197,https://www.youtube.com/watch?v=QreYWWpc9m8,407,29,23,34,https://www.twitch.tv/videos/2887094009
7136d4451e954a2daed572b2ba517303,1380,10137,911,634,1582,https://www.youtube.com/watch?v=iT6FVujuuCk,911,634,1582,https://www.youtube.com/watch?v=iT6FVujuuCk,0,0,0,,0,0,0,0,
e63047f70b0b4a7eba70e7d8cbd507ec,1380,31509,0,0,0,,0,0,0,,0,0,0,,0,0,0,0,
30f58f5fd3994b9a8751b3f44e543c17,1380,107579,129,113,129,https://www.youtube.com/watch?v=03fL4_NefVk,129,113,129,https://www.youtube.com/watch?v=03fL4_NefVk,0,0,0,,0,0,0,0,
5de329cf8bc5410fb40ef38d117be94d,1370,89884,398,151,14671,https://www.youtube.com/watch?v=OQs1N1FzUbc,339,145,590,https://www.youtube.com/watch?v=YPKsBYSNQ8w,7932,1727,14671,https://www.youtube.com/watch?v=OQs1N1FzUbc,664,160,105,203,https://www.twitch.tv/videos/2884459683
61e81c6f534247b486b8125bd34fa960,1370,68616,0,0,0,,0,0,0,,0,0,0,,20298,410,128,1853,https://www.twitch.tv/videos/2885399672
bb28421da8a749ffb1ca8582b6278c24,1370,54795,0,0,0,,0,0,0,,0,0,0,,824,104,76,105,https://www.twitch.tv/videos/2881858656
d23dbc9d1db64c42821697d1bac8fb66,1370,134634,233,109,1675,https://www.youtube.com/watch?v=dSGVQkpsfy0,231,91,562,https://www.youtube.com/watch?v=YfofIr79N9o,1088,720,1675,https://www.youtube.com/watch?v=dSGVQkpsfy0,0,0,0,0,
de1fec02e4ab43aa948a415621abc524,1370,88417,0,0,0,,0,0,0,,0,0,0,,0,0,0,0,
43056077596a49349ee4bea028f670f6,1370,81153,0,0,0,,0,0,0,,0,0,0,,302,0,0,0,
2f966e51210f49ba9dce2ac90e3ada18,1370,16688,0,0,0,,0,0,0,,0,0,0,,1054,240,220,637,https://www.twitch.tv/videos/2885520365
188bbf1349f1482cbd24d06ba720cf17,1370,18773,47,7,61,https://www.youtube.com/watch?v=KiHWWDwdugE,0,0,0,,47,7,61,https://www.youtube.com/watch?v=KiHWWDwdugE,916,164,121,164,https://www.twitch.tv/videos/2885259230
c587658ad4fe44b09137591c094ab297,1370,149779,311,152,1048,https://www.youtube.com/watch?v=AJUj_amh-tg,296,153,624,https://www.youtube.com/watch?v=wnl16Xs69mo,1048,20,1048,https://www.youtube.com/watch?v=AJUj_amh-tg,32,0,0,0,
a974047cb6bb412da7fca2ec9d91d882,1370,63210,0,0,0,,0,0,0,,0,0,0,,221,93,59,93,https://www.twitch.tv/videos/2882588588
8968a24fb6bf4f08b1611e694c98eb40,1360,95095,92,42,177,https://www.youtube.com/watch?v=Z-vcy0d627c,92,42,162,https://www.youtube.com/watch?v=cZ7q8sjBbBM,97,50,177,https://www.youtube.com/watch?v=Z-vcy0d627c,0,0,0,0,
01fc7842da284adaad67d3774a4b2a6c,1360,35858,413,92,1127,https://www.youtube.com/watch?v=7G7dVU7G5bs,413,92,1127,https://www.youtube.com/watch?v=7G7dVU7G5bs,0,0,0,,0,0,0,0,
a8b244b0fb1f42f8b4bb3d3c2277de3b,1360,136763,960,581,6463,https://www.youtube.com/watch?v=rE40R0hjJ38,0,0,0,,960,581,6463,https://www.youtube.com/watch?v=rE40R0hjJ38,5316,647,334,961,https://www.twitch.tv/videos/2869351577
902740b39aed4b3cb381701c96a73f3a,1350,76349,187,79,601,https://www.youtube.com/watch?v=eSuavWLBnWY,187,79,601,https://www.youtube.com/watch?v=eSuavWLBnWY,254,81,352,https://www.youtube.com/watch?v=MmJOhk0EbKE,261,47,36,96,https://www.twitch.tv/videos/2887034566
6861903583ee45d191ddc03faf6cd0d8,1350,21466,0,0,0,,0,0,0,,0,0,0,,1347,89,54,129,https://www.twitch.tv/videos/2881049239
ea8cc7c4366d48c797a88bfbcf584301,1350,36387,0,0,0,,0,0,0,,0,0,0,,282,237,183,255,https://www.twitch.tv/videos/2886250511
4d98ebdc4eb8448da8d2ab8f64df8383,1350,66,0,0,0,,0,0,0,,0,0,0,,154,0,0,0,
aa0d8c2604694532a20aaf0f0ced8a5e,1350,0,0,0,0,,0,0,0,,0,0,0,,2475,0,0,0,
4082168d753e42b7aca1d25e759d09a7,1350,50007,0,0,0,,0,0,0,,0,0,0,,663,0,0,0,
4071b27c63424e1f9882ebe04a884586,1350,57489,0,0,0,,0,0,0,,0,0,0,,6880,2035,235,2035,https://www.twitch.tv/videos/2868682620
7327248ff3f04589bca9e61665448ae8,1350,47520,0,0,0,,0,0,0,,0,0,0,,308,0,0,0,
4267c862353e410388f1eaa5a5d85017,1350,38967,163,113,238,https://www.youtube.com/watch?v=j4rjRrnoOw4,163,113,238,https://www.youtube.com/watch?v=j4rjRrnoOw4,0,0,0,,0,0,0,0,
e3157ce546a640029cfcccb9107f8154,1350,80941,6,2,401,https://www.youtube.com/watch?v=3oQVy6WlXvU,0,0,0,,6,2,401,https://www.youtube.com/watch?v=3oQVy6WlXvU,0,0,0,0,
7a9b7ab0d5bd411195d77800ff778a90,1340,372513,1024,312,1328,https://www.youtube.com/watch?v=kKPwt_uhWD8,0,0,0,,1024,312,1328,https://www.youtube.com/watch?v=kKPwt_uhWD8,66,0,0,0,
515f61904a1a45688ea0d7bc1e7d499e,1340,333823,774,213,916,https://www.youtube.com/watch?v=QU9zQjYXwBA,0,0,0,,774,213,916,https://www.youtube.com/watch?v=QU9zQjYXwBA,6,0,0,0,
521efecabae94dd6b1d21bc5e8543fcb,1340,77262,263,125,1036,https://www.youtube.com/watch?v=X7O0rurKBQk,250,64,1036,https://www.youtube.com/watch?v=X7O0rurKBQk,348,284,348,https://www.youtube.com/watch?v=RuNx6nkXK44,368,0,0,0,
a9396c8dd95e43b29c694b14afa07ac4,1340,112806,143,137,143,https://www.youtube.com/watch?v=sPKAy8B46oQ,143,137,143,https://www.youtube.com/watch?v=sPKAy8B46oQ,0,0,0,,4036,380,334,664,https://www.twitch.tv/videos/2889815553
97b10f7c6f434fa1a80f76e6740a9c6b,1340,76381,2754,1414,6176,https://www.youtube.com/watch?v=3wALtSf4crw,0,0,0,,2754,1414,6176,https://www.youtube.com/watch?v=3wALtSf4crw,4704,2579,1169,5598,https://www.twitch.tv/videos/2886993098
5903a0f7274043058d817894a9b39e75,1340,31535,35,4,106,https://www.youtube.com/watch?v=T__iWv7p7TM,0,0,0,,35,4,106,https://www.youtube.com/watch?v=T__iWv7p7TM,0,0,0,0,
66d986eaa59347b0b18c5ed103cb173e,1340,72997,367,103,825,https://www.youtube.com/watch?v=LaH3N9d1NWI,400,111,825,https://www.youtube.com/watch?v=LaH3N9d1NWI,66,38,66,https://www.youtube.com/watch?v=NzpRGnGM868,0,0,0,0,
1e06211caf4f4afa98125699a4c66b5d,1330,0,0,0,0,,0,0,0,,0,0,0,,0,0,0,0,
9de536d111214c379ec6969a52d92442,1330,76207,151,110,151,https://www.youtube.com/watch?v=Qlkg6QSc374,151,110,151,https://www.youtube.com/watch?v=Qlkg6QSc374,0,0,0,,0,0,0,0,
e15cd068f6fd4a05be985c22133f5428,1330,97434,0,0,0,,0,0,0,,0,0,0,,0,0,0,0,
d4bea738b4d548b788ddb590b62cc2bd,1330,172433,371,87,657,https://www.youtube.com/watch?v=WjQ0hAIC4aU,424,108,657,https://www.youtube.com/watch?v=WjQ0hAIC4aU,62,39,62,https://www.youtube.com/watch?v=G_wpgn3mOoU,0,0,0,0,
648d77b2067849838a8ad3fdc0afb85a,1330,6168,0,0,0,,0,0,0,,0,0,0,,1637,390,255,1272,https://www.twitch.tv/videos/2890327727
afe78c5051094e86bf9fdfe6cb2a4222,1330,63054,183,64,260,https://www.youtube.com/watch?v=B-9aZY28Py4,183,64,260,https://www.youtube.com/watch?v=B-9aZY28Py4,0,0,0,,0,0,0,0,
d3e4f9bdbb6c42fc97b60148cefdb6e0,1320,36268,973,665,973,https://www.youtube.com/watch?v=s5gri8hpYQs,973,665,973,https://www.youtube.com/watch?v=s5gri8hpYQs,0,0,0,,5919,2470,1197,4713,https://www.twitch.tv/videos/2885528876
4297ecbe09d04698a65f1778f5c16dc4,1320,111981,999,257,1743,https://www.youtube.com/watch?v=lz_TnASfapU,283,151,633,https://www.youtube.com/watch?v=TkyyuCWuB6A,1061,506,1743,https://www.youtube.com/watch?v=lz_TnASfapU,236,0,0,0,
9b424d3a99ef4fc3b17bc7fef92fefd3,1320,154019,323,226,1581,https://www.youtube.com/watch?v=LOuna9hE1Iw,239,137,455,https://www.youtube.com/watch?v=C9XX7PHdBz0,1216,497,1581,https://www.youtube.com/watch?v=LOuna9hE1Iw,380,0,0,0,
026bdd139df44cec930dd7fc76345184,1320,67758,346,175,1039,https://www.youtube.com/watch?v=LlcdjBFdPiY,323,142,1039,https://www.youtube.com/watch?v=LlcdjBFdPiY,421,413,421,https://www.youtube.com/watch?v=bfHhSCzHW-0,0,0,0,0,
6ff6adcddc934a3b94e45448e1912539,1320,203652,0,0,0,,0,0,0,,0,0,0,,1855,0,0,0,
9cd7391045604ccda8be89f7946233e2,1310,81106,1025,434,1819,https://www.youtube.com/watch?v=k0a3lr5-wxE,0,0,0,,1025,434,1819,https://www.youtube.com/watch?v=k0a3lr5-wxE,181,0,0,0,
506d9c6fdbd34c8aa5fda64d90d96ac2,1310,115475,198,95,1559,https://www.youtube.com/watch?v=43tr7KKdnh0,198,95,1559,https://www.youtube.com/watch?v=43tr7KKdnh0,0,0,0,,0,0,0,0,
eec1f137ea78444185a4268f72f59611,1310,49976,0,0,0,,0,0,0,,0,0,0,,0,0,0,0,
e2df9d4aea8b4cb4b8e38c31cbf73036,1310,50276,0,0,0,,0,0,0,,0,0,0,,0,0,0,0,
de49994d9fd14067bf9ea5b4fbac7229,1310,25668,132,61,197,https://www.youtube.com/watch?v=5GOqXKQu0O0,132,61,197,https://www.youtube.com/watch?v=5GOqXKQu0O0,0,0,0,,416,0,0,0,
355d53b23acb4f4697b858ca06b25fb7,1300,411630,45,40,45,https://www.youtube.com/watch?v=49ONopIyk7A,45,40,45,https://www.youtube.com/watch?v=49ONopIyk7A,0,0,0,,0,0,0,0,
834afd07257a43ac9f61085f79449be1,1300,74939,757,642,1736,https://www.youtube.com/watch?v=eQUFEHiAJXc,535,367,922,https://www.youtube.com/watch?v=8VSm_Y1xXDE,1154,1090,1736,https://www.youtube.com/watch?v=eQUFEHiAJXc,0,0,0,0,
f5a99c6ea78e4023b1bc84c1502f432d,1290,59910,85,19,976,https://www.youtube.com/watch?v=Id3PjuNNsY0,96,13,159,https://www.youtube.com/watch?v=JiYYt7BtqV8,72,27,976,https://www.youtube.com/watch?v=Id3PjuNNsY0,876,54,15,167,https://www.twitch.tv/videos/2866972384
f227226fd52e4fbe801b4c89acfe4887,1290,47537,194,76,1601,https://www.youtube.com/watch?v=ucGFFA21ytk,194,76,1601,https://www.youtube.com/watch?v=ucGFFA21ytk,0,0,0,,668,0,0,0,
cd9733cb91b6400aae0bc23e3f25d7eb,1290,36315,0,0,0,,0,0,0,,0,0,0,,0,0,0,0,
2efe1ad069184a7e94b0583b452ffac4,1280,87419,0,0,0,,0,0,0,,0,0,0,,0,0,0,0,
74f214b764314c5aa446eb9981c94935,1280,42592,0,0,0,,0,0,0,,0,0,0,,0,0,0,0,
f97745a8003c480fa728cf34d61afc6c,1270,89683,241,55,434,https://www.youtube.com/watch?v=cq7ZQfe85GI,153,47,241,https://www.youtube.com/watch?v=nUxFD6QgfMc,389,87,434,https://www.youtube.com/watch?v=cq7ZQfe85GI,87,86,49,86,https://www.twitch.tv/videos/2880965535
f2ca2659644f4d02abc851e7bee3255b,1270,24426,0,0,0,,0,0,0,,0,0,0,,2846,370,169,643,https://www.twitch.tv/videos/2886388520
c6af4f23c6ce4adab5301d79b0bd343a,1260,188351,503,223,2085,https://www.youtube.com/watch?v=TRX4ElbrO20,468,183,2085,https://www.youtube.com/watch?v=TRX4ElbrO20,959,564,959,https://www.youtube.com/watch?v=B-fFeUy3Xz8,3791,716,246,1510,https://www.twitch.tv/videos/2889610962
7f7e1579979c49249dc65783d457e890,1260,34480,264,154,264,https://www.youtube.com/watch?v=wAh_1-rInPo,264,154,264,https://www.youtube.com/watch?v=wAh_1-rInPo,0,0,0,,437,0,0,0,
6ab090baa4624f1c8fca28312799e826,1260,43049,0,0,0,,0,0,0,,0,0,0,,800,79,69,105,https://www.twitch.tv/videos/2886365904
0b8d1c0fa1b14df6821e85def645425e,1250,105997,226,119,431,https://www.youtube.com/watch?v=MFPnmJ9mJ5k,226,119,431,https://www.youtube.com/watch?v=MFPnmJ9mJ5k,0,0,0,,164,0,0,0,
15bc73fc2acf4a7695bab31fdea450f0,1250,44172,137,58,168,https://www.youtube.com/watch?v=4O3MBHUVj0s,137,58,168,https://www.youtube.com/watch?v=4O3MBHUVj0s,0,0,0,,0,0,0,0,
e5433e4a21eb49e2bcd508e3b12fba6d,1250,8430,0,0,0,,0,0,0,,0,0,0,,185,0,0,0,
82d5f7612b7645f3a77dd954a0e30b24,1250,8198,0,0,0,,0,0,0,,0,0,0,,0,0,0,0,
19f507cc460a426cb02013fb203bd0a7,1250,86245,728,299,1359,https://www.youtube.com/watch?v=xC7Syx1KCdo,728,299,1359,https://www.youtube.com/watch?v=xC7Syx1KCdo,0,0,0,,507,55,49,111,https://www.twitch.tv/videos/2891494460
5d73e7f013034d06b58decaf4b2b385c,1240,27893,0,0,0,,0,0,0,,0,0,0,,0,0,0,0,
e2ddcd13e70643238d46f50fba8261b2,1240,115739,0,0,0,,0,0,0,,0,0,0,,3073,552,223,1925,https://www.twitch.tv/videos/2872818780
e290f49c193149708cd72747639d5ced,1240,76203,226,102,1056,https://www.youtube.com/watch?v=LHRbLbAofvk,226,102,1056,https://www.youtube.com/watch?v=LHRbLbAofvk,0,0,0,,0,0,0,0,
03c9d83a4c534b65a5743b381eb2ce33,1240,41000,172,24,342,https://www.youtube.com/watch?v=lozndMfLT1U,172,24,342,https://www.youtube.com/watch?v=lozndMfLT1U,0,0,0,,699,0,0,0,
d7e9a44c2bbe439b9f062d64dc1b96f3,1230,86389,490,170,961,https://www.youtube.com/watch?v=5pJZIZ1PEaY,490,170,961,https://www.youtube.com/watch?v=5pJZIZ1PEaY,0,0,0,,134,0,0,0,
0446516df6074a4ba8a0f3639b17de46,1230,66243,0,0,0,,0,0,0,,0,0,0,,0,0,0,0,
6abc6d7010ed4b7a88b2566b171c9005,1230,50272,324,118,1162,https://www.youtube.com/watch?v=E5kg3ix9r1A,324,118,1162,https://www.youtube.com/watch?v=E5kg3ix9r1A,0,0,0,,0,0,0,0,
12f8dc82bc0d4f89bfbd7ede76ab1faf,1230,29339,0,0,0,,0,0,0,,0,0,0,,0,0,0,0,
0f74555e05794780adc4eb0b9096f727,1230,15708,85,43,85,https://www.youtube.com/watch?v=n_w2CEdpxbI,85,43,85,https://www.youtube.com/watch?v=n_w2CEdpxbI,0,0,0,,115,0,0,0,
a1ef171711404951a987f4c9bc5e64f0,1230,97675,213,42,1415,https://www.youtube.com/watch?v=1gz-RBc8uhU,251,59,542,https://www.youtube.com/watch?v=qhg7cpNIY04,108,23,1415,https://www.youtube.com/watch?v=1gz-RBc8uhU,0,0,0,0,
fb7ced3cc6c247928ce1bb3b2715d98c,1220,415545,965,372,1149,https://www.youtube.com/watch?v=brd7VGoY-h0,0,0,0,,965,372,1149,https://www.youtube.com/watch?v=brd7VGoY-h0,0,0,0,0,
d4b4a16e0ccc4bb49ff82c8584e6ed79,1220,42957,0,0,0,,0,0,0,,0,0,0,,0,0,0,0,
1058d6e9f351455389e8a7a716ea26ff,1220,72212,210,101,852,https://www.youtube.com/watch?v=YnLQEykUQYw,221,107,852,https://www.youtube.com/watch?v=YnLQEykUQYw,38,25,38,https://www.youtube.com/watch?v=rZVmt2a1TvA,4417,301,131,800,https://www.twitch.tv/videos/2888927596
b399afc661d04f47acc9d0681be343b4,1220,181008,294,151,1697,https://www.youtube.com/watch?v=tUrcr7gOYHQ,263,133,1113,https://www.youtube.com/watch?v=YWLPjGOAibg,1127,600,1697,https://www.youtube.com/watch?v=tUrcr7gOYHQ,583,158,135,266,https://www.twitch.tv/videos/2888026296
3b9a06751f3c415993d424480d4d5060,1220,143409,218,144,277,https://www.youtube.com/watch?v=mwGmvqKSsxw,218,144,277,https://www.youtube.com/watch?v=mwGmvqKSsxw,0,0,0,,0,0,0,0,
1f378a6e115046ffa1a17f9079285d4a,1220,41906,318,136,540,https://www.youtube.com/watch?v=1E28oP9aBGs,318,136,540,https://www.youtube.com/watch?v=1E28oP9aBGs,0,0,0,,98,0,0,0,
9f585f607da24e26b05ccb7e06e1d4f1,1210,215068,754,229,1564,https://www.youtube.com/watch?v=cLjJw9_-Z1g,177,113,777,https://www.youtube.com/watch?v=Yb2LP9S1Bdc,1178,653,1564,https://www.youtube.com/watch?v=cLjJw9_-Z1g,568,0,0,0,
0a000a22ebd84abf860bcd5ef0a5ed60,1210,83738,13,7,1261,https://www.youtube.com/watch?v=ckdyfnG4vCw,0,0,0,,13,7,1261,https://www.youtube.com/watch?v=ckdyfnG4vCw,2622,355,153,740,https://www.twitch.tv/videos/2872188652
3430389926a942cbacde9b444b3a6653,1210,51317,0,0,0,,0,0,0,,0,0,0,,1055,0,0,0,
ffe0cef3d8c34c52bb605a23a3e61e95,1210,32650,277,18,277,https://www.youtube.com/watch?v=YcDLMvHsoqI,277,18,277,https://www.youtube.com/watch?v=YcDLMvHsoqI,0,0,0,,0,0,0,0,
e5eb10612f5c4b069928fc1a71ad8e7d,1210,107716,184,105,2348,https://www.youtube.com/watch?v=5e2BQRsyxHE,173,91,219,https://www.youtube.com/watch?v=Cq7l8qlqAkE,1254,313,2348,https://www.youtube.com/watch?v=5e2BQRsyxHE,0,0,0,0,
6e845fd52d044ab598cc4ca35ba91f88,1210,8121,21,14,79,https://www.youtube.com/watch?v=Mf44UI1DLHc,0,0,0,,21,14,79,https://www.youtube.com/watch?v=Mf44UI1DLHc,0,0,0,0,
af34d62a8f4e4ca180c11f11c2832893,1200,40671,0,0,0,,0,0,0,,0,0,0,,0,0,0,0,
921b0b3a8dd64a5494720801af95ba06,1200,85735,99,57,105,https://www.youtube.com/watch?v=w5j6PtR-hA4,99,57,105,https://www.youtube.com/watch?v=w5j6PtR-hA4,0,0,0,,0,0,0,0,
ca8d038d311e4cccb2deded15cee89cd,1200,77571,450,218,1195,https://www.youtube.com/watch?v=BKEc_INJmLo,496,303,1195,https://www.youtube.com/watch?v=BKEc_INJmLo,12,6,13,https://www.youtube.com/watch?v=hIoz6ZVbmCM,112,0,0,0,
1e59cd43a10a44edb1407fb8ba8529a8,1200,79583,321,101,890,https://www.youtube.com/watch?v=GCLaWPMKBCQ,321,101,890,https://www.youtube.com/watch?v=GCLaWPMKBCQ,0,0,0,,0,0,0,0,
ffaf6da580a44e11bba9715e3c854958,1200,71227,159,64,230,https://www.youtube.com/watch?v=Hv49SBaNS7U,159,64,230,https://www.youtube.com/watch?v=Hv49SBaNS7U,0,0,0,,196,0,0,0,
492582e14bd0480eb5c847e6240f020b,1200,91084,1107,766,6634,https://www.youtube.com/watch?v=_n7rivpdgfM,1041,820,6634,https://www.youtube.com/watch?v=_n7rivpdgfM,1173,626,1173,https://www.youtube.com/watch?v=juJEEfL_xm8,0,0,0,0,
e0823adb7a574647b6e395e70038509d,1190,52272,732,233,1245,https://www.youtube.com/watch?v=sZJxx44DxSA,384,287,384,https://www.youtube.com/watch?v=ibxL_y2fhj4,1080,178,1245,https://www.youtube.com/watch?v=sZJxx44DxSA,0,0,0,0,
f4c357c0b7ae4891859ecd205d903dff,1190,56883,78,20,1136,https://www.youtube.com/watch?v=yhGgIv-Trng,69,37,78,https://www.youtube.com/watch?v=-Z4lOVnjxik,78,12,1136,https://www.youtube.com/watch?v=yhGgIv-Trng,92,0,0,0,
ccf93d7646f249dfa3454f5a60f466c8,1190,43015,0,0,0,,0,0,0,,0,0,0,,117,0,0,0,
2656bc44436c45cca3e94e43a9a49c2d,1190,216144,419,170,1422,https://www.youtube.com/watch?v=6D_he4zGl5Y,419,170,1422,https://www.youtube.com/watch?v=6D_he4zGl5Y,0,0,0,,0,0,0,0,
6826120624a244d4ab9522b5845db071,1190,71070,1248,443,2186,https://www.youtube.com/watch?v=la8se4jXJuo,0,0,0,,1248,443,2186,https://www.youtube.com/watch?v=la8se4jXJuo,4071,994,713,1268,https://www.twitch.tv/videos/2888490806
7ca610bac41843a28abba9e947aa9ded,1180,59728,3524,1893,3524,https://www.youtube.com/watch?v=zYiu0WJD7mI,0,0,0,,3524,1893,3524,https://www.youtube.com/watch?v=zYiu0WJD7mI,3292,2050,1456,2050,https://www.twitch.tv/videos/2884406175
36ad63809a2441c9b85f7ee628136ce3,1180,135468,319,106,1282,https://www.youtube.com/watch?v=e8LEka2sksc,319,148,1282,https://www.youtube.com/watch?v=e8LEka2sksc,396,47,674,https://www.youtube.com/watch?v=gSgpNH7vbyI,23,0,0,0,
870430bfaf9942f487819fcb4630fabb,1180,1675,0,0,0,,0,0,0,,0,0,0,,1225,111,63,111,https://www.twitch.tv/videos/2880876137
9cdf183fa1ee43c2906cca70884a6278,1170,24764,0,0,0,,0,0,0,,0,0,0,,0,0,0,0,
e63fe9e27be44403b222fb0319c027b6,1160,31294,0,0,0,,0,0,0,,0,0,0,,5881,1378,974,3399,https://www.twitch.tv/videos/2884297467
20bfe5495db6453eaadbc55322c856f9,1160,39401,0,0,0,,0,0,0,,0,0,0,,0,0,0,0,
74c75f221fbb4cffa67de26881bae17d,1160,83282,0,0,0,,0,0,0,,0,0,0,,0,0,0,0,
238b751368474f798a737e7cf1f4a87b,1160,64732,177,58,1147,https://www.youtube.com/watch?v=ug9F5cKWd-8,273,71,959,https://www.youtube.com/watch?v=ScsXq1gCpHY,154,52,1147,https://www.youtube.com/watch?v=ug9F5cKWd-8,2112,134,92,211,https://www.twitch.tv/videos/2885431023
956591dc2e40411688b8f8e3079bc5e3,1160,133363,320,119,388,https://www.youtube.com/watch?v=llFkNWzEtRk,320,119,388,https://www.youtube.com/watch?v=llFkNWzEtRk,0,0,0,,0,0,0,0,
ce4d344e37cd403cbb5325010144d393,1160,101041,785,119,1725,https://www.youtube.com/watch?v=ncZB44PPA7Q,112,5,176,https://www.youtube.com/watch?v=UvX84YSBim4,1235,696,1725,https://www.youtube.com/watch?v=ncZB44PPA7Q,1684,362,246,2148,https://www.twitch.tv/videos/2880957099
78f09e2a2d31477aa4a475ff159fb7c2,1160,103135,244,176,1554,https://www.youtube.com/watch?v=FkC1Tettplw,269,107,269,https://www.youtube.com/watch?v=sZEizFXViHM,219,196,1554,https://www.youtube.com/watch?v=FkC1Tettplw,221,0,0,0,
9bf758b113b048bc9331f244b619e4b2,1160,103095,103,58,157,https://www.youtube.com/watch?v=92usZAutkb8,103,58,157,https://www.youtube.com/watch?v=92usZAutkb8,0,0,0,,280,0,0,0,
fe555b322c784b5b9c2297c585bc9352,1160,37649,0,0,0,,0,0,0,,0,0,0,,0,0,0,0,
507d48eff3d44b6cba7b707e321e01e7,1160,64957,0,0,0,,0,0,0,,0,0,0,,579,0,0,0,
ac5176c53ad7447b8d63f82f65ba7200,1160,56939,0,0,0,,0,0,0,,0,0,0,,2547,0,0,0,
0b0668c6206c4500bdcbc281ee58680c,1150,45106,125,64,1323,https://www.youtube.com/watch?v=eAYU3cdBJT0,115,64,460,https://www.youtube.com/watch?v=NXg7YUhwicQ,1323,930,1323,https://www.youtube.com/watch?v=eAYU3cdBJT0,3031,467,273,467,https://www.twitch.tv/videos/2881110795
99e9616a2f73426d8c0a672dd20d9ad3,1150,222368,0,0,0,,0,0,0,,0,0,0,,62,0,0,0,
7e1072448d24495f8cac5163c0290989,1150,41674,108,55,178,https://www.youtube.com/watch?v=wsuNDydI5Pw,108,55,178,https://www.youtube.com/watch?v=wsuNDydI5Pw,0,0,0,,203,0,0,0,
3d33f15ad27c406abfd68d6c16e0b53d,1150,69361,587,149,587,https://www.youtube.com/watch?v=4jhbUZOxlj8,587,149,587,https://www.youtube.com/watch?v=4jhbUZOxlj8,0,0,0,,0,0,0,0,
43acb25e255340d09b50283f0308d1ff,1150,661328,65,31,65,https://www.youtube.com/watch?v=gwLC1rMZV0s,65,31,65,https://www.youtube.com/watch?v=gwLC1rMZV0s,0,0,0,,0,0,0,0,
f4ff6f40be3a4294ac1fe3e475421377,1150,93171,787,255,1067,https://www.youtube.com/watch?v=xl-acOLz4uw,787,255,1067,https://www.youtube.com/watch?v=xl-acOLz4uw,0,0,0,,47,0,0,0,
34e2da1086ea4670b7b3d1fec34d8403,1150,61754,206,101,352,https://www.youtube.com/watch?v=1zSoj4TmVvc,208,104,352,https://www.youtube.com/watch?v=1zSoj4TmVvc,115,89,115,https://www.youtube.com/watch?v=s_qtyO0gg_A,0,0,0,0,
95694a64c0fe4b5c987344f1edcec826,1150,53480,220,52,253,https://www.youtube.com/watch?v=TJdUwO-5aiE,227,80,253,https://www.youtube.com/watch?v=TJdUwO-5aiE,103,52,103,https://www.youtube.com/watch?v=Sb2khMuXcEM,1694,123,87,390,https://www.twitch.tv/videos/2885346789
b4b4fcedc8264cb5b90584935aebf110,1150,47973,682,315,704,https://www.youtube.com/watch?v=DgqranJ-GkU,682,315,704,https://www.youtube.com/watch?v=DgqranJ-GkU,0,0,0,,265,0,0,0,
0e9aeecbe8f04a62ab781cf2e520eba0,1150,43151,35,32,1454,https://www.youtube.com/watch?v=RgspaPt3nU0,20,17,29,https://www.youtube.com/watch?v=DPqii7f4Yrc,1026,313,1454,https://www.youtube.com/watch?v=RgspaPt3nU0,7782,745,366,2566,https://www.twitch.tv/videos/2887035508
d4c077fa180a460cabadc4e2838d1855,1140,38954,0,0,0,,0,0,0,,0,0,0,,0,0,0,0,
01871d8239314affaf7032899ce6502f,1140,298931,0,0,0,,0,0,0,,0,0,0,,0,0,0,0,
32a5b834b2bf4912bcd54ac00ae13285,1140,3957,0,0,0,,0,0,0,,0,0,0,,2958,369,219,460,https://www.twitch.tv/videos/2884409278
2a0de6059bd74c298a80f45a8052790e,1140,234170,0,0,0,,0,0,0,,0,0,0,,1372,171,123,354,https://www.twitch.tv/videos/2880048221
fff74fa431cd4468b177675010504ee1,1140,21658,125,55,723,https://www.youtube.com/watch?v=9QhBJCKZ3rg,125,55,723,https://www.youtube.com/watch?v=9QhBJCKZ3rg,0,0,0,,402,70,53,149,https://www.twitch.tv/videos/2890665802
fc7fa0c5a7604cc8a420ee89472fcac3,1140,43575,387,177,1389,https://www.youtube.com/watch?v=OEyrjZ53iTs,410,236,1389,https://www.youtube.com/watch?v=OEyrjZ53iTs,166,62,181,https://www.youtube.com/watch?v=Pe8OB9SBzMc,1303,0,0,0,
c964cb46cc9d411aaca372f9e459d2dc,1130,53752,0,0,0,,0,0,0,,0,0,0,,231,0,0,0,
4e7110080135486ba1d83d3e5cdbf0ca,1130,15037,0,0,0,,0,0,0,,0,0,0,,434,0,0,0,
5226367de740445789ec9b65a84d65c5,1130,184912,323,150,531,https://www.youtube.com/watch?v=W0Vl3MdCQDc,323,150,531,https://www.youtube.com/watch?v=W0Vl3MdCQDc,0,0,0,,280,0,0,0,
a5c12a1268af408c9a3ed6adbb72c53c,1130,70316,0,0,0,,0,0,0,,0,0,0,,0,0,0,0,
aab094af87d74f3cbcb332bdac03fa23,1130,23966,0,0,0,,0,0,0,,0,0,0,,0,0,0,0,
ea31f43c943742be847e205495fc64ad,1130,88226,0,0,0,,0,0,0,,0,0,0,,4618,1420,746,2388,https://www.twitch.tv/videos/2867717110
d475848a566848dc9f6ad02707d87e2a,1130,158587,155,65,1262,https://www.youtube.com/watch?v=0fxXF0DYrTY,172,74,1262,https://www.youtube.com/watch?v=0fxXF0DYrTY,55,28,119,https://www.youtube.com/watch?v=-1ieRbC6HAI,0,0,0,0,
49f14b84269f458099232c2a21b2ba74,1120,32479,0,0,0,,0,0,0,,0,0,0,,0,0,0,0,
4bdf9ee9f53f4785b37a9d9dbd2a0da8,1120,66852,28,8,124,https://www.youtube.com/watch?v=SAHZdZkrvL8,0,0,0,,28,8,124,https://www.youtube.com/watch?v=SAHZdZkrvL8,0,0,0,0,
0d080db8809848e2ba918799b2f7885b,1120,87475,286,107,526,https://www.youtube.com/watch?v=KE6RYz4BI2I,286,107,526,https://www.youtube.com/watch?v=KE6RYz4BI2I,0,0,0,,0,0,0,0,
c2b9638d8dd54888a91caa8a67366907,1120,21944,1210,389,1210,https://www.youtube.com/watch?v=V7R1-Q3TzoI,1210,389,1210,https://www.youtube.com/watch?v=V7R1-Q3TzoI,0,0,0,,2636,99,87,805,https://www.twitch.tv/videos/2883424684
853afd5eb42e4f61bb0f9478aa8c1661,1120,0,0,0,0,,0,0,0,,0,0,0,,0,0,0,0,
381bb87f90794f2a909775a87c192dc5,1120,109478,0,0,0,,0,0,0,,0,0,0,,10547,267,90,519,https://www.twitch.tv/videos/2884538764
99f95450781349058c1c4098d6fe9f41,1120,75908,1465,65,1465,https://www.youtube.com/watch?v=5l9lxgKxOHk,0,0,0,,1465,65,1465,https://www.youtube.com/watch?v=5l9lxgKxOHk,0,0,0,0,
46a8009adbca4aa083af580b50b69306,1110,25262,107,43,179,https://www.youtube.com/watch?v=eRIfXlQsv7o,107,43,179,https://www.youtube.com/watch?v=eRIfXlQsv7o,0,0,0,,504,9,6,11,https://www.twitch.tv/videos/2886195989
4b214cdeac0649989f03f39e497816cf,1110,4550048,367,119,18358,https://www.youtube.com/watch?v=WWha1c0avBE,201,106,507,https://www.youtube.com/watch?v=n5bsTqfxyUY,1654,972,18358,https://www.youtube.com/watch?v=WWha1c0avBE,763,123,98,327,https://www.twitch.tv/videos/2887049969
0b183e5c128246c0ad5cd5491e8b8c83,1110,368947,1388,638,6979,https://www.youtube.com/watch?v=LdrldMhuZYQ,186,54,188,https://www.youtube.com/watch?v=rjSqwRMfN44,1468,664,6979,https://www.youtube.com/watch?v=LdrldMhuZYQ,0,0,0,0,
483a76d7ad1d464aa290606959ddddec,1110,64885,346,191,399,https://www.youtube.com/watch?v=U8sTETmkgZc,346,191,399,https://www.youtube.com/watch?v=U8sTETmkgZc,0,0,0,,877,198,145,290,https://www.twitch.tv/videos/2890668676
26eba1f0fabf425aa5769e01e855ea28,1110,108505,0,0,0,,0,0,0,,0,0,0,,0,0,0,0,
3922688ae4b64592b8301430e19fd2ca,1110,120063,262,115,1518,https://www.youtube.com/watch?v=2D5HIRt-1qI,266,115,654,https://www.youtube.com/watch?v=DPb5V_pysFk,239,96,1518,https://www.youtube.com/watch?v=2D5HIRt-1qI,594,292,168,747,https://www.twitch.tv/videos/2884258501
4aee4e4c619a4e2aa8bbc2edce38ccfa,1110,152686,424,159,1348,https://www.youtube.com/watch?v=0QI5aDvV_Pk,319,148,1041,https://www.youtube.com/watch?v=BwWX8Piy6EI,1183,228,1348,https://www.youtube.com/watch?v=0QI5aDvV_Pk,0,0,0,0,
f5ef8ac02db547dd92da5e87717a8dca,1100,47818,343,147,1317,https://www.youtube.com/watch?v=exFeMpUiRlQ,343,147,604,https://www.youtube.com/watch?v=zL9NQD5Pmhk,790,433,1317,https://www.youtube.com/watch?v=exFeMpUiRlQ,0,0,0,0,
e0535f2d38f04d26aca33772bccb33b8,1100,78305,920,584,1679,https://www.youtube.com/watch?v=fFJrViy8OB4,920,584,1679,https://www.youtube.com/watch?v=fFJrViy8OB4,0,0,0,,2619,730,361,879,https://www.twitch.tv/videos/2880120957
70af0f70b6284690a524eb87aaa1d296,1100,72391,275,131,275,https://www.youtube.com/watch?v=k-3lukW6gt0,0,0,0,,275,131,275,https://www.youtube.com/watch?v=k-3lukW6gt0,4880,576,240,1592,https://www.twitch.tv/videos/2886293626
3410ce8f1b78487f8025485a6c09b1b8,1100,34341,0,0,0,,0,0,0,,0,0,0,,0,0,0,0,
4b9b64309ea0491bbde3b86b6c34bdd0,1100,73807,738,203,797,https://www.youtube.com/watch?v=eBSpOgaR7n8,738,203,797,https://www.youtube.com/watch?v=eBSpOgaR7n8,0,0,0,,0,0,0,0,
8d67810b612540a0ad928179c1f9a4ee,1100,19176,44,18,143,https://www.youtube.com/watch?v=AYrIwKjUOik,44,18,143,https://www.youtube.com/watch?v=AYrIwKjUOik,0,0,0,,771,154,115,264,https://www.twitch.tv/videos/2889798737
971c91b32e9b4e1abfdafe711cb9e440,1100,16637,0,0,0,,0,0,0,,0,0,0,,0,0,0,0,
e212d468e3e64ad5b8f22f61bc4e06f7,1100,34548,53,8,53,https://www.youtube.com/watch?v=cwqb3yKswGA,53,8,53,https://www.youtube.com/watch?v=cwqb3yKswGA,0,0,0,,0,0,0,0,
5d02c4219e484617979165267cbd8d7f,1090,7542,0,0,0,,0,0,0,,0,0,0,,6,0,0,0,
4ba065758aa94ce18cfe227cc37b1afe,1090,34767,0,0,0,,0,0,0,,0,0,0,,3748,815,543,2160,https://www.twitch.tv/videos/2887530778
3a963b6901c7467da3d9c8bd74df9da6,1090,51683,141,54,223,https://www.youtube.com/watch?v=DaLLy_3XF9U,141,54,223,https://www.youtube.com/watch?v=DaLLy_3XF9U,0,0,0,,0,0,0,0,
1eef7c0894a547a2bff186f6a735145a,1090,29739,546,188,698,https://www.youtube.com/watch?v=F9wuYKSJNLc,410,171,543,https://www.youtube.com/watch?v=bIZcDm__RDE,624,188,698,https://www.youtube.com/watch?v=F9wuYKSJNLc,0,0,0,0,
ec9a791b8152478b95858b199b866ef9,1090,44872,0,0,0,,0,0,0,,0,0,0,,377,0,0,0,
278f93ad57b14f01a71f1e89598ee503,1090,10524,0,0,0,,0,0,0,,0,0,0,,0,0,0,0,
8489d002b1704612bd0dd23f9a14ed51,1090,58131,165,79,207,https://www.youtube.com/watch?v=sZiWCNqnH1E,165,79,207,https://www.youtube.com/watch?v=sZiWCNqnH1E,0,0,0,,172,0,0,0,
7aca9b05fe654223a3702531383002a8,1090,7428,0,0,0,,0,0,0,,0,0,0,,2945,0,0,0,
4d4410bdde7d4107809dc6e1e2ce0e0e,1090,57408,83,27,1560,https://www.youtube.com/watch?v=XhJtKTP1-Xk,83,38,603,https://www.youtube.com/watch?v=ZIvXx3lq9iA,798,17,1560,https://www.youtube.com/watch?v=XhJtKTP1-Xk,0,0,0,0,
0d7502e74c394a7f82a07c31fee877ff,1080,34795,0,0,0,,0,0,0,,0,0,0,,0,0,0,0,
683db9d9b58f4dd883966c82581a7b60,1080,42355,79,44,144,https://www.youtube.com/watch?v=PqtI7lrWH2o,79,44,144,https://www.youtube.com/watch?v=PqtI7lrWH2o,0,0,0,,0,0,0,0,
46388caf23e34f09b145fff0fa25b897,1080,33393,0,0,0,,0,0,0,,0,0,0,,881,71,64,71,https://www.twitch.tv/videos/2889761485
45baafce0f294208a063a496814b7986,1070,48834,176,62,217,https://www.youtube.com/watch?v=a3rB8hgWrUA,160,58,217,https://www.youtube.com/watch?v=a3rB8hgWrUA,176,77,176,https://www.youtube.com/watch?v=o--VGPZjFFU,0,0,0,0,
027dc46502ee4350ba597000191659ae,1070,57114,651,263,2139,https://www.youtube.com/watch?v=dhQqfwZ3HA8,410,214,1115,https://www.youtube.com/watch?v=vC7JYpgZWnk,874,366,2139,https://www.youtube.com/watch?v=dhQqfwZ3HA8,76,0,0,0,
837cc45c90974caa9f07699c3899fa7b,1070,53710,88,53,355,https://www.youtube.com/watch?v=JYbXF9nPKJw,88,53,355,https://www.youtube.com/watch?v=JYbXF9nPKJw,0,0,0,,643,56,51,140,https://www.twitch.tv/videos/2888035787
5f413dce55614542940c58900ef1c82c,1070,25839,0,0,0,,0,0,0,,0,0,0,,829,72,51,89,https://www.twitch.tv/videos/2883692171
62b7ee328a7b42b0a1da0ab3bc22d1db,1070,190727,138,60,1639,https://www.youtube.com/watch?v=tC1sdDGKQEw,138,60,615,https://www.youtube.com/watch?v=kdStKODEbuA,179,59,1639,https://www.youtube.com/watch?v=tC1sdDGKQEw,1277,90,62,192,https://www.twitch.tv/videos/2890683346
5396c3113555413f8b8d722d44b413d3,1070,5508,231,120,231,https://www.youtube.com/watch?v=NTUb4dCB1NY,231,120,231,https://www.youtube.com/watch?v=NTUb4dCB1NY,0,0,0,,0,0,0,0,
b5d3dfb81219492cb11a34291aab8cc8,1070,32096,0,0,0,,0,0,0,,0,0,0,,0,0,0,0,
689dcd8a50ff4a3ead63d3f378c6e28f,1070,19263,246,159,246,https://www.youtube.com/watch?v=vQ-4ZG2CjJw,246,159,246,https://www.youtube.com/watch?v=vQ-4ZG2CjJw,0,0,0,,0,0,0,0,
d792696470b54bd4947a59b10759a636,1070,55024,187,106,2155,https://www.youtube.com/watch?v=EpHsKxA8sik,178,82,2155,https://www.youtube.com/watch?v=EpHsKxA8sik,388,106,388,https://www.youtube.com/watch?v=-bJi2eKbyuA,0,0,0,0,
b9eb00549c554290a7dbc5cd05910239,1070,104248,0,0,0,,0,0,0,,0,0,0,,0,0,0,0,
63d931b5a0374b3fbeef2c565a8db8df,1060,182229,1312,668,1464,https://www.youtube.com/watch?v=4l17CK0SpQA,0,0,0,,1312,668,1464,https://www.youtube.com/watch?v=4l17CK0SpQA,6537,1081,693,6131,https://www.twitch.tv/videos/2883576195
f560e7811b454fe489044165c53dba83,1060,66558,129,26,323,https://www.youtube.com/watch?v=nvTE7tUTDvw,129,26,323,https://www.youtube.com/watch?v=nvTE7tUTDvw,0,0,0,,0,0,0,0,
15e82a696cfc4d42929e29b0d90955d1,1060,65408,281,99,303,https://www.youtube.com/watch?v=8P3idmtd03U,281,99,303,https://www.youtube.com/watch?v=8P3idmtd03U,0,0,0,,0,0,0,0,
85aa19ec73ce4db08ba1bf3d0f1807ce,1060,52482,0,0,0,,0,0,0,,0,0,0,,0,0,0,0,
d23e5f9f3abf4b36b79c04f5265a8efc,1060,71154,181,80,699,https://www.youtube.com/watch?v=Ua-PfylsBSo,178,67,699,https://www.youtube.com/watch?v=Ua-PfylsBSo,184,94,184,https://www.youtube.com/watch?v=XIv9aaA13S8,155,0,0,0,
0a9ce04e6eee4c6d8dde6eb5a0f56c20,1060,18911,1,0,8,https://www.youtube.com/watch?v=jqPBYIUXKnY,0,0,0,,1,0,8,https://www.youtube.com/watch?v=jqPBYIUXKnY,0,0,0,0,
fe70a0055df1453a82bea6582d3072fa,1060,48056,119,65,176,https://www.youtube.com/watch?v=Tf01gTu9OAg,114,45,124,https://www.youtube.com/watch?v=dkY9k159SDI,176,85,176,https://www.youtube.com/watch?v=Tf01gTu9OAg,0,0,0,0,
ef0319d27b10495795a5b994bc2249d5,1060,125131,467,190,1672,https://www.youtube.com/watch?v=aTWUlGVSd0s,461,191,1672,https://www.youtube.com/watch?v=aTWUlGVSd0s,903,174,1555,https://www.youtube.com/watch?v=JGSA3nXwp-g,0,0,0,0,
02fc4a811f9b45b38e94ce75f36a8efa,1060,48405,165,82,1492,https://www.youtube.com/watch?v=X2OO0sETB2s,131,51,567,https://www.youtube.com/watch?v=KlqdkdQozpE,366,116,1492,https://www.youtube.com/watch?v=X2OO0sETB2s,0,0,0,0,
62080edda26345efbf8bc2bab0ab4136,1060,26934,0,0,0,,0,0,0,,0,0,0,,0,0,0,0,
b4de9155a5f34284a41224c38e70c67e,1060,56268,0,0,0,,0,0,0,,0,0,0,,43,0,0,0,
7754a4ea82814b7fbbecfcf459382001,1050,223739,66,34,66,https://www.youtube.com/watch?v=ta6PWSEBfr4,0,0,0,,66,34,66,https://www.youtube.com/watch?v=ta6PWSEBfr4,2485,697,428,883,https://www.twitch.tv/videos/2888889171
7a160bd129144664804dd3fc08fceeb1,1050,23728,0,0,0,,0,0,0,,0,0,0,,9717,4788,1859,9322,https://www.twitch.tv/videos/2886958727
943a063e5df041a08d7a304517e3b420,1050,68840,532,214,7558,https://www.youtube.com/watch?v=xMnkQv95dS0,447,209,2305,https://www.youtube.com/watch?v=IORc7ivwRFY,3104,958,7558,https://www.youtube.com/watch?v=xMnkQv95dS0,180,92,76,266,https://www.twitch.tv/videos/2889719927
872b7ddfc20f433f9575e2a762e83c06,1050,58934,295,208,2421,https://www.youtube.com/watch?v=glTqN5fyt8k,270,162,389,https://www.youtube.com/watch?v=_wYjP3-r850,2421,1255,2421,https://www.youtube.com/watch?v=glTqN5fyt8k,0,0,0,0,
d2c5b1c430fa45c8b9be0b8be65d8a6b,1040,28002,487,103,1239,https://www.youtube.com/watch?v=hXKlCXvVpu8,278,102,749,https://www.youtube.com/watch?v=nuw0cGhZ4D8,796,132,1239,https://www.youtube.com/watch?v=hXKlCXvVpu8,396,0,0,0,
4de233ea7dfc4a7da1738ab627babd48,1040,60283,402,206,1001,https://www.youtube.com/watch?v=kE-WusYvYBs,357,190,1001,https://www.youtube.com/watch?v=kE-WusYvYBs,448,228,448,https://www.youtube.com/watch?v=HArfofsbCmM,0,0,0,0,
fb23227395a04a26abe441d1ac7978de,1040,116297,178,75,949,https://www.youtube.com/watch?v=278xzLL_M8s,178,75,949,https://www.youtube.com/watch?v=278xzLL_M8s,0,0,0,,470,100,61,291,https://www.twitch.tv/videos/2885376270
c060912477dd414ea79d74adddfb4661,1040,68943,91,63,1487,https://www.youtube.com/watch?v=oe8gsFn2Qfw,45,34,508,https://www.youtube.com/watch?v=MhxzeQtDa3w,445,114,1487,https://www.youtube.com/watch?v=oe8gsFn2Qfw,0,0,0,0,
d6d4ed41815a4603a028d321d9d14a56,1040,11934,0,0,0,,0,0,0,,0,0,0,,10,0,0,0,
4ba98a2155ad4b4392d8c5d7a51f4964,1040,279138,1350,691,3211,https://www.youtube.com/watch?v=tJ05u3AXC7c,1350,691,3211,https://www.youtube.com/watch?v=tJ05u3AXC7c,0,0,0,,0,0,0,0,
b5b0001ea8594cd68567ef344ca0bb2e,1040,175312,153,52,178,https://www.youtube.com/watch?v=u1HOVCXu-sY,129,21,129,https://www.youtube.com/watch?v=6B1ana6Qmzg,178,83,178,https://www.youtube.com/watch?v=u1HOVCXu-sY,0,0,0,0,
00a208caab334f6daf286ebb92cfd9da,1040,18989,0,0,0,,0,0,0,,0,0,0,,418,0,0,0,
302b50b5cf4844d58868013404b1ec3f,1030,30632,132,99,230,https://www.youtube.com/watch?v=x7tQlzKp7MQ,132,99,230,https://www.youtube.com/watch?v=x7tQlzKp7MQ,0,0,0,,0,0,0,0,
7ca8ec94cb4640ccb27719cbfc8a8df0,1030,57884,578,394,793,https://www.youtube.com/watch?v=9d-HjG3JhE0,0,0,0,,578,394,793,https://www.youtube.com/watch?v=9d-HjG3JhE0,0,0,0,0,
e2049fd03bea4bf6bfee472e4674021c,1030,164914,196,109,328,https://www.youtube.com/watch?v=Ijmf9QHWoz8,220,119,328,https://www.youtube.com/watch?v=Ijmf9QHWoz8,179,72,223,https://www.youtube.com/watch?v=ASsJPMyRaNw,78,9,8,9,https://www.twitch.tv/videos/2889756719
5a1eb09579134895adfa9516611bd925,1030,32948,0,0,0,,0,0,0,,0,0,0,,735,0,0,0,
3588ee10f67c4911b544e48223c57c7d,1020,22571,0,0,0,,0,0,0,,0,0,0,,0,0,0,0,
800b7770ac1d4e4eb62318639ff71b7a,1020,74377,48,32,48,https://www.youtube.com/watch?v=uO5PeQvF0jo,0,0,0,,48,32,48,https://www.youtube.com/watch?v=uO5PeQvF0jo,0,0,0,0,
647a4992105c4f18b92239156e0064fb,1020,26215,0,0,0,,0,0,0,,0,0,0,,144,0,0,0,
76f2fa6f1aa44f0a816a01a1b277430a,1020,46006,185,137,1402,https://www.youtube.com/watch?v=4ZkK3JJDzC4,83,21,190,https://www.youtube.com/watch?v=4Zm8jmzGn9s,1059,610,1402,https://www.youtube.com/watch?v=4ZkK3JJDzC4,61,0,0,0,
d709ac4a052b401abfeb8bc5c600e937,1020,48012,266,94,703,https://www.youtube.com/watch?v=XKJZHOjnkxk,266,94,703,https://www.youtube.com/watch?v=XKJZHOjnkxk,0,0,0,,806,0,0,0,
c7344bac508b46f2a20c4bb6861f33ab,1020,14440,0,0,0,,0,0,0,,0,0,0,,0,0,0,0,
a0f657e0538e4269af88094fa1c3dacb,1010,26672,0,0,0,,0,0,0,,0,0,0,,0,0,0,0,
b1ba066a7bc44c93a4ca264f2144f5bd,1010,42359,203,80,406,https://www.youtube.com/watch?v=kXOBcyrvQas,214,91,406,https://www.youtube.com/watch?v=kXOBcyrvQas,85,41,85,https://www.youtube.com/watch?v=eKok6L4Y6pc,1115,72,41,81,https://www.twitch.tv/videos/2884459423
7df81b926eec4a998d5ffcd67b59ff5e,1010,33914,269,262,289,https://www.youtube.com/watch?v=FZ_37_d0EAg,269,262,289,https://www.youtube.com/watch?v=FZ_37_d0EAg,0,0,0,,0,0,0,0,
6c3a22611ac24eb19cec3bd7c78a8705,1000,270863,354,167,677,https://www.youtube.com/watch?v=LIH5Z2_8uI4,354,167,677,https://www.youtube.com/watch?v=LIH5Z2_8uI4,0,0,0,,0,0,0,0,
453cbd84364b42d8ac11cef8d3d63bd1,1000,26661,0,0,0,,0,0,0,,0,0,0,,0,0,0,0,
dc0868efeac540bfac9b383bd65a82e6,1000,33646,803,752,1391,https://www.youtube.com/watch?v=hZsJyc2fGoE,803,752,1391,https://www.youtube.com/watch?v=hZsJyc2fGoE,0,0,0,,0,0,0,0,
bb56715066e548c297232372a16ab083,1000,132926,49,18,1255,https://www.youtube.com/watch?v=xiGobAN0UPU,32,6,174,https://www.youtube.com/watch?v=kIgTYqC6jjw,88,78,1255,https://www.youtube.com/watch?v=xiGobAN0UPU,2070,207,159,225,https://www.twitch.tv/videos/2886203597
45d38ce14fb644c0890823d444a33276,1000,2094,0,0,0,,0,0,0,,0,0,0,,0,0,0,0,
32ce3b3861fe4b5a98d5adc9a704bbf1,1000,56692,448,177,624,https://www.youtube.com/watch?v=KGgH6ll3QCA,453,180,624,https://www.youtube.com/watch?v=KGgH6ll3QCA,448,50,448,https://www.youtube.com/watch?v=LHh8ib5zUj4,141,0,0,0,
7003e3e3a24244ffb5ebfbbdc20c97f8,996,28777,214,112,259,https://www.youtube.com/watch?v=Maa-MhuLdDw,214,112,259,https://www.youtube.com/watch?v=Maa-MhuLdDw,0,0,0,,0,0,0,0,
e46d27918a77488ca5b4144eb1b978df,996,61312,0,0,0,,0,0,0,,0,0,0,,0,0,0,0,
7a0eb6cbe5a94663888ef35a63ab3b5a,995,26902,0,0,0,,0,0,0,,0,0,0,,1464,206,165,266,https://www.twitch.tv/videos/2891532639
a00240316f524d218d889d00a8b42721,994,100647,123,81,2164,https://www.youtube.com/watch?v=4NjgqAVu0AQ,108,77,139,https://www.youtube.com/watch?v=WK1tZcKxD_s,2164,103,2164,https://www.youtube.com/watch?v=4NjgqAVu0AQ,0,0,0,0,
899208f999aa4121ae2b67abb3190674,993,22872,967,157,1929,https://www.youtube.com/watch?v=3hJg_DOQIV0,0,0,0,,967,157,1929,https://www.youtube.com/watch?v=3hJg_DOQIV0,4642,955,446,3184,https://www.twitch.tv/videos/2884309387
78d441a2d6584d078a6ce202238d36b9,990,26489,0,0,0,,0,0,0,,0,0,0,,0,0,0,0,
107ad23090e649b8935850f3d78ded99,990,53241,814,337,1189,https://www.youtube.com/watch?v=6fJd8cEBh8s,890,541,1189,https://www.youtube.com/watch?v=6fJd8cEBh8s,476,188,750,https://www.youtube.com/watch?v=y0Ok2ag5Urw,141,0,0,0,
9b2edcfdc76748f59576b77524402804,988,60643,0,0,0,,0,0,0,,0,0,0,,0,0,0,0,
5d29544fdded43d1937166548487394a,985,5763,0,0,0,,0,0,0,,0,0,0,,1933,116,72,328,https://www.twitch.tv/videos/2879693842
838f883ea01f431f97bfe9dbf3064422,984,37272,0,0,0,,0,0,0,,0,0,0,,106,0,0,0,
d26893447610406da66ee14abfbd5868,979,31369,0,0,0,,0,0,0,,0,0,0,,0,0,0,0,
9959d43cae9b49dbbcd666f742322b4a,978,51814,251,164,2580,https://www.youtube.com/watch?v=N8OO0ZUzVMw,251,164,2580,https://www.youtube.com/watch?v=N8OO0ZUzVMw,0,0,0,,670,30,20,114,https://www.twitch.tv/videos/2883530541
b2e19555d1f441a8a0e3f53b6507863e,975,54612,176,73,259,https://www.youtube.com/watch?v=8DL4Vmof6bM,176,73,259,https://www.youtube.com/watch?v=8DL4Vmof6bM,0,0,0,,112,0,0,0,
ab2e7fbd11784f96aa9cf599786f8bf1,973,76867,0,0,0,,0,0,0,,0,0,0,,0,0,0,0,
07f20f05bef0432e8644e1bee798ef46,971,64297,397,225,1076,https://www.youtube.com/watch?v=HP84plTce5M,397,225,1076,https://www.youtube.com/watch?v=HP84plTce5M,0,0,0,,0,0,0,0,
becdcbab308f4fa18540982596eebbd5,970,9817,0,0,0,,0,0,0,,0,0,0,,8001,621,255,75482,https://www.twitch.tv/videos/2872025147
6c5d547cdebf4daf813ac8b66c9fb873,969,47042,1162,355,7527,https://www.youtube.com/watch?v=HFxBwjwixUQ,0,0,0,,1162,355,7527,https://www.youtube.com/watch?v=HFxBwjwixUQ,0,0,0,0,
bf195265fa5944d894dc53baf7143645,967,40984,0,0,0,,0,0,0,,0,0,0,,0,0,0,0,
d1d879cfccf7411296dcc765ca40e39c,967,146981,763,48,1143,https://www.youtube.com/watch?v=gvO-gQ3JwGY,0,0,0,,763,48,1143,https://www.youtube.com/watch?v=gvO-gQ3JwGY,1608,316,245,417,https://www.twitch.tv/videos/2886992255
c747687c19704747b4cae2d4d5715aa0,964,49017,1309,538,1375,https://www.youtube.com/watch?v=tc0eXLlXBt4,0,0,0,,1309,538,1375,https://www.youtube.com/watch?v=tc0eXLlXBt4,4326,323,311,469,https://www.twitch.tv/videos/2885291605
06a61409f4334b0eb8a5f647b819c78b,957,75506,102,38,166,https://www.youtube.com/watch?v=SWkzLu8LbKg,139,54,166,https://www.youtube.com/watch?v=SWkzLu8LbKg,57,10,118,https://www.youtube.com/watch?v=gD3HmjSDjWs,0,0,0,0,
b5ff000d6dd74683b17965294f1c4bf7,952,31773,0,0,0,,0,0,0,,0,0,0,,767,0,0,0,
54e70d7cc2fb4c6da0d833519331c770,951,129981,0,0,0,,0,0,0,,0,0,0,,2778,273,185,472,https://www.twitch.tv/videos/2887968861
08268c9de16e423381e351aeef8f7ffb,951,34390,380,177,1247,https://www.youtube.com/watch?v=kTJYIb3jdao,380,177,1247,https://www.youtube.com/watch?v=kTJYIb3jdao,0,0,0,,0,0,0,0,
80b6efc8007f4f6d84ce2f93862ae319,950,124933,228,116,671,https://www.youtube.com/watch?v=2N6AvX49Jf4,211,94,355,https://www.youtube.com/watch?v=CYod0FzlyMU,671,346,671,https://www.youtube.com/watch?v=2N6AvX49Jf4,0,0,0,0,
8a5468bc4c7d44989e5ee4864a9b941a,950,87547,253,192,253,https://www.youtube.com/watch?v=lnNpZRoakMU,253,192,253,https://www.youtube.com/watch?v=lnNpZRoakMU,0,0,0,,0,0,0,0,
e3021481a8d247a5a9a5bf0a29399673,950,150001,521,262,796,https://www.youtube.com/watch?v=jozqL3j-Vqc,521,262,796,https://www.youtube.com/watch?v=jozqL3j-Vqc,0,0,0,,0,0,0,0,
acc708b79f1c4e388466b407387e7cb5,950,140056,161,121,325,https://www.youtube.com/watch?v=HG-Fw__Um8A,161,121,325,https://www.youtube.com/watch?v=HG-Fw__Um8A,0,0,0,,0,0,0,0,
5f8e197a06bc453e8d9e0a1c6cb92f1c,949,89793,220,23,1682,https://www.youtube.com/watch?v=ADdXOCbEsXQ,0,0,0,,220,23,1682,https://www.youtube.com/watch?v=ADdXOCbEsXQ,1676,91,70,118,https://www.twitch.tv/videos/2883575003
7717bc233e7a4670926195acf69709d4,949,46024,0,0,0,,0,0,0,,0,0,0,,1477,0,0,0,
a5647aba47dc4bb48eaa0cde6de7c6bd,948,41292,0,0,0,,0,0,0,,0,0,0,,0,0,0,0,
23af2b94549e42c282ec0d6eecf01102,947,36543,255,162,688,https://www.youtube.com/watch?v=GKJg3XpG5gs,0,0,0,,255,162,688,https://www.youtube.com/watch?v=GKJg3XpG5gs,2524,145,102,374,https://www.twitch.tv/videos/2884492497
0a67a8d822094ca3a59963f0fac8798a,944,40749,291,178,1527,https://www.youtube.com/watch?v=IIEbQbGIpLg,291,178,1527,https://www.youtube.com/watch?v=IIEbQbGIpLg,0,0,0,,0,0,0,0,
dc9cd2bc942d427d8cc73370d1194f9e,941,112791,293,92,1180,https://www.youtube.com/watch?v=P1frs5LvrLA,264,98,553,https://www.youtube.com/watch?v=HNbdS2B8Z0M,882,38,1180,https://www.youtube.com/watch?v=P1frs5LvrLA,0,0,0,0,
995bff308e7f4df3aa33305fc0ddde8e,941,39837,0,0,0,,0,0,0,,0,0,0,,0,0,0,0,
899e5f40cf7f49a8808969866758779e,939,51362,412,114,1111,https://www.youtube.com/watch?v=Vak0X8XK4dg,342,102,516,https://www.youtube.com/watch?v=Qjjmq3-IB4w,713,574,1111,https://www.youtube.com/watch?v=Vak0X8XK4dg,277,59,39,59,https://www.twitch.tv/videos/2886317382
a2ee4a74f9ca40f5b6218de51736b9c8,935,57178,134,65,988,https://www.youtube.com/watch?v=73njQZImkKE,134,65,988,https://www.youtube.com/watch?v=73njQZImkKE,0,0,0,,0,0,0,0,
db67d9cacbcf4797ba2d41a6d115e2ff,934,51016,0,0,0,,0,0,0,,0,0,0,,0,0,0,0,
179eb3fd3fb34ffe93859dd945b1b3a6,933,4474,0,0,0,,0,0,0,,0,0,0,,0,0,0,0,
ecbe9a46c7ec4f3d8fe217012c39d490,932,412923,0,0,0,,0,0,0,,0,0,0,,0,0,0,0,
1ee3a662da8a439887a931727cb07317,931,102850,0,0,0,,0,0,0,,0,0,0,,0,0,0,0,
7aeffe1ba0c443d5aa4721247b801593,924,125291,0,0,0,,0,0,0,,0,0,0,,0,0,0,0,
d8b0b4e36c614d328620461a295572a1,922,54822,103,49,804,https://www.youtube.com/watch?v=KsszOkFqC4o,103,49,804,https://www.youtube.com/watch?v=KsszOkFqC4o,0,0,0,,146,0,0,0,
4dcc1a1d70224d95b48a64543a38e10d,922,78466,109,66,169,https://www.youtube.com/watch?v=Uj9428-X3qg,109,66,169,https://www.youtube.com/watch?v=Uj9428-X3qg,0,0,0,,113,42,22,91,https://www.twitch.tv/videos/2884429806
29e2c3ae8e4d48f29fb3b89c463abb1c,921,81207,1379,207,1411,https://www.youtube.com/watch?v=ipU83KbCV5M,0,0,0,,1379,207,1411,https://www.youtube.com/watch?v=ipU83KbCV5M,2999,279,157,924,https://www.twitch.tv/videos/2883410120
44332b31031149f5bd411f415cbb531e,920,26203,0,0,0,,0,0,0,,0,0,0,,215,0,0,0,
7376070943f14374a6ee0df01f32e006,918,0,0,0,0,,0,0,0,,0,0,0,,0,0,0,0,
7f43dbf571c44e04a7a471b9e7296a8a,913,38828,0,0,0,,0,0,0,,0,0,0,,0,0,0,0,
743ceb55869042b9bee1f48fe0be13fb,912,33557,0,0,0,,0,0,0,,0,0,0,,1499,0,0,0,
58374cba861d4267a84ad689bb6ce91a,910,42976,48,17,92,https://www.youtube.com/watch?v=gKGQ9pRC74w,48,19,92,https://www.youtube.com/watch?v=gKGQ9pRC74w,19,6,19,https://www.youtube.com/watch?v=pnwfzwEyjr0,0,0,0,0,
b93b5ffedc3f4310af888462d65e4082,909,46743,0,0,0,,0,0,0,,0,0,0,,206,0,0,0,
4bc6acb333e44156a9caab3234fa11f5,906,62463,390,152,1187,https://www.youtube.com/watch?v=V4fQaQgQ6ho,258,125,825,https://www.youtube.com/watch?v=8XGXlGrFCE4,1132,360,1187,https://www.youtube.com/watch?v=V4fQaQgQ6ho,0,0,0,0,
29d8d144d6a24ff28476d25306286836,905,146351,0,0,0,,0,0,0,,0,0,0,,2228,642,233,2138,https://www.twitch.tv/videos/2867415408
d3ac18bfe0984394a6fe19319a36b412,904,66147,409,331,409,https://www.youtube.com/watch?v=amfMcJvQ1qo,0,0,0,,409,331,409,https://www.youtube.com/watch?v=amfMcJvQ1qo,0,0,0,0,
b9b727200b664a98bc1a8fd76d3cdb9c,903,23057,0,0,0,,0,0,0,,0,0,0,,0,0,0,0,
5c5880d994854afbbea0a35716bce186,902,31790,36,7,67,https://www.youtube.com/watch?v=YbcCM5Pwnn4,36,7,67,https://www.youtube.com/watch?v=YbcCM5Pwnn4,0,0,0,,2007,0,0,0,
ab24c13e4bff4ff8909a7650260f8b19,901,48219,251,115,693,https://www.youtube.com/watch?v=lAV0-KnYh8E,261,119,693,https://www.youtube.com/watch?v=lAV0-KnYh8E,246,76,246,https://www.youtube.com/watch?v=ZLSJBqhu594,0,0,0,0,
8e2559d9a7714ecd9cb0448b4d28f8d2,901,26277,0,0,0,,0,0,0,,0,0,0,,4967,107,57,205,https://www.twitch.tv/videos/2890530469
9fb9fe13bf124da3a1affb24c5bba5e2,900,29978,0,0,0,,0,0,0,,0,0,0,,0,0,0,0,
e80414fcc37b4d818ccf9dddb23cb452,898,21415,3606,1839,3606,https://www.youtube.com/watch?v=PQ-3-uhPaLs,0,0,0,,3606,1839,3606,https://www.youtube.com/watch?v=PQ-3-uhPaLs,4436,1093,510,3205,https://www.twitch.tv/videos/2885024665
a26891359b444900956f04bc1b8f5faa,898,32679,177,104,569,https://www.youtube.com/watch?v=5eVoKOEEil8,177,104,569,https://www.youtube.com/watch?v=5eVoKOEEil8,0,0,0,,337,96,73,1094,https://www.twitch.tv/videos/2880076050
8c0ff863d66348898311ee83d16257b5,897,29582,0,0,0,,0,0,0,,0,0,0,,206,0,0,0,
490d50310ffe4de4aac9c6368b49a0aa,894,38068,29,22,1228,https://www.youtube.com/watch?v=pVQg0jL72vY,0,0,0,,29,22,1228,https://www.youtube.com/watch?v=pVQg0jL72vY,0,0,0,0,
f7c5ff874d1d4528a36c0a54d27017a3,893,90393,501,214,1536,https://www.youtube.com/watch?v=0kJTP4dWFBU,501,214,1536,https://www.youtube.com/watch?v=0kJTP4dWFBU,0,0,0,,0,0,0,0,
6c3eeb48b7764f11804ff8110d5d990b,891,100022,251,109,251,https://www.youtube.com/watch?v=MVCQpwKnbew,0,0,0,,251,109,251,https://www.youtube.com/watch?v=MVCQpwKnbew,0,0,0,0,
9124a5ccacc44fb68b5b1d5697e3fb90,890,27067,265,154,974,https://www.youtube.com/watch?v=DyrecmibUoU,264,145,655,https://www.youtube.com/watch?v=gwDH4R426tg,974,431,974,https://www.youtube.com/watch?v=DyrecmibUoU,0,0,0,0,
f5260b1a196a43f8b4aff1cc742a67f4,889,65431,534,141,2213,https://www.youtube.com/watch?v=AriV5VNgwkY,411,130,1207,https://www.youtube.com/watch?v=Z9laQWTg_QM,971,503,2213,https://www.youtube.com/watch?v=AriV5VNgwkY,215,48,38,55,https://www.twitch.tv/videos/2888841032
607a7be9721741c48e2901609c294ada,889,0,0,0,0,,0,0,0,,0,0,0,,1496,0,0,0,
9ed7a28dd35e4e1c9400af811f6a284c,883,17129,0,0,0,,0,0,0,,0,0,0,,837,0,0,0,
f461b26ba47b4e37a90d2ca4fa5fa329,883,26290,215,165,215,https://www.youtube.com/watch?v=K7lxHjNkec4,215,165,215,https://www.youtube.com/watch?v=K7lxHjNkec4,0,0,0,,0,0,0,0,
521477be11a44c43b063b394757b2342,880,57599,112,42,134,https://www.youtube.com/watch?v=FGeVVQ9cL_Y,112,42,134,https://www.youtube.com/watch?v=FGeVVQ9cL_Y,0,0,0,,0,0,0,0,
fcf611e0ddc5474b9836eb8aa2fe1d24,878,85925,192,81,664,https://www.youtube.com/watch?v=Uzs04FdJ9F8,192,81,664,https://www.youtube.com/watch?v=Uzs04FdJ9F8,0,0,0,,0,0,0,0,
3353f8693d7b4caa82abeb2de3d89815,877,40955,313,150,1436,https://www.youtube.com/watch?v=ZkfDfEOgHyo,291,145,1073,https://www.youtube.com/watch?v=RQM-gANU-7A,1436,689,1436,https://www.youtube.com/watch?v=ZkfDfEOgHyo,2326,401,214,80664,https://www.twitch.tv/videos/2865917849
405cf0a502a6496bacfe7e49647e7e28,877,48538,106,57,326,https://www.youtube.com/watch?v=fQAzFzFWOOE,145,69,326,https://www.youtube.com/watch?v=fQAzFzFWOOE,22,17,68,https://www.youtube.com/watch?v=akhuCGowZMc,2369,153,115,712,https://www.twitch.tv/videos/2886380118
4f20e15637644c409c850ced48bb33dd,876,52516,480,153,887,https://www.youtube.com/watch?v=0FrMsikY33Y,441,149,767,https://www.youtube.com/watch?v=9-OwpT4XvLM,887,453,887,https://www.youtube.com/watch?v=0FrMsikY33Y,0,0,0,0,
61c75f9fbf044b54872197eec7c9bafa,871,299866,517,189,1495,https://www.youtube.com/watch?v=iJ1Qy9Oatrw,246,120,369,https://www.youtube.com/watch?v=_TMRo5OoCzk,1344,529,1495,https://www.youtube.com/watch?v=iJ1Qy9Oatrw,0,0,0,0,
8774553046cb47a9b5165c15feb01e84,871,36903,218,111,1328,https://www.youtube.com/watch?v=dWHJTL0IpyI,218,111,263,https://www.youtube.com/watch?v=Ku1bFK6uO0o,730,238,1328,https://www.youtube.com/watch?v=dWHJTL0IpyI,849,107,69,453,https://www.twitch.tv/videos/2880855270
3a30426a65fe450bbef138fd8ba35f1e,871,87866,285,138,2425,https://www.youtube.com/watch?v=sqh3pZOFP2s,285,138,2425,https://www.youtube.com/watch?v=sqh3pZOFP2s,0,0,0,,0,0,0,0,
7b00dfda406f484eaf75107c186abe33,871,92725,426,161,1804,https://www.youtube.com/watch?v=ipG-oeSl2ZM,264,135,1688,https://www.youtube.com/watch?v=DMPFmSigGGY,1326,350,1804,https://www.youtube.com/watch?v=ipG-oeSl2ZM,0,0,0,0,
45e104a6eabe4967a6cb84e720dd8e74,870,43134,14,13,38,https://www.youtube.com/watch?v=Lvx55wFzqz8,0,0,0,,14,13,38,https://www.youtube.com/watch?v=Lvx55wFzqz8,1945,519,445,26963,https://www.twitch.tv/videos/2890270222
e099cf09b8674b988f17828aab2f7d86,869,24778,0,0,0,,0,0,0,,0,0,0,,724,191,131,207,https://www.twitch.tv/videos/2887011614
c22cb6790eaf4fcc8ac47633e0ab6c49,868,39813,242,153,830,https://www.youtube.com/watch?v=bkxMeCh_-R8,311,185,830,https://www.youtube.com/watch?v=bkxMeCh_-R8,210,65,242,https://www.youtube.com/watch?v=i0Vvubq_ESs,351,73,40,73,https://www.twitch.tv/videos/2880182852
a1c3335026d44b99b9abb8c6aaba3968,867,21202,0,0,0,,0,0,0,,0,0,0,,626,0,0,0,
f9247dd02dd24e209eba623edcd8354b,867,58380,1216,824,1216,https://www.youtube.com/watch?v=loKnnb_CizM,0,0,0,,1216,824,1216,https://www.youtube.com/watch?v=loKnnb_CizM,524,67,50,67,https://www.twitch.tv/videos/2885455196
728094029eab434ca60a99e4d1a139c7,867,128677,327,116,600,https://www.youtube.com/watch?v=P85k2WkJz-A,327,116,600,https://www.youtube.com/watch?v=P85k2WkJz-A,0,0,0,,5,0,0,0,
b3fb28fe6a0e4fcfb8014e7a4070ca09,866,57979,148,22,265,https://www.youtube.com/watch?v=EqzcgbbqpUs,148,22,265,https://www.youtube.com/watch?v=EqzcgbbqpUs,0,0,0,,0,0,0,0,
f5a37da60cb74069a7dc13867404521f,861,72049,590,73,1056,https://www.youtube.com/watch?v=yZRdvf_UyMk,125,108,125,https://www.youtube.com/watch?v=ubbcJlb-nWo,1056,37,1056,https://www.youtube.com/watch?v=yZRdvf_UyMk,0,0,0,0,
415ca337b1104450acbed1eb046c0a58,861,88894,34,22,45,https://www.youtube.com/watch?v=UcZUjh2bCJU,34,22,45,https://www.youtube.com/watch?v=UcZUjh2bCJU,0,0,0,,269,6,3,23,https://www.twitch.tv/videos/2883409839
7b3809e085754d52aee99d1fcc980eaf,857,40650,0,0,0,,0,0,0,,0,0,0,,0,0,0,0,
7a0c5fe0fe2f4427afe500c85ec958cb,857,47032,0,0,0,,0,0,0,,0,0,0,,0,0,0,0,
87e1b5eec62040118b6bd49efbe5d61c,855,75370,161,68,464,https://www.youtube.com/watch?v=5eWGFH6UIW0,187,69,464,https://www.youtube.com/watch?v=5eWGFH6UIW0,143,0,143,https://www.youtube.com/watch?v=tPxZ70Ot0u0,447,110,93,135,https://www.twitch.tv/videos/2886318480
aef2ed42d49343f28394b6335695b5ac,851,459779,2,0,7,https://www.youtube.com/watch?v=Mdqii-zxRIs,0,0,0,,2,0,7,https://www.youtube.com/watch?v=Mdqii-zxRIs,3072,82,57,263,https://www.twitch.tv/videos/2884277939
5862e8e7c5fd4261af093cec20b40300,851,39821,370,191,370,https://www.youtube.com/watch?v=1HSgto40Ug0,370,191,370,https://www.youtube.com/watch?v=1HSgto40Ug0,0,0,0,,0,0,0,0,
370f66a57c0341b0adef5bcbad64ff90,850,48821,9,2,136,https://www.youtube.com/watch?v=wlMM9uQNBWM,136,122,136,https://www.youtube.com/watch?v=wlMM9uQNBWM,8,2,120,https://www.youtube.com/watch?v=cmPfdoLmldY,0,0,0,0,
3f3abaed158f420e84f9d1d5f4492b1d,848,67281,96,48,252,https://www.youtube.com/watch?v=lfJ1MehY-j8,96,48,252,https://www.youtube.com/watch?v=lfJ1MehY-j8,0,0,0,,674,48,32,90,https://www.twitch.tv/videos/2884419686
3e4c23394dde46f58f89cba536b208d5,847,27316,245,150,540,https://www.youtube.com/watch?v=DiQ9IvGjZnM,245,150,540,https://www.youtube.com/watch?v=DiQ9IvGjZnM,0,0,0,,0,0,0,0,
f36c774fbf4847e1afdf66a1e4806ea3,846,20873,0,0,0,,0,0,0,,0,0,0,,2607,430,339,437,https://www.twitch.tv/videos/2888705909
66ab3e28c90a428bb98100cd9119a4e9,846,39610,233,111,701,https://www.youtube.com/watch?v=Wxei25wXH0s,233,111,701,https://www.youtube.com/watch?v=Wxei25wXH0s,0,0,0,,0,0,0,0,
40bb881e52be4d8b9c66a60be89e0504,845,56417,262,144,1008,https://www.youtube.com/watch?v=tggQ-tmbmk8,262,144,676,https://www.youtube.com/watch?v=uT20N31igYU,543,283,1008,https://www.youtube.com/watch?v=tggQ-tmbmk8,0,0,0,0,
9cfe61128e134f8dad9bb6ebf568cd71,845,20574,47,30,74,https://www.youtube.com/watch?v=smfoCdPnfYk,0,0,0,,47,30,74,https://www.youtube.com/watch?v=smfoCdPnfYk,1300,119,96,186,https://www.twitch.tv/videos/2888754451
6f0d9d64bb6a4a81af1e84a72d30f5b8,843,69757,478,199,1952,https://www.youtube.com/watch?v=PHx_pniPKPM,478,199,1952,https://www.youtube.com/watch?v=PHx_pniPKPM,533,170,741,https://www.youtube.com/watch?v=St_F_tYs1SM,160,0,0,0,
27b10e5896e34e8d841f1605792b96c9,843,43246,0,0,0,,0,0,0,,0,0,0,,450,18,14,18,https://www.twitch.tv/videos/2887488146
d44dc8542b4f4dacab8f54b7e3483728,842,44503,1177,200,1395,https://www.youtube.com/watch?v=JI8tUBxvKuw,156,106,156,https://www.youtube.com/watch?v=MOhapvoQx6g,1286,360,1395,https://www.youtube.com/watch?v=JI8tUBxvKuw,0,0,0,0,
a753be70dd194989835b604e4b249363,834,31220,0,0,0,,0,0,0,,0,0,0,,653,0,0,0,
2a2b7990365f4a1bb1d8acf1ae0f2f32,834,314364,156,86,574,https://www.youtube.com/watch?v=y5HnKTTMIyQ,156,86,574,https://www.youtube.com/watch?v=y5HnKTTMIyQ,0,0,0,,156,6,5,18,https://www.twitch.tv/videos/2886317013
399a496d028447a58924b2660d0fc187,833,205,0,0,0,,0,0,0,,0,0,0,,0,0,0,0,
23dda65e497d4888b87db304533b8138,832,14216,0,0,0,,0,0,0,,0,0,0,,5503,483,204,1390,https://www.twitch.tv/videos/2870577430
c1fdd1a58b3a438ba5343e06f2da2590,824,33330,713,337,3542,https://www.youtube.com/watch?v=ut5tx53OPz4,444,383,3542,https://www.youtube.com/watch?v=ut5tx53OPz4,1224,290,1701,https://www.youtube.com/watch?v=g0EpsP0gCc4,88,84,82,374,https://www.twitch.tv/videos/2890651489
77f4700c452c4200a4e62effa2884b4a,824,33439,0,0,0,,0,0,0,,0,0,0,,705,0,0,0,
6d144d78d2284fbcafa2428a5d132733,820,27002,0,0,0,,0,0,0,,0,0,0,,704,20,18,20,https://www.twitch.tv/videos/2889761374
5f6dcf3b9b71405498aa07a2b80cb5ec,819,141340,1582,1215,1582,https://www.youtube.com/watch?v=Dw4eix1mdmU,0,0,0,,1582,1215,1582,https://www.youtube.com/watch?v=Dw4eix1mdmU,1329,144,84,782,https://www.twitch.tv/videos/2887263787
cf38ee666e104dce949c195f5ac58da2,815,334936,218,97,368,https://www.youtube.com/watch?v=Llx9qAs-ES4,225,101,368,https://www.youtube.com/watch?v=Llx9qAs-ES4,2,1,2,https://www.youtube.com/watch?v=M5D9BXfU178,0,0,0,0,
23354f18e2a94c9187fd0560fd874eeb,814,28259,16,12,20,https://www.youtube.com/watch?v=--LxpenDCVc,0,0,0,,16,12,20,https://www.youtube.com/watch?v=--LxpenDCVc,1690,132,83,134,https://www.twitch.tv/videos/2881840929
686fa700c1ee4d179ed277d5b101f8a4,813,27863,0,0,0,,0,0,0,,0,0,0,,0,0,0,0,
0aa8c41f04bf4f12b9a8281353ea448a,813,36147,0,0,0,,0,0,0,,0,0,0,,4732,0,0,0,
c639c0dba4504221bfec50cf787f395d,811,27558,0,0,0,,0,0,0,,0,0,0,,1163,105,34,190,https://www.twitch.tv/videos/2885535375
a0dbf7095446402ea77b11d8cced5a4b,809,48007,0,0,0,,0,0,0,,0,0,0,,0,0,0,0,
8a19d25c92fe4b3194f1211d503d6d4d,808,75458,0,0,0,,0,0,0,,0,0,0,,0,0,0,0,
60da3bb357d64f998006b8ca3043fd00,807,42779,516,198,1335,https://www.youtube.com/watch?v=MuPE5TRjBVg,516,198,1335,https://www.youtube.com/watch?v=MuPE5TRjBVg,0,0,0,,0,0,0,0,
1a39f2817a8d4b2d941677c2a07e896a,806,106727,266,203,1748,https://www.youtube.com/watch?v=50jb_1uW2YE,218,151,833,https://www.youtube.com/watch?v=WXv8xGPC-b4,1421,1283,1748,https://www.youtube.com/watch?v=50jb_1uW2YE,0,0,0,0,
0a55a882e4ae4a1e9c1e77ea001aa91b,805,105522,0,0,0,,0,0,0,,0,0,0,,1490,0,0,0,
80ae039e7c3e4e90b6b3994ead599307,802,58429,166,166,276,https://www.youtube.com/watch?v=n8cUse7P1mE,166,166,276,https://www.youtube.com/watch?v=n8cUse7P1mE,0,0,0,,0,0,0,0,
5896bb30994d4416ad7e252642135194,801,69612,126,70,156,https://www.youtube.com/watch?v=3j4h9O-1xYg,126,70,156,https://www.youtube.com/watch?v=3j4h9O-1xYg,0,0,0,,0,0,0,0,
30bc516401f24514aaecce081979ab50,800,14561,0,0,0,,0,0,0,,0,0,0,,0,0,0,0,
2971554445614cfaaccddd9cde93c599,797,24289,0,0,0,,0,0,0,,0,0,0,,1192,126,117,169,https://www.twitch.tv/videos/2889576819
c2b2f9bf0228445289b8791110b340ec,797,366446,153,19,153,https://www.youtube.com/watch?v=Nigbh5-Ypco,0,0,0,,153,19,153,https://www.youtube.com/watch?v=Nigbh5-Ypco,99,0,0,0,
e888326df83d41f680960f24bb55c670,796,16348,0,0,0,,0,0,0,,0,0,0,,0,0,0,0,
5cdecbd7413e4c9e9cb56373a186ccec,795,20432,0,0,0,,0,0,0,,0,0,0,,481,149,146,227,https://www.twitch.tv/videos/2884490702
13a3d049cda44b9e8da24006e642dd78,794,24973,0,0,0,,0,0,0,,0,0,0,,2761,0,0,0,
29a3d514ca274f6fb966f9d70bed4b52,794,77814,0,0,0,,0,0,0,,0,0,0,,847,153,128,219,https://www.twitch.tv/videos/2881682867
6ac39c9c814e4dfe9c2294345a2a3e9c,791,64568,172,51,543,https://www.youtube.com/watch?v=kc6jeuzv3r8,172,51,543,https://www.youtube.com/watch?v=kc6jeuzv3r8,0,0,0,,1523,0,0,0,
5298121274154e4b9154e8ac47d98beb,789,57282,335,198,1211,https://www.youtube.com/watch?v=4uCiXFi2aKw,231,132,252,https://www.youtube.com/watch?v=mV7yDz_NIfE,1011,380,1211,https://www.youtube.com/watch?v=4uCiXFi2aKw,0,0,0,0,
943129b96d2341bcb7b25a66c9da2354,788,33859,0,0,0,,0,0,0,,0,0,0,,16533,903,36,1086,https://www.twitch.tv/videos/2869475932
1594067d444e4a53abb95bc1aa40e6db,786,26120,0,0,0,,0,0,0,,0,0,0,,502,33,19,59,https://www.twitch.tv/videos/2882739112
3034b51ec8ad439fa7033773a72a5c4a,785,0,0,0,0,,0,0,0,,0,0,0,,3264,0,0,0,
c3e1a96f96334696af38e93fa8178085,784,46839,0,0,0,,0,0,0,,0,0,0,,1268,0,0,0,
968f0b8c521942d6939234c70f49747a,784,25484,205,118,527,https://www.youtube.com/watch?v=mJrs4uCmlYs,0,0,0,,205,118,527,https://www.youtube.com/watch?v=mJrs4uCmlYs,1949,152,127,178,https://www.twitch.tv/videos/2885260785
f0afa83a8d2d4cc6bb9eb80655bbe40d,780,12761,0,0,0,,0,0,0,,0,0,0,,0,0,0,0,
7342482fda6d40f98e078505a24825d4,775,41382,0,0,0,,0,0,0,,0,0,0,,0,0,0,0,
0591345aa6634a73ac41f08af6d4e06e,772,40229,350,259,434,https://www.youtube.com/watch?v=x6oPvkD17sg,350,259,434,https://www.youtube.com/watch?v=x6oPvkD17sg,0,0,0,,0,0,0,0,
17946118c2d641819c847aba0c491e13,771,5587,0,0,0,,0,0,0,,0,0,0,,5679,3167,1164,3672,https://www.twitch.tv/videos/2884617049
e83a22c584774763a3b91d557141604d,770,10144,0,0,0,,0,0,0,,0,0,0,,2052,0,0,0,
acc6cc72bdb74a74a719cc41baf0aade,768,31674,118,74,290,https://www.youtube.com/watch?v=NvnRX1Agj0c,195,100,290,https://www.youtube.com/watch?v=NvnRX1Agj0c,15,12,17,https://www.youtube.com/watch?v=pWYUuKSwP1U,0,0,0,0,
7a570b5273ae4e359a6491aba1313011,767,39058,672,88,1520,https://www.youtube.com/watch?v=kuIQd7h6Zi8,115,42,115,https://www.youtube.com/watch?v=k8YA5uN-o7s,675,122,1520,https://www.youtube.com/watch?v=kuIQd7h6Zi8,4500,417,229,2213,https://www.twitch.tv/videos/2891568451
1d1e155c827e4ed2a0596c256983c22d,767,4449,21,8,21,https://www.youtube.com/watch?v=bjhsee9M8P4,0,0,0,,21,8,21,https://www.youtube.com/watch?v=bjhsee9M8P4,2401,0,0,0,
8f4142c5ead94656b4744b425d800fb8,767,121861,120,49,896,https://www.youtube.com/watch?v=yo1NZInQ8t8,120,49,896,https://www.youtube.com/watch?v=yo1NZInQ8t8,0,0,0,,0,0,0,0,
8c59e356f1564e068e1c81ac7de1a4e3,766,34793,226,64,226,https://www.youtube.com/watch?v=fHwnxgEQhTQ,226,64,226,https://www.youtube.com/watch?v=fHwnxgEQhTQ,0,0,0,,0,0,0,0,
de6ab52e6aca42d2ab88274244e772fc,764,26079,0,0,0,,0,0,0,,0,0,0,,0,0,0,0,
a22035a68721415e830d1d7b8ffd172d,763,11528,0,0,0,,0,0,0,,0,0,0,,1824,0,0,0,
3a932cc8813343b6bb5d822cb2f53558,761,42507,0,0,0,,0,0,0,,0,0,0,,3232,0,0,0,
21507f58118d406b87fd42a39c87855a,761,29177,216,122,804,https://www.youtube.com/watch?v=SqN6o_tIrnM,216,122,804,https://www.youtube.com/watch?v=SqN6o_tIrnM,0,0,0,,0,0,0,0,
7531ceacd52e43b4a29ba4dc18a3f56c,761,44153,368,28,368,https://www.youtube.com/watch?v=gyaCU6dk01g,0,0,0,,368,28,368,https://www.youtube.com/watch?v=gyaCU6dk01g,1966,318,131,493,https://www.twitch.tv/videos/2876328359
945e26a69e2145219406bf2ca0d59554,757,21564,0,0,0,,0,0,0,,0,0,0,,743,122,110,206,https://www.twitch.tv/videos/2884341658
fb72bfcead034da2abef22637e7b2b3c,757,47074,0,0,0,,0,0,0,,0,0,0,,1532,79,53,97,https://www.twitch.tv/videos/2880171354
3204abe8247b45f08481bef65884ebc3,757,2991,0,0,0,,0,0,0,,0,0,0,,1349,0,0,0,
f1bcb26adebc4b95abd8fb779dfc4f6f,756,44625,345,297,1266,https://www.youtube.com/watch?v=zBrMSj5MpUM,345,297,1266,https://www.youtube.com/watch?v=zBrMSj5MpUM,0,0,0,,0,0,0,0,
dfc411c6b5d24d97b944f527ddfd2f0b,756,43436,211,153,581,https://www.youtube.com/watch?v=6795_pddl2k,214,170,581,https://www.youtube.com/watch?v=6795_pddl2k,79,1,79,https://www.youtube.com/watch?v=bjpc8lKpmWw,0,0,0,0,
2ccdc43de33c478192767afae6309f06,752,87503,77,36,696,https://www.youtube.com/watch?v=9zsS5iJsNP8,183,113,696,https://www.youtube.com/watch?v=9zsS5iJsNP8,49,14,222,https://www.youtube.com/watch?v=wHZ14hBCc3U,362,98,81,162,https://www.twitch.tv/videos/2886237937
433b2802b62441a39c721400926d59eb,751,63940,185,95,1383,https://www.youtube.com/watch?v=uWQ_6Ir7xRw,190,114,1383,https://www.youtube.com/watch?v=uWQ_6Ir7xRw,43,12,396,https://www.youtube.com/watch?v=fbOE9YOr-IM,0,0,0,0,
9539cc114b7648efb72bafc3a7358ae6,751,0,0,0,0,,0,0,0,,0,0,0,,1918,0,0,0,
68f424a416ad426faa8b01b78f47b3e3,749,0,0,0,0,,0,0,0,,0,0,0,,0,0,0,0,
004e635d5d494045a810b2d026e769c7,748,85275,471,275,2218,https://www.youtube.com/watch?v=KNJhVfKu-kk,418,211,2218,https://www.youtube.com/watch?v=KNJhVfKu-kk,1289,661,1318,https://www.youtube.com/watch?v=YHBwqAZjOJs,0,0,0,0,
a666cf6707d14cdbbe6581a8964aabd0,748,21509,0,0,0,,0,0,0,,0,0,0,,877,98,85,250,https://www.twitch.tv/videos/2886945411
da2113ffb3d74a6394685e68feaa7b60,744,198568,525,115,1003,https://www.youtube.com/watch?v=Er6R4KU56Bc,31,14,40,https://www.youtube.com/watch?v=2Ht-k46SDVY,570,138,1003,https://www.youtube.com/watch?v=Er6R4KU56Bc,0,0,0,0,
00de1290ff0a4edda4db0385a6ba3300,742,16363,374,144,374,https://www.youtube.com/watch?v=GCdPdwIGYMM,0,0,0,,374,144,374,https://www.youtube.com/watch?v=GCdPdwIGYMM,1857,200,132,416,https://www.twitch.tv/videos/2887129710
399c26439e254a229a1161ed12f1ab83,742,9117,50,34,50,https://www.youtube.com/watch?v=q-gBNKLDSw8,50,34,50,https://www.youtube.com/watch?v=q-gBNKLDSw8,0,0,0,,7,0,0,0,
c26ea894da5741df9e1bc62044f6bce7,740,0,0,0,0,,0,0,0,,0,0,0,,263,0,0,0,
2103bcf7923d4f74b2d043bffef71cc1,739,34547,0,0,0,,0,0,0,,0,0,0,,0,0,0,0,
a2f9fd3568f3467aa35e411dbde1ab45,739,43066,51,24,188,https://www.youtube.com/watch?v=xIboAT9Qu_c,0,0,0,,51,24,188,https://www.youtube.com/watch?v=xIboAT9Qu_c,0,0,0,0,
fcf160e0e39147b4b4037d1e4d18f076,739,92431,246,141,1288,https://www.youtube.com/watch?v=QmkYHVjQkQo,193,119,952,https://www.youtube.com/watch?v=eL5LPCm4t6o,1148,456,1288,https://www.youtube.com/watch?v=QmkYHVjQkQo,0,0,0,0,
7c6c40e2c7b64a6997fb2173f446860f,739,55160,148,100,985,https://www.youtube.com/watch?v=VKWsHhADIvQ,142,106,879,https://www.youtube.com/watch?v=IrDYY0sfC6M,985,50,985,https://www.youtube.com/watch?v=VKWsHhADIvQ,40,0,0,0,
c6286d22a9344325bb1609918d442b93,737,75147,0,0,0,,0,0,0,,0,0,0,,78,0,0,0,
49d38057272d4c4992cdbcb792c94d00,736,35585,271,94,624,https://www.youtube.com/watch?v=qZuhj_9KqLw,271,94,624,https://www.youtube.com/watch?v=qZuhj_9KqLw,0,0,0,,388,154,44,425,https://www.twitch.tv/videos/2889423242
ab7fb3b59bef4d869388be703ffa8c01,735,12513,0,0,0,,0,0,0,,0,0,0,,0,0,0,0,
28e5717b1964475ca59ce02d81cb2796,735,14814,0,0,0,,0,0,0,,0,0,0,,3850,828,405,45475,https://www.twitch.tv/videos/2891245797
eef7776c596141afb7efb9c1790bcb64,735,34661,0,0,0,,0,0,0,,0,0,0,,1517,0,0,0,
0f97f20ec79649e687590a4dc7328a21,734,19722,0,0,0,,0,0,0,,0,0,0,,349,0,0,0,
5ee9f1126dcf463e8d6afc8ef113d084,732,22953,0,0,0,,0,0,0,,0,0,0,,0,0,0,0,
b96e4730713c48899004d4af5975fe21,732,5169,0,0,0,,0,0,0,,0,0,0,,244,0,0,0,
a1880ae475fe44fc92760277c3f850ed,730,6511,0,0,0,,0,0,0,,0,0,0,,584,0,0,0,
2608bc34d1f8497da55ab0cf4d0d7f0e,730,16261,0,0,0,,0,0,0,,0,0,0,,3314,309,145,690,https://www.twitch.tv/videos/2884354669
bff3b878d9864ff893bd79d1f2a7a849,728,51704,120,71,751,https://www.youtube.com/watch?v=zWrJl8enthU,120,71,751,https://www.youtube.com/watch?v=zWrJl8enthU,0,0,0,,135,13,7,22,https://www.twitch.tv/videos/2880191170
4d4db7afb4b84af7b4d54889a5f93947,728,22595,102,101,102,https://www.youtube.com/watch?v=ea-7A882V3Q,102,101,102,https://www.youtube.com/watch?v=ea-7A882V3Q,0,0,0,,0,0,0,0,
667d1f10770d4512a5350b74bcb3efc0,728,30924,277,128,400,https://www.youtube.com/watch?v=ovJdodf6YIY,277,128,400,https://www.youtube.com/watch?v=ovJdodf6YIY,0,0,0,,0,0,0,0,
082df6a588424bc9aaa378c53b34315c,724,17214,0,0,0,,0,0,0,,0,0,0,,185,37,19,37,https://www.twitch.tv/videos/2879924534
26b00f5ff5bf4b5a8dcb6c5c34e1b4f6,722,5496,0,0,0,,0,0,0,,0,0,0,,6563,1564,587,6801,https://www.twitch.tv/videos/2872112749
424043d4c55449cd9317bc0923c13299,722,275232,159,18,455,https://www.youtube.com/watch?v=XBi5f3O8O5k,159,18,455,https://www.youtube.com/watch?v=XBi5f3O8O5k,0,0,0,,308,0,0,0,
3de1f749e7fe4b219a2a10611311297f,718,34909,163,76,1577,https://www.youtube.com/watch?v=WWrdESFEZdM,126,86,447,https://www.youtube.com/watch?v=uh_QXOcoUGs,769,43,1577,https://www.youtube.com/watch?v=WWrdESFEZdM,357,0,0,0,
6e3eb55128024fcca66d26ce1eb53802,717,18806,0,0,0,,0,0,0,,0,0,0,,590,158,123,253,https://www.twitch.tv/videos/2883571028
b96f58f4373a4b65977afe5f2829e9e4,716,180681,211,125,6285,https://www.youtube.com/watch?v=CGAKTtuW8Tg,151,106,569,https://www.youtube.com/watch?v=QJereJKP-bI,419,242,6285,https://www.youtube.com/watch?v=CGAKTtuW8Tg,572,100,87,219,https://www.twitch.tv/videos/2890732080
9b64082043fc451f9dd5edc793fa8605,716,9105,8,3,17,https://www.youtube.com/watch?v=kHDw9VFmmfs,0,0,0,,8,3,17,https://www.youtube.com/watch?v=kHDw9VFmmfs,1149,91,69,226,https://www.twitch.tv/videos/2881581957
40a4357f990e4fd8ad2ac18c26603925,713,19081,18,4,29,https://www.youtube.com/watch?v=WscegiJIvuk,0,0,0,,18,4,29,https://www.youtube.com/watch?v=WscegiJIvuk,1680,54,44,343,https://www.twitch.tv/videos/2884424032
87e486b2a37549cbaccc95bbf7d3f253,712,51901,147,75,382,https://www.youtube.com/watch?v=czKy_PR9OFQ,150,77,382,https://www.youtube.com/watch?v=czKy_PR9OFQ,11,10,11,https://www.youtube.com/watch?v=7TvbKa1FBa4,2460,96,76,198,https://www.twitch.tv/videos/2890748166
0800162a149e420ea0386c9506e710b7,711,29925,0,0,0,,0,0,0,,0,0,0,,0,0,0,0,
b3628981441b4b1aa2a3c91af81c7084,711,4328,0,0,0,,0,0,0,,0,0,0,,0,0,0,0,
c72045d5b8714411af64d5c9d29cea97,710,29197,0,0,0,,0,0,0,,0,0,0,,0,0,0,0,
bb775b8f85574398af290f5be009d40e,709,957,0,0,0,,0,0,0,,0,0,0,,0,0,0,0,
f3a1ec7e996e4897ba4e34376f7c0be2,707,10715,219,170,379,https://www.youtube.com/watch?v=gU0mbvd6yKE,0,0,0,,219,170,379,https://www.youtube.com/watch?v=gU0mbvd6yKE,1157,237,211,612,https://www.twitch.tv/videos/2892013454
3e7ef261eb21464eacd7d26a1e6c2fcc,706,41652,193,68,1344,https://www.youtube.com/watch?v=GCwlc4FfcIs,164,53,1344,https://www.youtube.com/watch?v=GCwlc4FfcIs,338,330,338,https://www.youtube.com/watch?v=rBf-Rg2kmzI,0,0,0,0,
a4e31a26718d42d692f6613fafb810f5,705,17149,0,0,0,,0,0,0,,0,0,0,,0,0,0,0,
8bd1aad0ee834101b6042c08495a31be,704,17203,0,0,0,,0,0,0,,0,0,0,,245,37,32,60,https://www.twitch.tv/videos/2888881644
bd16ea1e11d9475eb53a108ba90ea6a3,704,63450,80,27,133,https://www.youtube.com/watch?v=a_Dfi4vQinM,80,27,133,https://www.youtube.com/watch?v=a_Dfi4vQinM,0,0,0,,0,0,0,0,
cf5fc0cd849841679951b3769979b3a0,703,68082,337,178,3361,https://www.youtube.com/watch?v=2UxKx52TXp0,337,162,1970,https://www.youtube.com/watch?v=ou77505ADQI,2637,2168,3361,https://www.youtube.com/watch?v=2UxKx52TXp0,206,0,0,0,
d460f1ea172d49f9a23f3277a391ce30,702,5911,0,0,0,,0,0,0,,0,0,0,,530,0,0,0,
8881d23b0a3c426590c8a2509e363ec1,699,88449,1137,842,1137,https://www.youtube.com/watch?v=aKDphsYRBIg,0,0,0,,1137,842,1137,https://www.youtube.com/watch?v=aKDphsYRBIg,2072,102,79,152,https://www.twitch.tv/videos/2884523428
5d1f5182f62642a8a2e3ae5d3ead1014,698,60560,240,58,592,https://www.youtube.com/watch?v=xYtlhIz-_zk,240,58,592,https://www.youtube.com/watch?v=xYtlhIz-_zk,0,0,0,,0,0,0,0,
91216a87fe704ea9a42d3aabc1683f90,697,35712,303,294,645,https://www.youtube.com/watch?v=B3ILmhD02UE,299,288,340,https://www.youtube.com/watch?v=aPMH7POHtpw,645,543,645,https://www.youtube.com/watch?v=B3ILmhD02UE,66,0,0,0,
9bd9d680d6cf48d1a7171430f286fcb1,695,113058,352,99,835,https://www.youtube.com/watch?v=4-VRnK5Buao,275,180,458,https://www.youtube.com/watch?v=D6mcxIdlvps,352,98,835,https://www.youtube.com/watch?v=4-VRnK5Buao,0,0,0,0,
903278eb21a342669dc6f7eea7dbe618,694,35033,647,419,1375,https://www.youtube.com/watch?v=2eVNVOhtASk,647,419,1375,https://www.youtube.com/watch?v=2eVNVOhtASk,0,0,0,,0,0,0,0,
f7185f45c8a44e69bf829405206996b9,694,32942,202,193,202,https://www.youtube.com/watch?v=4tPfTW48FBA,202,193,202,https://www.youtube.com/watch?v=4tPfTW48FBA,0,0,0,,55,0,0,0,
23d18a6678794320b2d3f9d468b9b3a4,694,50293,103,48,714,https://www.youtube.com/watch?v=CtlKV3oMKHM,103,48,714,https://www.youtube.com/watch?v=CtlKV3oMKHM,0,0,0,,1327,222,161,490,https://www.twitch.tv/videos/2891633353
2047c8ae25624470b90251b1fd9502d5,691,27966,0,0,0,,0,0,0,,0,0,0,,0,0,0,0,
dd6310e365b74ff69a4250bd4860a50b,688,61485,0,0,0,,0,0,0,,0,0,0,,5258,1050,420,1856,https://www.twitch.tv/videos/2885118094
2ffa876173cb42bc8a1de004fe10e391,687,18733,163,57,1314,https://www.youtube.com/watch?v=-A4OZHQm-6I,163,57,1314,https://www.youtube.com/watch?v=-A4OZHQm-6I,0,0,0,,0,0,0,0,
bedd14283dd34a639c5f77a95856ecad,687,30963,329,177,633,https://www.youtube.com/watch?v=FHOwzcoDEqA,329,177,633,https://www.youtube.com/watch?v=FHOwzcoDEqA,0,0,0,,0,0,0,0,
2fbd2ed36dc7493b8d3e95a19c2c9847,684,60539,183,67,1417,https://www.youtube.com/watch?v=ia8YrAdfIdc,183,67,1417,https://www.youtube.com/watch?v=ia8YrAdfIdc,0,0,0,,0,0,0,0,
5e931b583dfe4fdc98d10e4dceaf2c93,683,30160,34,14,558,https://www.youtube.com/watch?v=j1y5xvvLFnA,558,470,558,https://www.youtube.com/watch?v=j1y5xvvLFnA,25,13,457,https://www.youtube.com/watch?v=WVQUEbe7Bco,1827,979,644,1182,https://www.twitch.tv/videos/2879897500
6142bdfa61cd4f3092263bfe477e8e0b,683,203110,253,80,1386,https://www.youtube.com/watch?v=Y9khKc6NFPA,255,112,1386,https://www.youtube.com/watch?v=Y9khKc6NFPA,118,43,541,https://www.youtube.com/watch?v=IojcXxM3_rE,0,0,0,0,
a0467c81a3014fbf83029acffe5b1d3f,683,12361,0,0,0,,0,0,0,,0,0,0,,1142,14,9,14,https://www.twitch.tv/videos/2883429409
c265c71f4d2744919a319f0f38c008f9,681,26771,0,0,0,,0,0,0,,0,0,0,,6180,0,0,0,
94b3f738cde248e3bf6061f1692d6337,680,170582,213,185,1735,https://www.youtube.com/watch?v=h1JPPON4y4A,213,185,1735,https://www.youtube.com/watch?v=h1JPPON4y4A,0,0,0,,0,0,0,0,
15ec206bfc374aaaa594bc12e9887a69,679,9466,0,0,0,,0,0,0,,0,0,0,,1640,0,0,0,
fc6a8de6e0e14e05a11b1d35dfce1d71,679,38748,116,48,266,https://www.youtube.com/watch?v=OE0SlFAfaQc,141,78,266,https://www.youtube.com/watch?v=OE0SlFAfaQc,87,18,87,https://www.youtube.com/watch?v=uQPrK-0D0xY,0,0,0,0,
38eb53f7de2247f6a93dfec0fe2f0d1e,676,30011,484,184,1681,https://www.youtube.com/watch?v=tiYbUbVstCM,484,184,1681,https://www.youtube.com/watch?v=tiYbUbVstCM,0,0,0,,0,0,0,0,
263db06cfe814d4397e6fc8bc593e70e,675,43090,0,0,0,,0,0,0,,0,0,0,,0,0,0,0,
c03997835cc943fe81a441c571d733d0,672,60917,110,51,288,https://www.youtube.com/watch?v=gswzJQRY-5o,110,66,288,https://www.youtube.com/watch?v=gswzJQRY-5o,142,43,212,https://www.youtube.com/watch?v=KIkUQXPTzmY,210,0,0,0,
e44a37ed06c749da9aeea8e16b309a84,671,29015,0,0,0,,0,0,0,,0,0,0,,27,0,0,0,
5bbd1c2531594775a4b74928e630dd59,671,46630,0,0,0,,0,0,0,,0,0,0,,4229,151,60,467,https://www.twitch.tv/videos/2870200068
14d68e1fc65f4206b0c45d65970c0215,669,47140,151,141,241,https://www.youtube.com/watch?v=Fy1WZ4OBPqc,151,141,241,https://www.youtube.com/watch?v=Fy1WZ4OBPqc,0,0,0,,0,0,0,0,
6159040406fc4e6cb73dbf9734717703,667,99519,0,0,0,,0,0,0,,0,0,0,,2118,0,0,0,
4b305df8ba4546b48c8ec1cda5efb7e2,662,228834,457,152,457,https://www.youtube.com/watch?v=8qe-izVpBmQ,457,152,457,https://www.youtube.com/watch?v=8qe-izVpBmQ,0,0,0,,0,0,0,0,
e7f01ae0c78b4daeaaf8f3fe39946e8d,661,37806,64,44,275,https://www.youtube.com/watch?v=PiWmHxSSJuw,83,47,275,https://www.youtube.com/watch?v=PiWmHxSSJuw,30,18,32,https://www.youtube.com/watch?v=-kB526sq_8M,0,0,0,0,
d15b3fadead04e7399faaeb47fdf37f9,661,33969,0,0,0,,0,0,0,,0,0,0,,0,0,0,0,
7342e2aefa41449880565dfd15a35cad,661,21545,277,84,471,https://www.youtube.com/watch?v=SXPOLvXLaTs,277,84,471,https://www.youtube.com/watch?v=SXPOLvXLaTs,0,0,0,,0,0,0,0,
0ad03ee6159c4d37a4feccbc49ba3dcf,658,69027,91,39,434,https://www.youtube.com/watch?v=u0yPC8tp3MQ,91,39,434,https://www.youtube.com/watch?v=u0yPC8tp3MQ,0,0,0,,171,0,0,0,
031da54f73f94adf8159ef0d3bfeb52b,656,74589,128,64,443,https://www.youtube.com/watch?v=0rXV74NGFKE,128,64,443,https://www.youtube.com/watch?v=0rXV74NGFKE,0,0,0,,0,0,0,0,
a1f8a0af53c34922b0c66ebdf4b3381d,654,13362,413,307,558,https://www.youtube.com/watch?v=2vXTSMakd5Y,413,307,558,https://www.youtube.com/watch?v=2vXTSMakd5Y,0,0,0,,82,0,0,0,
e911a56d410b4949aee1d3a8dc84f4ad,654,41040,0,0,0,,0,0,0,,0,0,0,,0,0,0,0,
0f11420beab0442eae0208ac63d4474c,652,5626,1252,1059,1252,https://www.youtube.com/watch?v=LZLFJ3QQ-eM,0,0,0,,1252,1059,1252,https://www.youtube.com/watch?v=LZLFJ3QQ-eM,0,0,0,0,
809ddec4aec2402ea41adeba2f8520ec,651,62469,9,2,43,https://www.youtube.com/watch?v=DQDuErUGv10,0,0,0,,9,2,43,https://www.youtube.com/watch?v=DQDuErUGv10,1389,514,292,537,https://www.twitch.tv/videos/2881553711
12d506583827419e9eb3b64ec551a94d,651,36607,255,185,256,https://www.youtube.com/watch?v=6_83F2IG7-s,255,185,256,https://www.youtube.com/watch?v=6_83F2IG7-s,0,0,0,,23,0,0,0,
948c874aac8c4c7fa088b380e79b2154,649,21121,0,0,0,,0,0,0,,0,0,0,,0,0,0,0,
4c127c01ba31487599018fc81ff1a3dd,645,39468,149,84,423,https://www.youtube.com/watch?v=IToXIjihw5w,149,84,423,https://www.youtube.com/watch?v=IToXIjihw5w,0,0,0,,0,0,0,0,
3e079110e939428085c1f1040ec756f9,645,9064,0,0,0,,0,0,0,,0,0,0,,0,0,0,0,
7d53d75ac36b4faea2450918f84dada3,645,32800,300,89,360,https://www.youtube.com/watch?v=RcaZZGIHAYs,303,91,360,https://www.youtube.com/watch?v=RcaZZGIHAYs,57,43,57,https://www.youtube.com/watch?v=sbD-grElVzU,0,0,0,0,
677a773535814b5fa2d557da2f80bb89,645,18349,182,114,182,https://www.youtube.com/watch?v=slIlk8V1iyg,182,114,182,https://www.youtube.com/watch?v=slIlk8V1iyg,0,0,0,,423,0,0,0,
5507154831064d69906acc64c76b1c99,644,17116,0,0,0,,0,0,0,,0,0,0,,3258,403,92,650,https://www.twitch.tv/videos/2868688346
adb7f358e8134f30ac0919a74c9d171b,643,14026,2,0,2,https://www.youtube.com/watch?v=C5yjDE5OfYc,0,0,0,,2,0,2,https://www.youtube.com/watch?v=C5yjDE5OfYc,2299,158,106,265,https://www.twitch.tv/videos/2888847994
994fcc5db40840ae990cf1ce43728548,642,20404,273,74,822,https://www.youtube.com/watch?v=NP484NpmpM0,273,74,822,https://www.youtube.com/watch?v=NP484NpmpM0,0,0,0,,0,0,0,0,
22aaa78ca5fa444bb70649727131c0f2,642,19769,0,0,0,,0,0,0,,0,0,0,,0,0,0,0,
2c6b5ad20b4e4bdc85310b791d02b364,641,7586,0,0,0,,0,0,0,,0,0,0,,2303,0,0,0,
54b80ca15e0c40f6abdebd37e0aa4ca1,640,16312,0,0,0,,0,0,0,,0,0,0,,751,409,382,439,https://www.twitch.tv/videos/2891572229
3e6f13f775fa4ef09ff9b26ce062eb52,636,1732,0,0,0,,0,0,0,,0,0,0,,308,0,0,0,
6bb99d03979041aa909d87375acaf92d,636,111607,1432,1249,1432,https://www.youtube.com/watch?v=6SdVL6YoeMc,1432,1249,1432,https://www.youtube.com/watch?v=6SdVL6YoeMc,0,0,0,,0,0,0,0,
e55e67f2f7f64a6da7ae604df1652f5e,634,258568,3111,1554,3111,https://www.youtube.com/watch?v=994wAKJn8ts,0,0,0,,3111,1554,3111,https://www.youtube.com/watch?v=994wAKJn8ts,0,0,0,0,
b88a2e77cd7b4758925642f63b58051a,634,76595,447,188,1235,https://www.youtube.com/watch?v=1mzDWncl0GA,369,114,619,https://www.youtube.com/watch?v=7jGRnMMUO74,561,348,1235,https://www.youtube.com/watch?v=1mzDWncl0GA,0,0,0,0,
04ca68439fd14d088c77eb0069e6414f,634,59026,99,46,160,https://www.youtube.com/watch?v=XiBwgB8TS_0,99,46,160,https://www.youtube.com/watch?v=XiBwgB8TS_0,0,0,0,,374,31,19,48,https://www.twitch.tv/videos/2883536111
318268a48a3c47b7a56609c204d02b03,632,15718,129,95,1155,https://www.youtube.com/watch?v=_puTE8wj_Kc,0,0,0,,129,95,1155,https://www.youtube.com/watch?v=_puTE8wj_Kc,3405,283,241,548,https://www.twitch.tv/videos/2891530911
e50da8792cd94b009eaa8dd4be738d59,631,2095,0,0,0,,0,0,0,,0,0,0,,1170,74,51,182,https://www.twitch.tv/videos/2882236599
6c2b07e387644ff1898d8c536747dcb0,631,21731,332,303,332,https://www.youtube.com/watch?v=kJvx34co2D8,0,0,0,,332,303,332,https://www.youtube.com/watch?v=kJvx34co2D8,320,0,0,0,
ec332c6e824044698204e6dba3e5fbfc,630,12166,0,0,0,,0,0,0,,0,0,0,,555,0,0,0,
1e131b3460564fd49ca9675ead6ad9c6,626,42847,196,95,797,https://www.youtube.com/watch?v=dL9G6c6NQd4,169,96,797,https://www.youtube.com/watch?v=dL9G6c6NQd4,538,25,538,https://www.youtube.com/watch?v=aEgpdBqzK_Q,0,0,0,0,
326a721a7a904cb9b5ed0dad4899d7c2,625,23343,0,0,0,,0,0,0,,0,0,0,,912,308,281,308,https://www.twitch.tv/videos/2889735510
20b9316c0979495fbff724be3442d4a4,625,173185,59,19,1232,https://www.youtube.com/watch?v=PGSaFsKvfy0,166,107,182,https://www.youtube.com/watch?v=-8_jbBd0ZZI,46,14,1232,https://www.youtube.com/watch?v=PGSaFsKvfy0,17,0,0,0,
b16b9643e24d404a8de6d66551451b85,623,10845,159,72,263,https://www.youtube.com/watch?v=xI_Y8lR-FIo,159,72,263,https://www.youtube.com/watch?v=xI_Y8lR-FIo,0,0,0,,3300,250,174,286,https://www.twitch.tv/videos/2882580593
1f455594561b421da20dde10d1540981,622,44858,0,0,0,,0,0,0,,0,0,0,,6242,434,201,601,https://www.twitch.tv/videos/2872099764
8b0dbadf9faa4815923944437f1c1abb,621,77914,10,4,101,https://www.youtube.com/watch?v=zitM0n4fKk8,0,0,0,,10,4,101,https://www.youtube.com/watch?v=zitM0n4fKk8,0,0,0,0,
b8ccfa7aec6a419ca8ad1a91d9fafdf6,620,0,0,0,0,,0,0,0,,0,0,0,,2534,156,135,310,https://www.twitch.tv/videos/2885625821
4e35059a74df41189368fad5263a1f3f,620,69664,210,72,1209,https://www.youtube.com/watch?v=GxFK22gDjzk,197,68,916,https://www.youtube.com/watch?v=QNo9rIKyzCI,264,108,1209,https://www.youtube.com/watch?v=GxFK22gDjzk,79,12,10,20,https://www.twitch.tv/videos/2888852050
dec8ff1f1ef243ccb8fa65edb7a813bd,620,913,0,0,0,,0,0,0,,0,0,0,,329,0,0,0,
9760ffdb528f40a7bd010589f2ce06c4,618,31712,8,2,83,https://www.youtube.com/watch?v=3tZJKno78dw,0,0,0,,8,2,83,https://www.youtube.com/watch?v=3tZJKno78dw,828,103,100,241,https://www.twitch.tv/videos/2880922552
66345fc8147b45e99d6eba1b0df6ba7c,618,32070,0,0,0,,0,0,0,,0,0,0,,0,0,0,0,
e07cd7e29645414481d441fcfd4fd456,616,30511,11,4,51,https://www.youtube.com/watch?v=Lg7Gi4l1KGw,0,0,0,,11,4,51,https://www.youtube.com/watch?v=Lg7Gi4l1KGw,0,0,0,0,
3849edba2b2e411f8564e9c1d1aaaa51,615,82448,381,336,3364,https://www.youtube.com/watch?v=8ux-AE_NCTU,381,336,3364,https://www.youtube.com/watch?v=8ux-AE_NCTU,0,0,0,,0,0,0,0,
defbc693cb874182807b768593439616,614,19319,0,0,0,,0,0,0,,0,0,0,,1636,120,40,249,https://www.twitch.tv/videos/2890623113
7dd6c13c71ee452e9a85dec903f2ee15,610,37272,188,46,1135,https://www.youtube.com/watch?v=ByE10qVJesU,144,57,201,https://www.youtube.com/watch?v=cnbv6hTYa54,317,46,1135,https://www.youtube.com/watch?v=ByE10qVJesU,0,0,0,0,
508ebe96e7a94e94893609e616086dff,609,146618,400,86,1222,https://www.youtube.com/watch?v=uRBOItltp98,0,0,0,,400,86,1222,https://www.youtube.com/watch?v=uRBOItltp98,696,346,230,488,https://www.twitch.tv/videos/2891643597
7c781489389447e682388caccae7fb1c,606,21939,10,9,280,https://www.youtube.com/watch?v=9lbfh8tzFXY,0,0,0,,10,9,280,https://www.youtube.com/watch?v=9lbfh8tzFXY,1060,149,138,303,https://www.twitch.tv/videos/2891691616
156c4271fe17425bb02fd7b24f5a2a7a,606,10926,288,138,288,https://www.youtube.com/watch?v=Oe0ExhpDQLQ,0,0,0,,288,138,288,https://www.youtube.com/watch?v=Oe0ExhpDQLQ,0,0,0,0,
c4ad3b6c4fe94f9a8142895fd869dfb9,603,5728,15,8,143,https://www.youtube.com/watch?v=m1GuK88nuwo,0,0,0,,15,8,143,https://www.youtube.com/watch?v=m1GuK88nuwo,1556,112,90,518,https://www.twitch.tv/videos/2884495452
9fba4ecf861140acb418c343a475f99c,603,59007,221,26,410,https://www.youtube.com/watch?v=i6Lmj_4HEGA,224,38,410,https://www.youtube.com/watch?v=i6Lmj_4HEGA,80,1,80,https://www.youtube.com/watch?v=pYlpj5PWwa8,157,29,19,29,https://www.twitch.tv/videos/2883094768
3f74c9c84fac427ea0e3d147c6027e82,602,23506,53,22,398,https://www.youtube.com/watch?v=pjdoTJ53qDY,65,22,398,https://www.youtube.com/watch?v=pjdoTJ53qDY,19,3,19,https://www.youtube.com/watch?v=FRRxqlukg3g,0,0,0,0,
d02adf3818df4c9fa03ed90bf1df5b41,600,15518,0,0,0,,0,0,0,,0,0,0,,0,0,0,0,
161544bf51864b2bad46cdd769bee278,596,30256,343,196,1295,https://www.youtube.com/watch?v=XvSgO3N4U_w,394,258,1295,https://www.youtube.com/watch?v=XvSgO3N4U_w,41,39,53,https://www.youtube.com/watch?v=FvBe92nTLlM,223,52,41,157,https://www.twitch.tv/videos/2886246944
d6827fe530ca4db4b748651c72e81ead,596,18912,121,73,496,https://www.youtube.com/watch?v=PohIJQ1xw6Y,121,73,496,https://www.youtube.com/watch?v=PohIJQ1xw6Y,0,0,0,,266,31,28,42,https://www.twitch.tv/videos/2883645646
25262970b019418badba15bc46f9c048,596,126536,631,35,705,https://www.youtube.com/watch?v=Sm56tvFCIvs,631,35,705,https://www.youtube.com/watch?v=Sm56tvFCIvs,0,0,0,,528,114,11,114,https://www.twitch.tv/videos/2868352540
8c4d0ef0e1ee405e93be5d03974307ce,595,32543,401,232,401,https://www.youtube.com/watch?v=zAgYxBZBJNw,401,232,401,https://www.youtube.com/watch?v=zAgYxBZBJNw,0,0,0,,32,0,0,0,
fd5a1e004f224586aa65f9c5b374cc4a,592,28084,795,263,1571,https://www.youtube.com/watch?v=AdZIE2j-fWU,189,66,330,https://www.youtube.com/watch?v=1EoLXKG1Rmk,982,412,1571,https://www.youtube.com/watch?v=AdZIE2j-fWU,5483,391,155,2627,https://www.twitch.tv/videos/2887546663
4cc07f3cbfed434090bba391bc15fd6d,592,41534,28,7,45,https://www.youtube.com/watch?v=qbewXdTyA4M,0,0,0,,28,7,45,https://www.youtube.com/watch?v=qbewXdTyA4M,1801,96,54,251,https://www.twitch.tv/videos/2885282801
ea7f97145fd44a51a95e5b97a6b8366c,592,177651,903,92,1766,https://www.youtube.com/watch?v=nmZCkJAGESQ,0,0,0,,903,92,1766,https://www.youtube.com/watch?v=nmZCkJAGESQ,0,0,0,0,
14392ae1c106403ab690e8a6dea7c534,590,65037,199,80,1125,https://www.youtube.com/watch?v=pdkNzmR76KA,186,79,405,https://www.youtube.com/watch?v=V5XSFnsLGcE,1125,345,1125,https://www.youtube.com/watch?v=pdkNzmR76KA,0,0,0,0,
c1ca3c2282084d0ebbdeb3896801aec9,590,19311,0,0,0,,0,0,0,,0,0,0,,251,0,0,0,
84111bbae2be41ea96c8b2f6c755f00c,589,25968,214,112,662,https://www.youtube.com/watch?v=REtjAz1cM-Q,214,164,662,https://www.youtube.com/watch?v=REtjAz1cM-Q,214,110,214,https://www.youtube.com/watch?v=jO2mTr9RH9Q,1647,315,267,1770,https://www.twitch.tv/videos/2884141121
d613059b356d4cc9b1c3e998f32d1a5a,589,22543,0,0,0,,0,0,0,,0,0,0,,11296,1360,471,1614,https://www.twitch.tv/videos/2883449563
7dc8617f6004470c8a65a67a9abdf661,586,19788,72,35,72,https://www.youtube.com/watch?v=wm0-aHmc0Yk,72,35,72,https://www.youtube.com/watch?v=wm0-aHmc0Yk,0,0,0,,264,0,0,0,
52ff14aabd804801a6e589681fc2fb4d,586,72479,0,0,0,,0,0,0,,0,0,0,,1605,0,0,0,
aa673b95b03540288c87dbaa59477ef9,585,38935,0,0,0,,0,0,0,,0,0,0,,0,0,0,0,
ff88906b47654805b8370426415f1183,585,17278,0,0,0,,0,0,0,,0,0,0,,3411,367,211,375,https://www.twitch.tv/videos/2874872534
5dd38c1bf796414399e7c80092c1d984,584,511078,81,42,10583,https://www.youtube.com/watch?v=_pC8TbM9KqA,64,54,520,https://www.youtube.com/watch?v=viuN1Py7uZw,98,30,10583,https://www.youtube.com/watch?v=_pC8TbM9KqA,52,0,0,0,
619f48c4546c481bbc52aadc12c3e48f,584,7986,308,62,308,https://www.youtube.com/watch?v=u7N9jllQCyY,0,0,0,,308,62,308,https://www.youtube.com/watch?v=u7N9jllQCyY,2900,727,575,1207,https://www.twitch.tv/videos/2887426871
a6b0f8c8343041f0b1ea96c46ee4e582,583,21188,159,74,348,https://www.youtube.com/watch?v=e0zAbgLVvkQ,159,74,348,https://www.youtube.com/watch?v=e0zAbgLVvkQ,0,0,0,,309,122,94,202,https://www.twitch.tv/videos/2880884781
b511c9a0eba7474fbb8ac8d02ff357b7,582,71280,111,65,1146,https://www.youtube.com/watch?v=UJnD5dvplCU,111,65,267,https://www.youtube.com/watch?v=Dq91qjUxBkw,594,398,1146,https://www.youtube.com/watch?v=UJnD5dvplCU,0,0,0,0,
b76eb671dc62463fb845025be34526b7,579,36881,1001,334,1192,https://www.youtube.com/watch?v=6CW4gS3X9fU,0,0,0,,1001,334,1192,https://www.youtube.com/watch?v=6CW4gS3X9fU,0,0,0,0,
7179f903569e4fa9842b5c5ea3f7a645,578,36987,89,44,232,https://www.youtube.com/watch?v=taUOaqecCUw,89,44,232,https://www.youtube.com/watch?v=taUOaqecCUw,0,0,0,,637,69,55,100,https://www.twitch.tv/videos/2885416088
5e259658ed814cc894dfe408d10ecc6e,577,32618,254,131,339,https://www.youtube.com/watch?v=E3HxfX43urQ,296,136,339,https://www.youtube.com/watch?v=E3HxfX43urQ,95,49,95,https://www.youtube.com/watch?v=Fxd1VroQ-W0,0,0,0,0,
c269bafe425f470e957731c454b8925c,576,49410,1215,102,2176,https://www.youtube.com/watch?v=1ZMrvr0XuNU,0,0,0,,1215,102,2176,https://www.youtube.com/watch?v=1ZMrvr0XuNU,670,0,0,0,
6f5a8075e60244cb8e74c6aa35daaa2a,576,29922,0,0,0,,0,0,0,,0,0,0,,0,0,0,0,
fad52a34935b402a819aa4bb504453da,574,30396,51,24,51,https://www.youtube.com/watch?v=IAq1U74LWFA,51,24,51,https://www.youtube.com/watch?v=IAq1U74LWFA,0,0,0,,0,0,0,0,
4859b57db8e043f1965e56324f137097,574,67919,835,461,1352,https://www.youtube.com/watch?v=OSN-wUv_3Yg,0,0,0,,835,461,1352,https://www.youtube.com/watch?v=OSN-wUv_3Yg,2099,205,171,314,https://www.twitch.tv/videos/2887921156
76a17ecab93c4c3db069c9a5d8d0ecf5,572,45978,0,0,0,,0,0,0,,0,0,0,,1848,241,178,267,https://www.twitch.tv/videos/2883401553
ee5418c900a7400fa44c821eaaca0218,571,10312,20,12,46,https://www.youtube.com/watch?v=9B9RQHAY7VY,0,0,0,,20,12,46,https://www.youtube.com/watch?v=9B9RQHAY7VY,625,21,8,69,https://www.twitch.tv/videos/2873767917
22b0dfc3703e477d9ce6880cdbfafd91,570,24185,0,0,0,,0,0,0,,0,0,0,,2423,270,239,448,https://www.twitch.tv/videos/2888612007
33546b9ad5a8408589405f9467063dd7,569,23809,1206,493,1647,https://www.youtube.com/watch?v=7eTUJKly7bs,0,0,0,,1206,493,1647,https://www.youtube.com/watch?v=7eTUJKly7bs,3717,123,42,1120,https://www.twitch.tv/videos/2866027154
5908563b5c944c7b919b08e5233a8a5a,569,146840,7,2,56,https://www.youtube.com/watch?v=iHl5ikNwDuA,0,0,0,,7,2,56,https://www.youtube.com/watch?v=iHl5ikNwDuA,990,68,52,164,https://www.twitch.tv/videos/2886276839
746abd9861714105823ebfb2a18f6fdc,568,50768,109,70,242,https://www.youtube.com/watch?v=6XZX8aA0Q2c,109,70,242,https://www.youtube.com/watch?v=6XZX8aA0Q2c,0,0,0,,0,0,0,0,
993f7baff5d24cf69d077e30f7fd1a9d,564,26520,0,0,0,,0,0,0,,0,0,0,,0,0,0,0,
8e65ff08f84f46148a79346978db81c8,563,104605,751,208,1473,https://www.youtube.com/watch?v=9tuupmGEgU8,774,233,1460,https://www.youtube.com/watch?v=vuzMZrqrvYI,234,70,1473,https://www.youtube.com/watch?v=9tuupmGEgU8,0,0,0,0,
ba795eb1ea0f4fea888b1bfff3d5be86,563,69659,23,7,23,https://www.youtube.com/watch?v=G1rFzt0zx4Y,0,0,0,,23,7,23,https://www.youtube.com/watch?v=G1rFzt0zx4Y,3487,0,0,0,
0e136a936a574815a311e6e801ce3ca6,562,23768,348,130,757,https://www.youtube.com/watch?v=Q6hogImwxO4,348,130,757,https://www.youtube.com/watch?v=Q6hogImwxO4,0,0,0,,40,0,0,0,
82d775c8bb1740c0a6db1037d3bf5fe0,559,16263,119,56,163,https://www.youtube.com/watch?v=SEI65iGm5iA,119,56,163,https://www.youtube.com/watch?v=SEI65iGm5iA,0,0,0,,0,0,0,0,
df6e2520044744f0957a83db74b386bb,559,15635,0,0,0,,0,0,0,,0,0,0,,0,0,0,0,
95df3846ff6644429227e9e058994ad8,559,32423,432,257,629,https://www.youtube.com/watch?v=9_f9Ms4efbk,432,257,629,https://www.youtube.com/watch?v=9_f9Ms4efbk,0,0,0,,0,0,0,0,
c40a4498540d462a89c2391a41aa9f0e,558,24823,1474,1096,1612,https://www.youtube.com/watch?v=8FLq0_c2Wxg,0,0,0,,1474,1096,1612,https://www.youtube.com/watch?v=8FLq0_c2Wxg,2448,183,146,217,https://www.twitch.tv/videos/2883509703
21f5355738614770afb34b761a4c45af,554,4426,0,0,0,,0,0,0,,0,0,0,,0,0,0,0,
54c49dea17ad4eb5aeb7ce1698dc01be,552,34970,136,108,188,https://www.youtube.com/watch?v=ONqih_8xg-U,136,108,188,https://www.youtube.com/watch?v=ONqih_8xg-U,0,0,0,,115,0,0,0,
6503172c78774a0fa639255ac2e7e85a,551,21552,26,16,32,https://www.youtube.com/watch?v=WL5zoPoj8Z0,26,16,32,https://www.youtube.com/watch?v=WL5zoPoj8Z0,0,0,0,,0,0,0,0,
87df5b92303e4410884b8c52ff2c4e0d,551,48600,113,57,900,https://www.youtube.com/watch?v=Nr3yV7D3TWM,0,0,0,,113,57,900,https://www.youtube.com/watch?v=Nr3yV7D3TWM,1238,381,299,672,https://www.twitch.tv/videos/2886208448
cd1224f4756340c594f3c36245e9b4d4,548,152737,58,34,1418,https://www.youtube.com/watch?v=DlR_8cajHEk,0,0,0,,58,34,1418,https://www.youtube.com/watch?v=DlR_8cajHEk,2224,176,131,340,https://www.twitch.tv/videos/2887060630
21c8f34b3284456792c28b2ce7290589,548,24313,171,12,171,https://www.youtube.com/watch?v=q11rqBDq-_Q,0,0,0,,171,12,171,https://www.youtube.com/watch?v=q11rqBDq-_Q,0,0,0,0,
c232b3088a6e49b997b325d5de9a3013,547,23326,177,69,1030,https://www.youtube.com/watch?v=rdVD43hYOto,177,69,1030,https://www.youtube.com/watch?v=rdVD43hYOto,0,0,0,,167,0,0,0,
f5493e350f514aae860e4fbc529adf4c,547,344,0,0,0,,0,0,0,,0,0,0,,0,0,0,0,
7731172cfcaa4e668762473a7b9d509a,545,16324,0,0,0,,0,0,0,,0,0,0,,831,0,0,0,
780ca962f78b49d580c8a078b0525d25,544,28794,0,0,0,,0,0,0,,0,0,0,,0,0,0,0,
3750eae778e9453eaeee75956a8dabc6,540,18914,1072,229,1236,https://www.youtube.com/watch?v=vjRYHaWcoKQ,0,0,0,,1072,229,1236,https://www.youtube.com/watch?v=vjRYHaWcoKQ,2563,256,199,319,https://www.twitch.tv/videos/2890901941
1760601b33854f2ab58b6217bd2cfedf,540,34372,0,0,0,,0,0,0,,0,0,0,,0,0,0,0,
7344fd4a1019434792afd863eddb4250,540,37837,0,0,0,,0,0,0,,0,0,0,,1867,251,150,439,https://www.twitch.tv/videos/2888708581
e53ab7560fbc44fcba0dc3b7dceff697,539,8683,0,0,0,,0,0,0,,0,0,0,,0,0,0,0,
735a3d989210437f9e5b8e7a7ba6d88a,537,26152,187,102,294,https://www.youtube.com/watch?v=ZNiSYeMq5Bc,183,114,222,https://www.youtube.com/watch?v=0of9U3l_hd8,294,72,294,https://www.youtube.com/watch?v=ZNiSYeMq5Bc,131,0,0,0,
d6afb902dbe04e35ab52f961f538f9bd,537,27217,0,0,0,,0,0,0,,0,0,0,,134,0,0,0,
bd7947d2357941039893b911b18f3b4c,537,47195,17,7,60,https://www.youtube.com/watch?v=Kx7zA00V9vc,17,7,60,https://www.youtube.com/watch?v=Kx7zA00V9vc,0,0,0,,668,39,37,59,https://www.twitch.tv/videos/2883498636
6166fbac685941a6acf389460de44943,536,54629,163,79,401,https://www.youtube.com/watch?v=Cok0Q04Ou-4,163,79,401,https://www.youtube.com/watch?v=Cok0Q04Ou-4,0,0,0,,0,0,0,0,
f072e780d0c84ca08c27020e1f2de365,536,16604,11,6,153,https://www.youtube.com/watch?v=agUHJQZ_t2k,0,0,0,,11,6,153,https://www.youtube.com/watch?v=agUHJQZ_t2k,700,51,32,57,https://www.twitch.tv/videos/2882559245
b359f595b54b4edc8969423a8b5658ff,535,36551,0,0,0,,0,0,0,,0,0,0,,0,0,0,0,
ffffcd6d454a4e77a215927a82c460bc,532,127966,1411,1084,1411,https://www.youtube.com/watch?v=jk2MFJ8Wra4,0,0,0,,1411,1084,1411,https://www.youtube.com/watch?v=jk2MFJ8Wra4,1092,75,67,155,https://www.twitch.tv/videos/2889648703
100af980504b4bd38c8b2192d1e71b29,531,36817,923,381,923,https://www.youtube.com/watch?v=aGC8ZjJRww4,0,0,0,,923,381,923,https://www.youtube.com/watch?v=aGC8ZjJRww4,0,0,0,0,
b0df22881775422093e3e64a63b01a5a,530,67787,0,0,0,,0,0,0,,0,0,0,,162,0,0,0,
c6704a4edfef443ba46ba7f0db0c4ff9,529,14583,181,56,194,https://www.youtube.com/watch?v=nuE3NflPlSI,181,56,194,https://www.youtube.com/watch?v=nuE3NflPlSI,0,0,0,,0,0,0,0,
9099b86c3fe84a138b0bc1f258bca138,526,24610,92,53,329,https://www.youtube.com/watch?v=lGY4aE1KxU8,92,53,329,https://www.youtube.com/watch?v=lGY4aE1KxU8,0,0,0,,0,0,0,0,
aedfb89bad4545379af018f5933bddb7,526,32473,192,87,506,https://www.youtube.com/watch?v=pR115U-bBF8,192,87,506,https://www.youtube.com/watch?v=pR115U-bBF8,0,0,0,,29,0,0,0,
328751d304524e18a74cef810504b219,524,7813,275,133,467,https://www.youtube.com/watch?v=zeNtys8qXJU,0,0,0,,275,133,467,https://www.youtube.com/watch?v=zeNtys8qXJU,1013,742,259,1009,https://www.twitch.tv/videos/2890506506
37e88453b9cb48b1863bc455328b34c1,524,8210,0,0,0,,0,0,0,,0,0,0,,1503,93,75,218,https://www.twitch.tv/videos/2890602803
b423123a68df4ac88b2a376ae5fd3b89,524,28218,242,108,985,https://www.youtube.com/watch?v=TmjHilxWd1Y,248,113,985,https://www.youtube.com/watch?v=TmjHilxWd1Y,86,9,86,https://www.youtube.com/watch?v=UwgByW-qqzg,0,0,0,0,
1e4f8348a36e4ab3abda426f1810513a,523,13932,0,0,0,,0,0,0,,0,0,0,,0,0,0,0,
01d150623c984f3d8d7de4b1859afadd,523,11022,0,0,0,,0,0,0,,0,0,0,,0,0,0,0,
3f2e41bdee4145f59fa97830ba3f5edb,522,16815,0,0,0,,0,0,0,,0,0,0,,2604,361,299,467,https://www.twitch.tv/videos/2889827158
73abc31606db493f971f679dfde4f7e5,522,65026,110,68,392,https://www.youtube.com/watch?v=PjlTEp8fwiw,110,68,392,https://www.youtube.com/watch?v=PjlTEp8fwiw,0,0,0,,86,0,0,0,
533e7b1b50ba448292c09c5845d68eb6,521,10063,126,85,126,https://www.youtube.com/watch?v=wy1BP1DXh8s,126,85,126,https://www.youtube.com/watch?v=wy1BP1DXh8s,0,0,0,,338,172,117,213,https://www.twitch.tv/videos/2883863465
41ad2f1c78f0406ab5460f38115002d7,519,21898,0,0,0,,0,0,0,,0,0,0,,0,0,0,0,
b7b1cb60f1c24c0ea4fb1f506d3e247a,519,14090,91,61,146,https://www.youtube.com/watch?v=N2c4QwORJp4,0,0,0,,91,61,146,https://www.youtube.com/watch?v=N2c4QwORJp4,1584,186,83,755,https://www.twitch.tv/videos/2883893941
cbee87914d63402b825bf74d25333236,517,18259,150,31,169,https://www.youtube.com/watch?v=UquKaP_nPgA,150,31,169,https://www.youtube.com/watch?v=UquKaP_nPgA,0,0,0,,0,0,0,0,
6926325d2c1c4c4e87f7be69ab675d53,516,122811,182,54,1075,https://www.youtube.com/watch?v=l2SneNLb_o8,182,53,581,https://www.youtube.com/watch?v=6hG_GHlh8DU,574,385,1075,https://www.youtube.com/watch?v=l2SneNLb_o8,0,0,0,0,
aa182728aa6d44c4ae37caa7cdb8ed29,516,22200,124,31,214,https://www.youtube.com/watch?v=NoLLCIKP56c,214,54,214,https://www.youtube.com/watch?v=NoLLCIKP56c,34,8,34,https://www.youtube.com/watch?v=H1oZuU51NqY,221,0,0,0,
1a95847597f04ae39d6f0d9caba04a5f,516,19772,0,0,0,,0,0,0,,0,0,0,,1610,235,153,307,https://www.twitch.tv/videos/2882605055
323c21f9e49f47d48609f698a3f81fd5,514,6680,109,63,109,https://www.youtube.com/watch?v=bRdMyhDWkN8,109,63,109,https://www.youtube.com/watch?v=bRdMyhDWkN8,0,0,0,,0,0,0,0,
442edbdb59fe4979a2be3e5183258cf8,514,24015,146,79,172,https://www.youtube.com/watch?v=hsQvC9asChU,146,79,172,https://www.youtube.com/watch?v=hsQvC9asChU,0,0,0,,0,0,0,0,
ffdc53dc3c764656a2f76031ee262b60,513,7314,0,0,0,,0,0,0,,0,0,0,,228,0,0,0,
17a340801a7d4697be53c472c621993d,513,28219,966,723,1184,https://www.youtube.com/watch?v=CQaqLM7IEqc,0,0,0,,966,723,1184,https://www.youtube.com/watch?v=CQaqLM7IEqc,806,82,46,118,https://www.twitch.tv/videos/2882840159
af41302aa9184c2dbc25d2ed16e878fc,513,93496,90,34,336,https://www.youtube.com/watch?v=7hj4aZf0FAk,90,29,336,https://www.youtube.com/watch?v=7hj4aZf0FAk,116,89,152,https://www.youtube.com/watch?v=iGBEihxT7Fw,275,0,0,0,
2bffdc20e3cb48de9bf46600f62d248e,511,27237,0,0,0,,0,0,0,,0,0,0,,287,0,0,0,
6d1b01658ae74a7f91c7f60b5abe1cb2,510,51491,353,118,460,https://www.youtube.com/watch?v=rogycfrYgsg,402,232,460,https://www.youtube.com/watch?v=rogycfrYgsg,17,16,157,https://www.youtube.com/watch?v=AjVeqmAABss,0,0,0,0,
8db6aab32c8e45c8a70d0850bfcd3e5c,509,27869,117,99,156,https://www.youtube.com/watch?v=beWG33z7MU8,117,99,156,https://www.youtube.com/watch?v=beWG33z7MU8,0,0,0,,148,3,2,3,https://www.twitch.tv/videos/2886334691
52136fb3529d4f5eb5225ade4209b8b3,508,12159,0,0,0,,0,0,0,,0,0,0,,0,0,0,0,
423ee3a5dbd549f19893a1823856b8dc,506,72265,89,87,89,https://www.youtube.com/watch?v=pJw9pouk1sU,0,0,0,,89,87,89,https://www.youtube.com/watch?v=pJw9pouk1sU,498,62,50,152,https://www.twitch.tv/videos/2885148460
a42c38cc7c0b4812b9bc79ab5f2d84f3,506,42442,193,85,1001,https://www.youtube.com/watch?v=Ed1Xc3GiTbU,123,68,193,https://www.youtube.com/watch?v=CjLyJK9W_2k,553,117,1001,https://www.youtube.com/watch?v=Ed1Xc3GiTbU,0,0,0,0,
45d566a561914da0a15a5a21574eb30a,504,10445,152,64,368,https://www.youtube.com/watch?v=AHWAReRHol8,152,64,368,https://www.youtube.com/watch?v=AHWAReRHol8,0,0,0,,0,0,0,0,
1bf9786ba55042b9ae3294dadfc7b40d,500,20193,89,42,189,https://www.youtube.com/watch?v=052MP-Ay0aI,89,42,189,https://www.youtube.com/watch?v=052MP-Ay0aI,0,0,0,,0,0,0,0,
51f3508054da4987b4e8f659e4d28d1d,497,3202,0,0,0,,0,0,0,,0,0,0,,4967,419,90,752,https://www.twitch.tv/videos/2881737047
c699beab8e8a4064849c977b67058447,494,21848,0,0,0,,0,0,0,,0,0,0,,1322,103,86,130,https://www.twitch.tv/videos/2889704872
30e2594ce7cf4bc3a7e536639b15ff30,493,14681,96,57,759,https://www.youtube.com/watch?v=jsKU6YOkikY,96,57,759,https://www.youtube.com/watch?v=jsKU6YOkikY,0,0,0,,337,77,64,189,https://www.twitch.tv/videos/2887079526
09c9c71c41e24e7d9498ce41a78dae1c,493,13620,0,0,0,,0,0,0,,0,0,0,,463,0,0,0,
54355102572e408183af55831cb98e3a,493,28505,0,0,0,,0,0,0,,0,0,0,,181,0,0,0,
88917b370d0041d8be65372342c92523,492,26373,19,3,232,https://www.youtube.com/watch?v=wOelcpXOW84,0,0,0,,19,3,232,https://www.youtube.com/watch?v=wOelcpXOW84,2147,465,310,958,https://www.twitch.tv/videos/2880905503
085ed0ddc3294678b9570fdbcf581c64,491,346,0,0,0,,0,0,0,,0,0,0,,31246,428,205,1695,https://www.twitch.tv/videos/2882466421
f9444f6d790344a4a51a301110665229,490,15832,180,112,954,https://www.youtube.com/watch?v=JtSwXi4SIAk,178,97,843,https://www.youtube.com/watch?v=5Az-67YwDLA,355,148,954,https://www.youtube.com/watch?v=JtSwXi4SIAk,0,0,0,0,
e41bf48a09d64e4aa3d96064a9a63b08,490,100280,940,249,1340,https://www.youtube.com/watch?v=fxcmWuJao1U,0,0,0,,940,249,1340,https://www.youtube.com/watch?v=fxcmWuJao1U,70,0,0,0,
d148768158984ce8b3a8214b1fb3dafc,487,12067,836,527,1514,https://www.youtube.com/watch?v=T3D4f6RASTo,159,140,159,https://www.youtube.com/watch?v=Wz9DxN5t_pk,1514,914,1514,https://www.youtube.com/watch?v=T3D4f6RASTo,179,0,0,0,
e306270e80094416818cfddb33153419,486,19111,0,0,0,,0,0,0,,0,0,0,,0,0,0,0,
7168995b95ab439aa7cf1f3099d7bd88,485,70777,337,138,762,https://www.youtube.com/watch?v=nhe1IhmWUMY,0,0,0,,337,138,762,https://www.youtube.com/watch?v=nhe1IhmWUMY,3960,0,0,0,
037bc9366d5949b0877707007b4b1ed5,484,24012,0,0,0,,0,0,0,,0,0,0,,366,93,91,93,https://www.twitch.tv/videos/2891777383
91f5b04be2e74f64b03e0774cc275748,481,21126,0,0,0,,0,0,0,,0,0,0,,0,0,0,0,
3a13b2827ef048859006a3acb74c175a,481,10792,0,0,0,,0,0,0,,0,0,0,,7435,6195,3735,17555,https://www.twitch.tv/videos/2888813648
acb95c574d8444cd80102796e0d56edd,479,67004,194,153,194,https://www.youtube.com/watch?v=JAc54tqLiTY,194,153,194,https://www.youtube.com/watch?v=JAc54tqLiTY,0,0,0,,218,0,0,0,
09945e9139af4f3a96e6adfd73139d35,478,16787,0,0,0,,0,0,0,,0,0,0,,1613,125,93,125,https://www.twitch.tv/videos/2885499443
6695a7e8f824489881f2c321501a36a6,477,25888,31,12,56,https://www.youtube.com/watch?v=GDBHNIph6JU,31,12,56,https://www.youtube.com/watch?v=GDBHNIph6JU,0,0,0,,0,0,0,0,
7652b3bd3da6418cbf02c85057077b54,475,13252,9,7,154,https://www.youtube.com/watch?v=YPqv4q-ztvk,9,7,154,https://www.youtube.com/watch?v=YPqv4q-ztvk,0,0,0,,278,0,0,0,
7677c9c71c0a4decad1472b7ecc604bb,475,6124,0,0,0,,0,0,0,,0,0,0,,485,0,0,0,
d2da40bb201e49ddbd6a8780bfaf8b63,474,15229,0,0,0,,0,0,0,,0,0,0,,1342,101,75,137,https://www.twitch.tv/videos/2887940364
294b1c29030244c784387782c0cb6aee,473,13874,264,39,264,https://www.youtube.com/watch?v=w1SC-vu_FbQ,264,39,264,https://www.youtube.com/watch?v=w1SC-vu_FbQ,0,0,0,,0,0,0,0,
502d093ba13d45de84602b54a1dc6e6c,473,27056,32,15,1306,https://www.youtube.com/watch?v=QiAEnX6_ubs,874,288,1306,https://www.youtube.com/watch?v=QiAEnX6_ubs,24,10,142,https://www.youtube.com/watch?v=5fNq1aKAcf8,239,170,140,259,https://www.twitch.tv/videos/2891959904
3981c01691a44d708da1191e9546eaad,472,36451,62,23,239,https://www.youtube.com/watch?v=IXkbe1Qrx-U,62,23,239,https://www.youtube.com/watch?v=IXkbe1Qrx-U,0,0,0,,0,0,0,0,
2efb6dc7796c4ce792c196d27af0df87,472,64858,94,90,514,https://www.youtube.com/watch?v=u2gTBuBiyYM,71,69,94,https://www.youtube.com/watch?v=oTQ_VzVdA1o,514,265,514,https://www.youtube.com/watch?v=u2gTBuBiyYM,0,0,0,0,
451162e7f4c041edb3447732eba1937a,472,3280,0,0,0,,0,0,0,,0,0,0,,110,0,0,0,
23335565d59c404080e9c06f437b011b,471,73160,0,0,0,,0,0,0,,0,0,0,,1137,0,0,0,
3513b73ded994bc3a92a70c9632c9856,469,7962,0,0,0,,0,0,0,,0,0,0,,7145,337,105,530,https://www.twitch.tv/videos/2888704118
fb17cff93fa94c8ea8b052f497f27fb4,469,22075,0,0,0,,0,0,0,,0,0,0,,17,0,0,0,
6717d34e87574888848bc45c86bd80e6,469,31233,63,62,63,https://www.youtube.com/watch?v=66fKm9UXDQg,0,0,0,,63,62,63,https://www.youtube.com/watch?v=66fKm9UXDQg,1355,383,304,795,https://www.twitch.tv/videos/2879264688
0a5bbdc460184f279cb8c7965a1d6098,469,82787,689,93,1057,https://www.youtube.com/watch?v=OPxujcNXYhc,0,0,0,,689,93,1057,https://www.youtube.com/watch?v=OPxujcNXYhc,249,37,20,92,https://www.twitch.tv/videos/2887136359
904217f39af144a9b922beab57e61ae4,468,22788,433,96,726,https://www.youtube.com/watch?v=ZOwo31sHV2c,433,96,726,https://www.youtube.com/watch?v=ZOwo31sHV2c,0,0,0,,408,51,39,51,https://www.twitch.tv/videos/2886380395
4693c4a0f4284a429f353419a3fc547c,467,75374,130,56,1128,https://www.youtube.com/watch?v=idqXH08QbBk,127,55,329,https://www.youtube.com/watch?v=Rg3bfqxQRnQ,479,176,1128,https://www.youtube.com/watch?v=idqXH08QbBk,0,0,0,0,
2dc29f6b05584c718c60034af9883496,465,105129,0,0,0,,0,0,0,,0,0,0,,0,0,0,0,
4abb927b8dc049768d63b4a8e229e8cc,464,0,0,0,0,,0,0,0,,0,0,0,,0,0,0,0,
2df2e0bc14fa4450a0d17d294b5a0bc0,464,32135,0,0,0,,0,0,0,,0,0,0,,0,0,0,0,
59e3094256344f8c83a3f4355b8b667b,463,0,0,0,0,,0,0,0,,0,0,0,,2578,0,0,0,
d017bd7855e547298906060f0e9b442e,463,14255,0,0,0,,0,0,0,,0,0,0,,1546,99,76,175,https://www.twitch.tv/videos/2880941049
9189101a4bb740de969b772dde92125a,462,5869,0,0,0,,0,0,0,,0,0,0,,1139,0,0,0,
40f76b568f384790a1a089bb6619ddb2,462,10813,116,56,208,https://www.youtube.com/watch?v=1jlcQ8nVbM0,116,56,208,https://www.youtube.com/watch?v=1jlcQ8nVbM0,0,0,0,,1226,67,19,119,https://www.twitch.tv/videos/2872144933
e9569c3f60c541ab83899c09079feaa2,461,18818,212,169,1577,https://www.youtube.com/watch?v=z_YA0V92PjY,212,169,1577,https://www.youtube.com/watch?v=z_YA0V92PjY,0,0,0,,2992,0,0,0,
0c2cb722c6ab4e3890139c922c80d4d8,461,4078,0,0,0,,0,0,0,,0,0,0,,188,0,0,0,
da165e838dfe49aea3f91457f3825657,459,10695,0,0,0,,0,0,0,,0,0,0,,0,0,0,0,
f2b0bc3e82024bd3ae1c7cb5fe926829,458,15056,62,59,62,https://www.youtube.com/watch?v=gwi3T3dTpxM,62,59,62,https://www.youtube.com/watch?v=gwi3T3dTpxM,0,0,0,,0,0,0,0,
9e3222bedec44f1a8fecdc237c020cbd,458,139423,0,0,0,,0,0,0,,0,0,0,,333,12,9,14,https://www.twitch.tv/videos/2881935935
31888d1a66654eee82d4dd22017db978,457,88460,365,76,1117,https://www.youtube.com/watch?v=ZfjOBj5xVpg,29,12,29,https://www.youtube.com/watch?v=5FCd0KtDWmM,419,92,1117,https://www.youtube.com/watch?v=ZfjOBj5xVpg,5,0,0,0,
74beedbc5f694a2c94fe73545ba4037d,456,26059,439,299,603,https://www.youtube.com/watch?v=CqdaywvBwAU,0,0,0,,439,299,603,https://www.youtube.com/watch?v=CqdaywvBwAU,230,0,0,0,
a27f33f32dd2414c8c6843f8783a32f0,455,13229,0,0,0,,0,0,0,,0,0,0,,0,0,0,0,
62ca936be6c645a7bf2222b67086800a,454,38238,0,0,0,,0,0,0,,0,0,0,,1158,0,0,0,
c822d7ffe24248fdbca2f3b1bdfd1139,454,86691,0,0,0,,0,0,0,,0,0,0,,3000,0,0,0,
42ff41f7d6884ae8b93ed46415376d83,454,13819,236,64,379,https://www.youtube.com/watch?v=I1pu5zWu1wQ,236,64,379,https://www.youtube.com/watch?v=I1pu5zWu1wQ,0,0,0,,0,0,0,0,
7f3411a01ffc45bab4f25f088131bb50,453,6147,63,33,131,https://www.youtube.com/watch?v=1ZKgLcKmDdU,63,33,131,https://www.youtube.com/watch?v=1ZKgLcKmDdU,0,0,0,,0,0,0,0,
238b4a68bcde4f3bbf18b0b01f66ec43,453,28139,0,0,0,,0,0,0,,0,0,0,,0,0,0,0,
7b578956fab14341919193c03ca3ab32,452,11278,0,0,0,,0,0,0,,0,0,0,,0,0,0,0,
6c9b67b00b3c4940a6af6a6604b0b1fd,450,12681,0,0,0,,0,0,0,,0,0,0,,0,0,0,0,
5e5a5e77c39148ef8f31ccc1c63fdcd4,449,7986,0,0,0,,0,0,0,,0,0,0,,45,0,0,0,
6ec876adec524585af913c1585e8df1f,447,10318,0,0,0,,0,0,0,,0,0,0,,1631,0,0,0,
c6e955ae1fce48678120bc086a436073,442,21791,186,91,313,https://www.youtube.com/watch?v=Hs5B-IR4gKQ,313,153,313,https://www.youtube.com/watch?v=Hs5B-IR4gKQ,59,28,59,https://www.youtube.com/watch?v=YwYDfVSp54w,0,0,0,0,
64d9adbc552c487db0cdf42ac3845e18,440,38166,0,0,0,,0,0,0,,0,0,0,,69,0,0,0,
c92baa46ff4e41c9918ad2427c0853d6,438,24761,0,0,0,,0,0,0,,0,0,0,,4518,278,189,317,https://www.twitch.tv/videos/2888144474
a5fe6adcf3bd42b79475803c56a11832,437,29091,0,0,0,,0,0,0,,0,0,0,,75,51,30,62,https://www.twitch.tv/videos/2881722891
c5ac07b79a304f37b039266446fd4f3b,435,25489,0,0,0,,0,0,0,,0,0,0,,0,0,0,0,
b932ddb915af47ec948b56d4bf901dab,432,10848,290,202,390,https://www.youtube.com/watch?v=4fu9x3g_6qo,290,202,390,https://www.youtube.com/watch?v=4fu9x3g_6qo,0,0,0,,0,0,0,0,
a56567301c734548bad86e8ace7d9140,431,52207,0,0,0,,0,0,0,,0,0,0,,0,0,0,0,
da3d722ffea34b5b87fbb62c6026cba2,426,13178,0,0,0,,0,0,0,,0,0,0,,141,0,0,0,
5fbf4f6751f24d03a5723670cd500aca,426,11171,0,0,0,,0,0,0,,0,0,0,,788,77,43,77,https://www.twitch.tv/videos/2880831303
c7400e2934c646e49f7df1816de41360,426,19107,0,0,0,,0,0,0,,0,0,0,,24,0,0,0,
49150fef0c1f4c0e9e18567224a7bf5c,425,6684,72,33,131,https://www.youtube.com/watch?v=XnVohCnLlMU,72,33,131,https://www.youtube.com/watch?v=XnVohCnLlMU,0,0,0,,0,0,0,0,
5000b613025542c498cd6ab2287865c6,424,2843,0,0,0,,0,0,0,,0,0,0,,3909,416,378,1125,https://www.twitch.tv/videos/2881630989
bd119628dae64d45b71b44e0f158f23a,424,4777,0,0,0,,0,0,0,,0,0,0,,3864,0,0,0,
1cddca10dd334373b8f51b3b0ed2efe4,422,26471,4,1,4,https://www.youtube.com/watch?v=w2gBSwC0Xis,0,0,0,,4,1,4,https://www.youtube.com/watch?v=w2gBSwC0Xis,0,0,0,0,
f3fe9fb6de2a477fae878a39924c15bd,422,12075,0,0,0,,0,0,0,,0,0,0,,3054,0,0,0,
8eaa819167de4fefb116ee8f88850d85,421,65,3,0,7,https://www.youtube.com/watch?v=3ibgPrzjI6s,0,0,0,,3,0,7,https://www.youtube.com/watch?v=3ibgPrzjI6s,158,35,29,51,https://www.twitch.tv/videos/2887066705
8c494e45ce5b462aa744d46bbdc54021,420,87520,17,0,17,https://www.youtube.com/watch?v=0v1N5pRfe0E,17,0,17,https://www.youtube.com/watch?v=0v1N5pRfe0E,0,0,0,,267,0,0,0,
26ae367c497f410399b769ded171d29f,420,6744,0,0,0,,0,0,0,,0,0,0,,0,0,0,0,
28c152a7489b4402960bd4bd36b7229b,417,42558,4,2,18,https://www.youtube.com/watch?v=jcb_s6vTbqo,0,0,0,,4,2,18,https://www.youtube.com/watch?v=jcb_s6vTbqo,230,56,39,82,https://www.twitch.tv/videos/2887203358
7d0d99e77f624bdc934b17212a39a894,417,2098,0,0,0,,0,0,0,,0,0,0,,4173,286,248,324,https://www.twitch.tv/videos/2888881004
4a2df649332047d3b733c88209925f4c,417,8466,0,0,0,,0,0,0,,0,0,0,,1238,0,0,0,
f0f6694a60de4fb799b3f315abbaf7b6,416,19181,0,0,0,,0,0,0,,0,0,0,,0,0,0,0,
a2ca2eb4da5b4df3aa59637e1dbc260b,416,3310,0,0,0,,0,0,0,,0,0,0,,706,0,0,0,
2f32fa150b4b4572bb6dd1a8e8c94ff1,415,13132,0,0,0,,0,0,0,,0,0,0,,4096,674,130,707,https://www.twitch.tv/videos/2869854568
7232734df59c4e099205c7685007d8d4,415,88616,13,2,17,https://www.youtube.com/watch?v=xaM8LuTzEJc,0,0,0,,13,2,17,https://www.youtube.com/watch?v=xaM8LuTzEJc,984,153,81,153,https://www.twitch.tv/videos/2879901484
f0987ff6444945558cd159a508cd823f,413,7621,0,0,0,,0,0,0,,0,0,0,,2848,650,289,1067,https://www.twitch.tv/videos/2873917427
5c70a4710fca4b86ac63d56b0e894284,413,30781,0,0,0,,0,0,0,,0,0,0,,0,0,0,0,
f771e51357eb44d2820afd47aba3b546,412,9982,0,0,0,,0,0,0,,0,0,0,,387,43,38,60,https://www.twitch.tv/videos/2887990199
3d5a0befb7b042f697f70d5fb3d6ab94,411,11239,0,0,0,,0,0,0,,0,0,0,,0,0,0,0,
7d11ed1b02104cf58efd2df6cbc1ef69,410,20688,0,0,0,,0,0,0,,0,0,0,,1189,76,59,111,https://www.twitch.tv/videos/2883619627
7051e693d03645bda16b3591f06ebd3f,409,20669,0,0,0,,0,0,0,,0,0,0,,0,0,0,0,
d334f3b3ba8b4e43bd7b5a237a7b4476,408,57164,270,144,1268,https://www.youtube.com/watch?v=nB9twcw5nu0,224,115,276,https://www.youtube.com/watch?v=jOelUsuwmfI,927,349,1268,https://www.youtube.com/watch?v=nB9twcw5nu0,46,0,0,0,
00ddd14a74df4e2488319ea2ce25770c,404,0,0,0,0,,0,0,0,,0,0,0,,1204,0,0,0,
d11123a75b874ad2bb120bb237e94c8d,404,2988,0,0,0,,0,0,0,,0,0,0,,4720,0,0,0,
be45601754a44c568c9f60f7d2847ccb,404,15771,85,25,102,https://www.youtube.com/watch?v=mgAkSfwWTVU,85,25,102,https://www.youtube.com/watch?v=mgAkSfwWTVU,0,0,0,,0,0,0,0,
4e1dd2ab9e4b4c71bced0c5987cf9be7,403,16769,0,0,0,,0,0,0,,0,0,0,,2957,176,134,266,https://www.twitch.tv/videos/2890671976
e63fd2ead17a4b57b256fcd55fe83b0e,403,36815,74,34,283,https://www.youtube.com/watch?v=zynJgA4HGtE,74,34,283,https://www.youtube.com/watch?v=zynJgA4HGtE,0,0,0,,326,34,23,58,https://www.twitch.tv/videos/2889717939
c5e956bdce614dddbeddfaf6ada4200d,403,22409,175,90,276,https://www.youtube.com/watch?v=zHrww8WioTc,175,90,276,https://www.youtube.com/watch?v=zHrww8WioTc,0,0,0,,0,0,0,0,
ec198b33036c436591c01ee93976b6a3,402,1628,0,0,0,,0,0,0,,0,0,0,,0,0,0,0,
52d7a40d46034062ad2fc29b4a2a9198,402,44176,0,0,0,,0,0,0,,0,0,0,,3586,621,338,4072,https://www.twitch.tv/videos/2878351912
cc85e4120c0746b7925c898a963f0747,402,22307,0,0,0,,0,0,0,,0,0,0,,0,0,0,0,
4e78d5ae75144358a0384df9822c60bc,400,11399,1037,610,1256,https://www.youtube.com/watch?v=YLmmg1pDGVQ,0,0,0,,1037,610,1256,https://www.youtube.com/watch?v=YLmmg1pDGVQ,775,284,200,425,https://www.twitch.tv/videos/2881823541
3802b3f13284406cb4bc3f775690add5,399,18518,1209,2,1209,https://www.youtube.com/watch?v=mrGZXFS6wUM,0,0,0,,1209,2,1209,https://www.youtube.com/watch?v=mrGZXFS6wUM,354,123,84,154,https://www.twitch.tv/videos/2880120297
836015916a40475bb608e8c6a69b6a09,399,31664,41,32,59,https://www.youtube.com/watch?v=jbjwUwRj2qU,41,32,59,https://www.youtube.com/watch?v=jbjwUwRj2qU,0,0,0,,0,0,0,0,
6c166d9128e74147a5c0b1dbf89c885c,397,4564,0,0,0,,0,0,0,,0,0,0,,0,0,0,0,
f46e5ebb899548cab53d24f1901315b0,396,16671,91,59,100,https://www.youtube.com/watch?v=3wYfQtGiQAE,91,59,100,https://www.youtube.com/watch?v=3wYfQtGiQAE,0,0,0,,140,0,0,0,
d50d9b85f098470c8220cd99de802b17,396,21221,0,0,0,,0,0,0,,0,0,0,,0,0,0,0,
5f68c9b585ad40c0ada7697c9b7f5055,395,6741,1682,353,1682,https://www.youtube.com/watch?v=JnHFvQIvx4E,0,0,0,,1682,353,1682,https://www.youtube.com/watch?v=JnHFvQIvx4E,7583,392,112,699,https://www.twitch.tv/videos/2884367985
b0ec0f1ffbd8426982e7ca40d4b1064b,395,9157,0,0,0,,0,0,0,,0,0,0,,0,0,0,0,
e1bc34a2b6ac4d86ad6758cef724e7dc,393,11010,0,0,0,,0,0,0,,0,0,0,,560,397,286,717,https://www.twitch.tv/videos/2891511362
b386124230514f5fa128ad046e85f12f,393,5822,0,0,0,,0,0,0,,0,0,0,,435,0,0,0,
6eac5ce6527b4513bcff4b38d277b5cc,393,37654,1151,857,1208,https://www.youtube.com/watch?v=gkdJ-Q-0Hmw,0,0,0,,1151,857,1208,https://www.youtube.com/watch?v=gkdJ-Q-0Hmw,193,57,53,57,https://www.twitch.tv/videos/2890626060
05055e62d34241888df31217ac25e671,393,20841,0,0,0,,0,0,0,,0,0,0,,1669,113,88,269,https://www.twitch.tv/videos/2882556143
93bf43bc175742cd8c7af6b80687cd84,393,43647,0,0,0,,0,0,0,,0,0,0,,1705,0,0,0,
e73e2554e6754cadb0b836bb1fcfdaf7,391,51173,282,110,1178,https://www.youtube.com/watch?v=0PY5tiE4fpw,237,105,639,https://www.youtube.com/watch?v=_WCQu_nyjZo,398,243,1178,https://www.youtube.com/watch?v=0PY5tiE4fpw,72,12,6,12,https://www.twitch.tv/videos/2879274749
577fdbca86fa4414a153b5ebdcab90d4,391,2092,0,0,0,,0,0,0,,0,0,0,,1942,0,0,0,
d3b5f619038a4c488d36aeaeddc0f790,391,7261,0,0,0,,0,0,0,,0,0,0,,0,0,0,0,
e802bcea6eb04ce6aa9041aa5e06ceae,391,12248,0,0,0,,0,0,0,,0,0,0,,0,0,0,0,
21fcf23549a74111bbe31c949245e2cd,391,12699,0,0,0,,0,0,0,,0,0,0,,0,0,0,0,
6d83214d4d964bc9a236f4cbdd8d99e4,387,8422,169,100,299,https://www.youtube.com/watch?v=9CZ38RXHveQ,169,100,299,https://www.youtube.com/watch?v=9CZ38RXHveQ,0,0,0,,47,0,0,0,
cce33288177341058833d8b4a093b03f,385,30497,94,83,1272,https://www.youtube.com/watch?v=1iChfwtAU5c,94,83,94,https://www.youtube.com/watch?v=rDpXaETW-do,675,397,1272,https://www.youtube.com/watch?v=1iChfwtAU5c,0,0,0,0,
9ee3c9b53c0048329175370a5868300b,385,36652,0,0,0,,0,0,0,,0,0,0,,0,0,0,0,
670df075e5f9402bbcb6369685838b02,385,14759,103,37,139,https://www.youtube.com/watch?v=OiftYVlFQcw,103,37,139,https://www.youtube.com/watch?v=OiftYVlFQcw,0,0,0,,0,0,0,0,
dbf7b5a346e645f7be7d0d19d2193bc5,383,147477,0,0,0,,0,0,0,,0,0,0,,0,0,0,0,
2f7da7d6dbe84301b4ef52240cc05e9b,382,25791,0,0,0,,0,0,0,,0,0,0,,1173,0,0,0,
b3b24f0ebecc45118f88f12042bd59c8,382,63382,0,0,0,,0,0,0,,0,0,0,,0,0,0,0,
c97b665a89c34600be01f83eb1f77063,382,11806,0,0,0,,0,0,0,,0,0,0,,0,0,0,0,
c11749c10e1941a9adb2a231eee2f2ea,381,9641,124,119,235,https://www.youtube.com/watch?v=58G36vsp7Bk,0,0,0,,124,119,235,https://www.youtube.com/watch?v=58G36vsp7Bk,315,49,26,60,https://www.twitch.tv/videos/2879460789
64e20992295c4be984e9af0a470d6440,377,4763,0,0,0,,0,0,0,,0,0,0,,5403,181,111,334,https://www.twitch.tv/videos/2880137320
1af1c5f8526a4396820151df1bff37b7,376,34348,261,194,1024,https://www.youtube.com/watch?v=GyfoZeYA8j8,256,132,323,https://www.youtube.com/watch?v=UWPtZluDfKI,1024,269,1024,https://www.youtube.com/watch?v=GyfoZeYA8j8,0,0,0,0,
a2ceea65ce58431085b1366a0cfe9c61,375,0,0,0,0,,0,0,0,,0,0,0,,0,0,0,0,
a1b415a04d4645399607d4b3bbe00bd7,371,26314,243,126,495,https://www.youtube.com/watch?v=VNziGo2MDKI,243,126,495,https://www.youtube.com/watch?v=VNziGo2MDKI,0,0,0,,0,0,0,0,
e443b9e0c3524137ba2774625c6c78cd,371,10109,0,0,0,,0,0,0,,0,0,0,,722,55,42,66,https://www.twitch.tv/videos/2887990981
0554e298ab8041c19ce07bf0b2c315a0,370,43166,122,61,1268,https://www.youtube.com/watch?v=E9F-Pofe5Ls,118,72,270,https://www.youtube.com/watch?v=5cPxKDmkxIU,740,42,1268,https://www.youtube.com/watch?v=E9F-Pofe5Ls,0,0,0,0,
652b28416c394eed93337f121c0dcbf5,370,19193,219,113,367,https://www.youtube.com/watch?v=frVYhCDmXRI,219,113,367,https://www.youtube.com/watch?v=frVYhCDmXRI,0,0,0,,0,0,0,0,
9434be74cca5450789bf73aa4359b542,369,4967,91,88,91,https://www.youtube.com/watch?v=SxwmQfQ6zMs,91,88,91,https://www.youtube.com/watch?v=SxwmQfQ6zMs,0,0,0,,0,0,0,0,
4f8936d4899d4e2c83bf949bc61b2bd2,368,10677,0,0,0,,0,0,0,,0,0,0,,226,0,0,0,
8013fa67a08945a5b4b976156b6f610f,366,6643,0,0,0,,0,0,0,,0,0,0,,391,0,0,0,
9be839573d1a4944a93740ca42fa65d4,365,20307,3,0,5,https://www.youtube.com/watch?v=FOsgq-ujjRY,0,0,0,,3,0,5,https://www.youtube.com/watch?v=FOsgq-ujjRY,1588,157,114,172,https://www.twitch.tv/videos/2880982184
07930a961f0b4078a14f0a57f0a93965,365,29570,269,93,472,https://www.youtube.com/watch?v=1oZthwBZ-Fg,342,99,472,https://www.youtube.com/watch?v=1oZthwBZ-Fg,196,87,196,https://www.youtube.com/watch?v=pb9RfLnKiPU,0,0,0,0,
a8e0ec03cb0a4e0292228e1a6ed35e6a,365,9433,0,0,0,,0,0,0,,0,0,0,,881,21,13,29,https://www.twitch.tv/videos/2891749104
682e400513134d0bacfa85513958c64d,361,6863,0,0,0,,0,0,0,,0,0,0,,1049,183,138,464,https://www.twitch.tv/videos/2879263554
1c096a5610c0459b84c74213c3b30f85,361,33321,0,0,0,,0,0,0,,0,0,0,,209,0,0,0,
60a64aca51ed4528895fe35b08231670,360,13696,0,0,0,,0,0,0,,0,0,0,,408,0,0,0,
db3a6f094c3146c2ab6f2f267337f132,358,10391,409,84,567,https://www.youtube.com/watch?v=7sBhBk6QKJM,0,0,0,,409,84,567,https://www.youtube.com/watch?v=7sBhBk6QKJM,1411,212,145,372,https://www.twitch.tv/videos/2881827899
bf7122f997f04401b0a6938abaded38c,356,21329,84,31,241,https://www.youtube.com/watch?v=_1LwqJkLKR4,120,36,241,https://www.youtube.com/watch?v=_1LwqJkLKR4,42,3,45,https://www.youtube.com/watch?v=kvNNFqx4dN0,0,0,0,0,
f2f74f42d7e44c2b8c71807abd0967f3,356,93916,0,0,0,,0,0,0,,0,0,0,,3167,489,245,1140,https://www.twitch.tv/videos/2882931529
27a484e8f53a433396e73bea886fa2cb,355,20209,0,0,0,,0,0,0,,0,0,0,,0,0,0,0,
a24116ba22c84747818b7be8cd8eb733,353,19582,227,131,1092,https://www.youtube.com/watch?v=20Enz5C6ug4,197,131,238,https://www.youtube.com/watch?v=uXAORt_6TP8,453,174,1092,https://www.youtube.com/watch?v=20Enz5C6ug4,364,14,9,17,https://www.twitch.tv/videos/2881850708
1db7ec043f284eaea0bd2213ecce2bad,353,23382,151,103,769,https://www.youtube.com/watch?v=CUtBg8tLngQ,151,103,769,https://www.youtube.com/watch?v=CUtBg8tLngQ,0,0,0,,0,0,0,0,
e4348f08ee98429eb6143ecbac088f1a,353,20475,433,94,1455,https://www.youtube.com/watch?v=COpCgmF7OlI,570,130,1455,https://www.youtube.com/watch?v=COpCgmF7OlI,150,6,150,https://www.youtube.com/watch?v=lN9GFL2t3J4,0,0,0,0,
4fc02db3aab84e6cb526c02405d18c6e,351,17725,0,0,0,,0,0,0,,0,0,0,,147,0,0,0,
095d5621db8b44ed914d81f9e1183673,350,14913,224,148,303,https://www.youtube.com/watch?v=I-Rk6fAlP9c,224,148,303,https://www.youtube.com/watch?v=I-Rk6fAlP9c,0,0,0,,26,0,0,0,
7ee1b473a5584a1a85973acfa45e0e1d,349,9904,0,0,0,,0,0,0,,0,0,0,,0,0,0,0,
aac7be72efc74efe9e77148fd4af7151,347,17967,81,36,579,https://www.youtube.com/watch?v=T0mqR79rfw4,81,36,579,https://www.youtube.com/watch?v=T0mqR79rfw4,0,0,0,,0,0,0,0,
f24626ac0ce34975a3b3fd6d8455f4f7,347,8144,0,0,0,,0,0,0,,0,0,0,,182,0,0,0,
22a21c1a529f4817b8790629d8b4590f,346,76070,187,39,187,https://www.youtube.com/watch?v=npclOJYqzRA,0,0,0,,187,39,187,https://www.youtube.com/watch?v=npclOJYqzRA,104,0,0,0,
6e56882f3f8e4911b8b67316f1265808,346,84201,0,0,0,,0,0,0,,0,0,0,,162,0,0,0,
985e64cecc24401290c08cb7e2f4ef50,345,13717,60,22,60,https://www.youtube.com/watch?v=uieAa9Kv2iI,0,0,0,,60,22,60,https://www.youtube.com/watch?v=uieAa9Kv2iI,2114,130,88,871,https://www.twitch.tv/videos/2889340840
6391e2693fa6464d83fdf5d136596bb0,341,22836,72,37,188,https://www.youtube.com/watch?v=zF4Gbjfd4DQ,79,43,188,https://www.youtube.com/watch?v=zF4Gbjfd4DQ,52,19,65,https://www.youtube.com/watch?v=ZuwXGx0n0E8,0,0,0,0,
9a13461ec0e644ceb6e86381ca41d33a,340,41267,1065,213,1065,https://www.youtube.com/watch?v=q1D9-I1yeL4,0,0,0,,1065,213,1065,https://www.youtube.com/watch?v=q1D9-I1yeL4,1381,0,0,0,
9eb1907910c148d980f8b8c0c84f4d26,339,13391,648,298,2955,https://www.youtube.com/watch?v=Tu349H4LknU,1008,789,2955,https://www.youtube.com/watch?v=Tu349H4LknU,371,102,1429,https://www.youtube.com/watch?v=7TUGaaYZsK8,326,128,103,183,https://www.twitch.tv/videos/2890766857
73755322c8e74479864369766f924be1,339,19205,0,0,0,,0,0,0,,0,0,0,,4892,0,0,0,
513c300c8af04b8a84d18f665b66481f,339,40425,0,0,0,,0,0,0,,0,0,0,,0,0,0,0,
71f86178cf8545658c5c836c868a3646,338,7195,7,3,36,https://www.youtube.com/watch?v=IK4MbSUfR-A,0,0,0,,7,3,36,https://www.youtube.com/watch?v=IK4MbSUfR-A,1447,781,633,977,https://www.twitch.tv/videos/2884447346
5c3ea93753724a63b32071a7a580af7b,336,42152,9,3,122,https://www.youtube.com/watch?v=BSo22E_7jF4,0,0,0,,9,3,122,https://www.youtube.com/watch?v=BSo22E_7jF4,1752,18,13,28,https://www.twitch.tv/videos/2880861928
92b3889a0c304d8fb9eed110bb82c60c,336,18050,0,0,0,,0,0,0,,0,0,0,,0,0,0,0,
d8520b0d7b424141bf19b3254d264960,336,8739,0,0,0,,0,0,0,,0,0,0,,0,0,0,0,
8c1fe8acf675446ebb2fd046e6396983,335,43146,111,26,1313,https://www.youtube.com/watch?v=YQQZZ4nf8ek,36,20,118,https://www.youtube.com/watch?v=6kgvDyQquVY,1057,537,1313,https://www.youtube.com/watch?v=YQQZZ4nf8ek,283,20,13,27,https://www.twitch.tv/videos/2889756505
8fe313c8e0704a29a7a387b47c4f938b,335,11575,216,139,216,https://www.youtube.com/watch?v=BkwRwFfmuuU,216,139,216,https://www.youtube.com/watch?v=BkwRwFfmuuU,0,0,0,,0,0,0,0,
82af75b290f44cd8b9a97bc5addaaf58,335,9054,236,166,236,https://www.youtube.com/watch?v=LFMpLYX8_o0,236,166,236,https://www.youtube.com/watch?v=LFMpLYX8_o0,0,0,0,,136,0,0,0,
85340d14d5654ac3b28b39b007a7dea7,333,18469,66,49,148,https://www.youtube.com/watch?v=XtMXhxzFpgY,66,49,148,https://www.youtube.com/watch?v=XtMXhxzFpgY,0,0,0,,0,0,0,0,
389bd53524c74c44a32d72279b288b17,333,2916,0,0,0,,0,0,0,,0,0,0,,0,0,0,0,
2e05bf5968cf4b3789a1316f5b05d857,333,67455,0,0,0,,0,0,0,,0,0,0,,0,0,0,0,
5cbb7048a694444ea3a414396d9ae55d,332,63967,651,180,1256,https://www.youtube.com/watch?v=bDpCdAaiTTA,687,113,1184,https://www.youtube.com/watch?v=DZ3wbjotaks,651,260,1256,https://www.youtube.com/watch?v=bDpCdAaiTTA,0,0,0,0,
68fd874932e3457989d88d4f7f474260,331,21608,131,51,268,https://www.youtube.com/watch?v=uVtoJItMXo4,137,55,268,https://www.youtube.com/watch?v=uVtoJItMXo4,51,45,51,https://www.youtube.com/watch?v=NqSj296ZVZ0,163,69,43,116,https://www.twitch.tv/videos/2891809971
2af109d54b1c49968b572aa2b59664ab,331,13198,84,41,84,https://www.youtube.com/watch?v=JC1WKVu8jQw,84,41,84,https://www.youtube.com/watch?v=JC1WKVu8jQw,0,0,0,,0,0,0,0,
debdcce813bc48478ac33a0c39f05999,331,7837,145,73,263,https://www.youtube.com/watch?v=2z1l10dgZAw,145,73,263,https://www.youtube.com/watch?v=2z1l10dgZAw,0,0,0,,9,0,0,0,
c4268d9874b14b3282613fa11102ce4b,331,25768,102,41,303,https://www.youtube.com/watch?v=uh9F9QENVok,102,41,303,https://www.youtube.com/watch?v=uh9F9QENVok,0,0,0,,384,46,39,73,https://www.twitch.tv/videos/2884863284
ccf55e42124c46ab828b188fc8c4f947,331,60036,407,305,2008,https://www.youtube.com/watch?v=X_9h_EXULao,0,0,0,,407,305,2008,https://www.youtube.com/watch?v=X_9h_EXULao,878,163,89,412,https://www.twitch.tv/videos/2873782958
b6cc2e3d23f34ba8bbeba181d19a714c,330,6726,0,0,0,,0,0,0,,0,0,0,,4750,705,289,1579,https://www.twitch.tv/videos/2868538702
ca4210c7562b479cb3af76082fb70fcd,330,6053,0,0,0,,0,0,0,,0,0,0,,3668,756,456,1093,https://www.twitch.tv/videos/2880598793
5ae7e41f9b9a420d9217a0b2c6755f52,330,3689,0,0,0,,0,0,0,,0,0,0,,0,0,0,0,
803435ca691f43a4b02360926fee23d1,329,15897,336,192,400,https://www.youtube.com/watch?v=q4LsBaL6Y88,336,192,400,https://www.youtube.com/watch?v=q4LsBaL6Y88,0,0,0,,1538,99,84,128,https://www.twitch.tv/videos/2888730408
3083d2b8192843958b2852553cb3bc70,329,2798,0,0,0,,0,0,0,,0,0,0,,462,84,67,88,https://www.twitch.tv/videos/2889728202
46e65e217ca84bbf8d43b67c3e5a9d90,328,24069,4,0,34,https://www.youtube.com/watch?v=12Z6GzodAYk,0,0,0,,4,0,34,https://www.youtube.com/watch?v=12Z6GzodAYk,237,0,0,0,
9add5efb4665440e8e021a9c3ced6095,328,27269,238,39,1376,https://www.youtube.com/watch?v=OIvDBPNw7Lk,0,0,0,,238,39,1376,https://www.youtube.com/watch?v=OIvDBPNw7Lk,0,0,0,0,
876c11fba4af4235857127b9af87093e,326,17195,0,0,0,,0,0,0,,0,0,0,,0,0,0,0,
8edfda91088642ffabf3b24e079eb039,326,24087,157,84,950,https://www.youtube.com/watch?v=-PcEYm8ij8c,488,130,950,https://www.youtube.com/watch?v=-PcEYm8ij8c,106,84,458,https://www.youtube.com/watch?v=BGvjr98fxPE,0,0,0,0,
cbb0ea239d8e4f65a46ada52dfb778e3,324,7300,0,0,0,,0,0,0,,0,0,0,,726,356,246,599,https://www.twitch.tv/videos/2882763589
348b76fa1b194d3d8aa28b17abe8b153,321,1609,98,91,98,https://www.youtube.com/watch?v=IrYgGhIxd9M,98,91,98,https://www.youtube.com/watch?v=IrYgGhIxd9M,0,0,0,,0,0,0,0,
d859857097fe4e9d90a2d840c0e7fca1,321,20748,0,0,0,,0,0,0,,0,0,0,,247,0,0,0,
8a8a1d0901c04d568be19e2d8bbc9ca1,321,34855,0,0,0,,0,0,0,,0,0,0,,0,0,0,0,
f8134b804ccc4123b789e93baa013c7d,320,4761,409,162,620,https://www.youtube.com/watch?v=zxKdMpzvKR0,398,152,580,https://www.youtube.com/watch?v=FMbTos_cbg8,620,361,620,https://www.youtube.com/watch?v=zxKdMpzvKR0,0,0,0,0,
0f5e3935971449daa91b654886313110,320,0,0,0,0,,0,0,0,,0,0,0,,2253,0,0,0,
4fb207a1a5cb4e27a5774b657ae3f0ee,320,12501,147,68,1110,https://www.youtube.com/watch?v=S6J375wwd_c,84,44,84,https://www.youtube.com/watch?v=UP_2YKj8kkc,423,131,1110,https://www.youtube.com/watch?v=S6J375wwd_c,0,0,0,0,
ca161c4e0ef54cd4a311705625caf164,320,11696,0,0,0,,0,0,0,,0,0,0,,2204,0,0,0,
e32b6351f1684034955171b93b1c5e63,319,0,0,0,0,,0,0,0,,0,0,0,,1806,0,0,0,
33cabb57d2454dfdbdf7453c54429940,318,143633,911,100,965,https://www.youtube.com/watch?v=VEuXjMUAKd0,0,0,0,,911,100,965,https://www.youtube.com/watch?v=VEuXjMUAKd0,823,96,71,298,https://www.twitch.tv/videos/2891890708
d39563dd7adf452989791068eaf4524e,317,6961,0,0,0,,0,0,0,,0,0,0,,0,0,0,0,
e94e1e38a611403192e4db197c2d9d91,317,7097,0,0,0,,0,0,0,,0,0,0,,0,0,0,0,
aae348caede446649e2ef8b15536119c,316,12088,274,152,478,https://www.youtube.com/watch?v=nuVFBjnAxH0,274,185,478,https://www.youtube.com/watch?v=nuVFBjnAxH0,281,94,404,https://www.youtube.com/watch?v=UkV_EPnqmmw,21,0,0,0,
b09373e11cc74ed4b58440b9d7368172,315,25792,125,57,183,https://www.youtube.com/watch?v=LukPCTsuJ84,125,57,183,https://www.youtube.com/watch?v=LukPCTsuJ84,0,0,0,,0,0,0,0,
d88c3cbdb65940e69a3feb152dc93d6d,315,1077,0,0,0,,0,0,0,,0,0,0,,474,0,0,0,
9abd60c00f0f412b978a2398b13ac4e8,315,38197,70,30,114,https://www.youtube.com/watch?v=yORgOhVr8xY,109,48,114,https://www.youtube.com/watch?v=yORgOhVr8xY,22,10,36,https://www.youtube.com/watch?v=tfME0amyyvw,0,0,0,0,
eabec2cff9fb48cdb79965d77a56f47d,314,21811,287,39,307,https://www.youtube.com/watch?v=nm8q_lAaWxU,287,39,307,https://www.youtube.com/watch?v=nm8q_lAaWxU,0,0,0,,0,0,0,0,
4e4cbcbc0acf410ea5a50e4a6bbafd01,312,4256,23,6,90,https://www.youtube.com/watch?v=3lntfpsLgYg,0,0,0,,23,6,90,https://www.youtube.com/watch?v=3lntfpsLgYg,2910,577,240,933,https://www.twitch.tv/videos/2867487003
04e61f47cdf542c7b5a3b3ae569fc021,311,3084,0,0,0,,0,0,0,,0,0,0,,878,0,0,0,
6cdaf0b035d04e3794a5accd5ed8b08f,311,2507,284,110,421,https://www.youtube.com/watch?v=SHIsNgl9tNw,0,0,0,,284,110,421,https://www.youtube.com/watch?v=SHIsNgl9tNw,0,0,0,0,
79f4c64bde584997bf6ad38afd44b51d,310,22726,0,0,0,,0,0,0,,0,0,0,,181,23,19,31,https://www.twitch.tv/videos/2882588805
2e7fa2f9a4ba4ca6a0ea1397839aafca,307,12601,148,46,207,https://www.youtube.com/watch?v=M9kvud1rdUk,148,46,207,https://www.youtube.com/watch?v=M9kvud1rdUk,0,0,0,,0,0,0,0,
e773129f910c4bd182f3b702c9ec1b55,306,11137,0,0,0,,0,0,0,,0,0,0,,0,0,0,0,
72ee59fb29644f8b88a4dd3d7e91fe39,305,10518,0,0,0,,0,0,0,,0,0,0,,0,0,0,0,
df6443487ffb4142aea2b053b4aa8db7,305,50681,35,31,79,https://www.youtube.com/watch?v=zo47DtLSZUY,0,0,0,,35,31,79,https://www.youtube.com/watch?v=zo47DtLSZUY,1820,185,151,541,https://www.twitch.tv/videos/2880821512
e6373c7f689c44f8971ca0f83c817789,304,2973,45,21,228,https://www.youtube.com/watch?v=8-gAoV_RMs4,48,26,228,https://www.youtube.com/watch?v=8-gAoV_RMs4,18,14,26,https://www.youtube.com/watch?v=y9lgXC_4ZnM,244,18,14,33,https://www.twitch.tv/videos/2887163441
05d19eac5d22427f916e6fa59bf17b3b,303,88806,5,2,90,https://www.youtube.com/watch?v=rr9hYwQonQQ,68,62,68,https://www.youtube.com/watch?v=ohM-W8T-hYU,4,2,90,https://www.youtube.com/watch?v=rr9hYwQonQQ,2586,242,136,385,https://www.twitch.tv/videos/2889415745
dfa5fefa546a40d5a677ddfff02ff3e1,302,18464,0,0,0,,0,0,0,,0,0,0,,781,48,41,48,https://www.twitch.tv/videos/2888763537
c9f9ff24ef184b29a58c616412f1dbbc,301,6178,131,104,168,https://www.youtube.com/watch?v=mBHBgTcixUA,131,104,168,https://www.youtube.com/watch?v=mBHBgTcixUA,0,0,0,,0,0,0,0,
1895ef1f232d454aa6c18ca7812c794c,300,4638,0,0,0,,0,0,0,,0,0,0,,27,0,0,0,
8ae87582ab1e4b31bfd38310afda77bd,300,3933,0,0,0,,0,0,0,,0,0,0,,1366,0,0,0,
1c7f2a409f0b4c39aab0400d51fbe93d,299,32257,510,154,1082,https://www.youtube.com/watch?v=_ueySVraSb0,510,154,1082,https://www.youtube.com/watch?v=_ueySVraSb0,238,200,390,https://www.youtube.com/watch?v=m9kVlE7_N3M,0,0,0,0,
75eb49d99170441ab784d7bec7378d21,299,16725,233,145,617,https://www.youtube.com/watch?v=9m8YllQLROo,244,159,617,https://www.youtube.com/watch?v=9m8YllQLROo,41,21,62,https://www.youtube.com/watch?v=GvqZz8RQ4yw,1426,47,38,237,https://www.twitch.tv/videos/2886171925
2b1ef81172474b6b8409100be2f30da7,299,5088,35,7,98,https://www.youtube.com/watch?v=TEKg9UAVdr0,0,0,0,,35,7,98,https://www.youtube.com/watch?v=TEKg9UAVdr0,2724,2335,1301,3386,https://www.twitch.tv/videos/2879286141
25619abc5e0d4f79839e48d83234eaf8,299,8146,86,34,160,https://www.youtube.com/watch?v=3yQTDS_rn9E,87,34,160,https://www.youtube.com/watch?v=3yQTDS_rn9E,72,29,86,https://www.youtube.com/watch?v=PIH1U3G53cQ,763,29,25,148,https://www.twitch.tv/videos/2890406287
d09b9f800b7940deb1f8a2b58a302f07,298,4305,0,0,0,,0,0,0,,0,0,0,,4286,530,424,978,https://www.twitch.tv/videos/2888915208
a4a9cd639c7546538ee9635b9a14989d,298,16562,0,0,0,,0,0,0,,0,0,0,,0,0,0,0,
a13421f0201540ecaccd5c207b15c425,298,17359,174,18,222,https://www.youtube.com/watch?v=nrGO6ZnBxxs,174,18,222,https://www.youtube.com/watch?v=nrGO6ZnBxxs,0,0,0,,0,0,0,0,
a3afce163c9341c992f526816d9d5440,297,16156,264,147,1866,https://www.youtube.com/watch?v=z1xzR0hZFTU,267,147,1866,https://www.youtube.com/watch?v=z1xzR0hZFTU,143,109,264,https://www.youtube.com/watch?v=Pz1pWCZWAyM,108,0,0,0,
2d2dc667f7a9488092e67b0475dc3774,296,2816,0,0,0,,0,0,0,,0,0,0,,207,0,0,0,
f3757b8d656f48749cada897ce597abc,296,7994,0,0,0,,0,0,0,,0,0,0,,0,0,0,0,
15c82034235748649547ada64817a6d1,296,36706,1234,412,1458,https://www.youtube.com/watch?v=7c5PpzudF_k,0,0,0,,1234,412,1458,https://www.youtube.com/watch?v=7c5PpzudF_k,3733,192,114,396,https://www.twitch.tv/videos/2887235448
964a0dde279c45ea85ffc6ad5d266206,296,11158,0,0,0,,0,0,0,,0,0,0,,1092,0,0,0,
3e7f5f5e829e4d4baca2a8a5916d60e4,296,3442,0,0,0,,0,0,0,,0,0,0,,3207,1166,993,1729,https://www.twitch.tv/videos/2885441902
f4935cf7bbb94ae88202ee7ab6d6b92b,292,0,0,0,0,,0,0,0,,0,0,0,,51,0,0,0,
479b23215fd84e0387e4f95c8bdfb127,292,117957,0,0,0,,0,0,0,,0,0,0,,0,0,0,0,
d3a0a421fd184f9fa51856096d01e85b,290,17105,0,0,0,,0,0,0,,0,0,0,,0,0,0,0,
5f044942071146cb9ec4b760458a662e,287,0,0,0,0,,0,0,0,,0,0,0,,949,113,90,135,https://www.twitch.tv/videos/2880886891
ad94d8048eb443248e4f2161201a938d,286,15386,417,162,1278,https://www.youtube.com/watch?v=-f2zyZSnTNI,0,0,0,,417,162,1278,https://www.youtube.com/watch?v=-f2zyZSnTNI,22,0,0,0,
be1bfb3aafb34118808fd5a5c059ffaf,286,28488,0,0,0,,0,0,0,,0,0,0,,487,0,0,0,
105f7890339346329ab408f423f617c3,286,16239,0,0,0,,0,0,0,,0,0,0,,5010,1101,502,3029,https://www.twitch.tv/videos/2880504085
4cebb92683d548089e998ec18a484930,283,13616,90,19,90,https://www.youtube.com/watch?v=9s3Lm4ApMQ4,90,19,90,https://www.youtube.com/watch?v=9s3Lm4ApMQ4,0,0,0,,0,0,0,0,
e53a8beabf5c492388d3352d57dc2bf9,283,6942,113,108,113,https://www.youtube.com/watch?v=bn_cZi51OBA,113,108,113,https://www.youtube.com/watch?v=bn_cZi51OBA,0,0,0,,0,0,0,0,
7badd33c853240e280db61899f381ff2,282,11272,0,0,0,,0,0,0,,0,0,0,,421,0,0,0,
1618171723d84cbe8b57cd69fa6f477f,282,38791,0,0,0,,0,0,0,,0,0,0,,749,0,0,0,
d2437a12d8e54e858d2bdfa6d4053a9a,282,13931,108,33,309,https://www.youtube.com/watch?v=el0Ewcp34Pk,108,33,309,https://www.youtube.com/watch?v=el0Ewcp34Pk,0,0,0,,254,79,46,122,https://www.twitch.tv/videos/2885440982
67b3f32472774d3191ecfea12f60a990,281,13660,236,108,537,https://www.youtube.com/watch?v=LWGGTOepros,236,108,537,https://www.youtube.com/watch?v=LWGGTOepros,0,0,0,,123,8,7,30,https://www.twitch.tv/videos/2885415683
b7155dea3cdc452e9f77df41ccca17bd,281,1339,0,0,0,,0,0,0,,0,0,0,,484,0,0,0,
d2e2645a97a14ce4b58a7884c0e6ec56,281,27358,0,0,0,,0,0,0,,0,0,0,,1304,94,78,139,https://www.twitch.tv/videos/2883960066
f40e7d4c2b8b4ea89a6cd017303ca5c0,280,1635,0,0,0,,0,0,0,,0,0,0,,617,82,49,217,https://www.twitch.tv/videos/2888056971
cabc3ddcf7ad46ef9acb4b0951f9b2ba,278,30291,1,0,241,https://www.youtube.com/watch?v=pF6w49bpK9E,0,0,0,,1,0,241,https://www.youtube.com/watch?v=pF6w49bpK9E,1344,191,144,309,https://www.twitch.tv/videos/2891782350
6fa20242354646ad8e8feea8d52e514e,278,6806,0,0,0,,0,0,0,,0,0,0,,0,0,0,0,
94ca3090942d4ca38a71b8f1b65c7343,277,18242,78,37,78,https://www.youtube.com/watch?v=XyqFL00De9E,78,37,78,https://www.youtube.com/watch?v=XyqFL00De9E,0,0,0,,184,0,0,0,
1fa9ddce23964bab8edddf7f18dad2f3,277,17547,0,0,0,,0,0,0,,0,0,0,,1714,165,111,213,https://www.twitch.tv/videos/2885562350
279a45d6a8f9445389b9b8cdbcb72ae8,276,25608,0,0,0,,0,0,0,,0,0,0,,293,0,0,0,
33f8f83054e3473d9c8c5e1a3c8e1008,276,9032,0,0,0,,0,0,0,,0,0,0,,0,0,0,0,
a16471805f7f44f88237b42c79b9f3a2,275,12113,0,0,0,,0,0,0,,0,0,0,,0,0,0,0,
7a184a9a63cd425a9319691e20e3b148,275,5158,591,159,739,https://www.youtube.com/watch?v=4drnUEx7Ymw,507,138,739,https://www.youtube.com/watch?v=4drnUEx7Ymw,673,189,673,https://www.youtube.com/watch?v=9ig8xjZT2Wk,107,145,124,210,https://www.twitch.tv/videos/2891482127
8ad7e8cd45e040f797cf2f1fa9d68976,275,15021,116,68,413,https://www.youtube.com/watch?v=JZkHEKPy3lY,116,68,413,https://www.youtube.com/watch?v=JZkHEKPy3lY,0,0,0,,0,0,0,0,
de5f8aaf92814bb79eb91adb0efc8f1d,275,16592,77,25,192,https://www.youtube.com/watch?v=6mCBxSfhXU4,77,25,192,https://www.youtube.com/watch?v=6mCBxSfhXU4,0,0,0,,0,0,0,0,
1d9db35aa47c4d2d8bea3fb94afbd1b9,273,12637,137,55,284,https://www.youtube.com/watch?v=LdUTPuGkd_o,123,60,202,https://www.youtube.com/watch?v=ZuZtlLJ5bck,152,50,284,https://www.youtube.com/watch?v=LdUTPuGkd_o,0,0,0,0,
c91577ba12cd45deb9c8e5c666c290be,273,99511,204,69,785,https://www.youtube.com/watch?v=xYr3_gajwnw,242,71,785,https://www.youtube.com/watch?v=xYr3_gajwnw,75,68,75,https://www.youtube.com/watch?v=6YqD8AY18rU,0,0,0,0,
f72fb9eab9a84db5ba139131d59bdd02,272,41174,0,0,0,,0,0,0,,0,0,0,,474,44,34,68,https://www.twitch.tv/videos/2882735771
0d07fb89672446c3b4a1682131f96f7b,271,23426,107,31,119,https://www.youtube.com/watch?v=aZRrJZLTN38,107,31,119,https://www.youtube.com/watch?v=aZRrJZLTN38,0,0,0,,0,0,0,0,
67252692b4f64f509af6eacffdeafdf9,270,28701,0,0,0,,0,0,0,,0,0,0,,0,0,0,0,
a6a155230538488e8488f01160598837,269,17066,0,0,0,,0,0,0,,0,0,0,,0,0,0,0,
1e62a729ec51448aa89d22adde18b214,268,52737,67,28,847,https://www.youtube.com/watch?v=oSpNJDx4DUA,615,210,847,https://www.youtube.com/watch?v=oSpNJDx4DUA,54,16,246,https://www.youtube.com/watch?v=YjOAxyN3fqY,0,0,0,0,
03e9bea117bd4b5ba189b48f1617d9bb,268,7805,0,0,0,,0,0,0,,0,0,0,,0,0,0,0,
0c05eca1975b40b3a0b54d3dfd61055d,267,47846,107,47,471,https://www.youtube.com/watch?v=7nqs4Jn6noU,0,0,0,,107,47,471,https://www.youtube.com/watch?v=7nqs4Jn6noU,2643,103,80,179,https://www.twitch.tv/videos/2883563896
fbd0d260a09c47b1a9dcc73fd41e7eca,265,3917,0,0,0,,0,0,0,,0,0,0,,6454,126,93,176,https://www.twitch.tv/videos/2888075406
a76d4171e74448fd9d1a6eaf183be3ff,262,15700,377,130,377,https://www.youtube.com/watch?v=pKrayFd8mLI,0,0,0,,377,130,377,https://www.youtube.com/watch?v=pKrayFd8mLI,850,0,0,0,
d46a06f4c654403e8b6376f7eda6f6ba,262,13079,243,130,1081,https://www.youtube.com/watch?v=WBflokHsjmY,542,387,1081,https://www.youtube.com/watch?v=WBflokHsjmY,107,84,243,https://www.youtube.com/watch?v=nIZfTEMRX1U,0,0,0,0,
f7758d944fd8438a86bfe1235c7bcd17,261,15715,2,1,2,https://www.youtube.com/watch?v=bq7Fid6oe_o,0,0,0,,2,1,2,https://www.youtube.com/watch?v=bq7Fid6oe_o,629,0,0,0,
47cd428eee8640cb80afaa4ef9bb55e0,258,18521,227,133,288,https://www.youtube.com/watch?v=dr2gpKaxuvI,227,133,288,https://www.youtube.com/watch?v=dr2gpKaxuvI,0,0,0,,1709,194,159,302,https://www.twitch.tv/videos/2891643524
a3452262e11348c88afea4031b0323a8,258,22767,6,2,25,https://www.youtube.com/watch?v=8C-6D7Pkmr4,0,0,0,,6,2,25,https://www.youtube.com/watch?v=8C-6D7Pkmr4,571,0,0,0,
69af139be1d3454c91192d9153e5bb65,257,49095,74,32,190,https://www.youtube.com/watch?v=Koi0y5ox0yg,0,0,0,,74,32,190,https://www.youtube.com/watch?v=Koi0y5ox0yg,837,193,169,362,https://www.twitch.tv/videos/2883242256
7c96bbca1c184d70a39ef2a65a0d788c,255,0,0,0,0,,0,0,0,,0,0,0,,579,0,0,0,
cd0b2f63c88e4b4abd5b83296a5d7866,255,3772,0,0,0,,0,0,0,,0,0,0,,3598,0,0,0,
3a44da0674144e61bff60415cc09a678,254,7670,15,8,22,https://www.youtube.com/watch?v=dBWsSHixwyA,15,8,22,https://www.youtube.com/watch?v=dBWsSHixwyA,0,0,0,,0,0,0,0,
2ff6c25f8e5943d2ac0a6a006f5784c3,253,2476,0,0,0,,0,0,0,,0,0,0,,1583,0,0,0,
0e516fd1e97a4c58bad3afb6469748d4,249,3428,0,0,0,,0,0,0,,0,0,0,,566,0,0,0,
5d23e69300534fe6aa678d75573381ea,248,2241,0,0,0,,0,0,0,,0,0,0,,0,0,0,0,
68671ee09add4d87b8038acebc5b48a4,248,20826,634,137,1819,https://www.youtube.com/watch?v=nbBo1bfDcMk,0,0,0,,634,137,1819,https://www.youtube.com/watch?v=nbBo1bfDcMk,1133,121,96,233,https://www.twitch.tv/videos/2886321529
90a8ac8d7653460298ba85cb7e4d3bc9,246,3366,0,0,0,,0,0,0,,0,0,0,,55,0,0,0,
777608b04fa74a42975497f6273ed6f9,243,12831,8,4,115,https://www.youtube.com/watch?v=rAEiGeLLYFM,0,0,0,,8,4,115,https://www.youtube.com/watch?v=rAEiGeLLYFM,3120,616,522,1263,https://www.twitch.tv/videos/2884412833
463e3994840145618264d41fa3eaf344,243,18194,191,106,500,https://www.youtube.com/watch?v=-KVxFUqhp40,191,142,500,https://www.youtube.com/watch?v=-KVxFUqhp40,87,27,87,https://www.youtube.com/watch?v=GTH1FaZbSfU,0,0,0,0,
451cf387126b426a89e3db63676c84b0,243,41751,616,130,1812,https://www.youtube.com/watch?v=HEz_wRLsLRM,616,130,1812,https://www.youtube.com/watch?v=HEz_wRLsLRM,0,0,0,,0,0,0,0,
4761f02fc96244dfa816e1333a2a11b2,241,1987,215,6,353,https://www.youtube.com/watch?v=wXQ6yVpMz-c,215,6,353,https://www.youtube.com/watch?v=wXQ6yVpMz-c,0,0,0,,0,0,0,0,
3e86fddd8145474691e77ba761a6b2a5,241,37864,0,0,0,,0,0,0,,0,0,0,,1056,0,0,0,
e7ac18c2e713426692cfd0ef7fe2b897,241,0,0,0,0,,0,0,0,,0,0,0,,148,11,7,11,https://www.twitch.tv/videos/2882714814
d198a42f93d84e9ca061a72243d142cc,239,118178,0,0,0,,0,0,0,,0,0,0,,550,51,44,51,https://www.twitch.tv/videos/2888736202
1ccf3d7852d34137b9cc70343dcc41bf,239,110082,0,0,0,,0,0,0,,0,0,0,,111,0,0,0,
5aca9ae61bba473b96998fee811d155e,238,42307,352,136,363,https://www.youtube.com/watch?v=DtIdOhG10Ic,0,0,0,,352,136,363,https://www.youtube.com/watch?v=DtIdOhG10Ic,0,0,0,0,
71da2daf84a546c39399adf6ca44aac1,237,22453,198,61,678,https://www.youtube.com/watch?v=YbXVq6bIX3o,198,61,678,https://www.youtube.com/watch?v=YbXVq6bIX3o,0,0,0,,375,40,23,85,https://www.twitch.tv/videos/2890703932
d8b5835bc6aa46119cc7ddd4447e780f,236,36554,0,0,0,,0,0,0,,0,0,0,,2039,82,63,232,https://www.twitch.tv/videos/2889571311
9b37ec730a37424799c01f1bb2fa829c,236,13049,218,93,474,https://www.youtube.com/watch?v=kG8Q5Iv4PFQ,218,93,474,https://www.youtube.com/watch?v=kG8Q5Iv4PFQ,272,119,418,https://www.youtube.com/watch?v=hW98AwAXePg,0,0,0,0,
25b5885afcdc4430be0d822464ccff91,234,3724,0,0,0,,0,0,0,,0,0,0,,344,15,13,16,https://www.twitch.tv/videos/2890613351
d4bd6ed12ee746a8978434ee5b14dd27,234,65083,6,2,1244,https://www.youtube.com/watch?v=PVXiVQwdMOk,0,0,0,,6,2,1244,https://www.youtube.com/watch?v=PVXiVQwdMOk,555,50,35,103,https://www.twitch.tv/videos/2891449745
aad41e66df77481baac0825033d81487,234,61925,973,535,1249,https://www.youtube.com/watch?v=bc38SVRLJ6Q,0,0,0,,973,535,1249,https://www.youtube.com/watch?v=bc38SVRLJ6Q,0,0,0,0,
1d0201167f5445e8b410a8f311e54133,233,28955,419,185,815,https://www.youtube.com/watch?v=ZFA0dOCa1TA,0,0,0,,419,185,815,https://www.youtube.com/watch?v=ZFA0dOCa1TA,159,0,0,0,
af89613e72874e219c00ab0c89b6c641,233,53919,86,40,125,https://www.youtube.com/watch?v=Ow-Tt6qgcC8,86,40,125,https://www.youtube.com/watch?v=Ow-Tt6qgcC8,0,0,0,,11,0,0,0,
dc27d7819dac471f907e0ace5131580f,233,6002,0,0,0,,0,0,0,,0,0,0,,1488,272,143,319,https://www.twitch.tv/videos/2877725015
c274c90379ca4e57a79251976cda3e54,230,8988,0,0,0,,0,0,0,,0,0,0,,318,0,0,0,
fdbcdd7db6b04ed4b2336b1b3da66564,230,20692,0,0,0,,0,0,0,,0,0,0,,432,138,103,302,https://www.twitch.tv/videos/2887999911
42d2b255295b468dafe439394130ae11,230,12407,0,0,0,,0,0,0,,0,0,0,,942,0,0,0,
7bebabbe96a34368aa03da163e3da313,230,30451,102,55,148,https://www.youtube.com/watch?v=ZU_PTgavRvs,102,55,148,https://www.youtube.com/watch?v=ZU_PTgavRvs,0,0,0,,0,0,0,0,
11452593b92b45dcbbf804ddc2a513f8,230,54390,8101,1403,14945,https://www.youtube.com/watch?v=sOgYvQ82koY,0,0,0,,8101,1403,14945,https://www.youtube.com/watch?v=sOgYvQ82koY,0,0,0,0,
bf6401d2159c40a8a616defa8c2c4a66,230,25624,0,0,0,,0,0,0,,0,0,0,,817,0,0,0,
b26f99bf43154619ba4d4a588a9da3ce,229,37297,956,509,1679,https://www.youtube.com/watch?v=3V6bwB-b4ZI,948,422,1679,https://www.youtube.com/watch?v=3V6bwB-b4ZI,1162,781,1435,https://www.youtube.com/watch?v=6fpX41yDoc4,0,0,0,0,
98619914a2eb4b07bd6bc0a02066e455,226,5751,0,0,0,,0,0,0,,0,0,0,,1361,124,109,297,https://www.twitch.tv/videos/2887988570
afec285390344f2a966c2c39c1e6984d,226,0,0,0,0,,0,0,0,,0,0,0,,0,0,0,0,
74d00f89697a43e6801463c71fb37172,226,31390,369,253,787,https://www.youtube.com/watch?v=3YSw2Cxp3NQ,369,253,787,https://www.youtube.com/watch?v=3YSw2Cxp3NQ,0,0,0,,90,177,124,211,https://www.twitch.tv/videos/2883257609
a0b5f8b54a534dfcb66154002e97e4cc,224,0,0,0,0,,0,0,0,,0,0,0,,155,0,0,0,
d564dc69725f4258b8b08d8d5df285a8,223,10849,52,29,428,https://www.youtube.com/watch?v=ypuqkHRB-2c,52,20,203,https://www.youtube.com/watch?v=-wUdg7neuxM,121,40,428,https://www.youtube.com/watch?v=ypuqkHRB-2c,75,5,4,7,https://www.twitch.tv/videos/2885421639
156aba6fe34b4d648a3fd210550963c7,223,1042,0,0,0,,0,0,0,,0,0,0,,92,0,0,0,
af82ee4712aa4d6c9c4100591a8a3163,223,3246,0,0,0,,0,0,0,,0,0,0,,633,228,122,228,https://www.twitch.tv/videos/2880007138
08d8f03223a54fb3807d49fb7c30b434,222,17007,351,135,693,https://www.youtube.com/watch?v=H-R99hcQiYI,351,135,693,https://www.youtube.com/watch?v=H-R99hcQiYI,0,0,0,,118,0,0,0,
de8c5ca15afd4534a822e5a1a9c2784e,221,2885,866,553,907,https://www.youtube.com/watch?v=AQBZQtq0J3w,0,0,0,,866,553,907,https://www.youtube.com/watch?v=AQBZQtq0J3w,2288,245,175,794,https://www.twitch.tv/videos/2886381797
52d8a731a7634e529ba986ae40ce6526,220,17647,0,0,0,,0,0,0,,0,0,0,,895,0,0,0,
d8fa0fb407c043cb9b65ab66c2221e8d,219,70565,0,0,4,https://www.youtube.com/watch?v=p2lY_1eWJl4,0,0,0,,0,0,4,https://www.youtube.com/watch?v=p2lY_1eWJl4,2264,35,25,83,https://www.twitch.tv/videos/2885499510
3986345f7cae4fc5ba3b7fd3a8dceba0,218,1026,0,0,0,,0,0,0,,0,0,0,,1201,0,0,0,
699b0baa82d0413aa073155683edcd56,218,9718,16,9,1334,https://www.youtube.com/watch?v=M7WLZpwKzHA,0,0,0,,16,9,1334,https://www.youtube.com/watch?v=M7WLZpwKzHA,2217,109,92,125,https://www.twitch.tv/videos/2888925284
c56801a52568414ca54724a3c24c3417,217,19933,0,0,0,,0,0,0,,0,0,0,,2205,0,0,0,
12479712313d4ddda715483e1f93ee9d,216,4490,0,0,0,,0,0,0,,0,0,0,,0,0,0,0,
3dc59c2e8b424c9e812fb48048ebdef8,214,7751,3,1,120,https://www.youtube.com/watch?v=fpz1Ahl0BDY,0,0,0,,3,1,120,https://www.youtube.com/watch?v=fpz1Ahl0BDY,1544,95,70,258,https://www.twitch.tv/videos/2890816538
47d591738d2449a496e7ce140b539662,214,805,0,0,0,,0,0,0,,0,0,0,,2156,333,314,394,https://www.twitch.tv/videos/2890257783
ea5ee3c6c8d24db78cdad9e18558f1c5,212,7088,214,10,1343,https://www.youtube.com/watch?v=hUernekwGCo,170,7,214,https://www.youtube.com/watch?v=8gWP6oM6a5w,1343,59,1343,https://www.youtube.com/watch?v=hUernekwGCo,0,0,0,0,
513641895d9a4fbca3b19aeb63d28915,211,12030,311,216,1149,https://www.youtube.com/watch?v=BSDngJxbUHU,0,0,0,,311,216,1149,https://www.youtube.com/watch?v=BSDngJxbUHU,1390,390,105,663,https://www.twitch.tv/videos/2890847069
3082cc9c2e124fb3bf77cc799590042e,211,18683,115,56,463,https://www.youtube.com/watch?v=E6HaCb5cZfg,115,56,463,https://www.youtube.com/watch?v=E6HaCb5cZfg,0,0,0,,0,0,0,0,
cfe0c2386d794c229d71c5a6a7e28333,211,15861,7,5,13,https://www.youtube.com/watch?v=Aty3p7BP9yU,0,0,0,,7,5,13,https://www.youtube.com/watch?v=Aty3p7BP9yU,0,0,0,0,
bed176f79b074789ba4d21c90ca54a9c,210,6483,0,0,0,,0,0,0,,0,0,0,,5427,144,126,240,https://www.twitch.tv/videos/2879936943
9a7b047b85ae4227af74a0e200c3abc9,209,58068,1167,548,1670,https://www.youtube.com/watch?v=bzFryndAhDY,0,0,0,,1167,548,1670,https://www.youtube.com/watch?v=bzFryndAhDY,783,26,19,48,https://www.twitch.tv/videos/2883578725
ae5f14abe86f4c62a9f6da7f6fa6cdc4,209,9392,78,16,189,https://www.youtube.com/watch?v=aUNOXwWJYis,0,0,0,,78,16,189,https://www.youtube.com/watch?v=aUNOXwWJYis,0,0,0,0,
05970b8580b4433d9afb8769568d2276,209,6209,0,0,0,,0,0,0,,0,0,0,,9,0,0,0,
54ea240f1bf1471981684464081645e7,209,4078,0,0,0,,0,0,0,,0,0,0,,353,13,11,13,https://www.twitch.tv/videos/2888787749
43e078503ebd44ae9f83abc9399647ca,208,57368,1217,276,1904,https://www.youtube.com/watch?v=FyFOZWFsWSs,0,0,0,,1217,276,1904,https://www.youtube.com/watch?v=FyFOZWFsWSs,7879,654,270,1151,https://www.twitch.tv/videos/2888896735
8814a6eccdd04fa6bf2f8201f12bf8ae,208,3848,0,0,0,,0,0,0,,0,0,0,,348,29,20,29,https://www.twitch.tv/videos/2884477202
afb9c6f2f93040d0a0227405b9d17bde,208,303963,783,163,1658,https://www.youtube.com/watch?v=EYXEipKKLSU,0,0,0,,783,163,1658,https://www.youtube.com/watch?v=EYXEipKKLSU,543,156,118,181,https://www.twitch.tv/videos/2888823980
03265829bf6d4e1eb09e58b1ec4093bc,207,4150,0,0,0,,0,0,0,,0,0,0,,0,0,0,0,
865ef104e1784d878871c819452a63dd,207,2727,54,50,54,https://www.youtube.com/watch?v=WXey-nKn8vI,54,50,54,https://www.youtube.com/watch?v=WXey-nKn8vI,0,0,0,,79,32,28,33,https://www.twitch.tv/videos/2889771083
64677f13935847cca3e2e6670a89d9a8,206,3340,140,51,302,https://www.youtube.com/watch?v=_6hiZ8Hzc5Q,140,51,302,https://www.youtube.com/watch?v=_6hiZ8Hzc5Q,0,0,0,,468,0,0,0,
f1d9ff59d3d74b0ebb4268de53698dbf,206,6399,0,0,0,,0,0,0,,0,0,0,,726,0,0,0,
14b644d58ff14ef1b491ef3d451e9e06,206,1047,0,0,0,,0,0,0,,0,0,0,,3380,99,75,250,https://www.twitch.tv/videos/2884612776
a5ced44a2bb74575a9cf9ea48f9ec890,205,9019,0,0,0,,0,0,0,,0,0,0,,0,0,0,0,
5949eae32b844c9e873474efb19f4e6d,204,6149,0,0,0,,0,0,0,,0,0,0,,0,0,0,0,
3c9899af7c104ea08eb0baa4ee565076,202,2437,0,0,0,,0,0,0,,0,0,0,,721,114,103,114,https://www.twitch.tv/videos/2889609580
0024f8db99514a76bc5d5db1004c9bf4,199,5630,0,0,33,https://www.youtube.com/watch?v=oyTNYWQLuOw,0,0,0,,0,0,33,https://www.youtube.com/watch?v=oyTNYWQLuOw,541,60,36,179,https://www.twitch.tv/videos/2883020426
949f184abcc84a82b8e9f333b41a2109,197,11340,11,2,65,https://www.youtube.com/watch?v=5MLwC1eS3NE,0,0,0,,11,2,65,https://www.youtube.com/watch?v=5MLwC1eS3NE,2628,594,243,1300,https://www.twitch.tv/videos/2875734499
d9b8f1ac9c93423fa62e8073a8173d30,195,30887,440,150,1042,https://www.youtube.com/watch?v=P-eyqk7IWBY,440,158,748,https://www.youtube.com/watch?v=fZ3_BzP_8ns,493,129,1042,https://www.youtube.com/watch?v=P-eyqk7IWBY,0,0,0,0,
48e968abd77d434db31de0f0bb8d92a1,193,11044,2,1,8,https://www.youtube.com/watch?v=NnJNRUB9hO4,0,0,0,,2,1,8,https://www.youtube.com/watch?v=NnJNRUB9hO4,604,18,12,53,https://www.twitch.tv/videos/2883564746
021eaf7cecfa4416b759fcc310f7b15a,193,8789,0,0,0,,0,0,0,,0,0,0,,229,94,69,148,https://www.twitch.tv/videos/2880820436
936b7b3d4250469d94b53ebc7e4936f6,193,242255,0,0,0,,0,0,0,,0,0,0,,1188,189,78,282,https://www.twitch.tv/videos/2887718276
3442df03030941b0933077faf6a75c6a,192,10041,0,0,0,,0,0,0,,0,0,0,,748,109,61,918,https://www.twitch.tv/videos/2885360168
eb001c0b038d4833b28c1026e04fdb89,191,8279,0,0,0,,0,0,0,,0,0,0,,1243,224,141,395,https://www.twitch.tv/videos/2888021014
25f3eb5a85784e0e9f59f45ae775badd,190,10397,0,0,0,,0,0,0,,0,0,0,,0,0,0,0,
f30f6a2e994641b5af169b97f2aad13b,190,6998,0,0,0,,0,0,0,,0,0,0,,557,0,0,0,
26e2e1583d404f48b879375ef74ae33a,190,9174,12,5,15,https://www.youtube.com/watch?v=5qttvfSL-60,12,5,15,https://www.youtube.com/watch?v=5qttvfSL-60,0,0,0,,0,0,0,0,
698d1cca0e1f417892c954dabe0aacf8,189,783,0,0,0,,0,0,0,,0,0,0,,2286,0,0,0,
98c577d538f84d75a3c34e0f9d13c8a3,188,13809,0,0,0,,0,0,0,,0,0,0,,300,55,48,85,https://www.twitch.tv/videos/2884434406
202d7c3df0a0489288ace48e1e81ac9f,186,4645,0,0,0,,0,0,0,,0,0,0,,76,0,0,0,
47a57b51af1a482ead79df1698db2c70,185,7905,0,0,0,,0,0,0,,0,0,0,,0,0,0,0,
6d76e6b27f164061a216ec2831bd8dd3,185,0,0,0,0,,0,0,0,,0,0,0,,1203,0,0,0,
9b9409f309a54c54bf6225f43eae1167,182,6434,0,0,0,,0,0,0,,0,0,0,,2128,0,0,0,
7a7e366c81d54d03a07cb2c6cb382884,182,6343,0,0,0,,0,0,0,,0,0,0,,0,0,0,0,
9cb41588918b4fcf9d8e21ce0b6896c6,181,15103,453,109,884,https://www.youtube.com/watch?v=nK2G8U6eQ4I,185,121,425,https://www.youtube.com/watch?v=GsLfEOIHqzk,739,103,884,https://www.youtube.com/watch?v=nK2G8U6eQ4I,99,80,55,136,https://www.twitch.tv/videos/2882731073
bad9c0bc10404089a32d6b4b8346fc0e,180,88181,38,22,122,https://www.youtube.com/watch?v=F16ecd2kRes,38,22,122,https://www.youtube.com/watch?v=F16ecd2kRes,0,0,0,,0,0,0,0,
67dc6d443cff47a4bc6a31a56e8b72f5,180,20431,226,121,632,https://www.youtube.com/watch?v=f5fsktsoy5k,226,121,632,https://www.youtube.com/watch?v=f5fsktsoy5k,0,0,0,,0,0,0,0,
ad6455da071543ab88cd4855a11cf39b,179,7360,89,29,188,https://www.youtube.com/watch?v=BeH1EUNnfBM,89,29,188,https://www.youtube.com/watch?v=BeH1EUNnfBM,0,0,0,,0,0,0,0,
a3bbe09809e141e5b0658a79ba63f977,177,14969,14,5,154,https://www.youtube.com/watch?v=YmTeznjLRWk,0,0,0,,14,5,154,https://www.youtube.com/watch?v=YmTeznjLRWk,404,14,10,25,https://www.twitch.tv/videos/2885414820
c29627e1a48a4ea8b21c858aba1836d0,177,6822,0,0,0,,0,0,0,,0,0,0,,566,148,95,237,https://www.twitch.tv/videos/2887939795
50c6983298d84cbeac8e6376349e672b,176,34200,1466,946,1845,https://www.youtube.com/watch?v=QyF2uQJDIx4,43,38,43,https://www.youtube.com/watch?v=AmiKfO7SV5Y,1763,1299,1845,https://www.youtube.com/watch?v=QyF2uQJDIx4,3,0,0,0,
d93ec185504e45e2894865980da489a9,176,3794,16,9,113,https://www.youtube.com/watch?v=pS0L4DSRuO4,0,0,0,,16,9,113,https://www.youtube.com/watch?v=pS0L4DSRuO4,1821,315,172,321,https://www.twitch.tv/videos/2880010781
7ee7164af0d645a18422350715a1eef0,175,407,0,0,0,,0,0,0,,0,0,0,,351,0,0,0,
58f233e089ca45c8bc1969b471183766,174,26099,103,41,119,https://www.youtube.com/watch?v=bD_o-iHczaA,103,41,119,https://www.youtube.com/watch?v=bD_o-iHczaA,0,0,0,,0,0,0,0,
604dc5a26bb54f3d8a69c9df659d23d7,174,6203,0,0,0,,0,0,0,,0,0,0,,830,40,36,73,https://www.twitch.tv/videos/2884286871
591654ee39c147ffaa77a531a81a6eda,173,15269,75,47,178,https://www.youtube.com/watch?v=jTnwXvtIlIQ,79,52,178,https://www.youtube.com/watch?v=jTnwXvtIlIQ,6,4,6,https://www.youtube.com/watch?v=FfG8WoJnYnA,704,15,9,54,https://www.twitch.tv/videos/2883583393
868a7d0a1ef94befa5205a21fb65d7d5,173,2903,0,0,0,,0,0,0,,0,0,0,,4601,179,167,820,https://www.twitch.tv/videos/2888664926
6cdc57bc89cc4b7f9c9d848fd5b0d031,173,26384,0,0,0,,0,0,0,,0,0,0,,0,0,0,0,
cd38e82545b04cb8a3e047fe41f2ba40,173,1439,0,0,0,,0,0,0,,0,0,0,,1118,291,130,417,https://www.twitch.tv/videos/2885222619
288ba70f1a044c72a65ed9cf3b425d13,173,21417,105,45,257,https://www.youtube.com/watch?v=NiMh3dasdQk,105,45,257,https://www.youtube.com/watch?v=NiMh3dasdQk,0,0,0,,0,0,0,0,
bb21226dc1db41e294f545133948115b,172,17724,0,0,0,,0,0,0,,0,0,0,,849,0,0,0,
a91c83dff0c94387aa2c11e597424517,172,11149,0,0,0,,0,0,0,,0,0,0,,265,48,42,58,https://www.twitch.tv/videos/2891600812
b2ec8ce2ab124618ae1b1af2cd85ce23,172,2949,0,0,0,,0,0,0,,0,0,0,,276,0,0,0,
844adbe9800c4c52863267075afd2c7f,172,8901,0,0,0,,0,0,0,,0,0,0,,254,0,0,0,
cf100db6a3dc4010b32802b75f5abc14,171,23564,76,10,1602,https://www.youtube.com/watch?v=jqoFnk9s3bo,226,103,1602,https://www.youtube.com/watch?v=jqoFnk9s3bo,4,1,887,https://www.youtube.com/watch?v=FHxwLkrTKKY,0,0,0,0,
56e0088d20b04a059da9932476fc9a5b,170,21294,0,0,0,,0,0,0,,0,0,0,,2551,0,0,0,
2bb0e68d998d4b2bbfc79557a233fb33,170,34104,340,127,1244,https://www.youtube.com/watch?v=wCHXjx_C02s,340,127,1189,https://www.youtube.com/watch?v=WBGB0WcMXb0,754,321,1244,https://www.youtube.com/watch?v=wCHXjx_C02s,140,25,16,38,https://www.twitch.tv/videos/2888850443
e6d7ea2833a1477aab8dfa3d4f4936fb,170,5698,1242,586,1242,https://www.youtube.com/watch?v=YGIzfWVx1oo,0,0,0,,1242,586,1242,https://www.youtube.com/watch?v=YGIzfWVx1oo,1560,193,143,351,https://www.twitch.tv/videos/2891555442
b850c220033a4b6d83c9b9b70b04647b,169,3765,0,0,0,,0,0,0,,0,0,0,,197,0,0,0,
74a8b2325c0c4b158dd12377bff187c8,168,1965,0,0,0,,0,0,0,,0,0,0,,0,0,0,0,
beed2aaeebc9439895feb2aff3c9e641,167,8115,102,72,129,https://www.youtube.com/watch?v=oOnVDlQzdPw,102,72,129,https://www.youtube.com/watch?v=oOnVDlQzdPw,0,0,0,,0,0,0,0,
e739323b76994f8abcca757db52a440d,167,11194,166,78,274,https://www.youtube.com/watch?v=WRkDeqOA7zc,0,0,0,,166,78,274,https://www.youtube.com/watch?v=WRkDeqOA7zc,0,0,0,0,
0c97b425059d4ac893cae0f804f4ccbc,167,11503,98,63,253,https://www.youtube.com/watch?v=_ThnsjQ8Nhs,98,63,253,https://www.youtube.com/watch?v=_ThnsjQ8Nhs,0,0,0,,0,0,0,0,
f1be475d4aa34c3faf4826a77ceb99b5,166,83236,8213,5595,42560,https://www.youtube.com/watch?v=p1i5CM47DKc,8213,5595,42560,https://www.youtube.com/watch?v=p1i5CM47DKc,0,0,0,,293,156,103,350,https://www.twitch.tv/videos/2880061395
8847133db580452eb63c5d3a2de47e4a,166,20116,319,137,1233,https://www.youtube.com/watch?v=QTuBDUQTZ3M,319,137,731,https://www.youtube.com/watch?v=7PB1RHA_2Nk,274,204,1233,https://www.youtube.com/watch?v=QTuBDUQTZ3M,0,0,0,0,
07dce34bcae849989c379d5c13ff4904,166,4708,593,262,1133,https://www.youtube.com/watch?v=4aW91GoDl9Y,0,0,0,,593,262,1133,https://www.youtube.com/watch?v=4aW91GoDl9Y,1993,362,203,106776,https://www.twitch.tv/videos/2873939257
c08ae8d7412d407c8b233f6e445d081c,166,5227,0,0,3871,https://www.youtube.com/watch?v=qDyZFDhxFTc,0,0,0,,0,0,3871,https://www.youtube.com/watch?v=qDyZFDhxFTc,743,42,33,100,https://www.twitch.tv/videos/2886113862
70ab761191014a39b7d090541f785cd2,165,12355,124,63,195,https://www.youtube.com/watch?v=_3VgTv366bQ,113,74,195,https://www.youtube.com/watch?v=_3VgTv366bQ,124,63,124,https://www.youtube.com/watch?v=-8LenTkScPw,198,70,48,234,https://www.twitch.tv/videos/2889564821
06f1c7339e1c47ecb69ea7385f4635a1,165,36032,51,7,152,https://www.youtube.com/watch?v=a9RQdzUceKk,51,7,152,https://www.youtube.com/watch?v=a9RQdzUceKk,0,0,0,,549,164,115,216,https://www.twitch.tv/videos/2887954946
fced951d6a344a27b59e422984ead36d,164,31886,0,0,0,,0,0,0,,0,0,0,,0,0,0,0,
f958b1a87ecd4bfab42ba0d1443bfa61,164,11736,45,7,104,https://www.youtube.com/watch?v=a3NSOLLiQKo,45,7,104,https://www.youtube.com/watch?v=a3NSOLLiQKo,0,0,0,,551,49,34,54,https://www.twitch.tv/videos/2882669124
fe1731a49d43440391f571347747604c,163,2867,8,7,8,https://www.youtube.com/watch?v=88k4ePnyJjA,0,0,0,,8,7,8,https://www.youtube.com/watch?v=88k4ePnyJjA,1361,237,179,280,https://www.twitch.tv/videos/2888854475
3475b2087d9a4d799c10bd3ac5f45437,163,980,0,0,0,,0,0,0,,0,0,0,,1201,153,129,267,https://www.twitch.tv/videos/2883356268
d0390d1ee4c744cba3ac19af6ae16171,163,8371,161,128,1125,https://www.youtube.com/watch?v=6HzuZWNUPmg,139,128,144,https://www.youtube.com/watch?v=4I7CDQJnCtY,652,149,1125,https://www.youtube.com/watch?v=6HzuZWNUPmg,76,0,0,0,
edfed5b0978a4fb98f94319bfc639d98,161,1234,0,0,0,,0,0,0,,0,0,0,,1248,344,234,456,https://www.twitch.tv/videos/2880824337
46821555a7af41e4aa70fe0fabd8a4f6,161,9625,48,28,687,https://www.youtube.com/watch?v=4i4jmYJVmQI,48,28,687,https://www.youtube.com/watch?v=4i4jmYJVmQI,0,0,0,,666,0,0,0,
6481e646412745d3b2fa38255cef0da4,160,7909,0,0,0,,0,0,0,,0,0,0,,584,86,75,113,https://www.twitch.tv/videos/2890557107
3040b4d9d4374815a4e0af0c887a42fc,159,20589,0,0,0,,0,0,0,,0,0,0,,1530,239,172,582,https://www.twitch.tv/videos/2885221618
821713a01e5a4f1787926fb48dbf7302,159,13219,102,49,439,https://www.youtube.com/watch?v=BNB34PnxXQo,124,50,439,https://www.youtube.com/watch?v=BNB34PnxXQo,66,3,66,https://www.youtube.com/watch?v=8DPyX8SBLXA,0,0,0,0,
4d96aeef13f949e19026682e337db138,159,3389,0,0,0,,0,0,0,,0,0,0,,2609,0,0,0,
d3eee3b8d1954b1c8fea325d7b7b1b7f,157,8715,109,44,2116,https://www.youtube.com/watch?v=nBya86oLAGE,103,35,143,https://www.youtube.com/watch?v=thFpJKaXrbY,1475,1076,2116,https://www.youtube.com/watch?v=nBya86oLAGE,156,83,49,88,https://www.twitch.tv/videos/2880932272
dc97af965a4942d281cc7365805233f1,157,3247,0,0,0,,0,0,0,,0,0,0,,70,0,0,0,
67c533576c474a0d9897f62964cef71c,156,4661,0,0,0,,0,0,0,,0,0,0,,333,44,29,44,https://www.twitch.tv/videos/2883445376
6a915915ad2a4d29b524ebd50f2dbbe4,156,1564,0,0,0,,0,0,0,,0,0,0,,1623,115,16,148,https://www.twitch.tv/videos/2870280822
6d36ce9cdedb4806ad5c00a3496b9e4f,155,3621,0,0,0,,0,0,0,,0,0,0,,2658,791,408,77137,https://www.twitch.tv/videos/2869123737
5fdd1d15cf404c918b0f697baff04218,155,38705,0,0,0,,0,0,0,,0,0,0,,2749,502,226,845,https://www.twitch.tv/videos/2887181054
a8bee4c680a54cf29b34d90bf7230ab1,155,2802,0,0,0,,0,0,0,,0,0,0,,1889,0,0,0,
8bca20c5a14c42fc94288fcf3d9c3667,154,4968,93,33,185,https://www.youtube.com/watch?v=R0-RTDc7Wzs,93,33,185,https://www.youtube.com/watch?v=R0-RTDc7Wzs,0,0,0,,58,0,0,0,
f42472ba115a480ab309612af9ae29cf,153,5799,82,60,124,https://www.youtube.com/watch?v=VorqBrvBz8k,82,60,124,https://www.youtube.com/watch?v=VorqBrvBz8k,0,0,0,,0,0,0,0,
290bbaa329eb45b1a267bfd7e35c3b14,153,0,0,0,0,,0,0,0,,0,0,0,,444,0,0,0,
ff170a57c74545c7977b64a6d82981af,151,20006,89,26,218,https://www.youtube.com/watch?v=tljHz7iTTyU,91,29,218,https://www.youtube.com/watch?v=tljHz7iTTyU,45,13,90,https://www.youtube.com/watch?v=TRY5ZGBjwAk,0,0,0,0,
8b1758159f754a3a8d7f26dcf12c008f,150,7186,0,0,0,,0,0,0,,0,0,0,,0,0,0,0,
41e1aa0eab8d4ec5a4010833581f5b92,150,2794,0,0,0,,0,0,0,,0,0,0,,91,0,0,0,
2f2a88438aee4a5e842f186bcdc05128,149,12356,0,0,0,,0,0,0,,0,0,0,,78,0,0,0,
46a16e41f2af4523adeb4556f2e0b0d5,147,3287,0,0,0,,0,0,0,,0,0,0,,8371,0,0,0,
98fd913e544f4725afdd28ad05f3e737,146,12431,0,0,0,,0,0,0,,0,0,0,,0,0,0,0,
521d3e3d5e6e410aababfb8f290749b6,145,2540,0,0,0,,0,0,0,,0,0,0,,368,31,26,31,https://www.twitch.tv/videos/2888057415
7ccac8385e2d41f69aab04b7f2b23cac,145,5294,0,0,0,,0,0,0,,0,0,0,,1335,0,0,0,
9b6ebeb957fe4fed84a5472b6b3bd13c,144,17124,0,0,0,,0,0,0,,0,0,0,,1239,231,180,357,https://www.twitch.tv/videos/2884450753
240c765d12ae40ab85e53fb39eb22b03,144,2665,22,7,22,https://www.youtube.com/watch?v=9Xc6GYuKvs0,0,0,0,,22,7,22,https://www.youtube.com/watch?v=9Xc6GYuKvs0,4415,0,0,0,
2d3deb7610dd4329ba77597dfdd13043,143,28276,1685,448,2075,https://www.youtube.com/watch?v=Vk4MOKsIVmQ,0,0,0,,1685,448,2075,https://www.youtube.com/watch?v=Vk4MOKsIVmQ,2035,307,152,499,https://www.twitch.tv/videos/2873826408
e1a9d641bfe749ee8b97fe0e3abe413f,143,1278,448,59,651,https://www.youtube.com/watch?v=RiAO0uDmFNE,0,0,0,,448,59,651,https://www.youtube.com/watch?v=RiAO0uDmFNE,41,50,39,160,https://www.twitch.tv/videos/2886169056
a84b1b6deabc462b9cf994fd02304b5b,143,876,0,0,0,,0,0,0,,0,0,0,,1704,148,90,148,https://www.twitch.tv/videos/2881799863
eac3578c689d48b493103c11e2b16c5e,142,15999,0,0,0,,0,0,0,,0,0,0,,927,0,0,0,
2af829174cab4262b61b226dd4d5aee5,142,9893,0,0,0,,0,0,0,,0,0,0,,21,0,0,0,
c8672ebbfe37442788c48d9a8399fc7b,142,25106,0,0,0,,0,0,0,,0,0,0,,948,116,102,116,https://www.twitch.tv/videos/2888926556
f55b426f2ceb419d964d1d1bcd3860e9,140,8433,453,144,453,https://www.youtube.com/watch?v=SSwTZGnQ4VI,0,0,0,,453,144,453,https://www.youtube.com/watch?v=SSwTZGnQ4VI,0,0,0,0,
a1a4762aa1eb4d95be1c0c7a528a8336,139,11111,1,0,1089,https://www.youtube.com/watch?v=XXTUK7FtGw4,0,0,0,,1,0,1089,https://www.youtube.com/watch?v=XXTUK7FtGw4,1862,0,0,0,
1ea0189fc3ce47fb9461b6cab10d78fe,138,2892,0,0,0,,0,0,0,,0,0,0,,143,0,0,0,
d95abd62958c4081a999660b995d72ce,137,1066,87,60,111,https://www.youtube.com/watch?v=dBaxBgBYRRc,87,60,111,https://www.youtube.com/watch?v=dBaxBgBYRRc,0,0,0,,0,0,0,0,
06d173cf0b3f4369bcfb4b4270bd59e3,136,397,0,0,0,,0,0,0,,0,0,0,,391,192,181,428,https://www.twitch.tv/videos/2891607943
135224fe261040639a802804b52f22db,136,0,0,0,0,,0,0,0,,0,0,0,,626,0,0,0,
061fa27713ec453ebf41c21eb58b7719,135,2158,0,0,0,,0,0,0,,0,0,0,,0,0,0,0,
fd638ba6820241d1b3367afab0c6ab3e,134,10155,51,47,51,https://www.youtube.com/watch?v=oSof8lErEpM,51,47,51,https://www.youtube.com/watch?v=oSof8lErEpM,0,0,0,,0,0,0,0,
fe1bd62313574733ab86c1a56b7143ab,133,31,0,0,0,,0,0,0,,0,0,0,,1538,0,0,0,
350b440f9436415c8499526d4c6f3dfd,133,4030,0,0,0,,0,0,0,,0,0,0,,1761,0,0,0,
c9e933e250e747f88f8cbf4857ec7f3b,131,135,0,0,0,,0,0,0,,0,0,0,,3038,0,0,0,
b18dea7632bc49db974a22d6eb6660fb,131,3968,1,0,5,https://www.youtube.com/watch?v=vUlI4SJF84k,0,0,0,,1,0,5,https://www.youtube.com/watch?v=vUlI4SJF84k,424,30,25,132,https://www.twitch.tv/videos/2890831289
2928a7d5624e4af8b1331eabae6bda17,130,2803,11,8,18,https://www.youtube.com/watch?v=wGYM60VL7TQ,0,0,0,,11,8,18,https://www.youtube.com/watch?v=wGYM60VL7TQ,733,19,12,32,https://www.twitch.tv/videos/2886385495
453db6575b094b388ba2ae38e7ff2c51,129,15506,0,0,0,,0,0,0,,0,0,0,,694,0,0,0,
822b9b7a9eca49df9bfd617a19b274b0,129,3818,89,41,151,https://www.youtube.com/watch?v=bByG7eqpGHE,89,41,151,https://www.youtube.com/watch?v=bByG7eqpGHE,0,0,0,,0,0,0,0,
3b7dac5e2bdb4c08a139e18ef7f6f7e5,129,7790,0,0,0,,0,0,0,,0,0,0,,686,29,21,43,https://www.twitch.tv/videos/2889430063
c85822960da341bb8f5323219b233bd1,128,9026,0,0,0,,0,0,0,,0,0,0,,0,0,0,0,
22f16847ee064b1bafd9bbe15bd31284,127,8573,0,0,0,,0,0,0,,0,0,0,,723,73,64,73,https://www.twitch.tv/videos/2888841939
c6d0078f1d5e4fd08a459c7eecd85464,127,25761,108,72,261,https://www.youtube.com/watch?v=Jy4xbkM8sgM,100,72,188,https://www.youtube.com/watch?v=tirBwmW7SGA,188,54,261,https://www.youtube.com/watch?v=Jy4xbkM8sgM,0,0,0,0,
577251897dc7463393b68c5b6f96559b,127,8541,28,3,371,https://www.youtube.com/watch?v=_a1Hz83UL6I,0,0,0,,28,3,371,https://www.youtube.com/watch?v=_a1Hz83UL6I,766,148,103,290,https://www.twitch.tv/videos/2891684684
f09a7c3155a047c98f155434b2634ecf,125,3582,0,0,0,,0,0,0,,0,0,0,,393,0,0,0,
a1d3d37caa68474288b903f309db32a1,124,9718,84,31,105,https://www.youtube.com/watch?v=tonf1nHRu2g,84,31,105,https://www.youtube.com/watch?v=tonf1nHRu2g,0,0,0,,0,0,0,0,
09b00ccde152498b808efe7317bd52f0,123,1480,0,0,0,,0,0,0,,0,0,0,,2918,130,106,169,https://www.twitch.tv/videos/2884645454
6358ea21f673491fab72d62494b2225f,122,3928,0,0,0,,0,0,0,,0,0,0,,719,190,141,249,https://www.twitch.tv/videos/2889753506
359d60ab5abb445a8477a50781acc050,121,16380,653,424,1359,https://www.youtube.com/watch?v=m2LfKsbPnp8,0,0,0,,653,424,1359,https://www.youtube.com/watch?v=m2LfKsbPnp8,0,0,0,0,
fef1577c0352446c8e371b9fd9e7cc73,120,9149,1,0,4,https://www.youtube.com/watch?v=7BFHxYhe_yw,0,0,0,,1,0,4,https://www.youtube.com/watch?v=7BFHxYhe_yw,127,13,11,26,https://www.twitch.tv/videos/2880165104
6c66740fc44a4a489e7a67ac93dd274e,119,1719,0,0,0,,0,0,0,,0,0,0,,418,0,0,0,
8b5d6e9353ba46789fa6a2cfd94f69b2,119,4727,0,0,31,https://www.youtube.com/watch?v=4JXtJ_KVsok,0,0,0,,0,0,31,https://www.youtube.com/watch?v=4JXtJ_KVsok,131,5,4,7,https://www.twitch.tv/videos/2889692364
a2847bd09f954df794fb9289d6a96dae,119,8151,26,5,26,https://www.youtube.com/watch?v=BAwMukDsDbY,26,5,26,https://www.youtube.com/watch?v=BAwMukDsDbY,0,0,0,,732,78,57,150,https://www.twitch.tv/videos/2884497811
063fe3c0ae714b4ea4edaf79bda5dda0,118,540,0,0,0,,0,0,0,,0,0,0,,2080,169,111,178,https://www.twitch.tv/videos/2883348199
8064b5c85fc64d10ae3e9d3a4c0dfd8f,118,1185,0,0,0,,0,0,0,,0,0,0,,2728,0,0,0,
5a60a41d2a604bc68368158cd0b1cc12,117,11120,9,3,141,https://www.youtube.com/watch?v=_JuCSOnerIc,0,0,0,,9,3,141,https://www.youtube.com/watch?v=_JuCSOnerIc,663,73,52,112,https://www.twitch.tv/videos/2890621254
48757d31519a475faf33652b85bf99dd,117,16346,39,16,351,https://www.youtube.com/watch?v=kBlnOxQ2lR8,206,73,269,https://www.youtube.com/watch?v=Gjr6J4t3-7E,24,12,351,https://www.youtube.com/watch?v=kBlnOxQ2lR8,0,0,0,0,
16e0b967de004b45b5c10302382ad43e,116,1949,0,0,0,,0,0,0,,0,0,0,,532,0,0,0,
1daf23905a3d4aa9a59273e563e33382,116,7185,0,0,0,,0,0,0,,0,0,0,,1812,0,0,0,
39ff9dd2c91841b6b8c719d71b7bdb11,116,12220,990,534,990,https://www.youtube.com/watch?v=HkxvEdaFtX0,0,0,0,,990,534,990,https://www.youtube.com/watch?v=HkxvEdaFtX0,452,0,0,0,
a2e9afb364e84d48acbdc77441ad17a7,116,12332,54,25,54,https://www.youtube.com/watch?v=ocYEBQyRHQw,0,0,0,,54,25,54,https://www.youtube.com/watch?v=ocYEBQyRHQw,539,0,0,0,
e93b2dd2339a422f8ab3d21c9d95161c,116,2546,13,7,13,https://www.youtube.com/watch?v=7uZb3ja6UdI,0,0,0,,13,7,13,https://www.youtube.com/watch?v=7uZb3ja6UdI,524,24,17,138,https://www.twitch.tv/videos/2887841943
b9a09f50375248aebc3d6afdb7f5adf6,115,2119,0,0,0,,0,0,0,,0,0,0,,828,0,0,0,
f86ec6a459f64e7d8431c69b1d7ec28b,114,6001,126,58,255,https://www.youtube.com/watch?v=m2FxRXk_E9g,126,58,255,https://www.youtube.com/watch?v=m2FxRXk_E9g,0,0,0,,195,131,98,225,https://www.twitch.tv/videos/2884502670
ef36201df30f43ba9efbd573f9a6d9b7,113,25498,6894,5776,6894,https://www.youtube.com/watch?v=iAlwYgIircs,0,0,0,,6894,5776,6894,https://www.youtube.com/watch?v=iAlwYgIircs,646,129,80,519,https://www.twitch.tv/videos/2888005401
dd9bf471b0304627877f38daaec5407b,113,680,0,0,0,,0,0,0,,0,0,0,,967,0,0,0,
f1a631b2661b45718c7caf5862ddcd68,112,2973,17,4,56,https://www.youtube.com/watch?v=_FX86Gc10pg,0,0,0,,17,4,56,https://www.youtube.com/watch?v=_FX86Gc10pg,43,9,9,16,https://www.twitch.tv/videos/2890715167
77364942d7f24440bbde8efa71c724df,111,6851,0,0,0,,0,0,0,,0,0,0,,646,44,37,134,https://www.twitch.tv/videos/2879357462
f10dc84fab2a41d385c2553b0f1d788b,111,4449,0,0,0,,0,0,0,,0,0,0,,658,92,72,300,https://www.twitch.tv/videos/2888863347
12286b61ae55499b8c60101a4625b089,110,0,0,0,0,,0,0,0,,0,0,0,,306,0,0,0,
a127ff7335ae467d961641bcf84f1e2f,109,12355,0,0,0,,0,0,0,,0,0,0,,2226,378,264,728,https://www.twitch.tv/videos/2886105001
6a2bad0b742447bf9912a97eaac17ced,109,34766,1164,171,1412,https://www.youtube.com/watch?v=lYoAW5KRjr4,0,0,0,,1164,171,1412,https://www.youtube.com/watch?v=lYoAW5KRjr4,0,0,0,0,
8868dd9b4d75481397fd841b8ef6c55d,108,2377,0,0,0,,0,0,0,,0,0,0,,13,0,0,0,
4ead521cd6a04a5aa1b2739f252ac9d1,108,710,0,0,1,https://www.youtube.com/watch?v=UrbsO7iQpQU,0,0,0,,0,0,1,https://www.youtube.com/watch?v=UrbsO7iQpQU,269,35,14,92,https://www.twitch.tv/videos/2865881700
1af37b5945cf40019107583a3c6537ea,107,667,0,0,0,,0,0,0,,0,0,0,,2765,423,303,646,https://www.twitch.tv/videos/2884458782
fede6fee793048f1a576cab38a6bd414,107,6300,0,0,0,,0,0,0,,0,0,0,,2337,80,36,124,https://www.twitch.tv/videos/2890447896
965ff8a77ab845aaac693d9c7a56f82d,107,7585,0,0,0,,0,0,0,,0,0,0,,686,131,98,205,https://www.twitch.tv/videos/2884368352
33ce96c886d341879ce66c4f7892c421,104,65501,453,335,1163,https://www.youtube.com/watch?v=j3fGQBUx1yU,0,0,0,,453,335,1163,https://www.youtube.com/watch?v=j3fGQBUx1yU,842,191,146,388,https://www.twitch.tv/videos/2887110203
0a9f3befc55d447fbc9fa1e54ba0dd8e,102,0,0,0,0,,0,0,0,,0,0,0,,170,3,3,5,https://www.twitch.tv/videos/2889792419
ca65749ceff346fd971c24b0461f18d9,102,8340,0,0,0,,0,0,0,,0,0,0,,604,0,0,0,
2d25a18a83af462a8d4062e162017a1a,102,5156,0,0,0,,0,0,0,,0,0,0,,497,0,0,0,
ba27c499a50f4cac87e6e5b94da18292,102,2060,0,0,0,,0,0,0,,0,0,0,,1409,381,166,1695,https://www.twitch.tv/videos/2891674041
aa205221f02a4701bf17d501e86adaf1,101,0,0,0,0,,0,0,0,,0,0,0,,565,467,337,703,https://www.twitch.tv/videos/2888916720
53b98a4bbf49419fb4516525846d4d35,101,501,0,0,0,,0,0,0,,0,0,0,,1802,0,0,0,
ede21f904daf4a9b978efe15b0d9a31f,100,10243,0,0,0,,0,0,0,,0,0,0,,2011,210,164,210,https://www.twitch.tv/videos/2886428797
25ebd185190b42d993d961d7c795b444,100,2782,0,0,0,,0,0,0,,0,0,0,,2314,0,0,0,
6bb236447ed9412a98c9b2d7c9069e10,99,19556,0,0,0,,0,0,0,,0,0,0,,2179,99,77,175,https://www.twitch.tv/videos/2880219937
8608b8aafd6e4a5f8f506233a69720ae,99,47495,103,75,168,https://www.youtube.com/watch?v=akMUYqbVT1I,0,0,0,,103,75,168,https://www.youtube.com/watch?v=akMUYqbVT1I,293,115,109,516,https://www.twitch.tv/videos/2889661940
67784d7c61af482780ab0558083fcd1e,96,3106,0,0,0,,0,0,0,,0,0,0,,382,0,0,0,
6b21f41580a64cc7ab15d219a612723b,95,0,0,0,0,,0,0,0,,0,0,0,,4488,0,0,0,
9523dedfc79a4f99b18461ff40586307,90,33194,101,32,1190,https://www.youtube.com/watch?v=Fi8ALXT5-_g,100,33,126,https://www.youtube.com/watch?v=Wi4BUZ0EooM,129,28,1190,https://www.youtube.com/watch?v=Fi8ALXT5-_g,0,0,0,0,
9f9bfcbf980b43bcb00c03261439d18d,88,1839,81,66,81,https://www.youtube.com/watch?v=qUCSJX3kpNs,81,66,81,https://www.youtube.com/watch?v=qUCSJX3kpNs,0,0,0,,48,83,67,83,https://www.twitch.tv/videos/2887128972
fae9210539d44a39a2a275b8d53cae37,87,16975,113,60,466,https://www.youtube.com/watch?v=Ey6dAQ1GOgM,113,60,466,https://www.youtube.com/watch?v=Ey6dAQ1GOgM,0,0,0,,196,80,66,167,https://www.twitch.tv/videos/2884510372
889b2fb6c9ea47a99834061b47251a4b,86,3258,4,1,127,https://www.youtube.com/watch?v=ROx_qYEbZCk,0,0,0,,4,1,127,https://www.youtube.com/watch?v=ROx_qYEbZCk,493,89,52,99,https://www.twitch.tv/videos/2887162222
a5be52423e2f46b8bbad4a56c7f1d5e5,86,5203,0,0,0,,0,0,0,,0,0,0,,1489,269,208,348,https://www.twitch.tv/videos/2882713423
34e73d1959694451b938ff53d98f9cec,85,756,0,0,0,,0,0,0,,0,0,0,,368,0,0,0,
904e3c91b4e1427f9b2d69f69aa3b13c,84,14455,42,42,42,https://www.youtube.com/watch?v=sw41bbCiFzk,42,42,42,https://www.youtube.com/watch?v=sw41bbCiFzk,0,0,0,,0,0,0,0,
32ae564b306c42cab2e1a4a8a9d6adfe,84,1079,0,0,0,,0,0,0,,0,0,0,,1262,0,0,0,
ad57b32de5f34598a57ac5af8b8004e2,83,5218,111,38,528,https://www.youtube.com/watch?v=G5JzUmsGfHM,143,32,528,https://www.youtube.com/watch?v=G5JzUmsGfHM,91,46,433,https://www.youtube.com/watch?v=h-1FSwIdtk8,122,38,23,39,https://www.twitch.tv/videos/2883446044
12ece01ae7004e9195e79309f0cdae40,82,417,0,0,0,,0,0,0,,0,0,0,,2543,0,0,0,
6bf231719d5e485fa0cdee99905858d4,81,1777,0,0,0,,0,0,0,,0,0,0,,843,246,181,401,https://www.twitch.tv/videos/2883544477
4c3e3e5338ae44feae581bbdffa8b811,81,11853,0,0,0,,0,0,0,,0,0,0,,214,0,0,0,
3fd5cac9e94144ad9a298e46c5472792,78,1744,0,0,0,,0,0,0,,0,0,0,,0,0,0,0,
5718a7998f6249eeba0bf087da51c1c0,77,27947,0,0,0,,0,0,0,,0,0,0,,708,89,67,146,https://www.twitch.tv/videos/2883269510
eff26caff6bd4720957cefaf8f6fc87a,75,6003,0,0,0,,0,0,0,,0,0,0,,1405,577,387,1031,https://www.twitch.tv/videos/2890820468
105bfceb9747425eb58622b6ebccf920,75,1053,0,0,0,,0,0,0,,0,0,0,,359,0,0,0,
ce1d3cace1cf4ec799c8846c8c2a6d48,75,220,50,30,50,https://www.youtube.com/watch?v=lnFYtSIFirM,0,0,0,,50,30,50,https://www.youtube.com/watch?v=lnFYtSIFirM,2604,614,310,1688,https://www.twitch.tv/videos/2890542869
a7c42dc3d080425b9e979100a59d955c,74,4563,0,0,0,,0,0,0,,0,0,0,,307,0,0,0,
188108fa6e2e41afb060e4038e49d4ab,74,2575,0,0,0,,0,0,0,,0,0,0,,700,0,0,0,
28e6f7c12a3b45899e7508058f926af9,73,12921,0,0,0,,0,0,0,,0,0,0,,1608,28,3,53,https://www.twitch.tv/videos/2879102605
e3b9c06f64d84a0dabb3e97c0caacaca,73,24801,62,36,3530,https://www.youtube.com/watch?v=_ZsLTxwzC5I,0,0,0,,62,36,3530,https://www.youtube.com/watch?v=_ZsLTxwzC5I,0,0,0,0,
c7f53f2fbdbe4db488629ab4d738a16a,72,4739,0,0,0,,0,0,0,,0,0,0,,800,59,45,79,https://www.twitch.tv/videos/2880993824
51fc95cfca444f03abe9a50acf8f85e6,70,2929,0,0,6,https://www.youtube.com/watch?v=PLzfA5iLkeA,0,0,0,,0,0,6,https://www.youtube.com/watch?v=PLzfA5iLkeA,1650,274,158,653,https://www.twitch.tv/videos/2884024978
d6a769b7bf6b49f08adf3e1136d86c7e,70,21701,0,0,0,,0,0,0,,0,0,0,,991,163,125,163,https://www.twitch.tv/videos/2886164649
889b220891694985b7373aa2732a0263,69,8508,0,0,0,,0,0,0,,0,0,0,,581,41,26,48,https://www.twitch.tv/videos/2881938634
4e5a8a6380764f9b9f28732968e4aac8,69,4557,0,0,0,,0,0,0,,0,0,0,,582,78,53,142,https://www.twitch.tv/videos/2884498392
4eb87102a0f44516a6ed011faeeff00d,68,0,0,0,0,,0,0,0,,0,0,0,,1584,65,33,65,https://www.twitch.tv/videos/2879515272
b2d32948347e4c6c9afa8f813e626aae,67,6688,45,33,145,https://www.youtube.com/watch?v=fOQ9bm2a0Cw,45,33,145,https://www.youtube.com/watch?v=fOQ9bm2a0Cw,0,0,0,,0,0,0,0,
2c2db11a23aa43298ab96e60a20692d7,67,1633,0,0,0,,0,0,0,,0,0,0,,1467,0,0,0,
8723ccecdfd84d92b1de24f9d6a86bcc,66,5401,0,0,0,,0,0,0,,0,0,0,,3470,143,108,307,https://www.twitch.tv/videos/2885319773
061fb9c63b7e45bb85ea7e6bd4fe3745,65,4297,0,0,0,,0,0,0,,0,0,0,,217,16,11,16,https://www.twitch.tv/videos/2884330989
1645f4035c9b42019c61d630fc75d5e0,65,872,0,0,0,,0,0,0,,0,0,0,,93,0,0,0,
94bda3c948ac4e74ad5c3592c1d284ac,65,808,0,0,0,,0,0,0,,0,0,0,,130,0,0,0,
4d8e2a0b44bc475da5d9688b668c782d,65,201,0,0,0,,0,0,0,,0,0,0,,274,0,0,0,
ef13ede8525d49339887c3bf54b08acc,64,1906,152,72,180,https://www.youtube.com/watch?v=nijtzAuniBw,152,72,180,https://www.youtube.com/watch?v=nijtzAuniBw,0,0,0,,50,39,29,39,https://www.twitch.tv/videos/2885405558
43d785b8082f43138988dacd0236bb67,64,0,0,0,0,,0,0,0,,0,0,0,,430,0,0,0,
e2448cc1f0df41b08247cb7a51119a67,64,546,0,0,0,,0,0,0,,0,0,0,,708,0,0,0,
a0e7c7e7702b4e81a5fecc4090814236,64,21575,53,27,545,https://www.youtube.com/watch?v=S1sq-JuZIU0,0,0,0,,53,27,545,https://www.youtube.com/watch?v=S1sq-JuZIU0,292,278,206,373,https://www.twitch.tv/videos/2885538038
78b333b99eb242ad96a8ee82275a0e98,63,11824,3,2,3,https://www.youtube.com/watch?v=k9Au3Est30U,0,0,0,,3,2,3,https://www.youtube.com/watch?v=k9Au3Est30U,0,0,0,0,
5d27ac4b9342450990a299e95818bbb0,63,7904,671,508,1777,https://www.youtube.com/watch?v=jmuA67EGqfU,671,508,1155,https://www.youtube.com/watch?v=L87mU8JkoJU,1196,741,1777,https://www.youtube.com/watch?v=jmuA67EGqfU,0,0,0,0,
a9ada11d61114319885597db6a0725fb,60,331,0,0,0,,0,0,0,,0,0,0,,652,0,0,0,
3074c76068684cda8678977864cd530c,60,1192,0,0,0,,0,0,0,,0,0,0,,1164,184,134,520,https://www.twitch.tv/videos/2879808337
f9d27b07ff84433b8397b0587f339e27,60,9564,0,0,0,,0,0,0,,0,0,0,,202,49,38,70,https://www.twitch.tv/videos/2890677240
359bb9450c49401da7b002980d4f97df,58,227,0,0,0,,0,0,0,,0,0,0,,980,0,0,0,
93cd49107c8c46d0b6b185c382900d1e,57,4979,134,103,1105,https://www.youtube.com/watch?v=u8g7IQrwij8,17,13,934,https://www.youtube.com/watch?v=7EBh4P5ysrY,782,678,1105,https://www.youtube.com/watch?v=u8g7IQrwij8,11,0,0,0,
130a4d6105464e518a8a3eed336b4101,57,682,0,0,0,,0,0,0,,0,0,0,,998,37,26,45,https://www.twitch.tv/videos/2887129405
a73103b226f34098bb5d4cd00b86d2f6,56,2163,0,0,0,,0,0,0,,0,0,0,,249,0,0,0,
12b98d960ead4bc09b2f2b220d7437a1,55,11314,72,26,1086,https://www.youtube.com/watch?v=J7NPIID1qwM,39,6,104,https://www.youtube.com/watch?v=41Q8bGn4K8I,537,246,1086,https://www.youtube.com/watch?v=J7NPIID1qwM,1,0,0,0,
b3e0bc9dd06f4774b492e6d50dd92be2,55,88,0,0,0,,0,0,0,,0,0,0,,259,0,0,0,
e4488c7dece84f7580bc0ab130222e08,55,7246,0,0,0,,0,0,0,,0,0,0,,944,0,0,0,
895701631707493e8c7edf4af21615be,54,1413,502,140,502,https://www.youtube.com/watch?v=iaVLRfIJ0Nk,502,140,502,https://www.youtube.com/watch?v=iaVLRfIJ0Nk,0,0,0,,0,0,0,0,
54f2f567fdac423c80dad4b29a4372db,53,7436,6,3,7,https://www.youtube.com/watch?v=NkNv3o5-ewk,6,3,7,https://www.youtube.com/watch?v=NkNv3o5-ewk,0,0,0,,282,138,95,221,https://www.twitch.tv/videos/2884499042
c06b6f1eb79d41ecb17aaaf80e035daa,52,0,0,0,0,,0,0,0,,0,0,0,,2324,973,878,1959,https://www.twitch.tv/videos/2887012667
68c50e424b2148478c74effaacfdeae3,52,772,0,0,0,,0,0,0,,0,0,0,,301,87,71,130,https://www.twitch.tv/videos/2887058388
591a7323f0134cf2929e75d959f21f68,52,20,0,0,0,,0,0,0,,0,0,0,,1288,0,0,0,
2a25c205cc374cbeb8c8ccfe988ec9cc,51,795,0,0,0,,0,0,0,,0,0,0,,1527,100,72,167,https://www.twitch.tv/videos/2885472191
676db89cb8a9483486442231b615b46f,51,9215,248,129,309,https://www.youtube.com/watch?v=cLQP6YWEXto,248,129,309,https://www.youtube.com/watch?v=cLQP6YWEXto,0,0,0,,186,26,18,139,https://www.twitch.tv/videos/2890510503
f5f22d1a091143798bfc7fac1211183c,50,704,0,0,0,,0,0,0,,0,0,0,,136,0,0,0,
f8e4654549304ea9933e02c2dcf48aae,50,0,0,0,0,,0,0,0,,0,0,0,,551,0,0,0,
255a5e79f9d14e6492d741b95f78cb7c,49,1266,0,0,0,,0,0,0,,0,0,0,,2208,0,0,0,
74acc3b3c4db41d2a13cce887ad2a856,49,3265,0,0,0,,0,0,0,,0,0,0,,1472,0,0,0,
07b6c0dad3114eca9e903fd5725cc4e8,49,307,0,0,0,,0,0,0,,0,0,0,,222,25,16,53,https://www.twitch.tv/videos/2884423628
9e121751e3774a15bdf9ccfab7eb7faf,49,494,0,0,0,,0,0,0,,0,0,0,,1172,107,71,145,https://www.twitch.tv/videos/2882677303
0ddb6eca94604d4da0665e90fbbe366f,48,1216,0,0,0,,0,0,0,,0,0,0,,152,15,9,20,https://www.twitch.tv/videos/2881857255
cb470bbb5a8f468a8a15b08757309d74,47,2314,16,7,16,https://www.youtube.com/watch?v=LczYKizOrFI,0,0,0,,16,7,16,https://www.youtube.com/watch?v=LczYKizOrFI,603,222,173,468,https://www.twitch.tv/videos/2881569450
d9f302ca07b54664a88124d64442abac,47,8364,0,0,0,https://www.youtube.com/watch?v=SEWWMKt8nwk,0,0,0,,0,0,0,https://www.youtube.com/watch?v=SEWWMKt8nwk,135,0,0,0,
3098e045fa844093a3731b19665e9462,47,431,0,0,0,,0,0,0,,0,0,0,,756,0,0,0,
80692e12416048be8396526bdb9c3040,47,1750,0,0,0,,0,0,0,,0,0,0,,513,0,0,0,
c8be9c7ed05442dcb2b278dc5a6bc1de,45,10940,0,0,0,,0,0,0,,0,0,0,,276,97,67,240,https://www.twitch.tv/videos/2884446995
df02d1a89bc74c928c825773996bbb7b,45,2036,0,0,0,,0,0,0,,0,0,0,,1571,110,78,163,https://www.twitch.tv/videos/2888884824
8181221f5ad04ed2adf0a7c0e205e9be,42,2892,0,0,0,,0,0,0,,0,0,0,,272,0,0,0,
0cb217f7775543eb9c5aac3b9df75a86,39,18501,0,0,0,,0,0,0,,0,0,0,,870,199,139,319,https://www.twitch.tv/videos/2890601447
c68bc0ba32f14d9b8669b0594435b68b,38,328,0,0,0,,0,0,0,,0,0,0,,213,0,0,0,
2e2a6c392c024bb2a68b681bc210c187,38,6630,1,0,107,https://www.youtube.com/watch?v=KB-8Sg2IdwA,0,0,0,,1,0,107,https://www.youtube.com/watch?v=KB-8Sg2IdwA,314,43,31,67,https://www.twitch.tv/videos/2882714353
e04b970f339243258cb0dc0c5735274a,38,1047,0,0,0,,0,0,0,,0,0,0,,0,0,0,0,
1ee3effc49074de1ba98b10a13df2d10,37,826,0,0,0,,0,0,0,,0,0,0,,269,0,0,0,
adbcdff5b9e7441dae817c01c283ec00,37,7885,0,0,373,https://www.youtube.com/watch?v=tcEzvWdMk8g,0,0,0,,0,0,373,https://www.youtube.com/watch?v=tcEzvWdMk8g,368,53,22,365,https://www.twitch.tv/videos/2890359685
9ff652451cbd4ad098bf20dd9748ce12,37,6,0,0,0,,0,0,0,,0,0,0,,2144,139,117,249,https://www.twitch.tv/videos/2882648807
7360e8cae69b4d4fbe91510c776b1c5e,37,3385,0,0,10,https://www.youtube.com/watch?v=8lHLiB3QwUs,0,0,0,,0,0,10,https://www.youtube.com/watch?v=8lHLiB3QwUs,243,48,31,81,https://www.twitch.tv/videos/2886311974
6d6b6d6e7b4b464bb093c9d34cee9754,37,721,0,0,0,,0,0,0,,0,0,0,,390,0,0,0,
6bcb75418dd24274b2fe4b8e60a94999,36,4432,0,0,0,,0,0,0,,0,0,0,,379,0,0,0,
73273454c7b4453a834a74701826e0b8,36,594,0,0,0,,0,0,0,,0,0,0,,1013,114,76,251,https://www.twitch.tv/videos/2887075620
b46cdde6e23343d5b5a9cfd115286e26,35,849,0,0,0,,0,0,0,,0,0,0,,217,53,51,80,https://www.twitch.tv/videos/2887953102
b9d51a073b4542ac800bd7c9e38d0902,35,1261,0,0,0,,0,0,0,,0,0,0,,227,0,0,0,
1e90b55b0e0b483d971e0c1fe02c750c,35,126,0,0,0,,0,0,0,,0,0,0,,0,0,0,0,
0b53549edaf5490ca350ef17aee7b8b9,34,200,0,0,0,,0,0,0,,0,0,0,,534,29,17,34,https://www.twitch.tv/videos/2888023396
9f976a39c1fa4e6dae3ed11b771ef918,33,5291,0,0,0,,0,0,0,,0,0,0,,60,0,0,0,
e3ee9544e190459d9bc2bdf3c1ccde7b,32,4360,6,2,19,https://www.youtube.com/watch?v=RchWyul1WJw,0,0,0,,6,2,19,https://www.youtube.com/watch?v=RchWyul1WJw,836,92,69,149,https://www.twitch.tv/videos/2880988606
b8495fc4bb174140acf0ebd7d64fe044,31,2791,0,0,0,,0,0,0,,0,0,0,,2858,0,0,0,
bbf59615227a44069ef42e5d76cf98bb,30,463,0,0,0,,0,0,0,,0,0,0,,340,69,30,150,https://www.twitch.tv/videos/2872939450
bf2a683536dd447c83b75340e3db3b0a,29,1877,0,0,0,,0,0,0,,0,0,0,,166,180,134,307,https://www.twitch.tv/videos/2886317655
5454ccf6c8ee496296e7084081863575,29,1139,418,93,418,https://www.youtube.com/watch?v=WttvdT8uOeo,418,93,418,https://www.youtube.com/watch?v=WttvdT8uOeo,0,0,0,,39,19,17,19,https://www.twitch.tv/videos/2890627653
09b185b91ede45769f179d43b227da47,28,555,0,0,0,,0,0,0,,0,0,0,,297,84,22,244,https://www.twitch.tv/videos/2886178380
6c52137d373a45d58eafc0d52253dcf8,28,0,0,0,0,,0,0,0,,0,0,0,,1335,441,228,706,https://www.twitch.tv/videos/2875517276
50c9dbd2624f41408f2b6a9ccf61e447,26,534,0,0,0,,0,0,0,,0,0,0,,307,65,44,81,https://www.twitch.tv/videos/2886291149
0b165d46f9164557b16678383820ee04,26,0,0,0,0,,0,0,0,,0,0,0,,726,0,0,0,
fd183b51115b4fefaf8ff3388d40acb3,25,57,0,0,0,,0,0,0,,0,0,0,,704,0,0,0,
59216a033f2b47128d190a5ed1add217,25,14,0,0,0,,0,0,0,,0,0,0,,257,0,0,0,
d4cd6eee95774ca389aebf3e783a8cd8,24,284,0,0,0,,0,0,0,,0,0,0,,489,48,33,60,https://www.twitch.tv/videos/2891536456
0c016d6bcf2643d3864fa81866c6a798,23,251,0,0,0,,0,0,0,,0,0,0,,396,168,140,370,https://www.twitch.tv/videos/2889590079
173423093026403dbd1443e56c47b3db,23,972,0,0,0,,0,0,0,,0,0,0,,371,12,11,17,https://www.twitch.tv/videos/2890745814
5a59b23a201f4b2d8729b0f4b33c9e6b,21,2000,0,0,0,,0,0,0,,0,0,0,,126,26,17,26,https://www.twitch.tv/videos/2883530219
d71e503b11d04c8a9a7ae74f5e0d9fc4,21,3295,6,2,1126,https://www.youtube.com/watch?v=maudincKDkM,4,1,12,https://www.youtube.com/watch?v=WsDevJGylmQ,10,3,1126,https://www.youtube.com/watch?v=maudincKDkM,69,47,31,163,https://www.twitch.tv/videos/2885287990
9a1abae3664f4f249051a36bb7ee4a13,21,0,0,0,0,,0,0,0,,0,0,0,,823,525,308,527,https://www.twitch.tv/videos/2879986938
02711a3510574bf3bf75c44de49b54c4,20,154,77,47,86,https://www.youtube.com/watch?v=ZpcHe8ol7Cc,0,0,0,,77,47,86,https://www.youtube.com/watch?v=ZpcHe8ol7Cc,241,79,43,79,https://www.twitch.tv/videos/2880151454
0886366d9cb8424e90fd8b3e12dcc0af,18,1605,26,19,104,https://www.youtube.com/watch?v=3bl6DV0PEMc,0,0,0,,26,19,104,https://www.youtube.com/watch?v=3bl6DV0PEMc,1493,111,75,518,https://www.twitch.tv/videos/2880147276
a6815e229f914db2a936ad70c285cea2,18,1378,0,0,0,,0,0,0,,0,0,0,,457,0,0,0,
0a07165e6a2f45ab9b6c96debba1f079,16,0,0,0,0,,0,0,0,,0,0,0,,574,234,157,311,https://www.twitch.tv/videos/2883598813
ead3db33c54e411baa75a4bad3b48aee,16,85,0,0,0,,0,0,0,,0,0,0,,1642,85,67,110,https://www.twitch.tv/videos/2881823094
4d1ee216944d484094d6a1d8c30cdd86,14,30,0,0,0,,0,0,0,,0,0,0,,575,179,54,371,https://www.twitch.tv/videos/2891638082
e3b45528947e48a4b68964369bb69e00,12,1597,0,0,0,,0,0,0,,0,0,0,,312,130,103,198,https://www.twitch.tv/videos/2885271992
156fb169c746493bb50c813f20c4d1a8,12,130,0,0,0,,0,0,0,,0,0,0,,62,0,0,0,
f058268c96ac4a8eb86cacb70bb9d0fb,9,21467,0,0,0,,0,0,0,,0,0,0,,86,0,0,0,
e2c0d3ba19244f75888e5dbe1881d22f,5,96,0,0,0,,0,0,0,,0,0,0,,1384,328,247,410,https://www.twitch.tv/videos/2887893073
19fdf3885dcf4d45bdf768a6f3fd99b4,4,91,0,0,0,,0,0,0,,0,0,0,,583,0,0,0,
56dc4f6ade114f04b6ed4022cfdddf55,0,0,0,0,0,,0,0,0,,0,0,0,,193,111,79,124,https://www.twitch.tv/videos/2886859463
88526add0348499c95bd5838a5f35989,0,0,0,0,0,,0,0,0,,0,0,0,,2048,226,197,492,https://www.twitch.tv/videos/2891696153
83f96fd6cab64f4da581c50cd2a31b82,0,0,0,0,0,,0,0,0,,0,0,0,,3957,0,0,0,
cfc7bcf869514c70a5091672d3acb031,0,0,0,0,0,,0,0,0,,0,0,0,,414,7,6,7,https://www.twitch.tv/videos/2891708288
4f1ccc5966a847308552b2c7b05e18dc,0,0,0,0,0,,0,0,0,,0,0,0,,28,48,43,48,https://www.twitch.tv/videos/2889572021
cad8c81461ac41c887bdf3617ccdaee6,0,0,0,0,0,,0,0,0,,0,0,0,,1157,71,49,649,https://www.twitch.tv/videos/2890820770
326e21d5b6e7446698969bbd8be1b564,0,0,0,0,0,,0,0,0,,0,0,0,,2391,0,0,0,
59152798bfa74acb8bad10346fd10d69,0,0,0,0,0,,0,0,0,,0,0,0,,1690,316,50,361,https://www.twitch.tv/videos/2871228764
4fadb90960a844daab26191bb158d3a3,0,0,0,0,0,,0,0,0,,0,0,0,,3272,0,0,0,
dbabd28a98cf447189088251a5b973d4,0,0,0,0,0,,0,0,0,,0,0,0,,251,0,0,0,
6c7336d4605540c6871de5f96874129c,0,0,0,0,0,,0,0,0,,0,0,0,,24477,6717,2550,35075,https://www.twitch.tv/videos/2871625852
76489786a22c4162970f9c288157db6b,0,0,0,0,0,,0,0,0,,0,0,0,,1863,111,86,127,https://www.twitch.tv/videos/2886870675
4fcbdf1b0a384ee58733b1e852edefa5,0,0,0,0,0,,0,0,0,,0,0,0,,1141,127,91,372,https://www.twitch.tv/videos/2886365540
644e669aa31443fe9a61a14e75ebd21e,0,0,0,0,0,,0,0,0,,0,0,0,,7342,342,138,414,https://www.twitch.tv/videos/2874566147
be1a18aa8599409ba250e5345e62fed6,0,0,0,0,0,,0,0,0,,0,0,0,,2176,120,21,280,https://www.twitch.tv/videos/2880121352
fdb4872691864af8825511a6d0c72895,0,0,0,0,0,,0,0,0,,0,0,0,,641,130,89,307,https://www.twitch.tv/videos/2884935176
5b62816b7dee4c13856f3c21629be3c4,0,0,0,0,0,,0,0,0,,0,0,0,,24923,1983,872,5644,https://www.twitch.tv/videos/2891507426
ad2aef5af5074f14af7f6ddf7899743a,0,0,0,0,0,,0,0,0,,0,0,0,,1996,0,0,0,
936b23e5e87144108c5d3f09f194c8b8,0,0,0,0,0,,0,0,0,,0,0,0,,6736,0,0,0,
c2777df3c8d341f4a1f0bb9cda8d9365,0,0,0,0,0,,0,0,0,,0,0,0,,1664,0,0,0,
057faa70622247bd933959412bbeb667,0,0,0,0,0,,0,0,0,,0,0,0,,1074,0,0,0,
3840a44ffffd48098bdfc16c4ee537bb,0,0,0,0,0,,0,0,0,,0,0,0,,2851,0,0,0,
2996488b9f454fb3a42c17ab292ac63c,0,0,0,0,0,,0,0,0,,0,0,0,,761,233,174,333,https://www.twitch.tv/videos/2890876854
1a95bb88e451498ca3491b69af964588,0,0,0,0,0,,0,0,0,,0,0,0,,37867,3076,1878,6064,https://www.twitch.tv/videos/2877316586
e34f7c6a99ea4780b2351de111e222e6,0,0,0,0,0,,0,0,0,,0,0,0,,285,42,33,82,https://www.twitch.tv/videos/2886396104
06337167c1a14d82b6a7f7cc71eac813,0,0,0,0,0,,0,0,0,,0,0,0,,843,0,0,0,
8024d67e25454783a698e5ecf2c4dc67,0,0,0,0,0,,0,0,0,,0,0,0,,643,204,112,214,https://www.twitch.tv/videos/2884577245
e698befe9649448885d93094cd4dc6a9,0,0,0,0,0,,0,0,0,,0,0,0,,4539,460,381,5120,https://www.twitch.tv/videos/2869446978
305290c734e94a74881ae46c49ea18c4,0,0,0,0,0,,0,0,0,,0,0,0,,7257,1309,576,1581,https://www.twitch.tv/videos/2884601121
d91ffcc2823f4121a2caa347a8c2a507,0,0,0,0,0,,0,0,0,,0,0,0,,860,58,39,58,https://www.twitch.tv/videos/2883586465
9c85aee2166449c395c18b0bc06f89e2,0,0,0,0,0,,0,0,0,,0,0,0,,348,0,0,0,
3cfc2b54a543469b92a95ff1e3f1da54,0,0,0,0,0,,0,0,0,,0,0,0,,1602,0,0,0,
afa3e309e41044c5bffe17466607d481,0,0,0,0,0,,0,0,0,,0,0,0,,35756,11963,3984,30966,https://www.twitch.tv/videos/2884470286
55e9448a0a9040f99dc8ea1cf86cbad5,0,0,0,0,0,,0,0,0,,0,0,0,,1333,21,13,32,https://www.twitch.tv/videos/2880038028
a17fcdf32a124beba3fba16299aed2b3,0,0,0,0,0,,0,0,0,,0,0,0,,8600,591,268,655,https://www.twitch.tv/videos/2870315088
f5034a946bf249c780a864c19efda669,0,0,0,0,0,,0,0,0,,0,0,0,,423,11,8,15,https://www.twitch.tv/videos/2883640147
a5773880b0f040a9abbecacf3eb0eb29,0,0,0,0,0,,0,0,0,,0,0,0,,2484,102,71,223,https://www.twitch.tv/videos/2890589614
6a6547a3f19d4870a6f11b88c60a5296,0,0,0,0,0,,0,0,0,,0,0,0,,3570,326,238,377,https://www.twitch.tv/videos/2887931742
921d25072caf403ea797c3d5f61f84cf,0,0,0,0,0,,0,0,0,,0,0,0,,1837,0,0,0,
3de6bc82438b451abf5ebe76a366be24,0,0,0,0,0,,0,0,0,,0,0,0,,3640,0,0,0,
1addf96267ac494bb73c9e6f6e1793b8,0,0,0,0,0,,0,0,0,,0,0,0,,2821,0,0,0,
e4421bd8d15848c09fa4ad4df162c858,0,0,0,0,0,,0,0,0,,0,0,0,,387,0,0,0,
ba562aad440d483e988d3ce7e7217c94,0,0,0,0,0,,0,0,0,,0,0,0,,37928,5298,2661,26877,https://www.twitch.tv/videos/2883556668
ed051ffc6cd643c287a678fea774e644,0,0,0,0,0,,0,0,0,,0,0,0,,2688,0,0,0,
e18c43e19e9b4fc8af0cdc24c33ae476,0,0,0,0,0,,0,0,0,,0,0,0,,2466,0,0,0,
8ee91529ce264452890b80ffb514248a,0,0,0,0,0,,0,0,0,,0,0,0,,1098,1291,860,2014,https://www.twitch.tv/videos/2890462530
8cbfffe3cac54065be4149b03b680d87,0,0,0,0,0,,0,0,0,,0,0,0,,575,0,0,0,
36beb36f581f44d393dcf0af2b194789,0,0,0,0,0,,0,0,0,,0,0,0,,6387,386,149,501,https://www.twitch.tv/videos/2866837633
c8c9028316b44ae9a1ac302337862085,0,0,0,0,0,,0,0,0,,0,0,0,,615,79,66,213,https://www.twitch.tv/videos/2886190433
fe62d50e41af4aa29c3e2b0cfc62fb3d,0,0,0,0,0,,0,0,0,,0,0,0,,1026,79,61,272,https://www.twitch.tv/videos/2888788909
8c2f8700978045ec86bf1ade1b3e650b,0,0,0,0,0,,0,0,0,,0,0,0,,891,204,164,437,https://www.twitch.tv/videos/2883371442
e53606f1bf0c4059b1226b6c2e037fd0,0,0,0,0,0,,0,0,0,,0,0,0,,916,123,108,1406,https://www.twitch.tv/videos/2890217684
e32a4d49fba7459fbdf9e242288fa18c,0,0,0,0,0,,0,0,0,,0,0,0,,5000,174,55,239,https://www.twitch.tv/videos/2884499472
7dd086a606284ba6b7b584f8b00dc190,0,0,0,0,0,,0,0,0,,0,0,0,,427,18,15,66,https://www.twitch.tv/videos/2888867180
828ab4c66f5f43f298d237374a266b7e,0,0,0,0,0,,0,0,0,,0,0,0,,3054,442,137,744,https://www.twitch.tv/videos/2866543853
89e97a0dc5844cf88fe30a25f347aac0,0,0,0,0,0,,0,0,0,,0,0,0,,485,85,80,85,https://www.twitch.tv/videos/2890761782
31f4c00be9eb41a1a6be0356614048fd,0,0,0,0,0,,0,0,0,,0,0,0,,3602,113,30,214,https://www.twitch.tv/videos/2866773216
9ca05592c52f42649191751f18cb70e6,0,0,0,0,0,,0,0,0,,0,0,0,,2699,146,98,359,https://www.twitch.tv/videos/2885400599
a0ba9fee8a7747cab74e98ed61fb4a68,0,0,0,0,0,,0,0,0,,0,0,0,,1227,87,47,110,https://www.twitch.tv/videos/2880171673
091175f48e6c4ead84a2811cb3f22560,0,0,0,0,0,,0,0,0,,0,0,0,,105,0,0,0,
288d3972d3164ee595228b8a5959ac00,0,0,0,0,0,,0,0,0,,0,0,0,,2987,0,0,0,
f8ade397837d42f7a9167e0d4f20fc56,0,0,0,0,0,,0,0,0,,0,0,0,,2648,0,0,0,
7cd55e03d87c4c77843a437ec0703670,0,0,0,0,0,,0,0,0,,0,0,0,,3017,0,0,0,
f0bc26cfe4a8451d863a8d8cbd6313ed,0,0,0,0,0,,0,0,0,,0,0,0,,6,0,0,0,
e94cfb3c71d94965bfc98f135bfd2f14,0,0,0,0,0,,0,0,0,,0,0,0,,994,263,107,578,https://www.twitch.tv/videos/2884524495
480aca28939a4eb5bf558a710e21709c,0,0,0,0,0,,0,0,0,,0,0,0,,2977,158,123,806,https://www.twitch.tv/videos/2881895519
6908430ccb204a1b9d95ee7a1711cae3,0,0,0,0,0,,0,0,0,,0,0,0,,2556,0,0,0,
60cc7f18c0fe438280af5a81b31eb923,0,0,0,0,0,,0,0,0,,0,0,0,,4103,329,210,786,https://www.twitch.tv/videos/2878058472
ed1b68a3184d466bb17b3c3363fad948,0,0,0,0,0,,0,0,0,,0,0,0,,820,35,24,46,https://www.twitch.tv/videos/2885291193
22eea06367f4430d816e38dfb68a26cf,0,0,0,0,0,,0,0,0,,0,0,0,,984,0,0,0,
cda9668f324445a7bd507094ad6946b8,0,0,0,0,0,,0,0,0,,0,0,0,,420,0,0,0,
389c752acb964aeda95f36098fd37ef0,0,0,0,0,0,,0,0,0,,0,0,0,,1690,142,100,160,https://www.twitch.tv/videos/2882637764
99c240d0c1a047b4a4e017d764a54c62,0,0,0,0,0,,0,0,0,,0,0,0,,454,0,0,0,
4c42b9f574e7438d8aea8b099e451505,0,0,0,0,0,,0,0,0,,0,0,0,,1164,61,48,86,https://www.twitch.tv/videos/2884548692
a5b71bba2a2347a080ae3443d5ef47d5,0,0,0,0,0,,0,0,0,,0,0,0,,835,0,0,0,
91919c2ad07a4db88e0b4cfbc1739940,0,0,0,0,0,,0,0,0,,0,0,0,,2927,0,0,0,
2af6cb0e15ce4839ba711b47608d4f4d,0,0,0,0,0,,0,0,0,,0,0,0,,4009,602,571,602,https://www.twitch.tv/videos/2890760717
31a4ca5b5d554c13902eff32302e5eb9,0,0,0,0,0,,0,0,0,,0,0,0,,2410,417,196,712,https://www.twitch.tv/videos/2884220805
0572bddb85b24166820f34f39164f99c,0,0,0,0,0,,0,0,0,,0,0,0,,856,117,69,244,https://www.twitch.tv/videos/2889794942
6a963053004f4deaa0dbdf875db41879,0,0,0,0,0,,0,0,0,,0,0,0,,662,0,0,0,
107fac8e77f74af8ba95491ae9492642,0,0,0,0,0,,0,0,0,,0,0,0,,470,0,0,0,
9e64bba43928414884503de36f805c48,0,0,0,0,0,,0,0,0,,0,0,0,,50961,28394,12728,97474,https://www.twitch.tv/videos/2887058721
d25a9902f0f347be84febc0a8a932a56,0,0,0,0,0,,0,0,0,,0,0,0,,1421,160,117,160,https://www.twitch.tv/videos/2885194025
c8728d2ddd4f4a929764b11247c88c22,0,0,0,0,0,,0,0,0,,0,0,0,,622,0,0,0,
e353f482c5be4887838ea9fdf802ad91,0,0,0,0,0,,0,0,0,,0,0,0,,3827,497,324,835,https://www.twitch.tv/videos/2880115857
aa72818fdcaf460b9b3f90e92d702e57,0,0,0,0,0,,0,0,0,,0,0,0,,8765,1711,746,7174,https://www.twitch.tv/videos/2891524564
66c8fc624de94d8e8af4325e41ce7c34,0,0,0,0,0,,0,0,0,,0,0,0,,1763,652,287,1337,https://www.twitch.tv/videos/2890784494
4dd7cfc58ae54c1fa6211ba9b1c607ec,0,0,0,0,0,,0,0,0,,0,0,0,,2159,825,691,1138,https://www.twitch.tv/videos/2890547928
c099b7e8d46c418d8e17097d496f3b83,0,0,0,0,0,,0,0,0,,0,0,0,,3720,754,280,2070,https://www.twitch.tv/videos/2879220573
bf277797951346fe991c27c79a6c5081,0,0,0,0,0,,0,0,0,,0,0,0,,9751,775,343,1387,https://www.twitch.tv/videos/2887886696
f63e4427852143aea61621a639c0b391,0,0,0,0,0,,0,0,0,,0,0,0,,229,254,230,634,https://www.twitch.tv/videos/2890525934
3a2199639669433faff0591468bcfa10,0,0,0,0,0,,0,0,0,,0,0,0,,1141,0,0,0,
f84598913e654789a80556fd38388dfb,0,0,0,0,0,,0,0,0,,0,0,0,,1516,0,0,0,
c29bc8bf78dd417980491f19333c8fa2,0,0,0,0,0,,0,0,0,,0,0,0,,13426,0,0,0,
256252fdd3d1437995088c56e674fcf0,0,0,0,0,0,,0,0,0,,0,0,0,,1177,63,55,63,https://www.twitch.tv/videos/2888849163
d3f5c739727041bbb2151e96d9368bae,0,0,0,0,0,,0,0,0,,0,0,0,,673,313,230,407,https://www.twitch.tv/videos/2885498402
880137f60dc842b98862f5b86ba8d94d,0,0,0,0,0,,0,0,0,,0,0,0,,745,70,51,72,https://www.twitch.tv/videos/2880177170
6ec708afd89043b682eb82dacc36c3c9,0,0,0,0,0,,0,0,0,,0,0,0,,1146,2265,258,2265,https://www.twitch.tv/videos/2868641824
d804bcd787db4333bca9dccd268ed32a,0,0,0,0,0,,0,0,0,,0,0,0,,3953,1540,957,4856,https://www.twitch.tv/videos/2884320882
ec045a49833c4c2fa7b7012ca7544e18,0,0,0,0,0,,0,0,0,,0,0,0,,1713,78,60,78,https://www.twitch.tv/videos/2886168845
242326a56b0d4ca7a37c08a8fc2be138,0,0,0,0,0,,0,0,0,,0,0,0,,802,0,0,0,
228427b15b964f1396b5a7b5eb224a21,0,0,0,0,0,,0,0,0,,0,0,0,,54,0,0,0,
eeefa43ecaf74f7b822dde3f0e7683d4,0,0,0,0,0,,0,0,0,,0,0,0,,2066,133,70,156,https://www.twitch.tv/videos/2869479040
16896dffcb474d7aa21540c944a2f7de,0,0,0,0,0,,0,0,0,,0,0,0,,3363,1469,766,1886,https://www.twitch.tv/videos/2882706914
e210fb08b0744535a907823fa9f062cc,0,0,0,0,0,,0,0,0,,0,0,0,,1531,227,119,762,https://www.twitch.tv/videos/2871690372
4cb08241fbce4905a83ed02de6a1af9c,0,0,0,0,0,,0,0,0,,0,0,0,,9238,1866,896,3184,https://www.twitch.tv/videos/2884754650
daa0d327175a43dc9bb627bc6db7de56,0,0,0,0,0,,0,0,0,,0,0,0,,1336,0,0,0,
a3a1caa89669445db63f22b9a3af88b0,0,0,0,0,0,,0,0,0,,0,0,0,,1194,0,0,0,
02fa128da7cc4f3aab0f1c5ee356f342,0,0,0,0,0,,0,0,0,,0,0,0,,578,94,80,113,https://www.twitch.tv/videos/2887125533
b1f8da62ceca4089a4e7115624be25bc,0,0,0,0,0,,0,0,0,,0,0,0,,3381,1825,516,2673,https://www.twitch.tv/videos/2889364389
0495c29470d143fa99819123878186b7,0,0,0,0,0,,0,0,0,,0,0,0,,5523,0,0,0,
32aabdc7b41144a8b1bd28954cd3278c,0,0,0,0,0,,0,0,0,,0,0,0,,1516,0,0,0,
59904dcbea754d238b0710e75262d119,0,0,0,0,0,,0,0,0,,0,0,0,,617,0,0,0,
fa59e2edc64c432ebaeeb66b2a53ab2d,0,0,0,0,0,,0,0,0,,0,0,0,,5681,1185,554,2690,https://www.twitch.tv/videos/2886958045
b6519fbc0d6941d4b43ce1742a14b0b2,0,0,0,0,0,,0,0,0,,0,0,0,,707,0,0,0,
d30a2d88bd2146a8870209e98004e0f0,0,0,0,0,0,,0,0,0,,0,0,0,,2094,758,495,1223,https://www.twitch.tv/videos/2885300136
555fe6a78fdb4d8b9fa8a286377972e8,0,0,0,0,0,,0,0,0,,0,0,0,,1171,0,0,0,
b053612876e04de488a32893a19f4b08,0,0,0,0,0,,0,0,0,,0,0,0,,416,57,51,98,https://www.twitch.tv/videos/2885394456
