V5##VTuber ID,YouTube Subscriber Count,YouTube View Count,YouTube Recent Total Median View Count,YouTube Recent Total Popularity,YouTube Recent Total Highest View Count,YouTube Recent Total Highest Viewed URL,YouTube Recent Livestream Median View Count,YouTube Recent Livestream Popularity,YouTube Recent Livestream Highest View Count,YouTube Recent Livestream Highest Viewed URL,YouTube Recent Video Median View Count,YouTube Recent Video Popularity,YouTube Recent Video Highest View Count,YouTube Recent Video Highest Viewed URL,Twitch Follower Count,Twitch Recent Median View Count,Twitch Recent Popularity,Twitch Recent Highest View Count,Twitch Recent Highest Viewed URL
1c5619a4ece046dd8ba68ed343489ca3,548000,104253001,5070,2914,329883,https://www.youtube.com/watch?v=iD4a0Klta44,4327,1808,9588,https://www.youtube.com/watch?v=7GAyGtLGJ0M,81797,31143,329883,https://www.youtube.com/watch?v=iD4a0Klta44,32845,0,0,0,
f6a4e7aa8d0c4e5cb39d199845ec4d02,446000,66781501,11469,4638,156534,https://www.youtube.com/watch?v=nXC0qlf1jaM,5898,783,11395,https://www.youtube.com/watch?v=P8zbIOdpkDs,12317,5386,156534,https://www.youtube.com/watch?v=nXC0qlf1jaM,122425,11341,5126,25155,https://www.twitch.tv/videos/2807249987
5535c9524eb046c38e172ebfa06b302f,403000,135914849,10284,4074,76030,https://www.youtube.com/watch?v=tCg3JnNVmGU,10128,3722,76030,https://www.youtube.com/watch?v=tCg3JnNVmGU,10793,4107,30360,https://www.youtube.com/watch?v=VXRM2wAnZbw,74464,1414,770,4620,https://www.twitch.tv/videos/2818170344
664e1b310cf343b78623f99b31e40fae,394000,57520156,0,0,0,,0,0,0,,0,0,0,,17009,0,0,0,
d837e8fda137492c9d77882b98ff863a,361000,192428432,59756,26210,2606518,https://www.youtube.com/watch?v=LoYiD8DOmVU,27375,12603,57373,https://www.youtube.com/watch?v=Kp5hNVbQYoE,281675,117715,2606518,https://www.youtube.com/watch?v=LoYiD8DOmVU,59161,16140,5031,29849,https://www.twitch.tv/videos/2808049206
182da09d8d454f37a52ec546cbb35e39,329000,82486971,28576,12439,214929,https://www.youtube.com/watch?v=whnWUHkyXQg,8914,4976,31773,https://www.youtube.com/watch?v=hE7rkjlG5Ow,45029,18685,214929,https://www.youtube.com/watch?v=whnWUHkyXQg,5751,0,0,0,
897400f2658a483286ca6acc927006ca,238000,39552075,3547,2467,90913,https://www.youtube.com/watch?v=F0zsg3UeycM,2373,1175,4532,https://www.youtube.com/watch?v=7H2eXAXbU2s,14067,7709,90913,https://www.youtube.com/watch?v=F0zsg3UeycM,10656,0,0,0,
c04f006e69e04000a68cd0c41f888eb2,236000,20028577,16486,9523,702116,https://www.youtube.com/watch?v=v3aDY9-CfxA,12100,7329,96922,https://www.youtube.com/watch?v=t_6Rz7B5Tig,46486,35594,702116,https://www.youtube.com/watch?v=v3aDY9-CfxA,0,0,0,0,
abd64c9a64e04fb1b23faa2480c1c106,229000,79389372,4520,1978,17638,https://www.youtube.com/watch?v=LUiFdAW8oKA,2696,1113,2928,https://www.youtube.com/watch?v=mruXsXf104U,4803,1978,17638,https://www.youtube.com/watch?v=LUiFdAW8oKA,2347,93,65,93,https://www.twitch.tv/videos/2822164226
4b6b055ada4d4f0ab63b7ad02a3fa3ef,225000,19060258,906,539,3217,https://www.youtube.com/watch?v=1hDPbWcdpjU,844,399,1066,https://www.youtube.com/watch?v=A2PpR1eX76E,2777,1213,3217,https://www.youtube.com/watch?v=1hDPbWcdpjU,55894,1216,406,1554,https://www.twitch.tv/videos/2825132818
a9f6574e98f34b20a05269134930fb50,221000,10269837,10484,10194,10484,https://www.youtube.com/watch?v=eqUVNluhdms,10484,10194,10484,https://www.youtube.com/watch?v=eqUVNluhdms,0,0,0,,0,0,0,0,
7c06b9e316ce4ac18ce836cd72442bbe,207000,66353397,8543,7728,24296,https://www.youtube.com/watch?v=kkyuPA04Buk,8543,7728,24296,https://www.youtube.com/watch?v=kkyuPA04Buk,8480,7214,13773,https://www.youtube.com/watch?v=HlhybqXKIzE,56352,0,0,0,
312fdd3c5e6d4aefa73fd3860ecc5613,192000,36449119,9889,4190,24603,https://www.youtube.com/watch?v=_ua0R9CF4n0,12421,5599,17541,https://www.youtube.com/watch?v=wfLxrKCJrac,8457,3229,24603,https://www.youtube.com/watch?v=_ua0R9CF4n0,26468,11972,4654,137813,https://www.twitch.tv/videos/2806547043
265a18972d244affae35711cfd1f9931,184000,22704502,10693,2543,32541,https://www.youtube.com/watch?v=29aCJCYp_lE,8143,1395,29464,https://www.youtube.com/watch?v=oNMy_yQrNU0,14923,6346,32541,https://www.youtube.com/watch?v=29aCJCYp_lE,19161,2359,1028,8955,https://www.twitch.tv/videos/2827775460
c65e7caaf81a43249d5132b9fe312b24,183000,17025847,8458,5727,15048,https://www.youtube.com/watch?v=mBWeteLhN94,8492,5609,15048,https://www.youtube.com/watch?v=mBWeteLhN94,7086,6971,7086,https://www.youtube.com/watch?v=yg5KS3lEl54,0,0,0,0,
e93bd1102e214cbaa71cc5b2e4a53595,182000,38521513,14291,6783,44127,https://www.youtube.com/watch?v=_98VwsStppY,10843,5219,17664,https://www.youtube.com/watch?v=q3B24mwXF2k,37022,17525,44127,https://www.youtube.com/watch?v=_98VwsStppY,90317,16094,7224,35363,https://www.twitch.tv/videos/2807207401
3f4650e05ceb41008bd16869780b7af1,165000,83753584,10407,3248,148283,https://www.youtube.com/watch?v=veoc9grIKRc,7410,2286,22940,https://www.youtube.com/watch?v=5TnhXF1fAqU,67187,36368,148283,https://www.youtube.com/watch?v=veoc9grIKRc,0,0,0,0,
f110fd69b66941bab04de9ada563c6ac,157000,18825986,1945,895,4966,https://www.youtube.com/watch?v=B1saoINXsb0,1945,841,4966,https://www.youtube.com/watch?v=B1saoINXsb0,1664,895,2881,https://www.youtube.com/watch?v=8sLxK17-C_8,16499,3884,1580,11441,https://www.twitch.tv/videos/2817861311
f1b5f88144e14bd188e17b2f98303713,155000,21212439,37585,25556,2307675,https://www.youtube.com/watch?v=P4FsFxSd-sI,10303,5570,41600,https://www.youtube.com/watch?v=F_SR6HwKmBA,488899,187388,2307675,https://www.youtube.com/watch?v=P4FsFxSd-sI,0,0,0,0,
6dc75ab227e34c928598bde8f2d324bf,147000,47311254,13244,7795,186130,https://www.youtube.com/watch?v=3HG4J3h4s4o,9483,4786,26316,https://www.youtube.com/watch?v=nAduc2wPS4w,69424,26112,186130,https://www.youtube.com/watch?v=3HG4J3h4s4o,0,0,0,0,
bafb134fd2f849898d6242d1f5f683cc,146000,26492120,2418,1351,33089,https://www.youtube.com/watch?v=Zr9-UHiCxFo,2296,1265,6417,https://www.youtube.com/watch?v=z-s-Fdv2mMM,19666,13071,33089,https://www.youtube.com/watch?v=Zr9-UHiCxFo,45504,9667,2231,14640,https://www.twitch.tv/videos/2807332132
fa5a7cdc259543259af42bb23f1e4041,143000,40086544,14448,6387,822104,https://www.youtube.com/watch?v=zOKNYAIDQQ4,5567,3299,52959,https://www.youtube.com/watch?v=1TiYiXsmC3s,56107,21808,822104,https://www.youtube.com/watch?v=zOKNYAIDQQ4,0,0,0,0,
0641a9c8b9a94994aaa33e0c86fef75b,140000,39504174,10248,2052,74082,https://www.youtube.com/watch?v=-iPJJjRanws,2372,1528,10137,https://www.youtube.com/watch?v=oznoM_MiV8Q,26126,5484,74082,https://www.youtube.com/watch?v=-iPJJjRanws,8627,0,0,0,
b41844198887422fb52cb928a272cbc8,134000,50589208,19496,11489,28112,https://www.youtube.com/watch?v=Ab5Kwiz0VB0,1258,907,1258,https://www.youtube.com/watch?v=yj5vwD7z-Mw,24557,12415,28112,https://www.youtube.com/watch?v=Ab5Kwiz0VB0,0,0,0,0,
a3ce195c0069494c99849d0b1a10a7fd,133000,17353878,4820,2657,11306,https://www.youtube.com/watch?v=UZ3npUW-HSM,0,0,0,,4820,2657,11306,https://www.youtube.com/watch?v=UZ3npUW-HSM,27251,0,0,0,
58abad4aa8de49efb785367503dfd92c,132000,18423919,0,0,0,,0,0,0,,0,0,0,,0,0,0,0,
494d2c5daf9f4a8a8e4538687e6be14c,127000,6542161,2836,2676,20873,https://www.youtube.com/watch?v=3oYlph3r8jU,1906,511,4344,https://www.youtube.com/watch?v=aw2EoHPDLXY,5038,4496,20873,https://www.youtube.com/watch?v=3oYlph3r8jU,0,0,0,0,
e78cffa246c24a1c88031151cad8c385,123000,11609352,2720,1279,81868,https://www.youtube.com/watch?v=skHAAfTeClI,1803,781,2743,https://www.youtube.com/watch?v=CzSLr2F7EOo,18047,4998,81868,https://www.youtube.com/watch?v=skHAAfTeClI,6512,2172,909,13138,https://www.twitch.tv/videos/2824857373
ab4f892ca62e4043b6287bdfe50b145d,117000,21319233,1344,699,16587,https://www.youtube.com/watch?v=XQuP-gcRyKQ,802,660,3844,https://www.youtube.com/watch?v=OFzzclGhbLc,2910,1601,16587,https://www.youtube.com/watch?v=XQuP-gcRyKQ,1481,0,0,0,
a9b855767b2d432c9f263e3427ff33a6,115000,17533590,3571,2627,31426,https://www.youtube.com/watch?v=f9UnJjjD31w,2696,1058,9480,https://www.youtube.com/watch?v=Wczrs21IQGQ,11820,6936,31426,https://www.youtube.com/watch?v=f9UnJjjD31w,0,0,0,0,
b4a1791208fd4d85b7b08ee2bad0c236,112000,19678813,13208,3913,70100,https://www.youtube.com/watch?v=Zz1LYxLnk4s,4081,1916,26599,https://www.youtube.com/watch?v=lt5CgdUdPLM,15912,7944,70100,https://www.youtube.com/watch?v=Zz1LYxLnk4s,0,0,0,0,
c0c033c9c8014562b58a7124b6b22fb0,110000,1679824,454,230,31655,https://www.youtube.com/watch?v=e0NYFFrw50Q,432,235,3524,https://www.youtube.com/watch?v=-Z9coQ4RyEE,1045,168,31655,https://www.youtube.com/watch?v=e0NYFFrw50Q,0,0,0,0,
9cec24b011ee45648eb404066c997f49,109000,20542724,6571,3302,97723,https://www.youtube.com/watch?v=Zvya5GhdFKE,6470,3527,9460,https://www.youtube.com/watch?v=frCXGBeawsA,10125,3040,97723,https://www.youtube.com/watch?v=Zvya5GhdFKE,41014,7414,4333,14969,https://www.twitch.tv/videos/2812652826
04d2ff1dde6b4bb68503a734274f4b7e,107000,9026447,4577,1354,5266,https://www.youtube.com/watch?v=9PdysUx9Nfk,3167,1611,4577,https://www.youtube.com/watch?v=B5a8SWX4rmw,5266,540,5266,https://www.youtube.com/watch?v=9PdysUx9Nfk,0,0,0,0,
23ec5ecfb8c14ea893576783f1790643,105000,6339984,925,495,37476,https://www.youtube.com/watch?v=5BVNWNECEGM,882,452,1381,https://www.youtube.com/watch?v=7Fdq9i6xyyE,25156,18658,37476,https://www.youtube.com/watch?v=5BVNWNECEGM,2064,577,346,993,https://www.twitch.tv/videos/2822830819
8bf35c3b9a9e461d825a9170555b71c2,105000,24339419,11780,5367,35295,https://www.youtube.com/watch?v=V0fR_4XFfAU,10427,4308,20748,https://www.youtube.com/watch?v=Zdq6SVwMjcI,35295,34012,35295,https://www.youtube.com/watch?v=V0fR_4XFfAU,51953,21856,5564,45120,https://www.twitch.tv/videos/2811945543
15c9a54b946a40c38c07ea2f9efddfa5,104000,30408907,15185,7507,51009,https://www.youtube.com/watch?v=FMlk24y6Pio,14245,7484,25850,https://www.youtube.com/watch?v=Ek7qDwwXZ6A,26767,8800,51009,https://www.youtube.com/watch?v=FMlk24y6Pio,64757,19636,7489,34394,https://www.twitch.tv/videos/2824461380
b126053a1356460ebf85a874a6a55aca,104000,43707237,2557,1359,165908,https://www.youtube.com/watch?v=rNTZKsKY-wY,2494,1353,6453,https://www.youtube.com/watch?v=H-60OxqzbVQ,3416,1558,165908,https://www.youtube.com/watch?v=rNTZKsKY-wY,0,0,0,0,
98e3a5838fec4a6caa936ae35485de23,102000,8749897,2000,1227,7938,https://www.youtube.com/watch?v=0zNs1IOxqtg,1989,1033,3396,https://www.youtube.com/watch?v=81oCwClyoPM,5452,4860,7938,https://www.youtube.com/watch?v=0zNs1IOxqtg,0,0,0,0,
702c74978d8f4adab79f292cbecb49a4,102000,14286956,5017,2106,23873,https://www.youtube.com/watch?v=cdgMs8-c2dQ,1930,991,15780,https://www.youtube.com/watch?v=a8tHjuivat4,6137,3330,23873,https://www.youtube.com/watch?v=cdgMs8-c2dQ,13154,0,0,0,
5efb403f9a174bfd82d04d528a121042,98600,16000572,95811,58653,177200,https://www.youtube.com/watch?v=-Buft6JShL8,90502,48670,90502,https://www.youtube.com/watch?v=feZ2gizB5C8,98352,68635,177200,https://www.youtube.com/watch?v=-Buft6JShL8,15335,13189,7288,29413,https://www.twitch.tv/videos/2823869944
53707f0116dc4fca8614ac7139e40b83,92100,32973593,114,34,114,https://www.youtube.com/watch?v=W23H5Zyibd0,114,34,114,https://www.youtube.com/watch?v=W23H5Zyibd0,0,0,0,,5798,504,193,1093,https://www.twitch.tv/videos/2826142117
ea4c1a67c2e445ad8028768616ceb659,90900,13560875,2036,814,20254,https://www.youtube.com/watch?v=bskzFl3x29M,1417,814,5574,https://www.youtube.com/watch?v=MQArdi2PjTs,14081,2228,20254,https://www.youtube.com/watch?v=bskzFl3x29M,4090,905,593,905,https://www.twitch.tv/videos/2821128889
a6a4e83ae23140e6bd1f7c817af8f864,87500,5898234,15898,5070,61222,https://www.youtube.com/watch?v=4aMqRPq9OnE,7638,3102,11713,https://www.youtube.com/watch?v=FpgypsyfT2g,40653,13173,61222,https://www.youtube.com/watch?v=4aMqRPq9OnE,12386,2816,662,3141,https://www.twitch.tv/videos/2822142920
9d9c6477329245cbb2557895f4f15686,86900,9665138,10224,3720,34865,https://www.youtube.com/watch?v=yVr2YR8iwqU,0,0,0,,10224,3720,34865,https://www.youtube.com/watch?v=yVr2YR8iwqU,170519,17337,8407,61900,https://www.twitch.tv/videos/2816467618
4544974bc5624035ae7bb0c9ed33e44e,85600,9861169,2451,901,23550,https://www.youtube.com/watch?v=H4RVQAXqxtE,2297,901,2879,https://www.youtube.com/watch?v=37QY2xeYSDY,15664,4152,23550,https://www.youtube.com/watch?v=H4RVQAXqxtE,14193,5387,1932,137495,https://www.twitch.tv/videos/2821145801
7e81a72484054a5c89f3826ebc8946be,81900,6182751,1393,1061,7366,https://www.youtube.com/watch?v=KTx0DFyZoBE,1102,547,7366,https://www.youtube.com/watch?v=KTx0DFyZoBE,5141,2001,7042,https://www.youtube.com/watch?v=3w9lpnPvJl0,14553,5556,2553,27722,https://www.twitch.tv/videos/2809364601
6bd49f94afb144e995247388ca8c42a8,81200,16725963,11235,5557,50112,https://www.youtube.com/watch?v=T2-folHbpMk,10419,4722,12711,https://www.youtube.com/watch?v=g-zOAtA6Q8s,25577,7807,50112,https://www.youtube.com/watch?v=T2-folHbpMk,73288,38886,18012,89252,https://www.twitch.tv/videos/2808727995
1ccdbe5d48934f4cbabc86512dd1d357,78800,6442045,5894,4339,16164,https://www.youtube.com/watch?v=tr12cWr2JJg,5500,4339,14019,https://www.youtube.com/watch?v=b8kAN8pvR44,11913,9153,16164,https://www.youtube.com/watch?v=tr12cWr2JJg,0,0,0,0,
4b6655120fbd4431a8f7894cac4a4d49,78300,9019650,642,283,5786,https://www.youtube.com/watch?v=kHuAWGaAaig,619,396,5786,https://www.youtube.com/watch?v=kHuAWGaAaig,913,24,913,https://www.youtube.com/watch?v=NyRU3OKP9Ps,0,0,0,0,
0bf0ec441dc6489583f7218e02ab6a89,77900,5178276,515,265,2604,https://www.youtube.com/watch?v=Ib-2mCMmscU,515,265,2604,https://www.youtube.com/watch?v=Ib-2mCMmscU,0,0,0,,10890,483,318,1067,https://www.twitch.tv/videos/2823829139
fd6a0236861940389e15ef85b16c6069,77900,30661424,25958,16576,97901,https://www.youtube.com/watch?v=NFIi0sgVffY,0,0,0,,25958,16576,97901,https://www.youtube.com/watch?v=NFIi0sgVffY,177276,42273,21273,100691,https://www.twitch.tv/videos/2818960492
5bd39e2c6dcf4ff19436d8a5fa069464,76700,12270117,22825,8240,50623,https://www.youtube.com/watch?v=KpbPVXOZLhY,16925,5836,25645,https://www.youtube.com/watch?v=Z6CpihmPEKg,22825,11181,50623,https://www.youtube.com/watch?v=KpbPVXOZLhY,33097,20191,12461,52478,https://www.twitch.tv/videos/2812618642
17c335762a694402b8cb9a96b2865572,75900,8029507,4156,1794,12462,https://www.youtube.com/watch?v=7hyWmySTyvs,3893,1391,8700,https://www.youtube.com/watch?v=v-1xV2qWh8A,4213,2091,12462,https://www.youtube.com/watch?v=7hyWmySTyvs,0,0,0,0,
911d3403c8e84dc3b0c4a2f6017698b6,72200,2167571,2250,1061,47882,https://www.youtube.com/watch?v=kKraYxDnEzo,2195,1208,47882,https://www.youtube.com/watch?v=kKraYxDnEzo,2322,438,4062,https://www.youtube.com/watch?v=Ykz5mu-Zaak,3867,892,614,920,https://www.twitch.tv/videos/2821326768
cd42e06c40534d9eac7e30a434e47d43,71900,5932481,834,438,3676,https://www.youtube.com/watch?v=fJSxp0clDy4,832,428,2064,https://www.youtube.com/watch?v=YSD65C-skKY,3676,1821,3676,https://www.youtube.com/watch?v=fJSxp0clDy4,3330,0,0,0,
8d113670c4514e5bb28823a756385528,70500,10993751,16632,7122,60541,https://www.youtube.com/watch?v=ZlBE2uIZOo0,11643,6701,18404,https://www.youtube.com/watch?v=NZrjhT1ui1E,19794,10034,60541,https://www.youtube.com/watch?v=ZlBE2uIZOo0,31608,13201,4762,23804,https://www.twitch.tv/videos/2808115711
c5fe413a473d4638b53fb3f9019aabbe,70400,5496348,5185,309,7019,https://www.youtube.com/watch?v=Z3_Ae-vikck,3351,411,3351,https://www.youtube.com/watch?v=KsudFEbSNTw,7019,208,7019,https://www.youtube.com/watch?v=Z3_Ae-vikck,28050,23556,11955,45329,https://www.twitch.tv/videos/2816295799
2694a505a0e0441bb99b49e8ce1f7473,68800,5630518,401,360,401,https://www.youtube.com/watch?v=jZ7UMAuU-ng,0,0,0,,401,360,401,https://www.youtube.com/watch?v=jZ7UMAuU-ng,55572,9720,5500,44163,https://www.twitch.tv/videos/2807184162
d5fdf5fc55d14476908e416e6d43c121,68500,5778513,1344,742,9154,https://www.youtube.com/watch?v=6CMBPXDK1tc,1288,681,9154,https://www.youtube.com/watch?v=6CMBPXDK1tc,3082,1418,3472,https://www.youtube.com/watch?v=k3c3CCOVdMk,0,0,0,0,
6c872a4043b84e4493877a42af684d1d,66400,10458850,1088,492,5599,https://www.youtube.com/watch?v=YW8LRPqjayQ,1079,470,1728,https://www.youtube.com/watch?v=eddLpOt1mMw,5599,3346,5599,https://www.youtube.com/watch?v=YW8LRPqjayQ,6235,0,0,0,
1b63d89e0b1a4b579de6d99e25eaff8f,64800,14067606,11740,1127,37695,https://www.youtube.com/watch?v=clCK7XIRKRI,1949,502,2700,https://www.youtube.com/watch?v=w3109ytruKk,21141,11321,37695,https://www.youtube.com/watch?v=clCK7XIRKRI,12727,3026,2317,3727,https://www.twitch.tv/videos/2822924549
4fc5a770272a43f1bb0a1d12aa3a9b46,64600,15474433,1171,500,2102,https://www.youtube.com/watch?v=kDR0V-DJ0TM,0,0,0,,1171,500,2102,https://www.youtube.com/watch?v=kDR0V-DJ0TM,0,0,0,0,
1323f1b775bf43659f8b8ec2899522cd,64400,4245804,1503,324,2277,https://www.youtube.com/watch?v=7JFxi3WFSvE,1503,324,2277,https://www.youtube.com/watch?v=7JFxi3WFSvE,0,0,0,,0,0,0,0,
cb94019fb4714e168b47d6757995efc3,63900,5071735,3524,892,8547,https://www.youtube.com/watch?v=DmW_fY-SVI4,3524,892,8547,https://www.youtube.com/watch?v=DmW_fY-SVI4,0,0,0,,8445,3751,1829,10884,https://www.twitch.tv/videos/2822850107
02f5258d29b046bc9f597c9baac014bf,63800,6002719,9070,3603,100874,https://www.youtube.com/watch?v=ALIVb_EiVFQ,5795,3367,8061,https://www.youtube.com/watch?v=o0eUHam0BcM,17282,7697,100874,https://www.youtube.com/watch?v=ALIVb_EiVFQ,47834,39511,24993,193108,https://www.twitch.tv/videos/2814154981
6a9a7c7dc3f94605b5f619e9fbcfa33d,63500,2616540,3616,1647,13875,https://www.youtube.com/watch?v=wHHvCWdQU9c,2906,1259,5444,https://www.youtube.com/watch?v=s2TWi5scCHg,8662,4516,13875,https://www.youtube.com/watch?v=wHHvCWdQU9c,0,0,0,0,
0d717ed7ec134fb6ac94ce9dc4e25658,62600,5084512,1186,639,6169,https://www.youtube.com/watch?v=YJmt_6dnf-c,1186,639,6169,https://www.youtube.com/watch?v=YJmt_6dnf-c,0,0,0,,4445,1016,765,1418,https://www.twitch.tv/videos/2823910626
f5ff982730f54cd4826ff0530a4288c2,62000,6502956,5120,1882,18847,https://www.youtube.com/watch?v=gUltMV3Wtpk,2358,817,18847,https://www.youtube.com/watch?v=gUltMV3Wtpk,8918,3197,11739,https://www.youtube.com/watch?v=fXbyVvmDKYM,0,0,0,0,
a8ce4642418b4fe8ba1471a32097f4c4,61300,3881460,607,341,1634,https://www.youtube.com/watch?v=PkvpXGQrnto,600,320,1170,https://www.youtube.com/watch?v=OG0LINNSgR4,1634,1411,1634,https://www.youtube.com/watch?v=PkvpXGQrnto,0,0,0,0,
512b64ec20174d018540516e9edf2b2f,60900,7278402,1229,275,1450,https://www.youtube.com/watch?v=acDF3GO4Qaw,1163,226,1295,https://www.youtube.com/watch?v=AphuxiW3O_M,1450,324,1450,https://www.youtube.com/watch?v=acDF3GO4Qaw,1237,0,0,0,
14a9a08fbdc641e8ac8c384dedfccf0a,60900,7093706,3690,1069,7479,https://www.youtube.com/watch?v=gRlBqFH-2j8,4182,584,7479,https://www.youtube.com/watch?v=gRlBqFH-2j8,3199,1814,3199,https://www.youtube.com/watch?v=Z5kj2wqGzA0,18186,5928,3076,10810,https://www.twitch.tv/videos/2810396567
99f6f80397b34d0b9a0cfd40f3801a35,60200,3280902,2075,988,8351,https://www.youtube.com/watch?v=cN9yWMJC_zY,1629,848,2414,https://www.youtube.com/watch?v=ioThkMHs43c,5223,1209,8351,https://www.youtube.com/watch?v=cN9yWMJC_zY,31155,6536,3126,16035,https://www.twitch.tv/videos/2808029702
5a934764983e45959855735b79bcc90e,60200,2929236,1481,944,2809,https://www.youtube.com/watch?v=cXMnEfFUMQE,1481,944,2809,https://www.youtube.com/watch?v=cXMnEfFUMQE,0,0,0,,12573,2976,1217,7994,https://www.twitch.tv/videos/2814062060
efe550a729e14dbab790a3f73205d8ed,59300,3293614,1689,942,9452,https://www.youtube.com/watch?v=DM6WzqYewoU,1609,786,2530,https://www.youtube.com/watch?v=nO5XT2zeWoY,5312,2880,9452,https://www.youtube.com/watch?v=DM6WzqYewoU,0,0,0,0,
f985903969ad4e8b839e919aabe94480,58500,1115392,0,0,0,,0,0,0,,0,0,0,,0,0,0,0,
ba59bb31bbcd4cf3a481c4cf72918fb0,57400,8780618,2455,1112,4580,https://www.youtube.com/watch?v=eOtv1U7XRvc,2705,933,4580,https://www.youtube.com/watch?v=eOtv1U7XRvc,2191,2059,2191,https://www.youtube.com/watch?v=YoJH-wl-YHI,0,0,0,0,
6aefa292dc61441e98c787efb0067922,56700,2933295,1147,563,3872,https://www.youtube.com/watch?v=NEuHrJZYSG0,1003,509,2780,https://www.youtube.com/watch?v=ibFnHo2syOc,2123,1029,3872,https://www.youtube.com/watch?v=NEuHrJZYSG0,11537,1487,684,3558,https://www.twitch.tv/videos/2818693348
729621ce509b4641ad8cde76dec037d0,56500,3137733,820,304,2191,https://www.youtube.com/watch?v=PYFpQ0TAbiU,764,289,970,https://www.youtube.com/watch?v=ib-G4VQtft4,1945,1303,2191,https://www.youtube.com/watch?v=PYFpQ0TAbiU,5578,1134,799,1359,https://www.twitch.tv/videos/2818880560
e14d4aac184c4ccdba6f2a9718cfea62,56400,3214788,876,403,4620,https://www.youtube.com/watch?v=Phgbls0PnE0,876,403,1205,https://www.youtube.com/watch?v=0uEAG41_JrU,2681,731,4620,https://www.youtube.com/watch?v=Phgbls0PnE0,2789,604,458,1005,https://www.twitch.tv/videos/2826143108
920d34819cf944e99cf469f7552d535f,56000,16103094,28412,17292,141372,https://www.youtube.com/watch?v=sezAp_tk4t4,29349,15548,54771,https://www.youtube.com/watch?v=vhvPAOCql-8,24679,21058,141372,https://www.youtube.com/watch?v=sezAp_tk4t4,8585,12106,9307,12735,https://www.twitch.tv/videos/2827834055
a000aa1d3ea7489c993277d33ab2457e,54800,5710646,1925,1178,5854,https://www.youtube.com/watch?v=EdbxYK4S51c,1925,1178,5854,https://www.youtube.com/watch?v=EdbxYK4S51c,0,0,0,,51681,17165,6992,143090,https://www.twitch.tv/videos/2811756525
cbb5df4184f04027b8a550d648d79eeb,54600,5630803,10949,6810,36769,https://www.youtube.com/watch?v=KzVCvSWYL8w,13490,8742,14953,https://www.youtube.com/watch?v=ttPr3GnwVHE,10769,6108,36769,https://www.youtube.com/watch?v=KzVCvSWYL8w,0,0,0,0,
626750f4e7a745619c171c44fb1efcc0,54100,7616368,1935,591,12127,https://www.youtube.com/watch?v=kLCjnFgHK40,987,380,9196,https://www.youtube.com/watch?v=iw6DqKkO1SA,2256,869,12127,https://www.youtube.com/watch?v=kLCjnFgHK40,11488,486,231,1023,https://www.twitch.tv/videos/2813372578
6c88799c6f45407faf0f9ea007b0dcab,53500,4378213,2699,1151,29159,https://www.youtube.com/watch?v=113lsIC4ars,2197,842,4181,https://www.youtube.com/watch?v=BBoCP6K7smI,8019,3883,29159,https://www.youtube.com/watch?v=113lsIC4ars,0,0,0,0,
66c812bb04844241af1d1c7539b5e251,53300,38981357,218,91,1553,https://www.youtube.com/watch?v=HaksGkryAAE,213,137,1226,https://www.youtube.com/watch?v=Jri4f00oZT0,359,60,1553,https://www.youtube.com/watch?v=HaksGkryAAE,1077,0,0,0,
ce2a2c07a74640fc8d3b39d022b16dd9,53100,4991235,1514,541,7235,https://www.youtube.com/watch?v=E3ZssznsMqM,841,419,1994,https://www.youtube.com/watch?v=GwN8j6LEZH4,2711,867,7235,https://www.youtube.com/watch?v=E3ZssznsMqM,0,0,0,0,
3bc36efc33ba4410be1d509a39074ceb,52600,5342978,9915,5965,33709,https://www.youtube.com/watch?v=7EpznFqc73U,7582,4492,17672,https://www.youtube.com/watch?v=qWE73PIzZ2k,25030,14837,33709,https://www.youtube.com/watch?v=7EpznFqc73U,27785,18888,12882,32099,https://www.twitch.tv/videos/2821298312
658e63bebdca421ca934b0bf6aa2bcd8,52600,6240102,1730,822,3966,https://www.youtube.com/watch?v=EVfEUv54BHA,1728,803,3670,https://www.youtube.com/watch?v=KO3AiTkUu90,2531,2370,3966,https://www.youtube.com/watch?v=EVfEUv54BHA,11070,0,0,0,
927ce160c29f4465ba196c3e1b8fee1c,52200,3241903,1204,477,2577,https://www.youtube.com/watch?v=noUF7Pm0ZG4,1204,477,2577,https://www.youtube.com/watch?v=noUF7Pm0ZG4,0,0,0,,5095,1420,558,2148,https://www.twitch.tv/videos/2828622611
60282d578bb747b8b232dba81168a5b6,52100,5405477,3102,1309,9654,https://www.youtube.com/watch?v=pouNsUKQays,2752,1183,3102,https://www.youtube.com/watch?v=JqkHNDu6gCI,6658,4414,9654,https://www.youtube.com/watch?v=pouNsUKQays,0,0,0,0,
0eb515afbb9347529a406e91a07cde90,51700,3491736,27051,6283,39341,https://www.youtube.com/watch?v=RzVr-4if-iM,0,0,0,,27051,6283,39341,https://www.youtube.com/watch?v=RzVr-4if-iM,21559,13119,8169,13119,https://www.twitch.tv/videos/2820363835
2db2ffc41ff340a990a6d4dcec000d08,51700,4422013,7849,4206,69529,https://www.youtube.com/watch?v=Yihp810uPpQ,6605,1959,8992,https://www.youtube.com/watch?v=U5-gb5OKJ8g,45396,27659,69529,https://www.youtube.com/watch?v=Yihp810uPpQ,28485,14654,8777,30265,https://www.twitch.tv/videos/2812619780
7d66bf98da354f72baee891cdd91855b,50800,5120396,3768,1085,19298,https://www.youtube.com/watch?v=V23oiGxh2Ow,3079,1035,4974,https://www.youtube.com/watch?v=oefLRGLftlo,6919,1723,19298,https://www.youtube.com/watch?v=V23oiGxh2Ow,0,0,0,0,
1cfadb0d2e154a258c3177ff8264336f,50700,4560333,3346,1085,37379,https://www.youtube.com/watch?v=62naYBZSDi4,4765,2516,37379,https://www.youtube.com/watch?v=62naYBZSDi4,1832,620,2431,https://www.youtube.com/watch?v=nYJJGuS0hW0,0,0,0,0,
e350c8b7e41045419ee1ac73bc78921b,50200,5628570,1169,533,58863,https://www.youtube.com/watch?v=C_jpBWm5fYg,1093,408,6576,https://www.youtube.com/watch?v=ulwGGyRGBAI,7322,2973,58863,https://www.youtube.com/watch?v=C_jpBWm5fYg,0,0,0,0,
50a0835b66844b0ab84f573934f20989,50100,2577294,1496,740,7554,https://www.youtube.com/watch?v=wkveMowtBpM,1427,669,3110,https://www.youtube.com/watch?v=c3xU9MHRKrM,5668,1894,7554,https://www.youtube.com/watch?v=wkveMowtBpM,0,0,0,0,
3681a0b4e4bd48888473b1884f6ee420,50000,5972082,1419,674,59198,https://www.youtube.com/watch?v=s5F3VTWqo4U,890,475,1774,https://www.youtube.com/watch?v=fnBwccEDtFs,34246,12461,59198,https://www.youtube.com/watch?v=s5F3VTWqo4U,0,0,0,0,
4c3cae772e974f8fb8e04f4cc9c8cd8d,49300,3364665,1502,958,4697,https://www.youtube.com/watch?v=Lk8oAZxFx3s,1502,937,2999,https://www.youtube.com/watch?v=fJ3Mz6b8Oh4,3013,2689,4697,https://www.youtube.com/watch?v=Lk8oAZxFx3s,0,0,0,0,
177fe395a2704d10add06cb1466fa254,48200,4726847,13915,6869,65957,https://www.youtube.com/watch?v=ML8Hu7Zfhk4,9410,6236,25771,https://www.youtube.com/watch?v=TvoK-MnxPCM,27951,6869,65957,https://www.youtube.com/watch?v=ML8Hu7Zfhk4,35779,27848,13626,56977,https://www.twitch.tv/videos/2814852973
575d15d21f7240e1ad72935bf7fa0465,47700,1785522,454,247,6217,https://www.youtube.com/watch?v=zaMmPbhGIHk,405,218,955,https://www.youtube.com/watch?v=GhbVpfCbjwQ,2653,2300,6217,https://www.youtube.com/watch?v=zaMmPbhGIHk,0,0,0,0,
fe1abd28f3114015ac31ae1821e8dd3f,47600,1834143,1226,540,2536,https://www.youtube.com/watch?v=SHrtAfLrNBo,1071,423,2536,https://www.youtube.com/watch?v=SHrtAfLrNBo,2134,962,2302,https://www.youtube.com/watch?v=Otfwd8I4Vng,4996,679,587,1223,https://www.twitch.tv/videos/2820389814
22ca620b93c94e5cb48175bbecf8d3af,47500,5547839,1384,827,1576,https://www.youtube.com/watch?v=yADffX5IjbY,1384,827,1576,https://www.youtube.com/watch?v=yADffX5IjbY,0,0,0,,0,0,0,0,
ebe5c5f9d67f44f3bc5e70b413ce9df7,47500,2387731,565,276,856,https://www.youtube.com/watch?v=taapiloFZN4,565,276,856,https://www.youtube.com/watch?v=taapiloFZN4,0,0,0,,12256,15943,11117,31409,https://www.twitch.tv/videos/2822104246
2760c9a44c20464d8e140e6367ed1cdf,47300,2533262,404,193,582,https://www.youtube.com/watch?v=p28S0NLSeLs,404,193,582,https://www.youtube.com/watch?v=p28S0NLSeLs,0,0,0,,2606,442,414,442,https://www.twitch.tv/videos/2827892755
c41044006a014ed28107f33221a7de98,46900,4414794,970,566,1935,https://www.youtube.com/watch?v=av_d0p3cG8c,970,566,1935,https://www.youtube.com/watch?v=av_d0p3cG8c,0,0,0,,5272,0,0,0,
9a496e9b261f401dba4991a9f4c7048e,46400,1869036,1335,837,19688,https://www.youtube.com/watch?v=iynb5pdbygY,1035,702,5015,https://www.youtube.com/watch?v=hPEC3lWgApA,3682,1476,19688,https://www.youtube.com/watch?v=iynb5pdbygY,0,0,0,0,
21d5855a8c7d4461b286d40c167ac093,46300,5214446,786,569,3609,https://www.youtube.com/watch?v=N5g_p_5tphw,786,569,3609,https://www.youtube.com/watch?v=N5g_p_5tphw,0,0,0,,1364,1009,59,1009,https://www.twitch.tv/videos/2807199168
3d786b116dbc437e8684d7b46567a1e5,46300,1712055,800,403,3663,https://www.youtube.com/watch?v=f8lHijqfjmE,800,403,3663,https://www.youtube.com/watch?v=f8lHijqfjmE,0,0,0,,10554,1802,754,3509,https://www.twitch.tv/videos/2825259536
a0d4fad2fd3d4e4981947642a9dbafc4,46000,3699456,2726,1578,3707,https://www.youtube.com/watch?v=_RNJ1U9nEnM,2726,1578,3707,https://www.youtube.com/watch?v=_RNJ1U9nEnM,0,0,0,,12903,2996,2010,5067,https://www.twitch.tv/videos/2814926434
20f0e269ce554a00920de0444bc22aaf,45400,4185464,2911,1495,18609,https://www.youtube.com/watch?v=lPzZ-w61piI,2073,1322,3674,https://www.youtube.com/watch?v=6IRCbo_Rr4g,3050,1827,18609,https://www.youtube.com/watch?v=lPzZ-w61piI,0,0,0,0,
c25e6f38d6df447e84c4747ba6ac75cc,44800,1839550,2166,790,12095,https://www.youtube.com/watch?v=rZqenrNvaQk,1727,599,8040,https://www.youtube.com/watch?v=2IHSZAOSeco,3998,1618,12095,https://www.youtube.com/watch?v=rZqenrNvaQk,0,0,0,0,
1c6ebd51e0fc4ebab88347e853335c87,44700,2257845,1869,885,8178,https://www.youtube.com/watch?v=ZuYqZcbK05c,1605,517,8178,https://www.youtube.com/watch?v=ZuYqZcbK05c,2332,1081,5174,https://www.youtube.com/watch?v=18BHjsOZD5Q,2026,0,0,0,
5f6f102dd7cc4bfaa99e4cde16b85290,44300,2503413,1647,996,6261,https://www.youtube.com/watch?v=UQyLUNdxax0,1572,696,2695,https://www.youtube.com/watch?v=NflaV-kPee0,5666,2336,6261,https://www.youtube.com/watch?v=UQyLUNdxax0,9226,5011,2163,10829,https://www.twitch.tv/videos/2809458809
a9f28d3e3d2a4ecb93ff10955be791d1,44200,3313841,1554,898,15172,https://www.youtube.com/watch?v=ueDlbT9IscY,1554,898,4881,https://www.youtube.com/watch?v=C42bQDqmfEI,7825,3371,15172,https://www.youtube.com/watch?v=ueDlbT9IscY,17596,4211,1712,6619,https://www.twitch.tv/videos/2818050017
0825b7bbb6134dbc98a132cc1782fb1f,44200,2154364,302,151,2328,https://www.youtube.com/watch?v=OCURC7kGnfw,293,150,484,https://www.youtube.com/watch?v=BKrvkW-LBJ0,2328,1624,2328,https://www.youtube.com/watch?v=OCURC7kGnfw,0,0,0,0,
4d0cbf91a5cb4524862207c5d406d98c,43500,2615314,3404,1104,11769,https://www.youtube.com/watch?v=k5XlSgrqH2g,2494,847,6042,https://www.youtube.com/watch?v=-iBV9Be21mA,8522,3741,11769,https://www.youtube.com/watch?v=k5XlSgrqH2g,0,0,0,0,
73b97b1a35c84579aa8ffcd6534efad3,43200,6138103,1487,567,24593,https://www.youtube.com/watch?v=uD5GpkCxwnk,891,481,3816,https://www.youtube.com/watch?v=TUmcosAwOTA,8382,5534,24593,https://www.youtube.com/watch?v=uD5GpkCxwnk,10845,0,0,0,
4d856c2abee448b8941c27799bb8cb03,43100,844004,2541,976,14153,https://www.youtube.com/watch?v=x-Y1MKrWzW4,2312,828,3817,https://www.youtube.com/watch?v=pLhFegBC1CE,5136,1632,14153,https://www.youtube.com/watch?v=x-Y1MKrWzW4,0,0,0,0,
5e98938ba0624235863dd2af8017fbe6,42600,2263790,1056,638,5758,https://www.youtube.com/watch?v=CMPgWKudeRw,1015,590,3443,https://www.youtube.com/watch?v=BG8BfP_DYsc,5758,3475,5758,https://www.youtube.com/watch?v=CMPgWKudeRw,4766,1311,742,2446,https://www.twitch.tv/videos/2813419986
dee8efe8990e458c915e4f6a6a16b49f,42400,5275922,119,72,249,https://www.youtube.com/watch?v=IiqDq0tE9p0,119,72,249,https://www.youtube.com/watch?v=IiqDq0tE9p0,0,0,0,,3302,0,0,0,
dabf31fbee9b4214958603268d48b780,41900,1107445,2235,908,5857,https://www.youtube.com/watch?v=fDH6RxyHCdE,2147,857,3983,https://www.youtube.com/watch?v=ldwEfXHuVyQ,2806,956,5857,https://www.youtube.com/watch?v=fDH6RxyHCdE,0,0,0,0,
8150f530d858418282811429cc32622b,41800,2430058,556,243,2162,https://www.youtube.com/watch?v=5KdNcXy7KHE,537,201,1676,https://www.youtube.com/watch?v=IgFdVby6aFg,1803,1193,2162,https://www.youtube.com/watch?v=5KdNcXy7KHE,13069,602,247,1425,https://www.twitch.tv/videos/2826802594
ed426712876641848613137bef236d26,41700,4201675,1756,1153,16421,https://www.youtube.com/watch?v=7uiAp5ApBhA,1277,657,2741,https://www.youtube.com/watch?v=cA76XX-GcVQ,4269,2260,16421,https://www.youtube.com/watch?v=7uiAp5ApBhA,9763,1452,817,3981,https://www.twitch.tv/videos/2819424298
e069724ddab54dd690d6c3425574effd,41600,7027763,2734,1014,14281,https://www.youtube.com/watch?v=qrY5kiTW0_o,1455,573,4383,https://www.youtube.com/watch?v=o2-idEgENQM,7557,2251,14281,https://www.youtube.com/watch?v=qrY5kiTW0_o,5269,2002,1389,2619,https://www.twitch.tv/videos/2818801720
be6c475c291d45a0a7349abdb70be20d,41100,14034045,2123,647,18107,https://www.youtube.com/watch?v=AJ-U4pjTQdI,1086,377,18107,https://www.youtube.com/watch?v=AJ-U4pjTQdI,5666,3187,14612,https://www.youtube.com/watch?v=qVeXHX_D4jc,0,0,0,0,
14770d49681b44c1a6a7fcbdc265f539,40700,1946600,1697,1013,2099,https://www.youtube.com/watch?v=AkWYhy15REc,1697,1013,2099,https://www.youtube.com/watch?v=AkWYhy15REc,0,0,0,,0,0,0,0,
d1694c709e0f489fbd07fc9bc67c0a66,40500,2050239,854,338,4843,https://www.youtube.com/watch?v=5S5dJrmGjiQ,499,294,4843,https://www.youtube.com/watch?v=5S5dJrmGjiQ,4052,3847,4627,https://www.youtube.com/watch?v=jrfBM2z6fQQ,2936,0,0,0,
4b8137b8ba4e4a4dad994e2e07e351fe,40300,2506400,213,116,343,https://www.youtube.com/watch?v=8-xCpsV68FA,213,116,343,https://www.youtube.com/watch?v=8-xCpsV68FA,0,0,0,,2100,115,65,116,https://www.twitch.tv/videos/2822944866
6943bbfc993443d4b3853833b3bb1a66,40300,15059457,2657,2501,2758,https://www.youtube.com/watch?v=dcZ7FwTrY3I,1980,1677,2657,https://www.youtube.com/watch?v=Lk2xlBMBG0I,2758,2671,2758,https://www.youtube.com/watch?v=dcZ7FwTrY3I,0,0,0,0,
59f5e287671149398135c5c08b5ed2f7,40300,906829,1392,488,3097,https://www.youtube.com/watch?v=aQpqkBEaLJo,1278,483,2206,https://www.youtube.com/watch?v=k_AAdLsA3rY,2284,920,3097,https://www.youtube.com/watch?v=aQpqkBEaLJo,429,0,0,0,
f6a8c59d8b8d4e009d4e147ec268cd73,40100,2321040,4442,3307,28579,https://www.youtube.com/watch?v=hp7ZsXHfSL0,4442,3307,28579,https://www.youtube.com/watch?v=hp7ZsXHfSL0,0,0,0,,5024,0,0,0,
192d2decee72410e8346c135c4ac6e00,39800,1688784,1097,252,1934,https://www.youtube.com/watch?v=b0BBV3Asr18,723,201,1399,https://www.youtube.com/watch?v=XkjH7j1T6J0,1537,632,1934,https://www.youtube.com/watch?v=b0BBV3Asr18,2675,0,0,0,
a85d79e2323b4869a6f784c51218cd37,39700,4743935,3492,1323,27120,https://www.youtube.com/watch?v=2U7ZEpGaAXw,1137,629,3629,https://www.youtube.com/watch?v=kRJgLi6iiME,8435,3812,27120,https://www.youtube.com/watch?v=2U7ZEpGaAXw,2386,417,222,675,https://www.twitch.tv/videos/2820533218
7aba821c721e45bcb3d113652e9e8fb2,39300,1331396,1452,954,4141,https://www.youtube.com/watch?v=PCfTgzylS-M,1447,954,3277,https://www.youtube.com/watch?v=ct6YSdPdzRI,4141,3048,4141,https://www.youtube.com/watch?v=PCfTgzylS-M,2226,798,560,888,https://www.twitch.tv/videos/2823008715
c88554bbf263412da16e7a17fd03e467,38900,2712652,2436,1284,16944,https://www.youtube.com/watch?v=o-nvJNU__aU,2196,1055,16944,https://www.youtube.com/watch?v=o-nvJNU__aU,3768,2252,11793,https://www.youtube.com/watch?v=yJRCgyLUzxo,0,0,0,0,
d6c4708f6eb94ac6ad7668363b132248,38600,1321578,352,171,11802,https://www.youtube.com/watch?v=6-cRTB_rNEs,328,164,762,https://www.youtube.com/watch?v=9AmJ3pEgNjc,2267,738,11802,https://www.youtube.com/watch?v=6-cRTB_rNEs,0,0,0,0,
80f7b111f0e044abae4c37f6a96b5957,38400,1182225,467,194,2073,https://www.youtube.com/watch?v=_KUHgsGMQB0,315,194,544,https://www.youtube.com/watch?v=t9mYQUNhlvY,709,265,2073,https://www.youtube.com/watch?v=_KUHgsGMQB0,0,0,0,0,
f928e57423634094b3d7d8461321c028,38400,995524,416,403,1095,https://www.youtube.com/watch?v=wNE3MD5qbaM,416,403,1095,https://www.youtube.com/watch?v=wNE3MD5qbaM,0,0,0,,3118,0,0,0,
6baf9b6a84a44ab3a6979d98bff7ee21,38300,1983370,2291,1291,7100,https://www.youtube.com/watch?v=OGIg2f7GA1I,2282,1175,3499,https://www.youtube.com/watch?v=pRpTXogRp6c,7100,3063,7100,https://www.youtube.com/watch?v=OGIg2f7GA1I,2367,1575,734,2346,https://www.twitch.tv/videos/2816569130
dad6fb7439d744739755a9a7c6c18d20,37700,3525338,1781,685,3782,https://www.youtube.com/watch?v=Uepq_cJPipM,1528,672,2732,https://www.youtube.com/watch?v=VgCslnsowfI,3782,747,3782,https://www.youtube.com/watch?v=Uepq_cJPipM,2903,0,0,0,
b42416c629e64c948f75aff4ff5c9a8a,37400,1269041,1064,228,1562,https://www.youtube.com/watch?v=fzymUpK18zM,567,210,567,https://www.youtube.com/watch?v=85ZqD4cKNwI,1562,245,1562,https://www.youtube.com/watch?v=fzymUpK18zM,3906,301,245,710,https://www.twitch.tv/videos/2828614856
84d68bef71304aa089c10d2c33c9a107,37200,3884818,1657,926,5007,https://www.youtube.com/watch?v=LX06gLrx1-o,1605,976,3391,https://www.youtube.com/watch?v=baIs5bufwaQ,5007,836,5007,https://www.youtube.com/watch?v=LX06gLrx1-o,0,0,0,0,
683c47ffba3246cb8574a6f2667208d1,37100,1459188,3651,975,7435,https://www.youtube.com/watch?v=zI9iUD8MWlY,1010,460,1073,https://www.youtube.com/watch?v=GgXVas51xh4,4538,1490,7435,https://www.youtube.com/watch?v=zI9iUD8MWlY,13159,9815,6732,16294,https://www.twitch.tv/videos/2813978843
bf3356cfb2754286af9b6bb1665f56bd,36900,996039,562,234,2182,https://www.youtube.com/watch?v=NBCFbXfXzuU,532,213,2182,https://www.youtube.com/watch?v=NBCFbXfXzuU,910,778,1331,https://www.youtube.com/watch?v=rIMYSsw6oIU,331,0,0,0,
5c7beefaa54444e3b0443d7abd93c1f7,36500,4254605,0,0,0,,0,0,0,,0,0,0,,4448,498,226,956,https://www.twitch.tv/videos/2811988592
f928118054aa4e11aa4ec88504d8b886,36300,2178558,491,241,5398,https://www.youtube.com/watch?v=HYpe0jUbOyM,317,169,864,https://www.youtube.com/watch?v=NzkiAkX0TEQ,2627,1235,5398,https://www.youtube.com/watch?v=HYpe0jUbOyM,2346,0,0,0,
6929e06cd9ed49739cadaa35115847c7,35500,2469653,1775,828,26362,https://www.youtube.com/watch?v=pf_iyohsATA,1281,579,11215,https://www.youtube.com/watch?v=prmdb2VD2jo,5122,2595,26362,https://www.youtube.com/watch?v=pf_iyohsATA,0,0,0,0,
55be1972142c44799f83ce3db4f14fbd,35300,3386462,945,427,12983,https://www.youtube.com/watch?v=unWVC7nGfhE,680,297,1082,https://www.youtube.com/watch?v=3WruALyb4yU,3641,1221,12983,https://www.youtube.com/watch?v=unWVC7nGfhE,0,0,0,0,
b08047f2566246ac995e03a5db727cfe,35000,92121,1159,1014,1159,https://www.youtube.com/watch?v=4eah-H86Knw,1159,1014,1159,https://www.youtube.com/watch?v=4eah-H86Knw,0,0,0,,7225,652,566,652,https://www.twitch.tv/videos/2826188208
8267ea37c12a471a8a038f501832e099,34700,2507960,740,312,4302,https://www.youtube.com/watch?v=aqAW_N9l0hk,702,287,4302,https://www.youtube.com/watch?v=aqAW_N9l0hk,779,485,779,https://www.youtube.com/watch?v=ofFkAwnJy1U,0,0,0,0,
32b5b05c6e0f4747a8c0932d06f97f8c,34700,2246857,1117,679,4108,https://www.youtube.com/watch?v=CNDDUL6x614,1042,490,1936,https://www.youtube.com/watch?v=Gl5ZJVXrg4s,2908,2252,4108,https://www.youtube.com/watch?v=CNDDUL6x614,4899,967,721,2082,https://www.twitch.tv/videos/2814929493
6af8929143294c72b25a7108e79e2faf,34600,2360733,681,320,3067,https://www.youtube.com/watch?v=dhsQhAG10r0,671,317,3067,https://www.youtube.com/watch?v=dhsQhAG10r0,1903,1819,1903,https://www.youtube.com/watch?v=Ngu0VQGAa7Q,0,0,0,0,
84a911e2b05f4919a32e0c1618e32a7d,34500,1102650,545,239,773,https://www.youtube.com/watch?v=wOX5rISsLwc,545,239,773,https://www.youtube.com/watch?v=wOX5rISsLwc,0,0,0,,0,0,0,0,
491a6000ce4b472c9b4f8c1dcfdb772c,34500,9807864,34713,19691,129145,https://www.youtube.com/watch?v=eHzWXUUVVi0,2053,1574,3093,https://www.youtube.com/watch?v=C-lgPiKQUHk,40795,21169,129145,https://www.youtube.com/watch?v=eHzWXUUVVi0,1185,0,0,0,
13a4e83f2bbc4d18bb27520a4dceef72,34100,8815927,20289,5284,156040,https://www.youtube.com/watch?v=BOr1TG4_9mE,0,0,0,,20289,5284,156040,https://www.youtube.com/watch?v=BOr1TG4_9mE,63155,32278,11501,50430,https://www.twitch.tv/videos/2812656335
e1b2266a00c04e81bd868ae2fbff7848,33600,2011458,2477,1491,12518,https://www.youtube.com/watch?v=zkzvM2u_rkY,1564,787,3197,https://www.youtube.com/watch?v=akDUCnUuH_o,5357,2585,12518,https://www.youtube.com/watch?v=zkzvM2u_rkY,0,0,0,0,
93bad1d4b0c54c8781e3775d13a62c38,33100,1099640,111,69,962,https://www.youtube.com/watch?v=ghZ4bVt1xFs,111,69,962,https://www.youtube.com/watch?v=ghZ4bVt1xFs,0,0,0,,677,0,0,0,
ad56a56e509c4b6fa0cf11ca959e3c72,32800,209002,989,463,2291,https://www.youtube.com/watch?v=qNCa2eqs-sE,792,262,1941,https://www.youtube.com/watch?v=1E4dt7t4Wtw,2084,1221,2291,https://www.youtube.com/watch?v=qNCa2eqs-sE,139,0,0,0,
1edf4940878546569e52dd06c95b8581,32800,2846821,576,288,8351,https://www.youtube.com/watch?v=CesX0WKCKtc,547,286,1264,https://www.youtube.com/watch?v=TZM8YSKm8Vg,706,376,8351,https://www.youtube.com/watch?v=CesX0WKCKtc,0,0,0,0,
b0f523194beb4abca2b433e9e41d912c,32800,1886564,1452,413,7039,https://www.youtube.com/watch?v=b-U3EZ64jfs,813,311,1783,https://www.youtube.com/watch?v=4DxK89cGR1M,4285,1301,7039,https://www.youtube.com/watch?v=b-U3EZ64jfs,11985,0,0,0,
31f17632340f4e7fbd0ced07193dd81b,32700,1025884,461,227,11043,https://www.youtube.com/watch?v=L9oMhzADthI,379,217,1154,https://www.youtube.com/watch?v=n6R0johoUiQ,6121,1852,11043,https://www.youtube.com/watch?v=L9oMhzADthI,0,0,0,0,
9ca368e73d514656ade48dc946f55956,32600,4214226,2000,1028,2665,https://www.youtube.com/watch?v=4WeCIvZ2lg4,0,0,0,,2000,1028,2665,https://www.youtube.com/watch?v=4WeCIvZ2lg4,9335,641,363,1128,https://www.twitch.tv/videos/2808064939
334133534368487780dfa99b7c9f5949,32600,18724558,0,0,0,,0,0,0,,0,0,0,,0,0,0,0,
d33940525b7f4b9db9ce85e08b4c175e,32400,299967,533,139,736,https://www.youtube.com/watch?v=s2oNrhTCJrs,533,139,736,https://www.youtube.com/watch?v=s2oNrhTCJrs,0,0,0,,8450,411,247,770,https://www.twitch.tv/videos/2823791744
099a5fd0d27d4fc892f684793ac18c99,31700,4146917,606,362,879,https://www.youtube.com/watch?v=dqDjErSB0zg,606,362,879,https://www.youtube.com/watch?v=dqDjErSB0zg,0,0,0,,0,0,0,0,
9f649d90164140bdb0e38f7e835c183b,31600,1992023,660,324,2724,https://www.youtube.com/watch?v=Ce9nplZCgU8,659,320,1210,https://www.youtube.com/watch?v=rg9MzHFaHbc,2724,2059,2724,https://www.youtube.com/watch?v=Ce9nplZCgU8,0,0,0,0,
e150e350532b4327b26989dd43cd3bad,31300,2002899,953,405,1462,https://www.youtube.com/watch?v=MLEoNyQ_XN8,953,405,1462,https://www.youtube.com/watch?v=MLEoNyQ_XN8,0,0,0,,1079,0,0,0,
d81d1032a43642eca36e82ba9a3c39c5,30700,1197560,0,0,0,,0,0,0,,0,0,0,,11434,433,201,596,https://www.twitch.tv/videos/2821361168
9af7c10c618844f08a327d38753124bd,30100,1504835,2761,1163,5625,https://www.youtube.com/watch?v=lZY9swRZPME,0,0,0,,2761,1163,5625,https://www.youtube.com/watch?v=lZY9swRZPME,18308,1241,658,4966,https://www.twitch.tv/videos/2806434487
d35707348d554507a98f97eb59230efc,30000,2213957,773,372,3276,https://www.youtube.com/watch?v=tq_wtA0-9Do,601,329,1277,https://www.youtube.com/watch?v=qrkHDlXmtjw,2282,1272,3276,https://www.youtube.com/watch?v=tq_wtA0-9Do,5014,525,372,1376,https://www.twitch.tv/videos/2824168408
5b996b6eca90491cb8e1a43de23b2388,29900,4007,0,0,0,,0,0,0,,0,0,0,,0,0,0,0,
bac1f0b8e8d149d4a48cfd30d7d7ad74,29700,2234586,1241,814,10422,https://www.youtube.com/watch?v=gJpXXCe4rgQ,455,262,645,https://www.youtube.com/watch?v=9B6_2xwkk44,1891,1184,10422,https://www.youtube.com/watch?v=gJpXXCe4rgQ,0,0,0,0,
b6f68e0e323f45458752f3a7ec6a08f2,29700,2494202,2791,1278,17770,https://www.youtube.com/watch?v=cKxQWTc5v2s,1835,962,2843,https://www.youtube.com/watch?v=Ic1mtiToQW0,3961,1834,17770,https://www.youtube.com/watch?v=cKxQWTc5v2s,4165,1209,780,166036,https://www.twitch.tv/videos/2816470056
14d83faa414c415097d577d2da9636ce,29700,1062778,317,119,7765,https://www.youtube.com/watch?v=oqwMgOEJimA,282,106,304,https://www.youtube.com/watch?v=jT9wQsmO3fc,5887,3857,7765,https://www.youtube.com/watch?v=oqwMgOEJimA,0,0,0,0,
02d67d58d59644be9cdf0b1179419637,29600,2077452,884,238,3172,https://www.youtube.com/watch?v=ZfKPhED7p9g,209,26,253,https://www.youtube.com/watch?v=ziyIb0SSayo,2344,868,3172,https://www.youtube.com/watch?v=ZfKPhED7p9g,2704,578,392,1007,https://www.twitch.tv/videos/2828531729
4fd17e8877024633876c5d85bc81e56b,29200,4297585,734,368,1205,https://www.youtube.com/watch?v=lw0kUzQHtlQ,734,368,1205,https://www.youtube.com/watch?v=lw0kUzQHtlQ,0,0,0,,0,0,0,0,
bc0b8c437eda4361b2a10003013f49cf,29200,317607,0,0,0,,0,0,0,,0,0,0,,0,0,0,0,
691e8a5f258c4c17b70b6b489b0ad04d,29200,2589238,2669,1076,12742,https://www.youtube.com/watch?v=KDqqPt3I7_I,1186,894,4001,https://www.youtube.com/watch?v=xet-Ss_dE5Q,6448,3695,12742,https://www.youtube.com/watch?v=KDqqPt3I7_I,1190,580,473,645,https://www.twitch.tv/videos/2822778278
fe569b0c059e406daf57eb2acd11cc21,29200,1779905,508,275,2235,https://www.youtube.com/watch?v=4mdisZz9EjA,508,275,2235,https://www.youtube.com/watch?v=4mdisZz9EjA,0,0,0,,0,0,0,0,
9e05802075c343a3bf2778550d5157da,29000,1597371,3857,1512,10593,https://www.youtube.com/watch?v=AvokvGAUqeY,161,67,205,https://www.youtube.com/watch?v=_PiR_ym1l5g,3935,1901,10593,https://www.youtube.com/watch?v=AvokvGAUqeY,0,0,0,0,
6f9d63518a69442a88ac602a3b37bf18,28800,1716603,804,395,2639,https://www.youtube.com/watch?v=EbGjwjoI6Cw,428,202,864,https://www.youtube.com/watch?v=C7Xw2u13Ggk,1421,599,2639,https://www.youtube.com/watch?v=EbGjwjoI6Cw,0,0,0,0,
73ae80b091f542358d7a5bf8905c28f3,28800,3014404,1821,554,10135,https://www.youtube.com/watch?v=2Zyimmzvduw,975,287,1384,https://www.youtube.com/watch?v=Ij31kJAXVAY,3265,2029,10135,https://www.youtube.com/watch?v=2Zyimmzvduw,7104,710,154,924,https://www.twitch.tv/videos/2825370599
3be86a2a9cb447f393d235132e157789,28600,2677771,1841,632,2760,https://www.youtube.com/watch?v=9KDk4xg8TyM,1841,632,2760,https://www.youtube.com/watch?v=9KDk4xg8TyM,0,0,0,,0,0,0,0,
5ba11a0bf35147d499259ad5608a7de1,28600,2203357,1281,642,7421,https://www.youtube.com/watch?v=slU0ikUGsac,672,445,3142,https://www.youtube.com/watch?v=Ef5G4lWbk3s,1481,862,7421,https://www.youtube.com/watch?v=slU0ikUGsac,4413,366,195,366,https://www.twitch.tv/videos/2818196362
f0b85b56d1d84085aca5ab7f592bd7da,28600,2537237,257,105,1211,https://www.youtube.com/watch?v=3X0bFi7Mk0w,245,101,488,https://www.youtube.com/watch?v=8tfOZhN_mtM,1211,364,1211,https://www.youtube.com/watch?v=3X0bFi7Mk0w,0,0,0,0,
f7c48554816643cdb8d343e6e9e6d313,28300,1577890,708,270,817,https://www.youtube.com/watch?v=VAvnyUP2WmA,708,270,817,https://www.youtube.com/watch?v=VAvnyUP2WmA,0,0,0,,13119,929,199,3355,https://www.twitch.tv/videos/2809850550
19234cc590224c45912a14487f756dc5,28300,2200037,2112,839,2807,https://www.youtube.com/watch?v=7sn5XmcYeNM,0,0,0,,2112,839,2807,https://www.youtube.com/watch?v=7sn5XmcYeNM,13057,2489,981,6543,https://www.twitch.tv/videos/2827057963
d1dd83b6e8a24df4b61f766cff45113c,28100,15957105,854,229,4019,https://www.youtube.com/watch?v=xW5YEHYPoJw,370,90,1472,https://www.youtube.com/watch?v=AOwbTkPixy8,1425,437,4019,https://www.youtube.com/watch?v=xW5YEHYPoJw,557,0,0,0,
3197e5649c65405cbbe6e5f1a44cf8e1,28000,1537814,402,209,1617,https://www.youtube.com/watch?v=9VyaXpNhas4,397,201,624,https://www.youtube.com/watch?v=jZ_nRYpzT58,1257,380,1617,https://www.youtube.com/watch?v=9VyaXpNhas4,0,0,0,0,
8a0b024373544f31b54e5a6cadb124dc,27700,1863795,1793,970,11744,https://www.youtube.com/watch?v=mpUTV5e1DMQ,1366,568,3091,https://www.youtube.com/watch?v=o5Pcg3pNlIg,8522,4222,11744,https://www.youtube.com/watch?v=mpUTV5e1DMQ,1896,0,0,0,
0f2ad43c618943d19d5101f2d3c49ac9,27600,1461593,321,142,566,https://www.youtube.com/watch?v=gEOL4bUX62E,0,0,0,,321,142,566,https://www.youtube.com/watch?v=gEOL4bUX62E,176,0,0,0,
5d00575c06d74f588238857d7dec1b02,26800,3945468,1616,856,159871,https://www.youtube.com/watch?v=Fmrm-6UBDK8,1229,559,1624,https://www.youtube.com/watch?v=r0m9jimvqIU,16602,4527,159871,https://www.youtube.com/watch?v=Fmrm-6UBDK8,0,0,0,0,
03c018f2d3064da6ac4899bef1d600c5,26600,1159951,0,0,0,,0,0,0,,0,0,0,,38929,9133,3367,15940,https://www.twitch.tv/videos/2807330900
a060cd640cf44c2bb8d78d8ff2411e68,26600,1645421,559,238,1987,https://www.youtube.com/watch?v=IubmtfG7rxg,544,211,591,https://www.youtube.com/watch?v=N_Z6OOIcoC0,1799,1446,1987,https://www.youtube.com/watch?v=IubmtfG7rxg,498,98,81,132,https://www.twitch.tv/videos/2828531808
aa1ff405338c41b98ff7197eb4d90349,26100,1284814,505,237,2109,https://www.youtube.com/watch?v=zdMuMj517fo,435,223,869,https://www.youtube.com/watch?v=jRMkGG8pSGA,959,418,2109,https://www.youtube.com/watch?v=zdMuMj517fo,0,0,0,0,
25388daec64e40f38ca0e5a3a88fedb7,26000,1134527,515,289,6084,https://www.youtube.com/watch?v=Fs9Bz_ySavg,461,255,1554,https://www.youtube.com/watch?v=Wx_ybF44axo,4199,2020,6084,https://www.youtube.com/watch?v=Fs9Bz_ySavg,3397,0,0,0,
f2a403cb46354371837550730a397bd1,25700,1489917,203,99,265,https://www.youtube.com/watch?v=UdRjSVFQW4k,0,0,0,,203,99,265,https://www.youtube.com/watch?v=UdRjSVFQW4k,0,0,0,0,
e343e3fdc52f47a7bd5dbd793ccf8916,25600,1728815,5673,1808,76296,https://www.youtube.com/watch?v=970LObjDpBM,3240,2287,13943,https://www.youtube.com/watch?v=5eBdjWO7NJQ,6224,1767,76296,https://www.youtube.com/watch?v=970LObjDpBM,0,0,0,0,
6548fd18ecf84bd88112cd5babfa2a66,25500,818655,1001,528,12476,https://www.youtube.com/watch?v=r48zxSZ2WW0,696,361,1271,https://www.youtube.com/watch?v=vr9WQGsbNZo,2830,2109,12476,https://www.youtube.com/watch?v=r48zxSZ2WW0,2535,0,0,0,
22c8ee785f7446e5978bab336fda92cb,25300,2226018,672,288,1565,https://www.youtube.com/watch?v=M0RZcBTmRvM,672,288,1565,https://www.youtube.com/watch?v=M0RZcBTmRvM,0,0,0,,0,0,0,0,
a667c79cb8284de29d5843dc3eafcc57,24700,515760,500,232,16272,https://www.youtube.com/watch?v=zzW1n2WD7dA,457,211,929,https://www.youtube.com/watch?v=VizoEk3uSjU,16272,9618,16272,https://www.youtube.com/watch?v=zzW1n2WD7dA,0,0,0,0,
f0a395b14fa34e64ba1aaedb906c7dd3,24700,326564,0,0,0,,0,0,0,,0,0,0,,0,0,0,0,
8dbec1de49be44d897f1c894427f3165,24600,769464,428,209,1704,https://www.youtube.com/watch?v=tyEwZyFPwzM,388,186,560,https://www.youtube.com/watch?v=glRIEEpQOD8,1145,356,1704,https://www.youtube.com/watch?v=tyEwZyFPwzM,3909,556,460,1458,https://www.twitch.tv/videos/2826842797
7754dca48f524b938314a2b346772e4e,24600,2044348,3932,715,8657,https://www.youtube.com/watch?v=hf0QXjZat70,0,0,0,,3932,715,8657,https://www.youtube.com/watch?v=hf0QXjZat70,0,0,0,0,
67d348e6690c43729cce031e70a26645,24000,1180513,0,0,0,,0,0,0,,0,0,0,,32140,4792,1207,11226,https://www.twitch.tv/videos/2811215705
28a930938667442288010b333937e2ab,23900,2100817,2404,987,5110,https://www.youtube.com/watch?v=dTIk5j9Chk4,1672,116,1672,https://www.youtube.com/watch?v=87C989AzYpE,2462,1081,5110,https://www.youtube.com/watch?v=dTIk5j9Chk4,10730,1551,786,1766,https://www.twitch.tv/videos/2822769891
824c0c36956f4a73bb3ec479dd8e4da8,23700,1054390,0,0,0,,0,0,0,,0,0,0,,2515,454,325,1137,https://www.twitch.tv/videos/2820174878
f13832094d8b40fbb95d07732aa3c3c7,23600,512895,619,199,1856,https://www.youtube.com/watch?v=o2AtsiT9JQQ,505,178,836,https://www.youtube.com/watch?v=qKGqrJyzd3o,1702,752,1856,https://www.youtube.com/watch?v=o2AtsiT9JQQ,0,0,0,0,
6dfe72bb90994dceb7b753908876307d,23400,1759119,671,298,3580,https://www.youtube.com/watch?v=z8M4KWLi9Ms,661,252,1218,https://www.youtube.com/watch?v=fYt9R5S4QzU,3132,1850,3580,https://www.youtube.com/watch?v=z8M4KWLi9Ms,0,0,0,0,
dcebd098c3ea479ba2b0e32a2696a5ec,23300,914917,779,445,2145,https://www.youtube.com/watch?v=x0ufV5Wd69k,779,367,936,https://www.youtube.com/watch?v=3FGLSqSvf5s,2145,1995,2145,https://www.youtube.com/watch?v=x0ufV5Wd69k,0,0,0,0,
7c00b7dc73a240dc84d68be389732a0c,23100,1119674,282,152,317,https://www.youtube.com/watch?v=a9VchJ0iCtA,282,152,317,https://www.youtube.com/watch?v=a9VchJ0iCtA,0,0,0,,0,0,0,0,
3e19e054b479401da231ebc3d3fab628,23000,963886,5000,1859,17253,https://www.youtube.com/watch?v=Cvnf8FaetYg,3395,1725,14070,https://www.youtube.com/watch?v=fEmq_gX5GFI,8692,2184,17253,https://www.youtube.com/watch?v=Cvnf8FaetYg,0,0,0,0,
c0c35f0471774be2b33163ae20f2d6bb,23000,1442359,718,505,22399,https://www.youtube.com/watch?v=YPSW65ZCa0Q,660,464,5967,https://www.youtube.com/watch?v=cNNJWaszdHo,2481,821,22399,https://www.youtube.com/watch?v=YPSW65ZCa0Q,0,0,0,0,
9d0fb5c59ea745f09934f3cfd932c393,22900,3121945,1276,1263,19895,https://www.youtube.com/watch?v=2UfmLovU6Dg,400,174,645,https://www.youtube.com/watch?v=tg85XAVwjag,5970,3090,19895,https://www.youtube.com/watch?v=2UfmLovU6Dg,0,0,0,0,
da4a58b114b94469a0a93f6b8ee7512d,22800,1101723,1181,374,45271,https://www.youtube.com/watch?v=Ce30xQJkH7o,612,310,2699,https://www.youtube.com/watch?v=R7eLPdImbrI,3380,2351,45271,https://www.youtube.com/watch?v=Ce30xQJkH7o,12568,477,257,1881,https://www.twitch.tv/videos/2810866051
3e6a09fe4ef744f987e27ae0f06cdf09,22700,719926,383,177,801,https://www.youtube.com/watch?v=vstLSkZMmqQ,383,177,801,https://www.youtube.com/watch?v=vstLSkZMmqQ,0,0,0,,0,0,0,0,
75ddc749133b4c498eb35ceac1e2a0b2,22700,2797221,1193,347,5454,https://www.youtube.com/watch?v=B260_2yuug0,1057,303,4922,https://www.youtube.com/watch?v=zCaR9GV7nIo,4333,2656,5454,https://www.youtube.com/watch?v=B260_2yuug0,0,0,0,0,
18bd2d37e2e64f0cab20ec6a2b2f2474,22700,1092624,446,206,5755,https://www.youtube.com/watch?v=mf11kHr7ag8,347,184,811,https://www.youtube.com/watch?v=qzuxTZ0-Huk,1679,549,5755,https://www.youtube.com/watch?v=mf11kHr7ag8,3346,453,298,897,https://www.twitch.tv/videos/2827063835
951dd0b605d04163b38de18262e9a438,22600,639639,0,0,0,,0,0,0,,0,0,0,,1471,0,0,0,
3809ec8a42634d11aa1b7b8f99755c6a,22600,1936211,0,0,0,,0,0,0,,0,0,0,,67808,4448,1460,20811,https://www.twitch.tv/videos/2826973799
05317bcbe5f243abb85618d2669bd0d7,22200,446269,70,38,1946,https://www.youtube.com/watch?v=XJc7xooCCoM,69,38,194,https://www.youtube.com/watch?v=bjdRprQMkMs,1413,314,1946,https://www.youtube.com/watch?v=XJc7xooCCoM,0,0,0,0,
e9a9d88bf69e4c83842fe05b3ae1601b,22100,1243843,9645,1223,9645,https://www.youtube.com/watch?v=Rgp3_3ya5BY,0,0,0,,9645,1223,9645,https://www.youtube.com/watch?v=Rgp3_3ya5BY,13624,1504,441,2279,https://www.twitch.tv/videos/2819400061
365db081229a4efeb4630f19587a96b2,22000,1582386,2578,460,25400,https://www.youtube.com/watch?v=Hi0fBmXem98,581,310,8179,https://www.youtube.com/watch?v=-4z4PBWdW_w,3581,1642,25400,https://www.youtube.com/watch?v=Hi0fBmXem98,0,0,0,0,
ffe3f2e400ab4237ac873ae9d5a0eda4,21900,960061,402,218,2058,https://www.youtube.com/watch?v=UjXCk-3HLss,362,218,1290,https://www.youtube.com/watch?v=DUjbxCb6BQc,1989,1017,2058,https://www.youtube.com/watch?v=UjXCk-3HLss,0,0,0,0,
60716febdfe949248e8f67d85634bec5,21500,8301436,102,51,165,https://www.youtube.com/watch?v=GHlfO1Pzt64,0,0,0,,102,51,165,https://www.youtube.com/watch?v=GHlfO1Pzt64,0,0,0,0,
532b143e82d6452fac9a18d1d025a2af,21400,460684,0,0,0,,0,0,0,,0,0,0,,0,0,0,0,
ec4bc8d279af43eaba4679b762bbbc59,21300,834473,0,0,0,,0,0,0,,0,0,0,,0,0,0,0,
2ba32c49f08849f9a109b7e485c9c5a5,21200,1055438,1052,525,4004,https://www.youtube.com/watch?v=xGALSBTRxjk,685,301,1526,https://www.youtube.com/watch?v=uaRmWxlUerQ,2426,1179,4004,https://www.youtube.com/watch?v=xGALSBTRxjk,0,0,0,0,
cd88de8b4bc84a71975df9afb42192b8,21000,612441,985,556,5137,https://www.youtube.com/watch?v=Z9PycmKgDws,939,503,5137,https://www.youtube.com/watch?v=Z9PycmKgDws,2213,1969,2213,https://www.youtube.com/watch?v=edyadntUrb0,4197,0,0,0,
b63a5ee44acf4498827a3fd984ab23e0,21000,1475499,771,488,1977,https://www.youtube.com/watch?v=zuz722j5vXo,771,488,1977,https://www.youtube.com/watch?v=zuz722j5vXo,0,0,0,,0,0,0,0,
7cecb437e7a54e07a29c3a164565957d,20900,1288566,1033,246,2771,https://www.youtube.com/watch?v=uqoE63Hn3bs,482,131,2482,https://www.youtube.com/watch?v=rLy_XWzV58I,2491,825,2771,https://www.youtube.com/watch?v=uqoE63Hn3bs,0,0,0,0,
38fcf8bc7f3f45d68bab44577c019c84,20800,875100,338,201,1878,https://www.youtube.com/watch?v=qHfUac9nApQ,315,170,683,https://www.youtube.com/watch?v=lknV6qh8-a0,1355,675,1878,https://www.youtube.com/watch?v=qHfUac9nApQ,0,0,0,0,
53c811a3e7814de2b76dd4e0c241a9e5,20700,659127,120,47,523,https://www.youtube.com/watch?v=qDCo2UTEFj4,120,47,523,https://www.youtube.com/watch?v=qDCo2UTEFj4,0,0,0,,646,87,63,87,https://www.twitch.tv/videos/2822916430
accbad7e89df4174a13b68edcae74068,20700,831994,291,175,1660,https://www.youtube.com/watch?v=NT_rAsKrPXU,286,175,739,https://www.youtube.com/watch?v=4vdaqAlsX-I,1266,296,1660,https://www.youtube.com/watch?v=NT_rAsKrPXU,826,509,389,1199,https://www.twitch.tv/videos/2819395647
adc9d30b5940427e96ae92238f0f8b83,20600,610186,186,80,347,https://www.youtube.com/watch?v=bZRDCdLp79Q,184,77,347,https://www.youtube.com/watch?v=bZRDCdLp79Q,225,165,225,https://www.youtube.com/watch?v=XiB911CclLk,890,0,0,0,
1ac97b8deb08470dafc128557532dd52,20600,1470112,1619,603,18731,https://www.youtube.com/watch?v=eknbywxm-w0,251,135,450,https://www.youtube.com/watch?v=fAUXWE6N9rc,2969,1178,18731,https://www.youtube.com/watch?v=eknbywxm-w0,477,0,0,0,
c540124532e14ceb8e9ffc654a0ec4c9,20500,31400526,2666,442,22810,https://www.youtube.com/watch?v=zbE5VKsZRPc,162,56,438,https://www.youtube.com/watch?v=Y0fqsMTR6pI,6021,1174,22810,https://www.youtube.com/watch?v=zbE5VKsZRPc,1728,47,31,146,https://www.twitch.tv/videos/2824410833
67d6807619064938a78832b4106de5c0,20500,915253,109,27,4159,https://www.youtube.com/watch?v=XgF4cCqNET4,108,13,110,https://www.youtube.com/watch?v=jr40Nryn1Gs,3884,1350,4159,https://www.youtube.com/watch?v=XgF4cCqNET4,3519,545,398,1190,https://www.twitch.tv/videos/2826960895
f7c8264349654390a5e39810dc012a38,20500,1460733,1893,808,2215,https://www.youtube.com/watch?v=npMlfAyKm7o,0,0,0,,1893,808,2215,https://www.youtube.com/watch?v=npMlfAyKm7o,0,0,0,0,
e92219319c904d17ad14a223a304f7b5,20400,1328024,11139,5072,118366,https://www.youtube.com/watch?v=Ea32n4ACUuY,0,0,0,,11139,5072,118366,https://www.youtube.com/watch?v=Ea32n4ACUuY,265,0,0,0,
ef67b676c0334ef182151f473469c1f1,20300,1388338,580,259,2593,https://www.youtube.com/watch?v=dOHYTz4p-hM,571,259,957,https://www.youtube.com/watch?v=BfSYyfzpZR0,2509,318,2593,https://www.youtube.com/watch?v=dOHYTz4p-hM,0,0,0,0,
c9ece3513c804b3db003cd8fca683857,20200,814294,707,252,2561,https://www.youtube.com/watch?v=7cMW63iAIrY,748,237,2561,https://www.youtube.com/watch?v=7cMW63iAIrY,513,328,513,https://www.youtube.com/watch?v=FZiODw83e50,8679,577,423,577,https://www.twitch.tv/videos/2822947340
36a96262405a4d4683db73d8403bf8b7,20000,1326698,762,343,1993,https://www.youtube.com/watch?v=GijuAGQncEc,634,305,1681,https://www.youtube.com/watch?v=WRPpgJJkoLY,1076,411,1993,https://www.youtube.com/watch?v=GijuAGQncEc,626,228,155,594,https://www.twitch.tv/videos/2822007632
2842edf30d614ca9acc4e689974058b9,20000,2219592,1632,539,4542,https://www.youtube.com/watch?v=6BNhmftPPgI,1632,539,3056,https://www.youtube.com/watch?v=bgvC_CN0EHI,2535,1667,4542,https://www.youtube.com/watch?v=6BNhmftPPgI,21,0,0,0,
a39733d216994010b34bf5033be01589,19700,1351820,2635,1306,10552,https://www.youtube.com/watch?v=VJSFwi46e4E,2556,1497,10552,https://www.youtube.com/watch?v=VJSFwi46e4E,3761,1074,6070,https://www.youtube.com/watch?v=Yji7m3-8dl0,1074,0,0,0,
88f782b3b6c6492c926f70e4a13390c9,19600,838673,431,410,1996,https://www.youtube.com/watch?v=T7QZ_iyzlTk,357,153,431,https://www.youtube.com/watch?v=530XAEBJLdw,1827,1126,1996,https://www.youtube.com/watch?v=T7QZ_iyzlTk,847,0,0,0,
6c0758764e674c6db2f985710fcfbd7b,19600,1471610,1414,644,5309,https://www.youtube.com/watch?v=86hgSDMWtck,754,379,1918,https://www.youtube.com/watch?v=2hMCplsdifw,2195,711,5309,https://www.youtube.com/watch?v=86hgSDMWtck,0,0,0,0,
de266b34e79c49b48fa566e9fb1a24af,19400,1391113,562,276,690,https://www.youtube.com/watch?v=EN7rH_cdoWo,562,276,690,https://www.youtube.com/watch?v=EN7rH_cdoWo,0,0,0,,643,0,0,0,
7b58646f89cb4b7cbcdce819499c475f,19400,373904,0,0,0,,0,0,0,,0,0,0,,0,0,0,0,
05e831b267914fc5b4d9b28de1f648dc,19400,965759,1506,427,1685,https://www.youtube.com/watch?v=QjShpYvjFsk,1595,501,1685,https://www.youtube.com/watch?v=QjShpYvjFsk,991,427,991,https://www.youtube.com/watch?v=mPEtKr98Pfc,0,0,0,0,
cdb5c89f61c94949a989457cf549b7e4,19100,1723850,760,413,1395,https://www.youtube.com/watch?v=2_fAZD4vxZ0,629,351,1346,https://www.youtube.com/watch?v=qkhJWLd6D9w,1023,694,1395,https://www.youtube.com/watch?v=2_fAZD4vxZ0,0,0,0,0,
2c05340bb152419ebe0bd3fb6a78da80,19100,1946311,528,193,2935,https://www.youtube.com/watch?v=UiZKVepG_hA,423,161,2935,https://www.youtube.com/watch?v=UiZKVepG_hA,1648,898,1940,https://www.youtube.com/watch?v=jEos9OyiG8E,0,0,0,0,
49eca1ea30a8425a8967677070c95627,19000,1245332,462,306,3077,https://www.youtube.com/watch?v=wQQkxQmqel8,396,252,949,https://www.youtube.com/watch?v=pW72WVpiVk0,2326,1107,3077,https://www.youtube.com/watch?v=wQQkxQmqel8,576,0,0,0,
76d68171666847cc913328359037139c,18600,832580,901,387,7236,https://www.youtube.com/watch?v=NmsCyNyzJ7Y,877,295,3343,https://www.youtube.com/watch?v=WCC03feZxU0,7236,4324,7236,https://www.youtube.com/watch?v=NmsCyNyzJ7Y,1660,0,0,0,
05be4fb717614738a87daac46157ddb1,18500,1326402,292,93,1787,https://www.youtube.com/watch?v=rskZqskZPqM,292,93,1787,https://www.youtube.com/watch?v=rskZqskZPqM,0,0,0,,0,0,0,0,
aaa45dc386714427ba862f691d4471ac,18200,1844470,880,502,21616,https://www.youtube.com/watch?v=uqadZoOG0cE,462,224,952,https://www.youtube.com/watch?v=devnNaT5u2k,2383,1024,21616,https://www.youtube.com/watch?v=uqadZoOG0cE,1510,0,0,0,
ebc44e2ba78f4790b832d02c31410262,18200,725993,359,190,1724,https://www.youtube.com/watch?v=BmYC-9a2-N8,291,132,563,https://www.youtube.com/watch?v=qhRGA2dENNE,1522,1035,1724,https://www.youtube.com/watch?v=BmYC-9a2-N8,590,151,125,349,https://www.twitch.tv/videos/2823849733
57903e09a68f4997b7c4bc356cd5e64d,18200,1337909,970,349,6601,https://www.youtube.com/watch?v=L8BT9mqKe7Q,609,263,1307,https://www.youtube.com/watch?v=DK0deJmvOxM,2539,1572,6601,https://www.youtube.com/watch?v=L8BT9mqKe7Q,559,0,0,0,
090be1be8d29429183e190e22fc4be22,17900,1116677,862,268,1905,https://www.youtube.com/watch?v=d8oMo_8OyC0,1383,282,1905,https://www.youtube.com/watch?v=d8oMo_8OyC0,616,268,616,https://www.youtube.com/watch?v=KK9QJrIG1mk,3934,228,151,392,https://www.twitch.tv/videos/2828526113
ed3f69b9de7c43f3a32b4e7dfdb5bfd0,17800,696503,200,95,1821,https://www.youtube.com/watch?v=iFPhdS6KXmM,183,87,486,https://www.youtube.com/watch?v=4oW_jRQHBmw,963,362,1821,https://www.youtube.com/watch?v=iFPhdS6KXmM,0,0,0,0,
7870ac4364ca4c97a4dfe7474251bf5b,17700,834544,695,311,1844,https://www.youtube.com/watch?v=nuaz4zN56BU,670,297,1844,https://www.youtube.com/watch?v=nuaz4zN56BU,1627,1004,1644,https://www.youtube.com/watch?v=lCpYhL-eAdg,0,0,0,0,
71e1a399885b48e79c9a98e973e6b5e3,17600,6055452,2010,912,8441,https://www.youtube.com/watch?v=afMcXkz6sNM,0,0,0,,2010,912,8441,https://www.youtube.com/watch?v=afMcXkz6sNM,702,41,36,58,https://www.twitch.tv/videos/2820508789
ec30041838214022aeb622c0851e46db,17500,901799,2726,713,7664,https://www.youtube.com/watch?v=dj6dSyV9Dcc,0,0,0,,2726,713,7664,https://www.youtube.com/watch?v=dj6dSyV9Dcc,5301,889,602,1120,https://www.twitch.tv/videos/2826187053
6c7a8b443aa942a89a83485c98d10559,17500,1561558,406,277,7582,https://www.youtube.com/watch?v=aGwdB4VeyWs,338,138,586,https://www.youtube.com/watch?v=roxU4_TyRtA,1920,1284,7582,https://www.youtube.com/watch?v=aGwdB4VeyWs,0,0,0,0,
b174714646ea40e28ce32affabe3e93e,17500,1035688,546,295,2533,https://www.youtube.com/watch?v=p23OUSq6iJ8,545,291,2533,https://www.youtube.com/watch?v=p23OUSq6iJ8,2297,434,2422,https://www.youtube.com/watch?v=Bj_HMOEmqag,693,0,0,0,
8eec9fd38e7440f09bf1bc864e4d6e38,17500,760476,653,286,3849,https://www.youtube.com/watch?v=NmygSNsVrUc,535,263,2118,https://www.youtube.com/watch?v=xxX3gcdhoXo,3083,1615,3849,https://www.youtube.com/watch?v=NmygSNsVrUc,4410,1278,810,2106,https://www.twitch.tv/videos/2826095503
f6fe970a79964cca9dcec4741f0f679b,17000,1676477,5056,4033,13909,https://www.youtube.com/watch?v=5mRzTW30PBk,0,0,0,,5056,4033,13909,https://www.youtube.com/watch?v=5mRzTW30PBk,86417,80496,34687,116449,https://www.twitch.tv/videos/2828435119
bf58297d50a741e5b1808ec4c445f216,17000,4108705,1871,313,5244,https://www.youtube.com/watch?v=Z0NwkEsa96I,312,196,427,https://www.youtube.com/watch?v=PoeovIM0b2A,2491,1264,5244,https://www.youtube.com/watch?v=Z0NwkEsa96I,0,0,0,0,
2ada3b89962b479bb8dbd2a63bca5da1,17000,1272237,304,180,2316,https://www.youtube.com/watch?v=x9sPCfTys5U,297,180,506,https://www.youtube.com/watch?v=WZ3UHVOJWHU,1408,601,2316,https://www.youtube.com/watch?v=x9sPCfTys5U,0,0,0,0,
470d1cb40a5e460e8cdc1414c5fd1a34,16900,370029,321,196,768,https://www.youtube.com/watch?v=sfDXqLVdUuw,338,210,768,https://www.youtube.com/watch?v=sfDXqLVdUuw,189,175,189,https://www.youtube.com/watch?v=Mgtu2dF6HgA,1282,0,0,0,
fbb142bcb07a4808b0164c41ab1877ea,16700,1533944,239,83,1824,https://www.youtube.com/watch?v=EwtW893FmF8,203,83,293,https://www.youtube.com/watch?v=WxVrE78Da6A,1824,672,1824,https://www.youtube.com/watch?v=EwtW893FmF8,0,0,0,0,
c379e3f4f1eb41869ec465481b182e50,16600,862953,469,231,3678,https://www.youtube.com/watch?v=h4TnQa-PifA,404,189,515,https://www.youtube.com/watch?v=fQCbm9gexuI,1793,831,3678,https://www.youtube.com/watch?v=h4TnQa-PifA,0,0,0,0,
8796ee6fb25b4b40a8ad9a188059951a,16600,608984,234,88,2614,https://www.youtube.com/watch?v=JIETp7A_p2Q,218,81,305,https://www.youtube.com/watch?v=9lOSf8TTbbc,2614,447,2614,https://www.youtube.com/watch?v=JIETp7A_p2Q,0,0,0,0,
56b4e7f364bc4b96b3a9d48596e28d8d,16500,837227,5977,3073,294180,https://www.youtube.com/watch?v=VGyGrSyv1cw,0,0,0,,5977,3073,294180,https://www.youtube.com/watch?v=VGyGrSyv1cw,0,0,0,0,
c61d5dd825d5423fac8fd1bc0596d1ff,16400,434040,376,176,376,https://www.youtube.com/watch?v=W42ePFKaRc4,376,176,376,https://www.youtube.com/watch?v=W42ePFKaRc4,0,0,0,,0,0,0,0,
0b63fa89b80e4649b0297d156ed1c791,16400,1456727,722,417,1656,https://www.youtube.com/watch?v=STT-haP7mxc,734,397,1656,https://www.youtube.com/watch?v=STT-haP7mxc,522,487,522,https://www.youtube.com/watch?v=8i5mFUfsndk,0,0,0,0,
2885972c2d0943e6b697bdc5e72c1d4a,16200,320213,280,141,857,https://www.youtube.com/watch?v=ZsCfFvSrj-Q,280,141,857,https://www.youtube.com/watch?v=ZsCfFvSrj-Q,0,0,0,,0,0,0,0,
0ba1bc3725a9456aa0f66ec951ad47eb,16100,995339,1368,638,68572,https://www.youtube.com/watch?v=-N2sxPZfLEI,334,184,1785,https://www.youtube.com/watch?v=twPC269h6J8,3906,1890,68572,https://www.youtube.com/watch?v=-N2sxPZfLEI,6333,531,283,4766,https://www.twitch.tv/videos/2822160473
221563b6b46245379c6dc6328c9d0447,15900,1168867,391,157,391,https://www.youtube.com/watch?v=chD3J258zBw,0,0,0,,391,157,391,https://www.youtube.com/watch?v=chD3J258zBw,0,0,0,0,
09600daf1956476190642d1be738e945,15800,1622434,896,477,11648,https://www.youtube.com/watch?v=8G0WOSLc8Ys,829,339,1055,https://www.youtube.com/watch?v=XIQwQbq-m6g,3415,2007,11648,https://www.youtube.com/watch?v=8G0WOSLc8Ys,0,0,0,0,
7587608de08740aeb1a8dbe40006b90d,15700,1346449,2212,1015,23640,https://www.youtube.com/watch?v=ScWhJ1nzx1g,774,208,859,https://www.youtube.com/watch?v=ZUnqnemdHlc,2352,1062,23640,https://www.youtube.com/watch?v=ScWhJ1nzx1g,2813,832,276,1176,https://www.twitch.tv/videos/2811183183
5db725f32b5e4e1380ad64110b88c91d,15700,5001224,1233,824,1500,https://www.youtube.com/watch?v=81dlEI1CgFs,63,49,88,https://www.youtube.com/watch?v=L1hyI55y1VI,1444,1058,1500,https://www.youtube.com/watch?v=81dlEI1CgFs,1051,0,0,0,
ec183b10574a449f91e43ab216976a60,15600,1293960,1405,847,5778,https://www.youtube.com/watch?v=wUStwe034C8,1161,383,1568,https://www.youtube.com/watch?v=dTIDj_fDY70,3238,1624,5778,https://www.youtube.com/watch?v=wUStwe034C8,1289,0,0,0,
656455380d524045b9f75d6082563f94,15600,1492441,209,116,1782,https://www.youtube.com/watch?v=oIq_r7XvR94,199,110,239,https://www.youtube.com/watch?v=cqI_CMMqUKk,410,122,1782,https://www.youtube.com/watch?v=oIq_r7XvR94,659,0,0,0,
77533b0fb2324e33bff67fbbf4daf13f,15400,3936362,557,216,1273,https://www.youtube.com/watch?v=BjfaZYGKy98,1029,236,1273,https://www.youtube.com/watch?v=BjfaZYGKy98,541,199,563,https://www.youtube.com/watch?v=cXioK9ho-uk,1467,9,7,10,https://www.twitch.tv/videos/2822200282
e93182ff3a954e0e92567136dc3659ed,15400,460999,172,91,2933,https://www.youtube.com/watch?v=gZ3GZ4DX3lE,171,80,349,https://www.youtube.com/watch?v=tVJGZCyjRVs,2933,1755,2933,https://www.youtube.com/watch?v=gZ3GZ4DX3lE,0,0,0,0,
5f8930a469f94b5cad116810f68a2614,15300,472123,1179,492,6362,https://www.youtube.com/watch?v=lgX792RHUGc,752,475,2895,https://www.youtube.com/watch?v=fJwhDEuyHHw,1972,1328,6362,https://www.youtube.com/watch?v=lgX792RHUGc,0,0,0,0,
fd7a69505569429fb845ac056825f3a9,15300,1624111,234,181,2019,https://www.youtube.com/watch?v=aydb-UQVaJo,220,118,450,https://www.youtube.com/watch?v=IRxffBKgb00,1284,415,2019,https://www.youtube.com/watch?v=aydb-UQVaJo,0,0,0,0,
0f595c5e48be4f29befb358388a61f8b,15100,1223639,0,0,0,,0,0,0,,0,0,0,,381,0,0,0,
15e4450f63904e50907dc93fee446fd2,15000,1134971,663,297,8921,https://www.youtube.com/watch?v=CI0w-0A76-Y,454,210,790,https://www.youtube.com/watch?v=AXbr6fJvLTg,2240,898,8921,https://www.youtube.com/watch?v=CI0w-0A76-Y,0,0,0,0,
0471d5082a2e419786e141d6424c9150,15000,1617680,869,361,62912,https://www.youtube.com/watch?v=2Pa_W-VAXn0,489,163,2032,https://www.youtube.com/watch?v=aAXUbrYi604,3141,1807,62912,https://www.youtube.com/watch?v=2Pa_W-VAXn0,8240,1604,530,2826,https://www.twitch.tv/videos/2806287951
031e5c207b634c6ab08dbc0a361ba52e,14800,493182,367,277,4220,https://www.youtube.com/watch?v=eCCXQPo1UGE,361,222,1498,https://www.youtube.com/watch?v=QycKBVeRiow,3988,1872,4220,https://www.youtube.com/watch?v=eCCXQPo1UGE,473,0,0,0,
ac1ce1eeaffa4e58a8155c20d8f85ff3,14800,619557,425,265,2271,https://www.youtube.com/watch?v=occYJWIVtGo,385,225,562,https://www.youtube.com/watch?v=yByx889EEeI,1232,605,2271,https://www.youtube.com/watch?v=occYJWIVtGo,5453,1868,749,1868,https://www.twitch.tv/videos/2814961519
6a30fc9ee6f24d839198497406c63cc1,14600,2056589,930,497,1830,https://www.youtube.com/watch?v=YDokdKyXSj0,0,0,0,,930,497,1830,https://www.youtube.com/watch?v=YDokdKyXSj0,516,0,0,0,
03762df738044b09a1e216949158c8a4,14600,251357,0,0,0,,0,0,0,,0,0,0,,2474,387,310,448,https://www.twitch.tv/videos/2826967439
d5c19a6328af48ba88bf41b2dd757f14,14600,722264,1311,173,2152,https://www.youtube.com/watch?v=C4F9XgEmSSQ,225,90,408,https://www.youtube.com/watch?v=35BamrQY4Ac,1775,772,2152,https://www.youtube.com/watch?v=C4F9XgEmSSQ,0,0,0,0,
c4bc52355d334a98bdaa1e57c05673ad,14500,1151339,462,236,922,https://www.youtube.com/watch?v=8t5N8jmAJ9U,462,236,922,https://www.youtube.com/watch?v=8t5N8jmAJ9U,0,0,0,,0,0,0,0,
17933ba43ccf4e3c85961523b77bd901,14500,414507,954,433,1682,https://www.youtube.com/watch?v=haNG20DnSkY,940,433,1312,https://www.youtube.com/watch?v=GWS10vrFRPY,1402,545,1682,https://www.youtube.com/watch?v=haNG20DnSkY,1279,724,473,788,https://www.twitch.tv/videos/2819765038
b5561ece0c9b4f4a8fccdd3b36ee3260,14400,900576,187,80,2357,https://www.youtube.com/watch?v=64rx8VKRT0Y,167,72,286,https://www.youtube.com/watch?v=qvNQwI1C9fM,1297,660,2357,https://www.youtube.com/watch?v=64rx8VKRT0Y,0,0,0,0,
bf197e3d2cd6400db5f7e397427965e5,14300,418844,118,60,190,https://www.youtube.com/watch?v=_agn7cZaWuM,118,60,190,https://www.youtube.com/watch?v=_agn7cZaWuM,0,0,0,,274,0,0,0,
68820304b6164959806479d6c9dad127,14200,931109,838,458,2900,https://www.youtube.com/watch?v=Cc2WbtxhMF8,753,387,1854,https://www.youtube.com/watch?v=7luOByG4N4w,2575,1321,2900,https://www.youtube.com/watch?v=Cc2WbtxhMF8,0,0,0,0,
a51be890a1f443ea87bee45c9d8acf13,14200,955206,0,0,0,,0,0,0,,0,0,0,,19752,5527,1935,7145,https://www.twitch.tv/videos/2818761944
44af52f7f6aa487e850b3d261947205b,14200,2027348,320,182,3106,https://www.youtube.com/watch?v=C5uwQHfCl9M,241,167,2497,https://www.youtube.com/watch?v=EgwGCJ3CRzw,1339,266,3106,https://www.youtube.com/watch?v=C5uwQHfCl9M,189,105,74,142,https://www.twitch.tv/videos/2822173708
7c5232b16a1d44498677ed33e72bd8c6,14100,565053,318,297,1322,https://www.youtube.com/watch?v=ByWDTizrPaQ,315,294,685,https://www.youtube.com/watch?v=sULelVS8Loo,1322,1087,1322,https://www.youtube.com/watch?v=ByWDTizrPaQ,0,0,0,0,
1a1942f52ea74121923497e7e0cfd6a5,14000,673350,0,0,0,,0,0,0,,0,0,0,,0,0,0,0,
2d57d202ef8e46a5871302b944309bc2,14000,1272936,20,2,21,https://www.youtube.com/watch?v=tVwfR4Eu3fc,20,2,21,https://www.youtube.com/watch?v=tVwfR4Eu3fc,0,0,0,,0,0,0,0,
4d8babea181e44df9855f3aafc06eb2c,13900,932200,251,142,3880,https://www.youtube.com/watch?v=O_7SaNYs_JM,213,59,539,https://www.youtube.com/watch?v=JIvpd_sugfA,1685,1033,3880,https://www.youtube.com/watch?v=O_7SaNYs_JM,0,0,0,0,
2ee2acc29fac42c5b130558543cbdf00,13800,913409,305,163,598,https://www.youtube.com/watch?v=1so7xk38JDE,305,163,598,https://www.youtube.com/watch?v=1so7xk38JDE,0,0,0,,885,39,35,72,https://www.twitch.tv/videos/2818228517
1a520f3d2665454f985490e42467ae27,13700,525285,325,183,2336,https://www.youtube.com/watch?v=LK6JZ-nWwAs,307,179,2336,https://www.youtube.com/watch?v=LK6JZ-nWwAs,1445,235,1445,https://www.youtube.com/watch?v=8FEB0rrhxE4,0,0,0,0,
abc7acc71b474ebebecfde51ad5f88e1,13700,547225,187,43,252,https://www.youtube.com/watch?v=T9knpgfY1uU,187,43,252,https://www.youtube.com/watch?v=T9knpgfY1uU,0,0,0,,1632,0,0,0,
3d46fb16bc2c48fb8f12a647cf5ec702,13700,1172363,660,329,2585,https://www.youtube.com/watch?v=1_Isf-EqDKQ,578,329,2206,https://www.youtube.com/watch?v=H-vWCUd3Y4g,1642,656,2585,https://www.youtube.com/watch?v=1_Isf-EqDKQ,0,0,0,0,
ad2a1148ff4747229694f9aa2c3645d9,13700,1063300,1153,288,1825,https://www.youtube.com/watch?v=sL-J3TymNZY,288,188,445,https://www.youtube.com/watch?v=cB4g6rFzoVM,1483,801,1825,https://www.youtube.com/watch?v=sL-J3TymNZY,0,0,0,0,
7ef2dc851df94f5aa7f632c736b4307e,13700,476942,256,135,284,https://www.youtube.com/watch?v=zqUPCpMrpzQ,256,135,284,https://www.youtube.com/watch?v=zqUPCpMrpzQ,0,0,0,,648,0,0,0,
4571c7a211b945f3b608c0066f7e73e4,13700,3409778,357,203,1116,https://www.youtube.com/watch?v=-mMZCeqw8UM,332,202,1116,https://www.youtube.com/watch?v=-mMZCeqw8UM,684,273,684,https://www.youtube.com/watch?v=ZsSDl7gadaM,823,0,0,0,
0448e6929687421c9e0435832765b9fe,13700,342723,337,132,1621,https://www.youtube.com/watch?v=Dx4dCVkmAKk,337,132,524,https://www.youtube.com/watch?v=v8Ny786kupw,814,85,1621,https://www.youtube.com/watch?v=Dx4dCVkmAKk,2892,468,352,1239,https://www.twitch.tv/videos/2826841199
788611c913b04d999011628637657bee,13600,1616495,1056,399,16950,https://www.youtube.com/watch?v=mp4GAYApZCc,727,248,1855,https://www.youtube.com/watch?v=vnEBjEh5veY,2967,1383,16950,https://www.youtube.com/watch?v=mp4GAYApZCc,2525,806,638,1108,https://www.twitch.tv/videos/2818714435
5d2231ea88fd474d8a11e5a759899216,13500,3514431,486,295,2343,https://www.youtube.com/watch?v=N6nNfLGoyW8,435,223,861,https://www.youtube.com/watch?v=In0kAc1f_UE,1888,1255,2343,https://www.youtube.com/watch?v=N6nNfLGoyW8,215,0,0,0,
8195d69546e3466c95f9d35ccb7c6c35,13400,1375570,810,408,2671,https://www.youtube.com/watch?v=psXBCB5ZB9A,631,388,2098,https://www.youtube.com/watch?v=IlST3IiqRls,1720,883,2671,https://www.youtube.com/watch?v=psXBCB5ZB9A,0,0,0,0,
20aa88e16d77400b9bc4e72df1b2a588,13400,462016,402,214,1951,https://www.youtube.com/watch?v=LleMhWCLxI0,361,132,600,https://www.youtube.com/watch?v=db8PrtAbzms,961,470,1951,https://www.youtube.com/watch?v=LleMhWCLxI0,0,0,0,0,
1eec022f916a46b58f5124936afdabe3,13300,371183,197,140,428,https://www.youtube.com/watch?v=h-5EGr2mti8,197,140,428,https://www.youtube.com/watch?v=h-5EGr2mti8,0,0,0,,0,0,0,0,
cad7f93653b54779932a6809a5f3a769,13200,364946,268,165,922,https://www.youtube.com/watch?v=lUZ0cmWh7QI,268,165,922,https://www.youtube.com/watch?v=lUZ0cmWh7QI,0,0,0,,1305,494,427,494,https://www.twitch.tv/videos/2826097246
633c7350aca946428e98228660ee73e2,13200,669861,513,269,4309,https://www.youtube.com/watch?v=CZgxMYPR7kw,451,261,1653,https://www.youtube.com/watch?v=1iAmlg_Zh1w,1924,618,4309,https://www.youtube.com/watch?v=CZgxMYPR7kw,0,0,0,0,
70b86c53cafa43b49e2782fe4e4bbd6c,13200,1008014,386,159,1614,https://www.youtube.com/watch?v=SssC8ZsNT0Q,341,159,1251,https://www.youtube.com/watch?v=JD3D_LRslSw,595,207,1614,https://www.youtube.com/watch?v=SssC8ZsNT0Q,0,0,0,0,
0ab147ded84b484eac14de7a46c9cf4e,13100,698521,231,103,2784,https://www.youtube.com/watch?v=WKXlB9-1z0A,212,102,516,https://www.youtube.com/watch?v=S0vvylaDhus,1677,855,2784,https://www.youtube.com/watch?v=WKXlB9-1z0A,0,0,0,0,
f73be498fddd4e718f18f8203af00f33,13100,477674,228,92,3406,https://www.youtube.com/watch?v=eJsSA18NZXA,221,92,566,https://www.youtube.com/watch?v=uqCvfWm8Ohc,3406,2609,3406,https://www.youtube.com/watch?v=eJsSA18NZXA,518,0,0,0,
5ee3c46f62cf4b34accc313fb437581b,13100,173847,218,99,233,https://www.youtube.com/watch?v=cX0LZFpeeMU,218,99,233,https://www.youtube.com/watch?v=cX0LZFpeeMU,0,0,0,,0,0,0,0,
390346240f4748bd9d81e472411c20c2,13100,322591,0,0,0,,0,0,0,,0,0,0,,3643,0,0,0,
0247d07842794dccb043e0b10a888d30,13000,39116,17641,15265,20803,https://www.youtube.com/watch?v=qnpr-RFnOo8,0,0,0,,17641,15265,20803,https://www.youtube.com/watch?v=qnpr-RFnOo8,2025,0,0,0,
670990d65f7b459ba2a3728c39d4cb9a,12900,57557,24640,18796,26835,https://www.youtube.com/watch?v=mmZQUhAGUSs,0,0,0,,24640,18796,26835,https://www.youtube.com/watch?v=mmZQUhAGUSs,1903,0,0,0,
5fbcb045887b4a87878773dbf5f63e26,12800,398698,346,120,472,https://www.youtube.com/watch?v=WU6kDLJPU28,346,120,472,https://www.youtube.com/watch?v=WU6kDLJPU28,0,0,0,,1481,1011,723,1471,https://www.twitch.tv/videos/2827626470
a168211aa3dd451cb33e09b80df0ea0a,12800,383219,124,61,266,https://www.youtube.com/watch?v=YYubRc9bgWg,124,61,266,https://www.youtube.com/watch?v=YYubRc9bgWg,0,0,0,,553,0,0,0,
00d3ddb7b65247eaa16473cfd1376723,12800,1086231,1541,659,14071,https://www.youtube.com/watch?v=1LPinvqjork,1086,503,4736,https://www.youtube.com/watch?v=bbCBSY_Js9A,2689,1348,14071,https://www.youtube.com/watch?v=1LPinvqjork,1065,0,0,0,
3005ff0c09064d7f924c506e1e9c18ba,12700,512071,4423,582,4423,https://www.youtube.com/watch?v=ovLnuCLohcA,0,0,0,,4423,582,4423,https://www.youtube.com/watch?v=ovLnuCLohcA,22723,2574,1300,6411,https://www.twitch.tv/videos/2823726325
15cbed02d2f74630b04b73515909c1f4,12700,454079,141,76,141,https://www.youtube.com/watch?v=Z9VIKZoZbQY,141,76,141,https://www.youtube.com/watch?v=Z9VIKZoZbQY,0,0,0,,2457,0,0,0,
fbced2373c5a48f6abee998296f20617,12700,1437,0,0,0,,0,0,0,,0,0,0,,0,0,0,0,
2a3824dd5c0a46f597b27dd183283aea,12700,6294411,570,314,24214,https://www.youtube.com/watch?v=iw1UjCY3Lnw,348,198,1804,https://www.youtube.com/watch?v=lZE9xHKOBNY,14052,6079,24214,https://www.youtube.com/watch?v=iw1UjCY3Lnw,0,0,0,0,
7805f5aaa7be47878ebcf88c6ff4669a,12500,32565,15735,12979,17834,https://www.youtube.com/watch?v=L2PH7tkq7pw,0,0,0,,15735,12979,17834,https://www.youtube.com/watch?v=L2PH7tkq7pw,1928,0,0,0,
341ca5efce084743977d3b74315a30ab,12500,698522,739,386,3047,https://www.youtube.com/watch?v=fk8Ji9zqmXc,684,386,922,https://www.youtube.com/watch?v=8LCN-HhWXwE,2679,1328,3047,https://www.youtube.com/watch?v=fk8Ji9zqmXc,1558,474,329,492,https://www.twitch.tv/videos/2821349218
976e0cf401784d3f874dc85b2b2c5839,12400,1230164,602,255,1524,https://www.youtube.com/watch?v=VxL1L6MnRKo,602,255,1524,https://www.youtube.com/watch?v=VxL1L6MnRKo,0,0,0,,3021,0,0,0,
3a8f78d98fd344cb9d32358e5c96eace,12400,607872,1426,884,2038,https://www.youtube.com/watch?v=Q0TGjKA4usE,1426,884,2038,https://www.youtube.com/watch?v=Q0TGjKA4usE,0,0,0,,4910,1334,1114,2717,https://www.twitch.tv/videos/2819788374
703ae2c7ccc9431382a5b0f2c35e6ec1,12400,825898,536,257,561,https://www.youtube.com/watch?v=cqOpfre3Bj4,536,257,561,https://www.youtube.com/watch?v=cqOpfre3Bj4,0,0,0,,0,0,0,0,
0c09a69445864b44adbba11b487f9b1a,12300,766052,489,154,3452,https://www.youtube.com/watch?v=e3VXT5Q03x4,0,0,0,,489,154,3452,https://www.youtube.com/watch?v=e3VXT5Q03x4,811,0,0,0,
93a4d479e67242d58d3ff80307d3bc84,12200,441283,283,148,656,https://www.youtube.com/watch?v=1SNfKfaoKHM,192,112,257,https://www.youtube.com/watch?v=endUDWisglk,492,264,656,https://www.youtube.com/watch?v=1SNfKfaoKHM,200,45,34,47,https://www.twitch.tv/videos/2820560300
675071ddbd4844119d341bbfd6a0ee2a,12200,452866,283,75,30288,https://www.youtube.com/watch?v=vZpQvRhLAb8,270,75,378,https://www.youtube.com/watch?v=BZFyMTR6vcw,23142,3096,30288,https://www.youtube.com/watch?v=vZpQvRhLAb8,0,0,0,0,
b1939ca67a3c43cf8a6a0a9a88137419,12100,262238,266,192,449,https://www.youtube.com/watch?v=cwuzdqrggyY,266,192,449,https://www.youtube.com/watch?v=cwuzdqrggyY,0,0,0,,0,0,0,0,
8faff7aecb9d4e12917ea0144696e2de,12100,532921,296,161,548,https://www.youtube.com/watch?v=35D7QDMyNYM,296,161,548,https://www.youtube.com/watch?v=35D7QDMyNYM,0,0,0,,983,281,201,406,https://www.twitch.tv/videos/2820498497
126103200de947a7a3c2ac3971eef633,12100,248402,0,0,0,,0,0,0,,0,0,0,,0,0,0,0,
316dd044dc644c4cac9e140dcba5d210,12100,960834,298,49,380,https://www.youtube.com/watch?v=sX0yuaNqkG8,0,0,0,,298,49,380,https://www.youtube.com/watch?v=sX0yuaNqkG8,2220,494,273,1764,https://www.twitch.tv/videos/2819610642
7cbd1f537c3d4e67b38b9f9e31cb93d6,12100,291025,321,233,489,https://www.youtube.com/watch?v=5GpneLxG83E,321,233,489,https://www.youtube.com/watch?v=5GpneLxG83E,0,0,0,,3527,901,375,1287,https://www.twitch.tv/videos/2822043416
b57162e62056494d85f1743abdbad648,12000,650734,205,12,205,https://www.youtube.com/watch?v=5AI2D93xVy8,0,0,0,,205,12,205,https://www.youtube.com/watch?v=5AI2D93xVy8,308,0,0,0,
9012b1827e8141bd9d56d1a04b2f7ad1,12000,823565,748,303,2077,https://www.youtube.com/watch?v=QkOreLVsqn0,720,297,1866,https://www.youtube.com/watch?v=s1_9CIajGjY,1765,931,2077,https://www.youtube.com/watch?v=QkOreLVsqn0,0,0,0,0,
d2c76258b7ff45ee88e3585c4c9ed0c1,12000,390277,0,0,0,,0,0,0,,0,0,0,,3783,0,0,0,
6559d42f66684b8f80b4cd4589addd85,11900,786901,194,107,442,https://www.youtube.com/watch?v=GQLbAYeHcus,200,112,442,https://www.youtube.com/watch?v=GQLbAYeHcus,172,96,227,https://www.youtube.com/watch?v=MicusvBt15s,3670,122,106,137,https://www.twitch.tv/videos/2825459572
a1608f0690584f07bf7aaf84ed9e4d8f,11900,300707,457,216,1050,https://www.youtube.com/watch?v=iOigvNtMkKM,430,190,1050,https://www.youtube.com/watch?v=iOigvNtMkKM,484,242,484,https://www.youtube.com/watch?v=HJED2ugBqUk,0,0,0,0,
a8d11ac027d842c598de50529e797547,11900,265318,5257,2564,13127,https://www.youtube.com/watch?v=-nEjyIx65tw,4739,2074,5630,https://www.youtube.com/watch?v=OLCY5inzZvg,6995,2798,13127,https://www.youtube.com/watch?v=-nEjyIx65tw,20097,9328,3459,17650,https://www.twitch.tv/videos/2808845512
774342c826924ecfb8b13a2bc27e3b81,11900,2644539,106,41,163,https://www.youtube.com/watch?v=ZbO9-v5wio0,97,39,106,https://www.youtube.com/watch?v=9LbQ_EYShq4,163,76,163,https://www.youtube.com/watch?v=ZbO9-v5wio0,0,0,0,0,
82e63a8d4ae14beab89e13b43b35fce3,11900,338911,197,98,2888,https://www.youtube.com/watch?v=RAACk-OL4hQ,190,87,2888,https://www.youtube.com/watch?v=RAACk-OL4hQ,357,309,357,https://www.youtube.com/watch?v=ww3VrHjXLDo,0,0,0,0,
60ae2b3fd2254689bb65c216a0a09605,11900,0,0,0,0,,0,0,0,,0,0,0,,0,0,0,0,
78c188fcd01a4ba382fb153ec86a7367,11900,1222275,531,255,1590,https://www.youtube.com/watch?v=G2Vgnt85mi0,485,222,811,https://www.youtube.com/watch?v=qzLUn1GkSNI,1420,623,1590,https://www.youtube.com/watch?v=G2Vgnt85mi0,0,0,0,0,
696e947cd8624e609553d6786d21f11c,11800,422450,267,71,710,https://www.youtube.com/watch?v=OH0hnA7ay6U,267,71,710,https://www.youtube.com/watch?v=OH0hnA7ay6U,0,0,0,,0,0,0,0,
a2e67b720e754c16bd739bcf9a95e396,11800,940789,962,263,2773,https://www.youtube.com/watch?v=jbJdN3GC7zs,258,74,497,https://www.youtube.com/watch?v=4kqDXyhCNxw,2145,1265,2773,https://www.youtube.com/watch?v=jbJdN3GC7zs,0,0,0,0,
ab5709b7d3074c6db2a57995d5b1c328,11700,1187575,457,241,5070,https://www.youtube.com/watch?v=iHLE9oCxTuA,467,266,1000,https://www.youtube.com/watch?v=kIH14iZ-E8c,105,92,5070,https://www.youtube.com/watch?v=iHLE9oCxTuA,0,0,0,0,
72cc5bf1729245618e1f10da0b796d53,11700,499699,281,106,2401,https://www.youtube.com/watch?v=Jg1Uc2mM998,202,75,389,https://www.youtube.com/watch?v=kvAIFZa6ukU,1380,645,2401,https://www.youtube.com/watch?v=Jg1Uc2mM998,1509,0,0,0,
4558095012964943921cd8a376a192fd,11700,442189,0,0,0,,0,0,0,,0,0,0,,6439,1224,899,1224,https://www.twitch.tv/videos/2822969568
c4470a1419984fb8aec0851f225b177a,11700,716834,403,378,1091,https://www.youtube.com/watch?v=E3gSVd0_qE0,375,269,403,https://www.youtube.com/watch?v=8AjrMGsVyjU,1091,874,1091,https://www.youtube.com/watch?v=E3gSVd0_qE0,0,0,0,0,
a5f7302f9f1a4fcdb2471c4bc52a05fb,11600,899102,783,459,4095,https://www.youtube.com/watch?v=kU8qUi1j7FM,714,422,1186,https://www.youtube.com/watch?v=7JDOF21dEBo,3481,2040,4095,https://www.youtube.com/watch?v=kU8qUi1j7FM,0,0,0,0,
5f0afd7885894861925e7030c096297e,11600,592397,223,103,898,https://www.youtube.com/watch?v=vi35yUMkGP8,225,105,898,https://www.youtube.com/watch?v=vi35yUMkGP8,55,54,55,https://www.youtube.com/watch?v=t1nXCpleQJI,0,0,0,0,
5fc94cdcf7594a3ba5ce001ba405d3be,11600,771295,472,222,1143,https://www.youtube.com/watch?v=h-YOXZeCdL0,478,266,1143,https://www.youtube.com/watch?v=h-YOXZeCdL0,360,221,472,https://www.youtube.com/watch?v=QOWchOVAA6U,1891,0,0,0,
512e1f38a37942cc8b7cb8aed597a810,11600,720448,289,179,1786,https://www.youtube.com/watch?v=o-16lrkqnuI,258,112,397,https://www.youtube.com/watch?v=vm61zhYMKVk,1336,664,1786,https://www.youtube.com/watch?v=o-16lrkqnuI,0,0,0,0,
51cd04cab0de47d4b2b5a156bbe2dfb0,11300,451611,195,128,1367,https://www.youtube.com/watch?v=pbqrMkDPfMk,188,127,417,https://www.youtube.com/watch?v=ca_8SDB7NWQ,1367,773,1367,https://www.youtube.com/watch?v=pbqrMkDPfMk,0,0,0,0,
914f6caed3ff4348824d966f76662bc2,11200,1063126,599,150,1576,https://www.youtube.com/watch?v=mbur_CRI7zg,599,150,778,https://www.youtube.com/watch?v=dCrXkITumlk,1000,656,1576,https://www.youtube.com/watch?v=mbur_CRI7zg,0,0,0,0,
e11a32eec71e4b49aba5525ba012a02a,11200,487757,197,60,596,https://www.youtube.com/watch?v=k7j_lFN2bDc,192,59,596,https://www.youtube.com/watch?v=k7j_lFN2bDc,470,249,470,https://www.youtube.com/watch?v=vzjHhzpB6dk,248,0,0,0,
43864254e678407fae3dc899f7155912,11200,511060,186,107,310,https://www.youtube.com/watch?v=NYp1q5riXRE,188,150,310,https://www.youtube.com/watch?v=NYp1q5riXRE,184,45,298,https://www.youtube.com/watch?v=2B7SjWO4byM,0,0,0,0,
4bfaeda5b1f242959a992d6ad8b8a036,11100,344428,140,104,1955,https://www.youtube.com/watch?v=8aczjgyhxZw,120,86,187,https://www.youtube.com/watch?v=KEDHH8fQ9a4,1400,289,1955,https://www.youtube.com/watch?v=8aczjgyhxZw,467,0,0,0,
824bd7df6923453292dec9ff3e3f664a,11100,551634,930,183,1545,https://www.youtube.com/watch?v=Qz8D6VuDKJo,101,57,214,https://www.youtube.com/watch?v=8Fd5af4Vd3c,1446,721,1545,https://www.youtube.com/watch?v=Qz8D6VuDKJo,656,0,0,0,
209a528363cd411886ec9e5d086ff1bc,11100,1349118,787,315,4418,https://www.youtube.com/watch?v=RiqkLcVajrA,804,332,4418,https://www.youtube.com/watch?v=RiqkLcVajrA,465,170,465,https://www.youtube.com/watch?v=RpLSHMsvsic,765,0,0,0,
99e291fd358849b8877df76fba0a672e,11100,697789,0,0,0,,0,0,0,,0,0,0,,0,0,0,0,
d9e5219a4cd84ac59bc35faa94729f01,11000,709808,182,158,2026,https://www.youtube.com/watch?v=8Czh5GZteqw,147,53,338,https://www.youtube.com/watch?v=maMyogl936g,1612,816,2026,https://www.youtube.com/watch?v=8Czh5GZteqw,9045,352,297,541,https://www.twitch.tv/videos/2827735983
836f66b079c4466db64a8b3bc9295450,11000,363608,96,84,141,https://www.youtube.com/watch?v=2f51H6ntvag,0,0,0,,96,84,141,https://www.youtube.com/watch?v=2f51H6ntvag,0,0,0,0,
84944da407dc4de9896c7b763132908c,11000,685972,170,78,2105,https://www.youtube.com/watch?v=sYU-Q99A-vc,165,60,301,https://www.youtube.com/watch?v=s-YJCMxSnEw,1177,340,2105,https://www.youtube.com/watch?v=sYU-Q99A-vc,0,0,0,0,
b4bf821f6a6a440996f4fd9cddaf250b,11000,544768,177,125,542,https://www.youtube.com/watch?v=ts-xwFYGpcI,143,79,155,https://www.youtube.com/watch?v=ZVikEAoryac,377,171,542,https://www.youtube.com/watch?v=ts-xwFYGpcI,145,0,0,0,
8fae79a84cd049fd8a2ea50528a75e2b,11000,668772,4936,1740,40713,https://www.youtube.com/watch?v=aJMV83l0aWk,1845,94,1845,https://www.youtube.com/watch?v=CyC_PCCNi-Q,5474,1830,40713,https://www.youtube.com/watch?v=aJMV83l0aWk,3847,1281,871,3684,https://www.twitch.tv/videos/2819640526
b165ca888a7d4f61b754ac53ca374f11,10900,711868,0,0,0,,0,0,0,,0,0,0,,0,0,0,0,
4b53aa789e544bd9aaecc9fbc79e4bbe,10900,873583,421,172,878,https://www.youtube.com/watch?v=5UlEeUMaeC8,421,172,878,https://www.youtube.com/watch?v=5UlEeUMaeC8,0,0,0,,0,0,0,0,
e949052e4ee24ecd8b352a68f6bf51e1,10900,392043,742,323,2955,https://www.youtube.com/watch?v=TmPOvfOmj9w,702,519,1520,https://www.youtube.com/watch?v=lRgsvsnPP94,2955,83,2955,https://www.youtube.com/watch?v=TmPOvfOmj9w,2050,358,251,1107,https://www.twitch.tv/videos/2826870482
89742766181f469b807f397325a2a6bf,10900,237421,174,47,14225,https://www.youtube.com/watch?v=yCHkTNghKXQ,153,47,615,https://www.youtube.com/watch?v=CPmwLZ0_2NU,7256,3115,14225,https://www.youtube.com/watch?v=yCHkTNghKXQ,372,0,0,0,
ed28c754bb704dbf8a296f7008c2b5e4,10900,114780,0,0,0,,0,0,0,,0,0,0,,998,0,0,0,
645fc774332a469ebd03f1a822ebe2be,10800,945521,536,240,4462,https://www.youtube.com/watch?v=iK1FFO19Tb4,532,235,974,https://www.youtube.com/watch?v=cOF7ZGTUK6c,4462,3283,4462,https://www.youtube.com/watch?v=iK1FFO19Tb4,0,0,0,0,
75d0bd5fa58a4a5fb479e3b2ebae82a7,10800,445965,156,70,221,https://www.youtube.com/watch?v=MwoPUzSrCY0,156,70,221,https://www.youtube.com/watch?v=MwoPUzSrCY0,0,0,0,,0,0,0,0,
c518b228a5a849179ab26f28d230036e,10800,134540,0,0,0,,0,0,0,,0,0,0,,0,0,0,0,
c163cb7f683c453fa8a994ebbb09ede8,10800,459266,665,102,2121,https://www.youtube.com/watch?v=pMiDZ9CovPc,111,62,143,https://www.youtube.com/watch?v=35d3tfXZuno,1633,895,2121,https://www.youtube.com/watch?v=pMiDZ9CovPc,3284,326,212,591,https://www.twitch.tv/videos/2825198414
a31f3ab4cad841018b196b4de8186823,10800,744547,536,226,1806,https://www.youtube.com/watch?v=1TCMyRu2jCg,312,190,784,https://www.youtube.com/watch?v=8zpBQexq4kI,1218,696,1806,https://www.youtube.com/watch?v=1TCMyRu2jCg,0,0,0,0,
63a55bc5320e4f148ed0abd7991b0e01,10800,983763,245,144,3297,https://www.youtube.com/watch?v=v8IvURMk-pQ,172,91,351,https://www.youtube.com/watch?v=RRzT0C6yii0,1895,1228,3297,https://www.youtube.com/watch?v=v8IvURMk-pQ,8223,1580,728,2926,https://www.twitch.tv/videos/2821129293
175cfc69dbb34f1a8987f24a935db17f,10800,575702,408,216,3303,https://www.youtube.com/watch?v=UiuVZPXx-dA,404,201,617,https://www.youtube.com/watch?v=xdsZneX5lc4,3303,2420,3303,https://www.youtube.com/watch?v=UiuVZPXx-dA,0,0,0,0,
3e269031fb4b45aaa0906ca424190ce2,10700,576115,1985,1487,18675,https://www.youtube.com/watch?v=3Sa-mUSrFfQ,562,264,562,https://www.youtube.com/watch?v=KQ_ZoDsQEe0,2286,1966,18675,https://www.youtube.com/watch?v=3Sa-mUSrFfQ,11294,1486,769,2699,https://www.twitch.tv/videos/2819865149
e04cb802f3c949bc8300c4125078f738,10600,403837,333,149,1892,https://www.youtube.com/watch?v=w7M7dV3vewM,315,83,371,https://www.youtube.com/watch?v=qw3tUWkxSe0,498,169,1892,https://www.youtube.com/watch?v=w7M7dV3vewM,0,0,0,0,
6885bffce2184355bed557901e079522,10600,386651,613,258,1886,https://www.youtube.com/watch?v=wJwhhhpmJaA,575,258,1143,https://www.youtube.com/watch?v=DLVmnXvwf6Q,1487,632,1886,https://www.youtube.com/watch?v=wJwhhhpmJaA,527,0,0,0,
27c0252056e84aa28da6dcebb8e86e85,10600,744082,107,40,880,https://www.youtube.com/watch?v=sxygVxvG3i8,107,40,880,https://www.youtube.com/watch?v=sxygVxvG3i8,0,0,0,,7831,0,0,0,
95e5788cabf340e397e2726def426229,10600,529108,403,212,2582,https://www.youtube.com/watch?v=JnLzAXOYoZk,391,181,689,https://www.youtube.com/watch?v=U1wxHzsQnLU,2019,928,2582,https://www.youtube.com/watch?v=JnLzAXOYoZk,0,0,0,0,
0715c3b900ad423fa1b981cf4fc15c8f,10500,414879,130,30,190,https://www.youtube.com/watch?v=O0N390EQ89I,130,30,190,https://www.youtube.com/watch?v=O0N390EQ89I,0,0,0,,0,0,0,0,
8dd4a8b4598e483e9112b2b1a9466013,10500,2841927,85,57,917,https://www.youtube.com/watch?v=hs2erAKE5DY,85,57,171,https://www.youtube.com/watch?v=tX7sttFCVRs,214,52,917,https://www.youtube.com/watch?v=hs2erAKE5DY,270,0,0,0,
350516d81d0944fd8dde463cbd4fd279,10500,1137884,4505,1736,6568,https://www.youtube.com/watch?v=f7ErjQzhyQg,388,2,388,https://www.youtube.com/watch?v=CRzomwLge1E,5536,2517,6568,https://www.youtube.com/watch?v=f7ErjQzhyQg,0,0,0,0,
93785f5e8b614be98bf8e096f5b1f997,10400,423157,61,25,1223,https://www.youtube.com/watch?v=w5tHQ_Ke8CQ,92,49,1223,https://www.youtube.com/watch?v=w5tHQ_Ke8CQ,58,22,149,https://www.youtube.com/watch?v=epEgEYZgZA8,0,0,0,0,
80dda735a7784d7fb999892874a05f0c,10400,560860,2277,191,2277,https://www.youtube.com/watch?v=Q_HU4kSpu84,2277,191,2277,https://www.youtube.com/watch?v=Q_HU4kSpu84,0,0,0,,4267,0,0,0,
96fc771ccb55485bb770997ec43e1ce1,10400,243571,0,0,0,,0,0,0,,0,0,0,,0,0,0,0,
6eec62ae2c9849de8ca895cef44ec952,10300,573597,244,112,1883,https://www.youtube.com/watch?v=azuVDKqXGXA,208,86,245,https://www.youtube.com/watch?v=4yli14payE8,1093,551,1883,https://www.youtube.com/watch?v=azuVDKqXGXA,1116,77,53,77,https://www.twitch.tv/videos/2822131300
191998e9f0ec4d67a19da194af311636,10300,170805,193,99,2021,https://www.youtube.com/watch?v=o3thkQ0Z7zM,102,66,460,https://www.youtube.com/watch?v=EbZQwNi1ZZQ,1542,540,2021,https://www.youtube.com/watch?v=o3thkQ0Z7zM,0,0,0,0,
b7f222493f4d4bd1be65f1c08300b45e,10300,460470,207,89,1423,https://www.youtube.com/watch?v=Kke6pTVQSmA,207,88,316,https://www.youtube.com/watch?v=Wk6BndDglpM,794,702,1423,https://www.youtube.com/watch?v=Kke6pTVQSmA,0,0,0,0,
e0cd8e719dc64b5f9c171736bbaff6f7,10200,1348324,324,184,408,https://www.youtube.com/watch?v=r2RtjoJC68I,324,184,408,https://www.youtube.com/watch?v=r2RtjoJC68I,0,0,0,,0,0,0,0,
fefbcad20d8344c79c74a103d0ea45b2,10200,319294,70,43,105,https://www.youtube.com/watch?v=WYU9CV_emcI,105,68,105,https://www.youtube.com/watch?v=WYU9CV_emcI,36,17,36,https://www.youtube.com/watch?v=RvkEe79flR0,0,0,0,0,
335ebb05456849c2964629dc7157860e,10200,305330,415,277,1322,https://www.youtube.com/watch?v=omUgLFu2HPM,415,254,1322,https://www.youtube.com/watch?v=omUgLFu2HPM,1304,1040,1304,https://www.youtube.com/watch?v=BIeWHYuW3c0,410,0,0,0,
59c0d89447d54786966ba8ecd5649d63,10100,235559,739,457,739,https://www.youtube.com/watch?v=KQVb11rNtmg,739,457,739,https://www.youtube.com/watch?v=KQVb11rNtmg,0,0,0,,1748,0,0,0,
1d5ee3e2653b4ae5b1050533f8d1ae31,10100,4867,0,0,0,,0,0,0,,0,0,0,,0,0,0,0,
f2dc08b1c55843d9a3d1e0461ebf57c1,10100,491649,425,155,563,https://www.youtube.com/watch?v=g103uKZO91Y,379,224,425,https://www.youtube.com/watch?v=hNJVse3l2iw,563,133,563,https://www.youtube.com/watch?v=g103uKZO91Y,0,0,0,0,
cd542f88cc8b47d087301d567b7cebca,10000,378937,290,98,748,https://www.youtube.com/watch?v=Zh03f_BjEtY,280,102,579,https://www.youtube.com/watch?v=TJIVGikytw0,748,97,748,https://www.youtube.com/watch?v=Zh03f_BjEtY,1909,597,369,728,https://www.twitch.tv/videos/2818697162
123c79d3170e451eae2f0cc3543621f3,10000,327328,1075,844,4674,https://www.youtube.com/watch?v=tDgQd01OjXE,373,235,507,https://www.youtube.com/watch?v=jCToxCL_7UM,2124,1490,4674,https://www.youtube.com/watch?v=tDgQd01OjXE,0,0,0,0,
7a88afc5eb644d76b35ed4ca968259bb,10000,686902,14368,5409,66807,https://www.youtube.com/watch?v=s2-SQ_Wyd5U,0,0,0,,14368,5409,66807,https://www.youtube.com/watch?v=s2-SQ_Wyd5U,20855,4214,1997,4561,https://www.twitch.tv/videos/2809794855
310862830fb648b78cca7e581e2622a7,10000,571622,920,151,1787,https://www.youtube.com/watch?v=van-wKgecFs,0,0,0,,920,151,1787,https://www.youtube.com/watch?v=van-wKgecFs,21373,2656,1415,27741,https://www.twitch.tv/videos/2811941098
9b33b75521bd43bca3346790ac65559c,10000,3474441,1305,398,7263,https://www.youtube.com/watch?v=IExvoTPpxp4,152,63,1172,https://www.youtube.com/watch?v=y5FrPZKfP9I,1901,1049,7263,https://www.youtube.com/watch?v=IExvoTPpxp4,8952,441,271,883,https://www.twitch.tv/videos/2825236455
319383cd0cd4438990dbb916862cdbfc,10000,614682,387,128,22135,https://www.youtube.com/watch?v=i1ap28vbAUk,351,128,1033,https://www.youtube.com/watch?v=GZmZy-FEYEg,17133,1532,22135,https://www.youtube.com/watch?v=i1ap28vbAUk,0,0,0,0,
a052e4ff345b41919ab0f13a5b10ff02,9990,505238,989,481,16236,https://www.youtube.com/watch?v=69oJwQ8WyjM,622,406,671,https://www.youtube.com/watch?v=34UvCAPly3s,8771,804,16236,https://www.youtube.com/watch?v=69oJwQ8WyjM,2088,90,72,373,https://www.twitch.tv/videos/2822743461
f42c6f5877f14a38aef3f3b515769149,9970,1979165,365,151,2035,https://www.youtube.com/watch?v=b07uFNMXdcU,303,126,818,https://www.youtube.com/watch?v=aG-gBOYCxxM,1852,167,2035,https://www.youtube.com/watch?v=b07uFNMXdcU,0,0,0,0,
80d6517a96e74265a4d24f86b9c295c5,9860,537401,361,279,1950,https://www.youtube.com/watch?v=g8Qs2tDWQns,298,108,378,https://www.youtube.com/watch?v=Dr2VtiXD4Eo,1362,786,1950,https://www.youtube.com/watch?v=g8Qs2tDWQns,0,0,0,0,
1434ae451f81469da327f32c387b9df0,9800,278247,0,0,0,,0,0,0,,0,0,0,,0,0,0,0,
3cf4da41775b4e608f4dde5859cdda74,9630,1782032,126,45,2749,https://www.youtube.com/watch?v=JZJ19LdRais,61,24,114,https://www.youtube.com/watch?v=GQUzKtfRzp0,1065,162,2749,https://www.youtube.com/watch?v=JZJ19LdRais,0,0,0,0,
f53807443055490f87b85ded6caee0aa,9550,529970,217,112,1683,https://www.youtube.com/watch?v=xo8E-CnYMDQ,213,106,416,https://www.youtube.com/watch?v=a8LYNDtR7TQ,1342,309,1683,https://www.youtube.com/watch?v=xo8E-CnYMDQ,447,0,0,0,
13c69e2cf2ff4dc1907bbae9a87a8c0f,9520,492547,0,0,0,,0,0,0,,0,0,0,,5541,1945,757,111842,https://www.twitch.tv/videos/2812537579
7c0acdc8fe2449deb487cbb827b51723,9470,542100,280,216,1412,https://www.youtube.com/watch?v=xzdQx0GpHYs,275,204,684,https://www.youtube.com/watch?v=ISv0HLhtM_w,861,665,1412,https://www.youtube.com/watch?v=xzdQx0GpHYs,212,0,0,0,
ab19e58312b74ebd9b68e27aeb0adde5,9450,579954,362,160,607,https://www.youtube.com/watch?v=viuyNG3obwg,361,160,607,https://www.youtube.com/watch?v=viuyNG3obwg,372,181,372,https://www.youtube.com/watch?v=ec8JimGDdWk,0,0,0,0,
42844ee6e0cc47938829b43a3101b9bb,9440,134891,51,47,51,https://www.youtube.com/watch?v=0rLKtowpTFE,0,0,0,,51,47,51,https://www.youtube.com/watch?v=0rLKtowpTFE,5067,1196,939,1224,https://www.twitch.tv/videos/2826151950
96f44559b15e4bad9de2eb8a0a2a92da,9410,787630,2585,1014,52159,https://www.youtube.com/watch?v=cQgY5RxKj2o,837,373,2043,https://www.youtube.com/watch?v=5qEKZ2PO3cI,3556,1826,52159,https://www.youtube.com/watch?v=cQgY5RxKj2o,0,0,0,0,
83cb016f535f4275bba29ad276b2084f,9390,623436,277,155,2419,https://www.youtube.com/watch?v=SvYWQKY-cWc,259,152,448,https://www.youtube.com/watch?v=n28WvsfVRSo,1581,397,2419,https://www.youtube.com/watch?v=SvYWQKY-cWc,0,0,0,0,
247215e876d24dae9932464b75fc577c,9370,814647,163,78,6794,https://www.youtube.com/watch?v=txXPOc9-QYM,161,69,364,https://www.youtube.com/watch?v=zOjQ7g1hdBU,6794,5674,6794,https://www.youtube.com/watch?v=txXPOc9-QYM,0,0,0,0,
e3e93491f32d459ba2b79033cf75c619,9350,370032,421,223,2141,https://www.youtube.com/watch?v=XIPtt4kVUaQ,381,209,511,https://www.youtube.com/watch?v=vTKiqC51oS8,1178,890,2141,https://www.youtube.com/watch?v=XIPtt4kVUaQ,1228,233,180,392,https://www.twitch.tv/videos/2822038750
65ada733fbe64a3a86aae7737e32fad0,9340,474879,265,152,1110,https://www.youtube.com/watch?v=c8RXCwCNNwU,265,152,1110,https://www.youtube.com/watch?v=c8RXCwCNNwU,0,0,0,,0,0,0,0,
f2ad5f187c9141ab8830b8eaf81c3aee,9330,910989,342,147,1265,https://www.youtube.com/watch?v=hPJQpWTuOlo,347,182,759,https://www.youtube.com/watch?v=NwiHiKi_hhc,322,145,1265,https://www.youtube.com/watch?v=hPJQpWTuOlo,0,0,0,0,
2ff93e20894245d49004276e3b51e64f,9310,529503,387,248,57890,https://www.youtube.com/watch?v=IafNIFMFZ-o,349,163,535,https://www.youtube.com/watch?v=ogZ_Zja7llc,1781,1055,57890,https://www.youtube.com/watch?v=IafNIFMFZ-o,0,0,0,0,
74c26216c39a40d1a9f1c5f63fa4d344,9290,427822,272,141,1496,https://www.youtube.com/watch?v=SE2YuSUHBRc,253,140,600,https://www.youtube.com/watch?v=2cV-Cc--QMY,290,142,1496,https://www.youtube.com/watch?v=SE2YuSUHBRc,0,0,0,0,
ac2b3c839ed14b12af1acecf322a15bd,9290,522013,1343,672,1825,https://www.youtube.com/watch?v=bq-6M9lxP6A,319,35,399,https://www.youtube.com/watch?v=AZBcIIhR25U,1411,682,1825,https://www.youtube.com/watch?v=bq-6M9lxP6A,0,0,0,0,
ecd7e504a0b64480a4127a25678e4b4a,9290,120406,0,0,0,,0,0,0,,0,0,0,,0,0,0,0,
eafe564c8d9945c8af2ed66ff4cd773a,9260,652865,155,65,2625,https://www.youtube.com/watch?v=539HMgoTbfo,144,64,569,https://www.youtube.com/watch?v=IybCHMDX_Dw,2625,167,2625,https://www.youtube.com/watch?v=539HMgoTbfo,0,0,0,0,
13992a4fb59649ada3a2adf027b5b35a,9180,94700,114,43,139,https://www.youtube.com/watch?v=dpQO6-fnR3w,114,43,139,https://www.youtube.com/watch?v=dpQO6-fnR3w,0,0,0,,3771,36,28,53,https://www.twitch.tv/videos/2818193291
ce908f10dcde4e2480c8f97aafd45883,9170,1614249,195,86,1306,https://www.youtube.com/watch?v=NvJb6eRmYUw,145,59,1027,https://www.youtube.com/watch?v=BeODx_Shst8,263,144,1306,https://www.youtube.com/watch?v=NvJb6eRmYUw,1091,143,93,239,https://www.twitch.tv/videos/2822124756
2a897c484c05483f9a46467e8f448314,9150,306429,492,186,2715,https://www.youtube.com/watch?v=bfj2lQ2p1eo,474,191,1274,https://www.youtube.com/watch?v=rgc0Vj8ayxg,2715,180,2715,https://www.youtube.com/watch?v=bfj2lQ2p1eo,5155,666,304,82078,https://www.twitch.tv/videos/2822035646
423dd7da92be47f4af7273c5f74efb27,9100,398614,0,0,0,,0,0,0,,0,0,0,,36920,1329,710,2299,https://www.twitch.tv/videos/2824382750
538d1d2058da4bdea1c7f43f088e995b,9040,293928,228,158,407,https://www.youtube.com/watch?v=FoP8vbQZ_DA,228,158,407,https://www.youtube.com/watch?v=FoP8vbQZ_DA,0,0,0,,3212,0,0,0,
d90f173970a742d3ade6f4159c785d1e,9020,449642,413,207,2085,https://www.youtube.com/watch?v=xJsENrd-qXU,314,147,601,https://www.youtube.com/watch?v=s-mkhOsLXAo,1989,695,2085,https://www.youtube.com/watch?v=xJsENrd-qXU,1562,427,266,684,https://www.twitch.tv/videos/2824387733
f7472d5310ce42819d17459c4f3fd7c1,9020,472697,228,110,2438,https://www.youtube.com/watch?v=cp38aV0bvIY,189,93,630,https://www.youtube.com/watch?v=UVNFHFzUeT8,1683,738,2438,https://www.youtube.com/watch?v=cp38aV0bvIY,447,33,26,58,https://www.twitch.tv/videos/2825307143
65ab938b60074946af1ea65a002c70df,8990,2779630,502,291,2948,https://www.youtube.com/watch?v=uWkSdqxhDZU,246,116,402,https://www.youtube.com/watch?v=ogHSdIMXiFA,1695,783,2948,https://www.youtube.com/watch?v=uWkSdqxhDZU,580,0,0,0,
fe698ded3a6148808ca857c73ac7ee15,8980,532111,309,135,9845,https://www.youtube.com/watch?v=9IG0Iqy3_aw,295,131,422,https://www.youtube.com/watch?v=uslktYPYxCk,313,136,9845,https://www.youtube.com/watch?v=9IG0Iqy3_aw,328,0,0,0,
558d8602fdeb4f3cb4ce484babb30577,8960,606605,152,81,2191,https://www.youtube.com/watch?v=_EbmEHPKaoU,106,51,155,https://www.youtube.com/watch?v=alTvDEmw61M,1735,481,2191,https://www.youtube.com/watch?v=_EbmEHPKaoU,0,0,0,0,
a9faef4b712b4649ba60c7e8e262175a,8950,63835,555,103,959,https://www.youtube.com/watch?v=sO4e93ja6Oc,0,0,0,,555,103,959,https://www.youtube.com/watch?v=sO4e93ja6Oc,0,0,0,0,
d407b30c72a841bd82af1f5cc8ec0667,8940,418368,0,0,0,,0,0,0,,0,0,0,,5518,0,0,0,
5ed5801d24c7412fa3fa65a82124aad0,8930,753028,723,293,5775,https://www.youtube.com/watch?v=LsUmTg5_f88,571,255,1774,https://www.youtube.com/watch?v=JYa02pnY-KY,2861,1478,5775,https://www.youtube.com/watch?v=LsUmTg5_f88,2343,356,250,482,https://www.twitch.tv/videos/2825320757
7fdfd0346667458a8657626f03434b59,8910,274612,163,61,445,https://www.youtube.com/watch?v=GDqbRk3Mkrk,163,61,445,https://www.youtube.com/watch?v=GDqbRk3Mkrk,0,0,0,,421,0,0,0,
fa67b0859f2e45589e754f7e528967d6,8890,367524,2198,1615,3086,https://www.youtube.com/watch?v=XtX2w9tpX1E,0,0,0,,2198,1615,3086,https://www.youtube.com/watch?v=XtX2w9tpX1E,10569,1431,735,2674,https://www.twitch.tv/videos/2821221737
d2b0c8386e1341668f6bbc789d1ef1e3,8870,981349,265,235,1436,https://www.youtube.com/watch?v=AArRUtHha5Q,239,192,736,https://www.youtube.com/watch?v=oCp-kMfRRss,1436,1181,1436,https://www.youtube.com/watch?v=AArRUtHha5Q,0,0,0,0,
c4ffb821927d406682f3f17edfdf3bcd,8870,353230,1216,813,1374,https://www.youtube.com/watch?v=AXULYPc4Ylk,0,0,0,,1216,813,1374,https://www.youtube.com/watch?v=AXULYPc4Ylk,0,0,0,0,
1dd6fdbb4f764fc3a18747c8adbf0692,8740,337717,403,91,2131,https://www.youtube.com/watch?v=Cfyn3Qzlsk4,391,90,642,https://www.youtube.com/watch?v=5q58FIosMFI,2131,829,2131,https://www.youtube.com/watch?v=Cfyn3Qzlsk4,0,0,0,0,
446d4bc526a4477eb6a72ae186e9d538,8730,142771,606,189,1557,https://www.youtube.com/watch?v=PT45nvdpIuE,334,80,1148,https://www.youtube.com/watch?v=DmD7W3B1SNM,1399,404,1557,https://www.youtube.com/watch?v=PT45nvdpIuE,0,0,0,0,
823311ac8226476e8d1e323f536bf8b1,8730,170203,0,0,0,,0,0,0,,0,0,0,,2281,0,0,0,
1569b00373564846b894f47403376c6b,8730,249750,782,314,5432,https://www.youtube.com/watch?v=fXtger6tR3k,518,190,518,https://www.youtube.com/watch?v=tX6oE_QvMnY,994,419,5432,https://www.youtube.com/watch?v=fXtger6tR3k,0,0,0,0,
f7d0e4ed95e84262b329740d5d27afc9,8720,57394,0,0,0,,0,0,0,,0,0,0,,0,0,0,0,
08a612f1ecf84b619a8899a5caed28c1,8710,882779,341,179,795,https://www.youtube.com/watch?v=9u6gACdYyY0,341,179,795,https://www.youtube.com/watch?v=9u6gACdYyY0,0,0,0,,21320,621,447,1520,https://www.twitch.tv/videos/2812590091
03f5b3fed856438c9a53d30fdfadd9b7,8560,336771,291,83,1266,https://www.youtube.com/watch?v=Tk9Dd4HFovc,172,50,393,https://www.youtube.com/watch?v=ybPL_2-5rFM,956,647,1266,https://www.youtube.com/watch?v=Tk9Dd4HFovc,0,0,0,0,
1254f176d93548aca5ac7f4b53313f71,8550,3941274,4,1,513,https://www.youtube.com/watch?v=oJHggUhRWF4,19,3,45,https://www.youtube.com/watch?v=9Tp6dHMW6qI,3,1,513,https://www.youtube.com/watch?v=oJHggUhRWF4,1622,13,10,42,https://www.twitch.tv/videos/2822173998
00c158176a504c9bb865b32276e79eb1,8530,268087,186,79,14654,https://www.youtube.com/watch?v=ucwGjgt-Cqk,178,70,434,https://www.youtube.com/watch?v=9Lm-kVBgr-M,9648,1402,14654,https://www.youtube.com/watch?v=ucwGjgt-Cqk,0,0,0,0,
6fa1245c717d4af68589205df5ab6427,8520,725519,180,79,646,https://www.youtube.com/watch?v=bbXTQFhgPUk,180,79,646,https://www.youtube.com/watch?v=bbXTQFhgPUk,0,0,0,,771,0,0,0,
7ebc0dc9fdf3442688ecd63bbdc30c51,8500,332670,450,261,998,https://www.youtube.com/watch?v=vYOQr89QQmA,409,280,998,https://www.youtube.com/watch?v=vYOQr89QQmA,765,261,765,https://www.youtube.com/watch?v=3flgN7ycw0Y,0,0,0,0,
2f0a0ee6478c45ae8af28953b4c370be,8500,1393514,459,236,9135,https://www.youtube.com/watch?v=Db2SZSjpWRA,373,156,713,https://www.youtube.com/watch?v=UFEBBeW6n7k,2273,763,9135,https://www.youtube.com/watch?v=Db2SZSjpWRA,0,0,0,0,
4482e4f0cea64f92aa78b2513c7ed897,8440,702787,492,91,683,https://www.youtube.com/watch?v=4GbSEyoGqW4,492,91,683,https://www.youtube.com/watch?v=4GbSEyoGqW4,0,0,0,,0,0,0,0,
bdc034d3afcd4456b6da2b96a2e460ef,8420,832186,0,0,0,,0,0,0,,0,0,0,,1591,0,0,0,
cc882664d9794fb88b06a5a0aa1591ae,8410,344142,304,218,559,https://www.youtube.com/watch?v=WbZq8yT7LD4,304,218,559,https://www.youtube.com/watch?v=WbZq8yT7LD4,0,0,0,,0,0,0,0,
2d6886120def4c148c70514433d77e1e,8410,589462,420,205,538,https://www.youtube.com/watch?v=rudW7N_DwYw,420,205,538,https://www.youtube.com/watch?v=rudW7N_DwYw,0,0,0,,0,0,0,0,
fe1d3152398b44e39d69f7ef78e73a8c,8400,582176,207,160,3622,https://www.youtube.com/watch?v=aWBxhDwvVTY,198,126,467,https://www.youtube.com/watch?v=mIxOtzdU-fU,3290,2690,3622,https://www.youtube.com/watch?v=aWBxhDwvVTY,616,0,0,0,
ab64eaef68c94ab4afb3a89007c81e9c,8390,1318663,1950,1025,2532,https://www.youtube.com/watch?v=asLD1bOZu04,0,0,0,,1950,1025,2532,https://www.youtube.com/watch?v=asLD1bOZu04,7983,1768,705,36647,https://www.twitch.tv/videos/2827961561
9b2c7b20d02241b3b82492a5e78a71c0,8390,383941,1113,306,6671,https://www.youtube.com/watch?v=gmkq2jGU3ig,265,163,1113,https://www.youtube.com/watch?v=BsjY_cjbDDg,1183,1045,6671,https://www.youtube.com/watch?v=gmkq2jGU3ig,0,0,0,0,
420208d1dcb74abfa325fc1f6a27e17b,8340,426032,657,318,2555,https://www.youtube.com/watch?v=CjHDy16arFQ,609,304,1046,https://www.youtube.com/watch?v=v93F663nBqc,2555,1960,2555,https://www.youtube.com/watch?v=CjHDy16arFQ,1399,178,98,178,https://www.twitch.tv/videos/2818743323
7298d2db845840d7ab462c7628967f4e,8320,361860,192,64,203,https://www.youtube.com/watch?v=mu2WMj0LXz4,192,64,203,https://www.youtube.com/watch?v=mu2WMj0LXz4,0,0,0,,0,0,0,0,
0249265256814f61978f6d492fe1c15d,8290,246095,0,0,0,,0,0,0,,0,0,0,,0,0,0,0,
9604bd9896fc421ba131a9a6e11d50b0,8280,1010533,451,203,2973,https://www.youtube.com/watch?v=yW87he6Ss4s,442,203,844,https://www.youtube.com/watch?v=oCqbyGY3UQg,2424,1365,2973,https://www.youtube.com/watch?v=yW87he6Ss4s,0,0,0,0,
3b0031a4b57f46719f06cbf7c5cc42b6,8230,365998,135,80,768,https://www.youtube.com/watch?v=oSlsKcNfGSA,135,80,768,https://www.youtube.com/watch?v=oSlsKcNfGSA,0,0,0,,140,0,0,0,
df0c2ce19ccf4e26ac1a18065f85dacc,8210,479618,202,111,311,https://www.youtube.com/watch?v=4iRU7GJx6S0,202,111,311,https://www.youtube.com/watch?v=4iRU7GJx6S0,0,0,0,,0,0,0,0,
28e0e0a574fe4deca3d5ded0aa5d64ef,8180,517696,489,227,4141,https://www.youtube.com/watch?v=TqU2_clhHSU,446,204,551,https://www.youtube.com/watch?v=ulmH37UMZjY,2767,2210,4141,https://www.youtube.com/watch?v=TqU2_clhHSU,623,244,191,279,https://www.twitch.tv/videos/2826963563
ee20f58e3fb74fae83a42239a83bcc4a,8170,258764,583,21,583,https://www.youtube.com/watch?v=dhElev_BTHM,583,21,583,https://www.youtube.com/watch?v=dhElev_BTHM,0,0,0,,0,0,0,0,
09b6598d6d604e9397eebff166c69e92,8100,119382,122,39,219,https://www.youtube.com/watch?v=-Uxe31mydZI,122,39,219,https://www.youtube.com/watch?v=-Uxe31mydZI,0,0,0,,248,96,54,174,https://www.twitch.tv/videos/2817409453
41a8958a1a4a4cc8b404d04da033400e,8090,388632,0,0,0,,0,0,0,,0,0,0,,508,0,0,0,
d797701ab1564b62906f91a341134a9e,8040,373630,895,334,2283,https://www.youtube.com/watch?v=0bnABXbmTpc,495,304,884,https://www.youtube.com/watch?v=C67K-PNK6Sw,1887,1133,2283,https://www.youtube.com/watch?v=0bnABXbmTpc,5180,290,234,311,https://www.twitch.tv/videos/2826994458
c72226925ba94855b9fcc88fc2a25acc,8010,798988,517,299,2836,https://www.youtube.com/watch?v=lI6HyVrB1IA,494,324,1856,https://www.youtube.com/watch?v=l7hDA6CYRxk,1444,66,2836,https://www.youtube.com/watch?v=lI6HyVrB1IA,0,0,0,0,
d13fdb8fdd3049e5bf80b5ab0fa8a1a6,7980,654480,324,141,1747,https://www.youtube.com/watch?v=cBn4bMUINj8,324,154,387,https://www.youtube.com/watch?v=eagiYIkNLFo,833,108,1747,https://www.youtube.com/watch?v=cBn4bMUINj8,0,0,0,0,
990b7e28df934de1bdab364d72c79f90,7970,1835,0,0,0,,0,0,0,,0,0,0,,0,0,0,0,
8309d31b418642db83f0cf56b38fc9ad,7920,1097133,787,509,137514,https://www.youtube.com/watch?v=vg0wgpV76MI,729,269,2538,https://www.youtube.com/watch?v=ZNLEI5fu7E8,24507,13176,137514,https://www.youtube.com/watch?v=vg0wgpV76MI,165,0,0,0,
d2a7b2d142ea4076afcfc7263b9e09fd,7880,586390,335,140,538,https://www.youtube.com/watch?v=ngxWjkkKPiM,335,140,538,https://www.youtube.com/watch?v=ngxWjkkKPiM,0,0,0,,774,0,0,0,
1f54eafd17434cd9bd175d27b72c2228,7840,207957,63,46,63,https://www.youtube.com/watch?v=0HtgAfE6nsU,63,46,63,https://www.youtube.com/watch?v=0HtgAfE6nsU,0,0,0,,0,0,0,0,
a188f157d0384e0db5ae73605240d68b,7840,710847,304,144,21865,https://www.youtube.com/watch?v=ZPkSqZ5PStI,287,107,559,https://www.youtube.com/watch?v=RGY6unB6nDQ,2184,1531,21865,https://www.youtube.com/watch?v=ZPkSqZ5PStI,1176,0,0,0,
56abcaadabbe44dbbd18ab0ecfe1037f,7820,310490,430,67,430,https://www.youtube.com/watch?v=VctWx89z5v0,430,67,430,https://www.youtube.com/watch?v=VctWx89z5v0,0,0,0,,0,0,0,0,
eafb808b078844fdab1d8ed561dbd462,7790,499387,295,165,2504,https://www.youtube.com/watch?v=X-ULdo2W4Cw,283,165,1332,https://www.youtube.com/watch?v=n1ADcpIIXy8,792,457,2504,https://www.youtube.com/watch?v=X-ULdo2W4Cw,0,0,0,0,
b10149a2a1ee4ffcbf1dacb1b1722f9f,7790,194737,169,30,2082,https://www.youtube.com/watch?v=CbzVBScMSNQ,169,30,2082,https://www.youtube.com/watch?v=CbzVBScMSNQ,0,0,0,,860,0,0,0,
b90a42d3e9a5465ba4ef8a333c8148e5,7780,912955,176,134,504,https://www.youtube.com/watch?v=c5-oG6vXsog,164,131,416,https://www.youtube.com/watch?v=kExAGs8-Uc8,504,203,504,https://www.youtube.com/watch?v=c5-oG6vXsog,0,0,0,0,
7af8f321e84542dc9ccda160152fbf0b,7770,256059,264,116,340,https://www.youtube.com/watch?v=7Q7qIK0qlFs,264,116,340,https://www.youtube.com/watch?v=7Q7qIK0qlFs,0,0,0,,0,0,0,0,
556c69847bc14bc7be03b3e40e52ac98,7740,197491,271,149,312,https://www.youtube.com/watch?v=avVGVfhdYpQ,271,149,312,https://www.youtube.com/watch?v=avVGVfhdYpQ,0,0,0,,1783,0,0,0,
38f11eca620e4c83a3e4211cbf463cce,7710,1070803,439,309,6099,https://www.youtube.com/watch?v=oUT1KeZ2EbQ,217,26,609,https://www.youtube.com/watch?v=KNZSglg-SYg,2526,1194,6099,https://www.youtube.com/watch?v=oUT1KeZ2EbQ,0,0,0,0,
0ab16bd60230422d97f73e6810be221c,7710,377778,127,61,586,https://www.youtube.com/watch?v=QVlpjaOoOfo,127,61,586,https://www.youtube.com/watch?v=QVlpjaOoOfo,0,0,0,,0,0,0,0,
c06f5173a01c4c0db7a761957c02186d,7710,583591,1503,305,3324,https://www.youtube.com/watch?v=vwaOPFGviwU,439,184,2293,https://www.youtube.com/watch?v=2Pdk-gOKAbc,1871,860,3324,https://www.youtube.com/watch?v=vwaOPFGviwU,632,227,147,278,https://www.twitch.tv/videos/2826994815
cedd78c374b54898a647a3cb3a5263fc,7560,342413,356,208,462,https://www.youtube.com/watch?v=VZ7y9IryfdM,356,208,462,https://www.youtube.com/watch?v=VZ7y9IryfdM,0,0,0,,0,0,0,0,
60ab80cc26bc4e4aaa526ce1952f9e42,7520,468206,205,86,328,https://www.youtube.com/watch?v=RJKCl-8I-dI,205,86,328,https://www.youtube.com/watch?v=RJKCl-8I-dI,0,0,0,,387,66,44,98,https://www.twitch.tv/videos/2828710319
b92c6e4c3bea4b938077a8f152f78083,7510,57251,0,0,0,,0,0,0,,0,0,0,,0,0,0,0,
03b825a2908749099e40cd4a4d1169aa,7500,194164,112,75,153,https://www.youtube.com/watch?v=4GU_0dq9XH4,112,75,153,https://www.youtube.com/watch?v=4GU_0dq9XH4,0,0,0,,0,0,0,0,
d80f5bc1e3ce4c35aa3eced40cc3bddc,7470,360361,326,162,510,https://www.youtube.com/watch?v=8tmTaW5aHx4,326,162,510,https://www.youtube.com/watch?v=8tmTaW5aHx4,0,0,0,,560,0,0,0,
328a6a5742504b9d977f40660c118239,7460,1108404,175,97,937,https://www.youtube.com/watch?v=HT6EA_Wkt-g,173,99,634,https://www.youtube.com/watch?v=zJBXO59fVM0,200,97,937,https://www.youtube.com/watch?v=HT6EA_Wkt-g,0,0,0,0,
9d864d1af4e749f5a58171b06c070565,7410,645235,820,80,2584,https://www.youtube.com/watch?v=DCfnQ6ADK40,71,58,71,https://www.youtube.com/watch?v=0YedCnp9rP4,1024,140,2584,https://www.youtube.com/watch?v=DCfnQ6ADK40,3754,147,130,256,https://www.twitch.tv/videos/2825518038
9e3edec3eec54f49a065f1970471d473,7400,287894,472,382,963,https://www.youtube.com/watch?v=nk8pkC58djg,472,382,963,https://www.youtube.com/watch?v=nk8pkC58djg,0,0,0,,889,0,0,0,
94595065e7aa498d93067274eb755301,7400,1245232,84,46,174,https://www.youtube.com/watch?v=DoVWAkuqY38,83,46,156,https://www.youtube.com/watch?v=-iNWjruRv6A,160,122,174,https://www.youtube.com/watch?v=DoVWAkuqY38,0,0,0,0,
77e980ab542a4db6a34b5ac9c8f3948b,7400,390324,311,179,523,https://www.youtube.com/watch?v=B0S5JGvUw7A,311,179,523,https://www.youtube.com/watch?v=B0S5JGvUw7A,0,0,0,,726,0,0,0,
bd99f3c8cd6e4fffb75bf0e5b1b5b4fa,7380,314768,1285,560,7266,https://www.youtube.com/watch?v=gvHlIWcZHpQ,1018,554,4960,https://www.youtube.com/watch?v=HcnG_jLdAVw,1967,924,7266,https://www.youtube.com/watch?v=gvHlIWcZHpQ,0,0,0,0,
c897f2f0ae414985aa623bfe2dfe8f1c,7360,191468,160,78,1362,https://www.youtube.com/watch?v=1pqsjnQ6f2k,139,78,670,https://www.youtube.com/watch?v=q1zFCFnfiEE,862,664,1362,https://www.youtube.com/watch?v=1pqsjnQ6f2k,623,0,0,0,
432458f2f15549919dc6e3706ccbd417,7340,389118,15408,7811,29075,https://www.youtube.com/watch?v=4P8Oo0RolH8,0,0,0,,15408,7811,29075,https://www.youtube.com/watch?v=4P8Oo0RolH8,0,0,0,0,
7f72433f23da4bf8bfbf7ee3904eb7ca,7310,296296,0,0,0,,0,0,0,,0,0,0,,858,0,0,0,
5cdf289b83524643af7ab2f2c8788adf,7300,339813,480,124,811,https://www.youtube.com/watch?v=hvZ0mXuXUjk,480,124,811,https://www.youtube.com/watch?v=hvZ0mXuXUjk,0,0,0,,0,0,0,0,
63108f8ea91a4a699f345bb259750745,7280,154599,161,78,267,https://www.youtube.com/watch?v=LwD4aWJuwfY,161,78,267,https://www.youtube.com/watch?v=LwD4aWJuwfY,0,0,0,,0,0,0,0,
97a56c6914ab431d9b670456d11b22ed,7230,272217,190,96,2119,https://www.youtube.com/watch?v=R_BiPb3fAZo,141,68,257,https://www.youtube.com/watch?v=5tybR0llHpc,1234,532,2119,https://www.youtube.com/watch?v=R_BiPb3fAZo,0,0,0,0,
f40b8e8debf14680b5cc88bae98918f7,7190,226417,0,0,0,,0,0,0,,0,0,0,,0,0,0,0,
c430f1e7cfee4440b2b537c80a2a667d,7190,254232,256,151,1897,https://www.youtube.com/watch?v=dsyGWrm0meg,248,148,530,https://www.youtube.com/watch?v=JulTJP-i_TQ,1897,1203,1897,https://www.youtube.com/watch?v=dsyGWrm0meg,0,0,0,0,
715cc1261d7e42c18135d47bd1cf2500,7170,176465,0,0,0,,0,0,0,,0,0,0,,6387,305,196,441,https://www.twitch.tv/videos/2827836403
8c6bc741e4614154a63e987f930a468d,7160,391135,225,125,3280,https://www.youtube.com/watch?v=DkITJEhCQkg,198,115,451,https://www.youtube.com/watch?v=nQB008yEROs,1164,812,3280,https://www.youtube.com/watch?v=DkITJEhCQkg,0,0,0,0,
5fa2dee0fba64112aa476441cd6ff982,7120,345306,322,170,2856,https://www.youtube.com/watch?v=yuvVdyu8kLc,309,156,335,https://www.youtube.com/watch?v=wMum4TuVmE4,2856,1516,2856,https://www.youtube.com/watch?v=yuvVdyu8kLc,0,0,0,0,
e7e219a17a7644cd9d28a2ab871f5f7c,7060,279735,891,82,1118,https://www.youtube.com/watch?v=RqNqbSRdgFY,0,0,0,,891,82,1118,https://www.youtube.com/watch?v=RqNqbSRdgFY,3056,948,651,1512,https://www.twitch.tv/videos/2820675876
3c1783f6914f414b830c836829d1afa2,7050,289969,814,377,1604,https://www.youtube.com/watch?v=csiXXa0g9iU,206,99,422,https://www.youtube.com/watch?v=5LYl2vF41Ac,1415,717,1604,https://www.youtube.com/watch?v=csiXXa0g9iU,274,0,0,0,
a28e29c9e8ec4791a700cd2e30904534,7040,211952,244,71,254,https://www.youtube.com/watch?v=LZrByZdy4D8,244,71,254,https://www.youtube.com/watch?v=LZrByZdy4D8,0,0,0,,2933,155,118,155,https://www.twitch.tv/videos/2823768690
a3c6cbf76630432c83fa5277388be97c,7030,86856,0,0,0,,0,0,0,,0,0,0,,0,0,0,0,
35b7bd4f6fcb4fbfb3ebe83be100d9a0,7020,547273,1001,226,2830,https://www.youtube.com/watch?v=RzTHN-gzrMg,872,222,2830,https://www.youtube.com/watch?v=RzTHN-gzrMg,2347,542,2347,https://www.youtube.com/watch?v=HetDhCxFNHY,0,0,0,0,
4865c3feac234584909168181b7dc2be,6970,188364,167,85,1378,https://www.youtube.com/watch?v=vvv7a6R_aqU,166,78,478,https://www.youtube.com/watch?v=PX2QV96az4Q,1378,1052,1378,https://www.youtube.com/watch?v=vvv7a6R_aqU,265,0,0,0,
5d903f62e014487e9ab21a48c19fc6ac,6940,449588,1449,287,5334,https://www.youtube.com/watch?v=P0lQq3Uh4CY,201,75,270,https://www.youtube.com/watch?v=yrG0ptyomq4,1799,625,5334,https://www.youtube.com/watch?v=P0lQq3Uh4CY,913,0,0,0,
1937fa889b474d339713d1117f435018,6930,847705,110,53,389,https://www.youtube.com/watch?v=G5A0FGSx9jA,116,55,324,https://www.youtube.com/watch?v=HCjtgv6M0Ik,105,15,389,https://www.youtube.com/watch?v=G5A0FGSx9jA,7349,532,231,1979,https://www.twitch.tv/videos/2806258219
e4c71cb272a24ce6bda794eae8e5bdfc,6920,316953,393,265,1905,https://www.youtube.com/watch?v=8qY0hfCHnxs,332,202,480,https://www.youtube.com/watch?v=zmc6GgaK9r8,1638,939,1905,https://www.youtube.com/watch?v=8qY0hfCHnxs,0,0,0,0,
679aef46b6f448e493fdedae7df5b288,6910,1412409,1186,763,2319,https://www.youtube.com/watch?v=SwQgRW9Qg2M,0,0,0,,1186,763,2319,https://www.youtube.com/watch?v=SwQgRW9Qg2M,467,86,14,86,https://www.twitch.tv/videos/2809603253
702c28baa35c4b7588ad4fa70ddc2304,6890,335686,4837,2691,28923,https://www.youtube.com/watch?v=Zr9kyMJFpGo,469,241,566,https://www.youtube.com/watch?v=yIS8DoC0pgs,7961,3367,28923,https://www.youtube.com/watch?v=Zr9kyMJFpGo,0,0,0,0,
9f975d473431409190e397bdc946d5b0,6880,328965,315,157,7394,https://www.youtube.com/watch?v=M0fhshF0z90,299,136,557,https://www.youtube.com/watch?v=lgg-Pj3TjQI,3401,1633,7394,https://www.youtube.com/watch?v=M0fhshF0z90,245,0,0,0,
f7b1eada802e4ed89c306c6641d243b3,6860,298399,124,92,1581,https://www.youtube.com/watch?v=NTaQNlmx00g,123,90,184,https://www.youtube.com/watch?v=cBbRVkwgns8,1581,103,1581,https://www.youtube.com/watch?v=NTaQNlmx00g,433,0,0,0,
c321746bebe740cb98625ca4cf6fb9a7,6820,93022,424,288,959,https://www.youtube.com/watch?v=EOwE4_emqYo,400,201,429,https://www.youtube.com/watch?v=oyrEwjlEiZ8,710,543,959,https://www.youtube.com/watch?v=EOwE4_emqYo,0,0,0,0,
dc3e05e0c12b4e0a93dc230f30925ee0,6780,186443,137,80,137,https://www.youtube.com/watch?v=7e0G7xbzT7M,0,0,0,,137,80,137,https://www.youtube.com/watch?v=7e0G7xbzT7M,6985,0,0,0,
6fb9853185d844de80d4f3e0f3f2726d,6780,0,0,0,0,,0,0,0,,0,0,0,,0,0,0,0,
757f1b20f7bd459ebd8949da907dceea,6740,391204,138,58,281,https://www.youtube.com/watch?v=GntXFw-C-KI,138,58,281,https://www.youtube.com/watch?v=GntXFw-C-KI,0,0,0,,0,0,0,0,
01edfa8163ad42cd85f56ef4dce2609e,6730,364312,181,91,5230,https://www.youtube.com/watch?v=52ekmQf1sqs,176,83,211,https://www.youtube.com/watch?v=3t7-QlCUAvU,205,95,5230,https://www.youtube.com/watch?v=52ekmQf1sqs,0,0,0,0,
80f4d6e50af64a48be812258498e86c0,6710,356549,0,0,0,,0,0,0,,0,0,0,,160,0,0,0,
5dbed684176349d28353d5293085cd9c,6670,272023,256,129,385,https://www.youtube.com/watch?v=_cwcrzpNTKg,256,129,385,https://www.youtube.com/watch?v=_cwcrzpNTKg,0,0,0,,0,0,0,0,
038ee6280ef742bcad8450ad52049944,6650,447929,186,63,626,https://www.youtube.com/watch?v=-lOETABhz5Q,192,65,626,https://www.youtube.com/watch?v=-lOETABhz5Q,114,19,114,https://www.youtube.com/watch?v=afSHqtuAJ5I,0,0,0,0,
7f9d223a684e44e8b8d30bedcc07f1fa,6640,234387,133,98,259,https://www.youtube.com/watch?v=Q1sWzGtDNhE,133,98,259,https://www.youtube.com/watch?v=Q1sWzGtDNhE,0,0,0,,0,0,0,0,
6603f7e70b684a07a3dac687460bacc5,6600,269385,163,78,536,https://www.youtube.com/watch?v=BNczh5NFE_E,163,78,536,https://www.youtube.com/watch?v=BNczh5NFE_E,0,0,0,,1418,56,46,120,https://www.twitch.tv/videos/2823020439
c8ef4e3182b74ecd994c837a75624390,6600,583075,493,221,2380,https://www.youtube.com/watch?v=6feDB--InI8,328,90,493,https://www.youtube.com/watch?v=znzHV5G4fJ8,1057,492,2380,https://www.youtube.com/watch?v=6feDB--InI8,0,0,0,0,
f58318cdd690482c9d19fb68bca374a4,6600,427575,130,52,1602,https://www.youtube.com/watch?v=zin-GHOd-j8,99,48,144,https://www.youtube.com/watch?v=VT-L3Niq278,1405,556,1602,https://www.youtube.com/watch?v=zin-GHOd-j8,230,0,0,0,
f81d4ef6f2f54e0c8c6d12a09e1fa5c7,6590,163592,169,82,1573,https://www.youtube.com/watch?v=qQ6zaDIvTfk,144,61,393,https://www.youtube.com/watch?v=127fBUDd_ow,1282,694,1573,https://www.youtube.com/watch?v=qQ6zaDIvTfk,0,0,0,0,
6ddea98137e2429eb0e9c4025ad9294f,6590,267497,404,233,1679,https://www.youtube.com/watch?v=GzdMK_c7DfE,321,132,407,https://www.youtube.com/watch?v=lTrkrqiGkus,1356,696,1679,https://www.youtube.com/watch?v=GzdMK_c7DfE,0,0,0,0,
49196eec11454f589d4d6e52f1b1bbe8,6570,567879,146,71,1874,https://www.youtube.com/watch?v=AVqdQA4o5Io,133,49,336,https://www.youtube.com/watch?v=kyDhARxoBrY,819,424,1874,https://www.youtube.com/watch?v=AVqdQA4o5Io,0,0,0,0,
b1cb513e2511484cabbac00140b4a95c,6570,287050,514,297,4212,https://www.youtube.com/watch?v=Mvh2PcZIh4Y,435,253,855,https://www.youtube.com/watch?v=4-RZpJgnOsw,1469,764,4212,https://www.youtube.com/watch?v=Mvh2PcZIh4Y,612,0,0,0,
468c9630d37b4c41bb6b0305dc1143cf,6560,430114,230,151,548,https://www.youtube.com/watch?v=M3yUqQZbDTs,230,151,548,https://www.youtube.com/watch?v=M3yUqQZbDTs,0,0,0,,468,0,0,0,
f6c34086d07a4322b9d4ebc538bada96,6560,130109,0,0,0,,0,0,0,,0,0,0,,0,0,0,0,
40c846b91c4a44a980eddf20f0f789c0,6560,1057771,244,127,3776,https://www.youtube.com/watch?v=BrmxXTR05L8,211,100,383,https://www.youtube.com/watch?v=MOMU_GCVcLs,2281,1041,3776,https://www.youtube.com/watch?v=BrmxXTR05L8,6803,787,642,1447,https://www.twitch.tv/videos/2826832047
e0debb323c5d49268c92c5d660cdb664,6540,351246,305,104,336,https://www.youtube.com/watch?v=I3QO3v_-IIQ,305,104,336,https://www.youtube.com/watch?v=I3QO3v_-IIQ,0,0,0,,0,0,0,0,
08be94e874d448f8a2794a44c61e8d8f,6510,460377,266,89,368,https://www.youtube.com/watch?v=MjuwjjB9WV4,266,89,368,https://www.youtube.com/watch?v=MjuwjjB9WV4,0,0,0,,0,0,0,0,
b54e216619d14031a317b820113e4084,6480,306882,220,122,591,https://www.youtube.com/watch?v=WBcAaqadzZo,220,109,251,https://www.youtube.com/watch?v=R3R443JwesM,197,122,591,https://www.youtube.com/watch?v=WBcAaqadzZo,0,0,0,0,
160f90709224412f9cfc2aaa88e89a57,6480,722960,903,394,10682,https://www.youtube.com/watch?v=0-OR3y8kt-A,855,377,3294,https://www.youtube.com/watch?v=UEibVSW6baM,2208,1822,10682,https://www.youtube.com/watch?v=0-OR3y8kt-A,0,0,0,0,
fffd31d236a2479c9070bcc171bdc13d,6440,178071,0,0,0,,0,0,0,,0,0,0,,0,0,0,0,
e8c89b4aec4d45fbbb76533eb3db0428,6410,144672,0,0,0,,0,0,0,,0,0,0,,0,0,0,0,
2d84a02e592d4a92893b7cc36af95a26,6410,267446,328,252,2078,https://www.youtube.com/watch?v=2wFtTjtR3jQ,303,214,546,https://www.youtube.com/watch?v=fKn7_RkMDKE,1554,668,2078,https://www.youtube.com/watch?v=2wFtTjtR3jQ,839,492,369,572,https://www.twitch.tv/videos/2821342294
c2362f5ca48445a89fd081c4b2bc74d4,6410,243042,254,6,254,https://www.youtube.com/watch?v=IJvGPVKvulM,254,6,254,https://www.youtube.com/watch?v=IJvGPVKvulM,0,0,0,,136,0,0,0,
da3a3993bd8946da824d66d5a5d456e2,6380,329723,0,0,0,,0,0,0,,0,0,0,,0,0,0,0,
281c7713c21e41bcb6e81365f328ab8c,6370,239137,0,0,0,,0,0,0,,0,0,0,,0,0,0,0,
0851296bdf4c4516b2506b8cce5151da,6350,620750,122,69,623,https://www.youtube.com/watch?v=Ell7_8W6BwM,143,99,623,https://www.youtube.com/watch?v=Ell7_8W6BwM,19,18,19,https://www.youtube.com/watch?v=7VrQ2cCOS0M,0,0,0,0,
02e7729df0424fbbb21b77ccd543b0be,6350,1676075,278,81,565,https://www.youtube.com/watch?v=QIHSWvRang8,0,0,0,,278,81,565,https://www.youtube.com/watch?v=QIHSWvRang8,0,0,0,0,
5cb1c062f5f94b44a41ae658f4a53f0c,6320,140224,0,0,0,,0,0,0,,0,0,0,,14002,1137,623,2073,https://www.twitch.tv/videos/2814039706
4576d781ddae45d59fc83c8d25385983,6320,188815,1034,765,1331,https://www.youtube.com/watch?v=---zVq73NaE,738,728,738,https://www.youtube.com/watch?v=Ioa5KFkUoRo,1331,801,1331,https://www.youtube.com/watch?v=---zVq73NaE,248,0,0,0,
b8cd7bf3e49d4cc1a24140546b91f462,6280,384293,24852,6323,48235,https://www.youtube.com/watch?v=RkUU33QPagM,0,0,0,,24852,6323,48235,https://www.youtube.com/watch?v=RkUU33QPagM,38,0,0,0,
4eecf80e6ecc4644a7ff08314e6e0c82,6280,438432,235,158,1329,https://www.youtube.com/watch?v=_TU234eE-aY,193,158,235,https://www.youtube.com/watch?v=uUXhH8ADiHc,1161,336,1329,https://www.youtube.com/watch?v=_TU234eE-aY,378,0,0,0,
bf48aafcc9464111b358a4595cc7311c,6280,167655,0,0,0,,0,0,0,,0,0,0,,0,0,0,0,
94c7cb6122bd4dcab2d8660ddc5f5508,6240,221163,179,102,268,https://www.youtube.com/watch?v=NaL9ts9DDbA,179,102,268,https://www.youtube.com/watch?v=NaL9ts9DDbA,0,0,0,,426,72,67,86,https://www.twitch.tv/videos/2828475320
c34e43b57f9f448582094f712a0b2c1a,6230,381762,197,175,1461,https://www.youtube.com/watch?v=4dQ5JzXVyuE,168,151,223,https://www.youtube.com/watch?v=aNf7QrIC2XQ,1441,865,1461,https://www.youtube.com/watch?v=4dQ5JzXVyuE,0,0,0,0,
caf08c74dd7b4919bca49eef394d5475,6230,823201,509,192,10202,https://www.youtube.com/watch?v=PMiUfLJkNgs,195,127,740,https://www.youtube.com/watch?v=7jEJ3X0Fuqw,1598,884,10202,https://www.youtube.com/watch?v=PMiUfLJkNgs,3991,749,445,1468,https://www.twitch.tv/videos/2822715770
fec8644970684cffbbae8dd37a52d59c,6200,368970,302,157,13240,https://www.youtube.com/watch?v=4Btu1aDkuVI,221,128,396,https://www.youtube.com/watch?v=Zwyzd99xOqg,1156,927,13240,https://www.youtube.com/watch?v=4Btu1aDkuVI,1802,1549,1171,2719,https://www.twitch.tv/videos/2827387877
1307131312c54a11ab326e62474efc8a,6200,241594,0,0,0,,0,0,0,,0,0,0,,0,0,0,0,
e802007cbda74a0bb3a41f4ebcae7f47,6170,150262,2537,688,52268,https://www.youtube.com/watch?v=q0zkw5915QU,3016,688,52268,https://www.youtube.com/watch?v=q0zkw5915QU,2271,816,5498,https://www.youtube.com/watch?v=NhWIxSL6qPA,0,0,0,0,
2978ff3ab5f54898947af41ca4d47c4c,6140,148821,89,65,220,https://www.youtube.com/watch?v=rLh5fO1pFoA,89,65,220,https://www.youtube.com/watch?v=rLh5fO1pFoA,0,0,0,,551,0,0,0,
fceadce7c37f4cc08bc747aa79c3cf9e,6090,235398,211,101,1331,https://www.youtube.com/watch?v=ZJlFM7R90e8,194,98,520,https://www.youtube.com/watch?v=QQeZL7MrfJI,1167,642,1331,https://www.youtube.com/watch?v=ZJlFM7R90e8,0,0,0,0,
34edb431f7da4a43b2a6a9d79d2858d1,6090,341044,930,247,1699,https://www.youtube.com/watch?v=raQuKFbyIbw,422,47,478,https://www.youtube.com/watch?v=IbtADna2TnY,1421,491,1699,https://www.youtube.com/watch?v=raQuKFbyIbw,608,0,0,0,
1a3a0feb188e499ab4972c971d639f58,6080,273402,0,0,0,,0,0,0,,0,0,0,,0,0,0,0,
1357f282a9f04f6cbe3e215a0bd20482,6070,169557,1164,533,2237,https://www.youtube.com/watch?v=IPYj-Mavzmc,1055,225,1610,https://www.youtube.com/watch?v=PF4fSs6z1KY,1164,544,2237,https://www.youtube.com/watch?v=IPYj-Mavzmc,2033,0,0,0,
35f3bb64e69c432180b98dde239f3bdd,6070,555133,935,438,3231,https://www.youtube.com/watch?v=uriGcawt5gQ,498,225,807,https://www.youtube.com/watch?v=oBN8z9wvhH0,1469,896,3231,https://www.youtube.com/watch?v=uriGcawt5gQ,936,135,119,335,https://www.twitch.tv/videos/2821696515
a83b6d485350402b90238deb371ae654,6070,112071,0,0,0,,0,0,0,,0,0,0,,4066,249,170,257,https://www.twitch.tv/videos/2820533131
0628f4d0fcbd4f0a980b64b3b1deeb74,6050,199632,2163,1606,74460,https://www.youtube.com/watch?v=29Pt2flRw04,0,0,0,,2163,1606,74460,https://www.youtube.com/watch?v=29Pt2flRw04,0,0,0,0,
b6a105f12b904256ba356935ae46657f,6030,39573,384,292,1352,https://www.youtube.com/watch?v=0qGCGVmZv_I,126,86,225,https://www.youtube.com/watch?v=NBGgtDhzSmA,872,820,1352,https://www.youtube.com/watch?v=0qGCGVmZv_I,8743,422,153,40956,https://www.twitch.tv/videos/2811929412
16c4a9b7211a44f6b98d8e1aebf4ea70,6020,220673,0,0,0,,0,0,0,,0,0,0,,635,0,0,0,
208d8aa3792641d6ae4e0de5a10a4a6f,6020,355420,164,64,1815,https://www.youtube.com/watch?v=Xh5hSFb4P6M,129,37,328,https://www.youtube.com/watch?v=_IjETykfRmU,939,339,1815,https://www.youtube.com/watch?v=Xh5hSFb4P6M,1533,73,59,162,https://www.twitch.tv/videos/2820530221
75b388425b774a9f99a4483e295a13f0,6010,805318,171,70,231,https://www.youtube.com/watch?v=y9VyRaO5AWU,171,70,231,https://www.youtube.com/watch?v=y9VyRaO5AWU,0,0,0,,422,0,0,0,
4cd21df2b76148b182903cc0aebe2bfa,5980,233559,172,121,1999,https://www.youtube.com/watch?v=9AKEP56g5vE,170,108,204,https://www.youtube.com/watch?v=o-3yiEGAAeY,1999,1600,1999,https://www.youtube.com/watch?v=9AKEP56g5vE,0,0,0,0,
bafa406351614acb9162347235baf257,5920,290044,296,153,2289,https://www.youtube.com/watch?v=aRTyrUVWzIo,264,113,507,https://www.youtube.com/watch?v=zabV7WQ8Xo0,1433,990,2289,https://www.youtube.com/watch?v=aRTyrUVWzIo,0,0,0,0,
1ae72d56be5547b1825cdc0fdc0cce2e,5900,80657,94,43,209,https://www.youtube.com/watch?v=DjMfC8gz3is,94,43,209,https://www.youtube.com/watch?v=DjMfC8gz3is,0,0,0,,0,0,0,0,
86154ca2dc964847b37297138aa65b9f,5900,249403,124,30,282,https://www.youtube.com/watch?v=Rt4Dt9cTzuQ,124,30,282,https://www.youtube.com/watch?v=Rt4Dt9cTzuQ,0,0,0,,1064,0,0,0,
325c292889f542688512641841b4ed8a,5900,258894,250,74,374,https://www.youtube.com/watch?v=ByRAqpaZgbo,250,74,374,https://www.youtube.com/watch?v=ByRAqpaZgbo,0,0,0,,0,0,0,0,
9b11be3138284ff3904d3292d6aaa284,5890,308259,147,64,358,https://www.youtube.com/watch?v=_xRVDhjDSVY,358,157,358,https://www.youtube.com/watch?v=_xRVDhjDSVY,120,59,147,https://www.youtube.com/watch?v=kIbiPIg70Zg,0,0,0,0,
dbfaa5f3d01142df8a05c4946a0a22dc,5840,507306,243,145,1495,https://www.youtube.com/watch?v=yA5PFNrUjfE,239,142,898,https://www.youtube.com/watch?v=SKhuFmk1NiU,1495,1438,1495,https://www.youtube.com/watch?v=yA5PFNrUjfE,0,0,0,0,
7f4f30df30ec405bb0968c585b243fa5,5830,490934,260,209,1632,https://www.youtube.com/watch?v=zi7N8DphzJo,260,209,1632,https://www.youtube.com/watch?v=zi7N8DphzJo,0,0,0,,864,0,0,0,
33717d815310491da465eb6258a70b1c,5800,279259,245,115,346,https://www.youtube.com/watch?v=qxzNTWJMIe0,245,115,346,https://www.youtube.com/watch?v=qxzNTWJMIe0,0,0,0,,0,0,0,0,
9ff913f8a0fa42269c6e3d462af1b2e0,5790,52266,372,87,1859,https://www.youtube.com/watch?v=sha8RKExL1o,152,57,614,https://www.youtube.com/watch?v=TnmIEYfpwp0,1567,656,1859,https://www.youtube.com/watch?v=sha8RKExL1o,0,0,0,0,
7ae1c13d53fb44f49f386eef43c63ee4,5780,313409,171,84,1753,https://www.youtube.com/watch?v=nC1DfqLzRwA,137,55,305,https://www.youtube.com/watch?v=kJ4pOcnYHx4,1193,262,1753,https://www.youtube.com/watch?v=nC1DfqLzRwA,76,0,0,0,
58c4453bedb9463ab1dcb522d4d50faf,5770,1059588,199,87,294,https://www.youtube.com/watch?v=f2L-rVkmlOQ,199,87,294,https://www.youtube.com/watch?v=f2L-rVkmlOQ,0,0,0,,0,0,0,0,
dcbe7946e39e48bcb0b725de64a445c8,5770,542117,414,221,2550,https://www.youtube.com/watch?v=HMcmChxoy-M,421,235,2550,https://www.youtube.com/watch?v=HMcmChxoy-M,238,200,238,https://www.youtube.com/watch?v=u-zOX8nAhDQ,0,0,0,0,
925d91a363914edfb035fe6c08946be9,5760,188436,206,107,524,https://www.youtube.com/watch?v=6KQP2rLqYZc,206,107,524,https://www.youtube.com/watch?v=6KQP2rLqYZc,0,0,0,,0,0,0,0,
58304450990a433b88acd02b889b74e6,5690,182211,266,138,1350,https://www.youtube.com/watch?v=EaZl3XsERS8,183,112,446,https://www.youtube.com/watch?v=cdIV2ziawJI,1091,637,1350,https://www.youtube.com/watch?v=EaZl3XsERS8,284,105,86,131,https://www.twitch.tv/videos/2823007505
9e213402f2f54c42866d4f62545921b4,5680,147041,0,0,0,,0,0,0,,0,0,0,,449,0,0,0,
e17f42aa104040deae2ee3f3b1e85ed8,5660,320796,0,0,0,,0,0,0,,0,0,0,,39965,2896,1791,9471,https://www.twitch.tv/videos/2818037050
a800589948934dd68ac2c728cc05fbaf,5630,98219,138,81,138,https://www.youtube.com/watch?v=LoLuL3wLxUo,0,0,0,,138,81,138,https://www.youtube.com/watch?v=LoLuL3wLxUo,0,0,0,0,
25027be34ca844c885f40d5c26507898,5560,312813,360,211,2208,https://www.youtube.com/watch?v=rV2WcvFNuxo,318,169,606,https://www.youtube.com/watch?v=LeTMRZZK_Js,1490,699,2208,https://www.youtube.com/watch?v=rV2WcvFNuxo,0,0,0,0,
ea7d228d8fb2462f95aef21fc5bd4fb8,5550,1064887,759,380,1164,https://www.youtube.com/watch?v=2b8gMXDLj4Q,759,380,1164,https://www.youtube.com/watch?v=2b8gMXDLj4Q,0,0,0,,0,0,0,0,
70adcdf6f8a146089a4e724b14146efd,5540,406729,375,188,525,https://www.youtube.com/watch?v=-kGOIATK-sk,375,188,525,https://www.youtube.com/watch?v=-kGOIATK-sk,0,0,0,,574,465,417,625,https://www.twitch.tv/videos/2827595165
8f0b41303e8a481689fe4309a565ecd3,5520,338821,231,139,1550,https://www.youtube.com/watch?v=kXw7tpbqtIc,210,110,327,https://www.youtube.com/watch?v=OPX2yR4xwoU,1410,825,1550,https://www.youtube.com/watch?v=kXw7tpbqtIc,1466,224,161,255,https://www.twitch.tv/videos/2820347006
887b37336c9c4730809ace8b5e38df17,5520,64817,0,0,0,,0,0,0,,0,0,0,,53594,4422,1023,6461,https://www.twitch.tv/videos/2811440288
e0f419006f244a51804050ede1d1a5aa,5480,1468990,67,33,2126,https://www.youtube.com/watch?v=6wxzbr9rnv0,67,27,894,https://www.youtube.com/watch?v=GMrADH16De4,1088,534,2126,https://www.youtube.com/watch?v=6wxzbr9rnv0,0,0,0,0,
e4e33334b43945b6837ec43826f3727f,5480,256958,215,115,2052,https://www.youtube.com/watch?v=FuWlU8kQwFg,179,94,291,https://www.youtube.com/watch?v=MkN8lRx5K2c,1606,510,2052,https://www.youtube.com/watch?v=FuWlU8kQwFg,0,0,0,0,
2c42a2d77b4c481bae57dc00a66c2f16,5440,614426,657,264,1776,https://www.youtube.com/watch?v=uefWTbEjPp8,657,340,1062,https://www.youtube.com/watch?v=roroZbY93O8,1148,173,1776,https://www.youtube.com/watch?v=uefWTbEjPp8,0,0,0,0,
443ba741722742d5b7d5f76c3e7b445b,5430,544315,243,91,1876,https://www.youtube.com/watch?v=YqaIKF3xgCM,177,72,328,https://www.youtube.com/watch?v=dfuXk7ll3RY,1038,316,1876,https://www.youtube.com/watch?v=YqaIKF3xgCM,0,0,0,0,
d889f67fe7b84a38a9742ab2a47f346a,5430,719681,235,89,2293,https://www.youtube.com/watch?v=nSh4H6ceNJU,179,80,251,https://www.youtube.com/watch?v=6aVzO27wS6Q,1415,604,2293,https://www.youtube.com/watch?v=nSh4H6ceNJU,3493,377,340,775,https://www.twitch.tv/videos/2821959915
428251b7832a48219276fb6e5f644e86,5420,839982,149,36,968,https://www.youtube.com/watch?v=JRghLCNa1YM,99,36,162,https://www.youtube.com/watch?v=mP9X17CWoMk,552,67,968,https://www.youtube.com/watch?v=JRghLCNa1YM,257,0,0,0,
a0e2f9b9f851401bbd1736189d4b69b1,5420,135227,0,0,0,,0,0,0,,0,0,0,,0,0,0,0,
490a48eedc944f9cb74501e6eefeb04d,5410,315309,284,100,323,https://www.youtube.com/watch?v=CiLgp5V9NjQ,227,99,323,https://www.youtube.com/watch?v=CiLgp5V9NjQ,284,103,284,https://www.youtube.com/watch?v=pg65P9xRpOw,2946,285,247,322,https://www.twitch.tv/videos/2824543505
b0f00fccf8a14655911360748c4699cd,5400,169529,128,53,718,https://www.youtube.com/watch?v=Z9or9dmkGwk,85,53,159,https://www.youtube.com/watch?v=1pA2lHwkj5g,172,57,718,https://www.youtube.com/watch?v=Z9or9dmkGwk,0,0,0,0,
38ecb20931514383b2d93885136c6b68,5390,241539,135,34,1842,https://www.youtube.com/watch?v=XqUZqL5SZzM,135,33,206,https://www.youtube.com/watch?v=LlV1PLfmJqU,1842,1741,1842,https://www.youtube.com/watch?v=XqUZqL5SZzM,0,0,0,0,
510bdce263cc479ca12d1fad64bfc65e,5380,383201,453,279,2380,https://www.youtube.com/watch?v=DImONcYM3ug,420,192,525,https://www.youtube.com/watch?v=6gBMRJG5xkI,1644,652,2380,https://www.youtube.com/watch?v=DImONcYM3ug,0,0,0,0,
fe8ee7b57ae74a1388127b81b136c7ea,5370,25246,1239,556,1283,https://www.youtube.com/watch?v=eGrDzVEO2Fs,776,442,1239,https://www.youtube.com/watch?v=qhnAef44FCs,1283,556,1283,https://www.youtube.com/watch?v=eGrDzVEO2Fs,664,0,0,0,
529328632b0b4701a469ebc14413f855,5370,200111,156,80,1403,https://www.youtube.com/watch?v=63eB_jiWj98,185,64,235,https://www.youtube.com/watch?v=PWY2bpOL8hM,129,86,1403,https://www.youtube.com/watch?v=63eB_jiWj98,0,0,0,0,
b473dffe721745f6beb34b5a49e9aeda,5300,397407,794,179,1017,https://www.youtube.com/watch?v=HqmrxFm4vA8,794,179,1017,https://www.youtube.com/watch?v=HqmrxFm4vA8,0,0,0,,0,0,0,0,
c8858f1d4a2b41a4bbf738530023d6f9,5290,209284,117,43,144,https://www.youtube.com/watch?v=zceu8m0I_yo,117,43,144,https://www.youtube.com/watch?v=zceu8m0I_yo,0,0,0,,354,196,74,233,https://www.twitch.tv/videos/2808864521
00c2bd1279064d88b05ad2d17d790e37,5260,83456,351,180,868,https://www.youtube.com/watch?v=d48gfZOonpo,334,168,695,https://www.youtube.com/watch?v=DU5vje4AnmI,868,604,868,https://www.youtube.com/watch?v=d48gfZOonpo,967,482,387,697,https://www.twitch.tv/videos/2826940160
c3bec3f382754230b178f8278eb550fb,5250,262423,151,75,1279,https://www.youtube.com/watch?v=rxuox2laY1c,150,57,256,https://www.youtube.com/watch?v=XwbRyqDKVvk,370,103,1279,https://www.youtube.com/watch?v=rxuox2laY1c,0,0,0,0,
bdaa84ad3c7841d6a9ec8774ed9d40a9,5250,187104,256,188,617,https://www.youtube.com/watch?v=ZuJ7ZWDgojc,256,188,617,https://www.youtube.com/watch?v=ZuJ7ZWDgojc,0,0,0,,0,0,0,0,
7e088cf828bf4e02ae65bb8a1f6a8b89,5250,195404,51,45,90,https://www.youtube.com/watch?v=r8Ps2wFF0UI,51,45,90,https://www.youtube.com/watch?v=r8Ps2wFF0UI,0,0,0,,208,0,0,0,
988d1a83ff6c4f82af6be42946987c36,5240,395234,404,162,1749,https://www.youtube.com/watch?v=X4xJ6nXxlbM,176,95,338,https://www.youtube.com/watch?v=kIHvjLkvgQo,1408,452,1749,https://www.youtube.com/watch?v=X4xJ6nXxlbM,0,0,0,0,
b6f8117355b24e9c8a8a4c813a72aec9,5230,657043,655,564,1227,https://www.youtube.com/watch?v=LJdcY_AcNKc,0,0,0,,655,564,1227,https://www.youtube.com/watch?v=LJdcY_AcNKc,1408,248,162,492,https://www.twitch.tv/videos/2822092603
cc2a13ac075e4640b19020a51dcf9d88,5210,140811,0,0,0,,0,0,0,,0,0,0,,568,59,49,64,https://www.twitch.tv/videos/2825317665
1f2b5204983b4d5ebe0a9352de3a66f6,5200,118013,192,14,212,https://www.youtube.com/watch?v=vpA8Z6RoNzk,192,14,212,https://www.youtube.com/watch?v=vpA8Z6RoNzk,0,0,0,,0,0,0,0,
4cc400969073471f9d2808a807e95f7d,5160,550764,342,176,1217,https://www.youtube.com/watch?v=VT1OhFiifGg,0,0,0,,342,176,1217,https://www.youtube.com/watch?v=VT1OhFiifGg,0,0,0,0,
effe96469a7348c786d01ccea8cf71cb,5150,182790,0,0,0,,0,0,0,,0,0,0,,0,0,0,0,
f03fa714465e44ef8d339474bd0f4a02,5150,208047,239,157,533,https://www.youtube.com/watch?v=FHywifvcZWw,238,143,533,https://www.youtube.com/watch?v=FHywifvcZWw,360,192,360,https://www.youtube.com/watch?v=Alf3TWfSstE,0,0,0,0,
def76c5c31fe4466b5ae6e6940ae6e58,5120,628274,345,117,1254,https://www.youtube.com/watch?v=qVP6s8__5c0,376,168,837,https://www.youtube.com/watch?v=xj8xv_tut28,175,34,1254,https://www.youtube.com/watch?v=qVP6s8__5c0,0,0,0,0,
db1c4d81f03f4b04aca36b8b5b2b9c62,5120,131200,209,79,1466,https://www.youtube.com/watch?v=752Zm1uGZIU,202,77,535,https://www.youtube.com/watch?v=yF_cdahBzXI,1466,798,1466,https://www.youtube.com/watch?v=752Zm1uGZIU,449,0,0,0,
c21d4186912d4652a7fb5a1b3ef382b6,5110,192294,150,64,367,https://www.youtube.com/watch?v=e1tic-DlAak,190,47,367,https://www.youtube.com/watch?v=e1tic-DlAak,111,81,111,https://www.youtube.com/watch?v=502tklx3iRk,2971,367,281,512,https://www.twitch.tv/videos/2819807630
29294f0665864cee8bb2b48697b9e84f,5060,300892,383,215,1543,https://www.youtube.com/watch?v=zrA2cYyuXOE,379,213,1041,https://www.youtube.com/watch?v=iiE87L60-N0,1543,973,1543,https://www.youtube.com/watch?v=zrA2cYyuXOE,345,0,0,0,
42b8bd7bed2a4ddd930cfd223657e9ca,5050,224853,274,132,1339,https://www.youtube.com/watch?v=eTtgbyGnV3k,267,130,915,https://www.youtube.com/watch?v=mvd7Lv0-Qh8,1339,759,1339,https://www.youtube.com/watch?v=eTtgbyGnV3k,1411,252,192,474,https://www.twitch.tv/videos/2823656249
b9569d6e438b473ba61d88c0230899f5,5030,282044,88,45,1733,https://www.youtube.com/watch?v=15kB52Nk1ag,72,36,88,https://www.youtube.com/watch?v=_PsdiRngpu4,1451,470,1733,https://www.youtube.com/watch?v=15kB52Nk1ag,0,0,0,0,
fad69c2a625446829ef410d9ef277c8f,5010,164428,183,75,491,https://www.youtube.com/watch?v=yE9uGuauH4M,172,74,488,https://www.youtube.com/watch?v=y25aOoJxDIA,491,125,491,https://www.youtube.com/watch?v=yE9uGuauH4M,0,0,0,0,
3589be2c85dc460aa8de768c7a228730,4990,220568,130,67,296,https://www.youtube.com/watch?v=YGDns1CApwE,130,67,296,https://www.youtube.com/watch?v=YGDns1CApwE,0,0,0,,0,0,0,0,
bd7d712e0946448aa29a1d213d1c1beb,4970,172495,167,95,2547,https://www.youtube.com/watch?v=5UmH0QHkLRs,133,62,167,https://www.youtube.com/watch?v=pBXu0Dm0w0s,1857,692,2547,https://www.youtube.com/watch?v=5UmH0QHkLRs,615,325,239,455,https://www.twitch.tv/videos/2821358835
36f4fa8dbd7740c3ae5ac02b890fa502,4970,310023,43,19,134,https://www.youtube.com/watch?v=MM3D-CvrAf0,43,19,134,https://www.youtube.com/watch?v=MM3D-CvrAf0,0,0,0,,1068,0,0,0,
1ea5aa0a7a7d401b897630667cf4b44e,4960,262134,132,83,6355,https://www.youtube.com/watch?v=QwDBkuFtv5U,120,48,212,https://www.youtube.com/watch?v=u1g-EcinRMA,1302,800,6355,https://www.youtube.com/watch?v=QwDBkuFtv5U,1274,239,195,285,https://www.twitch.tv/videos/2821459561
19c3bdcc95134ef38ad98df3f92f3ccb,4960,325378,281,57,360,https://www.youtube.com/watch?v=72Hyj4KN_Fw,281,57,360,https://www.youtube.com/watch?v=72Hyj4KN_Fw,0,0,0,,853,0,0,0,
8fd3526ba2074df896bbcb47e713565b,4940,120469,95,38,149,https://www.youtube.com/watch?v=cV7jClrt-Cg,95,38,149,https://www.youtube.com/watch?v=cV7jClrt-Cg,0,0,0,,0,0,0,0,
6b43c568bdf044e4a4ae0bae0cb9fff2,4930,176256,731,327,1453,https://www.youtube.com/watch?v=kEzg4ebEwLw,309,177,452,https://www.youtube.com/watch?v=Ovo7KGpqGsA,975,503,1453,https://www.youtube.com/watch?v=kEzg4ebEwLw,0,0,0,0,
94082eb7d950471b934592394ad3e4c8,4930,296530,0,0,0,,0,0,0,,0,0,0,,0,0,0,0,
d0b68b633fba4c02a627751778973f36,4920,112642,170,80,170,https://www.youtube.com/watch?v=08HPsIBMICY,170,80,170,https://www.youtube.com/watch?v=08HPsIBMICY,0,0,0,,0,0,0,0,
17610c1e36214c0f8002456d8b0bcf36,4910,188649,180,142,691,https://www.youtube.com/watch?v=su9EtpgQ95Y,180,142,691,https://www.youtube.com/watch?v=su9EtpgQ95Y,0,0,0,,0,0,0,0,
a1bc1c5451e64266a0f21f0847dd8d2f,4910,177966,114,54,179,https://www.youtube.com/watch?v=DOPBdCHm8Ic,114,54,179,https://www.youtube.com/watch?v=DOPBdCHm8Ic,0,0,0,,490,265,177,401,https://www.twitch.tv/videos/2822156176
a9f1edc233804d4b90a9996219a3b14b,4900,252420,129,52,176,https://www.youtube.com/watch?v=sSOsHNmLslk,129,52,176,https://www.youtube.com/watch?v=sSOsHNmLslk,0,0,0,,0,0,0,0,
2717397c3d824350ace8ed9b6ba2f08f,4880,467024,11748,9138,303824,https://www.youtube.com/watch?v=OrM4yWCLXrE,0,0,0,,11748,9138,303824,https://www.youtube.com/watch?v=OrM4yWCLXrE,0,0,0,0,
32b83b466c11418bb380623a95944302,4870,388461,0,0,0,,0,0,0,,0,0,0,,3470,300,184,734,https://www.twitch.tv/videos/2816528619
f9c9c29a9fb143539ade06564b99b233,4860,4237,85,15,92,https://www.youtube.com/watch?v=7cAXSjaEj5A,85,15,92,https://www.youtube.com/watch?v=7cAXSjaEj5A,0,0,0,,0,0,0,0,
33e0b518387b4479a76910366cd2a413,4840,256619,87,70,1969,https://www.youtube.com/watch?v=L4mUUyo_eUY,74,52,101,https://www.youtube.com/watch?v=2EcTWwrFyow,1969,272,1969,https://www.youtube.com/watch?v=L4mUUyo_eUY,383,64,56,180,https://www.twitch.tv/videos/2822233939
9ceaafbe1a9a41bb9526b113354e03cc,4830,355331,624,304,3585,https://www.youtube.com/watch?v=FnVsyPqgmjk,320,219,322,https://www.youtube.com/watch?v=RV4kRgia3Jw,968,325,3585,https://www.youtube.com/watch?v=FnVsyPqgmjk,0,0,0,0,
2e266a71aa3d4a67bb8d9a2a0b573319,4830,280619,0,0,0,,0,0,0,,0,0,0,,41662,3712,2247,6024,https://www.twitch.tv/videos/2823412825
b2313ef4c37542c89796ae94dfb8228d,4830,188947,278,149,522,https://www.youtube.com/watch?v=fbbIH-_jW3c,278,149,522,https://www.youtube.com/watch?v=fbbIH-_jW3c,0,0,0,,418,333,202,415,https://www.twitch.tv/videos/2818116431
bcbde4d998e341418ebdf3e26884811d,4820,161013,212,145,304,https://www.youtube.com/watch?v=zxcGl2hC5Tw,212,145,304,https://www.youtube.com/watch?v=zxcGl2hC5Tw,0,0,0,,0,0,0,0,
9de74d9cd68f481396a3dbd76d529a24,4810,213265,147,84,197,https://www.youtube.com/watch?v=mcqFzWtWKEI,147,84,197,https://www.youtube.com/watch?v=mcqFzWtWKEI,0,0,0,,0,0,0,0,
6fb8c6dea7404638a9d78d4b0d84f64c,4790,44765,646,312,3037,https://www.youtube.com/watch?v=rn4CqdcW2mc,646,312,3037,https://www.youtube.com/watch?v=rn4CqdcW2mc,0,0,0,,2837,0,0,0,
c6dab598fcee4b6b9bff76d2e8ffc8e6,4780,369107,912,842,1544,https://www.youtube.com/watch?v=s9PIcAG5vp4,0,0,0,,912,842,1544,https://www.youtube.com/watch?v=s9PIcAG5vp4,811,0,0,0,
20327c35cc9d4deba93299b790d7d721,4780,269394,175,109,2570,https://www.youtube.com/watch?v=Vg3jBm8BoBE,132,78,277,https://www.youtube.com/watch?v=ZeHpfbxeOBo,1352,773,2570,https://www.youtube.com/watch?v=Vg3jBm8BoBE,0,0,0,0,
a2c7c34474174cd2bffcc17a32aeec21,4770,324169,166,95,1806,https://www.youtube.com/watch?v=jofOrEl_XWI,109,25,188,https://www.youtube.com/watch?v=Z5_KQzePvoM,1332,1022,1806,https://www.youtube.com/watch?v=jofOrEl_XWI,946,139,114,217,https://www.twitch.tv/videos/2824757349
de81b740d66c439685aa37491d27efc4,4770,456830,0,0,0,,0,0,0,,0,0,0,,4316,257,180,332,https://www.twitch.tv/videos/2824504355
3f36658defc1428b8d4628478ef59256,4760,444245,1065,331,2140,https://www.youtube.com/watch?v=9ioAV9StDHE,1084,386,2140,https://www.youtube.com/watch?v=9ioAV9StDHE,825,77,1261,https://www.youtube.com/watch?v=hJy9ovee2rw,0,0,0,0,
e1b2337b79d1449e9ae6a754ec74050d,4760,624047,222,76,612,https://www.youtube.com/watch?v=MvG4WUBy-pE,212,67,344,https://www.youtube.com/watch?v=Se-mS4A39GU,612,452,612,https://www.youtube.com/watch?v=MvG4WUBy-pE,0,0,0,0,
4c8efd1d28d04eeabd21a3c337f154b9,4760,92272,173,113,230,https://www.youtube.com/watch?v=zvtZb3x2bLA,173,113,230,https://www.youtube.com/watch?v=zvtZb3x2bLA,0,0,0,,0,0,0,0,
256dd6464e974e118dc8103d5e9eb0b3,4760,111604,0,0,0,,0,0,0,,0,0,0,,3709,648,512,1236,https://www.twitch.tv/videos/2823767040
2d9ef8be75c34daf9ce9d17ecbbe0f7a,4730,696140,111,44,199,https://www.youtube.com/watch?v=UtTDCE10Re0,112,43,199,https://www.youtube.com/watch?v=UtTDCE10Re0,72,52,72,https://www.youtube.com/watch?v=amxhW2uTEFE,775,88,59,122,https://www.twitch.tv/videos/2826159782
1e71d9b4bbb1411b84e1aa428a79c9bc,4730,66982,0,0,0,,0,0,0,,0,0,0,,0,0,0,0,
220353f9b2634c84953cc7d243fbc6a0,4710,244746,671,285,13402,https://www.youtube.com/watch?v=1yOCyDMR2sY,441,224,1269,https://www.youtube.com/watch?v=gFzZsaI1Il8,1202,796,13402,https://www.youtube.com/watch?v=1yOCyDMR2sY,93,0,0,0,
41d4243609de491ba43ef4e11b8a0254,4700,523340,2287,1143,57987,https://www.youtube.com/watch?v=5qwXp9yesaE,1504,1463,3491,https://www.youtube.com/watch?v=PQ_FfKN3iGY,2292,1064,57987,https://www.youtube.com/watch?v=5qwXp9yesaE,0,0,0,0,
2683fa864bd24112b6f7d04afb096a4e,4690,282547,206,13,240,https://www.youtube.com/watch?v=lp92obfkOQU,206,13,240,https://www.youtube.com/watch?v=lp92obfkOQU,0,0,0,,383,0,0,0,
a99bc695c89d41e391a5abf6e781c911,4670,369343,305,122,539,https://www.youtube.com/watch?v=7pDoRmfZ6fE,539,185,539,https://www.youtube.com/watch?v=7pDoRmfZ6fE,71,58,71,https://www.youtube.com/watch?v=-5zk4LiScVk,0,0,0,0,
4762b7be8b764f19a33a7cf167c2ea64,4660,69098,101,20,106,https://www.youtube.com/watch?v=SMVwkg5gUEE,101,20,106,https://www.youtube.com/watch?v=SMVwkg5gUEE,0,0,0,,0,0,0,0,
3dd8c72cab6d494dbd6fbf0a0e3dc41a,4660,350280,173,76,2199,https://www.youtube.com/watch?v=1jOd_kNuOug,145,64,428,https://www.youtube.com/watch?v=qJFs8ogLjbg,1593,853,2199,https://www.youtube.com/watch?v=1jOd_kNuOug,1376,250,184,538,https://www.twitch.tv/videos/2823608573
ad6cf3322d204c79afa7d14d4d36473c,4640,358178,679,284,1612,https://www.youtube.com/watch?v=xbq2YyKVxKM,0,0,0,,679,284,1612,https://www.youtube.com/watch?v=xbq2YyKVxKM,0,0,0,0,
b3c1a09b09a54b9a8078d3310d151efe,4630,123732,0,0,0,,0,0,0,,0,0,0,,0,0,0,0,
98181ce64b3d45a9aa295c446e1bae9e,4630,118679,0,0,0,,0,0,0,,0,0,0,,570,0,0,0,
0ede84dfc1ff426cb42643d7390d2937,4600,743545,130,62,224,https://www.youtube.com/watch?v=bWFUSXH5v1I,130,62,224,https://www.youtube.com/watch?v=bWFUSXH5v1I,0,0,0,,1746,273,198,399,https://www.twitch.tv/videos/2822176330
3a43445829024217b728d04d5398b61c,4590,230317,247,22,434,https://www.youtube.com/watch?v=Tz5sx76G2ZU,247,22,434,https://www.youtube.com/watch?v=Tz5sx76G2ZU,0,0,0,,0,0,0,0,
6073eb006b764614915e90b5c54ce7e6,4590,298433,0,0,0,,0,0,0,,0,0,0,,3389,296,218,502,https://www.twitch.tv/videos/2820399517
2bf038f2a9514434aefa4ef7b2140f56,4590,192539,355,216,1688,https://www.youtube.com/watch?v=llDHrjPHHmY,284,176,790,https://www.youtube.com/watch?v=FTwZ62VPYUA,1479,1083,1688,https://www.youtube.com/watch?v=llDHrjPHHmY,746,299,240,299,https://www.twitch.tv/videos/2824581409
ffb8b8f15321474a98628cb638631bf1,4570,806140,0,0,0,,0,0,0,,0,0,0,,0,0,0,0,
d41f0a9dfdec46929f6f9534f8d79167,4540,64973,0,0,0,,0,0,0,,0,0,0,,0,0,0,0,
7f049d05ff3a4946998b9ddd7df409fd,4530,158067,117,54,520,https://www.youtube.com/watch?v=6mcHjreqoG4,117,54,520,https://www.youtube.com/watch?v=6mcHjreqoG4,0,0,0,,2407,104,93,192,https://www.twitch.tv/videos/2823783142
de071f4fc90344748afac14099022672,4500,130989,1372,667,2329,https://www.youtube.com/watch?v=4YAdMaG5EUY,0,0,0,,1372,667,2329,https://www.youtube.com/watch?v=4YAdMaG5EUY,8978,1433,599,97296,https://www.twitch.tv/videos/2820451489
52b5fa7ff03945368644f52035a5e798,4500,364792,448,149,2228,https://www.youtube.com/watch?v=5yLuknam2Yg,421,148,2228,https://www.youtube.com/watch?v=5yLuknam2Yg,785,153,785,https://www.youtube.com/watch?v=GTq83M6ocG8,0,0,0,0,
73827056b15849549388f720dde25c01,4460,236943,306,136,1489,https://www.youtube.com/watch?v=LyENRHjEHDE,294,118,711,https://www.youtube.com/watch?v=TnXcE3TePD8,1138,450,1489,https://www.youtube.com/watch?v=LyENRHjEHDE,0,0,0,0,
c90914afde364f5e982414615662f5a7,4450,383743,138,82,186,https://www.youtube.com/watch?v=gsXR10MiENA,138,82,186,https://www.youtube.com/watch?v=gsXR10MiENA,0,0,0,,1943,430,306,635,https://www.twitch.tv/videos/2820547525
0fa88d7be0ba4850abea150aa73fe440,4450,261846,0,0,0,,0,0,0,,0,0,0,,0,0,0,0,
58bb51ba1bba485a98cbf859fb5687f4,4430,567422,1446,629,2072,https://www.youtube.com/watch?v=7o4OJnQDuK8,93,41,139,https://www.youtube.com/watch?v=IBelkW9B0YU,1491,778,2072,https://www.youtube.com/watch?v=7o4OJnQDuK8,1843,0,0,0,
50433c34f368460c9cda947f292a62b4,4420,347097,406,153,688,https://www.youtube.com/watch?v=2tRp8AqQu4k,406,153,688,https://www.youtube.com/watch?v=2tRp8AqQu4k,0,0,0,,0,0,0,0,
d66fb507852f4d889e426c8ea0f9f246,4410,199356,284,139,2030,https://www.youtube.com/watch?v=pVgH3RD8S58,197,96,413,https://www.youtube.com/watch?v=Lb6b-7WQ_Ls,1236,613,2030,https://www.youtube.com/watch?v=pVgH3RD8S58,569,130,87,176,https://www.twitch.tv/videos/2827114929
ccc1420185ad46d49d40b6b774db9b11,4400,247728,104,86,255,https://www.youtube.com/watch?v=E43Dl-MyZAo,104,86,255,https://www.youtube.com/watch?v=E43Dl-MyZAo,0,0,0,,778,58,53,69,https://www.twitch.tv/videos/2826992740
627d42f52e604f3e8eadc7f04ef74d2a,4390,215330,68,24,68,https://www.youtube.com/watch?v=7p3AsbhVapc,0,0,0,,68,24,68,https://www.youtube.com/watch?v=7p3AsbhVapc,3628,560,178,1125,https://www.twitch.tv/videos/2815807268
00d9cb7b0bcd451999f4fd33dd84be6c,4380,791752,497,200,3540,https://www.youtube.com/watch?v=L3npMNEriMI,371,113,1094,https://www.youtube.com/watch?v=OWL5mBB3D_8,1516,349,3540,https://www.youtube.com/watch?v=L3npMNEriMI,5057,561,255,1813,https://www.twitch.tv/videos/2814014494
4f5a88e0193a4c948f7e84c56303db82,4370,122748,144,107,1523,https://www.youtube.com/watch?v=eSGoO1CjJKY,136,100,280,https://www.youtube.com/watch?v=Y9hTcw0rMJ8,1241,745,1523,https://www.youtube.com/watch?v=eSGoO1CjJKY,0,0,0,0,
637b3a1eb03443248ebd1caba56e6b5a,4370,207769,439,167,1367,https://www.youtube.com/watch?v=jQTRHkTuUKI,439,167,1367,https://www.youtube.com/watch?v=jQTRHkTuUKI,0,0,0,,0,0,0,0,
98187e2cc8c34f5d8e0853bffc1a30c9,4370,151183,0,0,0,,0,0,0,,0,0,0,,0,0,0,0,
5fd252ad134343a59705e00390c6d9ef,4360,117885,0,0,0,,0,0,0,,0,0,0,,1653,294,244,294,https://www.twitch.tv/videos/2825264570
f18910b4b83a48558f16836f4c1488eb,4350,168970,2354,1324,2587,https://www.youtube.com/watch?v=TC_QDJwbHi0,1816,1363,1816,https://www.youtube.com/watch?v=NWQqPeZn7SY,2382,1285,2587,https://www.youtube.com/watch?v=TC_QDJwbHi0,0,0,0,0,
f658ebdc79bf4cef928a87d3a35855a5,4330,83621,149,21,1541,https://www.youtube.com/watch?v=Wlsncjtnko0,89,15,149,https://www.youtube.com/watch?v=gyRNptl7VH0,1541,191,1541,https://www.youtube.com/watch?v=Wlsncjtnko0,0,0,0,0,
f4fc9f87ed4b4f05a339b1f1a1d621b6,4310,92257,0,0,0,,0,0,0,,0,0,0,,0,0,0,0,
81387cdce77a4a9b9338145b28ae9ff6,4280,0,0,0,0,,0,0,0,,0,0,0,,0,0,0,0,
9d74c909706a450ea35c1777cac79e77,4280,487575,212,105,1418,https://www.youtube.com/watch?v=jP6MSooHYIg,212,105,1418,https://www.youtube.com/watch?v=jP6MSooHYIg,848,411,958,https://www.youtube.com/watch?v=7xwPl8Zkbxw,872,113,109,148,https://www.twitch.tv/videos/2826135442
caebfeea12c840f0ae0f0e2beb57b4e2,4280,226430,0,0,0,,0,0,0,,0,0,0,,0,0,0,0,
c17ad3ef81904c26982024c9af1f0f3a,4270,181453,83,45,84,https://www.youtube.com/watch?v=sv3ih1V5Nzc,83,45,84,https://www.youtube.com/watch?v=sv3ih1V5Nzc,0,0,0,,3536,425,276,746,https://www.twitch.tv/videos/2820336143
58e377df63f745fc8473368b20afe2ae,4260,233421,59,29,71,https://www.youtube.com/watch?v=HqmjJUDD9KU,59,29,71,https://www.youtube.com/watch?v=HqmjJUDD9KU,0,0,0,,308,13,11,16,https://www.twitch.tv/videos/2824628471
ba41581d315943fdaebe0dc981020d1c,4260,239089,162,91,1635,https://www.youtube.com/watch?v=KCNipqFdUY8,137,83,167,https://www.youtube.com/watch?v=qMht8a9ZvFk,898,138,1635,https://www.youtube.com/watch?v=KCNipqFdUY8,0,0,0,0,
872627e5c7a248bfb41a055dee03029a,4230,139234,125,92,264,https://www.youtube.com/watch?v=D-6JLaifaE8,29,7,29,https://www.youtube.com/watch?v=YVWvgjmD8Uo,194,104,264,https://www.youtube.com/watch?v=D-6JLaifaE8,764,0,0,0,
01bebf0363a94b16b2313053c90a1c8a,4210,126285,443,369,443,https://www.youtube.com/watch?v=yJ5hNj0fF3Q,0,0,0,,443,369,443,https://www.youtube.com/watch?v=yJ5hNj0fF3Q,538,178,104,233,https://www.twitch.tv/videos/2824481321
90446c6f1b704ff6b0fbbf017f0a68c5,4210,155280,341,137,1383,https://www.youtube.com/watch?v=3mToSke-wv4,314,136,408,https://www.youtube.com/watch?v=juwVslOnzwM,1383,907,1383,https://www.youtube.com/watch?v=3mToSke-wv4,0,0,0,0,
3e340f9122814acc84ff51a0aec8ae13,4210,131977,0,0,0,,0,0,0,,0,0,0,,0,0,0,0,
ec12bbfb27d24091aa6a7d64ff9429ea,4160,104262,2463,2386,2463,https://www.youtube.com/watch?v=V7GaGkKQCZI,0,0,0,,2463,2386,2463,https://www.youtube.com/watch?v=V7GaGkKQCZI,5594,745,256,1189,https://www.twitch.tv/videos/2810494965
16b8db1818764f81addb322d109b5da3,4150,247034,0,0,0,,0,0,0,,0,0,0,,0,0,0,0,
0490d9546bce4068a0f52b39046bdf91,4140,116725,994,461,1180,https://www.youtube.com/watch?v=MX_RO5fZHXc,0,0,0,,994,461,1180,https://www.youtube.com/watch?v=MX_RO5fZHXc,4466,735,632,1179,https://www.twitch.tv/videos/2818240800
4d9730dc400443e6b8edb719febd5f46,4130,90431,91,50,122,https://www.youtube.com/watch?v=XPMeum_hvyk,91,50,122,https://www.youtube.com/watch?v=XPMeum_hvyk,0,0,0,,775,0,0,0,
eda6bf91049349e08f0f269fb4f8c0f9,4130,169642,47,30,2113,https://www.youtube.com/watch?v=6uwATNBIvwQ,42,25,94,https://www.youtube.com/watch?v=cqVSr_0ZmRI,1337,278,2113,https://www.youtube.com/watch?v=6uwATNBIvwQ,249,24,15,56,https://www.twitch.tv/videos/2818844669
4e4721deba7c4681b1172714a29e6f19,4120,278893,214,62,330,https://www.youtube.com/watch?v=jQupnsUKbv0,214,62,330,https://www.youtube.com/watch?v=jQupnsUKbv0,0,0,0,,0,0,0,0,
c16daca9d8b84b18a38ab97cdcd7577a,4120,410411,262,147,5007,https://www.youtube.com/watch?v=3DfF3-79n2w,241,140,537,https://www.youtube.com/watch?v=fmhdG7LLH1E,5007,2808,5007,https://www.youtube.com/watch?v=3DfF3-79n2w,0,0,0,0,
8b027d3a3f374c9c8398b6dd751e5018,4120,13869,262,165,1761,https://www.youtube.com/watch?v=4CjEaZuVneM,0,0,0,,262,165,1761,https://www.youtube.com/watch?v=4CjEaZuVneM,37353,1062,721,2891,https://www.twitch.tv/videos/2813439832
9c1450789da443f491a66e6f121482fc,4110,366606,320,96,541,https://www.youtube.com/watch?v=XN1f1-Om8xs,322,124,541,https://www.youtube.com/watch?v=XN1f1-Om8xs,101,66,200,https://www.youtube.com/watch?v=iNAkrjFhkoQ,388,0,0,0,
b516b71a9e8d43b8a377dabe1f9057dd,4110,115549,100,49,245,https://www.youtube.com/watch?v=tEKJ2qNik7w,82,41,118,https://www.youtube.com/watch?v=wrpKw42V60I,145,65,245,https://www.youtube.com/watch?v=tEKJ2qNik7w,565,47,37,56,https://www.twitch.tv/videos/2828616097
a60e76fb18f44818980d7d5b07cf82c9,4090,222684,525,235,1527,https://www.youtube.com/watch?v=jeMStHi-F8I,414,182,1015,https://www.youtube.com/watch?v=t12eAvhncvc,1145,525,1527,https://www.youtube.com/watch?v=jeMStHi-F8I,770,554,316,818,https://www.twitch.tv/videos/2825429127
d177ac8568a14720b35bcc1a829aff51,4070,156971,174,80,463,https://www.youtube.com/watch?v=C4VggZWYO1Y,174,80,463,https://www.youtube.com/watch?v=C4VggZWYO1Y,0,0,0,,0,0,0,0,
7b2d1d71057b4ac2a16109b980a99e28,4060,233320,133,81,1552,https://www.youtube.com/watch?v=PP5P1QXxP_Y,119,65,210,https://www.youtube.com/watch?v=9Z0-8-oHoZQ,1407,1030,1552,https://www.youtube.com/watch?v=PP5P1QXxP_Y,0,0,0,0,
cd44db2c12a54568963299704aa8d4a6,4040,106631,125,42,125,https://www.youtube.com/watch?v=Hb94_IQeGxI,125,42,125,https://www.youtube.com/watch?v=Hb94_IQeGxI,0,0,0,,322,0,0,0,
4a44ee7065ae41ad8d70469297599df8,4030,1131451,31,14,38,https://www.youtube.com/watch?v=guQt3ENC8yE,31,14,38,https://www.youtube.com/watch?v=guQt3ENC8yE,0,0,0,,0,0,0,0,
c9ac78b9004c4c26ba4107ccefe399ec,4020,173418,52,14,261,https://www.youtube.com/watch?v=A1QQGd621jM,52,14,135,https://www.youtube.com/watch?v=4CvepeKYgeM,151,70,261,https://www.youtube.com/watch?v=A1QQGd621jM,0,0,0,0,
780f8a72bb1543a79feb5730b42130c6,4020,283817,467,204,5046,https://www.youtube.com/watch?v=4AglycnwWo8,312,84,677,https://www.youtube.com/watch?v=UH3xbF5OpZo,1544,654,5046,https://www.youtube.com/watch?v=4AglycnwWo8,0,0,0,0,
c371d4c7f516451bac8ae3a9a13dc7f2,4000,130793,128,46,290,https://www.youtube.com/watch?v=GWZmxSaFojA,128,46,290,https://www.youtube.com/watch?v=GWZmxSaFojA,0,0,0,,1614,189,134,236,https://www.twitch.tv/videos/2818276301
4b8f55c74e594978bb461a27b3924336,3990,110861,297,184,779,https://www.youtube.com/watch?v=d57EkcFoLp8,285,166,358,https://www.youtube.com/watch?v=h7h_T9tqCwY,779,599,779,https://www.youtube.com/watch?v=d57EkcFoLp8,832,0,0,0,
6bf5f37da9e74d539963689b6b0256a5,3980,517164,710,268,1441,https://www.youtube.com/watch?v=MXaiEgJxO5w,273,142,324,https://www.youtube.com/watch?v=23kUwy8cssQ,1228,790,1441,https://www.youtube.com/watch?v=MXaiEgJxO5w,0,0,0,0,
ba5ed25718a7421cb15cd0ec62df723e,3960,162059,261,117,387,https://www.youtube.com/watch?v=Q4Pc13HaCLw,261,117,387,https://www.youtube.com/watch?v=Q4Pc13HaCLw,0,0,0,,495,0,0,0,
2f80e2f83d254bbdbf48b9c8b3fca995,3950,171334,213,117,1012,https://www.youtube.com/watch?v=yPavI_xCaek,209,104,1012,https://www.youtube.com/watch?v=yPavI_xCaek,618,392,618,https://www.youtube.com/watch?v=N8fmypOx6Co,0,0,0,0,
9db6beb02e774aa7a97ba8674a5a8f9d,3940,82501,0,0,0,,0,0,0,,0,0,0,,197,0,0,0,
0df008566e92461eb808c5b3ba9c7f0f,3930,133756,58,34,153,https://www.youtube.com/watch?v=5aGt-23L21o,58,34,153,https://www.youtube.com/watch?v=5aGt-23L21o,0,0,0,,0,0,0,0,
5cff30a1695346368e3ea7a7c7af4286,3920,423521,0,0,0,,0,0,0,,0,0,0,,763,0,0,0,
42e2bc7c16734352b2e18a82e48844ec,3880,570268,216,79,2095,https://www.youtube.com/watch?v=ye_oYwpBtZI,216,79,2095,https://www.youtube.com/watch?v=ye_oYwpBtZI,0,0,0,,0,0,0,0,
9881cf3008684e55aea70a2499e84163,3880,489801,333,117,1967,https://www.youtube.com/watch?v=tuOZa1Ebgqg,110,57,259,https://www.youtube.com/watch?v=Kl1K3FTNojo,1276,626,1967,https://www.youtube.com/watch?v=tuOZa1Ebgqg,177,0,0,0,
ed4666af39034d54913aba64cfea6f47,3870,368762,189,80,447,https://www.youtube.com/watch?v=wMv_o7FU1fI,189,80,447,https://www.youtube.com/watch?v=wMv_o7FU1fI,0,0,0,,1071,0,0,0,
53d808d5b57f452a96d67861f3da1f8c,3840,156644,306,157,1360,https://www.youtube.com/watch?v=sXSF1h1HZxY,306,158,1360,https://www.youtube.com/watch?v=sXSF1h1HZxY,199,112,199,https://www.youtube.com/watch?v=TS3OWWfLKY0,265,0,0,0,
3727892a417b429aa063c7300e132966,3840,226934,0,0,0,,0,0,0,,0,0,0,,0,0,0,0,
20f361a84fb3439999c550c10fcf5642,3830,89458,0,0,0,,0,0,0,,0,0,0,,1652,0,0,0,
a03628db891e4e8c9a54bc5161f1f2f4,3820,193583,0,0,0,,0,0,0,,0,0,0,,659,183,148,281,https://www.twitch.tv/videos/2822879554
7ddebf4d8f6d4c63a4fc7268d8113c10,3820,481995,0,0,0,,0,0,0,,0,0,0,,6853,2234,1033,4089,https://www.twitch.tv/videos/2815802192
edbd401267284e8886c1fd27d08283d4,3810,71492,0,0,0,,0,0,0,,0,0,0,,1027,0,0,0,
3a4fe2f4720747ceabc87b3327ab2b17,3800,104691,102,26,401,https://www.youtube.com/watch?v=W3XeXK7IFl0,114,15,114,https://www.youtube.com/watch?v=at6ArEum9hM,96,31,401,https://www.youtube.com/watch?v=W3XeXK7IFl0,0,0,0,0,
db4fd03c50654057bd32b9201666b345,3790,190401,80,46,165,https://www.youtube.com/watch?v=XJeEnm8QKzU,102,54,165,https://www.youtube.com/watch?v=XJeEnm8QKzU,64,22,64,https://www.youtube.com/watch?v=OXOOVwqUsRs,2298,0,0,0,
7caa52181a744f68be9e3995c7adec24,3770,51585,263,175,1962,https://www.youtube.com/watch?v=8qv3Yj8dl5s,241,100,422,https://www.youtube.com/watch?v=6h3ffdQsNSM,1781,1487,1962,https://www.youtube.com/watch?v=8qv3Yj8dl5s,0,0,0,0,
c396dafdab3547259c0447ff82f278c2,3770,248872,460,374,16336,https://www.youtube.com/watch?v=n2l3ESABMCE,434,202,836,https://www.youtube.com/watch?v=kyMOsv4_R0k,6129,1302,16336,https://www.youtube.com/watch?v=n2l3ESABMCE,313,165,148,180,https://www.twitch.tv/videos/2825414389
445a732fc0f64712b3213b4cd98fbdd3,3770,153070,337,132,1266,https://www.youtube.com/watch?v=W_dQf06lLjo,322,131,1266,https://www.youtube.com/watch?v=W_dQf06lLjo,740,573,995,https://www.youtube.com/watch?v=YZwwx_GGPCI,970,637,489,785,https://www.twitch.tv/videos/2826106618
342b158ba02d4103a1407d62fe786f5e,3760,180776,35,4,35,https://www.youtube.com/watch?v=5TyEHXmjRBg,35,4,35,https://www.youtube.com/watch?v=5TyEHXmjRBg,0,0,0,,1622,0,0,0,
74ef34317983453ab86223490eba4f6e,3750,135183,339,160,1505,https://www.youtube.com/watch?v=VpwLEvJiBn0,330,159,515,https://www.youtube.com/watch?v=FwXfbYgtdf8,1505,886,1505,https://www.youtube.com/watch?v=VpwLEvJiBn0,381,107,86,209,https://www.twitch.tv/videos/2824580924
dadb89bee9044261848ad444625d94f7,3740,42240,59,33,1492,https://www.youtube.com/watch?v=Lcy2G0vjEu4,56,31,127,https://www.youtube.com/watch?v=PZOLOFoewUs,944,449,1492,https://www.youtube.com/watch?v=Lcy2G0vjEu4,0,0,0,0,
c01af5d5f9b74ac29b51dcae0dc55a2d,3730,297841,0,0,0,,0,0,0,,0,0,0,,0,0,0,0,
601b56797a3246f49cead93e9e190a49,3730,149887,0,0,0,,0,0,0,,0,0,0,,0,0,0,0,
907d39ec8a394cdcb645bd4b2e6351e7,3730,106893,100,33,136,https://www.youtube.com/watch?v=mibSZsurEI4,100,33,136,https://www.youtube.com/watch?v=mibSZsurEI4,0,0,0,,0,0,0,0,
644ed2200e8a446bae2920103d1015e3,3700,142287,72,35,156,https://www.youtube.com/watch?v=EPC_jsS5gSQ,72,35,156,https://www.youtube.com/watch?v=EPC_jsS5gSQ,0,0,0,,0,0,0,0,
8b69d6c508194b93b14fc056038160ab,3700,79645,181,89,326,https://www.youtube.com/watch?v=3pxkHJG6Rs0,181,89,326,https://www.youtube.com/watch?v=3pxkHJG6Rs0,0,0,0,,1959,0,0,0,
286c24a67720434bbb4290d49fb42a54,3690,213505,124,44,1352,https://www.youtube.com/watch?v=vYuFnPlw3bU,72,22,160,https://www.youtube.com/watch?v=t_NQD5ZAoyM,1033,595,1352,https://www.youtube.com/watch?v=vYuFnPlw3bU,0,0,0,0,
a246e7561e5f40799a48eeca69951b7b,3690,185228,76,56,162,https://www.youtube.com/watch?v=udqCVCB86FY,76,56,162,https://www.youtube.com/watch?v=udqCVCB86FY,0,0,0,,129,0,0,0,
b1c9458ca89b44bab0f09883ef40c45c,3690,128297,169,44,321,https://www.youtube.com/watch?v=cnP9pDDt5l0,176,49,321,https://www.youtube.com/watch?v=cnP9pDDt5l0,23,22,23,https://www.youtube.com/watch?v=TGFcYEqw9K0,0,0,0,0,
e76a030f33bc48a58257b261f95ee3af,3680,149465,126,64,183,https://www.youtube.com/watch?v=0Tpaz6867UU,126,64,183,https://www.youtube.com/watch?v=0Tpaz6867UU,0,0,0,,0,0,0,0,
64bba754590e41c5b58df1c536d4e865,3660,136956,152,89,226,https://www.youtube.com/watch?v=G90K-0zOuSc,152,89,226,https://www.youtube.com/watch?v=G90K-0zOuSc,0,0,0,,836,337,277,427,https://www.twitch.tv/videos/2824414803
5f9767b104b54292bf6dd29863c0c6b1,3640,373699,114,72,1506,https://www.youtube.com/watch?v=Y_Z_IQBw4x8,108,43,219,https://www.youtube.com/watch?v=L193Nku202o,398,240,1506,https://www.youtube.com/watch?v=Y_Z_IQBw4x8,0,0,0,0,
53335d77cc69488c8b49ec97548c3297,3610,56498,1637,651,3340,https://www.youtube.com/watch?v=LPeJddeNe6E,843,651,1637,https://www.youtube.com/watch?v=MunKMy-Zhsc,1973,683,3340,https://www.youtube.com/watch?v=LPeJddeNe6E,0,0,0,0,
b95eb39c5bb74de687696afbc31fb836,3610,103110,0,0,0,,0,0,0,,0,0,0,,412,114,58,123,https://www.twitch.tv/videos/2816480299
d78d72ce0aac4c9d9c5c16604209ced3,3610,185326,0,0,0,,0,0,0,,0,0,0,,0,0,0,0,
bc70de85cb744f13bffae8a81ebd6bb4,3610,92900,0,0,0,,0,0,0,,0,0,0,,0,0,0,0,
c2bbc6bca92c4825b72d635634197e2b,3600,226094,73,27,114,https://www.youtube.com/watch?v=-3BUx38cf2g,73,27,114,https://www.youtube.com/watch?v=-3BUx38cf2g,0,0,0,,0,0,0,0,
cbba76fd34d74307a9f826e03b8e4db5,3600,170404,472,269,1648,https://www.youtube.com/watch?v=FMWshAIs52Y,407,264,954,https://www.youtube.com/watch?v=f_f15vx2IGY,1612,555,1648,https://www.youtube.com/watch?v=FMWshAIs52Y,816,180,129,806,https://www.twitch.tv/videos/2827854160
a55a6a4b6453413cb8b1dc69423b67d5,3600,418980,685,313,1322,https://www.youtube.com/watch?v=JQmNFcleUVs,685,313,1322,https://www.youtube.com/watch?v=JQmNFcleUVs,0,0,0,,0,0,0,0,
de362d2d371446d898953e74e27abd2a,3590,454035,136,47,1513,https://www.youtube.com/watch?v=usqcrNDx_6g,133,44,431,https://www.youtube.com/watch?v=GrA9edT6N3g,1513,1359,1513,https://www.youtube.com/watch?v=usqcrNDx_6g,0,0,0,0,
3506a4f43442492e83c6fbe4cdb09aba,3590,61229,0,0,0,,0,0,0,,0,0,0,,0,0,0,0,
e93734c51e5141419d44dc147f1c5420,3580,57776,0,0,0,,0,0,0,,0,0,0,,0,0,0,0,
f5a683eeac6b4936b44d547c1e4edbc2,3570,95438,135,55,945,https://www.youtube.com/watch?v=icvttY7fSyA,132,45,261,https://www.youtube.com/watch?v=fFXF2WYqh9o,699,597,945,https://www.youtube.com/watch?v=icvttY7fSyA,168,51,32,57,https://www.twitch.tv/videos/2818176065
db4df79a2e664ebb96d1a0ce5e4c0e63,3560,190604,7035,5578,28414,https://www.youtube.com/watch?v=V3sIEADrPzc,1924,1799,3240,https://www.youtube.com/watch?v=rHlLsY4NdFE,11080,5850,28414,https://www.youtube.com/watch?v=V3sIEADrPzc,0,0,0,0,
8961bc96eec34a99ad58505bae3f58f1,3560,159506,106,37,141,https://www.youtube.com/watch?v=Q7QZqcblwz4,106,37,141,https://www.youtube.com/watch?v=Q7QZqcblwz4,0,0,0,,0,0,0,0,
edf9e466820347828b0d2d10e5e9bb72,3540,233245,33,19,73,https://www.youtube.com/watch?v=__P3Bi11_JI,33,19,73,https://www.youtube.com/watch?v=__P3Bi11_JI,0,0,0,,496,0,0,0,
f3085e3337f34b178380b52e3ca429af,3540,179804,407,160,1452,https://www.youtube.com/watch?v=sWmPBxwMrdw,407,160,1452,https://www.youtube.com/watch?v=sWmPBxwMrdw,0,0,0,,1037,0,0,0,
4c34c44a98974b709f7dbc7618847fd6,3530,296658,1358,506,1668,https://www.youtube.com/watch?v=cfaLY0GIVOk,0,0,0,,1358,506,1668,https://www.youtube.com/watch?v=cfaLY0GIVOk,11578,910,520,1298,https://www.twitch.tv/videos/2814951689
430b173ad3134b729f78b96cdbed3585,3520,187290,0,0,0,,0,0,0,,0,0,0,,12146,1356,608,1631,https://www.twitch.tv/videos/2826759766
9379ed7f979440218e22b8db58dd0dd1,3520,217408,255,113,767,https://www.youtube.com/watch?v=wmtXRzRQGio,255,113,767,https://www.youtube.com/watch?v=wmtXRzRQGio,0,0,0,,597,0,0,0,
01ba034aab854ec680fe6f1ddc7008e2,3520,170880,96,41,240,https://www.youtube.com/watch?v=c_YLVzfKj_8,96,41,240,https://www.youtube.com/watch?v=c_YLVzfKj_8,0,0,0,,0,0,0,0,
54b0131ceb734643b23b1eefee31cca0,3520,270087,108,48,119,https://www.youtube.com/watch?v=vQHQvw-RVJk,0,0,0,,108,48,119,https://www.youtube.com/watch?v=vQHQvw-RVJk,744,0,0,0,
9ad37d3249e24861bc8cb84368883258,3520,218137,110,36,312,https://www.youtube.com/watch?v=dHpWxerEs64,100,33,312,https://www.youtube.com/watch?v=dHpWxerEs64,115,46,199,https://www.youtube.com/watch?v=qE2aOYrOEG8,0,0,0,0,
041976bda8b8410a99af25fc4cb87970,3520,124010,0,0,0,,0,0,0,,0,0,0,,133,0,0,0,
5b85294949544a5f8855715acadf66a5,3520,118742,156,80,3301,https://www.youtube.com/watch?v=Hbi-E59HgH8,133,63,282,https://www.youtube.com/watch?v=ZPNS61HBbxU,1297,678,3301,https://www.youtube.com/watch?v=Hbi-E59HgH8,1988,133,79,427,https://www.twitch.tv/videos/2818149019
8999cce711d64abfb6d451ca6172dd3e,3500,193021,453,255,7284,https://www.youtube.com/watch?v=kVvgLpOQ25c,416,188,882,https://www.youtube.com/watch?v=5LJCglWy4KI,2359,1119,7284,https://www.youtube.com/watch?v=kVvgLpOQ25c,0,0,0,0,
f45249f9d8094f9d85f6d02aec4af029,3490,774641,54,14,87,https://www.youtube.com/watch?v=9o2nJfMLaYM,55,38,87,https://www.youtube.com/watch?v=9o2nJfMLaYM,27,12,41,https://www.youtube.com/watch?v=tbtWmRV5QDs,0,0,0,0,
8c25e14dcc3a4f71895d58924c69dc0a,3480,183941,256,78,256,https://www.youtube.com/watch?v=LyWDd3jsRh0,256,78,256,https://www.youtube.com/watch?v=LyWDd3jsRh0,0,0,0,,0,0,0,0,
07b9e0f7118446be96cc2d12f5d8ad02,3480,132788,0,0,0,,0,0,0,,0,0,0,,12154,0,0,0,
de7f8ba1753d4e4cb95e6ac99007eacc,3460,99499,179,69,258,https://www.youtube.com/watch?v=SpdgWBLXPqA,179,69,258,https://www.youtube.com/watch?v=SpdgWBLXPqA,0,0,0,,0,0,0,0,
4d347ba9ca0c41c59cda553ebe4af5b1,3450,141890,125,24,308,https://www.youtube.com/watch?v=4HMt6Ax2Xtg,125,24,308,https://www.youtube.com/watch?v=4HMt6Ax2Xtg,0,0,0,,1241,0,0,0,
7bf1f37dccbe4c72860c81a2772b91e1,3450,1554527,32,14,46,https://www.youtube.com/watch?v=fOnMzWI6hk4,32,14,46,https://www.youtube.com/watch?v=fOnMzWI6hk4,0,0,0,,78,0,0,0,
60ff50e95399472b96a6fbe83d75e806,3440,179696,324,193,1916,https://www.youtube.com/watch?v=AmyjDJjpM5A,254,157,551,https://www.youtube.com/watch?v=ewxWM-hejXM,1051,421,1916,https://www.youtube.com/watch?v=AmyjDJjpM5A,669,290,203,417,https://www.twitch.tv/videos/2819017517
f94ba8ea1a5441c4852d53e8f528ee20,3420,259025,507,243,2446,https://www.youtube.com/watch?v=jItRIIxLUM8,368,234,1292,https://www.youtube.com/watch?v=ppW-ZuvDPGk,2142,945,2446,https://www.youtube.com/watch?v=jItRIIxLUM8,581,0,0,0,
dd0401d23f5444c69b9d10db3b22d444,3420,146088,140,88,1667,https://www.youtube.com/watch?v=Chl5j9dzFr4,114,80,377,https://www.youtube.com/watch?v=b5lZR77p1SI,1009,628,1667,https://www.youtube.com/watch?v=Chl5j9dzFr4,24,0,0,0,
7748d3ab76f34e06abb9d116bb432de2,3410,63371,0,0,0,,0,0,0,,0,0,0,,1644,0,0,0,
e810dcd23c334fd184d254718517764e,3410,216462,67,29,89,https://www.youtube.com/watch?v=S9P9OIQjaEk,67,29,89,https://www.youtube.com/watch?v=S9P9OIQjaEk,0,0,0,,0,0,0,0,
4d01ec47d0804a47a9fef6d9d01d9c29,3400,88834,0,0,0,,0,0,0,,0,0,0,,2172,151,108,151,https://www.twitch.tv/videos/2822712102
46145dc9eaab4a84898468905a4759b0,3390,77935,63,18,78,https://www.youtube.com/watch?v=NxGsPtNp81M,0,0,0,,63,18,78,https://www.youtube.com/watch?v=NxGsPtNp81M,0,0,0,0,
886f64b4a0504b9fbe5e4687b92f6584,3380,223121,118,55,998,https://www.youtube.com/watch?v=WLXGaU-y7nU,179,81,402,https://www.youtube.com/watch?v=ToqJN3s2ZrI,59,20,998,https://www.youtube.com/watch?v=WLXGaU-y7nU,173,15,12,66,https://www.twitch.tv/videos/2827592879
5da1b6db7796434f9180d2f5e210ea6c,3380,256285,1181,192,3070,https://www.youtube.com/watch?v=mjfNJ6bSOJE,78,52,250,https://www.youtube.com/watch?v=IsfmpSQLOls,1584,667,3070,https://www.youtube.com/watch?v=mjfNJ6bSOJE,0,0,0,0,
2ceecb98e47845eab5e3d8d33bd53895,3370,105931,124,26,144,https://www.youtube.com/watch?v=SKHG_xvBTts,124,26,144,https://www.youtube.com/watch?v=SKHG_xvBTts,0,0,0,,0,0,0,0,
c7a3d726bb4243cabb70dfd1e9545cd0,3370,163639,79,41,111,https://www.youtube.com/watch?v=dZIalebbJ1o,95,30,111,https://www.youtube.com/watch?v=dZIalebbJ1o,69,41,69,https://www.youtube.com/watch?v=utq8NtAzxs0,0,0,0,0,
63f727e673b9460abd6f7079bcbb1865,3370,238212,184,81,1955,https://www.youtube.com/watch?v=0GRyj3JAcs4,173,80,266,https://www.youtube.com/watch?v=N-dTVCO03Y0,578,319,1955,https://www.youtube.com/watch?v=0GRyj3JAcs4,0,0,0,0,
70a7428607b845fc959fb7d4859d018b,3360,348682,0,0,0,,0,0,0,,0,0,0,,18560,0,0,0,
8125f51f9526408790a77c1c7b4a053b,3360,104308,56,1,56,https://www.youtube.com/watch?v=JMgyhnpQ6fg,0,0,0,,56,1,56,https://www.youtube.com/watch?v=JMgyhnpQ6fg,3578,0,0,0,
3430201d0e1f4672a58faf16ee0f2761,3360,115602,162,68,284,https://www.youtube.com/watch?v=4Vo6g_DMuC4,162,68,284,https://www.youtube.com/watch?v=4Vo6g_DMuC4,0,0,0,,1371,114,95,114,https://www.twitch.tv/videos/2825323910
67ba07d1ace445328c13bfb9d612d564,3350,129892,201,144,1356,https://www.youtube.com/watch?v=upFx9XPhsHk,182,144,251,https://www.youtube.com/watch?v=_G1WZ3BZkxI,1095,260,1356,https://www.youtube.com/watch?v=upFx9XPhsHk,0,0,0,0,
0f9d996c066a406dbe04161776c17461,3340,186176,116,64,262,https://www.youtube.com/watch?v=yDAHbuvQABs,110,53,262,https://www.youtube.com/watch?v=yDAHbuvQABs,119,94,120,https://www.youtube.com/watch?v=9D3zuZ31JXQ,0,0,0,0,
7e8fe40622974698a75d14d78006e009,3340,236803,266,127,1903,https://www.youtube.com/watch?v=tLR2dQNAMAk,236,109,513,https://www.youtube.com/watch?v=ky5MR2cV7fg,1830,556,1903,https://www.youtube.com/watch?v=tLR2dQNAMAk,2569,743,564,1118,https://www.twitch.tv/videos/2817937955
0e8150c7419f4c1d94d8ccfb41a04280,3340,329111,0,0,0,,0,0,0,,0,0,0,,0,0,0,0,
8e249f04f6cb48bda24f1513a472f4d8,3330,269530,0,0,0,,0,0,0,,0,0,0,,0,0,0,0,
f466201465ac40ef9f3aefc9b08a39d1,3330,243073,408,172,1414,https://www.youtube.com/watch?v=9qvqapRgwJY,384,164,1078,https://www.youtube.com/watch?v=R0DqJcv7bE4,1272,626,1414,https://www.youtube.com/watch?v=9qvqapRgwJY,2366,717,403,2988,https://www.twitch.tv/videos/2812714059
9643c650b1804107b85de1f08010aa9d,3310,335318,244,112,673,https://www.youtube.com/watch?v=CjKEmnE4HC4,239,112,673,https://www.youtube.com/watch?v=CjKEmnE4HC4,465,203,519,https://www.youtube.com/watch?v=-KlNa7VvBu8,862,132,84,413,https://www.twitch.tv/videos/2823015547
288f2fba52bf4d6b9e0ba66e03439837,3290,52693,0,0,0,,0,0,0,,0,0,0,,2319,0,0,0,
5bbfc7c1b6584cef8c75f2f9044387d2,3290,320700,74,34,3443,https://www.youtube.com/watch?v=pL-Z_ISUQoU,73,34,166,https://www.youtube.com/watch?v=GK6D3aZc62Y,1927,1162,3443,https://www.youtube.com/watch?v=pL-Z_ISUQoU,0,0,0,0,
1756e5a7f5a04ff6a7b5f482201b5cfc,3280,77828,1395,368,1395,https://www.youtube.com/watch?v=ODXpCWZbicg,0,0,0,,1395,368,1395,https://www.youtube.com/watch?v=ODXpCWZbicg,24842,1984,683,3088,https://www.twitch.tv/videos/2807818859
0ac7e05c8a3842e7bd1401652ce2bf4f,3270,134380,94,34,163,https://www.youtube.com/watch?v=hExRS7jPgKA,94,34,163,https://www.youtube.com/watch?v=hExRS7jPgKA,0,0,0,,0,0,0,0,
d2f9e9b19102408bbef636a6458934e6,3260,568458,330,86,471,https://www.youtube.com/watch?v=Jf_eu_7wP9Y,330,86,471,https://www.youtube.com/watch?v=Jf_eu_7wP9Y,0,0,0,,204,0,0,0,
72edc688855047cbbbe495e3f2af9fda,3260,131384,176,42,1097,https://www.youtube.com/watch?v=CU_NY8bq378,176,42,1097,https://www.youtube.com/watch?v=CU_NY8bq378,0,0,0,,0,0,0,0,
30f59fd702d5417c9225bc729bf7ec32,3240,269963,118,55,259,https://www.youtube.com/watch?v=fnGH8sEP-cM,118,55,259,https://www.youtube.com/watch?v=fnGH8sEP-cM,0,0,0,,0,0,0,0,
cb5ff5f1898a45b1bc27a32057a1fa91,3230,71985,0,0,0,,0,0,0,,0,0,0,,2202,0,0,0,
b1bfaed0ed7f4ca9ae96c017159efe77,3220,329991,135,88,1372,https://www.youtube.com/watch?v=wGqMovE9fcQ,127,83,1372,https://www.youtube.com/watch?v=wGqMovE9fcQ,797,258,1192,https://www.youtube.com/watch?v=npCgAgwfEk8,162,0,0,0,
1140618a96154395909d53257bffe0e6,3190,153465,114,68,189,https://www.youtube.com/watch?v=148d0MYmo8w,114,68,189,https://www.youtube.com/watch?v=148d0MYmo8w,0,0,0,,267,0,0,0,
96be1e561acd4a75817c6424d9d4f9f0,3190,138565,0,0,0,,0,0,0,,0,0,0,,4168,278,210,1989,https://www.twitch.tv/videos/2821231244
38391974f5af4fbbb6224e3d6f2f7fb3,3180,193451,0,0,0,,0,0,0,,0,0,0,,6380,592,315,688,https://www.twitch.tv/videos/2827783261
d539588cfa344f67965bb1dea41b9140,3180,290586,393,237,4506,https://www.youtube.com/watch?v=FvE4IC6c-UI,324,195,832,https://www.youtube.com/watch?v=zjgZeEO3Jj0,1856,591,4506,https://www.youtube.com/watch?v=FvE4IC6c-UI,0,0,0,0,
eb159df5d55b4730ab2955c5e2638e3f,3180,106595,58,6,58,https://www.youtube.com/watch?v=R0gTdcgFhlE,58,6,58,https://www.youtube.com/watch?v=R0gTdcgFhlE,0,0,0,,0,0,0,0,
8282a91b3aae44d3a075d08507665f4e,3170,63300,53,25,69,https://www.youtube.com/watch?v=HYtDxHDfGFg,53,25,69,https://www.youtube.com/watch?v=HYtDxHDfGFg,0,0,0,,0,0,0,0,
b3f711673fea4ec5b6f87c023353594d,3170,225147,97,23,329,https://www.youtube.com/watch?v=q0db_TRTttE,80,20,129,https://www.youtube.com/watch?v=syr0XsrGnvQ,329,317,329,https://www.youtube.com/watch?v=q0db_TRTttE,0,0,0,0,
bcbf00e1e98b4d5e8af20f29adbb0645,3170,205202,52,20,67,https://www.youtube.com/watch?v=z4UFPkqctZs,52,20,67,https://www.youtube.com/watch?v=z4UFPkqctZs,0,0,0,,0,0,0,0,
dba1db65ba874e18a33d8465d52d8f2e,3170,113268,92,47,92,https://www.youtube.com/watch?v=HxqLc4HC_EY,92,47,92,https://www.youtube.com/watch?v=HxqLc4HC_EY,0,0,0,,0,0,0,0,
14b8fa0f43664c31a5d634b20f9112d9,3170,150138,70,21,84,https://www.youtube.com/watch?v=BOqBszNkKqo,70,21,84,https://www.youtube.com/watch?v=BOqBszNkKqo,0,0,0,,0,0,0,0,
bddcd7d262a2434f9b6d77150fbbc72c,3160,44246,0,0,0,,0,0,0,,0,0,0,,0,0,0,0,
da189f9d282e4c31a4a8024d11fe368d,3160,145405,120,41,670,https://www.youtube.com/watch?v=y4TG4J32OcU,120,41,670,https://www.youtube.com/watch?v=y4TG4J32OcU,0,0,0,,0,0,0,0,
06e9953eb191486d979e6b92b6601d9a,3160,1356328,1513,365,14790,https://www.youtube.com/watch?v=8VkOE6ktI9E,0,0,0,,1513,365,14790,https://www.youtube.com/watch?v=8VkOE6ktI9E,2235,0,0,0,
63f45366143549d8a2d26406445e0077,3150,152136,0,0,0,,0,0,0,,0,0,0,,0,0,0,0,
73675987096b486287784fc466b881be,3150,108070,223,85,1174,https://www.youtube.com/watch?v=K4dp2BMvcbE,219,64,322,https://www.youtube.com/watch?v=x-LwYF498p4,1174,423,1174,https://www.youtube.com/watch?v=K4dp2BMvcbE,0,0,0,0,
8a86c4d0f4ce462a92c6bf09c027e432,3140,2898609,0,0,0,,0,0,0,,0,0,0,,160,0,0,0,
3d23ff5303d54cc58e5a69aa53b1db50,3140,417345,495,261,1616,https://www.youtube.com/watch?v=IOzXBIZPvpA,495,261,1616,https://www.youtube.com/watch?v=IOzXBIZPvpA,0,0,0,,0,0,0,0,
7c6d1a181c90471887696ff9637aed03,3140,146275,0,0,0,,0,0,0,,0,0,0,,0,0,0,0,
1fdc000815cc476dbc9d19aa431305b5,3140,89924,644,230,644,https://www.youtube.com/watch?v=vXF2SZemKTs,0,0,0,,644,230,644,https://www.youtube.com/watch?v=vXF2SZemKTs,0,0,0,0,
853be9569c0e446eaa5c5059642ea63b,3110,199056,397,221,7447,https://www.youtube.com/watch?v=MbNG_aZGBD4,366,216,686,https://www.youtube.com/watch?v=DABQ1u9Refs,1698,947,7447,https://www.youtube.com/watch?v=MbNG_aZGBD4,110,0,0,0,
101cdaf175c643c888d0d33bdab5da15,3090,179787,479,217,1261,https://www.youtube.com/watch?v=HFfGYXAMMn8,475,207,1145,https://www.youtube.com/watch?v=p0ygsX_Qt0U,1261,554,1261,https://www.youtube.com/watch?v=HFfGYXAMMn8,331,151,109,341,https://www.twitch.tv/videos/2819338345
aa9fa329d639488dbb860b8f8b3235f8,3080,177091,866,367,1175,https://www.youtube.com/watch?v=50q6H261JBk,878,476,1175,https://www.youtube.com/watch?v=50q6H261JBk,394,263,394,https://www.youtube.com/watch?v=G4kFIV-4htg,5143,1431,729,2135,https://www.twitch.tv/videos/2809722989
c28d59f83d9345de91d208cf7732bac5,3070,90716,0,0,0,,0,0,0,,0,0,0,,0,0,0,0,
9af612c3f872434cad1ba2e5dcbfaec8,3070,1124626,57,2,57,https://www.youtube.com/watch?v=OgDmcJZMbus,57,2,57,https://www.youtube.com/watch?v=OgDmcJZMbus,0,0,0,,0,0,0,0,
ea62d2e6bc854e7a81b01a2362be310f,3070,201461,0,0,0,,0,0,0,,0,0,0,,334,0,0,0,
89036aadc62d496aa73c0a0076d67f41,3050,108404,72,28,230,https://www.youtube.com/watch?v=g6gAJGN4yOc,72,28,230,https://www.youtube.com/watch?v=g6gAJGN4yOc,0,0,0,,3088,926,832,3082,https://www.twitch.tv/videos/2823134073
85ec3eac9fef49dcb3aeee87520a5b85,3050,143688,279,110,1485,https://www.youtube.com/watch?v=-YpMk3rlqk8,217,74,419,https://www.youtube.com/watch?v=ev4LDcE4Roo,896,300,1485,https://www.youtube.com/watch?v=-YpMk3rlqk8,0,0,0,0,
2f607aefde1d4264814d4e9282dd5cb0,3030,179103,155,90,2087,https://www.youtube.com/watch?v=igiQWUwnyGc,132,64,190,https://www.youtube.com/watch?v=QS3mcgT0cTE,1108,570,2087,https://www.youtube.com/watch?v=igiQWUwnyGc,266,0,0,0,
163841e490b14b2583a799b3795021ad,2950,80888,141,85,1551,https://www.youtube.com/watch?v=OyvUCsg8_0I,93,46,158,https://www.youtube.com/watch?v=bMDRvlN3A5Q,687,254,1551,https://www.youtube.com/watch?v=OyvUCsg8_0I,589,443,317,719,https://www.twitch.tv/videos/2821954482
20b40bdf50604e2198a3c964dd86d31c,2950,46179,0,0,0,,0,0,0,,0,0,0,,481,0,0,0,
9c64ee54cc094bf7931398eaf0c072d6,2950,195506,0,0,0,,0,0,0,,0,0,0,,2297,514,387,527,https://www.twitch.tv/videos/2822982696
44f1d1ad14034bd3949ad6f84624f0e4,2950,240952,141,56,1525,https://www.youtube.com/watch?v=hQfUEV_fNsQ,121,59,529,https://www.youtube.com/watch?v=VBtw--h-r0U,222,56,1525,https://www.youtube.com/watch?v=hQfUEV_fNsQ,2861,152,95,152,https://www.twitch.tv/videos/2820413269
fd81a8861669442ca49c50bc4cfd4b5e,2940,186541,120,55,216,https://www.youtube.com/watch?v=aPTkTlczSY0,120,55,216,https://www.youtube.com/watch?v=aPTkTlczSY0,0,0,0,,0,0,0,0,
99d1a2e0c8c047d2ad998e02d4dd9621,2940,103988,0,0,0,,0,0,0,,0,0,0,,0,0,0,0,
accb26f2db2746e898b68ab07dd3c5bc,2940,194544,143,69,336,https://www.youtube.com/watch?v=iHdNGxNv2Ok,143,67,336,https://www.youtube.com/watch?v=iHdNGxNv2Ok,143,98,143,https://www.youtube.com/watch?v=uVRgdG7Pphc,947,75,57,109,https://www.twitch.tv/videos/2820447489
32a08f858ffb4d6aba0624647cf8cf2d,2930,127797,88,35,589,https://www.youtube.com/watch?v=5BOmTP61b0E,88,35,589,https://www.youtube.com/watch?v=5BOmTP61b0E,0,0,0,,0,0,0,0,
9f7bf6b3d935460e83896a0fe28012e9,2930,138379,139,53,1713,https://www.youtube.com/watch?v=R36yHfT5r7k,92,35,519,https://www.youtube.com/watch?v=KWhw-jwJCA8,1616,440,1713,https://www.youtube.com/watch?v=R36yHfT5r7k,1862,339,178,575,https://www.twitch.tv/videos/2818062465
0b0f8cd64c904508910707412b2c307f,2920,107398,351,182,514,https://www.youtube.com/watch?v=zxq6gZqTRSU,351,182,514,https://www.youtube.com/watch?v=zxq6gZqTRSU,0,0,0,,0,0,0,0,
1901cef25e9940e7b3da42d3c189cada,2920,65874,0,0,0,,0,0,0,,0,0,0,,0,0,0,0,
451ce18d28ff493e8238df85858dfb02,2920,264108,0,0,0,,0,0,0,,0,0,0,,2157,0,0,0,
6443d56896a848dd820e339b5f81e292,2910,94401,0,0,0,,0,0,0,,0,0,0,,4533,122,117,218,https://www.twitch.tv/videos/2825358527
e4bea3dcc8934426a57516d4d6b373f4,2910,152183,1329,455,1527,https://www.youtube.com/watch?v=pa4alJKXC4s,0,0,0,,1329,455,1527,https://www.youtube.com/watch?v=pa4alJKXC4s,6581,1825,872,3257,https://www.twitch.tv/videos/2815571696
4e48e10b3c2f439c934b1db25679b972,2900,322471,548,377,2140,https://www.youtube.com/watch?v=hpa5hoSle2I,701,447,2140,https://www.youtube.com/watch?v=hpa5hoSle2I,45,0,45,https://www.youtube.com/watch?v=DI3ozVQf4Eo,0,0,0,0,
7da08de1840847b99c6fe9a44a1ca0ac,2890,72359,119,32,171,https://www.youtube.com/watch?v=506gkh2Szp0,119,32,171,https://www.youtube.com/watch?v=506gkh2Szp0,0,0,0,,0,0,0,0,
4f917f1ccdd74d34a3746c379282b6fe,2890,251569,0,0,0,,0,0,0,,0,0,0,,2089,129,112,129,https://www.twitch.tv/videos/2826256057
bbd618a3874d4ae2ba5af36a23bc1914,2870,75100,1277,67,1329,https://www.youtube.com/watch?v=RK41OuiuyxU,0,0,0,,1277,67,1329,https://www.youtube.com/watch?v=RK41OuiuyxU,14063,1536,748,4887,https://www.twitch.tv/videos/2809217355
c0ea5a6a7ede42fca6f3c6c87fc9d72e,2870,152865,296,165,603,https://www.youtube.com/watch?v=WeTD1sJP2A4,296,165,603,https://www.youtube.com/watch?v=WeTD1sJP2A4,0,0,0,,0,0,0,0,
fc90561b03104438b6e8f657a28574ce,2870,131881,226,46,325,https://www.youtube.com/watch?v=NlXrWPcAZsE,226,46,325,https://www.youtube.com/watch?v=NlXrWPcAZsE,0,0,0,,0,0,0,0,
c15d8ca6249341d88086f2a9a2359812,2870,520426,710,233,4750,https://www.youtube.com/watch?v=B-3Y5MJ6XWA,324,184,740,https://www.youtube.com/watch?v=v1LWJ2mVD3A,1271,485,4750,https://www.youtube.com/watch?v=B-3Y5MJ6XWA,0,0,0,0,
6417469030e943748dfdba4ee26a08e4,2860,0,0,0,0,,0,0,0,,0,0,0,,1077,0,0,0,
677ae7ec361d4d3c9981bca8fbb974c8,2860,83469,163,69,163,https://www.youtube.com/watch?v=FN5jlaBZEDk,163,69,163,https://www.youtube.com/watch?v=FN5jlaBZEDk,0,0,0,,384,0,0,0,
b606cde735d84b45ab96489d7a9997dd,2850,191747,30,17,154,https://www.youtube.com/watch?v=pkM0iW0dQ5w,30,17,154,https://www.youtube.com/watch?v=pkM0iW0dQ5w,0,0,0,,245,0,0,0,
4bbc9414c3184dfa9aeab5fcdfd87089,2850,4805,0,0,0,,0,0,0,,0,0,0,,0,0,0,0,
275aaf8046a144198dee96d20bce8b1a,2840,27897,0,0,0,,0,0,0,,0,0,0,,0,0,0,0,
67b37e4e1f2f49d88a047d650b70be91,2840,71276,98,37,1529,https://www.youtube.com/watch?v=jt5mGQqngBs,95,28,262,https://www.youtube.com/watch?v=sbFWGi5T_BQ,1379,1204,1529,https://www.youtube.com/watch?v=jt5mGQqngBs,942,82,53,120,https://www.twitch.tv/videos/2828630189
11dd1f817a6b4c80a066aedd8e0fa419,2840,88155,203,63,239,https://www.youtube.com/watch?v=bTL1FgwTWI8,203,63,239,https://www.youtube.com/watch?v=bTL1FgwTWI8,0,0,0,,0,0,0,0,
2463286fd3154219afa631c73d178147,2840,361920,198,86,1010,https://www.youtube.com/watch?v=qzkRRnddX6E,175,70,223,https://www.youtube.com/watch?v=tci8_1xgBIE,646,191,1010,https://www.youtube.com/watch?v=qzkRRnddX6E,0,0,0,0,
40aa59fe29c64def89ab5fdce90b89ae,2840,912317,61,36,144,https://www.youtube.com/watch?v=zP5wfc6ILEg,61,36,144,https://www.youtube.com/watch?v=zP5wfc6ILEg,0,0,0,,0,0,0,0,
fe5e2d95569c47f29e863a8212ed7c60,2830,84710,0,0,0,,0,0,0,,0,0,0,,4838,930,689,1026,https://www.twitch.tv/videos/2823915170
b79ac08a857c4553921c04c3b14b89ea,2830,196016,216,79,430,https://www.youtube.com/watch?v=2E22lzBVKC4,0,0,0,,216,79,430,https://www.youtube.com/watch?v=2E22lzBVKC4,501,0,0,0,
118c05e7f751446abee5fc827fda0215,2830,837246,56,31,177,https://www.youtube.com/watch?v=BQGC8EJPmxM,56,31,177,https://www.youtube.com/watch?v=BQGC8EJPmxM,0,0,0,,0,0,0,0,
15b52ca3f3b5410cb2bb305d2bb737c4,2820,204968,1287,777,1775,https://www.youtube.com/watch?v=n5527SwTHlo,0,0,0,,1287,777,1775,https://www.youtube.com/watch?v=n5527SwTHlo,1242,216,108,1890,https://www.twitch.tv/videos/2809638461
76165d25983b463eaa1da66c86a32b7c,2820,39435,0,0,0,,0,0,0,,0,0,0,,769,139,106,241,https://www.twitch.tv/videos/2822911936
cd98545ddec34fb2982ce2476c011db8,2810,41063,842,339,2428,https://www.youtube.com/watch?v=kAWhSWlfkaA,823,230,1751,https://www.youtube.com/watch?v=0W2hCmv85mk,1217,1044,2428,https://www.youtube.com/watch?v=kAWhSWlfkaA,0,0,0,0,
8402646577b24bd5918bda8690e790b4,2810,352498,0,0,0,,0,0,0,,0,0,0,,1874,539,386,721,https://www.twitch.tv/videos/2821774188
70f1d3ae590e4f2184f695fd2140010c,2800,711368,0,0,0,,0,0,0,,0,0,0,,0,0,0,0,
cd4c94db2aed435794cc7e55999016e7,2800,121583,55,3,70,https://www.youtube.com/watch?v=3hMiAfJfG3o,55,3,70,https://www.youtube.com/watch?v=3hMiAfJfG3o,0,0,0,,348,53,42,76,https://www.twitch.tv/videos/2822973338
339b4a73ce92470c97b1626405d5eb5b,2790,90608,0,0,0,,0,0,0,,0,0,0,,423,0,0,0,
d9205a7681c74bacae6e0c413aff1ab1,2790,84355,0,0,0,,0,0,0,,0,0,0,,0,0,0,0,
2875db54b5d74d01b301d63d36dd6fbf,2780,65837,164,132,164,https://www.youtube.com/watch?v=ogvFOGVIlc8,164,132,164,https://www.youtube.com/watch?v=ogvFOGVIlc8,0,0,0,,0,0,0,0,
d55860f26114410c97af27ba1269e3ed,2780,149361,115,52,377,https://www.youtube.com/watch?v=2nwncot9xKw,115,52,377,https://www.youtube.com/watch?v=2nwncot9xKw,0,0,0,,1593,190,125,280,https://www.twitch.tv/videos/2827684762
d210d8dfc0ec4a97907b9cebb5413ae3,2780,126310,523,513,523,https://www.youtube.com/watch?v=_f320gIwrqQ,523,513,523,https://www.youtube.com/watch?v=_f320gIwrqQ,0,0,0,,0,0,0,0,
e6a9746af2a84387b6ed5a7d3a4434da,2770,263848,120,71,2513,https://www.youtube.com/watch?v=mRGen7uhJ1A,108,54,298,https://www.youtube.com/watch?v=8FqN-eGnbUo,177,95,2513,https://www.youtube.com/watch?v=mRGen7uhJ1A,0,0,0,0,
d6666443c70f478eb3008d28a33e0f61,2760,207071,255,161,7347,https://www.youtube.com/watch?v=CxC2EAnbyBQ,237,139,2891,https://www.youtube.com/watch?v=06WNsmsEyoU,900,410,7347,https://www.youtube.com/watch?v=CxC2EAnbyBQ,0,0,0,0,
4a64836a88024358a7401530fed8e0f8,2740,361691,78,36,130,https://www.youtube.com/watch?v=xCSBLJRhDkc,80,37,130,https://www.youtube.com/watch?v=xCSBLJRhDkc,14,10,14,https://www.youtube.com/watch?v=5G3iwXUBRLg,6220,433,166,665,https://www.twitch.tv/videos/2809529466
2c6d5a00eabf47e2affcc8fa6ec64f9c,2740,202280,38,23,1327,https://www.youtube.com/watch?v=-Mlr-Yd0QhE,37,22,87,https://www.youtube.com/watch?v=50z01o2JMJc,824,309,1327,https://www.youtube.com/watch?v=-Mlr-Yd0QhE,138,69,50,69,https://www.twitch.tv/videos/2822856767
b256a399ae7a49e18208455d29c2eb12,2740,426966,29,11,153,https://www.youtube.com/watch?v=fKMxcGEc9H4,29,11,153,https://www.youtube.com/watch?v=fKMxcGEc9H4,0,0,0,,1270,90,54,115,https://www.twitch.tv/videos/2823500172
d2b1ba87da034210bbe54bfa1c01bc41,2730,60652,0,0,0,,0,0,0,,0,0,0,,8782,252,124,514,https://www.twitch.tv/videos/2807823857
96ff628d2280470b833174c32200a749,2730,63154,163,74,391,https://www.youtube.com/watch?v=tjiMG7ffR2o,166,74,391,https://www.youtube.com/watch?v=tjiMG7ffR2o,76,71,76,https://www.youtube.com/watch?v=s9JZGbNB-So,0,0,0,0,
652d06b0251940bea32cd69dec3057e6,2730,2022,265,39,273,https://www.youtube.com/watch?v=ZmzfSA7_2yw,265,39,273,https://www.youtube.com/watch?v=ZmzfSA7_2yw,0,0,0,,404,0,0,0,
4dd71b1079284bdb8ba90198317e524d,2730,175668,130,79,229,https://www.youtube.com/watch?v=XdwnFR6YfVg,154,150,214,https://www.youtube.com/watch?v=s5gJKNeTt8A,110,68,229,https://www.youtube.com/watch?v=XdwnFR6YfVg,0,0,0,0,
e9c48535f2af4f638e5a4c54ffa7862c,2720,149011,29,13,41,https://www.youtube.com/watch?v=eAvsXLYWj1c,29,13,41,https://www.youtube.com/watch?v=eAvsXLYWj1c,0,0,0,,0,0,0,0,
1c8887da9e96471ca28b97d80e390698,2720,197614,170,96,15873,https://www.youtube.com/watch?v=Qd3ZOmqAMro,132,70,375,https://www.youtube.com/watch?v=rK_emA9Y9f4,398,128,15873,https://www.youtube.com/watch?v=Qd3ZOmqAMro,0,0,0,0,
c377cbfa47984f0ba9242b1f6e3dfc75,2710,25987,0,0,0,,0,0,0,,0,0,0,,2704,79,61,83,https://www.twitch.tv/videos/2826745747
62f37fa0a2f44083945f03db36e50dff,2700,54261,135,94,285,https://www.youtube.com/watch?v=sk-ZtNRrTkU,135,94,285,https://www.youtube.com/watch?v=sk-ZtNRrTkU,0,0,0,,0,0,0,0,
0a20931c68dc49c8bd08eda1486193d8,2690,67997,0,0,0,,0,0,0,,0,0,0,,1406,0,0,0,
c2f77009b4264e3fa09aa054c89bb40c,2690,90838,0,0,0,,0,0,0,,0,0,0,,129,0,0,0,
7b40a7a144da4408b8de712c740e60dc,2690,133302,0,0,0,,0,0,0,,0,0,0,,0,0,0,0,
1551bebc6c26453e9893f342c68002bd,2690,63763,284,101,1397,https://www.youtube.com/watch?v=RhdKsfzeBr8,284,101,1397,https://www.youtube.com/watch?v=RhdKsfzeBr8,0,0,0,,372,75,67,120,https://www.twitch.tv/videos/2828294180
247eca886f5c43188a3d6d3945e40636,2680,145601,213,61,614,https://www.youtube.com/watch?v=QpYTb559Jlg,213,61,614,https://www.youtube.com/watch?v=QpYTb559Jlg,0,0,0,,0,0,0,0,
2c2bf7ce933a4f34ac25c2dfa72fe565,2670,190174,1225,429,3444,https://www.youtube.com/watch?v=i6iZJH03sIQ,516,142,936,https://www.youtube.com/watch?v=qAVHrE1IIqQ,2343,1243,3444,https://www.youtube.com/watch?v=i6iZJH03sIQ,847,344,247,633,https://www.twitch.tv/videos/2828521106
662341d52a8e413d8fe661c8da9470f0,2670,43212,0,0,0,,0,0,0,,0,0,0,,0,0,0,0,
bac6a676ace94e759d9faaaed94ce1b1,2660,137689,162,51,840,https://www.youtube.com/watch?v=Ixv00XNGcHA,138,70,205,https://www.youtube.com/watch?v=aWbedOnlWpU,840,46,840,https://www.youtube.com/watch?v=Ixv00XNGcHA,0,0,0,0,
a577528125314beab91d127043218bb2,2660,121219,0,0,0,,0,0,0,,0,0,0,,0,0,0,0,
b4d14d75b48847b5adb8be6906dfec30,2640,127407,421,167,803,https://www.youtube.com/watch?v=F_ElvDNAk38,421,167,803,https://www.youtube.com/watch?v=F_ElvDNAk38,0,0,0,,518,0,0,0,
0bef54320f364c5a9289fceac64c5411,2630,78897,0,0,0,,0,0,0,,0,0,0,,171,23,18,23,https://www.twitch.tv/videos/2824536211
73a96bba42b444df98487ed22f97c240,2630,353128,222,129,30110,https://www.youtube.com/watch?v=v0ezAn6dugg,70,23,222,https://www.youtube.com/watch?v=3puc8nS1_Ls,1636,819,30110,https://www.youtube.com/watch?v=v0ezAn6dugg,923,113,39,158,https://www.twitch.tv/videos/2812004111
75e0561f549f4775b90601a9d308340a,2620,69187,49,31,66,https://www.youtube.com/watch?v=RWrPFp_fga8,49,31,66,https://www.youtube.com/watch?v=RWrPFp_fga8,0,0,0,,0,0,0,0,
f4da0eee989545d2ade906b022a50e8c,2620,197973,60,24,2412,https://www.youtube.com/watch?v=HfpT1PCTeAQ,58,22,147,https://www.youtube.com/watch?v=H8o6rkxgiyQ,2412,490,2412,https://www.youtube.com/watch?v=HfpT1PCTeAQ,4072,490,451,1329,https://www.twitch.tv/videos/2819782041
5b40a93fac8646f48fca66add3d3642c,2620,224421,107,79,1065,https://www.youtube.com/watch?v=DY6qtKfAv_s,106,58,369,https://www.youtube.com/watch?v=mJ4wDRdhPu0,754,317,1065,https://www.youtube.com/watch?v=DY6qtKfAv_s,0,0,0,0,
6c4992a47ccc4c3bb997d3c49ddc2ec8,2610,72792,0,0,0,,0,0,0,,0,0,0,,760,32,29,32,https://www.twitch.tv/videos/2827834629
f96c65701df94732853d86ffd893081e,2610,78017,339,113,378,https://www.youtube.com/watch?v=PZpH5J5ypiY,339,113,378,https://www.youtube.com/watch?v=PZpH5J5ypiY,0,0,0,,0,0,0,0,
d576c2396a004f3c8dd91baf14254898,2610,85045,33,15,77,https://www.youtube.com/watch?v=vr8j4foVFuc,34,19,77,https://www.youtube.com/watch?v=vr8j4foVFuc,17,0,17,https://www.youtube.com/watch?v=TkbsRH6ypzQ,2881,123,86,156,https://www.twitch.tv/videos/2827802342
d95e3d9eed1a4e87a736a882a1fb9288,2610,245110,164,61,279,https://www.youtube.com/watch?v=tqmrPxxj0fw,164,61,279,https://www.youtube.com/watch?v=tqmrPxxj0fw,0,0,0,,92,0,0,0,
0a178f2c7b994a4ea8eb845ebd489a5a,2610,147417,67,28,81,https://www.youtube.com/watch?v=GAgP49kZ4Os,67,28,81,https://www.youtube.com/watch?v=GAgP49kZ4Os,0,0,0,,205,0,0,0,
407d2bd02ef04b9ea28e5189383942be,2600,125216,0,0,0,,0,0,0,,0,0,0,,632,262,233,900,https://www.twitch.tv/videos/2818018802
0dbf3f6f6521460782992a963122aed0,2600,295568,214,107,1443,https://www.youtube.com/watch?v=RIKTfCXdRYE,201,106,623,https://www.youtube.com/watch?v=S7rPYdc58us,613,137,1443,https://www.youtube.com/watch?v=RIKTfCXdRYE,391,0,0,0,
add8ccfa282a4524ae5b5d8435279bf7,2600,109946,429,278,28559,https://www.youtube.com/watch?v=QZjDf8U3FQE,341,156,602,https://www.youtube.com/watch?v=tnbRSjt7gH8,1706,1178,28559,https://www.youtube.com/watch?v=QZjDf8U3FQE,0,0,0,0,
3896e47ba9f64b7082eee3980734ab14,2580,288936,153,12,168,https://www.youtube.com/watch?v=5RfXdtGLzSQ,153,12,168,https://www.youtube.com/watch?v=5RfXdtGLzSQ,0,0,0,,0,0,0,0,
7c147c43030b44b9ae244d82c387c82a,2570,82775,1421,321,1671,https://www.youtube.com/watch?v=hFHXcKTq8uM,0,0,0,,1421,321,1671,https://www.youtube.com/watch?v=hFHXcKTq8uM,0,0,0,0,
b8c13d7702844995a0b4a66eda4d31bc,2570,94828,3,1,14,https://www.youtube.com/watch?v=bvnepqvYwyA,0,0,0,,3,1,14,https://www.youtube.com/watch?v=bvnepqvYwyA,1596,198,124,466,https://www.twitch.tv/videos/2826031967
b115a7f57f664800a9f71a25eaf73b92,2570,82719,77,34,199,https://www.youtube.com/watch?v=PqDCzkbpnME,71,28,147,https://www.youtube.com/watch?v=Dku0Iu54o1A,184,45,199,https://www.youtube.com/watch?v=PqDCzkbpnME,0,0,0,0,
60234dcffd2b42f097a78aaf121d410f,2570,61837,0,0,0,,0,0,0,,0,0,0,,217,0,0,0,
02168475e7ca4234b57d53f495bf3bbc,2570,153796,38,15,147,https://www.youtube.com/watch?v=DyjBB8OO0J0,38,15,147,https://www.youtube.com/watch?v=DyjBB8OO0J0,0,0,0,,0,0,0,0,
86957fa57641453e9fcb73550e58b64f,2550,79427,147,74,1606,https://www.youtube.com/watch?v=45FNK8INgDk,123,70,195,https://www.youtube.com/watch?v=bl-025JPvOM,1422,950,1606,https://www.youtube.com/watch?v=45FNK8INgDk,514,0,0,0,
9767904fedef42febaa98e9162973356,2550,588915,174,88,1292,https://www.youtube.com/watch?v=-JNfbRGnk44,178,95,1292,https://www.youtube.com/watch?v=-JNfbRGnk44,35,16,80,https://www.youtube.com/watch?v=AaHlSVZQSgw,0,0,0,0,
7a93714b53274fbaad48bef3b409d458,2550,216003,289,103,406,https://www.youtube.com/watch?v=b071NwzdaE0,289,103,406,https://www.youtube.com/watch?v=b071NwzdaE0,0,0,0,,0,0,0,0,
a66441bdef584fe0806c4be0fd2cf53a,2540,108070,118,110,153,https://www.youtube.com/watch?v=qJO3nIoJ97g,128,98,153,https://www.youtube.com/watch?v=qJO3nIoJ97g,118,110,118,https://www.youtube.com/watch?v=eNYe0EVVHJU,0,0,0,0,
7653119a278b4ea59d2af5e2ba7d30e0,2540,118731,162,88,173,https://www.youtube.com/watch?v=4zQZeyXRfXo,162,88,173,https://www.youtube.com/watch?v=4zQZeyXRfXo,0,0,0,,0,0,0,0,
a429c3010da544bab919814a3ea472a4,2540,86222,0,0,0,,0,0,0,,0,0,0,,2911,218,160,529,https://www.twitch.tv/videos/2828546000
c40a8ff66b3348dc8459766b74846feb,2530,1495,0,0,0,,0,0,0,,0,0,0,,1923,0,0,0,
75a90497bfc2480f954c276b70f7b1c3,2520,190105,0,0,0,,0,0,0,,0,0,0,,7013,0,0,0,
faa4994019724702a9da315a8c3641bc,2520,167496,716,322,2122,https://www.youtube.com/watch?v=Czgi3_Z3TPs,211,85,285,https://www.youtube.com/watch?v=FWgbTk8L5JA,1673,941,2122,https://www.youtube.com/watch?v=Czgi3_Z3TPs,0,0,0,0,
a960b283b1124f44bc4bf2a16199977a,2510,107808,0,0,0,,0,0,0,,0,0,0,,4779,0,0,0,
e68bb26e386a4d49a2f521f8abc83376,2510,0,0,0,0,,0,0,0,,0,0,0,,3510,0,0,0,
83e0f3520699474ba7f017e5e4388a5f,2510,51598,64,28,94,https://www.youtube.com/watch?v=MhdAQns_l-4,64,28,94,https://www.youtube.com/watch?v=MhdAQns_l-4,0,0,0,,0,0,0,0,
c8c0ab1d59fb4608ab1e460e946fa88a,2510,116652,80,71,114,https://www.youtube.com/watch?v=drTEGnroX1M,80,71,114,https://www.youtube.com/watch?v=drTEGnroX1M,0,0,0,,0,0,0,0,
889bc532fb85455bae33baf0aa7ec003,2510,209677,78,27,183,https://www.youtube.com/watch?v=9FjOpmUbqUc,78,27,183,https://www.youtube.com/watch?v=9FjOpmUbqUc,0,0,0,,0,0,0,0,
891c39f050e048aebafaafc90a1c4cbd,2510,56041,169,164,169,https://www.youtube.com/watch?v=Z-Uqx16FLnw,169,164,169,https://www.youtube.com/watch?v=Z-Uqx16FLnw,0,0,0,,0,0,0,0,
284024f40bb34b429debb78e7dbf3391,2500,6268,309,33,532,https://www.youtube.com/watch?v=GVDRXA4af_k,0,0,0,,309,33,532,https://www.youtube.com/watch?v=GVDRXA4af_k,0,0,0,0,
356186a5552f499baab4ac520b7d4235,2500,112191,250,165,1358,https://www.youtube.com/watch?v=Fm8spoy8tNU,245,151,834,https://www.youtube.com/watch?v=ZOUxrpRgY14,1358,1262,1358,https://www.youtube.com/watch?v=Fm8spoy8tNU,0,0,0,0,
db6b14a0319e4f639bfcf8d4309c064d,2500,369209,851,539,851,https://www.youtube.com/watch?v=sCjyeXeulNA,0,0,0,,851,539,851,https://www.youtube.com/watch?v=sCjyeXeulNA,3324,180,128,346,https://www.twitch.tv/videos/2828501595
932fd42911c74016bc7da418abd29f0f,2500,73030,85,43,146,https://www.youtube.com/watch?v=1mvg9QKi_6g,85,43,146,https://www.youtube.com/watch?v=1mvg9QKi_6g,0,0,0,,89,0,0,0,
b19d58b07131413a92b4bd16e37e8e38,2480,11658,0,0,0,,0,0,0,,0,0,0,,0,0,0,0,
352894d7c4eb4c9f87e248eae450183a,2480,304603,275,100,1243,https://www.youtube.com/watch?v=dp2SGC4lc6E,275,95,336,https://www.youtube.com/watch?v=8KNUbYv8fjE,704,331,1243,https://www.youtube.com/watch?v=dp2SGC4lc6E,0,0,0,0,
87968861d5794c01bfce46d51c8abfc7,2480,24919,0,0,0,,0,0,0,,0,0,0,,0,0,0,0,
a0c76cedf0e346a18586077a38f302d8,2470,111058,1477,825,2714,https://www.youtube.com/watch?v=7glVcC8Mdsw,240,128,240,https://www.youtube.com/watch?v=C2fw4lMjkSg,2714,1523,2714,https://www.youtube.com/watch?v=7glVcC8Mdsw,172,0,0,0,
f656e3210df449889b6ad9e72acd7a72,2470,200773,321,189,548,https://www.youtube.com/watch?v=wmfgbR1qA50,316,186,435,https://www.youtube.com/watch?v=k8ixp4Rv4-0,548,441,548,https://www.youtube.com/watch?v=wmfgbR1qA50,0,0,0,0,
07553f6f3df84c3396508456ccbe7df2,2460,95023,177,79,307,https://www.youtube.com/watch?v=NZ1oYbHPpgM,177,79,307,https://www.youtube.com/watch?v=NZ1oYbHPpgM,0,0,0,,1047,0,0,0,
bee9506c5d714205bfc69573280852c2,2450,177195,78,52,37961,https://www.youtube.com/watch?v=HwaESl7BiXU,59,26,117,https://www.youtube.com/watch?v=2yW2I4WNPdA,1880,1118,37961,https://www.youtube.com/watch?v=HwaESl7BiXU,2206,108,98,268,https://www.twitch.tv/videos/2818087684
9c913230c732455c9604dae9ebcfa64e,2450,121667,7,2,1058,https://www.youtube.com/watch?v=Ae1HNGNlPfU,0,0,0,,7,2,1058,https://www.youtube.com/watch?v=Ae1HNGNlPfU,1327,265,193,526,https://www.twitch.tv/videos/2827693770
27bbe711f5e848a9bc8accc73fc79471,2440,25232,107,74,107,https://www.youtube.com/watch?v=W1_GNtZEd2g,107,74,107,https://www.youtube.com/watch?v=W1_GNtZEd2g,0,0,0,,0,0,0,0,
6e1845e76035452287436153470e8656,2440,113244,146,73,212,https://www.youtube.com/watch?v=uWbcjuGLhJw,146,73,212,https://www.youtube.com/watch?v=uWbcjuGLhJw,0,0,0,,461,0,0,0,
1c304e8690e2400d9482f1173f59ad70,2440,121194,161,69,451,https://www.youtube.com/watch?v=Jtl3rkF910M,163,66,451,https://www.youtube.com/watch?v=Jtl3rkF910M,88,69,88,https://www.youtube.com/watch?v=s_Siv5iCWQE,312,69,59,213,https://www.twitch.tv/videos/2819743580
87568c720cae40a99264816eb1875347,2430,158412,79,40,261,https://www.youtube.com/watch?v=Fs6L84boKvI,90,50,261,https://www.youtube.com/watch?v=Fs6L84boKvI,28,16,54,https://www.youtube.com/watch?v=qaxZZ_TfrJw,0,0,0,0,
72a83f60773546dba886008320809d70,2410,486953,32,13,53,https://www.youtube.com/watch?v=Clsi-pguNQk,32,13,53,https://www.youtube.com/watch?v=Clsi-pguNQk,0,0,0,,10251,657,378,901,https://www.twitch.tv/videos/2818016263
4766ec1a407f4271bca77fb81487e81a,2410,98121,162,79,2182,https://www.youtube.com/watch?v=tlidYCOdP38,101,51,343,https://www.youtube.com/watch?v=0UVTkPZ3O5k,1221,568,2182,https://www.youtube.com/watch?v=tlidYCOdP38,4655,477,290,1860,https://www.twitch.tv/videos/2821996250
a7874e2ea7a44640a4ad427680a1dc9a,2410,76983,0,0,0,,0,0,0,,0,0,0,,305,346,184,346,https://www.twitch.tv/videos/2818176589
fa2a2255fa7d4aa7b5b54dea5dd2b1c4,2390,72088,51,32,104,https://www.youtube.com/watch?v=uc_H9yyD-HU,51,32,104,https://www.youtube.com/watch?v=uc_H9yyD-HU,0,0,0,,0,0,0,0,
cc1bad00639b4149b277f0d2e99c2abe,2390,83751,64,35,116,https://www.youtube.com/watch?v=ksE_9CgcoyQ,64,36,116,https://www.youtube.com/watch?v=ksE_9CgcoyQ,30,12,30,https://www.youtube.com/watch?v=LxmVV9sQfNQ,0,0,0,0,
bd9c7d2e96094ce7b8ca032228bb13c7,2370,48329,0,0,0,,0,0,0,,0,0,0,,0,0,0,0,
d18dd7d3e19f469b9e3faaa6c1fe2b0d,2370,46969,81,43,1107,https://www.youtube.com/watch?v=c9g6O0XC5Eo,80,43,178,https://www.youtube.com/watch?v=kY3_0i3WDL0,1107,505,1107,https://www.youtube.com/watch?v=c9g6O0XC5Eo,234,0,0,0,
8be6ce1a26af47a4985205da119eab5a,2370,384030,209,59,1327,https://www.youtube.com/watch?v=l2fZnD0H3nc,192,55,365,https://www.youtube.com/watch?v=tdZJczgv9pQ,1116,169,1327,https://www.youtube.com/watch?v=l2fZnD0H3nc,0,0,0,0,
c79b5a5a5c8b4d8f917afdfc16c01961,2360,103773,1498,50,1498,https://www.youtube.com/watch?v=muIO-KoxmzA,0,0,0,,1498,50,1498,https://www.youtube.com/watch?v=muIO-KoxmzA,3890,1111,636,1496,https://www.twitch.tv/videos/2807517194
364f94fc7493453e9f53787ade8e35c6,2360,389703,190,90,2248,https://www.youtube.com/watch?v=HDlIpISMgXY,190,90,2248,https://www.youtube.com/watch?v=HDlIpISMgXY,0,0,0,,12,0,0,0,
e66d389ebb604096bfa99178e1a13c27,2350,288124,1088,220,1771,https://www.youtube.com/watch?v=6S860ZUYPas,989,191,1771,https://www.youtube.com/watch?v=6S860ZUYPas,1417,246,1554,https://www.youtube.com/watch?v=Ilxdv-u48Jc,3791,84,71,234,https://www.twitch.tv/videos/2826969442
6c812a2f61ac470f8e3b30a92dca9d81,2350,76081,0,0,0,,0,0,0,,0,0,0,,0,0,0,0,
cfc335d4b3e3411ca5b39ccb41a81958,2350,152947,489,356,913,https://www.youtube.com/watch?v=ukFbtPIs0Pg,489,356,913,https://www.youtube.com/watch?v=ukFbtPIs0Pg,0,0,0,,0,0,0,0,
80c426d23cdb4dcda1d1a0a1bd7e0245,2350,27298,0,0,0,,0,0,0,,0,0,0,,6183,0,0,0,
b7fa120fd2264ecca8f9f02ece2850a9,2350,80210,0,0,0,,0,0,0,,0,0,0,,159,0,0,0,
076c16fcd0c843c0b70748712d15f233,2350,35846,64,32,130,https://www.youtube.com/watch?v=XmduddnuRSs,83,33,130,https://www.youtube.com/watch?v=XmduddnuRSs,33,32,33,https://www.youtube.com/watch?v=RhR3XnkipNw,0,0,0,0,
95f3f004ed9641139567827519f6b35e,2340,159585,0,0,0,,0,0,0,,0,0,0,,252,0,0,0,
c805a5c2c4fb4a068a65267452aa4da5,2340,88067,26,13,62,https://www.youtube.com/watch?v=yuogxbIEvgo,26,13,62,https://www.youtube.com/watch?v=yuogxbIEvgo,0,0,0,,0,0,0,0,
572c03fa49b54d4b95935321b4722b68,2340,473092,166,77,1538,https://www.youtube.com/watch?v=YRSRgUhQr-g,0,0,0,,166,77,1538,https://www.youtube.com/watch?v=YRSRgUhQr-g,1912,174,50,274,https://www.twitch.tv/videos/2819511243
084c49d869114256af18c13cc4b56414,2330,52525,0,0,0,,0,0,0,,0,0,0,,0,0,0,0,
65a52797bec24b9bb2df5201068873a4,2330,25989,0,0,0,,0,0,0,,0,0,0,,0,0,0,0,
d3a3eab7a3e34ea98784c44e3691c726,2330,90688,0,0,0,,0,0,0,,0,0,0,,0,0,0,0,
eb38f509e8464ba19ba8579e0b99e262,2320,102947,118,40,180,https://www.youtube.com/watch?v=oXT1G9q2uAo,118,40,180,https://www.youtube.com/watch?v=oXT1G9q2uAo,0,0,0,,0,0,0,0,
4a1e39ee23e6423fbfd3a15b1e28c8f3,2320,59008,0,0,0,,0,0,0,,0,0,0,,0,0,0,0,
395eade6d67445e1831010cac52ab444,2320,96240,0,0,0,,0,0,0,,0,0,0,,781,0,0,0,
2af83bdd7db644d88ffdaf123c38619b,2310,75641,87,25,122,https://www.youtube.com/watch?v=zbvMzGQ4XAE,87,25,122,https://www.youtube.com/watch?v=zbvMzGQ4XAE,0,0,0,,0,0,0,0,
b975eb70ed174bbda87e181be25bd1c5,2310,87058,135,9,135,https://www.youtube.com/watch?v=DpA6H-y4oVI,0,0,0,,135,9,135,https://www.youtube.com/watch?v=DpA6H-y4oVI,0,0,0,0,
e8be1d48c5a249cebcef72b17653ef34,2310,22519,0,0,0,,0,0,0,,0,0,0,,0,0,0,0,
70d5f64a7e324d7584d7e5116d6dc5a2,2310,75394,232,110,232,https://www.youtube.com/watch?v=jysNW1UOE4o,232,110,232,https://www.youtube.com/watch?v=jysNW1UOE4o,0,0,0,,0,0,0,0,
9fb51e14ba1c499eb6383a7a166a4d52,2300,83936,61,4,77,https://www.youtube.com/watch?v=i6eyGnl_k4s,61,4,77,https://www.youtube.com/watch?v=i6eyGnl_k4s,0,0,0,,0,0,0,0,
6510332f58be4d86b0007c77a622c959,2300,320473,330,178,489,https://www.youtube.com/watch?v=XQjYswr0vBA,330,178,489,https://www.youtube.com/watch?v=XQjYswr0vBA,0,0,0,,3249,228,150,336,https://www.twitch.tv/videos/2827796397
7ce04ee5bb63467f8b70a69136049218,2290,26902,0,0,0,,0,0,0,,0,0,0,,1775,156,106,159,https://www.twitch.tv/videos/2818241010
4ac7e88bd2234040a1da03644b06a501,2290,0,0,0,0,,0,0,0,,0,0,0,,0,0,0,0,
a64ba9e0b7dd4de58ffbdf9ca043a90b,2280,103612,76,43,1095,https://www.youtube.com/watch?v=HItzamBP12w,75,41,221,https://www.youtube.com/watch?v=YjWtnxTzZIg,1095,909,1095,https://www.youtube.com/watch?v=HItzamBP12w,94,0,0,0,
fe0305c914c549879b315b6dc3204748,2280,46402,359,192,359,https://www.youtube.com/watch?v=lVrP8xMQD2E,359,192,359,https://www.youtube.com/watch?v=lVrP8xMQD2E,0,0,0,,0,0,0,0,
6873f5b9a88c42ba980878bbffb5682a,2280,179217,228,89,1837,https://www.youtube.com/watch?v=k2bdPV0wwfw,221,89,324,https://www.youtube.com/watch?v=h5C9sjlAfUw,236,26,1837,https://www.youtube.com/watch?v=k2bdPV0wwfw,0,0,0,0,
4d44c28a73394954a4d1bf2a1b2c162c,2270,155135,109,71,318,https://www.youtube.com/watch?v=C3aas44jzmY,109,71,318,https://www.youtube.com/watch?v=C3aas44jzmY,0,0,0,,0,0,0,0,
43e557d175ce462b97c4c406954d8c04,2270,462049,57,3,57,https://www.youtube.com/watch?v=fcikjEa3qrc,57,3,57,https://www.youtube.com/watch?v=fcikjEa3qrc,0,0,0,,508,0,0,0,
6274e7f2acaf4d48b5fa569168f9468e,2270,140027,121,54,180,https://www.youtube.com/watch?v=XKT9G4T5PNY,121,54,180,https://www.youtube.com/watch?v=XKT9G4T5PNY,0,0,0,,0,0,0,0,
ad43fda31b7842dc8e7854840b974614,2270,101539,56,18,279,https://www.youtube.com/watch?v=zxvu_w2Qjxc,56,18,279,https://www.youtube.com/watch?v=zxvu_w2Qjxc,0,0,0,,1151,0,0,0,
6f382359f4d0436e9e1d4f87e4696e76,2260,69764,80,27,104,https://www.youtube.com/watch?v=GgVLxFLXzNA,80,27,104,https://www.youtube.com/watch?v=GgVLxFLXzNA,0,0,0,,0,0,0,0,
c1aa10208a06439481231599b25845b0,2260,187910,726,148,1838,https://www.youtube.com/watch?v=vBz7C80omGw,156,71,202,https://www.youtube.com/watch?v=Fv5aVg9TzvQ,1046,374,1838,https://www.youtube.com/watch?v=vBz7C80omGw,2193,227,174,437,https://www.twitch.tv/videos/2823676239
f146e7f1a1164dbfab960ea34873afb5,2250,86679,0,0,0,,0,0,0,,0,0,0,,116,44,29,86,https://www.twitch.tv/videos/2819063537
6cd8cdc530d14e2d9d0a9cd20cb6b05c,2250,85932,56,6,74,https://www.youtube.com/watch?v=F6G-qZmVioc,56,6,74,https://www.youtube.com/watch?v=F6G-qZmVioc,0,0,0,,0,0,0,0,
25904d8b82c84d74a8abffb804647e21,2240,114203,0,0,0,,0,0,0,,0,0,0,,395,0,0,0,
4ed0862cff5b47bcbf4b6a30e431e0fa,2230,96752,1629,480,2934,https://www.youtube.com/watch?v=FuoURfNiLIY,0,0,0,,1629,480,2934,https://www.youtube.com/watch?v=FuoURfNiLIY,0,0,0,0,
de610557c5c041df85e41e7f2f5490f5,2230,12675,0,0,0,,0,0,0,,0,0,0,,4205,349,192,430,https://www.twitch.tv/videos/2818916243
75f110ca5e9a4b7db3c57912baf5ca27,2230,177813,0,0,0,,0,0,0,,0,0,0,,5218,10912,6297,35210,https://www.twitch.tv/videos/2814981516
29574cafecff435b90d34431e2153f02,2230,300947,91,53,1664,https://www.youtube.com/watch?v=pnLhKXM7kec,74,27,102,https://www.youtube.com/watch?v=d_ew_B94zXQ,686,264,1664,https://www.youtube.com/watch?v=pnLhKXM7kec,178,62,38,62,https://www.twitch.tv/videos/2820304144
345b2eb5c8bf4d7d9fa72176f67de440,2230,43123,0,0,0,,0,0,0,,0,0,0,,882,90,84,90,https://www.twitch.tv/videos/2827848040
b9104b7fdb804facb0d8847f373a8a05,2220,123012,53,22,55,https://www.youtube.com/watch?v=mLiBfxrGjHI,53,22,55,https://www.youtube.com/watch?v=mLiBfxrGjHI,0,0,0,,110,0,0,0,
a60c8fc0a1324bf8b65053231ee22373,2220,534588,43,15,2216,https://www.youtube.com/watch?v=up9P6KRpcJ0,40,15,99,https://www.youtube.com/watch?v=s0xQTb4ixkk,209,74,2216,https://www.youtube.com/watch?v=up9P6KRpcJ0,179,13,8,29,https://www.twitch.tv/videos/2824004099
751596501f4f420a8a5c5c9d839efb22,2220,116002,0,0,0,,0,0,0,,0,0,0,,271,0,0,0,
9b8fe3ac0f30473f87290d314dfda74e,2220,2387,0,0,0,,0,0,0,,0,0,0,,0,0,0,0,
65c0e7f6562d419e944caea644836c1f,2210,92511,186,77,188,https://www.youtube.com/watch?v=HcbNFTHhKDg,186,77,188,https://www.youtube.com/watch?v=HcbNFTHhKDg,0,0,0,,295,55,49,55,https://www.twitch.tv/videos/2826997638
46954e0541644057a88f590a4739722c,2210,65136,273,78,1612,https://www.youtube.com/watch?v=jc0WQFiRSpw,273,101,870,https://www.youtube.com/watch?v=5AQC6HeT3kM,374,28,1612,https://www.youtube.com/watch?v=jc0WQFiRSpw,128,0,0,0,
c52b95b6a42d48f0ae888720492a5a46,2210,146275,0,0,0,,0,0,0,,0,0,0,,0,0,0,0,
1225d23bc1814140bc0093c1407f06b3,2210,183983,126,60,1727,https://www.youtube.com/watch?v=Ocrf3leCjlE,115,54,360,https://www.youtube.com/watch?v=aaXPdemk7go,874,272,1727,https://www.youtube.com/watch?v=Ocrf3leCjlE,108,24,20,26,https://www.twitch.tv/videos/2825052545
68c912c0e68b455f91cd3e1dfbf7d33b,2210,51453,248,145,1441,https://www.youtube.com/watch?v=91eK1O5KKlk,230,119,555,https://www.youtube.com/watch?v=t5BRLN0LmUM,1222,730,1441,https://www.youtube.com/watch?v=91eK1O5KKlk,719,0,0,0,
8890acc220cd4f969ec2e23a28c1eda2,2210,8718,0,0,0,,0,0,0,,0,0,0,,0,0,0,0,
ab069c9401bc4bd09eea8f5ece525d54,2210,348589,0,0,0,,0,0,0,,0,0,0,,0,0,0,0,
d418b8a185f449b3a15c1656ba654780,2200,160743,0,0,0,,0,0,0,,0,0,0,,0,0,0,0,
1ead15220cb842a79c3922d08d618e31,2200,4595,0,0,0,,0,0,0,,0,0,0,,0,0,0,0,
5c7278d46cd24b8eb5f49c446acc759d,2200,13350,334,121,737,https://www.youtube.com/watch?v=IHdKxUSIPzc,334,121,737,https://www.youtube.com/watch?v=IHdKxUSIPzc,0,0,0,,80,0,0,0,
27f5926236d04e34a08fdb7ab83940bc,2200,67722,171,96,304,https://www.youtube.com/watch?v=xi3_qNT4YmM,171,96,304,https://www.youtube.com/watch?v=xi3_qNT4YmM,0,0,0,,0,0,0,0,
a9e5491563fd4b05896ef9a8cb2ee7d7,2200,132105,378,94,586,https://www.youtube.com/watch?v=P5uqMF2losY,378,94,586,https://www.youtube.com/watch?v=P5uqMF2losY,0,0,0,,0,0,0,0,
c0ce3bfbf1434af3a2a7bd7b2c38e7e7,2190,158473,311,139,436,https://www.youtube.com/watch?v=wpQJFZoCFIk,311,139,436,https://www.youtube.com/watch?v=wpQJFZoCFIk,0,0,0,,0,0,0,0,
504678b9fa2f4506879ba42b27a13dff,2190,237644,144,57,1961,https://www.youtube.com/watch?v=kPE6_I1pG8k,94,40,210,https://www.youtube.com/watch?v=JCGY5fSwzcs,1132,558,1961,https://www.youtube.com/watch?v=kPE6_I1pG8k,0,0,0,0,
0bf305da1ec14c5c8447b9a007bc81f6,2190,233799,563,130,1879,https://www.youtube.com/watch?v=GGRo9xgO6eM,482,102,1167,https://www.youtube.com/watch?v=uBaJrtZhaRk,1620,969,1879,https://www.youtube.com/watch?v=GGRo9xgO6eM,1065,128,81,345,https://www.twitch.tv/videos/2817887479
60602526ae1d48688c23a74b3cb527e8,2180,100361,82,45,83,https://www.youtube.com/watch?v=obCOIdsVdU4,82,45,83,https://www.youtube.com/watch?v=obCOIdsVdU4,0,0,0,,0,0,0,0,
d45c287a84b6485e8ff3400cf50f5db7,2170,169976,0,0,0,,0,0,0,,0,0,0,,4394,759,359,2516,https://www.twitch.tv/videos/2809629959
19a2801d800547e58c6560aa1accf3e4,2170,97434,110,43,137,https://www.youtube.com/watch?v=IX4rRuqsW04,110,43,137,https://www.youtube.com/watch?v=IX4rRuqsW04,0,0,0,,450,0,0,0,
78dea7b59be448329ec287a403f95a13,2160,30832,20,12,37,https://www.youtube.com/watch?v=Kz3mtQy8eZ0,0,0,0,,20,12,37,https://www.youtube.com/watch?v=Kz3mtQy8eZ0,2100,230,195,348,https://www.twitch.tv/videos/2821419883
b5c9831f97f4427a88a96d7c4ee40539,2160,200254,0,0,0,,0,0,0,,0,0,0,,1694,232,124,232,https://www.twitch.tv/videos/2818246765
8b732f3260e0427f9cf795b93ada310a,2160,63432,426,159,611,https://www.youtube.com/watch?v=AnFcIgrnMY4,0,0,0,,426,159,611,https://www.youtube.com/watch?v=AnFcIgrnMY4,3820,1233,393,2018,https://www.twitch.tv/videos/2809198252
8a63cc5d44b44e2c88122e98c533d20a,2160,332304,0,0,0,,0,0,0,,0,0,0,,0,0,0,0,
9ef5ec69554f46e887a9ac0fe54b4f41,2150,84909,0,0,0,,0,0,0,,0,0,0,,0,0,0,0,
5da8c6fb027049cc8bc2030c56e8c489,2150,30246,0,0,0,,0,0,0,,0,0,0,,137,0,0,0,
a76c19e10aa4463f92f0d2e0f30ab84a,2140,144483,87,54,1979,https://www.youtube.com/watch?v=kR_R9Qa-xIE,84,41,282,https://www.youtube.com/watch?v=Hz-LOOO4lYY,1979,505,1979,https://www.youtube.com/watch?v=kR_R9Qa-xIE,0,0,0,0,
8e84dbdebec446bab8c82b3f0467f398,2140,195062,93,52,1494,https://www.youtube.com/watch?v=bnY44Ingi_Y,84,44,182,https://www.youtube.com/watch?v=8qHEWLyUjXw,1342,603,1494,https://www.youtube.com/watch?v=bnY44Ingi_Y,0,0,0,0,
326e254f0da14bc6bfc5d379164cf5c6,2130,46227,0,0,0,,0,0,0,,0,0,0,,0,0,0,0,
c41a24bf9c8f48ee9454119057088688,2120,86924,0,0,0,,0,0,0,,0,0,0,,0,0,0,0,
c94bc4ff4689403aac751731d33150e6,2120,60045,215,106,6276,https://www.youtube.com/watch?v=ooepe4oM42g,190,55,1963,https://www.youtube.com/watch?v=4NreyI2l6T8,1173,970,6276,https://www.youtube.com/watch?v=ooepe4oM42g,475,220,189,259,https://www.twitch.tv/videos/2828698624
62b58adde13f4a73ab406f857d730e20,2120,94653,103,37,668,https://www.youtube.com/watch?v=FsjVTphB0aY,94,35,269,https://www.youtube.com/watch?v=eXrlBBJrFFA,668,535,668,https://www.youtube.com/watch?v=FsjVTphB0aY,0,0,0,0,
cec266a3203a4d1599494b42f35b4012,2120,9934,961,395,1685,https://www.youtube.com/watch?v=d6syrgmx6I0,0,0,0,,961,395,1685,https://www.youtube.com/watch?v=d6syrgmx6I0,531,30,28,509,https://www.twitch.tv/videos/2819871154
80ea9b92d31c48b8b2cf2ca5bacc2a08,2120,70002,65,44,65,https://www.youtube.com/watch?v=YJxs0-8koxs,65,44,65,https://www.youtube.com/watch?v=YJxs0-8koxs,0,0,0,,0,0,0,0,
4f93fe928d264a299c6589e09fbda21e,2110,163336,0,0,0,,0,0,0,,0,0,0,,0,0,0,0,
9870111c23124c19a12de7bbdeb8abc1,2100,72511,62,48,69,https://www.youtube.com/watch?v=wGo5kYpVTBQ,62,48,69,https://www.youtube.com/watch?v=wGo5kYpVTBQ,0,0,0,,0,0,0,0,
2c92fe49ca9f4b8faf8f4521378857d2,2100,288725,0,0,0,,0,0,0,,0,0,0,,662,15,9,29,https://www.twitch.tv/videos/2818997109
1310ffb60dcf40eaaf6a08890e632234,2100,103143,77,20,119,https://www.youtube.com/watch?v=BNg_leilWyc,77,20,119,https://www.youtube.com/watch?v=BNg_leilWyc,0,0,0,,0,0,0,0,
226eb1e34c924ae2914d960039905d08,2100,234535,72,14,1266,https://www.youtube.com/watch?v=yQwy9s9uuYc,66,12,219,https://www.youtube.com/watch?v=wPtIoSmr0dc,1241,321,1266,https://www.youtube.com/watch?v=yQwy9s9uuYc,0,0,0,0,
9efea510313f4733b4d0b5e3cfb6988b,2090,522428,22,12,33,https://www.youtube.com/watch?v=_K1bicDsDGg,27,11,33,https://www.youtube.com/watch?v=_K1bicDsDGg,13,12,13,https://www.youtube.com/watch?v=l8RlWT0EDlY,0,0,0,0,
6b36f446b10e4ea99d5d80d60beeee21,2090,50550,0,0,0,,0,0,0,,0,0,0,,8152,163,116,187,https://www.twitch.tv/videos/2818048487
40082e2bb0b546d3bd3ebb75a3192092,2090,1641482,532,112,2117,https://www.youtube.com/watch?v=0pIbvjBEcpc,44,33,46,https://www.youtube.com/watch?v=mUE9qyB3UoA,576,146,2117,https://www.youtube.com/watch?v=0pIbvjBEcpc,0,0,0,0,
6d2945d11f504edb9962f742b54f6553,2090,36213,18,15,18,https://www.youtube.com/watch?v=qmG47POokgA,18,15,18,https://www.youtube.com/watch?v=qmG47POokgA,0,0,0,,1110,0,0,0,
ef03340f293242f89fe15f2f828dbf7f,2090,47977,51,27,114,https://www.youtube.com/watch?v=ZHi4kbXBrv8,51,27,114,https://www.youtube.com/watch?v=ZHi4kbXBrv8,0,0,0,,652,13,9,18,https://www.twitch.tv/videos/2828662745
e9047e02eb6340ff940114f754c76875,2080,58187,52,18,77,https://www.youtube.com/watch?v=h7yn44TYEWs,52,18,77,https://www.youtube.com/watch?v=h7yn44TYEWs,0,0,0,,0,0,0,0,
58d43efc5b4046148d02de0e65ef9120,2070,236445,158,45,10388,https://www.youtube.com/watch?v=_iiCrLHh4l8,140,43,265,https://www.youtube.com/watch?v=IOqzeHL4umU,697,87,10388,https://www.youtube.com/watch?v=_iiCrLHh4l8,550,99,66,134,https://www.twitch.tv/videos/2818857651
ab540a5b73bb4dfa85cebffb70fad5db,2070,58925,0,0,0,,0,0,0,,0,0,0,,1227,0,0,0,
33918eea49984fb499619652ce58a4fa,2070,35734,0,0,0,,0,0,0,,0,0,0,,0,0,0,0,
e58a5a6f40e040d79bbcd139824d6fc7,2060,265723,513,331,1520,https://www.youtube.com/watch?v=xUEEyBqEg6U,0,0,0,,513,331,1520,https://www.youtube.com/watch?v=xUEEyBqEg6U,11206,4446,1865,8827,https://www.twitch.tv/videos/2808017516
44b22851b9df4612bec834e2cfde9489,2060,520510,56,27,105,https://www.youtube.com/watch?v=O0Dk5l7SEd8,58,28,105,https://www.youtube.com/watch?v=O0Dk5l7SEd8,32,12,32,https://www.youtube.com/watch?v=NNt3_XVzueY,0,0,0,0,
93e7079bd21c499f9004e79d18489d28,2060,492305,0,0,0,,0,0,0,,0,0,0,,86,0,0,0,
b8d723ac79eb47229a23adc4029a5bd5,2060,0,0,0,0,,0,0,0,,0,0,0,,0,0,0,0,
1b863baf309a4ff587385012bb5bde51,2060,79843,0,0,0,,0,0,0,,0,0,0,,340,0,0,0,
6eefc3826f4f49a0b28a5288c5e0d83e,2060,12673,490,177,490,https://www.youtube.com/watch?v=GQc0fVvc4ZQ,0,0,0,,490,177,490,https://www.youtube.com/watch?v=GQc0fVvc4ZQ,2624,385,261,635,https://www.twitch.tv/videos/2819677427
8b810380ed254a5e8a85b65552ba4e61,2050,124124,0,0,0,,0,0,0,,0,0,0,,23679,2726,1054,4695,https://www.twitch.tv/videos/2812703768
e897180feafa4f748c41f13306b6f379,2050,445529,245,189,3069,https://www.youtube.com/watch?v=VFd8jRtxmyY,217,178,302,https://www.youtube.com/watch?v=d0Cl0USKBsg,1894,1239,3069,https://www.youtube.com/watch?v=VFd8jRtxmyY,13,0,0,0,
4f20b9493001401f81b7a451bf856fba,2050,216293,1338,870,1843,https://www.youtube.com/watch?v=pb5kwjGkj0Q,0,0,0,,1338,870,1843,https://www.youtube.com/watch?v=pb5kwjGkj0Q,1580,0,0,0,
e32a7d950f5a4b53ab2f47d225aec4fd,2040,54915,66,31,80,https://www.youtube.com/watch?v=mVzFQJfGP6c,66,31,80,https://www.youtube.com/watch?v=mVzFQJfGP6c,0,0,0,,0,0,0,0,
cb52afa541704e6e8f1098a20679135c,2040,119777,0,0,0,,0,0,0,,0,0,0,,321,38,32,50,https://www.twitch.tv/videos/2826968490
9087489bcb234de9bb2a8942a1562a61,2040,75961,0,0,0,,0,0,0,,0,0,0,,0,0,0,0,
2e58c53f72f144dbad853ca8630dab19,2030,73069,150,84,251,https://www.youtube.com/watch?v=96f52bVCHz4,150,84,251,https://www.youtube.com/watch?v=96f52bVCHz4,0,0,0,,233,157,122,164,https://www.twitch.tv/videos/2826140739
0414bb8fc082472a9434bd4a463a9865,2030,11076,0,0,0,,0,0,0,,0,0,0,,191,0,0,0,
7d2aa4176f60423bb1532ac37ed55e28,2020,165916,97,55,4835,https://www.youtube.com/watch?v=urRpNgPgqm4,97,55,511,https://www.youtube.com/watch?v=LK-bDGYvcjU,2426,84,4835,https://www.youtube.com/watch?v=urRpNgPgqm4,0,0,0,0,
83a59a0d6537461fb429af7e3af1d152,2020,258335,0,0,0,,0,0,0,,0,0,0,,0,0,0,0,
6fa5098cd1c644c5871a47a7e56803dc,2020,78477,361,205,713,https://www.youtube.com/watch?v=NDbNOnWIQ2Y,292,187,474,https://www.youtube.com/watch?v=Zx7yk4wbvIU,653,479,713,https://www.youtube.com/watch?v=NDbNOnWIQ2Y,261,0,0,0,
44ae1f339250472c82d1fc4ffb3610ad,2020,99608,362,154,1979,https://www.youtube.com/watch?v=Jx4s1rMSoJM,358,153,1979,https://www.youtube.com/watch?v=Jx4s1rMSoJM,995,984,1236,https://www.youtube.com/watch?v=k0H2oV1J3W4,2890,955,371,1353,https://www.twitch.tv/videos/2809370215
6eeed5b0702a45df8470a617ee2c5243,2010,24084,0,0,0,,0,0,0,,0,0,0,,0,0,0,0,
7cc197b36bc64bf38aaf98a17eaf8d31,2010,214812,216,103,2278,https://www.youtube.com/watch?v=g2qBXHFIff0,143,76,224,https://www.youtube.com/watch?v=cV7Nn4Fs8IY,1512,536,2278,https://www.youtube.com/watch?v=g2qBXHFIff0,0,0,0,0,
83eff3b0de694818876092eaabd35b4a,2010,95537,53,33,244,https://www.youtube.com/watch?v=LmdL0eHCYZQ,53,33,244,https://www.youtube.com/watch?v=LmdL0eHCYZQ,0,0,0,,0,0,0,0,
2a20316d245d406193331300bb44fdec,2010,26197,0,0,0,,0,0,0,,0,0,0,,5374,905,137,1116,https://www.twitch.tv/videos/2809508360
712d031e7f004ed99aa1dfdb176cff32,2010,118753,448,222,448,https://www.youtube.com/watch?v=69_1tFMuxlE,448,222,448,https://www.youtube.com/watch?v=69_1tFMuxlE,0,0,0,,321,0,0,0,
a5681ed32f994c57a107a0b9248fb228,2010,82594,127,63,219,https://www.youtube.com/watch?v=3WWICTjbCN8,127,63,219,https://www.youtube.com/watch?v=3WWICTjbCN8,0,0,0,,0,0,0,0,
92e03a33b1e640f6aa94211011de5d24,2010,73548,1534,801,1534,https://www.youtube.com/watch?v=HmdzOB5ssLk,0,0,0,,1534,801,1534,https://www.youtube.com/watch?v=HmdzOB5ssLk,290,96,57,96,https://www.twitch.tv/videos/2819776050
749161d9934f41bf97e7210afd6b3bb1,2000,41122,0,0,0,,0,0,0,,0,0,0,,106,0,0,0,
bb1cda940e0a44b3a25f3e368c19c490,2000,63431,158,50,518,https://www.youtube.com/watch?v=x81WlOscCHY,158,50,518,https://www.youtube.com/watch?v=x81WlOscCHY,0,0,0,,0,0,0,0,
b84f2dfff8ce4ca1af82bfc44405f1e7,2000,91035,66,32,203,https://www.youtube.com/watch?v=3KhN1VdnduE,66,32,203,https://www.youtube.com/watch?v=3KhN1VdnduE,0,0,0,,0,0,0,0,
14d334ad35f146ecbb047d1c20652fe1,2000,347151,0,0,0,,0,0,0,,0,0,0,,0,0,0,0,
95f8bb8a92c1450b8b5993f740b39338,2000,763383,0,0,0,,0,0,0,,0,0,0,,295,0,0,0,
aa72818fdcaf460b9b3f90e92d702e57,2000,78517,1593,991,1819,https://www.youtube.com/watch?v=YZRH-2zmn9M,0,0,0,,1593,991,1819,https://www.youtube.com/watch?v=YZRH-2zmn9M,8385,3837,2155,10589,https://www.twitch.tv/videos/2817487761
361d3dd97ee9430f85d57b61ea8f0b85,1990,171356,123,93,892,https://www.youtube.com/watch?v=ykwBMTpI4_0,113,90,287,https://www.youtube.com/watch?v=9xYc5kBBcPg,892,742,892,https://www.youtube.com/watch?v=ykwBMTpI4_0,0,0,0,0,
0563e1d0ff394d1ab0d6a09d89870fba,1990,148865,82,37,217,https://www.youtube.com/watch?v=RBCt49GiuYo,82,37,217,https://www.youtube.com/watch?v=RBCt49GiuYo,0,0,0,,137,63,60,276,https://www.twitch.tv/videos/2825908726
7bd1bc8b491d47e0b7cf0a573c36120e,1980,102615,0,0,0,,0,0,0,,0,0,0,,0,0,0,0,
0c1efcf431bc4ffbb208775a9738e348,1970,70291,367,114,864,https://www.youtube.com/watch?v=Lka3BB8_aeI,367,114,864,https://www.youtube.com/watch?v=Lka3BB8_aeI,0,0,0,,178,0,0,0,
4b7c733a13d247ec84844698ecc7ba0c,1970,43563,0,0,0,,0,0,0,,0,0,0,,2760,294,241,426,https://www.twitch.tv/videos/2821923800
8f7fdc3104f541539132c122eeab6801,1970,44471,141,76,226,https://www.youtube.com/watch?v=6wp3SUDekw0,141,76,226,https://www.youtube.com/watch?v=6wp3SUDekw0,0,0,0,,0,0,0,0,
6bddfe8d54104f4192c56e4935a871de,1960,602861,0,0,0,,0,0,0,,0,0,0,,1166,220,167,409,https://www.twitch.tv/videos/2828669581
4de89158f20a4d0e8023f15db8a9526e,1960,146683,0,0,0,,0,0,0,,0,0,0,,0,0,0,0,
8c171b8f4b854cbfade4ee2babc19e0f,1960,45513,127,63,262,https://www.youtube.com/watch?v=K3uTGDNV5Mg,127,63,262,https://www.youtube.com/watch?v=K3uTGDNV5Mg,0,0,0,,0,0,0,0,
bf124655587e4f5b937d695be814d25d,1950,153949,129,62,201,https://www.youtube.com/watch?v=qmq7VoPNp-k,129,62,201,https://www.youtube.com/watch?v=qmq7VoPNp-k,0,0,0,,0,0,0,0,
d564ef4ee383435787e18dee18247631,1950,62428,62,33,452,https://www.youtube.com/watch?v=XavzDboiPVs,58,26,452,https://www.youtube.com/watch?v=XavzDboiPVs,131,74,152,https://www.youtube.com/watch?v=1tQExhw9h_k,390,12,8,30,https://www.twitch.tv/videos/2822116248
9031798ec1884b52b17df470b6c379b2,1950,55904,167,69,172,https://www.youtube.com/watch?v=VGS-4jeUWiU,167,69,172,https://www.youtube.com/watch?v=VGS-4jeUWiU,0,0,0,,0,0,0,0,
0fbdfcc1b9cf41fdb840cf2f546d9324,1950,148063,33,15,1285,https://www.youtube.com/watch?v=tmW9ektUVaM,33,15,125,https://www.youtube.com/watch?v=-dODbIPu-rg,6,5,1285,https://www.youtube.com/watch?v=tmW9ektUVaM,675,0,0,0,
17b1d3fb1e1944dabd5e6a45f94e2f6b,1950,70634,68,68,202,https://www.youtube.com/watch?v=ACE-v-YvhQ8,68,68,202,https://www.youtube.com/watch?v=ACE-v-YvhQ8,0,0,0,,0,0,0,0,
c0ae01f224734769a38c39b97fb6dbb7,1940,52496,0,0,0,,0,0,0,,0,0,0,,407,67,62,70,https://www.twitch.tv/videos/2827816926
637a5867616a436ba0f7cdd36057f55a,1940,160986,134,53,7250,https://www.youtube.com/watch?v=3Vjl3q30SnA,109,47,7250,https://www.youtube.com/watch?v=3Vjl3q30SnA,4700,2677,4700,https://www.youtube.com/watch?v=apnftskA0O4,104,0,0,0,
3a8fe50b02d04b45af3974ed979c52eb,1940,97234,172,84,440,https://www.youtube.com/watch?v=tG8kqY4JzkY,170,74,364,https://www.youtube.com/watch?v=ruU7Xz6DNAE,440,425,440,https://www.youtube.com/watch?v=tG8kqY4JzkY,0,0,0,0,
70c982c2dffc4cd08c90431abcc8be97,1940,55951,43,21,78,https://www.youtube.com/watch?v=xY3vSDVqdUk,43,21,78,https://www.youtube.com/watch?v=xY3vSDVqdUk,0,0,0,,203,35,26,48,https://www.twitch.tv/videos/2822136270
1025a2d1ea674c649b1e7934895bd419,1930,56062,158,64,158,https://www.youtube.com/watch?v=KWDg1OnPbkw,158,64,158,https://www.youtube.com/watch?v=KWDg1OnPbkw,0,0,0,,0,0,0,0,
734477be3c5d42afbdde5356c6a6e8ee,1930,83300,0,0,0,,0,0,0,,0,0,0,,0,0,0,0,
8564954960ba466fa7f17bc0e0ea5e8e,1920,38938,0,0,0,,0,0,0,,0,0,0,,359,0,0,0,
f3b487c00ef5466eaa529f3a2e8d6753,1910,24550,183,86,316,https://www.youtube.com/watch?v=-bY9tzEiObw,183,86,316,https://www.youtube.com/watch?v=-bY9tzEiObw,0,0,0,,0,0,0,0,
5ff20156ebbf4390a3573d6a94aed8df,1910,96403,97,42,347,https://www.youtube.com/watch?v=IkYPUUx9fC4,97,42,347,https://www.youtube.com/watch?v=IkYPUUx9fC4,0,0,0,,0,0,0,0,
31c7fada1ab24cbd83ab4ae698955a29,1910,85306,76,33,3039,https://www.youtube.com/watch?v=yG5px8D8BDA,39,29,94,https://www.youtube.com/watch?v=B_CYqOc0QrI,246,194,3039,https://www.youtube.com/watch?v=yG5px8D8BDA,0,0,0,0,
08da85c2b24747a2aaeec4fe6cf9d681,1910,44512,2735,1664,29007,https://www.youtube.com/watch?v=jDaSZ-TOZog,0,0,0,,2735,1664,29007,https://www.youtube.com/watch?v=jDaSZ-TOZog,0,0,0,0,
1eb556018c7847feb170b09b8622590c,1900,123972,51,12,140,https://www.youtube.com/watch?v=YwX9nOZzbVU,51,12,140,https://www.youtube.com/watch?v=YwX9nOZzbVU,0,0,0,,0,0,0,0,
7c18bc597298484c8f2925759fc1ac4a,1900,14757,75,26,155,https://www.youtube.com/watch?v=QcFcirOVRIw,75,26,155,https://www.youtube.com/watch?v=QcFcirOVRIw,0,0,0,,797,0,0,0,
7eec0f9233fa49ed92c4f60fb8a82694,1890,39351,1074,964,1074,https://www.youtube.com/watch?v=ORQyDRwkblI,0,0,0,,1074,964,1074,https://www.youtube.com/watch?v=ORQyDRwkblI,1011,89,79,89,https://www.twitch.tv/videos/2826855676
bff58c28269748eb99103a257886309a,1890,64647,114,69,1736,https://www.youtube.com/watch?v=2qGNZQjlwFU,113,59,312,https://www.youtube.com/watch?v=uzrZnMiUqyw,1123,910,1736,https://www.youtube.com/watch?v=2qGNZQjlwFU,0,0,0,0,
bc7d14416ba24cc8819f0753e1f595f5,1890,329020,107,47,2048,https://www.youtube.com/watch?v=ELOj1KBG1u8,106,45,192,https://www.youtube.com/watch?v=XYVPHhIejHM,1162,495,2048,https://www.youtube.com/watch?v=ELOj1KBG1u8,0,0,0,0,
018244f1ad404c9eaa4ddf747c3bafa0,1890,249895,192,82,424,https://www.youtube.com/watch?v=VgxyPzymV3c,201,93,424,https://www.youtube.com/watch?v=VgxyPzymV3c,36,18,86,https://www.youtube.com/watch?v=z955nIZmifg,0,0,0,0,
9be037b96ffa41c9a080edf332650649,1880,101553,34,29,226,https://www.youtube.com/watch?v=gqkBy0c2Vzg,45,28,71,https://www.youtube.com/watch?v=pWQDj1qAW1k,34,31,226,https://www.youtube.com/watch?v=gqkBy0c2Vzg,0,0,0,0,
77829b31e6e246efbf1f648a353ff823,1880,293124,166,89,1542,https://www.youtube.com/watch?v=2BKTRrRrY0I,128,48,531,https://www.youtube.com/watch?v=k_3Qt2vW97g,1478,648,1542,https://www.youtube.com/watch?v=2BKTRrRrY0I,0,0,0,0,
a823412858b749f7bd2bff3739ec55b7,1880,97639,112,79,337,https://www.youtube.com/watch?v=HUMcy87o_ws,112,79,337,https://www.youtube.com/watch?v=HUMcy87o_ws,0,0,0,,436,139,79,179,https://www.twitch.tv/videos/2818156580
63175a6880c5427891463ff07fd0bf7e,1860,49798,0,0,0,,0,0,0,,0,0,0,,0,0,0,0,
5612ac8b150e45e5a7381a2c07e9671a,1860,83174,60,36,1907,https://www.youtube.com/watch?v=Mgv9XBfLs0w,44,30,169,https://www.youtube.com/watch?v=8L3QEts4O4w,1249,232,1907,https://www.youtube.com/watch?v=Mgv9XBfLs0w,0,0,0,0,
342f808864164047acc8ddffe88c9618,1860,138519,1164,372,1857,https://www.youtube.com/watch?v=Wg9z-4TAAZo,0,0,0,,1164,372,1857,https://www.youtube.com/watch?v=Wg9z-4TAAZo,2306,418,317,584,https://www.twitch.tv/videos/2818121231
14561bf5e63844f58b60deb87f443507,1850,0,0,0,0,,0,0,0,,0,0,0,,1122,0,0,0,
673abaca34d047b49b11d50214a9a463,1840,87027,212,93,316,https://www.youtube.com/watch?v=7eG1jwAg2e4,212,93,316,https://www.youtube.com/watch?v=7eG1jwAg2e4,0,0,0,,87,0,0,0,
a6a789d93f3a4352b251a51b43f98d2c,1840,46213,0,0,0,,0,0,0,,0,0,0,,0,0,0,0,
89f4c9a5a9374700ae9f3725cd8a3f0f,1840,183730,431,111,2409,https://www.youtube.com/watch?v=T_0JLrTds2Q,179,53,252,https://www.youtube.com/watch?v=LMA976WMa4g,1141,142,2409,https://www.youtube.com/watch?v=T_0JLrTds2Q,188,125,91,152,https://www.twitch.tv/videos/2820560438
48b978b1705a4f61a760b05280000b34,1840,8824,0,0,0,,0,0,0,,0,0,0,,1258,0,0,0,
608b617ad99c4f18b97d10560e254b4b,1830,58204,110,52,239,https://www.youtube.com/watch?v=SUMaTgfRalM,110,52,239,https://www.youtube.com/watch?v=SUMaTgfRalM,0,0,0,,0,0,0,0,
70874043d50b4e3a873742127251caa5,1830,83339,55,5,55,https://www.youtube.com/watch?v=u3dEn8oE3Bc,55,5,55,https://www.youtube.com/watch?v=u3dEn8oE3Bc,0,0,0,,0,0,0,0,
0da343539de64a169fe51ad653e5c73d,1830,42940,40,11,113,https://www.youtube.com/watch?v=DEuG7HdlMmE,40,11,113,https://www.youtube.com/watch?v=DEuG7HdlMmE,0,0,0,,0,0,0,0,
e72542ff8bb14e47929b037c626c320a,1820,38254,124,50,130,https://www.youtube.com/watch?v=hrvKAs3mK0I,124,50,130,https://www.youtube.com/watch?v=hrvKAs3mK0I,0,0,0,,0,0,0,0,
a0ac84f84b914c21acf669844a163436,1820,45927,104,58,104,https://www.youtube.com/watch?v=BkFahIZuYYY,0,0,0,,104,58,104,https://www.youtube.com/watch?v=BkFahIZuYYY,1416,923,336,2693,https://www.twitch.tv/videos/2812700203
b023ec32c6b5474e95c7faf252925b8e,1820,52063,187,39,241,https://www.youtube.com/watch?v=EQNFgkF--M0,0,0,0,,187,39,241,https://www.youtube.com/watch?v=EQNFgkF--M0,426,19,18,19,https://www.twitch.tv/videos/2828616832
fe5a0ac164a940c79e430eab9995da2e,1820,238092,0,0,0,,0,0,0,,0,0,0,,112,0,0,0,
9c0184b0f01a4af4a4c2c56139682fb9,1820,42365,0,0,0,,0,0,0,,0,0,0,,125,0,0,0,
8020c505099f474ca81da3023926485f,1820,110030,90,52,164,https://www.youtube.com/watch?v=zFCEn_58eZE,90,52,164,https://www.youtube.com/watch?v=zFCEn_58eZE,0,0,0,,0,0,0,0,
53cd965ca91e495887b89aabd6314402,1820,34579,240,137,258,https://www.youtube.com/watch?v=O_lz7WmxPzk,240,137,258,https://www.youtube.com/watch?v=O_lz7WmxPzk,0,0,0,,25,0,0,0,
08158657738a4949bce0cbbc36c4e701,1810,70,0,0,0,,0,0,0,,0,0,0,,0,0,0,0,
3bbbe40f23e344fa8889d410b7315383,1810,2107,0,0,0,,0,0,0,,0,0,0,,0,0,0,0,
f3fa92d46e744da29b61f9468c76b9a5,1810,49378,0,0,0,,0,0,0,,0,0,0,,0,0,0,0,
49c4f54141434226960845b2a46c432b,1810,61472,0,0,0,,0,0,0,,0,0,0,,0,0,0,0,
a45c0a929a504afa9afee5c56bc9b959,1810,50761,365,239,365,https://www.youtube.com/watch?v=agfxYHdh0SY,0,0,0,,365,239,365,https://www.youtube.com/watch?v=agfxYHdh0SY,116,79,70,193,https://www.twitch.tv/videos/2820372028
db2f279f9960492082f3ae6ad20aca91,1810,47277,0,0,0,,0,0,0,,0,0,0,,506,0,0,0,
8ad9544f4e4f42a09ec1ecb6b514729f,1810,97243,41,20,161,https://www.youtube.com/watch?v=G7oltZJaPVY,43,21,161,https://www.youtube.com/watch?v=G7oltZJaPVY,24,13,24,https://www.youtube.com/watch?v=wBV3H0fzgvY,0,0,0,0,
ced6b5d82fc848a5a0f45a1b3da4cfae,1800,82804,103,45,136,https://www.youtube.com/watch?v=aKQgfTVU7TQ,103,45,136,https://www.youtube.com/watch?v=aKQgfTVU7TQ,0,0,0,,224,0,0,0,
21a819efced54f6991abd3fc0b43091f,1800,139157,194,90,955,https://www.youtube.com/watch?v=UupvoYs_F98,156,77,194,https://www.youtube.com/watch?v=fDjFw5m3sDc,830,424,955,https://www.youtube.com/watch?v=UupvoYs_F98,843,162,122,166,https://www.twitch.tv/videos/2823013353
6cb91cbf63cd46d49566ade06d3b3418,1800,26312,38,17,496,https://www.youtube.com/watch?v=p2y2mQleqsk,38,17,496,https://www.youtube.com/watch?v=p2y2mQleqsk,82,46,158,https://www.youtube.com/watch?v=chd1HzlWBEQ,0,0,0,0,
d748a977fcd24752ad9e038468713bf2,1790,8113,78,43,192,https://www.youtube.com/watch?v=qyxQOKs-35w,78,43,192,https://www.youtube.com/watch?v=qyxQOKs-35w,0,0,0,,0,0,0,0,
3bc6afb820df4f59b2c6ff1c25d1eed3,1790,148576,68,39,467,https://www.youtube.com/watch?v=1vw07sKjpDA,68,37,382,https://www.youtube.com/watch?v=TEZw4B7f_q8,212,207,467,https://www.youtube.com/watch?v=1vw07sKjpDA,0,0,0,0,
ce59f11c200841dab2e8a5e30655a827,1780,253122,0,0,0,,0,0,0,,0,0,0,,27,0,0,0,
29d3dea4a1684bec9592e2ccc3685c57,1780,64011,0,0,0,,0,0,0,,0,0,0,,0,0,0,0,
7425576151124e11a94609fd1b8687bc,1780,64833,167,69,365,https://www.youtube.com/watch?v=xBrFA1bYv8w,167,69,365,https://www.youtube.com/watch?v=xBrFA1bYv8w,0,0,0,,2066,188,118,459,https://www.twitch.tv/videos/2824522448
10c8c9b647e7464f9d95c7c1a865da01,1780,146687,49,25,1306,https://www.youtube.com/watch?v=S8hHpi-U4GE,47,22,111,https://www.youtube.com/watch?v=xlxVWG5M0FU,388,107,1306,https://www.youtube.com/watch?v=S8hHpi-U4GE,2176,151,112,222,https://www.twitch.tv/videos/2824278889
cfa15a7e93824927ad4b84a519b0ab68,1780,682653,1426,854,2875,https://www.youtube.com/watch?v=9OzmmkTgkGQ,0,0,0,,1426,854,2875,https://www.youtube.com/watch?v=9OzmmkTgkGQ,0,0,0,0,
e39607950249427da8b60fa012115e44,1780,104922,23,13,23,https://www.youtube.com/watch?v=NYISWvFw5yc,0,0,0,,23,13,23,https://www.youtube.com/watch?v=NYISWvFw5yc,0,0,0,0,
be84d60f2d0e452ab7d66eaeb957477f,1780,83320,0,0,0,,0,0,0,,0,0,0,,0,0,0,0,
e9fa90c6824c47abbfd114e9cd9b4125,1770,115435,92,83,1728,https://www.youtube.com/watch?v=KW7Qhx-BpU4,65,25,406,https://www.youtube.com/watch?v=ujzBl4rUXcY,1433,907,1728,https://www.youtube.com/watch?v=KW7Qhx-BpU4,0,0,0,0,
c489b78388904133a8b93cd4d0470aad,1770,73,0,0,0,,0,0,0,,0,0,0,,623,0,0,0,
46ca57774cd7476d86727882d07bd918,1770,107756,103,42,17989,https://www.youtube.com/watch?v=7-2OmVV7W_Y,98,41,136,https://www.youtube.com/watch?v=CNX4VM4W4dk,857,177,17989,https://www.youtube.com/watch?v=7-2OmVV7W_Y,190,65,45,72,https://www.twitch.tv/videos/2820569508
b49c2970f97b4fd4a6762b3e9ba94f8e,1770,7796,0,0,0,,0,0,0,,0,0,0,,10135,1280,577,2321,https://www.twitch.tv/videos/2808712699
5efdd7a401eb430ba20cb6f391fbbce3,1770,35215,0,0,0,,0,0,0,,0,0,0,,0,0,0,0,
3584322d47f14c7aa8f6e98511d3c54a,1760,1240,0,0,0,,0,0,0,,0,0,0,,1038,0,0,0,
0f7d7faa487642d0a8ff6d5fc8dbc394,1760,157739,1516,1290,1909,https://www.youtube.com/watch?v=PNS_8k6Vn90,0,0,0,,1516,1290,1909,https://www.youtube.com/watch?v=PNS_8k6Vn90,1748,659,123,771,https://www.twitch.tv/videos/2808057061
372962c805114682a4d16b75c13c80ed,1760,275,0,0,0,,0,0,0,,0,0,0,,0,0,0,0,
66830cad0b9949689741b0dc5ef39d29,1760,49557,0,0,0,,0,0,0,,0,0,0,,0,0,0,0,
2e8c364f691740dd81c0fa61727a9790,1750,604570,0,0,0,,0,0,0,,0,0,0,,3764,0,0,0,
d0c2bb3e9091413e8d245bdc217e9420,1750,55401,87,38,88,https://www.youtube.com/watch?v=f6gFv3in1UE,87,38,88,https://www.youtube.com/watch?v=f6gFv3in1UE,0,0,0,,0,0,0,0,
8483ae3c14ca488394d427d271854d88,1750,35792,0,0,0,,0,0,0,,0,0,0,,42,0,0,0,
8f1a38101d324afcbfc7df27d5d1e0a9,1740,209457,32,17,2288,https://www.youtube.com/watch?v=lulP1-l4qTQ,30,15,122,https://www.youtube.com/watch?v=BPCSmkCG83w,1223,394,2288,https://www.youtube.com/watch?v=lulP1-l4qTQ,0,0,0,0,
7d3b310a867942cab270e48f7a397e0d,1740,50950,51,18,94,https://www.youtube.com/watch?v=z6FqUQxU_mE,56,19,94,https://www.youtube.com/watch?v=z6FqUQxU_mE,13,5,14,https://www.youtube.com/watch?v=QvRKZkGBf6M,969,0,0,0,
a725f6babc5f44779d7389886c6cd7b7,1740,66790,118,75,255,https://www.youtube.com/watch?v=JtIgjlSFQUE,118,75,255,https://www.youtube.com/watch?v=JtIgjlSFQUE,0,0,0,,0,0,0,0,
af9a2d0fab684be9b9da09e251f6bae6,1740,88356,197,37,284,https://www.youtube.com/watch?v=tGl4H2JFtTs,197,37,284,https://www.youtube.com/watch?v=tGl4H2JFtTs,0,0,0,,428,0,0,0,
dc8226bfc9c64cf5bc768f387a41c48d,1730,25594,0,0,0,,0,0,0,,0,0,0,,0,0,0,0,
b0e88b4d4e5d41c4b5edd07540dc3637,1730,141882,52,20,125,https://www.youtube.com/watch?v=gMf90oXVlOw,51,21,125,https://www.youtube.com/watch?v=gMf90oXVlOw,87,2,87,https://www.youtube.com/watch?v=roUbfkXFmps,0,0,0,0,
3e41189706dd483db4e407c295b058ce,1730,103370,34,16,68,https://www.youtube.com/watch?v=r7jd_u9-Sv4,34,16,68,https://www.youtube.com/watch?v=r7jd_u9-Sv4,0,0,0,,4831,380,184,662,https://www.twitch.tv/videos/2806615949
e3451dd6f3c0444c888eb6f67704613a,1720,64889,88,41,1806,https://www.youtube.com/watch?v=SyZJna2y5tM,86,40,212,https://www.youtube.com/watch?v=60jfPDPdZcs,1806,1256,1806,https://www.youtube.com/watch?v=SyZJna2y5tM,0,0,0,0,
84cccbea595d4bc69426d5c75f1ac3a4,1720,90694,0,0,0,,0,0,0,,0,0,0,,0,0,0,0,
f7bfeaf6288f4afe80b62dab32698a0c,1720,551963,951,272,1999,https://www.youtube.com/watch?v=Ul0jPBiAdZs,118,58,140,https://www.youtube.com/watch?v=FaJo1TgCU0Y,1590,506,1999,https://www.youtube.com/watch?v=Ul0jPBiAdZs,351,0,0,0,
b0a7d70ae76549f5b4418e56ee4ad43f,1710,62603,60,32,1651,https://www.youtube.com/watch?v=mDDvm4HcKsU,60,30,127,https://www.youtube.com/watch?v=HKwIjd3kq7g,1651,42,1651,https://www.youtube.com/watch?v=mDDvm4HcKsU,1151,249,177,347,https://www.twitch.tv/videos/2821991901
351e16ae67e14d5e8c7294284c2ded4d,1710,25636,0,0,0,,0,0,0,,0,0,0,,693,0,0,0,
1e0ca2c7a8d7493baa62b792d78e7b07,1710,133033,78,36,103,https://www.youtube.com/watch?v=2BfiWluO_mQ,78,36,103,https://www.youtube.com/watch?v=2BfiWluO_mQ,0,0,0,,0,0,0,0,
67674d86fce54eceb37e0dc4ea802132,1710,135297,101,53,665,https://www.youtube.com/watch?v=kPEHRZT8UKY,101,53,665,https://www.youtube.com/watch?v=kPEHRZT8UKY,0,0,0,,116,18,14,36,https://www.twitch.tv/videos/2823827972
dbe3f9880dec4a03bcc1943343455a6c,1710,78327,103,48,156,https://www.youtube.com/watch?v=JULrnIxPQZY,103,48,156,https://www.youtube.com/watch?v=JULrnIxPQZY,0,0,0,,0,0,0,0,
9deb096c2fb943a7ae7487bf25e28026,1700,121258,46,23,125,https://www.youtube.com/watch?v=de5rma71F5A,46,23,125,https://www.youtube.com/watch?v=de5rma71F5A,0,0,0,,1396,91,82,206,https://www.twitch.tv/videos/2821328756
e8ec42e35b774df8a21ae98a0d01fdc0,1700,1331091,69,31,2263,https://www.youtube.com/watch?v=7-tYNvOGpPY,45,21,173,https://www.youtube.com/watch?v=GNikGnmiy6s,564,172,2263,https://www.youtube.com/watch?v=7-tYNvOGpPY,0,0,0,0,
db86eecb7c7047a984098e23de131e29,1700,141068,67,53,1440,https://www.youtube.com/watch?v=xyEBWafvUqM,64,51,1440,https://www.youtube.com/watch?v=xyEBWafvUqM,267,89,267,https://www.youtube.com/watch?v=IKyuwn0-geY,172,27,24,60,https://www.twitch.tv/videos/2823767935
f3914ae7ae6541198b6b5f4d63febe48,1700,49355,0,0,0,,0,0,0,,0,0,0,,0,0,0,0,
7e9fc4a1ccc7445182bb3c5264d99187,1690,79205,55,22,1097,https://www.youtube.com/watch?v=0Zdy76zhd4o,52,19,375,https://www.youtube.com/watch?v=DrGv52-eAM4,1006,519,1097,https://www.youtube.com/watch?v=0Zdy76zhd4o,0,0,0,0,
7259f7e619e943018e64fb24d4d20e34,1680,34928,145,120,145,https://www.youtube.com/watch?v=tNZn7H9R_fM,145,120,145,https://www.youtube.com/watch?v=tNZn7H9R_fM,0,0,0,,0,0,0,0,
7eb39f4278b04ed485060a084cd07876,1670,63261,0,0,0,,0,0,0,,0,0,0,,0,0,0,0,
60a400d6a5d841f78b352675c383dbef,1670,48101,0,0,0,,0,0,0,,0,0,0,,0,0,0,0,
eb54f557a3734bfda57ecddd8df07681,1670,43835,0,0,0,,0,0,0,,0,0,0,,544,0,0,0,
df7bcc29e3204005877b25cdad9206b7,1670,81263,0,0,0,,0,0,0,,0,0,0,,0,0,0,0,
1f445fb1ee7447c2add6738b86570b2e,1660,70417,0,0,0,,0,0,0,,0,0,0,,0,0,0,0,
055f10f2da424da8bfbfe9d01b15fb11,1660,49887,26,7,135,https://www.youtube.com/watch?v=etrVr91kI2w,94,63,135,https://www.youtube.com/watch?v=etrVr91kI2w,14,5,52,https://www.youtube.com/watch?v=e_GLqYE1oAs,71,102,54,133,https://www.twitch.tv/videos/2818981644
c45e260cafa14b3fab4030fb339ed1ab,1650,78973,41,13,87,https://www.youtube.com/watch?v=6b46EDOgWTc,41,13,87,https://www.youtube.com/watch?v=6b46EDOgWTc,0,0,0,,28,0,0,0,
ecbeda5532474bdb8d08d4e15ce98d89,1650,15777,15,12,129,https://www.youtube.com/watch?v=neQg00Zu_d8,0,0,0,,15,12,129,https://www.youtube.com/watch?v=neQg00Zu_d8,3110,350,340,350,https://www.twitch.tv/videos/2828730995
a1915cccb8584d57b9b22975263c7af4,1650,272877,62,35,91,https://www.youtube.com/watch?v=MzHKB-4r1tg,62,39,91,https://www.youtube.com/watch?v=MzHKB-4r1tg,63,32,88,https://www.youtube.com/watch?v=BVltkIlAhDY,0,0,0,0,
306117a48f3445baad1d6a919ed340bb,1650,75936,0,0,0,,0,0,0,,0,0,0,,152,0,0,0,
1257fb7258eb49ad8cf58ed64b800056,1650,47561,0,0,0,,0,0,0,,0,0,0,,808,72,60,122,https://www.twitch.tv/videos/2824476571
95fa8eef249d4edca59594271fedc487,1650,54439,78,55,86,https://www.youtube.com/watch?v=Vxb9jKjDmJM,78,55,86,https://www.youtube.com/watch?v=Vxb9jKjDmJM,0,0,0,,0,0,0,0,
9e5e58a212584007b1ab1f22f5c59438,1640,146238,144,81,327,https://www.youtube.com/watch?v=jFzsqHjRB1A,142,96,327,https://www.youtube.com/watch?v=jFzsqHjRB1A,216,49,216,https://www.youtube.com/watch?v=-a-GWPTt2bU,0,0,0,0,
bdcf0d95e6544ebaaddbfba94839cd6b,1640,93933,55,36,117,https://www.youtube.com/watch?v=-9VXosmPIVU,55,36,117,https://www.youtube.com/watch?v=-9VXosmPIVU,0,0,0,,0,0,0,0,
46e494bf06c640da95ad1b0b81631d98,1640,269763,38,15,89,https://www.youtube.com/watch?v=-jIPyopI4Do,38,15,89,https://www.youtube.com/watch?v=-jIPyopI4Do,0,0,0,,931,56,45,233,https://www.twitch.tv/videos/2825301169
7d6a4fa5389c461bb553b8190c5e951f,1640,107064,0,0,0,,0,0,0,,0,0,0,,0,0,0,0,
607d6173383c4118a32171fbcfc98e60,1640,43209,0,0,0,,0,0,0,,0,0,0,,16727,1819,1472,5295,https://www.twitch.tv/videos/2818282006
7e50374d02184a429cfc6dfba9b52e2f,1630,9723,0,0,0,,0,0,0,,0,0,0,,390,0,0,0,
dcc5b43448044231a3a8710d144b2602,1630,148704,159,67,307,https://www.youtube.com/watch?v=gA1b7aG0ZJI,161,70,307,https://www.youtube.com/watch?v=gA1b7aG0ZJI,70,23,159,https://www.youtube.com/watch?v=8wYpnW-fJ5g,0,0,0,0,
da503b835e2a41d58433ebf6960db356,1630,60215,0,0,0,,0,0,0,,0,0,0,,780,0,0,0,
4077520d348749e49598cd5fa1058b6a,1630,61981,76,35,192,https://www.youtube.com/watch?v=ZpvntzZVPJs,76,35,192,https://www.youtube.com/watch?v=ZpvntzZVPJs,0,0,0,,262,0,0,0,
c192b6e25df841ad85cbc8bbf0bd8bfe,1630,110186,0,0,0,,0,0,0,,0,0,0,,0,0,0,0,
b9086ee5f7b54353a5ba85c973b2e2af,1630,64830,101,51,117,https://www.youtube.com/watch?v=tfkrF73gL7Q,101,51,117,https://www.youtube.com/watch?v=tfkrF73gL7Q,0,0,0,,0,0,0,0,
94f9966aa28a45e1ab4b94507037d1d7,1620,152936,237,166,644,https://www.youtube.com/watch?v=bRC31NQqb0c,237,166,644,https://www.youtube.com/watch?v=bRC31NQqb0c,0,0,0,,0,0,0,0,
9133438057714eb196366f5ecbed6a4a,1620,520255,935,459,4266,https://www.youtube.com/watch?v=eUyl04Agvks,0,0,0,,935,459,4266,https://www.youtube.com/watch?v=eUyl04Agvks,0,0,0,0,
a73b969a7fe24a9aaeb9bc1c63ca6450,1620,90458,2260,1365,3163,https://www.youtube.com/watch?v=eVVtWyOO6kw,0,0,0,,2260,1365,3163,https://www.youtube.com/watch?v=eVVtWyOO6kw,4925,396,201,721,https://www.twitch.tv/videos/2828408133
889bb42644a14ae4af2b3594c51d057b,1620,89282,78,42,178,https://www.youtube.com/watch?v=r5qDSgB_3zQ,78,42,178,https://www.youtube.com/watch?v=r5qDSgB_3zQ,0,0,0,,0,0,0,0,
905304e606344aba8c84b83717453f5e,1620,74080,69,33,95,https://www.youtube.com/watch?v=3AOMV4z3-lI,69,33,95,https://www.youtube.com/watch?v=3AOMV4z3-lI,0,0,0,,0,0,0,0,
9a7b7c9c31da44aca5a68395a2e69488,1610,716943,9,3,53,https://www.youtube.com/watch?v=anB_p28C6ig,9,3,53,https://www.youtube.com/watch?v=anB_p28C6ig,0,0,0,,114,0,0,0,
5dc565de88a948ecb092cce178aafe60,1610,478097,0,0,0,,0,0,0,,0,0,0,,457,145,78,180,https://www.twitch.tv/videos/2818337448
2ead897ab38c4530aeeb69a2f02da623,1610,75828,80,38,202,https://www.youtube.com/watch?v=v0FvTrfV2uY,81,43,202,https://www.youtube.com/watch?v=v0FvTrfV2uY,20,9,20,https://www.youtube.com/watch?v=-j3oMof0gus,0,0,0,0,
2913f17e61014f7691e016fae8468404,1610,75442,48,21,156,https://www.youtube.com/watch?v=24AmKEQZP4M,50,25,156,https://www.youtube.com/watch?v=24AmKEQZP4M,41,7,41,https://www.youtube.com/watch?v=rw9ZKV2v9q4,263,0,0,0,
7e26ddf485a84c0cb6d781a3bf432c55,1610,40712,0,0,0,,0,0,0,,0,0,0,,3921,0,0,0,
954590604f0e49e88fadc8ce6dafba1b,1610,95257,59,28,65,https://www.youtube.com/watch?v=q4tyr68x_tc,59,28,65,https://www.youtube.com/watch?v=q4tyr68x_tc,0,0,0,,0,0,0,0,
21c774c9133043baaf8d283705cd9093,1610,67323,178,96,2175,https://www.youtube.com/watch?v=vxFNlqF5i7k,148,63,284,https://www.youtube.com/watch?v=nJ0p-Q2ApoY,1793,838,2175,https://www.youtube.com/watch?v=vxFNlqF5i7k,0,0,0,0,
c4651b162abb45c3a85640e3d456fa71,1610,58270,23,8,28,https://www.youtube.com/watch?v=1ALhB3gDixc,23,8,28,https://www.youtube.com/watch?v=1ALhB3gDixc,0,0,0,,320,0,0,0,
d3b1e8a5a2c74d2395dc33869caadb50,1600,7851,0,0,0,,0,0,0,,0,0,0,,0,0,0,0,
80e2f3365bfd4479a3594c3278311103,1600,0,0,0,0,,0,0,0,,0,0,0,,2246,256,166,431,https://www.twitch.tv/videos/2820960887
95eabea4e8014fedb5d34ea27137a4ca,1590,138986,112,58,588,https://www.youtube.com/watch?v=TsYzgOV4Ut0,112,54,178,https://www.youtube.com/watch?v=OsPGEiGC_to,333,286,588,https://www.youtube.com/watch?v=TsYzgOV4Ut0,0,0,0,0,
c4fafcb15c694ad5ab88d1948d401e54,1590,89176,77,29,276,https://www.youtube.com/watch?v=D3ti8vt1aKs,77,29,276,https://www.youtube.com/watch?v=D3ti8vt1aKs,0,0,0,,197,0,0,0,
bf03fd8b5b55481590ea63338c5cdd20,1590,30419,0,0,0,,0,0,0,,0,0,0,,4257,725,177,1990,https://www.twitch.tv/videos/2816500029
86e86bf2d8e54e9083613e7398e1e7ac,1590,37795,0,0,0,,0,0,0,,0,0,0,,1819,226,163,744,https://www.twitch.tv/videos/2818080698
8cace62dbfc34c2a9a2a348e479cdbb1,1590,195937,1134,764,1134,https://www.youtube.com/watch?v=C_P2fnMROuw,0,0,0,,1134,764,1134,https://www.youtube.com/watch?v=C_P2fnMROuw,0,0,0,0,
e214241ed6574d939e398051ae25921d,1580,65,0,0,0,,0,0,0,,0,0,0,,0,0,0,0,
1cdbceb7ad414bb59b3a9563a93fe840,1580,68622,239,143,1321,https://www.youtube.com/watch?v=LYV7pyiYdDo,75,24,84,https://www.youtube.com/watch?v=fphYkikuUb4,1194,668,1321,https://www.youtube.com/watch?v=LYV7pyiYdDo,0,0,0,0,
e312462015a2454087c9fe83dd939994,1580,32714,53,10,86,https://www.youtube.com/watch?v=_oN6I_yV-s0,52,12,86,https://www.youtube.com/watch?v=_oN6I_yV-s0,54,9,54,https://www.youtube.com/watch?v=AHmXF-_7zJs,0,0,0,0,
aa1bb853e814428eb663082b28309309,1570,83714,133,66,412,https://www.youtube.com/watch?v=EuPC7_39-cM,133,66,412,https://www.youtube.com/watch?v=EuPC7_39-cM,0,0,0,,0,0,0,0,
a112fc34dd9944a5a15f50c1c078aa3e,1570,128190,104,43,147,https://www.youtube.com/watch?v=vtU5Ys2U_TQ,104,43,147,https://www.youtube.com/watch?v=vtU5Ys2U_TQ,0,0,0,,0,0,0,0,
4c4ebb91c8a346b2876d1ccd1a32dead,1560,80229,98,50,295,https://www.youtube.com/watch?v=PUUjodTb2KY,98,50,295,https://www.youtube.com/watch?v=PUUjodTb2KY,0,0,0,,492,0,0,0,
c6ce333916b446d48d27be05df1a218e,1560,33979,110,41,365,https://www.youtube.com/watch?v=K-t5MNVjw4Q,112,48,365,https://www.youtube.com/watch?v=K-t5MNVjw4Q,32,9,32,https://www.youtube.com/watch?v=Ffn8sCtk2pI,605,84,57,112,https://www.twitch.tv/videos/2822787708
904f58005872497b82964fff25490152,1550,22954,32,1,47,https://www.youtube.com/watch?v=j6dxaf_wVk8,32,1,47,https://www.youtube.com/watch?v=j6dxaf_wVk8,0,0,0,,189,0,0,0,
e210fb08b0744535a907823fa9f062cc,1550,54391,421,179,421,https://www.youtube.com/watch?v=U0EulWHDTB0,0,0,0,,421,179,421,https://www.youtube.com/watch?v=U0EulWHDTB0,1435,405,101,1047,https://www.twitch.tv/videos/2812697074
5b1bd72acc95440cb3aa381c89cfca3c,1550,91542,343,25,343,https://www.youtube.com/watch?v=uJO5D7AuEZ4,0,0,0,,343,25,343,https://www.youtube.com/watch?v=uJO5D7AuEZ4,0,0,0,0,
1eef416d7ad94b6aa728e10d6da10304,1550,70267,16,10,25,https://www.youtube.com/watch?v=fDjsyIMzM3g,0,0,0,,16,10,25,https://www.youtube.com/watch?v=fDjsyIMzM3g,2071,0,0,0,
2a5241b8ebc54be98263c9ea2924b7e9,1550,71742,1386,651,1386,https://www.youtube.com/watch?v=EXTHu9THNlc,0,0,0,,1386,651,1386,https://www.youtube.com/watch?v=EXTHu9THNlc,2084,709,455,1539,https://www.twitch.tv/videos/2821700120
cbd9ed35dc0045aa9c57bb9ee14b02e0,1540,694283,4,2,14,https://www.youtube.com/watch?v=9V-8ZXPkDV8,0,0,0,,4,2,14,https://www.youtube.com/watch?v=9V-8ZXPkDV8,0,0,0,0,
aabaf7767fa5449b86f58160496d0d4c,1540,84233,141,74,657,https://www.youtube.com/watch?v=7Pew5Fwdkrw,141,74,657,https://www.youtube.com/watch?v=7Pew5Fwdkrw,0,0,0,,0,0,0,0,
ee7cfe445bc84d6fa7fff5df6fbf0d32,1540,46105,0,0,0,,0,0,0,,0,0,0,,727,36,26,36,https://www.twitch.tv/videos/2823003095
260f0fb7a8b1421394c38114230479bb,1540,68147,41,11,172,https://www.youtube.com/watch?v=u5izACDykYY,41,11,172,https://www.youtube.com/watch?v=u5izACDykYY,0,0,0,,153,44,37,59,https://www.twitch.tv/videos/2825162358
02dadd7977b8412b99f101241de4cb3f,1540,81450,32,14,178,https://www.youtube.com/watch?v=gM1ZF4ohAPk,32,14,178,https://www.youtube.com/watch?v=gM1ZF4ohAPk,0,0,0,,1098,74,66,123,https://www.twitch.tv/videos/2821329726
1406aeb0ef48430bab0b939a29609394,1540,73451,196,105,13726,https://www.youtube.com/watch?v=HXXqsAfu6qw,178,103,346,https://www.youtube.com/watch?v=ikqwvhaCkBI,878,751,13726,https://www.youtube.com/watch?v=HXXqsAfu6qw,0,0,0,0,
1be625b10e2f4e65bab5b19d10a4d0b1,1530,18555,0,0,0,,0,0,0,,0,0,0,,0,0,0,0,
9948190bc88442f4a0757eed54fb24f0,1530,55813,207,124,922,https://www.youtube.com/watch?v=xzm9aerZAZE,0,0,0,,207,124,922,https://www.youtube.com/watch?v=xzm9aerZAZE,714,237,156,384,https://www.twitch.tv/videos/2814872016
6db0d51e6ac9410f84f79e57448b8a60,1530,155581,177,92,441,https://www.youtube.com/watch?v=miwLaNCeUgQ,177,92,441,https://www.youtube.com/watch?v=miwLaNCeUgQ,0,0,0,,0,0,0,0,
b88e19a358b843068cd5bd7ec103d521,1530,136217,0,0,0,,0,0,0,,0,0,0,,0,0,0,0,
6cc5ac707eed4f9e9b5bc7b2f970fe1b,1530,74769,178,71,2003,https://www.youtube.com/watch?v=ebJ40xZtxOQ,121,61,210,https://www.youtube.com/watch?v=d74fH927uzM,1201,589,2003,https://www.youtube.com/watch?v=ebJ40xZtxOQ,0,0,0,0,
a2188c1a225e4f93a64e3385fa02d779,1520,86289,0,0,0,,0,0,0,,0,0,0,,0,0,0,0,
c506f1ab266f47e2be683220533a4790,1520,44830,31,16,37,https://www.youtube.com/watch?v=c5v0s31Ht1g,31,16,37,https://www.youtube.com/watch?v=c5v0s31Ht1g,0,0,0,,0,0,0,0,
a881100803aa4abc84dc3cc814dca0e7,1520,68004,0,0,0,,0,0,0,,0,0,0,,0,0,0,0,
2131a63328214b7f9a1022dae6890d66,1520,83678,72,26,184,https://www.youtube.com/watch?v=RZiHRNRfZXo,72,26,184,https://www.youtube.com/watch?v=RZiHRNRfZXo,0,0,0,,383,12,6,83,https://www.twitch.tv/videos/2824470358
d70830a282b9446f89bc9d82c88b8db3,1520,138341,0,0,0,,0,0,0,,0,0,0,,265,0,0,0,
12f51c457b27425fa98fe89c24ccb61c,1510,10393,1267,333,1267,https://www.youtube.com/watch?v=N0hJyr6eokY,0,0,0,,1267,333,1267,https://www.youtube.com/watch?v=N0hJyr6eokY,0,0,0,0,
eaa1d55ba99c40ce82413701233efdbd,1510,61309,37,26,47,https://www.youtube.com/watch?v=UVptoQCrJjM,37,26,47,https://www.youtube.com/watch?v=UVptoQCrJjM,0,0,0,,0,0,0,0,
747fb5e9d30240a1ac42fbf37e86b55d,1510,121612,75,28,1110,https://www.youtube.com/watch?v=mshBF9uZi-g,73,22,459,https://www.youtube.com/watch?v=TM2O6dcx1yo,1110,1033,1110,https://www.youtube.com/watch?v=mshBF9uZi-g,423,10,6,24,https://www.twitch.tv/videos/2827841392
d57b7459ef5949ef96672a96fb33d8a2,1510,63062,0,0,0,,0,0,0,,0,0,0,,1098,0,0,0,
3cf7289a95834ae1a25d4cb2909a1a9e,1510,50980,0,0,0,,0,0,0,,0,0,0,,0,0,0,0,
4c466d73397a4899b4ca26f90aaf57ad,1500,162150,0,0,0,,0,0,0,,0,0,0,,169,0,0,0,
91025114208d41b2bff535d6e277017e,1500,67267,39,13,72,https://www.youtube.com/watch?v=EXMmDgxal0U,39,13,72,https://www.youtube.com/watch?v=EXMmDgxal0U,0,0,0,,0,0,0,0,
bc77dc55cf9b4be88c878ac4b5c07438,1500,29950,79,46,1192,https://www.youtube.com/watch?v=Xe-FyCnErpA,79,46,320,https://www.youtube.com/watch?v=KpKWfW2AU9M,1192,436,1192,https://www.youtube.com/watch?v=Xe-FyCnErpA,915,344,297,665,https://www.twitch.tv/videos/2828578698
6d61885259b744a28c7b92c0785e8fe9,1490,0,0,0,0,,0,0,0,,0,0,0,,852,0,0,0,
5ce810e28ea54f5bacd55573589f4e4e,1490,101355,52,18,105,https://www.youtube.com/watch?v=tEUHa7ruviY,52,18,105,https://www.youtube.com/watch?v=tEUHa7ruviY,0,0,0,,0,0,0,0,
489752f0b42c49b785d43f1207429983,1490,44861,71,22,99,https://www.youtube.com/watch?v=_SNaDZDFFqY,71,22,99,https://www.youtube.com/watch?v=_SNaDZDFFqY,0,0,0,,0,0,0,0,
25ac52ef552244a997045ca561b5636f,1480,24731,98,55,13220,https://www.youtube.com/watch?v=cCEBvQrWYdg,90,32,160,https://www.youtube.com/watch?v=bplGu5zHqps,1463,643,13220,https://www.youtube.com/watch?v=cCEBvQrWYdg,0,0,0,0,
1be04e1564c34845bee20467cdb8cfd1,1480,123355,0,0,0,,0,0,0,,0,0,0,,0,0,0,0,
b8ce93818de34a93901147e5d9857170,1480,86081,0,0,0,,0,0,0,,0,0,0,,0,0,0,0,
d62ad85ae5434754bc4f9f366815064a,1470,45128,0,0,0,,0,0,0,,0,0,0,,0,0,0,0,
6e6fd1311d2f42228faa8b1ccb0fa589,1470,78817,106,57,187,https://www.youtube.com/watch?v=7LEVpQ5J2nA,106,57,187,https://www.youtube.com/watch?v=7LEVpQ5J2nA,0,0,0,,0,0,0,0,
22a1949143784185ae001c31a717b5bc,1470,115746,178,86,5936,https://www.youtube.com/watch?v=JWy0Vswj3RA,125,47,300,https://www.youtube.com/watch?v=wjBQTpvpna8,181,90,5936,https://www.youtube.com/watch?v=JWy0Vswj3RA,0,0,0,0,
2cc874f341184fb799b01c399477c0b4,1470,65863,292,225,499,https://www.youtube.com/watch?v=ToJU7gILYxk,85,0,85,https://www.youtube.com/watch?v=WtJ_iJE_tnU,499,449,499,https://www.youtube.com/watch?v=ToJU7gILYxk,151,0,0,0,
0c3b5ae85d2940b8b73a92d72dc0d313,1460,95601,103,38,1324,https://www.youtube.com/watch?v=1x941uQY2XM,135,71,174,https://www.youtube.com/watch?v=qVmp_NKNvEM,25,11,1324,https://www.youtube.com/watch?v=1x941uQY2XM,477,76,60,104,https://www.twitch.tv/videos/2822879993
091ac99f10804fe3b417a0f285731b4e,1460,419,59,25,68,https://www.youtube.com/watch?v=WFicuNBCya0,59,25,68,https://www.youtube.com/watch?v=WFicuNBCya0,0,0,0,,467,0,0,0,
5bc1ba6d941e4eca868a5b33425c3262,1460,405,0,0,0,,0,0,0,,0,0,0,,1644,586,430,1417,https://www.twitch.tv/videos/2819587861
687568c1c9254c8ab34e7b6efbdd6dbc,1460,206216,0,0,0,,0,0,0,,0,0,0,,0,0,0,0,
fcb4d9b8cd4a49dba6b421d97c179065,1450,66487,0,0,0,,0,0,0,,0,0,0,,1304,187,143,235,https://www.twitch.tv/videos/2823222056
7b46621c7baf437da117a6c10c856292,1450,27448,96,58,1691,https://www.youtube.com/watch?v=B2VWCCKs_vA,91,56,172,https://www.youtube.com/watch?v=RgyPrMs9mdk,1691,1344,1691,https://www.youtube.com/watch?v=B2VWCCKs_vA,0,0,0,0,
30a4362c1143491ea0ed5383c4882251,1450,79256,374,179,2018,https://www.youtube.com/watch?v=I8MwLSJ3OF0,128,42,191,https://www.youtube.com/watch?v=8Zp566hU8_A,694,333,2018,https://www.youtube.com/watch?v=I8MwLSJ3OF0,0,0,0,0,
8044e4d538ab4e16b1952c8e42dee12e,1450,141547,11,6,157,https://www.youtube.com/watch?v=6DtT3jfc-Kc,11,5,113,https://www.youtube.com/watch?v=FBhDNRAO--o,88,28,157,https://www.youtube.com/watch?v=6DtT3jfc-Kc,0,0,0,0,
58588863643843439cebc85ef72654bb,1440,104905,91,30,137,https://www.youtube.com/watch?v=9qyDDjukU2o,91,30,137,https://www.youtube.com/watch?v=9qyDDjukU2o,0,0,0,,0,0,0,0,
c6a8cee6b8e042518ef58659113b3f34,1440,80703,243,173,583,https://www.youtube.com/watch?v=AWlRdn7J-y4,123,15,131,https://www.youtube.com/watch?v=RsXSEDGDnu0,469,417,583,https://www.youtube.com/watch?v=AWlRdn7J-y4,0,0,0,0,
773a7694afcf4666960b05a4faf1a1fa,1440,83346,100,52,1437,https://www.youtube.com/watch?v=_OSEpJ0wDFg,73,26,100,https://www.youtube.com/watch?v=xBHHQg_DWwU,1250,393,1437,https://www.youtube.com/watch?v=_OSEpJ0wDFg,0,0,0,0,
abe50a593a1d4cdbbc6dfb8b45bbf6bb,1440,18767,177,95,386,https://www.youtube.com/watch?v=ZwoB2MF8Qys,177,95,386,https://www.youtube.com/watch?v=ZwoB2MF8Qys,0,0,0,,12,0,0,0,
0ec3bf23ccba41659f6d91e424fb2b4a,1430,56889,0,0,0,,0,0,0,,0,0,0,,0,0,0,0,
2ea398a50afd48c3a9e3a819186a4375,1430,66362,245,89,294,https://www.youtube.com/watch?v=I1TZlTEHvYg,245,89,294,https://www.youtube.com/watch?v=I1TZlTEHvYg,0,0,0,,153,0,0,0,
bf425f4bc9154c00918ed885bdced632,1430,84151,99,69,101,https://www.youtube.com/watch?v=66aT1ez_wJc,99,69,101,https://www.youtube.com/watch?v=66aT1ez_wJc,0,0,0,,0,0,0,0,
564b411dc4874310be6f8ee9bb7a0312,1420,101001,0,0,0,,0,0,0,,0,0,0,,0,0,0,0,
51a882d77c24494d92605b5b75424603,1420,151118,235,123,6217,https://www.youtube.com/watch?v=OfBInpu6gI8,198,82,788,https://www.youtube.com/watch?v=7Y-KDmET-aY,1192,683,6217,https://www.youtube.com/watch?v=OfBInpu6gI8,89,78,21,81,https://www.twitch.tv/videos/2812077390
87606e72f653472f9eafb06e8f49c39c,1420,165736,47,8,47,https://www.youtube.com/watch?v=CqQpzFXVobw,47,8,47,https://www.youtube.com/watch?v=CqQpzFXVobw,0,0,0,,0,0,0,0,
b572cb7de27446e3bcda5135f6a23d8a,1420,56541,86,40,158,https://www.youtube.com/watch?v=X8ORQckEhwM,86,40,158,https://www.youtube.com/watch?v=X8ORQckEhwM,0,0,0,,0,0,0,0,
5a901d793927414493afa87af0c4baec,1410,28850,0,0,0,,0,0,0,,0,0,0,,1447,0,0,0,
a324be13dcdb4acbbe722638fc2dbfa4,1410,58839,149,139,1707,https://www.youtube.com/watch?v=IJsVRv6GAm4,49,30,51,https://www.youtube.com/watch?v=KPTODLR2ELw,977,503,1707,https://www.youtube.com/watch?v=IJsVRv6GAm4,117,16,15,16,https://www.twitch.tv/videos/2828629005
8fbd23f4e2ad442bb230aea8f433cd49,1410,139380,83,55,1741,https://www.youtube.com/watch?v=qdlO7dqh-LM,70,30,217,https://www.youtube.com/watch?v=G4pmcdxPDFw,1603,628,1741,https://www.youtube.com/watch?v=qdlO7dqh-LM,115,11,9,16,https://www.twitch.tv/videos/2824552639
948d1078ceaf4b39b3bef86fdab85482,1410,16261,128,89,178,https://www.youtube.com/watch?v=9nJE-p25rhI,128,89,178,https://www.youtube.com/watch?v=9nJE-p25rhI,0,0,0,,0,0,0,0,
a7410ae72f2d4648bcf192c21abd7c32,1410,53078,52,48,63,https://www.youtube.com/watch?v=S8OjZDW6pRE,52,48,63,https://www.youtube.com/watch?v=S8OjZDW6pRE,0,0,0,,174,0,0,0,
303c4cd8cf334f01805afdd8df5adc7f,1400,58043,85,39,118,https://www.youtube.com/watch?v=gUz7Z1tD7rk,85,39,118,https://www.youtube.com/watch?v=gUz7Z1tD7rk,0,0,0,,0,0,0,0,
6adad1ae67dc495dae88cefa06446593,1400,107239,0,0,0,,0,0,0,,0,0,0,,0,0,0,0,
6f68d3f50edf4814b59a4a018090b180,1400,30916,174,1,174,https://www.youtube.com/watch?v=uY_psSjVVp4,174,1,174,https://www.youtube.com/watch?v=uY_psSjVVp4,0,0,0,,0,0,0,0,
3daee44c0bab401386813cff327a10a2,1400,147125,171,80,488,https://www.youtube.com/watch?v=MUVsDuhv_lo,137,81,488,https://www.youtube.com/watch?v=MUVsDuhv_lo,441,36,441,https://www.youtube.com/watch?v=vrdg5mVjCKE,0,0,0,0,
83ec4919298a4ad5984e3da31109a4c8,1400,56200,2012,770,2464,https://www.youtube.com/watch?v=b5s6kLpN6IQ,0,0,0,,2012,770,2464,https://www.youtube.com/watch?v=b5s6kLpN6IQ,13916,11117,4478,15488,https://www.twitch.tv/videos/2813309779
fa83a68ebfff419983124d69373ede6f,1400,236179,93,82,1473,https://www.youtube.com/watch?v=YVmhhjg_2KQ,83,60,178,https://www.youtube.com/watch?v=-yPVxIDKIIQ,1436,140,1473,https://www.youtube.com/watch?v=YVmhhjg_2KQ,2068,254,158,573,https://www.twitch.tv/videos/2825051213
5356357f112b46db862b472a4aafcee8,1390,45677,0,0,0,,0,0,0,,0,0,0,,1291,0,0,0,
f4eae5dde65b41969336f3f52c6df2d8,1390,124164,58,39,1166,https://www.youtube.com/watch?v=pEgabgjleug,57,37,286,https://www.youtube.com/watch?v=SbtEfvO3ano,1166,1131,1166,https://www.youtube.com/watch?v=pEgabgjleug,185,0,0,0,
22a83c82e1914eb68b12e76b4ccb277c,1380,49935,106,69,175,https://www.youtube.com/watch?v=Itjwixf5x1s,106,69,175,https://www.youtube.com/watch?v=Itjwixf5x1s,0,0,0,,0,0,0,0,
e63047f70b0b4a7eba70e7d8cbd507ec,1380,31352,0,0,0,,0,0,0,,0,0,0,,0,0,0,0,
1b6e28ac923f4134a3627badc2fa8ef6,1380,68848,0,0,0,,0,0,0,,0,0,0,,479,0,0,0,
a4d4a2a3d7b648be9aa4d652ae592a4b,1380,116787,929,830,1404,https://www.youtube.com/watch?v=knoO-7aMLNY,0,0,0,,929,830,1404,https://www.youtube.com/watch?v=knoO-7aMLNY,132,73,59,74,https://www.twitch.tv/videos/2826219108
25b1a8ceab1d439491fb4e98013cd0fc,1380,20681,0,0,0,,0,0,0,,0,0,0,,643,153,80,260,https://www.twitch.tv/videos/2822303525
787da9082edb4e9e9024a52cb12449e8,1380,36299,149,81,239,https://www.youtube.com/watch?v=HWFRO77P87s,149,81,239,https://www.youtube.com/watch?v=HWFRO77P87s,0,0,0,,0,0,0,0,
30f58f5fd3994b9a8751b3f44e543c17,1380,106665,49,24,60,https://www.youtube.com/watch?v=LNWbVDAiU_Y,49,24,60,https://www.youtube.com/watch?v=LNWbVDAiU_Y,0,0,0,,0,0,0,0,
a5e5533ac342488a94003dc77869ddf9,1380,77654,61,35,2141,https://www.youtube.com/watch?v=sJ1fwi5CJwM,59,30,583,https://www.youtube.com/watch?v=LHmlNMK6upY,1986,1167,2141,https://www.youtube.com/watch?v=sJ1fwi5CJwM,0,0,0,0,
a974047cb6bb412da7fca2ec9d91d882,1370,63025,0,0,0,,0,0,0,,0,0,0,,216,0,0,0,
de1fec02e4ab43aa948a415621abc524,1370,88297,70,52,70,https://www.youtube.com/watch?v=1qI1K_wNliw,70,52,70,https://www.youtube.com/watch?v=1qI1K_wNliw,0,0,0,,0,0,0,0,
43056077596a49349ee4bea028f670f6,1370,80937,0,0,0,,0,0,0,,0,0,0,,304,0,0,0,
188bbf1349f1482cbd24d06ba720cf17,1370,18482,0,0,0,,0,0,0,,0,0,0,,906,248,224,378,https://www.twitch.tv/videos/2828509100
ea8cc7c4366d48c797a88bfbcf584301,1370,36101,0,0,0,,0,0,0,,0,0,0,,244,188,151,353,https://www.twitch.tv/videos/2819665298
18d1c00e0bde4ddbb8be5eafe0967dfe,1370,80674,44,7,44,https://www.youtube.com/watch?v=Fx1l0BlzlnI,0,0,0,,44,7,44,https://www.youtube.com/watch?v=Fx1l0BlzlnI,0,0,0,0,
aa0d8c2604694532a20aaf0f0ced8a5e,1360,0,0,0,0,,0,0,0,,0,0,0,,2494,0,0,0,
6861903583ee45d191ddc03faf6cd0d8,1360,21437,0,0,0,,0,0,0,,0,0,0,,1328,121,89,179,https://www.twitch.tv/videos/2819822699
61e81c6f534247b486b8125bd34fa960,1360,68067,0,0,0,,0,0,0,,0,0,0,,20315,602,149,2779,https://www.twitch.tv/videos/2818974751
e3157ce546a640029cfcccb9107f8154,1350,79260,3,1,48,https://www.youtube.com/watch?v=GOz9UfYUAs0,0,0,0,,3,1,48,https://www.youtube.com/watch?v=GOz9UfYUAs0,0,0,0,0,
7327248ff3f04589bca9e61665448ae8,1350,47410,0,0,0,,0,0,0,,0,0,0,,311,0,0,0,
a9396c8dd95e43b29c694b14afa07ac4,1350,112542,2462,1512,4854,https://www.youtube.com/watch?v=gpUoQIthW58,71,1,71,https://www.youtube.com/watch?v=wJcdQYwRTj4,4854,3023,4854,https://www.youtube.com/watch?v=gpUoQIthW58,3936,207,170,1018,https://www.twitch.tv/videos/2821268049
4d98ebdc4eb8448da8d2ab8f64df8383,1350,66,0,0,0,,0,0,0,,0,0,0,,154,0,0,0,
f479e1403f614727a5f2a2be339bad74,1350,22234,124,64,221,https://www.youtube.com/watch?v=6c8CP_GVLHA,124,64,221,https://www.youtube.com/watch?v=6c8CP_GVLHA,0,0,0,,3585,0,0,0,
4082168d753e42b7aca1d25e759d09a7,1340,49172,31,18,268,https://www.youtube.com/watch?v=J413PJ25Xfc,184,130,268,https://www.youtube.com/watch?v=J413PJ25Xfc,25,17,125,https://www.youtube.com/watch?v=VbZriOYH4FY,671,95,64,261,https://www.twitch.tv/videos/2827058126
ffe6a7983e434702a68fe18c169e3164,1340,54826,96,28,144,https://www.youtube.com/watch?v=N7OhhkTZDo8,96,28,144,https://www.youtube.com/watch?v=N7OhhkTZDo8,0,0,0,,409,0,0,0,
d23dbc9d1db64c42821697d1bac8fb66,1340,126051,78,35,2895,https://www.youtube.com/watch?v=Uc53X0BXGgI,76,34,105,https://www.youtube.com/watch?v=vUoD6a6rHfo,2895,1060,2895,https://www.youtube.com/watch?v=Uc53X0BXGgI,0,0,0,0,
07c204505d544b28bb52426d0665a59c,1340,69206,123,54,260,https://www.youtube.com/watch?v=EuyzByTeanY,123,54,260,https://www.youtube.com/watch?v=EuyzByTeanY,0,0,0,,0,0,0,0,
8968a24fb6bf4f08b1611e694c98eb40,1340,91284,70,25,85,https://www.youtube.com/watch?v=acZUHctQTZU,77,31,85,https://www.youtube.com/watch?v=acZUHctQTZU,37,25,37,https://www.youtube.com/watch?v=IIEboJYEs4c,0,0,0,0,
4267c862353e410388f1eaa5a5d85017,1340,37410,61,22,94,https://www.youtube.com/watch?v=KYCT08YlpAY,61,22,94,https://www.youtube.com/watch?v=KYCT08YlpAY,0,0,0,,0,0,0,0,
5903a0f7274043058d817894a9b39e75,1340,31276,0,0,0,,0,0,0,,0,0,0,,0,0,0,0,
e15cd068f6fd4a05be985c22133f5428,1330,95394,146,62,146,https://www.youtube.com/watch?v=0oxfmvIKUfw,146,62,146,https://www.youtube.com/watch?v=0oxfmvIKUfw,0,0,0,,0,0,0,0,
403697f0f5ba49ef873673236c07e2d3,1330,78982,78,42,114,https://www.youtube.com/watch?v=Vo-F6bWaclo,78,42,114,https://www.youtube.com/watch?v=Vo-F6bWaclo,0,0,0,,244,216,195,437,https://www.twitch.tv/videos/2828724301
1e06211caf4f4afa98125699a4c66b5d,1330,0,0,0,0,,0,0,0,,0,0,0,,0,0,0,0,
515f61904a1a45688ea0d7bc1e7d499e,1330,321358,585,61,585,https://www.youtube.com/watch?v=npewa73Ti_M,0,0,0,,585,61,585,https://www.youtube.com/watch?v=npewa73Ti_M,6,0,0,0,
9de536d111214c379ec6969a52d92442,1330,75214,0,0,0,,0,0,0,,0,0,0,,0,0,0,0,
bb28421da8a749ffb1ca8582b6278c24,1320,53728,81,51,1354,https://www.youtube.com/watch?v=OMgnDFJpnK0,0,0,0,,81,51,1354,https://www.youtube.com/watch?v=OMgnDFJpnK0,783,151,85,318,https://www.twitch.tv/videos/2818748837
6ff6adcddc934a3b94e45448e1912539,1320,203503,0,0,0,,0,0,0,,0,0,0,,1868,0,0,0,
27a22366e885420e8a3c78ee7ac7c075,1310,51484,330,145,779,https://www.youtube.com/watch?v=Egf31NeFGw8,330,145,779,https://www.youtube.com/watch?v=Egf31NeFGw8,0,0,0,,260,448,322,2076,https://www.twitch.tv/videos/2822841774
521efecabae94dd6b1d21bc5e8543fcb,1310,70510,105,43,111,https://www.youtube.com/watch?v=lp0bc0idppU,105,43,111,https://www.youtube.com/watch?v=lp0bc0idppU,0,0,0,,372,0,0,0,
eec1f137ea78444185a4268f72f59611,1310,49337,0,0,0,,0,0,0,,0,0,0,,0,0,0,0,
e2df9d4aea8b4cb4b8e38c31cbf73036,1310,50184,0,0,0,,0,0,0,,0,0,0,,0,0,0,0,
869d9d9067b64dd78418cc258cb6607b,1310,78306,70,44,213,https://www.youtube.com/watch?v=kZvrx6SAo1E,70,44,213,https://www.youtube.com/watch?v=kZvrx6SAo1E,0,0,0,,1070,302,219,488,https://www.twitch.tv/videos/2821342970
4071b27c63424e1f9882ebe04a884586,1310,52764,0,0,0,,0,0,0,,0,0,0,,6677,0,0,0,
355d53b23acb4f4697b858ca06b25fb7,1300,406648,50,48,50,https://www.youtube.com/watch?v=GBTprg-ZjkA,50,48,50,https://www.youtube.com/watch?v=GBTprg-ZjkA,0,0,0,,0,0,0,0,
506d9c6fdbd34c8aa5fda64d90d96ac2,1300,102745,58,28,283,https://www.youtube.com/watch?v=d4ByBSOlSh0,58,28,283,https://www.youtube.com/watch?v=d4ByBSOlSh0,0,0,0,,0,0,0,0,
cd9733cb91b6400aae0bc23e3f25d7eb,1300,36287,0,0,0,,0,0,0,,0,0,0,,0,0,0,0,
902740b39aed4b3cb381701c96a73f3a,1300,63177,59,26,623,https://www.youtube.com/watch?v=bL8wJR1ArgQ,59,26,623,https://www.youtube.com/watch?v=bL8wJR1ArgQ,0,0,0,,230,0,0,0,
9b424d3a99ef4fc3b17bc7fef92fefd3,1300,131571,82,21,2009,https://www.youtube.com/watch?v=ToSEp5DODzA,54,19,103,https://www.youtube.com/watch?v=VbSiboWFS8k,1013,315,2009,https://www.youtube.com/watch?v=ToSEp5DODzA,381,0,0,0,
9cd7391045604ccda8be89f7946233e2,1290,25080,825,226,1917,https://www.youtube.com/watch?v=8F0eiIz8wYw,0,0,0,,825,226,1917,https://www.youtube.com/watch?v=8F0eiIz8wYw,122,75,57,149,https://www.twitch.tv/videos/2818152008
d4bea738b4d548b788ddb590b62cc2bd,1290,165220,73,52,276,https://www.youtube.com/watch?v=emV1LeLpy40,73,52,276,https://www.youtube.com/watch?v=emV1LeLpy40,0,0,0,,0,0,0,0,
66d986eaa59347b0b18c5ed103cb173e,1290,61794,78,36,430,https://www.youtube.com/watch?v=vjjQdK7k4w8,78,35,430,https://www.youtube.com/watch?v=vjjQdK7k4w8,49,39,49,https://www.youtube.com/watch?v=Ku15jIqX0dg,0,0,0,0,
74f214b764314c5aa446eb9981c94935,1280,42402,0,0,0,,0,0,0,,0,0,0,,0,0,0,0,
c587658ad4fe44b09137591c094ab297,1280,129521,102,37,194,https://www.youtube.com/watch?v=TUz_6pun8Ik,102,37,194,https://www.youtube.com/watch?v=TUz_6pun8Ik,0,0,0,,33,0,0,0,
2efe1ad069184a7e94b0583b452ffac4,1280,86611,38,4,38,https://www.youtube.com/watch?v=hecpkGoAEN8,38,4,38,https://www.youtube.com/watch?v=hecpkGoAEN8,0,0,0,,0,0,0,0,
de49994d9fd14067bf9ea5b4fbac7229,1280,24855,56,29,98,https://www.youtube.com/watch?v=NWSZ7VExxwg,56,29,98,https://www.youtube.com/watch?v=NWSZ7VExxwg,0,0,0,,415,0,0,0,
849624dcb99b4abf814b0b748669b6ff,1280,6245,0,0,0,,0,0,0,,0,0,0,,0,0,0,0,
7136d4451e954a2daed572b2ba517303,1280,0,0,0,0,,0,0,0,,0,0,0,,0,0,0,0,
566e5b6f438a4cacb3e4036eb9ffe9b8,1270,74283,48,20,1734,https://www.youtube.com/watch?v=vT5eTunb9PQ,47,20,80,https://www.youtube.com/watch?v=xZdbQAsVTYg,1734,270,1734,https://www.youtube.com/watch?v=vT5eTunb9PQ,0,0,0,0,
648d77b2067849838a8ad3fdc0afb85a,1270,5951,0,0,0,,0,0,0,,0,0,0,,1472,0,0,0,
afe78c5051094e86bf9fdfe6cb2a4222,1270,59806,95,34,135,https://www.youtube.com/watch?v=hli0w0AzfDE,95,34,135,https://www.youtube.com/watch?v=hli0w0AzfDE,0,0,0,,0,0,0,0,
6ab090baa4624f1c8fca28312799e826,1270,43023,0,0,0,,0,0,0,,0,0,0,,788,81,54,101,https://www.twitch.tv/videos/2827840822
a8b244b0fb1f42f8b4bb3d3c2277de3b,1270,123066,1319,572,1319,https://www.youtube.com/watch?v=F1Z4B5vv2j0,0,0,0,,1319,572,1319,https://www.youtube.com/watch?v=F1Z4B5vv2j0,5173,1589,482,112058,https://www.twitch.tv/videos/2828514834
e5433e4a21eb49e2bcd508e3b12fba6d,1260,8408,0,0,0,,0,0,0,,0,0,0,,185,35,25,42,https://www.twitch.tv/videos/2818834584
7f7e1579979c49249dc65783d457e890,1250,33986,34,31,34,https://www.youtube.com/watch?v=IF25vqWhqSA,34,31,34,https://www.youtube.com/watch?v=IF25vqWhqSA,0,0,0,,438,0,0,0,
7a9b7ab0d5bd411195d77800ff778a90,1250,263895,344,305,1138,https://www.youtube.com/watch?v=ceePgkZI9bQ,0,0,0,,344,305,1138,https://www.youtube.com/watch?v=ceePgkZI9bQ,66,0,0,0,
12f8dc82bc0d4f89bfbd7ede76ab1faf,1240,28953,79,6,79,https://www.youtube.com/watch?v=251X6HkOuH0,79,6,79,https://www.youtube.com/watch?v=251X6HkOuH0,0,0,0,,0,0,0,0,
5d73e7f013034d06b58decaf4b2b385c,1240,27883,0,0,0,,0,0,0,,0,0,0,,0,0,0,0,
d3e4f9bdbb6c42fc97b60148cefdb6e0,1240,33980,0,0,0,,0,0,0,,0,0,0,,5726,1325,220,1752,https://www.twitch.tv/videos/2808047380
c3945429509246f79c5f0a18594f696d,1240,56751,1698,1344,5107,https://www.youtube.com/watch?v=sz8OoGbL1RI,0,0,0,,1698,1344,5107,https://www.youtube.com/watch?v=sz8OoGbL1RI,13858,6115,3037,13021,https://www.twitch.tv/videos/2825206320
e290f49c193149708cd72747639d5ced,1240,73400,76,49,173,https://www.youtube.com/watch?v=Ymh5GU3qVv8,76,49,173,https://www.youtube.com/watch?v=Ymh5GU3qVv8,0,0,0,,0,0,0,0,
0b8d1c0fa1b14df6821e85def645425e,1240,102092,70,33,128,https://www.youtube.com/watch?v=Nr-1ktbYTBA,70,33,128,https://www.youtube.com/watch?v=Nr-1ktbYTBA,0,0,0,,165,0,0,0,
026bdd139df44cec930dd7fc76345184,1240,56987,168,100,390,https://www.youtube.com/watch?v=hb7dQGysyJM,168,100,390,https://www.youtube.com/watch?v=hb7dQGysyJM,0,0,0,,0,0,0,0,
f227226fd52e4fbe801b4c89acfe4887,1230,37357,57,28,88,https://www.youtube.com/watch?v=kKHxVR7YEXI,58,27,88,https://www.youtube.com/watch?v=kKHxVR7YEXI,47,39,47,https://www.youtube.com/watch?v=St6k5xrDUoo,645,26,17,26,https://www.twitch.tv/videos/2821452598
d4b4a16e0ccc4bb49ff82c8584e6ed79,1220,42800,0,0,0,,0,0,0,,0,0,0,,0,0,0,0,
0f74555e05794780adc4eb0b9096f727,1220,15644,51,16,52,https://www.youtube.com/watch?v=cOzjnGBNJX8,51,16,52,https://www.youtube.com/watch?v=cOzjnGBNJX8,0,0,0,,115,0,0,0,
03c9d83a4c534b65a5743b381eb2ce33,1220,36704,52,18,176,https://www.youtube.com/watch?v=ynkbI1jPmic,52,18,176,https://www.youtube.com/watch?v=ynkbI1jPmic,0,0,0,,698,0,0,0,
2f966e51210f49ba9dce2ac90e3ada18,1220,21813,2129,2057,2129,https://www.youtube.com/watch?v=EL8lQdHY-98,0,0,0,,2129,2057,2129,https://www.youtube.com/watch?v=EL8lQdHY-98,904,0,0,0,
01fc7842da284adaad67d3774a4b2a6c,1210,20066,72,22,155,https://www.youtube.com/watch?v=QHtNdYzTYDU,72,22,155,https://www.youtube.com/watch?v=QHtNdYzTYDU,0,0,0,,0,0,0,0,
b80c21b76e7849f0a0fa94194fe2ad4b,1210,19948,0,0,0,,0,0,0,,0,0,0,,1122,0,0,0,
82d5f7612b7645f3a77dd954a0e30b24,1210,35240,124,85,124,https://www.youtube.com/watch?v=h_KNqtEdyis,124,85,124,https://www.youtube.com/watch?v=h_KNqtEdyis,0,0,0,,0,0,0,0,
3430389926a942cbacde9b444b3a6653,1210,51036,0,0,0,,0,0,0,,0,0,0,,1051,67,41,67,https://www.twitch.tv/videos/2820267448
3b9a06751f3c415993d424480d4d5060,1210,140809,82,37,160,https://www.youtube.com/watch?v=N1q9PbP9VMc,82,37,160,https://www.youtube.com/watch?v=N1q9PbP9VMc,0,0,0,,0,0,0,0,
c91c52df005e4a7c988704e474b54dbc,1210,126328,236,77,1387,https://www.youtube.com/watch?v=_6qejjnAfv4,107,49,236,https://www.youtube.com/watch?v=myOWQ2YyWaY,628,240,1387,https://www.youtube.com/watch?v=_6qejjnAfv4,0,0,0,0,
f2ca2659644f4d02abc851e7bee3255b,1200,16713,30,24,84,https://www.youtube.com/watch?v=m66D6llvwbo,0,0,0,,30,24,84,https://www.youtube.com/watch?v=m66D6llvwbo,2710,1387,952,2569,https://www.twitch.tv/videos/2820302761
0446516df6074a4ba8a0f3639b17de46,1200,59081,0,0,0,,0,0,0,,0,0,0,,0,0,0,0,
6e845fd52d044ab598cc4ca35ba91f88,1200,7856,0,0,0,,0,0,0,,0,0,0,,0,0,0,0,
af34d62a8f4e4ca180c11f11c2832893,1200,40204,0,0,0,,0,0,0,,0,0,0,,0,0,0,0,
1f378a6e115046ffa1a17f9079285d4a,1200,38708,80,23,127,https://www.youtube.com/watch?v=wlsTV9496ok,80,23,127,https://www.youtube.com/watch?v=wlsTV9496ok,0,0,0,,96,0,0,0,
b0b9e352f71d4a03ace9972ddec4ec56,1200,48555,133,86,611,https://www.youtube.com/watch?v=GAHXoOzJKcs,100,65,303,https://www.youtube.com/watch?v=quQl8i4WznU,564,319,611,https://www.youtube.com/watch?v=GAHXoOzJKcs,0,0,0,0,
8ae0f370cf124faa953a09089a427fd9,1200,55594,140,60,693,https://www.youtube.com/watch?v=-TZQoDt2yNo,140,63,693,https://www.youtube.com/watch?v=-TZQoDt2yNo,44,27,143,https://www.youtube.com/watch?v=0oDR82VrlLA,314,13,9,57,https://www.twitch.tv/videos/2828593456
921b0b3a8dd64a5494720801af95ba06,1200,84647,49,19,1407,https://www.youtube.com/watch?v=iBnjgYl2O70,47,16,93,https://www.youtube.com/watch?v=VPIKiFn7KFc,1407,90,1407,https://www.youtube.com/watch?v=iBnjgYl2O70,0,0,0,0,
d7e9a44c2bbe439b9f062d64dc1b96f3,1190,71781,96,41,146,https://www.youtube.com/watch?v=6NYIH-jCL4A,96,41,146,https://www.youtube.com/watch?v=6NYIH-jCL4A,0,0,0,,120,0,0,0,
ccf93d7646f249dfa3454f5a60f466c8,1190,42726,0,0,0,,0,0,0,,0,0,0,,117,0,0,0,
6abc6d7010ed4b7a88b2566b171c9005,1190,39161,94,59,131,https://www.youtube.com/watch?v=DnMF0wXl9-0,94,59,131,https://www.youtube.com/watch?v=DnMF0wXl9-0,0,0,0,,0,0,0,0,
ffaf6da580a44e11bba9715e3c854958,1180,67106,67,39,185,https://www.youtube.com/watch?v=qgD_sIzm7Qw,67,39,185,https://www.youtube.com/watch?v=qgD_sIzm7Qw,0,0,0,,195,0,0,0,
870430bfaf9942f487819fcb4630fabb,1180,1392,0,0,0,,0,0,0,,0,0,0,,1239,53,36,53,https://www.twitch.tv/videos/2822000222
9cdf183fa1ee43c2906cca70884a6278,1180,24674,0,0,0,,0,0,0,,0,0,0,,0,0,0,0,
fb7ced3cc6c247928ce1bb3b2715d98c,1180,382418,849,59,1945,https://www.youtube.com/watch?v=iGrMPwetNyE,0,0,0,,849,59,1945,https://www.youtube.com/watch?v=iGrMPwetNyE,0,0,0,0,
ac5176c53ad7447b8d63f82f65ba7200,1170,56847,0,0,0,,0,0,0,,0,0,0,,2549,0,0,0,
834afd07257a43ac9f61085f79449be1,1170,58517,253,57,1254,https://www.youtube.com/watch?v=AxBcDuNmjGo,241,87,1254,https://www.youtube.com/watch?v=AxBcDuNmjGo,955,8,955,https://www.youtube.com/watch?v=zSxNd4H_RY8,0,0,0,0,
15bc73fc2acf4a7695bab31fdea450f0,1170,41398,83,47,297,https://www.youtube.com/watch?v=DW42nowHUTQ,86,52,297,https://www.youtube.com/watch?v=DW42nowHUTQ,38,14,38,https://www.youtube.com/watch?v=5HB7W37kMx4,0,0,0,0,
fe555b322c784b5b9c2297c585bc9352,1170,37605,65,17,79,https://www.youtube.com/watch?v=EFB5bOth1ic,65,17,79,https://www.youtube.com/watch?v=EFB5bOth1ic,0,0,0,,0,0,0,0,
74c75f221fbb4cffa67de26881bae17d,1170,81724,0,0,0,,0,0,0,,0,0,0,,0,0,0,0,
99e9616a2f73426d8c0a672dd20d9ad3,1160,221310,233,115,259,https://www.youtube.com/watch?v=Upq98ZyIsLE,233,115,259,https://www.youtube.com/watch?v=Upq98ZyIsLE,0,0,0,,62,0,0,0,
20bfe5495db6453eaadbc55322c856f9,1160,38987,0,0,0,,0,0,0,,0,0,0,,0,0,0,0,
492582e14bd0480eb5c847e6240f020b,1160,77865,45,27,187,https://www.youtube.com/watch?v=rJ6TJFM7oXo,45,27,187,https://www.youtube.com/watch?v=rJ6TJFM7oXo,0,0,0,,0,0,0,0,
507d48eff3d44b6cba7b707e321e01e7,1160,63869,129,50,203,https://www.youtube.com/watch?v=AdS-lVLazLI,129,50,203,https://www.youtube.com/watch?v=AdS-lVLazLI,0,0,0,,625,0,0,0,
2656bc44436c45cca3e94e43a9a49c2d,1150,186673,230,86,853,https://www.youtube.com/watch?v=93cnerjdVH4,230,86,853,https://www.youtube.com/watch?v=93cnerjdVH4,0,0,0,,0,0,0,0,
19f507cc460a426cb02013fb203bd0a7,1150,56489,293,138,444,https://www.youtube.com/watch?v=QP1MpcVlq_0,293,138,444,https://www.youtube.com/watch?v=QP1MpcVlq_0,0,0,0,,465,72,49,165,https://www.twitch.tv/videos/2827477954
956591dc2e40411688b8f8e3079bc5e3,1150,129599,458,258,3765,https://www.youtube.com/watch?v=FhZi6pwJBwY,225,42,225,https://www.youtube.com/watch?v=NK9gP8ylsNo,626,313,3765,https://www.youtube.com/watch?v=FhZi6pwJBwY,0,0,0,0,
7e1072448d24495f8cac5163c0290989,1150,40503,54,24,67,https://www.youtube.com/watch?v=wk-FEyWINXY,54,24,67,https://www.youtube.com/watch?v=wk-FEyWINXY,0,0,0,,202,0,0,0,
a1ef171711404951a987f4c9bc5e64f0,1150,83668,59,35,127,https://www.youtube.com/watch?v=dCm7GKmOqYA,55,35,127,https://www.youtube.com/watch?v=dCm7GKmOqYA,99,89,99,https://www.youtube.com/watch?v=VDWZlCk76uQ,0,0,0,0,
01871d8239314affaf7032899ce6502f,1150,297124,0,0,0,,0,0,0,,0,0,0,,0,0,0,0,
90405cb21f7743639684632f6bc57a46,1150,6653,0,0,0,,0,0,0,,0,0,0,,0,0,0,0,
f97745a8003c480fa728cf34d61afc6c,1140,74382,227,71,2081,https://www.youtube.com/watch?v=E79EEtOZWG0,0,0,0,,227,71,2081,https://www.youtube.com/watch?v=E79EEtOZWG0,0,0,0,0,
43acb25e255340d09b50283f0308d1ff,1140,591943,15,10,20,https://www.youtube.com/watch?v=M2-c-qww7zM,15,10,20,https://www.youtube.com/watch?v=M2-c-qww7zM,0,0,0,,0,0,0,0,
9bf758b113b048bc9331f244b619e4b2,1140,97631,94,33,380,https://www.youtube.com/watch?v=ob7P6Ntv4D8,53,33,82,https://www.youtube.com/watch?v=tBdkwvWrpkk,167,23,380,https://www.youtube.com/watch?v=ob7P6Ntv4D8,270,17,11,17,https://www.twitch.tv/videos/2822130416
b4b4fcedc8264cb5b90584935aebf110,1140,45448,113,6,147,https://www.youtube.com/watch?v=GD5h27lh6Og,113,6,147,https://www.youtube.com/watch?v=GD5h27lh6Og,0,0,0,,262,0,0,0,
0b0668c6206c4500bdcbc281ee58680c,1140,42223,32,12,1796,https://www.youtube.com/watch?v=9vGxtxN1YtI,24,9,101,https://www.youtube.com/watch?v=ZThT7t3lFd8,1796,63,1796,https://www.youtube.com/watch?v=9vGxtxN1YtI,2956,0,0,0,
4e7110080135486ba1d83d3e5cdbf0ca,1140,14990,0,0,0,,0,0,0,,0,0,0,,438,42,23,42,https://www.twitch.tv/videos/2818982640
d4c077fa180a460cabadc4e2838d1855,1140,38880,0,0,0,,0,0,0,,0,0,0,,0,0,0,0,
ca8d038d311e4cccb2deded15cee89cd,1130,61584,91,43,186,https://www.youtube.com/watch?v=gI9rj22r7X8,96,45,186,https://www.youtube.com/watch?v=gI9rj22r7X8,6,2,6,https://www.youtube.com/watch?v=FvZLYpRPS5U,111,0,0,0,
a5c12a1268af408c9a3ed6adbb72c53c,1130,70112,0,0,0,,0,0,0,,0,0,0,,0,0,0,0,
c964cb46cc9d411aaca372f9e459d2dc,1130,53692,0,0,0,,0,0,0,,0,0,0,,234,0,0,0,
fff74fa431cd4468b177675010504ee1,1130,18943,0,0,0,,0,0,0,,0,0,0,,388,97,71,110,https://www.twitch.tv/videos/2828628063
3d33f15ad27c406abfd68d6c16e0b53d,1130,68405,0,0,0,,0,0,0,,0,0,0,,0,0,0,0,
853afd5eb42e4f61bb0f9478aa8c1661,1130,0,0,0,0,,0,0,0,,0,0,0,,0,0,0,0,
5226367de740445789ec9b65a84d65c5,1130,182811,93,65,190,https://www.youtube.com/watch?v=tmUkwHVZVgQ,93,65,190,https://www.youtube.com/watch?v=tmUkwHVZVgQ,0,0,0,,279,0,0,0,
aab094af87d74f3cbcb332bdac03fa23,1130,23864,50,25,70,https://www.youtube.com/watch?v=dmV2zfhtncI,50,25,70,https://www.youtube.com/watch?v=dmV2zfhtncI,0,0,0,,0,0,0,0,
ffe0cef3d8c34c52bb605a23a3e61e95,1130,30862,218,63,218,https://www.youtube.com/watch?v=wD7V1onkEtM,218,63,218,https://www.youtube.com/watch?v=wD7V1onkEtM,0,0,0,,0,0,0,0,
c6af4f23c6ce4adab5301d79b0bd343a,1120,169050,170,80,317,https://www.youtube.com/watch?v=wRoHjdZg22U,170,80,317,https://www.youtube.com/watch?v=wRoHjdZg22U,0,0,0,,3665,674,342,1130,https://www.twitch.tv/videos/2821995018
26eba1f0fabf425aa5769e01e855ea28,1120,106207,130,24,138,https://www.youtube.com/watch?v=AbFwv2zCNFU,130,24,138,https://www.youtube.com/watch?v=AbFwv2zCNFU,0,0,0,,0,0,0,0,
99f95450781349058c1c4098d6fe9f41,1120,73775,70,55,185,https://www.youtube.com/watch?v=IBZaNNXGs1Q,70,55,185,https://www.youtube.com/watch?v=IBZaNNXGs1Q,0,0,0,,0,0,0,0,
c2b9638d8dd54888a91caa8a67366907,1120,20649,0,0,0,,0,0,0,,0,0,0,,2619,118,90,201,https://www.twitch.tv/videos/2826130101
d475848a566848dc9f6ad02707d87e2a,1120,148087,61,25,170,https://www.youtube.com/watch?v=QWHzj3BIAQU,65,31,170,https://www.youtube.com/watch?v=QWHzj3BIAQU,50,15,61,https://www.youtube.com/watch?v=acAjua4MuA0,0,0,0,0,
381bb87f90794f2a909775a87c192dc5,1120,109210,0,0,0,,0,0,0,,0,0,0,,10527,400,178,588,https://www.twitch.tv/videos/2812012383
32a5b834b2bf4912bcd54ac00ae13285,1120,3825,0,0,0,,0,0,0,,0,0,0,,2859,291,99,527,https://www.twitch.tv/videos/2808718282
4bdf9ee9f53f4785b37a9d9dbd2a0da8,1120,65600,4,1,11,https://www.youtube.com/watch?v=k6E7751D0-s,0,0,0,,4,1,11,https://www.youtube.com/watch?v=k6E7751D0-s,0,0,0,0,
49f14b84269f458099232c2a21b2ba74,1120,32358,35,22,68,https://www.youtube.com/watch?v=9inFf5fCMwc,35,22,68,https://www.youtube.com/watch?v=9inFf5fCMwc,0,0,0,,0,0,0,0,
95694a64c0fe4b5c987344f1edcec826,1110,51307,59,31,229,https://www.youtube.com/watch?v=ZPiC8-avw5U,59,31,229,https://www.youtube.com/watch?v=ZPiC8-avw5U,0,0,0,,1657,151,79,169,https://www.twitch.tv/videos/2823703281
46a8009adbca4aa083af580b50b69306,1110,24625,9,4,9,https://www.youtube.com/watch?v=xLDvyJFQLPM,9,4,9,https://www.youtube.com/watch?v=xLDvyJFQLPM,0,0,0,,502,26,13,26,https://www.twitch.tv/videos/2818088835
2a0de6059bd74c298a80f45a8052790e,1100,228264,1645,302,1769,https://www.youtube.com/watch?v=HX1RVIkv7Xw,0,0,0,,1645,302,1769,https://www.youtube.com/watch?v=HX1RVIkv7Xw,1317,260,164,355,https://www.twitch.tv/videos/2820537757
5d02c4219e484617979165267cbd8d7f,1100,7497,0,0,0,,0,0,0,,0,0,0,,7,0,0,0,
1e59cd43a10a44edb1407fb8ba8529a8,1100,62687,107,46,204,https://www.youtube.com/watch?v=L33ZXlNaP_U,107,46,204,https://www.youtube.com/watch?v=L33ZXlNaP_U,0,0,0,,0,0,0,0,
ec9a791b8152478b95858b199b866ef9,1100,44750,0,0,0,,0,0,0,,0,0,0,,377,0,0,0,
7aca9b05fe654223a3702531383002a8,1100,7388,0,0,0,,0,0,0,,0,0,0,,2878,188,123,188,https://www.twitch.tv/videos/2821178177
e212d468e3e64ad5b8f22f61bc4e06f7,1100,34224,0,0,0,,0,0,0,,0,0,0,,0,0,0,0,
0d080db8809848e2ba918799b2f7885b,1100,74534,65,31,9195,https://www.youtube.com/watch?v=FJZJWfks1I4,51,28,157,https://www.youtube.com/watch?v=J5s45KSpWoo,3184,2067,9195,https://www.youtube.com/watch?v=FJZJWfks1I4,0,0,0,0,
e63fe9e27be44403b222fb0319c027b6,1100,36768,153,51,153,https://www.youtube.com/watch?v=on_vesfJx3A,0,0,0,,153,51,153,https://www.youtube.com/watch?v=on_vesfJx3A,5416,1171,505,2879,https://www.twitch.tv/videos/2807959413
3410ce8f1b78487f8025485a6c09b1b8,1100,34099,0,0,0,,0,0,0,,0,0,0,,0,0,0,0,
8d67810b612540a0ad928179c1f9a4ee,1100,18678,0,0,0,,0,0,0,,0,0,0,,692,214,123,224,https://www.twitch.tv/videos/2822860125
f4ff6f40be3a4294ac1fe3e475421377,1100,84512,103,21,205,https://www.youtube.com/watch?v=qcIsNQbK-sQ,103,21,205,https://www.youtube.com/watch?v=qcIsNQbK-sQ,0,0,0,,47,0,0,0,
971c91b32e9b4e1abfdafe711cb9e440,1100,50030,24,11,73,https://www.youtube.com/watch?v=TkG3RBDe8fs,50,33,73,https://www.youtube.com/watch?v=TkG3RBDe8fs,15,6,24,https://www.youtube.com/watch?v=7vvSkUHTLh4,0,0,0,0,
4b9b64309ea0491bbde3b86b6c34bdd0,1090,71237,91,32,216,https://www.youtube.com/watch?v=ZMfsY5BbY9M,91,32,216,https://www.youtube.com/watch?v=ZMfsY5BbY9M,0,0,0,,0,0,0,0,
5de329cf8bc5410fb40ef38d117be94d,1090,64219,66,30,3269,https://www.youtube.com/watch?v=eMV_DhOrsWg,65,27,192,https://www.youtube.com/watch?v=d-zDytjJpSE,1220,546,3269,https://www.youtube.com/watch?v=eMV_DhOrsWg,582,124,101,190,https://www.twitch.tv/videos/2824521076
34e2da1086ea4670b7b3d1fec34d8403,1090,53258,91,43,108,https://www.youtube.com/watch?v=2s-wB1iNOYI,91,43,108,https://www.youtube.com/watch?v=2s-wB1iNOYI,0,0,0,,0,0,0,0,
70af0f70b6284690a524eb87aaa1d296,1090,71739,0,0,0,,0,0,0,,0,0,0,,4851,720,327,1430,https://www.twitch.tv/videos/2806531865
46388caf23e34f09b145fff0fa25b897,1090,33285,0,0,0,,0,0,0,,0,0,0,,883,54,45,54,https://www.twitch.tv/videos/2825340210
8489d002b1704612bd0dd23f9a14ed51,1090,56523,40,16,65,https://www.youtube.com/watch?v=pZLrERQNQBs,40,16,65,https://www.youtube.com/watch?v=pZLrERQNQBs,0,0,0,,172,0,0,0,
5f413dce55614542940c58900ef1c82c,1080,25776,0,0,0,,0,0,0,,0,0,0,,824,67,38,170,https://www.twitch.tv/videos/2821534366
1058d6e9f351455389e8a7a716ea26ff,1080,60727,68,25,278,https://www.youtube.com/watch?v=IHihBcPBRI8,69,25,278,https://www.youtube.com/watch?v=IHihBcPBRI8,50,35,86,https://www.youtube.com/watch?v=As2GR72KIfk,4019,635,442,903,https://www.twitch.tv/videos/2818853719
238b751368474f798a737e7cf1f4a87b,1080,45976,0,0,0,,0,0,0,,0,0,0,,2077,0,0,0,
4b214cdeac0649989f03f39e497816cf,1080,4503782,82,33,2408,https://www.youtube.com/watch?v=ykN5dg5-zb0,67,22,167,https://www.youtube.com/watch?v=GO3taAHziBU,1754,1455,2408,https://www.youtube.com/watch?v=ykN5dg5-zb0,736,178,100,185,https://www.twitch.tv/videos/2819660975
278f93ad57b14f01a71f1e89598ee503,1080,10437,0,0,0,,0,0,0,,0,0,0,,0,0,0,0,
e0535f2d38f04d26aca33772bccb33b8,1080,70445,0,0,0,,0,0,0,,0,0,0,,2529,447,216,651,https://www.twitch.tv/videos/2813419399
3a963b6901c7467da3d9c8bd74df9da6,1080,52249,76,60,76,https://www.youtube.com/watch?v=q0YtqMuwLe8,76,60,76,https://www.youtube.com/watch?v=q0YtqMuwLe8,0,0,0,,0,0,0,0,
0d7502e74c394a7f82a07c31fee877ff,1080,34671,0,0,0,,0,0,0,,0,0,0,,0,0,0,0,
1eef7c0894a547a2bff186f6a735145a,1080,25430,80,51,141,https://www.youtube.com/watch?v=MhwDclifcus,82,67,141,https://www.youtube.com/watch?v=MhwDclifcus,79,15,79,https://www.youtube.com/watch?v=lx5E3zwsW9c,0,0,0,0,
b9eb00549c554290a7dbc5cd05910239,1070,101555,0,0,0,,0,0,0,,0,0,0,,0,0,0,0,
b5d3dfb81219492cb11a34291aab8cc8,1070,31996,0,0,0,,0,0,0,,0,0,0,,0,0,0,0,
683db9d9b58f4dd883966c82581a7b60,1070,40982,71,22,118,https://www.youtube.com/watch?v=hgQpguCCMfM,71,22,118,https://www.youtube.com/watch?v=hgQpguCCMfM,0,0,0,,0,0,0,0,
62080edda26345efbf8bc2bab0ab4136,1070,31221,0,0,0,,0,0,0,,0,0,0,,0,0,0,0,
85aa19ec73ce4db08ba1bf3d0f1807ce,1070,52319,55,10,55,https://www.youtube.com/watch?v=L_0b797oHSQ,55,10,55,https://www.youtube.com/watch?v=L_0b797oHSQ,0,0,0,,0,0,0,0,
0a9ce04e6eee4c6d8dde6eb5a0f56c20,1070,18745,0,0,0,,0,0,0,,0,0,0,,0,0,0,0,
5396c3113555413f8b8d722d44b413d3,1070,5137,129,39,146,https://www.youtube.com/watch?v=AkL9bF-jyQo,129,39,146,https://www.youtube.com/watch?v=AkL9bF-jyQo,0,0,0,,0,0,0,0,
4d4410bdde7d4107809dc6e1e2ce0e0e,1060,53373,61,30,192,https://www.youtube.com/watch?v=CMG-B_EXqfw,51,29,81,https://www.youtube.com/watch?v=9a4PkiHJAgM,180,62,192,https://www.youtube.com/watch?v=CMG-B_EXqfw,0,0,0,0,
45baafce0f294208a063a496814b7986,1060,47778,71,52,71,https://www.youtube.com/watch?v=poQStoTtvLo,71,52,71,https://www.youtube.com/watch?v=poQStoTtvLo,0,0,0,,0,0,0,0,
fe70a0055df1453a82bea6582d3072fa,1060,46844,47,23,63,https://www.youtube.com/watch?v=LiYKLoUAxmY,47,23,63,https://www.youtube.com/watch?v=LiYKLoUAxmY,0,0,0,,0,0,0,0,
b4de9155a5f34284a41224c38e70c67e,1060,55187,149,50,150,https://www.youtube.com/watch?v=PBgy-FkmSKo,149,50,149,https://www.youtube.com/watch?v=E1ZCfM65KrA,80,64,150,https://www.youtube.com/watch?v=PBgy-FkmSKo,43,0,0,0,
8d8b1382b7154504819e1db08ecbe8ee,1060,21479,0,0,0,,0,0,0,,0,0,0,,0,0,0,0,
b399afc661d04f47acc9d0681be343b4,1060,143961,110,62,1983,https://www.youtube.com/watch?v=zLAiWUyvdjs,104,50,406,https://www.youtube.com/watch?v=SFTVmzPQWl4,1130,231,1983,https://www.youtube.com/watch?v=zLAiWUyvdjs,533,165,116,611,https://www.twitch.tv/videos/2818061223
f4c357c0b7ae4891859ecd205d903dff,1050,49656,86,43,1041,https://www.youtube.com/watch?v=JbJ6puSA2HM,106,55,106,https://www.youtube.com/watch?v=P2Fsbc_KMrM,85,40,1041,https://www.youtube.com/watch?v=JbJ6puSA2HM,86,0,0,0,
f560e7811b454fe489044165c53dba83,1050,60787,32,16,48,https://www.youtube.com/watch?v=ymFtTMso228,32,16,48,https://www.youtube.com/watch?v=ymFtTMso228,0,0,0,,0,0,0,0,
d6d4ed41815a4603a028d321d9d14a56,1050,11464,0,0,0,,0,0,0,,0,0,0,,10,0,0,0,
7754a4ea82814b7fbbecfcf459382001,1050,22295,0,0,0,,0,0,0,,0,0,0,,2456,176,117,1042,https://www.twitch.tv/videos/2822952013
00a208caab334f6daf286ebb92cfd9da,1040,18320,40,6,40,https://www.youtube.com/watch?v=ZTHWSIa6hgE,40,6,40,https://www.youtube.com/watch?v=ZTHWSIa6hgE,0,0,0,,413,0,0,0,
d792696470b54bd4947a59b10759a636,1040,51212,55,34,97,https://www.youtube.com/watch?v=cbcRnlMPnio,64,35,97,https://www.youtube.com/watch?v=cbcRnlMPnio,31,18,31,https://www.youtube.com/watch?v=Uz-Uq-YqqMw,0,0,0,0,
ce4d344e37cd403cbb5325010144d393,1040,89776,148,86,2314,https://www.youtube.com/watch?v=t2CHoT5U4KQ,82,45,148,https://www.youtube.com/watch?v=NNsVXIqjjSY,1308,822,2314,https://www.youtube.com/watch?v=t2CHoT5U4KQ,1455,284,231,590,https://www.twitch.tv/videos/2820577173
4ba065758aa94ce18cfe227cc37b1afe,1040,34509,0,0,0,,0,0,0,,0,0,0,,3458,484,184,708,https://www.twitch.tv/videos/2824360872
483a76d7ad1d464aa290606959ddddec,1040,58630,53,22,97,https://www.youtube.com/watch?v=fDZC5MgF6lo,70,27,97,https://www.youtube.com/watch?v=fDZC5MgF6lo,27,1,29,https://www.youtube.com/watch?v=g-y2C0kdAjU,848,272,242,301,https://www.twitch.tv/videos/2827820036
62b7ee328a7b42b0a1da0ab3bc22d1db,1030,173954,42,21,2974,https://www.youtube.com/watch?v=MmnmfsSZdBs,41,21,91,https://www.youtube.com/watch?v=vqya9rvH56w,1119,76,2974,https://www.youtube.com/watch?v=MmnmfsSZdBs,1252,112,80,314,https://www.twitch.tv/videos/2822930352
b5b0001ea8594cd68567ef344ca0bb2e,1030,171928,103,43,148,https://www.youtube.com/watch?v=PricwKZdO1Q,103,43,148,https://www.youtube.com/watch?v=PricwKZdO1Q,0,0,0,,0,0,0,0,
78f09e2a2d31477aa4a475ff159fb7c2,1030,90152,856,235,14272,https://www.youtube.com/watch?v=QzsQixc1G8I,310,202,1814,https://www.youtube.com/watch?v=rExpnBQk3-g,1347,329,14272,https://www.youtube.com/watch?v=QzsQixc1G8I,160,133,118,187,https://www.twitch.tv/videos/2826011210
5a1eb09579134895adfa9516611bd925,1030,32815,0,0,0,,0,0,0,,0,0,0,,713,0,0,0,
3588ee10f67c4911b544e48223c57c7d,1030,22494,0,0,0,,0,0,0,,0,0,0,,0,0,0,0,
302b50b5cf4844d58868013404b1ec3f,1020,26946,75,35,215,https://www.youtube.com/watch?v=UxzshixBxLo,75,35,215,https://www.youtube.com/watch?v=UxzshixBxLo,0,0,0,,0,0,0,0,
684aeef535fb4dd2a483746cdaab5065,1020,71494,0,0,0,,0,0,0,,0,0,0,,175,0,0,0,
fb23227395a04a26abe441d1ac7978de,1020,104604,130,68,289,https://www.youtube.com/watch?v=AdciZsMf50Y,130,68,289,https://www.youtube.com/watch?v=AdciZsMf50Y,0,0,0,,383,141,87,354,https://www.twitch.tv/videos/2819717683
647a4992105c4f18b92239156e0064fb,1020,26161,0,0,0,,0,0,0,,0,0,0,,144,0,0,0,
7ca8ec94cb4640ccb27719cbfc8a8df0,1020,56505,111,55,111,https://www.youtube.com/watch?v=8fxhJxc2n9A,111,55,111,https://www.youtube.com/watch?v=8fxhJxc2n9A,0,0,0,,0,0,0,0,
63d931b5a0374b3fbeef2c565a8db8df,1020,175349,4122,1165,52666,https://www.youtube.com/watch?v=E7wvsYS1l6c,0,0,0,,4122,1165,52666,https://www.youtube.com/watch?v=E7wvsYS1l6c,6459,1039,363,1686,https://www.twitch.tv/videos/2807603605
800b7770ac1d4e4eb62318639ff71b7a,1020,72906,668,135,1916,https://www.youtube.com/watch?v=syxk5OV-4Ck,0,0,0,,668,135,1916,https://www.youtube.com/watch?v=syxk5OV-4Ck,0,0,0,0,
0a000a22ebd84abf860bcd5ef0a5ed60,1010,48136,8,3,1333,https://www.youtube.com/watch?v=rT-Fnd-RVBo,0,0,0,,8,3,1333,https://www.youtube.com/watch?v=rT-Fnd-RVBo,2337,479,330,739,https://www.twitch.tv/videos/2827014805
837cc45c90974caa9f07699c3899fa7b,1010,48613,40,21,220,https://www.youtube.com/watch?v=e5Jd5MF_fg4,40,21,220,https://www.youtube.com/watch?v=e5Jd5MF_fg4,0,0,0,,562,57,49,116,https://www.twitch.tv/videos/2818987474
586377912f314b4d8c3be33760526ae0,1010,3700,0,0,0,,0,0,0,,0,0,0,,0,0,0,0,
a0f657e0538e4269af88094fa1c3dacb,1010,26636,0,0,0,,0,0,0,,0,0,0,,0,0,0,0,
15e82a696cfc4d42929e29b0d90955d1,1010,58407,198,111,525,https://www.youtube.com/watch?v=0RfImduEcjY,198,111,525,https://www.youtube.com/watch?v=0RfImduEcjY,0,0,0,,0,0,0,0,
b1ba066a7bc44c93a4ca264f2144f5bd,1010,39403,32,12,97,https://www.youtube.com/watch?v=kyeoU5CSD5U,33,12,97,https://www.youtube.com/watch?v=kyeoU5CSD5U,19,12,19,https://www.youtube.com/watch?v=V0phJcm36_M,1118,46,38,157,https://www.twitch.tv/videos/2822696611
45d38ce14fb644c0890823d444a33276,1010,2045,0,0,0,,0,0,0,,0,0,0,,0,0,0,0,
d23e5f9f3abf4b36b79c04f5265a8efc,1010,58199,42,9,164,https://www.youtube.com/watch?v=9Kfh_CFFJNc,38,18,164,https://www.youtube.com/watch?v=9Kfh_CFFJNc,66,4,66,https://www.youtube.com/watch?v=AALa8c-pNJo,156,0,0,0,
c7344bac508b46f2a20c4bb6861f33ab,1010,14287,161,103,161,https://www.youtube.com/watch?v=GxGtAzvQDv8,161,103,161,https://www.youtube.com/watch?v=GxGtAzvQDv8,0,0,0,,0,0,0,0,
0e9aeecbe8f04a62ab781cf2e520eba0,1010,39122,0,0,0,,0,0,0,,0,0,0,,7412,1025,436,1954,https://www.twitch.tv/videos/2821291423
e2049fd03bea4bf6bfee472e4674021c,1000,156821,51,35,158,https://www.youtube.com/watch?v=4s_5vJnod6w,51,35,158,https://www.youtube.com/watch?v=4s_5vJnod6w,0,0,0,,76,9,8,11,https://www.twitch.tv/videos/2827818625
7df81b926eec4a998d5ffcd67b59ff5e,1000,32450,52,5,73,https://www.youtube.com/watch?v=xX-dvKe1h64,52,5,73,https://www.youtube.com/watch?v=xX-dvKe1h64,0,0,0,,0,0,0,0,
8460a099a32044a5aa602f780dec94f2,1000,314794,60,28,1816,https://www.youtube.com/watch?v=Xmjt5BxkXW0,35,22,74,https://www.youtube.com/watch?v=02JKdGZx7J0,221,77,1816,https://www.youtube.com/watch?v=Xmjt5BxkXW0,20,0,0,0,
e46d27918a77488ca5b4144eb1b978df,1000,61060,0,0,0,,0,0,0,,0,0,0,,0,0,0,0,
ee1be8631b3e4abdbcc12dbe96d5268f,998,39867,0,0,0,,0,0,0,,0,0,0,,0,0,0,0,
302e5b74253e412faf131a3039933786,998,55454,0,0,0,,0,0,0,,0,0,0,,0,0,0,0,
4aee4e4c619a4e2aa8bbc2edce38ccfa,997,131106,150,68,1469,https://www.youtube.com/watch?v=sbSjwUvcRJI,107,54,202,https://www.youtube.com/watch?v=dFdi0fnvpaw,1457,442,1469,https://www.youtube.com/watch?v=sbSjwUvcRJI,0,0,0,0,
78d441a2d6584d078a6ce202238d36b9,997,26443,0,0,0,,0,0,0,,0,0,0,,0,0,0,0,
c060912477dd414ea79d74adddfb4661,994,65359,79,23,299,https://www.youtube.com/watch?v=-mhLEyrg7LA,62,28,132,https://www.youtube.com/watch?v=hGmsqwFTz6I,95,19,299,https://www.youtube.com/watch?v=-mhLEyrg7LA,0,0,0,0,
7a0eb6cbe5a94663888ef35a63ab3b5a,993,26838,29,5,29,https://www.youtube.com/watch?v=Exf3xGWiBaQ,0,0,0,,29,5,29,https://www.youtube.com/watch?v=Exf3xGWiBaQ,1441,307,162,321,https://www.twitch.tv/videos/2823674040
9b2edcfdc76748f59576b77524402804,990,60567,0,0,0,,0,0,0,,0,0,0,,0,0,0,0,
872b7ddfc20f433f9575e2a762e83c06,989,52199,144,56,922,https://www.youtube.com/watch?v=ENXqYcltfLQ,144,56,922,https://www.youtube.com/watch?v=ENXqYcltfLQ,0,0,0,,0,0,0,0,
838f883ea01f431f97bfe9dbf3064422,988,37172,0,0,0,,0,0,0,,0,0,0,,106,0,0,0,
4ba98a2155ad4b4392d8c5d7a51f4964,985,225824,416,183,681,https://www.youtube.com/watch?v=AGQcuGVc5Zo,416,183,681,https://www.youtube.com/watch?v=AGQcuGVc5Zo,0,0,0,,0,0,0,0,
5d29544fdded43d1937166548487394a,985,5789,32,16,1487,https://www.youtube.com/watch?v=iZ_iPaSLhMQ,0,0,0,,32,16,1487,https://www.youtube.com/watch?v=iZ_iPaSLhMQ,1799,0,0,0,
843d99233b474827a2f0bc417ffd3852,984,43292,15,8,194,https://www.youtube.com/watch?v=QuM7blI1_2A,16,8,48,https://www.youtube.com/watch?v=IRK-F6sVSeI,11,6,194,https://www.youtube.com/watch?v=QuM7blI1_2A,8864,2084,1290,137167,https://www.twitch.tv/videos/2813417359
32ce3b3861fe4b5a98d5adc9a704bbf1,980,53840,121,88,142,https://www.youtube.com/watch?v=74mwcWFCZ-E,121,88,142,https://www.youtube.com/watch?v=74mwcWFCZ-E,0,0,0,,117,0,0,0,
6c3a22611ac24eb19cec3bd7c78a8705,979,252761,81,40,171,https://www.youtube.com/watch?v=Z793GKYoQo4,81,40,171,https://www.youtube.com/watch?v=Z793GKYoQo4,0,0,0,,0,0,0,0,
ea31f43c943742be847e205495fc64ad,979,79894,2384,1424,2384,https://www.youtube.com/watch?v=lc7uwZd5N60,0,0,0,,2384,1424,2384,https://www.youtube.com/watch?v=lc7uwZd5N60,4435,1922,794,4571,https://www.twitch.tv/videos/2807263550
76f2fa6f1aa44f0a816a01a1b277430a,978,37283,59,20,1217,https://www.youtube.com/watch?v=vg3kPGEMKUk,58,19,182,https://www.youtube.com/watch?v=tS0GLmh41p0,739,214,1217,https://www.youtube.com/watch?v=vg3kPGEMKUk,54,0,0,0,
bf195265fa5944d894dc53baf7143645,978,39038,0,0,0,,0,0,0,,0,0,0,,0,0,0,0,
ab2e7fbd11784f96aa9cf599786f8bf1,977,76697,102,34,102,https://www.youtube.com/watch?v=jdvSKcDCZiY,102,34,102,https://www.youtube.com/watch?v=jdvSKcDCZiY,0,0,0,,0,0,0,0,
7003e3e3a24244ffb5ebfbbdc20c97f8,977,27088,55,16,59,https://www.youtube.com/watch?v=g2H8Ag70IwY,55,16,59,https://www.youtube.com/watch?v=g2H8Ag70IwY,0,0,0,,0,0,0,0,
bb56715066e548c297232372a16ab083,976,118151,772,269,1680,https://www.youtube.com/watch?v=kuJ6r7LtAuU,0,0,0,,772,269,1680,https://www.youtube.com/watch?v=kuJ6r7LtAuU,2017,0,0,0,
f5ef8ac02db547dd92da5e87717a8dca,973,36097,147,55,2336,https://www.youtube.com/watch?v=Wh6Uv25gKoc,146,49,262,https://www.youtube.com/watch?v=3Klwu8pZwsc,1027,840,2336,https://www.youtube.com/watch?v=Wh6Uv25gKoc,0,0,0,0,
689dcd8a50ff4a3ead63d3f378c6e28f,969,15248,305,84,324,https://www.youtube.com/watch?v=N2NujLiUIy4,305,84,324,https://www.youtube.com/watch?v=N2NujLiUIy4,0,0,0,,0,0,0,0,
a00240316f524d218d889d00a8b42721,969,95900,78,65,1163,https://www.youtube.com/watch?v=DyoG3uisJUE,74,47,80,https://www.youtube.com/watch?v=dDvgVB97cxE,1163,583,1163,https://www.youtube.com/watch?v=DyoG3uisJUE,0,0,0,0,
9f585f607da24e26b05ccb7e06e1d4f1,966,152764,209,116,2736,https://www.youtube.com/watch?v=FRPXrxafcMc,78,54,214,https://www.youtube.com/watch?v=xmd3BlEVzD4,994,423,2736,https://www.youtube.com/watch?v=FRPXrxafcMc,547,0,0,0,
4de233ea7dfc4a7da1738ab627babd48,962,49772,70,35,165,https://www.youtube.com/watch?v=GXiXNdtEUhI,70,35,165,https://www.youtube.com/watch?v=GXiXNdtEUhI,0,0,0,,0,0,0,0,
becdcbab308f4fa18540982596eebbd5,959,9653,1854,1396,1854,https://www.youtube.com/watch?v=bTbcCL-z3N0,0,0,0,,1854,1396,1854,https://www.youtube.com/watch?v=bTbcCL-z3N0,7776,620,287,1702,https://www.twitch.tv/videos/2809346992
7a160bd129144664804dd3fc08fceeb1,958,21878,0,0,0,,0,0,0,,0,0,0,,8352,1711,1600,4351,https://www.twitch.tv/videos/2826949228
a5647aba47dc4bb48eaa0cde6de7c6bd,953,41181,0,0,0,,0,0,0,,0,0,0,,0,0,0,0,
0b183e5c128246c0ad5cd5491e8b8c83,953,289229,911,117,2064,https://www.youtube.com/watch?v=s_n_o1E1vkY,37,1,37,https://www.youtube.com/watch?v=cvXr4SCp1ds,911,154,2064,https://www.youtube.com/watch?v=s_n_o1E1vkY,0,0,0,0,
107ad23090e649b8935850f3d78ded99,950,41755,239,93,581,https://www.youtube.com/watch?v=fc9laH7vzeA,175,72,277,https://www.youtube.com/watch?v=F26lcryq07U,338,151,581,https://www.youtube.com/watch?v=fc9laH7vzeA,135,62,59,62,https://www.twitch.tv/videos/2828524691
e2ddcd13e70643238d46f50fba8261b2,950,103586,1416,778,2478,https://www.youtube.com/watch?v=MKe2Eo16bus,0,0,0,,1416,778,2478,https://www.youtube.com/watch?v=MKe2Eo16bus,3019,669,280,1312,https://www.twitch.tv/videos/2822630915
acc708b79f1c4e388466b407387e7cb5,949,137856,51,21,920,https://www.youtube.com/watch?v=_tBUmos6vek,47,18,115,https://www.youtube.com/watch?v=bACauCUh6SY,748,301,920,https://www.youtube.com/watch?v=_tBUmos6vek,0,0,0,0,
8a5468bc4c7d44989e5ee4864a9b941a,949,86932,70,66,70,https://www.youtube.com/watch?v=0hWW7WUa6Jo,70,66,70,https://www.youtube.com/watch?v=0hWW7WUa6Jo,0,0,0,,0,0,0,0,
06a61409f4334b0eb8a5f647b819c78b,948,72885,32,9,43,https://www.youtube.com/watch?v=OON9RCfCAY4,32,12,38,https://www.youtube.com/watch?v=0-o0dwm0GKs,23,7,43,https://www.youtube.com/watch?v=OON9RCfCAY4,0,0,0,0,
179eb3fd3fb34ffe93859dd945b1b3a6,948,4427,0,0,0,,0,0,0,,0,0,0,,0,0,0,0,
b5ff000d6dd74683b17965294f1c4bf7,947,31659,0,0,0,,0,0,0,,0,0,0,,769,0,0,0,
7717bc233e7a4670926195acf69709d4,945,45808,0,0,0,,0,0,0,,0,0,0,,1479,0,0,0,
6826120624a244d4ab9522b5845db071,945,55695,1363,468,1513,https://www.youtube.com/watch?v=YjzqF55AdvU,0,0,0,,1363,468,1513,https://www.youtube.com/watch?v=YjzqF55AdvU,3824,480,312,675,https://www.twitch.tv/videos/2820984083
995bff308e7f4df3aa33305fc0ddde8e,944,39769,0,0,0,,0,0,0,,0,0,0,,0,0,0,0,
453cbd84364b42d8ac11cef8d3d63bd1,938,25360,79,73,349,https://www.youtube.com/watch?v=rSRqTEU7FK8,0,0,0,,79,73,349,https://www.youtube.com/watch?v=rSRqTEU7FK8,0,0,0,0,
b2e19555d1f441a8a0e3f53b6507863e,937,51428,30,13,61,https://www.youtube.com/watch?v=b6-kpDHiOFM,30,13,61,https://www.youtube.com/watch?v=b6-kpDHiOFM,0,0,0,,112,0,0,0,
23af2b94549e42c282ec0d6eecf01102,936,34545,866,79,1072,https://www.youtube.com/watch?v=kqQqhqsh7Bg,0,0,0,,866,79,1072,https://www.youtube.com/watch?v=kqQqhqsh7Bg,2503,139,95,236,https://www.twitch.tv/videos/2828620043
54e70d7cc2fb4c6da0d833519331c770,935,127756,56,7,56,https://www.youtube.com/watch?v=tCfg5plVuU4,0,0,0,,56,7,56,https://www.youtube.com/watch?v=tCfg5plVuU4,2665,217,161,320,https://www.twitch.tv/videos/2818179934
ecbe9a46c7ec4f3d8fe217012c39d490,933,404013,0,0,0,,0,0,0,,0,0,0,,0,0,0,0,
1ee3a662da8a439887a931727cb07317,933,99653,0,0,0,,0,0,0,,0,0,0,,0,0,0,0,
7ca610bac41843a28abba9e947aa9ded,932,52535,0,0,0,,0,0,0,,0,0,0,,3016,177,105,221,https://www.twitch.tv/videos/2819020613
db67d9cacbcf4797ba2d41a6d115e2ff,928,50408,98,34,98,https://www.youtube.com/watch?v=aGxRXfZmXvA,98,34,98,https://www.youtube.com/watch?v=aGxRXfZmXvA,0,0,0,,0,0,0,0,
7aeffe1ba0c443d5aa4721247b801593,928,125070,0,0,0,,0,0,0,,0,0,0,,0,0,0,0,
08268c9de16e423381e351aeef8f7ffb,926,29891,89,32,105,https://www.youtube.com/watch?v=X8EdDTS88sc,89,32,105,https://www.youtube.com/watch?v=X8EdDTS88sc,0,0,0,,0,0,0,0,
37f190c8282b4d42ba9ee8c4b61d24a4,926,4859,0,0,0,,0,0,0,,0,0,0,,0,0,0,0,
44332b31031149f5bd411f415cbb531e,925,26166,0,0,0,,0,0,0,,0,0,0,,218,0,0,0,
d26893447610406da66ee14abfbd5868,924,29476,240,149,240,https://www.youtube.com/watch?v=wKndglbGN9c,240,149,240,https://www.youtube.com/watch?v=wKndglbGN9c,0,0,0,,0,0,0,0,
97b10f7c6f434fa1a80f76e6740a9c6b,921,45716,3508,2869,5510,https://www.youtube.com/watch?v=bQ-A2hA_mek,0,0,0,,3508,2869,5510,https://www.youtube.com/watch?v=bQ-A2hA_mek,4520,3010,1184,9545,https://www.twitch.tv/videos/2824554492
7f43dbf571c44e04a7a471b9e7296a8a,921,38707,50,31,50,https://www.youtube.com/watch?v=AMsamamJyyE,50,31,50,https://www.youtube.com/watch?v=AMsamamJyyE,0,0,0,,0,0,0,0,
c747687c19704747b4cae2d4d5715aa0,921,39784,0,0,0,,0,0,0,,0,0,0,,4235,203,194,713,https://www.twitch.tv/videos/2818123887
743ceb55869042b9bee1f48fe0be13fb,919,33488,0,0,0,,0,0,0,,0,0,0,,1500,0,0,0,
d8b0b4e36c614d328620461a295572a1,919,52876,104,54,175,https://www.youtube.com/watch?v=v93lmWcLovk,104,54,175,https://www.youtube.com/watch?v=v93lmWcLovk,0,0,0,,145,0,0,0,
a2ee4a74f9ca40f5b6218de51736b9c8,911,53275,45,34,393,https://www.youtube.com/watch?v=N7IT8lRlytI,45,34,393,https://www.youtube.com/watch?v=N7IT8lRlytI,0,0,0,,0,0,0,0,
b93b5ffedc3f4310af888462d65e4082,911,46694,0,0,0,,0,0,0,,0,0,0,,207,0,0,0,
e3021481a8d247a5a9a5bf0a29399673,905,139506,0,0,0,,0,0,0,,0,0,0,,0,0,0,0,
b9b727200b664a98bc1a8fd76d3cdb9c,905,22916,0,0,0,,0,0,0,,0,0,0,,0,0,0,0,
58374cba861d4267a84ad689bb6ce91a,905,40923,38,21,71,https://www.youtube.com/watch?v=X-lO-rSplfs,38,21,71,https://www.youtube.com/watch?v=X-lO-rSplfs,0,0,0,,0,0,0,0,
8e2559d9a7714ecd9cb0448b4d28f8d2,904,26173,0,0,0,,0,0,0,,0,0,0,,4974,91,45,173,https://www.twitch.tv/videos/2811872062
899e5f40cf7f49a8808969866758779e,904,47525,99,36,1252,https://www.youtube.com/watch?v=lzRbiIb6Fao,97,34,193,https://www.youtube.com/watch?v=btD4HXqPUt0,1112,659,1252,https://www.youtube.com/watch?v=lzRbiIb6Fao,259,64,44,94,https://www.twitch.tv/videos/2820413959
5c5880d994854afbbea0a35716bce186,904,31316,32,16,57,https://www.youtube.com/watch?v=v8xCk74X6tQ,32,16,57,https://www.youtube.com/watch?v=v8xCk74X6tQ,0,0,0,,2009,0,0,0,
80b6efc8007f4f6d84ce2f93862ae319,901,117550,324,156,572,https://www.youtube.com/watch?v=SUz7t8lFWbM,324,156,572,https://www.youtube.com/watch?v=SUz7t8lFWbM,0,0,0,,0,0,0,0,
d1d879cfccf7411296dcc765ca40e39c,899,135530,1080,351,2052,https://www.youtube.com/watch?v=V7osTGo_n0Y,0,0,0,,1080,351,2052,https://www.youtube.com/watch?v=V7osTGo_n0Y,1549,352,265,402,https://www.twitch.tv/videos/2821210450
d709ac4a052b401abfeb8bc5c600e937,896,37884,64,31,2299,https://www.youtube.com/watch?v=BAoGJoFRlO0,59,30,165,https://www.youtube.com/watch?v=Om7OsO2N28U,1504,1061,2299,https://www.youtube.com/watch?v=BAoGJoFRlO0,1013,0,0,0,
607a7be9721741c48e2901609c294ada,896,0,0,0,0,,0,0,0,,0,0,0,,1502,0,0,0,
0a67a8d822094ca3a59963f0fac8798a,896,36858,105,59,167,https://www.youtube.com/watch?v=2oJ6kx5mgVc,105,59,167,https://www.youtube.com/watch?v=2oJ6kx5mgVc,0,0,0,,0,0,0,0,
9fb9fe13bf124da3a1affb24c5bba5e2,892,29893,31,29,31,https://www.youtube.com/watch?v=zLDAjfsXMh8,31,29,31,https://www.youtube.com/watch?v=zLDAjfsXMh8,0,0,0,,0,0,0,0,
8c0ff863d66348898311ee83d16257b5,891,29311,38,14,55,https://www.youtube.com/watch?v=DphWRQ4r29k,38,14,55,https://www.youtube.com/watch?v=DphWRQ4r29k,0,0,0,,208,68,65,68,https://www.twitch.tv/videos/2828695892
f461b26ba47b4e37a90d2ca4fa5fa329,891,25978,0,0,0,,0,0,0,,0,0,0,,0,0,0,0,
6c3eeb48b7764f11804ff8110d5d990b,890,98857,0,0,0,,0,0,0,,0,0,0,,0,0,0,0,
3922688ae4b64592b8301430e19fd2ca,886,97407,212,89,2124,https://www.youtube.com/watch?v=Bi0cpun9xYY,212,50,265,https://www.youtube.com/watch?v=a1yKGRZdPV0,217,100,2124,https://www.youtube.com/watch?v=Bi0cpun9xYY,338,315,195,549,https://www.twitch.tv/videos/2825212392
490d50310ffe4de4aac9c6368b49a0aa,877,36881,19,2,45,https://www.youtube.com/watch?v=R5M527i5Cs0,0,0,0,,19,2,45,https://www.youtube.com/watch?v=R5M527i5Cs0,0,0,0,0,
f5260b1a196a43f8b4aff1cc742a67f4,875,52669,99,63,899,https://www.youtube.com/watch?v=4fG7Vc4EN4g,101,66,899,https://www.youtube.com/watch?v=4fG7Vc4EN4g,51,1,51,https://www.youtube.com/watch?v=0Zaq1l_GaVQ,204,58,41,506,https://www.twitch.tv/videos/2818837012
521477be11a44c43b063b394757b2342,875,56561,99,7,126,https://www.youtube.com/watch?v=vod2UQP1zug,99,7,126,https://www.youtube.com/watch?v=vod2UQP1zug,0,0,0,,0,0,0,0,
4297ecbe09d04698a65f1778f5c16dc4,875,42810,78,31,1092,https://www.youtube.com/watch?v=3zk9oJT2-yc,78,31,121,https://www.youtube.com/watch?v=7jyPBf6Csqw,1092,261,1092,https://www.youtube.com/watch?v=3zk9oJT2-yc,229,0,0,0,
9ed7a28dd35e4e1c9400af811f6a284c,873,17053,63,20,79,https://www.youtube.com/watch?v=NfU3Y4cr8EA,63,20,79,https://www.youtube.com/watch?v=NfU3Y4cr8EA,0,0,0,,841,0,0,0,
a05afa97381b4f96b02a1af859426f9c,872,79421,189,101,2168,https://www.youtube.com/watch?v=Pqc7cnEfVAM,170,96,297,https://www.youtube.com/watch?v=fPJPwQqZL9Q,473,110,2168,https://www.youtube.com/watch?v=Pqc7cnEfVAM,0,0,0,0,
45e104a6eabe4967a6cb84e720dd8e74,872,42300,9,4,12,https://www.youtube.com/watch?v=iCr7gYlLDmA,0,0,0,,9,4,12,https://www.youtube.com/watch?v=iCr7gYlLDmA,1889,207,90,344,https://www.twitch.tv/videos/2817955368
fcf611e0ddc5474b9836eb8aa2fe1d24,869,78105,49,21,214,https://www.youtube.com/watch?v=B4ceasUxRTw,49,21,214,https://www.youtube.com/watch?v=B4ceasUxRTw,0,0,0,,0,0,0,0,
b3fb28fe6a0e4fcfb8014e7a4070ca09,869,56364,23,10,28,https://www.youtube.com/watch?v=_qZUYDDkb1w,23,10,28,https://www.youtube.com/watch?v=_qZUYDDkb1w,0,0,0,,0,0,0,0,
5964947a5624455cba648007ec04a0b9,868,15123,0,0,0,,0,0,0,,0,0,0,,0,0,0,0,
d3ac18bfe0984394a6fe19319a36b412,868,62442,46,44,65,https://www.youtube.com/watch?v=smqFNOuHaW4,65,62,65,https://www.youtube.com/watch?v=smqFNOuHaW4,27,26,27,https://www.youtube.com/watch?v=g3SzOpnclM8,0,0,0,0,
a26891359b444900956f04bc1b8f5faa,867,28559,36,21,80,https://www.youtube.com/watch?v=LuRsp_V0-3o,43,27,80,https://www.youtube.com/watch?v=LuRsp_V0-3o,18,16,18,https://www.youtube.com/watch?v=nijn1j45xeM,295,24,20,73,https://www.twitch.tv/videos/2826874404
f9247dd02dd24e209eba623edcd8354b,867,56978,0,0,0,,0,0,0,,0,0,0,,521,72,62,72,https://www.twitch.tv/videos/2826138833
9959d43cae9b49dbbcd666f742322b4a,866,32136,71,61,3726,https://www.youtube.com/watch?v=2kTW3ia8zaU,64,52,166,https://www.youtube.com/watch?v=xcZFiMu48cU,1124,639,3726,https://www.youtube.com/watch?v=2kTW3ia8zaU,637,28,22,125,https://www.twitch.tv/videos/2824536406
899208f999aa4121ae2b67abb3190674,862,15530,37,21,1253,https://www.youtube.com/watch?v=PqS92mK1ZVE,0,0,0,,37,21,1253,https://www.youtube.com/watch?v=PqS92mK1ZVE,4301,271,232,511,https://www.twitch.tv/videos/2820508937
61c75f9fbf044b54872197eec7c9bafa,861,284192,335,76,764,https://www.youtube.com/watch?v=gCWQ40y5KGU,72,38,90,https://www.youtube.com/watch?v=R-3LE2_LTME,694,295,764,https://www.youtube.com/watch?v=gCWQ40y5KGU,0,0,0,0,
29d8d144d6a24ff28476d25306286836,859,145855,0,0,0,,0,0,0,,0,0,0,,1913,1729,1348,3495,https://www.twitch.tv/videos/2819341132
8774553046cb47a9b5165c15feb01e84,856,36794,119,54,554,https://www.youtube.com/watch?v=-MLLJuOed9g,92,32,554,https://www.youtube.com/watch?v=-MLLJuOed9g,424,99,424,https://www.youtube.com/watch?v=l_RyqhLLrWI,838,293,231,984,https://www.twitch.tv/videos/2824393331
027dc46502ee4350ba597000191659ae,856,31985,122,38,2082,https://www.youtube.com/watch?v=rbD9Stpl67s,105,31,194,https://www.youtube.com/watch?v=daGFroH6ops,1051,623,2082,https://www.youtube.com/watch?v=rbD9Stpl67s,65,0,0,0,
e099cf09b8674b988f17828aab2f7d86,856,22900,0,0,0,,0,0,0,,0,0,0,,702,160,110,183,https://www.twitch.tv/videos/2818203584
7b3809e085754d52aee99d1fcc980eaf,856,40137,58,47,58,https://www.youtube.com/watch?v=u7BwsYfkonQ,58,47,58,https://www.youtube.com/watch?v=u7BwsYfkonQ,0,0,0,,0,0,0,0,
415ca337b1104450acbed1eb046c0a58,851,88151,6,1,6,https://www.youtube.com/watch?v=CJ0RbJ1knns,6,1,6,https://www.youtube.com/watch?v=CJ0RbJ1knns,0,0,0,,271,0,0,0,
9cfe61128e134f8dad9bb6ebf568cd71,850,20300,6,0,7,https://www.youtube.com/watch?v=xo3hyal-6Us,0,0,0,,6,0,7,https://www.youtube.com/watch?v=xo3hyal-6Us,1282,143,102,201,https://www.twitch.tv/videos/2825230680
e0823adb7a574647b6e395e70038509d,849,36784,229,84,2016,https://www.youtube.com/watch?v=SKXImnxDjew,184,71,238,https://www.youtube.com/watch?v=Zfo2c7QGgnQ,1301,548,2016,https://www.youtube.com/watch?v=SKXImnxDjew,0,0,0,0,
5862e8e7c5fd4261af093cec20b40300,848,39001,121,4,121,https://www.youtube.com/watch?v=N23UvI__gj8,121,4,121,https://www.youtube.com/watch?v=N23UvI__gj8,0,0,0,,0,0,0,0,
370f66a57c0341b0adef5bcbad64ff90,846,47109,9,3,48,https://www.youtube.com/watch?v=sPhNEruztdc,31,10,31,https://www.youtube.com/watch?v=f60OR4Ety4k,8,2,48,https://www.youtube.com/watch?v=sPhNEruztdc,0,0,0,0,
27b10e5896e34e8d841f1605792b96c9,846,37763,0,0,0,,0,0,0,,0,0,0,,451,111,77,205,https://www.twitch.tv/videos/2825207472
3f3abaed158f420e84f9d1d5f4492b1d,844,64200,30,11,128,https://www.youtube.com/watch?v=fE3Qc6xssM8,30,11,128,https://www.youtube.com/watch?v=fE3Qc6xssM8,0,0,0,,674,72,55,167,https://www.twitch.tv/videos/2820417412
f36c774fbf4847e1afdf66a1e4806ea3,843,20438,0,0,0,,0,0,0,,0,0,0,,2504,360,260,599,https://www.twitch.tv/videos/2823965575
f5a37da60cb74069a7dc13867404521f,842,64978,0,0,0,,0,0,0,,0,0,0,,0,0,0,0,
a753be70dd194989835b604e4b249363,838,31164,0,0,0,,0,0,0,,0,0,0,,654,0,0,0,
aef2ed42d49343f28394b6335695b5ac,838,410461,1,0,5,https://www.youtube.com/watch?v=XsWPEfdjV34,0,0,0,,1,0,5,https://www.youtube.com/watch?v=XsWPEfdjV34,3042,230,173,230,https://www.twitch.tv/videos/2823490835
399a496d028447a58924b2660d0fc187,837,201,0,0,0,,0,0,0,,0,0,0,,0,0,0,0,
dc9cd2bc942d427d8cc73370d1194f9e,837,83458,161,92,1584,https://www.youtube.com/watch?v=GX3WA9AVaeE,136,58,180,https://www.youtube.com/watch?v=DxPaMNnm35E,982,194,1584,https://www.youtube.com/watch?v=GX3WA9AVaeE,0,0,0,0,
a1c3335026d44b99b9abb8c6aaba3968,836,20600,11,5,11,https://www.youtube.com/watch?v=oyygrtX5pak,11,5,11,https://www.youtube.com/watch?v=oyygrtX5pak,0,0,0,,631,0,0,0,
e80414fcc37b4d818ccf9dddb23cb452,835,17194,0,0,0,,0,0,0,,0,0,0,,4256,966,511,3495,https://www.twitch.tv/videos/2812077812
405cf0a502a6496bacfe7e49647e7e28,834,42295,51,20,107,https://www.youtube.com/watch?v=UO6Lm6TCzRA,51,20,107,https://www.youtube.com/watch?v=UO6Lm6TCzRA,0,0,0,,2306,568,391,807,https://www.twitch.tv/videos/2825393732
23dda65e497d4888b87db304533b8138,831,13979,0,0,0,,0,0,0,,0,0,0,,5454,632,313,1635,https://www.twitch.tv/videos/2822320085
07f20f05bef0432e8644e1bee798ef46,830,42609,191,136,1778,https://www.youtube.com/watch?v=f8txu4SIvc0,170,53,262,https://www.youtube.com/watch?v=YTAoAPT4EVc,1621,575,1778,https://www.youtube.com/watch?v=f8txu4SIvc0,0,0,0,0,
c22cb6790eaf4fcc8ac47633e0ab6c49,829,33856,115,72,1774,https://www.youtube.com/watch?v=aN9Z2461BJs,92,63,165,https://www.youtube.com/watch?v=lArN0Ad-hKM,1573,1039,1774,https://www.youtube.com/watch?v=aN9Z2461BJs,334,82,53,108,https://www.twitch.tv/videos/2819018341
77f4700c452c4200a4e62effa2884b4a,829,33324,0,0,0,,0,0,0,,0,0,0,,708,0,0,0,
6c5d547cdebf4daf813ac8b66c9fb873,822,34388,0,0,0,,0,0,0,,0,0,0,,0,0,0,0,
728094029eab434ca60a99e4d1a139c7,821,123647,56,22,2081,https://www.youtube.com/watch?v=BXpnLI48bLo,49,21,104,https://www.youtube.com/watch?v=iKy_2Hr2BO8,584,580,2081,https://www.youtube.com/watch?v=BXpnLI48bLo,5,0,0,0,
7a0c5fe0fe2f4427afe500c85ec958cb,820,55070,0,0,0,,0,0,0,,0,0,0,,0,0,0,0,
6d144d78d2284fbcafa2428a5d132733,820,26969,0,0,0,,0,0,0,,0,0,0,,709,47,31,73,https://www.twitch.tv/videos/2819013033
d44dc8542b4f4dacab8f54b7e3483728,820,40148,77,56,327,https://www.youtube.com/watch?v=J2WXSAiFLtY,77,56,327,https://www.youtube.com/watch?v=J2WXSAiFLtY,0,0,0,,0,0,0,0,
66ab3e28c90a428bb98100cd9119a4e9,817,32741,83,31,152,https://www.youtube.com/watch?v=xKQsJJ6doX0,83,31,152,https://www.youtube.com/watch?v=xKQsJJ6doX0,0,0,0,,0,0,0,0,
0aa8c41f04bf4f12b9a8281353ea448a,817,35848,0,0,0,,0,0,0,,0,0,0,,4759,0,0,0,
686fa700c1ee4d179ed277d5b101f8a4,816,27821,0,0,0,,0,0,0,,0,0,0,,0,0,0,0,
23354f18e2a94c9187fd0560fd874eeb,813,27806,0,0,0,,0,0,0,,0,0,0,,1661,165,107,191,https://www.twitch.tv/videos/2822933423
a0dbf7095446402ea77b11d8cced5a4b,813,47982,60,26,60,https://www.youtube.com/watch?v=X3uD0Nzl1B8,60,26,60,https://www.youtube.com/watch?v=X3uD0Nzl1B8,0,0,0,,0,0,0,0,
2a2b7990365f4a1bb1d8acf1ae0f2f32,813,304657,34,16,142,https://www.youtube.com/watch?v=CTJenfNBVhg,34,16,142,https://www.youtube.com/watch?v=CTJenfNBVhg,0,0,0,,149,4,3,13,https://www.twitch.tv/videos/2826182715
3e4c23394dde46f58f89cba536b208d5,812,23611,49,19,69,https://www.youtube.com/watch?v=X7qA9gZwqRM,49,19,69,https://www.youtube.com/watch?v=X7qA9gZwqRM,0,0,0,,0,0,0,0,
c639c0dba4504221bfec50cf787f395d,811,27430,44,27,44,https://www.youtube.com/watch?v=pmJ-S0rrOd4,0,0,0,,44,27,44,https://www.youtube.com/watch?v=pmJ-S0rrOd4,1162,149,87,381,https://www.twitch.tv/videos/2827668261
0a55a882e4ae4a1e9c1e77ea001aa91b,808,103820,0,0,0,,0,0,0,,0,0,0,,1502,34,18,34,https://www.twitch.tv/videos/2818192751
dc0868efeac540bfac9b383bd65a82e6,806,24488,86,41,132,https://www.youtube.com/watch?v=8ycFMMD6RgM,86,41,132,https://www.youtube.com/watch?v=8ycFMMD6RgM,0,0,0,,0,0,0,0,
d2c5b1c430fa45c8b9be0b8be65d8a6b,805,2252,963,651,1751,https://www.youtube.com/watch?v=g4ZsRWUvYVw,0,0,0,,963,651,1751,https://www.youtube.com/watch?v=g4ZsRWUvYVw,332,0,0,0,
5f6dcf3b9b71405498aa07a2b80cb5ec,804,139596,7,3,1567,https://www.youtube.com/watch?v=odNr2XFmAmc,0,0,0,,7,3,1567,https://www.youtube.com/watch?v=odNr2XFmAmc,1306,111,93,224,https://www.twitch.tv/videos/2827912207
cf38ee666e104dce949c195f5ac58da2,804,320820,35,15,1783,https://www.youtube.com/watch?v=8ZawrIrRybU,32,14,58,https://www.youtube.com/watch?v=hPTp_1hC3Lg,1587,345,1783,https://www.youtube.com/watch?v=8ZawrIrRybU,0,0,0,0,
f7c5ff874d1d4528a36c0a54d27017a3,802,62169,36,15,173,https://www.youtube.com/watch?v=vX3H3LqtHbk,36,15,173,https://www.youtube.com/watch?v=vX3H3LqtHbk,0,0,0,,0,0,0,0,
5f8e197a06bc453e8d9e0a1c6cb92f1c,802,36697,3,0,10,https://www.youtube.com/watch?v=iayjEpO2UXE,0,0,0,,3,0,10,https://www.youtube.com/watch?v=iayjEpO2UXE,1665,253,195,383,https://www.twitch.tv/videos/2822916827
30bc516401f24514aaecce081979ab50,800,14558,0,0,0,,0,0,0,,0,0,0,,0,0,0,0,
4f20e15637644c409c850ced48bb33dd,800,39807,125,60,215,https://www.youtube.com/watch?v=DqtJB3qFsRg,123,71,215,https://www.youtube.com/watch?v=DqtJB3qFsRg,143,18,143,https://www.youtube.com/watch?v=7_u5MzJNzDc,0,0,0,0,
80ae039e7c3e4e90b6b3994ead599307,799,57905,141,3,141,https://www.youtube.com/watch?v=o2ryxWDAYMQ,141,3,141,https://www.youtube.com/watch?v=o2ryxWDAYMQ,0,0,0,,0,0,0,0,
c2b2f9bf0228445289b8791110b340ec,798,366127,115,15,219,https://www.youtube.com/watch?v=t9LuaqjZu5Y,115,15,219,https://www.youtube.com/watch?v=t9LuaqjZu5Y,0,0,0,,97,0,0,0,
ab24c13e4bff4ff8909a7650260f8b19,798,38911,75,51,207,https://www.youtube.com/watch?v=nu4KZCT4KvM,75,51,207,https://www.youtube.com/watch?v=nu4KZCT4KvM,0,0,0,,0,0,0,0,
13a3d049cda44b9e8da24006e642dd78,798,24898,0,0,0,,0,0,0,,0,0,0,,2770,0,0,0,
9124a5ccacc44fb68b5b1d5697e3fb90,796,21670,70,41,153,https://www.youtube.com/watch?v=2BCmbPSizXM,70,41,153,https://www.youtube.com/watch?v=2BCmbPSizXM,0,0,0,,0,0,0,0,
29a3d514ca274f6fb966f9d70bed4b52,795,77751,0,0,0,,0,0,0,,0,0,0,,837,215,135,293,https://www.twitch.tv/videos/2826215456
29e2c3ae8e4d48f29fb3b89c463abb1c,794,70313,0,0,0,,0,0,0,,0,0,0,,2849,270,119,457,https://www.twitch.tv/videos/2806524463
87e1b5eec62040118b6bd49efbe5d61c,792,68420,110,47,1079,https://www.youtube.com/watch?v=Dai6-d7HLpI,85,32,250,https://www.youtube.com/watch?v=fmkiuPyuf-4,318,166,1079,https://www.youtube.com/watch?v=Dai6-d7HLpI,443,105,59,130,https://www.twitch.tv/videos/2824551539
3034b51ec8ad439fa7033773a72a5c4a,790,0,0,0,0,,0,0,0,,0,0,0,,3283,0,0,0,
e888326df83d41f680960f24bb55c670,789,16240,0,0,0,,0,0,0,,0,0,0,,0,0,0,0,
1594067d444e4a53abb95bc1aa40e6db,788,26094,0,0,0,,0,0,0,,0,0,0,,500,13,12,13,https://www.twitch.tv/videos/2827818378
2971554445614cfaaccddd9cde93c599,786,25443,0,0,0,,0,0,0,,0,0,0,,1140,189,174,189,https://www.twitch.tv/videos/2827627454
c3e1a96f96334696af38e93fa8178085,785,46590,17,4,17,https://www.youtube.com/watch?v=ypRrEnnrfgE,0,0,0,,17,4,17,https://www.youtube.com/watch?v=ypRrEnnrfgE,1248,60,51,78,https://www.twitch.tv/videos/2828729131
5cdecbd7413e4c9e9cb56373a186ccec,785,19107,0,0,0,,0,0,0,,0,0,0,,453,64,43,64,https://www.twitch.tv/videos/2821442999
f0afa83a8d2d4cc6bb9eb80655bbe40d,782,12684,0,0,0,,0,0,0,,0,0,0,,0,0,0,0,
40bb881e52be4d8b9c66a60be89e0504,781,52773,227,110,828,https://www.youtube.com/watch?v=_zC1rLeNrOY,227,110,828,https://www.youtube.com/watch?v=_zC1rLeNrOY,0,0,0,,0,0,0,0,
5896bb30994d4416ad7e252642135194,781,67533,97,49,105,https://www.youtube.com/watch?v=i5zljCviGog,97,49,105,https://www.youtube.com/watch?v=i5zljCviGog,0,0,0,,0,0,0,0,
943129b96d2341bcb7b25a66c9da2354,781,33213,0,0,0,,0,0,0,,0,0,0,,16528,610,529,1198,https://www.twitch.tv/videos/2825495223
968f0b8c521942d6939234c70f49747a,777,23937,0,0,0,,0,0,0,,0,0,0,,1951,116,97,191,https://www.twitch.tv/videos/2818053730
7342482fda6d40f98e078505a24825d4,772,40931,104,53,104,https://www.youtube.com/watch?v=jHHiMBffBC4,104,53,104,https://www.youtube.com/watch?v=jHHiMBffBC4,0,0,0,,0,0,0,0,
1d1e155c827e4ed2a0596c256983c22d,770,20028,25,3,35,https://www.youtube.com/watch?v=-kfomTXu9Yg,0,0,0,,25,3,35,https://www.youtube.com/watch?v=-kfomTXu9Yg,2395,151,109,208,https://www.twitch.tv/videos/2818179775
e83a22c584774763a3b91d557141604d,770,10076,0,0,0,,0,0,0,,0,0,0,,2054,789,540,789,https://www.twitch.tv/videos/2821833109
4caaacdde06c4a0a9662e0d1e07114e0,769,15627,0,0,0,,0,0,0,,0,0,0,,0,0,0,0,
8c59e356f1564e068e1c81ac7de1a4e3,769,34463,0,0,0,,0,0,0,,0,0,0,,0,0,0,0,
17946118c2d641819c847aba0c491e13,769,5547,1183,719,1183,https://www.youtube.com/watch?v=iD9_HfaIfn0,0,0,0,,1183,719,1183,https://www.youtube.com/watch?v=iD9_HfaIfn0,5273,878,340,2119,https://www.twitch.tv/videos/2821811590
3a30426a65fe450bbef138fd8ba35f1e,768,64315,141,78,523,https://www.youtube.com/watch?v=0az3D15w4y4,141,73,523,https://www.youtube.com/watch?v=0az3D15w4y4,513,137,513,https://www.youtube.com/watch?v=GpigduoPO4U,0,0,0,0,
d12c381ce5044844ad4bd624085026bc,766,133874,558,169,7388,https://www.youtube.com/watch?v=-IrhhMPBQHI,123,85,759,https://www.youtube.com/watch?v=m-WNN7OHVLQ,1871,835,7388,https://www.youtube.com/watch?v=-IrhhMPBQHI,413,0,0,0,
de6ab52e6aca42d2ab88274244e772fc,766,26057,0,0,0,,0,0,0,,0,0,0,,0,0,0,0,
a22035a68721415e830d1d7b8ffd172d,764,11442,0,0,0,,0,0,0,,0,0,0,,1833,0,0,0,
3a932cc8813343b6bb5d822cb2f53558,763,42286,0,0,0,,0,0,0,,0,0,0,,3219,0,0,0,
fb72bfcead034da2abef22637e7b2b3c,762,46434,1486,1107,1774,https://www.youtube.com/watch?v=OrrtRxXMltc,0,0,0,,1486,1107,1774,https://www.youtube.com/watch?v=OrrtRxXMltc,1523,64,40,100,https://www.twitch.tv/videos/2824566039
3204abe8247b45f08481bef65884ebc3,759,2987,0,0,0,,0,0,0,,0,0,0,,1354,185,125,422,https://www.twitch.tv/videos/2819677480
6ac39c9c814e4dfe9c2294345a2a3e9c,758,56994,40,34,53,https://www.youtube.com/watch?v=mf3vAZ-38Y4,40,34,53,https://www.youtube.com/watch?v=mf3vAZ-38Y4,0,0,0,,1486,0,0,0,
945e26a69e2145219406bf2ca0d59554,757,21550,0,0,0,,0,0,0,,0,0,0,,734,105,63,142,https://www.twitch.tv/videos/2821298909
c26ea894da5741df9e1bc62044f6bce7,756,0,0,0,0,,0,0,0,,0,0,0,,262,0,0,0,
9539cc114b7648efb72bafc3a7358ae6,754,0,0,0,0,,0,0,0,,0,0,0,,1923,0,0,0,
60da3bb357d64f998006b8ca3043fd00,753,32221,96,34,243,https://www.youtube.com/watch?v=qt0Tbs0ClJo,96,34,243,https://www.youtube.com/watch?v=qt0Tbs0ClJo,0,0,0,,0,0,0,0,
0591345aa6634a73ac41f08af6d4e06e,753,37952,46,23,76,https://www.youtube.com/watch?v=kOHpreLZEvk,46,23,76,https://www.youtube.com/watch?v=kOHpreLZEvk,0,0,0,,0,0,0,0,
7531ceacd52e43b4a29ba4dc18a3f56c,751,40284,12,10,12,https://www.youtube.com/watch?v=2gp2EJ6rGa0,0,0,0,,12,10,12,https://www.youtube.com/watch?v=2gp2EJ6rGa0,1903,167,54,480,https://www.twitch.tv/videos/2817021438
8f4142c5ead94656b4744b425d800fb8,747,107131,33,20,1047,https://www.youtube.com/watch?v=nmTv63qMpzk,33,20,1047,https://www.youtube.com/watch?v=nmTv63qMpzk,0,0,0,,0,0,0,0,
5298121274154e4b9154e8ac47d98beb,747,46732,62,32,2233,https://www.youtube.com/watch?v=0kStw7Gla24,53,28,74,https://www.youtube.com/watch?v=gs1BEWSoARA,333,174,2233,https://www.youtube.com/watch?v=0kStw7Gla24,0,0,0,0,
a666cf6707d14cdbbe6581a8964aabd0,745,21228,0,0,0,,0,0,0,,0,0,0,,867,0,0,0,
2103bcf7923d4f74b2d043bffef71cc1,745,34277,49,0,49,https://www.youtube.com/watch?v=3XPN8hIl-qs,49,0,49,https://www.youtube.com/watch?v=3XPN8hIl-qs,0,0,0,,0,0,0,0,
ef0319d27b10495795a5b994bc2249d5,745,91638,96,61,1724,https://www.youtube.com/watch?v=_kPR1Dnqs0k,93,57,191,https://www.youtube.com/watch?v=9a7xYWlH4nk,566,412,1724,https://www.youtube.com/watch?v=_kPR1Dnqs0k,0,0,0,0,
1a39f2817a8d4b2d941677c2a07e896a,742,95730,582,157,2148,https://www.youtube.com/watch?v=EjUyy7zOHIQ,38,14,142,https://www.youtube.com/watch?v=1aRBVBIrPQ4,1570,555,2148,https://www.youtube.com/watch?v=EjUyy7zOHIQ,0,0,0,0,
acc6cc72bdb74a74a719cc41baf0aade,742,29137,43,17,73,https://www.youtube.com/watch?v=YDLqNqLUIGw,43,17,73,https://www.youtube.com/watch?v=YDLqNqLUIGw,0,0,0,,0,0,0,0,
b96e4730713c48899004d4af5975fe21,740,5164,0,0,0,,0,0,0,,0,0,0,,248,0,0,0,
68f424a416ad426faa8b01b78f47b3e3,740,0,0,0,0,,0,0,0,,0,0,0,,0,0,0,0,
3353f8693d7b4caa82abeb2de3d89815,740,25048,49,25,1184,https://www.youtube.com/watch?v=J3zXoEEai6M,55,27,142,https://www.youtube.com/watch?v=6TRQJWVSrDs,15,6,1184,https://www.youtube.com/watch?v=J3zXoEEai6M,2164,525,221,1855,https://www.twitch.tv/videos/2805882617
a2f9fd3568f3467aa35e411dbde1ab45,740,42077,40,6,134,https://www.youtube.com/watch?v=G-ItPqe6-x4,0,0,0,,40,6,134,https://www.youtube.com/watch?v=G-ItPqe6-x4,0,0,0,0,
ab7fb3b59bef4d869388be703ffa8c01,736,12452,9,7,9,https://www.youtube.com/watch?v=QYsmBZM1W0Q,0,0,0,,9,7,9,https://www.youtube.com/watch?v=QYsmBZM1W0Q,0,0,0,0,
eef7776c596141afb7efb9c1790bcb64,736,34564,12,2,12,https://www.youtube.com/watch?v=UuC0iryWqlo,0,0,0,,12,2,12,https://www.youtube.com/watch?v=UuC0iryWqlo,1518,0,0,0,
0f97f20ec79649e687590a4dc7328a21,735,19695,0,0,0,,0,0,0,,0,0,0,,350,0,0,0,
a1880ae475fe44fc92760277c3f850ed,735,6508,0,0,0,,0,0,0,,0,0,0,,584,0,0,0,
c6286d22a9344325bb1609918d442b93,734,71249,0,0,0,,0,0,0,,0,0,0,,76,0,0,0,
4d4db7afb4b84af7b4d54889a5f93947,729,20929,105,76,170,https://www.youtube.com/watch?v=Ce43AaLfSXc,0,0,0,,105,76,170,https://www.youtube.com/watch?v=Ce43AaLfSXc,0,0,0,0,
00de1290ff0a4edda4db0385a6ba3300,727,15236,0,0,0,,0,0,0,,0,0,0,,1817,141,99,220,https://www.twitch.tv/videos/2822080711
5ee9f1126dcf463e8d6afc8ef113d084,725,22501,79,18,79,https://www.youtube.com/watch?v=HJsCrtn_HV0,79,18,79,https://www.youtube.com/watch?v=HJsCrtn_HV0,0,0,0,,0,0,0,0,
dfc411c6b5d24d97b944f527ddfd2f0b,720,39147,63,24,143,https://www.youtube.com/watch?v=X58IbIrCRUY,87,58,109,https://www.youtube.com/watch?v=UW58Yr7GnWQ,38,17,143,https://www.youtube.com/watch?v=X58IbIrCRUY,0,0,0,0,
b3628981441b4b1aa2a3c91af81c7084,719,4100,0,0,0,,0,0,0,,0,0,0,,0,0,0,0,
2608bc34d1f8497da55ab0cf4d0d7f0e,716,16051,0,0,0,,0,0,0,,0,0,0,,3203,434,226,1165,https://www.twitch.tv/videos/2821844182
c72045d5b8714411af64d5c9d29cea97,713,28781,0,0,0,,0,0,0,,0,0,0,,0,0,0,0,
bb775b8f85574398af290f5be009d40e,712,951,0,0,0,,0,0,0,,0,0,0,,0,0,0,0,
082df6a588424bc9aaa378c53b34315c,712,23806,0,0,0,,0,0,0,,0,0,0,,184,14,9,16,https://www.twitch.tv/videos/2821967716
4bc6acb333e44156a9caab3234fa11f5,712,38402,141,52,1743,https://www.youtube.com/watch?v=J0VNGpGMDoc,125,37,182,https://www.youtube.com/watch?v=EAFDfz3FY_w,855,215,1743,https://www.youtube.com/watch?v=J0VNGpGMDoc,0,0,0,0,
f1bcb26adebc4b95abd8fb779dfc4f6f,710,35072,181,113,189,https://www.youtube.com/watch?v=xz3AG4x9kGk,181,113,189,https://www.youtube.com/watch?v=xz3AG4x9kGk,0,0,0,,0,0,0,0,
bff3b878d9864ff893bd79d1f2a7a849,710,47550,38,20,256,https://www.youtube.com/watch?v=6IiA5CmYFjo,38,20,256,https://www.youtube.com/watch?v=6IiA5CmYFjo,0,0,0,,135,0,0,0,
667d1f10770d4512a5350b74bcb3efc0,709,29121,58,41,79,https://www.youtube.com/watch?v=zQ1stAydaEo,58,41,79,https://www.youtube.com/watch?v=zQ1stAydaEo,0,0,0,,0,0,0,0,
40a4357f990e4fd8ad2ac18c26603925,708,18423,30,17,43,https://www.youtube.com/watch?v=txJ-T9lLsGM,30,17,43,https://www.youtube.com/watch?v=txJ-T9lLsGM,0,0,0,,1667,210,191,396,https://www.twitch.tv/videos/2827803357
28e5717b1964475ca59ce02d81cb2796,707,14546,0,0,0,,0,0,0,,0,0,0,,3493,852,273,2008,https://www.twitch.tv/videos/2806111130
8bd1aad0ee834101b6042c08495a31be,707,17153,0,0,0,,0,0,0,,0,0,0,,250,17,12,20,https://www.twitch.tv/videos/2820562481
9b64082043fc451f9dd5edc793fa8605,706,8902,4,2,35,https://www.youtube.com/watch?v=RWfB_3SrPeU,0,0,0,,4,2,35,https://www.youtube.com/watch?v=RWfB_3SrPeU,1146,144,85,160,https://www.twitch.tv/videos/2821171266
d460f1ea172d49f9a23f3277a391ce30,705,5879,0,0,0,,0,0,0,,0,0,0,,530,43,32,43,https://www.twitch.tv/videos/2823745806
a4e31a26718d42d692f6613fafb810f5,703,17950,0,0,0,,0,0,0,,0,0,0,,0,0,0,0,
0800162a149e420ea0386c9506e710b7,702,29812,19,1,20,https://www.youtube.com/watch?v=-8sOnBlheAY,0,0,0,,19,1,20,https://www.youtube.com/watch?v=-8sOnBlheAY,0,0,0,0,
f5a99c6ea78e4023b1bc84c1502f432d,701,42328,34,14,2301,https://www.youtube.com/watch?v=hifWbTYjU70,32,12,89,https://www.youtube.com/watch?v=jF6uoGzpPWw,49,14,2301,https://www.youtube.com/watch?v=hifWbTYjU70,861,104,36,241,https://www.twitch.tv/videos/2828670292
26b00f5ff5bf4b5a8dcb6c5c34e1b4f6,699,5171,0,0,0,,0,0,0,,0,0,0,,6293,3240,1401,5006,https://www.twitch.tv/videos/2813824892
004e635d5d494045a810b2d026e769c7,699,70075,124,71,1358,https://www.youtube.com/watch?v=YvRIsLUoNVE,117,71,432,https://www.youtube.com/watch?v=oEp48_yD8Ws,1358,121,1358,https://www.youtube.com/watch?v=YvRIsLUoNVE,0,0,0,0,
8881d23b0a3c426590c8a2509e363ec1,698,87086,0,0,0,,0,0,0,,0,0,0,,2043,92,76,139,https://www.twitch.tv/videos/2824574892
bd16ea1e11d9475eb53a108ba90ea6a3,697,61183,39,22,74,https://www.youtube.com/watch?v=MQy-Bo-KdhM,39,22,74,https://www.youtube.com/watch?v=MQy-Bo-KdhM,0,0,0,,0,0,0,0,
2047c8ae25624470b90251b1fd9502d5,696,27891,0,0,0,,0,0,0,,0,0,0,,0,0,0,0,
87e486b2a37549cbaccc95bbf7d3f253,691,47494,30,17,679,https://www.youtube.com/watch?v=MsRVrnh97jQ,30,17,602,https://www.youtube.com/watch?v=AfVvcftJ6uQ,353,141,679,https://www.youtube.com/watch?v=MsRVrnh97jQ,2452,78,55,145,https://www.twitch.tv/videos/2818244654
a0467c81a3014fbf83029acffe5b1d3f,685,12338,0,0,0,,0,0,0,,0,0,0,,1149,33,25,40,https://www.twitch.tv/videos/2820408816
2c83b5b4c0644e9d94c4221ba9543cc5,683,19175,0,0,0,,0,0,0,,0,0,0,,286,79,65,217,https://www.twitch.tv/videos/2821748665
15ec206bfc374aaaa594bc12e9887a69,682,9428,0,0,0,,0,0,0,,0,0,0,,1627,100,83,100,https://www.twitch.tv/videos/2825339268
fc6a8de6e0e14e05a11b1d35dfce1d71,677,37197,36,24,41,https://www.youtube.com/watch?v=UJ0x3jMpcGY,36,24,41,https://www.youtube.com/watch?v=UJ0x3jMpcGY,0,0,0,,0,0,0,0,
c265c71f4d2744919a319f0f38c008f9,677,26418,0,0,0,,0,0,0,,0,0,0,,5859,0,0,0,
23d18a6678794320b2d3f9d468b9b3a4,676,46221,20,14,53,https://www.youtube.com/watch?v=-ic37mb00gw,20,14,53,https://www.youtube.com/watch?v=-ic37mb00gw,0,0,0,,1293,178,163,739,https://www.twitch.tv/videos/2821983956
424043d4c55449cd9317bc0923c13299,676,269744,88,38,212,https://www.youtube.com/watch?v=p2KeivnC2NY,88,38,212,https://www.youtube.com/watch?v=p2KeivnC2NY,0,0,0,,303,0,0,0,
6f0d9d64bb6a4a81af1e84a72d30f5b8,676,43449,147,69,1570,https://www.youtube.com/watch?v=LcfS1MnXYac,119,68,308,https://www.youtube.com/watch?v=_EjlmLcN8k0,695,380,1570,https://www.youtube.com/watch?v=LcfS1MnXYac,143,0,0,0,
e44a37ed06c749da9aeea8e16b309a84,675,28974,0,0,0,,0,0,0,,0,0,0,,27,0,0,0,
9bd9d680d6cf48d1a7171430f286fcb1,674,105056,265,89,894,https://www.youtube.com/watch?v=b_4e_t8kidA,25,0,25,https://www.youtube.com/watch?v=oOJatxTubQg,267,118,894,https://www.youtube.com/watch?v=b_4e_t8kidA,0,0,0,0,
f7185f45c8a44e69bf829405206996b9,672,31869,0,0,0,,0,0,0,,0,0,0,,55,0,0,0,
e5eb10612f5c4b069928fc1a71ad8e7d,672,86027,115,57,11634,https://www.youtube.com/watch?v=Cv99_tyT2qA,95,37,148,https://www.youtube.com/watch?v=wpZh_c2ukqg,3584,256,11634,https://www.youtube.com/watch?v=Cv99_tyT2qA,0,0,0,0,
94b3f738cde248e3bf6061f1692d6337,672,167852,0,0,0,,0,0,0,,0,0,0,,0,0,0,0,
0528d5a963af400884b2db8484a0d152,671,537,0,0,0,,0,0,0,,0,0,0,,407,0,0,0,
263db06cfe814d4397e6fc8bc593e70e,671,42999,97,80,97,https://www.youtube.com/watch?v=eHsfvsMYE74,0,0,0,,97,80,97,https://www.youtube.com/watch?v=eHsfvsMYE74,0,0,0,0,
433b2802b62441a39c721400926d59eb,671,43267,95,66,1949,https://www.youtube.com/watch?v=WQjk4vvZBU0,67,51,1018,https://www.youtube.com/watch?v=G7Pc50D5gcU,350,95,1949,https://www.youtube.com/watch?v=WQjk4vvZBU0,0,0,0,0,
6159040406fc4e6cb73dbf9734717703,671,98979,0,0,0,,0,0,0,,0,0,0,,2130,0,0,0,
5bbd1c2531594775a4b74928e630dd59,669,46553,0,0,0,,0,0,0,,0,0,0,,4201,310,83,1108,https://www.twitch.tv/videos/2819436801
da2113ffb3d74a6394685e68feaa7b60,668,172742,355,167,1198,https://www.youtube.com/watch?v=AHGju0gV6-g,32,17,93,https://www.youtube.com/watch?v=Yqla9HugVmU,420,213,1198,https://www.youtube.com/watch?v=AHGju0gV6-g,0,0,0,0,
49d38057272d4c4992cdbcb792c94d00,667,26550,26,13,47,https://www.youtube.com/watch?v=veyCryb5Wsg,26,13,47,https://www.youtube.com/watch?v=veyCryb5Wsg,0,0,0,,288,27,10,46,https://www.twitch.tv/videos/2811845029
c03997835cc943fe81a441c571d733d0,665,57727,29,13,38,https://www.youtube.com/watch?v=ua4ERw4-YuI,29,13,38,https://www.youtube.com/watch?v=ua4ERw4-YuI,0,0,0,,209,0,0,0,
d15b3fadead04e7399faaeb47fdf37f9,665,33780,0,0,0,,0,0,0,,0,0,0,,0,0,0,0,
7342e2aefa41449880565dfd15a35cad,663,20763,69,47,70,https://www.youtube.com/watch?v=ECKv7ZX0Bng,69,47,70,https://www.youtube.com/watch?v=ECKv7ZX0Bng,0,0,0,,0,0,0,0,
b96f58f4373a4b65977afe5f2829e9e4,662,167484,44,20,312,https://www.youtube.com/watch?v=kA6_AxFjw4w,43,16,66,https://www.youtube.com/watch?v=RpsE9Bwpi2E,312,208,312,https://www.youtube.com/watch?v=kA6_AxFjw4w,550,62,40,104,https://www.twitch.tv/videos/2827881502
dd6310e365b74ff69a4250bd4860a50b,662,61140,0,0,0,,0,0,0,,0,0,0,,4907,879,225,2409,https://www.twitch.tv/videos/2820211918
14d68e1fc65f4206b0c45d65970c0215,661,45070,88,61,103,https://www.youtube.com/watch?v=EMa8V0CwUpA,88,61,103,https://www.youtube.com/watch?v=EMa8V0CwUpA,0,0,0,,0,0,0,0,
4b305df8ba4546b48c8ec1cda5efb7e2,661,184665,168,64,1395,https://www.youtube.com/watch?v=mVPSga6dzxg,34,13,34,https://www.youtube.com/watch?v=l9wikdrJxLI,170,81,1395,https://www.youtube.com/watch?v=mVPSga6dzxg,0,0,0,0,
5d1f5182f62642a8a2e3ae5d3ead1014,661,53404,80,46,204,https://www.youtube.com/watch?v=wDnysJx4vAE,80,46,204,https://www.youtube.com/watch?v=wDnysJx4vAE,0,0,0,,0,0,0,0,
fcf160e0e39147b4b4037d1e4d18f076,658,78585,79,37,744,https://www.youtube.com/watch?v=YJuxAcNNeCg,79,33,744,https://www.youtube.com/watch?v=YJuxAcNNeCg,403,224,403,https://www.youtube.com/watch?v=5_tZHQP7BSo,0,0,0,0,
6e3eb55128024fcca66d26ce1eb53802,656,18257,791,176,1794,https://www.youtube.com/watch?v=rWVea8p5zOE,238,135,623,https://www.youtube.com/watch?v=PgLzqKZN30g,1178,294,1794,https://www.youtube.com/watch?v=rWVea8p5zOE,450,268,239,364,https://www.twitch.tv/videos/2824522033
948c874aac8c4c7fa088b380e79b2154,656,21022,0,0,0,,0,0,0,,0,0,0,,0,0,0,0,
f3a1ec7e996e4897ba4e34376f7c0be2,653,8974,0,0,0,,0,0,0,,0,0,0,,1015,0,0,0,
0f11420beab0442eae0208ac63d4474c,652,4201,24,13,24,https://www.youtube.com/watch?v=_fdTYB9YZlI,24,13,24,https://www.youtube.com/watch?v=_fdTYB9YZlI,0,0,0,,0,0,0,0,
e7f01ae0c78b4daeaaf8f3fe39946e8d,651,34547,24,13,49,https://www.youtube.com/watch?v=H8hJYo9U4Lw,24,13,49,https://www.youtube.com/watch?v=H8hJYo9U4Lw,0,0,0,,0,0,0,0,
e911a56d410b4949aee1d3a8dc84f4ad,651,40644,18,3,18,https://www.youtube.com/watch?v=SlUk1riLKtc,18,3,18,https://www.youtube.com/watch?v=SlUk1riLKtc,0,0,0,,0,0,0,0,
031da54f73f94adf8159ef0d3bfeb52b,649,70461,52,24,191,https://www.youtube.com/watch?v=RSdY4mtydh0,52,24,191,https://www.youtube.com/watch?v=RSdY4mtydh0,0,0,0,,0,0,0,0,
3e7ef261eb21464eacd7d26a1e6c2fcc,647,34230,61,30,1436,https://www.youtube.com/watch?v=FUcJwV7n1KI,61,26,1436,https://www.youtube.com/watch?v=FUcJwV7n1KI,1409,704,1409,https://www.youtube.com/watch?v=3xlzRRwYJEE,0,0,0,0,
677a773535814b5fa2d557da2f80bb89,646,17866,0,0,0,,0,0,0,,0,0,0,,424,0,0,0,
3e079110e939428085c1f1040ec756f9,646,8937,0,0,0,,0,0,0,,0,0,0,,0,0,0,0,
903278eb21a342669dc6f7eea7dbe618,646,25311,167,70,334,https://www.youtube.com/watch?v=dO1mc2xChFs,167,70,334,https://www.youtube.com/watch?v=dO1mc2xChFs,0,0,0,,0,0,0,0,
2c6b5ad20b4e4bdc85310b791d02b364,645,7368,0,0,0,,0,0,0,,0,0,0,,2318,0,0,0,
adb7f358e8134f30ac0919a74c9d171b,642,13963,0,0,0,,0,0,0,,0,0,0,,2280,240,182,653,https://www.twitch.tv/videos/2826960935
2ccdc43de33c478192767afae6309f06,642,76359,61,27,1491,https://www.youtube.com/watch?v=mJLNW5VQZDo,70,43,1491,https://www.youtube.com/watch?v=mJLNW5VQZDo,18,2,61,https://www.youtube.com/watch?v=Q5uOFQkbPj4,318,45,34,220,https://www.twitch.tv/videos/2828604467
4c127c01ba31487599018fc81ff1a3dd,641,37763,62,17,62,https://www.youtube.com/watch?v=FhBM6PdwDus,62,17,62,https://www.youtube.com/watch?v=FhBM6PdwDus,0,0,0,,0,0,0,0,
7c6c40e2c7b64a6997fb2173f446860f,641,46083,67,27,461,https://www.youtube.com/watch?v=hU5dS8TYTcg,64,26,142,https://www.youtube.com/watch?v=t-OFKOdsQ8o,461,91,461,https://www.youtube.com/watch?v=hU5dS8TYTcg,35,0,0,0,
2ffa876173cb42bc8a1de004fe10e391,640,13170,117,79,294,https://www.youtube.com/watch?v=uJJbEziw1QM,117,79,294,https://www.youtube.com/watch?v=uJJbEziw1QM,0,0,0,,0,0,0,0,
0ad03ee6159c4d37a4feccbc49ba3dcf,638,60231,17,8,617,https://www.youtube.com/watch?v=VzvLptk9j-A,17,8,617,https://www.youtube.com/watch?v=VzvLptk9j-A,0,0,0,,167,0,0,0,
2fbd2ed36dc7493b8d3e95a19c2c9847,637,51382,31,12,254,https://www.youtube.com/watch?v=0H8KfyWHAq4,30,11,87,https://www.youtube.com/watch?v=aN_ebGOesUg,185,49,254,https://www.youtube.com/watch?v=0H8KfyWHAq4,0,0,0,0,
54b80ca15e0c40f6abdebd37e0aa4ca1,637,15493,0,0,0,,0,0,0,,0,0,0,,717,0,0,0,
fdb0805c65e24f13b7f23e50e0db8ae2,635,46215,0,0,0,,0,0,0,,0,0,0,,8934,946,722,3771,https://www.twitch.tv/videos/2819698659
6bb99d03979041aa909d87375acaf92d,635,109981,761,41,761,https://www.youtube.com/watch?v=55oPXI5z09w,0,0,0,,761,41,761,https://www.youtube.com/watch?v=55oPXI5z09w,0,0,0,0,
e55e67f2f7f64a6da7ae604df1652f5e,635,253966,46,18,60,https://www.youtube.com/watch?v=ATURC3ePYGI,60,32,60,https://www.youtube.com/watch?v=ATURC3ePYGI,33,4,33,https://www.youtube.com/watch?v=HG4Nb3YXzbE,0,0,0,0,
bedd14283dd34a639c5f77a95856ecad,633,24075,149,74,521,https://www.youtube.com/watch?v=3u6-pJH06l8,149,74,521,https://www.youtube.com/watch?v=3u6-pJH06l8,0,0,0,,0,0,0,0,
e50da8792cd94b009eaa8dd4be738d59,632,2065,0,0,0,,0,0,0,,0,0,0,,1146,140,116,200,https://www.twitch.tv/videos/2826831223
ec332c6e824044698204e6dba3e5fbfc,631,12078,0,0,0,,0,0,0,,0,0,0,,555,0,0,0,
04ca68439fd14d088c77eb0069e6414f,630,58316,0,0,0,,0,0,0,,0,0,0,,368,0,0,0,
5e931b583dfe4fdc98d10e4dceaf2c93,629,23772,15,8,68,https://www.youtube.com/watch?v=PHZPDC4TJrg,0,0,0,,15,8,68,https://www.youtube.com/watch?v=PHZPDC4TJrg,1564,154,116,185,https://www.twitch.tv/videos/2820454129
326a721a7a904cb9b5ed0dad4899d7c2,628,22666,0,0,0,,0,0,0,,0,0,0,,866,343,243,441,https://www.twitch.tv/videos/2822960610
1f455594561b421da20dde10d1540981,625,44743,0,0,0,,0,0,0,,0,0,0,,6219,470,256,857,https://www.twitch.tv/videos/2817362559
809ddec4aec2402ea41adeba2f8520ec,625,61082,5,2,25,https://www.youtube.com/watch?v=5HPwN7Bd1fs,0,0,0,,5,2,25,https://www.youtube.com/watch?v=5HPwN7Bd1fs,1289,293,232,344,https://www.twitch.tv/videos/2826816021
6c2b07e387644ff1898d8c536747dcb0,624,21122,0,0,0,,0,0,0,,0,0,0,,318,67,64,67,https://www.twitch.tv/videos/2828648252
3e6f13f775fa4ef09ff9b26ce062eb52,624,1650,0,0,0,,0,0,0,,0,0,0,,306,0,0,0,
dec8ff1f1ef243ccb8fa65edb7a813bd,623,891,0,0,0,,0,0,0,,0,0,0,,326,0,0,0,
12d506583827419e9eb3b64ec551a94d,623,33472,65,2,65,https://www.youtube.com/watch?v=u8ObF16Fohw,65,2,65,https://www.youtube.com/watch?v=u8ObF16Fohw,0,0,0,,24,0,0,0,
8a19d25c92fe4b3194f1211d503d6d4d,622,63756,488,270,1815,https://www.youtube.com/watch?v=nW2YE2QwPMI,0,0,0,,488,270,1815,https://www.youtube.com/watch?v=nW2YE2QwPMI,0,0,0,0,
b16b9643e24d404a8de6d66551451b85,621,9615,0,0,0,,0,0,0,,0,0,0,,3315,148,109,198,https://www.twitch.tv/videos/2822099939
b8ccfa7aec6a419ca8ad1a91d9fafdf6,620,0,0,0,0,,0,0,0,,0,0,0,,2486,171,128,1034,https://www.twitch.tv/videos/2819420470
8b0dbadf9faa4815923944437f1c1abb,617,75963,8,3,61,https://www.youtube.com/watch?v=LoJDZFt070A,0,0,0,,8,3,61,https://www.youtube.com/watch?v=LoJDZFt070A,0,0,0,0,
defbc693cb874182807b768593439616,617,19220,0,0,0,,0,0,0,,0,0,0,,1637,288,76,458,https://www.twitch.tv/videos/2824487848
6142bdfa61cd4f3092263bfe477e8e0b,617,153109,29,28,1502,https://www.youtube.com/watch?v=_ir_KcTQQmw,21,11,31,https://www.youtube.com/watch?v=zDgqYiEfYZY,1179,1136,1502,https://www.youtube.com/watch?v=_ir_KcTQQmw,0,0,0,0,
52324c45fae74014bc603ae09d8d6136,615,10924,278,130,1974,https://www.youtube.com/watch?v=AL0SMBNZ3sI,235,142,1282,https://www.youtube.com/watch?v=7Iti6T7Utlg,851,116,1974,https://www.youtube.com/watch?v=AL0SMBNZ3sI,82,0,0,0,
66345fc8147b45e99d6eba1b0df6ba7c,615,31920,0,0,0,,0,0,0,,0,0,0,,0,0,0,0,
e07cd7e29645414481d441fcfd4fd456,614,29498,6,0,28,https://www.youtube.com/watch?v=voVm0l9Hzj4,0,0,0,,6,0,28,https://www.youtube.com/watch?v=voVm0l9Hzj4,0,0,0,0,
7d53d75ac36b4faea2450918f84dada3,611,27105,57,46,1499,https://www.youtube.com/watch?v=6KeltgkyhrQ,53,43,92,https://www.youtube.com/watch?v=ZaBcSKDo_qU,534,477,1499,https://www.youtube.com/watch?v=6KeltgkyhrQ,0,0,0,0,
5507154831064d69906acc64c76b1c99,611,15131,0,0,0,,0,0,0,,0,0,0,,3223,773,430,72281,https://www.twitch.tv/videos/2822174754
1e131b3460564fd49ca9675ead6ad9c6,610,38664,73,27,138,https://www.youtube.com/watch?v=a_dosGCFICo,73,27,138,https://www.youtube.com/watch?v=a_dosGCFICo,0,0,0,,0,0,0,0,
20b9316c0979495fbff724be3442d4a4,608,154370,70,16,607,https://www.youtube.com/watch?v=M0MxohnTlJE,76,28,607,https://www.youtube.com/watch?v=M0MxohnTlJE,46,12,455,https://www.youtube.com/watch?v=YGendOmaVYk,17,0,0,0,
d02adf3818df4c9fa03ed90bf1df5b41,606,15503,0,0,0,,0,0,0,,0,0,0,,0,0,0,0,
3849edba2b2e411f8564e9c1d1aaaa51,605,76652,83,43,113,https://www.youtube.com/watch?v=u0fEqnqaXQo,83,43,113,https://www.youtube.com/watch?v=u0fEqnqaXQo,0,0,0,,0,0,0,0,
7c781489389447e682388caccae7fb1c,605,22203,17,9,19,https://www.youtube.com/watch?v=OQZ-B2JkPIo,0,0,0,,17,9,19,https://www.youtube.com/watch?v=OQZ-B2JkPIo,1049,46,24,46,https://www.twitch.tv/videos/2818190836
9760ffdb528f40a7bd010589f2ce06c4,605,29742,5,3,5,https://www.youtube.com/watch?v=rccZOJuM5Nc,0,0,0,,5,3,5,https://www.youtube.com/watch?v=rccZOJuM5Nc,784,143,103,210,https://www.twitch.tv/videos/2824422920
3de1f749e7fe4b219a2a10611311297f,604,23201,0,0,0,,0,0,0,,0,0,0,,354,0,0,0,
3f74c9c84fac427ea0e3d147c6027e82,599,19391,17,8,42,https://www.youtube.com/watch?v=mFJIg3TbgPM,16,8,42,https://www.youtube.com/watch?v=mFJIg3TbgPM,19,0,19,https://www.youtube.com/watch?v=jo2LfNkMhNA,0,0,0,0,
c1ca3c2282084d0ebbdeb3896801aec9,598,19190,0,0,0,,0,0,0,,0,0,0,,254,0,0,0,
21507f58118d406b87fd42a39c87855a,595,20434,124,30,213,https://www.youtube.com/watch?v=I1pXCBoWUG0,124,30,213,https://www.youtube.com/watch?v=I1pXCBoWUG0,0,0,0,,0,0,0,0,
02fc4a811f9b45b38e94ce75f36a8efa,595,24371,248,56,1991,https://www.youtube.com/watch?v=rhmNvejoJC8,63,40,703,https://www.youtube.com/watch?v=erQNG8Dy-28,424,199,1991,https://www.youtube.com/watch?v=rhmNvejoJC8,0,0,0,0,
7a570b5273ae4e359a6491aba1313011,595,17509,48,4,48,https://www.youtube.com/watch?v=QziELqnP_vc,48,4,48,https://www.youtube.com/watch?v=QziELqnP_vc,0,0,0,,4340,681,626,3393,https://www.twitch.tv/videos/2822982441
8c4d0ef0e1ee405e93be5d03974307ce,594,31562,49,22,50,https://www.youtube.com/watch?v=DaLftXVfjqE,49,22,50,https://www.youtube.com/watch?v=DaLftXVfjqE,0,0,0,,32,0,0,0,
4e35059a74df41189368fad5263a1f3f,594,60808,51,32,1970,https://www.youtube.com/watch?v=EfjJlp9u0_g,50,19,204,https://www.youtube.com/watch?v=Yk_FU5ymOXM,1693,856,1970,https://www.youtube.com/watch?v=EfjJlp9u0_g,70,18,16,41,https://www.twitch.tv/videos/2828660254
36ad63809a2441c9b85f7ee628136ce3,592,100030,60,34,1957,https://www.youtube.com/watch?v=g-2Yg4wTfHU,55,29,85,https://www.youtube.com/watch?v=3jbA6uCgxus,344,137,1957,https://www.youtube.com/watch?v=g-2Yg4wTfHU,23,0,0,0,
4cc07f3cbfed434090bba391bc15fd6d,590,39785,15,4,15,https://www.youtube.com/watch?v=M8uLJPEiK_A,0,0,0,,15,4,15,https://www.youtube.com/watch?v=M8uLJPEiK_A,1730,852,29,852,https://www.twitch.tv/videos/2806563482
d613059b356d4cc9b1c3e998f32d1a5a,586,22156,0,0,0,,0,0,0,,0,0,0,,11241,2182,827,3251,https://www.twitch.tv/videos/2819647023
25262970b019418badba15bc46f9c048,586,121722,80,39,269,https://www.youtube.com/watch?v=j0ZpvsPwiIQ,80,39,269,https://www.youtube.com/watch?v=j0ZpvsPwiIQ,0,0,0,,510,148,54,240,https://www.twitch.tv/videos/2806286035
ff88906b47654805b8370426415f1183,584,20733,0,0,0,,0,0,0,,0,0,0,,3443,570,375,996,https://www.twitch.tv/videos/2816175421
aa673b95b03540288c87dbaa59477ef9,583,38528,0,0,0,,0,0,0,,0,0,0,,0,0,0,0,
b76eb671dc62463fb845025be34526b7,583,33376,16405,6865,26213,https://www.youtube.com/watch?v=4ZHZJprYq1c,0,0,0,,16405,6865,26213,https://www.youtube.com/watch?v=4ZHZJprYq1c,0,0,0,0,
7dc8617f6004470c8a65a67a9abdf661,583,19498,41,13,66,https://www.youtube.com/watch?v=-8r1fco1XxM,41,13,66,https://www.youtube.com/watch?v=-8r1fco1XxM,0,0,0,,259,60,50,60,https://www.twitch.tv/videos/2825421938
9fba4ecf861140acb418c343a475f99c,581,53534,94,29,335,https://www.youtube.com/watch?v=RfNrhNRbq4Y,94,29,335,https://www.youtube.com/watch?v=RfNrhNRbq4Y,0,0,0,,138,25,13,80,https://www.twitch.tv/videos/2824524464
6f5a8075e60244cb8e74c6aa35daaa2a,577,29778,0,0,0,,0,0,0,,0,0,0,,0,0,0,0,
52ff14aabd804801a6e589681fc2fb4d,576,72528,16,3,25,https://www.youtube.com/watch?v=hWdoXZVWnv0,23,5,25,https://www.youtube.com/watch?v=hWdoXZVWnv0,15,3,16,https://www.youtube.com/watch?v=0fS2DOGeb2o,1612,0,0,0,
fad52a34935b402a819aa4bb504453da,575,30229,23,22,23,https://www.youtube.com/watch?v=PA1NH55iBlU,23,22,23,https://www.youtube.com/watch?v=PA1NH55iBlU,0,0,0,,0,0,0,0,
ea7f97145fd44a51a95e5b97a6b8366c,575,165582,854,250,1624,https://www.youtube.com/watch?v=hgDRtuPcSp8,0,0,0,,854,250,1624,https://www.youtube.com/watch?v=hgDRtuPcSp8,0,0,0,0,
7179f903569e4fa9842b5c5ea3f7a645,575,35475,60,28,75,https://www.youtube.com/watch?v=u5Bljz-JRhA,60,28,75,https://www.youtube.com/watch?v=u5Bljz-JRhA,0,0,0,,643,71,46,72,https://www.twitch.tv/videos/2818161133
d6827fe530ca4db4b748651c72e81ead,575,15901,46,18,200,https://www.youtube.com/watch?v=7FkX-atZPCU,46,18,200,https://www.youtube.com/watch?v=7FkX-atZPCU,0,0,0,,256,35,25,43,https://www.twitch.tv/videos/2819654789
91216a87fe704ea9a42d3aabc1683f90,575,28479,487,213,1842,https://www.youtube.com/watch?v=Q4bGUNZwtZI,292,178,740,https://www.youtube.com/watch?v=RMiQQRMOiwI,1040,274,1842,https://www.youtube.com/watch?v=Q4bGUNZwtZI,49,31,24,45,https://www.twitch.tv/videos/2823844748
14392ae1c106403ab690e8a6dea7c534,572,49621,72,31,1932,https://www.youtube.com/watch?v=nSL74rj2nkg,71,30,164,https://www.youtube.com/watch?v=OrncxNFE7-Y,1932,316,1932,https://www.youtube.com/watch?v=nSL74rj2nkg,0,0,0,0,
c4ad3b6c4fe94f9a8142895fd869dfb9,571,4697,3,2,5,https://www.youtube.com/watch?v=2lI1H1ey3Ys,0,0,0,,3,2,5,https://www.youtube.com/watch?v=2lI1H1ey3Ys,1492,101,92,489,https://www.twitch.tv/videos/2822756398
4859b57db8e043f1965e56324f137097,571,92335,0,0,0,,0,0,0,,0,0,0,,2021,169,145,284,https://www.twitch.tv/videos/2818931970
22aaa78ca5fa444bb70649727131c0f2,570,18598,0,0,0,,0,0,0,,0,0,0,,0,0,0,0,
76a17ecab93c4c3db069c9a5d8d0ecf5,568,44890,0,0,0,,0,0,0,,0,0,0,,1826,280,193,1492,https://www.twitch.tv/videos/2823648383
994fcc5db40840ae990cf1ce43728548,566,12949,65,23,109,https://www.youtube.com/watch?v=0O40p2VVPks,65,23,109,https://www.youtube.com/watch?v=0O40p2VVPks,0,0,0,,0,0,0,0,
993f7baff5d24cf69d077e30f7fd1a9d,566,26462,0,0,0,,0,0,0,,0,0,0,,0,0,0,0,
ee5418c900a7400fa44c821eaaca0218,565,10142,13,2,13,https://www.youtube.com/watch?v=fcdymEy-Aok,0,0,0,,13,2,13,https://www.youtube.com/watch?v=fcdymEy-Aok,629,19,10,45,https://www.twitch.tv/videos/2811863131
22b0dfc3703e477d9ce6880cdbfafd91,565,23820,0,0,0,,0,0,0,,0,0,0,,2374,0,0,0,
a1f8a0af53c34922b0c66ebdf4b3381d,564,10421,84,27,194,https://www.youtube.com/watch?v=lVITN4QjBdo,84,27,194,https://www.youtube.com/watch?v=lVITN4QjBdo,0,0,0,,76,0,0,0,
746abd9861714105823ebfb2a18f6fdc,564,46817,38,13,91,https://www.youtube.com/watch?v=geEfEnJE9lc,38,13,91,https://www.youtube.com/watch?v=geEfEnJE9lc,0,0,0,,0,0,0,0,
5908563b5c944c7b919b08e5233a8a5a,563,143942,8,3,1199,https://www.youtube.com/watch?v=GlROe4MeZso,0,0,0,,8,3,1199,https://www.youtube.com/watch?v=GlROe4MeZso,983,90,56,121,https://www.twitch.tv/videos/2825315843
5e259658ed814cc894dfe408d10ecc6e,563,31486,94,30,94,https://www.youtube.com/watch?v=TTGrEarFVQA,94,30,94,https://www.youtube.com/watch?v=TTGrEarFVQA,0,0,0,,0,0,0,0,
ba795eb1ea0f4fea888b1bfff3d5be86,562,69320,233,94,233,https://www.youtube.com/watch?v=viuUoyO80Ss,0,0,0,,233,94,233,https://www.youtube.com/watch?v=viuUoyO80Ss,3421,0,0,0,
6542ad533b67427ab99e5b2277ace17d,561,15668,0,0,0,,0,0,0,,0,0,0,,0,0,0,0,
b511c9a0eba7474fbb8ac8d02ff357b7,561,65935,32,27,1577,https://www.youtube.com/watch?v=vLfXYKGE1jY,32,20,134,https://www.youtube.com/watch?v=cPV3fAhUKsU,1519,853,1577,https://www.youtube.com/watch?v=vLfXYKGE1jY,0,0,0,0,
318268a48a3c47b7a56609c204d02b03,561,15117,0,0,0,,0,0,0,,0,0,0,,3279,180,120,420,https://www.twitch.tv/videos/2828430744
7dd6c13c71ee452e9a85dec903f2ee15,560,31469,0,0,0,,0,0,0,,0,0,0,,0,0,0,0,
df6e2520044744f0957a83db74b386bb,560,15603,0,0,0,,0,0,0,,0,0,0,,0,0,0,0,
21f5355738614770afb34b761a4c45af,557,4406,0,0,0,,0,0,0,,0,0,0,,0,0,0,0,
b88a2e77cd7b4758925642f63b58051a,555,65141,361,77,2711,https://www.youtube.com/watch?v=HnjKONRhMns,124,51,135,https://www.youtube.com/watch?v=8U2UVt5eeDM,477,101,2711,https://www.youtube.com/watch?v=HnjKONRhMns,0,0,0,0,
82d775c8bb1740c0a6db1037d3bf5fe0,555,15168,71,53,147,https://www.youtube.com/watch?v=qKtJ-j_BZ2A,71,53,147,https://www.youtube.com/watch?v=qKtJ-j_BZ2A,0,0,0,,0,0,0,0,
21c8f34b3284456792c28b2ce7290589,553,24059,0,0,0,,0,0,0,,0,0,0,,0,0,0,0,
54c49dea17ad4eb5aeb7ce1698dc01be,552,33785,61,10,82,https://www.youtube.com/watch?v=N9Y22LAAmhs,61,10,82,https://www.youtube.com/watch?v=N9Y22LAAmhs,0,0,0,,115,0,0,0,
0e136a936a574815a311e6e801ce3ca6,550,21564,44,32,44,https://www.youtube.com/watch?v=fMg0_2COfqY,44,32,44,https://www.youtube.com/watch?v=fMg0_2COfqY,0,0,0,,38,0,0,0,
6503172c78774a0fa639255ac2e7e85a,549,21181,20,9,30,https://www.youtube.com/watch?v=7FaVlXejnG0,22,11,30,https://www.youtube.com/watch?v=7FaVlXejnG0,19,7,19,https://www.youtube.com/watch?v=vjItNOGXJjc,0,0,0,0,
161544bf51864b2bad46cdd769bee278,549,21665,93,55,342,https://www.youtube.com/watch?v=vI-oqDKWbwA,108,55,342,https://www.youtube.com/watch?v=vI-oqDKWbwA,51,37,51,https://www.youtube.com/watch?v=38reRbFSkG4,200,107,78,132,https://www.twitch.tv/videos/2823766005
f5493e350f514aae860e4fbc529adf4c,549,339,0,0,0,,0,0,0,,0,0,0,,0,0,0,0,
156c4271fe17425bb02fd7b24f5a2a7a,548,9299,117,63,594,https://www.youtube.com/watch?v=oLobxqPFJQE,0,0,0,,117,63,594,https://www.youtube.com/watch?v=oLobxqPFJQE,0,0,0,0,
619f48c4546c481bbc52aadc12c3e48f,546,6982,0,0,0,,0,0,0,,0,0,0,,2520,374,228,536,https://www.twitch.tv/videos/2826052438
1760601b33854f2ab58b6217bd2cfedf,544,34259,0,0,0,,0,0,0,,0,0,0,,0,0,0,0,
bd7947d2357941039893b911b18f3b4c,536,45806,128,20,323,https://www.youtube.com/watch?v=Qj0BsrxpOm0,128,20,323,https://www.youtube.com/watch?v=Qj0BsrxpOm0,0,0,0,,660,106,84,132,https://www.twitch.tv/videos/2820536650
b359f595b54b4edc8969423a8b5658ff,536,34126,12,3,881,https://www.youtube.com/watch?v=t_cDEw4woMg,0,0,0,,12,3,881,https://www.youtube.com/watch?v=t_cDEw4woMg,0,0,0,0,
5dd38c1bf796414399e7c80092c1d984,536,473375,43,13,36690,https://www.youtube.com/watch?v=22GqRbtPxAo,23,8,68,https://www.youtube.com/watch?v=MlQawVSmgGo,424,113,36690,https://www.youtube.com/watch?v=22GqRbtPxAo,53,7,6,12,https://www.twitch.tv/videos/2824549393
d6afb902dbe04e35ab52f961f538f9bd,535,26677,136,34,572,https://www.youtube.com/watch?v=Y8ywA7wXZu0,44,36,44,https://www.youtube.com/watch?v=veYx2CBARDQ,169,33,572,https://www.youtube.com/watch?v=Y8ywA7wXZu0,130,43,35,43,https://www.twitch.tv/videos/2825239679
84111bbae2be41ea96c8b2f6c755f00c,534,19810,102,53,109,https://www.youtube.com/watch?v=RPON_xLyou4,102,53,109,https://www.youtube.com/watch?v=RPON_xLyou4,0,0,0,,1586,304,187,633,https://www.twitch.tv/videos/2818987572
a6b0f8c8343041f0b1ea96c46ee4e582,534,18285,45,25,69,https://www.youtube.com/watch?v=ltHXHhSCcWk,69,39,69,https://www.youtube.com/watch?v=ltHXHhSCcWk,22,11,22,https://www.youtube.com/watch?v=F2uGPqmC_VY,248,66,42,108,https://www.twitch.tv/videos/2818987845
7344fd4a1019434792afd863eddb4250,534,36824,0,0,0,,0,0,0,,0,0,0,,1741,426,257,562,https://www.twitch.tv/videos/2825330539
f072e780d0c84ca08c27020e1f2de365,534,15471,11,8,35,https://www.youtube.com/watch?v=vgzgRKtFrEA,35,17,35,https://www.youtube.com/watch?v=vgzgRKtFrEA,5,2,18,https://www.youtube.com/watch?v=b8BpOfPnNjs,696,48,38,48,https://www.twitch.tv/videos/2824550485
7731172cfcaa4e668762473a7b9d509a,532,15600,0,0,0,,0,0,0,,0,0,0,,823,0,0,0,
87df5b92303e4410884b8c52ff2c4e0d,530,45043,7,2,30,https://www.youtube.com/watch?v=flBIr5wO2JU,0,0,0,,7,2,30,https://www.youtube.com/watch?v=flBIr5wO2JU,1180,259,192,1084,https://www.twitch.tv/videos/2826457361
100af980504b4bd38c8b2192d1e71b29,529,34453,27,9,917,https://www.youtube.com/watch?v=tFjEKoXywpM,15,1,40,https://www.youtube.com/watch?v=-OL7di5kcMk,917,490,917,https://www.youtube.com/watch?v=tFjEKoXywpM,0,0,0,0,
c6704a4edfef443ba46ba7f0db0c4ff9,528,13971,0,0,0,,0,0,0,,0,0,0,,0,0,0,0,
01d150623c984f3d8d7de4b1859afadd,525,10950,0,0,0,,0,0,0,,0,0,0,,0,0,0,0,
1e4f8348a36e4ab3abda426f1810513a,524,13801,0,0,0,,0,0,0,,0,0,0,,0,0,0,0,
780ca962f78b49d580c8a078b0525d25,523,21050,59,22,59,https://www.youtube.com/watch?v=19gNMrZmRzc,59,22,59,https://www.youtube.com/watch?v=19gNMrZmRzc,0,0,0,,0,0,0,0,
9099b86c3fe84a138b0bc1f258bca138,523,22921,30,20,93,https://www.youtube.com/watch?v=_sBd0aba_9Y,30,20,93,https://www.youtube.com/watch?v=_sBd0aba_9Y,0,0,0,,0,0,0,0,
37e88453b9cb48b1863bc455328b34c1,522,8114,0,0,0,,0,0,0,,0,0,0,,1494,131,86,199,https://www.twitch.tv/videos/2820450303
ffffcd6d454a4e77a215927a82c460bc,521,121985,1354,518,1768,https://www.youtube.com/watch?v=tncfREJNvl4,0,0,0,,1354,518,1768,https://www.youtube.com/watch?v=tncfREJNvl4,1075,72,54,174,https://www.twitch.tv/videos/2823768166
aa182728aa6d44c4ae37caa7cdb8ed29,520,21859,38,15,38,https://www.youtube.com/watch?v=qd3OVxk8ObE,38,15,38,https://www.youtube.com/watch?v=qd3OVxk8ObE,0,0,0,,222,0,0,0,
41ad2f1c78f0406ab5460f38115002d7,519,21767,49,14,51,https://www.youtube.com/watch?v=x7BsE35ahdo,49,14,51,https://www.youtube.com/watch?v=x7BsE35ahdo,0,0,0,,0,0,0,0,
3f2e41bdee4145f59fa97830ba3f5edb,519,16674,0,0,0,,0,0,0,,0,0,0,,2552,334,275,483,https://www.twitch.tv/videos/2819049210
b0df22881775422093e3e64a63b01a5a,518,62501,73,25,110,https://www.youtube.com/watch?v=MMAXfauDxzo,83,27,110,https://www.youtube.com/watch?v=MMAXfauDxzo,16,10,16,https://www.youtube.com/watch?v=tNgz0uhCP7c,156,0,0,0,
3750eae778e9453eaeee75956a8dabc6,517,8680,0,0,0,,0,0,0,,0,0,0,,2535,189,153,287,https://www.twitch.tv/videos/2824773160
c232b3088a6e49b997b325d5de9a3013,517,20048,54,24,102,https://www.youtube.com/watch?v=asUG8JoJHZw,54,24,102,https://www.youtube.com/watch?v=asUG8JoJHZw,0,0,0,,155,0,0,0,
b7b1cb60f1c24c0ea4fb1f506d3e247a,517,14342,0,0,0,,0,0,0,,0,0,0,,1560,236,117,398,https://www.twitch.tv/videos/2808009459
2bffdc20e3cb48de9bf46600f62d248e,514,27065,0,0,0,,0,0,0,,0,0,0,,290,0,0,0,
cd1224f4756340c594f3c36245e9b4d4,513,146284,195,56,254,https://www.youtube.com/watch?v=r5xL8ReN3wQ,0,0,0,,195,56,254,https://www.youtube.com/watch?v=r5xL8ReN3wQ,2111,167,116,256,https://www.twitch.tv/videos/2819677249
ffdc53dc3c764656a2f76031ee262b60,513,7292,0,0,0,,0,0,0,,0,0,0,,228,0,0,0,
e53ab7560fbc44fcba0dc3b7dceff697,513,7848,300,219,598,https://www.youtube.com/watch?v=DYYPfGxQ-6k,129,108,129,https://www.youtube.com/watch?v=b5F-RU1LVkI,449,288,598,https://www.youtube.com/watch?v=DYYPfGxQ-6k,0,0,0,0,
cbee87914d63402b825bf74d25333236,510,17658,69,43,72,https://www.youtube.com/watch?v=_soLVVCzgVc,69,43,72,https://www.youtube.com/watch?v=_soLVVCzgVc,0,0,0,,0,0,0,0,
17a340801a7d4697be53c472c621993d,510,26123,178,95,178,https://www.youtube.com/watch?v=mW--MaXwdPs,0,0,0,,178,95,178,https://www.youtube.com/watch?v=mW--MaXwdPs,792,0,0,0,
1a95847597f04ae39d6f0d9caba04a5f,508,19399,366,271,366,https://www.youtube.com/watch?v=mjUpx2Dl2VM,0,0,0,,366,271,366,https://www.youtube.com/watch?v=mjUpx2Dl2VM,1574,231,200,393,https://www.twitch.tv/videos/2823637054
ce013f56157740e59c7735bd51356260,507,23381,0,0,0,,0,0,0,,0,0,0,,365,0,0,0,
52136fb3529d4f5eb5225ade4209b8b3,507,12149,20,0,21,https://www.youtube.com/watch?v=G98Gq2CBByA,20,0,21,https://www.youtube.com/watch?v=G98Gq2CBByA,0,0,0,,0,0,0,0,
423ee3a5dbd549f19893a1823856b8dc,505,72151,0,0,0,,0,0,0,,0,0,0,,488,0,0,0,
95df3846ff6644429227e9e058994ad8,503,25611,60,27,96,https://www.youtube.com/watch?v=Jio1EJK0cdY,60,27,96,https://www.youtube.com/watch?v=Jio1EJK0cdY,0,0,0,,0,0,0,0,
33546b9ad5a8408589405f9467063dd7,503,14171,1470,1092,1579,https://www.youtube.com/watch?v=Ud8mhmBrOOs,0,0,0,,1470,1092,1579,https://www.youtube.com/watch?v=Ud8mhmBrOOs,3644,158,79,419,https://www.twitch.tv/videos/2809663136
323c21f9e49f47d48609f698a3f81fd5,503,6175,29,7,31,https://www.youtube.com/watch?v=aoaB2BlQpBI,29,7,31,https://www.youtube.com/watch?v=aoaB2BlQpBI,0,0,0,,0,0,0,0,
442edbdb59fe4979a2be3e5183258cf8,502,22730,33,9,57,https://www.youtube.com/watch?v=-ISWhnHE8G4,33,9,57,https://www.youtube.com/watch?v=-ISWhnHE8G4,0,0,0,,0,0,0,0,
8db6aab32c8e45c8a70d0850bfcd3e5c,501,27449,28,15,30,https://www.youtube.com/watch?v=FQ1h_cYF8DU,28,15,30,https://www.youtube.com/watch?v=FQ1h_cYF8DU,0,0,0,,151,0,0,0,
c40a4498540d462a89c2391a41aa9f0e,500,18494,1505,1107,1505,https://www.youtube.com/watch?v=nSuAnI7pFE0,0,0,0,,1505,1107,1505,https://www.youtube.com/watch?v=nSuAnI7pFE0,2397,274,223,291,https://www.twitch.tv/videos/2823762378
73abc31606db493f971f679dfde4f7e5,500,58295,38,21,1524,https://www.youtube.com/watch?v=2HMnFYaJYws,37,20,54,https://www.youtube.com/watch?v=jHPtIWwRJ8g,214,59,1524,https://www.youtube.com/watch?v=2HMnFYaJYws,82,0,0,0,
af41302aa9184c2dbc25d2ed16e878fc,497,88528,29,10,137,https://www.youtube.com/watch?v=eUHHlSCzdIg,29,9,137,https://www.youtube.com/watch?v=eUHHlSCzdIg,98,39,98,https://www.youtube.com/watch?v=inDnAix_Fuc,252,0,0,0,
c699beab8e8a4064849c977b67058447,497,21723,0,0,0,,0,0,0,,0,0,0,,1331,266,210,266,https://www.twitch.tv/videos/2824416125
09c9c71c41e24e7d9498ce41a78dae1c,493,13500,0,0,0,,0,0,0,,0,0,0,,463,0,0,0,
54355102572e408183af55831cb98e3a,492,28338,0,0,0,,0,0,0,,0,0,0,,181,0,0,0,
aedfb89bad4545379af018f5933bddb7,489,27701,80,35,166,https://www.youtube.com/watch?v=onuwZnN9c2g,73,34,166,https://www.youtube.com/watch?v=onuwZnN9c2g,110,73,110,https://www.youtube.com/watch?v=Ms0Ra3nasfo,25,0,0,0,
533e7b1b50ba448292c09c5845d68eb6,487,9361,131,0,131,https://www.youtube.com/watch?v=p0LUzmBe8m0,131,0,131,https://www.youtube.com/watch?v=p0LUzmBe8m0,0,0,0,,268,0,0,0,
e306270e80094416818cfddb33153419,487,18741,0,0,0,,0,0,0,,0,0,0,,0,0,0,0,
1bf9786ba55042b9ae3294dadfc7b40d,486,19458,41,12,58,https://www.youtube.com/watch?v=qKPR2lwQWX0,41,12,58,https://www.youtube.com/watch?v=qKPR2lwQWX0,0,0,0,,0,0,0,0,
6926325d2c1c4c4e87f7be69ab675d53,484,105701,66,27,132,https://www.youtube.com/watch?v=Br8Uiee1K3c,65,25,132,https://www.youtube.com/watch?v=Br8Uiee1K3c,79,58,79,https://www.youtube.com/watch?v=J7WvkeNhLss,0,0,0,0,
6d1b01658ae74a7f91c7f60b5abe1cb2,484,46901,37,9,64,https://www.youtube.com/watch?v=yh_6VeLQozU,64,13,64,https://www.youtube.com/watch?v=yh_6VeLQozU,11,5,11,https://www.youtube.com/watch?v=JzDo0Bz92d8,0,0,0,0,
085ed0ddc3294678b9570fdbcf581c64,484,255,0,0,0,,0,0,0,,0,0,0,,31204,782,241,61158,https://www.twitch.tv/videos/2816407141
51f3508054da4987b4e8f659e4d28d1d,483,3094,0,0,0,,0,0,0,,0,0,0,,4941,510,90,1055,https://www.twitch.tv/videos/2818015912
acb95c574d8444cd80102796e0d56edd,482,66389,0,0,0,,0,0,0,,0,0,0,,220,0,0,0,
91f5b04be2e74f64b03e0774cc275748,482,21064,0,0,0,,0,0,0,,0,0,0,,0,0,0,0,
e41bf48a09d64e4aa3d96064a9a63b08,480,87898,0,0,0,,0,0,0,,0,0,0,,70,0,0,0,
7652b3bd3da6418cbf02c85057077b54,479,12328,45,13,88,https://www.youtube.com/watch?v=FwcLPaVvoGc,45,13,88,https://www.youtube.com/watch?v=FwcLPaVvoGc,0,0,0,,278,0,0,0,
6695a7e8f824489881f2c321501a36a6,479,25451,17,8,27,https://www.youtube.com/watch?v=DoJ94Ce8b3o,17,8,27,https://www.youtube.com/watch?v=DoJ94Ce8b3o,0,0,0,,0,0,0,0,
09945e9139af4f3a96e6adfd73139d35,478,16636,58,0,58,https://www.youtube.com/watch?v=kqQFnM61Pcg,0,0,0,,58,0,58,https://www.youtube.com/watch?v=kqQFnM61Pcg,1605,124,88,194,https://www.twitch.tv/videos/2818242417
d2da40bb201e49ddbd6a8780bfaf8b63,476,15111,0,0,0,,0,0,0,,0,0,0,,1339,0,0,0,
7677c9c71c0a4decad1472b7ecc604bb,476,6091,0,0,0,,0,0,0,,0,0,0,,488,0,0,0,
88917b370d0041d8be65372342c92523,476,25137,8,6,32,https://www.youtube.com/watch?v=v5AC-7n4K6A,0,0,0,,8,6,32,https://www.youtube.com/watch?v=v5AC-7n4K6A,2104,720,417,854,https://www.twitch.tv/videos/2824536757
037bc9366d5949b0877707007b4b1ed5,475,22756,0,0,0,,0,0,0,,0,0,0,,360,0,0,0,
3981c01691a44d708da1191e9546eaad,472,33933,41,15,870,https://www.youtube.com/watch?v=lAUS_y9OQkc,39,13,87,https://www.youtube.com/watch?v=2Vi2YDtKVjE,870,239,870,https://www.youtube.com/watch?v=lAUS_y9OQkc,0,0,0,0,
451162e7f4c041edb3447732eba1937a,472,3226,0,0,0,,0,0,0,,0,0,0,,112,0,0,0,
0c2cb722c6ab4e3890139c922c80d4d8,470,4070,0,0,0,,0,0,0,,0,0,0,,191,0,0,0,
45d566a561914da0a15a5a21574eb30a,470,7512,39,15,64,https://www.youtube.com/watch?v=_oLT7dzD978,39,15,64,https://www.youtube.com/watch?v=_oLT7dzD978,0,0,0,,0,0,0,0,
59e3094256344f8c83a3f4355b8b667b,468,0,0,0,0,,0,0,0,,0,0,0,,2604,0,0,0,
fb17cff93fa94c8ea8b052f497f27fb4,467,21923,0,0,0,,0,0,0,,0,0,0,,17,0,0,0,
328751d304524e18a74cef810504b219,467,5682,0,0,0,,0,0,0,,0,0,0,,689,360,198,681,https://www.twitch.tv/videos/2828479434
3513b73ded994bc3a92a70c9632c9856,467,7939,0,0,0,,0,0,0,,0,0,0,,7121,297,180,654,https://www.twitch.tv/videos/2808711654
23335565d59c404080e9c06f437b011b,467,72574,18,1,18,https://www.youtube.com/watch?v=XMc5kkSSzL4,18,1,18,https://www.youtube.com/watch?v=XMc5kkSSzL4,0,0,0,,1143,0,0,0,
294b1c29030244c784387782c0cb6aee,467,13475,0,0,0,,0,0,0,,0,0,0,,0,0,0,0,
c269bafe425f470e957731c454b8925c,466,37001,1352,551,1352,https://www.youtube.com/watch?v=QN877TdENeo,0,0,0,,1352,551,1352,https://www.youtube.com/watch?v=QN877TdENeo,492,0,0,0,
4abb927b8dc049768d63b4a8e229e8cc,464,0,0,0,0,,0,0,0,,0,0,0,,0,0,0,0,
6166fbac685941a6acf389460de44943,463,44016,75,30,1928,https://www.youtube.com/watch?v=PFQyR1lnzyM,73,27,110,https://www.youtube.com/watch?v=PXHBUwbYyYM,1114,532,1928,https://www.youtube.com/watch?v=PFQyR1lnzyM,0,0,0,0,
2dc29f6b05584c718c60034af9883496,462,103647,0,0,0,,0,0,0,,0,0,0,,0,0,0,0,
2df2e0bc14fa4450a0d17d294b5a0bc0,461,31963,2,0,3,https://www.youtube.com/watch?v=AqFaGq8sOE4,0,0,0,,2,0,3,https://www.youtube.com/watch?v=AqFaGq8sOE4,0,0,0,0,
6717d34e87574888848bc45c86bd80e6,461,30947,0,0,0,,0,0,0,,0,0,0,,1253,232,162,458,https://www.twitch.tv/videos/2825202590
a27f33f32dd2414c8c6843f8783a32f0,460,13094,142,33,192,https://www.youtube.com/watch?v=elHQ29c4PTQ,142,33,192,https://www.youtube.com/watch?v=elHQ29c4PTQ,0,0,0,,0,0,0,0,
da165e838dfe49aea3f91457f3825657,458,10557,0,0,0,,0,0,0,,0,0,0,,0,0,0,0,
9e3222bedec44f1a8fecdc237c020cbd,458,138230,1037,49,1037,https://www.youtube.com/watch?v=E0Fx4gVagEU,0,0,0,,1037,49,1037,https://www.youtube.com/watch?v=E0Fx4gVagEU,329,10,6,15,https://www.twitch.tv/videos/2819823537
c822d7ffe24248fdbca2f3b1bdfd1139,458,86574,0,0,0,,0,0,0,,0,0,0,,3014,0,0,0,
9189101a4bb740de969b772dde92125a,458,5859,0,0,0,,0,0,0,,0,0,0,,1145,0,0,0,
30e2594ce7cf4bc3a7e536639b15ff30,456,11084,36,17,65,https://www.youtube.com/watch?v=FuIcdXSG6Bk,36,17,65,https://www.youtube.com/watch?v=FuIcdXSG6Bk,0,0,0,,288,106,102,180,https://www.twitch.tv/videos/2821249584
238b4a68bcde4f3bbf18b0b01f66ec43,455,27952,0,0,0,,0,0,0,,0,0,0,,0,0,0,0,
3434e3ca02904364b763c86e75fa6d4a,455,80963,0,0,0,,0,0,0,,0,0,0,,1452,0,0,0,
7b578956fab14341919193c03ca3ab32,454,11249,27,18,91,https://www.youtube.com/watch?v=zzyuZJe6D3c,27,18,91,https://www.youtube.com/watch?v=zzyuZJe6D3c,0,0,0,,0,0,0,0,
62ca936be6c645a7bf2222b67086800a,453,38184,0,0,0,,0,0,0,,0,0,0,,1132,0,0,0,
d017bd7855e547298906060f0e9b442e,453,13214,0,0,0,,0,0,0,,0,0,0,,1509,133,79,135,https://www.twitch.tv/videos/2825321408
508ebe96e7a94e94893609e616086dff,453,111646,1,0,1226,https://www.youtube.com/watch?v=76X6oPUn660,0,0,0,,1,0,1226,https://www.youtube.com/watch?v=76X6oPUn660,557,106,96,342,https://www.twitch.tv/videos/2826970350
f2b0bc3e82024bd3ae1c7cb5fe926829,452,14457,30,8,1512,https://www.youtube.com/watch?v=tL2t6IIlLKM,26,7,45,https://www.youtube.com/watch?v=HtVOajUgiGc,1018,347,1512,https://www.youtube.com/watch?v=tL2t6IIlLKM,0,0,0,0,
40f76b568f384790a1a089bb6619ddb2,451,9673,34,13,57,https://www.youtube.com/watch?v=uhDwAAO8iaE,34,13,57,https://www.youtube.com/watch?v=uhDwAAO8iaE,0,0,0,,1189,85,47,189,https://www.twitch.tv/videos/2815518342
6c9b67b00b3c4940a6af6a6604b0b1fd,451,12321,0,0,0,,0,0,0,,0,0,0,,0,0,0,0,
42ff41f7d6884ae8b93ed46415376d83,450,13066,34,19,54,https://www.youtube.com/watch?v=htkiLCbtoPs,34,19,54,https://www.youtube.com/watch?v=htkiLCbtoPs,0,0,0,,0,0,0,0,
5e5a5e77c39148ef8f31ccc1c63fdcd4,449,7967,0,0,0,,0,0,0,,0,0,0,,46,0,0,0,
74beedbc5f694a2c94fe73545ba4037d,449,24782,43,3,71,https://www.youtube.com/watch?v=OGpkTl6eoQ8,43,3,71,https://www.youtube.com/watch?v=OGpkTl6eoQ8,0,0,0,,234,44,41,44,https://www.twitch.tv/videos/2827862874
8e65ff08f84f46148a79346978db81c8,448,78357,120,62,1545,https://www.youtube.com/watch?v=xQKdVLIEZJ4,126,59,283,https://www.youtube.com/watch?v=3cLOw-EE_FE,115,74,1545,https://www.youtube.com/watch?v=xQKdVLIEZJ4,0,0,0,0,
6ec876adec524585af913c1585e8df1f,445,9752,0,0,0,,0,0,0,,0,0,0,,1632,0,0,0,
c6e955ae1fce48678120bc086a436073,445,21341,0,0,0,,0,0,0,,0,0,0,,0,0,0,0,
a42c38cc7c0b4812b9bc79ab5f2d84f3,443,34289,251,71,1532,https://www.youtube.com/watch?v=B61IFs3rXOo,22,9,25,https://www.youtube.com/watch?v=OeHZpIcl9pM,502,161,1532,https://www.youtube.com/watch?v=B61IFs3rXOo,0,0,0,0,
7168995b95ab439aa7cf1f3099d7bd88,443,65280,202,171,865,https://www.youtube.com/watch?v=k9VIUH--YZ4,0,0,0,,202,171,865,https://www.youtube.com/watch?v=k9VIUH--YZ4,3881,0,0,0,
943a063e5df041a08d7a304517e3b420,443,20355,155,67,1340,https://www.youtube.com/watch?v=tKej5KCZJYU,155,67,482,https://www.youtube.com/watch?v=C1kANQXey8I,709,657,1340,https://www.youtube.com/watch?v=tKej5KCZJYU,0,0,0,0,
38eb53f7de2247f6a93dfec0fe2f0d1e,442,11903,97,53,294,https://www.youtube.com/watch?v=KwDq5jTuyGE,132,62,294,https://www.youtube.com/watch?v=KwDq5jTuyGE,58,23,72,https://www.youtube.com/watch?v=SNWlsDfrZ2Q,0,0,0,0,
64d9adbc552c487db0cdf42ac3845e18,441,38099,44,12,52,https://www.youtube.com/watch?v=zNuxEpingug,44,12,52,https://www.youtube.com/watch?v=zNuxEpingug,0,0,0,,69,0,0,0,
c92baa46ff4e41c9918ad2427c0853d6,439,24526,0,0,0,,0,0,0,,0,0,0,,4532,196,87,291,https://www.twitch.tv/videos/2813510017
3a13b2827ef048859006a3acb74c175a,437,10189,674,571,1069,https://www.youtube.com/watch?v=fgXIELA-3uo,674,571,1069,https://www.youtube.com/watch?v=fgXIELA-3uo,0,0,0,,5590,360,261,24173,https://www.twitch.tv/videos/2826880079
c5ac07b79a304f37b039266446fd4f3b,435,25117,0,0,0,,0,0,0,,0,0,0,,0,0,0,0,
a56567301c734548bad86e8ace7d9140,433,52148,0,0,0,,0,0,0,,0,0,0,,0,0,0,0,
0a5bbdc460184f279cb8c7965a1d6098,431,74557,108,83,1450,https://www.youtube.com/watch?v=gRJxp2vRawI,0,0,0,,108,83,1450,https://www.youtube.com/watch?v=gRJxp2vRawI,243,49,38,82,https://www.twitch.tv/videos/2826980348
da3d722ffea34b5b87fbb62c6026cba2,430,13133,0,0,0,,0,0,0,,0,0,0,,141,0,0,0,
d148768158984ce8b3a8214b1fb3dafc,430,8020,108,42,170,https://www.youtube.com/watch?v=GO55fSJt8DQ,108,42,170,https://www.youtube.com/watch?v=GO55fSJt8DQ,0,0,0,,179,0,0,0,
5fbf4f6751f24d03a5723670cd500aca,430,11137,0,0,0,,0,0,0,,0,0,0,,767,110,90,175,https://www.twitch.tv/videos/2825203374
735a3d989210437f9e5b8e7a7ba6d88a,430,19725,64,34,1662,https://www.youtube.com/watch?v=F0g9v_jE0aA,55,27,93,https://www.youtube.com/watch?v=6DFyMerV1E8,1458,394,1662,https://www.youtube.com/watch?v=F0g9v_jE0aA,131,0,0,0,
2efb6dc7796c4ce792c196d27af0df87,428,52837,68,37,1613,https://www.youtube.com/watch?v=kNeGl_WZ1c8,39,16,78,https://www.youtube.com/watch?v=LO0zV8H09Ns,927,545,1613,https://www.youtube.com/watch?v=kNeGl_WZ1c8,0,0,0,0,
c7400e2934c646e49f7df1816de41360,427,19048,0,0,0,,0,0,0,,0,0,0,,25,0,0,0,
7f3411a01ffc45bab4f25f088131bb50,426,4720,39,19,58,https://www.youtube.com/watch?v=CYHCLO7dTpk,39,19,58,https://www.youtube.com/watch?v=CYHCLO7dTpk,0,0,0,,0,0,0,0,
502d093ba13d45de84602b54a1dc6e6c,425,20883,49,10,283,https://www.youtube.com/watch?v=MJr9pqFk52g,197,48,283,https://www.youtube.com/watch?v=MJr9pqFk52g,17,7,250,https://www.youtube.com/watch?v=ULhvQ29d-qY,164,0,0,0,
b423123a68df4ac88b2a376ae5fd3b89,425,16952,43,9,88,https://www.youtube.com/watch?v=sgkkab45scE,43,9,88,https://www.youtube.com/watch?v=sgkkab45scE,0,0,0,,0,0,0,0,
8eaa819167de4fefb116ee8f88850d85,423,29,0,0,0,,0,0,0,,0,0,0,,153,0,0,0,
c79c2ac57f9048eebdc1b9329209e19f,423,0,0,0,0,,0,0,0,,0,0,0,,295,12,8,18,https://www.twitch.tv/videos/2822783173
5000b613025542c498cd6ab2287865c6,423,2801,0,0,0,,0,0,0,,0,0,0,,3777,372,327,798,https://www.twitch.tv/videos/2827393062
f0f6694a60de4fb799b3f315abbaf7b6,422,19177,0,0,0,,0,0,0,,0,0,0,,0,0,0,0,
f3fe9fb6de2a477fae878a39924c15bd,422,11934,0,0,0,,0,0,0,,0,0,0,,3064,0,0,0,
8c494e45ce5b462aa744d46bbdc54021,420,86131,0,0,0,,0,0,0,,0,0,0,,268,0,0,0,
bd119628dae64d45b71b44e0f158f23a,420,4748,0,0,0,,0,0,0,,0,0,0,,3851,400,207,400,https://www.twitch.tv/videos/2817875160
4a2df649332047d3b733c88209925f4c,420,8382,0,0,0,,0,0,0,,0,0,0,,1242,0,0,0,
28c152a7489b4402960bd4bd36b7229b,416,42162,4,2,32,https://www.youtube.com/watch?v=Q-yGptaQ0KU,32,2,32,https://www.youtube.com/watch?v=Q-yGptaQ0KU,4,2,10,https://www.youtube.com/watch?v=LwdnYNZixeY,222,42,30,44,https://www.twitch.tv/videos/2823797109
1cddca10dd334373b8f51b3b0ed2efe4,415,26132,6,1,1866,https://www.youtube.com/watch?v=jbXk7Mmfh4k,0,0,0,,6,1,1866,https://www.youtube.com/watch?v=jbXk7Mmfh4k,0,0,0,0,
7d0d99e77f624bdc934b17212a39a894,415,2027,0,0,0,,0,0,0,,0,0,0,,4157,340,306,451,https://www.twitch.tv/videos/2828625343
a2ca2eb4da5b4df3aa59637e1dbc260b,415,3297,0,0,0,,0,0,0,,0,0,0,,712,0,0,0,
5c70a4710fca4b86ac63d56b0e894284,414,30767,0,0,0,,0,0,0,,0,0,0,,0,0,0,0,
f771e51357eb44d2820afd47aba3b546,412,9937,0,0,0,,0,0,0,,0,0,0,,368,58,36,111,https://www.twitch.tv/videos/2826186468
f0987ff6444945558cd159a508cd823f,411,7267,438,271,837,https://www.youtube.com/watch?v=WqfbOFxVik0,0,0,0,,438,271,837,https://www.youtube.com/watch?v=WqfbOFxVik0,2662,1021,736,1670,https://www.twitch.tv/videos/2825323868
7051e693d03645bda16b3591f06ebd3f,411,20570,0,0,0,,0,0,0,,0,0,0,,0,0,0,0,
7232734df59c4e099205c7685007d8d4,411,84708,2,0,53,https://www.youtube.com/watch?v=XmLDHpoFisI,0,0,0,,2,0,53,https://www.youtube.com/watch?v=XmLDHpoFisI,984,73,61,110,https://www.twitch.tv/videos/2828036802
b932ddb915af47ec948b56d4bf901dab,410,8348,132,84,227,https://www.youtube.com/watch?v=dBwukqtcY4U,133,97,227,https://www.youtube.com/watch?v=dBwukqtcY4U,66,30,66,https://www.youtube.com/watch?v=2PNAALOQjLs,0,0,0,0,
7d11ed1b02104cf58efd2df6cbc1ef69,410,20663,0,0,0,,0,0,0,,0,0,0,,1191,67,62,78,https://www.twitch.tv/videos/2828703045
26ae367c497f410399b769ded171d29f,410,6381,71,28,81,https://www.youtube.com/watch?v=YjSqb-RUv88,71,28,81,https://www.youtube.com/watch?v=YjSqb-RUv88,0,0,0,,0,0,0,0,
d11123a75b874ad2bb120bb237e94c8d,408,2942,0,0,0,,0,0,0,,0,0,0,,4749,0,0,0,
3d5a0befb7b042f697f70d5fb3d6ab94,405,11169,0,0,0,,0,0,0,,0,0,0,,0,0,0,0,
00ddd14a74df4e2488319ea2ce25770c,405,224,0,0,0,,0,0,0,,0,0,0,,1213,0,0,0,
cc85e4120c0746b7925c898a963f0747,404,22275,0,0,0,,0,0,0,,0,0,0,,0,0,0,0,
ec198b33036c436591c01ee93976b6a3,403,1532,58,47,106,https://www.youtube.com/watch?v=IIf7CGx6n8M,74,59,106,https://www.youtube.com/watch?v=IIf7CGx6n8M,32,2,32,https://www.youtube.com/watch?v=v5Ukfn7mHJE,0,0,0,0,
4e1dd2ab9e4b4c71bced0c5987cf9be7,403,16649,0,0,0,,0,0,0,,0,0,0,,2920,132,98,174,https://www.twitch.tv/videos/2818966290
52d7a40d46034062ad2fc29b4a2a9198,402,44006,0,0,0,,0,0,0,,0,0,0,,3516,850,293,1429,https://www.twitch.tv/videos/2816413318
a5fe6adcf3bd42b79475803c56a11832,402,25542,121,107,171,https://www.youtube.com/watch?v=GdbXjeNPf0U,72,67,72,https://www.youtube.com/watch?v=q9rWizCJBkY,171,148,171,https://www.youtube.com/watch?v=GdbXjeNPf0U,67,31,17,65,https://www.twitch.tv/videos/2825225085
6c166d9128e74147a5c0b1dbf89c885c,399,6045,0,0,0,,0,0,0,,0,0,0,,0,0,0,0,
be45601754a44c568c9f60f7d2847ccb,399,14918,41,16,41,https://www.youtube.com/watch?v=SvTyaojd07k,41,16,41,https://www.youtube.com/watch?v=SvTyaojd07k,0,0,0,,0,0,0,0,
c5e956bdce614dddbeddfaf6ada4200d,397,20395,23,9,119,https://www.youtube.com/watch?v=-cKBBm2OBak,28,12,119,https://www.youtube.com/watch?v=-cKBBm2OBak,14,9,14,https://www.youtube.com/watch?v=L0thUVPYdqs,0,0,0,0,
d50d9b85f098470c8220cd99de802b17,397,20933,23,8,47,https://www.youtube.com/watch?v=o9aEoY1wN3k,23,8,47,https://www.youtube.com/watch?v=o9aEoY1wN3k,0,0,0,,0,0,0,0,
b0ec0f1ffbd8426982e7ca40d4b1064b,396,9153,25,5,27,https://www.youtube.com/watch?v=ZRl7tdS_oiw,25,5,27,https://www.youtube.com/watch?v=ZRl7tdS_oiw,0,0,0,,0,0,0,0,
d3b5f619038a4c488d36aeaeddc0f790,396,7236,0,0,0,,0,0,0,,0,0,0,,0,0,0,0,
05055e62d34241888df31217ac25e671,396,20807,0,0,0,,0,0,0,,0,0,0,,1563,81,61,328,https://www.twitch.tv/videos/2821197641
836015916a40475bb608e8c6a69b6a09,395,31079,0,0,0,,0,0,0,,0,0,0,,0,0,0,0,
e63fd2ead17a4b57b256fcd55fe83b0e,394,33710,46,21,337,https://www.youtube.com/watch?v=SDQtFjSCCvQ,46,21,337,https://www.youtube.com/watch?v=SDQtFjSCCvQ,0,0,0,,332,44,32,82,https://www.twitch.tv/videos/2822943451
93bf43bc175742cd8c7af6b80687cd84,392,43109,0,0,0,,0,0,0,,0,0,0,,1689,128,117,414,https://www.twitch.tv/videos/2828382995
b386124230514f5fa128ad046e85f12f,392,5769,0,0,0,,0,0,0,,0,0,0,,434,0,0,0,
e802bcea6eb04ce6aa9041aa5e06ceae,392,12153,0,0,0,,0,0,0,,0,0,0,,0,0,0,0,
21fcf23549a74111bbe31c949245e2cd,391,12681,0,0,0,,0,0,0,,0,0,0,,0,0,0,0,
f46e5ebb899548cab53d24f1901315b0,389,15374,55,54,136,https://www.youtube.com/watch?v=a6Ub55izv9c,55,54,136,https://www.youtube.com/watch?v=a6Ub55izv9c,0,0,0,,141,0,0,0,
577fdbca86fa4414a153b5ebdcab90d4,388,2088,0,0,0,,0,0,0,,0,0,0,,1954,0,0,0,
fd5a1e004f224586aa65f9c5b374cc4a,388,7582,0,0,0,,0,0,0,,0,0,0,,5388,540,240,1747,https://www.twitch.tv/videos/2823472226
b3b24f0ebecc45118f88f12042bd59c8,385,63445,9,5,39,https://www.youtube.com/watch?v=b0Y1ldXwaqE,14,8,39,https://www.youtube.com/watch?v=b0Y1ldXwaqE,5,2,5,https://www.youtube.com/watch?v=b8dQ7b2SnuU,0,0,0,0,
cce33288177341058833d8b4a093b03f,385,28748,31,29,31,https://www.youtube.com/watch?v=2fGN5DvpZf4,31,29,31,https://www.youtube.com/watch?v=2fGN5DvpZf4,0,0,0,,0,0,0,0,
9ee3c9b53c0048329175370a5868300b,384,36463,0,0,0,,0,0,0,,0,0,0,,0,0,0,0,
6eac5ce6527b4513bcff4b38d277b5cc,384,33246,225,23,357,https://www.youtube.com/watch?v=Y0lp_up6mi4,0,0,0,,225,23,357,https://www.youtube.com/watch?v=Y0lp_up6mi4,193,0,0,0,
2f32fa150b4b4572bb6dd1a8e8c94ff1,384,12468,0,0,0,,0,0,0,,0,0,0,,4022,749,385,1697,https://www.twitch.tv/videos/2808458746
e1bc34a2b6ac4d86ad6758cef724e7dc,384,10780,0,0,0,,0,0,0,,0,0,0,,415,481,309,853,https://www.twitch.tv/videos/2827660045
4e78d5ae75144358a0384df9822c60bc,384,9161,0,0,0,,0,0,0,,0,0,0,,729,398,332,620,https://www.twitch.tv/videos/2828542745
904217f39af144a9b922beab57e61ae4,383,12043,93,38,434,https://www.youtube.com/watch?v=v7lliDeWS5c,93,38,434,https://www.youtube.com/watch?v=v7lliDeWS5c,0,0,0,,387,94,65,238,https://www.twitch.tv/videos/2823632230
c11749c10e1941a9adb2a231eee2f2ea,383,9559,0,0,0,,0,0,0,,0,0,0,,313,0,0,0,
2f7da7d6dbe84301b4ef52240cc05e9b,382,25654,0,0,0,,0,0,0,,0,0,0,,1188,0,0,0,
dbf7b5a346e645f7be7d0d19d2193bc5,382,141366,0,0,0,,0,0,0,,0,0,0,,0,0,0,0,
49150fef0c1f4c0e9e18567224a7bf5c,382,5134,41,38,69,https://www.youtube.com/watch?v=Yft0qBVGFjQ,41,38,69,https://www.youtube.com/watch?v=Yft0qBVGFjQ,0,0,0,,0,0,0,0,
670df075e5f9402bbcb6369685838b02,379,13459,19,8,43,https://www.youtube.com/watch?v=B9r3FpqeLGI,21,8,43,https://www.youtube.com/watch?v=B9r3FpqeLGI,2,1,2,https://www.youtube.com/watch?v=2J7hSU3hlco,0,0,0,0,
64e20992295c4be984e9af0a470d6440,379,4738,0,0,0,,0,0,0,,0,0,0,,5404,149,112,202,https://www.twitch.tv/videos/2818974113
c97b665a89c34600be01f83eb1f77063,378,11707,0,0,0,,0,0,0,,0,0,0,,0,0,0,0,
a2ceea65ce58431085b1366a0cfe9c61,375,0,0,0,0,,0,0,0,,0,0,0,,0,0,0,0,
9434be74cca5450789bf73aa4359b542,371,4960,0,0,0,,0,0,0,,0,0,0,,0,0,0,0,
6d83214d4d964bc9a236f4cbdd8d99e4,368,6839,44,33,205,https://www.youtube.com/watch?v=jN_B3SlNRMo,44,33,205,https://www.youtube.com/watch?v=jN_B3SlNRMo,0,0,0,,48,0,0,0,
f9444f6d790344a4a51a301110665229,365,3585,163,133,1511,https://www.youtube.com/watch?v=hDVzTNoPxOw,107,100,163,https://www.youtube.com/watch?v=envFpEOXIAA,597,394,1511,https://www.youtube.com/watch?v=hDVzTNoPxOw,0,0,0,0,
8013fa67a08945a5b4b976156b6f610f,365,6597,0,0,0,,0,0,0,,0,0,0,,387,158,98,158,https://www.twitch.tv/videos/2820412450
df7b08cd72224681a63e6e85e0753132,365,49286,0,0,0,,0,0,0,,0,0,0,,189,0,0,0,
652b28416c394eed93337f121c0dcbf5,363,16466,32,11,73,https://www.youtube.com/watch?v=rZ1KbiJlyKE,32,11,73,https://www.youtube.com/watch?v=rZ1KbiJlyKE,0,0,0,,0,0,0,0,
a8e0ec03cb0a4e0292228e1a6ed35e6a,363,8434,0,0,0,,0,0,0,,0,0,0,,869,27,22,122,https://www.twitch.tv/videos/2821954942
e443b9e0c3524137ba2774625c6c78cd,363,8170,0,0,0,,0,0,0,,0,0,0,,715,70,52,81,https://www.twitch.tv/videos/2822948810
9be839573d1a4944a93740ca42fa65d4,363,20142,0,0,0,,0,0,0,,0,0,0,,1530,383,370,383,https://www.twitch.tv/videos/2828639502
4f8936d4899d4e2c83bf949bc61b2bd2,361,10623,38,5,45,https://www.youtube.com/watch?v=jwTxIxEpt9M,38,5,45,https://www.youtube.com/watch?v=jwTxIxEpt9M,0,0,0,,222,91,52,154,https://www.twitch.tv/videos/2818028069
07930a961f0b4078a14f0a57f0a93965,361,28061,16,7,23,https://www.youtube.com/watch?v=sTKzAZhk7eQ,16,7,23,https://www.youtube.com/watch?v=sTKzAZhk7eQ,0,0,0,,0,0,0,0,
60a64aca51ed4528895fe35b08231670,360,13196,0,0,0,,0,0,0,,0,0,0,,408,0,0,0,
1c096a5610c0459b84c74213c3b30f85,360,31371,0,0,0,,0,0,0,,0,0,0,,213,0,0,0,
682e400513134d0bacfa85513958c64d,358,6784,0,0,0,,0,0,0,,0,0,0,,996,165,148,986,https://www.twitch.tv/videos/2822469279
31888d1a66654eee82d4dd22017db978,357,69367,303,99,2052,https://www.youtube.com/watch?v=_j7Gu7vVKFM,0,0,0,,303,99,2052,https://www.youtube.com/watch?v=_j7Gu7vVKFM,4,0,0,0,
27a484e8f53a433396e73bea886fa2cb,356,20055,0,0,0,,0,0,0,,0,0,0,,0,0,0,0,
f2f74f42d7e44c2b8c71807abd0967f3,356,94047,0,0,0,,0,0,0,,0,0,0,,3127,710,269,1722,https://www.twitch.tv/videos/2824733109
7ee1b473a5584a1a85973acfa45e0e1d,354,9846,0,0,0,,0,0,0,,0,0,0,,0,0,0,0,
4fc02db3aab84e6cb526c02405d18c6e,353,17640,0,0,0,,0,0,0,,0,0,0,,147,0,0,0,
6e56882f3f8e4911b8b67316f1265808,350,84050,0,0,0,,0,0,0,,0,0,0,,164,0,0,0,
db3a6f094c3146c2ab6f2f267337f132,349,10603,0,0,0,,0,0,0,,0,0,0,,1381,303,159,367,https://www.twitch.tv/videos/2822115507
f24626ac0ce34975a3b3fd6d8455f4f7,348,8109,0,0,0,,0,0,0,,0,0,0,,184,0,0,0,
aac7be72efc74efe9e77148fd4af7151,344,16274,29,12,36,https://www.youtube.com/watch?v=q8M4gCC533c,29,12,36,https://www.youtube.com/watch?v=q8M4gCC533c,0,0,0,,0,0,0,0,
3802b3f13284406cb4bc3f775690add5,343,13556,72,26,1476,https://www.youtube.com/watch?v=dEw1HkxqBmQ,68,24,141,https://www.youtube.com/watch?v=IABP_e9ookE,1476,201,1476,https://www.youtube.com/watch?v=dEw1HkxqBmQ,310,224,172,478,https://www.twitch.tv/videos/2818892267
1db7ec043f284eaea0bd2213ecce2bad,342,20012,87,37,148,https://www.youtube.com/watch?v=IDHaO2SegAs,83,47,123,https://www.youtube.com/watch?v=wXWbYZHBBUM,148,20,148,https://www.youtube.com/watch?v=IDHaO2SegAs,0,0,0,0,
513c300c8af04b8a84d18f665b66481f,342,40188,0,0,0,,0,0,0,,0,0,0,,0,0,0,0,
73755322c8e74479864369766f924be1,339,19164,0,0,0,,0,0,0,,0,0,0,,4906,163,141,163,https://www.twitch.tv/videos/2826219028
5f68c9b585ad40c0ada7697c9b7f5055,339,1276,654,561,1200,https://www.youtube.com/watch?v=xmAfrnRNp9Y,0,0,0,,654,561,1200,https://www.youtube.com/watch?v=xmAfrnRNp9Y,7576,828,355,1023,https://www.twitch.tv/videos/2817364041
985e64cecc24401290c08cb7e2f4ef50,338,13483,30,22,30,https://www.youtube.com/watch?v=xKoce-eCbDY,30,22,30,https://www.youtube.com/watch?v=xKoce-eCbDY,0,0,0,,2067,96,81,255,https://www.twitch.tv/videos/2823662564
d334f3b3ba8b4e43bd7b5a237a7b4476,336,45735,63,33,131,https://www.youtube.com/watch?v=uEVufIhD6U0,57,36,131,https://www.youtube.com/watch?v=uEVufIhD6U0,72,21,72,https://www.youtube.com/watch?v=FUsoGot219I,41,0,0,0,
d8520b0d7b424141bf19b3254d264960,335,8730,0,0,0,,0,0,0,,0,0,0,,0,0,0,0,
9a13461ec0e644ceb6e86381ca41d33a,335,39618,0,0,0,,0,0,0,,0,0,0,,1381,0,0,0,
2e05bf5968cf4b3789a1316f5b05d857,335,67043,0,0,0,,0,0,0,,0,0,0,,0,0,0,0,
3083d2b8192843958b2852553cb3bc70,333,2772,0,0,0,,0,0,0,,0,0,0,,447,101,72,123,https://www.twitch.tv/videos/2821347325
1af1c5f8526a4396820151df1bff37b7,332,29184,77,37,111,https://www.youtube.com/watch?v=9H_TTNnaozs,77,37,111,https://www.youtube.com/watch?v=9H_TTNnaozs,0,0,0,,0,0,0,0,
389bd53524c74c44a32d72279b288b17,332,2898,0,0,0,,0,0,0,,0,0,0,,0,0,0,0,
5c3ea93753724a63b32071a7a580af7b,331,36575,6,4,47,https://www.youtube.com/watch?v=Az1lM_X9IaE,0,0,0,,6,4,47,https://www.youtube.com/watch?v=Az1lM_X9IaE,1763,16,12,43,https://www.twitch.tv/videos/2818908333
876c11fba4af4235857127b9af87093e,330,17190,0,0,0,,0,0,0,,0,0,0,,0,0,0,0,
22a21c1a529f4817b8790629d8b4590f,330,62102,105,44,172,https://www.youtube.com/watch?v=JMbkaLbmos8,0,0,0,,105,44,172,https://www.youtube.com/watch?v=JMbkaLbmos8,106,0,0,0,
5ae7e41f9b9a420d9217a0b2c6755f52,329,3670,0,0,0,,0,0,0,,0,0,0,,0,0,0,0,
b6cc2e3d23f34ba8bbeba181d19a714c,328,6622,0,0,0,,0,0,0,,0,0,0,,4605,971,314,2080,https://www.twitch.tv/videos/2826222352
803435ca691f43a4b02360926fee23d1,328,14529,44,20,70,https://www.youtube.com/watch?v=dktMjk8R2tk,44,27,70,https://www.youtube.com/watch?v=dktMjk8R2tk,20,10,20,https://www.youtube.com/watch?v=2bIbvOYIYB0,1525,104,68,147,https://www.twitch.tv/videos/2828472662
ca4210c7562b479cb3af76082fb70fcd,328,5902,0,0,0,,0,0,0,,0,0,0,,3623,631,474,1162,https://www.twitch.tv/videos/2824468470
bf7122f997f04401b0a6938abaded38c,328,19100,41,14,60,https://www.youtube.com/watch?v=Bg1EiYaCzg8,41,14,60,https://www.youtube.com/watch?v=Bg1EiYaCzg8,0,0,0,,0,0,0,0,
85340d14d5654ac3b28b39b007a7dea7,327,17383,33,20,116,https://www.youtube.com/watch?v=OiBdoawJDDk,33,20,116,https://www.youtube.com/watch?v=OiBdoawJDDk,0,0,0,,0,0,0,0,
c4268d9874b14b3282613fa11102ce4b,327,23712,16,6,70,https://www.youtube.com/watch?v=Rc0i-zqHspI,16,6,70,https://www.youtube.com/watch?v=Rc0i-zqHspI,0,0,0,,374,100,72,158,https://www.twitch.tv/videos/2825440110
92b3889a0c304d8fb9eed110bb82c60c,326,17647,0,0,0,,0,0,0,,0,0,0,,0,0,0,0,
a24116ba22c84747818b7be8cd8eb733,325,14669,9,3,25,https://www.youtube.com/watch?v=OFDYPj5MtQ4,9,3,25,https://www.youtube.com/watch?v=OFDYPj5MtQ4,0,0,0,,360,12,11,22,https://www.twitch.tv/videos/2817977740
2af109d54b1c49968b572aa2b59664ab,325,12545,0,0,0,,0,0,0,,0,0,0,,0,0,0,0,
46e65e217ca84bbf8d43b67c3e5a9d90,324,23700,3,0,35,https://www.youtube.com/watch?v=ppWRfxYHeww,0,0,0,,3,0,35,https://www.youtube.com/watch?v=ppWRfxYHeww,225,20,13,23,https://www.twitch.tv/videos/2822815285
095d5621db8b44ed914d81f9e1183673,322,12616,34,23,88,https://www.youtube.com/watch?v=-C4Cq9Vu-V4,47,42,88,https://www.youtube.com/watch?v=-C4Cq9Vu-V4,15,6,32,https://www.youtube.com/watch?v=R3-egEhO7bA,26,0,0,0,
0f5e3935971449daa91b654886313110,322,0,0,0,0,,0,0,0,,0,0,0,,2259,0,0,0,
d859857097fe4e9d90a2d840c0e7fca1,322,20619,42,30,42,https://www.youtube.com/watch?v=yvRveWFOdwc,0,0,0,,42,30,42,https://www.youtube.com/watch?v=yvRveWFOdwc,247,36,26,36,https://www.twitch.tv/videos/2822873152
8a8a1d0901c04d568be19e2d8bbc9ca1,321,34172,0,0,0,,0,0,0,,0,0,0,,0,0,0,0,
e32b6351f1684034955171b93b1c5e63,320,0,0,0,0,,0,0,0,,0,0,0,,1812,0,0,0,
8fe313c8e0704a29a7a387b47c4f938b,320,10752,41,24,58,https://www.youtube.com/watch?v=ZNi5a5IJVjo,41,24,58,https://www.youtube.com/watch?v=ZNi5a5IJVjo,0,0,0,,0,0,0,0,
71f86178cf8545658c5c836c868a3646,320,6996,0,0,0,,0,0,0,,0,0,0,,1390,735,471,846,https://www.twitch.tv/videos/2818814166
ca161c4e0ef54cd4a311705625caf164,320,11535,0,0,0,,0,0,0,,0,0,0,,2223,0,0,0,
e94e1e38a611403192e4db197c2d9d91,317,7036,0,0,0,,0,0,0,,0,0,0,,0,0,0,0,
82af75b290f44cd8b9a97bc5addaaf58,317,8447,0,0,0,,0,0,0,,0,0,0,,138,0,0,0,
cbb0ea239d8e4f65a46ada52dfb778e3,316,8766,1,0,1,https://www.youtube.com/watch?v=HeBsfqdfdI8,0,0,0,,1,0,1,https://www.youtube.com/watch?v=HeBsfqdfdI8,465,104,65,163,https://www.twitch.tv/videos/2821358340
d88c3cbdb65940e69a3feb152dc93d6d,316,1047,0,0,0,,0,0,0,,0,0,0,,472,53,34,64,https://www.twitch.tv/videos/2820501641
3df5dcf41cdb46c7b7de73e502ce4ae1,315,10783,0,0,0,,0,0,0,,0,0,0,,655,0,0,0,
79f4c64bde584997bf6ad38afd44b51d,313,22554,51,7,51,https://www.youtube.com/watch?v=3QNu511ycQ8,51,7,51,https://www.youtube.com/watch?v=3QNu511ycQ8,0,0,0,,175,37,22,37,https://www.twitch.tv/videos/2822016318
d39563dd7adf452989791068eaf4524e,312,6761,50,3,319,https://www.youtube.com/watch?v=1EGxMIE44c4,50,3,50,https://www.youtube.com/watch?v=Tb2beERmGiU,164,29,319,https://www.youtube.com/watch?v=1EGxMIE44c4,0,0,0,0,
6391e2693fa6464d83fdf5d136596bb0,311,16321,42,20,137,https://www.youtube.com/watch?v=JwzvVgSfeAQ,42,20,137,https://www.youtube.com/watch?v=JwzvVgSfeAQ,0,0,0,,0,0,0,0,
9abd60c00f0f412b978a2398b13ac4e8,311,39085,0,0,0,,0,0,0,,0,0,0,,0,0,0,0,
4e4cbcbc0acf410ea5a50e4a6bbafd01,310,4065,0,0,0,,0,0,0,,0,0,0,,2693,1457,842,1787,https://www.twitch.tv/videos/2824687049
2e7fa2f9a4ba4ca6a0ea1397839aafca,307,11613,19,6,31,https://www.youtube.com/watch?v=bdfanafyuYc,19,6,31,https://www.youtube.com/watch?v=bdfanafyuYc,0,0,0,,0,0,0,0,
df6443487ffb4142aea2b053b4aa8db7,307,47713,178,84,1983,https://www.youtube.com/watch?v=Gmvkisrtg-A,0,0,0,,178,84,1983,https://www.youtube.com/watch?v=Gmvkisrtg-A,1749,255,186,514,https://www.twitch.tv/videos/2821109500
b09373e11cc74ed4b58440b9d7368172,304,24492,36,16,138,https://www.youtube.com/watch?v=MKKeOGqd-j8,36,16,138,https://www.youtube.com/watch?v=MKKeOGqd-j8,0,0,0,,0,0,0,0,
72ee59fb29644f8b88a4dd3d7e91fe39,304,10502,0,0,0,,0,0,0,,0,0,0,,0,0,0,0,
4693c4a0f4284a429f353419a3fc547c,302,63961,594,114,1784,https://www.youtube.com/watch?v=mt8x0if2T0Y,0,0,0,,594,114,1784,https://www.youtube.com/watch?v=mt8x0if2T0Y,0,0,0,0,
dfa5fefa546a40d5a677ddfff02ff3e1,302,18329,7,3,10,https://www.youtube.com/watch?v=vxtQG7vk4zE,0,0,0,,7,3,10,https://www.youtube.com/watch?v=vxtQG7vk4zE,787,82,49,82,https://www.twitch.tv/videos/2819803169
1895ef1f232d454aa6c18ca7812c794c,302,4474,200,127,200,https://www.youtube.com/watch?v=_vocruWfKE0,0,0,0,,200,127,200,https://www.youtube.com/watch?v=_vocruWfKE0,23,0,0,0,
cf5fc0cd849841679951b3769979b3a0,301,34388,84,58,278,https://www.youtube.com/watch?v=2XEmWCnhMro,84,58,278,https://www.youtube.com/watch?v=2XEmWCnhMro,0,0,0,,76,36,25,70,https://www.twitch.tv/videos/2827863723
e73e2554e6754cadb0b836bb1fcfdaf7,301,35026,72,38,1325,https://www.youtube.com/watch?v=GD3KNjzLbn8,46,18,97,https://www.youtube.com/watch?v=U8hUOpA93Cc,716,358,1325,https://www.youtube.com/watch?v=GD3KNjzLbn8,53,8,6,34,https://www.twitch.tv/videos/2827880342
d09b9f800b7940deb1f8a2b58a302f07,300,4272,0,0,0,,0,0,0,,0,0,0,,4256,202,169,770,https://www.twitch.tv/videos/2819913727
f3757b8d656f48749cada897ce597abc,300,7805,106,104,106,https://www.youtube.com/watch?v=u67sUIzicVw,106,104,106,https://www.youtube.com/watch?v=u67sUIzicVw,0,0,0,,0,0,0,0,
33cabb57d2454dfdbdf7453c54429940,299,135638,1080,571,1394,https://www.youtube.com/watch?v=-PP5CGBbdXo,62,22,62,https://www.youtube.com/watch?v=beK6VMVqfAk,1133,753,1394,https://www.youtube.com/watch?v=-PP5CGBbdXo,764,252,185,290,https://www.twitch.tv/videos/2828604255
2b1ef81172474b6b8409100be2f30da7,299,4630,0,0,0,,0,0,0,,0,0,0,,2626,0,0,0,
a13421f0201540ecaccd5c207b15c425,299,16814,47,24,47,https://www.youtube.com/watch?v=rUwarpufBOU,0,0,0,,47,24,47,https://www.youtube.com/watch?v=rUwarpufBOU,0,0,0,0,
a4a9cd639c7546538ee9635b9a14989d,299,16482,0,0,0,,0,0,0,,0,0,0,,0,0,0,0,
964a0dde279c45ea85ffc6ad5d266206,298,11144,0,0,0,,0,0,0,,0,0,0,,1096,89,74,126,https://www.twitch.tv/videos/2828629108
8ae87582ab1e4b31bfd38310afda77bd,297,3843,0,0,0,,0,0,0,,0,0,0,,1356,110,80,138,https://www.twitch.tv/videos/2827071734
0554e298ab8041c19ce07bf0b2c315a0,297,31614,116,86,1145,https://www.youtube.com/watch?v=AFL2FbtEiuo,92,58,129,https://www.youtube.com/watch?v=xi4-XjZqtCk,299,139,1145,https://www.youtube.com/watch?v=AFL2FbtEiuo,0,0,0,0,
2d2dc667f7a9488092e67b0475dc3774,296,2814,0,0,0,,0,0,0,,0,0,0,,208,0,0,0,
f4935cf7bbb94ae88202ee7ab6d6b92b,294,0,0,0,0,,0,0,0,,0,0,0,,50,0,0,0,
e773129f910c4bd182f3b702c9ec1b55,293,10335,16,10,35,https://www.youtube.com/watch?v=zjqI2fv6gEI,16,10,35,https://www.youtube.com/watch?v=zjqI2fv6gEI,0,0,0,,0,0,0,0,
04e61f47cdf542c7b5a3b3ae569fc021,293,3038,0,0,0,,0,0,0,,0,0,0,,880,0,0,0,
3e7f5f5e829e4d4baca2a8a5916d60e4,293,3367,0,0,0,,0,0,0,,0,0,0,,2893,784,754,1477,https://www.twitch.tv/videos/2827819468
479b23215fd84e0387e4f95c8bdfb127,292,117762,0,0,0,,0,0,0,,0,0,0,,0,0,0,0,
e6373c7f689c44f8971ca0f83c817789,292,1701,10,7,10,https://www.youtube.com/watch?v=Z61Nw8_QlIc,10,7,10,https://www.youtube.com/watch?v=Z61Nw8_QlIc,0,0,0,,226,10,7,13,https://www.twitch.tv/videos/2822117757
05d19eac5d22427f916e6fa59bf17b3b,291,84978,3,1,2314,https://www.youtube.com/watch?v=ln0n7OBqmlA,0,0,0,,3,1,2314,https://www.youtube.com/watch?v=ln0n7OBqmlA,2524,260,155,531,https://www.twitch.tv/videos/2825865951
25619abc5e0d4f79839e48d83234eaf8,290,6581,36,10,55,https://www.youtube.com/watch?v=Twb9lPXZG4o,36,10,55,https://www.youtube.com/watch?v=Twb9lPXZG4o,0,0,0,,749,33,26,49,https://www.twitch.tv/videos/2825362262
d3a0a421fd184f9fa51856096d01e85b,290,17058,0,0,0,,0,0,0,,0,0,0,,0,0,0,0,
a1b415a04d4645399607d4b3bbe00bd7,288,14922,176,81,1880,https://www.youtube.com/watch?v=Zi0UC3jd_g8,120,58,370,https://www.youtube.com/watch?v=YxRQf0SD15o,1104,531,1880,https://www.youtube.com/watch?v=Zi0UC3jd_g8,0,0,0,0,
c9f9ff24ef184b29a58c616412f1dbbc,287,5909,38,9,38,https://www.youtube.com/watch?v=kEfI8GiSI88,38,9,38,https://www.youtube.com/watch?v=kEfI8GiSI88,0,0,0,,0,0,0,0,
be1bfb3aafb34118808fd5a5c059ffaf,287,28362,0,0,0,,0,0,0,,0,0,0,,489,0,0,0,
8c1fe8acf675446ebb2fd046e6396983,283,32370,462,65,1389,https://www.youtube.com/watch?v=ydnxRhrJh5M,23,5,30,https://www.youtube.com/watch?v=W3BJyNbtTuc,1296,505,1389,https://www.youtube.com/watch?v=ydnxRhrJh5M,272,22,15,48,https://www.twitch.tv/videos/2828664501
d2e2645a97a14ce4b58a7884c0e6ec56,283,27346,0,0,0,,0,0,0,,0,0,0,,1285,45,31,46,https://www.twitch.tv/videos/2823648430
6cdaf0b035d04e3794a5accd5ed8b08f,283,1886,0,0,0,,0,0,0,,0,0,0,,0,0,0,0,
1618171723d84cbe8b57cd69fa6f477f,282,38477,0,0,0,,0,0,0,,0,0,0,,753,0,0,0,
7badd33c853240e280db61899f381ff2,281,11097,0,0,0,,0,0,0,,0,0,0,,424,0,0,0,
4cebb92683d548089e998ec18a484930,280,13401,0,0,0,,0,0,0,,0,0,0,,0,0,0,0,
5f044942071146cb9ec4b760458a662e,279,0,0,0,0,,0,0,0,,0,0,0,,905,153,132,642,https://www.twitch.tv/videos/2822882043
b3a1f0922f7440f3bb1adbfa7a04bd09,279,8983,0,0,0,,0,0,0,,0,0,0,,1022,0,0,0,
b7155dea3cdc452e9f77df41ccca17bd,279,1312,0,0,0,,0,0,0,,0,0,0,,487,0,0,0,
94ca3090942d4ca38a71b8f1b65c7343,279,17962,0,0,0,,0,0,0,,0,0,0,,176,0,0,0,
105f7890339346329ab408f423f617c3,278,16028,0,0,0,,0,0,0,,0,0,0,,4714,1529,545,3978,https://www.twitch.tv/videos/2826092507
6fa20242354646ad8e8feea8d52e514e,278,6776,0,0,0,,0,0,0,,0,0,0,,0,0,0,0,
f40e7d4c2b8b4ea89a6cd017303ca5c0,278,1605,0,0,0,,0,0,0,,0,0,0,,585,122,77,225,https://www.twitch.tv/videos/2823752256
279a45d6a8f9445389b9b8cdbcb72ae8,277,26068,0,0,0,,0,0,0,,0,0,0,,288,43,31,55,https://www.twitch.tv/videos/2825336380
33f8f83054e3473d9c8c5e1a3c8e1008,274,8913,0,0,0,,0,0,0,,0,0,0,,0,0,0,0,
75eb49d99170441ab784d7bec7378d21,273,11716,37,9,159,https://www.youtube.com/watch?v=PsGQ16uzBRo,37,9,159,https://www.youtube.com/watch?v=PsGQ16uzBRo,0,0,0,,1418,0,0,0,
67b3f32472774d3191ecfea12f60a990,273,9832,11,6,29,https://www.youtube.com/watch?v=J_9H_evutlc,11,6,29,https://www.youtube.com/watch?v=J_9H_evutlc,0,0,0,,119,7,6,29,https://www.twitch.tv/videos/2826994579
cabc3ddcf7ad46ef9acb4b0951f9b2ba,272,29618,1,0,3055,https://www.youtube.com/watch?v=h1oKubG1rt0,0,0,0,,1,0,3055,https://www.youtube.com/watch?v=h1oKubG1rt0,1312,165,127,292,https://www.twitch.tv/videos/2824536104
a16471805f7f44f88237b42c79b9f3a2,272,10668,13,12,13,https://www.youtube.com/watch?v=sXASolkGnbQ,0,0,0,,13,12,13,https://www.youtube.com/watch?v=sXASolkGnbQ,0,0,0,0,
e53a8beabf5c492388d3352d57dc2bf9,271,6025,1351,253,1624,https://www.youtube.com/watch?v=Apk0eo0GsfY,376,344,376,https://www.youtube.com/watch?v=f9TNmGw2-BM,1375,197,1624,https://www.youtube.com/watch?v=Apk0eo0GsfY,0,0,0,0,
a6a155230538488e8488f01160598837,269,17029,0,0,0,,0,0,0,,0,0,0,,0,0,0,0,
ccf55e42124c46ab828b188fc8c4f947,269,53936,828,161,1383,https://www.youtube.com/watch?v=NMeX6Gv9vyw,0,0,0,,828,161,1383,https://www.youtube.com/watch?v=NMeX6Gv9vyw,801,146,36,257,https://www.twitch.tv/videos/2809626635
de5f8aaf92814bb79eb91adb0efc8f1d,269,14078,9,4,26,https://www.youtube.com/watch?v=x8mRA8h50QE,9,4,26,https://www.youtube.com/watch?v=x8mRA8h50QE,0,0,0,,0,0,0,0,
03e9bea117bd4b5ba189b48f1617d9bb,268,7796,0,0,0,,0,0,0,,0,0,0,,0,0,0,0,
fbd0d260a09c47b1a9dcc73fd41e7eca,267,3884,1,0,4,https://www.youtube.com/watch?v=cejSjonwLJA,0,0,0,,1,0,4,https://www.youtube.com/watch?v=cejSjonwLJA,6472,70,38,70,https://www.twitch.tv/videos/2818619740
a76d4171e74448fd9d1a6eaf183be3ff,264,15244,0,0,0,,0,0,0,,0,0,0,,847,0,0,0,
9add5efb4665440e8e021a9c3ced6095,263,33611,541,414,1915,https://www.youtube.com/watch?v=yZFV21yv1xY,20,18,20,https://www.youtube.com/watch?v=t__F2dQ-XWM,616,469,1915,https://www.youtube.com/watch?v=yZFV21yv1xY,0,0,0,0,
0d07fb89672446c3b4a1682131f96f7b,263,22653,17,9,29,https://www.youtube.com/watch?v=lryqEPF0O58,17,9,29,https://www.youtube.com/watch?v=lryqEPF0O58,0,0,0,,0,0,0,0,
f7758d944fd8438a86bfe1235c7bcd17,261,15561,10,5,21,https://www.youtube.com/watch?v=9w1-cl09hds,0,0,0,,10,5,21,https://www.youtube.com/watch?v=9w1-cl09hds,627,0,0,0,
1fa9ddce23964bab8edddf7f18dad2f3,261,17100,289,66,317,https://www.youtube.com/watch?v=7KKtgm1ml3U,0,0,0,,289,66,317,https://www.youtube.com/watch?v=7KKtgm1ml3U,1661,109,80,233,https://www.twitch.tv/videos/2825479881
67252692b4f64f509af6eacffdeafdf9,259,27305,48,22,120,https://www.youtube.com/watch?v=uQjvPT1CLMQ,48,22,120,https://www.youtube.com/watch?v=uQjvPT1CLMQ,0,0,0,,0,0,0,0,
0c05eca1975b40b3a0b54d3dfd61055d,258,43807,229,27,1145,https://www.youtube.com/watch?v=k40tayQBM7k,0,0,0,,229,27,1145,https://www.youtube.com/watch?v=k40tayQBM7k,2638,96,84,111,https://www.twitch.tv/videos/2823793261
a3afce163c9341c992f526816d9d5440,256,6360,12,1,12,https://www.youtube.com/watch?v=qQx8WcYRIwU,12,1,12,https://www.youtube.com/watch?v=qQx8WcYRIwU,0,0,0,,109,0,0,0,
15c82034235748649547ada64817a6d1,256,23958,679,172,2076,https://www.youtube.com/watch?v=lS5f0Bggg9s,0,0,0,,679,172,2076,https://www.youtube.com/watch?v=lS5f0Bggg9s,3660,189,132,901,https://www.twitch.tv/videos/2818976488
c91577ba12cd45deb9c8e5c666c290be,255,90455,31,9,168,https://www.youtube.com/watch?v=_qFH7Keu6H0,31,9,168,https://www.youtube.com/watch?v=_qFH7Keu6H0,9,6,9,https://www.youtube.com/watch?v=bT4QmSch5sI,0,0,0,0,
7c96bbca1c184d70a39ef2a65a0d788c,255,0,0,0,0,,0,0,0,,0,0,0,,583,0,0,0,
3a44da0674144e61bff60415cc09a678,255,7477,13,7,28,https://www.youtube.com/watch?v=MHM0M0kDG5A,13,7,28,https://www.youtube.com/watch?v=MHM0M0kDG5A,0,0,0,,0,0,0,0,
2ff6c25f8e5943d2ac0a6a006f5784c3,255,2458,68,27,68,https://www.youtube.com/watch?v=DF9S962L3ig,0,0,0,,68,27,68,https://www.youtube.com/watch?v=DF9S962L3ig,1594,0,0,0,
cd0b2f63c88e4b4abd5b83296a5d7866,253,3735,0,0,0,,0,0,0,,0,0,0,,3609,249,172,287,https://www.twitch.tv/videos/2822986677
4fb207a1a5cb4e27a5774b657ae3f0ee,252,21745,46,27,351,https://www.youtube.com/watch?v=jAQ3Vx62B28,50,34,351,https://www.youtube.com/watch?v=jAQ3Vx62B28,37,6,37,https://www.youtube.com/watch?v=KeRKhZ33t9g,0,0,0,0,
a3452262e11348c88afea4031b0323a8,252,22040,3,1,13,https://www.youtube.com/watch?v=yrGL4I58qJw,0,0,0,,3,1,13,https://www.youtube.com/watch?v=yrGL4I58qJw,542,63,61,63,https://www.twitch.tv/videos/2828914299
f72fb9eab9a84db5ba139131d59bdd02,250,38280,482,51,482,https://www.youtube.com/watch?v=AsmVEMeg48I,0,0,0,,482,51,482,https://www.youtube.com/watch?v=AsmVEMeg48I,436,89,65,131,https://www.twitch.tv/videos/2822207023
68fd874932e3457989d88d4f7f474260,249,15005,20,10,1654,https://www.youtube.com/watch?v=7rAfCyn9gG0,19,9,71,https://www.youtube.com/watch?v=R4U50gklswE,1276,881,1654,https://www.youtube.com/watch?v=7rAfCyn9gG0,119,68,49,128,https://www.twitch.tv/videos/2822838858
0e516fd1e97a4c58bad3afb6469748d4,248,3401,0,0,0,,0,0,0,,0,0,0,,567,0,0,0,
47cd428eee8640cb80afaa4ef9bb55e0,248,17554,0,0,0,,0,0,0,,0,0,0,,1654,0,0,0,
1e62a729ec51448aa89d22adde18b214,246,45328,29,9,236,https://www.youtube.com/watch?v=7rWHOg-5Abs,10,4,67,https://www.youtube.com/watch?v=izdADDCj4JM,84,36,236,https://www.youtube.com/watch?v=7rWHOg-5Abs,0,0,0,0,
90a8ac8d7653460298ba85cb7e4d3bc9,246,3333,0,0,0,,0,0,0,,0,0,0,,55,0,0,0,
aae348caede446649e2ef8b15536119c,244,6767,149,58,438,https://www.youtube.com/watch?v=0VacHTvQHxg,149,58,243,https://www.youtube.com/watch?v=N9-sCb3cTCk,267,236,438,https://www.youtube.com/watch?v=0VacHTvQHxg,12,0,0,0,
777608b04fa74a42975497f6273ed6f9,244,12481,2,0,3,https://www.youtube.com/watch?v=WiolOeUPvyM,0,0,0,,2,0,3,https://www.youtube.com/watch?v=WiolOeUPvyM,3013,420,335,546,https://www.twitch.tv/videos/2825364564
e9569c3f60c541ab83899c09079feaa2,243,10800,0,0,0,,0,0,0,,0,0,0,,3045,0,0,0,
3e86fddd8145474691e77ba761a6b2a5,241,37729,141,24,142,https://www.youtube.com/watch?v=OvinSQBlW-k,0,0,0,,141,24,142,https://www.youtube.com/watch?v=OvinSQBlW-k,1047,82,73,123,https://www.twitch.tv/videos/2824561590
1ccf3d7852d34137b9cc70343dcc41bf,241,109921,0,0,0,,0,0,0,,0,0,0,,111,0,0,0,
e7ac18c2e713426692cfd0ef7fe2b897,241,42,0,0,0,,0,0,0,,0,0,0,,149,0,0,0,
eabec2cff9fb48cdb79965d77a56f47d,240,15880,47,21,1148,https://www.youtube.com/watch?v=Lgh8l9fAcNM,47,21,298,https://www.youtube.com/watch?v=1f_2xjXuNok,295,175,1148,https://www.youtube.com/watch?v=Lgh8l9fAcNM,0,0,0,0,
5d23e69300534fe6aa678d75573381ea,239,2172,0,0,0,,0,0,0,,0,0,0,,0,0,0,0,
dbbb8592c30840c8b00ae8091a684e5c,238,9230,0,0,0,,0,0,0,,0,0,0,,1270,0,0,0,
1d9db35aa47c4d2d8bea3fb94afbd1b9,237,9681,37,22,44,https://www.youtube.com/watch?v=9ILjBwvLTP8,37,22,44,https://www.youtube.com/watch?v=9ILjBwvLTP8,0,0,0,,0,0,0,0,
71da2daf84a546c39399adf6ca44aac1,236,18326,20,7,43,https://www.youtube.com/watch?v=s6BZL-kvB_w,20,7,43,https://www.youtube.com/watch?v=s6BZL-kvB_w,0,0,0,,337,38,21,39,https://www.twitch.tv/videos/2818181478
1d0201167f5445e8b410a8f311e54133,234,27769,0,0,0,,0,0,0,,0,0,0,,149,0,0,0,
d4bd6ed12ee746a8978434ee5b14dd27,234,62571,18,11,1356,https://www.youtube.com/watch?v=RPWmfukqDmc,0,0,0,,18,11,1356,https://www.youtube.com/watch?v=RPWmfukqDmc,556,42,30,78,https://www.twitch.tv/videos/2826142308
d8b5835bc6aa46119cc7ddd4447e780f,234,36241,0,0,0,,0,0,0,,0,0,0,,2013,138,107,361,https://www.twitch.tv/videos/2823504073
8ad7e8cd45e040f797cf2f1fa9d68976,233,10499,54,34,307,https://www.youtube.com/watch?v=87gQTC-Jmag,54,34,307,https://www.youtube.com/watch?v=87gQTC-Jmag,0,0,0,,0,0,0,0,
dc27d7819dac471f907e0ace5131580f,233,5750,0,0,0,,0,0,0,,0,0,0,,1471,361,332,769,https://www.twitch.tv/videos/2816740721
d198a42f93d84e9ca061a72243d142cc,232,118040,0,0,0,,0,0,0,,0,0,0,,544,17,12,70,https://www.twitch.tv/videos/2811156375
c274c90379ca4e57a79251976cda3e54,231,8941,37,0,37,https://www.youtube.com/watch?v=4VbFzfnPong,37,0,37,https://www.youtube.com/watch?v=4VbFzfnPong,0,0,0,,318,0,0,0,
25b5885afcdc4430be0d822464ccff91,231,3646,0,0,0,,0,0,0,,0,0,0,,343,22,16,32,https://www.twitch.tv/videos/2825277482
af89613e72874e219c00ab0c89b6c641,231,53223,17,7,24,https://www.youtube.com/watch?v=k17n4jyB8Bw,17,7,24,https://www.youtube.com/watch?v=k17n4jyB8Bw,0,0,0,,11,0,0,0,
a7bb915cc1a0474080d7dbf6d245daf4,230,13693,0,0,0,,0,0,0,,0,0,0,,45,0,0,0,
42d2b255295b468dafe439394130ae11,230,12395,0,0,0,,0,0,0,,0,0,0,,944,0,0,0,
bf6401d2159c40a8a616defa8c2c4a66,229,25543,0,0,0,,0,0,0,,0,0,0,,820,0,0,0,
8edfda91088642ffabf3b24e079eb039,227,11266,142,45,1499,https://www.youtube.com/watch?v=zeskHElxonk,142,46,286,https://www.youtube.com/watch?v=-rgPBJpyb1U,64,42,1499,https://www.youtube.com/watch?v=zeskHElxonk,0,0,0,0,
aad41e66df77481baac0825033d81487,226,57082,51,22,1461,https://www.youtube.com/watch?v=NzDFcv6GYLY,36,12,53,https://www.youtube.com/watch?v=YGsI83QiH0I,1301,442,1461,https://www.youtube.com/watch?v=NzDFcv6GYLY,0,0,0,0,
fdbcdd7db6b04ed4b2336b1b3da66564,224,20448,0,0,0,,0,0,0,,0,0,0,,378,111,83,207,https://www.twitch.tv/videos/2826194817
af82ee4712aa4d6c9c4100591a8a3163,224,3220,0,0,0,,0,0,0,,0,0,0,,633,0,0,0,
156aba6fe34b4d648a3fd210550963c7,224,1041,0,0,0,,0,0,0,,0,0,0,,92,0,0,0,
7bebabbe96a34368aa03da163e3da313,223,29613,220,45,220,https://www.youtube.com/watch?v=gt8X63YKF_E,220,45,220,https://www.youtube.com/watch?v=gt8X63YKF_E,0,0,0,,0,0,0,0,
52d8a731a7634e529ba986ae40ce6526,221,17034,0,0,0,,0,0,0,,0,0,0,,867,173,109,365,https://www.twitch.tv/videos/2824336283
98619914a2eb4b07bd6bc0a02066e455,221,5703,0,0,0,,0,0,0,,0,0,0,,1337,356,287,462,https://www.twitch.tv/videos/2828686396
d564dc69725f4258b8b08d8d5df285a8,220,9889,0,0,0,,0,0,0,,0,0,0,,71,0,0,0,
463e3994840145618264d41fa3eaf344,220,13709,34,24,49,https://www.youtube.com/watch?v=rXflrLNuTWw,34,24,49,https://www.youtube.com/watch?v=rXflrLNuTWw,0,0,0,,0,0,0,0,
d8fa0fb407c043cb9b65ab66c2221e8d,219,70311,1,0,5,https://www.youtube.com/watch?v=-VVXCuC9kCQ,0,0,0,,1,0,5,https://www.youtube.com/watch?v=-VVXCuC9kCQ,2247,36,22,68,https://www.twitch.tv/videos/2822203722
3986345f7cae4fc5ba3b7fd3a8dceba0,219,1024,0,0,0,,0,0,0,,0,0,0,,1204,0,0,0,
c56801a52568414ca54724a3c24c3417,216,19892,14,9,14,https://www.youtube.com/watch?v=CETQV6Xjp6c,0,0,0,,14,9,14,https://www.youtube.com/watch?v=CETQV6Xjp6c,2208,201,151,241,https://www.twitch.tv/videos/2820594521
12479712313d4ddda715483e1f93ee9d,214,4478,0,0,0,,0,0,0,,0,0,0,,0,0,0,0,
8814a6eccdd04fa6bf2f8201f12bf8ae,212,3835,0,0,0,,0,0,0,,0,0,0,,344,42,36,43,https://www.twitch.tv/videos/2828631499
3dc59c2e8b424c9e812fb48048ebdef8,212,7317,3,2,978,https://www.youtube.com/watch?v=PVonJ3REz2k,0,0,0,,3,2,978,https://www.youtube.com/watch?v=PVonJ3REz2k,1532,96,63,153,https://www.twitch.tv/videos/2824581778
cfe0c2386d794c229d71c5a6a7e28333,212,15717,4,1,13,https://www.youtube.com/watch?v=GYOj6UH1mD8,0,0,0,,4,1,13,https://www.youtube.com/watch?v=GYOj6UH1mD8,0,0,0,0,
3082cc9c2e124fb3bf77cc799590042e,211,17108,39,13,49,https://www.youtube.com/watch?v=sKrYso4g_bo,39,13,49,https://www.youtube.com/watch?v=sKrYso4g_bo,0,0,0,,0,0,0,0,
bed176f79b074789ba4d21c90ca54a9c,210,6422,0,0,0,,0,0,0,,0,0,0,,5450,138,112,382,https://www.twitch.tv/videos/2818813938
54ea240f1bf1471981684464081645e7,210,4076,0,0,0,,0,0,0,,0,0,0,,352,9,7,37,https://www.twitch.tv/videos/2823524173
de8c5ca15afd4534a822e5a1a9c2784e,210,1445,6,4,185,https://www.youtube.com/watch?v=KaXJYA0GJ0k,0,0,0,,6,4,185,https://www.youtube.com/watch?v=KaXJYA0GJ0k,2196,94,79,218,https://www.twitch.tv/videos/2828698292
47d591738d2449a496e7ce140b539662,210,792,0,0,0,,0,0,0,,0,0,0,,2146,265,178,358,https://www.twitch.tv/videos/2817844112
74d00f89697a43e6801463c71fb37172,208,26468,73,30,231,https://www.youtube.com/watch?v=hq1FKorpxr0,73,30,231,https://www.youtube.com/watch?v=hq1FKorpxr0,0,0,0,,70,108,103,175,https://www.twitch.tv/videos/2828496909
14b644d58ff14ef1b491ef3d451e9e06,207,1007,0,0,0,,0,0,0,,0,0,0,,3354,0,0,0,
f1d9ff59d3d74b0ebb4268de53698dbf,207,6361,0,0,0,,0,0,0,,0,0,0,,729,0,0,0,
a0b5f8b54a534dfcb66154002e97e4cc,207,0,0,0,0,,0,0,0,,0,0,0,,155,0,0,0,
5949eae32b844c9e873474efb19f4e6d,205,6123,0,0,0,,0,0,0,,0,0,0,,0,0,0,0,
a5ced44a2bb74575a9cf9ea48f9ec890,205,8941,0,0,0,,0,0,0,,0,0,0,,0,0,0,0,
05970b8580b4433d9afb8769568d2276,204,5570,0,0,0,,0,0,0,,0,0,0,,9,0,0,0,
d46a06f4c654403e8b6376f7eda6f6ba,204,10032,68,50,97,https://www.youtube.com/watch?v=9V8patWuVeM,68,50,97,https://www.youtube.com/watch?v=9V8patWuVeM,0,0,0,,0,0,0,0,
865ef104e1784d878871c819452a63dd,204,2270,0,0,0,,0,0,0,,0,0,0,,0,0,0,0,
699b0baa82d0413aa073155683edcd56,204,7190,1,0,544,https://www.youtube.com/watch?v=yHQ7e1fOQ3k,0,0,0,,1,0,544,https://www.youtube.com/watch?v=yHQ7e1fOQ3k,2211,82,64,167,https://www.twitch.tv/videos/2826983030
3c9899af7c104ea08eb0baa4ee565076,203,2429,0,0,0,,0,0,0,,0,0,0,,710,71,61,71,https://www.twitch.tv/videos/2826178968
08d8f03223a54fb3807d49fb7c30b434,202,10730,89,37,152,https://www.youtube.com/watch?v=5UcqIkiJZVQ,89,37,152,https://www.youtube.com/watch?v=5UcqIkiJZVQ,0,0,0,,99,0,0,0,
afec285390344f2a966c2c39c1e6984d,197,565,30,28,30,https://www.youtube.com/watch?v=4KpFIqukqXE,30,28,30,https://www.youtube.com/watch?v=4KpFIqukqXE,0,0,0,,0,0,0,0,
48e968abd77d434db31de0f0bb8d92a1,196,10929,0,0,0,,0,0,0,,0,0,0,,577,29,19,104,https://www.twitch.tv/videos/2823796061
5aca9ae61bba473b96998fee811d155e,195,32729,275,165,1707,https://www.youtube.com/watch?v=hDMW2FK0HvI,32,11,32,https://www.youtube.com/watch?v=uqQN3XuedjM,312,186,1707,https://www.youtube.com/watch?v=hDMW2FK0HvI,0,0,0,0,
936b7b3d4250469d94b53ebc7e4936f6,194,241761,0,0,0,,0,0,0,,0,0,0,,1197,190,61,353,https://www.twitch.tv/videos/2821401916
f30f6a2e994641b5af169b97f2aad13b,192,6968,0,0,0,,0,0,0,,0,0,0,,552,0,0,0,
021eaf7cecfa4416b759fcc310f7b15a,191,8467,0,0,0,,0,0,0,,0,0,0,,224,0,0,0,
26e2e1583d404f48b879375ef74ae33a,191,9000,0,0,0,,0,0,0,,0,0,0,,0,0,0,0,
698d1cca0e1f417892c954dabe0aacf8,189,771,0,0,0,,0,0,0,,0,0,0,,2294,0,0,0,
ae5f14abe86f4c62a9f6da7f6fa6cdc4,188,4584,58,25,1133,https://www.youtube.com/watch?v=GieirWMPHiM,0,0,0,,58,25,1133,https://www.youtube.com/watch?v=GieirWMPHiM,0,0,0,0,
513641895d9a4fbca3b19aeb63d28915,188,8727,597,484,1157,https://www.youtube.com/watch?v=duIqBA8nuw8,0,0,0,,597,484,1157,https://www.youtube.com/watch?v=duIqBA8nuw8,1347,480,290,1024,https://www.twitch.tv/videos/2808925117
47a57b51af1a482ead79df1698db2c70,188,7821,49,11,1744,https://www.youtube.com/watch?v=44PbLv7RoFk,46,11,54,https://www.youtube.com/watch?v=H4Di2HGUF9s,1744,216,1744,https://www.youtube.com/watch?v=44PbLv7RoFk,0,0,0,0,
949f184abcc84a82b8e9f333b41a2109,187,10076,3,1,14,https://www.youtube.com/watch?v=rARc1LhSw0M,0,0,0,,3,1,14,https://www.youtube.com/watch?v=rARc1LhSw0M,2566,657,241,1246,https://www.twitch.tv/videos/2805845442
202d7c3df0a0489288ace48e1e81ac9f,186,4638,0,0,0,,0,0,0,,0,0,0,,76,0,0,0,
6d76e6b27f164061a216ec2831bd8dd3,186,0,0,0,0,,0,0,0,,0,0,0,,1208,30,19,44,https://www.twitch.tv/videos/2820541002
25f3eb5a85784e0e9f59f45ae775badd,185,10635,0,0,0,,0,0,0,,0,0,0,,0,0,0,0,
7a7e366c81d54d03a07cb2c6cb382884,184,6249,0,0,0,,0,0,0,,0,0,0,,0,0,0,0,
ad94d8048eb443248e4f2161201a938d,184,2165,34,31,42,https://www.youtube.com/watch?v=E38vLpQSvCA,0,0,0,,34,31,42,https://www.youtube.com/watch?v=E38vLpQSvCA,16,0,0,0,
03265829bf6d4e1eb09e58b1ec4093bc,184,2276,353,270,1014,https://www.youtube.com/watch?v=_fiRXFiTITo,273,211,448,https://www.youtube.com/watch?v=nIClx9NjCG0,353,270,1014,https://www.youtube.com/watch?v=_fiRXFiTITo,0,0,0,0,
0024f8db99514a76bc5d5db1004c9bf4,183,3544,1,0,41,https://www.youtube.com/watch?v=K0KcSlm7YYA,30,19,41,https://www.youtube.com/watch?v=K0KcSlm7YYA,0,0,5,https://www.youtube.com/watch?v=fhAai6tYwek,461,213,168,707,https://www.twitch.tv/videos/2825133256
a0fd4ae0fdc540c7b0c63d292372412a,182,2493,0,0,0,,0,0,0,,0,0,0,,185,0,0,0,
98c577d538f84d75a3c34e0f9d13c8a3,181,12481,0,0,0,,0,0,0,,0,0,0,,267,28,17,40,https://www.twitch.tv/videos/2824809826
67dc6d443cff47a4bc6a31a56e8b72f5,176,18729,53,25,168,https://www.youtube.com/watch?v=ZNY324YcAYo,53,25,168,https://www.youtube.com/watch?v=ZNY324YcAYo,0,0,0,,0,0,0,0,
9b9409f309a54c54bf6225f43eae1167,176,6144,0,0,0,,0,0,0,,0,0,0,,2065,196,144,256,https://www.twitch.tv/videos/2817892151
3442df03030941b0933077faf6a75c6a,176,9919,0,0,0,,0,0,0,,0,0,0,,695,81,61,173,https://www.twitch.tv/videos/2828486156
64677f13935847cca3e2e6670a89d9a8,175,1640,22,15,56,https://www.youtube.com/watch?v=-y0da2lUsvk,22,15,56,https://www.youtube.com/watch?v=-y0da2lUsvk,0,0,0,,445,20,14,20,https://www.twitch.tv/videos/2822188581
7ee7164af0d645a18422350715a1eef0,175,404,0,0,0,,0,0,0,,0,0,0,,356,0,0,0,
bad9c0bc10404089a32d6b4b8346fc0e,175,87076,31,14,52,https://www.youtube.com/watch?v=Mw7AXyOOYTI,31,14,52,https://www.youtube.com/watch?v=Mw7AXyOOYTI,0,0,0,,0,0,0,0,
a3bbe09809e141e5b0658a79ba63f977,175,14022,2,0,23,https://www.youtube.com/watch?v=U5zQewEI2s0,0,0,0,,2,0,23,https://www.youtube.com/watch?v=U5zQewEI2s0,406,14,12,19,https://www.twitch.tv/videos/2822962082
591654ee39c147ffaa77a531a81a6eda,174,13722,8,1,50,https://www.youtube.com/watch?v=cib7G8HEOOE,11,1,50,https://www.youtube.com/watch?v=cib7G8HEOOE,1,0,1,https://www.youtube.com/watch?v=I5tMoLV5tOo,700,33,21,49,https://www.twitch.tv/videos/2822932234
6cdc57bc89cc4b7f9c9d848fd5b0d031,174,25105,0,0,0,,0,0,0,,0,0,0,,0,0,0,0,
74a8b2325c0c4b158dd12377bff187c8,173,1953,0,0,0,,0,0,0,,0,0,0,,0,0,0,0,
ad6455da071543ab88cd4855a11cf39b,173,6557,22,11,40,https://www.youtube.com/watch?v=JETdjqaZ_lU,22,11,40,https://www.youtube.com/watch?v=JETdjqaZ_lU,0,0,0,,0,0,0,0,
844adbe9800c4c52863267075afd2c7f,173,8845,0,0,0,,0,0,0,,0,0,0,,255,0,0,0,
288ba70f1a044c72a65ed9cf3b425d13,172,18534,96,1,120,https://www.youtube.com/watch?v=4lPJzOx5a-U,96,1,120,https://www.youtube.com/watch?v=4lPJzOx5a-U,0,0,0,,0,0,0,0,
604dc5a26bb54f3d8a69c9df659d23d7,172,6011,0,0,0,,0,0,0,,0,0,0,,808,36,33,86,https://www.twitch.tv/videos/2824509417
bb21226dc1db41e294f545133948115b,172,16744,190,60,1433,https://www.youtube.com/watch?v=BTfGbZkXHGs,0,0,0,,190,60,1433,https://www.youtube.com/watch?v=BTfGbZkXHGs,852,0,0,0,
58f233e089ca45c8bc1969b471183766,172,25178,0,0,0,,0,0,0,,0,0,0,,0,0,0,0,
c29627e1a48a4ea8b21c858aba1836d0,172,6670,0,0,0,,0,0,0,,0,0,0,,506,151,121,329,https://www.twitch.tv/videos/2819029057
868a7d0a1ef94befa5205a21fb65d7d5,172,2865,0,0,0,,0,0,0,,0,0,0,,4609,174,138,403,https://www.twitch.tv/videos/2821939706
68671ee09add4d87b8038acebc5b48a4,171,6082,9,7,1427,https://www.youtube.com/watch?v=OGwozMCkMyo,0,0,0,,9,7,1427,https://www.youtube.com/watch?v=OGwozMCkMyo,1076,165,99,927,https://www.twitch.tv/videos/2824589107
afb9c6f2f93040d0a0227405b9d17bde,171,274101,1013,250,1996,https://www.youtube.com/watch?v=eCone5Hs06o,0,0,0,,1013,250,1996,https://www.youtube.com/watch?v=eCone5Hs06o,487,89,68,120,https://www.twitch.tv/videos/2819723349
b2ec8ce2ab124618ae1b1af2cd85ce23,171,2832,0,0,0,,0,0,0,,0,0,0,,269,0,0,0,
a91c83dff0c94387aa2c11e597424517,171,11087,0,0,0,,0,0,0,,0,0,0,,263,38,20,38,https://www.twitch.tv/videos/2818154254
b850c220033a4b6d83c9b9b70b04647b,171,3758,0,0,0,,0,0,0,,0,0,0,,198,0,0,0,
56e0088d20b04a059da9932476fc9a5b,170,21257,0,0,0,,0,0,0,,0,0,0,,2555,0,0,0,
d93ec185504e45e2894865980da489a9,170,3124,4,1,14,https://www.youtube.com/watch?v=5Sn4wJGxDAg,0,0,0,,4,1,14,https://www.youtube.com/watch?v=5Sn4wJGxDAg,1808,256,215,358,https://www.twitch.tv/videos/2821225045
cd38e82545b04cb8a3e047fe41f2ba40,168,1308,0,0,0,,0,0,0,,0,0,0,,1067,213,90,532,https://www.twitch.tv/videos/2806490057
0c97b425059d4ac893cae0f804f4ccbc,166,11050,0,0,0,,0,0,0,,0,0,0,,0,0,0,0,
c08ae8d7412d407c8b233f6e445d081c,166,3475,1,0,8,https://www.youtube.com/watch?v=i6QMbH_VbkA,0,0,0,,1,0,8,https://www.youtube.com/watch?v=i6QMbH_VbkA,736,71,53,108,https://www.twitch.tv/videos/2826561277
fced951d6a344a27b59e422984ead36d,164,31824,0,0,0,,0,0,0,,0,0,0,,0,0,0,0,
3475b2087d9a4d799c10bd3ac5f45437,163,941,0,0,0,,0,0,0,,0,0,0,,1188,199,140,199,https://www.twitch.tv/videos/2822212037
f958b1a87ecd4bfab42ba0d1443bfa61,161,10849,13,2,18,https://www.youtube.com/watch?v=YMtgMc_vIGs,13,2,18,https://www.youtube.com/watch?v=YMtgMc_vIGs,0,0,0,,539,0,0,0,
6481e646412745d3b2fa38255cef0da4,161,7880,0,0,0,,0,0,0,,0,0,0,,592,82,57,82,https://www.twitch.tv/videos/2822213066
4d96aeef13f949e19026682e337db138,160,3368,0,0,0,,0,0,0,,0,0,0,,2637,0,0,0,
fe1731a49d43440391f571347747604c,160,2773,10,2,14,https://www.youtube.com/watch?v=pEROwQ3x40g,0,0,0,,10,2,14,https://www.youtube.com/watch?v=pEROwQ3x40g,1332,490,292,490,https://www.twitch.tv/videos/2819688138
edfed5b0978a4fb98f94319bfc639d98,160,1225,0,0,0,,0,0,0,,0,0,0,,1168,350,303,703,https://www.twitch.tv/videos/2819543050
46821555a7af41e4aa70fe0fabd8a4f6,159,8794,38,27,38,https://www.youtube.com/watch?v=wDfeUZG7NyA,38,27,38,https://www.youtube.com/watch?v=wDfeUZG7NyA,0,0,0,,670,30,21,42,https://www.twitch.tv/videos/2822274296
67c533576c474a0d9897f62964cef71c,157,4616,0,0,0,,0,0,0,,0,0,0,,335,56,46,88,https://www.twitch.tv/videos/2818008520
43e078503ebd44ae9f83abc9399647ca,157,28717,177,59,177,https://www.youtube.com/watch?v=eDdQQ_m0xB0,0,0,0,,177,59,177,https://www.youtube.com/watch?v=eDdQQ_m0xB0,7780,732,342,1488,https://www.twitch.tv/videos/2824568950
06f1c7339e1c47ecb69ea7385f4635a1,157,35296,210,62,210,https://www.youtube.com/watch?v=iAmV0dEFkv4,0,0,0,,210,62,210,https://www.youtube.com/watch?v=iAmV0dEFkv4,465,223,200,236,https://www.twitch.tv/videos/2826140283
dc97af965a4942d281cc7365805233f1,156,3232,0,0,0,,0,0,0,,0,0,0,,68,33,26,40,https://www.twitch.tv/videos/2822808649
3040b4d9d4374815a4e0af0c887a42fc,155,20371,0,0,0,,0,0,0,,0,0,0,,1432,196,148,487,https://www.twitch.tv/videos/2826609862
6a915915ad2a4d29b524ebd50f2dbbe4,155,1550,0,0,0,,0,0,0,,0,0,0,,1607,0,0,0,
290bbaa329eb45b1a267bfd7e35c3b14,154,0,0,0,0,,0,0,0,,0,0,0,,449,0,0,0,
a8bee4c680a54cf29b34d90bf7230ab1,154,2799,0,0,0,,0,0,0,,0,0,0,,1896,0,0,0,
e4348f08ee98429eb6143ecbac088f1a,151,5764,73,44,181,https://www.youtube.com/watch?v=KZJQgL0EO68,73,44,181,https://www.youtube.com/watch?v=KZJQgL0EO68,0,0,0,,0,0,0,0,
5fdd1d15cf404c918b0f697baff04218,151,38555,1506,1153,1506,https://www.youtube.com/watch?v=QOuyU_woIkA,0,0,0,,1506,1153,1506,https://www.youtube.com/watch?v=QOuyU_woIkA,2679,431,390,1013,https://www.twitch.tv/videos/2819868307
e6d7ea2833a1477aab8dfa3d4f4936fb,151,4506,0,0,0,,0,0,0,,0,0,0,,1485,176,126,245,https://www.twitch.tv/videos/2819033370
41e1aa0eab8d4ec5a4010833581f5b92,150,2785,0,0,0,,0,0,0,,0,0,0,,90,0,0,0,
8b1758159f754a3a8d7f26dcf12c008f,150,7115,0,0,0,,0,0,0,,0,0,0,,0,0,0,0,
eb001c0b038d4833b28c1026e04fdb89,148,11235,0,0,0,,0,0,0,,0,0,0,,1118,389,268,414,https://www.twitch.tv/videos/2825350451
2f2a88438aee4a5e842f186bcdc05128,147,12403,0,0,0,,0,0,0,,0,0,0,,80,0,0,0,
46a16e41f2af4523adeb4556f2e0b0d5,146,3280,0,0,0,,0,0,0,,0,0,0,,8405,0,0,0,
beed2aaeebc9439895feb2aff3c9e641,146,8080,34,20,1262,https://www.youtube.com/watch?v=NdOfczO76d8,31,18,68,https://www.youtube.com/watch?v=jJgnRX3QBOs,699,543,1262,https://www.youtube.com/watch?v=NdOfczO76d8,0,0,0,0,
2d3deb7610dd4329ba77597dfdd13043,146,19858,0,0,0,,0,0,0,,0,0,0,,1985,142,75,294,https://www.twitch.tv/videos/2817280467
98fd913e544f4725afdd28ad05f3e737,145,12323,43,3,43,https://www.youtube.com/watch?v=Mt_bho1DF1g,43,3,43,https://www.youtube.com/watch?v=Mt_bho1DF1g,0,0,0,,0,0,0,0,
521d3e3d5e6e410aababfb8f290749b6,145,2518,4,1,5,https://www.youtube.com/watch?v=wLAG06KjOiI,0,0,0,,4,1,5,https://www.youtube.com/watch?v=wLAG06KjOiI,369,21,11,21,https://www.twitch.tv/videos/2818092645
f42472ba115a480ab309612af9ae29cf,145,5296,30,6,65,https://www.youtube.com/watch?v=4UMjrwQFZcQ,30,6,65,https://www.youtube.com/watch?v=4UMjrwQFZcQ,0,0,0,,0,0,0,0,
e739323b76994f8abcca757db52a440d,144,8685,36,7,1187,https://www.youtube.com/watch?v=JxVpWY32oOg,34,4,38,https://www.youtube.com/watch?v=t2KHqA_K4a0,1187,1142,1187,https://www.youtube.com/watch?v=JxVpWY32oOg,0,0,0,0,
7ccac8385e2d41f69aab04b7f2b23cac,144,5241,0,0,0,,0,0,0,,0,0,0,,1346,0,0,0,
240c765d12ae40ab85e53fb39eb22b03,143,2607,0,0,0,,0,0,0,,0,0,0,,4416,0,0,0,
f55b426f2ceb419d964d1d1bcd3860e9,143,7877,0,0,0,,0,0,0,,0,0,0,,0,0,0,0,
a84b1b6deabc462b9cf994fd02304b5b,142,871,0,0,0,,0,0,0,,0,0,0,,1708,0,0,0,
eac3578c689d48b493103c11e2b16c5e,141,15980,0,0,0,,0,0,0,,0,0,0,,924,164,93,164,https://www.twitch.tv/videos/2819022827
4ec87ced65c74722927e8fd3f219a653,141,3207,0,0,0,,0,0,0,,0,0,0,,221,0,0,0,
c8672ebbfe37442788c48d9a8399fc7b,141,25040,0,0,0,,0,0,0,,0,0,0,,915,105,73,124,https://www.twitch.tv/videos/2818278143
cf100db6a3dc4010b32802b75f5abc14,140,8264,11,2,1235,https://www.youtube.com/watch?v=1PfAOftMSUc,21,11,119,https://www.youtube.com/watch?v=goXM_O0v5_g,3,1,1235,https://www.youtube.com/watch?v=1PfAOftMSUc,0,0,0,0,
9b6ebeb957fe4fed84a5472b6b3bd13c,139,17052,0,0,0,,0,0,0,,0,0,0,,1222,0,0,0,
1ea0189fc3ce47fb9461b6cab10d78fe,139,2888,0,0,0,,0,0,0,,0,0,0,,144,0,0,0,
135224fe261040639a802804b52f22db,138,0,0,0,0,,0,0,0,,0,0,0,,628,0,0,0,
061fa27713ec453ebf41c21eb58b7719,135,2143,0,0,0,,0,0,0,,0,0,0,,0,0,0,0,
fd638ba6820241d1b3367afab0c6ab3e,135,9978,0,0,0,,0,0,0,,0,0,0,,0,0,0,0,
a1a4762aa1eb4d95be1c0c7a528a8336,135,9913,0,0,0,,0,0,0,,0,0,0,,1864,114,99,498,https://www.twitch.tv/videos/2827045487
821713a01e5a4f1787926fb48dbf7302,134,9137,24,14,309,https://www.youtube.com/watch?v=on5qxtZIDDs,24,14,309,https://www.youtube.com/watch?v=on5qxtZIDDs,0,0,0,,0,0,0,0,
9a7b047b85ae4227af74a0e200c3abc9,134,23377,1727,480,1836,https://www.youtube.com/watch?v=pfzRbbFlLDc,0,0,0,,1727,480,1836,https://www.youtube.com/watch?v=pfzRbbFlLDc,768,33,21,38,https://www.twitch.tv/videos/2823826272
fe1bd62313574733ab86c1a56b7143ab,133,23,23,8,23,https://www.youtube.com/watch?v=GitujlFnzKs,0,0,0,,23,8,23,https://www.youtube.com/watch?v=GitujlFnzKs,1545,0,0,0,
70ab761191014a39b7d090541f785cd2,132,11319,7,2,151,https://www.youtube.com/watch?v=B8cQy4Lvcmg,8,3,130,https://www.youtube.com/watch?v=qVcoMes82MI,5,2,151,https://www.youtube.com/watch?v=B8cQy4Lvcmg,146,25,21,42,https://www.twitch.tv/videos/2821325516
2bb0e68d998d4b2bbfc79557a233fb33,131,13622,84,36,392,https://www.youtube.com/watch?v=fduUg8gxDqw,84,36,392,https://www.youtube.com/watch?v=fduUg8gxDqw,0,0,0,,120,24,19,42,https://www.twitch.tv/videos/2818963018
c9e933e250e747f88f8cbf4857ec7f3b,131,134,0,0,0,,0,0,0,,0,0,0,,3036,0,0,0,
2928a7d5624e4af8b1331eabae6bda17,130,2705,0,0,0,,0,0,0,,0,0,0,,730,19,13,30,https://www.twitch.tv/videos/2823798524
b18dea7632bc49db974a22d6eb6660fb,130,3675,0,0,0,,0,0,0,,0,0,0,,413,0,0,0,
3b7dac5e2bdb4c08a139e18ef7f6f7e5,130,7452,1,0,1,https://www.youtube.com/watch?v=RCyhNNQKo4k,0,0,0,,1,0,1,https://www.youtube.com/watch?v=RCyhNNQKo4k,663,29,21,96,https://www.twitch.tv/videos/2827500348
453db6575b094b388ba2ae38e7ff2c51,129,15485,7,2,10,https://www.youtube.com/watch?v=wShRERtovKc,0,0,0,,7,2,10,https://www.youtube.com/watch?v=wShRERtovKc,695,0,0,0,
c85822960da341bb8f5323219b233bd1,128,9001,0,0,0,,0,0,0,,0,0,0,,0,0,0,0,
06d173cf0b3f4369bcfb4b4270bd59e3,127,365,0,0,0,,0,0,0,,0,0,0,,332,208,183,525,https://www.twitch.tv/videos/2822060194
f09a7c3155a047c98f155434b2634ecf,127,3549,0,0,0,,0,0,0,,0,0,0,,392,0,0,0,
577251897dc7463393b68c5b6f96559b,126,7755,0,0,0,,0,0,0,,0,0,0,,724,197,147,397,https://www.twitch.tv/videos/2819786843
350b440f9436415c8499526d4c6f3dfd,126,4012,0,0,0,,0,0,0,,0,0,0,,1769,151,136,300,https://www.twitch.tv/videos/2819696170
ff170a57c74545c7977b64a6d82981af,125,15801,36,19,1524,https://www.youtube.com/watch?v=Omwi78KBy3k,36,17,77,https://www.youtube.com/watch?v=hY-6CdIwPec,757,203,1524,https://www.youtube.com/watch?v=Omwi78KBy3k,0,0,0,0,
09b00ccde152498b808efe7317bd52f0,123,1457,0,0,0,,0,0,0,,0,0,0,,2901,153,115,222,https://www.twitch.tv/videos/2823933816
822b9b7a9eca49df9bfd617a19b274b0,123,3164,33,12,48,https://www.youtube.com/watch?v=9PfN7dkgazk,33,12,48,https://www.youtube.com/watch?v=9PfN7dkgazk,0,0,0,,0,0,0,0,
a1d3d37caa68474288b903f309db32a1,122,9249,13,4,36,https://www.youtube.com/watch?v=dzsfhyRp1n4,13,4,36,https://www.youtube.com/watch?v=dzsfhyRp1n4,0,0,0,,0,0,0,0,
fef1577c0352446c8e371b9fd9e7cc73,120,8833,0,0,0,https://www.youtube.com/watch?v=DvyKB0K485g,0,0,0,,0,0,0,https://www.youtube.com/watch?v=DvyKB0K485g,124,9,6,14,https://www.twitch.tv/videos/2822988800
8b5d6e9353ba46789fa6a2cfd94f69b2,120,4362,1,0,21,https://www.youtube.com/watch?v=QYE1dV6oGUk,0,0,0,,1,0,21,https://www.youtube.com/watch?v=QYE1dV6oGUk,131,25,15,49,https://www.twitch.tv/videos/2821072033
8064b5c85fc64d10ae3e9d3a4c0dfd8f,118,1181,0,0,0,,0,0,0,,0,0,0,,2736,0,0,0,
6d36ce9cdedb4806ad5c00a3496b9e4f,118,1986,48,23,79,https://www.youtube.com/watch?v=87NB9KcvFQ8,48,16,54,https://www.youtube.com/watch?v=oT-rtJi2e0M,79,52,79,https://www.youtube.com/watch?v=87NB9KcvFQ8,2103,2363,1992,4871,https://www.twitch.tv/videos/2825870655
6358ea21f673491fab72d62494b2225f,118,3908,0,0,0,,0,0,0,,0,0,0,,626,348,239,427,https://www.twitch.tv/videos/2828521140
6c66740fc44a4a489e7a67ac93dd274e,118,1472,0,0,0,,0,0,0,,0,0,0,,419,0,0,0,
5a60a41d2a604bc68368158cd0b1cc12,117,10269,1,0,72,https://www.youtube.com/watch?v=Bf_1Z7f_PXk,0,0,0,,1,0,72,https://www.youtube.com/watch?v=Bf_1Z7f_PXk,657,69,39,98,https://www.twitch.tv/videos/2826392272
16e0b967de004b45b5c10302382ad43e,117,1918,0,0,0,,0,0,0,,0,0,0,,533,165,156,165,https://www.twitch.tv/videos/2828206992
a2847bd09f954df794fb9289d6a96dae,117,8053,0,0,0,,0,0,0,,0,0,0,,714,113,83,211,https://www.twitch.tv/videos/2823771434
e93b2dd2339a422f8ab3d21c9d95161c,116,2514,0,0,0,,0,0,0,,0,0,0,,513,43,33,169,https://www.twitch.tv/videos/2820397818
1daf23905a3d4aa9a59273e563e33382,115,6621,0,0,0,,0,0,0,,0,0,0,,1814,0,0,0,
063fe3c0ae714b4ea4edaf79bda5dda0,115,520,0,0,0,,0,0,0,,0,0,0,,2090,166,111,166,https://www.twitch.tv/videos/2821348275
b9a09f50375248aebc3d6afdb7f5adf6,115,2064,0,0,0,,0,0,0,,0,0,0,,835,0,0,0,
a2e9afb364e84d48acbdc77441ad17a7,115,12261,1366,630,1707,https://www.youtube.com/watch?v=DV4MDMXniRE,0,0,0,,1366,630,1707,https://www.youtube.com/watch?v=DV4MDMXniRE,541,32,20,41,https://www.twitch.tv/videos/2825364622
dd9bf471b0304627877f38daaec5407b,111,663,0,0,0,,0,0,0,,0,0,0,,958,41,26,41,https://www.twitch.tv/videos/2820553053
12286b61ae55499b8c60101a4625b089,110,0,0,0,0,,0,0,0,,0,0,0,,309,0,0,0,
22f16847ee064b1bafd9bbe15bd31284,110,7328,28,16,28,https://www.youtube.com/watch?v=BYtCyx6gy8I,0,0,0,,28,16,28,https://www.youtube.com/watch?v=BYtCyx6gy8I,708,58,33,141,https://www.twitch.tv/videos/2824437082
a127ff7335ae467d961641bcf84f1e2f,109,12191,0,0,0,,0,0,0,,0,0,0,,2156,180,129,228,https://www.twitch.tv/videos/2820508969
f10dc84fab2a41d385c2553b0f1d788b,109,4366,0,0,0,,0,0,0,,0,0,0,,641,64,49,86,https://www.twitch.tv/videos/2822113301
4ead521cd6a04a5aa1b2739f252ac9d1,108,694,0,0,0,,0,0,0,,0,0,0,,265,34,30,72,https://www.twitch.tv/videos/2821314668
965ff8a77ab845aaac693d9c7a56f82d,108,7554,0,0,0,,0,0,0,,0,0,0,,685,78,60,124,https://www.twitch.tv/videos/2822868583
8868dd9b4d75481397fd841b8ef6c55d,108,2329,0,0,0,,0,0,0,,0,0,0,,13,0,0,0,
77364942d7f24440bbde8efa71c724df,108,6830,0,0,0,,0,0,0,,0,0,0,,642,19,14,71,https://www.twitch.tv/videos/2819746881
c6d0078f1d5e4fd08a459c7eecd85464,105,22791,53,25,105,https://www.youtube.com/watch?v=frJU0l7DOek,52,22,105,https://www.youtube.com/watch?v=frJU0l7DOek,69,29,69,https://www.youtube.com/watch?v=DhRYOs9obZM,0,0,0,0,
1af37b5945cf40019107583a3c6537ea,105,651,0,0,0,,0,0,0,,0,0,0,,2730,296,223,434,https://www.twitch.tv/videos/2819759281
fede6fee793048f1a576cab38a6bd414,104,6294,0,0,0,,0,0,0,,0,0,0,,2324,62,22,115,https://www.twitch.tv/videos/2822145160
2d25a18a83af462a8d4062e162017a1a,102,5129,3,1,9,https://www.youtube.com/watch?v=s1xDbu6Gf6s,0,0,0,,3,1,9,https://www.youtube.com/watch?v=s1xDbu6Gf6s,495,0,0,0,
53b98a4bbf49419fb4516525846d4d35,102,498,0,0,0,,0,0,0,,0,0,0,,1812,0,0,0,
ca65749ceff346fd971c24b0461f18d9,102,8288,0,0,0,,0,0,0,,0,0,0,,612,0,0,0,
2af829174cab4262b61b226dd4d5aee5,102,9343,36,33,36,https://www.youtube.com/watch?v=Qw7hHVBEz2Y,0,0,0,,36,33,36,https://www.youtube.com/watch?v=Qw7hHVBEz2Y,14,0,0,0,
ba27c499a50f4cac87e6e5b94da18292,102,2040,0,0,0,,0,0,0,,0,0,0,,1375,431,235,699,https://www.twitch.tv/videos/2818259980
0a9f3befc55d447fbc9fa1e54ba0dd8e,102,0,0,0,0,,0,0,0,,0,0,0,,169,16,12,37,https://www.twitch.tv/videos/2819749375
25ebd185190b42d993d961d7c795b444,100,2727,0,0,0,,0,0,0,,0,0,0,,2329,0,0,0,
f35a552c958c4e798cac3bff3f5fff2b,99,680,0,0,0,,0,0,0,,0,0,0,,678,0,0,0,
33ce96c886d341879ce66c4f7892c421,99,58455,211,33,414,https://www.youtube.com/watch?v=D9B-E-FSJC4,0,0,0,,211,33,414,https://www.youtube.com/watch?v=D9B-E-FSJC4,756,212,165,371,https://www.twitch.tv/videos/2819696388
ef36201df30f43ba9efbd573f9a6d9b7,98,15617,0,0,0,,0,0,0,,0,0,0,,488,113,74,307,https://www.twitch.tv/videos/2818023098
ede21f904daf4a9b978efe15b0d9a31f,96,10181,0,0,0,,0,0,0,,0,0,0,,1983,426,297,717,https://www.twitch.tv/videos/2821037997
f1a631b2661b45718c7caf5862ddcd68,96,1978,86,30,133,https://www.youtube.com/watch?v=AUADFfxU4KY,83,31,133,https://www.youtube.com/watch?v=AUADFfxU4KY,121,3,121,https://www.youtube.com/watch?v=9DFPBXaRWjQ,21,0,0,0,
6bb236447ed9412a98c9b2d7c9069e10,96,17075,565,46,1781,https://www.youtube.com/watch?v=BH-xN5by9K4,0,0,0,,565,46,1781,https://www.youtube.com/watch?v=BH-xN5by9K4,2074,69,47,196,https://www.twitch.tv/videos/2827564258
7d5666a446d14da29b95ba8ecf3fc4b6,95,12360,48,20,48,https://www.youtube.com/watch?v=HRjlJ_ud5vk,0,0,0,,48,20,48,https://www.youtube.com/watch?v=HRjlJ_ud5vk,0,0,0,0,
67784d7c61af482780ab0558083fcd1e,94,3091,0,0,0,,0,0,0,,0,0,0,,373,17,14,23,https://www.twitch.tv/videos/2822946632
6b21f41580a64cc7ab15d219a612723b,94,0,0,0,0,,0,0,0,,0,0,0,,4495,0,0,0,
ee77ed51da394f02b72c33756b155eac,92,5120,0,0,0,,0,0,0,,0,0,0,,779,0,0,0,
d95abd62958c4081a999660b995d72ce,90,0,47,26,48,https://www.youtube.com/watch?v=jJSWnbbeRKk,47,26,48,https://www.youtube.com/watch?v=jJSWnbbeRKk,0,0,0,,0,0,0,0,
9523dedfc79a4f99b18461ff40586307,89,28357,81,18,1761,https://www.youtube.com/watch?v=mT29YdYv80M,22,9,81,https://www.youtube.com/watch?v=ta1tJYUUe6E,352,114,1761,https://www.youtube.com/watch?v=mT29YdYv80M,0,0,0,0,
f86ec6a459f64e7d8431c69b1d7ec28b,89,2452,16,8,31,https://www.youtube.com/watch?v=OFVHJ9eFbj0,16,8,31,https://www.youtube.com/watch?v=OFVHJ9eFbj0,0,0,0,,117,85,73,161,https://www.twitch.tv/videos/2822978848
34e73d1959694451b938ff53d98f9cec,88,740,0,0,0,,0,0,0,,0,0,0,,373,0,0,0,
39ff9dd2c91841b6b8c719d71b7bdb11,87,7365,119,36,908,https://www.youtube.com/watch?v=qoRhpTLeIys,0,0,0,,119,36,908,https://www.youtube.com/watch?v=qoRhpTLeIys,397,262,216,325,https://www.twitch.tv/videos/2826753816
32ae564b306c42cab2e1a4a8a9d6adfe,85,1072,0,0,0,,0,0,0,,0,0,0,,1270,0,0,0,
359d60ab5abb445a8477a50781acc050,85,10216,1584,776,1769,https://www.youtube.com/watch?v=U40dfWuVcf0,0,0,0,,1584,776,1769,https://www.youtube.com/watch?v=U40dfWuVcf0,0,0,0,0,
a5be52423e2f46b8bbad4a56c7f1d5e5,85,5137,9,5,3416,https://www.youtube.com/watch?v=NZuV_Qpy08c,0,0,0,,9,5,3416,https://www.youtube.com/watch?v=NZuV_Qpy08c,1453,268,196,369,https://www.twitch.tv/videos/2827792732
904e3c91b4e1427f9b2d69f69aa3b13c,85,14048,23,16,23,https://www.youtube.com/watch?v=FmUPZn6Sg2w,23,16,23,https://www.youtube.com/watch?v=FmUPZn6Sg2w,0,0,0,,0,0,0,0,
9f9bfcbf980b43bcb00c03261439d18d,85,1693,63,26,77,https://www.youtube.com/watch?v=wHT9uH5uncY,63,26,77,https://www.youtube.com/watch?v=wHT9uH5uncY,0,0,0,,48,97,80,97,https://www.twitch.tv/videos/2825319862
12ece01ae7004e9195e79309f0cdae40,81,373,65,60,65,https://www.youtube.com/watch?v=nUEs4FskHf0,0,0,0,,65,60,65,https://www.youtube.com/watch?v=nUEs4FskHf0,2551,0,0,0,
4c3e3e5338ae44feae581bbdffa8b811,81,11700,0,0,0,,0,0,0,,0,0,0,,216,0,0,0,
6bf231719d5e485fa0cdee99905858d4,78,1733,0,0,0,,0,0,0,,0,0,0,,767,70,58,254,https://www.twitch.tv/videos/2822990933
a7c42dc3d080425b9e979100a59d955c,77,4459,24,4,24,https://www.youtube.com/watch?v=fjoCIjRoCDw,0,0,0,,24,4,24,https://www.youtube.com/watch?v=fjoCIjRoCDw,308,0,0,0,
3fd5cac9e94144ad9a298e46c5472792,77,1694,0,0,0,,0,0,0,,0,0,0,,0,0,0,0,
188108fa6e2e41afb060e4038e49d4ab,75,2555,0,0,0,,0,0,0,,0,0,0,,707,0,0,0,
105bfceb9747425eb58622b6ebccf920,75,1045,0,0,0,,0,0,0,,0,0,0,,361,0,0,0,
1ef73c1e25b04bce98a9a5e475826d57,74,0,0,0,0,,0,0,0,,0,0,0,,0,0,0,0,
28e6f7c12a3b45899e7508058f926af9,74,12693,128,75,128,https://www.youtube.com/watch?v=TbFhVrZxlew,0,0,0,,128,75,128,https://www.youtube.com/watch?v=TbFhVrZxlew,1613,60,26,131,https://www.twitch.tv/videos/2816452278
ce1d3cace1cf4ec799c8846c8c2a6d48,73,247,0,0,0,,0,0,0,,0,0,0,,2526,409,185,2404,https://www.twitch.tv/videos/2818624387
eff26caff6bd4720957cefaf8f6fc87a,73,5825,0,0,0,,0,0,0,,0,0,0,,1276,243,157,342,https://www.twitch.tv/videos/2826038665
51fc95cfca444f03abe9a50acf8f85e6,70,3846,1,0,249,https://www.youtube.com/watch?v=CQ2oQE5i1jM,0,0,0,,1,0,249,https://www.youtube.com/watch?v=CQ2oQE5i1jM,1613,215,112,1234,https://www.twitch.tv/videos/2806979151
5718a7998f6249eeba0bf087da51c1c0,70,24749,1456,778,1460,https://www.youtube.com/watch?v=To1108XqLZw,0,0,0,,1456,778,1460,https://www.youtube.com/watch?v=To1108XqLZw,696,101,70,166,https://www.twitch.tv/videos/2824485598
889b220891694985b7373aa2732a0263,69,8417,17,8,24,https://www.youtube.com/watch?v=fJjSJrBXAjk,17,8,24,https://www.youtube.com/watch?v=fJjSJrBXAjk,0,0,0,,570,76,48,108,https://www.twitch.tv/videos/2823864983
889b2fb6c9ea47a99834061b47251a4b,69,2971,5,2,69,https://www.youtube.com/watch?v=hAa6XyzEbWc,0,0,0,,5,2,69,https://www.youtube.com/watch?v=hAa6XyzEbWc,449,101,85,137,https://www.twitch.tv/videos/2820530945
6a2bad0b742447bf9912a97eaac17ced,67,21713,305,181,1262,https://www.youtube.com/watch?v=N-mNl23ua-8,0,0,0,,305,181,1262,https://www.youtube.com/watch?v=N-mNl23ua-8,0,0,0,0,
2c2db11a23aa43298ab96e60a20692d7,67,1618,0,0,0,,0,0,0,,0,0,0,,1473,0,0,0,
4eb87102a0f44516a6ed011faeeff00d,67,0,0,0,0,,0,0,0,,0,0,0,,1558,68,49,105,https://www.twitch.tv/videos/2821246029
b2d32948347e4c6c9afa8f813e626aae,67,6142,89,27,150,https://www.youtube.com/watch?v=Zijg1lrNwu8,29,28,29,https://www.youtube.com/watch?v=Cpdodytjou8,150,26,150,https://www.youtube.com/watch?v=Zijg1lrNwu8,0,0,0,0,
4d8e2a0b44bc475da5d9688b668c782d,66,199,0,0,0,,0,0,0,,0,0,0,,275,0,0,0,
d6a769b7bf6b49f08adf3e1136d86c7e,66,17372,0,0,0,,0,0,0,,0,0,0,,950,140,103,147,https://www.twitch.tv/videos/2821266617
43d785b8082f43138988dacd0236bb67,66,0,0,0,0,,0,0,0,,0,0,0,,433,0,0,0,
c7f53f2fbdbe4db488629ab4d738a16a,65,4594,1,0,13,https://www.youtube.com/watch?v=Do5vvp0qELU,0,0,0,,1,0,13,https://www.youtube.com/watch?v=Do5vvp0qELU,757,72,44,161,https://www.twitch.tv/videos/2826102199
94bda3c948ac4e74ad5c3592c1d284ac,65,798,0,0,0,,0,0,0,,0,0,0,,132,0,0,0,
061fb9c63b7e45bb85ea7e6bd4fe3745,65,4283,0,0,0,,0,0,0,,0,0,0,,219,0,0,0,
1645f4035c9b42019c61d630fc75d5e0,65,864,0,0,0,,0,0,0,,0,0,0,,94,0,0,0,
e2448cc1f0df41b08247cb7a51119a67,63,702,0,0,0,,0,0,0,,0,0,0,,700,0,0,0,
78b333b99eb242ad96a8ee82275a0e98,62,11734,8,5,8,https://www.youtube.com/watch?v=m1W-AF_FrM4,0,0,0,,8,5,8,https://www.youtube.com/watch?v=m1W-AF_FrM4,0,0,0,0,
a9ada11d61114319885597db6a0725fb,61,321,0,0,0,,0,0,0,,0,0,0,,651,110,68,110,https://www.twitch.tv/videos/2820364202
e3b9c06f64d84a0dabb3e97c0caacaca,61,17575,13,5,1374,https://www.youtube.com/watch?v=8S14XzZe7AU,0,0,0,,13,5,1374,https://www.youtube.com/watch?v=8S14XzZe7AU,0,0,0,0,
f9d27b07ff84433b8397b0587f339e27,61,9508,0,0,0,,0,0,0,,0,0,0,,200,33,18,90,https://www.twitch.tv/videos/2818214348
8723ccecdfd84d92b1de24f9d6a86bcc,60,4517,321,67,321,https://www.youtube.com/watch?v=9r3FrtKl4X8,0,0,0,,321,67,321,https://www.youtube.com/watch?v=9r3FrtKl4X8,3454,385,289,1031,https://www.twitch.tv/videos/2827752374
fae9210539d44a39a2a275b8d53cae37,60,13587,19,9,1196,https://www.youtube.com/watch?v=eiXpiF_CSe4,12,4,50,https://www.youtube.com/watch?v=TTvzCRyGet4,598,161,1196,https://www.youtube.com/watch?v=eiXpiF_CSe4,134,117,85,156,https://www.twitch.tv/videos/2828631266
a73103b226f34098bb5d4cd00b86d2f6,59,2154,0,0,0,,0,0,0,,0,0,0,,250,0,0,0,
5d27ac4b9342450990a299e95818bbb0,59,2609,0,0,0,,0,0,0,,0,0,0,,0,0,0,0,
359bb9450c49401da7b002980d4f97df,58,227,0,0,0,,0,0,0,,0,0,0,,986,0,0,0,
ef13ede8525d49339887c3bf54b08acc,58,1308,12,9,12,https://www.youtube.com/watch?v=BluJ1hbmQ1U,12,9,12,https://www.youtube.com/watch?v=BluJ1hbmQ1U,0,0,0,,45,11,7,16,https://www.twitch.tv/videos/2823760794
4e5a8a6380764f9b9f28732968e4aac8,58,3037,488,260,1597,https://www.youtube.com/watch?v=7XSah4TpAlM,0,0,0,,488,260,1597,https://www.youtube.com/watch?v=7XSah4TpAlM,545,66,51,200,https://www.twitch.tv/videos/2828493221
130a4d6105464e518a8a3eed336b4101,57,677,0,0,0,,0,0,0,,0,0,0,,996,32,20,44,https://www.twitch.tv/videos/2819722863
e4488c7dece84f7580bc0ab130222e08,56,7237,0,0,0,,0,0,0,,0,0,0,,942,231,172,403,https://www.twitch.tv/videos/2823232660
a0e7c7e7702b4e81a5fecc4090814236,55,17843,5,2,31,https://www.youtube.com/watch?v=LGZS8IhilSU,0,0,0,,5,2,31,https://www.youtube.com/watch?v=LGZS8IhilSU,245,294,251,436,https://www.twitch.tv/videos/2824614078
b3e0bc9dd06f4774b492e6d50dd92be2,54,87,0,0,0,,0,0,0,,0,0,0,,262,0,0,0,
68c50e424b2148478c74effaacfdeae3,52,755,0,0,0,,0,0,0,,0,0,0,,293,0,0,0,
c06b6f1eb79d41ecb17aaaf80e035daa,52,0,0,0,0,,0,0,0,,0,0,0,,2225,485,350,2173,https://www.twitch.tv/videos/2819632831
f8e4654549304ea9933e02c2dcf48aae,52,0,0,0,0,,0,0,0,,0,0,0,,566,0,0,0,
591a7323f0134cf2929e75d959f21f68,52,69,0,0,0,,0,0,0,,0,0,0,,1282,499,360,1074,https://www.twitch.tv/videos/2824995380
50c6983298d84cbeac8e6376349e672b,52,1110,25,17,376,https://www.youtube.com/watch?v=9scdTt4GW28,10,10,12,https://www.youtube.com/watch?v=Lbj1oHWoNsI,29,20,376,https://www.youtube.com/watch?v=9scdTt4GW28,2,0,0,0,
2a25c205cc374cbeb8c8ccfe988ec9cc,51,795,0,0,0,,0,0,0,,0,0,0,,1509,159,106,193,https://www.twitch.tv/videos/2818270766
895701631707493e8c7edf4af21615be,50,778,97,33,211,https://www.youtube.com/watch?v=jY_D3gXyx-k,49,24,146,https://www.youtube.com/watch?v=cJpiYdMAiAA,211,56,211,https://www.youtube.com/watch?v=jY_D3gXyx-k,0,0,0,0,
74acc3b3c4db41d2a13cce887ad2a856,50,3244,0,0,0,,0,0,0,,0,0,0,,1477,0,0,0,
9e121751e3774a15bdf9ccfab7eb7faf,50,492,0,0,0,,0,0,0,,0,0,0,,1147,177,137,309,https://www.twitch.tv/videos/2821313380
f5f22d1a091143798bfc7fac1211183c,49,691,0,0,0,,0,0,0,,0,0,0,,133,53,49,78,https://www.twitch.tv/videos/2827853087
80692e12416048be8396526bdb9c3040,48,1731,0,0,0,,0,0,0,,0,0,0,,521,0,0,0,
676db89cb8a9483486442231b615b46f,48,8405,8,6,17,https://www.youtube.com/watch?v=NxZDPE3dtoc,11,8,17,https://www.youtube.com/watch?v=NxZDPE3dtoc,1,0,1,https://www.youtube.com/watch?v=1-dfYtKk9VE,150,32,23,91,https://www.twitch.tv/videos/2818025053
0ddb6eca94604d4da0665e90fbbe366f,48,1198,0,0,0,,0,0,0,,0,0,0,,154,39,24,39,https://www.twitch.tv/videos/2822102330
3691abedd6a7487d9995943b3df5c843,48,0,0,0,0,,0,0,0,,0,0,0,,248,0,0,0,
255a5e79f9d14e6492d741b95f78cb7c,48,1131,0,0,0,,0,0,0,,0,0,0,,2253,0,0,0,
07b6c0dad3114eca9e903fd5725cc4e8,47,304,0,0,0,,0,0,0,,0,0,0,,214,68,42,142,https://www.twitch.tv/videos/2823624069
3098e045fa844093a3731b19665e9462,47,428,0,0,0,,0,0,0,,0,0,0,,754,0,0,0,
d9f302ca07b54664a88124d64442abac,47,8067,38,14,38,https://www.youtube.com/watch?v=vYKmJaWNQnQ,0,0,0,,38,14,38,https://www.youtube.com/watch?v=vYKmJaWNQnQ,135,0,0,0,
cb470bbb5a8f468a8a15b08757309d74,46,2290,0,0,0,,0,0,0,,0,0,0,,562,138,105,249,https://www.twitch.tv/videos/2822079091
df02d1a89bc74c928c825773996bbb7b,45,2033,0,0,0,,0,0,0,,0,0,0,,1552,245,155,371,https://www.twitch.tv/videos/2823589111
54f2f567fdac423c80dad4b29a4372db,45,7674,969,406,1848,https://www.youtube.com/watch?v=8o8sTs0X6rE,0,0,0,,969,406,1848,https://www.youtube.com/watch?v=8o8sTs0X6rE,201,108,87,263,https://www.twitch.tv/videos/2825399679
40fca873cd074b01baa8f9b006f50d00,43,12526,0,0,0,,0,0,0,,0,0,0,,0,0,0,0,
c8be9c7ed05442dcb2b278dc5a6bc1de,43,10878,0,0,0,,0,0,0,,0,0,0,,225,61,48,241,https://www.twitch.tv/videos/2828593191
e04b970f339243258cb0dc0c5735274a,38,1045,0,0,0,,0,0,0,,0,0,0,,0,0,0,0,
2e2a6c392c024bb2a68b681bc210c187,38,5893,1,0,8,https://www.youtube.com/watch?v=Ogl3lpbjDzU,0,0,0,,1,0,8,https://www.youtube.com/watch?v=Ogl3lpbjDzU,296,47,36,70,https://www.twitch.tv/videos/2818212605
6bcb75418dd24274b2fe4b8e60a94999,37,4283,0,0,0,,0,0,0,,0,0,0,,382,0,0,0,
7360e8cae69b4d4fbe91510c776b1c5e,37,3318,1,0,3,https://www.youtube.com/watch?v=cSaq6THvNZw,0,0,0,,1,0,3,https://www.youtube.com/watch?v=cSaq6THvNZw,239,34,23,129,https://www.twitch.tv/videos/2824502047
6d6b6d6e7b4b464bb093c9d34cee9754,37,658,0,0,0,,0,0,0,,0,0,0,,393,0,0,0,
73273454c7b4453a834a74701826e0b8,37,590,11,4,11,https://www.youtube.com/watch?v=3dqXfidzqfY,0,0,0,,11,4,11,https://www.youtube.com/watch?v=3dqXfidzqfY,877,0,0,0,
c68bc0ba32f14d9b8669b0594435b68b,37,312,1,0,27,https://www.youtube.com/watch?v=HC0_t96I4m8,0,0,0,,1,0,27,https://www.youtube.com/watch?v=HC0_t96I4m8,207,93,68,93,https://www.twitch.tv/videos/2822973994
285655d636d54fb6b3d23c92401545cf,37,4922,0,0,0,,0,0,0,,0,0,0,,0,0,0,0,
9ff652451cbd4ad098bf20dd9748ce12,37,6,0,0,0,,0,0,0,,0,0,0,,2148,44,29,122,https://www.twitch.tv/videos/2819519614
b9d51a073b4542ac800bd7c9e38d0902,36,1256,0,0,0,,0,0,0,,0,0,0,,227,0,0,0,
0b53549edaf5490ca350ef17aee7b8b9,35,197,0,0,0,,0,0,0,,0,0,0,,536,26,19,33,https://www.twitch.tv/videos/2822977855
9f976a39c1fa4e6dae3ed11b771ef918,35,5242,0,0,0,,0,0,0,,0,0,0,,61,0,0,0,
0cb217f7775543eb9c5aac3b9df75a86,33,18250,0,0,0,,0,0,0,,0,0,0,,759,124,89,221,https://www.twitch.tv/videos/2828626133
e3ee9544e190459d9bc2bdf3c1ccde7b,32,4169,7,4,30,https://www.youtube.com/watch?v=xDqOvA3HMGs,0,0,0,,7,4,30,https://www.youtube.com/watch?v=xDqOvA3HMGs,821,68,57,68,https://www.twitch.tv/videos/2827006960
b46cdde6e23343d5b5a9cfd115286e26,32,830,1,0,2,https://www.youtube.com/watch?v=_oQyI6AJKUY,0,0,0,,1,0,2,https://www.youtube.com/watch?v=_oQyI6AJKUY,216,65,37,84,https://www.twitch.tv/videos/2822110710
1ee3effc49074de1ba98b10a13df2d10,31,753,0,0,0,,0,0,0,,0,0,0,,268,0,0,0,
b8495fc4bb174140acf0ebd7d64fe044,30,2765,0,0,0,,0,0,0,,0,0,0,,2868,0,0,0,
6c52137d373a45d58eafc0d52253dcf8,28,0,0,0,0,,0,0,0,,0,0,0,,1229,332,153,447,https://www.twitch.tv/videos/2822888462
bf2a683536dd447c83b75340e3db3b0a,28,1681,0,0,0,,0,0,0,,0,0,0,,165,48,39,83,https://www.twitch.tv/videos/2824521524
0b165d46f9164557b16678383820ee04,27,0,0,0,0,,0,0,0,,0,0,0,,726,0,0,0,
09b185b91ede45769f179d43b227da47,27,531,5,2,5,https://www.youtube.com/watch?v=61aNoa_GhsQ,0,0,0,,5,2,5,https://www.youtube.com/watch?v=61aNoa_GhsQ,273,80,27,162,https://www.twitch.tv/videos/2822822685
50c9dbd2624f41408f2b6a9ccf61e447,26,525,0,0,0,,0,0,0,,0,0,0,,300,73,59,110,https://www.twitch.tv/videos/2826153080
fd183b51115b4fefaf8ff3388d40acb3,25,54,0,0,0,,0,0,0,,0,0,0,,698,133,119,292,https://www.twitch.tv/videos/2825176257
5454ccf6c8ee496296e7084081863575,25,627,11,6,32,https://www.youtube.com/watch?v=kDWPNHPO5eQ,21,7,32,https://www.youtube.com/watch?v=kDWPNHPO5eQ,10,0,23,https://www.youtube.com/watch?v=5XUPIKwA6So,8,15,12,18,https://www.twitch.tv/videos/2823631838
59216a033f2b47128d190a5ed1add217,24,12,0,0,0,,0,0,0,,0,0,0,,259,0,0,0,
d4cd6eee95774ca389aebf3e783a8cd8,24,272,0,0,0,,0,0,0,,0,0,0,,489,41,30,58,https://www.twitch.tv/videos/2818086241
173423093026403dbd1443e56c47b3db,23,841,1,0,13,https://www.youtube.com/watch?v=FBLtLaR9NPQ,0,0,0,,1,0,13,https://www.youtube.com/watch?v=FBLtLaR9NPQ,371,0,0,0,
5a59b23a201f4b2d8729b0f4b33c9e6b,22,1965,9,2,9,https://www.youtube.com/watch?v=blF3LoQfcpY,0,0,0,,9,2,9,https://www.youtube.com/watch?v=blF3LoQfcpY,126,0,0,0,
12b98d960ead4bc09b2f2b220d7437a1,20,901,6,3,503,https://www.youtube.com/watch?v=xyfp8pr4OyM,5,3,45,https://www.youtube.com/watch?v=mkHZooYNXIc,376,38,503,https://www.youtube.com/watch?v=xyfp8pr4OyM,1,0,0,0,
0c016d6bcf2643d3864fa81866c6a798,19,218,0,0,0,,0,0,0,,0,0,0,,243,129,96,292,https://www.twitch.tv/videos/2828628984
1e90b55b0e0b483d971e0c1fe02c750c,18,125,0,0,0,,0,0,0,,0,0,0,,0,0,0,0,
a6815e229f914db2a936ad70c285cea2,17,1337,0,0,0,,0,0,0,,0,0,0,,453,15,14,56,https://www.twitch.tv/videos/2827829016
ead3db33c54e411baa75a4bad3b48aee,16,84,0,0,0,,0,0,0,,0,0,0,,1627,88,66,119,https://www.twitch.tv/videos/2818993915
ad57b32de5f34598a57ac5af8b8004e2,16,607,8,2,8,https://www.youtube.com/watch?v=2IZiQr4eS34,0,0,0,,8,2,8,https://www.youtube.com/watch?v=2IZiQr4eS34,97,35,30,43,https://www.twitch.tv/videos/2822105303
0886366d9cb8424e90fd8b3e12dcc0af,15,1356,0,0,0,,0,0,0,,0,0,0,,1459,238,225,333,https://www.twitch.tv/videos/2828495514
0a07165e6a2f45ab9b6c96debba1f079,14,0,0,0,0,,0,0,0,,0,0,0,,419,166,145,513,https://www.twitch.tv/videos/2818073478
156fb169c746493bb50c813f20c4d1a8,14,128,0,0,0,,0,0,0,,0,0,0,,58,0,0,0,
43436bf839424d238cc24ec8d90eb83c,14,1358,0,0,0,,0,0,0,,0,0,0,,13,0,0,0,
83cdbb34376a45a086a9dac3bc5ccb9a,14,0,0,0,0,,0,0,0,,0,0,0,,20,0,0,0,
65a64befb1d84a1a85fe6ffe0abb09b4,13,0,0,0,0,,0,0,0,,0,0,0,,8,0,0,0,
e3b45528947e48a4b68964369bb69e00,12,1592,0,0,0,,0,0,0,,0,0,0,,289,51,36,66,https://www.twitch.tv/videos/2819744125
f058268c96ac4a8eb86cacb70bb9d0fb,9,21277,0,0,0,,0,0,0,,0,0,0,,90,12,9,35,https://www.twitch.tv/videos/2817949889
93cd49107c8c46d0b6b185c382900d1e,8,1898,10,3,825,https://www.youtube.com/watch?v=47U-2dB8bE0,0,0,0,,10,3,825,https://www.youtube.com/watch?v=47U-2dB8bE0,8,0,0,0,
e2c0d3ba19244f75888e5dbe1881d22f,5,96,0,0,0,,0,0,0,,0,0,0,,1357,605,415,923,https://www.twitch.tv/videos/2825094462
19fdf3885dcf4d45bdf768a6f3fd99b4,4,88,0,0,0,,0,0,0,,0,0,0,,583,0,0,0,
8024d67e25454783a698e5ecf2c4dc67,0,0,0,0,0,,0,0,0,,0,0,0,,613,155,130,280,https://www.twitch.tv/videos/2823082967
c8c9028316b44ae9a1ac302337862085,0,0,0,0,0,,0,0,0,,0,0,0,,543,111,79,182,https://www.twitch.tv/videos/2827076046
b053612876e04de488a32893a19f4b08,0,0,0,0,0,,0,0,0,,0,0,0,,388,82,58,143,https://www.twitch.tv/videos/2826149134
ad2aef5af5074f14af7f6ddf7899743a,0,0,0,0,0,,0,0,0,,0,0,0,,2013,0,0,0,
b6519fbc0d6941d4b43ce1742a14b0b2,0,0,0,0,0,,0,0,0,,0,0,0,,713,0,0,0,
cfc7bcf869514c70a5091672d3acb031,0,0,0,0,0,,0,0,0,,0,0,0,,413,0,0,0,
389c752acb964aeda95f36098fd37ef0,0,0,0,0,0,,0,0,0,,0,0,0,,1635,77,42,120,https://www.twitch.tv/videos/2827765915
b1f8da62ceca4089a4e7115624be25bc,0,0,0,0,0,,0,0,0,,0,0,0,,3113,2372,874,5272,https://www.twitch.tv/videos/2820211149
d25a9902f0f347be84febc0a8a932a56,0,0,0,0,0,,0,0,0,,0,0,0,,1411,221,158,263,https://www.twitch.tv/videos/2817954939
7dd086a606284ba6b7b584f8b00dc190,0,0,0,0,0,,0,0,0,,0,0,0,,412,28,17,57,https://www.twitch.tv/videos/2824326501
2af6cb0e15ce4839ba711b47608d4f4d,0,0,0,0,0,,0,0,0,,0,0,0,,4031,230,161,230,https://www.twitch.tv/videos/2822183565
ec045a49833c4c2fa7b7012ca7544e18,0,0,0,0,0,,0,0,0,,0,0,0,,1719,0,0,0,
ed1b68a3184d466bb17b3c3363fad948,0,0,0,0,0,,0,0,0,,0,0,0,,818,30,21,31,https://www.twitch.tv/videos/2821204770
be1a18aa8599409ba250e5345e62fed6,0,0,0,0,0,,0,0,0,,0,0,0,,2147,154,40,274,https://www.twitch.tv/videos/2813295968
6908430ccb204a1b9d95ee7a1711cae3,0,0,0,0,0,,0,0,0,,0,0,0,,2566,0,0,0,
228427b15b964f1396b5a7b5eb224a21,0,0,0,0,0,,0,0,0,,0,0,0,,53,0,0,0,
66c8fc624de94d8e8af4325e41ce7c34,0,0,0,0,0,,0,0,0,,0,0,0,,1676,706,233,1745,https://www.twitch.tv/videos/2817022371
83f96fd6cab64f4da581c50cd2a31b82,0,0,0,0,0,,0,0,0,,0,0,0,,3996,0,0,0,
d30a2d88bd2146a8870209e98004e0f0,0,0,0,0,0,,0,0,0,,0,0,0,,2035,817,323,1073,https://www.twitch.tv/videos/2828428586
91919c2ad07a4db88e0b4cfbc1739940,0,0,0,0,0,,0,0,0,,0,0,0,,2958,0,0,0,
fc7fa0c5a7604cc8a420ee89472fcac3,0,0,0,0,0,,0,0,0,,0,0,0,,1293,57,38,207,https://www.twitch.tv/videos/2818184854
256252fdd3d1437995088c56e674fcf0,0,0,0,0,0,,0,0,0,,0,0,0,,1145,88,85,88,https://www.twitch.tv/videos/2828675757
a3a1caa89669445db63f22b9a3af88b0,0,0,0,0,0,,0,0,0,,0,0,0,,1200,0,0,0,
f0bc26cfe4a8451d863a8d8cbd6313ed,0,0,0,0,0,,0,0,0,,0,0,0,,6,0,0,0,
555fe6a78fdb4d8b9fa8a286377972e8,0,0,0,0,0,,0,0,0,,0,0,0,,1156,644,383,1027,https://www.twitch.tv/videos/2819675189
480aca28939a4eb5bf558a710e21709c,0,0,0,0,0,,0,0,0,,0,0,0,,2925,95,72,158,https://www.twitch.tv/videos/2817928588
6a6547a3f19d4870a6f11b88c60a5296,0,0,0,0,0,,0,0,0,,0,0,0,,3572,151,102,163,https://www.twitch.tv/videos/2819726219
d3f5c739727041bbb2151e96d9368bae,0,0,0,0,0,,0,0,0,,0,0,0,,613,231,208,676,https://www.twitch.tv/videos/2825875987
1addf96267ac494bb73c9e6f6e1793b8,0,0,0,0,0,,0,0,0,,0,0,0,,2756,0,0,0,
fa59e2edc64c432ebaeeb66b2a53ab2d,0,0,0,0,0,,0,0,0,,0,0,0,,5366,1631,749,2737,https://www.twitch.tv/videos/2809458427
cda9668f324445a7bd507094ad6946b8,0,0,0,0,0,,0,0,0,,0,0,0,,418,0,0,0,
afa3e309e41044c5bffe17466607d481,0,0,0,0,0,,0,0,0,,0,0,0,,34800,10557,4602,17850,https://www.twitch.tv/videos/2808059995
e32a4d49fba7459fbdf9e242288fa18c,0,0,0,0,0,,0,0,0,,0,0,0,,5002,260,130,42680,https://www.twitch.tv/videos/2811153067
eeefa43ecaf74f7b822dde3f0e7683d4,0,0,0,0,0,,0,0,0,,0,0,0,,2109,118,71,197,https://www.twitch.tv/videos/2825293132
59152798bfa74acb8bad10346fd10d69,0,0,0,0,0,,0,0,0,,0,0,0,,1631,1823,1150,3226,https://www.twitch.tv/videos/2817884708
31a4ca5b5d554c13902eff32302e5eb9,0,0,0,0,0,,0,0,0,,0,0,0,,2316,2157,1569,13302,https://www.twitch.tv/videos/2817926130
36beb36f581f44d393dcf0af2b194789,0,0,0,0,0,,0,0,0,,0,0,0,,6389,429,190,558,https://www.twitch.tv/videos/2817252847
e698befe9649448885d93094cd4dc6a9,0,0,0,0,0,,0,0,0,,0,0,0,,4406,516,334,2034,https://www.twitch.tv/videos/2808093596
a17fcdf32a124beba3fba16299aed2b3,0,0,0,0,0,,0,0,0,,0,0,0,,8572,479,200,842,https://www.twitch.tv/videos/2819747035
16896dffcb474d7aa21540c944a2f7de,0,0,0,0,0,,0,0,0,,0,0,0,,3367,1086,653,1086,https://www.twitch.tv/videos/2819764925
644e669aa31443fe9a61a14e75ebd21e,0,0,0,0,0,,0,0,0,,0,0,0,,7415,431,139,684,https://www.twitch.tv/videos/2819586769
02fa128da7cc4f3aab0f1c5ee356f342,0,0,0,0,0,,0,0,0,,0,0,0,,541,0,0,0,
880137f60dc842b98862f5b86ba8d94d,0,0,0,0,0,,0,0,0,,0,0,0,,744,197,128,445,https://www.twitch.tv/videos/2818884711
89e97a0dc5844cf88fe30a25f347aac0,0,0,0,0,0,,0,0,0,,0,0,0,,441,165,134,224,https://www.twitch.tv/videos/2819755726
c2777df3c8d341f4a1f0bb9cda8d9365,0,0,0,0,0,,0,0,0,,0,0,0,,1675,0,0,0,
c29bc8bf78dd417980491f19333c8fa2,0,0,0,0,0,,0,0,0,,0,0,0,,13209,0,0,0,
d91ffcc2823f4121a2caa347a8c2a507,0,0,0,0,0,,0,0,0,,0,0,0,,865,55,41,71,https://www.twitch.tv/videos/2819038983
e53606f1bf0c4059b1226b6c2e037fd0,0,0,0,0,0,,0,0,0,,0,0,0,,898,176,105,176,https://www.twitch.tv/videos/2819746111
6c7336d4605540c6871de5f96874129c,0,0,0,0,0,,0,0,0,,0,0,0,,24335,1535,386,3451,https://www.twitch.tv/videos/2818718723
107fac8e77f74af8ba95491ae9492642,0,0,0,0,0,,0,0,0,,0,0,0,,475,0,0,0,
936b23e5e87144108c5d3f09f194c8b8,0,0,0,0,0,,0,0,0,,0,0,0,,6789,0,0,0,
a5773880b0f040a9abbecacf3eb0eb29,0,0,0,0,0,,0,0,0,,0,0,0,,2453,0,0,0,
06337167c1a14d82b6a7f7cc71eac813,0,0,0,0,0,,0,0,0,,0,0,0,,845,0,0,0,
59904dcbea754d238b0710e75262d119,0,0,0,0,0,,0,0,0,,0,0,0,,618,16,15,29,https://www.twitch.tv/videos/2828679571
31f4c00be9eb41a1a6be0356614048fd,0,0,0,0,0,,0,0,0,,0,0,0,,3616,243,80,521,https://www.twitch.tv/videos/2821292437
e34f7c6a99ea4780b2351de111e222e6,0,0,0,0,0,,0,0,0,,0,0,0,,279,0,0,0,
4c42b9f574e7438d8aea8b099e451505,0,0,0,0,0,,0,0,0,,0,0,0,,1156,106,102,106,https://www.twitch.tv/videos/2828700212
4dd7cfc58ae54c1fa6211ba9b1c607ec,0,0,0,0,0,,0,0,0,,0,0,0,,1947,615,432,852,https://www.twitch.tv/videos/2828489740
55e9448a0a9040f99dc8ea1cf86cbad5,0,0,0,0,0,,0,0,0,,0,0,0,,1346,6,4,12,https://www.twitch.tv/videos/2823038371
d804bcd787db4333bca9dccd268ed32a,0,0,0,0,0,,0,0,0,,0,0,0,,3746,567,210,153547,https://www.twitch.tv/videos/2826885628
ba562aad440d483e988d3ce7e7217c94,0,0,0,0,0,,0,0,0,,0,0,0,,37324,7669,3969,21477,https://www.twitch.tv/videos/2813943248
a5b71bba2a2347a080ae3443d5ef47d5,0,0,0,0,0,,0,0,0,,0,0,0,,840,0,0,0,
76489786a22c4162970f9c288157db6b,0,0,0,0,0,,0,0,0,,0,0,0,,1863,116,86,197,https://www.twitch.tv/videos/2823825590
f5034a946bf249c780a864c19efda669,0,0,0,0,0,,0,0,0,,0,0,0,,422,0,0,0,
326e21d5b6e7446698969bbd8be1b564,0,0,0,0,0,,0,0,0,,0,0,0,,2397,306,293,306,https://www.twitch.tv/videos/2828476272
9ca05592c52f42649191751f18cb70e6,0,0,0,0,0,,0,0,0,,0,0,0,,2694,387,294,578,https://www.twitch.tv/videos/2822926434
f63e4427852143aea61621a639c0b391,0,0,0,0,0,,0,0,0,,0,0,0,,75,35,33,68,https://www.twitch.tv/videos/2823301410
2996488b9f454fb3a42c17ab292ac63c,0,0,0,0,0,,0,0,0,,0,0,0,,689,193,146,269,https://www.twitch.tv/videos/2827111288
4cb08241fbce4905a83ed02de6a1af9c,0,0,0,0,0,,0,0,0,,0,0,0,,8374,2024,617,5253,https://www.twitch.tv/videos/2823796377
9c85aee2166449c395c18b0bc06f89e2,0,0,0,0,0,,0,0,0,,0,0,0,,349,0,0,0,
3a2199639669433faff0591468bcfa10,0,0,0,0,0,,0,0,0,,0,0,0,,1144,0,0,0,
e94cfb3c71d94965bfc98f135bfd2f14,0,0,0,0,0,,0,0,0,,0,0,0,,880,254,137,430,https://www.twitch.tv/videos/2826964128
9e64bba43928414884503de36f805c48,0,0,0,0,0,,0,0,0,,0,0,0,,37243,19686,9619,55010,https://www.twitch.tv/videos/2808040446
fdb4872691864af8825511a6d0c72895,0,0,0,0,0,,0,0,0,,0,0,0,,566,199,146,836,https://www.twitch.tv/videos/2825199313
7cd55e03d87c4c77843a437ec0703670,0,0,0,0,0,,0,0,0,,0,0,0,,3020,0,0,0,
6ec708afd89043b682eb82dacc36c3c9,0,0,0,0,0,,0,0,0,,0,0,0,,1108,1069,779,1098,https://www.twitch.tv/videos/2822050305
e353f482c5be4887838ea9fdf802ad91,0,0,0,0,0,,0,0,0,,0,0,0,,3764,59,38,115,https://www.twitch.tv/videos/2820672736
cad8c81461ac41c887bdf3617ccdaee6,0,0,0,0,0,,0,0,0,,0,0,0,,1117,0,0,0,
99c240d0c1a047b4a4e017d764a54c62,0,0,0,0,0,,0,0,0,,0,0,0,,447,0,0,0,
22eea06367f4430d816e38dfb68a26cf,0,0,0,0,0,,0,0,0,,0,0,0,,987,0,0,0,
288d3972d3164ee595228b8a5959ac00,0,0,0,0,0,,0,0,0,,0,0,0,,2995,0,0,0,
ed051ffc6cd643c287a678fea774e644,0,0,0,0,0,,0,0,0,,0,0,0,,2700,0,0,0,
f84598913e654789a80556fd38388dfb,0,0,0,0,0,,0,0,0,,0,0,0,,1518,0,0,0,
828ab4c66f5f43f298d237374a266b7e,0,0,0,0,0,,0,0,0,,0,0,0,,3024,431,268,900,https://www.twitch.tv/videos/2814923658
057faa70622247bd933959412bbeb667,0,0,0,0,0,,0,0,0,,0,0,0,,1079,0,0,0,
3de6bc82438b451abf5ebe76a366be24,0,0,0,0,0,,0,0,0,,0,0,0,,3669,0,0,0,
88526add0348499c95bd5838a5f35989,0,0,0,0,0,,0,0,0,,0,0,0,,1888,243,174,652,https://www.twitch.tv/videos/2825999380
921d25072caf403ea797c3d5f61f84cf,0,0,0,0,0,,0,0,0,,0,0,0,,1843,0,0,0,
fe62d50e41af4aa29c3e2b0cfc62fb3d,0,0,0,0,0,,0,0,0,,0,0,0,,1012,77,51,77,https://www.twitch.tv/videos/2821303308
4fcbdf1b0a384ee58733b1e852edefa5,0,0,0,0,0,,0,0,0,,0,0,0,,1071,0,0,0,
305290c734e94a74881ae46c49ea18c4,0,0,0,0,0,,0,0,0,,0,0,0,,7117,1152,161,2514,https://www.twitch.tv/videos/2806658729
f8ade397837d42f7a9167e0d4f20fc56,0,0,0,0,0,,0,0,0,,0,0,0,,2663,0,0,0,
0495c29470d143fa99819123878186b7,0,0,0,0,0,,0,0,0,,0,0,0,,5531,0,0,0,
242326a56b0d4ca7a37c08a8fc2be138,0,0,0,0,0,,0,0,0,,0,0,0,,810,0,0,0,
8c2f8700978045ec86bf1ade1b3e650b,0,0,0,0,0,,0,0,0,,0,0,0,,824,77,51,124,https://www.twitch.tv/videos/2822788149
0572bddb85b24166820f34f39164f99c,0,0,0,0,0,,0,0,0,,0,0,0,,821,88,67,245,https://www.twitch.tv/videos/2820577904
5b62816b7dee4c13856f3c21629be3c4,0,0,0,0,0,,0,0,0,,0,0,0,,24641,2676,1177,3994,https://www.twitch.tv/videos/2819623382
e18c43e19e9b4fc8af0cdc24c33ae476,0,0,0,0,0,,0,0,0,,0,0,0,,2482,0,0,0,
1a95bb88e451498ca3491b69af964588,0,0,0,0,0,,0,0,0,,0,0,0,,37599,4166,2092,15546,https://www.twitch.tv/videos/2823022235
bf277797951346fe991c27c79a6c5081,0,0,0,0,0,,0,0,0,,0,0,0,,9705,789,341,160643,https://www.twitch.tv/videos/2823679121
daa0d327175a43dc9bb627bc6db7de56,0,0,0,0,0,,0,0,0,,0,0,0,,1338,37,25,48,https://www.twitch.tv/videos/2818165939
a0ba9fee8a7747cab74e98ed61fb4a68,0,0,0,0,0,,0,0,0,,0,0,0,,1221,80,59,107,https://www.twitch.tv/videos/2827830888
6a963053004f4deaa0dbdf875db41879,0,0,0,0,0,,0,0,0,,0,0,0,,665,0,0,0,
4fadb90960a844daab26191bb158d3a3,0,0,0,0,0,,0,0,0,,0,0,0,,3284,355,318,355,https://www.twitch.tv/videos/2826919814
091175f48e6c4ead84a2811cb3f22560,0,0,0,0,0,,0,0,0,,0,0,0,,107,0,0,0,
e4421bd8d15848c09fa4ad4df162c858,0,0,0,0,0,,0,0,0,,0,0,0,,378,18,17,18,https://www.twitch.tv/videos/2828656422
32aabdc7b41144a8b1bd28954cd3278c,0,0,0,0,0,,0,0,0,,0,0,0,,1530,0,0,0,
dbabd28a98cf447189088251a5b973d4,0,0,0,0,0,,0,0,0,,0,0,0,,252,0,0,0,
4e5f0c7c5f1f49c2b1d249b10225cabb,0,0,0,0,0,,0,0,0,,0,0,0,,43300,3567,1919,5420,https://www.twitch.tv/videos/2820485589
c8728d2ddd4f4a929764b11247c88c22,0,0,0,0,0,,0,0,0,,0,0,0,,616,0,0,0,
4f1ccc5966a847308552b2c7b05e18dc,0,0,0,0,0,,0,0,0,,0,0,0,,28,4,3,4,https://www.twitch.tv/videos/2826434295
c099b7e8d46c418d8e17097d496f3b83,0,0,0,0,0,,0,0,0,,0,0,0,,3643,727,394,2397,https://www.twitch.tv/videos/2816581909
3840a44ffffd48098bdfc16c4ee537bb,0,0,0,0,0,,0,0,0,,0,0,0,,2877,0,0,0,
60cc7f18c0fe438280af5a81b31eb923,0,0,0,0,0,,0,0,0,,0,0,0,,4013,324,150,1142,https://www.twitch.tv/videos/2811711514
3cfc2b54a543469b92a95ff1e3f1da54,0,0,0,0,0,,0,0,0,,0,0,0,,1609,0,0,0,
8cbfffe3cac54065be4149b03b680d87,0,0,0,0,0,,0,0,0,,0,0,0,,576,0,0,0,
