VTuber ID,Video Type,Title,Publish Time,URL,Thumbnail URL
65a52797bec24b9bb2df5201068873a4,upcoming,【】【Kawas/理可Lyco】,1970-01-01T00:00:00Z,https://www.youtube.com/watch?v=2GDCnhyW8io,https://i.ytimg.com/vi/2GDCnhyW8io/mqdefault_live.jpg
46821555a7af41e4aa70fe0fabd8a4f6,upcoming,【朵爾艾絲特】20260913 潮友們 劍仙夢 來了! #明天我生日 #主播是男孩子,1970-01-01T00:00:00Z,https://www.youtube.com/watch?v=3ztMgIiwY5U,https://i.ytimg.com/vi/3ztMgIiwY5U/mqdefault_live.jpg
d23dbc9d1db64c42821697d1bac8fb66,upcoming,刪檔測試 本王調個麥,1970-01-01T00:00:00Z,https://www.youtube.com/watch?v=YhJVbJWt4V0,https://i.ytimg.com/vi/YhJVbJWt4V0/mqdefault_live.jpg
7d3b310a867942cab270e48f7a397e0d,upcoming,【魔獸世界：永恆】聖騎第一個副本？ | 森嵜光 Vtuber  中文實況,1970-01-01T00:00:00Z,https://www.youtube.com/watch?v=GTCDf0icOms,https://i.ytimg.com/vi/GTCDf0icOms/mqdefault_live.jpg
2f966e51210f49ba9dce2ac90e3ada18,upcoming,ʚ ruriilive ɞ 0903 到9. 10.左右｜喜歡我的話，追隨一下吧｜掛台請幫我開個5%的音量,1970-01-01T00:00:00Z,https://www.youtube.com/watch?v=0XixGk200dc,https://i.ytimg.com/vi/0XixGk200dc/mqdefault_live.jpg
9523dedfc79a4f99b18461ff40586307,upcoming,【ワールドカップ同時視聴】今夜は、渋谷の交差点で一揆を起こしたい【大前光康 / 台湾新人Vtuber】,1970-01-01T00:00:00Z,https://www.youtube.com/watch?v=FhZJ0aZ9298,https://i.ytimg.com/vi/FhZJ0aZ9298/mqdefault_live.jpg
1eef7c0894a547a2bff186f6a735145a,upcoming,【#歌雜 】突發，吃個飯聊個天唱個歌兒 / 今日もお歌歌いますぞぃ。 #台湾vtuber #初見歓迎,1970-01-01T00:00:00Z,https://www.youtube.com/watch?v=LQ169IoyhIY,https://i.ytimg.com/vi/LQ169IoyhIY/mqdefault_live.jpg
208d8aa3792641d6ae4e0de5a10a4a6f,upcoming,【小米絲】睡不著的話來看馬太福音吧www｜  #絲出名   #vtuber   #台灣VTUBER #AOV,1970-01-01T00:00:00Z,https://www.youtube.com/watch?v=_FlDGuGTDbs,https://i.ytimg.com/vi/_FlDGuGTDbs/mqdefault_live.jpg
f0b85b56d1d84085aca5ab7f592bd7da,upcoming,【】【】,1970-01-01T00:00:00Z,https://www.youtube.com/watch?v=tZo4sK1E_AM,https://i.ytimg.com/vi/tZo4sK1E_AM/mqdefault_live.jpg
cf100db6a3dc4010b32802b75f5abc14,upcoming,[個人勢VT-武闇]魔王カリンちゃんRPG,1970-01-01T00:00:00Z,https://www.youtube.com/watch?v=NZjcQrmy5iE,https://i.ytimg.com/vi/NZjcQrmy5iE/mqdefault_live.jpg
8ae0f370cf124faa953a09089a427fd9,upcoming,「早安喲、可悠悠🪻Koyoyo Ch.」直播,1970-01-01T00:00:00Z,https://www.youtube.com/watch?v=fqp5uYCHGxM,https://i.ytimg.com/vi/fqp5uYCHGxM/mqdefault_live.jpg
63a55bc5320e4f148ed0abd7991b0e01,upcoming,【9/22】天我生日，也是平凡的一日,1970-01-01T00:00:00Z,https://www.youtube.com/watch?v=gDWPIDWxV7M,https://i.ytimg.com/vi/gDWPIDWxV7M/mqdefault_live.jpg
5c5880d994854afbbea0a35716bce186,upcoming,VEIN ft.好多人 #VEIN,1970-01-01T00:00:00Z,https://www.youtube.com/watch?v=Q0v21pNyCf4,https://i.ytimg.com/vi/Q0v21pNyCf4/mqdefault_live.jpg
9eb1907910c148d980f8b8c0c84f4d26,upcoming,「香草 Vanilla Ch.」直播,1970-01-01T00:00:00Z,https://www.youtube.com/watch?v=iseRddbgElU,https://i.ytimg.com/vi/iseRddbgElU/mqdefault_live.jpg
c6e955ae1fce48678120bc086a436073,upcoming,【繪畫作業台】畫圖～禮拜日要去西打K認親,1970-01-01T00:00:00Z,https://www.youtube.com/watch?v=1AIq1wmYg7o,https://i.ytimg.com/vi/1AIq1wmYg7o/mqdefault_live.jpg
92e03a33b1e640f6aa94211011de5d24,upcoming,Yamato 大和 Ch. Live Stream,1970-01-01T00:00:00Z,https://www.youtube.com/watch?v=2GRExMB3JSM,https://i.ytimg.com/vi/2GRExMB3JSM/mqdefault_live.jpg
e92219319c904d17ad14a223a304f7b5,upcoming,「浮幽幽 FUU ch.」直播,1970-01-01T00:00:00Z,https://www.youtube.com/watch?v=awbqo8uHkQ0,https://i.ytimg.com/vi/awbqo8uHkQ0/mqdefault_live.jpg
a55a6a4b6453413cb8b1dc69423b67d5,upcoming,【 #歌枠 】夏の夜の曲縛り～初見さん大歓迎！台湾大学生Vtuberが歌います！！日曜日恒例縦型歌枠 ～🍀🎤 #shorts  #vtuber,1970-01-01T00:00:00Z,https://www.youtube.com/watch?v=a0vsV5QTNW4,https://i.ytimg.com/vi/a0vsV5QTNW4/mqdefault_live.jpg
9bf758b113b048bc9331f244b619e4b2,upcoming,【啾棉電波室】鴿子回來啦，鴿子沖繩行 《收益衝刺加班台》 #台灣Vtuber #台V #twvtuber #Mianyulive,1970-01-01T00:00:00Z,https://www.youtube.com/watch?v=K3TVM3WjoLM,https://i.ytimg.com/vi/K3TVM3WjoLM/mqdefault_live.jpg
7805f5aaa7be47878ebcf88c6ff4669a,upcoming,【初配信後日談】終於結束初配信了！來跟你們聊聊初配信前的大小事,1970-01-01T00:00:00Z,https://www.youtube.com/watch?v=wNW6yA1pRs4,https://i.ytimg.com/vi/wNW6yA1pRs4/mqdefault_live.jpg
ab24c13e4bff4ff8909a7650260f8b19,upcoming,【FINAL FANTASY XIV】好想打酷酷的極99殲滅戰喔...會有人願意打嗎😭,1970-01-01T00:00:00Z,https://www.youtube.com/watch?v=ABx3OaXrHHc,https://i.ytimg.com/vi/ABx3OaXrHHc/mqdefault_live.jpg
8bc70fad02c8432d99056ebd5a8e2ae5,upcoming,「羽黑焰 -Haguro-」直播,1970-01-01T00:00:00Z,https://www.youtube.com/watch?v=wyxHjmjL1zw,https://i.ytimg.com/vi/wyxHjmjL1zw/mqdefault_live.jpg
aab094af87d74f3cbcb332bdac03fa23,upcoming,【雜談】久久一次生存報告(?)【赫姆‧謝普蘇】,1970-01-01T00:00:00Z,https://www.youtube.com/watch?v=ii4eESScslE,https://i.ytimg.com/vi/ii4eESScslE/mqdefault_live.jpg
41a105676f5643d981a2167e8ac55552,upcoming,【修女 Shiro シロ✞】,1970-01-01T00:00:00Z,https://www.youtube.com/watch?v=tnrXRjxJ7Xg,https://i.ytimg.com/vi/tnrXRjxJ7Xg/mqdefault_live.jpg
e312462015a2454087c9fe83dd939994,upcoming,这个标题很懒，什么都不想留下,1970-01-01T00:00:00Z,https://www.youtube.com/watch?v=SsUjIb5TDzk,https://i.ytimg.com/vi/SsUjIb5TDzk/mqdefault_live.jpg
f9444f6d790344a4a51a301110665229,upcoming,「貓妮亞🦋Vtuber」直播,1970-01-01T00:00:00Z,https://www.youtube.com/watch?v=sR_xPlSj6rA,https://i.ytimg.com/vi/sR_xPlSj6rA/mqdefault_live.jpg
e212d468e3e64ad5b8f22f61bc4e06f7,upcoming,【how to fish】有蝦蝦了還要釣魚嗎 斷線回來 ft.お魚 悠果 蝦蝦【雪見めぐみ】,1970-01-01T00:00:00Z,https://www.youtube.com/watch?v=Sad0DxAnA88,https://i.ytimg.com/vi/Sad0DxAnA88/mqdefault_live.jpg
1d9db35aa47c4d2d8bea3fb94afbd1b9,upcoming,「白御shiroto 🐺📖【御夢坊所屬】」直播,1970-01-01T00:00:00Z,https://www.youtube.com/watch?v=MsbwPZcdY68,https://i.ytimg.com/vi/MsbwPZcdY68/mqdefault_live.jpg
28c152a7489b4402960bd4bd36b7229b,upcoming,6/28【雜談】來搞一下DC,1970-01-01T00:00:00Z,https://www.youtube.com/watch?v=TWqb_KULSzA,https://i.ytimg.com/vi/TWqb_KULSzA/mqdefault_live.jpg
07930a961f0b4078a14f0a57f0a93965,upcoming,【World of Warships / 戰艦世界】打東打西的海上勞工【鶴目瑞羽】,1970-01-01T00:00:00Z,https://www.youtube.com/watch?v=1oZthwBZ-Fg,https://i.ytimg.com/vi/1oZthwBZ-Fg/mqdefault_live.jpg
018244f1ad404c9eaa4ddf747c3bafa0,upcoming,【鬼武者Way of the Sword】淚如雨滴的嵐山，哭笑不得！看來又要面對奇怪的佐佐木了！(Switch2),1970-01-01T00:00:00Z,https://www.youtube.com/watch?v=mzvhb670qQI,https://i.ytimg.com/vi/mzvhb670qQI/mqdefault_live.jpg
9f9bfcbf980b43bcb00c03261439d18d,upcoming,2026/8/18 你吃過凌晨4點的牛肉麵嗎,1970-01-01T00:00:00Z,https://www.youtube.com/watch?v=qUCSJX3kpNs,https://i.ytimg.com/vi/qUCSJX3kpNs/mqdefault_live.jpg
7870ac4364ca4c97a4dfe7474251bf5b,upcoming,【VALORANT】有夢師父跟小公主在！我已經躺好蓋好被子了！ ft. @chero.limnos @monmonjinrou ｜薄葉透UsubaToru｜SDS,1970-01-01T00:00:00Z,https://www.youtube.com/watch?v=rVDC0tjszhM,https://i.ytimg.com/vi/rVDC0tjszhM/mqdefault_live.jpg
a1915cccb8584d57b9b22975263c7af4,upcoming,【英雄聯盟】來玩隨機單中，歡迎觀眾場進來跟我一起玩~,1970-01-01T00:00:00Z,https://www.youtube.com/watch?v=Xohct89O8Is,https://i.ytimg.com/vi/Xohct89O8Is/mqdefault_live.jpg
7587608de08740aeb1a8dbe40006b90d,upcoming,【雜談】以後這就是你的家｜姜呂,1970-01-01T00:00:00Z,https://www.youtube.com/watch?v=oV0p2YJjNAY,https://i.ytimg.com/vi/oV0p2YJjNAY/mqdefault_live.jpg
670990d65f7b459ba2a3728c39d4cb9a,upcoming,「莓Ichii Channel」直播,1970-01-01T00:00:00Z,https://www.youtube.com/watch?v=YaZTV5ZVvMI,https://i.ytimg.com/vi/YaZTV5ZVvMI/mqdefault_live.jpg
1058d6e9f351455389e8a7a716ea26ff,upcoming,【 超能殺機：兩個靈魂 | Beyond:Two Souls 】一直想玩的！！；,1970-01-01T00:00:00Z,https://www.youtube.com/watch?v=NDNbHFPGLXI,https://i.ytimg.com/vi/NDNbHFPGLXI/mqdefault_live.jpg
676db89cb8a9483486442231b615b46f,upcoming,【遊戲時間】 餓殍：明末千里行 | 她活著，我也活著，便是最好的結局了。 | !簽到 !指令,1970-01-01T00:00:00Z,https://www.youtube.com/watch?v=8ccgdWc5kZg,https://i.ytimg.com/vi/8ccgdWc5kZg/mqdefault_live.jpg
accb26f2db2746e898b68ab07dd3c5bc,upcoming,【VTuber薰雪珞】N.24、OLG 靈魂行者。,1970-01-01T00:00:00Z,https://www.youtube.com/watch?v=saZrU60Walg,https://i.ytimg.com/vi/saZrU60Walg/mqdefault_live.jpg
08da85c2b24747a2aaeec4fe6cf9d681,upcoming,「Hami 哈米」直播,1970-01-01T00:00:00Z,https://www.youtube.com/watch?v=qr4xKlWBHbM,https://i.ytimg.com/vi/qr4xKlWBHbM/mqdefault_live.jpg
5efb403f9a174bfd82d04d528a121042,upcoming,【】【幽李鈴／Uririn】,1970-01-01T00:00:00Z,https://www.youtube.com/watch?v=9tcBIY2HgJA,https://i.ytimg.com/vi/9tcBIY2HgJA/mqdefault_live.jpg
d95abd62958c4081a999660b995d72ce,upcoming,【天城光希\天城こうき】突發!! 今天繼續化妝鏡~【台灣Vtuber】【新人Vtuber】,1970-01-01T00:00:00Z,https://www.youtube.com/watch?v=6CGvzbCRbHM,https://i.ytimg.com/vi/6CGvzbCRbHM/mqdefault_live.jpg
865ef104e1784d878871c819452a63dd,upcoming,【突發連動】開火車修鐵軌囉:D,1970-01-01T00:00:00Z,https://www.youtube.com/watch?v=WXey-nKn8vI,https://i.ytimg.com/vi/WXey-nKn8vI/mqdefault_live.jpg
63f727e673b9460abd6f7079bcbb1865,upcoming,《 漁力全開 / How to Fish 》09/21 - ‬ 聽說是個友裂遊戲，所以邀請黑哥來啦！初見安安，歡迎掛台 ~ ♥ 【穎兒Yinger】feat.  ‪@yamikuror,1970-01-01T00:00:00Z,https://www.youtube.com/watch?v=leOYtW6GWJU,https://i.ytimg.com/vi/leOYtW6GWJU/mqdefault_live.jpg
d0390d1ee4c744cba3ac19af6ae16171,upcoming,「希綠Shilüe」直播,1970-01-01T00:00:00Z,https://www.youtube.com/watch?v=t0taZ_0EGF0,https://i.ytimg.com/vi/t0taZ_0EGF0/mqdefault_live.jpg
f1bcb26adebc4b95abd8fb779dfc4f6f,upcoming,「柯琳焙可Korin Beiko」直播,1970-01-01T00:00:00Z,https://www.youtube.com/watch?v=pSEzypBH5J0,https://i.ytimg.com/vi/pSEzypBH5J0/mqdefault_live.jpg
db4df79a2e664ebb96d1a0ce5e4c0e63,upcoming,「伊鬱 Yiyu ch.」直播,1970-01-01T00:00:00Z,https://www.youtube.com/watch?v=30cGEbsLXuU,https://i.ytimg.com/vi/30cGEbsLXuU/mqdefault_live.jpg
03265829bf6d4e1eb09e58b1ec4093bc,upcoming,大小姐降臨啦!!第一次的雀魂直播測試,1970-01-01T00:00:00Z,https://www.youtube.com/watch?v=OwATTDImO2s,https://i.ytimg.com/vi/OwATTDImO2s/mqdefault_live.jpg
095d5621db8b44ed914d81f9e1183673,upcoming,【鼻音很重歌回】感冒還是不放棄唱歌，哈哈哈，憋很久了【拉爾妮蒂 Lar Niti】＃初見歡迎,1970-01-01T00:00:00Z,https://www.youtube.com/watch?v=z6EmMjfd-yU,https://i.ytimg.com/vi/z6EmMjfd-yU/mqdefault_live.jpg
591a7323f0134cf2929e75d959f21f68,upcoming,【BenMao】沒關就是開了,1970-01-01T00:00:00Z,https://www.youtube.com/watch?v=OzZkGy5me7Q,https://i.ytimg.com/vi/OzZkGy5me7Q/mqdefault_live.jpg
e949052e4ee24ecd8b352a68f6bf51e1,upcoming,「Chaos ch.卡俄斯」直播,1970-01-01T00:00:00Z,https://www.youtube.com/watch?v=9NpLOC1drHo,https://i.ytimg.com/vi/9NpLOC1drHo/mqdefault_live.jpg
4297ecbe09d04698a65f1778f5c16dc4,upcoming,好久沒打來打一下:D  #初見さん大歓迎 #台灣vtuber,1970-01-01T00:00:00Z,https://www.youtube.com/watch?v=E1tnFNxgcbE,https://i.ytimg.com/vi/E1tnFNxgcbE/mqdefault_live.jpg
b1939ca67a3c43cf8a6a0a9a88137419,upcoming,【雙人連動歌枠】【龍貓窩KTV】feat.  ⁨@ReGulusOAO   ❘ POV：當花火龍貓遇到笑聲超級炸裂的九命怪喵 #歌枠 #vsinger #花火布蕾亞 #蕾古露絲,1970-01-01T00:00:00Z,https://www.youtube.com/watch?v=eQ_hIafVpwA,https://i.ytimg.com/vi/eQ_hIafVpwA/mqdefault_live.jpg
52324c45fae74014bc603ae09d8d6136,upcoming,「緗靈 XiangLing Ch.」直播,1970-01-01T00:00:00Z,https://www.youtube.com/watch?v=6AarYYHabDw,https://i.ytimg.com/vi/6AarYYHabDw/mqdefault_live.jpg
d2437a12d8e54e858d2bdfa6d4053a9a,upcoming,【乱玩】瓦....哇....wha...bye。,1970-01-01T00:00:00Z,https://www.youtube.com/watch?v=2ECjYOFlp_8,https://i.ytimg.com/vi/2ECjYOFlp_8/mqdefault_live.jpg
0628f4d0fcbd4f0a980b64b3b1deeb74,upcoming,「Loran Ch. 洛嵐」直播,1970-01-01T00:00:00Z,https://www.youtube.com/watch?v=S-MfVACJE54,https://i.ytimg.com/vi/S-MfVACJE54/mqdefault_live.jpg
f1a631b2661b45718c7caf5862ddcd68,upcoming,「謬樂Myular」直播,1970-01-01T00:00:00Z,https://www.youtube.com/watch?v=yiV9lYkldoU,https://i.ytimg.com/vi/yiV9lYkldoU/mqdefault_live.jpg
9959d43cae9b49dbbcd666f742322b4a,upcoming,【後談】鬼熊隊長3.0＆Cover《鬼ノ宴》公開後談！一起聊聊新衣裝與翻唱幕後👹🐻 新指令: !今日運勢 !今天吃什麼,1970-01-01T00:00:00Z,https://www.youtube.com/watch?v=ro-MY1g5TAU,https://i.ytimg.com/vi/ro-MY1g5TAU/mqdefault_live.jpg
a667c79cb8284de29d5843dc3eafcc57,upcoming,「巴巴鼬戈 / Baba Yoger Ch.」直播,1970-01-01T00:00:00Z,https://www.youtube.com/watch?v=bMOl1gbaMGM,https://i.ytimg.com/vi/bMOl1gbaMGM/mqdefault_live.jpg
52b5fa7ff03945368644f52035a5e798,upcoming,【楓之谷artale】今天目標180等！ #楓之谷artale  #楓之谷  #vtuber #台V  #姬德月兔,1970-01-01T00:00:00Z,https://www.youtube.com/watch?v=JMnQqKRGsYg,https://i.ytimg.com/vi/JMnQqKRGsYg/mqdefault_live.jpg
8e249f04f6cb48bda24f1513a472f4d8,upcoming,【狐狐】邊緣&失蹤狐狸｜御影曇天ㄧ,1970-01-01T00:00:00Z,https://www.youtube.com/watch?v=M84_sp4i5QU,https://i.ytimg.com/vi/M84_sp4i5QU/mqdefault_live.jpg
2d3deb7610dd4329ba77597dfdd13043,upcoming,「璃瑛りえ Ch. Rie」直播,1970-01-01T00:00:00Z,https://www.youtube.com/watch?v=AEWN7JtQhFI,https://i.ytimg.com/vi/AEWN7JtQhFI/mqdefault_live.jpg
cfc335d4b3e3411ca5b39ccb41a81958,upcoming,Rivals | 這些人在幹嘛...?,1970-01-01T00:00:00Z,https://www.youtube.com/watch?v=0BbXZLnuIro,https://i.ytimg.com/vi/0BbXZLnuIro/mqdefault_live.jpg
dabf31fbee9b4214958603268d48b780,upcoming,「LeiT ch. 蕾忒」直播,1970-01-01T00:00:00Z,https://www.youtube.com/watch?v=RwD2UeTSFEU,https://i.ytimg.com/vi/RwD2UeTSFEU/mqdefault_live.jpg
45d566a561914da0a15a5a21574eb30a,upcoming,「星霜祈【Seisou_Inori】Ch.」直播,1970-01-01T00:00:00Z,https://www.youtube.com/watch?v=SYxiUwjwZNU,https://i.ytimg.com/vi/SYxiUwjwZNU/mqdefault_live.jpg
90446c6f1b704ff6b0fbbf017f0a68c5,upcoming,「余偉文 Fisher 🐟」直播,1970-01-01T00:00:00Z,https://www.youtube.com/watch?v=ImwABaeozaw,https://i.ytimg.com/vi/ImwABaeozaw/mqdefault_live.jpg
7ca8ec94cb4640ccb27719cbfc8a8df0,upcoming,【雨你一起】乜野話！！！六年喇？！！！【雨宮みずき】,1970-01-01T00:00:00Z,https://www.youtube.com/watch?v=iT3lE5XclWM,https://i.ytimg.com/vi/iT3lE5XclWM/mqdefault_live.jpg
72a83f60773546dba886008320809d70,upcoming,0722【UC小雞】今天是狂嗑高蛋白不知道吃啥日！指令： !抖內影片  !上班收聽,1970-01-01T00:00:00Z,https://www.youtube.com/watch?v=aOkZdtqoI_Y,https://i.ytimg.com/vi/aOkZdtqoI_Y/mqdefault_live.jpg
44f1d1ad14034bd3949ad6f84624f0e4,upcoming,〖#誕生日 〗生日後日談之簽到雜談🎂｜嘻希呦 ShiKi nozomi,1970-01-01T00:00:00Z,https://www.youtube.com/watch?v=XnJvKsudcvQ,https://i.ytimg.com/vi/XnJvKsudcvQ/mqdefault_live.jpg
6d83214d4d964bc9a236f4cbdd8d99e4,upcoming,【mc】考完試來玩MC   Ft. @奈亞_Nya,1970-01-01T00:00:00Z,https://www.youtube.com/watch?v=a2-Ui2R7lq0,https://i.ytimg.com/vi/a2-Ui2R7lq0/mqdefault_live.jpg
ad57b32de5f34598a57ac5af8b8004e2,upcoming,【生日直播】今天我生日！來和大家一起慶祝順便抽貼紙~~#vtuber #台灣vtuber #新人vtuber,1970-01-01T00:00:00Z,https://www.youtube.com/watch?v=48Tph0RCKQk,https://i.ytimg.com/vi/48Tph0RCKQk/mqdefault_live.jpg
3e19e054b479401da231ebc3d3fab628,upcoming,「阿北」直播,1970-01-01T00:00:00Z,https://www.youtube.com/watch?v=aDGD-4l9O_o,https://i.ytimg.com/vi/aDGD-4l9O_o/mqdefault_live.jpg
316dd044dc644c4cac9e140dcba5d210,upcoming,【突襲早安聊天台】今天有沒有乖乖早起呀｜#初見歡迎 #vtuber  #雜談 #降落歡迎,1970-01-01T00:00:00Z,https://www.youtube.com/watch?v=WfUKXRSsMVk,https://i.ytimg.com/vi/WfUKXRSsMVk/mqdefault_live.jpg
2bffdc20e3cb48de9bf46600f62d248e,upcoming,打手枪【冬夜Toya】,1970-01-01T00:00:00Z,https://www.youtube.com/watch?v=brG9ZzJPg9o,https://i.ytimg.com/vi/brG9ZzJPg9o/mqdefault_live.jpg
f3914ae7ae6541198b6b5f4d63febe48,upcoming,【雜談】消失一年的愛恨情仇【台灣Vtuber/磷騷現象】#初見歡迎 #降落歡迎,1970-01-01T00:00:00Z,https://www.youtube.com/watch?v=BjsRqURyxYc,https://i.ytimg.com/vi/BjsRqURyxYc/mqdefault_live.jpg
cc1bad00639b4149b277f0d2e99c2abe,upcoming,遊戲 ➤ 8號出口，我直直向前衝! - 等級十四 Lv.14,1970-01-01T00:00:00Z,https://www.youtube.com/watch?v=D4mX5eJqvIk,https://i.ytimg.com/vi/D4mX5eJqvIk/mqdefault_live.jpg
7b00dfda406f484eaf75107c186abe33,upcoming,[800訂閱衝刺]  軟爛Podcast~~ !!歡迎來跟我聊天  #初見歡迎 #降落歡迎 #掛台大感謝,1970-01-01T00:00:00Z,https://www.youtube.com/watch?v=_puJcgQ43Sg,https://i.ytimg.com/vi/_puJcgQ43Sg/mqdefault_live.jpg
e6373c7f689c44f8971ca0f83c817789,upcoming,出國後日談(大阪自由行),1970-01-01T00:00:00Z,https://www.youtube.com/watch?v=xli6wNftBRc,https://i.ytimg.com/vi/xli6wNftBRc/mqdefault_live.jpg
302b50b5cf4844d58868013404b1ec3f,upcoming,「魔物26號 Mamono No.26」直播,1970-01-01T00:00:00Z,https://www.youtube.com/watch?v=3deSqML4npw,https://i.ytimg.com/vi/3deSqML4npw/mqdefault_live.jpg
67b37e4e1f2f49d88a047d650b70be91,upcoming,｜ 【貓乃瑠依】 #vtuber,1970-01-01T00:00:00Z,https://www.youtube.com/watch?v=dzlOsyDXX0M,https://i.ytimg.com/vi/dzlOsyDXX0M/mqdefault_live.jpg
36b917d4265f43a1a6cc9eb1d7b20608,upcoming,【#突發 】很突然的!!  ♡夜露妮亞 Yoruniya,1970-01-01T00:00:00Z,https://www.youtube.com/watch?v=aRVCnnq6elQ,https://i.ytimg.com/vi/aRVCnnq6elQ/mqdefault_live.jpg
d709ac4a052b401abfeb8bc5c600e937,upcoming,【晚安雜談】牙牙主播上任 #初見歡迎 #降落歡迎 #掛台大感謝,1970-01-01T00:00:00Z,https://www.youtube.com/watch?v=qY7tOpSgqhE,https://i.ytimg.com/vi/qY7tOpSgqhE/mqdefault_live.jpg
d177ac8568a14720b35bcc1a829aff51,upcoming,【 #深夜RE聊 】你買票了嗎?｜2025.10｜深夜聊什麼｜雜談｜#台灣vtuber,1970-01-01T00:00:00Z,https://www.youtube.com/watch?v=ZL86Y-pKXPY,https://i.ytimg.com/vi/ZL86Y-pKXPY/mqdefault_live.jpg
ef0319d27b10495795a5b994bc2249d5,upcoming,【】【瑚珀Haku】 #台灣新人vtuber,1970-01-01T00:00:00Z,https://www.youtube.com/watch?v=5akouqNc6Ew,https://i.ytimg.com/vi/5akouqNc6Ew/mqdefault_live.jpg
9b33b75521bd43bca3346790ac65559c,upcoming,「荻珥_ Dear Ch. 直播精華」直播,1970-01-01T00:00:00Z,https://www.youtube.com/watch?v=h1wL_Iye-hg,https://i.ytimg.com/vi/h1wL_Iye-hg/mqdefault_live.jpg
50c6983298d84cbeac8e6376349e672b,upcoming,測試,1970-01-01T00:00:00Z,https://www.youtube.com/watch?v=LbHe4iFELOo,https://i.ytimg.com/vi/LbHe4iFELOo/mqdefault_live.jpg
fc6a8de6e0e14e05a11b1d35dfce1d71,upcoming,【恐怖遊戲】在傑難逃─今天來玩一款恐怖遊戲【台灣八美肉系Vtuber/星蝶ミミ】,1970-01-01T00:00:00Z,https://www.youtube.com/watch?v=hhJG5Zd6n7Q,https://i.ytimg.com/vi/hhJG5Zd6n7Q/mqdefault_live.jpg
bb56715066e548c297232372a16ab083,upcoming,【Wardogs】 兩眼一睜就是打仗【English● 中文●日本語▲】,1970-01-01T00:00:00Z,https://www.youtube.com/watch?v=WSScfYzmKT8,https://i.ytimg.com/vi/WSScfYzmKT8/mqdefault_live.jpg
451cf387126b426a89e3db63676c84b0,upcoming,【DOTA2】先測試新的OBS設定能不能用,1970-01-01T00:00:00Z,https://www.youtube.com/watch?v=IuSBx7sEwyU,https://i.ytimg.com/vi/IuSBx7sEwyU/mqdefault_live.jpg
c060912477dd414ea79d74adddfb4661,upcoming,【深海大獵殺】小小魚兒成長記！我即是貪饕！｜黑白史萊姆,1970-01-01T00:00:00Z,https://www.youtube.com/watch?v=vjJ9QYF1UIo,https://i.ytimg.com/vi/vjJ9QYF1UIo/mqdefault_live.jpg
348b76fa1b194d3d8aa28b17abe8b153,upcoming,「歇可Sheirco大學牲Vtuber 」直播,1970-01-01T00:00:00Z,https://www.youtube.com/watch?v=R8NUFlHVaJs,https://i.ytimg.com/vi/R8NUFlHVaJs/mqdefault_live.jpg
7136d4451e954a2daed572b2ba517303,upcoming,「Goia Ch. 歌雅」直播,1970-01-01T00:00:00Z,https://www.youtube.com/watch?v=13SVboJAKds,https://i.ytimg.com/vi/13SVboJAKds/mqdefault_live.jpg
8c1fe8acf675446ebb2fd046e6396983,upcoming,【底特律：變人】［２］初見!!! 會有怎樣的結局呢?｜訂閱大感謝!【蓮諾‧絲萊許/個人勢Vtuber】,1970-01-01T00:00:00Z,https://www.youtube.com/watch?v=rVE4sRbftn8,https://i.ytimg.com/vi/rVE4sRbftn8/mqdefault_live.jpg
326a721a7a904cb9b5ed0dad4899d7c2,upcoming,「憩貓脆脆 Ch.」直播,1970-01-01T00:00:00Z,https://www.youtube.com/watch?v=rjRFoAjvCMc,https://i.ytimg.com/vi/rjRFoAjvCMc/mqdefault_live.jpg
5d27ac4b9342450990a299e95818bbb0,upcoming,【Valorant】從今天開始 我將踏上輻能之旅  | 成為臺灣最強瓦V Day 1 | 多多綠 DuoLiu🍡,1970-01-01T00:00:00Z,https://www.youtube.com/watch?v=-3QWPu7IUGI,https://i.ytimg.com/vi/-3QWPu7IUGI/mqdefault_live.jpg
7425576151124e11a94609fd1b8687bc,upcoming,搖搖樂分裝女工 | 還有想再多看一眼的周邊嗎！ | 卡桑德拉,1970-01-01T00:00:00Z,https://www.youtube.com/watch?v=9hRZ5Qefs-8,https://i.ytimg.com/vi/9hRZ5Qefs-8/mqdefault_live.jpg
e66d389ebb604096bfa99178e1a13c27,upcoming,【LPL同步觀賽】JDG vs IG !! 亞運誰沒進世界賽誰尷尬啊!! 電腦隨時可能掛掉、看緣分開台 #觀戰死神｜阿爾西婭．幽梨雅🌺,1970-01-01T00:00:00Z,https://www.youtube.com/watch?v=PAIPT8_T6iY,https://i.ytimg.com/vi/PAIPT8_T6iY/mqdefault_live.jpg
e7f01ae0c78b4daeaaf8f3fe39946e8d,upcoming,【BCS全員逃走中——小豬盃】,1970-01-01T00:00:00Z,https://www.youtube.com/watch?v=MHLG6UdwjYg,https://i.ytimg.com/vi/MHLG6UdwjYg/mqdefault_live.jpg
f97745a8003c480fa728cf34d61afc6c,upcoming,「Ikkira一綺羅」直播,1970-01-01T00:00:00Z,https://www.youtube.com/watch?v=3NshYb2IkNk,https://i.ytimg.com/vi/3NshYb2IkNk/mqdefault_live.jpg
7a93714b53274fbaad48bef3b409d458,upcoming,【小林釣具店】臨時生日台(臨時道歉台？)【雜談】,1970-01-01T00:00:00Z,https://www.youtube.com/watch?v=p36RdB4tZuU,https://i.ytimg.com/vi/p36RdB4tZuU/mqdefault_live.jpg
d71e503b11d04c8a9a7ae74f5e0d9fc4,upcoming,佖夏 | 練習！,1970-01-01T00:00:00Z,https://www.youtube.com/watch?v=o2gZzHJGvm8,https://i.ytimg.com/vi/o2gZzHJGvm8/mqdefault_live.jpg
f5ef8ac02db547dd92da5e87717a8dca,upcoming,【0918】雜談 | 夜月莉奈Yotsukirina | 我沒有懶得做封面,1970-01-01T00:00:00Z,https://www.youtube.com/watch?v=aCCmRMh7Ujo,https://i.ytimg.com/vi/aCCmRMh7Ujo/mqdefault_live.jpg
9fb51e14ba1c499eb6383a7a166a4d52,upcoming,│20260628│#雜談 #工作雜談 #陪伴 │狐狸回來啦！好險沒被颱風帶走！來整理素材後面開分享！│ #vtuber #雜談 #歡迎降落 #初見安安  │,1970-01-01T00:00:00Z,https://www.youtube.com/watch?v=wWAubDZUHak,https://i.ytimg.com/vi/wWAubDZUHak/mqdefault_live.jpg
beed2aaeebc9439895feb2aff3c9e641,upcoming,₍‧ꀈ˙⁾՜破萍Po Ping画live2d一条龙皮套豆豆眼QQ全身,1970-01-01T00:00:00Z,https://www.youtube.com/watch?v=TBNDCvefhfs,https://i.ytimg.com/vi/TBNDCvefhfs/mqdefault_live.jpg
d9b8f1ac9c93423fa62e8073a8173d30,upcoming,「Den癲電 Ch.」直播,1970-01-01T00:00:00Z,https://www.youtube.com/watch?v=sQb3_YDL1UE,https://i.ytimg.com/vi/sQb3_YDL1UE/mqdefault_live.jpg
932fd42911c74016bc7da418abd29f0f,upcoming,#vtuber #live2D #初配信 #個人勢,1970-01-01T00:00:00Z,https://www.youtube.com/watch?v=NCLAYHmSZns,https://i.ytimg.com/vi/NCLAYHmSZns/mqdefault_live.jpg
6fa5098cd1c644c5871a47a7e56803dc,upcoming,「剎那 SETSUNA Ch.」直播,1970-01-01T00:00:00Z,https://www.youtube.com/watch?v=dBd7A4RoUnM,https://i.ytimg.com/vi/dBd7A4RoUnM/mqdefault_live.jpg
a168211aa3dd451cb33e09b80df0ea0a,upcoming,"【練歌回】彈琴,唱歌,猜歌大會!!! │神崎艾爾法",1970-01-01T00:00:00Z,https://www.youtube.com/watch?v=Y9VdyXN_Pp4,https://i.ytimg.com/vi/Y9VdyXN_Pp4/mqdefault_live.jpg
7a184a9a63cd425a9319691e20e3b148,upcoming,「莊周 Zhou ch.」直播,1970-01-01T00:00:00Z,https://www.youtube.com/watch?v=oHQhtllIOME,https://i.ytimg.com/vi/oHQhtllIOME/mqdefault_live.jpg
12b98d960ead4bc09b2f2b220d7437a1,upcoming,「吉米卡拉.channel」直播,1970-01-01T00:00:00Z,https://www.youtube.com/watch?v=zQTkMmlgfYA,https://i.ytimg.com/vi/zQTkMmlgfYA/mqdefault_live.jpg
a28e29c9e8ec4791a700cd2e30904534,upcoming,「潮汐春実 Harumi」直播,1970-01-01T00:00:00Z,https://www.youtube.com/watch?v=fPDNvx9xyDI,https://i.ytimg.com/vi/fPDNvx9xyDI/mqdefault_live.jpg
c6af4f23c6ce4adab5301d79b0bd343a,upcoming,【可諾】拚收益! 鬼武者 way of the sword | Onimusha: Way of the Sword | 2026/9/21,1970-01-01T00:00:00Z,https://www.youtube.com/watch?v=RBOr8HHOgPk,https://i.ytimg.com/vi/RBOr8HHOgPk/mqdefault_live.jpg
fae9210539d44a39a2a275b8d53cae37,upcoming,【Peak】再次挑戰巔峰(歡迎加入｜羅摩Lomo｜!dc !抖內｜#vtuber #台v,1970-01-01T00:00:00Z,https://www.youtube.com/watch?v=X67VvTRD-xM,https://i.ytimg.com/vi/X67VvTRD-xM/mqdefault_live.jpg
aae348caede446649e2ef8b15536119c,upcoming,「Silmueiris ch.星櫻雪」直播,1970-01-01T00:00:00Z,https://www.youtube.com/watch?v=7LxdJ1EhbFc,https://i.ytimg.com/vi/7LxdJ1EhbFc/mqdefault_live.jpg
fc7fa0c5a7604cc8a420ee89472fcac3,upcoming,「小逸 ch.」直播,1970-01-01T00:00:00Z,https://www.youtube.com/watch?v=2RhXggzQubU,https://i.ytimg.com/vi/2RhXggzQubU/mqdefault_live.jpg
6885bffce2184355bed557901e079522,upcoming,【突發】惡靈古堡：安魂曲 瘋狂難度 禁無限彈藥 速通看看 #初見歡迎 #降落歡迎,1970-01-01T00:00:00Z,https://www.youtube.com/watch?v=WA8Wq5MAKwU,https://i.ytimg.com/vi/WA8Wq5MAKwU/mqdefault_live.jpg
20b9316c0979495fbff724be3442d4a4,upcoming,【原神】EP201 繼續推主線劇情🎶往冥府的安魂歌 [城 游音Yune]#游音 #原神,1970-01-01T00:00:00Z,https://www.youtube.com/watch?v=01n3gMtfENI,https://i.ytimg.com/vi/01n3gMtfENI/mqdefault_live.jpg
40a4357f990e4fd8ad2ac18c26603925,upcoming,《神社仕事中》發會員 發完就休了,1970-01-01T00:00:00Z,https://www.youtube.com/watch?v=lCJ8dtv65aQ,https://i.ytimg.com/vi/lCJ8dtv65aQ/mqdefault_live.jpg
803435ca691f43a4b02360926fee23d1,upcoming,【柚香】海拉魯躺地青年 EP.17 | #曠野之息 | #0923,1970-01-01T00:00:00Z,https://www.youtube.com/watch?v=q4LsBaL6Y88,https://i.ytimg.com/vi/q4LsBaL6Y88/mqdefault_live.jpg
3353f8693d7b4caa82abeb2de3d89815,upcoming,【09/23】魔物獵人 ヾ(*ΦωΦ)ツ   #貓貓桃實 #深夜  #初見歡迎,1970-01-01T00:00:00Z,https://www.youtube.com/watch?v=5SgtwDqpATo,https://i.ytimg.com/vi/5SgtwDqpATo/mqdefault_live.jpg
ee20f58e3fb74fae83a42239a83bcc4a,upcoming,【OL辦公室】 📸開鏡注意📸 老闆~我們就在這間會議室偷偷的...靜靜的...來解壓一下嗎？| 雲汐 ʚ ɞ Mojoy Live 三期生,2026-06-28T12:00:00Z,https://www.youtube.com/watch?v=r1zJNmdQw5E,https://i.ytimg.com/vi/r1zJNmdQw5E/mqdefault_live.jpg
b3b24f0ebecc45118f88f12042bd59c8,upcoming,「CSO」 B106 凌晨直播《NR530型末班車》【貓樂火神/Nekoraku Hikami】,2026-07-14T17:15:00Z,https://www.youtube.com/watch?v=LH9WYZsZCTg,https://i.ytimg.com/vi/LH9WYZsZCTg/mqdefault_live.jpg
b3b24f0ebecc45118f88f12042bd59c8,upcoming,五週年的火神 CT22《NR530型列車紀念廣播》【貓樂火神/Nekoraku Hikami】,2026-07-15T14:03:55Z,https://www.youtube.com/watch?v=mpxAwkCnCfI,https://i.ytimg.com/vi/mpxAwkCnCfI/mqdefault_live.jpg
98181ce64b3d45a9aa295c446e1bae9e,upcoming,🍬 《疑?》  #yuunanalive #悠配信 ｜Yuunana悠77,2026-07-16T12:00:00Z,https://www.youtube.com/watch?v=-52UFynM7hU,https://i.ytimg.com/vi/-52UFynM7hU/mqdefault_live.jpg
dcbe7946e39e48bcb0b725de64a445c8,upcoming,【#FE風花雪月】青獅線D3！折損一堆大將後該如何是好呢...？ #聖火降魔錄 #火焰紋章【#梅迪歐】#ReLiveProject #台v,2026-07-24T00:00:00Z,https://www.youtube.com/watch?v=b4GUq6XunOs,https://i.ytimg.com/vi/b4GUq6XunOs/mqdefault_live.jpg
11dd1f817a6b4c80a066aedd8e0fa419,upcoming,【放火精華２選１】十年老粉回憶錄時間！！我相信記憶點最深刻的一定不是吃ㄐㄐ：Ｄ｜艾麗Ellie,2026-07-25T13:00:00Z,https://www.youtube.com/watch?v=RTesUZxZlIg,https://i.ytimg.com/vi/RTesUZxZlIg/mqdefault_live.jpg
ec198b33036c436591c01ee93976b6a3,upcoming,[ACG前哨戰］星石雜談室#2,2026-07-25T14:00:00Z,https://www.youtube.com/watch?v=GyrqPiMuTxA,https://i.ytimg.com/vi/GyrqPiMuTxA/mqdefault_live.jpg
11dd1f817a6b4c80a066aedd8e0fa419,upcoming,【遊戲】閃電十一人：交鋒（可能鬼轉到英雄之路）！鬼道友人一定不知道他們四個男團出道的話團名可以叫GAYS｜艾麗Ellie,2026-07-27T13:30:00Z,https://www.youtube.com/watch?v=NU9RryIKmVA,https://i.ytimg.com/vi/NU9RryIKmVA/mqdefault_live.jpg
887b37336c9c4730809ace8b5e38df17,upcoming,【天月麻雀 Amatsuki Mahjong】週年慶通行證「命運共鳴」💖送全新雀士角色及幻裝！｜雪羽婭露露LuLu,2026-07-29T13:00:00Z,https://www.youtube.com/watch?v=xxaxRot6mBU,https://i.ytimg.com/vi/xxaxRot6mBU/mqdefault_live.jpg
31f17632340f4e7fbd0ced07193dd81b,upcoming,【7月健康輪盤斗內】,2026-07-31T10:20:00Z,https://www.youtube.com/watch?v=pmZhmsTBKww,https://i.ytimg.com/vi/pmZhmsTBKww/mqdefault_live.jpg
11dd1f817a6b4c80a066aedd8e0fa419,upcoming,【向著收益全速的前進】距離2千兆訂閱又靠近了0.000000009mm了！可喜可樂！！｜艾麗Ellie,2026-08-01T09:30:00Z,https://www.youtube.com/watch?v=qrPg9GjtuX0,https://i.ytimg.com/vi/qrPg9GjtuX0/mqdefault_live.jpg
7a570b5273ae4e359a6491aba1313011,upcoming,FiFi ♡ˊ˗ 𝟮𝟬𝟮𝟲𝟬𝟴𝟭𝟰  戀愛訪談企劃 【談戀愛的好處和壞處】ft. @panaijian @tamashii0124     |   @fifi_vtuber,2026-08-14T13:00:00Z,https://www.youtube.com/watch?v=jNZ_zhUvtRE,https://i.ytimg.com/vi/jNZ_zhUvtRE/mqdefault_live.jpg
aa1ff405338c41b98ff7197eb4d90349,upcoming,【這是宣傳待機室】黑丟  ૮ ・ﻌ・ა【雪迎】,2026-08-16T10:00:00Z,https://www.youtube.com/watch?v=uA4vX4DN9qQ,https://i.ytimg.com/vi/uA4vX4DN9qQ/mqdefault_live.jpg
93785f5e8b614be98bf8e096f5b1f997,live,【音樂台】酒館裡什麼人都有，就是沒有你。 | 幻想異世界音楽 | 睡眠 | 勉強 | 讀書音樂陪伴 | Fantasy Sounds | 作業用BGM【冬蜜 DonBee】,2026-08-17T07:03:44Z,https://www.youtube.com/watch?v=cA_4WAdQIvI,https://i.ytimg.com/vi/cA_4WAdQIvI/mqdefault_live.jpg
93785f5e8b614be98bf8e096f5b1f997,live,【音樂台】聽音樂坐著喝酒，再打個魔物。 | 幻想異世界音楽 | 睡眠 | 勉強 | 讀書音樂陪伴 | Fantasy Sounds | 作業用BGM【冬蜜 DonBee】,2026-08-17T07:03:52Z,https://www.youtube.com/watch?v=L4t2SbJRYDA,https://i.ytimg.com/vi/L4t2SbJRYDA/mqdefault_live.jpg
93785f5e8b614be98bf8e096f5b1f997,live,你的世界下雨了，來躲雨吧。 | 有雨聲，可以學習、專注、睡眠的輕鬆音樂,2026-08-17T07:03:59Z,https://www.youtube.com/watch?v=CtqVJb4xp0g,https://i.ytimg.com/vi/CtqVJb4xp0g/mqdefault_live.jpg
debdcce813bc48478ac33a0c39f05999,upcoming,⋆⁺₊⋆  ⋆⁺₊⋆ ʚ本周周表ɞ ⋆⁺₊⋆ ⋆⁺₊⋆,2026-08-23T13:39:27Z,https://www.youtube.com/watch?v=IZ9ct-8Uz8c,https://i.ytimg.com/vi/IZ9ct-8Uz8c/mqdefault_live.jpg
aa1ff405338c41b98ff7197eb4d90349,upcoming,【紅眼露比】#臨時有事 趕的回來就開 趕不回來就早安台見  ૮ ・ﻌ・ა【雪迎】,2026-08-28T13:00:00Z,https://www.youtube.com/watch?v=300WvH9wwJ4,https://i.ytimg.com/vi/300WvH9wwJ4/mqdefault_live.jpg
aa1ff405338c41b98ff7197eb4d90349,upcoming,【盛世天下 女帝篇3】#聽說我還有一段路要走 以我的心機大概能活幾集  ૮ ・ﻌ・ა【雪迎】,2026-09-11T13:00:00Z,https://www.youtube.com/watch?v=n2O1OjaohP8,https://i.ytimg.com/vi/n2O1OjaohP8/mqdefault_live.jpg
88f782b3b6c6492c926f70e4a13390c9,upcoming,【晚安雜談】打個招呼就被裝進罐子裡？陪你聊天直到說晚安🫶｜CB Ortega// • Vtuber,2026-09-12T15:30:00Z,https://www.youtube.com/watch?v=J_Uw3-0U4o0,https://i.ytimg.com/vi/J_Uw3-0U4o0/mqdefault_live.jpg
88f782b3b6c6492c926f70e4a13390c9,upcoming,【汪汪汪】下午開始喝，隔天上班肯定不會宿醉的對吧,2026-09-13T08:00:00Z,https://www.youtube.com/watch?v=9Ekg4yo8sj8,https://i.ytimg.com/vi/9Ekg4yo8sj8/mqdefault_live.jpg
e6373c7f689c44f8971ca0f83c817789,upcoming,生存報告雜談,2026-09-15T13:00:00Z,https://www.youtube.com/watch?v=ENbgd_8vlDU,https://i.ytimg.com/vi/ENbgd_8vlDU/mqdefault_live.jpg
6929e06cd9ed49739cadaa35115847c7,upcoming,【全箱英文名鑑賞】小時候都被英文老師取了什麼菜市場名呢..𓂃🌥️｜雲隙光．kumosuki,2026-09-15T14:30:00Z,https://www.youtube.com/watch?v=THiHTJBjmaE,https://i.ytimg.com/vi/THiHTJBjmaE/mqdefault_live.jpg
40c846b91c4a44a980eddf20f0f789c0,upcoming,✦ ₊˚ 圖奇雙開 |APEX 兔寶場  / 觀眾場  | 音量注意 ˚₊✧,2026-09-18T11:00:00Z,https://www.youtube.com/watch?v=2HlQ3XHV0Z8,https://i.ytimg.com/vi/2HlQ3XHV0Z8/mqdefault_live.jpg
446d4bc526a4477eb6a72ae186e9d538,upcoming,【 #琴回 】早安呀♥ 早上就是要悠閒的聽歌度過~進來坐坐吧!!    l 愛思堤亞 ＃vtuber  #琴回  #ピアノ #降落歡迎,2026-09-19T01:30:00Z,https://www.youtube.com/watch?v=b5HaACfmFEo,https://i.ytimg.com/vi/b5HaACfmFEo/mqdefault_live.jpg
40c846b91c4a44a980eddf20f0f789c0,upcoming,✦ ₊˚ 圖奇雙開 |APEX 兔寶場  / 觀眾場  | 音量注意 ˚₊✧,2026-09-19T13:00:00Z,https://www.youtube.com/watch?v=5hoqcM-GpIo,https://i.ytimg.com/vi/5hoqcM-GpIo/mqdefault_live.jpg
40c846b91c4a44a980eddf20f0f789c0,upcoming,✦ ₊˚ 圖奇雙開 |APEX  | 音量注意 ˚₊✧,2026-09-20T11:00:00Z,https://www.youtube.com/watch?v=IC4bRn5aCbI,https://i.ytimg.com/vi/IC4bRn5aCbI/mqdefault_live.jpg
dc9cd2bc942d427d8cc73370d1194f9e,upcoming,"【2026/9/14~9/20 週表】9/19 海盜模仿日！Ahoy, matey!",2026-09-20T15:59:00Z,https://www.youtube.com/watch?v=ENa3vBFdjlw,https://i.ytimg.com/vi/ENa3vBFdjlw/mqdefault_live.jpg
97a56c6914ab431d9b670456d11b22ed,upcoming,【戴夫】9/21之我在圖奇連動,2026-09-21T14:00:00Z,https://www.youtube.com/watch?v=qcLxwg-MYM4,https://i.ytimg.com/vi/qcLxwg-MYM4/mqdefault_live.jpg
76165d25983b463eaa1da66c86a32b7c,live,【日常】心悸寶貝-光古戰場我想睡【靛之森Ainomori】|【夜彩Yoruro】可用7TV貼圖 因為害羞非常不感謝揪團Q_Q,2026-09-21T17:46:12Z,https://www.twitch.tv/yorurovtuber,https://static-cdn.jtvnw.net/previews-ttv/live_user_yorurovtuber-{width}x{height}.jpg
b49c2970f97b4fd4a6762b3e9ba94f8e,live,連假要搬家，搬完才會再開台┊!訂閱折扣 !SBM !愛開台,2026-09-22T06:38:45Z,https://www.twitch.tv/maoyu220,https://static-cdn.jtvnw.net/previews-ttv/live_user_maoyu220-{width}x{height}.jpg
ce4d344e37cd403cbb5325010144d393,live,【9/22】剪片到一半送鄰居上救護車是什麼樣的體驗 紫勾勾and加班台Dayˇ22 ˇ加班轉盤，揪團轉盤   !加班台 !周邊 !抽獎 !愛寒寒   |遊戲|  @samui_gamer,2026-09-22T11:35:11Z,https://www.twitch.tv/samui_gamer,https://static-cdn.jtvnw.net/previews-ttv/live_user_samui_gamer-{width}x{height}.jpg
729621ce509b4641ad8cde76dec037d0,live,【09/23】16:00YT歌回 加班台D10||影音抖內開放中!!!||希妮·亞里絲🤍SinnieAris✨ !yt !手機殼 !加班台規則 !希希努娃 !實體回饋,2026-09-22T19:40:28Z,https://www.twitch.tv/sinniearis,https://static-cdn.jtvnw.net/previews-ttv/live_user_sinniearis-{width}x{height}.jpg
887b37336c9c4730809ace8b5e38df17,live,我蓋的東西🔨真的能住人嗎？...🤣 ฅ ̳͒•ˑ̫• ̳͒ฅ♡｜🎀訂閱‿成為蝶寶 ⁺˳✿ ₊ !魔法工坊,2026-09-22T22:31:10Z,https://www.twitch.tv/isyourlulu,https://static-cdn.jtvnw.net/previews-ttv/live_user_isyourlulu-{width}x{height}.jpg
f42c6f5877f14a38aef3f3b515769149,live,【作業配信】不留檔/不間斷坐牢到工作結束那天(初見、日本語コメント大歓迎  Feel free to leave comments in your language) #台V #lofi #relax,2026-09-23T02:04:34Z,https://www.youtube.com/watch?v=aH5OUCJhUb0,https://i.ytimg.com/vi/aH5OUCJhUb0/mqdefault_live.jpg
160f90709224412f9cfc2aaa88e89a57,live,【終末地】今天我生日 #白秋澤,2026-09-23T03:57:15Z,https://www.youtube.com/watch?v=Wif95ndoB1U,https://i.ytimg.com/vi/Wif95ndoB1U/mqdefault_live.jpg
886f64b4a0504b9fbe5e4687b92f6584,live,[馬拉松直播]10小時 金色ラブリッチェ part4感謝粉絲湯圓斗內 #sp #萌萌小麥,2026-09-23T04:00:17Z,https://www.youtube.com/watch?v=HxRzFI7B5lk,https://i.ytimg.com/vi/HxRzFI7B5lk/mqdefault_live.jpg
28a930938667442288010b333937e2ab,live,今天的我背後依舊擁擠。訂閱告急🌸300自主訂閱積分衝刺💙| @joerze |!yt !商品 !工商 !dc 看台裝7tv,2026-09-23T04:31:07Z,https://www.twitch.tv/joerze,https://static-cdn.jtvnw.net/previews-ttv/live_user_joerze-{width}x{height}.jpg
05055e62d34241888df31217ac25e671,live,apex road to diamond!! ダイヤモンド！ [EN/CN/JP],2026-09-23T04:32:59Z,https://www.twitch.tv/vtuberkono,https://static-cdn.jtvnw.net/previews-ttv/live_user_vtuberkono-{width}x{height}.jpg
b0b9e352f71d4a03ace9972ddec4ec56,upcoming,【耐久讀書台】現役大學生陪你一起與書本奮戰！一個下午究竟能完成多少進度呢？,2026-09-23T05:00:00Z,https://www.youtube.com/watch?v=1ch8rbSL1H8,https://i.ytimg.com/vi/1ch8rbSL1H8/mqdefault_live.jpg
63d931b5a0374b3fbeef2c565a8db8df,live,【2026/09/23】YA ｜ ฅʕ·ᴥ·ʔฅ  !指令 !周邊 !釣 !簽,2026-09-23T05:33:36Z,https://www.twitch.tv/xlastbear,https://static-cdn.jtvnw.net/previews-ttv/live_user_xlastbear-{width}x{height}.jpg
8fae79a84cd049fd8a2ea50528a75e2b,live,0923 l 寶寶車 .·˖*𖠌*˖·. ∣ @nyarukoizumi,2026-09-23T05:43:31Z,https://www.twitch.tv/nyarukoizumi,https://static-cdn.jtvnw.net/previews-ttv/live_user_nyarukoizumi-{width}x{height}.jpg
683c47ffba3246cb8574a6f2667208d1,live,【♠09.23】他很壞💥嘟🕺🏻嘟🕺🏻嘟🕺🏻🕺🏻🕺🏻喔嘟嘟嘟🫪他🕺🏻他🕺🏻他🕺🏻很壞💥嘟🫪嘟🫪嘟🗣️他他他很壞🕺🏻每一添💥他的步伐跟著節奏🎵｜晚上8點一起測試OHO⎝( ◠‿◠)⎠,2026-09-23T06:00:10Z,https://www.twitch.tv/aelis_chamamatti,https://static-cdn.jtvnw.net/previews-ttv/live_user_aelis_chamamatti-{width}x{height}.jpg
5c3ea93753724a63b32071a7a580af7b,live,9/23 真三國無雙 起源 #3,2026-09-23T06:06:00Z,https://www.twitch.tv/siro9527,https://static-cdn.jtvnw.net/previews-ttv/live_user_siro9527-{width}x{height}.jpg
d8b5835bc6aa46119cc7ddd4447e780f,live,0923【咘小星】NO MIC 摸魚星人日常⭐!周邊 !委託 !商店⎝༼  ◕ 3 ◕⋆ ༽⎠,2026-09-23T06:06:25Z,https://www.twitch.tv/ssstar_180,https://static-cdn.jtvnw.net/previews-ttv/live_user_ssstar_180-{width}x{height}.jpg
389c752acb964aeda95f36098fd37ef0,live,【09/23】【 !簽到 !DC 】【感謝掛台!】好久沒開台了! WARDOGS! 晚點三角洲!,2026-09-23T06:07:17Z,https://www.twitch.tv/sumiyukittv,https://static-cdn.jtvnw.net/previews-ttv/live_user_sumiyukittv-{width}x{height}.jpg
803435ca691f43a4b02360926fee23d1,upcoming,【柚香】努力找神廟的躺地青年 EP.17 | #曠野之息 | 09/23,2026-09-23T06:15:00Z,https://www.youtube.com/watch?v=XwG_cr38Op4,https://i.ytimg.com/vi/XwG_cr38Op4/mqdefault_live.jpg
8b69d6c508194b93b14fc056038160ab,live,【日常畫】希望今天可以把線畫完，明天準時開始畫形象( #Hivebee移民了,2026-09-23T06:31:02Z,https://www.youtube.com/watch?v=sztvqzJKoQs,https://i.ytimg.com/vi/sztvqzJKoQs/mqdefault_live.jpg
021eaf7cecfa4416b759fcc310f7b15a,live,【FFXIV】7.0衝刺，為了想跟公會成員一起進去新月島拚ㄌ Day2 |聊天隨意|,2026-09-23T06:41:51Z,https://www.twitch.tv/mubai_zen,https://static-cdn.jtvnw.net/previews-ttv/live_user_mubai_zen-{width}x{height}.jpg
9e5e58a212584007b1ab1f22f5c59438,live,『FFXIV』✧*｡🌊0923 被六根山敲敲✨嚴肅學習...？【水凪ゆい】,2026-09-23T06:54:16Z,https://www.youtube.com/watch?v=n7yW05DilcQ,https://i.ytimg.com/vi/n7yW05DilcQ/mqdefault_live.jpg
f2ad5f187c9141ab8830b8eaf81c3aee,live,【找數回】1 LIKE 👍 = 1SONG  70/178 👑 Singing Stream👑 #shorts #歌枠 #vtuber #KARAOKE,2026-09-23T07:10:25Z,https://www.youtube.com/watch?v=uN9mp2G_yTY,https://i.ytimg.com/vi/uN9mp2G_yTY/mqdefault_live.jpg
c06b6f1eb79d41ecb17aaaf80e035daa,live,【獺獺車禍Day.12】獺獺4點半出門o！+ (˶´⚰︎`˵)〃｜必須獺｜+ 20260923 + #忠誠點數抽獎小水獺 #航天快樂員二獺 #兌換浪浪飼料券 #獺好惹 #獺可愛,2026-09-23T07:13:30Z,https://www.twitch.tv/roci_1117,https://static-cdn.jtvnw.net/previews-ttv/live_user_roci_1117-{width}x{height}.jpg
6c52137d373a45d58eafc0d52253dcf8,live,人生無常 大腸包小腸 :3  晚上8點再圓繩杞凍帶沃老婆回家~~｜感謝追隨＆掛台呀,2026-09-23T07:40:19Z,https://www.twitch.tv/erichannel,https://static-cdn.jtvnw.net/previews-ttv/live_user_erichannel-{width}x{height}.jpg
9d9c6477329245cbb2557895f4f15686,live,/ᐠ. ̫ .ᐟ\ 9/23 ₊˚⊹ 瓦的新UI好醜 ⌯'ㅅ'⌯♥ !周邊 !手機殼  ˚₊ ⊹,2026-09-23T07:44:45Z,https://www.twitch.tv/iitifox,https://static-cdn.jtvnw.net/previews-ttv/live_user_iitifox-{width}x{height}.jpg
bf277797951346fe991c27c79a6c5081,live,09/23【白兔】來抽超口愛水妖~晚點玩沉默之丘?｜ @rabbit1102 ｜,2026-09-23T07:46:16Z,https://www.twitch.tv/rabbit1102,https://static-cdn.jtvnw.net/previews-ttv/live_user_rabbit1102-{width}x{height}.jpg
19234cc590224c45912a14487f756dc5,live,9/23【今天沒運動】難得的準時！│ ˶˙ᵕ˙˶ )꜆  !懶蛋a卡 !DC !口號 !RAZER,2026-09-23T07:46:20Z,https://www.twitch.tv/venomdianh,https://static-cdn.jtvnw.net/previews-ttv/live_user_venomdianh-{width}x{height}.jpg
51f3508054da4987b4e8f659e4d28d1d,live,*.┊奶加班┊今天小姐  (´σ-`) ⁞ 新款聯名Ｔ販售中♥︎ ⁞ !衣服 !可可歐蕾星球,2026-09-23T07:47:07Z,https://www.twitch.tv/nanakyuu301,https://static-cdn.jtvnw.net/previews-ttv/live_user_nanakyuu301-{width}x{height}.jpg
9948190bc88442f4a0757eed54fb24f0,live,じゃんたま🀄今日も夜LIVE！日本語チャレンジ再開！✨AI宮廟少女小緣｜LIVE,2026-09-23T07:55:06Z,https://www.youtube.com/watch?v=PH6y6IM8wmo,https://i.ytimg.com/vi/PH6y6IM8wmo/mqdefault_live.jpg
53d808d5b57f452a96d67861f3da1f8c,live,前進吧！月橋渡君！繼續你的鬼殺之路！ | 動作冒險 《鬼武者 Way of the Sword》 新品嘗鮮【雅列姬塔 / L.M. Live】,2026-09-23T08:05:06Z,https://www.youtube.com/watch?v=R1nrGOHAi_s,https://i.ytimg.com/vi/R1nrGOHAi_s/mqdefault_live.jpg
66c8fc624de94d8e8af4325e41ce7c34,live,拼紫勾☕是瓦。是新槍皮！🌞原神小保沒歪好耶 │ !拼勾💰紫勾審查被拒啦!!!💙拼勾現金抽獎還在繼續喔 │ !YT🔴衝年内1000訂閲 ><,2026-09-23T08:29:51Z,https://www.twitch.tv/k0_kaylyn,https://static-cdn.jtvnw.net/previews-ttv/live_user_k0_kaylyn-{width}x{height}.jpg
f6fe970a79964cca9dcec4741f0f679b,live,【5】瓦瓦 A5 @nein1203,2026-09-23T08:56:41Z,https://www.twitch.tv/nein1203,https://static-cdn.jtvnw.net/previews-ttv/live_user_nein1203-{width}x{height}.jpg
3d46fb16bc2c48fb8f12a647cf5ec702,upcoming,【畫伯狗勾】繼續畫會員頭貼｜YT專屬會員的掉落福利，不要錯過囉!!!【犬神幽乃詩／芥川組】#繪畫 #雑談 #talking #freetalk #drawing,2026-09-23T09:00:00Z,https://www.youtube.com/watch?v=7wPIazjQWWk,https://i.ytimg.com/vi/7wPIazjQWWk/mqdefault_live.jpg
7168995b95ab439aa7cf1f3099d7bd88,live,50%OFF衣服開賣 ✨追隨IG 訂閱YT✨｜掛台換周邊 揪團有畫圖活動｜✨ !活動 !魔儲 !SR點歌  ε٩(๑> ₃ <)۶  @ciaomei28,2026-09-23T09:01:42Z,https://www.twitch.tv/ciaomei28,https://static-cdn.jtvnw.net/previews-ttv/live_user_ciaomei28-{width}x{height}.jpg
ab19e58312b74ebd9b68e27aeb0adde5,live,【薑餅人王國】香料跟香料的老婆我來啦!!! 這次劇情好期待!!!小轉一下靜謐【宮森えりな】,2026-09-23T09:02:19Z,https://www.youtube.com/watch?v=GU7-_fzcj3w,https://i.ytimg.com/vi/GU7-_fzcj3w/mqdefault_live.jpg
aa1ff405338c41b98ff7197eb4d90349,live,【#dressmaker 】期待超久的新遊戲! 終於可以圓服裝設計的夢拉!  ૮ ・ﻌ・ა【雪迎】,2026-09-23T09:03:12Z,https://www.youtube.com/watch?v=8cxe9JFZx3Q,https://i.ytimg.com/vi/8cxe9JFZx3Q/mqdefault_live.jpg
985e64cecc24401290c08cb7e2f4ef50,live,⊹˚. ✦ 9/23✦ ˚.⊹ ｜𓈒𓏸「你好你好」𓏸𓈒 ｜✦ MC伺服器・ @lan_lo ・ !伺服器 ✦,2026-09-23T09:06:42Z,https://www.twitch.tv/lan_lo,https://static-cdn.jtvnw.net/previews-ttv/live_user_lan_lo-{width}x{height}.jpg
9e64bba43928414884503de36f805c48,live,9/23 安安 | 層三有福利啦 記得加入DC連結圖奇 !煮,2026-09-23T09:07:24Z,https://www.twitch.tv/wen620,https://static-cdn.jtvnw.net/previews-ttv/live_user_wen620-{width}x{height}.jpg
5b62816b7dee4c13856f3c21629be3c4,live,【Mica】｜2026/9/23｜晚上八點測試奶哥服再接狼人殺,2026-09-23T09:12:10Z,https://www.twitch.tv/mica1130,https://static-cdn.jtvnw.net/previews-ttv/live_user_mica1130-{width}x{height}.jpg
b3f711673fea4ec5b6f87c023353594d,live,2026名古屋亞運棒球賽｜9月23日（三） 17:30 中華 vs 香港｜無畫面同步視聽｜艾茵莉思Aynlice｜#2026名古屋亞運 #棒球賽 #同步視聽 #vtuber #twvtuber #台V,2026-09-23T09:30:02Z,https://www.youtube.com/watch?v=OeHYT1hWm8Y,https://i.ytimg.com/vi/OeHYT1hWm8Y/mqdefault_live.jpg
52d7a40d46034062ad2fc29b4a2a9198,live,【亞曼皮卡曼】9/23 新衣裝募資快結束了喔  抽原神| @pikayama | !新衣裝,2026-09-23T09:33:08Z,https://www.twitch.tv/pikayama,https://static-cdn.jtvnw.net/previews-ttv/live_user_pikayama-{width}x{height}.jpg
afa3e309e41044c5bffe17466607d481,live,雪雪๐•ᴗ•๐ 9/23 ♡  @yukkkkiouo 今天來米哈遊新作《星布谷地》宇宙冒險囉♡ 封測預約中 跟豆芽一起玩♡ !自主訂閱支援 !YT !台聚,2026-09-23T09:33:19Z,https://www.twitch.tv/yukkkkiouo,https://static-cdn.jtvnw.net/previews-ttv/live_user_yukkkkiouo-{width}x{height}.jpg
7ddebf4d8f6d4c63a4fc7268d8113c10,live,【日下氷】晚上多人連動，先狗一下｜9/18 新訂閱30%折扣！ !DC !7TV !周邊 @kusaka_ice,2026-09-23T09:40:59Z,https://www.twitch.tv/kusaka_ice,https://static-cdn.jtvnw.net/previews-ttv/live_user_kusaka_ice-{width}x{height}.jpg
8faff7aecb9d4e12917ea0144696e2de,live,【崩壞：星穹鐵道】💥前進3.7劇情！來到翁法羅斯的最後一戰！來古士你完蛋了💥#星穹鐵道 #HonkaiStarRail #崩壊スターレイル【黑薔薇優璃愛】,2026-09-23T09:51:52Z,https://www.twitch.tv/kurobarayuria,https://static-cdn.jtvnw.net/previews-ttv/live_user_kurobarayuria-{width}x{height}.jpg
8faff7aecb9d4e12917ea0144696e2de,live,【崩壞：星穹鐵道】💥前進3.7劇情！來到翁法羅斯的最後一戰！來古士你完蛋了💥#星穹鐵道 #HonkaiStarRail #崩壊スターレイル【黑薔薇優璃愛】,2026-09-23T09:52:05Z,https://www.youtube.com/watch?v=OyfRmr2BbgM,https://i.ytimg.com/vi/OyfRmr2BbgM/mqdefault_live.jpg
e58a5a6f40e040d79bbcd139824d6fc7,live,9/23 ₍ᐢ.‸.ᐢ₎⑅  閒聊一下再狗~! 努力拚自主訂閱! @yumie0306 | !工商 !募資 !極玩 !MYCARD !簽到 !RX |,2026-09-23T09:55:51Z,https://www.twitch.tv/yumie0306,https://static-cdn.jtvnw.net/previews-ttv/live_user_yumie0306-{width}x{height}.jpg
84944da407dc4de9896c7b763132908c,live,【爹雜 】男生覺得女生拜金的行為 Part2｜降落+10分鐘 #爹の加班 Day285 #初見さん大歓迎【Ande 安爹】,2026-09-23T09:59:29Z,https://www.youtube.com/watch?v=lo5QVeR6EVY,https://i.ytimg.com/vi/lo5QVeR6EVY/mqdefault_live.jpg
445a732fc0f64712b3213b4cd98fbdd3,live,【F1®25】亞塞拜然大獎賽-巴庫市街賽道，參加了F1的培訓課程，競速藍鵲正式上線【青羽まことAohane Makoto Ch.】,2026-09-23T10:00:08Z,https://www.youtube.com/watch?v=8-sCkpclmDM,https://i.ytimg.com/vi/8-sCkpclmDM/mqdefault_live.jpg
a26891359b444900956f04bc1b8f5faa,live,加班台 day3 好久沒有崩壞星瓊鐵道了   加班中/初見歡迎/掛台歡迎/降落歡迎,2026-09-23T10:00:29Z,https://www.twitch.tv/tokinoruki,https://static-cdn.jtvnw.net/previews-ttv/live_user_tokinoruki-{width}x{height}.jpg
4544974bc5624035ae7bb0c9ed33e44e,live,【瓦西瓦瓦 / Vaswawa】今天ㄉ風兒甚是喧囂(吵死了) !手機殼 可用7TV,2026-09-23T10:00:32Z,https://www.twitch.tv/vaswawa0000,https://static-cdn.jtvnw.net/previews-ttv/live_user_vaswawa0000-{width}x{height}.jpg
8f4142c5ead94656b4744b425d800fb8,live,【原神（劇透注意）】至冬魔神任務第三幕,2026-09-23T10:00:35Z,https://www.youtube.com/watch?v=wrSJ-TckUKU,https://i.ytimg.com/vi/wrSJ-TckUKU/mqdefault_live.jpg
a26891359b444900956f04bc1b8f5faa,live,【加班台】day 3 鐵道時間!  #加班台 #初見歡迎 #掛台歡迎  #vtuber  #流放畫面,2026-09-23T10:00:48Z,https://www.youtube.com/watch?v=bRkpC_MXAPc,https://i.ytimg.com/vi/bRkpC_MXAPc/mqdefault_live.jpg
cad7f93653b54779932a6809a5f3a769,live,任務任務~真的要解好久~ 9/23 蕾古露絲,2026-09-23T10:01:20Z,https://www.twitch.tv/regulusoaop,https://static-cdn.jtvnw.net/previews-ttv/live_user_regulusoaop-{width}x{height}.jpg
645fc774332a469ebd03f1a822ebe2be,live,【收工正能量#133】\ 一起看 / 今年香港中秋好去處—！【紡霊拉比】,2026-09-23T10:01:22Z,https://www.youtube.com/watch?v=tU22Vyvc_ZI,https://i.ytimg.com/vi/tU22Vyvc_ZI/mqdefault_live.jpg
fe698ded3a6148808ca857c73ac7ee15,live,【歌枠 / KARAOKE】今晚適合聽一些讓人心碎的歌🌙｜慢歌・emo歌・傷心歌｜J-POP・廣東歌｜陪你工作 #471｜點歌OK｜廣東話・中文・日本語OK【魔女ルンナ/魔女Runna】,2026-09-23T10:06:10Z,https://www.youtube.com/watch?v=-8dD1um3B5g,https://i.ytimg.com/vi/-8dD1um3B5g/mqdefault_live.jpg
f2f74f42d7e44c2b8c71807abd0967f3,live,0923  /•᷅•᷄\੭ 奴婢死掉後會變什麽 (小開 | !簽到 | 自主訂閲,2026-09-23T10:07:46Z,https://www.twitch.tv/mikimaruuu,https://static-cdn.jtvnw.net/previews-ttv/live_user_mikimaruuu-{width}x{height}.jpg
becdcbab308f4fa18540982596eebbd5,live,狼愛上羊算甚麼戀.....? 食物鏈✨🌸  !愛ni !周邊 【占卜開放中】,2026-09-23T10:09:54Z,https://www.twitch.tv/onisosweet0112,https://static-cdn.jtvnw.net/previews-ttv/live_user_onisosweet0112-{width}x{height}.jpg
ebc44e2ba78f4790b832d02c31410262,live,【ARG】這個國語教學網站的題目好像越做越不對勁......？｜國語文測驗系統🎀魔法少女花咲🎀,2026-09-23T10:10:59Z,https://www.twitch.tv/hanasakich,https://static-cdn.jtvnw.net/previews-ttv/live_user_hanasakich-{width}x{height}.jpg
ebc44e2ba78f4790b832d02c31410262,live,【ARG】這個國語教學網站的題目好像越做越不對勁......？｜國語文測驗系統🎀魔法少女花咲🎀,2026-09-23T10:11:01Z,https://www.youtube.com/watch?v=bXuLuKlzJ5k,https://i.ytimg.com/vi/bXuLuKlzJ5k/mqdefault_live.jpg
aef2ed42d49343f28394b6335695b5ac,live,9/23《上古卷軸》 @yuncream 指令:!SR、!songlist、!DC、!斗內,2026-09-23T10:17:14Z,https://www.twitch.tv/yuncream,https://static-cdn.jtvnw.net/previews-ttv/live_user_yuncream-{width}x{height}.jpg
1f455594561b421da20dde10d1540981,live,【楓棠兒】9/23 ㄟㄟ來看我瓦的夜市 | !中獎表單 !斗影片 !生日周邊 !簽到 !vip | 自主訂閱努力中.ᐟ.ᐟ |,2026-09-23T10:23:14Z,https://www.twitch.tv/maplesyrup_0726,https://static-cdn.jtvnw.net/previews-ttv/live_user_maplesyrup_0726-{width}x{height}.jpg
28e5717b1964475ca59ce02d81cb2796,live,【0923】唱一下...  ദി^.ˬ.^｜雙平台幫我掛一下｜指令：!簽到!愛貓貓!sr!歌單｜🧡,2026-09-23T10:24:20Z,https://www.twitch.tv/caroline0723333,https://static-cdn.jtvnw.net/previews-ttv/live_user_caroline0723333-{width}x{height}.jpg
7e8fe40622974698a75d14d78006e009,live,09/23| 突然變成獨自種田好孤單哦~最近白天沒辦法開暫時改晚上 ❤ 歡迎自主訂閲 𖤐 加强版等級2 ❣ !綠界 @ninawinnnina,2026-09-23T10:30:17Z,https://www.twitch.tv/ninawinnnina,https://static-cdn.jtvnw.net/previews-ttv/live_user_ninawinnnina-{width}x{height}.jpg
25027be34ca844c885f40d5c26507898,live,【遊戲】大戰寶石項鍊 #配杏中  #高中生Vtuber  #vtuber #台灣Vtuber  #台V #雜談 #雜談配信,2026-09-23T10:30:23Z,https://www.youtube.com/watch?v=6jdkUy06GFk,https://i.ytimg.com/vi/6jdkUy06GFk/mqdefault_live.jpg
7e8fe40622974698a75d14d78006e009,live,【靜謐田園 | Village in the Shade】全村陷入異樣！我能撐到冬天嗎！？,2026-09-23T10:30:34Z,https://www.youtube.com/watch?v=eEQ3Mi__S9w,https://i.ytimg.com/vi/eEQ3Mi__S9w/mqdefault_live.jpg
d3eee3b8d1954b1c8fea325d7b7b1b7f,live,中秋節前的兔子在幹嘛？【芮果 Reigo】,2026-09-23T10:30:50Z,https://www.youtube.com/watch?v=dCz5U_WfYHk,https://i.ytimg.com/vi/dCz5U_WfYHk/mqdefault_live.jpg
9ca05592c52f42649191751f18cb70e6,live,9/23 | FF14繁中 Day 113 | 大哥,2026-09-23T10:33:03Z,https://www.twitch.tv/sinonyuki,https://static-cdn.jtvnw.net/previews-ttv/live_user_sinonyuki-{width}x{height}.jpg
de81b740d66c439685aa37491d27efc4,live,爬個分 等等繼續 Survival Log,2026-09-23T10:35:01Z,https://www.twitch.tv/lmpaper,https://static-cdn.jtvnw.net/previews-ttv/live_user_lmpaper-{width}x{height}.jpg
08a612f1ecf84b619a8899a5caed28c1,live,9/23 Palm City 李多恩(ゝ∀･)⌒☆ 明天不在🐈他很壞 嘟嘟嘟!｜常態直播⚡自主訂閱大感謝💖｜!dc @nerukozwz,2026-09-23T10:41:32Z,https://www.twitch.tv/nerukozwz,https://static-cdn.jtvnw.net/previews-ttv/live_user_nerukozwz-{width}x{height}.jpg
a127ff7335ae467d961641bcf84f1e2f,live,【9/23】先閒聊聽歌 | 8:30釣魚小分隊再次集結!!  | @tenshiyx @a_bububu  燒肉 @puff_0227 !dc !魔儲,2026-09-23T10:50:03Z,https://www.twitch.tv/samomeow,https://static-cdn.jtvnw.net/previews-ttv/live_user_samomeow-{width}x{height}.jpg
9b9409f309a54c54bf6225f43eae1167,live,9/23 層級三訂閱領取神秘周邊喲~!DC活動通知( ⑉¯ ꇴ ¯⑉ ),2026-09-23T10:50:07Z,https://www.twitch.tv/miumiuyyy0729,https://static-cdn.jtvnw.net/previews-ttv/live_user_miumiuyyy0729-{width}x{height}.jpg
75f110ca5e9a4b7db3c57912baf5ca27,live,2.0套組補貨了 !周邊｜ 0923⚡️ @mayj0501 ｜ !雷蛇 !簽到 自主訂閱++,2026-09-23T10:51:37Z,https://www.twitch.tv/mayj0501,https://static-cdn.jtvnw.net/previews-ttv/live_user_mayj0501-{width}x{height}.jpg
8b810380ed254a5e8a85b65552ba4e61,live,搞一下VOD 0-0,2026-09-23T10:52:02Z,https://www.twitch.tv/nayomi0204,https://static-cdn.jtvnw.net/previews-ttv/live_user_nayomi0204-{width}x{height}.jpg
afb9c6f2f93040d0a0227405b9d17bde,live,【彼岸幸】- 9/23 - 鬼轉鬼轉｜佛系紫勾勾努力中｜Ft.,2026-09-23T10:53:05Z,https://www.twitch.tv/higanko777,https://static-cdn.jtvnw.net/previews-ttv/live_user_higanko777-{width}x{height}.jpg
a84b1b6deabc462b9cf994fd02304b5b,live,【新版本!!!】,2026-09-23T10:56:24Z,https://www.twitch.tv/uriah0616,https://static-cdn.jtvnw.net/previews-ttv/live_user_uriah0616-{width}x{height}.jpg
95694a64c0fe4b5c987344f1edcec826,live,« ◌̌眠比 » 死亡擱淺Day.?☁️先想想我之前玩到哪了｜歡迎降落｜初見歡迎,2026-09-23T10:57:01Z,https://www.youtube.com/watch?v=ACYuB5mzw3U,https://i.ytimg.com/vi/ACYuB5mzw3U/mqdefault_live.jpg
db1c4d81f03f4b04aca36b8b5b2b9c62,live,【耐久陪伴】一邊工作一邊聊天！！晚點會不會轉瓦也說不定🥵讓我們互相陪伴 #DONTUWATCH｜DONT U冬優奈奈,2026-09-23T10:59:36Z,https://www.youtube.com/watch?v=v8TdKXG56ns,https://i.ytimg.com/vi/v8TdKXG56ns/mqdefault_live.jpg
a823412858b749f7bd2bff3739ec55b7,live,【Delta Force】晚間玩個洲，跑個刀聊個天看情況跑3X3【白月レン】,2026-09-23T11:00:16Z,https://www.youtube.com/watch?v=LEQ-L1hzPWQ,https://i.ytimg.com/vi/LEQ-L1hzPWQ/mqdefault_live.jpg
0715c3b900ad423fa1b981cf4fc15c8f,live,《遊戲》這個瓜你各位要不要來點??初見桑歡迎~~,2026-09-23T11:00:26Z,https://www.youtube.com/watch?v=twvqdkUkuIQ,https://i.ytimg.com/vi/twvqdkUkuIQ/mqdefault_live.jpg
de7f8ba1753d4e4cb95e6ac99007eacc,live,〖CHAT〗傳說中的參仟訂閱AKA中秋節ㄊㄘ回｜ #SkyLyve,2026-09-23T11:00:27Z,https://www.youtube.com/watch?v=03xirB7a0Ik,https://i.ytimg.com/vi/03xirB7a0Ik/mqdefault_live.jpg
34edb431f7da4a43b2a6a9d79d2858d1,live,【雜談】來猜猜我有沒有考過駕照 ?? 打招呼仙人又來啦₍ᐢ.ˬ.⑅ᐢ₎♡ ｜初見歡迎♡降落歡迎♡ 【解語JIEYU】,2026-09-23T11:00:33Z,https://www.youtube.com/watch?v=YOfwYjc-Ykk,https://i.ytimg.com/vi/YOfwYjc-Ykk/mqdefault_live.jpg
ed426712876641848613137bef236d26,live,【冬雲凜】❆ 純享歌回 ❆ 歡迎掛聽 點歌 | @samui_0521 | 9/23,2026-09-23T11:00:36Z,https://www.twitch.tv/samui_0521,https://static-cdn.jtvnw.net/previews-ttv/live_user_samui_0521-{width}x{height}.jpg
ed426712876641848613137bef236d26,live,【純享歌回】認認真真唱滿一個小時  | 冬雲凜Samui,2026-09-23T11:00:43Z,https://www.youtube.com/watch?v=eak4gaYWXOE,https://i.ytimg.com/vi/eak4gaYWXOE/mqdefault_live.jpg
8847133db580452eb63c5d3a2de47e4a,live,【終末地】🎞️繼續解主線！🎞️【潤羽よいと】#歡迎降落  #歡迎訂閱,2026-09-23T11:01:04Z,https://www.youtube.com/watch?v=f_laVp9sSLw,https://i.ytimg.com/vi/f_laVp9sSLw/mqdefault_live.jpg
038ee6280ef742bcad8450ad52049944,live,【崩壞：星穹鐵道】等等要改版了我的活動還沒清完RRR！方寸大冒險、狂飆大獎賽做完再來衝財富造物主！｜有回饋的每月生活費募資中【哈魯雅Haruya】,2026-09-23T11:01:12Z,https://www.youtube.com/watch?v=Pdc6S3JM7yQ,https://i.ytimg.com/vi/Pdc6S3JM7yQ/mqdefault_live.jpg
72a83f60773546dba886008320809d70,live,0923【搬家第一開月經雞】搬家第一開！好多事情想聊想說也想唱歌！指令： !抖內影片 !抖內條 !上班收聽,2026-09-23T11:02:08Z,https://www.twitch.tv/yedda970,https://static-cdn.jtvnw.net/previews-ttv/live_user_yedda970-{width}x{height}.jpg
ca8d038d311e4cccb2deded15cee89cd,live,「絕地戰兵2」打打戰兵(20260923 #參加型實況 #絕地戰兵2,2026-09-23T11:02:28Z,https://www.youtube.com/watch?v=x-qDF3b4yxc,https://i.ytimg.com/vi/x-qDF3b4yxc/mqdefault_live.jpg
1937fa889b474d339713d1117f435018,live,《臥龍2：鳳火連天 體驗版》今天破的了嗎? Wo Long 2: Wings of Ember,2026-09-23T11:02:46Z,https://www.youtube.com/watch?v=sF49BMnGg7I,https://i.ytimg.com/vi/sF49BMnGg7I/mqdefault_live.jpg
a8d11ac027d842c598de50529e797547,live,0923 一周年快樂！一起來尋找遺失的寶物吧！,2026-09-23T11:03:17Z,https://www.twitch.tv/xiangtsai51121,https://static-cdn.jtvnw.net/previews-ttv/live_user_xiangtsai51121-{width}x{height}.jpg
b126053a1356460ebf85a874a6a55aca,live,賴清德到底挺誰？怎麼一直誇張善政｜泰女冰櫃案凶手挺大罷免！曾嗆：讓台灣步入正軌🍓20260923 #高雄林小姐 #Vtuber​​​​ #台灣Vtuber​​​ #台V,2026-09-23T11:03:51Z,https://www.youtube.com/watch?v=RDYmxQeRiP8,https://i.ytimg.com/vi/RDYmxQeRiP8/mqdefault_live.jpg
ad57b32de5f34598a57ac5af8b8004e2,live,9/23【FFXIV】叮...叮...叮 #台灣vtuber #新人vtuber,2026-09-23T11:04:34Z,https://www.twitch.tv/jiyueteng,https://static-cdn.jtvnw.net/previews-ttv/live_user_jiyueteng-{width}x{height}.jpg
e1bc34a2b6ac4d86ad6758cef724e7dc,live,【086】歐付寶終於過了,2026-09-23T11:07:09Z,https://www.twitch.tv/sharina_0401,https://static-cdn.jtvnw.net/previews-ttv/live_user_sharina_0401-{width}x{height}.jpg
6eefc3826f4f49a0b28a5288c5e0d83e,live,阿你不是說好要拚 | !簽到,2026-09-23T11:08:53Z,https://www.twitch.tv/seenah0707,https://static-cdn.jtvnw.net/previews-ttv/live_user_seenah0707-{width}x{height}.jpg
83ec4919298a4ad5984e3da31109a4c8,live,🐈貓糰🔸𝟢𝟫𝟤𝟥 ⸝ 8點奶哥OHO活動測試！∣!KAKA !訂閱 !IG !ExitLag @umidan1207,2026-09-23T11:09:07Z,https://www.twitch.tv/umidan1207,https://static-cdn.jtvnw.net/previews-ttv/live_user_umidan1207-{width}x{height}.jpg
58bb51ba1bba485a98cbf859fb5687f4,live,【每日小開】沒充電阿 #初見歡迎,2026-09-23T11:09:26Z,https://www.youtube.com/watch?v=USUTXL7ZmLQ,https://i.ytimg.com/vi/USUTXL7ZmLQ/mqdefault_live.jpg
177fe395a2704d10add06cb1466fa254,live,【遊戲実間】人類與仿生人！快樂的夜晚，大家很期待的劇情遊戲之夜 【底特律：變人 ⁠#1】,2026-09-23T11:14:30Z,https://www.youtube.com/watch?v=Bmg3dGGQx1Q,https://i.ytimg.com/vi/Bmg3dGGQx1Q/mqdefault_live.jpg
8723ccecdfd84d92b1de24f9d6a86bcc,live,9/23 我跟你說喔!!   |忠誠點數可兌換周邊  @bofu0520,2026-09-23T11:15:36Z,https://www.twitch.tv/bofu0520,https://static-cdn.jtvnw.net/previews-ttv/live_user_bofu0520-{width}x{height}.jpg
b6a105f12b904256ba356935ae46657f,live,⋆. 𐙚˚࿔ 茉茉𝓜𝓞𝓜𝓞 𝜗𝜚˚⋆ ૮꒰ ˶• ༝ •˶꒱ა ♡ 9/19 最後兩天的新衣裝募資/訂閱折扣中幫我衝積分嘛⋆ʚ⭑ɞ⋆ !募資 !簽到 !想 @shiroganemomo,2026-09-23T11:22:44Z,https://www.twitch.tv/shiroganemomo,https://static-cdn.jtvnw.net/previews-ttv/live_user_shiroganemomo-{width}x{height}.jpg
d889f67fe7b84a38a9742ab2a47f346a,live,《Don't Drop The Cake》｜不過是捧好蛋糕送蛋糕的遊戲，一定不會太恐怖的對吧！｜⛩ 緣醬Enchan ⛩,2026-09-23T11:23:14Z,https://www.youtube.com/watch?v=D3GyTkHqI8Q,https://i.ytimg.com/vi/D3GyTkHqI8Q/mqdefault_live.jpg
3a13b2827ef048859006a3acb74c175a,live,9/23 出征WF前一天  ft.【!指令 !觀眾場 !簽 !偷金幣 !抖內】,2026-09-23T11:24:57Z,https://www.twitch.tv/yanran_feretto,https://static-cdn.jtvnw.net/previews-ttv/live_user_yanran_feretto-{width}x{height}.jpg
0563e1d0ff394d1ab0d6a09d89870fba,live,【獸耳紅茶館】片尾還沒弄回來...【稀蘿·多兒卡】#稀貓派對 #新人vtuber #vtuber #台v,2026-09-23T11:25:07Z,https://www.youtube.com/watch?v=Ur_FFA_tvr4,https://i.ytimg.com/vi/Ur_FFA_tvr4/mqdefault_live.jpg
068503b08362450b9339a0b6cc6eb3f0,live,【OHO柯南的流亡】大型生存工藝伺服器！鹽酥期待！｜久世琥珀 Kuze Kohaku｜SDS,2026-09-23T11:25:57Z,https://www.youtube.com/watch?v=XnYm4lUJ7aU,https://i.ytimg.com/vi/XnYm4lUJ7aU/mqdefault_live.jpg
c17ad3ef81904c26982024c9af1f0f3a,live,🍑需要在今天處理的事情有點多 0923🍑限時麥塊伺服器 !micraft🍑九月要成作業陪伴勢🍑米哈魯最近養病中🍑,2026-09-23T11:26:34Z,https://www.twitch.tv/kannazukimiharu,https://static-cdn.jtvnw.net/previews-ttv/live_user_kannazukimiharu-{width}x{height}.jpg
1f378a6e115046ffa1a17f9079285d4a,live,【雜談】我想開台但又不適很想說話,2026-09-23T11:27:50Z,https://www.youtube.com/watch?v=4JVdbkA7Kj8,https://i.ytimg.com/vi/4JVdbkA7Kj8/mqdefault_live.jpg
9d74c909706a450ea35c1777cac79e77,live,【 #聖火降魔錄 萬縷千絲 】凱伊路線支線、好想要妹子隊友!!! ✦ 新的旅程展開！！ ✨ #7『 #FireEmblem: Fortune's Weave 』,2026-09-23T11:28:03Z,https://www.youtube.com/watch?v=3zXm08Xu55o,https://i.ytimg.com/vi/3zXm08Xu55o/mqdefault_live.jpg
8eec9fd38e7440f09bf1bc864e4d6e38,live,〚0923〛聊天！！等等測試OHO！！｜🔔指令: !簽 !賭 !DC｜滔滔饕餮Taotao,2026-09-23T11:28:59Z,https://www.twitch.tv/taotietaotao,https://static-cdn.jtvnw.net/previews-ttv/live_user_taotietaotao-{width}x{height}.jpg
5612ac8b150e45e5a7381a2c07e9671a,live,【#HowtoFish】How to Fish｜釣魚遊戲......嗎？💖 #初見歡迎【莉莉露 Lililu Ch.】,2026-09-23T11:29:54Z,https://www.youtube.com/watch?v=5l18La6YJWQ,https://i.ytimg.com/vi/5l18La6YJWQ/mqdefault_live.jpg
14392ae1c106403ab690e8a6dea7c534,live,【台V】How to Fish-要來繼續炸魚啦!今天能順利到達下個島嗎?(ﾟ∀。)(指沉迷賭魚#【浮士德Faust】,2026-09-23T11:30:17Z,https://www.youtube.com/watch?v=KBLx945UFsU,https://i.ytimg.com/vi/KBLx945UFsU/mqdefault_live.jpg
21c774c9133043baaf8d283705cd9093,live,【✦恐遊x酒雜轉盤✦】停屍間助手 | 我一定是瘋了才會想出這企劃(」°ロ°)」❰冥蝶Myndis.❱ #0元出道vtuber #初見歡迎 #個人勢vtuber #台v #雜談 #降落歡迎,2026-09-23T11:30:37Z,https://www.youtube.com/watch?v=h0aSbvwJoK8,https://i.ytimg.com/vi/h0aSbvwJoK8/mqdefault_live.jpg
eafb808b078844fdab1d8ed561dbd462,live,突發❤️一起吃生魚片聊天❤️養病中,2026-09-23T11:30:49Z,https://www.youtube.com/watch?v=6SMbf5l79FA,https://i.ytimg.com/vi/6SMbf5l79FA/mqdefault_live.jpg
f7b1eada802e4ed89c306c6641d243b3,live,💫 隨心所欲💫聊聊近況，看看要不要玩遊戲或唱歌☪️【阿絲塔Vtuber】　 #vtuber #阿絲塔的小時光 #aastalive #觀星者與你,2026-09-23T11:30:56Z,https://www.youtube.com/watch?v=qjrdUadhhVw,https://i.ytimg.com/vi/qjrdUadhhVw/mqdefault_live.jpg
c0ce3bfbf1434af3a2a7bd7b2c38e7e7,live,【 製作歌單 】冬村FM⛄ 慢慢地做！一首一首做建立看看！做好可以點歌之後，還可以知道大家喜歡的歌是那些～🎵  #歌枠 #初見歡迎 【#歌回 】,2026-09-23T11:32:22Z,https://www.youtube.com/watch?v=ImG4ZU0Sbg0,https://i.ytimg.com/vi/ImG4ZU0Sbg0/mqdefault_live.jpg
310862830fb648b78cca7e581e2622a7,live,♦ 2026.09.23 ♦ 21點第一次MC狼人殺｜ @ayaakahane ｜ !周邊【赤羽亞矢】,2026-09-23T11:33:17Z,https://www.twitch.tv/ayaakahane,https://static-cdn.jtvnw.net/previews-ttv/live_user_ayaakahane-{width}x{height}.jpg
1ae72d56be5547b1825cdc0fdc0cce2e,live,【雜談】從修手機誤入酒吧到帶銀髮旅遊團？！真的很雜~ ｜卡密拉｜MojoyLive 二期生,2026-09-23T11:35:48Z,https://www.youtube.com/watch?v=k7YetVZ5QwY,https://i.ytimg.com/vi/k7YetVZ5QwY/mqdefault_live.jpg
b09373e11cc74ed4b58440b9d7368172,live,MECCHA CHAMELEON x A跟YA誰能躲到最後?【 上班想偷偷做的事】EP151,2026-09-23T11:40:26Z,https://www.youtube.com/watch?v=-33VQ8qpJyk,https://i.ytimg.com/vi/-33VQ8qpJyk/mqdefault_live.jpg
e2ddcd13e70643238d46f50fba8261b2,live,【冷酷槍女solo】昨天ow前500了 APEX今天吃三把雞 |今年一定3333追!,2026-09-23T11:42:07Z,https://www.twitch.tv/onesunttv,https://static-cdn.jtvnw.net/previews-ttv/live_user_onesunttv-{width}x{height}.jpg
d7e9a44c2bbe439b9f062d64dc1b96f3,live,英雄聯盟大混戰，有缺可以加，開心局，不熟勿指揮 #初見大大大的歡迎 #台灣Vtuber,2026-09-23T11:44:14Z,https://www.youtube.com/watch?v=XALdHwIs8JI,https://i.ytimg.com/vi/XALdHwIs8JI/mqdefault_live.jpg
33ce96c886d341879ce66c4f7892c421,live,-w-  @miaflaous 跟朋友玩玩套路~  音樂閒聊台 !簽到 !sr  感謝追隨掛台>_< @neneko0324,2026-09-23T11:47:31Z,https://www.twitch.tv/neneko0324,https://static-cdn.jtvnw.net/previews-ttv/live_user_neneko0324-{width}x{height}.jpg
3b0031a4b57f46719f06cbf7c5cc42b6,live,【50+小時加班台#12 】拉霸機777距離下班7小時上啊!!,2026-09-23T11:48:30Z,https://www.youtube.com/watch?v=57kYLvhD680,https://i.ytimg.com/vi/57kYLvhD680/mqdefault_live.jpg
ead3db33c54e411baa75a4bad3b48aee,live,【伊莫】開個明天去wirforce!｜09/23｜,2026-09-23T11:50:38Z,https://www.twitch.tv/awabiscay,https://static-cdn.jtvnw.net/previews-ttv/live_user_awabiscay-{width}x{height}.jpg
4e78d5ae75144358a0384df9822c60bc,live,0923 | 鬼轉APEX 連動 ft.栗塔、小毛、白玨 | 米夏MISHA  !委託 !dc !歌單,2026-09-23T11:51:35Z,https://www.twitch.tv/misha__56,https://static-cdn.jtvnw.net/previews-ttv/live_user_misha__56-{width}x{height}.jpg
70ab761191014a39b7d090541f785cd2,live,【連動】✦ 2026-09-23✦ 佛係衝訂閱追蹤｜恐鬼症｜再一天就放假了!!! #台灣VTuber #女V,2026-09-23T11:52:02Z,https://www.twitch.tv/seraphina1112,https://static-cdn.jtvnw.net/previews-ttv/live_user_seraphina1112-{width}x{height}.jpg
8ae0f370cf124faa953a09089a427fd9,live,《鋼之鍊金術師：迷走的輪舞曲》#4,2026-09-23T11:53:54Z,https://www.youtube.com/watch?v=HscixXacGYQ,https://i.ytimg.com/vi/HscixXacGYQ/mqdefault_live.jpg
5fbcb045887b4a87878773dbf5f63e26,live,【獸耳紅茶館】 今天可以玩完嗎？會有多少人再見啊...... #初見歓迎 #降落歡迎 『八上菟比Yakami Tubi』 #八上菟比 #TubiShow #獸耳紅茶館 #kemonoteatime,2026-09-23T11:54:06Z,https://www.youtube.com/watch?v=85L6lTq_dWg,https://i.ytimg.com/vi/85L6lTq_dWg/mqdefault_live.jpg
b606cde735d84b45ab96489d7a9997dd,upcoming,【 伊莫 】我要來抓可愛小動物~ 【邦生多葛】#vtuber #新人VTuber #初見歡迎 2026/09/23,2026-09-23T11:55:00Z,https://www.youtube.com/watch?v=QSgk2bUz2eA,https://i.ytimg.com/vi/QSgk2bUz2eA/mqdefault_live.jpg
66d986eaa59347b0b18c5ed103cb173e,live,8:26抽角色會中，祖靈告訴我的 @ruidayo030 　【原神Genshinimpact】,2026-09-23T11:55:17Z,https://www.youtube.com/watch?v=fD6EoAeyHyA,https://i.ytimg.com/vi/fD6EoAeyHyA/mqdefault_live.jpg
6a30fc9ee6f24d839198497406c63cc1,live,《伊莫》 超可愛的療癒系捉寵遊戲！【Ikusen(小千)】#伊莫 #MEPay魔儲,2026-09-23T11:55:31Z,https://www.youtube.com/watch?v=Kgfg3fmm9F4,https://i.ytimg.com/vi/Kgfg3fmm9F4/mqdefault_live.jpg
eb38f509e8464ba19ba8579e0b99e262,live,【鬼武者 Way of the Sword】繼續鬼武者!!#男性vtuber  #台v,2026-09-23T11:55:43Z,https://www.youtube.com/watch?v=JhbnzvLAFhQ,https://i.ytimg.com/vi/JhbnzvLAFhQ/mqdefault_live.jpg
9c1450789da443f491a66e6f121482fc,live,【魔物獵人荒野觀眾場】練功啦 #321 #VTuber #台V #黑結愛 #小愛 #MonsterHunterWilds #MHWS,2026-09-23T11:55:58Z,https://www.twitch.tv/blacklovech,https://static-cdn.jtvnw.net/previews-ttv/live_user_blacklovech-{width}x{height}.jpg
69af139be1d3454c91192d9153e5bb65,live,【若祈】素材蒐集｜魔物獵人 崛起 破曉,2026-09-23T11:56:17Z,https://www.twitch.tv/ruochi2022,https://static-cdn.jtvnw.net/previews-ttv/live_user_ruochi2022-{width}x{height}.jpg
9c1450789da443f491a66e6f121482fc,live,【魔物獵人荒野觀眾場】練功啦 #321 #VTuber #台V #黑結愛 #小愛 #MonsterHunterWilds #MHWS,2026-09-23T11:56:30Z,https://www.youtube.com/watch?v=YDqYJMUEk5s,https://i.ytimg.com/vi/YDqYJMUEk5s/mqdefault_live.jpg
06f1c7339e1c47ecb69ea7385f4635a1,live,為甚麼提早開台! 因為我想瓦♡ / 下周新衣裝 噓 / 掛台請幫我開5%謝謝~! / !周邊 !指令,2026-09-23T11:56:41Z,https://www.twitch.tv/huntmeow73,https://static-cdn.jtvnw.net/previews-ttv/live_user_huntmeow73-{width}x{height}.jpg
06f1c7339e1c47ecb69ea7385f4635a1,live,為甚麼提早開台! 因為我想瓦♡ / 下周新衣裝 噓 / 掛台請幫我開5%謝謝~!,2026-09-23T11:56:44Z,https://www.youtube.com/watch?v=ThBLuUQHTHQ,https://i.ytimg.com/vi/ThBLuUQHTHQ/mqdefault_live.jpg
31f4c00be9eb41a1a6be0356614048fd,live,❖近畿霊務局❖ 美少女ｘ除霊ｘ射撃！？おもろい要素そろいすぎ！！【同接75までコーラ禁996日目】 @yeee_shen,2026-09-23T11:56:50Z,https://www.twitch.tv/yeee_shen,https://static-cdn.jtvnw.net/previews-ttv/live_user_yeee_shen-{width}x{height}.jpg
4d347ba9ca0c41c59cda553ebe4af5b1,live,【雜談】久沒畫畫一起來復健吧!畫點什麼好呢? fafa time!!☆春菫☆,2026-09-23T11:56:54Z,https://www.youtube.com/watch?v=jVsIOKjhfxk,https://i.ytimg.com/vi/jVsIOKjhfxk/mqdefault_live.jpg
9ad37d3249e24861bc8cb84368883258,live,▲歌雜/練習▼ 來自円姊的點歌(日) _夏賀円那 | #台灣Vtuber #vtuber #降落歡迎,2026-09-23T11:56:55Z,https://www.youtube.com/watch?v=B6WsP9BMefg,https://i.ytimg.com/vi/B6WsP9BMefg/mqdefault_live.jpg
238b751368474f798a737e7cf1f4a87b,live,⚔️永劫無間⚔️ | 亞運進4強啦！今晚單排練身法 | 20260923,2026-09-23T11:57:13Z,https://www.youtube.com/watch?v=K24qg6O5QyE,https://i.ytimg.com/vi/K24qg6O5QyE/mqdefault_live.jpg
670990d65f7b459ba2a3728c39d4cb9a,live,【真是莓想到🤔】莓ㄉMBTI是什麼,2026-09-23T11:57:57Z,https://www.youtube.com/watch?v=yj0qN9pici8,https://i.ytimg.com/vi/yj0qN9pici8/mqdefault_live.jpg
b1ba066a7bc44c93a4ca264f2144f5bd,live,9/23 ◖遊雜｜真・三國無雙 起源 #2◗ 戀與三國，真是搶手的男主角｜ @AkiMiiieyy,2026-09-23T11:58:46Z,https://www.twitch.tv/akimiiieyy,https://static-cdn.jtvnw.net/previews-ttv/live_user_akimiiieyy-{width}x{height}.jpg
0c97b425059d4ac893cae0f804f4ccbc,live,『遊戲』Suikoden I&II １－２：莫名其妙就啟程了【天真爛漫諾亞】,2026-09-23T11:58:48Z,https://www.youtube.com/watch?v=kLQPiidOTa8,https://i.ytimg.com/vi/kLQPiidOTa8/mqdefault_live.jpg
b1ba066a7bc44c93a4ca264f2144f5bd,live,9/23 ◖遊雜｜真・三國無雙 起源 #2◗ 戀與三國，真是搶手的男主角【#秋未】,2026-09-23T11:58:52Z,https://www.youtube.com/watch?v=eU8WZpWst5Y,https://i.ytimg.com/vi/eU8WZpWst5Y/mqdefault_live.jpg
1af37b5945cf40019107583a3c6537ea,live,9/23【 帕芙亞 】| 2年B班 | 全職無性無聲 | 賽博乞丐,2026-09-23T11:59:12Z,https://www.twitch.tv/pafuya,https://static-cdn.jtvnw.net/previews-ttv/live_user_pafuya-{width}x{height}.jpg
aedfb89bad4545379af018f5933bddb7,live,企劃告知！好多正在進行中的企劃，還有新朋友初登場！？【HkRL人類研究實驗室｜Ira_something】,2026-09-23T11:59:42Z,https://www.youtube.com/watch?v=YQUO9-6HcWk,https://i.ytimg.com/vi/YQUO9-6HcWk/mqdefault_live.jpg
c91577ba12cd45deb9c8e5c666c290be,live,【臥龍 2：鳳火連天 體驗版】這一臥 我看是不用起來了,2026-09-23T11:59:42Z,https://www.youtube.com/watch?v=AkS0djNveic,https://i.ytimg.com/vi/AkS0djNveic/mqdefault_live.jpg
889bb42644a14ae4af2b3594c51d057b,live,【猫星電台】我是誰?! 今天來了解一下猫星是個什麼人?!｜猫星ネオ｜ #初見歡迎 #雜談配信  #台灣vtuber,2026-09-23T11:59:54Z,https://www.youtube.com/watch?v=DMnbUfWy1iw,https://i.ytimg.com/vi/DMnbUfWy1iw/mqdefault_live.jpg
0ab16bd60230422d97f73e6810be221c,upcoming,【歌枠】日文歌｜復健復健 Singing and Chatting【Emily Smart】 #台灣vtuber #降落歡迎 @歡降落,2026-09-23T12:00:00Z,https://www.youtube.com/watch?v=ft8DoTdyUoo,https://i.ytimg.com/vi/ft8DoTdyUoo/mqdefault_live.jpg
e91df1edab1b4b01b37419becd9f5b86,upcoming,鳴潮！好像可以出城了,2026-09-23T12:00:00Z,https://www.youtube.com/watch?v=erNIaR7VnHY,https://i.ytimg.com/vi/erNIaR7VnHY/mqdefault_live.jpg
c34e43b57f9f448582094f712a0b2c1a,upcoming,是時候讓你們知道了...,2026-09-23T12:00:00Z,https://www.youtube.com/watch?v=qVua5M2IU50,https://i.ytimg.com/vi/qVua5M2IU50/mqdefault_live.jpg
01ba034aab854ec680fe6f1ddc7008e2,upcoming,『#世界游戲大全51』游戲人生第二季其實就在這邊開演了 Ft.秋月祁，齊格菲，悠蜜 #夏犬布魯斯 #歡迎降落,2026-09-23T12:00:00Z,https://www.youtube.com/watch?v=oJg8hhOQBmA,https://i.ytimg.com/vi/oJg8hhOQBmA/mqdefault_live.jpg
a188f157d0384e0db5ae73605240d68b,upcoming,【JKG CHU！】最上級にかわいいの！/ (Cover) - 花咲小春、優塔、極彩天繪、爆柑月月、巫菈妮亞、知花,2026-09-23T12:00:00Z,https://www.youtube.com/watch?v=BGKFnpkrylY,https://i.ytimg.com/vi/BGKFnpkrylY/mqdefault.jpg
8a0b024373544f31b54e5a6cadb124dc,upcoming,【調酒】台大調酒社(30分鐘)來挑戰直播調酒啦🍸 | Haru 哈魯 🦴💜​,2026-09-23T12:00:00Z,https://www.youtube.com/watch?v=iMpoF5gh07c,https://i.ytimg.com/vi/iMpoF5gh07c/mqdefault_live.jpg
4b6b055ada4d4f0ab63b7ad02a3fa3ef,upcoming,【視聴者参加型雀魂】喝酒啦～！🀄✨｜Rumi/懶貓子,2026-09-23T12:00:00Z,https://www.youtube.com/watch?v=YsVtp78CSjg,https://i.ytimg.com/vi/YsVtp78CSjg/mqdefault_live.jpg
6548fd18ecf84bd88112cd5babfa2a66,upcoming,【狐菲咖啡】是否願意與我來一場夜晚的咖啡時間呢? 【雪羽Yuki |YukihaYuki】,2026-09-23T12:00:00Z,https://www.youtube.com/watch?v=KhwiqT33yTE,https://i.ytimg.com/vi/KhwiqT33yTE/mqdefault_live.jpg
3a30426a65fe450bbef138fd8ba35f1e,live,【逆轉檢察官1&2】完全初見「逆轉檢察官2」！經歷逆轉檢察官1的洗禮，緊接而來的二代應該是輕而易舉吧！【劇情暴雷注意】【猫又くろね★Vtuber★】#初見歡迎 #歡迎降落,2026-09-23T12:00:01Z,https://www.youtube.com/watch?v=7rQxFGNfN2Q,https://i.ytimg.com/vi/7rQxFGNfN2Q/mqdefault_live.jpg
5cdf289b83524643af7ab2f2c8788adf,live,[Resonance: A Plague Tale Legacy ] 老婆我想念你啊🥲  #初見歡迎 #歡迎降落,2026-09-23T12:00:06Z,https://www.youtube.com/watch?v=jaRwwHsdHrg,https://i.ytimg.com/vi/jaRwwHsdHrg/mqdefault_live.jpg
db3a6f094c3146c2ab6f2f267337f132,live,【遊戲】跟朋友們一起瓦瓦!!    | 夏提,2026-09-23T12:00:07Z,https://www.twitch.tv/siati1021,https://static-cdn.jtvnw.net/previews-ttv/live_user_siati1021-{width}x{height}.jpg
0ab147ded84b484eac14de7a46c9cf4e,live,【鬼武者 Way of the Sword EP3】凱哥幫我爆打了一波 #初見歡迎 #降落歡迎,2026-09-23T12:00:10Z,https://www.youtube.com/watch?v=2t_Ogh-sgkY,https://i.ytimg.com/vi/2t_Ogh-sgkY/mqdefault_live.jpg
1225d23bc1814140bc0093c1407f06b3,live,[F1 26] 荷蘭的最後一舞 QAQ  #vtuber #f1 #今天也伊起,2026-09-23T12:00:11Z,https://www.youtube.com/watch?v=1m8mmnRstig,https://i.ytimg.com/vi/1m8mmnRstig/mqdefault_live.jpg
920d34819cf944e99cf469f7552d535f,live,【遊戲直播】EP1《沉默之丘：隕落小鎮》訊號不明但恐懼清晰的海岸小鎮【厭世醫師阿萬】,2026-09-23T12:00:11Z,https://www.youtube.com/watch?v=Z5p9D8v5yEY,https://i.ytimg.com/vi/Z5p9D8v5yEY/mqdefault_live.jpg
73827056b15849549388f720dde25c01,live,【中秋企劃】你們敢點，我就敢買！中秋月餅內餡由你們決定🥮💙【菲兒琉卡】｜風鈴檔案W.C.A #初見歡迎 #降落歡迎,2026-09-23T12:00:14Z,https://www.youtube.com/watch?v=VwoyceDP5Os,https://i.ytimg.com/vi/VwoyceDP5Os/mqdefault_live.jpg
a17fcdf32a124beba3fba16299aed2b3,live,9/23 我哪有衰養雞養鴨！《惡靈古堡5》！。(՞꜆ .ˬ.՞)꜆⋆⸜♡⸝ @tsufei_,2026-09-23T12:00:15Z,https://www.twitch.tv/chikayan,https://static-cdn.jtvnw.net/previews-ttv/live_user_chikayan-{width}x{height}.jpg
c099b7e8d46c418d8e17097d496f3b83,live,【踢踢】9.23 |   《Delverium》   ദ്ദി₍ᐢ .ᆺ.ᐢ₎🥕  非常好遊戲! 這次可以玩ㄌ(?)   |  !幸運兔團 ✦耶比✦ #ad,2026-09-23T12:00:25Z,https://www.twitch.tv/ttspoon,https://static-cdn.jtvnw.net/previews-ttv/live_user_ttspoon-{width}x{height}.jpg
ab24c13e4bff4ff8909a7650260f8b19,live,【練歌回】想練練有些負能的歌 讓自己好好的充電🪫【艾瑟莉雅𝓐𝔁𝓮𝓻𝓲𝓪】,2026-09-23T12:00:28Z,https://www.youtube.com/watch?v=2I0X5E5LfdI,https://i.ytimg.com/vi/2I0X5E5LfdI/mqdefault_live.jpg
a112fc34dd9944a5a15f50c1c078aa3e,live,【妹抖】雲去全香港既Maid Cafe,2026-09-23T12:00:28Z,https://www.youtube.com/watch?v=1AlcCmY26Hk,https://i.ytimg.com/vi/1AlcCmY26Hk/mqdefault_live.jpg
bf3356cfb2754286af9b6bb1665f56bd,live,【黎明再現#2】土地公的末日生存法則：有地就先佔，沒地就搶一塊！,2026-09-23T12:00:32Z,https://www.youtube.com/watch?v=k69td7NY9Kc,https://i.ytimg.com/vi/k69td7NY9Kc/mqdefault_live.jpg
a3ce195c0069494c99849d0b1a10a7fd,live,【 #玩U戲】五年之約來啦！BOSS討伐募集😈配音員親簽活動！｜#蒼色之光與魔劍鍛造師｜ #悠白 #Ubye,2026-09-23T12:00:32Z,https://www.youtube.com/watch?v=JVfjtKOVwVM,https://i.ytimg.com/vi/JVfjtKOVwVM/mqdefault_live.jpg
e78cffa246c24a1c88031151cad8c385,live,【中秋節】提早過中秋🌕今年還沒人找你烤肉嗎？我來陪你呀！,2026-09-23T12:00:39Z,https://www.youtube.com/watch?v=nInyOyJYLis,https://i.ytimg.com/vi/nInyOyJYLis/mqdefault_live.jpg
365db081229a4efeb4630f19587a96b2,upcoming,【#鬼武者】繼續探索，佐佐木好變態可惡😤,2026-09-23T12:00:40Z,https://www.youtube.com/watch?v=Fmj65TtuZ1s,https://i.ytimg.com/vi/Fmj65TtuZ1s/mqdefault_live.jpg
757f1b20f7bd459ebd8949da907dceea,live,【歌回】今天來輕鬆練歌吧【稻荷七櫻Nao】,2026-09-23T12:00:42Z,https://www.youtube.com/watch?v=RoLRjinjURs,https://i.ytimg.com/vi/RoLRjinjURs/mqdefault_live.jpg
05e831b267914fc5b4d9b28de1f648dc,live,【 ⚡️歌回｜初見大歡迎 🎸 】 禮拜三就是要唱歌啊 × 應該啦🎙️【sazki | vtuber】,2026-09-23T12:00:46Z,https://www.youtube.com/watch?v=TcJHEIH1cHQ,https://i.ytimg.com/vi/TcJHEIH1cHQ/mqdefault_live.jpg
b1c9458ca89b44bab0f09883ef40c45c,live,【#ff14  】感冒回歸啦~~~90%好轉的園長，來邊打日隨邊閒聊下【#ゲーム個人勢 / Fingla】,2026-09-23T12:00:50Z,https://www.youtube.com/watch?v=7uQhx7OH2QE,https://i.ytimg.com/vi/7uQhx7OH2QE/mqdefault_live.jpg
4dcc1a1d70224d95b48a64543a38e10d,live,ʚ 整理拾光 ɞ  初見這款遊戲 超級期待✨✨．୨ৎ．渺渺一定有好眼力的對吧對吧 .ᐟ.ᐟ丨絕對不會再忘記改標題 - Day.4,2026-09-23T12:00:53Z,https://www.twitch.tv/mepurumyo,https://static-cdn.jtvnw.net/previews-ttv/live_user_mepurumyo-{width}x{height}.jpg
efe550a729e14dbab790a3f73205d8ed,live,【 #世界的遊戲大全51 】抓了三個人來跟我玩一輩子的飛機棋 | #MalaysiaVtuber #馬來西亞Vtuber【秋月イノリ | 秋月祁】,2026-09-23T12:00:54Z,https://www.youtube.com/watch?v=o8306BNrfGg,https://i.ytimg.com/vi/o8306BNrfGg/mqdefault_live.jpg
c72226925ba94855b9fcc88fc2a25acc,live,【天月麻雀🀄-懲罰轉蛋-】不是首位即罰做運動!!!! 【綽貓喵 /HKVtuber】 | Amatsuki Mahjong,2026-09-23T12:00:57Z,https://www.youtube.com/watch?v=9duQRnZMfUI,https://i.ytimg.com/vi/9duQRnZMfUI/mqdefault_live.jpg
dc3e05e0c12b4e0a93dc230f30925ee0,live,【土司喵】今夕是何年   ‖  Day347 @toast_meow !土阿喵電競 !周邊,2026-09-23T12:00:58Z,https://www.twitch.tv/toast_meow,https://static-cdn.jtvnw.net/previews-ttv/live_user_toast_meow-{width}x{height}.jpg
9a496e9b261f401dba4991a9f4c7048e,live,【遊戲🔹】飛行棋對抗賽 友情究竟會破裂嗎!  - 悠蜜Yomiii #馬來西亞vtuber #马来西亚vtuber,2026-09-23T12:01:00Z,https://www.youtube.com/watch?v=XM7wO_lmjvM,https://i.ytimg.com/vi/XM7wO_lmjvM/mqdefault_live.jpg
5da1b6db7796434f9180d2f5e210ea6c,live,【雜談】最近的熱門議題，看一看就想說點什麼【花陸万宵Mayo・Vtuber】,2026-09-23T12:01:03Z,https://www.youtube.com/watch?v=UWbM1cpvkUs,https://i.ytimg.com/vi/UWbM1cpvkUs/mqdefault_live.jpg
bafa406351614acb9162347235baf257,live,見面認不出學姊 ? 瘋狂咒罵城市組 ? 當天到底發生什麼酷酷的事【生日企劃Reaction】【蘭・柯爾絲】初見您好 降落歡迎,2026-09-23T12:01:05Z,https://www.youtube.com/watch?v=VjGmtcRxgDU,https://i.ytimg.com/vi/VjGmtcRxgDU/mqdefault_live.jpg
35b7bd4f6fcb4fbfb3ebe83be100d9a0,live,〖 歌枠 〗夏天啊，還不要走🎐夏を感じる歌枠𓇼𓆉‪‪𓂃 𓈒𓏸◌‬#KARAOKE〖 #絡屋イト/#vtuber  〗,2026-09-23T12:01:07Z,https://www.youtube.com/watch?v=76ZEeQbs3vY,https://i.ytimg.com/vi/76ZEeQbs3vY/mqdefault_live.jpg
5d29544fdded43d1937166548487394a,live,₍ᐢ. .ᐢ₎9/23 [瓦瓦連動] 紫勾勾轉盤開啟!掛台打個招呼開5%音量 ₍ᐢ._.ᐢ₎♡ ༘ @inari_0315 @ishida77  @beluiro @sena_ouo_0326 @soyuu0114,2026-09-23T12:01:08Z,https://www.twitch.tv/sena_ouo_0326,https://static-cdn.jtvnw.net/previews-ttv/live_user_sena_ouo_0326-{width}x{height}.jpg
5e98938ba0624235863dd2af8017fbe6,live,【奧客模擬器 2】老闆我想辭職！這次甚至連音量都會無法控制？ Ft. 寶煌貳公主ヽ(ﾟ´Д`)ﾉﾟ｡  ｜崎塔 CHITA #初見歡迎,2026-09-23T12:01:20Z,https://www.youtube.com/watch?v=OzOtEM6WzzI,https://i.ytimg.com/vi/OzOtEM6WzzI/mqdefault_live.jpg
4dd7cfc58ae54c1fa6211ba9b1c607ec,live,【石田】26/09/23 瓦瓦小隊! @inari_0315 @beluiro @sena_ouo_0326 @soyuu0114｜訂閱福利：!賢者,2026-09-23T12:01:24Z,https://www.twitch.tv/ishida77,https://static-cdn.jtvnw.net/previews-ttv/live_user_ishida77-{width}x{height}.jpg
e3e93491f32d459ba2b79033cf75c619,live,🦕【連動】要玩一輩子的飛機棋！？這全憑運氣的遊戲準備看我起菲！ft.秋月祁、悠蜜、夏犬布魯斯｜世界遊戲大全51【齊格菲】🦕,2026-09-23T12:01:29Z,https://www.youtube.com/watch?v=WsJIimomp3s,https://i.ytimg.com/vi/WsJIimomp3s/mqdefault_live.jpg
0b0f8cd64c904508910707412b2c307f,live,【繪圖台】繼續畫伊斯的客製化頭貼！我不確定今天畫出來的東西最後會長怎樣（？）｜庫恩伊くんい,2026-09-23T12:01:33Z,https://www.youtube.com/watch?v=JVFbSY7SHL8,https://i.ytimg.com/vi/JVFbSY7SHL8/mqdefault_live.jpg
80d6517a96e74265a4d24f86b9c295c5,live,【晚安歌】明天要去吃烤肉  | 姬乃 Himeno ｜Singing Stream #初見歓迎 #降落歡迎  #高評價,2026-09-23T12:01:38Z,https://www.youtube.com/watch?v=ZkQd5T4EUcY,https://i.ytimg.com/vi/ZkQd5T4EUcY/mqdefault_live.jpg
af41302aa9184c2dbc25d2ed16e878fc,live,【敬來玩】26.09.23【恐鬼症】這次有前輩來指導了！溜鬼溜起來！ /w @seraphina1112 @annie102022 【敬･里希特 | Vtuber】,2026-09-23T12:01:48Z,https://www.twitch.tv/jing_licht,https://static-cdn.jtvnw.net/previews-ttv/live_user_jing_licht-{width}x{height}.jpg
be1a18aa8599409ba250e5345e62fed6,live,2026/9/23【玩遊戲】這遊戲怎麼玩！？ ٩(๑˃̵ᴗ˂̵๑)۶｜!921｜!cover｜目標YT500訂閱 @kisa0921,2026-09-23T12:01:53Z,https://www.twitch.tv/kisa0921,https://static-cdn.jtvnw.net/previews-ttv/live_user_kisa0921-{width}x{height}.jpg
af41302aa9184c2dbc25d2ed16e878fc,live,【#敬來玩】26.09.23【恐鬼症】這次有前輩來指導了！溜鬼溜起來！ /w 瑟拉菲娜、阿妮妮妮【敬･里希特 | Vtuber】 #台v #phasmophobia,2026-09-23T12:01:58Z,https://www.youtube.com/watch?v=-MHQjJZtvR4,https://i.ytimg.com/vi/-MHQjJZtvR4/mqdefault_live.jpg
256dd6464e974e118dc8103d5e9eb0b3,live,୨୧ 在拚紫勾勾ᑋᵉᑊᑊᵒ ᵕ̈  ୨୧ ☑️𝟎𝟗𝟐𝟑 蛤DBD 太難了吧 ｜ 立志成為女護航 ⟡.·｜歡迎掛忠誠點數⟡.·  !歌單 !MCN  !DC !簽到 ｜⟡.· @yidhra0727,2026-09-23T12:02:01Z,https://www.twitch.tv/mutuer,https://static-cdn.jtvnw.net/previews-ttv/live_user_mutuer-{width}x{height}.jpg
7a160bd129144664804dd3fc08fceeb1,live,[兔森] 奶哥OHO測試服! 10月開催!,2026-09-23T12:02:02Z,https://www.twitch.tv/usamori,https://static-cdn.jtvnw.net/previews-ttv/live_user_usamori-{width}x{height}.jpg
247215e876d24dae9932464b75fc577c,live,【高維爾你穿R】來看大家的新衣裝猜測圖 還有目前的新衣裝粉絲繪 | 高維爾聊聊天 #台灣Vtuber,2026-09-23T12:02:10Z,https://www.youtube.com/watch?v=ugTxSXnFIyw,https://i.ytimg.com/vi/ugTxSXnFIyw/mqdefault_live.jpg
2ba32c49f08849f9a109b7e485c9c5a5,live,【 𝐎𝐇𝐎 】準備開始新的冒險 ⚔️｜ 伺服器先行測試搶先看｜沐沐シノもみじ🍓🐿️,2026-09-23T12:02:11Z,https://www.youtube.com/watch?v=_G-UUPwzTY0,https://i.ytimg.com/vi/_G-UUPwzTY0/mqdefault_live.jpg
4c34c44a98974b709f7dbc7618847fd6,live,9/23 先去這個再去那個( *・ω・)✄,2026-09-23T12:03:06Z,https://www.twitch.tv/5l5l3,https://static-cdn.jtvnw.net/previews-ttv/live_user_5l5l3-{width}x{height}.jpg
f5a683eeac6b4936b44d547c1e4edbc2,live,今天要忍住不燒村子｜靜謐田園,2026-09-23T12:03:06Z,https://www.twitch.tv/cc_shime,https://static-cdn.jtvnw.net/previews-ttv/live_user_cc_shime-{width}x{height}.jpg
f5a683eeac6b4936b44d547c1e4edbc2,live,今天要忍住不燒村子｜靜謐田園／ #5,2026-09-23T12:03:10Z,https://www.youtube.com/watch?v=fiqm27fdMTU,https://i.ytimg.com/vi/fiqm27fdMTU/mqdefault_live.jpg
911d3403c8e84dc3b0c4a2f6017698b6,live,【飛輪台】運動流汗除了健康還會臭臭的｜請戴耳機進 【蕾蒂希婭 Letizia】,2026-09-23T12:03:33Z,https://www.youtube.com/watch?v=vs6d9lotE-k,https://i.ytimg.com/vi/vs6d9lotE-k/mqdefault_live.jpg
e2c0d3ba19244f75888e5dbe1881d22f,live,9/23 喉嚨發炎周 ㄉㄉ包含~ [ @chi4ttt ],2026-09-23T12:03:33Z,https://www.twitch.tv/chi4ttt,https://static-cdn.jtvnw.net/previews-ttv/live_user_chi4ttt-{width}x{height}.jpg
ad56a56e509c4b6fa0cf11ca959e3c72,live,【四周年】福利還債.ᐟ 企劃抽到的東西們 來一一兌現了 【白音エルル/白音艾露露】#おはようVtuber #早安 #Vtuber,2026-09-23T12:03:47Z,https://www.youtube.com/watch?v=-UmG2BBtmVQ,https://i.ytimg.com/vi/-UmG2BBtmVQ/mqdefault_live.jpg
2bb0e68d998d4b2bbfc79557a233fb33,live,【鬼武者 Way of the Sword】DAY8 爬威利城(x)打義經，來看大結局！歡迎聊天！【珞雪嵐 Rakusetsu Ran】,2026-09-23T12:03:57Z,https://www.youtube.com/watch?v=ddRoDJgaZwE,https://i.ytimg.com/vi/ddRoDJgaZwE/mqdefault_live.jpg
b41844198887422fb52cb928a272cbc8,live,今天直播最後依舊送皮膚箱！ 一起來聊天打游戲放鬆一下吧 💕,2026-09-23T12:04:07Z,https://www.youtube.com/watch?v=D0zbrzyxLEU,https://i.ytimg.com/vi/D0zbrzyxLEU/mqdefault_live.jpg
95e5788cabf340e397e2726def426229,live,【練歌回】又到了每月一次的練歌時間啦！【杜邊優妮】,2026-09-23T12:04:14Z,https://www.youtube.com/watch?v=IyYvNfwXUjw,https://i.ytimg.com/vi/IyYvNfwXUjw/mqdefault_live.jpg
fd5a1e004f224586aa65f9c5b374cc4a,live,【芙森家】o923 ꔫ ｜YT1000訂努力中｜跟新朋友瓦瓦 // 討厭自己這麼消沉 ܤ | ✐ᝰ @crush_freya_ ♡｜!YT !斗內,2026-09-23T12:05:25Z,https://www.twitch.tv/crush_freya_,https://static-cdn.jtvnw.net/previews-ttv/live_user_crush_freya_-{width}x{height}.jpg
4f5a88e0193a4c948f7e84c56303db82,live,關於這件事......我有話要說  #昭昭幕幕 #螢窗雪案 #歡迎降落,2026-09-23T12:05:46Z,https://www.youtube.com/watch?v=Ii5GuSy27zQ,https://i.ytimg.com/vi/Ii5GuSy27zQ/mqdefault_live.jpg
36beb36f581f44d393dcf0af2b194789,live,【沃夫曼】9/23,2026-09-23T12:06:09Z,https://www.twitch.tv/lswoofman,https://static-cdn.jtvnw.net/previews-ttv/live_user_lswoofman-{width}x{height}.jpg
c04f006e69e04000a68cd0c41f888eb2,live,模仿迷因聲音 Ft.很多人 | Rluo Ch. 阿洛【 Mimic Party 】,2026-09-23T12:08:11Z,https://www.youtube.com/watch?v=QnTtklS_eTI,https://i.ytimg.com/vi/QnTtklS_eTI/mqdefault_live.jpg
506d9c6fdbd34c8aa5fda64d90d96ac2,live,【 VEIN 】圈圈叉叉的一天,2026-09-23T12:08:49Z,https://www.youtube.com/watch?v=v5sGTjP3Jcw,https://i.ytimg.com/vi/v5sGTjP3Jcw/mqdefault_live.jpg
1edf4940878546569e52dd06c95b8581,live,【伊莫】解任務開地圖～～ !! #台灣Vtuber #雪莉啵啵 #aniimo,2026-09-23T12:09:18Z,https://www.youtube.com/watch?v=v4wn-gjmX10,https://i.ytimg.com/vi/v4wn-gjmX10/mqdefault_live.jpg
88917b370d0041d8be65372342c92523,live,9/23 拉肚子人 │斗影片開放中 │!DC !生日│ @lemon_1022,2026-09-23T12:09:18Z,https://www.twitch.tv/lemon_1022,https://static-cdn.jtvnw.net/previews-ttv/live_user_lemon_1022-{width}x{height}.jpg
ab64eaef68c94ab4afb3a89007c81e9c,live,𝟮𝟬𝟮𝟲.𝟬𝟵.𝟮𝟯 OHO測試服麥 |  @maimaivtuber !DC,2026-09-23T12:09:54Z,https://www.twitch.tv/maimaivtuber,https://static-cdn.jtvnw.net/previews-ttv/live_user_maimaivtuber-{width}x{height}.jpg
b606cde735d84b45ab96489d7a9997dd,live,【 伊莫 】我要來抓可愛小動物~ 【邦生多葛】#vtuber #新人VTuber #初見歡迎 2026/09/23,2026-09-23T12:09:57Z,https://www.twitch.tv/bensencat9658,https://static-cdn.jtvnw.net/previews-ttv/live_user_bensencat9658-{width}x{height}.jpg
954590604f0e49e88fadc8ce6dafba1b,upcoming,【雜談】小小開，我肚子超級餓！｜希瑞莎・克拉克Ceresa．Clark #瑞莎懺悔室,2026-09-23T12:10:00Z,https://www.youtube.com/watch?v=stK0CT775jw,https://i.ytimg.com/vi/stK0CT775jw/mqdefault_live.jpg
9a7b7c9c31da44aca5a68395a2e69488,live,【無声透明Vtuber】ファイアーエムブレム 万紫千紅 #5 【バ美肉、バ美声不使用】,2026-09-23T12:11:27Z,https://www.youtube.com/watch?v=m9PUPgfvYzc,https://i.ytimg.com/vi/m9PUPgfvYzc/mqdefault_live.jpg
4e1dd2ab9e4b4c71bced0c5987cf9be7,live,[紅妻]璃兒頭像｜純聊天室Live,2026-09-23T12:12:05Z,https://www.twitch.tv/rsundae,https://static-cdn.jtvnw.net/previews-ttv/live_user_rsundae-{width}x{height}.jpg
3b7dac5e2bdb4c08a139e18ef7f6f7e5,live,打lol囉~~~ 歡迎來++唷~  @asahina_yuuto 新指令:!簽到 !補簽 !查簽 !簽排 !愛奈寶 !週年 !打 !要抱抱 !淺草籤 !抽卡,2026-09-23T12:13:03Z,https://www.twitch.tv/asahina_yuuto,https://static-cdn.jtvnw.net/previews-ttv/live_user_asahina_yuuto-{width}x{height}.jpg
73ae80b091f542358d7a5bf8905c28f3,live,【橘攸奈】OHO再開！這次要當個流亡者,2026-09-23T12:14:04Z,https://www.twitch.tv/udngameyunai,https://static-cdn.jtvnw.net/previews-ttv/live_user_udngameyunai-{width}x{height}.jpg
61e81c6f534247b486b8125bd34fa960,live,【BLUE】團康day  ft. 一堆男人    @blue_kao  !極玩,2026-09-23T12:14:09Z,https://www.twitch.tv/blue_kao,https://static-cdn.jtvnw.net/previews-ttv/live_user_blue_kao-{width}x{height}.jpg
67d348e6690c43729cce031e70a26645,live,抓黑 遊戲 | 9/23 | !陪玩 !sens,2026-09-23T12:14:22Z,https://www.twitch.tv/hakuzenyo,https://static-cdn.jtvnw.net/previews-ttv/live_user_hakuzenyo-{width}x{height}.jpg
b1bfaed0ed7f4ca9ae96c017159efe77,live,【歌雜】阿w 不小心睡著了一下w｜3000小時觀看時數衝刺｜【仙喵SkyMeowu】,2026-09-23T12:15:47Z,https://www.youtube.com/watch?v=MibXN_XLM0E,https://i.ytimg.com/vi/MibXN_XLM0E/mqdefault_live.jpg
fec8644970684cffbbae8dd37a52d59c,live,🌸-݁˖0923ෆ It's Party time! 小雞大廚10 ver.(◍ˊㅿˋ◍) 新人加入！｜每周三21:00-23:00直到破關為止.ᐟ.ᐟ,2026-09-23T12:15:53Z,https://www.twitch.tv/oriyukioxo,https://static-cdn.jtvnw.net/previews-ttv/live_user_oriyukioxo-{width}x{height}.jpg
a05afa97381b4f96b02a1af859426f9c,live,【洛發聲】練一下視覺系的歌~免得好像掛名而已【深洛Raku】 #台灣新人vtuber #歌回,2026-09-23T12:16:06Z,https://www.youtube.com/watch?v=lh0DpWkJPXo,https://i.ytimg.com/vi/lh0DpWkJPXo/mqdefault_live.jpg
0e9aeecbe8f04a62ab781cf2e520eba0,live,【嘎旋】09/23 九點玩最可愛又好玩RPG的遊戲—伊莫  @shen_0828 | 生日限定周邊預購中 | !生日 !麥塊 !手機殼周邊,2026-09-23T12:16:20Z,https://www.twitch.tv/shen_0828,https://static-cdn.jtvnw.net/previews-ttv/live_user_shen_0828-{width}x{height}.jpg
fec8644970684cffbbae8dd37a52d59c,live,🌸-݁˖0923ෆ It's Party time! 小雞大廚10 ver.(◍ˊㅿˋ◍) 新人加入！｜每周三21:00-23:00直到破關為止.ᐟ.ᐟ,2026-09-23T12:17:03Z,https://www.youtube.com/watch?v=CWC6dXjh5RI,https://i.ytimg.com/vi/CWC6dXjh5RI/mqdefault_live.jpg
a85d79e2323b4869a6f784c51218cd37,live,【靈異論壇調查紀錄】今天換找失蹤的姐姐！是人為還是鬼神作怪？ #姜棠 #初見歡迎,2026-09-23T12:17:10Z,https://www.youtube.com/watch?v=bzp-oJWCm8E,https://i.ytimg.com/vi/bzp-oJWCm8E/mqdefault_live.jpg
281c7713c21e41bcb6e81365f328ab8c,live,【巔峰極速】就放鬆跑個車  | 喵奈ネコドン,2026-09-23T12:17:20Z,https://www.youtube.com/watch?v=bWVdQb4HEN8,https://i.ytimg.com/vi/bWVdQb4HEN8/mqdefault_live.jpg
0ede84dfc1ff426cb42643d7390d2937,live,【粵/EN】腦力學會Event！ | 掛機/初見/Raid大歡迎 [HK/EN Vtuber],2026-09-23T12:17:23Z,https://www.twitch.tv/donuteatdoodle,https://static-cdn.jtvnw.net/previews-ttv/live_user_donuteatdoodle-{width}x{height}.jpg
976e0cf401784d3f874dc85b2b2c5839,live,0921 OHO測試服 總之先摸一下下嚇嚇嚇嚇   ⁝⁝ @lupo_relive,2026-09-23T12:19:25Z,https://www.twitch.tv/lupo_relive,https://static-cdn.jtvnw.net/previews-ttv/live_user_lupo_relive-{width}x{height}.jpg
4dcc1a1d70224d95b48a64543a38e10d,live,ʚ #整理拾光 ɞ  初見這款遊戲 超級期待✨✨．୨ৎ．渺渺一定有好眼力的對吧對吧 .ᐟ.ᐟ,2026-09-23T12:21:08Z,https://www.youtube.com/watch?v=9OZEKpe-ER8,https://i.ytimg.com/vi/9OZEKpe-ER8/mqdefault_live.jpg
4fcbdf1b0a384ee58733b1e852edefa5,live,波熙║小小玩一下  ฅ●ω●ฅ,2026-09-23T12:22:50Z,https://www.twitch.tv/yukimaru3121,https://static-cdn.jtvnw.net/previews-ttv/live_user_yukimaru3121-{width}x{height}.jpg
9cd7391045604ccda8be89f7946233e2,live,[打個瓦就繼續寫報告]請大家幫我到GOSH掛台~|GOSH同步視聽 | 剪輯委託開放囉~歡迎DC私訊,2026-09-23T12:23:49Z,https://www.twitch.tv/aling_mocha,https://static-cdn.jtvnw.net/previews-ttv/live_user_aling_mocha-{width}x{height}.jpg
8608b8aafd6e4a5f8f506233a69720ae,live,09/23 晴天ฅ^•ﻌ•^ฅ 冠軍造型、新槍試玩，棉花糖歡迎大家丟丟唷 初配信當天會唸唸   | 0926(六)晚上08:00初配信 | @ thatisrui,2026-09-23T12:24:15Z,https://www.twitch.tv/thatisrui,https://static-cdn.jtvnw.net/previews-ttv/live_user_thatisrui-{width}x{height}.jpg
4f20b9493001401f81b7a451bf856fba,live,🐱【連動】跟帥哥美女玩火柴人UC ^•𖥦•^.ᐟ｜訂閱優惠｜0923【歐逼Ob.】🩷 @Ob_Chin 沒開YT,2026-09-23T12:24:22Z,https://www.twitch.tv/ob_chin,https://static-cdn.jtvnw.net/previews-ttv/live_user_ob_chin-{width}x{height}.jpg
23354f18e2a94c9187fd0560fd874eeb,live,【大眾占卜】魔女見習生上線啦！快來看看你有什麼好運氣？！@n25752  |獻花獻果修好了！|！魔儲  !cover |,2026-09-23T12:24:27Z,https://www.twitch.tv/piscococo,https://static-cdn.jtvnw.net/previews-ttv/live_user_piscococo-{width}x{height}.jpg
8bf35c3b9a9e461d825a9170555b71c2,live,伺服器測試時間 !機殼 !通販 !DC表符群 !了解我 !電子商品,2026-09-23T12:25:08Z,https://www.twitch.tv/reirei_neon,https://static-cdn.jtvnw.net/previews-ttv/live_user_reirei_neon-{width}x{height}.jpg
bac6a676ace94e759d9faaaed94ce1b1,live,睡覺前看了會做噩夢吧🍷一夜・馬來西亞Vtuber,2026-09-23T12:25:23Z,https://www.youtube.com/watch?v=nLr2ghl3790,https://i.ytimg.com/vi/nLr2ghl3790/mqdefault_live.jpg
c29627e1a48a4ea8b21c858aba1836d0,live,原起!,2026-09-23T12:26:05Z,https://www.twitch.tv/mo_chan_neko,https://static-cdn.jtvnw.net/previews-ttv/live_user_mo_chan_neko-{width}x{height}.jpg
64e20992295c4be984e9af0a470d6440,live,《楓兔》兔兔在伊莫這邊康康那邊康康 嘿嘿/勾勾呢Day275♥指令 !魔儲,2026-09-23T12:26:50Z,https://www.twitch.tv/streamerrabbit48,https://static-cdn.jtvnw.net/previews-ttv/live_user_streamerrabbit48-{width}x{height}.jpg
d1d879cfccf7411296dcc765ca40e39c,live,【緣伊】0923 您的主播今晚失去鹹味覺，他很無鹽 || !周邊 !簽到 !UCCU || @linyuan0122,2026-09-23T12:27:16Z,https://www.twitch.tv/linyuan0122,https://static-cdn.jtvnw.net/previews-ttv/live_user_linyuan0122-{width}x{height}.jpg
20327c35cc9d4deba93299b790d7d721,live,✦中秋Chill之夜✦提前過中秋～來點涼爽的秋意、輕柔的旋律和假期的滋味 - RiN凜 #初見歡迎 #雜談 #歌回 #中秋 20260923,2026-09-23T12:27:38Z,https://www.youtube.com/watch?v=F2Rmq88g7DI,https://i.ytimg.com/vi/F2Rmq88g7DI/mqdefault_live.jpg
2d9ef8be75c34daf9ce9d17ecbbe0f7a,live,◖咕咕披薩◗苦命送披薩喔 #初見歡迎 #降落歡迎 #Vtuber #奶茶當水喝🍼,2026-09-23T12:27:41Z,https://www.twitch.tv/milktea___life,https://static-cdn.jtvnw.net/previews-ttv/live_user_milktea___life-{width}x{height}.jpg
2d9ef8be75c34daf9ce9d17ecbbe0f7a,live,◖咕咕披薩◗苦命送披薩喔 #初見歡迎 #降落歡迎 #Vtuber #奶茶當水喝🍼,2026-09-23T12:27:44Z,https://www.youtube.com/watch?v=hdcHxgtCXLg,https://i.ytimg.com/vi/hdcHxgtCXLg/mqdefault_live.jpg
5de329cf8bc5410fb40ef38d117be94d,live,天官賜福，百無禁忌 #鈴響 #冬鈴 | 夏日吉典周邊開賣中 | 指令可看!全部,2026-09-23T12:27:53Z,https://www.twitch.tv/dongling_vtuber,https://static-cdn.jtvnw.net/previews-ttv/live_user_dongling_vtuber-{width}x{height}.jpg
02dadd7977b8412b99f101241de4cb3f,live,【牧場物語希望之光】繼續當個小農民種田囉 #5,2026-09-23T12:28:28Z,https://www.twitch.tv/rukadoggi,https://static-cdn.jtvnw.net/previews-ttv/live_user_rukadoggi-{width}x{height}.jpg
911d3403c8e84dc3b0c4a2f6017698b6,live,9/23 YT運ˇ動時間|佛係衝合作夥伴歡迎幫忙掛掛台,2026-09-23T12:28:37Z,https://www.twitch.tv/letizia0120,https://static-cdn.jtvnw.net/previews-ttv/live_user_letizia0120-{width}x{height}.jpg
02dadd7977b8412b99f101241de4cb3f,live,【牧場物語希望之光】繼續當個小農民種田囉 #5,2026-09-23T12:28:45Z,https://www.youtube.com/watch?v=i1yJI-Du_Xs,https://i.ytimg.com/vi/i1yJI-Du_Xs/mqdefault_live.jpg
9031798ec1884b52b17df470b6c379b2,live,【推理之夜】狼人殺《騎士狼美人》🍁 用誓約之劍斬斷魅惑人心的幻影！ ft.很多人【芒楓】,2026-09-23T12:28:50Z,https://www.youtube.com/watch?v=yPcNDfP-NHA,https://i.ytimg.com/vi/yPcNDfP-NHA/mqdefault_live.jpg
4d8babea181e44df9855f3aafc06eb2c,live,【直播狼人殺】拉拉視角，殺人不眨眼 #初見歡迎🖤🤍​,2026-09-23T12:28:58Z,https://www.youtube.com/watch?v=Wiw-LF4nWeo,https://i.ytimg.com/vi/Wiw-LF4nWeo/mqdefault_live.jpg
48e968abd77d434db31de0f0bb8d92a1,live,《CX330｜希叉》人生無常 大腸包小腸 ft.很多人｜09/23(三) ｜ @imcx330 ｜!周表 !dc !指令,2026-09-23T12:28:58Z,https://www.twitch.tv/imcx330,https://static-cdn.jtvnw.net/previews-ttv/live_user_imcx330-{width}x{height}.jpg
d334f3b3ba8b4e43bd7b5a237a7b4476,live,【遊戲】The Room 3 #1 | The Room系列最後一季！我們看看今天我們能解到哪裡吧！ |  百里羽 #馬來西亞vtuber  #马来西亚vtuber #歡迎降落,2026-09-23T12:29:27Z,https://www.youtube.com/watch?v=BdOgO13GiYU,https://i.ytimg.com/vi/BdOgO13GiYU/mqdefault_live.jpg
e3451dd6f3c0444c888eb6f67704613a,live,【星潮劇情｜崩壞：星穹鐵道 ❆24｜Ch. 4.1 落木逐火英雄紀】舊神落幕之後，英雄的故事才正要開始，翁法羅斯的英雄史詩 💙【#亞雪｜Ashe】沉浸劇情、主線體驗、角色扮演、星潮與回憶的旅程,2026-09-23T12:29:36Z,https://www.youtube.com/watch?v=ron0ENqiXfg,https://i.ytimg.com/vi/ron0ENqiXfg/mqdefault_live.jpg
cc1bad00639b4149b277f0d2e99c2abe,live,【推理之夜】初階場-狼美人/騎士,2026-09-23T12:29:41Z,https://www.youtube.com/watch?v=0BEhb8lycvQ,https://i.ytimg.com/vi/0BEhb8lycvQ/mqdefault_live.jpg
cd542f88cc8b47d087301d567b7cebca,live,【今晚睡沙發？/他又睡著了？】讓我來看看究竟是怎麼回事？我應該可以睡房間地板吧！🐉💧斐莉雅 Felia#FeliaLive#初見歡迎,2026-09-23T12:29:43Z,https://www.youtube.com/watch?v=Yho3oS3_eLU,https://i.ytimg.com/vi/Yho3oS3_eLU/mqdefault_live.jpg
7b00dfda406f484eaf75107c186abe33,live,軟爛雜談(陪伴聊天  #初見大歡迎 #新人vtuber #歡迎降落  #台v #個人vtuber  #超甲組系vtuber,2026-09-23T12:29:51Z,https://www.youtube.com/watch?v=fs_HOHzxKkM,https://i.ytimg.com/vi/fs_HOHzxKkM/mqdefault_live.jpg
0d717ed7ec134fb6ac94ce9dc4e25658,live,【嘎嘎雜談】最近整天都跟嘎嘎泡在一起 聊聊小王子的搞笑事蹟【希洛萊昂 Shiro Leon】#萊覲見 #初見歓迎,2026-09-23T12:29:55Z,https://www.youtube.com/watch?v=SYHnDo-Z_0o,https://i.ytimg.com/vi/SYHnDo-Z_0o/mqdefault_live.jpg
80c426d23cdb4dcda1d1a0a1bd7e0245,live,★ 阿嚕 ★0923 無聲台 看能有多少人   ★ !魔丸娛樂 ★,2026-09-23T12:29:55Z,https://www.twitch.tv/sun294g,https://static-cdn.jtvnw.net/previews-ttv/live_user_sun294g-{width}x{height}.jpg
a1ef171711404951a987f4c9bc5e64f0,upcoming,【生日配信&茶繪】今天我生日LA！來陪我畫畫過生日吃蛋糕吧！！！【雜談茶繪】,2026-09-23T12:30:00Z,https://www.youtube.com/watch?v=VUZ9JQZf3Rs,https://i.ytimg.com/vi/VUZ9JQZf3Rs/mqdefault_live.jpg
118c05e7f751446abee5fc827fda0215,upcoming,[Cinderia] 歡迎進入黑暗的童話世界 【獅子山 Rio】,2026-09-23T12:30:00Z,https://www.youtube.com/watch?v=KTbu3AOquHw,https://i.ytimg.com/vi/KTbu3AOquHw/mqdefault_live.jpg
341ca5efce084743977d3b74315a30ab,upcoming,𓃠【遊戲】抓呀 來抓呀 ! | 伊莫【昴 ‧ 艾姆  Pleiades】𓃠,2026-09-23T12:30:00Z,https://www.youtube.com/watch?v=czbusfN-SQw,https://i.ytimg.com/vi/czbusfN-SQw/mqdefault_live.jpg
5f0afd7885894861925e7030c096297e,upcoming,【聖火降魔錄 萬縷千絲】#5 凱伊篇第八章，凱伊你真的不是中央空調嗎？NS2獨佔，風花雪月同世界觀聖火最新作｜ファイアーエムブレム 万紫千紅【柴豆古琳】遊戲直播,2026-09-23T12:30:00Z,https://www.youtube.com/watch?v=4VGhXZUPQ40,https://i.ytimg.com/vi/4VGhXZUPQ40/mqdefault_live.jpg
ac2b3c839ed14b12af1acecf322a15bd,upcoming,【夜見愛夢】GOGH雜談｜9/26-27台南十鼓魔法動漫祭｜攤位宣傳圖製作中 #台灣vtuber #台V #twvtuber,2026-09-23T12:30:00Z,https://www.youtube.com/watch?v=1x6A9ZR9LKs,https://i.ytimg.com/vi/1x6A9ZR9LKs/mqdefault_live.jpg
5de329cf8bc5410fb40ef38d117be94d,upcoming,【劇情歌回】天官賜福，百無禁忌 #冬鈴 #唱歌 @mian-hua-mei,2026-09-23T12:30:00Z,https://www.youtube.com/watch?v=4ZFrnAMygrc,https://i.ytimg.com/vi/4ZFrnAMygrc/mqdefault_live.jpg
60602526ae1d48688c23a74b3cb527e8,upcoming,【No Results Found】迷案調查再續！剩不多了要看到整個事件的全貌了！BTW結束會來雜談一下！,2026-09-23T12:30:00Z,https://www.youtube.com/watch?v=YSsDykTagCg,https://i.ytimg.com/vi/YSsDykTagCg/mqdefault_live.jpg
6a9a7c7dc3f94605b5f619e9fbcfa33d,upcoming,【晚餐雜談】搬家超人是我🤍新家的第一場直播！終於沒被斷網拉~~｜拉斐利婭Laphria,2026-09-23T12:30:00Z,https://www.youtube.com/watch?v=e-41bfbzvAA,https://i.ytimg.com/vi/e-41bfbzvAA/mqdefault_live.jpg
2875db54b5d74d01b301d63d36dd6fbf,upcoming,【希房料理】今年中秋來一顆香香酥酥的螺旋酥吧 ! 結束最後有抽獎噢 !    ⚠️露手注意⚠️【莉希特Licht】,2026-09-23T12:30:00Z,https://www.youtube.com/watch?v=NHGIp6hJIIk,https://i.ytimg.com/vi/NHGIp6hJIIk/mqdefault_live.jpg
3e6a09fe4ef744f987e27ae0f06cdf09,upcoming,【遊雜】還沒想好要玩什麼但是會玩可以聊天的遊戲🎮 | 知花Chika,2026-09-23T12:30:00Z,https://www.youtube.com/watch?v=3aqpE7h68rU,https://i.ytimg.com/vi/3aqpE7h68rU/mqdefault_live.jpg
676db89cb8a9483486442231b615b46f,live,【遊戲時間】 cyberpunk 2077 | 怎麼刪除記憶呢？ | !簽到 !指令,2026-09-23T12:30:15Z,https://www.twitch.tv/yanagi8960,https://static-cdn.jtvnw.net/previews-ttv/live_user_yanagi8960-{width}x{height}.jpg
699b0baa82d0413aa073155683edcd56,live,【一周年加班台Day245】【Overwatch】0923 大佬撈撈 我菜菜 ft. @jiedao0928 @zxc8049771 @shimotsuki_myia @niming_0817 @rainnowing0908 | @yukibu_yuma,2026-09-23T12:30:21Z,https://www.twitch.tv/yukibu_yuma,https://static-cdn.jtvnw.net/previews-ttv/live_user_yukibu_yuma-{width}x{height}.jpg
3bc6afb820df4f59b2c6ff1c25d1eed3,upcoming,🌹【克式畫紫】繪圖雜談主題～魔法騎士 2026-09-23【香港Vtuber】,2026-09-23T12:30:28Z,https://www.youtube.com/watch?v=jqZ_jFv66ns,https://i.ytimg.com/vi/jqZ_jFv66ns/mqdefault_live.jpg
6f68d3f50edf4814b59a4a018090b180,live,【點歌雜】什麼怎麼又是點歌雜 #初見歓迎【雨水AmamizuRaindrop】,2026-09-23T12:30:28Z,https://www.youtube.com/watch?v=hBhSYnPemCg,https://i.ytimg.com/vi/hBhSYnPemCg/mqdefault_live.jpg
6e6fd1311d2f42228faa8b1ccb0fa589,live,【Hollow Knight #20】站在白宮裡面，猶豫著到底要不要苦痛。【桃米糰子】,2026-09-23T12:30:41Z,https://www.youtube.com/watch?v=MOBTEZ-SuBs,https://i.ytimg.com/vi/MOBTEZ-SuBs/mqdefault_live.jpg
cdb5c89f61c94949a989457cf549b7e4,live,🍓血百合：殺人魔別夾在百合間 ♥ˎˊ˗  看台抽序號一起玩！究竟兇手會是誰呢？ ♡.゜〖莓芊時戀💖┊Blood Lily: Killers Can't Sink a Yuri Ship〗,2026-09-23T12:31:01Z,https://www.youtube.com/watch?v=ZJVGWlXt5NQ,https://i.ytimg.com/vi/ZJVGWlXt5NQ/mqdefault_live.jpg
23ec5ecfb8c14ea893576783f1790643,live,【劫羅】《歌雜之夜》🖤聽聽歌嗎🖤你來嗎?來了就別走了【歌雜】,2026-09-23T12:31:48Z,https://www.youtube.com/watch?v=hvkvccLZvWI,https://i.ytimg.com/vi/hvkvccLZvWI/mqdefault_live.jpg
4c127c01ba31487599018fc81ff1a3dd,live,🔴 來當最強接待員吧!《加爾巴泰因: 冒險者公會事務所》#1,2026-09-23T12:32:25Z,https://www.youtube.com/watch?v=HTcCfqEBPFU,https://i.ytimg.com/vi/HTcCfqEBPFU/mqdefault_live.jpg
a3afce163c9341c992f526816d9d5440,live,即興直播|新賽季~在牛鬼蛇神中求生存~ 歡迎同樂 [王者榮耀/ 國際服],2026-09-23T12:33:04Z,https://www.youtube.com/watch?v=XD5zaF8UL_I,https://i.ytimg.com/vi/XD5zaF8UL_I/mqdefault_live.jpg
54e70d7cc2fb4c6da0d833519331c770,live,⋮  9/23 │ 與新朋友們瓦wa！ft. @kangkang0411 @linglai8787 @mon9876 @wowapog │ !委託 !排隊 !簽到回饋 !喵喵籤 !周邊 │ @t… ^⑉･-･⑉^ ੭,2026-09-23T12:33:16Z,https://www.twitch.tv/ting1an_,https://static-cdn.jtvnw.net/previews-ttv/live_user_ting1an_-{width}x{height}.jpg
c265c71f4d2744919a319f0f38c008f9,live,0923 唱歌聊天啊! 自主訂閱++新增忠誠點數兌換 !簽到,2026-09-23T12:33:54Z,https://www.twitch.tv/hinata__0419,https://static-cdn.jtvnw.net/previews-ttv/live_user_hinata__0419-{width}x{height}.jpg
43e557d175ce462b97c4c406954d8c04,live,🎄【🏫#迎真創意學院/🪿鵝鴨殺】千橋視角之腦力派對學會主辦的鵝鴨殺\ 初見歡迎！/【⭐一隻阿橋 | 粵語 | HKVtuber🐿️】【22.09.2026】🎄,2026-09-23T12:33:57Z,https://www.twitch.tv/ahashikkiu_,https://static-cdn.jtvnw.net/previews-ttv/live_user_ahashikkiu_-{width}x{height}.jpg
43e557d175ce462b97c4c406954d8c04,live,🎄【🏫#迎真創意學院/🪿鵝鴨殺】千橋視角之腦力派對學會主辦的鵝鴨殺\ 初見歡迎！/【⭐一隻阿橋 | 粵語 | HKVtuber🐿️】【22.09.2026】🎄,2026-09-23T12:33:58Z,https://www.youtube.com/watch?v=V7pIdzgZ-cw,https://i.ytimg.com/vi/V7pIdzgZ-cw/mqdefault_live.jpg
cec266a3203a4d1599494b42f35b4012,live,【Valheim】坐在椅子上睡覺要好痛 | 歡迎大家來跟阿邊聊天 @cuterban | With.很多人,2026-09-23T12:34:51Z,https://www.twitch.tv/cuterban,https://static-cdn.jtvnw.net/previews-ttv/live_user_cuterban-{width}x{height}.jpg
ee77ed51da394f02b72c33756b155eac,live,[Valheim]20260923 | 灰燼之地？  @cknekko @alicekifikar @hitomi_0311_ @theahjohn @idalam3027 @cuterban,2026-09-23T12:35:20Z,https://www.twitch.tv/cknekko,https://static-cdn.jtvnw.net/previews-ttv/live_user_cknekko-{width}x{height}.jpg
927ce160c29f4465ba196c3e1b8fee1c,live,【0923】怎麼又來絕亞坐牢(｡í ˰ ì｡)｜@kai_Alluria｜!地下城 !魔儲 !dc !隊友,2026-09-23T12:35:27Z,https://www.twitch.tv/kai_alluria,https://static-cdn.jtvnw.net/previews-ttv/live_user_kai_alluria-{width}x{height}.jpg
fb23227395a04a26abe441d1ac7978de,live,【Ling】Valorant—首先 買冠軍組合包 再來發槍發槍發槍 !加速器,2026-09-23T12:35:52Z,https://www.twitch.tv/bellling310,https://static-cdn.jtvnw.net/previews-ttv/live_user_bellling310-{width}x{height}.jpg
fb23227395a04a26abe441d1ac7978de,live,【Ling】Valorant—首先 買冠軍組合包 再來發槍發槍發槍,2026-09-23T12:35:58Z,https://www.youtube.com/watch?v=dxL0H4lUv7w,https://i.ytimg.com/vi/dxL0H4lUv7w/mqdefault_live.jpg
a3bbe09809e141e5b0658a79ba63f977,live,【之沙Zssa】HellDivers II | 新戰爭債券來了！ | 坐等魔審PC版更新 | 魔法少女的魔女審判是我心中的神作 | @zssa_alton | 本台支援7tv→ !7tv【9/23】,2026-09-23T12:36:37Z,https://www.twitch.tv/zssa_alton,https://static-cdn.jtvnw.net/previews-ttv/live_user_zssa_alton-{width}x{height}.jpg
05d19eac5d22427f916e6fa59bf17b3b,live,【9/23】 欸嘿,2026-09-23T12:36:51Z,https://www.twitch.tv/orangecat331,https://static-cdn.jtvnw.net/previews-ttv/live_user_orangecat331-{width}x{height}.jpg
16896dffcb474d7aa21540c944a2f7de,live,9/23 這幾天上班好累 下棋放鬆一下看能不能衝到白金 VIP會員可以使用忠誠點數兌換超級香的圖囉,2026-09-23T12:39:42Z,https://www.twitch.tv/wuwind1767,https://static-cdn.jtvnw.net/previews-ttv/live_user_wuwind1767-{width}x{height}.jpg
def76c5c31fe4466b5ae6e6940ae6e58,live,▶遊戲直播◁ 桌面探索者 Desktop Explorer 🖥 90年代的電腦裡埋藏的秘密是...⁉【NAGISA凪砂 / HKVtuber】,2026-09-23T12:39:46Z,https://www.youtube.com/watch?v=xHT7q13EPP8,https://i.ytimg.com/vi/xHT7q13EPP8/mqdefault_live.jpg
cad8c81461ac41c887bdf3617ccdaee6,live,最終章了 有點捨不得,2026-09-23T12:40:37Z,https://www.twitch.tv/plumycola,https://static-cdn.jtvnw.net/previews-ttv/live_user_plumycola-{width}x{height}.jpg
32b83b466c11418bb380623a95944302,live,試試新遊戲【無界V】,2026-09-23T12:40:51Z,https://www.twitch.tv/mao_mukai,https://static-cdn.jtvnw.net/previews-ttv/live_user_mao_mukai-{width}x{height}.jpg
db86eecb7c7047a984098e23de131e29,live,【鬼武者 鬼殺難度】鬼殺真的好難，希望打佐佐木一切順利 ㊣ JKY,2026-09-23T12:40:55Z,https://www.twitch.tv/jkybrain,https://static-cdn.jtvnw.net/previews-ttv/live_user_jkybrain-{width}x{height}.jpg
db86eecb7c7047a984098e23de131e29,live,【鬼武者 鬼殺難度】鬼殺真的好難，希望打佐佐木一切順利 ㊣ JKY,2026-09-23T12:40:59Z,https://www.youtube.com/watch?v=d5v0GaYN68c,https://i.ytimg.com/vi/d5v0GaYN68c/mqdefault_live.jpg
a168211aa3dd451cb33e09b80df0ea0a,live,"【絕命異次元】第十二章,運送神印?!!｜神崎アルファ",2026-09-23T12:41:14Z,https://www.youtube.com/watch?v=oUB1HqtCRGw,https://i.ytimg.com/vi/oUB1HqtCRGw/mqdefault_live.jpg
0a000a22ebd84abf860bcd5ef0a5ed60,live,感冒還沒完全好有點累累，來玩一個輕鬆的小遊戲邊偷吃東西🧸9月訂閱優惠先退訂再重訂6個月超划算哦👑!揪團轉盤 !指令 !愛貓排,2026-09-23T12:42:13Z,https://www.twitch.tv/nekokatsu_0104,https://static-cdn.jtvnw.net/previews-ttv/live_user_nekokatsu_0104-{width}x{height}.jpg
8309d31b418642db83f0cf56b38fc9ad,live,【沉默之丘：殞落小鎮】#1 歡迎來到一個怎麼看都不該進去的小鎮 ｜Silent Hill : Townfall ｜狸野梨 Rieri,2026-09-23T12:42:42Z,https://www.youtube.com/watch?v=fJqfH-sSmsA,https://i.ytimg.com/vi/fJqfH-sSmsA/mqdefault_live.jpg
5dc565de88a948ecb092cce178aafe60,live,23 SEP | 4級甲已解鎖,2026-09-23T12:43:12Z,https://www.twitch.tv/himuvtuber,https://static-cdn.jtvnw.net/previews-ttv/live_user_himuvtuber-{width}x{height}.jpg
bed176f79b074789ba4d21c90ca54a9c,live,9/23   【緋緋】原來是叫ㄉㄢˇ飯不是動喔??,2026-09-23T12:43:24Z,https://www.twitch.tv/fat0615,https://static-cdn.jtvnw.net/previews-ttv/live_user_fat0615-{width}x{height}.jpg
a24116ba22c84747818b7be8cd8eb733,live,【0923】『#genshin』沃要抽卡，沃不需要驗牌！ | EN OK | @evalorr | !yt !dc,2026-09-23T12:43:56Z,https://www.twitch.tv/evalorr,https://static-cdn.jtvnw.net/previews-ttv/live_user_evalorr-{width}x{height}.jpg
a24116ba22c84747818b7be8cd8eb733,live,【#原神 】沃要抽卡，沃不需要驗牌！ |【eValorr 海豚】#malaysiavtuber,2026-09-23T12:44:08Z,https://www.youtube.com/watch?v=uXAORt_6TP8,https://i.ytimg.com/vi/uXAORt_6TP8/mqdefault_live.jpg
c518b228a5a849179ab26f28d230036e,live,傳說對決 | 全服最強星葵 | 好久沒打了新版本來打打看!!,2026-09-23T12:44:47Z,https://www.youtube.com/watch?v=crXC7SmgOAo,https://i.ytimg.com/vi/crXC7SmgOAo/mqdefault_live.jpg
a2c7c34474174cd2bffcc17a32aeec21,upcoming,【#歌枠】總是懷疑自己是否能成為星星 ｜2.0募資中 #睡眠導入 #初見歓迎 #降落歡迎,2026-09-23T12:45:00Z,https://www.youtube.com/watch?v=iU3OLW-0qUA,https://i.ytimg.com/vi/iU3OLW-0qUA/mqdefault_live.jpg
6bf231719d5e485fa0cdee99905858d4,live,【09/23】魔法學院RP｜凍狼學院｜賽勒絲汀・沃爾夫 Celestine Wolfe ｜扮演期間可能無法回復聊天室,2026-09-23T12:45:24Z,https://www.twitch.tv/xiaoke0109,https://static-cdn.jtvnw.net/previews-ttv/live_user_xiaoke0109-{width}x{height}.jpg
c7f53f2fbdbe4db488629ab4d738a16a,live,❤️Demonologist聯動❤️ 快樂聊天W  2026年目標千追WW ft.,2026-09-23T12:45:51Z,https://www.twitch.tv/yanyuanxi,https://static-cdn.jtvnw.net/previews-ttv/live_user_yanyuanxi-{width}x{height}.jpg
c8be9c7ed05442dcb2b278dc5a6bc1de,live,9/23 ฅ咪咪莎ฅ  ~打麻日常~各位咪咪貓都好可愛,2026-09-23T12:46:17Z,https://www.twitch.tv/shakumi393,https://static-cdn.jtvnw.net/previews-ttv/live_user_shakumi393-{width}x{height}.jpg
a2c7c34474174cd2bffcc17a32aeec21,live,【歌枠】總是懷疑自己是否能成為星星｜2.0募資中,2026-09-23T12:46:20Z,https://www.twitch.tv/oviii_elves,https://static-cdn.jtvnw.net/previews-ttv/live_user_oviii_elves-{width}x{height}.jpg
7d66bf98da354f72baee891cdd91855b,live,//歌枠// 我很認真的唱歌 但是語言不是本來的語言 | 賽特珞 Cetro,2026-09-23T12:46:53Z,https://www.youtube.com/watch?v=gSWgNQgTcwo,https://i.ytimg.com/vi/gSWgNQgTcwo/mqdefault_live.jpg
105f7890339346329ab408f423f617c3,live,【u魚】9/23 | 差點被螞蟻搬走 | 5000追隨衝刺! | ❤自主訂閱告急❤ | !衣服 !點歌 !DC !簽到 !ID !老婆 | @ufish_uwu,2026-09-23T12:49:53Z,https://www.twitch.tv/ufish_uwu,https://static-cdn.jtvnw.net/previews-ttv/live_user_ufish_uwu-{width}x{height}.jpg
3809ec8a42634d11aa1b7b8f99755c6a,live,【琉花花】9/23 | 明天去wf |  委託排單11月 |   !周邊  !DC !貓咪 !點歌,2026-09-23T12:51:40Z,https://www.twitch.tv/mayberuu,https://static-cdn.jtvnw.net/previews-ttv/live_user_mayberuu-{width}x{height}.jpg
4e5a8a6380764f9b9f28732968e4aac8,live,[EN/中] So many game update but meow :3 | !donate !youtube | 23.09.2026,2026-09-23T12:51:58Z,https://www.twitch.tv/chueyvt,https://static-cdn.jtvnw.net/previews-ttv/live_user_chueyvt-{width}x{height}.jpg
ca4210c7562b479cb3af76082fb70fcd,live,9/23 【亞希】好耶今天來跑新劇情~! 我好興奮RRRRR! 劇情中請勿暴雷呦! 掛台大感謝~!,2026-09-23T12:54:09Z,https://www.twitch.tv/sennna_aki,https://static-cdn.jtvnw.net/previews-ttv/live_user_sennna_aki-{width}x{height}.jpg
6443d56896a848dd820e339b5f81e292,live,【魔法學院】✿波瑟芬妮.德爾菲，老虎學院DAY19 我超勇，歡迎跟我聊天✿｜黟龍龍Yironron,2026-09-23T12:54:19Z,https://www.twitch.tv/yironron,https://static-cdn.jtvnw.net/previews-ttv/live_user_yironron-{width}x{height}.jpg
8f1a38101d324afcbfc7df27d5d1e0a9,live,【棕色塵埃2】最喜歡山城戀這種囂張的角色了 繼續來抽+5｜赤斯特 Llama_Pez,2026-09-23T12:55:14Z,https://www.youtube.com/watch?v=qziIDR7E5Ng,https://i.ytimg.com/vi/qziIDR7E5Ng/mqdefault_live.jpg
e210fb08b0744535a907823fa9f062cc,live,【ABI】解33加被盜的第N天 (JP/中) !貓砂 !愛兔猻 !暗區 !儲值 !男娘電競 #初見歡迎 #歡迎掛台,2026-09-23T12:55:17Z,https://www.twitch.tv/felis0423,https://static-cdn.jtvnw.net/previews-ttv/live_user_felis0423-{width}x{height}.jpg
3005ff0c09064d7f924c506e1e9c18ba,live,【猫夜凜】絕亞團 | @nekoyarin |  !魔儲  | 9/23,2026-09-23T12:55:46Z,https://www.twitch.tv/nekoyarin,https://static-cdn.jtvnw.net/previews-ttv/live_user_nekoyarin-{width}x{height}.jpg
45d566a561914da0a15a5a21574eb30a,live,【天月麻雀】觀眾場開張囉~歡迎來跟麒麟打麻將!!【星霜祈Seisou_Inori】,2026-09-23T12:56:26Z,https://www.youtube.com/watch?v=-RHVBU0CChw,https://i.ytimg.com/vi/-RHVBU0CChw/mqdefault_live.jpg
607d6173383c4118a32171fbcfc98e60,live,欸 遊戲 (⑉• •⑉)♡,2026-09-23T12:56:46Z,https://www.twitch.tv/musha0324,https://static-cdn.jtvnw.net/previews-ttv/live_user_musha0324-{width}x{height}.jpg
d12c381ce5044844ad4bd624085026bc,live,【#恐怖遊戲】《國語文測驗系統》不知道恐怖的點是不是考試欸... #新人vtuber #台V #初見歡迎,2026-09-23T12:57:31Z,https://www.youtube.com/watch?v=KKPmTq5gr9g,https://i.ytimg.com/vi/KKPmTq5gr9g/mqdefault_live.jpg
cd4c94db2aed435794cc7e55999016e7,live,【迎真桌遊學會】Baldur's Gate 3 (2026/09/22),2026-09-23T12:58:00Z,https://www.twitch.tv/mine_nekomura,https://static-cdn.jtvnw.net/previews-ttv/live_user_mine_nekomura-{width}x{height}.jpg
ebe5c5f9d67f44f3bc5e70b413ce9df7,live,【0923】跟超多朋朋的麥塊狼人殺! !抖內 !魔儲 !手機殼 !深度   @ekorru  !抖內 !指令 !YT !dc !晚餐 可以用7tv唷【依可露】,2026-09-23T12:58:04Z,https://www.twitch.tv/ekorru,https://static-cdn.jtvnw.net/previews-ttv/live_user_ekorru-{width}x{height}.jpg
62b58adde13f4a73ab406f857d730e20,live,【小璃代班台】測試新工具~陪我聊天啦!!! #初見歡迎 #AI主播,2026-09-23T12:58:19Z,https://www.youtube.com/watch?v=lJV4uHdQtiE,https://i.ytimg.com/vi/lJV4uHdQtiE/mqdefault_live.jpg
7805f5aaa7be47878ebcf88c6ff4669a,live,【 璃Miri 】先來看一下更新！等等玩海王遊戲( ? ),2026-09-23T12:58:33Z,https://www.twitch.tv/miri_aetris,https://static-cdn.jtvnw.net/previews-ttv/live_user_miri_aetris-{width}x{height}.jpg
bb28421da8a749ffb1ca8582b6278c24,live,【麻將段位場】喉嚨復健中，《天月麻雀》段位｜追隨衝刺中，歡迎降落♥ !YT !dc !魔儲 !布丁,2026-09-23T12:58:57Z,https://www.twitch.tv/kikyouhyakkain,https://static-cdn.jtvnw.net/previews-ttv/live_user_kikyouhyakkain-{width}x{height}.jpg
b42416c629e64c948f75aff4ff5c9a8a,live,麥塊列車狼人殺 ft.很多人｜@aesopdu ✅紫勾第二階段衝刺中 !紀念周邊,2026-09-23T12:58:59Z,https://www.twitch.tv/aesopdu,https://static-cdn.jtvnw.net/previews-ttv/live_user_aesopdu-{width}x{height}.jpg
637a5867616a436ba0f7cdd36057f55a,live,雜談 | 跟大家聊聊近況跟後續的進度,2026-09-23T12:59:04Z,https://www.youtube.com/watch?v=M4oLveBHayQ,https://i.ytimg.com/vi/M4oLveBHayQ/mqdefault_live.jpg
21d5855a8c7d4461b286d40c167ac093,live,【🔥掉寶啟用🔥】究極砲兵陣地 ✨| 主播拚兩千追，請點擊追隨✔️| 歡迎掛台揪團，掛台音量記得開5%🥵| 會員歡迎進DC一起玩 |🔴ARIA軍武動漫雜談 #vtuber,2026-09-23T12:59:08Z,https://www.twitch.tv/ariaarmoryyt,https://static-cdn.jtvnw.net/previews-ttv/live_user_ariaarmoryyt-{width}x{height}.jpg
add8ccfa282a4524ae5b5d8435279bf7,live,【夜色輕唱⋆｡·☁︎】獨立樂團歌回：那些直擊人心的歌是否被傾聽🎐│ Ms.林鈴 #初見歡迎 #降落歡迎,2026-09-23T12:59:17Z,https://www.youtube.com/watch?v=19k8EwAgkZw,https://i.ytimg.com/vi/19k8EwAgkZw/mqdefault_live.jpg
aa1bb853e814428eb663082b28309309,live,【遊戲】#楔在要心動｜ 心動小鎮✨今天同樣是烹飪時間嗎（？ #楔在進行式 #初見歡迎 #歡迎降落,2026-09-23T12:59:28Z,https://www.youtube.com/watch?v=HparAF4kdJM,https://i.ytimg.com/vi/HparAF4kdJM/mqdefault_live.jpg
822b9b7a9eca49df9bfd617a19b274b0,live,[Marvel Rivals] I GOT A NEW SKIN w/ Amai,2026-09-23T12:59:44Z,https://www.youtube.com/watch?v=bByG7eqpGHE,https://i.ytimg.com/vi/bByG7eqpGHE/mqdefault_live.jpg
6ddea98137e2429eb0e9c4025ad9294f,live,【遊戲】Papercut Art Gallery 一起來玩療癒剪紙不是減脂遊戲 | 韶花 #初見歡迎 #降落歡迎,2026-09-23T12:59:48Z,https://www.youtube.com/watch?v=Do7naguMLiY,https://i.ytimg.com/vi/Do7naguMLiY/mqdefault_live.jpg
b399afc661d04f47acc9d0681be343b4,upcoming,【💙繪圖】週三來畫畫🎨來陪狼狼邊畫邊聊～🐺 | 09/23 | 小資狼 Shoshiro,2026-09-23T13:00:00Z,https://www.youtube.com/watch?v=A2X4cJRT494,https://i.ytimg.com/vi/A2X4cJRT494/mqdefault_live.jpg
3a43445829024217b728d04d5398b61c,upcoming,🦄寶可樂園☆開箱實況~PTCG 30th CELEBRATION✨30週年紀念卡牌開箱！今天悠妮要跟神卡正面對決！FT.黑羊める #ptcg #pokemon 【悠妮涅可💜Unineko】,2026-09-23T13:00:00Z,https://www.youtube.com/watch?v=Ja_JraSMvCc,https://i.ytimg.com/vi/Ja_JraSMvCc/mqdefault_live.jpg
904f58005872497b82964fff25490152,upcoming,【遊戲台】雛子家水很深《沉默之丘f / SILENT HILL f》【伊利希恩/Vtuber】,2026-09-23T13:00:00Z,https://www.youtube.com/watch?v=7xN_XGsc344,https://i.ytimg.com/vi/7xN_XGsc344/mqdefault_live.jpg
e4e33334b43945b6837ec43826f3727f,upcoming,🌙【#雜談】聊聊天修養喉嚨今天歌回暫停💙 🌊 ⊹ ࣪ ˖ | 藍玥Lan Yue #初見歓迎 #降落歡迎,2026-09-23T13:00:00Z,https://www.youtube.com/watch?v=iC_BRVMzBew,https://i.ytimg.com/vi/iC_BRVMzBew/mqdefault_live.jpg
e6a9746af2a84387b6ed5a7d3a4434da,upcoming,【#遊戲 】BOMBANANA! 吉比視角  這個月的馬璐過完我們還能是好朋友嗎???下個月還有馬路能過嗎?????【格蘭妮亞吉比 】,2026-09-23T13:00:00Z,https://www.youtube.com/watch?v=QMhyafGA-7k,https://i.ytimg.com/vi/QMhyafGA-7k/mqdefault_live.jpg
3a8fe50b02d04b45af3974ed979c52eb,upcoming,【SANABI#2】任務更新！為了尋找幕後黑手，和愛碎碎念的臭屁駭客小夥伴一起向最上層前進！｜露比艾比,2026-09-23T13:00:00Z,https://www.youtube.com/watch?v=zqGN5-EblE8,https://i.ytimg.com/vi/zqGN5-EblE8/mqdefault_live.jpg
a55a6a4b6453413cb8b1dc69423b67d5,upcoming,神ストーリー！！【 活俠傳 (Legend of Mortal) 】（# 12）顔も才能もない主人公を立派な侠客にしたい！台湾産今話題の武侠RPG｜台湾ゲーム配信｜ 台湾大学生みやび,2026-09-23T13:00:00Z,https://www.youtube.com/watch?v=f9re-9e2A0Y,https://i.ytimg.com/vi/f9re-9e2A0Y/mqdefault_live.jpg
9b37ec730a37424799c01f1bb2fa829c,upcoming,【游戲 | 小偷模擬器 Part 3】敲敲門，讓我進來！ #馬來西亞vtuber #新人vtuber,2026-09-23T13:00:00Z,https://www.youtube.com/watch?v=o6M3QEGD4uk,https://i.ytimg.com/vi/o6M3QEGD4uk/mqdefault_live.jpg
ba59bb31bbcd4cf3a481c4cf72918fb0,upcoming,🔴【Happy Wheels】快樂輪椅一點都不快樂！見證阿伯的100種死法...♿【米亞Mya】,2026-09-23T13:00:00Z,https://www.youtube.com/watch?v=jyrj144Da6o,https://i.ytimg.com/vi/jyrj144Da6o/mqdefault_live.jpg
5535c9524eb046c38e172ebfa06b302f,upcoming,🔴【原神】「薇斯納」&「沃雅妮莎」，一次兩個角色😱！ ▹璐洛洛◃,2026-09-23T13:00:00Z,https://www.youtube.com/watch?v=HtPKZiCIvbU,https://i.ytimg.com/vi/HtPKZiCIvbU/mqdefault_live.jpg
6559d42f66684b8f80b4cd4589addd85,upcoming,【 麥境 】鴨子園 | 從0開始 | 沒想到伊比回歸〖鴨鴨伊比．AhiruIbi 〗,2026-09-23T13:00:00Z,https://www.youtube.com/watch?v=F0oVFxH_wnM,https://i.ytimg.com/vi/F0oVFxH_wnM/mqdefault_live.jpg
bf197e3d2cd6400db5f7e397427965e5,upcoming,【松鹿三明治】🥪 深夜萬惡吃貨台 🌙 大啖松鹿三明治 🥪【葵栗鹿鹿】,2026-09-23T13:00:00Z,https://www.youtube.com/watch?v=mDAT5zuirdk,https://i.ytimg.com/vi/mDAT5zuirdk/mqdefault_live.jpg
a64ba9e0b7dd4de58ffbdf9ca043a90b,upcoming,【Resident Evil 9 Requiem】受夠葛蕾斯的東躲西藏，什麼時候才輪到里昂出場？【暮恩 MuEn】,2026-09-23T13:00:00Z,https://www.youtube.com/watch?v=d-PaTE60j0M,https://i.ytimg.com/vi/d-PaTE60j0M/mqdefault_live.jpg
3c1783f6914f414b830c836829d1afa2,upcoming,「#雜談」快要到連假了～大家加油！悠悠來幫你回血(´･ω･`)#個人勢 #降落歡迎,2026-09-23T13:00:00Z,https://www.youtube.com/watch?v=GqILrS_DbQM,https://i.ytimg.com/vi/GqILrS_DbQM/mqdefault_live.jpg
8e84dbdebec446bab8c82b3f0467f398,upcoming,【紅眼露比】好久沒打BOSS了，聽說可以一直打一直爽?【好冷又好爽】,2026-09-23T13:00:00Z,https://www.youtube.com/watch?v=uYzMyU94Q7g,https://i.ytimg.com/vi/uYzMyU94Q7g/mqdefault_live.jpg
46954e0541644057a88f590a4739722c,upcoming,【歌雜】歡迎來到斗內練歌回！！🌊 沐玖Mujiu #初見歡迎 #降落歡迎,2026-09-23T13:00:00Z,https://www.youtube.com/watch?v=w8vAGLdN7Bg,https://i.ytimg.com/vi/w8vAGLdN7Bg/mqdefault_live.jpg
ea4c1a67c2e445ad8028768616ceb659,upcoming,【🥞線下轉盤酒雜】跟歐咖咪來喝酒啦！我今天不會醉不會醉【洛可洛斯特 / VTUBER】ft.黑銀夜烏 @KarasuNK,2026-09-23T13:00:00Z,https://www.youtube.com/watch?v=fge9n_BG4Ac,https://i.ytimg.com/vi/fge9n_BG4Ac/mqdefault_live.jpg
6cc5ac707eed4f9e9b5bc7b2f970fe1b,upcoming,【算掛台】幫觀眾算2位 (有需要可以加DC預約)【安無希/VTuber】 2026.0923,2026-09-23T13:00:00Z,https://www.youtube.com/watch?v=stE4c8Ius2k,https://i.ytimg.com/vi/stE4c8Ius2k/mqdefault_live.jpg
004e635d5d494045a810b2d026e769c7,upcoming,🃏🀄🎴黯蜜的複習時間【直播馬拉松--遊戲王 Master Duel】,2026-09-23T13:00:00Z,https://www.youtube.com/watch?v=3ueXBJ129SY,https://i.ytimg.com/vi/3ueXBJ129SY/mqdefault_live.jpg
787da9082edb4e9e9024a52cb12449e8,upcoming,【冰友來尬聊🧊】女生最討厭的男生類型二選一雜談台🎤冰塊子民男女開麥辯論台💛｜BGM打字雜談陪伴🧊｜Alice公主殿下｜#初見歡迎｜#vtuber #台v #台灣vtuber,2026-09-23T13:00:00Z,https://www.youtube.com/watch?v=fLLHiYfznTs,https://i.ytimg.com/vi/fLLHiYfznTs/mqdefault_live.jpg
5efb403f9a174bfd82d04d528a121042,upcoming,【護理師V】認識多年的護校同學來了！口無遮攔大爆料！？,2026-09-23T13:00:00Z,https://www.youtube.com/watch?v=lTjaCutbGx0,https://i.ytimg.com/vi/lTjaCutbGx0/mqdefault_live.jpg
acc6cc72bdb74a74a719cc41baf0aade,upcoming,【遊戲】天月麻雀｜打飛蛋糕就免費送會員時間🍰💥不香嗎快來參加！！(切哩視角🍒) #觀眾場 #参加型 #初見歡迎 #Caking【Cake's】,2026-09-23T13:00:00Z,https://www.youtube.com/watch?v=NvnRX1Agj0c,https://i.ytimg.com/vi/NvnRX1Agj0c/mqdefault_live.jpg
51a882d77c24494d92605b5b75424603,upcoming,與只負責動一張嘴的咖啡師探險邪教小鎮真是猝不及防【 OUTLAST2｜EP02 】Ft. 雨歌冷冷 #降落歡迎,2026-09-23T13:00:00Z,https://www.youtube.com/watch?v=4aklg1G4Xm0,https://i.ytimg.com/vi/4aklg1G4Xm0/mqdefault_live.jpg
6503172c78774a0fa639255ac2e7e85a,upcoming,【工作台】FF14學會一百問解題篇【香港Vtuber/猫崎夜光】,2026-09-23T13:00:00Z,https://www.youtube.com/watch?v=yHqYBQrg2K4,https://i.ytimg.com/vi/yHqYBQrg2K4/mqdefault_live.jpg
cd88de8b4bc84a71975df9afb42192b8,upcoming,【唱歌直播】今天晚上也一起來聽歌吧【歌枠/Singing stream】,2026-09-23T13:00:00Z,https://www.youtube.com/watch?v=QPEO89crdx8,https://i.ytimg.com/vi/QPEO89crdx8/mqdefault_live.jpg
e0f419006f244a51804050ede1d1a5aa,upcoming,【Stardew Valley】 can we GET LEGENDARY FISH ALREADY ?!!!!,2026-09-23T13:00:00Z,https://www.youtube.com/watch?v=tuxAb4HbGAQ,https://i.ytimg.com/vi/tuxAb4HbGAQ/mqdefault_live.jpg
f4c357c0b7ae4891859ecd205d903dff,upcoming,【雑談】ゆ！Are！KING！｜星音ゆきHoshine Yuki&露眠Rumien,2026-09-23T13:00:00Z,https://www.youtube.com/watch?v=-Z4lOVnjxik,https://i.ytimg.com/vi/-Z4lOVnjxik/mqdefault_live.jpg
bc7d14416ba24cc8819f0753e1f595f5,upcoming,【Stardew Valley #22】We need to go to the islands!【ENG/中/日本語】,2026-09-23T13:00:00Z,https://www.youtube.com/watch?v=-bRgNKg4J_A,https://i.ytimg.com/vi/-bRgNKg4J_A/mqdefault_live.jpg
9604bd9896fc421ba131a9a6e11d50b0,upcoming,【APEX】 低音砲組合 @FuscA_ch 【#nurive】【#vtuber】,2026-09-23T13:00:00Z,https://www.youtube.com/watch?v=hb66sZnb_ec,https://i.ytimg.com/vi/hb66sZnb_ec/mqdefault_live.jpg
0ad03ee6159c4d37a4feccbc49ba3dcf,upcoming,【Vtuber默夜】來打個手遊    #初見歡迎 #降落歡迎,2026-09-23T13:00:00Z,https://www.youtube.com/watch?v=9ewy2kYrT5w,https://i.ytimg.com/vi/9ewy2kYrT5w/mqdefault_live.jpg
4de233ea7dfc4a7da1738ab627babd48,upcoming,【千訂穩定企劃－九日 Nine Sols】ep.04 要跟截哥一對一私下約會……嗎? [日本語/EN👌/初見歓迎] #IriLive #ninesols #九日,2026-09-23T13:00:00Z,https://www.youtube.com/watch?v=N_ny8_TftaY,https://i.ytimg.com/vi/N_ny8_TftaY/mqdefault_live.jpg
bb1cda940e0a44b3a25f3e368c19c490,upcoming,【#重大公告】發個重大公告一直被觀眾催婚？！近況、未來頻道方向＆近期活動宣傳！【採墨 ChatmurTalk】#台灣Vtuber #버튜버 #대만버튜버,2026-09-23T13:00:00Z,https://www.youtube.com/watch?v=-PtBsJCnO4M,https://i.ytimg.com/vi/-PtBsJCnO4M/mqdefault_live.jpg
988d1a83ff6c4f82af6be42946987c36,upcoming,恐懼源於火力不足，一槍在手誰能攔我💥｜【遊戲】沉默之丘：殞落小鎮 EP2,2026-09-23T13:00:00Z,https://www.youtube.com/watch?v=Bs6GdP46olg,https://i.ytimg.com/vi/Bs6GdP46olg/mqdefault_live.jpg
a667c79cb8284de29d5843dc3eafcc57,upcoming,【鬼武者】由我來...全部斬斷！ #鬼武者 #遊戲 #直播 #vtuber 【巴巴鼬戈  ︳Baba Yoger】,2026-09-23T13:00:00Z,https://www.youtube.com/watch?v=T1XuGdTpzAg,https://i.ytimg.com/vi/T1XuGdTpzAg/mqdefault_live.jpg
658e63bebdca421ca934b0bf6aa2bcd8,upcoming,【 #企劃 】講不出話就叫人幫我發言？我的代理人可以順利表達我想的意思嗎？【 灰妲 🦜FT.梓凜 薇妮 】#台灣vtuber,2026-09-23T13:00:00Z,https://www.youtube.com/watch?v=MWllccksiA0,https://i.ytimg.com/vi/MWllccksiA0/mqdefault_live.jpg
3dd8c72cab6d494dbd6fbf0a0e3dc41a,upcoming,【鬼武者】胖之一閃！  // リンコ パン Rinko Pan #個人勢vtuber,2026-09-23T13:00:00Z,https://www.youtube.com/watch?v=FAYLF011JzU,https://i.ytimg.com/vi/FAYLF011JzU/mqdefault_live.jpg
87e1b5eec62040118b6bd49efbe5d61c,upcoming,【陪浣熊工作台】生病逃出遊戲進行中,2026-09-23T13:00:00Z,https://www.youtube.com/watch?v=UCEm04C6krU,https://i.ytimg.com/vi/UCEm04C6krU/mqdefault_live.jpg
93a4d479e67242d58d3ff80307d3bc84,live,很chill的俄羅斯刺繡手作陪伴台,2026-09-23T13:00:00Z,https://www.twitch.tv/moonku_vt,https://static-cdn.jtvnw.net/previews-ttv/live_user_moonku_vt-{width}x{height}.jpg
2d84a02e592d4a92893b7cc36af95a26,live,【真愛粉測驗】誰是最懂真珠美人魚的電視兒童？｜妮亞露Nyaru,2026-09-23T13:00:04Z,https://www.youtube.com/watch?v=LKPhJHQx_8c,https://i.ytimg.com/vi/LKPhJHQx_8c/mqdefault_live.jpg
0df008566e92461eb808c5b3ba9c7f0f,upcoming,【天月麻雀觀眾場】改版全新雀士修女登場！但是我沒本錢抽抽了！【艾爾‧拉普塔斯】,2026-09-23T13:00:27Z,https://www.youtube.com/watch?v=Sjo8jhmtshg,https://i.ytimg.com/vi/Sjo8jhmtshg/mqdefault_live.jpg
4d0cbf91a5cb4524862207c5d406d98c,live,〖 歌回 〗不唱古風歌大挑戰...！今天是肚子痛塞思安 ║ 瑟思安Cesium,2026-09-23T13:00:32Z,https://www.youtube.com/watch?v=LIi33QOdVg8,https://i.ytimg.com/vi/LIi33QOdVg8/mqdefault_live.jpg
8f7fdc3104f541539132c122eeab6801,live,【遊戲】今天開始認真做任務！  #颯葻而至 #初見歡迎 #歡迎降落,2026-09-23T13:00:32Z,https://www.youtube.com/watch?v=XYdYE_6Tu0s,https://i.ytimg.com/vi/XYdYE_6Tu0s/mqdefault_live.jpg
fdbcdd7db6b04ed4b2336b1b3da66564,live,沒特別要幹嘛就Chill點,2026-09-23T13:00:32Z,https://www.twitch.tv/hiotoukei_ocs,https://static-cdn.jtvnw.net/previews-ttv/live_user_hiotoukei_ocs-{width}x{height}.jpg
eda6bf91049349e08f0f269fb4f8c0f9,live,🔴直播【 APEX 】┃夜幕降臨槍手上膛┃風鈴芽依TrumpetMei｜ @trumpetmei ｜!斗內 !YT !社群 !DC !歡迎降落,2026-09-23T13:00:35Z,https://www.twitch.tv/trumpetmei,https://static-cdn.jtvnw.net/previews-ttv/live_user_trumpetmei-{width}x{height}.jpg
e069724ddab54dd690d6c3425574effd,live,【長大之後學會的事情】有沒有什麼事，是你長大後才終於懂的？💙｜What Did Growing Up Teach You? #賣勾萊拉,2026-09-23T13:00:43Z,https://www.youtube.com/watch?v=stroyU-jSFQ,https://i.ytimg.com/vi/stroyU-jSFQ/mqdefault_live.jpg
8774553046cb47a9b5165c15feb01e84,live,【帕💫9/23】進來舔我皮鞋《YT訂閱+圖奇拚勾衝刺中-初見你好 @papa1021mibo  》,2026-09-23T13:00:45Z,https://www.twitch.tv/papa1021mibo,https://static-cdn.jtvnw.net/previews-ttv/live_user_papa1021mibo-{width}x{height}.jpg
6abc6d7010ed4b7a88b2566b171c9005,live,【遊戲】幻獸帕魯｜阿瀧招商~帕魯冠名權  #墨生 #初見歡迎 #歡迎降落,2026-09-23T13:00:47Z,https://www.youtube.com/watch?v=NCx5xGKEkro,https://i.ytimg.com/vi/NCx5xGKEkro/mqdefault_live.jpg
5d00575c06d74f588238857d7dec1b02,live,【鬼武者：劍之道】Onimusha: Way of the Sword｜正式版來啦！初見實況一周目#02｜妮卡沃爾 ❤️‍🔥,2026-09-23T13:00:47Z,https://www.youtube.com/watch?v=9i2wPOalFHE,https://i.ytimg.com/vi/9i2wPOalFHE/mqdefault_live.jpg
0591345aa6634a73ac41f08af6d4e06e,live,【HELLDIVERS 2】FOR SUPER EARTH AND MANAGED DEMOCRACY!!!!,2026-09-23T13:00:48Z,https://www.youtube.com/watch?v=GgQp1hq8W8M,https://i.ytimg.com/vi/GgQp1hq8W8M/mqdefault_live.jpg
ef36201df30f43ba9efbd573f9a6d9b7,live,【言午】09/23 小事不妙 喉嚨有點炸,2026-09-23T13:00:49Z,https://www.twitch.tv/yenwu8631,https://static-cdn.jtvnw.net/previews-ttv/live_user_yenwu8631-{width}x{height}.jpg
eda6bf91049349e08f0f269fb4f8c0f9,live,🔴直播【 APEX 】┃夜幕降臨槍手上膛┃風鈴芽依TrumpetMei┃#鈴芽俐齒 #vtuber #Apex英雄 #降落歡迎,2026-09-23T13:00:51Z,https://www.youtube.com/watch?v=czntN3QdrN8,https://i.ytimg.com/vi/czntN3QdrN8/mqdefault_live.jpg
fbb142bcb07a4808b0164c41ab1877ea,live,【九日】不管是山鬼還是水鬼，通通都打不贏窮鬼｜多多栗茲,2026-09-23T13:00:55Z,https://www.youtube.com/watch?v=yCOIAtAjcvo,https://i.ytimg.com/vi/yCOIAtAjcvo/mqdefault_live.jpg
b511c9a0eba7474fbb8ac8d02ff357b7,live,[Marvel Rival] test for rival,2026-09-23T13:01:14Z,https://www.youtube.com/watch?v=o22F7W_N7PI,https://i.ytimg.com/vi/o22F7W_N7PI/mqdefault_live.jpg
5ff20156ebbf4390a3573d6a94aed8df,live,【BOMBANANA!】小符亞視角｜想玩好久了！！究竟結束之後還能不能保有我們的友誼呢？ #吉著符老太太過馬璐 【小符亞Sahua ch.】,2026-09-23T13:01:16Z,https://www.youtube.com/watch?v=hFBhwG9KtP0,https://i.ytimg.com/vi/hFBhwG9KtP0/mqdefault_live.jpg
6baf9b6a84a44ab3a6979d98bff7ee21,live,【playmusictheory】《 不懂樂理的我，似乎找到了靠畫圖邪修的辦法？ 》今天標題很輕小說的了 | ❆ 諾恪里Nokori #初見歡迎,2026-09-23T13:01:20Z,https://www.youtube.com/watch?v=ykJYrx5jOLM,https://i.ytimg.com/vi/ykJYrx5jOLM/mqdefault_live.jpg
17946118c2d641819c847aba0c491e13,live,九笙 ❖ 09.23°˖✧  快中秋節了| !點播 | 自主訂閱努力中,2026-09-23T13:01:32Z,https://www.twitch.tv/kyusho9999,https://static-cdn.jtvnw.net/previews-ttv/live_user_kyusho9999-{width}x{height}.jpg
c3bec3f382754230b178f8278eb550fb,live,【#雜談 】今晚優點~~! 全新企劃開幕啦【優塔Jutta Ch.】 | 2.0全新形象募資中 | #降落歡迎,2026-09-23T13:01:34Z,https://www.youtube.com/watch?v=57PDirmrn9c,https://i.ytimg.com/vi/57PDirmrn9c/mqdefault_live.jpg
0ad03ee6159c4d37a4feccbc49ba3dcf,live,【Vtuber默夜】鳴潮挖石頭    #初見歡迎 #降落歡迎,2026-09-23T13:01:43Z,https://www.twitch.tv/mokuya987,https://static-cdn.jtvnw.net/previews-ttv/live_user_mokuya987-{width}x{height}.jpg
6fa1245c717d4af68589205df5ab6427,live,【APEX】🐧今天跟朋朋一起打配✨ #初見歡迎 |易恆Arkia| 26/09/23,2026-09-23T13:01:50Z,https://www.youtube.com/watch?v=xHhUxdsyutc,https://i.ytimg.com/vi/xHhUxdsyutc/mqdefault_live.jpg
0c05eca1975b40b3a0b54d3dfd61055d,live,09/23 解開斧頭人謎團💜【沉默之丘：殞落小鎮】｜ @zobolucifer,2026-09-23T13:02:13Z,https://www.twitch.tv/zobolucifer,https://static-cdn.jtvnw.net/previews-ttv/live_user_zobolucifer-{width}x{height}.jpg
2e2a6c392c024bb2a68b681bc210c187,live,【連動 躲貓貓】9/23 久違連動! @feifanleil VGenOPEN 委託,2026-09-23T13:02:16Z,https://www.twitch.tv/feifanleil,https://static-cdn.jtvnw.net/previews-ttv/live_user_feifanleil-{width}x{height}.jpg
fa83a68ebfff419983124d69373ede6f,live,【𝟵/𝟮𝟯🍁熊野紅葉】第一次玩！跟朋朋一起玩畫畫躲貓貓！🍁│🔍所有指令請打!指令 @momiji_thebear,2026-09-23T13:02:30Z,https://www.twitch.tv/momiji_thebear,https://static-cdn.jtvnw.net/previews-ttv/live_user_momiji_thebear-{width}x{height}.jpg
dc9cd2bc942d427d8cc73370d1194f9e,live,繼續拼鑽石畫~ 來陪我聊天！(露手手注意)  #雜談 #鑽石畫 #DIY #初見歡迎 #降落歡迎,2026-09-23T13:02:52Z,https://www.youtube.com/watch?v=elT2iNhOM_s,https://i.ytimg.com/vi/elT2iNhOM_s/mqdefault_live.jpg
7cc197b36bc64bf38aaf98a17eaf8d31,live,【紅眼露比 #3】懲罰飲料回歸！今天的菜單是接骨木果汁 ฅ 葛琳德Gerlinde ฅ,2026-09-23T13:03:13Z,https://www.youtube.com/watch?v=YvGx8eM3Xr8,https://i.ytimg.com/vi/YvGx8eM3Xr8/mqdefault_live.jpg
6eec62ae2c9849de8ca895cef44ec952,live,每週運動🦑一起運動換肉肉｜第四週｜魷魷Yuyu #揮汗有禮,2026-09-23T13:03:20Z,https://www.youtube.com/watch?v=lVWaWQ8SSnI,https://i.ytimg.com/vi/lVWaWQ8SSnI/mqdefault_live.jpg
f40e7d4c2b8b4ea89a6cd017303ca5c0,live,【聯動】9/23 Let's play a game!!! 久違的來躲貓貓一下～,2026-09-23T13:03:29Z,https://www.twitch.tv/xinxinzi_vtuber,https://static-cdn.jtvnw.net/previews-ttv/live_user_xinxinzi_vtuber-{width}x{height}.jpg
e6373c7f689c44f8971ca0f83c817789,live,童年懷舊遊戲回顧(久違的Q皮),2026-09-23T13:03:31Z,https://www.twitch.tv/yujen_yj,https://static-cdn.jtvnw.net/previews-ttv/live_user_yujen_yj-{width}x{height}.jpg
c0ea5a6a7ede42fca6f3c6c87fc9d72e,live,男同俱樂部社長今天改行打音遊www｜滷味｜Sound Voltex｜ #台V #手台,2026-09-23T13:03:33Z,https://www.youtube.com/watch?v=zcT-9eQHRBY,https://i.ytimg.com/vi/zcT-9eQHRBY/mqdefault_live.jpg
9af7c10c618844f08a327d38753124bd,live,【酒樂霧子】0923 | 眼睛破洞 |  @shurakukiriko | !DC !7tv !yt !會員 !指令 !嗨嗶 !手機殼,2026-09-23T13:03:37Z,https://www.twitch.tv/shurakukiriko,https://static-cdn.jtvnw.net/previews-ttv/live_user_shurakukiriko-{width}x{height}.jpg
e6373c7f689c44f8971ca0f83c817789,live,懷舊遊戲回顧,2026-09-23T13:03:55Z,https://www.youtube.com/watch?v=40zcHkEPGHQ,https://i.ytimg.com/vi/40zcHkEPGHQ/mqdefault_live.jpg
86e86bf2d8e54e9083613e7398e1e7ac,live,鳶仔今天,2026-09-23T13:04:04Z,https://www.twitch.tv/azutobi,https://static-cdn.jtvnw.net/previews-ttv/live_user_azutobi-{width}x{height}.jpg
8fbd23f4e2ad442bb230aea8f433cd49,live,【艾爾登法環#18】探索從卡利亞書齋開始 初見歡迎~,2026-09-23T13:04:37Z,https://www.twitch.tv/famyowl,https://static-cdn.jtvnw.net/previews-ttv/live_user_famyowl-{width}x{height}.jpg
adc9d30b5940427e96ae92238f0f8b83,live,【遊戲】完結篇!!!這集將會決定骨科小孩會找到另一伴或是孤獨終老了(???  海味人生｜tomodachi life【火野貝 hinokai】,2026-09-23T13:04:41Z,https://www.youtube.com/watch?v=fXFyi0D7_y8,https://i.ytimg.com/vi/fXFyi0D7_y8/mqdefault_live.jpg
5f9767b104b54292bf6dd29863c0c6b1,live,【遊戲實況】可愛貓狗像素遊戲試玩！凡事都用打靶射擊決定！【原路彈回Pawcel: Bounce Demo】,2026-09-23T13:04:57Z,https://www.youtube.com/watch?v=EN83rwFhOn0,https://i.ytimg.com/vi/EN83rwFhOn0/mqdefault_live.jpg
a00240316f524d218d889d00a8b42721,live,【主題雜談】淺談迴避型人格和焦慮型人格！初見歡迎～✨️【星野流星/HKVtuber】,2026-09-23T13:05:08Z,https://www.youtube.com/watch?v=WK1tZcKxD_s,https://i.ytimg.com/vi/WK1tZcKxD_s/mqdefault_live.jpg
6fa1245c717d4af68589205df5ab6427,live,【易恆】🐧APEX✨終於想起那個Twitch帳號 ft.Nera涅菈、MC99 |!DC !YT,2026-09-23T13:05:25Z,https://www.twitch.tv/arkia0217,https://static-cdn.jtvnw.net/previews-ttv/live_user_arkia0217-{width}x{height}.jpg
d564dc69725f4258b8b08d8d5df285a8,live,【RE2】繼續RE，繼續破警局,2026-09-23T13:05:41Z,https://www.twitch.tv/shirakazehorufen,https://static-cdn.jtvnw.net/previews-ttv/live_user_shirakazehorufen-{width}x{height}.jpg
25388daec64e40f38ca0e5a3a88fedb7,live,【追尋者聯盟：英雄之旅】正式發售啦！什麼楓梨竟然出現在遊戲裡面！？｜砂糖楓梨,2026-09-23T13:06:30Z,https://www.youtube.com/watch?v=yN1ePS8CStQ,https://i.ytimg.com/vi/yN1ePS8CStQ/mqdefault_live.jpg
ef03340f293242f89fe15f2f828dbf7f,live,AR60【原神】️7.1版本更新了 ⟪往冥府的安魂歌⟫ 來抽沃雅妮莎了,2026-09-23T13:06:35Z,https://www.twitch.tv/miyuki_desuu,https://static-cdn.jtvnw.net/previews-ttv/live_user_miyuki_desuu-{width}x{height}.jpg
71da2daf84a546c39399adf6ca44aac1,live,麻嗎麻嗎!!,2026-09-23T13:06:47Z,https://www.twitch.tv/yamewo,https://static-cdn.jtvnw.net/previews-ttv/live_user_yamewo-{width}x{height}.jpg
71da2daf84a546c39399adf6ca44aac1,live,麻嗎麻嗎  #mahjongsoul #雀魂   #男性vtuber  #聊天   #初見歡迎  #星空上的夜喵,2026-09-23T13:06:52Z,https://www.youtube.com/watch?v=7NlLuF_vMyA,https://i.ytimg.com/vi/7NlLuF_vMyA/mqdefault_live.jpg
9a7b047b85ae4227af74a0e200c3abc9,live,對死刑的看法,2026-09-23T13:07:42Z,https://www.twitch.tv/session_cookie,https://static-cdn.jtvnw.net/previews-ttv/live_user_session_cookie-{width}x{height}.jpg
904f58005872497b82964fff25490152,live,【遊戲台】雛子家水很深《沉默之丘f / SILENT HILL f》【伊利希恩/Vtuber】,2026-09-23T13:07:48Z,https://www.twitch.tv/elysiumlica,https://static-cdn.jtvnw.net/previews-ttv/live_user_elysiumlica-{width}x{height}.jpg
577251897dc7463393b68c5b6f96559b,live,賽菲莉亞．羅賽爾 Sephilia Roselle ｜GTARP｜Magic Academy｜ 魔法學院D20 探監囉【中/粵/EN】歡迎初見掛台追隨 感謝,2026-09-23T13:09:32Z,https://www.twitch.tv/noctjade,https://static-cdn.jtvnw.net/previews-ttv/live_user_noctjade-{width}x{height}.jpg
5bbd1c2531594775a4b74928e630dd59,live,[ 早安 ] 現在掛寶有披風 ⭐ 掛台感謝⭐ !周邊 !魔儲 !指令 !uid @minamoto__kenta,2026-09-23T13:10:28Z,https://www.twitch.tv/minamoto__kenta,https://static-cdn.jtvnw.net/previews-ttv/live_user_minamoto__kenta-{width}x{height}.jpg
3dd8c72cab6d494dbd6fbf0a0e3dc41a,live,鬼武者｜胖之一閃！,2026-09-23T13:10:29Z,https://www.twitch.tv/rinkopan,https://static-cdn.jtvnw.net/previews-ttv/live_user_rinkopan-{width}x{height}.jpg
8c1fe8acf675446ebb2fd046e6396983,live,七日殺 今天是生存日,2026-09-23T13:11:25Z,https://www.twitch.tv/rennoslashie,https://static-cdn.jtvnw.net/previews-ttv/live_user_rennoslashie-{width}x{height}.jpg
e32a4d49fba7459fbdf9e242288fa18c,live,✦沫依_ 🐋✦ 非技術台 要批評請左轉 這裡是快樂耍寶聊天台 ✦ 距離5000追還差10人!! | @mooi_seal,2026-09-23T13:12:14Z,https://www.twitch.tv/mooi_seal,https://static-cdn.jtvnw.net/previews-ttv/live_user_mooi_seal-{width}x{height}.jpg
ac1ce1eeaffa4e58a8155c20d8f85ff3,live,【9/23】玩遊戲啦 !   歡迎訂閱YouTube,2026-09-23T13:12:25Z,https://www.twitch.tv/getsukav,https://static-cdn.jtvnw.net/previews-ttv/live_user_getsukav-{width}x{height}.jpg
22a83c82e1914eb68b12e76b4ccb277c,live,【唱歌】OK想不到標題︱0923︱雪江央可,2026-09-23T13:12:30Z,https://www.youtube.com/watch?v=_IldkBRcjhU,https://i.ytimg.com/vi/_IldkBRcjhU/mqdefault_live.jpg
843d99233b474827a2f0bc417ffd3852,live,【抹茶】09/23｜超多新朋友的麥塊列車狼人殺團 我要殺光光 ૮ ´͈ ᗜ `͈ ა♡‧₊˚   生日周邊賣場開放中 !生日,2026-09-23T13:12:53Z,https://www.twitch.tv/isuzumaccha,https://static-cdn.jtvnw.net/previews-ttv/live_user_isuzumaccha-{width}x{height}.jpg
673abaca34d047b49b11d50214a9a463,live,【雜談】晚上就適合閒話家常，放放鬆，聊聊最近在看的影片。ꉂ  • ༚ • ིྀต੭  #Vtuber #歡迎初見 #雜談 #陪伴 #朔時零,2026-09-23T13:15:48Z,https://www.youtube.com/watch?v=S5I89_vuEYs,https://i.ytimg.com/vi/S5I89_vuEYs/mqdefault_live.jpg
f928118054aa4e11aa4ec88504d8b886,live,【虛擬加班#20】雖然累累但還是來加一下班~工作台配鍵盤聲，繼續加班啦！,2026-09-23T13:16:11Z,https://www.twitch.tv/zhoumo_vtuber,https://static-cdn.jtvnw.net/previews-ttv/live_user_zhoumo_vtuber-{width}x{height}.jpg
f928118054aa4e11aa4ec88504d8b886,live,【虛擬加班#20】雖然累累但還是來陪大家加一下班~工作台配鍵盤聲，繼續加班啦！,2026-09-23T13:16:19Z,https://www.youtube.com/watch?v=2pjIwOBpuzk,https://i.ytimg.com/vi/2pjIwOBpuzk/mqdefault_live.jpg
b399afc661d04f47acc9d0681be343b4,live,【💙繪圖】來畫一周年賀圖🎨來陪狼狼邊畫邊聊～🐺 | 09/23 | 小資狼 Shoshiro,2026-09-23T13:19:10Z,https://www.twitch.tv/officewolf87780,https://static-cdn.jtvnw.net/previews-ttv/live_user_officewolf87780-{width}x{height}.jpg
9cb41588918b4fcf9d8e21ce0b6896c6,live,【當個新狗狗】今天是休閒日 忙裡偷閒【天鹿琥珀/Kohaku】,2026-09-23T13:19:49Z,https://www.twitch.tv/as_kohaku,https://static-cdn.jtvnw.net/previews-ttv/live_user_as_kohaku-{width}x{height}.jpg
7754a4ea82814b7fbbecfcf459382001,live,⋈眠羊咪ちゃん⋈ 9/23 可以給咪一點鼓勵嗎等等會短暫唱歌一下ʚ♡ɞ 萬聖節產品準備中 歡迎DC阿咪꒰ꈍ•́꒳•̀ꈍ꒱ !委託 !周邊 !愛阿咪 @qmi_uwumai613 ஐ ♡.+ﾟ,2026-09-23T13:20:08Z,https://www.twitch.tv/qmi_uwumai613,https://static-cdn.jtvnw.net/previews-ttv/live_user_qmi_uwumai613-{width}x{height}.jpg
dee8efe8990e458c915e4f6a6a16b49f,live,【Tedobear】不要再打開戰狗了(連續兩周說服自己),2026-09-23T13:20:13Z,https://www.youtube.com/watch?v=TAWWzu2y3XQ,https://i.ytimg.com/vi/TAWWzu2y3XQ/mqdefault_live.jpg
7ce04ee5bb63467f8b70a69136049218,live,【雜】噬血瓜民 | OBS要堅強 ♡ @nonosa_,2026-09-23T13:26:34Z,https://www.twitch.tv/nonosa_,https://static-cdn.jtvnw.net/previews-ttv/live_user_nonosa_-{width}x{height}.jpg
d3e4f9bdbb6c42fc97b60148cefdb6e0,live,- ̗̀幹 連棟記錯時間 我直接急哭┊0923┊ !dc  !twitter !滑鼠墊┊@mo__mochi ┊自主訂閱.ᐟ.ᐟ /ᐠ .ᆺ. ᐟ\ﾉ,2026-09-23T13:26:58Z,https://www.twitch.tv/mo__mochi,https://static-cdn.jtvnw.net/previews-ttv/live_user_mo__mochi-{width}x{height}.jpg
66ab3e28c90a428bb98100cd9119a4e9,live,🎤 練歌回｜就很突然想唱一下,2026-09-23T13:27:16Z,https://www.youtube.com/watch?v=BNzLdruv0jw,https://i.ytimg.com/vi/BNzLdruv0jw/mqdefault_live.jpg
15c82034235748649547ada64817a6d1,live,三人猴，必有人生氣｜BOMBANANA｜VType 苡櫻,2026-09-23T13:27:43Z,https://www.twitch.tv/calico221,https://static-cdn.jtvnw.net/previews-ttv/live_user_calico221-{width}x{height}.jpg
3922688ae4b64592b8301430e19fd2ca,live,✚⣾ 能摸摸你的頭嗎 感覺你看起來很熟悉 像我養的狗  ⣾✚ overwatch or 雜談怪獸 ˚♡˚‧⁺༄,2026-09-23T13:28:32Z,https://www.twitch.tv/anainainai,https://static-cdn.jtvnw.net/previews-ttv/live_user_anainainai-{width}x{height}.jpg
a0ba9fee8a7747cab74e98ed61fb4a68,live,⟣ ɢᴀᴍᴇ ᐟ ⁰⁹²³ ⟡ 拿巴哈扁巴哈 / 絕巴哈消化D1 ⟡ !DC !委託 !轉盤 ⟢,2026-09-23T13:29:03Z,https://www.twitch.tv/yuuuuuuuuuumi_,https://static-cdn.jtvnw.net/previews-ttv/live_user_yuuuuuuuuuumi_-{width}x{height}.jpg
1569b00373564846b894f47403376c6b,live,【APEX】我的帳號打得開了!!!挖超!!!💜今天小尻一下|!周邊 可以到賣場喔~掛軸讚讚,2026-09-23T13:29:47Z,https://www.twitch.tv/leixyyy_1212,https://static-cdn.jtvnw.net/previews-ttv/live_user_leixyyy_1212-{width}x{height}.jpg
0bef54320f364c5a9289fceac64c5411,live,【魔法少女的魔女審判】主角係咪要死了！？【はくこ】,2026-09-23T13:29:50Z,https://www.twitch.tv/hakukofox,https://static-cdn.jtvnw.net/previews-ttv/live_user_hakukofox-{width}x{height}.jpg
914f6caed3ff4348824d966f76662bc2,upcoming,【月餅製作所】寫有你名字的黑十字騎士團月餅🥮！✨【香港Vtuber/月島クロス】,2026-09-23T13:30:00Z,https://www.youtube.com/watch?v=UpWO-idqvMo,https://i.ytimg.com/vi/UpWO-idqvMo/mqdefault_live.jpg
c0c35f0471774be2b33163ae20f2d6bb,upcoming,【雜談／chitchat】地雷or神配信者測驗＆各種V圈八卦的中日雙語消夜雜談🍳日台トークの夜食雑談🍳【薬袋アルマ／Vtuber】,2026-09-23T13:30:00Z,https://www.youtube.com/watch?v=FHpiS_mpgms,https://i.ytimg.com/vi/FHpiS_mpgms/mqdefault_live.jpg
5535c9524eb046c38e172ebfa06b302f,upcoming,【鈴蘭之劍】審判之日正式更新！新玩法、免費獎勵與君士坦丁造型一次看 ▹璐洛洛◃,2026-09-23T13:30:00Z,https://www.youtube.com/watch?v=4JuRzxksQic,https://i.ytimg.com/vi/4JuRzxksQic/mqdefault.jpg
c16daca9d8b84b18a38ab97cdcd7577a,upcoming,【Listen:凌  EP17】夜晚吹下水!【香港Vtuber/三日月凌】,2026-09-23T13:30:00Z,https://www.youtube.com/watch?v=rt54PciN3fc,https://i.ytimg.com/vi/rt54PciN3fc/mqdefault_live.jpg
c90914afde364f5e982414615662f5a7,upcoming,【鬼武者｜Way of the Sword #5】謝謝你L1+X【班西Banshee】,2026-09-23T13:30:00Z,https://www.youtube.com/watch?v=UYlKMSHW2Ds,https://i.ytimg.com/vi/UYlKMSHW2Ds/mqdefault_live.jpg
1bf9786ba55042b9ae3294dadfc7b40d,upcoming,【魔法少女的魔女審判】主角係咪要死了！？【はくこ】,2026-09-23T13:30:00Z,https://www.youtube.com/watch?v=9qpj4jP977w,https://i.ytimg.com/vi/9qpj4jP977w/mqdefault_live.jpg
52324c45fae74014bc603ae09d8d6136,upcoming,【雜談】挑戰！100個晚安5MA♥歡喜觀聯動就在週五！！│緗靈XiangLing #新人vtuber,2026-09-23T13:30:00Z,https://www.youtube.com/watch?v=yc1QBVNUcP8,https://i.ytimg.com/vi/yc1QBVNUcP8/mqdefault_live.jpg
7dd6c13c71ee452e9a85dec903f2ee15,upcoming,【#遊戲】一直覺得有人在我耳邊唱歌，繼續尋找小朋友Scapegoat & Rational#3【迷尼骷/MINI-KU】,2026-09-23T13:30:00Z,https://www.youtube.com/watch?v=5m9-a2qVaYk,https://i.ytimg.com/vi/5m9-a2qVaYk/mqdefault_live.jpg
328a6a5742504b9d977f40660c118239,upcoming,"Day890【永恆冒險】三小俠 救難台#22 (觀眾場) 專帶深淵Clear,虛空四樓【Grand Chase Classic】",2026-09-23T13:30:00Z,https://www.youtube.com/watch?v=aje_9omtJfo,https://i.ytimg.com/vi/aje_9omtJfo/mqdefault_live.jpg
7ae1c13d53fb44f49f386eef43c63ee4,upcoming,【#游戲】🎮《原神》7.1「往冥府的安魂歌」主线开启拉~~,2026-09-23T13:30:00Z,https://www.youtube.com/watch?v=b-VUkYOEoW0,https://i.ytimg.com/vi/b-VUkYOEoW0/mqdefault_live.jpg
06a61409f4334b0eb8a5f647b819c78b,upcoming,【直播版】EP.71 果蠅醒來變美少女、日本把亞運辦成校慶、Gemini終於成功了｜現正熱潮中 ft.@emonight666,2026-09-23T13:30:00Z,https://www.youtube.com/watch?v=umuPMy_xUxE,https://i.ytimg.com/vi/umuPMy_xUxE/mqdefault_live.jpg
a76c19e10aa4463f92f0d2e0f30ab84a,upcoming,【#絲之歌  part.19】繼續解主線 打美麗的花花！！【多兒蒂奈Duodenai】,2026-09-23T13:30:00Z,https://www.youtube.com/watch?v=pZ2Cz3NF77o,https://i.ytimg.com/vi/pZ2Cz3NF77o/mqdefault_live.jpg
9b33b75521bd43bca3346790ac65559c,upcoming,⋆ 𝓓𝓮𝓪𝓻 ⋆ 9/23 💟 蛤你說什麼? 我聽不見 ! FT.森雨悠娜、周景 | BOMBANANA! | 布丁販售 | 歡迎打招呼 |,2026-09-23T13:30:00Z,https://www.youtube.com/watch?v=vZfJIVjghVs,https://i.ytimg.com/vi/vZfJIVjghVs/mqdefault_live.jpg
0247d07842794dccb043e0b10a888d30,live,【歌回】第一次歌回！要唱喜歡的中文歌給你們聽,2026-09-23T13:30:11Z,https://www.youtube.com/watch?v=NqU6D-ugEHI,https://i.ytimg.com/vi/NqU6D-ugEHI/mqdefault_live.jpg
b423123a68df4ac88b2a376ae5fd3b89,live,o 白鍵上的協奏曲：卡宏往事 ~ 來音樂學院玩遊戲! o 🍞 #vtuber #初見歡迎 #降落歡迎  【露娜】,2026-09-23T13:30:18Z,https://www.youtube.com/watch?v=uXDJ_ncPaxY,https://i.ytimg.com/vi/uXDJ_ncPaxY/mqdefault_live.jpg
02d67d58d59644be9cdf0b1179419637,live,0923 炸彈香蕉大作戰，誰是那隻沒用的猴子... ft.荻珥 @mtow9140 、周景 @fishchouching,2026-09-23T13:30:22Z,https://www.twitch.tv/moriameyuna,https://static-cdn.jtvnw.net/previews-ttv/live_user_moriameyuna-{width}x{height}.jpg
c8c9028316b44ae9a1ac302337862085,live,【0923】Ꮚ･ꈊ･Ꮚ 汪汪汪汪汪  || 推推我哥: @NONOOOOO___  || ft.,2026-09-23T13:30:25Z,https://www.twitch.tv/tushanbaixue0314_,https://static-cdn.jtvnw.net/previews-ttv/live_user_tushanbaixue0314_-{width}x{height}.jpg
ffe6a7983e434702a68fe18c169e3164,live,【BOMBANANA!】誰說感冒不能開台，我這不是來了嗎。FT.荻珥、森雨悠娜【隆中閣_周景】,2026-09-23T13:30:30Z,https://www.twitch.tv/fishchouching,https://static-cdn.jtvnw.net/previews-ttv/live_user_fishchouching-{width}x{height}.jpg
49eca1ea30a8425a8967677070c95627,live,【歌雜】如果你看扁我，那我就變得扁扁的。｜米菈,2026-09-23T13:30:38Z,https://www.youtube.com/watch?v=LMYI3_1fQRg,https://i.ytimg.com/vi/LMYI3_1fQRg/mqdefault_live.jpg
491a6000ce4b472c9b4f8c1dcfdb772c,live,【天希Tensi】來玩個幾把三角洲【三角洲行動Delta force】,2026-09-23T13:30:51Z,https://www.youtube.com/watch?v=RgjekvvY-YA,https://i.ytimg.com/vi/RgjekvvY-YA/mqdefault_live.jpg
e94cfb3c71d94965bfc98f135bfd2f14,live,2026/9/23 是重要的嗎(･_･`)   | 小瓦再洲洲 | !魔儲 !十分電競 |  自 ↘主↺ 訂 ↘閱 ↘ .千追.紫勾勾努力中 | 記得先兌換忠臣點數再掛台唷 | @Kumabear_ouo,2026-09-23T13:30:55Z,https://www.twitch.tv/kumabear_ouo,https://static-cdn.jtvnw.net/previews-ttv/live_user_kumabear_ouo-{width}x{height}.jpg
31c7fada1ab24cbd83ab4ae698955a29,live,【繪圖雜談】不斷重複的日常裡，能不能留下些什麼不一樣的成果呢？#94【木木日葉維】,2026-09-23T13:30:57Z,https://www.youtube.com/watch?v=U8VNzNt1P-0,https://i.ytimg.com/vi/U8VNzNt1P-0/mqdefault_live.jpg
ffe6a7983e434702a68fe18c169e3164,live,【BOMBANANA!】誰說感冒不能開台，我這不是來了嗎。FT.荻珥、森雨悠娜【隆中閣_周景】,2026-09-23T13:31:04Z,https://www.youtube.com/watch?v=R9X9RU8OFu8,https://i.ytimg.com/vi/R9X9RU8OFu8/mqdefault_live.jpg
9b33b75521bd43bca3346790ac65559c,live,⋆ 𝓓𝓮𝓪𝓻 ⋆ 9/23 💟 蛤你說什麼? 我聽不見 ! FT.森雨悠娜 @moriameyuna  、周景 @fishchouching  | BOMBANANA! | 布丁販售 | 歡迎打招呼 |,2026-09-23T13:31:21Z,https://www.twitch.tv/mtow9140,https://static-cdn.jtvnw.net/previews-ttv/live_user_mtow9140-{width}x{height}.jpg
65ab938b60074946af1ea65a002c70df,live,【巔峰極速】測試百年牛 過去大於未來 哈  #vtuber #初見歡迎,2026-09-23T13:31:25Z,https://www.youtube.com/watch?v=rUYtAaHjMZo,https://i.ytimg.com/vi/rUYtAaHjMZo/mqdefault_live.jpg
b8ccfa7aec6a419ca8ad1a91d9fafdf6,live,烤肉啦 ft御界,2026-09-23T13:33:22Z,https://www.twitch.tv/xiaoye_vtuber,https://static-cdn.jtvnw.net/previews-ttv/live_user_xiaoye_vtuber-{width}x{height}.jpg
cc882664d9794fb88b06a5a0aa1591ae,live,🔴【ALIEN: ISOLATION #6】快樂聯動？！同佩佩一齊被異形打！【月川MoonRiver 香港VTuber HKVTuber 中文】#香港 #遊戲 #直播 #粵語,2026-09-23T13:33:45Z,https://www.youtube.com/watch?v=UtAmUJUqNrI,https://i.ytimg.com/vi/UtAmUJUqNrI/mqdefault_live.jpg
70c982c2dffc4cd08c90431abcc8be97,live,【丸全自由日】輕鬆開小小開 今天真的小小開  YT/圖奇雙平台直播中,2026-09-23T13:34:33Z,https://www.youtube.com/watch?v=w8WWGoL_xTo,https://i.ytimg.com/vi/w8WWGoL_xTo/mqdefault_live.jpg
70c982c2dffc4cd08c90431abcc8be97,live,【丸全自由日】輕鬆開小小開 今天真的小小開  YT/圖奇雙平台直播中,2026-09-23T13:34:34Z,https://www.twitch.tv/kusanagihanamaru,https://static-cdn.jtvnw.net/previews-ttv/live_user_kusanagihanamaru-{width}x{height}.jpg
1254f176d93548aca5ac7f4b53313f71,live,【星布谷地】抽到測試資格！這流量不拿白不拿，雙命今天蹭爆！｜雙命   【台V髏骸之王雙命】,2026-09-23T13:35:18Z,https://www.youtube.com/watch?v=F252Hrecdak,https://i.ytimg.com/vi/F252Hrecdak/mqdefault_live.jpg
1d0201167f5445e8b410a8f311e54133,live,【雜談配信】我需要陪伴！！！இ௰இ  | 歡迎在貓貓這掛台聊天~|,2026-09-23T13:35:22Z,https://www.twitch.tv/katomuniro1124,https://static-cdn.jtvnw.net/previews-ttv/live_user_katomuniro1124-{width}x{height}.jpg
1254f176d93548aca5ac7f4b53313f71,live,【星布谷地】抽到測試資格！這流量不拿白不拿，雙命今天蹭爆！｜雙命   【台V髏骸之王雙命】,2026-09-23T13:35:29Z,https://www.twitch.tv/ny8821205,https://static-cdn.jtvnw.net/previews-ttv/live_user_ny8821205-{width}x{height}.jpg
70af0f70b6284690a524eb87aaa1d296,live,唯唯兒 | 9/23 薇薇安 雷文希爾 Day 10 魔法學園RP | @kazehaya_yui,2026-09-23T13:37:58Z,https://www.twitch.tv/kazehaya_yui,https://static-cdn.jtvnw.net/previews-ttv/live_user_kazehaya_yui-{width}x{height}.jpg
0fbdfcc1b9cf41fdb840cf2f546d9324,live,【天月麻雀】新賽季來輕鬆的三麻一下,2026-09-23T13:40:13Z,https://www.youtube.com/watch?v=cw2i8bn6KXM,https://i.ytimg.com/vi/cw2i8bn6KXM/mqdefault_live.jpg
8150f530d858418282811429cc32622b,live,手機版上市!! 你玩了嗎?! 全新免費遊戲超好玩!!可愛可以帶回家!!《 伊莫 Aniimo 》 #伊莫 #Aniimo  #Vtuber #台V #欣希亞,2026-09-23T13:41:54Z,https://www.twitch.tv/mengcynia,https://static-cdn.jtvnw.net/previews-ttv/live_user_mengcynia-{width}x{height}.jpg
e2049fd03bea4bf6bfee472e4674021c,live,【餅餅!!!!!!!】⧸⎩⎠⎞͏(・∀・)⎛͏⎝⎭⧹,2026-09-23T13:43:31Z,https://www.twitch.tv/vtuber_eirlys,https://static-cdn.jtvnw.net/previews-ttv/live_user_vtuber_eirlys-{width}x{height}.jpg
e2049fd03bea4bf6bfee472e4674021c,live,【餅乾雜談51】就跟你說不要觸角了吧,2026-09-23T13:43:45Z,https://www.youtube.com/watch?v=Ijmf9QHWoz8,https://i.ytimg.com/vi/Ijmf9QHWoz8/mqdefault_live.jpg
ed1b68a3184d466bb17b3c3363fad948,live,今天小米一定是被告  @resolute0927,2026-09-23T13:44:08Z,https://www.twitch.tv/resolute0927,https://static-cdn.jtvnw.net/previews-ttv/live_user_resolute0927-{width}x{height}.jpg
43e078503ebd44ae9f83abc9399647ca,live,【蜜糖】今天打本，週六會去WF | 09/23 | 支援阿蜜自主訂閱❤️,2026-09-23T13:45:04Z,https://www.twitch.tv/honeycat_0121,https://static-cdn.jtvnw.net/previews-ttv/live_user_honeycat_0121-{width}x{height}.jpg
5908563b5c944c7b919b08e5233a8a5a,live,9/23 ✦瞇一下大失敗✦ !指令 !尿布 !製肥 @liangxliang,2026-09-23T13:45:29Z,https://www.twitch.tv/liangxliang,https://static-cdn.jtvnw.net/previews-ttv/live_user_liangxliang-{width}x{height}.jpg
b7b1cb60f1c24c0ea4fb1f506d3e247a,live,0923｜【聯動】你所說的一切都將成為呈堂證供。｜!甜甜價 !711 !dc !亮亮,2026-09-23T13:46:29Z,https://www.twitch.tv/hanamorilunaria,https://static-cdn.jtvnw.net/previews-ttv/live_user_hanamorilunaria-{width}x{height}.jpg
ec30041838214022aeb622c0851e46db,live,[EN/CH/JP] 0923♡3.0新衣裝募資企劃開始：砍啊我要把壞的同族都砍光！.｡*ﾟ〖欸爾〗,2026-09-23T13:48:30Z,https://www.twitch.tv/a2isonline,https://static-cdn.jtvnw.net/previews-ttv/live_user_a2isonline-{width}x{height}.jpg
2ccdc43de33c478192767afae6309f06,live,0923 ￠SONG OF HORROR #5｜這遊戲到底什麼時候才能結束呢？｜  @noa_nosleep ｜!指令 !敲 !dc !yt !魔儲 !老,2026-09-23T13:48:32Z,https://www.twitch.tv/noa_nosleep,https://static-cdn.jtvnw.net/previews-ttv/live_user_noa_nosleep-{width}x{height}.jpg
2ccdc43de33c478192767afae6309f06,live,￠SONG OF HORROR #5｜這遊戲到底什麼時候才能結束呢？  #初見早安 #降落歡迎,2026-09-23T13:48:44Z,https://www.youtube.com/watch?v=W3SLSzD6vM0,https://i.ytimg.com/vi/W3SLSzD6vM0/mqdefault_live.jpg
2913f17e61014f7691e016fae8468404,live,【Nagalive】Vacation Cafe Simulator FT. 星合豊 @HoshiaiYutakaVtuberCh,2026-09-23T13:50:16Z,https://www.youtube.com/watch?v=TVnlSrM2uRg,https://i.ytimg.com/vi/TVnlSrM2uRg/mqdefault_live.jpg
3802b3f13284406cb4bc3f775690add5,live,【潛水員戴夫 DAVE THE DIVER】今天又又來釣魚啦!!!,2026-09-23T13:51:59Z,https://www.twitch.tv/enmei_suiin,https://static-cdn.jtvnw.net/previews-ttv/live_user_enmei_suiin-{width}x{height}.jpg
a03628db891e4e8c9a54bc5161f1f2f4,live,⊹ 杭州之旅 ⊹ 9/23 來分享出氣完的影片~~ @rakenluck111,2026-09-23T13:54:13Z,https://www.twitch.tv/rakenluck111,https://static-cdn.jtvnw.net/previews-ttv/live_user_rakenluck111-{width}x{height}.jpg
2a25c205cc374cbeb8c8ccfe988ec9cc,live,【沁涵ハン】09/23│今天是一隻過敏狐│ฅ^•ﻌ•^ฅ歡迎來聊聊天│ @c703450201 │,2026-09-23T13:57:44Z,https://www.twitch.tv/c703450201,https://static-cdn.jtvnw.net/previews-ttv/live_user_c703450201-{width}x{height}.jpg
f72fb9eab9a84db5ba139131d59bdd02,live,今天挑戰吹口琴找大ˇ哥^•ω≦^ᕗ  500追募集中,2026-09-23T13:58:15Z,https://www.twitch.tv/visc112233,https://static-cdn.jtvnw.net/previews-ttv/live_user_visc112233-{width}x{height}.jpg
7a88afc5eb644d76b35ed4ca968259bb,live,【 ʙᴀʙᴜ 】09/23 💤 𝘓𝘪𝘷𝘦 𝘈𝘚𝘔𝘙 ૮₍´˶• ᴥ •˶`₎ა ♡ʾʾ 寶寶睡覺覺,2026-09-23T13:59:36Z,https://www.twitch.tv/babu_desu,https://static-cdn.jtvnw.net/previews-ttv/live_user_babu_desu-{width}x{height}.jpg
44af52f7f6aa487e850b3d261947205b,upcoming,【遊戲】90cm線上中秋烤肉趴【貓屋敷百壹／芥川組】,2026-09-23T14:00:00Z,https://www.youtube.com/watch?v=8_hYJ5fQxCU,https://i.ytimg.com/vi/8_hYJ5fQxCU/mqdefault_live.jpg
05317bcbe5f243abb85618d2669bd0d7,upcoming,【雜談、音樂】今晚陪你慢慢進入夢鄉。,2026-09-23T14:00:00Z,https://www.youtube.com/watch?v=LzQwuO1kgh0,https://i.ytimg.com/vi/LzQwuO1kgh0/mqdefault_live.jpg
5bbfc7c1b6584cef8c75f2f9044387d2,upcoming,EP3【聖火降魔錄  萬縷千絲】看完小孩換來看看性感帥氣的女王吧!【焰焰 Homura】Fire Emblem,2026-09-23T14:00:00Z,https://www.youtube.com/watch?v=Gr32WyVPW6g,https://i.ytimg.com/vi/Gr32WyVPW6g/mqdefault_live.jpg
31f17632340f4e7fbd0ced07193dd81b,upcoming,【回來了😭】鏡頭注意 ! 去看The weeknd演唱會爽完差點回不了台灣 இ௰இ【達亞】#vtuber #台灣Vtuber,2026-09-23T14:00:00Z,https://www.youtube.com/watch?v=eRkxxJGvVKU,https://i.ytimg.com/vi/eRkxxJGvVKU/mqdefault_live.jpg
4aee4e4c619a4e2aa8bbc2edce38ccfa,upcoming,🔴【原神】薇斯納＆沃雅妮莎 ⭐代抽！😉7.1劇情一起解析！◇娜娜◇ #降落歡迎 #初見歡迎 #原神 #genshinimpact #薇斯納 #沃雅妮莎,2026-09-23T14:00:00Z,https://www.youtube.com/watch?v=olxsAbNTncA,https://i.ytimg.com/vi/olxsAbNTncA/mqdefault_live.jpg
f110fd69b66941bab04de9ada563c6ac,upcoming,【3Dio FS XLR／ASMR】一起運動♡ 耳邊只剩我的呼吸聲......飛輪沉浸訓練♡【AoiHinamori】,2026-09-23T14:00:00Z,https://www.youtube.com/watch?v=CngDftoTRMo,https://i.ytimg.com/vi/CngDftoTRMo/mqdefault_live.jpg
a1b415a04d4645399607d4b3bbe00bd7,upcoming,【恐遊】扮演ㄓㄌ陰暗爬行！膽子小不要看！【Cockroach Simulation】｜ＡＩＳＰＡ #台灣VTUBER,2026-09-23T14:00:00Z,https://www.youtube.com/watch?v=G7TwFwR2pv4,https://i.ytimg.com/vi/G7TwFwR2pv4/mqdefault_live.jpg
d1694c709e0f489fbd07fc9bc67c0a66,upcoming,【吉他歌回】週三直到還完債DLC💧詩雨蔻達​,2026-09-23T14:00:00Z,https://www.youtube.com/watch?v=TWDyds7gDdc,https://i.ytimg.com/vi/TWDyds7gDdc/mqdefault_live.jpg
56b4e7f364bc4b96b3a9d48596e28d8d,upcoming,【遊戲】黎明門前的吹笛人 | 狐鏡花紅葉,2026-09-23T14:00:00Z,https://www.youtube.com/watch?v=EhQTWaX1Aa0,https://i.ytimg.com/vi/EhQTWaX1Aa0/mqdefault_live.jpg
8d113670c4514e5bb28823a756385528,upcoming,【哄睡歌回】深夜唱點輕柔的古風🎵｜祈Iruni​​​,2026-09-23T14:00:00Z,https://www.youtube.com/watch?v=tHabImoIodo,https://i.ytimg.com/vi/tHabImoIodo/mqdefault_live.jpg
fcf160e0e39147b4b4037d1e4d18f076,upcoming,【TETR.IO】請提醒我今天要關台 ㄟ黑ㄟ黑 再來復健 我覺得可以來打打牌位【夜楓月宸yuechen】 #初見歡迎 #目標777訂閱,2026-09-23T14:00:00Z,https://www.youtube.com/watch?v=0wA0PtGHoPo,https://i.ytimg.com/vi/0wA0PtGHoPo/mqdefault_live.jpg
55be1972142c44799f83ce3db4f14fbd,upcoming,【歌枠】超ㄅㄧㄤˋ歌回！今年線下的超酷表演搬到線上給大家看嘞！ | 有・柚実yuzzmi,2026-09-23T14:00:00Z,https://www.youtube.com/watch?v=mmbQn4vKvMw,https://i.ytimg.com/vi/mmbQn4vKvMw/mqdefault_live.jpg
b572cb7de27446e3bcda5135f6a23d8a,upcoming,【雜談】頭好痛，這就是睡眠不足嘛...,2026-09-23T14:00:00Z,https://www.youtube.com/watch?v=XE5lWCGhjqs,https://i.ytimg.com/vi/XE5lWCGhjqs/mqdefault_live.jpg
6c3a22611ac24eb19cec3bd7c78a8705,upcoming,刷遺物 練角色? 歡迎參加~ Steam版【艾爾登法環 黑夜君臨】,2026-09-23T14:00:00Z,https://www.youtube.com/watch?v=LDwTSYwTVvI,https://i.ytimg.com/vi/LDwTSYwTVvI/mqdefault_live.jpg
aaa45dc386714427ba862f691d4471ac,upcoming,【#大頭照年齡狙擊戰】我能一眼看出粉絲幾歲嗎？到底是18歲還是30歲？｜波‧路譜 Pool Loop,2026-09-23T14:00:00Z,https://www.youtube.com/watch?v=r9YlZZRwInY,https://i.ytimg.com/vi/r9YlZZRwInY/mqdefault_live.jpg
2c2bf7ce933a4f34ac25c2dfa72fe565,upcoming,【深夜談歆】分享上禮拜辛苦的我！被台北的朋友們帶出門玩？休個兩天瘋狂加班？ │羽歆 YuuXin,2026-09-23T14:00:00Z,https://www.youtube.com/watch?v=sRTE9HFky8E,https://i.ytimg.com/vi/sRTE9HFky8E/mqdefault_live.jpg
88f782b3b6c6492c926f70e4a13390c9,live,0923 等待睡前吃藥的時間...欸來入塔✨9月限定桌布來了 !簽到,2026-09-23T14:00:05Z,https://www.twitch.tv/hi_imcb,https://static-cdn.jtvnw.net/previews-ttv/live_user_hi_imcb-{width}x{height}.jpg
67674d86fce54eceb37e0dc4ea802132,live,【大師決鬥】你應該放棄一切主流…,2026-09-23T14:00:15Z,https://www.twitch.tv/majialeite,https://static-cdn.jtvnw.net/previews-ttv/live_user_majialeite-{width}x{height}.jpg
73a96bba42b444df98487ed22f97c240,live,【260923】初見荒野!!好久沒打萌夯了~~ | 千追努力中 | @nanami_chikusa | !dc !yt,2026-09-23T14:00:19Z,https://www.twitch.tv/nanami_chikusa,https://static-cdn.jtvnw.net/previews-ttv/live_user_nanami_chikusa-{width}x{height}.jpg
73a96bba42b444df98487ed22f97c240,live,【260923】初見荒野!!好久沒打萌夯了~~ || Twitch同步直播中 || 七海千草,2026-09-23T14:00:24Z,https://www.youtube.com/watch?v=_QTgjB2fjJg,https://i.ytimg.com/vi/_QTgjB2fjJg/mqdefault_live.jpg
0ba1bc3725a9456aa0f66ec951ad47eb,live,沉默之丘：隕落小鎮 | 第二章繼續玩 我是解謎高手 !dc !yt !抖內 !ASMR 🎮 潔絲可Jusko,2026-09-23T14:00:32Z,https://www.twitch.tv/jusko_jd,https://static-cdn.jtvnw.net/previews-ttv/live_user_jusko_jd-{width}x{height}.jpg
d889f67fe7b84a38a9742ab2a47f346a,live,《鳴潮》｜想玩鳴潮但是我跟鳴潮都還沒準備好【!新片】｜⛩ 緣醬Enchan ⛩,2026-09-23T14:00:41Z,https://www.twitch.tv/enchan_twt,https://static-cdn.jtvnw.net/previews-ttv/live_user_enchan_twt-{width}x{height}.jpg
480aca28939a4eb5bf558a710e21709c,live,【warframe】聽說要更新新甲 回鍋一下┃,2026-09-23T14:01:33Z,https://www.twitch.tv/siyuandao,https://static-cdn.jtvnw.net/previews-ttv/live_user_siyuandao-{width}x{height}.jpg
5d2231ea88fd474d8a11e5a759899216,live,⍣ 靜謐田園✦EP13 ⇎ 第二年夏把第二神器劇情跑完吧 ⊶ 十六月 OctJun,2026-09-23T14:01:39Z,https://www.youtube.com/watch?v=5vWyE2owUuA,https://i.ytimg.com/vi/5vWyE2owUuA/mqdefault_live.jpg
3e7f5f5e829e4d4baca2a8a5916d60e4,live,ꕤ、0923｜想我咪 ◡̈    !簽到 !愛兔嘰 !新衣裝募資,2026-09-23T14:02:05Z,https://www.twitch.tv/raiki_raibao,https://static-cdn.jtvnw.net/previews-ttv/live_user_raiki_raibao-{width}x{height}.jpg
256252fdd3d1437995088c56e674fcf0,live,『09/23』雜談... 隨便聊聊 | !周邊 !吃 !喝 !吉他 !想吃,2026-09-23T14:02:38Z,https://www.twitch.tv/seto_m_setekh,https://static-cdn.jtvnw.net/previews-ttv/live_user_seto_m_setekh-{width}x{height}.jpg
afe78c5051094e86bf9fdfe6cb2a4222,live,應該是近期最後一次整理了   吧｜ㄚ肚肚Adudu #初見歡迎,2026-09-23T14:02:50Z,https://www.youtube.com/watch?v=v6OCZg_buuU,https://i.ytimg.com/vi/v6OCZg_buuU/mqdefault_live.jpg
2d6886120def4c148c70514433d77e1e,live,【歌回】隨興歌回🌸回來了！好想大家😭😭【Vtuber｜Singing Stream】 #ACGlive #綾音Ring,2026-09-23T14:04:26Z,https://www.youtube.com/watch?v=W452ENkEQWQ,https://i.ytimg.com/vi/W452ENkEQWQ/mqdefault_live.jpg
f6a8c59d8b8d4e009d4e147ec268cd73,live,〖 0923┊歌枠 〗秋めいてきたね🕊️まったり歌うよ〖#Ellise /vtuber〗,2026-09-23T14:04:32Z,https://www.youtube.com/watch?v=DK7MBNSc4co,https://i.ytimg.com/vi/DK7MBNSc4co/mqdefault_live.jpg
74ef34317983453ab86223490eba4f6e,live,【進鹿夢鄉】把今日的疲憊留在這裡吧🫶久違的深夜聊聊💭｜桃芽鹿妮MomogaLuni｜#初見歡迎 #降落歡迎 #鹿上有妮,2026-09-23T14:04:42Z,https://www.youtube.com/watch?v=DUsO0qsz8o4,https://i.ytimg.com/vi/DUsO0qsz8o4/mqdefault_live.jpg
6ab090baa4624f1c8fca28312799e826,live,✦世紀帝國✦我只會種田#人妻主播,2026-09-23T14:05:05Z,https://www.twitch.tv/bellmita0510,https://static-cdn.jtvnw.net/previews-ttv/live_user_bellmita0510-{width}x{height}.jpg
6ec876adec524585af913c1585e8df1f,live,手指好痛,2026-09-23T14:05:54Z,https://www.twitch.tv/sakaikisaku,https://static-cdn.jtvnw.net/previews-ttv/live_user_sakaikisaku-{width}x{height}.jpg
02fa128da7cc4f3aab0f1c5ee356f342,live,0923 屋瓦瓦屋瓦,2026-09-23T14:06:07Z,https://www.twitch.tv/susu0510,https://static-cdn.jtvnw.net/previews-ttv/live_user_susu0510-{width}x{height}.jpg
6d36ce9cdedb4806ad5c00a3496b9e4f,live,「米歪20260923 吹頭髮 沒電就關 」ଳ⊹༝,2026-09-23T14:08:04Z,https://www.twitch.tv/m1wai,https://static-cdn.jtvnw.net/previews-ttv/live_user_m1wai-{width}x{height}.jpg
1357f282a9f04f6cbe3e215a0bd20482,live,9/23【胖柯G】💯被進度車過的女人♾️做不完推甄資料啦🤌誠徵讀書會成員,2026-09-23T14:10:15Z,https://www.twitch.tv/mathchiwawa,https://static-cdn.jtvnw.net/previews-ttv/live_user_mathchiwawa-{width}x{height}.jpg
2131a63328214b7f9a1022dae6890d66,live,【鳴潮/Wuthering Waves】學會用VPN像打開新宇宙一樣……之前的我的課金也太敗家了吧!!! #wutheringwaves #鳴潮,2026-09-23T14:11:55Z,https://www.twitch.tv/camellia0507,https://static-cdn.jtvnw.net/previews-ttv/live_user_camellia0507-{width}x{height}.jpg
8ad7e8cd45e040f797cf2f1fa9d68976,live,《蠟筆小新煤炭鎮的小白》【自遊時光】#7 重疊的兩個時空，說服別人的方師居然是——礦車競速(((ﾟДﾟ;))),2026-09-23T14:14:54Z,https://www.youtube.com/watch?v=q-25YMSSd8M,https://i.ytimg.com/vi/q-25YMSSd8M/mqdefault_live.jpg
0572bddb85b24166820f34f39164f99c,live,【𝟡𝟚】不開心 飲料打翻了  一口都沒碰 5555ฅ^•ﻌ•^ฅ♥,2026-09-23T14:14:54Z,https://www.twitch.tv/nininaowo,https://static-cdn.jtvnw.net/previews-ttv/live_user_nininaowo-{width}x{height}.jpg
83eff3b0de694818876092eaabd35b4a,upcoming,【鬼武者 Way of the Sword】大江山之旅，大型副本打鬼之旅再度開啟！Part5【湯泉】#湯泉の溫泉live #初見歡迎 #降落歡迎,2026-09-23T14:15:00Z,https://www.youtube.com/watch?v=UgHqEVI3CC0,https://i.ytimg.com/vi/UgHqEVI3CC0/mqdefault_live.jpg
75eb49d99170441ab784d7bec7378d21,live,測試 TEST TEST 1 2 1 2｜R6S+OW｜ 260923〖緹婭💤〗,2026-09-23T14:15:41Z,https://www.twitch.tv/tiavannessa,https://static-cdn.jtvnw.net/previews-ttv/live_user_tiavannessa-{width}x{height}.jpg
75eb49d99170441ab784d7bec7378d21,live,測試 TEST TEST 1 2 1 2｜R6S｜ 260923〖緹婭💤〗,2026-09-23T14:15:42Z,https://www.youtube.com/watch?v=6-UVMEQrah8,https://i.ytimg.com/vi/6-UVMEQrah8/mqdefault_live.jpg
bff3b878d9864ff893bd79d1f2a7a849,live,【Minecraft】牧場羊羊的務農生活｜260923｜遊戲實況【希里｜Vtuber】#farmingtales,2026-09-23T14:16:14Z,https://www.twitch.tv/xiri0117,https://static-cdn.jtvnw.net/previews-ttv/live_user_xiri0117-{width}x{height}.jpg
03c018f2d3064da6ac4899bef1d600c5,live,0923｜來玩奶哥！！！伺服器！！！,2026-09-23T14:17:57Z,https://www.twitch.tv/998rrr,https://static-cdn.jtvnw.net/previews-ttv/live_user_998rrr-{width}x{height}.jpg
14a9a08fbdc641e8ac8c384dedfccf0a,live,【朔Sakuro】幫奶哥OHOserver測試,2026-09-23T14:20:18Z,https://www.twitch.tv/sakuro_moonlit,https://static-cdn.jtvnw.net/previews-ttv/live_user_sakuro_moonlit-{width}x{height}.jpg
58d43efc5b4046148d02de0e65ef9120,live,【空之軌跡the2nd】準備二章結束！地震其實很可怕耶！【youtube雙開】,2026-09-23T14:25:07Z,https://www.twitch.tv/fly20232,https://static-cdn.jtvnw.net/previews-ttv/live_user_fly20232-{width}x{height}.jpg
8881d23b0a3c426590c8a2509e363ec1,live,【VALORANT】睡著了，JSP3周五在玩好了【 @buliji_ | 連動預定在DC可看】,2026-09-23T14:25:26Z,https://www.twitch.tv/buliji_,https://static-cdn.jtvnw.net/previews-ttv/live_user_buliji_-{width}x{height}.jpg
a60c8fc0a1324bf8b65053231ee22373,live,【瓦羅蘭之夜】甚麼時候會有冠軍奧丁 !今日運勢 !YT !socials,2026-09-23T14:27:06Z,https://www.twitch.tv/peamanbell,https://static-cdn.jtvnw.net/previews-ttv/live_user_peamanbell-{width}x{height}.jpg
d2e2645a97a14ce4b58a7884c0e6ec56,live,【】委託!!!｜｜,2026-09-23T14:27:47Z,https://www.twitch.tv/inayakunemu,https://static-cdn.jtvnw.net/previews-ttv/live_user_inayakunemu-{width}x{height}.jpg
0bf0ec441dc6489583f7218e02ab6a89,upcoming,🌕【中秋歌枠】在中秋唱歌最後的陪伴♡初見大歡迎～♪,2026-09-23T14:30:00Z,https://www.youtube.com/watch?v=wJBMwYALjGo,https://i.ytimg.com/vi/wJBMwYALjGo/mqdefault_live.jpg
60ab80cc26bc4e4aaa526ce1952f9e42,upcoming,【HBR】『禁断の知識』活動故事日版實況 Part3 (Day4完)【神田悠希 UC Ch.｜緋染天空｜Heaven Burns Red｜Steam版】,2026-09-23T14:30:00Z,https://www.youtube.com/watch?v=bU3uJrWRlQ8,https://i.ytimg.com/vi/bU3uJrWRlQ8/mqdefault_live.jpg
bee9506c5d714205bfc69573280852c2,upcoming,【遊戲】おにくま限定場！！讓我看看更新了什麼好東西owo | 初見さん大歓迎❤ | @mirutea_vtuber,2026-09-23T14:30:00Z,https://www.youtube.com/watch?v=yIPzY2lPjN4,https://i.ytimg.com/vi/yIPzY2lPjN4/mqdefault_live.jpg
d13fdb8fdd3049e5bf80b5ab0fa8a1a6,upcoming,《🍁新楓之谷：經典版｜#遊雜》繼續閒逛聊天,2026-09-23T14:30:00Z,https://www.youtube.com/watch?v=uFLGlS6JMv0,https://i.ytimg.com/vi/uFLGlS6JMv0/mqdefault_live.jpg
6af8929143294c72b25a7108e79e2faf,upcoming,【雜談】大家烤肉烤什麼? ｜艾斯珀達 Espada,2026-09-23T14:30:00Z,https://www.youtube.com/watch?v=E4DXWA6eIWM,https://i.ytimg.com/vi/E4DXWA6eIWM/mqdefault_live.jpg
36b917d4265f43a1a6cc9eb1d7b20608,upcoming,【#晚安歌回】被被蓋好，眼睛閉閉唷 ღ  | 夜露妮亞 Yoruniya,2026-09-23T14:30:00Z,https://www.youtube.com/watch?v=bAMQ9qFpst0,https://i.ytimg.com/vi/bAMQ9qFpst0/mqdefault_live.jpg
4ba98a2155ad4b4392d8c5d7a51f4964,upcoming,【SD鋼彈G世代永恆】1.5週年活動前瞻 一起來看看生放送有啥好料!【火星人瑞比特】#台灣vtuber #台v #火星人 #瑞比特 #遊戲實況 #SD鋼彈G世代永恆 #鋼彈,2026-09-23T14:30:00Z,https://www.youtube.com/watch?v=zAq0ETMB3Rg,https://i.ytimg.com/vi/zAq0ETMB3Rg/mqdefault_live.jpg
1a520f3d2665454f985490e42467ae27,upcoming,【活俠傳 二周目 #3】不管輪迴幾次我都要救活葉雲裳【蒼心‧翟普瑞薩】(男聲注意,2026-09-23T14:30:00Z,https://www.youtube.com/watch?v=BsWs66nqQ9M,https://i.ytimg.com/vi/BsWs66nqQ9M/mqdefault_live.jpg
702c74978d8f4adab79f292cbecb49a4,upcoming,今天可以外帶主播喔 #台V #vtuber,2026-09-23T14:30:00Z,https://www.youtube.com/watch?v=L2lBqyL35A4,https://i.ytimg.com/vi/L2lBqyL35A4/mqdefault_live.jpg
60ab80cc26bc4e4aaa526ce1952f9e42,live,【HBR】『禁断の知識』活動故事日版實況 Part3 (Day4完)【神田悠希 UC Ch.｜緋染天空｜Heaven Burns Red｜Steam版】,2026-09-23T14:30:21Z,https://www.twitch.tv/kandayuki,https://static-cdn.jtvnw.net/previews-ttv/live_user_kandayuki-{width}x{height}.jpg
eff26caff6bd4720957cefaf8f6fc87a,live,9/23 ✦ 芙芙 ✦ ┃ 遊戲+工作 ┃ 人生有兩種，沒睡飽跟沒睡 ┃ @sifnee ┃1300追感謝 ┃ !魔儲 !募資,2026-09-23T14:31:03Z,https://www.twitch.tv/sifnee,https://static-cdn.jtvnw.net/previews-ttv/live_user_sifnee-{width}x{height}.jpg
ba27c499a50f4cac87e6e5b94da18292,live,過紫勾勾好熊 大黃狗好熊 摸我 ! 熊愛你們 [9/23] @asahibear4314,2026-09-23T14:31:44Z,https://www.twitch.tv/asahibear4314,https://static-cdn.jtvnw.net/previews-ttv/live_user_asahibear4314-{width}x{height}.jpg
6bddfe8d54104f4192c56e4935a871de,live,0923 ◇ 銀牌  ₍ ᐢ- -ᐢ ₎ ◇ @anyume_vt,2026-09-23T14:32:04Z,https://www.twitch.tv/anyume_vt,https://static-cdn.jtvnw.net/previews-ttv/live_user_anyume_vt-{width}x{height}.jpg
d71e503b11d04c8a9a7ae74f5e0d9fc4,live,佖夏｜ 很忙，掛著 #感謝追隨！,2026-09-23T14:34:37Z,https://www.twitch.tv/bixia1024,https://static-cdn.jtvnw.net/previews-ttv/live_user_bixia1024-{width}x{height}.jpg
54f2f567fdac423c80dad4b29a4372db,live,【0923】逆向我? 小心我在工程檔裡面畫黃色小熊 | 60%工作 + 40%閒聊 | !簽到,2026-09-23T14:34:55Z,https://www.twitch.tv/dtvtuber,https://static-cdn.jtvnw.net/previews-ttv/live_user_dtvtuber-{width}x{height}.jpg
18bd2d37e2e64f0cab20ec6a2b2f2474,live,【0923】今天來下棋weeee｜Day174【望夜 Night】!加班 !dc !歌單 !綠界 !晝夜周邊 !周邊 紫勾努力ing！,2026-09-23T14:36:22Z,https://www.twitch.tv/bluenight1022,https://static-cdn.jtvnw.net/previews-ttv/live_user_bluenight1022-{width}x{height}.jpg
e66d389ebb604096bfa99178e1a13c27,live,【ARAM】深夜突發的觀眾場!! #觀戰死神｜阿爾西婭．幽梨雅🌺,2026-09-23T14:37:27Z,https://www.twitch.tv/altheayolia,https://static-cdn.jtvnw.net/previews-ttv/live_user_altheayolia-{width}x{height}.jpg
0bf0ec441dc6489583f7218e02ab6a89,live,🌕【中秋歌枠】在中秋唱歌最後的陪伴♡初見大歡迎～♪,2026-09-23T14:39:05Z,https://www.twitch.tv/nyoro0606tw,https://static-cdn.jtvnw.net/previews-ttv/live_user_nyoro0606tw-{width}x{height}.jpg
6861903583ee45d191ddc03faf6cd0d8,live,【雜談】中秋週來了~雜談80% 隨機歌回掉落【兔乃艾露 @usanoeru 】,2026-09-23T14:39:13Z,https://www.twitch.tv/usanoeru,https://static-cdn.jtvnw.net/previews-ttv/live_user_usanoeru-{width}x{height}.jpg
a2847bd09f954df794fb9289d6a96dae,live,【減班台day134】今天原神更新欸 但我要打ar| @yulin_ch |ft.,2026-09-23T14:39:15Z,https://www.twitch.tv/yulin_ch,https://static-cdn.jtvnw.net/previews-ttv/live_user_yulin_ch-{width}x{height}.jpg
aa72818fdcaf460b9b3f90e92d702e57,live,«池» OHO伺服器測試!! 層三曲奇! ▸ @Fonchi0419 ┊!奉池!斗影片!周邊!歌單!六等星,2026-09-23T14:40:04Z,https://www.twitch.tv/fonchi0419,https://static-cdn.jtvnw.net/previews-ttv/live_user_fonchi0419-{width}x{height}.jpg
62b7ee328a7b42b0a1da0ab3bc22d1db,live,【亞羅Aro】TUNIC-EP11-打贏最終頭目但還是要解謎【台灣/男性/個人勢/Vtuber】,2026-09-23T14:40:08Z,https://www.twitch.tv/arofischer,https://static-cdn.jtvnw.net/previews-ttv/live_user_arofischer-{width}x{height}.jpg
91025114208d41b2bff535d6e277017e,upcoming,【魔獸世界】忙完後的續攤，陪我做作業好嗎？【其那】,2026-09-23T14:45:00Z,https://www.youtube.com/watch?v=EBqQL9-Q6VU,https://i.ytimg.com/vi/EBqQL9-Q6VU/mqdefault_live.jpg
8020c505099f474ca81da3023926485f,upcoming,【🍌#BOMBANANA!┆#炸彈香蕉大作戰 #2】病癒了！我們是來拆彈的猴子們…不是來嘈到拆天的！【蒂亞拉 ✦ 白昼夢ティアラ／DayDream Tiara】​,2026-09-23T15:00:00Z,https://www.youtube.com/watch?v=-a0K_JWl3c0,https://i.ytimg.com/vi/-a0K_JWl3c0/mqdefault_live.jpg
8c171b8f4b854cbfade4ee2babc19e0f,upcoming,【桂香齊慶】慶祝台詞回｜一起慶祝收益化🩷🩷#荏冉浮光 #初見歡迎 #歡迎降落,2026-09-23T15:00:00Z,https://www.youtube.com/watch?v=3_kJCyLt-t8,https://i.ytimg.com/vi/3_kJCyLt-t8/mqdefault_live.jpg
d5fdf5fc55d14476908e416e6d43c121,upcoming,【回顧初配信】到底是哪個雪炭指定的直播...這東西這麼可怕到底為什麼要看！？❄️大富翁指定直播【雪之下織雪／芥川組】,2026-09-23T15:00:00Z,https://www.youtube.com/watch?v=93B35GKrlrk,https://i.ytimg.com/vi/93B35GKrlrk/mqdefault_live.jpg
420208d1dcb74abfa325fc1f6a27e17b,upcoming,【SING】哼哼唱唱~在阿FO的陪伴下安心入睡吧🍄初見大歡迎!【UFO】#麻糬山丘,2026-09-23T15:00:00Z,https://www.youtube.com/watch?v=3ygu4oaahws,https://i.ytimg.com/vi/3ygu4oaahws/mqdefault_live.jpg
691e8a5f258c4c17b70b6b489b0ad04d,upcoming,もえちゃっかふぁいあ (lazy ver.) - Cover by 迷夜夜,2026-09-23T15:00:00Z,https://www.youtube.com/watch?v=IRIO2bWta7E,https://i.ytimg.com/vi/IRIO2bWta7E/mqdefault.jpg
50433c34f368460c9cda947f292a62b4,upcoming,【#BOMBANANA! 🙈🙉🙊＃2】吵架預定💣💥希望這次不會再被嫌棄智商夠不夠四歲🙂feat. @hakuchuumutiara @toki_jupiter【炸彈香蕉大作戰】【貓宮步夢】,2026-09-23T15:00:00Z,https://www.youtube.com/watch?v=fFmmIK7gOdQ,https://i.ytimg.com/vi/fFmmIK7gOdQ/mqdefault_live.jpg
c192b6e25df841ad85cbc8bbf0bd8bfe,upcoming,【BOMBANANA/ 聯動】一二一二隻手啊 (下篇)｜#炸彈香蕉大作戰｜#BOMBANANA｜遊戲實況｜廣東話｜直播,2026-09-23T15:00:00Z,https://www.youtube.com/watch?v=Fo69iyT0DBI,https://i.ytimg.com/vi/Fo69iyT0DBI/mqdefault_live.jpg
4d0cbf91a5cb4524862207c5d406d98c,upcoming,天行九歌 - 霍尊 / 瑟思安Cesium〖Cover〗,2026-09-23T15:00:00Z,https://www.youtube.com/watch?v=HQHyTWE-oT4,https://i.ytimg.com/vi/HQHyTWE-oT4/mqdefault.jpg
265a18972d244affae35711cfd1f9931,upcoming,ASMR診療室：「哪裡不舒服？」深夜一對一問診♡ 煩惱、失眠、疲憊都告訴我💉內有告知【MiroLive/塔芭絲可】,2026-09-23T15:00:00Z,https://www.youtube.com/watch?v=1yT7rQZhU9Q,https://i.ytimg.com/vi/1yT7rQZhU9Q/mqdefault_live.jpg
0fbdfcc1b9cf41fdb840cf2f546d9324,upcoming,【原神】開抽!,2026-09-23T15:30:00Z,https://www.youtube.com/watch?v=LBC05lyJbkk,https://i.ytimg.com/vi/LBC05lyJbkk/mqdefault_live.jpg
aa9fa329d639488dbb860b8f8b3235f8,upcoming,【ASMR/3dio】 劇情向；同居的小惡魔女友~寵溺的一天~❤️吐息/梵天/掏耳/耳摩/咀嚼【宮榊リエ】,2026-09-23T16:00:00Z,https://www.youtube.com/watch?v=I_-NELPZkRE,https://i.ytimg.com/vi/I_-NELPZkRE/mqdefault_live.jpg
96ff628d2280470b833174c32200a749,upcoming,【人偶館綺幻夜】我們是來生日約會的不是來鬼屋探險的欸😭【艾爾法．戴蒙/Alfa Daimon】,2026-09-23T16:30:00Z,https://www.youtube.com/watch?v=M-84CzSR1vc,https://i.ytimg.com/vi/M-84CzSR1vc/mqdefault_live.jpg
853be9569c0e446eaa5c5059642ea63b,upcoming,【#SILENT HILL:Townfall】#3 CEG總部內｜#PS5 #禁止劇透爆雷指示ban 86400秒 🎀【一貓Muse Ch. 】,2026-09-23T18:00:00Z,https://www.youtube.com/watch?v=dO5OhfTWKgU,https://i.ytimg.com/vi/dO5OhfTWKgU/mqdefault_live.jpg
843d99233b474827a2f0bc417ffd3852,upcoming,【抹茶】08/03｜#鱷魔盃 希望今天糰練不要再這麼緊張了 跟隊友多熟悉一下 (1) ૮ ´͈ ᗜ `͈ ა♡‧₊˚   生日周邊賣場開放中 !生日,2026-09-23T23:00:00Z,https://www.youtube.com/watch?v=T5hHsjoMjHo,https://i.ytimg.com/vi/T5hHsjoMjHo/mqdefault.jpg
c65e7caaf81a43249d5132b9fe312b24,upcoming,Bear is still a LITTLE sick 【Just Chatting】,2026-09-23T23:30:00Z,https://www.youtube.com/watch?v=ckTCgCwYEF4,https://i.ytimg.com/vi/ckTCgCwYEF4/mqdefault_live.jpg
c0c35f0471774be2b33163ae20f2d6bb,upcoming,【台股看盤】中秋連假前看個盤！新手學台股✨從零開始學習投資！【薬袋アルマ／Vtuber】,2026-09-24T01:00:00Z,https://www.youtube.com/watch?v=k4CXuROXf6s,https://i.ytimg.com/vi/k4CXuROXf6s/mqdefault_live.jpg
1e59cd43a10a44edb1407fb8ba8529a8,upcoming,随便乱乱唱歌不保留[马来西亚Vtuber ],2026-09-24T01:00:00Z,https://www.youtube.com/watch?v=TBDxPnSnC_w,https://i.ytimg.com/vi/TBDxPnSnC_w/mqdefault_live.jpg
5d2231ea88fd474d8a11e5a759899216,upcoming,⍣ 新聞雜談✦9月24日 ⇎ 早九倒數144天 ⊶ 十六月 OctJun,2026-09-24T01:00:00Z,https://www.youtube.com/watch?v=K4qu6S4xWus,https://i.ytimg.com/vi/K4qu6S4xWus/mqdefault_live.jpg
f2ad5f187c9141ab8830b8eaf81c3aee,upcoming,【皇朝 AsaKatsu】投稿收集👑你的求婚計劃! -EP32【皇咲レイナ | HKVtuber】,2026-09-24T01:30:00Z,https://www.youtube.com/watch?v=wN6N4UjdDqw,https://i.ytimg.com/vi/wN6N4UjdDqw/mqdefault_live.jpg
a5f7302f9f1a4fcdb2471c4bc52a05fb,upcoming,JUMP KING QUEST｜這兩個沒在玩跳跳樂遊戲的能撐得住嗎？？ ft.米婭、諾芙【玖璐】,2026-09-24T01:30:00Z,https://www.youtube.com/watch?v=4RNxhJQgPDw,https://i.ytimg.com/vi/4RNxhJQgPDw/mqdefault_live.jpg
25388daec64e40f38ca0e5a3a88fedb7,upcoming,【鬼武者 Way of the Sword】源義經！！我要揍死你！！！！！！｜砂糖楓梨,2026-09-24T01:30:00Z,https://www.youtube.com/watch?v=wkzeUm-YUp8,https://i.ytimg.com/vi/wkzeUm-YUp8/mqdefault_live.jpg
c65e7caaf81a43249d5132b9fe312b24,upcoming,【Cover】 APT. / ROSÉ & Bruno Mars | Runie Ruse & Uruka,2026-09-24T02:30:00Z,https://www.youtube.com/watch?v=OsbyiE5OC7A,https://i.ytimg.com/vi/OsbyiE5OC7A/mqdefault.jpg
29294f0665864cee8bb2b48697b9e84f,upcoming,【金V獎 × WIRFORCE】9/24早上11:00！！是呦呦的線下見面會喔！！【呦呦YUNYUN/VTuber】,2026-09-24T03:00:00Z,https://www.youtube.com/watch?v=3rFZeRBaD90,https://i.ytimg.com/vi/3rFZeRBaD90/mqdefault_live.jpg
d2c5b1c430fa45c8b9be0b8be65d8a6b,upcoming,【 #歌回 】中秋歌雜，但我好像沒什麼月亮歌？ #初見大歡迎 ｜菈妮紫 Laneez,2026-09-24T03:00:00Z,https://www.youtube.com/watch?v=nJmzZ9I8LAY,https://i.ytimg.com/vi/nJmzZ9I8LAY/mqdefault_live.jpg
f94ba8ea1a5441c4852d53e8f528ee20,upcoming,【雜雜雜談】陪里午餐 💜 來看看大家今天吃什麼  ❣   歡迎降落、初見、聊天、掛台   ¦　【千里せんり】#live,2026-09-24T03:30:00Z,https://www.youtube.com/watch?v=2rS1HFD86Eo,https://i.ytimg.com/vi/2rS1HFD86Eo/mqdefault_live.jpg
d889f67fe7b84a38a9742ab2a47f346a,upcoming,《午間雜談》｜今天想來玩一下女生討人厭行為二選一！｜⛩ 緣醬Enchan ⛩,2026-09-24T04:00:00Z,https://www.youtube.com/watch?v=9zVWLuQqPnE,https://i.ytimg.com/vi/9zVWLuQqPnE/mqdefault_live.jpg
ef67b676c0334ef182151f473469c1f1,upcoming,【 金V獎 × WIRFORCE 】線下互動見面會✨一起來玩．．．💣💥｜小丑VTuber🤡｜尼皮NiPi ✖️🔴✖️｜,2026-09-24T04:00:00Z,https://www.youtube.com/watch?v=7Adui1i82rM,https://i.ytimg.com/vi/7Adui1i82rM/mqdefault_live.jpg
dabf31fbee9b4214958603268d48b780,upcoming,【健身環大冒險】午安還債ep.6⚓就算體力不行，還債也不能停｜蕾忒LeiT​,2026-09-24T04:00:00Z,https://www.youtube.com/watch?v=nk_hPVP5gpk,https://i.ytimg.com/vi/nk_hPVP5gpk/mqdefault_live.jpg
5d2231ea88fd474d8a11e5a759899216,upcoming,⍣ 靜謐田園✦EP14 ⇎ 快樂的沃克農夫 ⊶ 十六月 OctJun,2026-09-24T04:00:00Z,https://www.youtube.com/watch?v=jFUbEe3fOWY,https://i.ytimg.com/vi/jFUbEe3fOWY/mqdefault_live.jpg
7c06b9e316ce4ac18ce836cd72442bbe,upcoming,【北極星伴讀室💭】回歸看書！來讀貓咪檢定一起更了解Haku🐱【浠Mizuki Free Talk】,2026-09-24T05:00:00Z,https://www.youtube.com/watch?v=RPOnEMcuBIs,https://i.ytimg.com/vi/RPOnEMcuBIs/mqdefault_live.jpg
f53807443055490f87b85ded6caee0aa,upcoming,【金V獎在WirForce】9/24 世貿一館線下見面會👋月月教主保位戰💥 | 可樂月月 ColaMoon,2026-09-24T05:00:00Z,https://www.youtube.com/watch?v=EonBy_CqJgY,https://i.ytimg.com/vi/EonBy_CqJgY/mqdefault_live.jpg
ba5ed25718a7421cb15cd0ec62df723e,upcoming,答錯題目就會掉下去！？ 聊天室的宅知識問答實境秀！ | 金V獎 × WIRFORCE | 陳旭元,2026-09-24T05:00:00Z,https://www.youtube.com/watch?v=t6Falv3vcK0,https://i.ytimg.com/vi/t6Falv3vcK0/mqdefault_live.jpg
175cfc69dbb34f1a8987f24a935db17f,upcoming,【企劃】來嘗試DIY蛋黃酥!當然也包含...內餡?等等 是正常的內餡對吧?  †MAYÜ,2026-09-24T05:30:00Z,https://www.youtube.com/watch?v=aYpwGq_OpBg,https://i.ytimg.com/vi/aYpwGq_OpBg/mqdefault_live.jpg
575d15d21f7240e1ad72935bf7fa0465,upcoming,🍡【 #中秋節｜手作蛋黃酥】時間未定！炸廚房系列之我想吃蛋黃酥所以我來了 ♡ 【夏羽由里/Vtuber】,2026-09-24T06:00:00Z,https://www.youtube.com/watch?v=LddFJpbB8ws,https://i.ytimg.com/vi/LddFJpbB8ws/mqdefault_live.jpg
3a30426a65fe450bbef138fd8ba35f1e,upcoming,【艾爾登法環#6】非初見，魂系馬拉松第三站！！菈尼支線、女武神擊破、龍王、最終魔王！拚拚看今天完成！【劇情暴雷注意】【猫又くろね★Vtuber★】#初見歡迎 #歡迎降落,2026-09-24T06:00:00Z,https://www.youtube.com/watch?v=sqh3pZOFP2s,https://i.ytimg.com/vi/sqh3pZOFP2s/mqdefault_live.jpg
edf9e466820347828b0d2d10e5e9bb72,upcoming,【天月麻雀】 悠閒日麻場！[星月櫻奈],2026-09-24T06:30:00Z,https://www.youtube.com/watch?v=Jx_aCBzm_U8,https://i.ytimg.com/vi/Jx_aCBzm_U8/mqdefault_live.jpg
9d0fb5c59ea745f09934f3cfd932c393,upcoming,【Muse Dash】節奏感將會成為練習唱歌的一大助力【秋篠響】,2026-09-24T07:00:00Z,https://www.youtube.com/watch?v=lFhnBbrExrI,https://i.ytimg.com/vi/lFhnBbrExrI/mqdefault_live.jpg
f4ff6f40be3a4294ac1fe3e475421377,upcoming,【Minecraft】靈感和便意一樣 感覺過了怎麽努力就是拉不出來,2026-09-24T07:00:00Z,https://www.youtube.com/watch?v=q5uXkVcN7ck,https://i.ytimg.com/vi/q5uXkVcN7ck/mqdefault_live.jpg
869d9d9067b64dd78418cc258cb6607b,upcoming,【塔羅斯的法則2】每次玩這個遊戲都在解決上一次留下來的爛攤子【黛儚‧卡索】,2026-09-24T07:30:00Z,https://www.youtube.com/watch?v=bkBzlLlP1fU,https://i.ytimg.com/vi/bkBzlLlP1fU/mqdefault_live.jpg
658e63bebdca421ca934b0bf6aa2bcd8,upcoming,【 金V獎 × WirForce線下見面會 】讓你見識第一屆企劃獎得主的互動實力！(並沒有)【 灰妲 🦜 】#台灣vtuber,2026-09-24T08:00:00Z,https://www.youtube.com/watch?v=xi6DhdWutNM,https://i.ytimg.com/vi/xi6DhdWutNM/mqdefault_live.jpg
068503b08362450b9339a0b6cc6eb3f0,upcoming,【The Roottrees are Dead】推理解謎類型的遊戲！想玩好久~｜久世琥珀 Kuze Kohaku｜SDS,2026-09-24T08:00:00Z,https://www.youtube.com/watch?v=khZR_uwZYyE,https://i.ytimg.com/vi/khZR_uwZYyE/mqdefault_live.jpg
c16daca9d8b84b18a38ab97cdcd7577a,upcoming,【Control resonance EP1】完全冇玩第一集係咪會唔明做緊咩【香港Vtuber/三日月凌】,2026-09-24T09:00:00Z,https://www.youtube.com/watch?v=LtfKhLSSnQI,https://i.ytimg.com/vi/LtfKhLSSnQI/mqdefault_live.jpg
d475848a566848dc9f6ad02707d87e2a,upcoming,【魔法少女的魔女審判】悲劇要繼續到幾時【HKVTuber/Ding】,2026-09-24T09:00:00Z,https://www.youtube.com/watch?v=ye1_t4qTp7w,https://i.ytimg.com/vi/ye1_t4qTp7w/mqdefault_live.jpg
36a96262405a4d4683db73d8403bf8b7,upcoming,《圖解真相戰》讀書會｜歡迎來到後真相時代,2026-09-24T09:00:00Z,https://www.youtube.com/watch?v=AthAqiymI2s,https://i.ytimg.com/vi/AthAqiymI2s/mqdefault_live.jpg
c25e6f38d6df447e84c4747ba6ac75cc,upcoming,【 歌回 】不要試著去理解它，去感受它。初見歡迎 / 【 安特羅迦Entrovia 】,2026-09-24T10:00:00Z,https://www.youtube.com/watch?v=-jM7L5DCBCs,https://i.ytimg.com/vi/-jM7L5DCBCs/mqdefault_live.jpg
80f7b111f0e044abae4c37f6a96b5957,upcoming,【#RadioDeVio】第八回目☆Radio: DeVio素敵な歌声を発掘する企画✨｜Devilith Violustre【#Devilithviolustre】,2026-09-24T10:00:00Z,https://www.youtube.com/watch?v=Q9n__1qXkAA,https://i.ytimg.com/vi/Q9n__1qXkAA/mqdefault_live.jpg
5fa2dee0fba64112aa476441cd6ff982,upcoming,【血百合：殺人魔別夾在百合間】Demo之後終於繼續玩！後續劇情會怎麼發展？!《阿西》,2026-09-24T10:00:00Z,https://www.youtube.com/watch?v=g4nTGCV7zzA,https://i.ytimg.com/vi/g4nTGCV7zzA/mqdefault_live.jpg
4dd71b1079284bdb8ba90198317e524d,upcoming,【Fire Emblem: Fortune's Weave 】火紋 聖火降魔錄 萬縷千絲 EP5 迪托利希線 Dietrich,2026-09-24T10:15:00Z,https://www.youtube.com/watch?v=QlA7v2CdoKw,https://i.ytimg.com/vi/QlA7v2CdoKw/mqdefault_live.jpg
ca8d038d311e4cccb2deded15cee89cd,upcoming,「master duel」打打RANK(20260924 #masterduel,2026-09-24T11:00:00Z,https://www.youtube.com/watch?v=C3vvK73Cz70,https://i.ytimg.com/vi/C3vvK73Cz70/mqdefault_live.jpg
01edfa8163ad42cd85f56ef4dce2609e,upcoming,一起愉快地跟千昭聊時事跟新聞吧！國際新聞&台灣時事 新聞雜談✨0924✨,2026-09-24T11:00:00Z,https://www.youtube.com/watch?v=tDrTej_MzCU,https://i.ytimg.com/vi/tDrTej_MzCU/mqdefault_live.jpg
fec8644970684cffbbae8dd37a52d59c,upcoming,【#永恆輪迴 17】又來復健ㄌ 到底為甚麼一天到晚在復健-.-/   #eternalreturn,2026-09-24T11:00:00Z,https://www.youtube.com/watch?v=JXTk_UCbN9Q,https://i.ytimg.com/vi/JXTk_UCbN9Q/mqdefault_live.jpg
746abd9861714105823ebfb2a18f6fdc,upcoming,【死亡擱淺2】2026/09/24 - 最高難度！歡迎來聊天～【Balion】 #vtuber #初見歡迎,2026-09-24T11:00:00Z,https://www.youtube.com/watch?v=tMgKqClGs78,https://i.ytimg.com/vi/tMgKqClGs78/mqdefault_live.jpg
6166fbac685941a6acf389460de44943,upcoming,【台語默契大考驗】語言不通的兩組人馬究竟能不能順利溝通呢？🍎👻😈#降落歡迎 #初見歡迎,2026-09-24T11:30:00Z,https://www.youtube.com/watch?v=hvaaaWIjLHM,https://i.ytimg.com/vi/hvaaaWIjLHM/mqdefault_live.jpg
c5e956bdce614dddbeddfaf6ada4200d,upcoming,《大逆轉裁判2 -成步堂龍之介的覺悟》終於放連假了!!回老家前一定要把第二章破完!!【輪墨十三】,2026-09-24T11:30:00Z,https://www.youtube.com/watch?v=YK4iokXfxP4,https://i.ytimg.com/vi/YK4iokXfxP4/mqdefault_live.jpg
8fe313c8e0704a29a7a387b47c4f938b,upcoming,【狐想成為金牌律師】EP.1 世紀大掀桌！無罪脫罪還是直接入獄？,2026-09-24T11:30:00Z,https://www.youtube.com/watch?v=BkwRwFfmuuU,https://i.ytimg.com/vi/BkwRwFfmuuU/mqdefault_live.jpg
abe50a593a1d4cdbbc6dfb8b45bbf6bb,upcoming,【Hollow Knight】#13 莽王荔娜獨自攻略地下城(?)｜Leelina Stream #初見歡迎 #hollowknight #荔娜a底加 #遊戲直播 #空洞騎士 #台灣vtuber,2026-09-24T12:00:00Z,https://www.youtube.com/watch?v=GrdyiyOBpt4,https://i.ytimg.com/vi/GrdyiyOBpt4/mqdefault_live.jpg
4c3cae772e974f8fb8e04f4cc9c8cd8d,upcoming,✘✘✘✘✘✘✘,2026-09-24T12:00:00Z,https://www.youtube.com/watch?v=Gus2znmfZrc,https://i.ytimg.com/vi/Gus2znmfZrc/mqdefault.jpg
8ae0f370cf124faa953a09089a427fd9,upcoming,《Nintendo Switch Sports》#44 踢足球！每週更新道具⚽,2026-09-24T12:00:00Z,https://www.youtube.com/watch?v=qTpkbyxVqzI,https://i.ytimg.com/vi/qTpkbyxVqzI/mqdefault_live.jpg
96f44559b15e4bad9de2eb8a0a2a92da,upcoming,【睡眠導入ASMR】水母漂漂哄睡台１１！,2026-09-24T12:00:00Z,https://www.youtube.com/watch?v=a_Eimv2EJZo,https://i.ytimg.com/vi/a_Eimv2EJZo/mqdefault_live.jpg
db1c4d81f03f4b04aca36b8b5b2b9c62,upcoming,【觀眾場】暴躁精靈讓你起飛 吸乾你的魂🥵 { 雀魂麻將 } 輕鬆娛樂場！ #DONTUWATCH｜DONT U冬優奈奈,2026-09-24T12:00:00Z,https://www.youtube.com/watch?v=N29BRnz3oBM,https://i.ytimg.com/vi/N29BRnz3oBM/mqdefault_live.jpg
0c97b425059d4ac893cae0f804f4ccbc,upcoming,『遊戲』Suikoden I&II １－３：誰都不能阻止我繼續【天真爛漫諾亞】,2026-09-24T12:00:00Z,https://www.youtube.com/watch?v=Sn5BFECHbJA,https://i.ytimg.com/vi/Sn5BFECHbJA/mqdefault_live.jpg
891c39f050e048aebafaafc90a1c4cbd,upcoming,【#遊戲王MasterDuel】打杯賽打出了一個V朋是我沒有想到的~ 游戲王觀眾場開啓!!  | 帕可帕米Pami #初見歡迎 #降落歡迎 #中文vtuber,2026-09-24T12:00:00Z,https://www.youtube.com/watch?v=iT6fc9roZRs,https://i.ytimg.com/vi/iT6fc9roZRs/mqdefault_live.jpg
7ebc0dc9fdf3442688ecd63bbdc30c51,upcoming,【電腦線圈 [1] ~ [13]／初見歡迎】是一直有聽說觀眾推推的神作✨突然發現要下架了只好插隊進來看啦😳【薄荷巧克力🌱🍫】,2026-09-24T12:00:00Z,https://www.youtube.com/watch?v=pb0boGnMODo,https://i.ytimg.com/vi/pb0boGnMODo/mqdefault_live.jpg
84944da407dc4de9896c7b763132908c,upcoming,【遊戲開箱 】聽說有個酷咚咚!!我們一起來瞧瞧!!｜降落+10分鐘 #爹の加班 Day286 #初見さん大歓迎【Ande 安爹】,2026-09-24T12:00:00Z,https://www.youtube.com/watch?v=yigsdcekqEE,https://i.ytimg.com/vi/yigsdcekqEE/mqdefault_live.jpg
c25e6f38d6df447e84c4747ba6ac75cc,upcoming,鬼 - 草東沒有派對 ｜安特羅迦Entrovia【Cover】,2026-09-24T12:00:00Z,https://www.youtube.com/watch?v=Z8uLylyPr9I,https://i.ytimg.com/vi/Z8uLylyPr9I/mqdefault.jpg
84cccbea595d4bc69426d5c75f1ac3a4,upcoming,【Membership Stream】Updates | Chit Chat | Current Events | Karaoke,2026-09-24T12:00:00Z,https://www.youtube.com/watch?v=PhKX-aFWwyY,https://i.ytimg.com/vi/PhKX-aFWwyY/mqdefault_live.jpg
32a08f858ffb4d6aba0624647cf8cf2d,upcoming,【V朋友隨機凸待】你們看！米可緹換新衣裝了！！！FT.V朋友們,2026-09-24T12:00:00Z,https://www.youtube.com/watch?v=YyKgRD9HvW8,https://i.ytimg.com/vi/YyKgRD9HvW8/mqdefault_live.jpg
35b7bd4f6fcb4fbfb3ebe83be100d9a0,upcoming,〖 狂い咲き 〗第一次玩恐怖遊戲😱「芽吹いていく」何かとは一体…〖 #絡屋イト/#vtuber 〗,2026-09-24T12:00:00Z,https://www.youtube.com/watch?v=Fr06DOSve90,https://i.ytimg.com/vi/Fr06DOSve90/mqdefault_live.jpg
fceadce7c37f4cc08bc747aa79c3cf9e,upcoming,【#超級變色龍 ｜#觀眾場 】期盼已久ㄉ中秋節連假！大家一起玩ㄅ！ #中文vtuber  #vtuber,2026-09-24T12:00:00Z,https://www.youtube.com/watch?v=9Rq0qlK4W60,https://i.ytimg.com/vi/9Rq0qlK4W60/mqdefault_live.jpg
fad69c2a625446829ef410d9ef277c8f,upcoming,Singing Stream︱中秋節來點點歌一起慶祝吧🎤︱依涅斯Inez #初見さん大歓迎 #歌枠 #初見歓迎,2026-09-24T12:00:00Z,https://www.youtube.com/watch?v=X5Gm2gng6Q8,https://i.ytimg.com/vi/X5Gm2gng6Q8/mqdefault_live.jpg
61c75f9fbf044b54872197eec7c9bafa,upcoming,"【戰甲神兵 WARFRAME】打個翠玉遺影的新主線前,先來復盤個很無聊的三軍片段(就大家都很抽象)",2026-09-24T12:00:00Z,https://www.youtube.com/watch?v=kK7UD1U2Rzo,https://i.ytimg.com/vi/kK7UD1U2Rzo/mqdefault_live.jpg
bdcf0d95e6544ebaaddbfba94839cd6b,upcoming,【光遇】SKY~歡迎現場加入#克拉拉on air#台v#個人勢vtuber#多多,2026-09-24T12:00:00Z,https://www.youtube.com/watch?v=x6kK9ewWaBo,https://i.ytimg.com/vi/x6kK9ewWaBo/mqdefault_live.jpg
86154ca2dc964847b37297138aa65b9f,upcoming,❣夢野 薰草❣【伊莫Aniimo】玩伊莫!! 不EMO!! 繼續主線~繼續遨遊這個大世界~,2026-09-24T12:00:00Z,https://www.youtube.com/watch?v=agqi-JJx_CA,https://i.ytimg.com/vi/agqi-JJx_CA/mqdefault_live.jpg
a168211aa3dd451cb33e09b80df0ea0a,upcoming,蜜絲雪芙 - Someone You Loved / 百人白首 #55,2026-09-24T12:00:00Z,https://www.youtube.com/watch?v=Mnd0ejkurEs,https://i.ytimg.com/vi/Mnd0ejkurEs/mqdefault.jpg
68820304b6164959806479d6c9dad127,upcoming,【電影解析】諾蘭的《奧德賽》好看嗎？完整解析奧德賽電影和原著差異！#初見歓迎｜希沫洛佩｜VerseLink,2026-09-24T12:00:00Z,https://www.youtube.com/watch?v=9psz7WexrU8,https://i.ytimg.com/vi/9psz7WexrU8/mqdefault_live.jpg
904f58005872497b82964fff25490152,upcoming,【雜談台】光有利古戰場本戰 Day1《碧藍幻想》【伊利希恩/Vtuber】,2026-09-24T12:30:00Z,https://www.youtube.com/watch?v=diTusyqGE_s,https://i.ytimg.com/vi/diTusyqGE_s/mqdefault_live.jpg
e92219319c904d17ad14a223a304f7b5,upcoming,【#幽點想聊 】殘酷二選一? / 浮幽幽 FUU,2026-09-24T12:30:00Z,https://www.youtube.com/watch?v=QC0jjsjQlyM,https://i.ytimg.com/vi/QC0jjsjQlyM/mqdefault_live.jpg
83cb016f535f4275bba29ad276b2084f,upcoming,【阿瑤旅遊趣】小旅遊回歸，好想念每一顆月餅！｜一起聊聊吧💙 月瑤 YueYao ꕤ Mojoylive 三期生,2026-09-24T12:30:00Z,https://www.youtube.com/watch?v=fGf_SQmlzFE,https://i.ytimg.com/vi/fGf_SQmlzFE/mqdefault_live.jpg
c88554bbf263412da16e7a17fd03e467,upcoming,【撒嬌女友ASMR】再靠近一點嘛…今天只在你耳邊撒嬌♡ ｜#初見歡迎 #asmr ☁ 天蕓茶茶 ☁,2026-09-24T12:30:00Z,https://www.youtube.com/watch?v=OOEaMjQH0fo,https://i.ytimg.com/vi/OOEaMjQH0fo/mqdefault_live.jpg
e4c71cb272a24ce6bda794eae8e5bdfc,upcoming,【寧域展開☆】滑手機停不下來怎麼辦😖行為成癮的神經科學🧠🔍【北門76事務所｜穆寧寧Muninin 】#初見安安 #降落歡迎,2026-09-24T12:30:00Z,https://www.youtube.com/watch?v=XVlc1bDcnBc,https://i.ytimg.com/vi/XVlc1bDcnBc/mqdefault_live.jpg
49196eec11454f589d4d6e52f1b1bbe8,upcoming,【直播】【遊戲】【血百合：殺人魔別夾在百合間】|遊戲正式版 ！可以抽獎遊戲序號！來吧來吧！【菜姬】,2026-09-24T12:30:00Z,https://www.youtube.com/watch?v=XuV2ZEWag9E,https://i.ytimg.com/vi/XuV2ZEWag9E/mqdefault_live.jpg
02dadd7977b8412b99f101241de4cb3f,upcoming,【天國降臨：救贖||】在中世紀求生存囉～ #25,2026-09-24T12:30:00Z,https://www.youtube.com/watch?v=cNzWK3UoaEI,https://i.ytimg.com/vi/cNzWK3UoaEI/mqdefault_live.jpg
74ef34317983453ab86223490eba4f6e,upcoming,【訪談】#愛豆鹿見習中✨ 台灣也有日系偶像！請讓小鹿我好好學習吧！ ft.KANA-KANA(from Primulav)｜桃芽鹿妮MomogaLuni｜#初見歡迎 #降落歡迎 #鹿上有妮,2026-09-24T12:30:00Z,https://www.youtube.com/watch?v=1Is4kIe5zEA,https://i.ytimg.com/vi/1Is4kIe5zEA/mqdefault_live.jpg
443ba741722742d5b7d5f76c3e7b445b,upcoming,想毛毛球唱哪首呢？歌わせたい曲は何？🎵🎶🍡JP/HK/EN/ZH OK｜魅音モモキュ．毛毛球,2026-09-24T12:30:55Z,https://www.youtube.com/watch?v=U4j6dsuMAZY,https://i.ytimg.com/vi/U4j6dsuMAZY/mqdefault_live.jpg
0da343539de64a169fe51ad653e5c73d,upcoming,VGL Podcast - Q3 2026,2026-09-24T13:00:00Z,https://www.youtube.com/watch?v=NI1qSYMBqGs,https://i.ytimg.com/vi/NI1qSYMBqGs/mqdefault_live.jpg
312fdd3c5e6d4aefa73fd3860ecc5613,upcoming,【歌回LA】久違的點歌回🎤中秋節快樂！！,2026-09-24T13:00:00Z,https://www.youtube.com/watch?v=s8BMo3qZffI,https://i.ytimg.com/vi/s8BMo3qZffI/mqdefault_live.jpg
a725f6babc5f44779d7389886c6cd7b7,upcoming,雜談手做    中秋串串珠! 【＃VTuber/＃夜羽結伊子】,2026-09-24T13:00:00Z,https://www.youtube.com/watch?v=n98T0rc16p0,https://i.ytimg.com/vi/n98T0rc16p0/mqdefault_live.jpg
a55a6a4b6453413cb8b1dc69423b67d5,upcoming,神ストーリー！！【 活俠傳 (Legend of Mortal) 】（# 13）顔も才能もない主人公を立派な侠客にしたい！台湾産今話題の武侠RPG｜台湾ゲーム配信｜ 台湾大学生みやび,2026-09-24T13:00:00Z,https://www.youtube.com/watch?v=eBF7rXVNkBQ,https://i.ytimg.com/vi/eBF7rXVNkBQ/mqdefault_live.jpg
a2ee4a74f9ca40f5b6218de51736b9c8,upcoming,周年雜談–來細說今個活動年到底過得如何?,2026-09-24T13:00:00Z,https://www.youtube.com/watch?v=_7Ll0gaclRQ,https://i.ytimg.com/vi/_7Ll0gaclRQ/mqdefault_live.jpg
6cc5ac707eed4f9e9b5bc7b2f970fe1b,upcoming,【繪圖台】畫一下委託圖跟小東西【安無希/VTuber】 2026.0924,2026-09-24T13:00:00Z,https://www.youtube.com/watch?v=sm7npTFVX1w,https://i.ytimg.com/vi/sm7npTFVX1w/mqdefault_live.jpg
004e635d5d494045a810b2d026e769c7,upcoming,🃏🀄🎴禮拜四晚上9:00直播【直播馬拉松--遊戲王 Master Duel】,2026-09-24T13:00:00Z,https://www.youtube.com/watch?v=KNJhVfKu-kk,https://i.ytimg.com/vi/KNJhVfKu-kk/mqdefault_live.jpg
2a2b7990365f4a1bb1d8acf1ae0f2f32,upcoming,"Stream 24/9/26 你打(MH)荒野, 我打荒野(亂鬥) 【荒野亂鬥 Brawl Stars】",2026-09-24T13:00:00Z,https://www.youtube.com/watch?v=KRTo3RMe6Us,https://i.ytimg.com/vi/KRTo3RMe6Us/mqdefault_live.jpg
3dd8c72cab6d494dbd6fbf0a0e3dc41a,upcoming,【Silent Hill: Townfall】低頭看電視  // リンコ パン Rinko Pan #個人勢vtuber,2026-09-24T13:00:00Z,https://www.youtube.com/watch?v=sO3J2cnB_Wk,https://i.ytimg.com/vi/sO3J2cnB_Wk/mqdefault_live.jpg
c4bc52355d334a98bdaa1e57c05673ad,upcoming,【✿重大發表✿】Vtuber要怎麼樣才能不畢業？🥹營運方＆藝人方一同探討：如何在現今的V圈生存下去🔥結尾有重大消息 ft.CB【Karin Ch.花燐】 #歡迎降落 @CB.Ortega,2026-09-24T13:00:00Z,https://www.youtube.com/watch?v=KBTd1dhJHKU,https://i.ytimg.com/vi/KBTd1dhJHKU/mqdefault_live.jpg
6abc6d7010ed4b7a88b2566b171c9005,upcoming,【墨色閒談】柚子~月餅~烤肉肉~ #墨生 #初見歡迎 #歡迎降落,2026-09-24T13:00:00Z,https://www.youtube.com/watch?v=evLlxjIYWJ0,https://i.ytimg.com/vi/evLlxjIYWJ0/mqdefault_live.jpg
73ae80b091f542358d7a5bf8905c28f3,upcoming,天啊，遊戲角落居然十周年了！活動還找了30位VTuber助陣？！【橘攸奈‧VTuber】,2026-09-24T13:00:00Z,https://www.youtube.com/watch?v=rwvXyA-Fw70,https://i.ytimg.com/vi/rwvXyA-Fw70/mqdefault_live.jpg
2885972c2d0943e6b697bdc5e72c1d4a,upcoming,🔥有公告🔥要不要和日本人妻一起聊聊台日的懷舊廣告？💖直播結束後首播🎥✨ #初見歡迎  #降落歡迎 #vtuber #烈芝麻,2026-09-24T13:00:00Z,https://www.youtube.com/watch?v=yvP5SRtjA2s,https://i.ytimg.com/vi/yvP5SRtjA2s/mqdefault_live.jpg
6ddea98137e2429eb0e9c4025ad9294f,upcoming,【遊戲】原神 真的要前進挪德卡萊了啦! 今天誰也無法阻止我玩到明天了 | 韶花 #初見歡迎 #降落歡迎,2026-09-24T13:00:00Z,https://www.youtube.com/watch?v=7pl00tGohiI,https://i.ytimg.com/vi/7pl00tGohiI/mqdefault_live.jpg
4d0cbf91a5cb4524862207c5d406d98c,upcoming,〖 雜談 ║ 角色名配對 〗是時候考驗貓貓的觀察力了！他和他和他不是都長一樣嗎... ║ 瑟思安Cesium,2026-09-24T13:00:00Z,https://www.youtube.com/watch?v=PCIgEB_feAE,https://i.ytimg.com/vi/PCIgEB_feAE/mqdefault_live.jpg
5f9767b104b54292bf6dd29863c0c6b1,upcoming,【鵝來開箱】鵝主播又來開箱啦！這次的皮卡丘卡牌超級可愛！【寶可夢PTCG 30周年30th CELEBRATION擴充包】,2026-09-24T13:00:00Z,https://www.youtube.com/watch?v=a9D3kfPrnSo,https://i.ytimg.com/vi/a9D3kfPrnSo/mqdefault_live.jpg
e069724ddab54dd690d6c3425574effd,upcoming,【健身環加班台】今天也要把自己操爆！💦薄荷絕對不可以偷懶｜No More Excuses! #賣勾萊拉,2026-09-24T13:00:00Z,https://www.youtube.com/watch?v=-oMyEk8aPCc,https://i.ytimg.com/vi/-oMyEk8aPCc/mqdefault_live.jpg
c03997835cc943fe81a441c571d733d0,upcoming,【連動】PEAK｜爬山囉！這遊戲 意外的蠻好玩的!?【白給☆】#PEAK #初見歡迎,2026-09-24T13:00:00Z,https://www.youtube.com/watch?v=gswzJQRY-5o,https://i.ytimg.com/vi/gswzJQRY-5o/mqdefault_live.jpg
62b58adde13f4a73ab406f857d730e20,upcoming,【寶可夢-紫】格鬥幫復仇戰  是不是要先練級 #初見歡迎,2026-09-24T13:00:02Z,https://www.youtube.com/watch?v=3R_dsJ7lHy0,https://i.ytimg.com/vi/3R_dsJ7lHy0/mqdefault_live.jpg
1cfadb0d2e154a258c3177ff8264336f,upcoming,【真·初次露臉?】1讚=解鎖1塊中之人拼圖！🧩 今次不碼樣！,2026-09-24T13:00:10Z,https://www.youtube.com/watch?v=6hGzyHPIQdY,https://i.ytimg.com/vi/6hGzyHPIQdY/mqdefault_live.jpg
e1b2337b79d1449e9ae6a754ec74050d,upcoming,【In Sink】【#2】下海！【香港VTUBER】,2026-09-24T13:30:00Z,https://www.youtube.com/watch?v=BhHWTLVmpOQ,https://i.ytimg.com/vi/BhHWTLVmpOQ/mqdefault_live.jpg
7ae1c13d53fb44f49f386eef43c63ee4,upcoming,【#游戲】🎮【Road to Jukai 】 我换工作 这里做司机~,2026-09-24T13:30:00Z,https://www.youtube.com/watch?v=iC1eBzcST5w,https://i.ytimg.com/vi/iC1eBzcST5w/mqdefault_live.jpg
77829b31e6e246efbf1f648a353ff823,upcoming,【工商✧Larch解謎遊戲工具】第二屆創作者挑戰賽！精選社群製作的短篇解謎遊戲！ #Larch視覺小說 #解謎遊戲 #獨立遊戲 #遊戲製作工具 #弎陸蒂結契約 #弎陸蒂 #初見歡迎 #降落歡迎,2026-09-24T13:30:00Z,https://www.youtube.com/watch?v=eTDzlfD8Ovk,https://i.ytimg.com/vi/eTDzlfD8Ovk/mqdefault_live.jpg
55be1972142c44799f83ce3db4f14fbd,upcoming,Lulala! Lululala!/鳴潮 | covered by 有・柚実yuzzmi【歌ってみた】,2026-09-24T13:30:00Z,https://www.youtube.com/watch?v=23-9K2f730c,https://i.ytimg.com/vi/23-9K2f730c/mqdefault.jpg
b115a7f57f664800a9f71a25eaf73b92,upcoming,【Sky 光・遇】今天進入梵谷的世界吧！🍆 【賽樂茄.Cerengia／Vtuber】,2026-09-24T13:30:00Z,https://www.youtube.com/watch?v=Rs4sQa3m_2M,https://i.ytimg.com/vi/Rs4sQa3m_2M/mqdefault_live.jpg
05317bcbe5f243abb85618d2669bd0d7,upcoming,【雜談、音樂】睡意還沒來？那就來聊天吧。,2026-09-24T14:00:00Z,https://www.youtube.com/watch?v=8GvwQMcXK74,https://i.ytimg.com/vi/8GvwQMcXK74/mqdefault_live.jpg
dbfaa5f3d01142df8a05c4946a0a22dc,upcoming,🎤【 #歌回 】邊唱邊推歌✨ 我的神 Vaundy限定歌回！！！｜星野EE💫｜男性VTuber｜歌回🎵 \初見歡迎/ \降落歡迎/,2026-09-24T14:00:00Z,https://www.youtube.com/watch?v=uzuMkLet-B0,https://i.ytimg.com/vi/uzuMkLet-B0/mqdefault_live.jpg
60da3bb357d64f998006b8ca3043fd00,upcoming,【雜談 】折折折!!💤|古古.歐拉拉🐨|,2026-09-24T14:00:00Z,https://www.youtube.com/watch?v=uEkjWwHV9Ck,https://i.ytimg.com/vi/uEkjWwHV9Ck/mqdefault_live.jpg
68c912c0e68b455f91cd3e1dfbf7d33b,upcoming,月下轉轉樂~中秋限定周邊-實體轉盤｜彌椏MIYARUNA,2026-09-24T14:00:00Z,https://www.youtube.com/watch?v=hxN453dPHg4,https://i.ytimg.com/vi/hxN453dPHg4/mqdefault_live.jpg
0ba1bc3725a9456aa0f66ec951ad47eb,upcoming,中秋節就是要做章魚燒啊! | 中秋節企劃🎮 潔絲可Jusko,2026-09-24T14:00:00Z,https://www.youtube.com/watch?v=ek52vZPjWns,https://i.ytimg.com/vi/ek52vZPjWns/mqdefault_live.jpg
8f7fdc3104f541539132c122eeab6801,upcoming,【歌回】練過的另外10首歌🎤今晚通通補齊 #颯葻而至 #初見歡迎 #歡迎降落,2026-09-24T14:00:00Z,https://www.youtube.com/watch?v=F16ULqAXvXc,https://i.ytimg.com/vi/F16ULqAXvXc/mqdefault_live.jpg
f6a8c59d8b8d4e009d4e147ec268cd73,upcoming,〖#活俠傳┊三周目〗＃13 留学 ❣ 夏侯蘭ルート🕊️ 武侠版パワポケ！？台湾のRPG〖#Ellise /vtuber〗,2026-09-24T14:00:00Z,https://www.youtube.com/watch?v=UeWmQdDfYNQ,https://i.ytimg.com/vi/UeWmQdDfYNQ/mqdefault_live.jpg
85ec3eac9fef49dcb3aeee87520a5b85,upcoming,【 🌕 月亮 🎤 主題歌回 】只要妮雅不讓你睡 ❤️ 我們就能一起中秋賞月 🌙 (⁠◍⁠•⁠ᴗ⁠•⁠◍⁠)⁠ ❤  【蜜提妮雅】｜風鈴檔案W.C.A｜初見歓迎｜降落歡迎,2026-09-24T14:30:00Z,https://www.youtube.com/watch?v=Ga7IvUSbg_I,https://i.ytimg.com/vi/Ga7IvUSbg_I/mqdefault_live.jpg
d13fdb8fdd3049e5bf80b5ab0fa8a1a6,upcoming,《MECCHA CHAMELEON》#會員觀眾場  躲貓貓｜#外星貓Vtuber直播🐾,2026-09-24T14:30:00Z,https://www.youtube.com/watch?v=jlGcAQx9yJo,https://i.ytimg.com/vi/jlGcAQx9yJo/mqdefault_live.jpg
0ede84dfc1ff426cb42643d7390d2937,upcoming,【縦型配信】中秋月亮歌回～ ｜初見大歡迎！【糖ナツ】,2026-09-24T14:30:00Z,https://www.youtube.com/watch?v=ZnkY6GUOK5s,https://i.ytimg.com/vi/ZnkY6GUOK5s/mqdefault_live.jpg
14b8fa0f43664c31a5d634b20f9112d9,upcoming,【雜談臺】這二審居然能翻!!!這是能載入教科書的V法律案件,2026-09-24T14:30:00Z,https://www.youtube.com/watch?v=idhsGcStG0Y,https://i.ytimg.com/vi/idhsGcStG0Y/mqdefault_live.jpg
8edfda91088642ffabf3b24e079eb039,upcoming,和葉宇玩鵝鴨殺,2026-09-24T14:30:11Z,https://www.youtube.com/watch?v=HO3rNqm-4Rc,https://i.ytimg.com/vi/HO3rNqm-4Rc/mqdefault_live.jpg
d5fdf5fc55d14476908e416e6d43c121,upcoming,【情境向ASMR】老師...你要離開了嗎？為什麼？難道不愛我了嗎？❄️人聲／氣音／摸耳／摀耳／微口腔音【雪之下織雪／芥川組】,2026-09-24T15:00:00Z,https://www.youtube.com/watch?v=NTlU4Uq6QOU,https://i.ytimg.com/vi/NTlU4Uq6QOU/mqdefault_live.jpg
658e63bebdca421ca934b0bf6aa2bcd8,upcoming,【 #雪白薄紗 】親口唸出你的台詞！回饋大家的心❤動❤台❤詞❤【 灰妲 🦜 】#台灣vtuber,2026-09-24T15:00:00Z,https://www.youtube.com/watch?v=UzW0TDXxPaM,https://i.ytimg.com/vi/UzW0TDXxPaM/mqdefault_live.jpg
6873f5b9a88c42ba980878bbffb5682a,upcoming,【同時視聽】一起來看電影《真·三國無雙》聽説是搞笑電影????,2026-09-24T15:00:00Z,https://www.youtube.com/watch?v=NXZGSGc2mMs,https://i.ytimg.com/vi/NXZGSGc2mMs/mqdefault_live.jpg
50433c34f368460c9cda947f292a62b4,upcoming,【#KALANORO🎶】與狐猴們一起組成樂團用音樂去拯救世界！守護島嶼！欸？還可以用頭髮去攻擊敵人？！【卡拉諾羅】【貓宮步夢】,2026-09-24T15:00:00Z,https://www.youtube.com/watch?v=KWnycJw19sQ,https://i.ytimg.com/vi/KWnycJw19sQ/mqdefault_live.jpg
2885972c2d0943e6b697bdc5e72c1d4a,upcoming,台灣 VS 日本！類似商品哪個比較好吃？日本人妻親自來PK！🌕✨ #vtuber #烈芝麻 #台灣美食 【中文字幕】,2026-09-24T15:00:00Z,https://www.youtube.com/watch?v=PS0PDwZrV48,https://i.ytimg.com/vi/PS0PDwZrV48/mqdefault.jpg
8c171b8f4b854cbfade4ee2babc19e0f,upcoming,【冉冉嬉戲】聯盟戰棋Teamfight Tactics｜爬分之路遙遙無期👉👈#荏冉浮光 #初見歡迎 #歡迎降落,2026-09-24T15:30:00Z,https://www.youtube.com/watch?v=VzSKNDGjhcw,https://i.ytimg.com/vi/VzSKNDGjhcw/mqdefault_live.jpg
843d99233b474827a2f0bc417ffd3852,upcoming,【抹茶】08/03｜#鱷魔盃 希望今天糰練不要再這麼緊張了 跟隊友多熟悉一下 (2) ૮ ´͈ ᗜ `͈ ა♡‧₊˚   生日周邊賣場開放中 !生日,2026-09-24T23:00:00Z,https://www.youtube.com/watch?v=iEKxGLfsW90,https://i.ytimg.com/vi/iEKxGLfsW90/mqdefault.jpg
abe50a593a1d4cdbbc6dfb8b45bbf6bb,upcoming,【Pokopia】#20 這集一定！！目標完成一周目！｜Leelina Stream #pokopia  #初見歡迎 #遊戲直播 #荔娜a底加 #早安台,2026-09-25T00:00:00Z,https://www.youtube.com/watch?v=zvVyJkC7c98,https://i.ytimg.com/vi/zvVyJkC7c98/mqdefault_live.jpg
8faff7aecb9d4e12917ea0144696e2de,upcoming,【早八雜談】🔆好欸！又一個早八！🔆#初見歡迎【黑薔薇優璃愛】,2026-09-25T00:00:00Z,https://www.youtube.com/watch?v=sShgLzYyH5A,https://i.ytimg.com/vi/sShgLzYyH5A/mqdefault_live.jpg
994fcc5db40840ae990cf1ce43728548,upcoming,[雜談] 早晨雜談！ ♡ 儲時數中 '' 初見歡迎 '' 掛台歡迎 ♪  [🐧織夢玖璃 ],2026-09-25T00:30:00Z,https://www.youtube.com/watch?v=NP484NpmpM0,https://i.ytimg.com/vi/NP484NpmpM0/mqdefault_live.jpg
5d2231ea88fd474d8a11e5a759899216,upcoming,⍣ 新聞雜談✦9月25日 ⇎ 早九倒數143天 ⊶ 十六月 OctJun,2026-09-25T01:00:00Z,https://www.youtube.com/watch?v=8g3IV4kV7a8,https://i.ytimg.com/vi/8g3IV4kV7a8/mqdefault_live.jpg
a5f7302f9f1a4fcdb2471c4bc52a05fb,upcoming,鬼武者｜#5 鬼殺難度D2．請把箱子開好開滿拿去好好升等【玖璐】,2026-09-25T01:30:00Z,https://www.youtube.com/watch?v=WU2zUwasTr8,https://i.ytimg.com/vi/WU2zUwasTr8/mqdefault_live.jpg
489752f0b42c49b785d43f1207429983,upcoming,【開箱皮子啾郵箱】連假第一天的早上!! 一起讀信，悠閒度過吧｜莫伊 Voi,2026-09-25T02:00:00Z,https://www.youtube.com/watch?v=EYuiO4XEB48,https://i.ytimg.com/vi/EYuiO4XEB48/mqdefault_live.jpg
93a4d479e67242d58d3ff80307d3bc84,upcoming,朋友也需要互利嗎？長大後才懂的人際關係｜腦闆來聊聊友情、同行與利益關係  | 早安繪雜☕ | 月藏藏 moonku #初見歡迎,2026-09-25T02:00:00Z,https://www.youtube.com/watch?v=xu_uQbxo8BY,https://i.ytimg.com/vi/xu_uQbxo8BY/mqdefault_live.jpg
de362d2d371446d898953e74e27abd2a,upcoming,【 金V獎 × WIRFORCE 線下見面會】9/25來世貿一館用冷笑話挑戰金金子吧! 參加活動就送小禮物🎁,2026-09-25T03:00:00Z,https://www.youtube.com/watch?v=KruP6d0BRCc,https://i.ytimg.com/vi/KruP6d0BRCc/mqdefault_live.jpg
f53807443055490f87b85ded6caee0aa,upcoming,【中秋烤肉🥩開鏡LIVE】9/25 露手注意💥教主烤給你看🍡請不要玩食物💢 | 可樂月月 ColaMoon,2026-09-25T03:00:00Z,https://www.youtube.com/watch?v=iJSacki2OcI,https://i.ytimg.com/vi/iJSacki2OcI/mqdefault_live.jpg
58304450990a433b88acd02b889b74e6,upcoming,中秋節快樂！烤肉開趴啦！！｜午安辦桌｜歡迎降落｜塔瓦Tawa｜,2026-09-25T04:00:00Z,https://www.youtube.com/watch?v=Bc7qNYkYtaY,https://i.ytimg.com/vi/Bc7qNYkYtaY/mqdefault_live.jpg
e92219319c904d17ad14a223a304f7b5,upcoming,【#特別企劃 】中秋特別企劃! 一起來嚐嚐特別的中秋食物吧! / 浮幽幽 FUU,2026-09-25T04:00:00Z,https://www.youtube.com/watch?v=cIfBn1JV75M,https://i.ytimg.com/vi/cIfBn1JV75M/mqdefault_live.jpg
5dbed684176349d28353d5293085cd9c,upcoming,【金V獎 × WIRFORCE 線下見面會】用冷笑話來決勝負！跟烏亞玩個小遊戲吧,2026-09-25T04:00:00Z,https://www.youtube.com/watch?v=UusnG9JcLP8,https://i.ytimg.com/vi/UusnG9JcLP8/mqdefault_live.jpg
7ebc0dc9fdf3442688ecd63bbdc30c51,upcoming,【電腦線圈 [14] ~ [26]／初見歡迎】是一直有聽說觀眾推推的神作✨突然發現要下架了只好插隊進來看啦😳【薄荷巧克力🌱🍫】,2026-09-25T04:00:00Z,https://www.youtube.com/watch?v=anulIe6NBzw,https://i.ytimg.com/vi/anulIe6NBzw/mqdefault_live.jpg
c4bc52355d334a98bdaa1e57c05673ad,upcoming,【✿鳴潮#2✿】完全初見☆挑戰今天玩到1.1劇情！！💕聽說黑海岸劇情超級精彩？⭐【Karin Ch.花燐】 #歡迎初見 #歡迎降落,2026-09-25T04:00:00Z,https://www.youtube.com/watch?v=X83WXLwGtto,https://i.ytimg.com/vi/X83WXLwGtto/mqdefault_live.jpg
247215e876d24dae9932464b75fc577c,upcoming,【0925 金V獎 × WIRFORCE 見面會】中秋節來和龍主播挑戰冷笑話或發票中獎金額 挑戰成功就送小禮物 | 高維爾在WirForce #台灣Vtuber,2026-09-25T05:00:00Z,https://www.youtube.com/watch?v=k7YIB7cS3A0,https://i.ytimg.com/vi/k7YIB7cS3A0/mqdefault_live.jpg
00c158176a504c9bb865b32276e79eb1,upcoming,【 午餐雜談 】【 一起吃飯吧#51 】【 Flats Full of Cats #6 】【 BUGS & BOLTS 】中秋節也要記得吃午餐!【Silvia Clione _ 瑟薇亞】,2026-09-25T05:00:00Z,https://www.youtube.com/watch?v=crRi9H1Ss0A,https://i.ytimg.com/vi/crRi9H1Ss0A/mqdefault_live.jpg
645fc774332a469ebd03f1a822ebe2be,upcoming,【陪比扮工#50】要重啟每週扮工的日子了嗎？！【紡霊拉比】#Vtuber #Shorts,2026-09-25T06:00:00Z,https://www.youtube.com/watch?v=HUi5Xk_IlQU,https://i.ytimg.com/vi/HUi5Xk_IlQU/mqdefault_live.jpg
aa1ff405338c41b98ff7197eb4d90349,upcoming,【0925 金V獎 × WIRFORCE 見面會】中秋節有哪些有趣的笑話呢?  ૮ ・ﻌ・ა【雪迎】,2026-09-25T06:00:00Z,https://www.youtube.com/watch?v=IFth0bqQcNQ,https://i.ytimg.com/vi/IFth0bqQcNQ/mqdefault_live.jpg
83cb016f535f4275bba29ad276b2084f,upcoming,【中秋企劃】月圓圓烤串串🔥來畫一串專屬烤肉吧！ 月瑤 YueYao ꕤ Mojoylive 三期生,2026-09-25T06:00:00Z,https://www.youtube.com/watch?v=En5hD2XENgc,https://i.ytimg.com/vi/En5hD2XENgc/mqdefault_live.jpg
644ed2200e8a446bae2920103d1015e3,upcoming,【菫與你說】讓我們在袖珍屋的陪伴下一起聊天 #雜談,2026-09-25T06:00:00Z,https://www.youtube.com/watch?v=v8OsT-veVkU,https://i.ytimg.com/vi/v8OsT-veVkU/mqdefault_live.jpg
85ec3eac9fef49dcb3aeee87520a5b85,upcoming,【 HEY 🎤 主題歌回 】跟妮雅說聲「嗨」 🔥 歌詞裡有 HEY 的歌曲們！！ (⁠◍⁠•⁠ᴗ⁠•⁠◍⁠)⁠❤  【蜜提妮雅】｜風鈴檔案W.C.A｜初見歓迎｜降落歡迎,2026-09-25T06:30:00Z,https://www.youtube.com/watch?v=ITVZl1M7P0M,https://i.ytimg.com/vi/ITVZl1M7P0M/mqdefault_live.jpg
abe50a593a1d4cdbbc6dfb8b45bbf6bb,upcoming,【攏吼荔貢】休假前的加班:(｜Leelina Stream  #初見歡迎  #荔娜a底加 #作業雜談 #台灣vtuber vtuber,2026-09-25T07:00:00Z,https://www.youtube.com/watch?v=3mmXttpgFwU,https://i.ytimg.com/vi/3mmXttpgFwU/mqdefault_live.jpg
0bf305da1ec14c5c8447b9a007bc81f6,upcoming,【貓咪大戰爭】Fate聯動抽卡!!會有奇蹟出現嗎【卯月鈴菟】#初見歡迎 #降落歡迎,2026-09-25T07:00:00Z,https://www.youtube.com/watch?v=kfVcNt-l1HY,https://i.ytimg.com/vi/kfVcNt-l1HY/mqdefault_live.jpg
ccc1420185ad46d49d40b6b774db9b11,upcoming,【金V獎 × WIRFORCE 線下見面會】中秋節跟阿米一起冷笑話挑戰？有得玩還有禮物拿賺爛了吧🤟【星眷蕾米】,2026-09-25T07:00:00Z,https://www.youtube.com/watch?v=R6axGYeX_9k,https://i.ytimg.com/vi/R6axGYeX_9k/mqdefault_live.jpg
538d1d2058da4bdea1c7f43f088e995b,upcoming,初見歓迎＆WIRFORCE 2026☀️9/25 (五) 粉絲見面會💓今天不烤肉！和你玩個小遊戲😳逛到口渴就到「攤位３５」喝杯飲料休息吧～｜治癒系Vtuber ✟ 希蘿亞Siroya,2026-09-25T08:00:00Z,https://www.youtube.com/watch?v=AsWRZ4KoSBc,https://i.ytimg.com/vi/AsWRZ4KoSBc/mqdefault_live.jpg
4dd71b1079284bdb8ba90198317e524d,upcoming,【Fire Emblem: Fortune's Weave 】火紋 聖火降魔錄 萬縷千絲 EP6 迪托利希線 Dietrich,2026-09-25T08:15:00Z,https://www.youtube.com/watch?v=ioOIbXmxH8Q,https://i.ytimg.com/vi/ioOIbXmxH8Q/mqdefault_live.jpg
03f5b3fed856438c9a53d30fdfadd9b7,upcoming,【歌ってみた】Jamiroquai -Virtual Insanity covered by 毬呢Showey,2026-09-25T09:00:00Z,https://www.youtube.com/watch?v=6XtiCn0xJlI,https://i.ytimg.com/vi/6XtiCn0xJlI/mqdefault.jpg
c0c35f0471774be2b33163ae20f2d6bb,upcoming,【#カメラ配信】今年也一起一家烤肉萬家香🥩中秋節焼肉やるよ🌙🍖【薬袋アルマ/Vtuber】,2026-09-25T09:30:00Z,https://www.youtube.com/watch?v=uu83ktRqEyQ,https://i.ytimg.com/vi/uu83ktRqEyQ/mqdefault_live.jpg
b7f222493f4d4bd1be65f1c08300b45e,upcoming,【#2026清歌踏月 】Pick Up! 投稿專場（準備中新人）🎶種子破土的聲音微小而堅定！【#紗羅Live】,2026-09-25T10:00:00Z,https://www.youtube.com/watch?v=HNLwnGH5FMs,https://i.ytimg.com/vi/HNLwnGH5FMs/mqdefault_live.jpg
2f607aefde1d4264814d4e9282dd5cb0,upcoming,『 糖突Podcast 』EP01 人來人往之後，留下來的是怎樣的自己？ Ft. @ChatmurTalk ｜ #一顆糖 #採墨 #ChatmurTalk,2026-09-25T10:00:00Z,https://www.youtube.com/watch?v=Bj_sQET7JiQ,https://i.ytimg.com/vi/Bj_sQET7JiQ/mqdefault.jpg
eaa1d55ba99c40ce82413701233efdbd,upcoming,【歌回&新型態發佈】五周年快樂! 先唱唱再發佈新衣裝喔!!! #初見歡迎 #時時艾利諾 #台V,2026-09-25T10:00:00Z,https://www.youtube.com/watch?v=jNZwFT1xHHE,https://i.ytimg.com/vi/jNZwFT1xHHE/mqdefault_live.jpg
ad57b32de5f34598a57ac5af8b8004e2,upcoming,【歌雜】中秋節！一邊烤肉一邊卡拉OK或是卡拉雞腿！！#vtuber #台灣vtuber #新人vtuber,2026-09-25T10:30:00Z,https://www.youtube.com/watch?v=J_EIoGcLdAo,https://i.ytimg.com/vi/J_EIoGcLdAo/mqdefault_live.jpg
9b33b75521bd43bca3346790ac65559c,upcoming,⋆ 𝓓𝓮𝓪𝓻 ⋆ 9/25 💟千里共嬋娟 我和你團員 🫵( 'ὢ' )ว   | 布丁販售 | 歡迎打招呼 |,2026-09-25T10:55:00Z,https://www.youtube.com/watch?v=fZJQMmvzOIg,https://i.ytimg.com/vi/fZJQMmvzOIg/mqdefault_live.jpg
8a0b024373544f31b54e5a6cadb124dc,upcoming,【#2026清歌踏月】想在月光下，與你一起度過永生難忘的一晚🌕 | Haru 哈魯 🦴💜​,2026-09-25T11:00:00Z,https://www.youtube.com/watch?v=vBGzOiMIWdo,https://i.ytimg.com/vi/vBGzOiMIWdo/mqdefault_live.jpg
db1c4d81f03f4b04aca36b8b5b2b9c62,upcoming,【觀眾場】銀金牌競技場 我要看到血流成河！！{ VALORANT 特戰英豪 } 帶氣氛菜狗爬分！ #DONTUWATCH｜DONT U冬優奈奈,2026-09-25T11:00:00Z,https://www.youtube.com/watch?v=NUbmXV_zrjQ,https://i.ytimg.com/vi/NUbmXV_zrjQ/mqdefault_live.jpg
db4df79a2e664ebb96d1a0ce5e4c0e63,upcoming,【挑戰】AI速通麥塊能破紀錄嗎？！ 🐾 伊鬱 Yiyu ch.,2026-09-25T11:00:00Z,https://www.youtube.com/watch?v=qV8BylZj5l0,https://i.ytimg.com/vi/qV8BylZj5l0/mqdefault_live.jpg
07553f6f3df84c3396508456ccbe7df2,upcoming,【雜談】🩷聊聊天一起過中秋🖤 【天奈莓璐 | AmanaMeiru】#初見歡迎 #降落歡迎,2026-09-25T11:00:00Z,https://www.youtube.com/watch?v=JEfKXaHR_LM,https://i.ytimg.com/vi/JEfKXaHR_LM/mqdefault_live.jpg
746abd9861714105823ebfb2a18f6fdc,upcoming,【死亡擱淺2】2026/09/25 - 最高難度！歡迎來聊天～【Balion】 #vtuber #初見歡迎,2026-09-25T11:00:00Z,https://www.youtube.com/watch?v=yRIWfKHus0U,https://i.ytimg.com/vi/yRIWfKHus0U/mqdefault_live.jpg
6166fbac685941a6acf389460de44943,upcoming,【初體驗！從零開始的麥塊生活】來了！我的王座正在等待著我！🍎 #降落歡迎 #初見歡迎,2026-09-25T11:30:00Z,https://www.youtube.com/watch?v=Hln3pltCWZg,https://i.ytimg.com/vi/Hln3pltCWZg/mqdefault_live.jpg
38ecb20931514383b2d93885136c6b68,upcoming,【 #2026清歌踏月 】💖與最愛的人在月光下聽著歌✨【極彩天繪】,2026-09-25T11:30:00Z,https://www.youtube.com/watch?v=g-9_UFLAn20,https://i.ytimg.com/vi/g-9_UFLAn20/mqdefault_live.jpg
8ae0f370cf124faa953a09089a427fd9,upcoming,《鋼之鍊金術師：回憶的奏鳴曲》#1,2026-09-25T12:00:00Z,https://www.youtube.com/watch?v=sEAK-NMx_xE,https://i.ytimg.com/vi/sEAK-NMx_xE/mqdefault_live.jpg
96f44559b15e4bad9de2eb8a0a2a92da,upcoming,【ストリアの双眸】監禁了畫家們的瘋狂母親！請把你的雙眸，獻給……【遊戲實況】,2026-09-25T12:00:00Z,https://www.youtube.com/watch?v=UBQZyoeekbM,https://i.ytimg.com/vi/UBQZyoeekbM/mqdefault_live.jpg
6f0d9d64bb6a4a81af1e84a72d30f5b8,upcoming,【晚安故事台】一周一次的刺刺哄睡台喔！今天是中秋節故事特別篇？總之邊聊邊聽栗栗講故事吧！ #艾栗live #艾栗洛亞 #栗栗的說故事時間 #初見歡迎,2026-09-25T12:00:00Z,https://www.youtube.com/watch?v=mOyvVpUylKY,https://i.ytimg.com/vi/mOyvVpUylKY/mqdefault_live.jpg
38fcf8bc7f3f45d68bab44577c019c84,upcoming,【新衣裝初配信】當療癒祭司將畢生所學化作歌聲與舞台，踏上偶像之路——讓治癒的祈願，透過歌聲傳遞給更多人......✨｜療癒祭司西西莉⏱🌟🎶,2026-09-25T12:00:00Z,https://www.youtube.com/watch?v=Puaa1-EB6WU,https://i.ytimg.com/vi/Puaa1-EB6WU/mqdefault_live.jpg
7c06b9e316ce4ac18ce836cd72442bbe,upcoming,【合唱歌枠】藍藍的人一起唱歌，今天要邊賞月邊喝🎵🦊月見して飲みながら一緒に歌うよ✨#初見歓迎🎤【浠Mizuki Karaoke】,2026-09-25T12:00:00Z,https://www.youtube.com/watch?v=Qi-gv69cGTQ,https://i.ytimg.com/vi/Qi-gv69cGTQ/mqdefault_live.jpg
b4a1791208fd4d85b7b08ee2bad0c236,upcoming,【Cover】唯一 / 告五人｜Cover by 瑪格麗特．諾爾絲 Margaret North,2026-09-25T12:00:00Z,https://www.youtube.com/watch?v=BIuJIiq1cX8,https://i.ytimg.com/vi/BIuJIiq1cX8/mqdefault.jpg
dabf31fbee9b4214958603268d48b780,upcoming,【古風歌回】中秋挑戰！今夜月下相逢，願以一曲伴君入夜⚓｜蕾忒LeiT,2026-09-25T12:00:00Z,https://www.youtube.com/watch?v=FyLjOmjTEW8,https://i.ytimg.com/vi/FyLjOmjTEW8/mqdefault_live.jpg
9881cf3008684e55aea70a2499e84163,upcoming,【慶中秋】我們買了那些庇護工場的商品？來跟我們一起慶祝中秋節吧！順便來開箱～。初見歡迎。#降落歡迎┃山君酷塔,2026-09-25T12:00:00Z,https://www.youtube.com/watch?v=5MUf75haYtI,https://i.ytimg.com/vi/5MUf75haYtI/mqdefault_live.jpg
d837e8fda137492c9d77882b98ff863a,upcoming,【真理告解室】匿名投稿你的罪孽吧、和修女果告解吧！  ✧  真理果Marika,2026-09-25T12:00:00Z,https://www.youtube.com/watch?v=INIGMkSem10,https://i.ytimg.com/vi/INIGMkSem10/mqdefault_live.jpg
d12c381ce5044844ad4bd624085026bc,upcoming,【#2026清歌踏月】接力歌回★中秋月月節，圓月陪你渡天劫(???)【爆柑月月】 #歌回 #新人vtuber #台V #初見歡迎,2026-09-25T12:00:00Z,https://www.youtube.com/watch?v=C9ierJMMAOo,https://i.ytimg.com/vi/C9ierJMMAOo/mqdefault_live.jpg
76d68171666847cc913328359037139c,upcoming,📷中之開鏡注意【飲酒雜談】兔女郎來啦！你有沒有辦法灌醉優娜？讓我看看你的本事！還有抽杯杯喔！  #初見歡迎 #歡迎降落 Free Talking | Just Chatting,2026-09-25T12:00:00Z,https://www.youtube.com/watch?v=VnDf7vm8Am4,https://i.ytimg.com/vi/VnDf7vm8Am4/mqdefault_live.jpg
64677f13935847cca3e2e6670a89d9a8,upcoming,【中秋節台詞回】 今天應該不會出事吧!? 💧🐱 #萊姆卯咪 #新域工作室,2026-09-25T12:00:00Z,https://www.youtube.com/watch?v=MxBEzJqwW54,https://i.ytimg.com/vi/MxBEzJqwW54/mqdefault_live.jpg
32a08f858ffb4d6aba0624647cf8cf2d,upcoming,【中秋月明歌回】一年一度一起過中秋！FT.好多V朋友,2026-09-25T12:00:00Z,https://www.youtube.com/watch?v=JnFffDkrxio,https://i.ytimg.com/vi/JnFffDkrxio/mqdefault_live.jpg
35b7bd4f6fcb4fbfb3ebe83be100d9a0,upcoming,〖 お月見企画🌕🐇 〗即將到來的中秋節！みんなでお月見や～ｯ！！🎑〖 #絡屋イト/#vtuber 〗,2026-09-25T12:00:00Z,https://www.youtube.com/watch?v=nGRjskxgRvc,https://i.ytimg.com/vi/nGRjskxgRvc/mqdefault_live.jpg
b0f523194beb4abca2b433e9e41d912c,upcoming,【禾霓幽會】第一次約會就這麼刺激嗎 #降落歡迎 #初見歡迎,2026-09-25T12:00:00Z,https://www.youtube.com/watch?v=fWvBrAw7zM0,https://i.ytimg.com/vi/fWvBrAw7zM0/mqdefault_live.jpg
a168211aa3dd451cb33e09b80df0ea0a,upcoming,棲蒔 - 鬼ノ宴 / 百人白首 #56,2026-09-25T12:00:00Z,https://www.youtube.com/watch?v=s21Pr--_16w,https://i.ytimg.com/vi/s21Pr--_16w/mqdefault.jpg
e069724ddab54dd690d6c3425574effd,upcoming,愛貓 / 萊姆薄荷【歌ってみた】 #賣勾萊拉,2026-09-25T12:00:00Z,https://www.youtube.com/watch?v=skvmbrFvyNo,https://i.ytimg.com/vi/skvmbrFvyNo/mqdefault.jpg
1c304e8690e2400d9482f1173f59ad70,upcoming,繼續探索中層區~ 挑戰今天每死一次做10個深蹲 (下週三3D台兌現) !😵【終結者瑪格諾莉亞】 #初見歡迎 #新人VTuber,2026-09-25T12:00:00Z,https://www.youtube.com/watch?v=vkeglw_Fu04,https://i.ytimg.com/vi/vkeglw_Fu04/mqdefault_live.jpg
dfc411c6b5d24d97b944f527ddfd2f0b,upcoming,【雜談】耳廓狐寶寶發起食物戰爭 |初披露、中秋、食物戰爭,2026-09-25T12:00:33Z,https://www.youtube.com/watch?v=a31j0fm5jc8,https://i.ytimg.com/vi/a31j0fm5jc8/mqdefault_live.jpg
7c5232b16a1d44498677ed33e72bd8c6,upcoming,【#apex】轟哥登場！你好我是轟哥本人！@Akahoshi_Mizore｜醍醐御梨花 Daigo Orika,2026-09-25T12:30:00Z,https://www.youtube.com/watch?v=ihULpGsT2eo,https://i.ytimg.com/vi/ihULpGsT2eo/mqdefault_live.jpg
f1bcb26adebc4b95abd8fb779dfc4f6f,upcoming,《中秋歌回》一邊烤肉一邊聽歌！我們來唱唱跟戲劇有關的歌曲吧！ ☀ 柯琳焙可 #初見歡迎  #降落歡迎,2026-09-25T12:30:00Z,https://www.youtube.com/watch?v=jblgIW7yaEc,https://i.ytimg.com/vi/jblgIW7yaEc/mqdefault_live.jpg
e949052e4ee24ecd8b352a68f6bf51e1,upcoming,【#2026清歌踏月】今晚 在名為中秋的時空中穿梭【卡俄斯 Chaos】#初見歡迎 #降落歡迎,2026-09-25T12:30:00Z,https://www.youtube.com/watch?v=xjrE-HX7S8c,https://i.ytimg.com/vi/xjrE-HX7S8c/mqdefault_live.jpg
4d8babea181e44df9855f3aafc06eb2c,upcoming,【🀄天月麻雀 / 觀眾場】混沌修女降臨！！我們來好好聊一下魚的故事吧 #初見歡迎🖤🤍​,2026-09-25T12:30:00Z,https://www.youtube.com/watch?v=Gl6hmXCQbBw,https://i.ytimg.com/vi/Gl6hmXCQbBw/mqdefault_live.jpg
a6b0f8c8343041f0b1ea96c46ee4e582,upcoming,【minecraft】哈比列車狼人殺 FT.好多人 | ◈和澄シン二ィ @kazumi_sinni_919  | 歡迎聊天、初見、降落💜,2026-09-25T12:30:00Z,https://www.youtube.com/watch?v=nW9rWzPlIYE,https://i.ytimg.com/vi/nW9rWzPlIYE/mqdefault_live.jpg
a168211aa3dd451cb33e09b80df0ea0a,upcoming,【同步視聽】《2.5次元的誘惑》cosplay的動畫 ｜神崎アルファ,2026-09-25T12:30:00Z,https://www.youtube.com/watch?v=wYMmGTNZRcc,https://i.ytimg.com/vi/wYMmGTNZRcc/mqdefault_live.jpg
dbfaa5f3d01142df8a05c4946a0a22dc,upcoming,沒、沒關係我自己也能玩得很開心😢｜多人遊戲單人玩法｜星野EE💫｜男性VTuber \初見歡迎/ \降落歡迎/,2026-09-25T13:00:00Z,https://www.youtube.com/watch?v=Srjr8JvFsi4,https://i.ytimg.com/vi/Srjr8JvFsi4/mqdefault_live.jpg
9b37ec730a37424799c01f1bb2fa829c,upcoming,【游戲 | OPUS：龍脈常歌 Part.2】大魁...我們回家吧 #馬來西亞vtuber #新人vtuber,2026-09-25T13:00:00Z,https://www.youtube.com/watch?v=TcKM6es-V8o,https://i.ytimg.com/vi/TcKM6es-V8o/mqdefault_live.jpg
6559d42f66684b8f80b4cd4589addd85,upcoming,【 瑪奇Mobile 】打新BOSS | 閒聊打團練裝 | 公會招觀眾〖鴨鴨伊比．AhiruIbi 〗,2026-09-25T13:00:00Z,https://www.youtube.com/watch?v=BIxKZNTrcnE,https://i.ytimg.com/vi/BIxKZNTrcnE/mqdefault_live.jpg
60da3bb357d64f998006b8ca3043fd00,upcoming,【世紀帝國】玩一下!!💤|古古.歐拉拉🐨,2026-09-25T13:00:00Z,https://www.youtube.com/watch?v=MuPE5TRjBVg,https://i.ytimg.com/vi/MuPE5TRjBVg/mqdefault_live.jpg
004e635d5d494045a810b2d026e769c7,upcoming,🃏🀄🎴禮拜五晚上9:00直播【直播馬拉松--遊戲王 Master Duel】,2026-09-25T13:00:00Z,https://www.youtube.com/watch?v=u80aRIftAdY,https://i.ytimg.com/vi/u80aRIftAdY/mqdefault_live.jpg
d792696470b54bd4947a59b10759a636,upcoming,【直播】繪圖台～中秋節快樂！來畫賀圖給你們～【五斂子】,2026-09-25T13:00:00Z,https://www.youtube.com/watch?v=BXvBKLFSKSw,https://i.ytimg.com/vi/BXvBKLFSKSw/mqdefault_live.jpg
eda6bf91049349e08f0f269fb4f8c0f9,upcoming,🔴直播【 中秋 】┃中秋佳節聯歡晚會┃風鈴芽依TrumpetMei┃#鈴芽俐齒 #vtuber #降落歡迎 #雜談,2026-09-25T13:00:00Z,https://www.youtube.com/watch?v=Y0T9xArOmNE,https://i.ytimg.com/vi/Y0T9xArOmNE/mqdefault_live.jpg
286c24a67720434bbb4290d49fb42a54,upcoming,【 一輪之花歌みた後日談】兩個喜歡死神的主播這不死之謎【百雲千宵】,2026-09-25T13:00:00Z,https://www.youtube.com/watch?v=kuMvm6GcUk8,https://i.ytimg.com/vi/kuMvm6GcUk8/mqdefault_live.jpg
6abc6d7010ed4b7a88b2566b171c9005,upcoming,【遊戲】幻獸帕魯｜我要找尋我的戰鬥方法  #墨生 #初見歡迎 #歡迎降落,2026-09-25T13:00:00Z,https://www.youtube.com/watch?v=JpLliZgLfqI,https://i.ytimg.com/vi/JpLliZgLfqI/mqdefault_live.jpg
def76c5c31fe4466b5ae6e6940ae6e58,upcoming,♡SINGING STREAM♡ 賞草賞月賞砂砂 中秋節來唱點歌🎶 主力唱中文歌單【NAGISA凪砂 / HKVtuber】,2026-09-25T13:00:00Z,https://www.youtube.com/watch?v=Z0VbFgO5o4Q,https://i.ytimg.com/vi/Z0VbFgO5o4Q/mqdefault_live.jpg
4d0cbf91a5cb4524862207c5d406d98c,upcoming,〖 中秋節企劃 〗做冰皮月餅！還有漢堡月餅...！(開鏡頭注意!) ║ 瑟思安Cesium,2026-09-25T13:00:00Z,https://www.youtube.com/watch?v=vLElJfeGCxw,https://i.ytimg.com/vi/vLElJfeGCxw/mqdefault_live.jpg
d9b8f1ac9c93423fa62e8073a8173d30,upcoming,陪你過中秋⚡綠色月餅？品鑒會 🔋歡迎降落,2026-09-25T13:00:00Z,https://www.youtube.com/watch?v=OjaRRVvjfGw,https://i.ytimg.com/vi/OjaRRVvjfGw/mqdefault_live.jpg
a39733d216994010b34bf5033be01589,upcoming,珂賽特！你給我走開！我就要那隻貓娘！ !surfshark｜珂賽特Cosette,2026-09-25T13:00:00Z,https://www.youtube.com/watch?v=7h1v15OCKVE,https://i.ytimg.com/vi/7h1v15OCKVE/mqdefault_live.jpg
f94ba8ea1a5441c4852d53e8f528ee20,upcoming,【千里共嬋娟】🌕 要代替月亮懲罰你地？！   ¦　【千里せんり】#歌枠 #歌回 #中秋,2026-09-25T13:00:00Z,https://www.youtube.com/watch?v=SXVgt0zsOs0,https://i.ytimg.com/vi/SXVgt0zsOs0/mqdefault_live.jpg
0fbdfcc1b9cf41fdb840cf2f546d9324,upcoming,【繪圖躲貓貓】【連動】ft:很多人,2026-09-25T13:00:00Z,https://www.youtube.com/watch?v=8Utvcg-b2P4,https://i.ytimg.com/vi/8Utvcg-b2P4/mqdefault_live.jpg
e069724ddab54dd690d6c3425574effd,upcoming,【中秋節企劃｜中秋大富翁】中秋節不烤肉！今晚一起來玩大富翁🌕🎲｜Let The Games Begin! #賣勾萊拉,2026-09-25T13:00:00Z,https://www.youtube.com/watch?v=Ex0INaEEjbo,https://i.ytimg.com/vi/Ex0INaEEjbo/mqdefault_live.jpg
5a934764983e45959855735b79bcc90e,upcoming,〖#2026清歌踏月〗輪到我啦！可以順便看看貳周年周邊嗎？｜🤖量產型猫飼步歌貳貳機🐱 Fuka22,2026-09-25T13:00:00Z,https://www.youtube.com/watch?v=cxaUw7oRVAs,https://i.ytimg.com/vi/cxaUw7oRVAs/mqdefault_live.jpg
d797701ab1564b62906f91a341134a9e,upcoming,【幕後揭密】Vtuber帶你深入了解地下偶像❗ft.萌× 性感 × 燃系❓❓ #台灣地下偶像,2026-09-25T13:00:00Z,https://www.youtube.com/watch?v=7W-5YrGeLQU,https://i.ytimg.com/vi/7W-5YrGeLQU/mqdefault_live.jpg
6885bffce2184355bed557901e079522,upcoming,【 崩壞：星穹鐵道 】實戰派代打健檢 排軸靠感覺   #初見歡迎 #降落歡迎,2026-09-25T13:00:00Z,https://www.youtube.com/watch?v=yGRXUEOoV4A,https://i.ytimg.com/vi/yGRXUEOoV4A/mqdefault_live.jpg
c3bec3f382754230b178f8278eb550fb,upcoming,【#會員限定  】今天的同樂會要一起...?【優塔Jutta Ch.】 | 2.0全新形象募資中 | #降落歡迎,2026-09-25T13:00:00Z,https://www.youtube.com/watch?v=ksu9p9ovnvg,https://i.ytimg.com/vi/ksu9p9ovnvg/mqdefault_live.jpg
62b58adde13f4a73ab406f857d730e20,upcoming,【中秋特別企劃】跟小璃來場燒肉約會吧 #初見歡迎 #中秋節 #雲端烤肉,2026-09-25T13:00:47Z,https://www.youtube.com/watch?v=GGYnOeQGpOk,https://i.ytimg.com/vi/GGYnOeQGpOk/mqdefault_live.jpg
0448e6929687421c9e0435832765b9fe,upcoming,【#2026清歌踏月】中秋節快樂！邊吃烤肉邊享受今晚的接力歌回吧！  【泠伊居】,2026-09-25T13:30:00Z,https://www.youtube.com/watch?v=WLzdbEA8IcE,https://i.ytimg.com/vi/WLzdbEA8IcE/mqdefault_live.jpg
a1bc1c5451e64266a0f21f0847dd8d2f,upcoming,【How to Fish】我哥中秋烤魚 ft. @Neko_137 ｜🐦台灣藍鵲 Magpijuana,2026-09-25T13:30:00Z,https://www.youtube.com/watch?v=SnVli57smGw,https://i.ytimg.com/vi/SnVli57smGw/mqdefault_live.jpg
6fa5098cd1c644c5871a47a7e56803dc,upcoming,〖 粿粿唱 〗月色下的伴睡歌回🌕💤溫柔的歌聲伴你入睡🫂｜降落歡迎｜初見歡迎｜#歌回 #雜談 #初見歡迎 #降落歡迎,2026-09-25T13:30:00Z,https://www.youtube.com/watch?v=0Y07GpGMNdM,https://i.ytimg.com/vi/0Y07GpGMNdM/mqdefault_live.jpg
63108f8ea91a4a699f345bb259750745,upcoming,【露手注意】中秋節來陪女王烤肉 解鎖神秘烤肉蘸料... #烤肉 #露手注意 #降落歡迎  #新人vtuber #初見さん大歓迎,2026-09-25T14:00:00Z,https://www.youtube.com/watch?v=hGVF1B5sToA,https://i.ytimg.com/vi/hGVF1B5sToA/mqdefault_live.jpg
8dbec1de49be44d897f1c894427f3165,upcoming,【#2026清歌踏月】中秋節快熱!!! 最後一次ㄉ接力歌回【星璃Seri Vtuber】#歌雜,2026-09-25T14:00:00Z,https://www.youtube.com/watch?v=1I4yBq_DSig,https://i.ytimg.com/vi/1I4yBq_DSig/mqdefault_live.jpg
bee9506c5d714205bfc69573280852c2,upcoming,【遊戲】末日也要種田！？魅魔奶茶的廢土農場生活  | 初見さん大歓迎❤ | @mirutea_vtuber,2026-09-25T14:30:00Z,https://www.youtube.com/watch?v=PotxS0IM5_c,https://i.ytimg.com/vi/PotxS0IM5_c/mqdefault_live.jpg
d3e4f9bdbb6c42fc97b60148cefdb6e0,upcoming,【#2026清歌踏月】✧˖°真的轉學到紅色學校了┊桃子味湯圓,2026-09-25T14:30:00Z,https://www.youtube.com/watch?v=s5gri8hpYQs,https://i.ytimg.com/vi/s5gri8hpYQs/mqdefault_live.jpg
9b424d3a99ef4fc3b17bc7fef92fefd3,upcoming,【雜談】過去的我早就忘記了他們...畢竟需要跑自己的路啊！#初見歡迎 #馬來西亞vtuber 【大叔老米】,2026-09-25T14:30:00Z,https://www.youtube.com/watch?v=tcvY-kzHNhE,https://i.ytimg.com/vi/tcvY-kzHNhE/mqdefault_live.jpg
5d2231ea88fd474d8a11e5a759899216,upcoming,⍣ 靜謐田園✦EP15 ⇎ 快樂的沃克農夫 ⊶ 十六月 OctJun,2026-09-25T14:30:00Z,https://www.youtube.com/watch?v=VR7GKThkztk,https://i.ytimg.com/vi/VR7GKThkztk/mqdefault_live.jpg
25b1a8ceab1d439491fb4e98013cd0fc,upcoming,【DUCK不畢 】畢姆的國文是可以國小畢業的嗎… ✸畢姆BEAM✸,2026-09-25T15:00:00Z,https://www.youtube.com/watch?v=D7GhXaspi2Q,https://i.ytimg.com/vi/D7GhXaspi2Q/mqdefault_live.jpg
20327c35cc9d4deba93299b790d7d721,upcoming,✦吉他伴睡歌回✦中秋節快樂！連假快樂！今天是很輕鬆的隨性歌單～ - RiN凜 #初見歡迎 #雜談 #歌回 #吉他 #哄睡 20260925,2026-09-25T15:00:00Z,https://www.youtube.com/watch?v=gJ5NC4_OjsE,https://i.ytimg.com/vi/gJ5NC4_OjsE/mqdefault_live.jpg
5f8930a469f94b5cad116810f68a2614,upcoming,#2026清歌踏月丨與你共賞人間秋色 #初見歡迎 #降落歡迎 【灯理Akari🍫丨Scintillating Songlines #76】,2026-09-25T15:00:00Z,https://www.youtube.com/watch?v=k_dZmr0cbds,https://i.ytimg.com/vi/k_dZmr0cbds/mqdefault_live.jpg
8c171b8f4b854cbfade4ee2babc19e0f,upcoming,【冉冉而談】晚安閒聊｜泡杯牛奶聊聊天💞💞#荏冉浮光 #初見歡迎 #歡迎降落,2026-09-25T15:30:00Z,https://www.youtube.com/watch?v=XXsqaRxeRP4,https://i.ytimg.com/vi/XXsqaRxeRP4/mqdefault_live.jpg
15e4450f63904e50907dc93fee446fd2,upcoming,【#2026清歌踏月】只求歲歲嬋娟 ✦海色水晶Kristal✦ 初見歡迎 降落歡迎,2026-09-25T15:30:00Z,https://www.youtube.com/watch?v=sA2b6pFibQM,https://i.ytimg.com/vi/sA2b6pFibQM/mqdefault_live.jpg
b7f222493f4d4bd1be65f1c08300b45e,upcoming,【#2026清歌踏月 】Pick Up! 投稿專場（2021年及以前出道）🎶歌頌在不知不覺間已長成神木的我們！【#紗羅Live】,2026-09-25T16:00:00Z,https://www.youtube.com/watch?v=K8bMl3ZuSKk,https://i.ytimg.com/vi/K8bMl3ZuSKk/mqdefault_live.jpg
c25e6f38d6df447e84c4747ba6ac75cc,upcoming,【 晚安｜深夜電台 】聊孤獨 / 大家是如何體會孤獨的呢？你的孤獨有不同的類別、色彩與層次嗎？ / 初見歡迎 【 安特羅迦Entrovia 】,2026-09-25T16:00:00Z,https://www.youtube.com/watch?v=IBZiFdYKjgo,https://i.ytimg.com/vi/IBZiFdYKjgo/mqdefault_live.jpg
843d99233b474827a2f0bc417ffd3852,upcoming,【抹茶】08/04｜感覺有點鼠了 今天要早點關 好累... ૮ ´͈ ᗜ `͈ ა♡‧₊˚,2026-09-25T23:00:00Z,https://www.youtube.com/watch?v=o_TpS1p1-ok,https://i.ytimg.com/vi/o_TpS1p1-ok/mqdefault.jpg
4dd71b1079284bdb8ba90198317e524d,upcoming,【Fire Emblem: Fortune's Weave 】火紋 聖火降魔錄 萬縷千絲 EP7 迪托利希線 Dietrich,2026-09-26T02:30:00Z,https://www.youtube.com/watch?v=XsWtEIuMnxU,https://i.ytimg.com/vi/XsWtEIuMnxU/mqdefault_live.jpg
63108f8ea91a4a699f345bb259750745,upcoming,【接力】金V獎在WIRFORCE 快來領明信片！#wirforce #金V獎 #歌雜 #中秋節快樂  #降落歡迎  #新人vtuber #初見さん大歓迎,2026-09-26T03:00:00Z,https://www.youtube.com/watch?v=nZdHmud7GGE,https://i.ytimg.com/vi/nZdHmud7GGE/mqdefault_live.jpg
082df6a588424bc9aaa378c53b34315c,upcoming,【 karaoke 歌枠】#金V獎 × WIRFORCE 見面會 ｜ 接接接J接姐接力 𓃠 【 Ailianne 】,2026-09-26T04:00:00Z,https://www.youtube.com/watch?v=QKJT4HR61vM,https://i.ytimg.com/vi/QKJT4HR61vM/mqdefault_live.jpg
4d8babea181e44df9855f3aafc06eb2c,upcoming,【傳說對決觀眾場自訂5v5】最近又開始沈迷傳說的懷抱 #初見歡迎🖤🤍,2026-09-26T04:00:00Z,https://www.youtube.com/watch?v=UCrp_N8Co2g,https://i.ytimg.com/vi/UCrp_N8Co2g/mqdefault_live.jpg
c4bc52355d334a98bdaa1e57c05673ad,upcoming,【✿燕雲十六聲#23✿】你不要那麼兇啦🫵🥺不見山劇情終於更新啦！所以芝麻到底開不開門？🤔【Karin Ch.花燐】 #遊戲實況 #歡迎降落 #歡迎初見,2026-09-26T04:00:00Z,https://www.youtube.com/watch?v=S9MzMqHOcDI,https://i.ytimg.com/vi/S9MzMqHOcDI/mqdefault_live.jpg
d5fdf5fc55d14476908e416e6d43c121,upcoming,【翌日 -天招救贖之絲】這是你們要的結果，喜歡嗎？❄️つぐのひ／天招ねく救いの糸／恐怖遊戲／horror game／恐怖ゲーム／恐怖游戏【雪之下織雪／芥川組】,2026-09-26T05:00:00Z,https://www.youtube.com/watch?v=OXMRs6CxUGk,https://i.ytimg.com/vi/OXMRs6CxUGk/mqdefault_live.jpg
c72226925ba94855b9fcc88fc2a25acc,upcoming,「#4 縦型配信 /🐾抓抓~ 本週美食之最 ~😋」收集!今星期你食過最好味既野😋 !【綽貓喵 /HKVtuber】#抓抓本週美食之最 #shorts #vtuber #雜談,2026-09-26T05:00:00Z,https://www.youtube.com/watch?v=A1VBABvb8QU,https://i.ytimg.com/vi/A1VBABvb8QU/mqdefault_live.jpg
caf08c74dd7b4919bca49eef394d5475,upcoming,【 伊莫 】冒險旅程繼續～GO～🧋 #伊莫 #MEPay魔儲,2026-09-26T06:00:00Z,https://www.youtube.com/watch?v=jSkhhk1MxmE,https://i.ytimg.com/vi/jSkhhk1MxmE/mqdefault_live.jpg
468c9630d37b4c41bb6b0305dc1143cf,upcoming,《現場互動歌回》#金V獎 × WIRFORCE 見面會 讓黃鴨幫大家把場子熱起來！！  #歌回,2026-09-26T06:00:00Z,https://www.youtube.com/watch?v=cIxaGWKgmZg,https://i.ytimg.com/vi/cIxaGWKgmZg/mqdefault_live.jpg
bdaa84ad3c7841d6a9ec8774ed9d40a9,upcoming,遊戲｜《案件EX：女友的秘密》越說不能看就越想看啊！ #一次通關 ｜🍮魔法布丁罐,2026-09-26T06:00:00Z,https://www.youtube.com/watch?v=D0cLIdyFhWc,https://i.ytimg.com/vi/D0cLIdyFhWc/mqdefault_live.jpg
f4ff6f40be3a4294ac1fe3e475421377,upcoming,【FF X/X-II HD Remaster】可以搶婚不要讓YUNA結婚嗎,2026-09-26T07:00:00Z,https://www.youtube.com/watch?v=ugGoTbC--vg,https://i.ytimg.com/vi/ugGoTbC--vg/mqdefault_live.jpg
2c2bf7ce933a4f34ac25c2dfa72fe565,upcoming,【魔物獵人 : 世界】聚魔之地我來啦！ #13  │ 羽歆 YuuXin,2026-09-26T07:00:00Z,https://www.youtube.com/watch?v=NcOz0F6JzBU,https://i.ytimg.com/vi/NcOz0F6JzBU/mqdefault_live.jpg
4482e4f0cea64f92aa78b2513c7ed897,upcoming,2026 金V獎 × WIRFORCE 見面會【三森ルイ/Mimori Rui】#歌枠,2026-09-26T07:00:00Z,https://www.youtube.com/watch?v=DKqyfatOKRk,https://i.ytimg.com/vi/DKqyfatOKRk/mqdefault_live.jpg
7c18bc597298484c8f2925759fc1ac4a,upcoming,【Dark Soul 3】DLC DAY5⚡2026的Day17【牙羽 HKVTuber】,2026-09-26T08:00:00Z,https://www.youtube.com/watch?v=qO5-3eFEaHM,https://i.ytimg.com/vi/qO5-3eFEaHM/mqdefault_live.jpg
8f0b41303e8a481689fe4309a565ecd3,upcoming,[ 中秋歌回 ] 陪你烤肉 #初見歡迎,2026-09-26T08:00:00Z,https://www.youtube.com/watch?v=n9J-6D_UHoE,https://i.ytimg.com/vi/n9J-6D_UHoE/mqdefault_live.jpg
2a897c484c05483f9a46467e8f448314,upcoming,【2026 金V獎 × WIRFORCE 見面會】今天還是要用最好聽的歌來讓你們認識我!| @edrain1109 | !週邊,2026-09-26T08:00:00Z,https://www.youtube.com/watch?v=5b9izHrS-R4,https://i.ytimg.com/vi/5b9izHrS-R4/mqdefault_live.jpg
14d83faa414c415097d577d2da9636ce,upcoming,【#声かっこかわいいV歌枠リレー 】かわいいだけじゃ、終われない！【 #萌留みみん 】,2026-09-26T08:30:00Z,https://www.youtube.com/watch?v=7H4CtFh4vNg,https://i.ytimg.com/vi/7H4CtFh4vNg/mqdefault_live.jpg
b7f222493f4d4bd1be65f1c08300b45e,upcoming,【#2026清歌踏月 】Pick Up! 投稿專場（2026年出道）🎶剛萌芽的幼苗欣欣向榮地歌唱著！【#紗羅Live】,2026-09-26T09:00:00Z,https://www.youtube.com/watch?v=yM5UKKUK_ms,https://i.ytimg.com/vi/yM5UKKUK_ms/mqdefault_live.jpg
fb29e2e3ea414fef962a6baf583815f5,upcoming,【初配信】初見安安！你們好我是沐璃！,2026-09-26T09:30:00Z,https://www.youtube.com/watch?v=j-PekyNUGZo,https://i.ytimg.com/vi/j-PekyNUGZo/mqdefault_live.jpg
ebc44e2ba78f4790b832d02c31410262,upcoming,【W3】WorkWork～請問大酋長有何吩咐？｜魔獸爭霸III：淬鍊重生 🎀魔法少女花咲🎀,2026-09-26T10:00:00Z,https://www.youtube.com/watch?v=5B1On2_4QZM,https://i.ytimg.com/vi/5B1On2_4QZM/mqdefault_live.jpg
1b63d89e0b1a4b579de6d99e25eaff8f,upcoming,【貓祭精華】用初配信換一句說到做到的約定 #Vtuber #貓祭,2026-09-26T10:00:00Z,https://www.youtube.com/watch?v=hntN-HeOKMw,https://i.ytimg.com/vi/hntN-HeOKMw/mqdefault.jpg
445a732fc0f64712b3213b4cd98fbdd3,upcoming,【同步視聽】F1 2026賽季觀戰，亞塞拜然大獎賽，前往巴庫市街賽道 F1亞塞拜然大獎賽正賽【青羽まことAohane Makoto Ch.】,2026-09-26T10:00:00Z,https://www.youtube.com/watch?v=WpeSpGOTwlw,https://i.ytimg.com/vi/WpeSpGOTwlw/mqdefault_live.jpg
443ba741722742d5b7d5f76c3e7b445b,upcoming,【#あいどるみっくす歌枠リレー】10秒で魅せるよ♪覚悟してね！🍡JP/HK/EN/ZH OK｜魅音モモキュ．毛毛球【 #歌枠 #Vtuber #KARAOKE】,2026-09-26T10:30:02Z,https://www.youtube.com/watch?v=ZqUoLsz2Eog,https://i.ytimg.com/vi/ZqUoLsz2Eog/mqdefault_live.jpg
58588863643843439cebc85ef72654bb,upcoming,【 SILENT HILL f/ 沉默之丘f  #12劇透有】五周目 真結局-2【Projectvb所屬/森星祈】#初見歡迎 #降落歡迎#ネタバレあり#初見実況,2026-09-26T11:00:00Z,https://www.youtube.com/watch?v=fY9JnKKyOT8,https://i.ytimg.com/vi/fY9JnKKyOT8/mqdefault_live.jpg
7aba821c721e45bcb3d113652e9e8fb2,upcoming,【#2026清歌踏月】中秋快樂 ! ! 邊聽邊吃吧 ! 吃月餅吃烤肉 吃吃吃 ! | 克克米伊,2026-09-26T11:00:00Z,https://www.youtube.com/watch?v=HNQ9WtDNv4I,https://i.ytimg.com/vi/HNQ9WtDNv4I/mqdefault_live.jpg
6166fbac685941a6acf389460de44943,upcoming,【雀魂觀眾場】我們先從認識牌面開始可以吧🍎 #降落歡迎 #初見歡迎,2026-09-26T11:30:00Z,https://www.youtube.com/watch?v=NOQNy1_k6Vw,https://i.ytimg.com/vi/NOQNy1_k6Vw/mqdefault_live.jpg
9012b1827e8141bd9d56d1a04b2f7ad1,upcoming,【#2026清歌踏月】月亮上的可能不是嫦娥，是外星人🍥｜七星ナギ・馬來西亞VTuber #雜談 #歌枠,2026-09-26T11:30:00Z,https://www.youtube.com/watch?v=Gt3NOtoLrS4,https://i.ytimg.com/vi/Gt3NOtoLrS4/mqdefault_live.jpg
bee9506c5d714205bfc69573280852c2,upcoming,【聯動】奶茶跟朋友一起送餐！地獄外送員奶茶上線！  | 初見さん大歓迎❤ | @mirutea_vtuber w/@konokichai  @HdesireCookie,2026-09-26T11:30:00Z,https://www.youtube.com/watch?v=zNXWt_7Q2DU,https://i.ytimg.com/vi/zNXWt_7Q2DU/mqdefault_live.jpg
8ae0f370cf124faa953a09089a427fd9,upcoming,《鋼之鍊金術師：回憶的奏鳴曲》#2,2026-09-26T12:00:00Z,https://www.youtube.com/watch?v=A7PJ8gA6KMU,https://i.ytimg.com/vi/A7PJ8gA6KMU/mqdefault_live.jpg
96f44559b15e4bad9de2eb8a0a2a92da,upcoming,還沒決定！,2026-09-26T12:00:00Z,https://www.youtube.com/watch?v=jA77Mr4pbts,https://i.ytimg.com/vi/jA77Mr4pbts/mqdefault_live.jpg
5535c9524eb046c38e172ebfa06b302f,upcoming,🔴《伊莫 Aniimo》正式踏進艾德爾大陸！PC版正式上市，一起出發抓伊莫！▹璐洛洛◃,2026-09-26T12:00:00Z,https://www.youtube.com/watch?v=siV0NdbC8kw,https://i.ytimg.com/vi/siV0NdbC8kw/mqdefault_live.jpg
5de329cf8bc5410fb40ef38d117be94d,upcoming,【歌回】這禮拜好想唱歌~ #冬鈴 #唱歌 #聊天,2026-09-26T12:00:00Z,https://www.youtube.com/watch?v=QDAcdEMBaf4,https://i.ytimg.com/vi/QDAcdEMBaf4/mqdefault_live.jpg
38fcf8bc7f3f45d68bab44577c019c84,upcoming,【特企】女主管相談室-看女主管們如何看履歷、帶人、夾心餅乾人生的甘苦談 with 依可露、Devilith Violustre、莉芙嘉薇亞✨｜療癒祭司西西莉⏱🌟🎶,2026-09-26T12:00:00Z,https://www.youtube.com/watch?v=K6IZnNSDcU0,https://i.ytimg.com/vi/K6IZnNSDcU0/mqdefault_live.jpg
4d8babea181e44df9855f3aafc06eb2c,upcoming,【VALORANT觀眾場】歡迎新朋友!! 連假就是要玩到沒日沒夜，打得不好不准噴我！！🖤🤍,2026-09-26T12:00:00Z,https://www.youtube.com/watch?v=_Ne-AilVpCw,https://i.ytimg.com/vi/_Ne-AilVpCw/mqdefault_live.jpg
dabf31fbee9b4214958603268d48b780,upcoming,【復仇酒雜】勝利女神眷顧誰？命運骰子比大小，誰會先認輸⚓｜蕾忒LeiT,2026-09-26T12:00:00Z,https://www.youtube.com/watch?v=7_8hJGoMexY,https://i.ytimg.com/vi/7_8hJGoMexY/mqdefault_live.jpg
abd64c9a64e04fb1b23faa2480c1c106,upcoming,🔴重大危機：今晚被趕去睡沙發了...這就是男人最終的宿命？！,2026-09-26T12:00:00Z,https://www.youtube.com/watch?v=UYuuNfLr3Cc,https://i.ytimg.com/vi/UYuuNfLr3Cc/mqdefault_live.jpg
3a30426a65fe450bbef138fd8ba35f1e,upcoming,【歌枠】帥！【猫又くろね★Vtuber★】 #初見歡迎 #降落歡迎,2026-09-26T12:00:00Z,https://www.youtube.com/watch?v=J22B7uAgJVI,https://i.ytimg.com/vi/J22B7uAgJVI/mqdefault_live.jpg
32a08f858ffb4d6aba0624647cf8cf2d,upcoming,【伊莫#1】新遊戲體驗！毛茸茸的可愛生物超Q的~,2026-09-26T12:00:00Z,https://www.youtube.com/watch?v=JGTDu4TU6V0,https://i.ytimg.com/vi/JGTDu4TU6V0/mqdefault_live.jpg
994fcc5db40840ae990cf1ce43728548,upcoming,[雜談] 早少少開嘅晚間的無定向雜談 ♡ 時數挑戰進行中 '' 初見歡迎 '' 掛台歡迎 ♪  [🐧織夢玖璃 ],2026-09-26T12:00:00Z,https://www.youtube.com/watch?v=erMDkvn4dhE,https://i.ytimg.com/vi/erMDkvn4dhE/mqdefault_live.jpg
fceadce7c37f4cc08bc747aa79c3cf9e,upcoming,【#l4d2 #初見実況 】魚卵說想要看我玩FPS...魚卵想要、魚卵得到！ #中文vtuber  #vtuber,2026-09-26T12:00:00Z,https://www.youtube.com/watch?v=kTeNtUaa6AE,https://i.ytimg.com/vi/kTeNtUaa6AE/mqdefault_live.jpg
c8ef4e3182b74ecd994c837a75624390,upcoming,【#2026清歌踏月】我會是語言種類最多的一棒嗎？【陳火舌】,2026-09-26T12:00:00Z,https://www.youtube.com/watch?v=yXbfx6VkvaE,https://i.ytimg.com/vi/yXbfx6VkvaE/mqdefault_live.jpg
bdcf0d95e6544ebaaddbfba94839cd6b,upcoming,【雀魂】~歡迎現場加入#克拉拉on air#台v#個人勢vtuber#多多,2026-09-26T12:00:00Z,https://www.youtube.com/watch?v=rZ1TF2U1AIE,https://i.ytimg.com/vi/rZ1TF2U1AIE/mqdefault_live.jpg
4d0cbf91a5cb4524862207c5d406d98c,upcoming,〖 拉拉廚房常識大挑戰 〗李拉拉你不可以再用菜瓜布刷不沾鍋... ft.李拉拉 ║ 瑟思安Cesium,2026-09-26T12:00:00Z,https://www.youtube.com/watch?v=RiLO_YHqRh4,https://i.ytimg.com/vi/RiLO_YHqRh4/mqdefault_live.jpg
a168211aa3dd451cb33e09b80df0ea0a,upcoming,舒狐 - ??? / 百人白首 #57,2026-09-26T12:00:00Z,https://www.youtube.com/watch?v=eT6yAPGMMd8,https://i.ytimg.com/vi/eT6yAPGMMd8/mqdefault.jpg
62b58adde13f4a73ab406f857d730e20,upcoming,【奔跑吧!小海龜!】體驗小海龜奔向大海的艱辛 #初見歡迎 #海龜桌遊 #當龜工作室 Ft.茶貓、小影,2026-09-26T12:00:48Z,https://www.youtube.com/watch?v=mQ9PYSpaLyA,https://i.ytimg.com/vi/mQ9PYSpaLyA/mqdefault_live.jpg
904f58005872497b82964fff25490152,upcoming,【雜談台】光有利古戰場本戰 Day3《碧藍幻想》【伊利希恩/Vtuber】,2026-09-26T12:30:00Z,https://www.youtube.com/watch?v=i1qKJjzLmr4,https://i.ytimg.com/vi/i1qKJjzLmr4/mqdefault_live.jpg
13992a4fb59649ada3a2adf027b5b35a,upcoming,【任性High-Spec】柔軟呼阿呼阿的老婆？！ part 8,2026-09-26T12:30:00Z,https://www.youtube.com/watch?v=uE2r9dEJO8k,https://i.ytimg.com/vi/uE2r9dEJO8k/mqdefault_live.jpg
c88554bbf263412da16e7a17fd03e467,upcoming,【真人換裝實境秀】超香中之人露出⚠ 你想看茶茶穿哪一套…///｜#初見歡迎 ☁ 天蕓茶茶 ☁,2026-09-26T12:30:00Z,https://www.youtube.com/watch?v=otaxtkZh9v0,https://i.ytimg.com/vi/otaxtkZh9v0/mqdefault_live.jpg
c4bc52355d334a98bdaa1e57c05673ad,upcoming,【✿#2026清歌踏月✿】用歌聲陪你一起過中秋節🌝今晚一起吃月餅賞月high起來！！✨【Karin Ch.花燐】,2026-09-26T12:30:00Z,https://www.youtube.com/watch?v=65n0bE4MFxI,https://i.ytimg.com/vi/65n0bE4MFxI/mqdefault_live.jpg
e4c71cb272a24ce6bda794eae8e5bdfc,upcoming,【新楓之谷．經典服】回到遙遠的舊日時光🍁 來一起冒險吧！ft. 神崎アルファ【北門76事務所｜穆寧寧Muninin 】#初見安安 #降落歡迎,2026-09-26T12:30:00Z,https://www.youtube.com/watch?v=bpLAGjWUmro,https://i.ytimg.com/vi/bpLAGjWUmro/mqdefault_live.jpg
529328632b0b4701a469ebc14413f855,upcoming,【直播】家好月圓問答大賽！觀眾參與贏餅券！【彌歌魚｜艾路11｜獅兄｜DS｜小嘉惠】,2026-09-26T13:00:00Z,https://www.youtube.com/watch?v=Y-F1QgCbyG8,https://i.ytimg.com/vi/Y-F1QgCbyG8/mqdefault_live.jpg
dbfaa5f3d01142df8a05c4946a0a22dc,upcoming,台灣RPG新作✨ 玩完抽遊戲序號‼️｜血百合：殺人魔別夾在百合間｜星野EE💫｜男性VTuber \初見歡迎/ \降落歡迎/,2026-09-26T13:00:00Z,https://www.youtube.com/watch?v=Jb3dVRrsdBw,https://i.ytimg.com/vi/Jb3dVRrsdBw/mqdefault_live.jpg
5f0afd7885894861925e7030c096297e,upcoming,【追尋者聯盟：英雄之旅】正式版終於來了！台灣獨立肉鴿卡牌遊戲，寫下屬於你的冒險史詩【柴豆古琳】獨立遊戲直播,2026-09-26T13:00:00Z,https://www.youtube.com/watch?v=-Z4aTmjjSFs,https://i.ytimg.com/vi/-Z4aTmjjSFs/mqdefault_live.jpg
3c1783f6914f414b830c836829d1afa2,upcoming,「歌雜」悠悠一直想練些可愛的歌～但歌單裡的歌都好emo(✘Д✘๑ )#歡迎降落#雜談#歌回 #降落大歡迎 #降落歡迎,2026-09-26T13:00:00Z,https://www.youtube.com/watch?v=FnqcMe-yYY8,https://i.ytimg.com/vi/FnqcMe-yYY8/mqdefault_live.jpg
2a2b7990365f4a1bb1d8acf1ae0f2f32,upcoming,Stream 26/9/26 Living the Hololive dreams,2026-09-26T13:00:00Z,https://www.youtube.com/watch?v=vGwXeRAnRaA,https://i.ytimg.com/vi/vGwXeRAnRaA/mqdefault_live.jpg
463e3994840145618264d41fa3eaf344,upcoming,【 Euro Truck Simulator 2 】#5 gogogo公司開始營業啦！！這次能達到買公司車的目標啦！！！,2026-09-26T13:00:00Z,https://www.youtube.com/watch?v=1c3f2rCe1QA,https://i.ytimg.com/vi/1c3f2rCe1QA/mqdefault_live.jpg
6abc6d7010ed4b7a88b2566b171c9005,upcoming,【遊戲】APEX｜最近玩起來都卡卡的 #墨生 #初見歡迎 #歡迎降落,2026-09-26T13:00:00Z,https://www.youtube.com/watch?v=2219XjOc0fA,https://i.ytimg.com/vi/2219XjOc0fA/mqdefault_live.jpg
6fa1245c717d4af68589205df5ab6427,upcoming,【 #2026清歌踏月 】🐧用音樂一起度過這個中秋吧✨ #初見歡迎 |易恆Arkia| 26/09/26,2026-09-26T13:00:00Z,https://www.youtube.com/watch?v=LhX9DUdU_tI,https://i.ytimg.com/vi/LhX9DUdU_tI/mqdefault_live.jpg
a39733d216994010b34bf5033be01589,upcoming,第一次看到VTuber說股市嗎？台股站上48600點後迅速拉回平盤，今年還有望站上50000點大關嗎？  !surfshark｜珂賽特Cosette,2026-09-26T13:00:00Z,https://www.youtube.com/watch?v=81CwluXYpu8,https://i.ytimg.com/vi/81CwluXYpu8/mqdefault_live.jpg
0fbdfcc1b9cf41fdb840cf2f546d9324,upcoming,【鵝鴨殺】【連動】ft:很多人,2026-09-26T13:00:00Z,https://www.youtube.com/watch?v=D4GDHTDb5J8,https://i.ytimg.com/vi/D4GDHTDb5J8/mqdefault_live.jpg
6885bffce2184355bed557901e079522,upcoming,【 崩壞：星穹鐵道 】實戰派代打健檢 今天趕劇情跟活動來的及嗎    #初見歡迎 #降落歡迎,2026-09-26T13:00:00Z,https://www.youtube.com/watch?v=nFuos5anueQ,https://i.ytimg.com/vi/nFuos5anueQ/mqdefault_live.jpg
c379e3f4f1eb41869ec465481b182e50,upcoming,🎮觀眾參加場：Sonic Rumble🎮中秋連假和姆莉醬一起索尼克！歡迎所有觀眾一起玩！Steam好玩免費競賽遊戲！ #直播中 #台V #台灣Vtuber #降落歡迎 #初見歡迎,2026-09-26T13:00:12Z,https://www.youtube.com/watch?v=NAULtCNJ8Po,https://i.ytimg.com/vi/NAULtCNJ8Po/mqdefault_live.jpg
0df008566e92461eb808c5b3ba9c7f0f,upcoming,【The Isle Evrima Beta】今天挑戰畫質特效開好開滿給大家最棒的視覺享受！【艾爾‧拉普塔斯】,2026-09-26T13:00:27Z,https://www.youtube.com/watch?v=-zYLWmfJzy0,https://i.ytimg.com/vi/-zYLWmfJzy0/mqdefault_live.jpg
60da3bb357d64f998006b8ca3043fd00,upcoming,【世紀帝國】玩一下!!💤|古古.歐拉拉🐨,2026-09-26T13:30:00Z,https://www.youtube.com/watch?v=XaUoD6WKpRE,https://i.ytimg.com/vi/XaUoD6WKpRE/mqdefault_live.jpg
ad6455da071543ab88cd4855a11cf39b,upcoming,【燒肉模擬器】中秋揪烤肉啦~~~好ㄘ!!【悠璐YURU】,2026-09-26T13:30:00Z,https://www.youtube.com/watch?v=GCZp7s2uT40,https://i.ytimg.com/vi/GCZp7s2uT40/mqdefault_live.jpg
691e8a5f258c4c17b70b6b489b0ad04d,upcoming,【#2026清歌踏月】中秋節想和你一起度過👻🌙｜迷夜夜YAYA｜VerseLink,2026-09-26T13:30:00Z,https://www.youtube.com/watch?v=IE90mFMMVv4,https://i.ytimg.com/vi/IE90mFMMVv4/mqdefault_live.jpg
7ae1c13d53fb44f49f386eef43c63ee4,upcoming,【#雜談台】 雜談台 | 限时1小时 悠闲聊天 💕一起观看新游戏预告,2026-09-26T13:30:00Z,https://www.youtube.com/watch?v=5RSn3aEnhKM,https://i.ytimg.com/vi/5RSn3aEnhKM/mqdefault_live.jpg
def76c5c31fe4466b5ae6e6940ae6e58,upcoming,▶遊戲直播◁ 卡拉諾羅 Kalanoro 最新動作冒險遊戲 守護島嶼 跟狐猴組一輩子的樂團【NAGISA凪砂 / HKVtuber】,2026-09-26T13:30:00Z,https://www.youtube.com/watch?v=dZcxhZlUtZA,https://i.ytimg.com/vi/dZcxhZlUtZA/mqdefault_live.jpg
4b53aa789e544bd9aaecc9fbc79e4bbe,upcoming,【#弾き語り】睡眠用BGMによかったら～🫧【 Req・リク◎】#歌枠 #vsinger #あのねホタルちゃん,2026-09-26T14:00:00Z,https://www.youtube.com/watch?v=wKdm-qdIN7k,https://i.ytimg.com/vi/wKdm-qdIN7k/mqdefault_live.jpg
0ede84dfc1ff426cb42643d7390d2937,upcoming,"【遊家聯動🍌】中風式合作拆彈game!  | 歡迎掛台,初見,降落大歡迎！ BOMBANANA! 【HKVtuber】",2026-09-26T14:00:00Z,https://www.youtube.com/watch?v=zptA2Bkha64,https://i.ytimg.com/vi/zptA2Bkha64/mqdefault_live.jpg
430b173ad3134b729f78b96cdbed3585,upcoming,【#2026清歌踏月】YT初見，中秋節快樂。｜伍一 @dreamer051,2026-09-26T14:00:00Z,https://www.youtube.com/watch?v=pCKnc9s393o,https://i.ytimg.com/vi/pCKnc9s393o/mqdefault_live.jpg
191998e9f0ec4d67a19da194af311636,upcoming,ʚ 3dio ASMR ɞ 不確定能不能開，先開起來放 ｜鬼塚夏實｜,2026-09-26T14:00:00Z,https://www.youtube.com/watch?v=zgqP_4SnQWk,https://i.ytimg.com/vi/zgqP_4SnQWk/mqdefault_live.jpg
9fba4ecf861140acb418c343a475f99c,upcoming,【戚維/戚天鑑賞】今天來當武士打鬼啦~~,2026-09-26T14:00:00Z,https://www.youtube.com/watch?v=R-epSLYYYek,https://i.ytimg.com/vi/R-epSLYYYek/mqdefault_live.jpg
2d57d202ef8e46a5871302b944309bc2,upcoming,香港站 VR地圖探險記！ft @kanau_kk   marc_99 |【Fuko風子】26/09/2026,2026-09-26T14:30:00Z,https://www.youtube.com/watch?v=rEQ0WfwMujE,https://i.ytimg.com/vi/rEQ0WfwMujE/mqdefault_live.jpg
aaa45dc386714427ba862f691d4471ac,upcoming,【#2026清歌踏月】中秋月圓夜！與你共譜30分鐘秋夜接力歌回 🌙 | 波‧路譜 Pool Loop,2026-09-26T14:30:00Z,https://www.youtube.com/watch?v=n3d56bHGBSo,https://i.ytimg.com/vi/n3d56bHGBSo/mqdefault_live.jpg
59f5e287671149398135c5c08b5ed2f7,upcoming,【#2026清歌踏月】第10棒羅妲♡姐姐帶你一起上月球♡中秋節快樂｜羅妲Rhoda【福呱娛樂所屬】,2026-09-26T15:00:00Z,https://www.youtube.com/watch?v=V42UZHEeyv0,https://i.ytimg.com/vi/V42UZHEeyv0/mqdefault_live.jpg
e343e3fdc52f47a7bd5dbd793ccf8916,upcoming,【#2026清歌踏月】喜歡蛋黃酥還是棗泥月餅😍 ✧ 千眠Somi #新人vtuber,2026-09-26T15:00:00Z,https://www.youtube.com/watch?v=moIr0k0v_qQ,https://i.ytimg.com/vi/moIr0k0v_qQ/mqdefault_live.jpg
e069724ddab54dd690d6c3425574effd,upcoming,【上完課的陪伴雜談】下課啦～先別走，陪薄荷聊聊天嘛💙｜Stay A Little Longer #賣勾萊拉,2026-09-26T15:00:00Z,https://www.youtube.com/watch?v=dP4QF72v_-U,https://i.ytimg.com/vi/dP4QF72v_-U/mqdefault_live.jpg
1cfadb0d2e154a258c3177ff8264336f,upcoming,終於要去台灣啦！聽說台灣景點都超OO?？一起排台灣景點Tier List🔥,2026-09-26T15:00:36Z,https://www.youtube.com/watch?v=mGW--IX_sX8,https://i.ytimg.com/vi/mGW--IX_sX8/mqdefault_live.jpg
b7f222493f4d4bd1be65f1c08300b45e,upcoming,【#2026清歌踏月 】Pick Up! 投稿專場（2022年出道）🎶成蔭的大樹溫柔哼著搖籃曲！【#紗羅Live】,2026-09-26T16:00:00Z,https://www.youtube.com/watch?v=SR-siQ0iazU,https://i.ytimg.com/vi/SR-siQ0iazU/mqdefault_live.jpg
5d2231ea88fd474d8a11e5a759899216,upcoming,⍣ 新聞雜談✦9月27日 ⇎ 早九倒數142天 ⊶ 十六月 OctJun,2026-09-27T01:00:00Z,https://www.youtube.com/watch?v=c8n1NkxkFfE,https://i.ytimg.com/vi/c8n1NkxkFfE/mqdefault_live.jpg
6ddea98137e2429eb0e9c4025ad9294f,upcoming,【歌回】早安歌回 今天要唱很帥新歌! 打在標題就不能反悔了 | 韶花 #初見歡迎 #降落歡迎,2026-09-27T02:00:00Z,https://www.youtube.com/watch?v=lCsyDX4DrUM,https://i.ytimg.com/vi/lCsyDX4DrUM/mqdefault_live.jpg
191998e9f0ec4d67a19da194af311636,upcoming,ʚ 小小巫女的見習日誌 ɞ 監工召集！點進來的請幫忙監督哪滋咪有沒有在偷懶！｜鬼塚夏實｜,2026-09-27T02:00:00Z,https://www.youtube.com/watch?v=72sbNEqXREE,https://i.ytimg.com/vi/72sbNEqXREE/mqdefault_live.jpg
4dd71b1079284bdb8ba90198317e524d,upcoming,【Fire Emblem: Fortune's Weave 】火紋 聖火降魔錄 萬縷千絲 EP8 迪托利希線 Dietrich,2026-09-27T02:30:00Z,https://www.youtube.com/watch?v=n7VSxW07aRU,https://i.ytimg.com/vi/n7VSxW07aRU/mqdefault_live.jpg
265a18972d244affae35711cfd1f9931,upcoming,【2026 金V獎 × WIRFORCE 線下見面會】✨今天是語言力量的激烈碰撞✨！！【MiroLive/塔芭絲可】,2026-09-27T03:00:00Z,https://www.youtube.com/watch?v=TLf2C15fEsA,https://i.ytimg.com/vi/TLf2C15fEsA/mqdefault_live.jpg
c4bc52355d334a98bdaa1e57c05673ad,upcoming,【✿練歌回#3✿】今天來復仇啦！！！🔥上次練歌成果展示✨歌單更新起來！！！【Karin Ch.花燐】 #歡迎初見 #歡迎降落,2026-09-27T04:00:00Z,https://www.youtube.com/watch?v=P95H79Crh5Q,https://i.ytimg.com/vi/P95H79Crh5Q/mqdefault_live.jpg
5d2231ea88fd474d8a11e5a759899216,upcoming,⍣ 靜謐田園✦EP16 ⇎ 快樂的沃克農夫 ⊶ 十六月 OctJun,2026-09-27T04:00:00Z,https://www.youtube.com/watch?v=Yvmg1GOopQ0,https://i.ytimg.com/vi/Yvmg1GOopQ0/mqdefault_live.jpg
494d2c5daf9f4a8a8e4538687e6be14c,upcoming,【2026 金V獎 × WIRFORCE 線下見面會】  😈語言激烈碰撞 ！！辯論如果輸了怎麼辦?!【 兔姬UsagiHime 】,2026-09-27T04:00:00Z,https://www.youtube.com/watch?v=X6lAwfDIC90,https://i.ytimg.com/vi/X6lAwfDIC90/mqdefault_live.jpg
c0c033c9c8014562b58a7124b6b22fb0,upcoming,【2026 金V獎 × WIRFORCE 線下見面會】DIKA豚足姬(·⚇·)是是是!您說的都對!所以可以不要找我辯論嗎!?😂,2026-09-27T05:00:00Z,https://www.youtube.com/watch?v=kda1JFO8Gdg,https://i.ytimg.com/vi/kda1JFO8Gdg/mqdefault_live.jpg
626750f4e7a745619c171c44fb1efcc0,upcoming,【2026 金V獎 × WIRFORCE 線下見面會】今天要用語言的力量激烈碰撞!【天使Vtuber小雪Yukichan】#台灣Vtuber #Vtuber,2026-09-27T06:00:00Z,https://www.youtube.com/watch?v=NFKQXRtfDks,https://i.ytimg.com/vi/NFKQXRtfDks/mqdefault_live.jpg
02dadd7977b8412b99f101241de4cb3f,upcoming,【鬼武者Way of the Sword】宮本武藏狗殺鬼去囉 #3,2026-09-27T06:00:00Z,https://www.youtube.com/watch?v=dhp4DsnwdIU,https://i.ytimg.com/vi/dhp4DsnwdIU/mqdefault_live.jpg
6926325d2c1c4c4e87f7be69ab675d53,upcoming,【雲端讀書會】你就是困住自己的那座山 那如果我是個枕頭 那我是枕頭山！ ft.書靈【📙Booklive】 #上癮中 #新人vtuber #雲端讀書會,2026-09-27T06:00:00Z,https://www.youtube.com/watch?v=z3_KDyc_9NQ,https://i.ytimg.com/vi/z3_KDyc_9NQ/mqdefault_live.jpg
746abd9861714105823ebfb2a18f6fdc,upcoming,【沉默之丘 F】2026/09/27 - 下午玩應該比較不可怕吧！歡迎來聊天～【Balion】 #vtuber #初見歡迎,2026-09-27T06:00:00Z,https://www.youtube.com/watch?v=6XZX8aA0Q2c,https://i.ytimg.com/vi/6XZX8aA0Q2c/mqdefault_live.jpg
83cb016f535f4275bba29ad276b2084f,upcoming,【與你陪伴】把這下午的時間借給我，我想多了解你一點❤️｜午後陪伴 月瑤 YueYao ꕤ Mojoylive 三期生,2026-09-27T06:30:00Z,https://www.youtube.com/watch?v=PZR9-2s_FBU,https://i.ytimg.com/vi/PZR9-2s_FBU/mqdefault_live.jpg
5a934764983e45959855735b79bcc90e,upcoming,〖#絢音彩歌〗一周又愉快的過去了！｜🤖量產型猫飼步歌貳貳機🐱 Fuka22,2026-09-27T06:30:00Z,https://www.youtube.com/watch?v=JjScUtZO1YI,https://i.ytimg.com/vi/JjScUtZO1YI/mqdefault_live.jpg
a3c6cbf76630432c83fa5277388be97c,upcoming,【遊戲台（國語+粵語）】第一次開遊戲台♥︎HOLOLIVE音遊初嘗試♥︎ #初見歡迎 【夢宮色羽VTUBER】,2026-09-27T07:00:00Z,https://www.youtube.com/watch?v=7VGVF71d8og,https://i.ytimg.com/vi/7VGVF71d8og/mqdefault_live.jpg
a55a6a4b6453413cb8b1dc69423b67d5,upcoming,【 #歌枠 】初見さん大歓迎～台湾大学生Vtuberが歌います！！日曜日恒例歌枠 ～🍀🎤 #vtuber,2026-09-27T07:00:00Z,https://www.youtube.com/watch?v=decBREXWyv8,https://i.ytimg.com/vi/decBREXWyv8/mqdefault_live.jpg
6c872a4043b84e4493877a42af684d1d,upcoming,「#宇宙歌枠 311」周末歌回~~ 初見歡迎  Singing stream【銀河Galaxy】,2026-09-27T07:00:00Z,https://www.youtube.com/watch?v=5REjUKWT0VM,https://i.ytimg.com/vi/5REjUKWT0VM/mqdefault_live.jpg
08be94e874d448f8a2794a44c61e8d8f,upcoming,【Dave the Diver】#5 間隔多日！中秋節該回來捕魚了！✦ 狸咪 Tanuki Miihi,2026-09-27T07:30:00Z,https://www.youtube.com/watch?v=Ndc2IZE9tm0,https://i.ytimg.com/vi/Ndc2IZE9tm0/mqdefault_live.jpg
dad6fb7439d744739755a9a7c6c18d20,upcoming,✦ #絢音彩歌 ✦ 16:00 ~ 16:30 ✦ 角蓮 ✦,2026-09-27T08:00:00Z,https://www.youtube.com/watch?v=wvJS7mc-KRM,https://i.ytimg.com/vi/wvJS7mc-KRM/mqdefault_live.jpg
f2ad5f187c9141ab8830b8eaf81c3aee,upcoming,【陛! 爆唔到機】陛有預感!【皇咲レイナ | HKVtuber】,2026-09-27T08:00:00Z,https://www.youtube.com/watch?v=Dg_3vpdIpFA,https://i.ytimg.com/vi/Dg_3vpdIpFA/mqdefault_live.jpg
b7f222493f4d4bd1be65f1c08300b45e,upcoming,【#2026清歌踏月 】Pick Up! 投稿專場（2025年出道）🎶慢慢舒展枝葉等待月亮升起吧！【#紗羅Live】,2026-09-27T08:00:00Z,https://www.youtube.com/watch?v=OqU9j2oIoz0,https://i.ytimg.com/vi/OqU9j2oIoz0/mqdefault_live.jpg
ebc44e2ba78f4790b832d02c31410262,upcoming,【W3】阿克蒙德你別想！｜魔獸爭霸III：淬鍊重生 🎀魔法少女花咲🎀,2026-09-27T10:00:00Z,https://www.youtube.com/watch?v=4Qx8x0sRblc,https://i.ytimg.com/vi/4Qx8x0sRblc/mqdefault_live.jpg
cf5fc0cd849841679951b3769979b3a0,upcoming,【 重大告知 | 歌雜 】CC要帶來好消息了嗎?!  #西西不嘻嘻,2026-09-27T10:00:00Z,https://www.youtube.com/watch?v=BqZUUkWbvic,https://i.ytimg.com/vi/BqZUUkWbvic/mqdefault_live.jpg
ef67b676c0334ef182151f473469c1f1,upcoming,【Sayuri 紀念】来世で会おう／尼皮 NiPi ×●×,2026-09-27T10:00:00Z,https://www.youtube.com/watch?v=s-4dGrTJbkE,https://i.ytimg.com/vi/s-4dGrTJbkE/mqdefault.jpg
7754dca48f524b938314a2b346772e4e,upcoming,【  絢音彩歌  】大型接力歌回 .ᐟ 你家的被子歌唱著~ 屬於我們的夜晚將悄悄染上極光色 ⋰ ⋆⋰,2026-09-27T10:00:00Z,https://www.youtube.com/watch?v=gr4Aw1nv7Tk,https://i.ytimg.com/vi/gr4Aw1nv7Tk/mqdefault_live.jpg
5f8930a469f94b5cad116810f68a2614,upcoming,絢音彩歌丨沿著歌聲去旅行，讓歌聲染上你的色彩🤲 #初見歡迎 #降落歡迎 【灯理Akari🍫丨Scintillating Songlines #77】,2026-09-27T10:30:00Z,https://www.youtube.com/watch?v=8AJXOcwdeZ0,https://i.ytimg.com/vi/8AJXOcwdeZ0/mqdefault_live.jpg
f2dc08b1c55843d9a3d1e0461ebf57c1,upcoming,【#2026清歌踏月】花好月圓，來聽我自彈自唱吧～,2026-09-27T11:00:00Z,https://www.youtube.com/watch?v=6U_6M7zro1Q,https://i.ytimg.com/vi/6U_6M7zro1Q/mqdefault_live.jpg
575d15d21f7240e1ad72935bf7fa0465,upcoming,🍡【雜談】小天使回歸配信！雙人歌雜時間 和幼里一起分享旅途中的故事吧 ♡ 【夏羽由里/Vtuber】,2026-09-27T11:00:00Z,https://www.youtube.com/watch?v=Ww4b0Yl0USc,https://i.ytimg.com/vi/Ww4b0Yl0USc/mqdefault_live.jpg
db4df79a2e664ebb96d1a0ce5e4c0e63,upcoming,【歌回】又有新歌！會變耐久嗎？ 🐾 伊鬱 Yiyu ch.,2026-09-27T11:00:00Z,https://www.youtube.com/watch?v=uL5Bc6Nd2mQ,https://i.ytimg.com/vi/uL5Bc6Nd2mQ/mqdefault_live.jpg
6b43c568bdf044e4a4ae0bae0cb9fff2,upcoming,【#2026清歌踏月】讓AOI來幫你們看看外國的月亮有沒有比較圓 #狐狸假面 #vtuber #AOI #歌枠,2026-09-27T11:30:00Z,https://www.youtube.com/watch?v=1Uadfo-RGGU,https://i.ytimg.com/vi/1Uadfo-RGGU/mqdefault_live.jpg
96f44559b15e4bad9de2eb8a0a2a92da,upcoming,【#2026清歌踏月】水星魔法少女挑戰接力歌回！,2026-09-27T12:00:00Z,https://www.youtube.com/watch?v=UmZK9mCKu9k,https://i.ytimg.com/vi/UmZK9mCKu9k/mqdefault_live.jpg
dbfaa5f3d01142df8a05c4946a0a22dc,upcoming,【 #女鬼橋】不過就是暗了點的學校 一、一點都不可怕吧...？🕯️｜E夜驚魂｜星野EE💫｜男性VTuber \初見歡迎/ \降落歡迎/,2026-09-27T12:00:00Z,https://www.youtube.com/watch?v=RUCbk_49kGg,https://i.ytimg.com/vi/RUCbk_49kGg/mqdefault_live.jpg
7c18bc597298484c8f2925759fc1ac4a,upcoming,"【9月會限】Dear吐, 今天的羽很色色...!",2026-09-27T12:00:00Z,https://www.youtube.com/watch?v=UjrALXJtBD0,https://i.ytimg.com/vi/UjrALXJtBD0/mqdefault_live.jpg
2f607aefde1d4264814d4e9282dd5cb0,upcoming,【預告二｜糖突鬼轉】一顆糖的參謀長,2026-09-27T12:00:00Z,https://www.youtube.com/watch?v=8mLhUvOriRc,https://i.ytimg.com/vi/8mLhUvOriRc/mqdefault.jpg
c25e6f38d6df447e84c4747ba6ac75cc,upcoming,【戰艦世界｜11週年慶】安特宇宙海軍分部正式成立⚓/ with. 瑟思安 【 安特羅迦Entrovia 】,2026-09-27T12:00:00Z,https://www.youtube.com/watch?v=uxOnQoXb95I,https://i.ytimg.com/vi/uxOnQoXb95I/mqdefault_live.jpg
3a30426a65fe450bbef138fd8ba35f1e,upcoming,【週表作業雜談】一邊來做週表一邊來聊天吧！【猫又くろね★Vtuber★】#歡迎初見 #歡迎降落,2026-09-27T12:00:00Z,https://www.youtube.com/watch?v=QJQ83yyiHlE,https://i.ytimg.com/vi/QJQ83yyiHlE/mqdefault_live.jpg
32a08f858ffb4d6aba0624647cf8cf2d,upcoming,【伊莫#2】新遊戲體驗！接著跑主線劇情~~~#伊莫 #MEPay魔儲,2026-09-27T12:00:00Z,https://www.youtube.com/watch?v=Y995q46ogO8,https://i.ytimg.com/vi/Y995q46ogO8/mqdefault_live.jpg
fad69c2a625446829ef410d9ef277c8f,upcoming,Singing Stream︱來點純淨的聲音🎤︱依涅斯Inez #初見さん大歓迎 #歌枠 #初見歓迎,2026-09-27T12:00:00Z,https://www.youtube.com/watch?v=mTIh4rDKDDo,https://i.ytimg.com/vi/mTIh4rDKDDo/mqdefault_live.jpg
4d0cbf91a5cb4524862207c5d406d98c,upcoming,《 戰艦世界 ║ 11週年慶 》看啊！這是朕為你們打下的江山！ 指揮官貓貓的戰艦指揮實錄！ ft.安特║ 瑟思安Cesium,2026-09-27T12:00:00Z,https://www.youtube.com/watch?v=qw6w2e4AK9E,https://i.ytimg.com/vi/qw6w2e4AK9E/mqdefault_live.jpg
c88554bbf263412da16e7a17fd03e467,upcoming,【點歌歌回】今晚讓大家點到爽.ᐟ.ᐟ 唱到爽才下播😤｜#初見歡迎 ☁ 天蕓茶茶 ☁,2026-09-27T12:30:00Z,https://www.youtube.com/watch?v=45bPFl2YEpY,https://i.ytimg.com/vi/45bPFl2YEpY/mqdefault_live.jpg
02dadd7977b8412b99f101241de4cb3f,upcoming,【牧場物語希望之光】繼續當個小農民種田囉 #6,2026-09-27T12:30:00Z,https://www.youtube.com/watch?v=kCIXtMopxDc,https://i.ytimg.com/vi/kCIXtMopxDc/mqdefault_live.jpg
a1f8a0af53c34922b0c66ebdf4b3381d,upcoming,【#2026清歌踏月】清歌踏月動人心  拜託今晚別破音       #vtuber  #歌回  #台v,2026-09-27T12:30:00Z,https://www.youtube.com/watch?v=5jLJv8IrMPw,https://i.ytimg.com/vi/5jLJv8IrMPw/mqdefault_live.jpg
00c158176a504c9bb865b32276e79eb1,upcoming,【 點歌歌回#12 】中秋秋秋，今天唱歌，也可以點歌!【Silvia Clione _ 瑟薇亞】,2026-09-27T12:30:00Z,https://www.youtube.com/watch?v=64dYhJAS-E0,https://i.ytimg.com/vi/64dYhJAS-E0/mqdefault_live.jpg
645fc774332a469ebd03f1a822ebe2be,upcoming,【會員限定】20%機率是生日前最後一次歌數… 2026年7月會員點歌(下) ♪【紡霊拉比】,2026-09-27T13:00:00Z,https://www.youtube.com/watch?v=W51ULIpUyVQ,https://i.ytimg.com/vi/W51ULIpUyVQ/mqdefault_live.jpg
9eb1907910c148d980f8b8c0c84f4d26,upcoming,【初配信】09/27 療癒魔法!啟動!  |香草Vanilla🦦 #初見歓迎,2026-09-27T13:00:00Z,https://www.youtube.com/watch?v=Tu349H4LknU,https://i.ytimg.com/vi/Tu349H4LknU/mqdefault_live.jpg
9b37ec730a37424799c01f1bb2fa829c,upcoming,畫畫雜談 | *主題還沒決定*👽 #馬來西亞vtuber #新人vtuber,2026-09-27T13:00:00Z,https://www.youtube.com/watch?v=T6YSBhQ7Yz8,https://i.ytimg.com/vi/T6YSBhQ7Yz8/mqdefault_live.jpg
5f0afd7885894861925e7030c096297e,upcoming,【伊莫】晉級初級冒險者就可自選稀有虹彩伊莫！？千萬別錯過！ #伊莫 #MEPay魔儲【柴豆古琳】遊戲直播,2026-09-27T13:00:00Z,https://www.youtube.com/watch?v=oowWGdww_WA,https://i.ytimg.com/vi/oowWGdww_WA/mqdefault_live.jpg
60da3bb357d64f998006b8ca3043fd00,upcoming,【Moo who? 】久違連動!💤|古古.歐拉拉🐨|,2026-09-27T13:00:00Z,https://www.youtube.com/watch?v=nTEzg0BnBDc,https://i.ytimg.com/vi/nTEzg0BnBDc/mqdefault_live.jpg
d792696470b54bd4947a59b10759a636,upcoming,【歌回】好久沒唱歌哩！究竟店長我有沒有學到新歌呢！？【五斂子】,2026-09-27T13:00:00Z,https://www.youtube.com/watch?v=eY25EHD47YE,https://i.ytimg.com/vi/eY25EHD47YE/mqdefault_live.jpg
0554e298ab8041c19ce07bf0b2c315a0,upcoming,【一周年紀念配信】感謝大家跟我一起度過了這段時間  #尋迴展出  #初見歓迎,2026-09-27T13:00:00Z,https://www.youtube.com/watch?v=XCCP7OehDcM,https://i.ytimg.com/vi/XCCP7OehDcM/mqdefault_live.jpg
35b7bd4f6fcb4fbfb3ebe83be100d9a0,upcoming,〖 オンライン線香花火 〗在夏日的尾聲⋯今年の夏は今年だけやからね⋆˙⟡〖#絡屋イト/#Vtuber〗,2026-09-27T13:00:00Z,https://www.youtube.com/watch?v=GUana6dNj6I,https://i.ytimg.com/vi/GUana6dNj6I/mqdefault_live.jpg
aa1bb853e814428eb663082b28309309,upcoming,【雜談】重要雜談｜有一些小小的改變要跟你們說！沒有告知也沒有重大好嘛！！！ #楔在進行式 #初見歡迎 #歡迎降落,2026-09-27T13:00:00Z,https://www.youtube.com/watch?v=Ub3y3H6RQgE,https://i.ytimg.com/vi/Ub3y3H6RQgE/mqdefault_live.jpg
d9b8f1ac9c93423fa62e8073a8173d30,upcoming,今天我生日🔋來畫封面，不畫完不下播⚡歡迎跟我說聲生日快樂，歡迎降落歡迎初見⚡,2026-09-27T13:00:00Z,https://www.youtube.com/watch?v=fZ3_BzP_8ns,https://i.ytimg.com/vi/fZ3_BzP_8ns/mqdefault_live.jpg
62b58adde13f4a73ab406f857d730e20,upcoming,【Pokémon Champions】對戰觀眾場 歡迎加入 #初見歡迎,2026-09-27T13:00:05Z,https://www.youtube.com/watch?v=Hvh8LUlWepE,https://i.ytimg.com/vi/Hvh8LUlWepE/mqdefault_live.jpg
e14d4aac184c4ccdba6f2a9718cfea62,upcoming,【#2026清歌踏月】海與月與永恆的藍 | 🌙鯨諾whalefall🐋 | #whalefall #鯨諾,2026-09-27T13:30:00Z,https://www.youtube.com/watch?v=c7GLUCh9AoM,https://i.ytimg.com/vi/c7GLUCh9AoM/mqdefault_live.jpg
aaa45dc386714427ba862f691d4471ac,upcoming,【#絢音彩歌】用歌聲為你的世界填滿色彩～聲音渲染的秋日調色盤！30分鐘接力歌回 | 波‧路譜 Pool Loop,2026-09-27T13:30:00Z,https://www.youtube.com/watch?v=12DGpP27HOk,https://i.ytimg.com/vi/12DGpP27HOk/mqdefault_live.jpg
57903e09a68f4997b7c4bc356cd5e64d,upcoming,【#2026清歌踏月】中秋人團圓，福寶變圓圓🧡｜福栗 Fukuri｜VerseLink,2026-09-27T14:00:00Z,https://www.youtube.com/watch?v=oQvYwDbY5lQ,https://i.ytimg.com/vi/oQvYwDbY5lQ/mqdefault_live.jpg
7c5232b16a1d44498677ed33e72bd8c6,upcoming,【🌙深夜醍talk】請問要跟我聊天一下嗎？｜醍醐御梨花 Daigo Orika,2026-09-27T14:00:00Z,https://www.youtube.com/watch?v=uf7oIFXc_ds,https://i.ytimg.com/vi/uf7oIFXc_ds/mqdefault_live.jpg
8f7fdc3104f541539132c122eeab6801,upcoming,【遊戲】今天也要把敵人定在原地！大亂鬥開打~  #颯葻而至 #初見歡迎 #歡迎降落,2026-09-27T14:00:00Z,https://www.youtube.com/watch?v=pn50BAofuzU,https://i.ytimg.com/vi/pn50BAofuzU/mqdefault_live.jpg
9eb1907910c148d980f8b8c0c84f4d26,upcoming,【哄睡故事台】09/27 第一次說故事~ |香草Vanilla🦦,2026-09-27T14:30:00Z,https://www.youtube.com/watch?v=X1nvjt-3mQE,https://i.ytimg.com/vi/X1nvjt-3mQE/mqdefault_live.jpg
c5fe413a473d4638b53fb3f9019aabbe,upcoming,【#2026清歌踏月】今年月圓圓 ♦︎ #singing #chatting stream.,2026-09-27T14:30:00Z,https://www.youtube.com/watch?v=d949FZhJdOw,https://i.ytimg.com/vi/d949FZhJdOw/mqdefault_live.jpg
76d68171666847cc913328359037139c,upcoming,【ASMR雜談】全肯定 來跟優娜發洩你的心事吧！優娜最近焦慮MAX... #初見歡迎 #歡迎降落 #掏耳 #按摩 #耳語,2026-09-27T14:30:00Z,https://www.youtube.com/watch?v=BVhqA9wreOA,https://i.ytimg.com/vi/BVhqA9wreOA/mqdefault_live.jpg
891c39f050e048aebafaafc90a1c4cbd,upcoming,【For Stella】｜一段建立在「無法理解」上的愛情｜或許很少人看但我還是想玩下去 | 帕可帕米Pami #降落歡迎 #中文vtuber,2026-09-27T14:45:00Z,https://www.youtube.com/watch?v=0TEUVbmdras,https://i.ytimg.com/vi/0TEUVbmdras/mqdefault_live.jpg
d5fdf5fc55d14476908e416e6d43c121,upcoming,【深夜哄睡】當夜晚沉澱下來，世界終於安靜時，心裡那塊柔軟的地方，總會不經意地被觸動。想起生活、想起某個人，也想起那個被自己忽略很久的自己。❄️雜談／雑談／Free Talking【雪之下織雪／芥川組】,2026-09-27T15:00:00Z,https://www.youtube.com/watch?v=dd7Q5Dny6Rw,https://i.ytimg.com/vi/dd7Q5Dny6Rw/mqdefault_live.jpg
1ac97b8deb08470dafc128557532dd52,upcoming,【#2026清歌踏月】晚安吃烤肉！｜波可莉絲 Pokeris,2026-09-27T15:00:00Z,https://www.youtube.com/watch?v=TacxbjIYH8Y,https://i.ytimg.com/vi/TacxbjIYH8Y/mqdefault_live.jpg
e069724ddab54dd690d6c3425574effd,upcoming,【上完課的陪伴雜談】腦袋已經不想動了，只想陪你們聊聊天💭｜Let's Just Take It Easy #賣勾萊拉,2026-09-27T15:00:00Z,https://www.youtube.com/watch?v=UDx5jBkgo9M,https://i.ytimg.com/vi/UDx5jBkgo9M/mqdefault_live.jpg
f6a8c59d8b8d4e009d4e147ec268cd73,upcoming,"〖LIVE情報9/27〗"" ARAWAZA GALAXIVE ""  Vol.2 チケット発売中🎟️〖#Ellise /vtuber〗",2026-09-27T15:00:00Z,https://www.youtube.com/watch?v=t-GJXi1S-04,https://i.ytimg.com/vi/t-GJXi1S-04/mqdefault_live.jpg
2d6886120def4c148c70514433d77e1e,upcoming,【歌回】週末深夜歌回🌸有誰還睡不著的？一起放鬆聽歌吧~【伴睡歌回 155｜Vtuber｜Singing Stream】 #ACGlive #綾音Ring,2026-09-27T15:00:00Z,https://www.youtube.com/watch?v=08Q1YHhGR8o,https://i.ytimg.com/vi/08Q1YHhGR8o/mqdefault_live.jpg
1eec022f916a46b58f5124936afdabe3,upcoming,【#2026清歌踏月】To Infinity & Beyond🎧矮袋鼠帶你上月球 ｜ 珂卡 Quokka Wang💖,2026-09-27T15:30:00Z,https://www.youtube.com/watch?v=kvX7b0IYLpM,https://i.ytimg.com/vi/kvX7b0IYLpM/mqdefault_live.jpg
dc9cd2bc942d427d8cc73370d1194f9e,upcoming,【2026/9/21~9/27 週表】準備迎接中秋連假~,2026-09-27T15:59:00Z,https://www.youtube.com/watch?v=wLB7JhxgZdY,https://i.ytimg.com/vi/wLB7JhxgZdY/mqdefault_live.jpg
b7f222493f4d4bd1be65f1c08300b45e,upcoming,【#2026清歌踏月 】Pick Up! 投稿專場（2024年出道）🎶一起聆聽花開的聲音吧！【#紗羅Live】,2026-09-27T16:00:00Z,https://www.youtube.com/watch?v=i3ESfbSeL90,https://i.ytimg.com/vi/i3ESfbSeL90/mqdefault_live.jpg
626750f4e7a745619c171c44fb1efcc0,upcoming,【ASMR】深入交流 邊掏耳邊聊天 雪學姊的療癒時間 3DIO XLR ASMR/睡眠導入/耳マッサージ【天使Vtuber小雪Yukichan】 #直播  !簽到 #圖書館休假,2026-09-27T16:00:00Z,https://www.youtube.com/watch?v=8C5K6PLpsA0,https://i.ytimg.com/vi/8C5K6PLpsA0/mqdefault_live.jpg
0554e298ab8041c19ce07bf0b2c315a0,upcoming,【立旗挑戰🚩】即日起至9/28！ #尋迴展出  #初見歓迎,2026-09-27T17:35:00Z,https://www.youtube.com/watch?v=25JfAeZslAk,https://i.ytimg.com/vi/25JfAeZslAk/mqdefault_live.jpg
b7f222493f4d4bd1be65f1c08300b45e,upcoming,【#2026清歌踏月 】Pick Up! 投稿專場（2023年出道）🎶在歲月的積累下已結出豐碩的果實！【#紗羅Live】,2026-09-28T11:00:00Z,https://www.youtube.com/watch?v=UR2xODm4NmY,https://i.ytimg.com/vi/UR2xODm4NmY/mqdefault_live.jpg
3a4fe2f4720747ceabc87b3327ab2b17,upcoming,【不小心愛上你】 ∥ 【Cover】Ft. JOKO ‪@MAJOKOZ,2026-09-28T12:00:00Z,https://www.youtube.com/watch?v=Do_WaG1ymdY,https://i.ytimg.com/vi/Do_WaG1ymdY/mqdefault.jpg
2f607aefde1d4264814d4e9282dd5cb0,upcoming,【預告三｜糖突鬼轉】霹靂三顆糖 (?),2026-09-28T12:00:00Z,https://www.youtube.com/watch?v=-4T6Xs6hZhY,https://i.ytimg.com/vi/-4T6Xs6hZhY/mqdefault.jpg
1025a2d1ea674c649b1e7934895bd419,upcoming,【Licca Radio🎧音樂電台】一輩子大聲搖滾，連假最後一天還是要嗨 #初見歡迎【LiccaLive】,2026-09-28T12:00:00Z,https://www.youtube.com/watch?v=MEG9iJpYlzE,https://i.ytimg.com/vi/MEG9iJpYlzE/mqdefault_live.jpg
a168211aa3dd451cb33e09b80df0ea0a,upcoming,諾櫻 - ??? / 百人白首 #59,2026-09-28T12:00:00Z,https://www.youtube.com/watch?v=bZu2Kx57Yvs,https://i.ytimg.com/vi/bZu2Kx57Yvs/mqdefault.jpg
dbfaa5f3d01142df8a05c4946a0a22dc,upcoming,【 #asmr  】#3dio 海豹音ASMR｜海洋生物ASMR🦭 零距離吃魚🐟 初見歡迎 特技拍手／嗷嗷叫／咀嚼音／臭い囁き／吐息耳語／耳掻き／マッサージ／耳かき／耳朵按摩／囁き,2026-09-28T13:30:00Z,https://www.youtube.com/watch?v=ZCSNUM15aeY,https://i.ytimg.com/vi/ZCSNUM15aeY/mqdefault_live.jpg
018244f1ad404c9eaa4ddf747c3bafa0,upcoming,【軌道雙子星】體驗上還不錯，習慣後漸漸進入佳境！跟席蘿雙人太空冒險，風格致敬1980年代經典日本動畫！@席蘿shiro  (Switch2),2026-09-28T14:00:00Z,https://www.youtube.com/watch?v=xOK8Hs0-ohA,https://i.ytimg.com/vi/xOK8Hs0-ohA/mqdefault_live.jpg
43864254e678407fae3dc899f7155912,upcoming,【席蘿】EP.2 這是一場跨國合作！懷舊美術的遊戲風格，回到1980時代！軌道雙子星 ft. @仙杜波拉_Cinderpola,2026-09-28T14:00:00Z,https://www.youtube.com/watch?v=1yIefB_ATTg,https://i.ytimg.com/vi/1yIefB_ATTg/mqdefault_live.jpg
538d1d2058da4bdea1c7f43f088e995b,upcoming,初見歓迎＆繪圖雜談☀️繪過日子🎨繪畫新手初挑戰🔰記憶力考驗！你推薦中秋烤肉必吃食材🥩我負責憑印象畫出來💭這樣真的美味嗎...｜Procreate 004｜治癒系Vtuber ✟ 希蘿亞Siroya,2026-09-29T06:00:00Z,https://www.youtube.com/watch?v=E5a_itmrv08,https://i.ytimg.com/vi/E5a_itmrv08/mqdefault_live.jpg
2f607aefde1d4264814d4e9282dd5cb0,upcoming,『糖突鬼轉 Podcast 』 EP0 ｜一顆糖與兩個小夥伴或是與兩個老江湖?,2026-09-29T09:00:00Z,https://www.youtube.com/watch?v=j38tZLzfYiI,https://i.ytimg.com/vi/j38tZLzfYiI/mqdefault.jpg
d3ac18bfe0984394a6fe19319a36b412,upcoming,【Live2D Showcase】【？】 - [非官方  同人創作],2026-09-29T10:30:00Z,https://www.youtube.com/watch?v=amfMcJvQ1qo,https://i.ytimg.com/vi/amfMcJvQ1qo/mqdefault.jpg
36a96262405a4d4683db73d8403bf8b7,upcoming,精華｜畫都你在講，這麼正經的名畫怎麼能講成這樣！,2026-09-29T11:00:00Z,https://www.youtube.com/watch?v=CGR0umCKAFs,https://i.ytimg.com/vi/CGR0umCKAFs/mqdefault.jpg
7ebc0dc9fdf3442688ecd63bbdc30c51,upcoming,【體操武士 [1] ~ [11]／初見歡迎】當時有聽說很好看很ㄎㄧㄤ💥但薄巧沒看留著跟大家一起看得作品😳✨【薄荷巧克力🌱🍫】,2026-09-29T12:00:00Z,https://www.youtube.com/watch?v=R5T00m7sMv4,https://i.ytimg.com/vi/R5T00m7sMv4/mqdefault_live.jpg
8d113670c4514e5bb28823a756385528,upcoming,【生日紀念3D Live】祈跡 -The Miracle on Stage-｜祈Iruni​​​,2026-09-29T12:00:00Z,https://www.youtube.com/watch?v=MNwpsaWYw2Y,https://i.ytimg.com/vi/MNwpsaWYw2Y/mqdefault_live.jpg
a168211aa3dd451cb33e09b80df0ea0a,upcoming,十六月 - ??? / 百人白首 #60,2026-09-29T12:00:00Z,https://www.youtube.com/watch?v=1MGwG4DmHwc,https://i.ytimg.com/vi/1MGwG4DmHwc/mqdefault.jpg
443ba741722742d5b7d5f76c3e7b445b,upcoming,【#Vlog】実写注意📸 免費小熊貓 任摸貓貓 動物標本 活體毛毛球 🍡JP/HK/EN/ZH OK｜魅音モモキュ．毛毛球,2026-09-29T12:30:18Z,https://www.youtube.com/watch?v=poFPlMVTnCc,https://i.ytimg.com/vi/poFPlMVTnCc/mqdefault_live.jpg
2885972c2d0943e6b697bdc5e72c1d4a,upcoming,【會限🌈】日本人妻（一寶媽）忙翻天的連假生活🍵🍵_虹色芝麻包以上🌈  #vtuber #烈芝麻,2026-09-29T13:00:00Z,https://www.youtube.com/watch?v=rpFJknOv5cE,https://i.ytimg.com/vi/rpFJknOv5cE/mqdefault_live.jpg
14b8fa0f43664c31a5d634b20f9112d9,upcoming,【雜談臺】爹系主播喜歡嗎? 年紀大就年紀大還爹系?來聊聊VTuber自曝真實年齡新聞,2026-09-29T14:30:00Z,https://www.youtube.com/watch?v=sm1ektQoJe8,https://i.ytimg.com/vi/sm1ektQoJe8/mqdefault_live.jpg
1cfadb0d2e154a258c3177ff8264336f,upcoming,【MIMIC PARTY】我係配音界天花板！不服來辯😎 一齊黎配個音囉➚,2026-09-29T14:30:00Z,https://www.youtube.com/watch?v=MvWxE1DMbVA,https://i.ytimg.com/vi/MvWxE1DMbVA/mqdefault_live.jpg
d475848a566848dc9f6ad02707d87e2a,upcoming,【Viewfinder】影相我強項，解謎都係我強項【HKVTuber/Ding】,2026-09-30T09:00:00Z,https://www.youtube.com/watch?v=eQf4mEucmG4,https://i.ytimg.com/vi/eQf4mEucmG4/mqdefault_live.jpg
d0390d1ee4c744cba3ac19af6ae16171,upcoming,【初配信】歡迎來到樹舍，我是管理人希綠🌿【希綠 Shilüe】#晨希綠光 #樹舍開放中,2026-09-30T12:00:00Z,https://www.youtube.com/watch?v=r1y14I_58r8,https://i.ytimg.com/vi/r1y14I_58r8/mqdefault_live.jpg
a168211aa3dd451cb33e09b80df0ea0a,upcoming,幽李鈴 - ??? / 百人白首 #61,2026-09-30T12:00:00Z,https://www.youtube.com/watch?v=zbOsJbnkhyk,https://i.ytimg.com/vi/zbOsJbnkhyk/mqdefault.jpg
1c304e8690e2400d9482f1173f59ad70,upcoming,【3D(?)初披露】來挑戰做觀衆指定的動作！,2026-09-30T12:00:00Z,https://www.youtube.com/watch?v=CfcP56FCm-Y,https://i.ytimg.com/vi/CfcP56FCm-Y/mqdefault_live.jpg
a2ee4a74f9ca40f5b6218de51736b9c8,upcoming,【香味狩獵・#01】順著氣味，找一個想不起來的地方,2026-09-30T13:00:00Z,https://www.youtube.com/watch?v=IyMdsCCFetA,https://i.ytimg.com/vi/IyMdsCCFetA/mqdefault_live.jpg
6eec62ae2c9849de8ca895cef44ec952,upcoming,每週運動🦑一起運動換肉肉｜第五週｜魷魷Yuyu #揮汗有禮,2026-09-30T13:00:00Z,https://www.youtube.com/watch?v=rSnCo4XAFiQ,https://i.ytimg.com/vi/rSnCo4XAFiQ/mqdefault_live.jpg
b5b0001ea8594cd68567ef344ca0bb2e,upcoming,【#ASMR】我這一生....你說我能成為一名美髮師嗎？（剪髮、 梳頭、洗頭）｜雜談｜觸發音｜哄睡 🍙💜【ReiMu*】,2026-09-30T13:30:00Z,https://www.youtube.com/watch?v=ug2AJH33tOs,https://i.ytimg.com/vi/ug2AJH33tOs/mqdefault_live.jpg
bac1f0b8e8d149d4a48cfd30d7d7ad74,upcoming,【心事留座#9】傾聽想分享的事情！不定期投稿直播(初次嘗試一下！)！【陳凱婷】,2026-09-30T13:30:00Z,https://www.youtube.com/watch?v=1ssU1KWBO74,https://i.ytimg.com/vi/1ssU1KWBO74/mqdefault_live.jpg
4d0cbf91a5cb4524862207c5d406d98c,upcoming,戲文說 / 瑟思安Cesium〖Cover〗,2026-09-30T15:00:00Z,https://www.youtube.com/watch?v=ugfEzc8ZfCk,https://i.ytimg.com/vi/ugfEzc8ZfCk/mqdefault.jpg
365db081229a4efeb4630f19587a96b2,upcoming,【#ASMR】見習魅魔の初次測驗❤️全都只能屬於我一個人【2階會限】,2026-09-30T15:59:17Z,https://www.youtube.com/watch?v=0_d8LsDKPwY,https://i.ytimg.com/vi/0_d8LsDKPwY/mqdefault_live.jpg
365db081229a4efeb4630f19587a96b2,upcoming,【#ASMR】見習魅魔 下集：專屬契約・雙重奉獻與極致榨乾♡【3階會限】,2026-09-30T15:59:17Z,https://www.youtube.com/watch?v=x2C06SaF1ZQ,https://i.ytimg.com/vi/x2C06SaF1ZQ/mqdefault_live.jpg
93cd49107c8c46d0b6b185c382900d1e,upcoming,【生日企劃】謎樣中之人要做的是什麼,2026-09-30T16:00:00Z,https://www.youtube.com/watch?v=m46ZQL1Udg4,https://i.ytimg.com/vi/m46ZQL1Udg4/mqdefault_live.jpg
4dd71b1079284bdb8ba90198317e524d,upcoming,【Fire Emblem: Fortune's Weave 】火紋 聖火降魔錄 萬縷千絲 EP9 迪托利希線 Dietrich,2026-10-01T02:30:00Z,https://www.youtube.com/watch?v=-872uy4eI5I,https://i.ytimg.com/vi/-872uy4eI5I/mqdefault_live.jpg
42b8bd7bed2a4ddd930cfd223657e9ca,upcoming,我要努力做事，最晚10/1會回來玩真三國無雙二猛將傳，等我,2026-10-01T07:00:00Z,https://www.youtube.com/watch?v=3qG7rlI3ZXg,https://i.ytimg.com/vi/3qG7rlI3ZXg/mqdefault_live.jpg
fe8ee7b57ae74a1388127b81b136c7ea,upcoming,【弾き語り練習】這是一個雜談台、不要期待什麼ww 柚醬快五年沒有碰過琴了 | 柚月Yuzuki,2026-10-01T09:00:00Z,https://www.youtube.com/watch?v=qgDMIbURmlk,https://i.ytimg.com/vi/qgDMIbURmlk/mqdefault_live.jpg
a168211aa3dd451cb33e09b80df0ea0a,upcoming,晚晚 - ??? / 百人白首 #62,2026-10-01T12:00:00Z,https://www.youtube.com/watch?v=OYB4DxYjh-I,https://i.ytimg.com/vi/OYB4DxYjh-I/mqdefault.jpg
4b6655120fbd4431a8f7894cac4a4d49,upcoming,微劇情ASMR｜女上司的秘密獎勵♡ 超絕舔耳直擊顱內【KU100｜無廣告】,2026-10-01T15:00:00Z,https://www.youtube.com/watch?v=JlodaRwOjIo,https://i.ytimg.com/vi/JlodaRwOjIo/mqdefault_live.jpg
d5fdf5fc55d14476908e416e6d43c121,upcoming,【ASMR】怎麼又哭鼻子過來了？來～讓姊姊好好陪你喝一杯，聽你慢慢說你的心事🍷❄️耳語／囁き／可微互動情境／人聲／氣泡【雪之下織雪／芥川組】,2026-10-01T15:00:00Z,https://www.youtube.com/watch?v=WKv3xlu_2Mw,https://i.ytimg.com/vi/WKv3xlu_2Mw/mqdefault_live.jpg
e069724ddab54dd690d6c3425574effd,upcoming,【儒鼎生醫工商】聯名只到9/30 最賺價格要買要快喔!,2026-10-01T15:45:00Z,https://www.youtube.com/watch?v=plfPrP44duw,https://i.ytimg.com/vi/plfPrP44duw/mqdefault_live.jpg
4dd71b1079284bdb8ba90198317e524d,upcoming,【Fire Emblem: Fortune's Weave 】火紋 聖火降魔錄 萬縷千絲 EP10 迪托利希線 Dietrich,2026-10-02T10:30:00Z,https://www.youtube.com/watch?v=ejeeRfSC9u4,https://i.ytimg.com/vi/ejeeRfSC9u4/mqdefault_live.jpg
1357f282a9f04f6cbe3e215a0bd20482,upcoming,【抱抱柯G腿】115年度上學期💞高一數學第一次段考💯數與式♾️三校段考考古題總整理🤩,2026-10-02T11:00:00Z,https://www.youtube.com/watch?v=9q2rOdmVMMc,https://i.ytimg.com/vi/9q2rOdmVMMc/mqdefault_live.jpg
a168211aa3dd451cb33e09b80df0ea0a,upcoming,慕晴 - ??? / 百人白首 #63,2026-10-02T12:00:00Z,https://www.youtube.com/watch?v=955mwMGG27M,https://i.ytimg.com/vi/955mwMGG27M/mqdefault.jpg
0fbdfcc1b9cf41fdb840cf2f546d9324,upcoming,【告別回憶4】【耐久】EP.5一起體驗奇幻世界吧！ 野乃原葉夜,2026-10-02T12:00:00Z,https://www.youtube.com/watch?v=koR-B22KJM0,https://i.ytimg.com/vi/koR-B22KJM0/mqdefault_live.jpg
93bad1d4b0c54c8781e3775d13a62c38,upcoming,【酒雜】AI難道又要借酒裝瘋了嗎🥴一杯一杯再一杯🍷｜AI發瘋警告,2026-10-02T13:00:00Z,https://www.youtube.com/watch?v=ThMIwaN_96Q,https://i.ytimg.com/vi/ThMIwaN_96Q/mqdefault_live.jpg
0fbdfcc1b9cf41fdb840cf2f546d9324,upcoming,【告別回憶4】【耐久】EP.6 祈禱我們的未來 陵祈,2026-10-03T06:00:00Z,https://www.youtube.com/watch?v=xOphnmITc88,https://i.ytimg.com/vi/xOphnmITc88/mqdefault_live.jpg
1357f282a9f04f6cbe3e215a0bd20482,upcoming,【抱抱柯G腿】115年度上學期💞高二數A第一次段考💯三角函數♾️三校段考考古題總整理🤩,2026-10-03T11:00:00Z,https://www.youtube.com/watch?v=RlV06rIxqk0,https://i.ytimg.com/vi/RlV06rIxqk0/mqdefault_live.jpg
dfc411c6b5d24d97b944f527ddfd2f0b,upcoming,【喵窩報報】10月喵窩報報-萬聖節變裝派對開獎！ |DNAxCAT,2026-10-03T12:00:00Z,https://www.youtube.com/watch?v=svRHgSySuho,https://i.ytimg.com/vi/svRHgSySuho/mqdefault_live.jpg
6f9d63518a69442a88ac602a3b37bf18,upcoming,10/3 宮氏海水浴場三週年慶祝！繪畫大賽結果揭曉！,2026-10-03T12:00:00Z,https://www.youtube.com/watch?v=qNYbIDSw6qo,https://i.ytimg.com/vi/qNYbIDSw6qo/mqdefault_live.jpg
a168211aa3dd451cb33e09b80df0ea0a,upcoming,菲兒琉卡 - ??? / 百人白首 #64,2026-10-03T12:00:00Z,https://www.youtube.com/watch?v=HnQ8V4XfJgw,https://i.ytimg.com/vi/HnQ8V4XfJgw/mqdefault.jpg
0fbdfcc1b9cf41fdb840cf2f546d9324,upcoming,【告別回憶4】【耐久】EP.7 after story,2026-10-03T12:00:00Z,https://www.youtube.com/watch?v=5OX8czDnneY,https://i.ytimg.com/vi/5OX8czDnneY/mqdefault_live.jpg
66ab3e28c90a428bb98100cd9119a4e9,upcoming,🎮 DST｜DAY 661 ~ DAY XXX｜ 33th with 餓餓六遛,2026-10-03T13:00:00Z,https://www.youtube.com/watch?v=QSCQNvqelWs,https://i.ytimg.com/vi/QSCQNvqelWs/mqdefault_live.jpg
483a76d7ad1d464aa290606959ddddec,upcoming,"【空洞騎士 Silksong🧵#1】系列初見！已經偷偷玩了一下,感覺不太難",2026-10-03T13:00:00Z,https://www.youtube.com/watch?v=FxCG8o6Ve0A,https://i.ytimg.com/vi/FxCG8o6Ve0A/mqdefault_live.jpg
0fbdfcc1b9cf41fdb840cf2f546d9324,upcoming,【告別回憶4】【耐久】EP.8 cg與音樂純鑑賞,2026-10-03T15:45:00Z,https://www.youtube.com/watch?v=3fZeYFENtu8,https://i.ytimg.com/vi/3fZeYFENtu8/mqdefault_live.jpg
14d83faa414c415097d577d2da9636ce,upcoming,【 #大好きキラリ歌枠リレー】あなたの心に、きらりを届ける🎀🪽【 #萌留みみん 】,2026-10-04T05:00:00Z,https://www.youtube.com/watch?v=daH5EPxEP3Q,https://i.ytimg.com/vi/daH5EPxEP3Q/mqdefault_live.jpg
a052e4ff345b41919ab0f13a5b10ff02,upcoming,【鬱兔】第六屆職業小說家點評活動Part２，拿出你的自信之作吧！#台V #小說投稿 #寫作技巧,2026-10-04T11:00:00Z,https://www.youtube.com/watch?v=ySN-Yg-tP8k,https://i.ytimg.com/vi/ySN-Yg-tP8k/mqdefault_live.jpg
c6d0078f1d5e4fd08a459c7eecd85464,upcoming,【世界的一角】《世界心聲》企劃說明會✨ft. ⁨@世界的一角虛擬廣播網  ｜白音的企劃案 #初見歡迎 #降落歡迎 #初見さん大歓迎,2026-10-04T12:00:00Z,https://www.youtube.com/watch?v=X1Qg_Tj8YkQ,https://i.ytimg.com/vi/X1Qg_Tj8YkQ/mqdefault_live.jpg
247215e876d24dae9932464b75fc577c,upcoming,【高維爾 X 雪坊精品優格】9/20 ~ 10/4 線上團購優惠 與 雪坊仁愛門市實體打卡點 皆有活動贈品 | 高維爾吃優格 #台灣Vtuber,2026-10-04T12:00:00Z,https://www.youtube.com/watch?v=0WdLd6t9Y2Y,https://i.ytimg.com/vi/0WdLd6t9Y2Y/mqdefault_live.jpg
a168211aa3dd451cb33e09b80df0ea0a,upcoming,蜜提妮雅 - ??? / 百人白首 #65,2026-10-04T12:00:00Z,https://www.youtube.com/watch?v=J6u5-ptRHWo,https://i.ytimg.com/vi/J6u5-ptRHWo/mqdefault.jpg
a168211aa3dd451cb33e09b80df0ea0a,upcoming,DIKA豚足姬 - ??? / 百人白首 #66,2026-10-05T12:00:00Z,https://www.youtube.com/watch?v=DWqrS_oo5D0,https://i.ytimg.com/vi/DWqrS_oo5D0/mqdefault.jpg
0fbdfcc1b9cf41fdb840cf2f546d9324,upcoming,【魔法少女的魔女審判】ep5. 晚上繼續努力解謎,2026-10-05T13:00:00Z,https://www.youtube.com/watch?v=nMFyHxliM64,https://i.ytimg.com/vi/nMFyHxliM64/mqdefault_live.jpg
0fbdfcc1b9cf41fdb840cf2f546d9324,upcoming,【多洛可小鎮】美好的晚上好好地農資源時間！,2026-10-06T13:00:00Z,https://www.youtube.com/watch?v=FEBBsKhkvOg,https://i.ytimg.com/vi/FEBBsKhkvOg/mqdefault_live.jpg
0ede84dfc1ff426cb42643d7390d2937,upcoming,"【深夜食糖】🏃未老先衰vtuber做運動了 ｜ 降落,掛台,初見大歡迎！Donut Play Ring Fit Adventure【糖ナツ】",2026-10-06T14:00:00Z,https://www.youtube.com/watch?v=RvrxaNiIcAQ,https://i.ytimg.com/vi/RvrxaNiIcAQ/mqdefault_live.jpg
0fbdfcc1b9cf41fdb840cf2f546d9324,upcoming,【蔚藍月下】ep.5,2026-10-06T14:00:00Z,https://www.youtube.com/watch?v=jXvS_9tgRFY,https://i.ytimg.com/vi/jXvS_9tgRFY/mqdefault_live.jpg
d5fdf5fc55d14476908e416e6d43c121,upcoming,【深夜食堂】來做外酥內Q的韓國奶油年糕給雪炭們當消夜囉ヽ(●´∀`●)ﾉ❄️❗注意鏡頭露手❗【雪之下織雪／芥川組】,2026-10-06T15:00:00Z,https://www.youtube.com/watch?v=x8IZ1tz5lmA,https://i.ytimg.com/vi/x8IZ1tz5lmA/mqdefault_live.jpg
a168211aa3dd451cb33e09b80df0ea0a,upcoming,祈菈‧貝希毛絲 - ??? / 百人白首 #68,2026-10-07T12:00:00Z,https://www.youtube.com/watch?v=MBPU4nr8Kdo,https://i.ytimg.com/vi/MBPU4nr8Kdo/mqdefault.jpg
a168211aa3dd451cb33e09b80df0ea0a,upcoming,花咲 - ??? / 百人白首 #69,2026-10-08T12:00:00Z,https://www.youtube.com/watch?v=0UkImeilGcs,https://i.ytimg.com/vi/0UkImeilGcs/mqdefault.jpg
a168211aa3dd451cb33e09b80df0ea0a,upcoming,西西莉 - ??? / 百人白首 #70,2026-10-09T12:00:00Z,https://www.youtube.com/watch?v=_tnDD65uJCg,https://i.ytimg.com/vi/_tnDD65uJCg/mqdefault.jpg
443ba741722742d5b7d5f76c3e7b445b,upcoming,【2026年秋 動漫 日劇】🍡JP/HK/EN/ZH OK｜魅音モモキュ．毛毛球,2026-10-09T12:30:26Z,https://www.youtube.com/watch?v=-pn9ssMRfBM,https://i.ytimg.com/vi/-pn9ssMRfBM/mqdefault_live.jpg
a168211aa3dd451cb33e09b80df0ea0a,upcoming,宮森えりな - ??? / 百人白首 #71,2026-10-10T12:00:00Z,https://www.youtube.com/watch?v=6NbJQg-SB08,https://i.ytimg.com/vi/6NbJQg-SB08/mqdefault.jpg
78f09e2a2d31477aa4a475ff159fb7c2,upcoming,【回歸直播】主播消失的這段時間去幹嘛了？ | 回歸雜談 ✧ 幽燼Yujin,2026-10-11T12:00:00Z,https://www.youtube.com/watch?v=UoRHeZjRQTM,https://i.ytimg.com/vi/UoRHeZjRQTM/mqdefault_live.jpg
a168211aa3dd451cb33e09b80df0ea0a,upcoming,惑莉 - ??? / 百人白首 #72,2026-10-11T12:00:00Z,https://www.youtube.com/watch?v=3huPrveYvxs,https://i.ytimg.com/vi/3huPrveYvxs/mqdefault.jpg
0fbdfcc1b9cf41fdb840cf2f546d9324,upcoming,【pokopia】第二十一天,2026-10-12T13:00:00Z,https://www.youtube.com/watch?v=lWNnUatPVxk,https://i.ytimg.com/vi/lWNnUatPVxk/mqdefault_live.jpg
a168211aa3dd451cb33e09b80df0ea0a,upcoming,波·路譜 - ??? / 百人白首 #74,2026-10-13T12:00:00Z,https://www.youtube.com/watch?v=NQEmYOmfQVY,https://i.ytimg.com/vi/NQEmYOmfQVY/mqdefault.jpg
a168211aa3dd451cb33e09b80df0ea0a,upcoming,望夜 - ??? / 百人白首 #75,2026-10-14T12:00:00Z,https://www.youtube.com/watch?v=2ZHJvCilBfY,https://i.ytimg.com/vi/2ZHJvCilBfY/mqdefault.jpg
a168211aa3dd451cb33e09b80df0ea0a,upcoming,藍玥 - ??? / 百人白首 #76,2026-10-15T12:00:00Z,https://www.youtube.com/watch?v=zKotMyG4W0o,https://i.ytimg.com/vi/zKotMyG4W0o/mqdefault.jpg
0fbdfcc1b9cf41fdb840cf2f546d9324,upcoming,【告別回憶4 again】【耐久】EP.1 果凜篇 秘物‧未來&秘物‧愛(上),2026-10-15T13:00:00Z,https://www.youtube.com/watch?v=zJoGsGLBZlw,https://i.ytimg.com/vi/zJoGsGLBZlw/mqdefault_live.jpg
2f80e2f83d254bbdbf48b9c8b3fca995,upcoming,୨୧ ꒰#2.0媛媛升級募資꒱,2026-10-15T15:45:00Z,https://www.youtube.com/watch?v=CTl_mgBdKIU,https://i.ytimg.com/vi/CTl_mgBdKIU/mqdefault_live.jpg
7b2d1d71057b4ac2a16109b980a99e28,upcoming,【生日台】 10.16生日慶祝回:新周邊發售｜貓宮結乃 yuno channel,2026-10-16T10:00:00Z,https://www.youtube.com/watch?v=X2hG1GZOZtw,https://i.ytimg.com/vi/X2hG1GZOZtw/mqdefault_live.jpg
a168211aa3dd451cb33e09b80df0ea0a,upcoming,Devilith Violustre - ??? / 百人白首 #77,2026-10-16T12:00:00Z,https://www.youtube.com/watch?v=9MeV12wRJ20,https://i.ytimg.com/vi/9MeV12wRJ20/mqdefault.jpg
4cebb92683d548089e998ec18a484930,upcoming,"【星露谷 聯動#10】好似有沙漠節 w/Chris, Koi, Rio【HKVtuber/迪妮雅・朱莉】",2026-10-16T13:00:00Z,https://www.youtube.com/watch?v=_4SE0_Cmc-8,https://i.ytimg.com/vi/_4SE0_Cmc-8/mqdefault_live.jpg
3bc36efc33ba4410be1d509a39074ceb,upcoming,"【3D初披露】TeRaź now here , Ready to start｜煦Hiyori、@SachiTeRaz、@実Hitomi、@雪Koyuki#序境Teraz3DSHOWCASE",2026-10-17T11:55:00Z,https://www.youtube.com/watch?v=8UEXo-2IfFI,https://i.ytimg.com/vi/8UEXo-2IfFI/mqdefault_live.jpg
a168211aa3dd451cb33e09b80df0ea0a,upcoming,量產型猫飼步歌貳貳機 - ??? / 百人白首 #78,2026-10-17T12:00:00Z,https://www.youtube.com/watch?v=8u_dNoEJ7Zs,https://i.ytimg.com/vi/8u_dNoEJ7Zs/mqdefault.jpg
a168211aa3dd451cb33e09b80df0ea0a,upcoming,羽芝扉扉 - ??? / 百人白首 #79,2026-10-18T12:00:00Z,https://www.youtube.com/watch?v=JSy8vx6j0Do,https://i.ytimg.com/vi/JSy8vx6j0Do/mqdefault.jpg
a168211aa3dd451cb33e09b80df0ea0a,upcoming,心 cocor0 - ??? / 百人白首 #80,2026-10-19T12:00:00Z,https://www.youtube.com/watch?v=NjWbKYAv7Xo,https://i.ytimg.com/vi/NjWbKYAv7Xo/mqdefault.jpg
0fbdfcc1b9cf41fdb840cf2f546d9324,upcoming,【pokopia】第二十二天,2026-10-19T15:00:00Z,https://www.youtube.com/watch?v=lXG1zL7jiP4,https://i.ytimg.com/vi/lXG1zL7jiP4/mqdefault_live.jpg
a168211aa3dd451cb33e09b80df0ea0a,upcoming,茶帽瑪緹 - ??? / 百人白首 #81,2026-10-20T12:00:00Z,https://www.youtube.com/watch?v=ogZCd5jqfyE,https://i.ytimg.com/vi/ogZCd5jqfyE/mqdefault.jpg
a168211aa3dd451cb33e09b80df0ea0a,upcoming,莓芊時戀 - ??? / 百人白首 #82,2026-10-21T12:00:00Z,https://www.youtube.com/watch?v=JTr9voSbDfc,https://i.ytimg.com/vi/JTr9voSbDfc/mqdefault.jpg
0ede84dfc1ff426cb42643d7390d2937,upcoming,"【🍽️家政烹飪科 】🍮 歐洲各地甜品小故事! Ft 德國科科長 艾芙蓮同學｜ 降落,掛台,初見大歡迎【Donut 糖納茲 / HK vtuber】#迎真創意學院",2026-10-22T13:00:00Z,https://www.youtube.com/watch?v=FxKT_3FtTVU,https://i.ytimg.com/vi/FxKT_3FtTVU/mqdefault_live.jpg
9a7b7c9c31da44aca5a68395a2e69488,upcoming,【無声透明Vtuber】ファイナルファンタジー レゾナンス #4 【バ美肉、バ美声不使用】,2026-10-23T12:00:00Z,https://www.youtube.com/watch?v=4OjbXUBV67s,https://i.ytimg.com/vi/4OjbXUBV67s/mqdefault_live.jpg
a168211aa3dd451cb33e09b80df0ea0a,upcoming,灯理 - ??? / 百人白首 #84,2026-10-23T12:00:00Z,https://www.youtube.com/watch?v=tCSUMqgx5xA,https://i.ytimg.com/vi/tCSUMqgx5xA/mqdefault.jpg
a168211aa3dd451cb33e09b80df0ea0a,upcoming,橘攸奈 - ??? / 百人白首 #85,2026-10-24T12:00:00Z,https://www.youtube.com/watch?v=KQI3EGvjGBU,https://i.ytimg.com/vi/KQI3EGvjGBU/mqdefault.jpg
a168211aa3dd451cb33e09b80df0ea0a,upcoming,萊菈•希格娜斯 - ??? / 百人白首 #86,2026-10-25T12:00:00Z,https://www.youtube.com/watch?v=gZUrVNCdKhk,https://i.ytimg.com/vi/gZUrVNCdKhk/mqdefault.jpg
a168211aa3dd451cb33e09b80df0ea0a,upcoming,雪迎 - ??? / 百人白首 #87,2026-10-26T12:00:00Z,https://www.youtube.com/watch?v=Razptzv6nGw,https://i.ytimg.com/vi/Razptzv6nGw/mqdefault.jpg
0fbdfcc1b9cf41fdb840cf2f546d9324,upcoming,【pokopia】第二十三天,2026-10-26T15:00:00Z,https://www.youtube.com/watch?v=IOzEOdYEj_w,https://i.ytimg.com/vi/IOzEOdYEj_w/mqdefault_live.jpg
a168211aa3dd451cb33e09b80df0ea0a,upcoming,芙蘿拉 - ??? / 百人白首 #88,2026-10-27T12:00:00Z,https://www.youtube.com/watch?v=WW9cBxk-TuA,https://i.ytimg.com/vi/WW9cBxk-TuA/mqdefault.jpg
a168211aa3dd451cb33e09b80df0ea0a,upcoming,劫羅 - ??? / 百人白首 #89,2026-10-28T12:00:00Z,https://www.youtube.com/watch?v=leaXkaukoAE,https://i.ytimg.com/vi/leaXkaukoAE/mqdefault.jpg
ef67b676c0334ef182151f473469c1f1,upcoming,｜灌腸｜灌軍衛生紙承諾兌現 🙂,2026-10-29T12:00:00Z,https://www.youtube.com/watch?v=THKfdBeKcus,https://i.ytimg.com/vi/THKfdBeKcus/mqdefault_live.jpg
a168211aa3dd451cb33e09b80df0ea0a,upcoming,角蓮 - ??? / 百人白首 #90,2026-10-29T12:00:00Z,https://www.youtube.com/watch?v=WEbpiHulxyk,https://i.ytimg.com/vi/WEbpiHulxyk/mqdefault.jpg
d5fdf5fc55d14476908e416e6d43c121,upcoming,【ASMR】不給糖就搗蛋，我來收我的戰利品囉♡❄️3DIO XLR／小惡魔／囁き／舔耳／脳舐め／耳舐め／無廣告／広告なし【雪之下織雪／芥川組】,2026-10-29T15:00:00Z,https://www.youtube.com/watch?v=M6omNhcyY-0,https://i.ytimg.com/vi/M6omNhcyY-0/mqdefault_live.jpg
a168211aa3dd451cb33e09b80df0ea0a,upcoming,有・柚実 - ??? / 百人白首 #91,2026-10-30T12:00:00Z,https://www.youtube.com/watch?v=YX3qaiumVCY,https://i.ytimg.com/vi/YX3qaiumVCY/mqdefault.jpg
52324c45fae74014bc603ae09d8d6136,upcoming,【T3會限聊天室】臉紅心跳💛資訊欄加入深度會員💛│緗靈XiangLing #新人vtuber,2026-10-30T13:30:00Z,https://www.youtube.com/watch?v=bm6GEgYUbuI,https://i.ytimg.com/vi/bm6GEgYUbuI/mqdefault_live.jpg
a168211aa3dd451cb33e09b80df0ea0a,upcoming,八上菟比 - ??? / 百人白首 #92,2026-10-31T12:00:00Z,https://www.youtube.com/watch?v=PHwyw-D3-tI,https://i.ytimg.com/vi/PHwyw-D3-tI/mqdefault.jpg
e92219319c904d17ad14a223a304f7b5,upcoming,【#特別企劃】不給糖就搗蛋! 小小幽專場 / 浮幽幽 FUU,2026-10-31T13:00:00Z,https://www.youtube.com/watch?v=R9RUMgQX6-Q,https://i.ytimg.com/vi/R9RUMgQX6-Q/mqdefault_live.jpg
004e635d5d494045a810b2d026e769c7,upcoming,姊弟鬩牆！掃描QR Code匿名棉花糖【棉花糖雜談】,2026-10-31T13:00:00Z,https://www.youtube.com/watch?v=daceDtwZ0CM,https://i.ytimg.com/vi/daceDtwZ0CM/mqdefault_live.jpg
483a76d7ad1d464aa290606959ddddec,upcoming,【新番雜談】2026.10月🍉FX久留美/藥師少女/尋找殭屍中,2026-10-31T13:00:00Z,https://www.youtube.com/watch?v=9DsYNWv0FNc,https://i.ytimg.com/vi/9DsYNWv0FNc/mqdefault_live.jpg
a168211aa3dd451cb33e09b80df0ea0a,upcoming,蕾·古露絲 - ??? / 百人白首 #93,2026-11-01T12:00:00Z,https://www.youtube.com/watch?v=kqbEHxVyuzU,https://i.ytimg.com/vi/kqbEHxVyuzU/mqdefault.jpg
8f0b41303e8a481689fe4309a565ecd3,upcoming,[ 遊戲 ] 爛砲兵手打上線，新手菜鳥好緊張 #初見歡迎💙,2026-11-02T12:00:00Z,https://www.youtube.com/watch?v=0spT_MXIbyU,https://i.ytimg.com/vi/0spT_MXIbyU/mqdefault_live.jpg
a168211aa3dd451cb33e09b80df0ea0a,upcoming,花咲小春 - ??? / 百人白首 #94,2026-11-02T12:00:00Z,https://www.youtube.com/watch?v=SGR8BW7GykY,https://i.ytimg.com/vi/SGR8BW7GykY/mqdefault.jpg
a168211aa3dd451cb33e09b80df0ea0a,upcoming,極彩天繪 - ??? / 百人白首 #95,2026-11-03T12:00:00Z,https://www.youtube.com/watch?v=TVDw5Uipsxg,https://i.ytimg.com/vi/TVDw5Uipsxg/mqdefault.jpg
a168211aa3dd451cb33e09b80df0ea0a,upcoming,優塔 - ??? / 百人白首 #96,2026-11-04T12:00:00Z,https://www.youtube.com/watch?v=VUn2zcgQeik,https://i.ytimg.com/vi/VUn2zcgQeik/mqdefault.jpg
9a7b7c9c31da44aca5a68395a2e69488,upcoming,【無声透明Vtuber】ゼルダの伝説 時のオカリナ #1 【バ美肉、バ美声不使用】,2026-11-04T15:00:00Z,https://www.youtube.com/watch?v=BO9xWMzbY34,https://i.ytimg.com/vi/BO9xWMzbY34/mqdefault_live.jpg
a168211aa3dd451cb33e09b80df0ea0a,upcoming,麵音白湯 - ??? / 百人白首 #97,2026-11-05T12:00:00Z,https://www.youtube.com/watch?v=5Cg4v_83LSs,https://i.ytimg.com/vi/5Cg4v_83LSs/mqdefault.jpg
0fbdfcc1b9cf41fdb840cf2f546d9324,upcoming,【プトリカ 1st.cut:The Reason She Must Perish】EP.3,2026-11-05T13:30:00Z,https://www.youtube.com/watch?v=-rxbMtkmHg8,https://i.ytimg.com/vi/-rxbMtkmHg8/mqdefault_live.jpg
0fbdfcc1b9cf41fdb840cf2f546d9324,upcoming,【紅眼露比】就耐久打完這遊戲試試看！,2026-11-06T13:00:00Z,https://www.youtube.com/watch?v=0FEHuq1o83A,https://i.ytimg.com/vi/0FEHuq1o83A/mqdefault_live.jpg
a168211aa3dd451cb33e09b80df0ea0a,upcoming,冬雲凜 - ??? / 百人白首 #99,2026-11-07T12:00:00Z,https://www.youtube.com/watch?v=qolUfRHSdNo,https://i.ytimg.com/vi/qolUfRHSdNo/mqdefault.jpg
7754dca48f524b938314a2b346772e4e,upcoming,🤍 週年新型態新衣裝募資企劃!! (09/19~11/30) 🤍,2026-11-30T07:30:00Z,https://www.youtube.com/watch?v=r1WJ0h5NXCI,https://i.ytimg.com/vi/r1WJ0h5NXCI/mqdefault_live.jpg
4576d781ddae45d59fc83c8d25385983,upcoming,⚰️09/21 - 09/27 週表💜這段感情只有我一個人在付出。,2026-12-01T08:50:00Z,https://www.youtube.com/watch?v=o9SfUhC42SI,https://i.ytimg.com/vi/o9SfUhC42SI/mqdefault_live.jpg
6873f5b9a88c42ba980878bbffb5682a,upcoming,今を掴め！,2026-12-03T13:00:00Z,https://www.youtube.com/watch?v=xVG2oOdCOFA,https://i.ytimg.com/vi/xVG2oOdCOFA/mqdefault_live.jpg
2885972c2d0943e6b697bdc5e72c1d4a,upcoming,【PR】✨👗2.0新衣裝公開紀念周邊👗✨ #vtuber #烈芝麻,2026-12-07T15:00:00Z,https://www.youtube.com/watch?v=Sv9uClzn8jo,https://i.ytimg.com/vi/Sv9uClzn8jo/mqdefault_live.jpg
788611c913b04d999011628637657bee,upcoming,ʙɪʀᴛʜᴅᴀʏ ꜱᴇᴛ．米婭週邊這邊買 ༘❀⋆,2026-12-31T12:00:00Z,https://www.youtube.com/watch?v=pcNWo7vxi4E,https://i.ytimg.com/vi/pcNWo7vxi4E/mqdefault_live.jpg
ea5ee3c6c8d24db78cdad9e18558f1c5,upcoming,周表,2026-12-31T14:30:00Z,https://www.youtube.com/watch?v=G3bcXctjwA4,https://i.ytimg.com/vi/G3bcXctjwA4/mqdefault_live.jpg
c3bec3f382754230b178f8278eb550fb,upcoming,【點進待機室 查看詳情 】看看誰又立旗..等你來拔啦..旗子時間: 2026.12.31 截止【優塔Jutta Ch.】 | 原創曲MV 熱播中 | #初見歡迎 #降落歡迎,2026-12-31T15:55:00Z,https://www.youtube.com/watch?v=xo8sJo3Wu1M,https://i.ytimg.com/vi/xo8sJo3Wu1M/mqdefault_live.jpg
7f4f30df30ec405bb0968c585b243fa5,upcoming,【3.0新衣裝募資】從心開始，百合綻放！一起把這朵百合，養到盛開吧！│#悠在這漓 │#花奈悠漓Yuuuri,2026-12-31T15:59:00Z,https://www.youtube.com/watch?v=RmOqALQkqmE,https://i.ytimg.com/vi/RmOqALQkqmE/mqdefault_live.jpg
8bc70fad02c8432d99056ebd5a8e2ae5,upcoming,【周表】雖然這周剩兩天...｜羽黑焰 Haguro｜SDS ​,2027-01-19T23:00:00Z,https://www.youtube.com/watch?v=EgOc3P2J240,https://i.ytimg.com/vi/EgOc3P2J240/mqdefault_live.jpg
9a7b7c9c31da44aca5a68395a2e69488,upcoming,【無声透明Vtuber】メトロイド ラヴェナス #1 【バ美肉、バ美声不使用】,2027-01-27T15:00:00Z,https://www.youtube.com/watch?v=8gc4LCxH_zI,https://i.ytimg.com/vi/8gc4LCxH_zI/mqdefault_live.jpg
c3bec3f382754230b178f8278eb550fb,upcoming,【最新活動】2.0全新形象募資中~!! 募資時間: 2026.07.15-2027.01.31,2027-01-31T15:45:00Z,https://www.youtube.com/watch?v=qIfbDnMXPq4,https://i.ytimg.com/vi/qIfbDnMXPq4/mqdefault_live.jpg
9a7b7c9c31da44aca5a68395a2e69488,upcoming,【無声透明Vtuber】朧村正怪奇譚 #1 【バ美肉、バ美声不使用】,2027-02-05T12:00:00Z,https://www.youtube.com/watch?v=mB74YpYqgHU,https://i.ytimg.com/vi/mB74YpYqgHU/mqdefault_live.jpg
943a063e5df041a08d7a304517e3b420,upcoming,【夜墨澪笙Reishou.Ch】✡直播周表✡9/21-9/27,2027-02-17T18:10:00Z,https://www.youtube.com/watch?v=Lu6iXNOgETc,https://i.ytimg.com/vi/Lu6iXNOgETc/mqdefault_live.jpg
9a7b7c9c31da44aca5a68395a2e69488,upcoming,【無声透明Vtuber】GUNDAM ROGUE ORBIT #1 【バ美肉、バ美声不使用】,2027-03-05T12:00:00Z,https://www.youtube.com/watch?v=ZbVpkli5N9w,https://i.ytimg.com/vi/ZbVpkli5N9w/mqdefault_live.jpg
a1608f0690584f07bf7aaf84ed9e4d8f,upcoming,【 九月直播預定 】,2027-03-14T16:00:00Z,https://www.youtube.com/watch?v=UIueTu45hcE,https://i.ytimg.com/vi/UIueTu45hcE/mqdefault_live.jpg
9a7b7c9c31da44aca5a68395a2e69488,upcoming,【無声透明Vtuber】FINAL FANTASY VII REVELATION #1 【バ美肉、バ美声不使用】,2027-04-07T12:00:00Z,https://www.youtube.com/watch?v=ZFW1MrOcNIg,https://i.ytimg.com/vi/ZFW1MrOcNIg/mqdefault_live.jpg
70d5f64a7e324d7584d7e5116d6dc5a2,upcoming,🔮音訊空間の聊天室🔮,2027-05-31T11:30:00Z,https://www.youtube.com/watch?v=7-pRKxtAX74,https://i.ytimg.com/vi/7-pRKxtAX74/mqdefault_live.jpg
c379e3f4f1eb41869ec465481b182e50,upcoming,2026/9/21 - 2026/9/27 牡蠣國週表🦪9/15調整更新,2027-06-08T17:55:53Z,https://www.youtube.com/watch?v=I72XDt3B-DI,https://i.ytimg.com/vi/I72XDt3B-DI/mqdefault_live.jpg
788611c913b04d999011628637657bee,upcoming,✨ ꜱᴜᴘᴘᴏʀᴛ ᴍɪᴀ ✨,2027-06-11T13:20:00Z,https://www.youtube.com/watch?v=H9ynXdguGO4,https://i.ytimg.com/vi/H9ynXdguGO4/mqdefault_live.jpg
e3451dd6f3c0444c888eb6f67704613a,upcoming,【頻道活動｜09月】每一次簽到與支持，都會留下我們相遇的痕跡 💛【#亞雪｜Ashe】簽到活動、抖內回饋、回憶紀錄,2027-06-19T12:00:00Z,https://www.youtube.com/watch?v=1yG4GbsLNH8,https://i.ytimg.com/vi/1yG4GbsLNH8/mqdefault_live.jpg
364f94fc7493453e9f53787ade8e35c6,upcoming,《周表》本台行程表～每周一三五日開台[台灣Vtuber],2027-06-26T04:00:00Z,https://www.youtube.com/watch?v=h_x2zOjdreY,https://i.ytimg.com/vi/h_x2zOjdreY/mqdefault_live.jpg
a5f7302f9f1a4fcdb2471c4bc52a05fb,upcoming,🖤三周年紀念周邊【海報、壓克力磚、行李吊牌、貓貓娃娃】等你帶回家ヽ(=^･ω･^=)丿賣場連結在說明欄 ϑɕ,2027-06-30T08:35:00Z,https://www.youtube.com/watch?v=qFrfISJhoVA,https://i.ytimg.com/vi/qFrfISJhoVA/mqdefault_live.jpg
ce4d344e37cd403cbb5325010144d393,upcoming,【周表】寒寒不可愛,2027-07-05T13:15:00Z,https://www.youtube.com/watch?v=UC7kGxC8rtg,https://i.ytimg.com/vi/UC7kGxC8rtg/mqdefault_live.jpg
fc7fa0c5a7604cc8a420ee89472fcac3,upcoming,【09/21～09/27周表🗓】,2027-07-08T16:00:00Z,https://www.youtube.com/watch?v=HzXjCzWk9Sc,https://i.ytimg.com/vi/HzXjCzWk9Sc/mqdefault_live.jpg
e343e3fdc52f47a7bd5dbd793ccf8916,upcoming,本週必看清單：精彩內容準時上線 ✨,2027-07-09T13:00:00Z,https://www.youtube.com/watch?v=-x364NYsrFI,https://i.ytimg.com/vi/-x364NYsrFI/mqdefault_live.jpg
8195d69546e3466c95f9d35ccb7c6c35,upcoming,9/14 ～ 9/20｜星期一希望歐氣滿滿,2027-07-14T16:35:00Z,https://www.youtube.com/watch?v=OfjJCehA3NE,https://i.ytimg.com/vi/OfjJCehA3NE/mqdefault_live.jpg
0b183e5c128246c0ad5cd5491e8b8c83,upcoming,〖圖奇Twitch〗 公告=最近在圖奇開台-連結在下方資訊欄 | 星羽戀雪Koyuki  #vtuber,2027-07-19T12:50:00Z,https://www.youtube.com/watch?v=5gtCNGCJ1gc,https://i.ytimg.com/vi/5gtCNGCJ1gc/mqdefault_live.jpg
78f09e2a2d31477aa4a475ff159fb7c2,upcoming,【休假公告】9月18日至10月10日暫停直播活動,2027-07-27T12:05:00Z,https://www.youtube.com/watch?v=fkAey7fsBk0,https://i.ytimg.com/vi/fkAey7fsBk0/mqdefault_live.jpg
0bf0ec441dc6489583f7218e02ab6a89,upcoming,❤️香草奈若八月月表✨FF47浪海數位攤位啟動✨填滿你寂寞的夜🌙溫暖溫暖你的心與身體...,2027-07-28T20:35:00Z,https://www.youtube.com/watch?v=t7Dw9PoTD9A,https://i.ytimg.com/vi/t7Dw9PoTD9A/mqdefault_live.jpg
5d00575c06d74f588238857d7dec1b02,upcoming,【妮卡沃爾 × 康定｜團購開跑！】,2027-08-03T06:45:00Z,https://www.youtube.com/watch?v=10mYrNZtEP0,https://i.ytimg.com/vi/10mYrNZtEP0/mqdefault_live.jpg
2717397c3d824350ace8ed9b6ba2f08f,upcoming,【蕾莎Resa】THIS WEEK｜看看週表+說說話的地方🍎📕,2027-08-03T12:00:00Z,https://www.youtube.com/watch?v=CVAoRQyWkRk,https://i.ytimg.com/vi/CVAoRQyWkRk/mqdefault_live.jpg
673abaca34d047b49b11d50214a9a463,upcoming,【週邊】一週年紀念週邊，限量是殘酷的，只剩少量現貨，還不收藏一波嗎ฅ●ω●ฅ  #陪伴 #朔時零 #Vtuber #週邊販賣 #立牌 #飯友 #徽章,2027-08-11T15:25:00Z,https://www.youtube.com/watch?v=5bx3puBAPn4,https://i.ytimg.com/vi/5bx3puBAPn4/mqdefault_live.jpg
4865c3feac234584909168181b7dc2be,upcoming,𝑒𝓂𝓅𝓉𝓎,2027-08-16T16:00:00Z,https://www.youtube.com/watch?v=vGa5y18GnIQ,https://i.ytimg.com/vi/vGa5y18GnIQ/mqdefault_live.jpg
c91c52df005e4a7c988704e474b54dbc,upcoming,【周表】8/24~8/30周表,2027-08-17T18:50:00Z,https://www.youtube.com/watch?v=D7J5IAIjzRw,https://i.ytimg.com/vi/D7J5IAIjzRw/mqdefault_live.jpg
0628f4d0fcbd4f0a980b64b3b1deeb74,upcoming,愛意隨風起 風止意難平 #周表 #Vtuber #台v #台灣vtuber,2027-08-23T14:00:00Z,https://www.youtube.com/watch?v=sPtv_wL1jG0,https://i.ytimg.com/vi/sPtv_wL1jG0/mqdefault_live.jpg
658e63bebdca421ca934b0bf6aa2bcd8,upcoming,(09/21~09/27)妲本周預定行程表ᕕ ( ᐛ ) ᕗ (理論每周一更新),2027-08-25T13:20:00Z,https://www.youtube.com/watch?v=vumBkaOiA-U,https://i.ytimg.com/vi/vumBkaOiA-U/mqdefault_live.jpg
f905195b653944cd9de4ab0b4e6cca58,upcoming,【本周周表】9/21-9/27 現在有娃娃預購喔,2027-08-30T12:30:00Z,https://www.youtube.com/watch?v=LY2XylA9d24,https://i.ytimg.com/vi/LY2XylA9d24/mqdefault_live.jpg
a5681ed32f994c57a107a0b9248fb228,upcoming,【娜個島觀看規則✦】｜✨觀看規則以及居民募集中✨ ｜詳細資訊在說明欄記得看清楚呦‼️,2027-09-03T23:55:00Z,https://www.youtube.com/watch?v=AiQ0QsWx-XM,https://i.ytimg.com/vi/AiQ0QsWx-XM/mqdefault_live.jpg
7a184a9a63cd425a9319691e20e3b148,upcoming,｡⋆｡˚ ʚɞ ˚｡⋆｡9/7 - 9/13,2027-09-09T13:00:00Z,https://www.youtube.com/watch?v=4F_yyUMrkRM,https://i.ytimg.com/vi/4F_yyUMrkRM/mqdefault_live.jpg
cd88de8b4bc84a71975df9afb42192b8,upcoming,【假日唱歌直播】假日就是要熬夜(X【歌枠/Singing stream】,2027-09-12T16:00:00Z,https://www.youtube.com/watch?v=DyOq9eIGWmA,https://i.ytimg.com/vi/DyOq9eIGWmA/mqdefault_live.jpg
5b85294949544a5f8855715acadf66a5,upcoming,【藍銫研究室週表】,2027-09-14T07:00:00Z,https://www.youtube.com/watch?v=kROq99xKBjw,https://i.ytimg.com/vi/kROq99xKBjw/mqdefault_live.jpg
41a105676f5643d981a2167e8ac55552,upcoming,✟ SHIRO WEEKLY SCHEDULE ✟修女今天也要準時開台【修女 Shiro シロ✞】,2027-09-15T13:00:00Z,https://www.youtube.com/watch?v=Xs3kZTwnwg4,https://i.ytimg.com/vi/Xs3kZTwnwg4/mqdefault_live.jpg
f53807443055490f87b85ded6caee0aa,upcoming,【周表】9/21-9/27  | 可樂月月 ColaMoon,2027-09-18T02:30:00Z,https://www.youtube.com/watch?v=I9qAE01o-6k,https://i.ytimg.com/vi/I9qAE01o-6k/mqdefault_live.jpg
7805f5aaa7be47878ebcf88c6ff4669a,upcoming,【週表】0921-0927｜璃Miri,2027-09-20T14:20:00Z,https://www.youtube.com/watch?v=eTkyhCecWhg,https://i.ytimg.com/vi/eTkyhCecWhg/mqdefault_live.jpg
95e5788cabf340e397e2726def426229,upcoming,【9/21-9/27】直播行程表丨杜邊優妮,2027-09-20T17:35:00Z,https://www.youtube.com/watch?v=-PM6xcP2EVo,https://i.ytimg.com/vi/-PM6xcP2EVo/mqdefault_live.jpg
fd7a69505569429fb845ac056825f3a9,upcoming,【起司行程表】09/21－09/27🫐🧀Weekly Schedule,2027-09-22T18:40:00Z,https://www.youtube.com/watch?v=TItLuZpDGRA,https://i.ytimg.com/vi/TItLuZpDGRA/mqdefault_live.jpg
1eec022f916a46b58f5124936afdabe3,upcoming,本週行程｜𐔌 09.21 - 09.27 ꒱,2027-09-29T14:45:00Z,https://www.youtube.com/watch?v=uYKfNLKr6io,https://i.ytimg.com/vi/uYKfNLKr6io/mqdefault_live.jpg
6a9a7c7dc3f94605b5f619e9fbcfa33d,upcoming,【09/21~09/27周表】,2027-11-08T10:20:00Z,https://www.youtube.com/watch?v=kGflA3-SoHE,https://i.ytimg.com/vi/kGflA3-SoHE/mqdefault_live.jpg
747fb5e9d30240a1ac42fbf37e86b55d,upcoming,公告和聊天用 | 路易 格林 / Louis Grimm,2027-12-28T04:00:00Z,https://www.youtube.com/watch?v=dFW1_3tYRMw,https://i.ytimg.com/vi/dFW1_3tYRMw/mqdefault_live.jpg
247eca886f5c43188a3d6d3945e40636,upcoming,【09/14-09/20】周表#新人VTUBER #台V #魔王會長休息中,2027-12-29T04:05:00Z,https://www.youtube.com/watch?v=qJHJes0xNAM,https://i.ytimg.com/vi/qJHJes0xNAM/mqdefault_live.jpg
4766ec1a407f4271bca77fb81487e81a,upcoming,無限期停播公告🐔,2027-12-30T16:00:00Z,https://www.youtube.com/watch?v=FmfABW0Vbrg,https://i.ytimg.com/vi/FmfABW0Vbrg/mqdefault_live.jpg
73abc31606db493f971f679dfde4f7e5,upcoming,【FREE CHAT】直播行程表 LIVE Schedule┇直播異動請看YT貼文通知！圖奇偶爾開深夜台，加入Discord粉絲群可收到即時開台通知 ★ 星海.HoshiUmi ★,2027-12-31T13:00:00Z,https://www.youtube.com/watch?v=NWLkSLh3fGI,https://i.ytimg.com/vi/NWLkSLh3fGI/mqdefault_live.jpg
68c912c0e68b455f91cd3e1dfbf7d33b,upcoming,作息表｜彌椏MIYARUNA,2027-12-31T15:45:00Z,https://www.youtube.com/watch?v=y-1kOY9SzWo,https://i.ytimg.com/vi/y-1kOY9SzWo/mqdefault_live.jpg
d66fb507852f4d889e426c8ea0f9f246,upcoming,📢 Vwake 語音鬧鐘上線！用我的聲音叫你起床 ⏰ 輸入推薦碼即可免費試用語音,2027-12-31T15:59:00Z,https://www.youtube.com/watch?v=buod2mmJi-U,https://i.ytimg.com/vi/buod2mmJi-U/mqdefault_live.jpg
36ad63809a2441c9b85f7ee628136ce3,upcoming,【 祿衲的本周行程 ! 】,2028-01-01T14:10:00Z,https://www.youtube.com/watch?v=SOzozAHji-U,https://i.ytimg.com/vi/SOzozAHji-U/mqdefault_live.jpg
e350c8b7e41045419ee1ac73bc78921b,upcoming,【不會再次消失的週表💙】,2028-01-13T18:35:00Z,https://www.youtube.com/watch?v=4wIK2f_KW8E,https://i.ytimg.com/vi/4wIK2f_KW8E/mqdefault_live.jpg
7b00dfda406f484eaf75107c186abe33,upcoming,9/21~9/27周表！！本周休息純突發上周太累了(￣┰￣*),2028-01-29T11:15:00Z,https://www.youtube.com/watch?v=6g1ughQPJnI,https://i.ytimg.com/vi/6g1ughQPJnI/mqdefault_live.jpg
e92219319c904d17ad14a223a304f7b5,upcoming,【週表】每周行程 / 浮幽幽 FUU,2028-02-21T16:00:00Z,https://www.youtube.com/watch?v=Lp5sdfUyHcA,https://i.ytimg.com/vi/Lp5sdfUyHcA/mqdefault_live.jpg
6166fbac685941a6acf389460de44943,upcoming,會員功能開通！果農回饋活動🍎,2028-03-31T11:30:00Z,https://www.youtube.com/watch?v=j9YLON4TSYk,https://i.ytimg.com/vi/j9YLON4TSYk/mqdefault_live.jpg
c1fdd1a58b3a438ba5343e06f2da2590,upcoming,˚✦9/21-9/27周表 ✧˚,2028-05-19T21:20:00Z,https://www.youtube.com/watch?v=KcHyBusfqI4,https://i.ytimg.com/vi/KcHyBusfqI4/mqdefault_live.jpg
46954e0541644057a88f590a4739722c,upcoming,【週表】9/21~9/27 雲間行事錄🌊💠,2028-06-27T16:10:00Z,https://www.youtube.com/watch?v=4BlkBVyo2mY,https://i.ytimg.com/vi/4BlkBVyo2mY/mqdefault_live.jpg
5c7278d46cd24b8eb5f49c446acc759d,upcoming,【Free Chat】9/21~9/27【漣月愛諾】,2028-06-29T14:30:00Z,https://www.youtube.com/watch?v=kKTPD8mKXds,https://i.ytimg.com/vi/kKTPD8mKXds/mqdefault_live.jpg
eabec2cff9fb48cdb79965d77a56f47d,upcoming,🌾LIVE  08 / 24  —  08 / 30【 稻禾 こめさく】米粒精靈 VTuber ｜ 周表說晚安瑪卡巴卡！九月開學了嗚嗚嗚嗚～#初見歡迎 #live #vtuber #fyp #fypシ,2028-06-30T16:00:00Z,https://www.youtube.com/watch?v=I6XTYfOKyhA,https://i.ytimg.com/vi/I6XTYfOKyhA/mqdefault_live.jpg
41d4243609de491ba43ef4e11b8a0254,upcoming,【09/14–09/20周表】本周也一起好好玩吧!!!【#Iliavia】,2028-07-26T20:00:00Z,https://www.youtube.com/watch?v=4Z1CrXvhWro,https://i.ytimg.com/vi/4Z1CrXvhWro/mqdefault_live.jpg
a667c79cb8284de29d5843dc3eafcc57,upcoming,【直播行程】【9/21 - 9/27】這週在忙搬家，巴巴盡量開！【巴巴鼬戈 ︳Baba Yoger】,2028-07-27T16:35:00Z,https://www.youtube.com/watch?v=KWfdCFVdrGc,https://i.ytimg.com/vi/KWfdCFVdrGc/mqdefault_live.jpg
4b53aa789e544bd9aaecc9fbc79e4bbe,upcoming,【予定表】𝕎𝕖𝕖𝕜𝕝𝕪 𝕊𝕔𝕙𝕖𝕕𝕦𝕝𝕖…🫧【#あのねホタルちゃん 】#歌枠 #vsinger #弾き語り,2028-07-31T15:00:00Z,https://www.youtube.com/watch?v=lvX_EFrafyA,https://i.ytimg.com/vi/lvX_EFrafyA/mqdefault_live.jpg
746abd9861714105823ebfb2a18f6fdc,upcoming,【2026】周表【Balion】,2028-07-31T15:45:00Z,https://www.youtube.com/watch?v=UdzjniL0Lm8,https://i.ytimg.com/vi/UdzjniL0Lm8/mqdefault_live.jpg
6c88799c6f45407faf0f9ea007b0dcab,upcoming,📣每週的行程表《鷲峰良》,2028-08-07T00:07:00Z,https://www.youtube.com/watch?v=moSIaq41yrI,https://i.ytimg.com/vi/moSIaq41yrI/mqdefault_live.jpg
9ad37d3249e24861bc8cb84368883258,upcoming,【Mur/支円】養病 / 補血支円 / 設備年紀到壞了已更新設備(底下詳細),2028-08-07T19:55:00Z,https://www.youtube.com/watch?v=tT5CEuG7nuE,https://i.ytimg.com/vi/tT5CEuG7nuE/mqdefault_live.jpg
4558095012964943921cd8a376a192fd,upcoming,˚✧ 161跟洢球ㄉ發酵室 ˚✧₊ 𖧷 雪貂這週要幹嘛？⌇ 洢露洢 161 雪貂Vtuber,2028-08-16T14:00:00Z,https://www.youtube.com/watch?v=PeL5rntTFgI,https://i.ytimg.com/vi/PeL5rntTFgI/mqdefault_live.jpg
12d506583827419e9eb3b64ec551a94d,upcoming,【週表】2026年 8月31号～9月6号【園區時刻表】,2028-08-16T16:05:00Z,https://www.youtube.com/watch?v=bN0Ym29Jlw0,https://i.ytimg.com/vi/bN0Ym29Jlw0/mqdefault_live.jpg
5454ccf6c8ee496296e7084081863575,upcoming,【公告】目前會著重在圖奇直播喔 | 鹿提Luti | VTuber | --/--/--,2028-08-25T16:00:00Z,https://www.youtube.com/watch?v=YnfISjRwwWI,https://i.ytimg.com/vi/YnfISjRwwWI/mqdefault_live.jpg
25388daec64e40f38ca0e5a3a88fedb7,upcoming,黑手黨千金行程表📝｜2026.09.21.-09.27,2028-08-30T16:35:00Z,https://www.youtube.com/watch?v=TJlfHFEW_r4,https://i.ytimg.com/vi/TJlfHFEW_r4/mqdefault_live.jpg
9cb41588918b4fcf9d8e21ce0b6896c6,upcoming,聊天大廳 uwub【天鹿琥珀/Kohaku】,2028-08-30T17:10:00Z,https://www.youtube.com/watch?v=J_zfb8EfzX4,https://i.ytimg.com/vi/J_zfb8EfzX4/mqdefault_live.jpg
068503b08362450b9339a0b6cc6eb3f0,upcoming,週表待機室｜久世琥珀 Kuze Kohaku｜SDS,2028-08-31T04:00:00Z,https://www.youtube.com/watch?v=wzjk1KfJKSA,https://i.ytimg.com/vi/wzjk1KfJKSA/mqdefault_live.jpg
e2049fd03bea4bf6bfee472e4674021c,upcoming,2035/1/6．十周年企劃定案了但不能說，先開待機室，嘿嘿,2028-08-31T13:00:00Z,https://www.youtube.com/watch?v=VwQXd3pe9Mo,https://i.ytimg.com/vi/VwQXd3pe9Mo/mqdefault_live.jpg
52324c45fae74014bc603ae09d8d6136,upcoming,【週表】萬年不開！│緗靈XiangLing #新人vtuber,2028-08-31T13:30:00Z,https://www.youtube.com/watch?v=xdh_LKO6D3c,https://i.ytimg.com/vi/xdh_LKO6D3c/mqdefault_live.jpg
7136d4451e954a2daed572b2ba517303,upcoming,【喜歡我的話請幫我的直播按下讚！！或許會有周表......？】不定期出沒！！歡迎自由聊天🩵🎨,2028-08-31T15:10:00Z,https://www.youtube.com/watch?v=Nw8d4-RmAlA,https://i.ytimg.com/vi/Nw8d4-RmAlA/mqdefault_live.jpg
56b4e7f364bc4b96b3a9d48596e28d8d,upcoming,每周與紅葉約會看這裡🌺花伴聚集地,2028-08-31T15:30:00Z,https://www.youtube.com/watch?v=CPVgXAeOrjQ,https://i.ytimg.com/vi/CPVgXAeOrjQ/mqdefault_live.jpg
f9444f6d790344a4a51a301110665229,upcoming,【周表放置】每周的預定行程，如有任何變動將額外公告｜VTuber #周表 #vtuber #台V #貓妮亞,2028-08-31T15:45:00Z,https://www.youtube.com/watch?v=07KeFx1BzO4,https://i.ytimg.com/vi/07KeFx1BzO4/mqdefault_live.jpg
d2c5b1c430fa45c8b9be0b8be65d8a6b,upcoming,【𝐖𝐞𝐞𝐤𝐥𝐲 𝐒𝐜𝐡𝐞𝐝𝐮𝐥𝐞】周表 ｜🐥菈妮紫 Laneez,2028-08-31T15:45:00Z,https://www.youtube.com/watch?v=Hjs4CsNRgYM,https://i.ytimg.com/vi/Hjs4CsNRgYM/mqdefault_live.jpg
e7f01ae0c78b4daeaaf8f3fe39946e8d,upcoming,🔥【本周周表】2026年9月14日 至 2026年9月20日🔥,2028-08-31T15:45:00Z,https://www.youtube.com/watch?v=kRBi4XhldrM,https://i.ytimg.com/vi/kRBi4XhldrM/mqdefault_live.jpg
caf08c74dd7b4919bca49eef394d5475,upcoming,［ 09/21 - 09/27 ］莉莉週表✨,2028-09-02T06:00:00Z,https://www.youtube.com/watch?v=1AsqNPZ18TU,https://i.ytimg.com/vi/1AsqNPZ18TU/mqdefault_live.jpg
53335d77cc69488c8b49ec97548c3297,upcoming,週表出爐 ˊ˗,2028-09-04T00:00:00Z,https://www.youtube.com/watch?v=VKeOrHk3S5I,https://i.ytimg.com/vi/VKeOrHk3S5I/mqdefault_live.jpg
9643c650b1804107b85de1f08010aa9d,upcoming,【音無樂園DC-RPG小遊戲】活動看板，聊天室打卡聊天專用地。  中/日文OK | #gamedesign  #台湾Vtuber #療育 #初見歡迎 #雜談,2028-09-06T12:20:00Z,https://www.youtube.com/watch?v=BWWk6sFT1xQ,https://i.ytimg.com/vi/BWWk6sFT1xQ/mqdefault_live.jpg
3be86a2a9cb447f393d235132e157789,upcoming,⭐固定直播時間表,2028-09-14T12:00:00Z,https://www.youtube.com/watch?v=GlvzdmZ9LvM,https://i.ytimg.com/vi/GlvzdmZ9LvM/mqdefault_live.jpg
0247d07842794dccb043e0b10a888d30,upcoming,【Schedule & Free Chat】是個充實的一周，中秋節快樂 ♡ ｜宓Iseri,2028-09-19T15:45:00Z,https://www.youtube.com/watch?v=zG5qRezLl-M,https://i.ytimg.com/vi/zG5qRezLl-M/mqdefault_live.jpg
670990d65f7b459ba2a3728c39d4cb9a,upcoming,【週表】阿莓去哪兒？,2028-09-20T15:15:00Z,https://www.youtube.com/watch?v=8lEfG-uV19Y,https://i.ytimg.com/vi/8lEfG-uV19Y/mqdefault_live.jpg
8b69d6c508194b93b14fc056038160ab,upcoming,【週表2026】0921-0927  #Hivebee移民了,2028-09-23T04:35:00Z,https://www.youtube.com/watch?v=rEua2VTKSYQ,https://i.ytimg.com/vi/rEua2VTKSYQ/mqdefault_live.jpg
e069724ddab54dd690d6c3425574effd,upcoming,【惡魔殼工商】購買連結點進來待機室!!,2028-09-28T16:20:00Z,https://www.youtube.com/watch?v=9eQucXS5EuU,https://i.ytimg.com/vi/9eQucXS5EuU/mqdefault_live.jpg
12b98d960ead4bc09b2f2b220d7437a1,upcoming,周表9/14~9/20,2028-09-30T03:00:00Z,https://www.youtube.com/watch?v=lagSZfqBuLc,https://i.ytimg.com/vi/lagSZfqBuLc/mqdefault_live.jpg
8fae79a84cd049fd8a2ea50528a75e2b,upcoming,【#Schedule】本週的狐仙降臨時間，遲到要打屁屁噢！ ⊹ 小泉妮亜露Nyaru,2028-09-30T11:00:00Z,https://www.youtube.com/watch?v=GrHuPkLpPoM,https://i.ytimg.com/vi/GrHuPkLpPoM/mqdefault_live.jpg
e069724ddab54dd690d6c3425574effd,upcoming,【週表】每個禮拜的直播行程都可以這裡看! 也可以在這裡聊天喔 #賣勾萊拉,2028-09-30T13:00:00Z,https://www.youtube.com/watch?v=lBkgjNM_IbY,https://i.ytimg.com/vi/lBkgjNM_IbY/mqdefault_live.jpg
36b917d4265f43a1a6cc9eb1d7b20608,upcoming,【夜露妮亞週表】9/21~9/27 小蝙蝠出沒！,2028-09-30T15:45:00Z,https://www.youtube.com/watch?v=O6AsvPpnGcY,https://i.ytimg.com/vi/O6AsvPpnGcY/mqdefault_live.jpg