V5##VTuber ID,YouTube Subscriber Count,YouTube View Count,YouTube Recent Total Median View Count,YouTube Recent Total Popularity,YouTube Recent Total Highest View Count,YouTube Recent Total Highest Viewed URL,YouTube Recent Livestream Median View Count,YouTube Recent Livestream Popularity,YouTube Recent Livestream Highest View Count,YouTube Recent Livestream Highest Viewed URL,YouTube Recent Video Median View Count,YouTube Recent Video Popularity,YouTube Recent Video Highest View Count,YouTube Recent Video Highest Viewed URL,Twitch Follower Count,Twitch Recent Median View Count,Twitch Recent Popularity,Twitch Recent Highest View Count,Twitch Recent Highest Viewed URL
1c5619a4ece046dd8ba68ed343489ca3,547000,106986803,37928,11796,357600,https://www.youtube.com/watch?v=ZQVvl476U3M,8670,2750,10437,https://www.youtube.com/watch?v=d6RPujBwGtE,40891,22628,357600,https://www.youtube.com/watch?v=ZQVvl476U3M,32957,0,0,0,
f6a4e7aa8d0c4e5cb39d199845ec4d02,441000,68436082,48264,12289,134013,https://www.youtube.com/watch?v=hkjw-rMgWuw,19566,14037,19566,https://www.youtube.com/watch?v=STtOJ4WMr4k,51930,11847,134013,https://www.youtube.com/watch?v=hkjw-rMgWuw,122781,16822,3811,78211,https://www.twitch.tv/videos/2864243600
5535c9524eb046c38e172ebfa06b302f,404000,138838535,20462,7433,104725,https://www.youtube.com/watch?v=6sQvP50Q2n0,21158,10370,104725,https://www.youtube.com/watch?v=6sQvP50Q2n0,20199,5368,29993,https://www.youtube.com/watch?v=GcFYHFxkTQo,74375,1111,440,3751,https://www.twitch.tv/videos/2864967801
664e1b310cf343b78623f99b31e40fae,394000,57712801,19866,8332,19866,https://www.youtube.com/watch?v=y83NflcOpQE,0,0,0,,19866,8332,19866,https://www.youtube.com/watch?v=y83NflcOpQE,16978,0,0,0,
d837e8fda137492c9d77882b98ff863a,372000,210020692,94714,36613,540741,https://www.youtube.com/watch?v=trZiV3OM1xA,25981,15391,46712,https://www.youtube.com/watch?v=I7HncCyyUro,194488,76569,540741,https://www.youtube.com/watch?v=trZiV3OM1xA,66070,27180,16332,49554,https://www.twitch.tv/videos/2872840194
182da09d8d454f37a52ec546cbb35e39,344000,95972397,52822,21202,764672,https://www.youtube.com/watch?v=92UUh_C4USk,26665,11101,183084,https://www.youtube.com/watch?v=CmtAhBOzjAk,75853,32566,764672,https://www.youtube.com/watch?v=92UUh_C4USk,6305,0,0,0,
c04f006e69e04000a68cd0c41f888eb2,245000,25035997,19247,8177,161263,https://www.youtube.com/watch?v=VFxs-ZDZx54,10553,5761,19247,https://www.youtube.com/watch?v=kjrrMEDDTng,48454,12756,161263,https://www.youtube.com/watch?v=VFxs-ZDZx54,0,0,0,0,
897400f2658a483286ca6acc927006ca,239000,40239824,5658,2414,21916,https://www.youtube.com/watch?v=tQvrOq-5U44,2729,1674,5112,https://www.youtube.com/watch?v=XkNQasoJTzI,10718,4683,21916,https://www.youtube.com/watch?v=tQvrOq-5U44,10762,0,0,0,
abd64c9a64e04fb1b23faa2480c1c106,229000,82078596,3891,1867,69967,https://www.youtube.com/watch?v=-PJBy2GhVZ0,4113,3217,22441,https://www.youtube.com/watch?v=IsscSA_B5e8,3889,1840,69967,https://www.youtube.com/watch?v=-PJBy2GhVZ0,2383,48,34,64,https://www.twitch.tv/videos/2868672449
4b6b055ada4d4f0ab63b7ad02a3fa3ef,224000,19294548,2831,1759,9154,https://www.youtube.com/watch?v=BhDcX1NgbMQ,2810,1576,3857,https://www.youtube.com/watch?v=o89jULyP8UU,9154,8133,9154,https://www.youtube.com/watch?v=BhDcX1NgbMQ,55766,686,330,1007,https://www.twitch.tv/videos/2867716953
a9f6574e98f34b20a05269134930fb50,221000,11052606,12743,5473,22156,https://www.youtube.com/watch?v=59v_eCj0GAA,14783,8156,22156,https://www.youtube.com/watch?v=59v_eCj0GAA,7100,4026,15799,https://www.youtube.com/watch?v=P1mf70kGt1E,0,0,0,0,
7c06b9e316ce4ac18ce836cd72442bbe,206000,67536872,11329,6537,47430,https://www.youtube.com/watch?v=w9GDT2b5Xk8,9828,6380,31517,https://www.youtube.com/watch?v=fKaKwppEqUg,17375,9225,47430,https://www.youtube.com/watch?v=w9GDT2b5Xk8,55669,0,0,0,
312fdd3c5e6d4aefa73fd3860ecc5613,193000,37721125,18402,8827,88699,https://www.youtube.com/watch?v=n-OohV_lbXg,30076,16214,35030,https://www.youtube.com/watch?v=APqZY0nYc2k,7535,4895,88699,https://www.youtube.com/watch?v=n-OohV_lbXg,27552,7393,3768,19201,https://www.twitch.tv/videos/2852313526
c65e7caaf81a43249d5132b9fe312b24,184000,18020985,14563,7023,50949,https://www.youtube.com/watch?v=K0imn8WJumw,14601,7044,50949,https://www.youtube.com/watch?v=K0imn8WJumw,6933,6290,6933,https://www.youtube.com/watch?v=zl3G3DwdmOM,0,0,0,0,
265a18972d244affae35711cfd1f9931,184000,23391689,10338,5982,41580,https://www.youtube.com/watch?v=u2Hrvvnm1J8,9755,5982,27593,https://www.youtube.com/watch?v=og17Dhb7yXA,14624,5595,41580,https://www.youtube.com/watch?v=u2Hrvvnm1J8,19513,1174,634,9306,https://www.twitch.tv/videos/2855951989
e93bd1102e214cbaa71cc5b2e4a53595,184000,37982882,25962,13699,167755,https://www.youtube.com/watch?v=9AGDayhUVJo,25962,13699,52611,https://www.youtube.com/watch?v=ipqwxWh1QyU,33261,13533,167755,https://www.youtube.com/watch?v=9AGDayhUVJo,91365,17599,5137,29529,https://www.twitch.tv/videos/2868532580
f1b5f88144e14bd188e17b2f98303713,173000,33398652,137538,47685,266100,https://www.youtube.com/watch?v=o2Cc9nnlBBc,10503,1747,13044,https://www.youtube.com/watch?v=pXLG6uJMtqk,166931,78535,266100,https://www.youtube.com/watch?v=o2Cc9nnlBBc,0,0,0,0,
3f4650e05ceb41008bd16869780b7af1,173000,93374860,6181,1445,83813,https://www.youtube.com/watch?v=OMTNnP_hpls,5392,778,21843,https://www.youtube.com/watch?v=-asnaJ2lJtU,54967,18754,83813,https://www.youtube.com/watch?v=OMTNnP_hpls,0,0,0,0,
f110fd69b66941bab04de9ada563c6ac,157000,19229236,6176,3745,87671,https://www.youtube.com/watch?v=yS80VTRGqas,5970,3496,87671,https://www.youtube.com/watch?v=yS80VTRGqas,25082,17800,25082,https://www.youtube.com/watch?v=0X7gnmVw89A,16948,2234,1452,5156,https://www.twitch.tv/videos/2865559953
6dc75ab227e34c928598bde8f2d324bf,151000,51431053,33111,19598,376206,https://www.youtube.com/watch?v=rwVIuVbJ_AQ,22768,12860,77504,https://www.youtube.com/watch?v=a5q2ffmY6Wc,86477,48211,376206,https://www.youtube.com/watch?v=rwVIuVbJ_AQ,0,0,0,0,
bafb134fd2f849898d6242d1f5f683cc,147000,27395033,9289,5361,32501,https://www.youtube.com/watch?v=2mFo6yrJ9XA,8676,5321,14238,https://www.youtube.com/watch?v=goxEph3oruY,25969,6972,32501,https://www.youtube.com/watch?v=2mFo6yrJ9XA,46438,10752,7017,32721,https://www.twitch.tv/videos/2877985183
fa5a7cdc259543259af42bb23f1e4041,146000,43208969,8297,5256,44939,https://www.youtube.com/watch?v=vuS2xOLj0LY,6259,2829,15925,https://www.youtube.com/watch?v=NgXCH8e6ePc,24031,9608,44939,https://www.youtube.com/watch?v=vuS2xOLj0LY,0,0,0,0,
b41844198887422fb52cb928a272cbc8,144000,51617519,4381,3647,51075,https://www.youtube.com/watch?v=eyV0D1UOtUU,4130,3080,8258,https://www.youtube.com/watch?v=tc-PTSTKFzo,34770,19700,51075,https://www.youtube.com/watch?v=eyV0D1UOtUU,0,0,0,0,
0641a9c8b9a94994aaa33e0c86fef75b,141000,42532708,8162,3104,59996,https://www.youtube.com/watch?v=U7sBNZr0m0U,4687,2475,10080,https://www.youtube.com/watch?v=0_mUaLb4UsI,14086,4354,59996,https://www.youtube.com/watch?v=U7sBNZr0m0U,8735,0,0,0,
2741a90689f342548daad7f760b0a8f7,140000,1727215,0,0,0,,0,0,0,,0,0,0,,6889,0,0,0,
21428cae24af4607bffe25cb2746daa6,138000,0,0,0,0,,0,0,0,,0,0,0,,0,0,0,0,
c82ab1b4f8f64d1f84cae4ce09aa0dea,138000,25460646,0,0,0,,0,0,0,,0,0,0,,45858,0,0,0,
58abad4aa8de49efb785367503dfd92c,135000,19367101,0,0,0,,0,0,0,,0,0,0,,0,0,0,0,
a3ce195c0069494c99849d0b1a10a7fd,133000,17850790,9992,8926,196814,https://www.youtube.com/watch?v=GCX4oq24XSM,8118,7458,9992,https://www.youtube.com/watch?v=UXTLFbNdObc,18927,15509,196814,https://www.youtube.com/watch?v=GCX4oq24XSM,27143,1778,1520,1778,https://www.twitch.tv/videos/2874766401
494d2c5daf9f4a8a8e4538687e6be14c,129000,6812922,5163,3763,29127,https://www.youtube.com/watch?v=lyQc7ksXfWg,4777,3599,7944,https://www.youtube.com/watch?v=9qRG9nmfnnI,14671,3763,29127,https://www.youtube.com/watch?v=lyQc7ksXfWg,0,0,0,0,
e78cffa246c24a1c88031151cad8c385,126000,12646373,4371,3236,60810,https://www.youtube.com/watch?v=PKhZqHt58jQ,3430,2305,4371,https://www.youtube.com/watch?v=20yKOB2nuUE,18095,6421,60810,https://www.youtube.com/watch?v=PKhZqHt58jQ,7261,1189,768,2188,https://www.twitch.tv/videos/2871171157
ab4f892ca62e4043b6287bdfe50b145d,118000,21626433,3141,424,27830,https://www.youtube.com/watch?v=u8lziPS5ueI,3141,2124,3141,https://www.youtube.com/watch?v=u0A4OXkolic,5360,338,27830,https://www.youtube.com/watch?v=u8lziPS5ueI,1483,0,0,0,
a9b855767b2d432c9f263e3427ff33a6,117000,18269274,9552,5489,17706,https://www.youtube.com/watch?v=1ZjY8CINbbw,10127,5287,17706,https://www.youtube.com/watch?v=1ZjY8CINbbw,9210,5692,16134,https://www.youtube.com/watch?v=c9hZMXS2yoo,0,0,0,0,
b4a1791208fd4d85b7b08ee2bad0c236,112000,20866449,12313,5834,30601,https://www.youtube.com/watch?v=zdTndL1IfLM,8577,4991,12668,https://www.youtube.com/watch?v=IJgCT-jnZSc,13895,6383,30601,https://www.youtube.com/watch?v=zdTndL1IfLM,0,0,0,0,
9cec24b011ee45648eb404066c997f49,110000,21682891,17296,9343,132550,https://www.youtube.com/watch?v=8zfcQlziQiQ,17046,8682,36453,https://www.youtube.com/watch?v=PgFgE3COsBE,38761,12606,132550,https://www.youtube.com/watch?v=8zfcQlziQiQ,41820,5938,2602,17482,https://www.twitch.tv/videos/2874472974
c0c033c9c8014562b58a7124b6b22fb0,110000,1773372,1096,505,5253,https://www.youtube.com/watch?v=DsqIvJe746o,1257,708,5253,https://www.youtube.com/watch?v=DsqIvJe746o,821,241,1263,https://www.youtube.com/watch?v=h_kVnLKG3sE,0,0,0,0,
04d2ff1dde6b4bb68503a734274f4b7e,107000,9359994,8126,5333,30619,https://www.youtube.com/watch?v=fPoWgh-fmb0,8126,5333,30619,https://www.youtube.com/watch?v=fPoWgh-fmb0,0,0,0,,0,0,0,0,
8bf35c3b9a9e461d825a9170555b71c2,107000,26237365,29556,13939,64094,https://www.youtube.com/watch?v=-O8DWY3H_DE,28427,15130,64094,https://www.youtube.com/watch?v=-O8DWY3H_DE,54911,8575,54911,https://www.youtube.com/watch?v=XKALZVtKcaA,53282,16263,4992,23847,https://www.twitch.tv/videos/2864988370
15c9a54b946a40c38c07ea2f9efddfa5,107000,33719997,26066,13783,118217,https://www.youtube.com/watch?v=fA7TnzHWgyw,20177,13143,47838,https://www.youtube.com/watch?v=3xAbMeAif5w,87857,29800,118217,https://www.youtube.com/watch?v=fA7TnzHWgyw,66167,19437,5921,42475,https://www.twitch.tv/videos/2870229346
5efb403f9a174bfd82d04d528a121042,106000,22036967,93137,29022,954076,https://www.youtube.com/watch?v=WtUJ2NOaV28,33335,11054,45366,https://www.youtube.com/watch?v=yTzouZrWQwI,229855,69057,954076,https://www.youtube.com/watch?v=WtUJ2NOaV28,16935,9294,3545,14584,https://www.twitch.tv/videos/2854367057
23ec5ecfb8c14ea893576783f1790643,105000,6488340,1900,1132,18966,https://www.youtube.com/watch?v=N1Rj5PBedT8,1900,1132,5470,https://www.youtube.com/watch?v=rn98sAl_21A,10311,5069,18966,https://www.youtube.com/watch?v=N1Rj5PBedT8,2302,446,386,664,https://www.twitch.tv/videos/2871121120
702c74978d8f4adab79f292cbecb49a4,103000,15251464,6064,2572,64433,https://www.youtube.com/watch?v=lyBM8P8KtA8,5461,2895,8012,https://www.youtube.com/watch?v=gUcNRKJHans,6388,2424,64433,https://www.youtube.com/watch?v=lyBM8P8KtA8,13187,0,0,0,
b126053a1356460ebf85a874a6a55aca,103000,44228827,5043,2375,13802,https://www.youtube.com/watch?v=RFz0ds4f2yQ,5096,2777,10873,https://www.youtube.com/watch?v=SJPKOucusoY,3248,780,13802,https://www.youtube.com/watch?v=RFz0ds4f2yQ,0,0,0,0,
98e3a5838fec4a6caa936ae35485de23,102000,8990485,5956,1382,63147,https://www.youtube.com/watch?v=fbAi8hDwX_s,4212,935,5956,https://www.youtube.com/watch?v=O1ktqZQgnag,6956,1985,63147,https://www.youtube.com/watch?v=fbAi8hDwX_s,0,0,0,0,
5f12df329c6144e1a6c596f4fbcb9e81,102000,204500,0,0,0,,0,0,0,,0,0,0,,0,0,0,0,
ea4c1a67c2e445ad8028768616ceb659,91900,14049553,6480,3653,22945,https://www.youtube.com/watch?v=Vhf_ySVQ770,6120,3420,14592,https://www.youtube.com/watch?v=vIgWwLCeqNQ,18445,8314,22945,https://www.youtube.com/watch?v=Vhf_ySVQ770,4262,827,815,980,https://www.twitch.tv/videos/2878181217
53707f0116dc4fca8614ac7139e40b83,91800,33010181,392,271,485,https://www.youtube.com/watch?v=S7EXtYUPUO8,392,271,485,https://www.youtube.com/watch?v=S7EXtYUPUO8,0,0,0,,6001,322,148,1018,https://www.twitch.tv/videos/2860585421
a6a4e83ae23140e6bd1f7c817af8f864,90000,6297222,16544,7426,29642,https://www.youtube.com/watch?v=OiJLWlTaSZ4,10773,7086,11347,https://www.youtube.com/watch?v=lg0fFVluu78,23027,15285,29642,https://www.youtube.com/watch?v=OiJLWlTaSZ4,12549,1800,1241,3215,https://www.twitch.tv/videos/2877495121
9d9c6477329245cbb2557895f4f15686,88800,11136637,42487,17382,72280,https://www.youtube.com/watch?v=2-Xs5RrBbhk,0,0,0,,42487,17382,72280,https://www.youtube.com/watch?v=2-Xs5RrBbhk,176047,18678,8469,109650,https://www.twitch.tv/videos/2865721478
4544974bc5624035ae7bb0c9ed33e44e,86500,10184269,4834,2000,15095,https://www.youtube.com/watch?v=_kCqoIa-FcM,4803,1967,7377,https://www.youtube.com/watch?v=EbUW6ueY8g8,15095,9885,15095,https://www.youtube.com/watch?v=_kCqoIa-FcM,13956,1545,536,3931,https://www.twitch.tv/videos/2876309379
d6c4708f6eb94ac6ad7668363b132248,84000,2617127,949,706,1685,https://www.youtube.com/watch?v=yHl-10F0o-k,949,706,1685,https://www.youtube.com/watch?v=yHl-10F0o-k,0,0,0,,0,0,0,0,
6bd49f94afb144e995247388ca8c42a8,83900,18183819,34256,13190,133075,https://www.youtube.com/watch?v=4jfFB6XT7nw,23231,7219,24250,https://www.youtube.com/watch?v=eRRjoHjVlNk,74618,31276,133075,https://www.youtube.com/watch?v=4jfFB6XT7nw,83513,49776,18725,79380,https://www.twitch.tv/videos/2878339080
7e81a72484054a5c89f3826ebc8946be,82500,6432836,1069,126,16602,https://www.youtube.com/watch?v=_iJRGkWnKyU,3327,2545,4440,https://www.youtube.com/watch?v=EXcvA8WzAWk,841,122,16602,https://www.youtube.com/watch?v=_iJRGkWnKyU,14935,2952,1102,15597,https://www.twitch.tv/videos/2854805911
4b6655120fbd4431a8f7894cac4a4d49,82200,9125404,2603,1497,45129,https://www.youtube.com/watch?v=NhJISqzq0sM,2605,1497,45129,https://www.youtube.com/watch?v=NhJISqzq0sM,1750,1123,2350,https://www.youtube.com/watch?v=gGvktrdf6jw,0,0,0,0,
fd6a0236861940389e15ef85b16c6069,81100,35226446,100661,55066,347945,https://www.youtube.com/watch?v=dtnK2L86EH0,0,0,0,,100661,55066,347945,https://www.youtube.com/watch?v=dtnK2L86EH0,183350,44230,18563,194191,https://www.twitch.tv/videos/2863563808
911d3403c8e84dc3b0c4a2f6017698b6,79500,3698089,9231,4882,41079,https://www.youtube.com/watch?v=DIvhqo0C1Jw,17217,6894,41079,https://www.youtube.com/watch?v=DIvhqo0C1Jw,4660,1389,6661,https://www.youtube.com/watch?v=oznSx8_OY0I,4131,1257,781,1257,https://www.twitch.tv/videos/2868618495
1ccdbe5d48934f4cbabc86512dd1d357,78700,6478049,0,0,0,,0,0,0,,0,0,0,,0,0,0,0,
5bd39e2c6dcf4ff19436d8a5fa069464,78600,13270549,17742,8022,67128,https://www.youtube.com/watch?v=FwmHW6_Aygo,17742,8022,33759,https://www.youtube.com/watch?v=qfWjSgrJPOA,25950,14336,67128,https://www.youtube.com/watch?v=FwmHW6_Aygo,34418,11070,4861,15644,https://www.twitch.tv/videos/2866675897
0bf0ec441dc6489583f7218e02ab6a89,77600,5275083,998,614,6161,https://www.youtube.com/watch?v=0TxeKKI09ns,1003,614,6161,https://www.youtube.com/watch?v=0TxeKKI09ns,165,109,165,https://www.youtube.com/watch?v=k9uNjuDHLzw,10921,351,244,602,https://www.twitch.tv/videos/2872245801
8746bf3b3b5843e7b00f6ec23fefb6b1,76400,35508081,0,0,0,,0,0,0,,0,0,0,,14591,0,0,0,
17c335762a694402b8cb9a96b2865572,76300,8469752,3799,1153,13070,https://www.youtube.com/watch?v=TcwH19OrtfE,5991,2644,13070,https://www.youtube.com/watch?v=TcwH19OrtfE,3276,469,3476,https://www.youtube.com/watch?v=I-5vUtpL6qo,0,0,0,0,
01f26342ae4e419280bcfd6ec6e86db1,74400,5775408,0,0,0,,0,0,0,,0,0,0,,4348,0,0,0,
02f5258d29b046bc9f597c9baac014bf,73900,9007338,74656,22343,338822,https://www.youtube.com/watch?v=qvgMZVc-Kzc,15566,10175,40744,https://www.youtube.com/watch?v=Q-HLS5NOzMw,110561,71468,338822,https://www.youtube.com/watch?v=qvgMZVc-Kzc,62096,49346,17443,108398,https://www.twitch.tv/videos/2877412954
8d113670c4514e5bb28823a756385528,72500,12180821,26981,10583,54165,https://www.youtube.com/watch?v=nOFnx71WFWI,19483,10631,32771,https://www.youtube.com/watch?v=e01YU869wRY,33710,9099,54165,https://www.youtube.com/watch?v=nOFnx71WFWI,32686,10349,5225,13260,https://www.twitch.tv/videos/2859686772
cd42e06c40534d9eac7e30a434e47d43,71700,6007430,1919,839,5229,https://www.youtube.com/watch?v=QuqEkLilqU8,1919,839,5229,https://www.youtube.com/watch?v=QuqEkLilqU8,0,0,0,,3581,324,256,2285,https://www.twitch.tv/videos/2870971096
c5fe413a473d4638b53fb3f9019aabbe,71600,5650800,6781,2031,11500,https://www.youtube.com/watch?v=dlDBVWBG5iM,0,0,0,,6781,2031,11500,https://www.youtube.com/watch?v=dlDBVWBG5iM,34231,27151,12799,55807,https://www.twitch.tv/videos/2877533163
2694a505a0e0441bb99b49e8ce1f7473,69000,5724038,1209,872,1209,https://www.youtube.com/watch?v=Ifr25eJ7srk,0,0,0,,1209,872,1209,https://www.youtube.com/watch?v=Ifr25eJ7srk,56321,8214,3616,21022,https://www.twitch.tv/videos/2853866320
d5fdf5fc55d14476908e416e6d43c121,68600,6037757,3304,1895,16316,https://www.youtube.com/watch?v=XriF91T3YTU,3304,1895,16316,https://www.youtube.com/watch?v=XriF91T3YTU,3180,1542,3875,https://www.youtube.com/watch?v=4LynQY7pmAc,0,0,0,0,
7ead9e2cac544a7cb00444ef6b4698d1,68300,8347988,0,0,0,,0,0,0,,0,0,0,,22310,0,0,0,
ec65566d949944ffb1e2723f97ded6e0,67700,477461,0,0,0,,0,0,0,,0,0,0,,6986,0,0,0,
6c872a4043b84e4493877a42af684d1d,66300,10609213,4148,1833,6110,https://www.youtube.com/watch?v=4yBo3EuwxZs,3617,1833,6110,https://www.youtube.com/watch?v=4yBo3EuwxZs,4887,2418,5104,https://www.youtube.com/watch?v=3cmAazhXg48,6240,0,0,0,
4fc5a770272a43f1bb0a1d12aa3a9b46,66100,16805313,2688,1995,12389,https://www.youtube.com/watch?v=re1JmViElJ8,1771,1768,1771,https://www.youtube.com/watch?v=eVfgELh_dwc,2783,2222,12389,https://www.youtube.com/watch?v=re1JmViElJ8,0,0,0,0,
6a9a7c7dc3f94605b5f619e9fbcfa33d,66000,3058607,5413,3630,35519,https://www.youtube.com/watch?v=tc5W-KeL7sE,6066,4089,35519,https://www.youtube.com/watch?v=tc5W-KeL7sE,4848,2181,25336,https://www.youtube.com/watch?v=EkRMkPmp8fg,0,0,0,0,
1b63d89e0b1a4b579de6d99e25eaff8f,64900,14606948,11123,6575,26540,https://www.youtube.com/watch?v=MJtqvrX0rj0,6823,5112,20993,https://www.youtube.com/watch?v=TLGxNuGqKgQ,18048,13148,26540,https://www.youtube.com/watch?v=MJtqvrX0rj0,12821,0,0,0,
f5ff982730f54cd4826ff0530a4288c2,64900,7284650,33333,16771,99257,https://www.youtube.com/watch?v=TzecgqjJ43Q,28572,12772,99257,https://www.youtube.com/watch?v=TzecgqjJ43Q,33333,27578,38685,https://www.youtube.com/watch?v=28m3ht8L9As,0,0,0,0,
1323f1b775bf43659f8b8ec2899522cd,64700,4329538,4604,2287,5972,https://www.youtube.com/watch?v=Re1gm4JR3fA,4604,2287,5972,https://www.youtube.com/watch?v=Re1gm4JR3fA,0,0,0,,0,0,0,0,
efe550a729e14dbab790a3f73205d8ed,64700,3605802,3631,1848,29847,https://www.youtube.com/watch?v=4z6T-oGZ47s,3398,1728,8106,https://www.youtube.com/watch?v=_JBJJDkfSlM,6133,2108,29847,https://www.youtube.com/watch?v=4z6T-oGZ47s,0,0,0,0,
cb94019fb4714e168b47d6757995efc3,64700,5317168,3707,1955,6707,https://www.youtube.com/watch?v=EcXf27OAQQA,3707,1955,6707,https://www.youtube.com/watch?v=EcXf27OAQQA,0,0,0,,8653,2028,831,2447,https://www.twitch.tv/videos/2865740373
0d717ed7ec134fb6ac94ce9dc4e25658,63400,5305173,2906,1573,5087,https://www.youtube.com/watch?v=4cbDq5arVLs,2906,1573,5087,https://www.youtube.com/watch?v=4cbDq5arVLs,0,0,0,,4607,625,513,1025,https://www.twitch.tv/videos/2877437140
14a9a08fbdc641e8ac8c384dedfccf0a,63100,7766231,9505,4238,102464,https://www.youtube.com/watch?v=R299Z9seL8g,8208,3817,16066,https://www.youtube.com/watch?v=GHBo7rwBTVc,102464,30051,102464,https://www.youtube.com/watch?v=R299Z9seL8g,21851,13539,3142,32191,https://www.twitch.tv/videos/2864082563
99f6f80397b34d0b9a0cfd40f3801a35,61400,3454297,6835,1514,6835,https://www.youtube.com/watch?v=WiAlu_lgzK4,0,0,0,,6835,1514,6835,https://www.youtube.com/watch?v=WiAlu_lgzK4,32764,4965,800,17194,https://www.twitch.tv/videos/2864930095
a8ce4642418b4fe8ba1471a32097f4c4,61300,3954526,1377,764,2629,https://www.youtube.com/watch?v=opM3MQ4x0ss,1352,938,2527,https://www.youtube.com/watch?v=LiWx45OiXfE,1678,564,2629,https://www.youtube.com/watch?v=opM3MQ4x0ss,0,0,0,0,
5a934764983e45959855735b79bcc90e,60900,3084194,3150,2195,11762,https://www.youtube.com/watch?v=vRy65p-5U6k,3150,2195,5257,https://www.youtube.com/watch?v=BYj12hnjtpM,3746,2091,11762,https://www.youtube.com/watch?v=vRy65p-5U6k,12439,966,460,4073,https://www.twitch.tv/videos/2854962589
512b64ec20174d018540516e9edf2b2f,60800,7296603,1039,697,1739,https://www.youtube.com/watch?v=Mt28iPTkORk,1039,697,1739,https://www.youtube.com/watch?v=Mt28iPTkORk,0,0,0,,1239,0,0,0,
e113ace92bbe445385bcc4635a9ca570,59100,13724,0,0,0,,0,0,0,,0,0,0,,0,0,0,0,
920d34819cf944e99cf469f7552d535f,58800,19235864,39130,20450,57859,https://www.youtube.com/watch?v=HNVdDn13RiU,42557,24808,57859,https://www.youtube.com/watch?v=HNVdDn13RiU,36155,17178,50624,https://www.youtube.com/watch?v=Gy62yAYcPXY,9797,5855,5500,9519,https://www.twitch.tv/videos/2877358407
8a4988902b5640e6ae1829285307c636,58400,4693348,0,0,0,,0,0,0,,0,0,0,,0,0,0,0,
f985903969ad4e8b839e919aabe94480,58300,1117437,0,0,0,,0,0,0,,0,0,0,,0,0,0,0,
729621ce509b4641ad8cde76dec037d0,57600,3270052,1720,991,6032,https://www.youtube.com/watch?v=2V4un4gI-iI,1720,991,6032,https://www.youtube.com/watch?v=2V4un4gI-iI,0,0,0,,5791,4567,3822,6300,https://www.twitch.tv/videos/2875995870
ba59bb31bbcd4cf3a481c4cf72918fb0,57600,8945342,4683,1669,5947,https://www.youtube.com/watch?v=mX1fgoNx2Vo,4657,2178,5947,https://www.youtube.com/watch?v=mX1fgoNx2Vo,5837,717,5837,https://www.youtube.com/watch?v=NHbMaIa3rJo,0,0,0,0,
cbb5df4184f04027b8a550d648d79eeb,57500,6651791,13283,6597,30540,https://www.youtube.com/watch?v=tmU-V3QiJzU,10810,4192,11939,https://www.youtube.com/watch?v=lnjnrZoDj0I,14292,8281,30540,https://www.youtube.com/watch?v=tmU-V3QiJzU,0,0,0,0,
6aefa292dc61441e98c787efb0067922,57300,3169507,2306,1276,5418,https://www.youtube.com/watch?v=RhBJI4TM6sY,2278,1211,5175,https://www.youtube.com/watch?v=cYhAcmGTtOU,4642,1975,5418,https://www.youtube.com/watch?v=RhBJI4TM6sY,11082,1135,597,3257,https://www.twitch.tv/videos/2873658272
e14d4aac184c4ccdba6f2a9718cfea62,56900,3337490,1156,680,4887,https://www.youtube.com/watch?v=gPKr5iLaRKw,1117,644,4592,https://www.youtube.com/watch?v=ZNXXjzkR5Vc,3491,2984,4887,https://www.youtube.com/watch?v=gPKr5iLaRKw,2906,312,288,370,https://www.twitch.tv/videos/2875616941
a000aa1d3ea7489c993277d33ab2457e,55600,6278189,8227,3481,22057,https://www.youtube.com/watch?v=0FnNmFG17Ms,7227,3548,10641,https://www.youtube.com/watch?v=ZxhkI-7Z7T4,10932,3481,22057,https://www.youtube.com/watch?v=0FnNmFG17Ms,57152,25748,12251,86116,https://www.twitch.tv/videos/2862295130
626750f4e7a745619c171c44fb1efcc0,55500,8015684,1981,746,12757,https://www.youtube.com/watch?v=uZwZDJlp45c,1894,663,12757,https://www.youtube.com/watch?v=uZwZDJlp45c,2000,1232,8290,https://www.youtube.com/watch?v=IKwz7b5xbJ0,11684,461,245,868,https://www.twitch.tv/videos/2864904542
c88554bbf263412da16e7a17fd03e467,55300,5394385,9885,6440,317132,https://www.youtube.com/watch?v=M-h52XGDDGQ,6700,2850,56211,https://www.youtube.com/watch?v=tzuLvS49Gzc,72623,32521,317132,https://www.youtube.com/watch?v=M-h52XGDDGQ,0,0,0,0,
3bc36efc33ba4410be1d509a39074ceb,55000,6400810,29328,13451,37600,https://www.youtube.com/watch?v=UTzjLz-Ey4s,29328,9675,35630,https://www.youtube.com/watch?v=tO8HSQxJeJM,31934,25640,37600,https://www.youtube.com/watch?v=UTzjLz-Ey4s,29355,17188,11864,28095,https://www.twitch.tv/videos/2869431761
6c88799c6f45407faf0f9ea007b0dcab,54800,4705680,4000,2389,76863,https://www.youtube.com/watch?v=1HLjNzGtyxI,3269,1463,5445,https://www.youtube.com/watch?v=7lBDqdpyISM,13634,6528,76863,https://www.youtube.com/watch?v=1HLjNzGtyxI,0,0,0,0,
2db2ffc41ff340a990a6d4dcec000d08,54600,5788131,29467,10840,107315,https://www.youtube.com/watch?v=70mCm7QXF4E,17558,8130,29701,https://www.youtube.com/watch?v=M6kW5WjMLdI,82901,42078,107315,https://www.youtube.com/watch?v=70mCm7QXF4E,35186,21564,5886,77196,https://www.twitch.tv/videos/2873118519
0eb515afbb9347529a406e91a07cde90,53300,4219084,23479,11024,78647,https://www.youtube.com/watch?v=8sd5JzEpHYA,10809,8981,23479,https://www.youtube.com/watch?v=OtpIQKJ_51w,37697,32121,78647,https://www.youtube.com/watch?v=8sd5JzEpHYA,23086,8708,2279,11588,https://www.twitch.tv/videos/2869465114
ce2a2c07a74640fc8d3b39d022b16dd9,53100,5087785,1705,919,4544,https://www.youtube.com/watch?v=oPv8fGicZRg,1705,919,4544,https://www.youtube.com/watch?v=oPv8fGicZRg,0,0,0,,0,0,0,0,
66c812bb04844241af1d1c7539b5e251,53100,39016433,848,392,3961,https://www.youtube.com/watch?v=GjkertIC8wE,978,568,3961,https://www.youtube.com/watch?v=GjkertIC8wE,647,321,984,https://www.youtube.com/watch?v=m6BmS3W7Wx4,1072,45,42,94,https://www.twitch.tv/videos/2876498095
658e63bebdca421ca934b0bf6aa2bcd8,52900,6430205,3988,1673,7359,https://www.youtube.com/watch?v=G4fKV6Awh6Q,3988,1563,7359,https://www.youtube.com/watch?v=G4fKV6Awh6Q,3178,2562,5000,https://www.youtube.com/watch?v=JYFCyKd1X5U,11073,0,0,0,
927ce160c29f4465ba196c3e1b8fee1c,52800,3421624,2283,1001,3902,https://www.youtube.com/watch?v=W_EfL5jreOI,2283,1001,3902,https://www.youtube.com/watch?v=W_EfL5jreOI,0,0,0,,5137,761,292,3113,https://www.twitch.tv/videos/2859801249
1cfadb0d2e154a258c3177ff8264336f,52500,4887277,6028,5603,252207,https://www.youtube.com/watch?v=bADx8lQONo4,6028,5603,252207,https://www.youtube.com/watch?v=bADx8lQONo4,0,0,0,,0,0,0,0,
60282d578bb747b8b232dba81168a5b6,52200,5524353,5208,2156,5683,https://www.youtube.com/watch?v=HpWmnbzMFnY,0,0,0,,5208,2156,5683,https://www.youtube.com/watch?v=HpWmnbzMFnY,0,0,0,0,
e350c8b7e41045419ee1ac73bc78921b,51900,5812231,2234,1262,27481,https://www.youtube.com/watch?v=vOB8cge0CCY,2134,1155,3606,https://www.youtube.com/watch?v=AcszBLwoE4k,4848,1625,27481,https://www.youtube.com/watch?v=vOB8cge0CCY,0,0,0,0,
7d66bf98da354f72baee891cdd91855b,51400,5581590,5425,2639,27531,https://www.youtube.com/watch?v=K47GkJdlyqE,5047,2206,7610,https://www.youtube.com/watch?v=EaiEK2GrfPk,8842,5188,27531,https://www.youtube.com/watch?v=K47GkJdlyqE,0,0,0,0,
3681a0b4e4bd48888473b1884f6ee420,50900,6180547,2116,1165,12802,https://www.youtube.com/watch?v=pze6Bstr09s,1756,1114,6927,https://www.youtube.com/watch?v=jEk7AiMdpAs,8143,4322,12802,https://www.youtube.com/watch?v=pze6Bstr09s,0,0,0,0,
177fe395a2704d10add06cb1466fa254,50400,5609970,22999,9576,148268,https://www.youtube.com/watch?v=JINlnvGikR0,16230,8507,29537,https://www.youtube.com/watch?v=EP5ZuB_s5xs,33234,14270,148268,https://www.youtube.com/watch?v=JINlnvGikR0,40268,25467,8515,62264,https://www.twitch.tv/videos/2854961928
50a0835b66844b0ab84f573934f20989,50200,2677280,4331,2755,7541,https://www.youtube.com/watch?v=y5XPzIuoXN4,4331,2755,7541,https://www.youtube.com/watch?v=y5XPzIuoXN4,0,0,0,,0,0,0,0,
4c3cae772e974f8fb8e04f4cc9c8cd8d,49700,3514043,3032,1804,7135,https://www.youtube.com/watch?v=jgn30Y01XgA,3029,1729,7135,https://www.youtube.com/watch?v=jgn30Y01XgA,3540,2396,5887,https://www.youtube.com/watch?v=mjHr41T2wVM,0,0,0,0,
fe1abd28f3114015ac31ae1821e8dd3f,48200,1918917,1948,986,5226,https://www.youtube.com/watch?v=7rQjPo5G5PA,1726,959,5226,https://www.youtube.com/watch?v=7rQjPo5G5PA,2759,1994,2759,https://www.youtube.com/watch?v=yVpYm6IGG2E,5107,418,396,1017,https://www.twitch.tv/videos/2866829273
5c4241def363418d9b7167d8369d0350,47900,0,0,0,0,,0,0,0,,0,0,0,,45,0,0,0,
575d15d21f7240e1ad72935bf7fa0465,47800,1826673,1087,519,2929,https://www.youtube.com/watch?v=uzR6RtQYda4,913,231,2575,https://www.youtube.com/watch?v=UujAh30zhnw,2335,1407,2929,https://www.youtube.com/watch?v=uzR6RtQYda4,0,0,0,0,
a0d4fad2fd3d4e4981947642a9dbafc4,47800,4219599,6309,4690,77868,https://www.youtube.com/watch?v=6VUG7lxcIUg,6004,4476,18425,https://www.youtube.com/watch?v=2g-rvbVUNcg,77273,40474,77868,https://www.youtube.com/watch?v=6VUG7lxcIUg,13506,2787,1568,5792,https://www.twitch.tv/videos/2855125489
9a496e9b261f401dba4991a9f4c7048e,47700,2046845,1680,941,4961,https://www.youtube.com/watch?v=hJpg8K8Gv0c,1647,910,4961,https://www.youtube.com/watch?v=hJpg8K8Gv0c,3167,1194,3818,https://www.youtube.com/watch?v=bnCPEklwGDc,0,0,0,0,
ebe5c5f9d67f44f3bc5e70b413ce9df7,47700,2466591,1543,905,2224,https://www.youtube.com/watch?v=6P13gEmElMw,1543,905,2224,https://www.youtube.com/watch?v=6P13gEmElMw,0,0,0,,12235,790,71,1123,https://www.twitch.tv/videos/2874728583
22ca620b93c94e5cb48175bbecf8d3af,47600,5612054,3281,1635,3948,https://www.youtube.com/watch?v=K6aK3-Rc5ew,3281,1635,3948,https://www.youtube.com/watch?v=K6aK3-Rc5ew,0,0,0,,0,0,0,0,
2760c9a44c20464d8e140e6367ed1cdf,47400,2577018,1163,527,2317,https://www.youtube.com/watch?v=QTRXBfSpV4M,1163,527,2317,https://www.youtube.com/watch?v=QTRXBfSpV4M,0,0,0,,2636,805,489,805,https://www.twitch.tv/videos/2868383562
64c779f8cc214e7a9b570c7b3fc128cc,46800,4066990,0,0,0,,0,0,0,,0,0,0,,4603,0,0,0,
c41044006a014ed28107f33221a7de98,46800,4452550,1903,1221,2401,https://www.youtube.com/watch?v=yHKtlJeuGFc,1903,1221,2401,https://www.youtube.com/watch?v=yHKtlJeuGFc,0,0,0,,5261,0,0,0,
c25e6f38d6df447e84c4747ba6ac75cc,46700,2120304,3155,1296,18544,https://www.youtube.com/watch?v=UK9EIKXNGmE,3555,1906,18544,https://www.youtube.com/watch?v=UK9EIKXNGmE,2471,1123,7661,https://www.youtube.com/watch?v=8Ph3srL7NdQ,0,0,0,0,
3d786b116dbc437e8684d7b46567a1e5,46700,1857843,3261,2707,12205,https://www.youtube.com/watch?v=PnBfl6oKw_w,3065,1982,8328,https://www.youtube.com/watch?v=_oKqmc5UWdA,10169,8412,12205,https://www.youtube.com/watch?v=PnBfl6oKw_w,10342,1921,1056,2928,https://www.twitch.tv/videos/2861651849
21d5855a8c7d4461b286d40c167ac093,46300,5285523,2194,1161,7702,https://www.youtube.com/watch?v=CXRiRkvTYwo,2194,1161,7702,https://www.youtube.com/watch?v=CXRiRkvTYwo,0,0,0,,1554,1798,68,1798,https://www.twitch.tv/videos/2852835707
5f6f102dd7cc4bfaa99e4cde16b85290,45700,2613211,2822,1389,5300,https://www.youtube.com/watch?v=qwIWmMY_qnk,2916,1438,5300,https://www.youtube.com/watch?v=qwIWmMY_qnk,900,72,900,https://www.youtube.com/watch?v=WobTLFyMNqw,10073,2997,948,9641,https://www.twitch.tv/videos/2857619247
a9f28d3e3d2a4ecb93ff10955be791d1,45500,3547113,4233,2078,10165,https://www.youtube.com/watch?v=WUyykdGpZkc,3904,2376,10165,https://www.youtube.com/watch?v=WUyykdGpZkc,7816,1470,7816,https://www.youtube.com/watch?v=CdHuCSYG6ig,18153,2505,1499,5026,https://www.twitch.tv/videos/2870236563
20f0e269ce554a00920de0444bc22aaf,45500,4332924,1396,576,10490,https://www.youtube.com/watch?v=1M3YjvjY5as,999,527,3014,https://www.youtube.com/watch?v=yTZNan8hknc,1654,616,10490,https://www.youtube.com/watch?v=1M3YjvjY5as,0,0,0,0,
0825b7bbb6134dbc98a132cc1782fb1f,45000,2354610,880,442,2536,https://www.youtube.com/watch?v=fmsn9ftfHNU,880,442,2536,https://www.youtube.com/watch?v=fmsn9ftfHNU,0,0,0,,0,0,0,0,
4d0cbf91a5cb4524862207c5d406d98c,44800,2937642,4410,2173,31987,https://www.youtube.com/watch?v=fUSXrvXy4YQ,4616,2173,7204,https://www.youtube.com/watch?v=EDEpKmSgiI8,3373,2045,31987,https://www.youtube.com/watch?v=fUSXrvXy4YQ,0,0,0,0,
1c6ebd51e0fc4ebab88347e853335c87,44800,2385033,3435,1709,17436,https://www.youtube.com/watch?v=gVyTzKQaT98,2563,1709,6159,https://www.youtube.com/watch?v=LG45z_8hQAk,3450,1860,17436,https://www.youtube.com/watch?v=gVyTzKQaT98,2093,450,295,450,https://www.twitch.tv/videos/2869531819
a85d79e2323b4869a6f784c51218cd37,44700,5586725,8099,4074,34372,https://www.youtube.com/watch?v=YH9QgTLw0BU,4976,2512,23458,https://www.youtube.com/watch?v=CFOwgqduBLU,12140,6216,34372,https://www.youtube.com/watch?v=YH9QgTLw0BU,2443,0,0,0,
4d856c2abee448b8941c27799bb8cb03,43900,1098877,4079,2829,26244,https://www.youtube.com/watch?v=AjIINhSH2fs,4160,2908,24086,https://www.youtube.com/watch?v=DEPBukQTYJ4,4050,2376,26244,https://www.youtube.com/watch?v=AjIINhSH2fs,0,0,0,0,
73b97b1a35c84579aa8ffcd6534efad3,43600,6360183,3105,1768,32525,https://www.youtube.com/watch?v=2krD0pyPKZw,2445,1816,4857,https://www.youtube.com/watch?v=VhXbn475hxU,5910,1768,32525,https://www.youtube.com/watch?v=2krD0pyPKZw,10857,0,0,0,
5e98938ba0624235863dd2af8017fbe6,43500,2424003,2000,1198,8360,https://www.youtube.com/watch?v=iw30MGf-H7U,2000,1385,3812,https://www.youtube.com/watch?v=3ZCUXjT-Uco,2064,1174,8360,https://www.youtube.com/watch?v=iw30MGf-H7U,5031,1749,915,2776,https://www.twitch.tv/videos/2858649721
e069724ddab54dd690d6c3425574effd,43100,7722775,3408,1989,17145,https://www.youtube.com/watch?v=TWll4lb5rLk,2948,1604,5284,https://www.youtube.com/watch?v=P6t3EE3LGMQ,9784,3181,17145,https://www.youtube.com/watch?v=TWll4lb5rLk,5524,961,580,1041,https://www.twitch.tv/videos/2863257765
dabf31fbee9b4214958603268d48b780,42600,1334796,3305,1975,7789,https://www.youtube.com/watch?v=MfxVfXZzFXE,3282,1975,6846,https://www.youtube.com/watch?v=AoS9ZburYJE,3359,1951,7789,https://www.youtube.com/watch?v=MfxVfXZzFXE,0,0,0,0,
a05be3d154824597b21375f53b244585,42200,4,0,0,0,,0,0,0,,0,0,0,,20700,0,0,0,
dee8efe8990e458c915e4f6a6a16b49f,42200,5284032,514,314,693,https://www.youtube.com/watch?v=DOjZWpO2-II,514,314,693,https://www.youtube.com/watch?v=DOjZWpO2-II,0,0,0,,3293,0,0,0,
ed426712876641848613137bef236d26,42100,4437937,4205,1867,12061,https://www.youtube.com/watch?v=gtfkWAcLZc0,3318,1572,4676,https://www.youtube.com/watch?v=DUeP8nJCHqM,4909,2075,12061,https://www.youtube.com/watch?v=gtfkWAcLZc0,10109,1303,500,2951,https://www.twitch.tv/videos/2868326625
8150f530d858418282811429cc32622b,41900,2554806,1033,430,4776,https://www.youtube.com/watch?v=vZfWkEPRMo0,940,404,3258,https://www.youtube.com/watch?v=4KbM1Y3MLlw,2727,498,4776,https://www.youtube.com/watch?v=vZfWkEPRMo0,13207,870,390,3180,https://www.twitch.tv/videos/2875370998
029dfaf0b42a45839661df6dc99efcdd,41600,1179954,0,0,0,,0,0,0,,0,0,0,,710,0,0,0,
59f5e287671149398135c5c08b5ed2f7,41600,1040523,1785,1044,7794,https://www.youtube.com/watch?v=nGm1TS96s3w,2321,1194,7794,https://www.youtube.com/watch?v=nGm1TS96s3w,1485,516,2335,https://www.youtube.com/watch?v=PetCCSzRp_0,470,0,0,0,
be6c475c291d45a0a7349abdb70be20d,41400,14362777,4380,1791,47777,https://www.youtube.com/watch?v=nBBfD94KQ8E,1708,140,4660,https://www.youtube.com/watch?v=XemFTlw2uqE,8375,3205,47777,https://www.youtube.com/watch?v=nBBfD94KQ8E,0,0,0,0,
f6a8c59d8b8d4e009d4e147ec268cd73,41000,2557647,3473,1646,12201,https://www.youtube.com/watch?v=8yYhGFeLdMA,3473,1646,12201,https://www.youtube.com/watch?v=8yYhGFeLdMA,0,0,0,,5014,0,0,0,
14770d49681b44c1a6a7fcbdc265f539,40800,2026179,4266,1893,5233,https://www.youtube.com/watch?v=mThOyOYAoxU,4266,1893,5233,https://www.youtube.com/watch?v=mThOyOYAoxU,0,0,0,,0,0,0,0,
d1694c709e0f489fbd07fc9bc67c0a66,40700,2126338,1832,653,3190,https://www.youtube.com/watch?v=CeiofIo5B24,1497,667,3190,https://www.youtube.com/watch?v=CeiofIo5B24,2042,387,2481,https://www.youtube.com/watch?v=Vjy0rhkS3zs,2982,531,356,835,https://www.twitch.tv/videos/2870088998
4b8137b8ba4e4a4dad994e2e07e351fe,40300,2527127,448,310,1638,https://www.youtube.com/watch?v=cUMes4MUB-M,448,310,1638,https://www.youtube.com/watch?v=cUMes4MUB-M,0,0,0,,2112,78,62,238,https://www.twitch.tv/videos/2865853604
7aba821c721e45bcb3d113652e9e8fb2,40200,1450288,2316,960,3856,https://www.youtube.com/watch?v=1Bn7pd5GnRM,2567,1400,3856,https://www.youtube.com/watch?v=1Bn7pd5GnRM,320,237,2320,https://www.youtube.com/watch?v=FSPnr19GKIs,2355,791,612,890,https://www.twitch.tv/videos/2872225570
6943bbfc993443d4b3853833b3bb1a66,40200,15089881,0,0,0,,0,0,0,,0,0,0,,0,0,0,0,
b0f523194beb4abca2b433e9e41d912c,40100,2352939,2726,1403,50101,https://www.youtube.com/watch?v=Vix8LvsYLog,2056,1403,5727,https://www.youtube.com/watch?v=GXFXukQejmo,6217,1743,50101,https://www.youtube.com/watch?v=Vix8LvsYLog,11985,0,0,0,
192d2decee72410e8346c135c4ac6e00,39700,1751481,3078,2339,6794,https://www.youtube.com/watch?v=YtNQCqL2XiI,3693,2571,6794,https://www.youtube.com/watch?v=YtNQCqL2XiI,1811,1313,2150,https://www.youtube.com/watch?v=qUMYY0wn2xk,2735,0,0,0,
6baf9b6a84a44ab3a6979d98bff7ee21,39700,2248232,3460,2020,22053,https://www.youtube.com/watch?v=sLloyrUEZyM,3460,1471,8660,https://www.youtube.com/watch?v=_hYaI1bMklQ,3948,2159,22053,https://www.youtube.com/watch?v=sLloyrUEZyM,2615,864,728,1334,https://www.twitch.tv/videos/2866818073
b42416c629e64c948f75aff4ff5c9a8a,39000,1305334,1728,647,1728,https://www.youtube.com/watch?v=xG8Fby0k54M,1728,647,1728,https://www.youtube.com/watch?v=xG8Fby0k54M,0,0,0,,4154,396,255,601,https://www.twitch.tv/videos/2876398125
e92219319c904d17ad14a223a304f7b5,38400,2833725,5870,2901,195735,https://www.youtube.com/watch?v=bzqAyeVUBds,4859,2314,7674,https://www.youtube.com/watch?v=FItkz1gSNEE,10438,6374,195735,https://www.youtube.com/watch?v=bzqAyeVUBds,587,0,0,0,
f928e57423634094b3d7d8461321c028,38400,1022567,1165,644,1794,https://www.youtube.com/watch?v=xpQ0oDpxOLY,1165,644,1794,https://www.youtube.com/watch?v=xpQ0oDpxOLY,0,0,0,,2953,0,0,0,
80f7b111f0e044abae4c37f6a96b5957,38400,1240550,986,538,3353,https://www.youtube.com/watch?v=GoVrO_8vlOg,938,538,1612,https://www.youtube.com/watch?v=rjKM4udQTVM,2265,608,3353,https://www.youtube.com/watch?v=GoVrO_8vlOg,0,0,0,0,
dad6fb7439d744739755a9a7c6c18d20,38100,3721471,3462,1725,6197,https://www.youtube.com/watch?v=2LD9MrcbxSE,3462,1199,6197,https://www.youtube.com/watch?v=2LD9MrcbxSE,4104,1887,5756,https://www.youtube.com/watch?v=FUkxA3UZblc,2919,0,0,0,
683c47ffba3246cb8574a6f2667208d1,38100,1542969,2237,1377,3581,https://www.youtube.com/watch?v=uH-jYB1kPZI,2883,2022,3581,https://www.youtube.com/watch?v=uH-jYB1kPZI,1591,732,1591,https://www.youtube.com/watch?v=YsGCU1BUzDI,13992,6475,3317,12344,https://www.twitch.tv/videos/2862147067
bf3356cfb2754286af9b6bb1665f56bd,37500,1063242,1021,491,1657,https://www.youtube.com/watch?v=i1fRs9GhuE8,966,504,1453,https://www.youtube.com/watch?v=4Dp3ENy4DMU,1395,235,1657,https://www.youtube.com/watch?v=i1fRs9GhuE8,351,0,0,0,
84d68bef71304aa089c10d2c33c9a107,37500,4091153,2831,1408,4106,https://www.youtube.com/watch?v=RSH5GnSUfaQ,2831,1408,4106,https://www.youtube.com/watch?v=RSH5GnSUfaQ,0,0,0,,0,0,0,0,
62e5d9c4ad1e4d7a9fb61fe531c4b940,37100,101939,0,0,0,,0,0,0,,0,0,0,,0,0,0,0,
6929e06cd9ed49739cadaa35115847c7,37000,2774108,3716,1555,138528,https://www.youtube.com/watch?v=6o0hPI1jykg,3164,1586,8669,https://www.youtube.com/watch?v=DziRHVCw2WQ,4195,1203,138528,https://www.youtube.com/watch?v=6o0hPI1jykg,0,0,0,0,
491a6000ce4b472c9b4f8c1dcfdb772c,36800,12195438,9835,2676,169514,https://www.youtube.com/watch?v=esf70T9WtXw,1832,1030,4244,https://www.youtube.com/watch?v=Da47bKs8aqg,21081,10673,169514,https://www.youtube.com/watch?v=esf70T9WtXw,1269,0,0,0,
f928118054aa4e11aa4ec88504d8b886,36300,2220823,1733,649,4445,https://www.youtube.com/watch?v=FzW9uYMr0-8,973,104,1733,https://www.youtube.com/watch?v=bzYqarImK1E,2585,956,4445,https://www.youtube.com/watch?v=FzW9uYMr0-8,2747,303,192,392,https://www.twitch.tv/videos/2867704675
5c7beefaa54444e3b0443d7abd93c1f7,36200,4260048,0,0,0,,0,0,0,,0,0,0,,4468,390,217,711,https://www.twitch.tv/videos/2860489875
55be1972142c44799f83ce3db4f14fbd,36000,3664874,1476,825,8229,https://www.youtube.com/watch?v=G-EMW76WjLo,1423,804,2209,https://www.youtube.com/watch?v=S3nKYXbU1KM,2194,1128,8229,https://www.youtube.com/watch?v=G-EMW76WjLo,0,0,0,0,
6af8929143294c72b25a7108e79e2faf,35200,2456084,1075,927,4458,https://www.youtube.com/watch?v=1COp--4ad6M,1075,927,4458,https://www.youtube.com/watch?v=1COp--4ad6M,0,0,0,,0,0,0,0,
b08047f2566246ac995e03a5db727cfe,34900,94839,0,0,0,,0,0,0,,0,0,0,,7213,0,0,0,
13a4e83f2bbc4d18bb27520a4dceef72,34800,9453873,56589,19534,76107,https://www.youtube.com/watch?v=NJ8O_h45yDM,0,0,0,,56589,19534,76107,https://www.youtube.com/watch?v=NJ8O_h45yDM,64852,24930,9427,67621,https://www.twitch.tv/videos/2855005351
32b5b05c6e0f4747a8c0932d06f97f8c,34800,2348698,2426,838,4851,https://www.youtube.com/watch?v=DPQRDDke6UQ,2071,803,4851,https://www.youtube.com/watch?v=DPQRDDke6UQ,3218,1898,3218,https://www.youtube.com/watch?v=ZoZr9ZkD-Cc,5006,938,882,1002,https://www.twitch.tv/videos/2877408712
8267ea37c12a471a8a038f501832e099,34700,2532186,2588,1495,4441,https://www.youtube.com/watch?v=TadIMiP9b_w,0,0,0,,2588,1495,4441,https://www.youtube.com/watch?v=TadIMiP9b_w,0,0,0,0,
84a911e2b05f4919a32e0c1618e32a7d,34700,1144133,1566,1269,3497,https://www.youtube.com/watch?v=JHhjvTYCdaY,1566,1269,3497,https://www.youtube.com/watch?v=JHhjvTYCdaY,0,0,0,,0,0,0,0,
e1b2266a00c04e81bd868ae2fbff7848,33900,2114116,3773,1231,25675,https://www.youtube.com/watch?v=jETqkKz8S1M,14148,6317,25675,https://www.youtube.com/watch?v=jETqkKz8S1M,3773,1231,6597,https://www.youtube.com/watch?v=F3VFvKlRteQ,0,0,0,0,
ad56a56e509c4b6fa0cf11ca959e3c72,33100,273970,1483,875,3804,https://www.youtube.com/watch?v=1e3kAOQ5Gmw,1453,891,3804,https://www.youtube.com/watch?v=1e3kAOQ5Gmw,2027,838,2621,https://www.youtube.com/watch?v=h30NhFLMo-E,138,0,0,0,
93bad1d4b0c54c8781e3775d13a62c38,33000,1113320,491,208,891,https://www.youtube.com/watch?v=rpB7OvvGfNQ,491,208,891,https://www.youtube.com/watch?v=rpB7OvvGfNQ,0,0,0,,679,0,0,0,
670990d65f7b459ba2a3728c39d4cb9a,32900,2037103,50379,19751,98498,https://www.youtube.com/watch?v=MlzoZ6RHyqM,74438,71944,98498,https://www.youtube.com/watch?v=MlzoZ6RHyqM,24042,5530,90492,https://www.youtube.com/watch?v=nEJU7UU3X0k,3821,0,0,0,
1edf4940878546569e52dd06c95b8581,32800,2944670,1714,1079,7103,https://www.youtube.com/watch?v=r3Vwn6f7NI4,1774,1195,7103,https://www.youtube.com/watch?v=r3Vwn6f7NI4,1385,1053,1722,https://www.youtube.com/watch?v=KzxqooybkU8,0,0,0,0,
334133534368487780dfa99b7c9f5949,32800,19133437,0,0,0,,0,0,0,,0,0,0,,0,0,0,0,
31f17632340f4e7fbd0ced07193dd81b,32700,1059859,1270,684,5022,https://www.youtube.com/watch?v=3oDhfFlgck4,1172,576,5022,https://www.youtube.com/watch?v=3oDhfFlgck4,1516,994,1516,https://www.youtube.com/watch?v=GSHhyZ6Tgo4,0,0,0,0,
099a5fd0d27d4fc892f684793ac18c99,32400,4381878,1611,1264,24338,https://www.youtube.com/watch?v=AnOtbo590AM,1027,613,1709,https://www.youtube.com/watch?v=uRnFlEcFk14,2363,1791,24338,https://www.youtube.com/watch?v=AnOtbo590AM,0,0,0,0,
9ca368e73d514656ade48dc946f55956,32400,4233116,1398,831,1639,https://www.youtube.com/watch?v=zKy4vxJYOJw,0,0,0,,1398,831,1639,https://www.youtube.com/watch?v=zKy4vxJYOJw,9356,422,241,1213,https://www.twitch.tv/videos/2867727418
0f2ad43c618943d19d5101f2d3c49ac9,32400,1578692,1415,245,2681,https://www.youtube.com/watch?v=bBB0H-jVdJ8,0,0,0,,1415,245,2681,https://www.youtube.com/watch?v=bBB0H-jVdJ8,175,0,0,0,
d33940525b7f4b9db9ce85e08b4c175e,32200,343038,1537,1465,1537,https://www.youtube.com/watch?v=bJVu2_2lp_8,0,0,0,,1537,1465,1537,https://www.youtube.com/watch?v=bJVu2_2lp_8,8609,0,0,0,
9f649d90164140bdb0e38f7e835c183b,31900,2071496,1497,796,8735,https://www.youtube.com/watch?v=g8dQ4rvbFPk,1200,762,2001,https://www.youtube.com/watch?v=oOeoAkGHn_E,1941,1387,8735,https://www.youtube.com/watch?v=g8dQ4rvbFPk,0,0,0,0,
e343e3fdc52f47a7bd5dbd793ccf8916,31700,2219829,2581,1849,23535,https://www.youtube.com/watch?v=DL8BLZRsAz8,2274,1597,5287,https://www.youtube.com/watch?v=338h-8Sd0KQ,3388,1849,23535,https://www.youtube.com/watch?v=DL8BLZRsAz8,0,0,0,0,
e150e350532b4327b26989dd43cd3bad,31200,2006220,0,0,0,,0,0,0,,0,0,0,,1077,0,0,0,
691e8a5f258c4c17b70b6b489b0ad04d,31100,3225222,2173,1228,9286,https://www.youtube.com/watch?v=IfDNIj9tflY,1996,889,3873,https://www.youtube.com/watch?v=y5UHdPf4cFo,3497,2328,9286,https://www.youtube.com/watch?v=IfDNIj9tflY,1385,0,0,0,
660531d691fb49c6a454bff9b0fb8c9e,30600,1000057,0,0,0,,0,0,0,,0,0,0,,1479,0,0,0,
9af7c10c618844f08a327d38753124bd,30500,1599771,8444,2440,54225,https://www.youtube.com/watch?v=NwkhroXtX6M,0,0,0,,8444,2440,54225,https://www.youtube.com/watch?v=NwkhroXtX6M,18417,814,470,3266,https://www.twitch.tv/videos/2865743268
d81d1032a43642eca36e82ba9a3c39c5,30500,1201651,0,0,0,,0,0,0,,0,0,0,,11601,414,167,723,https://www.twitch.tv/videos/2867732077
9e05802075c343a3bf2778550d5157da,30500,1734869,2171,521,11273,https://www.youtube.com/watch?v=_c4jxfLy_QY,232,104,839,https://www.youtube.com/watch?v=7O2qFmeqYPk,3881,2048,11273,https://www.youtube.com/watch?v=_c4jxfLy_QY,0,0,0,0,
14d83faa414c415097d577d2da9636ce,30500,1217091,561,369,6006,https://www.youtube.com/watch?v=FWF9Z--m9rU,488,227,635,https://www.youtube.com/watch?v=-LXsUhNbOTo,6006,4508,6006,https://www.youtube.com/watch?v=FWF9Z--m9rU,0,0,0,0,
d35707348d554507a98f97eb59230efc,30400,2355699,1434,707,5739,https://www.youtube.com/watch?v=bYigzMW3hWI,1633,832,2784,https://www.youtube.com/watch?v=DKo4ezX8lSQ,1378,475,5739,https://www.youtube.com/watch?v=bYigzMW3hWI,5250,573,280,1262,https://www.twitch.tv/videos/2863793487
e73551cd98ec47388899522353fc89e3,30300,2147889,0,0,0,,0,0,0,,0,0,0,,525,0,0,0,
0247d07842794dccb043e0b10a888d30,30200,1173933,88492,26150,154091,https://www.youtube.com/watch?v=khPDxOuvqhM,69981,69485,69981,https://www.youtube.com/watch?v=HlVm3K-cbF0,88695,22444,154091,https://www.youtube.com/watch?v=khPDxOuvqhM,3715,0,0,0,
1f54bc2ce03344728234e590bfb0134f,30100,0,0,0,0,,0,0,0,,0,0,0,,1364,0,0,0,
bac1f0b8e8d149d4a48cfd30d7d7ad74,29900,2367561,998,498,3394,https://www.youtube.com/watch?v=lOlHZkdOuaM,924,548,1126,https://www.youtube.com/watch?v=UegM7n6flNM,1770,389,3394,https://www.youtube.com/watch?v=lOlHZkdOuaM,0,0,0,0,
5b996b6eca90491cb8e1a43de23b2388,29700,4958,0,0,0,,0,0,0,,0,0,0,,0,0,0,0,
b6f68e0e323f45458752f3a7ec6a08f2,29700,2544871,2687,1624,3511,https://www.youtube.com/watch?v=2yRFsvmT3fw,2955,2317,2955,https://www.youtube.com/watch?v=hb3EkjzHLxE,2419,1086,3511,https://www.youtube.com/watch?v=2yRFsvmT3fw,4652,1534,443,2527,https://www.twitch.tv/videos/2861294554
6548fd18ecf84bd88112cd5babfa2a66,29600,947614,1570,776,6940,https://www.youtube.com/watch?v=rjAybFjBrM4,1206,776,2563,https://www.youtube.com/watch?v=4HptAIR-tAI,3200,1028,6940,https://www.youtube.com/watch?v=rjAybFjBrM4,2567,0,0,0,
f0b85b56d1d84085aca5ab7f592bd7da,29500,2637446,634,388,2166,https://www.youtube.com/watch?v=mOSDBUDLG2E,633,354,829,https://www.youtube.com/watch?v=-40lZKNSqR4,1522,950,2166,https://www.youtube.com/watch?v=mOSDBUDLG2E,0,0,0,0,
02d67d58d59644be9cdf0b1179419637,29500,2089183,409,178,2032,https://www.youtube.com/watch?v=vdl08D99f-8,256,41,563,https://www.youtube.com/watch?v=edR0cGj-rGw,2032,315,2032,https://www.youtube.com/watch?v=vdl08D99f-8,2728,307,212,833,https://www.twitch.tv/videos/2871967057
aa1ff405338c41b98ff7197eb4d90349,29400,1352724,2186,1073,4382,https://www.youtube.com/watch?v=4PvD8jJHjeY,2186,1073,4382,https://www.youtube.com/watch?v=4PvD8jJHjeY,0,0,0,,0,0,0,0,
fe569b0c059e406daf57eb2acd11cc21,29400,1847652,1263,499,7094,https://www.youtube.com/watch?v=8r8EpCGbyy8,1224,422,7094,https://www.youtube.com/watch?v=8r8EpCGbyy8,1739,1558,1739,https://www.youtube.com/watch?v=OhIVmjFzSG0,0,0,0,0,
4fd17e8877024633876c5d85bc81e56b,29300,4425060,1806,953,5564,https://www.youtube.com/watch?v=xf1yaTDr-pM,1575,914,5564,https://www.youtube.com/watch?v=xf1yaTDr-pM,2882,1058,3465,https://www.youtube.com/watch?v=YcsDE8r5g8c,0,0,0,0,
bc0b8c437eda4361b2a10003013f49cf,29200,318908,0,0,0,,0,0,0,,0,0,0,,0,0,0,0,
6f9d63518a69442a88ac602a3b37bf18,29200,1852633,1138,564,17963,https://www.youtube.com/watch?v=RhHFog5plbs,963,567,1569,https://www.youtube.com/watch?v=YA5VIfr28xk,1430,539,17963,https://www.youtube.com/watch?v=RhHFog5plbs,0,0,0,0,
8a0b024373544f31b54e5a6cadb124dc,29100,2194620,2466,1265,10924,https://www.youtube.com/watch?v=tWzhcML3VLA,2169,1029,5009,https://www.youtube.com/watch?v=Oh3SXBYTCqs,8474,6063,10924,https://www.youtube.com/watch?v=tWzhcML3VLA,2027,0,0,0,
5ba11a0bf35147d499259ad5608a7de1,29000,2328298,1658,766,6317,https://www.youtube.com/watch?v=YPBsMQgYviU,2295,1529,6317,https://www.youtube.com/watch?v=YPBsMQgYviU,1269,623,2010,https://www.youtube.com/watch?v=ElW33lQgCNw,4436,0,0,0,
73ae80b091f542358d7a5bf8905c28f3,28900,3096691,4155,1672,6859,https://www.youtube.com/watch?v=t2FXB9itP10,2714,1672,3530,https://www.youtube.com/watch?v=vA9p-iRsjuI,5643,2040,6859,https://www.youtube.com/watch?v=t2FXB9itP10,7131,713,111,713,https://www.twitch.tv/videos/2856014831
3be86a2a9cb447f393d235132e157789,28800,2780808,2290,1099,9073,https://www.youtube.com/watch?v=zPeAyKb7qi4,2529,1552,9073,https://www.youtube.com/watch?v=zPeAyKb7qi4,1328,651,1328,https://www.youtube.com/watch?v=XtYIqEnpwRs,0,0,0,0,
f7c48554816643cdb8d343e6e9e6d313,28300,1591230,1499,759,2229,https://www.youtube.com/watch?v=re5Righ7vi0,1499,759,2229,https://www.youtube.com/watch?v=re5Righ7vi0,0,0,0,,13184,771,310,1539,https://www.twitch.tv/videos/2859715634
521fb650b9534787b19c8762957fb5d2,28300,0,0,0,0,,0,0,0,,0,0,0,,0,0,0,0,
19234cc590224c45912a14487f756dc5,28300,2223454,2508,1180,5857,https://www.youtube.com/watch?v=Av4GbsL3V58,0,0,0,,2508,1180,5857,https://www.youtube.com/watch?v=Av4GbsL3V58,13748,2176,836,4467,https://www.twitch.tv/videos/2868901673
3197e5649c65405cbbe6e5f1a44cf8e1,28200,1598678,1374,538,2908,https://www.youtube.com/watch?v=TuzTpgt6YDw,1374,568,2908,https://www.youtube.com/watch?v=TuzTpgt6YDw,1302,472,1828,https://www.youtube.com/watch?v=v-oHGb4IcuU,0,0,0,0,
d1dd83b6e8a24df4b61f766cff45113c,28100,16100099,2859,1020,9406,https://www.youtube.com/watch?v=fMO8_P0Eb1U,1692,542,3445,https://www.youtube.com/watch?v=OI_lZrO9Phw,4677,2633,9406,https://www.youtube.com/watch?v=fMO8_P0Eb1U,558,0,0,0,
03c018f2d3064da6ac4899bef1d600c5,27900,1228836,0,0,0,,0,0,0,,0,0,0,,40065,8797,4228,15852,https://www.twitch.tv/videos/2872105555
59110c6bf6e64ce6bdf86b40246dc106,27900,523739,0,0,0,,0,0,0,,0,0,0,,0,0,0,0,
a060cd640cf44c2bb8d78d8ff2411e68,27600,1997717,1585,944,2650,https://www.youtube.com/watch?v=xOlwyb6CwKg,1308,1108,1640,https://www.youtube.com/watch?v=0rEq_GvSSsI,1953,780,2650,https://www.youtube.com/watch?v=xOlwyb6CwKg,509,0,0,0,
5d00575c06d74f588238857d7dec1b02,27000,4144342,3246,1172,12713,https://www.youtube.com/watch?v=7055Jd1ooHs,3120,1824,3445,https://www.youtube.com/watch?v=axd-VZI-H-0,3373,521,12713,https://www.youtube.com/watch?v=7055Jd1ooHs,0,0,0,0,
7805f5aaa7be47878ebcf88c6ff4669a,26900,1703537,32873,9199,113489,https://www.youtube.com/watch?v=iMA0N-Eqrr4,0,0,0,,32873,9199,113489,https://www.youtube.com/watch?v=iMA0N-Eqrr4,3399,0,0,0,
30114f720b104e7f89d9dc0399a00dd4,26900,36043,0,0,0,,0,0,0,,0,0,0,,0,0,0,0,
25388daec64e40f38ca0e5a3a88fedb7,26800,1274848,2102,938,4721,https://www.youtube.com/watch?v=SaKEVk_GDic,1792,923,4721,https://www.youtube.com/watch?v=SaKEVk_GDic,3013,958,3013,https://www.youtube.com/watch?v=t7zgeatK-IU,3736,903,686,2321,https://www.twitch.tv/videos/2867393742
6ce5f9e78ea946d8a2fd4191005557aa,26500,870326,0,0,0,,0,0,0,,0,0,0,,635,0,0,0,
a667c79cb8284de29d5843dc3eafcc57,26400,632417,1012,666,16483,https://www.youtube.com/watch?v=3mXkmo2o1Kg,950,545,2558,https://www.youtube.com/watch?v=jvbbWzzU_I0,12819,3096,16483,https://www.youtube.com/watch?v=3mXkmo2o1Kg,0,0,0,0,
9335c3076be84149abfbef91ac0e9e68,26100,1059450,0,0,0,,0,0,0,,0,0,0,,1362,0,0,0,
f18407d79b4b43ffa6adf629d1723a8f,26000,1275,0,0,0,,0,0,0,,0,0,0,,0,0,0,0,
f2a403cb46354371837550730a397bd1,25700,1502526,723,328,1954,https://www.youtube.com/watch?v=mEvjefnnpoY,723,328,906,https://www.youtube.com/watch?v=_s9e60KNVkg,653,320,1954,https://www.youtube.com/watch?v=mEvjefnnpoY,0,0,0,0,
22c8ee785f7446e5978bab336fda92cb,25300,2302121,2495,1238,7652,https://www.youtube.com/watch?v=Tv0WwBW2MnA,3310,2160,7652,https://www.youtube.com/watch?v=Tv0WwBW2MnA,968,445,2730,https://www.youtube.com/watch?v=DYegCFzbmJg,0,0,0,0,
95de1fe6727944e68404aec425d09170,25200,0,0,0,0,,0,0,0,,0,0,0,,3271,0,0,0,
896f74ae454b42a890e413bddc690335,25200,0,0,0,0,,0,0,0,,0,0,0,,1405,0,0,0,
7754dca48f524b938314a2b346772e4e,25100,2160401,3444,2283,9535,https://www.youtube.com/watch?v=JsprlFVQm4k,3453,2349,6765,https://www.youtube.com/watch?v=vycGDmvrdho,3435,1130,9535,https://www.youtube.com/watch?v=JsprlFVQm4k,0,0,0,0,
b0fa9fc53f99425db4cca93d2d48a91f,24900,785071,0,0,0,,0,0,0,,0,0,0,,0,0,0,0,
8dbec1de49be44d897f1c894427f3165,24800,822243,2283,910,6431,https://www.youtube.com/watch?v=ChES2mlIkXo,2283,910,6431,https://www.youtube.com/watch?v=ChES2mlIkXo,2368,774,2603,https://www.youtube.com/watch?v=EH18vElSeSg,4021,309,224,412,https://www.twitch.tv/videos/2872104597
f0a395b14fa34e64ba1aaedb906c7dd3,24700,329715,0,0,0,,0,0,0,,0,0,0,,0,0,0,0,
9d0fb5c59ea745f09934f3cfd932c393,24700,3245942,1166,613,8370,https://www.youtube.com/watch?v=12iMdE0ends,709,403,1652,https://www.youtube.com/watch?v=eBwE1ySClPE,4269,2336,8370,https://www.youtube.com/watch?v=12iMdE0ends,0,0,0,0,
e7fd5d01e57c42658be2bf1e3ad5d696,24700,0,0,0,0,,0,0,0,,0,0,0,,0,0,0,0,
868f29ec868047fdb2a80a91f49fc55a,24600,0,0,0,0,,0,0,0,,0,0,0,,0,0,0,0,
239947732521428d946087065b7c8e17,24400,2048587,0,0,0,,0,0,0,,0,0,0,,0,0,0,0,
6dfe72bb90994dceb7b753908876307d,24100,1873250,1618,800,6193,https://www.youtube.com/watch?v=jfYdWr3MErY,1633,754,4316,https://www.youtube.com/watch?v=ZUMwtc6jGug,1354,1023,6193,https://www.youtube.com/watch?v=jfYdWr3MErY,0,0,0,0,
67d348e6690c43729cce031e70a26645,24100,1219703,0,0,0,,0,0,0,,0,0,0,,32399,7156,4887,21095,https://www.twitch.tv/videos/2872681286
28a930938667442288010b333937e2ab,24000,2198017,1884,1000,10217,https://www.youtube.com/watch?v=YEe-wXyRXDw,0,0,0,,1884,1000,10217,https://www.youtube.com/watch?v=YEe-wXyRXDw,10856,1493,858,1731,https://www.twitch.tv/videos/2854001997
de0e98c9266449b7874a942cbbb63a0d,24000,1767799,0,0,0,,0,0,0,,0,0,0,,3018,0,0,0,
f13832094d8b40fbb95d07732aa3c3c7,23900,565320,788,403,4952,https://www.youtube.com/watch?v=Lib_cyndCMk,750,403,4952,https://www.youtube.com/watch?v=Lib_cyndCMk,1128,419,2108,https://www.youtube.com/watch?v=Nh-H-705bsI,0,0,0,0,
365db081229a4efeb4630f19587a96b2,23900,1875061,2814,1416,6585,https://www.youtube.com/watch?v=P7DGkFPFu7Q,1660,1021,5629,https://www.youtube.com/watch?v=39pVnfXpwyk,3556,1664,6585,https://www.youtube.com/watch?v=P7DGkFPFu7Q,0,0,0,0,
3e19e054b479401da231ebc3d3fab628,23800,1108814,3644,1422,9441,https://www.youtube.com/watch?v=2N5lhy-1hws,2789,1350,5327,https://www.youtube.com/watch?v=AlKrnURAh_o,7498,1890,9441,https://www.youtube.com/watch?v=2N5lhy-1hws,0,0,0,0,
c0c35f0471774be2b33163ae20f2d6bb,23700,1639315,2937,1495,9896,https://www.youtube.com/watch?v=u1kPnOTRR2A,2718,1509,8084,https://www.youtube.com/watch?v=Yflth99_zpE,2968,1374,9896,https://www.youtube.com/watch?v=u1kPnOTRR2A,0,0,0,0,
1ac97b8deb08470dafc128557532dd52,23700,1628851,1352,467,9766,https://www.youtube.com/watch?v=DmAy_Ei_WIQ,629,249,1211,https://www.youtube.com/watch?v=aBwmC9JxZfg,1644,817,9766,https://www.youtube.com/watch?v=DmAy_Ei_WIQ,490,0,0,0,
824c0c36956f4a73bb3ec479dd8e4da8,23500,1056296,2227,2196,2227,https://www.youtube.com/watch?v=JbLz4JFFmS8,2227,2196,2227,https://www.youtube.com/watch?v=JbLz4JFFmS8,0,0,0,,2530,240,209,429,https://www.twitch.tv/videos/2872957843
dcebd098c3ea479ba2b0e32a2696a5ec,23400,963916,2216,1084,10101,https://www.youtube.com/watch?v=fqpLCjMzewQ,2216,1084,10101,https://www.youtube.com/watch?v=fqpLCjMzewQ,0,0,0,,0,0,0,0,
3e6a09fe4ef744f987e27ae0f06cdf09,23400,784941,1323,595,3617,https://www.youtube.com/watch?v=mzRJPTe2jLQ,1513,668,3617,https://www.youtube.com/watch?v=mzRJPTe2jLQ,1201,419,1323,https://www.youtube.com/watch?v=Z3k6PUDIq44,0,0,0,0,
ae4eaef845fc4daaa8106a51a590e145,23300,127788,0,0,0,,0,0,0,,0,0,0,,0,0,0,0,
7c00b7dc73a240dc84d68be389732a0c,23000,1129570,891,503,1555,https://www.youtube.com/watch?v=xMiJn_JA7HI,891,503,1555,https://www.youtube.com/watch?v=xMiJn_JA7HI,0,0,0,,0,0,0,0,
da4a58b114b94469a0a93f6b8ee7512d,23000,1289853,1816,915,2427,https://www.youtube.com/watch?v=0X196xxj65c,1816,915,2427,https://www.youtube.com/watch?v=0X196xxj65c,0,0,0,,12588,274,109,451,https://www.twitch.tv/videos/2855125123
18bd2d37e2e64f0cab20ec6a2b2f2474,22900,1149024,1603,1042,2612,https://www.youtube.com/watch?v=QB5fm_EEd4E,1542,1091,2612,https://www.youtube.com/watch?v=QB5fm_EEd4E,1665,703,2223,https://www.youtube.com/watch?v=oQn51tXREOc,3474,416,354,934,https://www.twitch.tv/videos/2866119832
75ddc749133b4c498eb35ceac1e2a0b2,22800,2872486,1497,795,4836,https://www.youtube.com/watch?v=-tK7Equ-24I,1467,794,2168,https://www.youtube.com/watch?v=Wr-hj4Ehw6c,1767,1051,4836,https://www.youtube.com/watch?v=-tK7Equ-24I,0,0,0,0,
2be709cdd22f4a63a95504731ba79afd,22800,1077772,0,0,0,,0,0,0,,0,0,0,,0,0,0,0,
3809ec8a42634d11aa1b7b8f99755c6a,22700,1966990,0,0,0,,0,0,0,,0,0,0,,68106,4237,2667,9235,https://www.twitch.tv/videos/2861768617
951dd0b605d04163b38de18262e9a438,22400,644887,0,0,0,,0,0,0,,0,0,0,,1465,0,0,0,
ffe3f2e400ab4237ac873ae9d5a0eda4,22300,1119944,2717,1390,17612,https://www.youtube.com/watch?v=YzcNo5ftF4Y,2688,1251,3901,https://www.youtube.com/watch?v=ZM08G0qYyRY,2717,1672,17612,https://www.youtube.com/watch?v=YzcNo5ftF4Y,0,0,0,0,
05317bcbe5f243abb85618d2669bd0d7,22100,462913,123,68,1070,https://www.youtube.com/watch?v=rlI5ug3UNCg,120,68,939,https://www.youtube.com/watch?v=Iwy1QTi0OAs,369,192,1070,https://www.youtube.com/watch?v=rlI5ug3UNCg,0,0,0,0,
e9a9d88bf69e4c83842fe05b3ae1601b,22100,1265007,0,0,0,,0,0,0,,0,0,0,,13656,1002,468,1274,https://www.twitch.tv/videos/2852322054
7870ac4364ca4c97a4dfe7474251bf5b,21700,1342884,4964,2088,42118,https://www.youtube.com/watch?v=CI5LgIewCxg,4964,2096,10158,https://www.youtube.com/watch?v=5MquXitAQ1g,23339,1480,42118,https://www.youtube.com/watch?v=CI5LgIewCxg,3007,6705,4854,12913,https://www.twitch.tv/videos/2873800799
2ba32c49f08849f9a109b7e485c9c5a5,21700,1183537,1986,1162,6013,https://www.youtube.com/watch?v=7yEpku8lfK4,1774,999,6013,https://www.youtube.com/watch?v=7yEpku8lfK4,2927,1274,4235,https://www.youtube.com/watch?v=RMS41bApLU0,0,0,0,0,
7cecb437e7a54e07a29c3a164565957d,21400,1348702,2717,1149,5144,https://www.youtube.com/watch?v=Ms-KxRoYrMI,2312,1149,3319,https://www.youtube.com/watch?v=YL3kq8r8pmc,3573,1429,5144,https://www.youtube.com/watch?v=Ms-KxRoYrMI,0,0,0,0,
60716febdfe949248e8f67d85634bec5,21400,8318320,708,552,1257,https://www.youtube.com/watch?v=0rlNyuLrWl0,126,43,126,https://www.youtube.com/watch?v=5l9wYholF9k,1204,987,1257,https://www.youtube.com/watch?v=0rlNyuLrWl0,0,0,0,0,
532b143e82d6452fac9a18d1d025a2af,21300,463422,0,0,0,,0,0,0,,0,0,0,,0,0,0,0,
b63a5ee44acf4498827a3fd984ab23e0,21200,1514939,1942,1218,2941,https://www.youtube.com/watch?v=gBEN6rA53Ho,1942,1218,2941,https://www.youtube.com/watch?v=gBEN6rA53Ho,0,0,0,,0,0,0,0,
ec4bc8d279af43eaba4679b762bbbc59,21200,841896,0,0,0,,0,0,0,,0,0,0,,0,0,0,0,
cd88de8b4bc84a71975df9afb42192b8,21200,712844,2547,1364,5803,https://www.youtube.com/watch?v=K9VbNw_75J4,2547,1364,5803,https://www.youtube.com/watch?v=K9VbNw_75J4,0,0,0,,4319,0,0,0,
2a310e9273014b12a0517d13d25697e1,21000,515943,0,0,0,,0,0,0,,0,0,0,,0,0,0,0,
a39733d216994010b34bf5033be01589,21000,1524294,3616,2002,10335,https://www.youtube.com/watch?v=w2XWxDy53es,3629,1859,10335,https://www.youtube.com/watch?v=w2XWxDy53es,3172,2197,5562,https://www.youtube.com/watch?v=6t3UVzCe_Qg,1191,418,260,418,https://www.twitch.tv/videos/2868643660
38fcf8bc7f3f45d68bab44577c019c84,21000,939926,984,567,2666,https://www.youtube.com/watch?v=Ek5mZIEtJ40,924,573,2666,https://www.youtube.com/watch?v=Ek5mZIEtJ40,1498,557,2016,https://www.youtube.com/watch?v=_M4UpUbKbB0,0,0,0,0,
adc9d30b5940427e96ae92238f0f8b83,20800,646205,989,569,3006,https://www.youtube.com/watch?v=70_h4MBuDPg,944,388,1910,https://www.youtube.com/watch?v=fmLJ9Zey8Gw,3006,2477,3006,https://www.youtube.com/watch?v=70_h4MBuDPg,901,0,0,0,
7081557634db487fa467b0bd2f939f66,20800,846141,0,0,0,,0,0,0,,0,0,0,,0,0,0,0,
53c811a3e7814de2b76dd4e0c241a9e5,20700,669474,403,162,1964,https://www.youtube.com/watch?v=NBYUgqj84Rw,403,162,1964,https://www.youtube.com/watch?v=NBYUgqj84Rw,0,0,0,,670,0,0,0,
aaa45dc386714427ba862f691d4471ac,20700,2056580,2904,1516,11527,https://www.youtube.com/watch?v=bmwJYmPv3io,1698,895,4713,https://www.youtube.com/watch?v=nQNckk_vq_c,4882,2039,11527,https://www.youtube.com/watch?v=bmwJYmPv3io,1747,558,442,1587,https://www.twitch.tv/videos/2876240367
accbad7e89df4174a13b68edcae74068,20700,848304,709,279,1369,https://www.youtube.com/watch?v=p7uXGRXls88,511,148,761,https://www.youtube.com/watch?v=Qb1IoCIEkdk,997,347,1369,https://www.youtube.com/watch?v=p7uXGRXls88,883,38,23,513,https://www.twitch.tv/videos/2873580333
ef67b676c0334ef182151f473469c1f1,20600,1490656,1554,658,5399,https://www.youtube.com/watch?v=0vcE9iFFe8A,1290,718,3122,https://www.youtube.com/watch?v=PhumIYknoLM,1923,476,5399,https://www.youtube.com/watch?v=0vcE9iFFe8A,0,0,0,0,
67d6807619064938a78832b4106de5c0,20600,933177,0,0,0,,0,0,0,,0,0,0,,3724,410,191,727,https://www.twitch.tv/videos/2855091290
554ca19c3d924cacac1f680675b9fdd2,20500,180858,0,0,0,,0,0,0,,0,0,0,,0,0,0,0,
f7c8264349654390a5e39810dc012a38,20500,1485358,1359,351,1610,https://www.youtube.com/watch?v=TV3QbyNHXGs,0,0,0,,1359,351,1610,https://www.youtube.com/watch?v=TV3QbyNHXGs,0,0,0,0,
c540124532e14ceb8e9ffc654a0ec4c9,20500,31660453,3438,641,19262,https://www.youtube.com/watch?v=aymWkTd-STY,619,293,1255,https://www.youtube.com/watch?v=nZTdC9XYBu8,3598,1415,19262,https://www.youtube.com/watch?v=aymWkTd-STY,1740,49,35,58,https://www.twitch.tv/videos/2873716833
c9ece3513c804b3db003cd8fca683857,20500,888862,2024,1163,5931,https://www.youtube.com/watch?v=SONUKfvDo-M,2024,1163,5931,https://www.youtube.com/watch?v=SONUKfvDo-M,0,0,0,,8664,0,0,0,
49eca1ea30a8425a8967677070c95627,20300,1560314,1458,641,3652,https://www.youtube.com/watch?v=dsTV7EH5NHw,1198,602,2015,https://www.youtube.com/watch?v=vooB53YquC4,2867,1390,3652,https://www.youtube.com/watch?v=dsTV7EH5NHw,665,416,286,416,https://www.twitch.tv/videos/2870314012
36a96262405a4d4683db73d8403bf8b7,20300,1391247,1234,503,4071,https://www.youtube.com/watch?v=RRMVAeiA5G0,1050,406,4071,https://www.youtube.com/watch?v=RRMVAeiA5G0,1584,674,1908,https://www.youtube.com/watch?v=ZPH-mDe0AsE,650,170,119,306,https://www.twitch.tv/videos/2877236843
ec30041838214022aeb622c0851e46db,20000,989866,1320,904,3138,https://www.youtube.com/watch?v=RAFUVO-Xr40,0,0,0,,1320,904,3138,https://www.youtube.com/watch?v=RAFUVO-Xr40,5504,456,220,137457,https://www.twitch.tv/videos/2877398032
56b4e7f364bc4b96b3a9d48596e28d8d,20000,1131869,2220,1478,23097,https://www.youtube.com/watch?v=TXCLPaju08M,2165,1312,23097,https://www.youtube.com/watch?v=TXCLPaju08M,3363,1757,10226,https://www.youtube.com/watch?v=u_9j14AL25o,0,0,0,0,
2842edf30d614ca9acc4e689974058b9,19900,2281187,2035,1170,6760,https://www.youtube.com/watch?v=1mRrki8lU6o,2035,1386,5398,https://www.youtube.com/watch?v=SwpbBkjf18M,2948,810,6760,https://www.youtube.com/watch?v=1mRrki8lU6o,21,0,0,0,
6c0758764e674c6db2f985710fcfbd7b,19900,1593678,1872,823,4897,https://www.youtube.com/watch?v=4IKuFHtBFWY,1072,656,1872,https://www.youtube.com/watch?v=T0lw9CO5lxg,2618,955,4897,https://www.youtube.com/watch?v=4IKuFHtBFWY,0,0,0,0,
8eec9fd38e7440f09bf1bc864e4d6e38,19900,914613,1464,624,3297,https://www.youtube.com/watch?v=Pb42YMypAi4,1196,621,3297,https://www.youtube.com/watch?v=Pb42YMypAi4,2195,778,3085,https://www.youtube.com/watch?v=nrZs20LF5Ss,4742,1311,624,4077,https://www.twitch.tv/videos/2858181067
de266b34e79c49b48fa566e9fb1a24af,19600,1452352,1312,816,10013,https://www.youtube.com/watch?v=s3JWw3Co0RI,1295,881,3789,https://www.youtube.com/watch?v=OM5k-delYUo,10013,159,10013,https://www.youtube.com/watch?v=s3JWw3Co0RI,646,0,0,0,
88f782b3b6c6492c926f70e4a13390c9,19600,854794,1294,532,1499,https://www.youtube.com/watch?v=Dhqj5v0i_Bw,442,342,442,https://www.youtube.com/watch?v=MLcOqXIsDBI,1446,555,1499,https://www.youtube.com/watch?v=Dhqj5v0i_Bw,910,218,115,304,https://www.twitch.tv/videos/2866708773
57903e09a68f4997b7c4bc356cd5e64d,19500,1734126,1734,1187,7433,https://www.youtube.com/watch?v=oMpRi6UWiuw,1539,730,3726,https://www.youtube.com/watch?v=ltrdqSUPAdg,2654,1637,7433,https://www.youtube.com/watch?v=oMpRi6UWiuw,572,0,0,0,
ed3f69b9de7c43f3a32b4e7dfdb5bfd0,19400,799044,1001,249,2087,https://www.youtube.com/watch?v=L9fZFyNIETI,881,249,1319,https://www.youtube.com/watch?v=cuITKF0rc3c,1817,487,2087,https://www.youtube.com/watch?v=L9fZFyNIETI,0,0,0,0,
05e831b267914fc5b4d9b28de1f648dc,19300,975367,1091,535,1091,https://www.youtube.com/watch?v=8uXu_lmXkpo,0,0,0,,1091,535,1091,https://www.youtube.com/watch?v=8uXu_lmXkpo,0,0,0,0,
2c05340bb152419ebe0bd3fb6a78da80,19300,2027987,1167,683,10395,https://www.youtube.com/watch?v=HQAU1EMKiD0,1045,394,6253,https://www.youtube.com/watch?v=Iesz9G6lqYQ,2070,1473,10395,https://www.youtube.com/watch?v=HQAU1EMKiD0,0,0,0,0,
7b58646f89cb4b7cbcdce819499c475f,19300,375751,0,0,0,,0,0,0,,0,0,0,,0,0,0,0,
cdb5c89f61c94949a989457cf549b7e4,19200,1816886,1201,592,2462,https://www.youtube.com/watch?v=CxgJbT0t8aI,1429,887,2413,https://www.youtube.com/watch?v=k0oMIZBhAWo,744,458,2462,https://www.youtube.com/watch?v=CxgJbT0t8aI,0,0,0,0,
76d68171666847cc913328359037139c,19000,914019,1277,659,12638,https://www.youtube.com/watch?v=DNk-9Znq-3A,1192,710,12638,https://www.youtube.com/watch?v=DNk-9Znq-3A,4004,608,4004,https://www.youtube.com/watch?v=IpqaZJDO4KA,1681,0,0,0,
090be1be8d29429183e190e22fc4be22,18500,1144918,1362,686,2431,https://www.youtube.com/watch?v=XHJEg_6CLL4,1362,686,2431,https://www.youtube.com/watch?v=XHJEg_6CLL4,0,0,0,,4214,307,303,481,https://www.twitch.tv/videos/2877467809
05be4fb717614738a87daac46157ddb1,18500,1358511,919,449,2217,https://www.youtube.com/watch?v=1r_9OAo895E,919,449,2217,https://www.youtube.com/watch?v=1r_9OAo895E,0,0,0,,0,0,0,0,
ebc44e2ba78f4790b832d02c31410262,18400,784628,582,272,4381,https://www.youtube.com/watch?v=UXO6ULERBnc,571,273,4381,https://www.youtube.com/watch?v=UXO6ULERBnc,1418,234,2346,https://www.youtube.com/watch?v=y8sDtftBnuM,685,82,60,356,https://www.twitch.tv/videos/2877359507
9265e640081f4625bd36cd1235c75bc7,18300,40450,0,0,0,,0,0,0,,0,0,0,,2505,0,0,0,
f6fe970a79964cca9dcec4741f0f679b,18200,1925992,27994,23563,68041,https://www.youtube.com/watch?v=TR2XSH2zaYQ,0,0,0,,27994,23563,68041,https://www.youtube.com/watch?v=TR2XSH2zaYQ,91931,62662,25240,148706,https://www.twitch.tv/videos/2859408238
bf58297d50a741e5b1808ec4c445f216,18200,4311514,1537,514,2778,https://www.youtube.com/watch?v=qW7QohJTcd8,1156,486,1754,https://www.youtube.com/watch?v=tTG3SW5n4To,1543,607,2778,https://www.youtube.com/watch?v=qW7QohJTcd8,0,0,0,0,
0bfd032de03c48a4bd7d1f4505335a7d,18100,32318,0,0,0,,0,0,0,,0,0,0,,0,0,0,0,
b174714646ea40e28ce32affabe3e93e,17900,1274287,1039,587,4748,https://www.youtube.com/watch?v=7DD_bQg_Ikc,1039,566,4748,https://www.youtube.com/watch?v=7DD_bQg_Ikc,2149,791,3577,https://www.youtube.com/watch?v=J1s1lUuouqk,708,0,0,0,
2a28e77671ae43d7bccec54e7e956dd9,17800,224690,0,0,0,,0,0,0,,0,0,0,,0,0,0,0,
e9ec2395070144b0af7231570e06a743,17700,78659,0,0,0,,0,0,0,,0,0,0,,0,0,0,0,
6c7a8b443aa942a89a83485c98d10559,17500,1590891,800,356,2817,https://www.youtube.com/watch?v=wciju7wvVuk,715,485,2817,https://www.youtube.com/watch?v=wciju7wvVuk,1431,64,1431,https://www.youtube.com/watch?v=Ff7EuepElPo,0,0,0,0,
71e1a399885b48e79c9a98e973e6b5e3,17500,6185821,2355,1047,4817,https://www.youtube.com/watch?v=yGOAnDlnsq8,0,0,0,,2355,1047,4817,https://www.youtube.com/watch?v=yGOAnDlnsq8,706,0,0,0,
71cee502a14d4ef1b9b0264fa2db8987,17400,0,0,0,0,,0,0,0,,0,0,0,,5421,0,0,0,
914f6caed3ff4348824d966f76662bc2,17200,1182934,1290,695,2224,https://www.youtube.com/watch?v=pLEvwvF1RAQ,1290,695,2224,https://www.youtube.com/watch?v=pLEvwvF1RAQ,1156,659,1516,https://www.youtube.com/watch?v=_8t5gCiKN7U,0,0,0,0,
2ada3b89962b479bb8dbd2a63bca5da1,17200,1399414,1387,619,91467,https://www.youtube.com/watch?v=JMYan3Hhda0,1249,619,2224,https://www.youtube.com/watch?v=Wbck8h4_MaE,91467,25598,91467,https://www.youtube.com/watch?v=JMYan3Hhda0,0,0,0,0,
139f3f1818a2420aa35d5471adaf1a73,17200,374159,0,0,0,,0,0,0,,0,0,0,,0,0,0,0,
09600daf1956476190642d1be738e945,17100,2053717,2388,1234,8837,https://www.youtube.com/watch?v=O0APFgZkDvY,2259,1118,8837,https://www.youtube.com/watch?v=O0APFgZkDvY,4073,1812,5459,https://www.youtube.com/watch?v=LEvWLzkweHs,0,0,0,0,
470d1cb40a5e460e8cdc1414c5fd1a34,17000,384682,1341,437,1992,https://www.youtube.com/watch?v=QFk7Uz0fH8w,1313,617,1992,https://www.youtube.com/watch?v=QFk7Uz0fH8w,1588,29,1588,https://www.youtube.com/watch?v=ofmY4PaUioU,1282,0,0,0,
0ba1bc3725a9456aa0f66ec951ad47eb,16800,1137843,1759,1013,7602,https://www.youtube.com/watch?v=RS4KO6DWklo,1420,952,3013,https://www.youtube.com/watch?v=YHfW5Hhtw-c,2618,1369,7602,https://www.youtube.com/watch?v=RS4KO6DWklo,6494,470,228,617,https://www.twitch.tv/videos/2875690662
c379e3f4f1eb41869ec465481b182e50,16700,920155,954,461,2819,https://www.youtube.com/watch?v=aYnfBBDlDWw,975,636,2819,https://www.youtube.com/watch?v=aYnfBBDlDWw,695,198,1696,https://www.youtube.com/watch?v=MRKG-9cTCb8,0,0,0,0,
fbb142bcb07a4808b0164c41ab1877ea,16700,1546948,626,187,1002,https://www.youtube.com/watch?v=Wq8L-L_pax8,626,187,1002,https://www.youtube.com/watch?v=Wq8L-L_pax8,0,0,0,,0,0,0,0,
8796ee6fb25b4b40a8ad9a188059951a,16600,618972,552,357,1577,https://www.youtube.com/watch?v=otvtJDtwByM,552,357,1577,https://www.youtube.com/watch?v=otvtJDtwByM,0,0,0,,0,0,0,0,
a3f2963a57094502a10845075cdee88c,16600,7840928,22644,9057,225396,https://www.youtube.com/watch?v=qYpBlYU2KJE,9686,4202,14496,https://www.youtube.com/watch?v=AHlXHcCp2BY,63954,35405,225396,https://www.youtube.com/watch?v=qYpBlYU2KJE,993,0,0,0,
7587608de08740aeb1a8dbe40006b90d,16500,1458659,2452,491,2939,https://www.youtube.com/watch?v=ZN_UPp-ekTM,840,281,1035,https://www.youtube.com/watch?v=fXtRYsmtdag,2654,1028,2939,https://www.youtube.com/watch?v=ZN_UPp-ekTM,2974,820,398,1394,https://www.twitch.tv/videos/2877434225
22a1949143784185ae001c31a717b5bc,16500,9634202,44715,17841,717014,https://www.youtube.com/watch?v=BEiMM2N27eQ,1645,1105,26559,https://www.youtube.com/watch?v=u3-JDgpVPB4,53710,25446,717014,https://www.youtube.com/watch?v=BEiMM2N27eQ,0,0,0,0,
3b1860c399f445469efdda27cf8d9156,16500,661393,0,0,0,,0,0,0,,0,0,0,,0,0,0,0,
e802007cbda74a0bb3a41f4ebcae7f47,16500,690012,3304,1312,27022,https://www.youtube.com/watch?v=vbK4h3fZIVI,3810,1312,27022,https://www.youtube.com/watch?v=vbK4h3fZIVI,2336,1725,3776,https://www.youtube.com/watch?v=K_LC7WFRAw0,0,0,0,0,
0b63fa89b80e4649b0297d156ed1c791,16500,1488844,1603,910,2989,https://www.youtube.com/watch?v=ivIE_4ggBy8,1603,910,2989,https://www.youtube.com/watch?v=ivIE_4ggBy8,0,0,0,,0,0,0,0,
c61d5dd825d5423fac8fd1bc0596d1ff,16400,451300,669,144,6826,https://www.youtube.com/watch?v=uuNLj7FOro4,669,144,6826,https://www.youtube.com/watch?v=uuNLj7FOro4,0,0,0,,0,0,0,0,
ec183b10574a449f91e43ab216976a60,16200,1439910,2717,1246,5319,https://www.youtube.com/watch?v=JJF5oMq2l4M,2086,1145,3613,https://www.youtube.com/watch?v=qL1OGWDEpxA,3433,1635,5319,https://www.youtube.com/watch?v=JJF5oMq2l4M,1327,0,0,0,
2885972c2d0943e6b697bdc5e72c1d4a,16200,346305,1315,545,3093,https://www.youtube.com/watch?v=z-70dvSQYQo,1147,502,3093,https://www.youtube.com/watch?v=z-70dvSQYQo,1509,1239,1565,https://www.youtube.com/watch?v=CdjEFJ-euzw,0,0,0,0,
78e76a50d39f46ecbbdd81ae2133706c,16100,35349,0,0,0,,0,0,0,,0,0,0,,152,0,0,0,
221563b6b46245379c6dc6328c9d0447,15900,1181498,0,0,0,,0,0,0,,0,0,0,,0,0,0,0,
c4bc52355d334a98bdaa1e57c05673ad,15900,1239206,1445,643,5391,https://www.youtube.com/watch?v=FGMm4RG09DY,1527,677,5391,https://www.youtube.com/watch?v=FGMm4RG09DY,1258,568,1258,https://www.youtube.com/watch?v=jXbKfS1BjBw,0,0,0,0,
0471d5082a2e419786e141d6424c9150,15800,1804149,1601,714,54015,https://www.youtube.com/watch?v=j056sU5NDj8,1299,578,2376,https://www.youtube.com/watch?v=tQ2c9vc4Wfc,2142,925,54015,https://www.youtube.com/watch?v=j056sU5NDj8,8449,1083,740,74161,https://www.twitch.tv/videos/2857380110
5f8930a469f94b5cad116810f68a2614,15700,547986,3050,1163,8352,https://www.youtube.com/watch?v=L3m6fxSeTCg,3050,1163,8352,https://www.youtube.com/watch?v=L3m6fxSeTCg,0,0,0,,0,0,0,0,
d3a75c3d9f204420808f38ed629becf4,15700,0,0,0,0,,0,0,0,,0,0,0,,1444,0,0,0,
5db725f32b5e4e1380ad64110b88c91d,15700,5042070,493,326,1863,https://www.youtube.com/watch?v=4pDb-p9tihg,367,193,764,https://www.youtube.com/watch?v=JYxmQD_Te78,1532,1040,1863,https://www.youtube.com/watch?v=4pDb-p9tihg,1050,0,0,0,
656455380d524045b9f75d6082563f94,15700,1530644,489,262,1167,https://www.youtube.com/watch?v=yq7nLv3WER8,466,246,534,https://www.youtube.com/watch?v=Juek-4lsOQM,1084,281,1167,https://www.youtube.com/watch?v=yq7nLv3WER8,663,0,0,0,
77533b0fb2324e33bff67fbbf4daf13f,15400,3959969,727,292,1219,https://www.youtube.com/watch?v=JHwF0skvV9U,916,292,1219,https://www.youtube.com/watch?v=JHwF0skvV9U,654,278,757,https://www.youtube.com/watch?v=dxp_MVUQSPY,1468,8,5,8,https://www.twitch.tv/videos/2871298305
ee77ed51da394f02b72c33756b155eac,15400,594436,778,507,28320,https://www.youtube.com/watch?v=DZ2VzBvAEDg,669,414,1099,https://www.youtube.com/watch?v=fGRwhCCITp0,28320,13707,28320,https://www.youtube.com/watch?v=DZ2VzBvAEDg,791,0,0,0,
fd7a69505569429fb845ac056825f3a9,15400,1675564,483,257,1304,https://www.youtube.com/watch?v=fGjlL0v7H60,399,246,727,https://www.youtube.com/watch?v=FNUHsglUU84,679,258,1304,https://www.youtube.com/watch?v=fGjlL0v7H60,0,0,0,0,
e93182ff3a954e0e92567136dc3659ed,15400,472162,516,234,705,https://www.youtube.com/watch?v=eGifNRfLrz8,516,234,705,https://www.youtube.com/watch?v=eGifNRfLrz8,0,0,0,,0,0,0,0,
68820304b6164959806479d6c9dad127,15300,1223647,1503,825,4185,https://www.youtube.com/watch?v=LqEIXCQyJYg,1429,751,3617,https://www.youtube.com/watch?v=0KVrgNnRhHE,2544,1557,4185,https://www.youtube.com/watch?v=LqEIXCQyJYg,0,0,0,0,
15e4450f63904e50907dc93fee446fd2,15200,1386606,1936,1034,2967,https://www.youtube.com/watch?v=Ex5pPUzdxSo,1404,669,2320,https://www.youtube.com/watch?v=dlS0EBg2H7k,2553,1631,2967,https://www.youtube.com/watch?v=Ex5pPUzdxSo,0,0,0,0,
0f595c5e48be4f29befb358388a61f8b,15100,1224554,0,0,0,,0,0,0,,0,0,0,,380,0,0,0,
5d8a211269e449868dc84cc422ae0ec7,15100,23696,0,0,0,,0,0,0,,0,0,0,,0,0,0,0,
031e5c207b634c6ab08dbc0a361ba52e,15000,531424,0,0,0,,0,0,0,,0,0,0,,0,0,0,0,
2ee2acc29fac42c5b130558543cbdf00,15000,950875,1096,733,20538,https://www.youtube.com/watch?v=SehmifSLRis,1037,729,2663,https://www.youtube.com/watch?v=eihAyqRQ16k,20538,12251,20538,https://www.youtube.com/watch?v=SehmifSLRis,891,28,23,37,https://www.twitch.tv/videos/2869515417
17933ba43ccf4e3c85961523b77bd901,14900,463424,1386,686,2171,https://www.youtube.com/watch?v=fZ8Jmhnbdso,1120,628,1891,https://www.youtube.com/watch?v=VKppKUUjXhs,1843,1133,2171,https://www.youtube.com/watch?v=fZ8Jmhnbdso,1439,555,445,597,https://www.twitch.tv/videos/2877407742
ac1ce1eeaffa4e58a8155c20d8f85ff3,14900,661180,1571,787,3230,https://www.youtube.com/watch?v=qaP7LGzfMEo,1418,843,3230,https://www.youtube.com/watch?v=qaP7LGzfMEo,1724,535,2219,https://www.youtube.com/watch?v=cAU5nSgrJzc,5523,0,0,0,
1d2404a7bd5a4baab9473392d62e7ca9,14800,499389,0,0,0,,0,0,0,,0,0,0,,8026,0,0,0,
88aa589d4a3648738e49243d2056d03b,14800,919569,0,0,0,,0,0,0,,0,0,0,,1810,0,0,0,
8fae79a84cd049fd8a2ea50528a75e2b,14700,1030729,71407,21243,75240,https://www.youtube.com/watch?v=mIJkCzhPjOs,0,0,0,,71407,21243,75240,https://www.youtube.com/watch?v=mIJkCzhPjOs,10725,4533,3168,5558,https://www.twitch.tv/videos/2865856547
7c5232b16a1d44498677ed33e72bd8c6,14600,641873,1296,586,4697,https://www.youtube.com/watch?v=jOGfaPfqOFI,1296,666,4697,https://www.youtube.com/watch?v=jOGfaPfqOFI,1766,504,2537,https://www.youtube.com/watch?v=EOV06YTYy_o,0,0,0,0,
6a30fc9ee6f24d839198497406c63cc1,14600,2118033,505,401,6847,https://www.youtube.com/watch?v=JgW9GQNh6JI,238,184,265,https://www.youtube.com/watch?v=xGRw1TrF-sk,708,645,6847,https://www.youtube.com/watch?v=JgW9GQNh6JI,512,0,0,0,
d5c19a6328af48ba88bf41b2dd757f14,14600,739854,804,496,1723,https://www.youtube.com/watch?v=2Zkcb5RsQI8,576,280,885,https://www.youtube.com/watch?v=b9fUxfuBSec,972,537,1723,https://www.youtube.com/watch?v=2Zkcb5RsQI8,0,0,0,0,
b5561ece0c9b4f4a8fccdd3b36ee3260,14600,933620,647,436,2767,https://www.youtube.com/watch?v=hZE-kg2ndjI,585,352,2767,https://www.youtube.com/watch?v=hZE-kg2ndjI,1626,674,2216,https://www.youtube.com/watch?v=d9957XRgIRE,0,0,0,0,
03762df738044b09a1e216949158c8a4,14500,252026,0,0,0,,0,0,0,,0,0,0,,2471,270,159,270,https://www.twitch.tv/videos/2867798195
d32bd28cd67b4e64a56b24f9a76dadcd,14500,806694,0,0,0,,0,0,0,,0,0,0,,293,0,0,0,
a51be890a1f443ea87bee45c9d8acf13,14300,977130,2673,53,2673,https://www.youtube.com/watch?v=-BmJ00QqFMQ,0,0,0,,2673,53,2673,https://www.youtube.com/watch?v=-BmJ00QqFMQ,19878,5060,3013,8811,https://www.twitch.tv/videos/2861272273
bf197e3d2cd6400db5f7e397427965e5,14300,423091,300,163,1437,https://www.youtube.com/watch?v=oSwzZHd3hyY,300,163,1437,https://www.youtube.com/watch?v=oSwzZHd3hyY,0,0,0,,271,0,0,0,
44af52f7f6aa487e850b3d261947205b,14300,2089720,547,309,3075,https://www.youtube.com/watch?v=stzTsxj98kQ,386,248,3075,https://www.youtube.com/watch?v=stzTsxj98kQ,1690,687,2623,https://www.youtube.com/watch?v=Ziww5yxEuaI,202,0,0,0,
3d46fb16bc2c48fb8f12a647cf5ec702,14200,1252293,1069,493,6016,https://www.youtube.com/watch?v=nia0XR7fQwg,1160,493,6016,https://www.youtube.com/watch?v=nia0XR7fQwg,900,412,940,https://www.youtube.com/watch?v=8KyxInrQzWo,0,0,0,0,
633c7350aca946428e98228660ee73e2,14200,780469,1319,730,2869,https://www.youtube.com/watch?v=xEUU5xxCtdI,1211,689,2407,https://www.youtube.com/watch?v=0GN-gvevrDw,1937,781,2869,https://www.youtube.com/watch?v=xEUU5xxCtdI,0,0,0,0,
4d8babea181e44df9855f3aafc06eb2c,14100,962419,583,461,3753,https://www.youtube.com/watch?v=Y8ZmcMPwGCU,557,305,3753,https://www.youtube.com/watch?v=Y8ZmcMPwGCU,1095,781,2721,https://www.youtube.com/watch?v=xnqExjiz_yQ,0,0,0,0,
788611c913b04d999011628637657bee,14000,1804023,2281,1058,11629,https://www.youtube.com/watch?v=yV5C1pMY0kA,1334,820,11629,https://www.youtube.com/watch?v=yV5C1pMY0kA,2511,1329,3598,https://www.youtube.com/watch?v=0HJ50chjTM0,2718,946,781,1705,https://www.twitch.tv/videos/2870050184
20aa88e16d77400b9bc4e72df1b2a588,14000,511664,1285,569,3303,https://www.youtube.com/watch?v=KLLPmlO0pv4,1239,502,3303,https://www.youtube.com/watch?v=KLLPmlO0pv4,1710,947,2578,https://www.youtube.com/watch?v=xRgBVq0z1vc,0,0,0,0,
81699719ffc04e4e92bb3207ab8a7a83,14000,582973,0,0,0,,0,0,0,,0,0,0,,0,0,0,0,
2d57d202ef8e46a5871302b944309bc2,14000,1280148,34,10,34,https://www.youtube.com/watch?v=WrkYcGBqOqk,34,10,34,https://www.youtube.com/watch?v=WrkYcGBqOqk,0,0,0,,0,0,0,0,
8195d69546e3466c95f9d35ccb7c6c35,13900,1420791,1045,514,2237,https://www.youtube.com/watch?v=T2sqji8WQ7g,1045,518,2233,https://www.youtube.com/watch?v=-_OUgg9urA0,1409,424,2237,https://www.youtube.com/watch?v=T2sqji8WQ7g,0,0,0,0,
0448e6929687421c9e0435832765b9fe,13900,362925,1171,416,1856,https://www.youtube.com/watch?v=Lw8FIg4v-do,915,416,1216,https://www.youtube.com/watch?v=8hj60TAFGXo,1779,737,1856,https://www.youtube.com/watch?v=Lw8FIg4v-do,3097,438,271,858,https://www.twitch.tv/videos/2876358442
4571c7a211b945f3b608c0066f7e73e4,13800,3540401,844,503,19579,https://www.youtube.com/watch?v=0FZEAdAblzk,861,488,2476,https://www.youtube.com/watch?v=8NzTNQ_Qhws,704,545,19579,https://www.youtube.com/watch?v=0FZEAdAblzk,821,0,0,0,
1a1942f52ea74121923497e7e0cfd6a5,13800,673786,0,0,0,,0,0,0,,0,0,0,,0,0,0,0,
7ef2dc851df94f5aa7f632c736b4307e,13700,480965,479,246,586,https://www.youtube.com/watch?v=VS9mKT4cT3g,479,246,586,https://www.youtube.com/watch?v=VS9mKT4cT3g,0,0,0,,654,0,0,0,
1a520f3d2665454f985490e42467ae27,13700,556684,1079,633,2466,https://www.youtube.com/watch?v=MrZCMfUoyJM,1253,685,2466,https://www.youtube.com/watch?v=MrZCMfUoyJM,207,43,207,https://www.youtube.com/watch?v=DcdLpCmlOIM,0,0,0,0,
ad2a1148ff4747229694f9aa2c3645d9,13700,1085016,1202,419,1531,https://www.youtube.com/watch?v=ptawvGOpIWg,0,0,0,,1202,419,1531,https://www.youtube.com/watch?v=ptawvGOpIWg,0,0,0,0,
5d2231ea88fd474d8a11e5a759899216,13600,3676128,993,352,3986,https://www.youtube.com/watch?v=1aEwtGejFCc,913,390,3986,https://www.youtube.com/watch?v=1aEwtGejFCc,2502,210,3126,https://www.youtube.com/watch?v=EU5Il5hnagI,215,0,0,0,
a8d11ac027d842c598de50529e797547,13600,536479,6949,4066,57126,https://www.youtube.com/watch?v=UebAabGtU3k,5660,2444,12491,https://www.youtube.com/watch?v=pMNZprAMclg,8574,4066,57126,https://www.youtube.com/watch?v=UebAabGtU3k,20737,5526,3399,7225,https://www.twitch.tv/videos/2856079198
abc7acc71b474ebebecfde51ad5f88e1,13600,549968,945,215,945,https://www.youtube.com/watch?v=ex9dU4AmJio,945,215,945,https://www.youtube.com/watch?v=ex9dU4AmJio,0,0,0,,1615,0,0,0,
cad7f93653b54779932a6809a5f3a769,13500,393428,675,368,1610,https://www.youtube.com/watch?v=PylhHi2CVP0,675,446,1610,https://www.youtube.com/watch?v=PylhHi2CVP0,625,204,756,https://www.youtube.com/watch?v=AkkjrDqzy4E,1345,566,440,609,https://www.twitch.tv/videos/2875575871
1eec022f916a46b58f5124936afdabe3,13500,394073,1166,403,1656,https://www.youtube.com/watch?v=zAcsE18Aj3Q,1218,500,1620,https://www.youtube.com/watch?v=G9em9J7qE9Y,564,197,1656,https://www.youtube.com/watch?v=zAcsE18Aj3Q,0,0,0,0,
08184fac3ec1408a8009f2e7078794dd,13400,327081,0,0,0,,0,0,0,,0,0,0,,0,0,0,0,
00d3ddb7b65247eaa16473cfd1376723,13400,1141422,1909,177,3496,https://www.youtube.com/watch?v=pXXAFPsRhUU,1909,594,2846,https://www.youtube.com/watch?v=7QOQurnAszw,1995,107,3496,https://www.youtube.com/watch?v=pXXAFPsRhUU,1122,0,0,0,
70b86c53cafa43b49e2782fe4e4bbd6c,13300,1049566,910,551,4377,https://www.youtube.com/watch?v=Hc6t0dxFZjQ,732,498,2880,https://www.youtube.com/watch?v=pQ-xwihTH4k,1947,1381,4377,https://www.youtube.com/watch?v=Hc6t0dxFZjQ,0,0,0,0,
0ab147ded84b484eac14de7a46c9cf4e,13200,727455,649,367,6526,https://www.youtube.com/watch?v=oJCs3iF5uAc,641,364,6526,https://www.youtube.com/watch?v=oJCs3iF5uAc,5012,4479,5012,https://www.youtube.com/watch?v=tIM9kff-tHc,0,0,0,0,
5ee3c46f62cf4b34accc313fb437581b,13200,170058,979,504,1021,https://www.youtube.com/watch?v=6TWsp2QYWHU,979,504,1021,https://www.youtube.com/watch?v=6TWsp2QYWHU,0,0,0,,0,0,0,0,
0628f4d0fcbd4f0a980b64b3b1deeb74,13200,583439,718,411,3774,https://www.youtube.com/watch?v=05DVisV59OM,695,351,1707,https://www.youtube.com/watch?v=6u3Fmo0eY-o,2183,707,3774,https://www.youtube.com/watch?v=05DVisV59OM,0,0,0,0,
390346240f4748bd9d81e472411c20c2,13100,325909,1464,1010,1464,https://www.youtube.com/watch?v=jAOJ2niK1xU,1464,1010,1464,https://www.youtube.com/watch?v=jAOJ2niK1xU,0,0,0,,3637,387,255,387,https://www.twitch.tv/videos/2869582983
5fbcb045887b4a87878773dbf5f63e26,13000,454102,850,386,6089,https://www.youtube.com/watch?v=9NT79MjL07Q,862,481,6089,https://www.youtube.com/watch?v=9NT79MjL07Q,793,282,1219,https://www.youtube.com/watch?v=WKqC0m5ygz0,1534,855,688,1071,https://www.twitch.tv/videos/2871043444
2a3824dd5c0a46f597b27dd183283aea,13000,6881653,1960,1024,31373,https://www.youtube.com/watch?v=irQp4KDXTE8,792,330,4014,https://www.youtube.com/watch?v=dCp2kJ_jjJo,23578,12267,31373,https://www.youtube.com/watch?v=irQp4KDXTE8,0,0,0,0,
f73be498fddd4e718f18f8203af00f33,13000,495736,0,0,0,,0,0,0,,0,0,0,,0,0,0,0,
a168211aa3dd451cb33e09b80df0ea0a,12900,407201,223,112,1528,https://www.youtube.com/watch?v=FUipgmInWCQ,239,127,1528,https://www.youtube.com/watch?v=FUipgmInWCQ,217,103,506,https://www.youtube.com/watch?v=zomI_vEmf1M,554,0,0,0,
3a8f78d98fd344cb9d32358e5c96eace,12900,639015,1368,808,3439,https://www.youtube.com/watch?v=0K4Bu0L0Tu0,1389,843,3439,https://www.youtube.com/watch?v=0K4Bu0L0Tu0,380,297,380,https://www.youtube.com/watch?v=wdOVh6cfutk,5902,115,79,115,https://www.twitch.tv/videos/2870356798
3005ff0c09064d7f924c506e1e9c18ba,12800,543024,10254,3961,10254,https://www.youtube.com/watch?v=7FxNfD2NLvM,0,0,0,,10254,3961,10254,https://www.youtube.com/watch?v=7FxNfD2NLvM,23075,3097,1258,4341,https://www.twitch.tv/videos/2866832124
341ca5efce084743977d3b74315a30ab,12700,774955,1224,936,17146,https://www.youtube.com/watch?v=BYmLw0KOb9o,1055,627,1783,https://www.youtube.com/watch?v=JlgpcPoQt6o,4523,1438,17146,https://www.youtube.com/watch?v=BYmLw0KOb9o,1660,439,357,580,https://www.twitch.tv/videos/2877360046
702c28baa35c4b7588ad4fa70ddc2304,12700,770998,1440,928,27147,https://www.youtube.com/watch?v=5YsSmZ2Ag_I,989,580,1440,https://www.youtube.com/watch?v=xZNCg9NUN9c,11049,3703,27147,https://www.youtube.com/watch?v=5YsSmZ2Ag_I,0,0,0,0,
15cbed02d2f74630b04b73515909c1f4,12700,457218,413,226,535,https://www.youtube.com/watch?v=KugkweEUVBo,413,226,535,https://www.youtube.com/watch?v=KugkweEUVBo,0,0,0,,2453,0,0,0,
976e0cf401784d3f874dc85b2b2c5839,12600,1290776,1097,684,5090,https://www.youtube.com/watch?v=LwhB_oL2sDo,1097,684,5090,https://www.youtube.com/watch?v=LwhB_oL2sDo,0,0,0,,3026,0,0,0,
2717397c3d824350ace8ed9b6ba2f08f,12500,1318971,3618,1509,33265,https://www.youtube.com/watch?v=VgVGFaQCsdc,3657,1685,7618,https://www.youtube.com/watch?v=LnfBTTwEAWs,3331,1215,33265,https://www.youtube.com/watch?v=VgVGFaQCsdc,0,0,0,0,
a1608f0690584f07bf7aaf84ed9e4d8f,12400,351140,517,269,4515,https://www.youtube.com/watch?v=CVZFCjN8EQc,509,305,1024,https://www.youtube.com/watch?v=6BRLbOuvY_U,596,259,4515,https://www.youtube.com/watch?v=CVZFCjN8EQc,0,0,0,0,
703ae2c7ccc9431382a5b0f2c35e6ec1,12400,848564,1408,1003,1408,https://www.youtube.com/watch?v=kXbQE0f7N8U,1408,1003,1408,https://www.youtube.com/watch?v=kXbQE0f7N8U,0,0,0,,0,0,0,0,
316dd044dc644c4cac9e140dcba5d210,12300,986846,223,112,1773,https://www.youtube.com/watch?v=Ryd1AE5RmPU,223,109,442,https://www.youtube.com/watch?v=Avns-acRGcw,300,158,1773,https://www.youtube.com/watch?v=Ryd1AE5RmPU,2450,342,184,1077,https://www.twitch.tv/videos/2861228274
0c09a69445864b44adbba11b487f9b1a,12300,783985,1028,481,1315,https://www.youtube.com/watch?v=6JoIPOJokf0,0,0,0,,1028,481,1315,https://www.youtube.com/watch?v=6JoIPOJokf0,808,0,0,0,
93a4d479e67242d58d3ff80307d3bc84,12300,472554,1017,384,1340,https://www.youtube.com/watch?v=n3IcynmwJ2Q,1061,389,1211,https://www.youtube.com/watch?v=oR5jPwV0AMI,930,280,1340,https://www.youtube.com/watch?v=n3IcynmwJ2Q,227,89,67,130,https://www.twitch.tv/videos/2877389488
9012b1827e8141bd9d56d1a04b2f7ad1,12300,893530,1117,679,2226,https://www.youtube.com/watch?v=ffHKTpX4L2U,1038,684,2226,https://www.youtube.com/watch?v=ffHKTpX4L2U,1658,675,1879,https://www.youtube.com/watch?v=Bj9hzWJsXAg,0,0,0,0,
c4470a1419984fb8aec0851f225b177a,12300,729001,342,105,456,https://www.youtube.com/watch?v=1-7MH5wrsQ4,399,223,456,https://www.youtube.com/watch?v=1-7MH5wrsQ4,191,105,191,https://www.youtube.com/watch?v=atxMhaouKYE,0,0,0,0,
8faff7aecb9d4e12917ea0144696e2de,12200,560521,1644,1385,3377,https://www.youtube.com/watch?v=rr3aW61-Scs,1644,1385,3377,https://www.youtube.com/watch?v=rr3aW61-Scs,0,0,0,,1007,211,185,330,https://www.twitch.tv/videos/2867663213
a2e67b720e754c16bd739bcf9a95e396,12200,1007769,1042,535,10373,https://www.youtube.com/watch?v=Izsn3UgdSYI,739,358,1306,https://www.youtube.com/watch?v=M97qzqPvhGY,2997,1181,10373,https://www.youtube.com/watch?v=Izsn3UgdSYI,0,0,0,0,
675071ddbd4844119d341bbfd6a0ee2a,12200,463501,402,184,1123,https://www.youtube.com/watch?v=2JKh6VjO1Lw,420,227,1123,https://www.youtube.com/watch?v=2JKh6VjO1Lw,299,117,366,https://www.youtube.com/watch?v=UYwihqsQ1_c,0,0,0,0,
22fd5004e4a34134b6855525e01cda73,12200,54348,0,0,0,,0,0,0,,0,0,0,,0,0,0,0,
7cbd1f537c3d4e67b38b9f9e31cb93d6,12100,295864,655,69,783,https://www.youtube.com/watch?v=yW6816f5kmU,655,69,783,https://www.youtube.com/watch?v=yW6816f5kmU,0,0,0,,3619,760,384,1168,https://www.twitch.tv/videos/2874626039
78c188fcd01a4ba382fb153ec86a7367,12100,1257059,1027,579,1746,https://www.youtube.com/watch?v=7j65mFy9iDM,830,641,1746,https://www.youtube.com/watch?v=7j65mFy9iDM,1356,459,1500,https://www.youtube.com/watch?v=dqK1Om_chTw,0,0,0,0,
b1939ca67a3c43cf8a6a0a9a88137419,12100,271824,687,235,931,https://www.youtube.com/watch?v=lAbYyGsEUZQ,687,235,931,https://www.youtube.com/watch?v=lAbYyGsEUZQ,0,0,0,,0,0,0,0,
b57162e62056494d85f1743abdbad648,12000,653155,0,0,0,,0,0,0,,0,0,0,,306,0,0,0,
82e63a8d4ae14beab89e13b43b35fce3,12000,343969,624,366,1181,https://www.youtube.com/watch?v=XCskm8DizFM,624,366,1181,https://www.youtube.com/watch?v=XCskm8DizFM,0,0,0,,0,0,0,0,
d2c76258b7ff45ee88e3585c4c9ed0c1,12000,392766,0,0,0,,0,0,0,,0,0,0,,3771,0,0,0,
126103200de947a7a3c2ac3971eef633,12000,248738,0,0,0,,0,0,0,,0,0,0,,0,0,0,0,
a5f7302f9f1a4fcdb2471c4bc52a05fb,12000,1003806,1849,1026,6364,https://www.youtube.com/watch?v=lFBqYXKUXTA,1886,1123,6364,https://www.youtube.com/watch?v=lFBqYXKUXTA,1347,546,6115,https://www.youtube.com/watch?v=MzzgJcSIHCk,0,0,0,0,
4558095012964943921cd8a376a192fd,11900,180534,1768,780,4204,https://www.youtube.com/watch?v=2nxmeA8aM9g,1023,541,1632,https://www.youtube.com/watch?v=s7AVTo9KLdA,2209,1195,4204,https://www.youtube.com/watch?v=2nxmeA8aM9g,6478,1010,363,1629,https://www.twitch.tv/videos/2855152994
696e947cd8624e609553d6786d21f11c,11900,465623,1112,403,2356,https://www.youtube.com/watch?v=Bge1wtonrcU,640,273,1067,https://www.youtube.com/watch?v=1Jy-Vcyt33I,1387,517,2356,https://www.youtube.com/watch?v=Bge1wtonrcU,0,0,0,0,
774342c826924ecfb8b13a2bc27e3b81,11900,2684823,320,117,478,https://www.youtube.com/watch?v=J_euogsbc_8,332,107,478,https://www.youtube.com/watch?v=J_euogsbc_8,235,127,235,https://www.youtube.com/watch?v=IQjqv_xqx8M,0,0,0,0,
6559d42f66684b8f80b4cd4589addd85,11900,816644,425,222,2614,https://www.youtube.com/watch?v=sO7sTpkzkkQ,603,297,2614,https://www.youtube.com/watch?v=sO7sTpkzkkQ,214,85,355,https://www.youtube.com/watch?v=o-mCj3Knv2E,3681,70,48,133,https://www.twitch.tv/videos/2873219562
ab5709b7d3074c6db2a57995d5b1c328,11900,1249534,1211,598,3689,https://www.youtube.com/watch?v=alOVzkTYp2c,1177,623,3689,https://www.youtube.com/watch?v=alOVzkTYp2c,1596,242,2538,https://www.youtube.com/watch?v=A87RBr6NDro,0,0,0,0,
60ae2b3fd2254689bb65c216a0a09605,11900,0,0,0,0,,0,0,0,,0,0,0,,0,0,0,0,
6e51f06f6a02439d82b213b623cda4e8,11900,482688,0,0,0,,0,0,0,,0,0,0,,0,0,0,0,
5fc94cdcf7594a3ba5ce001ba405d3be,11800,831157,1289,581,4880,https://www.youtube.com/watch?v=ykepUeHycLo,1289,581,4880,https://www.youtube.com/watch?v=ykepUeHycLo,0,0,0,,1956,0,0,0,
5f0afd7885894861925e7030c096297e,11800,633255,1327,793,6469,https://www.youtube.com/watch?v=nwxbVMddb9Y,1327,793,6469,https://www.youtube.com/watch?v=nwxbVMddb9Y,0,0,0,,0,0,0,0,
36497373f4734ce49ea8cb6a703f050b,11800,4266,0,0,0,,0,0,0,,0,0,0,,1323,0,0,0,
72cc5bf1729245618e1f10da0b796d53,11800,514217,715,450,1846,https://www.youtube.com/watch?v=g_xIVLD4ZD8,687,422,1279,https://www.youtube.com/watch?v=2yEV8c54ECY,1183,485,1846,https://www.youtube.com/watch?v=g_xIVLD4ZD8,1475,0,0,0,
fbced2373c5a48f6abee998296f20617,11700,1437,0,0,0,,0,0,0,,0,0,0,,0,0,0,0,
512e1f38a37942cc8b7cb8aed597a810,11600,740678,1030,265,1786,https://www.youtube.com/watch?v=O5yjuqwmf20,1041,330,1786,https://www.youtube.com/watch?v=O5yjuqwmf20,215,204,215,https://www.youtube.com/watch?v=asf6_0dPklA,0,0,0,0,
92335c98e0b244eda7a8660694d90f70,11600,0,0,0,0,,0,0,0,,0,0,0,,0,0,0,0,
d9e5219a4cd84ac59bc35faa94729f01,11500,772917,492,245,5987,https://www.youtube.com/watch?v=kTTMjMxBw6o,273,167,1352,https://www.youtube.com/watch?v=WAy3-SH95-Y,1592,693,5987,https://www.youtube.com/watch?v=kTTMjMxBw6o,9134,253,180,502,https://www.twitch.tv/videos/2878214270
4bfaeda5b1f242959a992d6ad8b8a036,11400,353267,444,212,3004,https://www.youtube.com/watch?v=vVVfW8qrpP4,361,170,465,https://www.youtube.com/watch?v=jcbySVAO8a0,1758,1207,3004,https://www.youtube.com/watch?v=vVVfW8qrpP4,467,0,0,0,
1d14efa0dfb34515831c46b7dfddf819,11400,783757,0,0,0,,0,0,0,,0,0,0,,0,0,0,0,
446d4bc526a4477eb6a72ae186e9d538,11400,412906,1116,493,2567,https://www.youtube.com/watch?v=GttV6WIDO3M,678,387,2567,https://www.youtube.com/watch?v=GttV6WIDO3M,1554,600,1554,https://www.youtube.com/watch?v=Pmy90qwgKAo,0,0,0,0,
8bc70fad02c8432d99056ebd5a8e2ae5,11400,319694,1773,631,4251,https://www.youtube.com/watch?v=ue0WaXmGTQ4,1632,797,3564,https://www.youtube.com/watch?v=5oxJ3HTWMyA,2797,352,4251,https://www.youtube.com/watch?v=ue0WaXmGTQ4,0,0,0,0,
e11a32eec71e4b49aba5525ba012a02a,11300,506593,757,364,2020,https://www.youtube.com/watch?v=7RcHFeZDfIc,848,364,2020,https://www.youtube.com/watch?v=7RcHFeZDfIc,545,419,668,https://www.youtube.com/watch?v=nhJO2KAc5ws,248,0,0,0,
e949052e4ee24ecd8b352a68f6bf51e1,11300,438345,1132,742,4141,https://www.youtube.com/watch?v=MNJltleKsOw,1056,526,1478,https://www.youtube.com/watch?v=LObrdur0U0s,3116,861,4141,https://www.youtube.com/watch?v=MNJltleKsOw,2166,318,214,412,https://www.twitch.tv/videos/2877365047
fa3bc2669fe041dfaa0765278ffd6330,11300,413496,0,0,0,,0,0,0,,0,0,0,,0,0,0,0,
51cd04cab0de47d4b2b5a156bbe2dfb0,11300,465911,383,186,546,https://www.youtube.com/watch?v=ZcHfFrAx8ow,383,186,546,https://www.youtube.com/watch?v=ZcHfFrAx8ow,0,0,0,,0,0,0,0,
209a528363cd411886ec9e5d086ff1bc,11200,1445130,3120,1754,6075,https://www.youtube.com/watch?v=drLz--0Xehk,3212,1783,6075,https://www.youtube.com/watch?v=drLz--0Xehk,1213,576,1310,https://www.youtube.com/watch?v=hbDAx9NCldo,767,0,0,0,
8e96dc48c7714f258034d97d8b9a7f51,11200,0,0,0,0,,0,0,0,,0,0,0,,0,0,0,0,
319383cd0cd4438990dbb916862cdbfc,11200,786758,577,331,7804,https://www.youtube.com/watch?v=SjyxqSImpVc,566,332,873,https://www.youtube.com/watch?v=OA2ITM_xE0U,7353,196,7804,https://www.youtube.com/watch?v=SjyxqSImpVc,0,0,0,0,
f2dc08b1c55843d9a3d1e0461ebf57c1,11100,576281,1180,693,1516,https://www.youtube.com/watch?v=etwG1RD_2Ks,845,205,845,https://www.youtube.com/watch?v=N7M3s9_sTJk,1516,1181,1516,https://www.youtube.com/watch?v=etwG1RD_2Ks,0,0,0,0,
43864254e678407fae3dc899f7155912,11100,522194,558,317,989,https://www.youtube.com/watch?v=Zw2fHWE4L6U,558,317,989,https://www.youtube.com/watch?v=Zw2fHWE4L6U,0,0,0,,0,0,0,0,
b4bf821f6a6a440996f4fd9cddaf250b,11100,576146,677,365,1865,https://www.youtube.com/watch?v=EcmZ2jE4Vtc,447,180,740,https://www.youtube.com/watch?v=c7L-6spb8J4,725,482,1865,https://www.youtube.com/watch?v=EcmZ2jE4Vtc,143,0,0,0,
824bd7df6923453292dec9ff3e3f664a,11100,590251,1064,349,1658,https://www.youtube.com/watch?v=HNujyJuABTg,561,303,1106,https://www.youtube.com/watch?v=FmchTFxkoD0,1145,369,1658,https://www.youtube.com/watch?v=HNujyJuABTg,661,0,0,0,
175cfc69dbb34f1a8987f24a935db17f,11100,617104,904,401,1881,https://www.youtube.com/watch?v=IvRtr01e0bA,919,405,1881,https://www.youtube.com/watch?v=IvRtr01e0bA,890,46,890,https://www.youtube.com/watch?v=W0cTAv7Vloo,0,0,0,0,
836f66b079c4466db64a8b3bc9295450,11000,378013,1027,535,1277,https://www.youtube.com/watch?v=T0DS6kTlfEY,474,361,474,https://www.youtube.com/watch?v=bQIYVLbq8Gc,1105,598,1277,https://www.youtube.com/watch?v=T0DS6kTlfEY,0,0,0,0,
63a55bc5320e4f148ed0abd7991b0e01,11000,1045998,1063,446,1888,https://www.youtube.com/watch?v=JeOCTjAST_4,502,301,588,https://www.youtube.com/watch?v=7-Pgi1vhplA,1382,714,1888,https://www.youtube.com/watch?v=JeOCTjAST_4,8367,863,676,1330,https://www.twitch.tv/videos/2865609554
99e291fd358849b8877df76fba0a672e,11000,702139,0,0,0,,0,0,0,,0,0,0,,0,0,0,0,
a31f3ab4cad841018b196b4de8186823,11000,961837,1202,554,1801,https://www.youtube.com/watch?v=-pRf2VLldqQ,715,403,1801,https://www.youtube.com/watch?v=-pRf2VLldqQ,1266,725,1503,https://www.youtube.com/watch?v=WNIYJ9-OJ0E,0,0,0,0,
84944da407dc4de9896c7b763132908c,11000,724105,586,290,5993,https://www.youtube.com/watch?v=yySsGuQFnN4,572,290,1591,https://www.youtube.com/watch?v=BXdeaQqJXPM,2074,1021,5993,https://www.youtube.com/watch?v=yySsGuQFnN4,0,0,0,0,
9d153fd60b584d31b600bca66a86e452,11000,220476,0,0,0,,0,0,0,,0,0,0,,0,0,0,0,
350516d81d0944fd8dde463cbd4fd279,11000,1205111,4297,454,20620,https://www.youtube.com/watch?v=Stol8ljVqHU,590,428,590,https://www.youtube.com/watch?v=nNevodgAz5w,6009,479,20620,https://www.youtube.com/watch?v=Stol8ljVqHU,0,0,0,0,
4b53aa789e544bd9aaecc9fbc79e4bbe,10900,894049,615,332,917,https://www.youtube.com/watch?v=dUU3dyIkTPw,615,332,917,https://www.youtube.com/watch?v=dUU3dyIkTPw,0,0,0,,0,0,0,0,
c163cb7f683c453fa8a994ebbb09ede8,10900,501075,1941,1089,17349,https://www.youtube.com/watch?v=cUskryKN6RI,342,233,390,https://www.youtube.com/watch?v=XG9k9LZOMRk,2465,1536,17349,https://www.youtube.com/watch?v=cUskryKN6RI,3337,226,191,369,https://www.twitch.tv/videos/2873796093
335ebb05456849c2964629dc7157860e,10900,368383,594,316,18904,https://www.youtube.com/watch?v=_v0lTT9RiIU,471,262,1493,https://www.youtube.com/watch?v=BIaDZZLHsUg,1858,967,18904,https://www.youtube.com/watch?v=_v0lTT9RiIU,471,158,131,339,https://www.twitch.tv/videos/2874644984
ed28c754bb704dbf8a296f7008c2b5e4,10900,115224,0,0,0,,0,0,0,,0,0,0,,993,0,0,0,
1525e7221c00410886c8df3cdaab176e,10900,0,0,0,0,,0,0,0,,0,0,0,,0,0,0,0,
e04cb802f3c949bc8300c4125078f738,10900,311971,826,243,1781,https://www.youtube.com/watch?v=jHJ_6_-OPCg,628,243,1781,https://www.youtube.com/watch?v=jHJ_6_-OPCg,1082,450,1670,https://www.youtube.com/watch?v=I0y-txSKpMI,0,0,0,0,
6885bffce2184355bed557901e079522,10900,462880,2685,1206,8648,https://www.youtube.com/watch?v=fnj3K8HWiSE,3260,1277,8648,https://www.youtube.com/watch?v=fnj3K8HWiSE,1163,573,1237,https://www.youtube.com/watch?v=Nxy_hdKjatI,526,0,0,0,
7a88afc5eb644d76b35ed4ca968259bb,10800,860696,12931,8371,18867,https://www.youtube.com/watch?v=EBPHOL7MvZk,11068,9545,12931,https://www.youtube.com/watch?v=vyYDUen3N-k,17296,7991,18867,https://www.youtube.com/watch?v=EBPHOL7MvZk,21425,3871,2497,5473,https://www.twitch.tv/videos/2874833530
c518b228a5a849179ab26f28d230036e,10800,134674,0,0,0,,0,0,0,,0,0,0,,0,0,0,0,
75d0bd5fa58a4a5fb479e3b2ebae82a7,10800,454171,396,235,785,https://www.youtube.com/watch?v=gJmsle6d7SA,396,235,785,https://www.youtube.com/watch?v=gJmsle6d7SA,0,0,0,,0,0,0,0,
645fc774332a469ebd03f1a822ebe2be,10800,975632,1369,730,2221,https://www.youtube.com/watch?v=0J3uN6JdTSI,1464,730,2221,https://www.youtube.com/watch?v=0J3uN6JdTSI,1123,732,2074,https://www.youtube.com/watch?v=FaPTHRAUgCc,0,0,0,0,
2ff93e20894245d49004276e3b51e64f,10800,639186,1235,415,2266,https://www.youtube.com/watch?v=7JAFgIAnpss,847,310,1836,https://www.youtube.com/watch?v=X9MhzQJtDRs,1961,903,2266,https://www.youtube.com/watch?v=7JAFgIAnpss,0,0,0,0,
b165ca888a7d4f61b754ac53ca374f11,10800,712817,0,0,0,,0,0,0,,0,0,0,,0,0,0,0,
89742766181f469b807f397325a2a6bf,10800,242085,179,96,243,https://www.youtube.com/watch?v=nuJxpqBsOE4,179,96,243,https://www.youtube.com/watch?v=nuJxpqBsOE4,0,0,0,,371,0,0,0,
068503b08362450b9339a0b6cc6eb3f0,10700,326526,1067,542,14334,https://www.youtube.com/watch?v=RHl_WBhJSTY,1116,655,2832,https://www.youtube.com/watch?v=o95MfnVnc9s,1067,542,14334,https://www.youtube.com/watch?v=RHl_WBhJSTY,0,0,0,0,
3e269031fb4b45aaa0906ca424190ce2,10700,586478,1517,382,1517,https://www.youtube.com/watch?v=p_eY9rO1qbk,0,0,0,,1517,382,1517,https://www.youtube.com/watch?v=p_eY9rO1qbk,11459,1390,673,3384,https://www.twitch.tv/videos/2857574401
95e5788cabf340e397e2726def426229,10700,571773,860,306,1798,https://www.youtube.com/watch?v=tcoqldXIUms,827,380,1769,https://www.youtube.com/watch?v=Bpu07671RTo,1483,188,1798,https://www.youtube.com/watch?v=tcoqldXIUms,0,0,0,0,
8c3af9f56a3f4f1d84fcfcfa9f280c8d,10700,19761,0,0,0,,0,0,0,,0,0,0,,0,0,0,0,
27c0252056e84aa28da6dcebb8e86e85,10700,771970,720,398,2209,https://www.youtube.com/watch?v=R_H3JXgdp5g,720,398,2209,https://www.youtube.com/watch?v=R_H3JXgdp5g,0,0,0,,7860,0,0,0,
e0c7d57886cc4835a4ff3617bd5e922c,10700,50780,0,0,0,,0,0,0,,0,0,0,,1511,0,0,0,
8dd4a8b4598e483e9112b2b1a9466013,10500,2877662,452,175,8138,https://www.youtube.com/watch?v=P7iXQLVCH50,398,173,724,https://www.youtube.com/watch?v=w0eVNF-IWRA,5920,3759,8138,https://www.youtube.com/watch?v=P7iXQLVCH50,273,0,0,0,
0715c3b900ad423fa1b981cf4fc15c8f,10500,436140,334,205,987,https://www.youtube.com/watch?v=28EGryFHqeA,334,205,987,https://www.youtube.com/watch?v=28EGryFHqeA,0,0,0,,0,0,0,0,
36890ed250164897a7ab1066b83ad547,10500,12561,0,0,0,,0,0,0,,0,0,0,,371,0,0,0,
b7f222493f4d4bd1be65f1c08300b45e,10400,477083,512,322,2921,https://www.youtube.com/watch?v=FoQ9YigXoG8,482,322,1078,https://www.youtube.com/watch?v=Yc-cG_Cfm9A,1722,1554,2921,https://www.youtube.com/watch?v=FoQ9YigXoG8,0,0,0,0,
6eec62ae2c9849de8ca895cef44ec952,10400,593241,776,401,1416,https://www.youtube.com/watch?v=RumDS2Xh-VE,639,350,1416,https://www.youtube.com/watch?v=RumDS2Xh-VE,1144,449,1280,https://www.youtube.com/watch?v=3mfl306_10c,1121,0,0,0,
93785f5e8b614be98bf8e096f5b1f997,10400,438891,204,48,1901,https://www.youtube.com/watch?v=pQZdW49Wo5Y,749,355,1101,https://www.youtube.com/watch?v=EE8IAhmTG4Q,164,30,1901,https://www.youtube.com/watch?v=pQZdW49Wo5Y,0,0,0,0,
80dda735a7784d7fb999892874a05f0c,10300,570951,1321,333,2020,https://www.youtube.com/watch?v=tDxVs6B0MaU,343,58,343,https://www.youtube.com/watch?v=x2wgpP3FvII,1459,372,2020,https://www.youtube.com/watch?v=tDxVs6B0MaU,4312,0,0,0,
7b2c8df9fd9d4f33bd5ec0c38f12826f,10300,0,0,0,0,,0,0,0,,0,0,0,,5427,0,0,0,
123c79d3170e451eae2f0cc3543621f3,10300,348738,1216,823,1563,https://www.youtube.com/watch?v=gmwwZvSmZHc,1216,823,1563,https://www.youtube.com/watch?v=gmwwZvSmZHc,0,0,0,,0,0,0,0,
191998e9f0ec4d67a19da194af311636,10300,181966,383,199,679,https://www.youtube.com/watch?v=Ni8W0vQCZSI,383,199,679,https://www.youtube.com/watch?v=Ni8W0vQCZSI,0,0,0,,0,0,0,0,
96f44559b15e4bad9de2eb8a0a2a92da,10200,1133085,2400,783,33745,https://www.youtube.com/watch?v=-t-YCbDFv-M,1105,548,4252,https://www.youtube.com/watch?v=av8eZdz2IE4,2855,1777,33745,https://www.youtube.com/watch?v=-t-YCbDFv-M,0,0,0,0,
9b33b75521bd43bca3346790ac65559c,10200,3618163,1220,330,3635,https://www.youtube.com/watch?v=yA_oE7X64nI,399,213,1502,https://www.youtube.com/watch?v=W0e-IblveBc,1568,902,3635,https://www.youtube.com/watch?v=yA_oE7X64nI,9026,423,207,979,https://www.twitch.tv/videos/2854125835
a052e4ff345b41919ab0f13a5b10ff02,10200,533815,1204,609,1553,https://www.youtube.com/watch?v=kQWAXnuTXmE,1037,399,1204,https://www.youtube.com/watch?v=EquAlwtabrI,1416,918,1553,https://www.youtube.com/watch?v=kQWAXnuTXmE,2084,0,0,0,
c8c87552da404928bcb9fcbafd896591,10200,48464,0,0,0,,0,0,0,,0,0,0,,328,0,0,0,
e0cd8e719dc64b5f9c171736bbaff6f7,10200,1408100,1278,1106,2536,https://www.youtube.com/watch?v=NVPR84d6kEA,1266,865,1717,https://www.youtube.com/watch?v=gBtn6u2BazY,2536,2172,2536,https://www.youtube.com/watch?v=NVPR84d6kEA,0,0,0,0,
a9faef4b712b4649ba60c7e8e262175a,10200,89633,602,210,602,https://www.youtube.com/watch?v=20bqCFVz-pU,0,0,0,,602,210,602,https://www.youtube.com/watch?v=20bqCFVz-pU,0,0,0,0,
f42c6f5877f14a38aef3f3b515769149,10100,2055595,1057,596,4966,https://www.youtube.com/watch?v=z0ft-z40URE,1057,634,4966,https://www.youtube.com/watch?v=z0ft-z40URE,976,269,1286,https://www.youtube.com/watch?v=deg_o1jawUM,0,0,0,0,
fefbcad20d8344c79c74a103d0ea45b2,10100,319579,0,0,0,,0,0,0,,0,0,0,,0,0,0,0,
310862830fb648b78cca7e581e2622a7,10100,591785,2323,1353,3226,https://www.youtube.com/watch?v=I1cCgObZZvE,0,0,0,,2323,1353,3226,https://www.youtube.com/watch?v=I1cCgObZZvE,21523,2456,1149,24213,https://www.twitch.tv/videos/2852304167
1d5ee3e2653b4ae5b1050533f8d1ae31,10100,4923,0,0,0,,0,0,0,,0,0,0,,0,0,0,0,
cd542f88cc8b47d087301d567b7cebca,10000,392310,562,360,2212,https://www.youtube.com/watch?v=gYD1ce9z2Lg,533,301,1269,https://www.youtube.com/watch?v=tcn1m8bdaok,2212,1662,2212,https://www.youtube.com/watch?v=gYD1ce9z2Lg,1993,365,246,471,https://www.twitch.tv/videos/2870374216
340d9b553db042bdb8294ba2f9fd6990,10000,18914,0,0,0,,0,0,0,,0,0,0,,0,0,0,0,
65ada733fbe64a3a86aae7737e32fad0,10000,519364,748,372,3965,https://www.youtube.com/watch?v=b77khDUr1L4,670,457,3965,https://www.youtube.com/watch?v=b77khDUr1L4,1340,70,1340,https://www.youtube.com/watch?v=JyMYGras4b4,0,0,0,0,
59c0d89447d54786966ba8ecd5649d63,10000,241559,2912,1134,2912,https://www.youtube.com/watch?v=V6tcpd6_1-g,0,0,0,,2912,1134,2912,https://www.youtube.com/watch?v=V6tcpd6_1-g,1755,0,0,0,
8ee549546bb14154b5e1fcaf3dd51f09,10000,0,0,0,0,,0,0,0,,0,0,0,,910,0,0,0,
80d6517a96e74265a4d24f86b9c295c5,10000,589000,693,439,1875,https://www.youtube.com/watch?v=jfAnXq1jcjQ,614,439,1319,https://www.youtube.com/watch?v=7RqGVMcgqWo,1135,513,1875,https://www.youtube.com/watch?v=jfAnXq1jcjQ,0,0,0,0,
a11814b8fb494b0c88170f182aa37cf9,9950,86856,0,0,0,,0,0,0,,0,0,0,,0,0,0,0,
7c0acdc8fe2449deb487cbb827b51723,9860,578122,777,440,1719,https://www.youtube.com/watch?v=Ujjij4RxGvs,740,504,1268,https://www.youtube.com/watch?v=5CYRj0sZ3CQ,1276,218,1719,https://www.youtube.com/watch?v=Ujjij4RxGvs,226,304,250,304,https://www.twitch.tv/videos/2873965812
3cf4da41775b4e608f4dde5859cdda74,9780,1864998,1280,978,4770,https://www.youtube.com/watch?v=taG6xMYrW-I,77,13,77,https://www.youtube.com/watch?v=jk5wD_qUGBY,1458,1041,4770,https://www.youtube.com/watch?v=taG6xMYrW-I,0,0,0,0,
1434ae451f81469da327f32c387b9df0,9750,279533,0,0,0,,0,0,0,,0,0,0,,0,0,0,0,
f53807443055490f87b85ded6caee0aa,9710,564881,622,321,1545,https://www.youtube.com/watch?v=N509ZNfcDr4,415,263,1213,https://www.youtube.com/watch?v=4g_7MLy2LdY,942,345,1545,https://www.youtube.com/watch?v=N509ZNfcDr4,451,0,0,0,
ab19e58312b74ebd9b68e27aeb0adde5,9660,644746,1065,753,2597,https://www.youtube.com/watch?v=DTHiXL6u2Ys,1065,753,2597,https://www.youtube.com/watch?v=DTHiXL6u2Ys,0,0,0,,0,0,0,0,
13992a4fb59649ada3a2adf027b5b35a,9570,93199,154,58,262,https://www.youtube.com/watch?v=ZKyliOcO6Kw,154,58,262,https://www.youtube.com/watch?v=ZKyliOcO6Kw,0,0,0,,3770,32,25,53,https://www.twitch.tv/videos/2866845575
f7472d5310ce42819d17459c4f3fd7c1,9540,566287,1459,552,3671,https://www.youtube.com/watch?v=38KoPq_Rd90,1382,505,3671,https://www.youtube.com/watch?v=38KoPq_Rd90,2347,1448,2511,https://www.youtube.com/watch?v=9ulTqMdH5Eg,496,77,50,87,https://www.twitch.tv/videos/2871159994
13c69e2cf2ff4dc1907bbae9a87a8c0f,9510,493371,0,0,0,,0,0,0,,0,0,0,,5765,892,415,87597,https://www.twitch.tv/videos/2876431921
83cb016f535f4275bba29ad276b2084f,9490,645299,334,158,799,https://www.youtube.com/watch?v=81gYXNggEi8,334,158,799,https://www.youtube.com/watch?v=81gYXNggEi8,0,0,0,,0,0,0,0,
2a897c484c05483f9a46467e8f448314,9480,368588,1691,601,4377,https://www.youtube.com/watch?v=K6SUI_K6iMk,1666,714,3763,https://www.youtube.com/watch?v=n4gJKoq5s0k,1691,511,4377,https://www.youtube.com/watch?v=K6SUI_K6iMk,5298,597,140,902,https://www.twitch.tv/videos/2856755836
e3e93491f32d459ba2b79033cf75c619,9480,398883,1403,505,2029,https://www.youtube.com/watch?v=vR9cmropzcY,984,539,1702,https://www.youtube.com/watch?v=Y9KBYDPXZbo,1528,505,2029,https://www.youtube.com/watch?v=vR9cmropzcY,1266,215,155,227,https://www.twitch.tv/videos/2877358084
f2ad5f187c9141ab8830b8eaf81c3aee,9420,943612,770,498,2743,https://www.youtube.com/watch?v=gkL8izgMn-k,705,458,2743,https://www.youtube.com/watch?v=gkL8izgMn-k,1417,498,1417,https://www.youtube.com/watch?v=YYFEO8qY7fU,0,0,0,0,
ac2b3c839ed14b12af1acecf322a15bd,9380,554930,988,611,2113,https://www.youtube.com/watch?v=hRpCkrp7vIM,737,389,2113,https://www.youtube.com/watch?v=hRpCkrp7vIM,1415,796,1459,https://www.youtube.com/watch?v=PrNjfJvMRPQ,0,0,0,0,
74c26216c39a40d1a9f1c5f63fa4d344,9360,456351,567,276,1796,https://www.youtube.com/watch?v=7a_Pz9WFwW8,561,272,1289,https://www.youtube.com/watch?v=SDAP6FVZds4,736,397,1796,https://www.youtube.com/watch?v=7a_Pz9WFwW8,0,0,0,0,
ce908f10dcde4e2480c8f97aafd45883,9360,1686969,448,202,15642,https://www.youtube.com/watch?v=KRD15Sjb6us,806,479,2304,https://www.youtube.com/watch?v=lM1S_sq4Kj4,304,167,15642,https://www.youtube.com/watch?v=KRD15Sjb6us,1110,210,169,418,https://www.twitch.tv/videos/2866830270
247215e876d24dae9932464b75fc577c,9360,829617,455,316,2081,https://www.youtube.com/watch?v=Z6R48S4B8ZU,441,276,2081,https://www.youtube.com/watch?v=Z6R48S4B8ZU,1476,1313,1476,https://www.youtube.com/watch?v=j2He19Dwjvk,0,0,0,0,
fe698ded3a6148808ca857c73ac7ee15,9320,628775,794,359,21442,https://www.youtube.com/watch?v=oyzLlFYdM_s,683,377,1415,https://www.youtube.com/watch?v=AtzU1ZA0120,958,359,21442,https://www.youtube.com/watch?v=oyzLlFYdM_s,329,0,0,0,
ecd7e504a0b64480a4127a25678e4b4a,9320,122410,0,0,0,,0,0,0,,0,0,0,,0,0,0,0,
42844ee6e0cc47938829b43a3101b9bb,9270,135810,0,0,0,,0,0,0,,0,0,0,,5069,0,0,0,
eafe564c8d9945c8af2ed66ff4cd773a,9260,659933,282,247,1633,https://www.youtube.com/watch?v=R3PuFIi9PGM,274,226,1633,https://www.youtube.com/watch?v=R3PuFIi9PGM,1359,1161,1359,https://www.youtube.com/watch?v=wMegQg0PbcA,0,0,0,0,
d2b0c8386e1341668f6bbc789d1ef1e3,9230,1015069,1065,463,3072,https://www.youtube.com/watch?v=nZZE1YCoE44,1065,463,3072,https://www.youtube.com/watch?v=nZZE1YCoE44,0,0,0,,0,0,0,0,
5ed5801d24c7412fa3fa65a82124aad0,9220,834424,1469,698,3040,https://www.youtube.com/watch?v=POqBm-rlJDs,1236,663,3040,https://www.youtube.com/watch?v=POqBm-rlJDs,1927,1038,2685,https://www.youtube.com/watch?v=pcGOdhTJAiE,2954,210,167,623,https://www.twitch.tv/videos/2871963523
538d1d2058da4bdea1c7f43f088e995b,9210,322289,1141,721,3611,https://www.youtube.com/watch?v=1Ku8dRDE0w8,1174,728,3611,https://www.youtube.com/watch?v=1Ku8dRDE0w8,300,107,300,https://www.youtube.com/watch?v=PSRu6tfGN58,3194,0,0,0,
558d8602fdeb4f3cb4ce484babb30577,9160,636370,868,549,1885,https://www.youtube.com/watch?v=Zh-vjzhXKUc,805,433,879,https://www.youtube.com/watch?v=bAGi19BZ2i0,1265,600,1885,https://www.youtube.com/watch?v=Zh-vjzhXKUc,0,0,0,0,
5e0db06126544cfd944fc86a327be67a,9150,0,0,0,0,,0,0,0,,0,0,0,,0,0,0,0,
d90f173970a742d3ade6f4159c785d1e,9150,482921,683,271,1864,https://www.youtube.com/watch?v=KEIZQ1Ltq44,672,261,862,https://www.youtube.com/watch?v=HYoeAPVV23M,1349,324,1864,https://www.youtube.com/watch?v=KEIZQ1Ltq44,1595,382,252,486,https://www.twitch.tv/videos/2871220470
00c158176a504c9bb865b32276e79eb1,9110,333507,518,393,11563,https://www.youtube.com/watch?v=SqTi4YzizBQ,387,158,575,https://www.youtube.com/watch?v=8Szu84kW8Xg,6911,2203,11563,https://www.youtube.com/watch?v=SqTi4YzizBQ,0,0,0,0,
423dd7da92be47f4af7273c5f74efb27,9060,399303,0,0,0,,0,0,0,,0,0,0,,36795,837,340,1111,https://www.twitch.tv/videos/2852089802
65ab938b60074946af1ea65a002c70df,9030,2843421,993,341,6292,https://www.youtube.com/watch?v=7k0wDBQbFxk,606,324,1035,https://www.youtube.com/watch?v=F065iZyXD1g,1542,867,6292,https://www.youtube.com/watch?v=7k0wDBQbFxk,580,0,0,0,
7fdfd0346667458a8657626f03434b59,9010,294928,418,238,2048,https://www.youtube.com/watch?v=7Y6kWwry4SM,376,238,1675,https://www.youtube.com/watch?v=OUGEIp9X-VI,1779,304,2048,https://www.youtube.com/watch?v=7Y6kWwry4SM,424,0,0,0,
1dd6fdbb4f764fc3a18747c8adbf0692,8930,368033,913,625,3125,https://www.youtube.com/watch?v=HAbeBkrLjHE,913,655,2798,https://www.youtube.com/watch?v=b6p__EdOdsY,1791,307,3125,https://www.youtube.com/watch?v=HAbeBkrLjHE,0,0,0,0,
432458f2f15549919dc6e3706ccbd417,8920,509707,8122,4145,11130,https://www.youtube.com/watch?v=pNteE3SqyEc,0,0,0,,8122,4145,11130,https://www.youtube.com/watch?v=pNteE3SqyEc,0,0,0,0,
fa67b0859f2e45589e754f7e528967d6,8920,369211,0,0,0,,0,0,0,,0,0,0,,10699,654,220,1344,https://www.twitch.tv/videos/2868533410
d407b30c72a841bd82af1f5cc8ec0667,8920,425564,563,37,1098,https://www.youtube.com/watch?v=ESrBMW4BYuY,0,0,0,,563,37,1098,https://www.youtube.com/watch?v=ESrBMW4BYuY,5486,47,33,59,https://www.twitch.tv/videos/2871206658
9b2c7b20d02241b3b82492a5e78a71c0,8890,418506,1184,493,3587,https://www.youtube.com/watch?v=Rw-e45klykQ,272,238,272,https://www.youtube.com/watch?v=wd20N1VemVc,1335,618,3587,https://www.youtube.com/watch?v=Rw-e45klykQ,0,0,0,0,
c4ffb821927d406682f3f17edfdf3bcd,8860,355572,0,0,0,,0,0,0,,0,0,0,,0,0,0,0,
6fa1245c717d4af68589205df5ab6427,8810,739809,466,192,1807,https://www.youtube.com/watch?v=9dGSE339dqU,437,154,1807,https://www.youtube.com/watch?v=9dGSE339dqU,510,192,510,https://www.youtube.com/watch?v=mTiE3Tamd-Q,786,0,0,0,
1569b00373564846b894f47403376c6b,8810,257527,722,520,1685,https://www.youtube.com/watch?v=mwNxi30t2m4,0,0,0,,722,520,1685,https://www.youtube.com/watch?v=mwNxi30t2m4,480,292,228,371,https://www.twitch.tv/videos/2878332424
823311ac8226476e8d1e323f536bf8b1,8740,170702,0,0,0,,0,0,0,,0,0,0,,2293,0,0,0,
08a612f1ecf84b619a8899a5caed28c1,8690,890725,710,484,1113,https://www.youtube.com/watch?v=xmxnerC2Rso,710,484,1113,https://www.youtube.com/watch?v=xmxnerC2Rso,0,0,0,,21310,1676,479,3223,https://www.twitch.tv/videos/2860528928
2f0a0ee6478c45ae8af28953b4c370be,8680,1447243,1030,562,3421,https://www.youtube.com/watch?v=7uZMrq78SGM,1002,545,2379,https://www.youtube.com/watch?v=Oqn_wvCszEE,3421,748,3421,https://www.youtube.com/watch?v=7uZMrq78SGM,0,0,0,0,
03f5b3fed856438c9a53d30fdfadd9b7,8680,367219,625,347,2327,https://www.youtube.com/watch?v=KdIPLq7Xbwo,598,365,2327,https://www.youtube.com/watch?v=KdIPLq7Xbwo,632,198,1430,https://www.youtube.com/watch?v=KwLInJF2338,1074,168,97,327,https://www.twitch.tv/videos/2872934325
65d554df176e4b849379d015fb333abf,8670,0,0,0,0,,0,0,0,,0,0,0,,0,0,0,0,
4482e4f0cea64f92aa78b2513c7ed897,8670,730075,1033,452,2074,https://www.youtube.com/watch?v=N0IbWVCVVlU,1161,561,2074,https://www.youtube.com/watch?v=N0IbWVCVVlU,790,323,885,https://www.youtube.com/watch?v=Ryw8Wtnoo9g,0,0,0,0,
ad4d805afc1549348584aacb24035f89,8660,12121,541,221,1101,https://www.youtube.com/watch?v=X-1OjoLcmcc,541,221,1101,https://www.youtube.com/watch?v=X-1OjoLcmcc,0,0,0,,0,0,0,0,
7ebc0dc9fdf3442688ecd63bbdc30c51,8610,362028,715,156,4891,https://www.youtube.com/watch?v=l4zYvfwMDi0,715,156,4891,https://www.youtube.com/watch?v=l4zYvfwMDi0,0,0,0,,0,0,0,0,
fe1d3152398b44e39d69f7ef78e73a8c,8570,631119,339,237,1612,https://www.youtube.com/watch?v=SgQ7HV4d9rw,329,256,1311,https://www.youtube.com/watch?v=hWsYdlJz3iw,1612,16,1612,https://www.youtube.com/watch?v=SgQ7HV4d9rw,636,0,0,0,
1254f176d93548aca5ac7f4b53313f71,8530,4037273,18,7,575,https://www.youtube.com/watch?v=wXVzz7GqRnE,245,113,575,https://www.youtube.com/watch?v=wXVzz7GqRnE,15,6,397,https://www.youtube.com/watch?v=fAv-V_MPxP8,1623,8,5,16,https://www.twitch.tv/videos/2874853685
ab64eaef68c94ab4afb3a89007c81e9c,8530,1341356,1778,860,2142,https://www.youtube.com/watch?v=CBN3wq0d3Uc,0,0,0,,1778,860,2142,https://www.youtube.com/watch?v=CBN3wq0d3Uc,8594,2169,984,11067,https://www.twitch.tv/videos/2852992656
420208d1dcb74abfa325fc1f6a27e17b,8500,459423,1171,647,3398,https://www.youtube.com/watch?v=kf9rPpNbYb0,1171,647,3398,https://www.youtube.com/watch?v=kf9rPpNbYb0,0,0,0,,1399,0,0,0,
2d6886120def4c148c70514433d77e1e,8480,607936,972,519,2905,https://www.youtube.com/watch?v=xgvTT49zAb8,947,538,2905,https://www.youtube.com/watch?v=xgvTT49zAb8,1817,220,1817,https://www.youtube.com/watch?v=eE5b-cmxyzY,0,0,0,0,
f905195b653944cd9de4ab0b4e6cca58,8470,347072,1081,403,2346,https://www.youtube.com/watch?v=Car4BkA0W2s,1212,405,2346,https://www.youtube.com/watch?v=Car4BkA0W2s,532,39,532,https://www.youtube.com/watch?v=z83KmnPEQkQ,0,0,0,0,
d797701ab1564b62906f91a341134a9e,8460,441841,1472,565,4888,https://www.youtube.com/watch?v=4iQLv-1oeP0,1067,565,1523,https://www.youtube.com/watch?v=Yty3ckbpf1w,2091,767,4888,https://www.youtube.com/watch?v=4iQLv-1oeP0,5293,465,429,661,https://www.twitch.tv/videos/2871214058
cc882664d9794fb88b06a5a0aa1591ae,8450,366081,660,392,1810,https://www.youtube.com/watch?v=sCGiklg8qDs,660,392,1810,https://www.youtube.com/watch?v=sCGiklg8qDs,0,0,0,,0,0,0,0,
28e0e0a574fe4deca3d5ded0aa5d64ef,8430,552220,816,495,2914,https://www.youtube.com/watch?v=Fd4zvrr_S1Q,815,458,1366,https://www.youtube.com/watch?v=b4PvRBIkgms,2914,1803,2914,https://www.youtube.com/watch?v=Fd4zvrr_S1Q,704,262,194,284,https://www.twitch.tv/videos/2873080642
38f11eca620e4c83a3e4211cbf463cce,8430,1214837,2495,772,10611,https://www.youtube.com/watch?v=Ptsq4Ur4H-Y,1069,633,1387,https://www.youtube.com/watch?v=zOToZ7v76Lk,5493,2110,10611,https://www.youtube.com/watch?v=Ptsq4Ur4H-Y,0,0,0,0,
9604bd9896fc421ba131a9a6e11d50b0,8420,1083478,1404,493,4286,https://www.youtube.com/watch?v=-q2kkTZVIVM,1311,504,4286,https://www.youtube.com/watch?v=-q2kkTZVIVM,2485,362,3056,https://www.youtube.com/watch?v=ynsrduf5mR4,0,0,0,0,
bdc034d3afcd4456b6da2b96a2e460ef,8410,833824,540,398,540,https://www.youtube.com/watch?v=q3KpWcxY4Ts,0,0,0,,540,398,540,https://www.youtube.com/watch?v=q3KpWcxY4Ts,1597,0,0,0,
7298d2db845840d7ab462c7628967f4e,8300,363941,317,153,493,https://www.youtube.com/watch?v=TOUtegdNMCc,317,153,493,https://www.youtube.com/watch?v=TOUtegdNMCc,0,0,0,,0,0,0,0,
3b0031a4b57f46719f06cbf7c5cc42b6,8300,390666,659,336,1823,https://www.youtube.com/watch?v=NtZBZ4YlPok,659,345,1823,https://www.youtube.com/watch?v=NtZBZ4YlPok,593,325,709,https://www.youtube.com/watch?v=vfrz5bcjDNw,139,0,0,0,
bd99f3c8cd6e4fffb75bf0e5b1b5b4fa,8270,462820,3580,2155,14088,https://www.youtube.com/watch?v=FGvrwpfT3do,3488,1901,14088,https://www.youtube.com/watch?v=FGvrwpfT3do,6827,5613,6827,https://www.youtube.com/watch?v=KhjOtTcs3SI,0,0,0,0,
df0c2ce19ccf4e26ac1a18065f85dacc,8220,484254,384,133,402,https://www.youtube.com/watch?v=ysumakfNHZQ,384,133,402,https://www.youtube.com/watch?v=ysumakfNHZQ,0,0,0,,0,0,0,0,
c06f5173a01c4c0db7a761957c02186d,8200,669394,1685,745,7160,https://www.youtube.com/watch?v=GCqaQxHPJtg,896,482,7160,https://www.youtube.com/watch?v=GCqaQxHPJtg,1699,988,2346,https://www.youtube.com/watch?v=y1mdtpNIiUs,676,229,181,260,https://www.twitch.tv/videos/2870351185
058021ae015448cda91651a6bd41cdc6,8200,521662,9309,6395,9309,https://www.youtube.com/watch?v=nRo84aAyf90,9309,6395,9309,https://www.youtube.com/watch?v=nRo84aAyf90,0,0,0,,2518,239,199,458,https://www.twitch.tv/videos/2872708048
eafb808b078844fdab1d8ed561dbd462,8190,571015,785,373,3165,https://www.youtube.com/watch?v=ZVuk2up8TUc,702,333,2332,https://www.youtube.com/watch?v=muQ9SVNNMog,1549,838,3165,https://www.youtube.com/watch?v=ZVuk2up8TUc,0,0,0,0,
ee20f58e3fb74fae83a42239a83bcc4a,8180,260962,0,0,0,,0,0,0,,0,0,0,,0,0,0,0,
60ab80cc26bc4e4aaa526ce1952f9e42,8180,508856,671,345,14560,https://www.youtube.com/watch?v=gqLtWI9tx1U,532,373,1479,https://www.youtube.com/watch?v=4WUES6vBs58,681,323,14560,https://www.youtube.com/watch?v=gqLtWI9tx1U,391,54,47,73,https://www.twitch.tv/videos/2875714909
09b6598d6d604e9397eebff166c69e92,8160,125509,409,160,614,https://www.youtube.com/watch?v=H4OiGt4aeoo,409,160,614,https://www.youtube.com/watch?v=H4OiGt4aeoo,0,0,0,,307,71,34,108,https://www.twitch.tv/videos/2862395896
c72226925ba94855b9fcc88fc2a25acc,8120,831361,777,513,1370,https://www.youtube.com/watch?v=-7l5VNKA9Z4,800,550,1370,https://www.youtube.com/watch?v=-7l5VNKA9Z4,167,104,167,https://www.youtube.com/watch?v=MyUtW4rIJM4,0,0,0,0,
41a8958a1a4a4cc8b404d04da033400e,8110,394657,0,0,0,,0,0,0,,0,0,0,,510,0,0,0,
328a6a5742504b9d977f40660c118239,8080,1164262,590,300,3276,https://www.youtube.com/watch?v=txXvvI_ypCA,691,417,3276,https://www.youtube.com/watch?v=txXvvI_ypCA,309,118,939,https://www.youtube.com/watch?v=oHS_w9nMiiQ,0,0,0,0,
d2a7b2d142ea4076afcfc7263b9e09fd,8050,632200,790,480,9801,https://www.youtube.com/watch?v=HYR1pkwq7Ks,790,480,3010,https://www.youtube.com/watch?v=2yXKsE3pgBk,1575,570,9801,https://www.youtube.com/watch?v=HYR1pkwq7Ks,773,0,0,0,
e4c71cb272a24ce6bda794eae8e5bdfc,8050,529712,1119,488,2093,https://www.youtube.com/watch?v=D0_1Oy3Lja0,630,244,1214,https://www.youtube.com/watch?v=ZUjXIRCPNTs,1436,858,2093,https://www.youtube.com/watch?v=D0_1Oy3Lja0,0,0,0,0,
d13fdb8fdd3049e5bf80b5ab0fa8a1a6,8030,682915,346,71,1383,https://www.youtube.com/watch?v=iIC5zd6VXTk,392,61,1016,https://www.youtube.com/watch?v=sM7hs11iRKU,230,80,1383,https://www.youtube.com/watch?v=iIC5zd6VXTk,0,0,0,0,
8309d31b418642db83f0cf56b38fc9ad,8000,1140240,1407,782,3459,https://www.youtube.com/watch?v=PhotkOGpY-o,1407,782,3459,https://www.youtube.com/watch?v=PhotkOGpY-o,1511,965,1929,https://www.youtube.com/watch?v=86uvk-wiziE,168,0,0,0,
4865c3feac234584909168181b7dc2be,7990,212652,733,481,4982,https://www.youtube.com/watch?v=Zhu1kr6vM0s,498,256,1913,https://www.youtube.com/watch?v=CpSLyFObs_s,1580,1124,4982,https://www.youtube.com/watch?v=Zhu1kr6vM0s,276,0,0,0,
a188f157d0384e0db5ae73605240d68b,7990,751294,752,444,2067,https://www.youtube.com/watch?v=fPZpxuwRGoQ,692,368,1291,https://www.youtube.com/watch?v=Hlupb3vf62E,1633,947,2067,https://www.youtube.com/watch?v=fPZpxuwRGoQ,1175,0,0,0,
3367168108de48adb898018c257db64f,7980,0,0,0,0,,0,0,0,,0,0,0,,0,0,0,0,
0ab16bd60230422d97f73e6810be221c,7880,395121,348,175,1205,https://www.youtube.com/watch?v=XlFlT7jcuDM,348,175,1205,https://www.youtube.com/watch?v=XlFlT7jcuDM,0,0,0,,0,0,0,0,
b90a42d3e9a5465ba4ef8a333c8148e5,7850,952076,433,195,2266,https://www.youtube.com/watch?v=lkNYnJYiH2g,426,165,1015,https://www.youtube.com/watch?v=82HyNP6m8H8,1102,564,2266,https://www.youtube.com/watch?v=lkNYnJYiH2g,0,0,0,0,
56abcaadabbe44dbbd18ab0ecfe1037f,7850,320552,448,231,2135,https://www.youtube.com/watch?v=_IHdjpmHHC0,448,231,2135,https://www.youtube.com/watch?v=_IHdjpmHHC0,0,0,0,,0,0,0,0,
9f975d473431409190e397bdc946d5b0,7830,418432,689,310,13058,https://www.youtube.com/watch?v=GfFnsJgv7zk,625,301,2254,https://www.youtube.com/watch?v=yZF0tsf73Bs,10512,4066,13058,https://www.youtube.com/watch?v=GfFnsJgv7zk,256,0,0,0,
1f54eafd17434cd9bd175d27b72c2228,7810,209302,518,410,518,https://www.youtube.com/watch?v=oklFBVCp1U0,518,410,518,https://www.youtube.com/watch?v=oklFBVCp1U0,0,0,0,,0,0,0,0,
b10149a2a1ee4ffcbf1dacb1b1722f9f,7770,197265,401,238,421,https://www.youtube.com/watch?v=eUIHvR5NaTc,401,238,421,https://www.youtube.com/watch?v=eUIHvR5NaTc,0,0,0,,857,0,0,0,
556c69847bc14bc7be03b3e40e52ac98,7730,198694,0,0,0,,0,0,0,,0,0,0,,1780,0,0,0,
7af8f321e84542dc9ccda160152fbf0b,7710,258547,394,75,1470,https://www.youtube.com/watch?v=MjfOjacpCaM,932,450,1470,https://www.youtube.com/watch?v=MjfOjacpCaM,79,74,79,https://www.youtube.com/watch?v=sU3PvLiQtpA,0,0,0,0,
f7d0e4ed95e84262b329740d5d27afc9,7700,57788,0,0,0,,0,0,0,,0,0,0,,0,0,0,0,
01edfa8163ad42cd85f56ef4dce2609e,7640,445931,441,167,2785,https://www.youtube.com/watch?v=jk0DlzaYRHE,829,491,2785,https://www.youtube.com/watch?v=jk0DlzaYRHE,267,108,1035,https://www.youtube.com/watch?v=88jzLCSrG78,0,0,0,0,
cf66d52e3a4146dbaf03c1578fc25c47,7620,0,0,0,0,,0,0,0,,0,0,0,,889,0,0,0,
03b825a2908749099e40cd4a4d1169aa,7560,201561,641,174,1456,https://www.youtube.com/watch?v=dhmN4koy7Sc,637,157,907,https://www.youtube.com/watch?v=fZYG2x3Oz_A,641,358,1456,https://www.youtube.com/watch?v=dhmN4koy7Sc,0,0,0,0,
cedd78c374b54898a647a3cb3a5263fc,7540,355084,1265,345,1448,https://www.youtube.com/watch?v=YnWdnH8BP00,1265,345,1448,https://www.youtube.com/watch?v=YnWdnH8BP00,0,0,0,,0,0,0,0,
77e980ab542a4db6a34b5ac9c8f3948b,7500,403652,957,617,2250,https://www.youtube.com/watch?v=TQ4rAAlb574,957,617,2250,https://www.youtube.com/watch?v=TQ4rAAlb574,0,0,0,,726,0,0,0,
d80f5bc1e3ce4c35aa3eced40cc3bddc,7490,372350,1017,541,1394,https://www.youtube.com/watch?v=vrY7jgW2yCc,1017,541,1394,https://www.youtube.com/watch?v=vrY7jgW2yCc,0,0,0,,563,0,0,0,
f3404208a69741c481201fffcdea3d9e,7490,138725,0,0,0,,0,0,0,,0,0,0,,0,0,0,0,
b92c6e4c3bea4b938077a8f152f78083,7480,57306,0,0,0,,0,0,0,,0,0,0,,0,0,0,0,
94595065e7aa498d93067274eb755301,7480,1285227,343,175,1915,https://www.youtube.com/watch?v=zJkqnOCKJk0,341,194,1915,https://www.youtube.com/watch?v=zJkqnOCKJk0,1172,49,1172,https://www.youtube.com/watch?v=7S_j2_ftq_M,0,0,0,0,
c897f2f0ae414985aa623bfe2dfe8f1c,7470,211001,572,169,2797,https://www.youtube.com/watch?v=G1gAQ-hScRo,572,169,2797,https://www.youtube.com/watch?v=G1gAQ-hScRo,0,0,0,,640,0,0,0,
9d864d1af4e749f5a58171b06c070565,7450,661442,701,407,2155,https://www.youtube.com/watch?v=amLIkPGpUz8,467,404,467,https://www.youtube.com/watch?v=c78GjSOGgpA,879,467,2155,https://www.youtube.com/watch?v=amLIkPGpUz8,3817,206,159,305,https://www.twitch.tv/videos/2866955616
9e3edec3eec54f49a065f1970471d473,7420,292108,1025,257,1025,https://www.youtube.com/watch?v=TE0yVPIpV1Y,1025,257,1025,https://www.youtube.com/watch?v=TE0yVPIpV1Y,0,0,0,,896,0,0,0,
fe660ff34f8a41e4ac75bd6f9ac67400,7390,251199,0,0,0,,0,0,0,,0,0,0,,0,0,0,0,
97a56c6914ab431d9b670456d11b22ed,7340,286544,364,103,2524,https://www.youtube.com/watch?v=GWTPssPq6ME,364,139,586,https://www.youtube.com/watch?v=jTqWaZRLBA8,1403,62,2524,https://www.youtube.com/watch?v=GWTPssPq6ME,0,0,0,0,
a3c6cbf76630432c83fa5277388be97c,7330,118581,10119,4855,10743,https://www.youtube.com/watch?v=SKZv9LvIY1k,10119,4855,10743,https://www.youtube.com/watch?v=SKZv9LvIY1k,0,0,0,,0,0,0,0,
5cdf289b83524643af7ab2f2c8788adf,7330,356806,245,121,3515,https://www.youtube.com/watch?v=0OdnVApq_9Q,245,121,3515,https://www.youtube.com/watch?v=0OdnVApq_9Q,0,0,0,,0,0,0,0,
1c94e6e4d8cf4f8d9195385a9024275a,7320,81713,0,0,0,,0,0,0,,0,0,0,,394,0,0,0,
63108f8ea91a4a699f345bb259750745,7310,163037,325,154,1286,https://www.youtube.com/watch?v=lkF9t4kh8og,325,185,1286,https://www.youtube.com/watch?v=lkF9t4kh8og,319,105,419,https://www.youtube.com/watch?v=1WScia-ClWY,0,0,0,0,
c430f1e7cfee4440b2b537c80a2a667d,7290,270994,915,634,1387,https://www.youtube.com/watch?v=qhMEbvssm2o,915,634,1387,https://www.youtube.com/watch?v=qhMEbvssm2o,0,0,0,,0,0,0,0,
7f72433f23da4bf8bfbf7ee3904eb7ca,7280,296579,0,0,0,,0,0,0,,0,0,0,,855,0,0,0,
c321746bebe740cb98625ca4cf6fb9a7,7270,116922,644,259,4965,https://www.youtube.com/watch?v=s-cZwOJo6e0,644,259,4965,https://www.youtube.com/watch?v=s-cZwOJo6e0,0,0,0,,0,0,0,0,
f40b8e8debf14680b5cc88bae98918f7,7220,234286,1802,1176,2880,https://www.youtube.com/watch?v=ObAP9HdLvoc,1802,1176,2880,https://www.youtube.com/watch?v=ObAP9HdLvoc,0,0,0,,0,0,0,0,
8c6bc741e4614154a63e987f930a468d,7220,418526,753,321,2122,https://www.youtube.com/watch?v=npvgrfmhMyA,566,308,1192,https://www.youtube.com/watch?v=_0_JUUNP4q8,1483,977,2122,https://www.youtube.com/watch?v=npvgrfmhMyA,0,0,0,0,
5d903f62e014487e9ab21a48c19fc6ac,7210,489917,587,221,1911,https://www.youtube.com/watch?v=sOm5Kpv3rD0,306,191,499,https://www.youtube.com/watch?v=lElLas26SiY,819,221,1911,https://www.youtube.com/watch?v=sOm5Kpv3rD0,918,0,0,0,
715cc1261d7e42c18135d47bd1cf2500,7180,177193,0,0,0,,0,0,0,,0,0,0,,6448,264,192,315,https://www.twitch.tv/videos/2866889573
0999b4ac6dbf496aacc1d48be59c4df0,7170,0,0,0,0,,0,0,0,,0,0,0,,0,0,0,0,
5fa2dee0fba64112aa476441cd6ff982,7160,351977,769,158,1171,https://www.youtube.com/watch?v=J7BJ3H9rwvA,1120,536,1171,https://www.youtube.com/watch?v=J7BJ3H9rwvA,370,130,450,https://www.youtube.com/watch?v=KbC4YpN8d3k,0,0,0,0,
3c1783f6914f414b830c836829d1afa2,7150,313643,698,364,2083,https://www.youtube.com/watch?v=-pvR_Unvy5c,555,373,1636,https://www.youtube.com/watch?v=qIsmVeCP7K4,1641,247,2083,https://www.youtube.com/watch?v=-pvR_Unvy5c,278,0,0,0,
990b7e28df934de1bdab364d72c79f90,7100,1835,0,0,0,,0,0,0,,0,0,0,,0,0,0,0,
40c846b91c4a44a980eddf20f0f789c0,7100,1237463,733,291,4151,https://www.youtube.com/watch?v=vVvIG9TIfmY,506,270,2421,https://www.youtube.com/watch?v=UaeUp_WznJs,1411,338,4151,https://www.youtube.com/watch?v=vVvIG9TIfmY,6994,423,272,777,https://www.twitch.tv/videos/2874733317
fec8644970684cffbbae8dd37a52d59c,7090,441189,373,237,2432,https://www.youtube.com/watch?v=YzbIgZ7Sx3o,371,182,2432,https://www.youtube.com/watch?v=YzbIgZ7Sx3o,2041,1739,2041,https://www.youtube.com/watch?v=PmDRdsO28tg,2238,691,265,3058,https://www.twitch.tv/videos/2859251055
a28e29c9e8ec4791a700cd2e30904534,7050,221698,489,315,2044,https://www.youtube.com/watch?v=kdXjePywJOM,489,315,2044,https://www.youtube.com/watch?v=kdXjePywJOM,0,0,0,,2936,68,57,68,https://www.twitch.tv/videos/2874555120
c8ef4e3182b74ecd994c837a75624390,7040,632690,1600,940,5678,https://www.youtube.com/watch?v=XZnBh0Z0SQU,1040,559,1040,https://www.youtube.com/watch?v=nkMdMdK5o8Y,1673,962,5678,https://www.youtube.com/watch?v=XZnBh0Z0SQU,0,0,0,0,
e7e219a17a7644cd9d28a2ab871f5f7c,7040,284325,314,92,314,https://www.youtube.com/watch?v=_3UnqUBK23U,0,0,0,,314,92,314,https://www.youtube.com/watch?v=_3UnqUBK23U,3047,298,146,382,https://www.twitch.tv/videos/2859650910
00c2bd1279064d88b05ad2d17d790e37,7030,144604,1112,630,11137,https://www.youtube.com/watch?v=HhiG_3cjn-4,953,522,1603,https://www.youtube.com/watch?v=NenZUQ7q6gM,2836,1873,11137,https://www.youtube.com/watch?v=HhiG_3cjn-4,1155,432,387,1057,https://www.twitch.tv/videos/2869050377
35b7bd4f6fcb4fbfb3ebe83be100d9a0,7030,555424,928,873,1200,https://www.youtube.com/watch?v=hc__SexB84E,928,873,1200,https://www.youtube.com/watch?v=hc__SexB84E,0,0,0,,0,0,0,0,
4576d781ddae45d59fc83c8d25385983,7000,244767,2307,1212,8533,https://www.youtube.com/watch?v=F6vTyl9acWQ,3206,934,8533,https://www.youtube.com/watch?v=F6vTyl9acWQ,2307,2213,2307,https://www.youtube.com/watch?v=_Un0Gb1Y-BY,248,0,0,0,
13a520e0a60c4aeea42f1c4d613e7e10,6990,240342,0,0,0,,0,0,0,,0,0,0,,484,0,0,0,
b1cb513e2511484cabbac00140b4a95c,6980,341228,890,436,2951,https://www.youtube.com/watch?v=Szlg5Vq6q9s,847,403,1625,https://www.youtube.com/watch?v=hDkUnP-znTk,1361,612,2951,https://www.youtube.com/watch?v=Szlg5Vq6q9s,719,340,235,396,https://www.twitch.tv/videos/2868612734
1937fa889b474d339713d1117f435018,6940,879767,206,129,1289,https://www.youtube.com/watch?v=Jf1LclBmv4g,230,119,502,https://www.youtube.com/watch?v=PSAs_RvNyII,200,161,1289,https://www.youtube.com/watch?v=Jf1LclBmv4g,7411,469,189,1362,https://www.twitch.tv/videos/2852890481
70adcdf6f8a146089a4e724b14146efd,6930,440554,1175,758,2861,https://www.youtube.com/watch?v=iFb8abReGrg,1175,758,2861,https://www.youtube.com/watch?v=iFb8abReGrg,0,0,0,,573,0,0,0,
679aef46b6f448e493fdedae7df5b288,6930,1448439,245,219,245,https://www.youtube.com/watch?v=MsFYzJq8NqI,0,0,0,,245,219,245,https://www.youtube.com/watch?v=MsFYzJq8NqI,476,0,0,0,
3e1c8d17663e49158b54330fdac1a308,6910,73453,0,0,0,,0,0,0,,0,0,0,,796,0,0,0,
2d84a02e592d4a92893b7cc36af95a26,6890,310542,729,433,2400,https://www.youtube.com/watch?v=SpwrIEG6KAM,693,451,2400,https://www.youtube.com/watch?v=SpwrIEG6KAM,939,354,2121,https://www.youtube.com/watch?v=jomKx3a-lWk,1091,456,371,778,https://www.twitch.tv/videos/2868611973
f7b1eada802e4ed89c306c6641d243b3,6890,304352,270,156,412,https://www.youtube.com/watch?v=BPBFWyopb4I,282,206,412,https://www.youtube.com/watch?v=BPBFWyopb4I,159,56,159,https://www.youtube.com/watch?v=8EI9J4OAbj8,430,0,0,0,
7f9d223a684e44e8b8d30bedcc07f1fa,6870,244273,486,392,1956,https://www.youtube.com/watch?v=oc7DNi-8Y24,469,377,1956,https://www.youtube.com/watch?v=oc7DNi-8Y24,899,392,899,https://www.youtube.com/watch?v=QYID3xaxtN4,0,0,0,0,
dc3e05e0c12b4e0a93dc230f30925ee0,6800,192079,1039,578,1039,https://www.youtube.com/watch?v=j7AGKaZniRs,0,0,0,,1039,578,1039,https://www.youtube.com/watch?v=j7AGKaZniRs,7088,0,0,0,
bafa406351614acb9162347235baf257,6770,475949,604,385,10252,https://www.youtube.com/watch?v=il_NujwkSko,583,320,921,https://www.youtube.com/watch?v=wBuiQ5Qul4g,1170,561,10252,https://www.youtube.com/watch?v=il_NujwkSko,0,0,0,0,
038ee6280ef742bcad8450ad52049944,6770,463063,275,142,1373,https://www.youtube.com/watch?v=D8SizWFKay8,275,142,1373,https://www.youtube.com/watch?v=D8SizWFKay8,0,0,0,,0,0,0,0,
757f1b20f7bd459ebd8949da907dceea,6760,401547,409,170,1435,https://www.youtube.com/watch?v=r4YlGBl_O6g,409,170,1435,https://www.youtube.com/watch?v=r4YlGBl_O6g,0,0,0,,0,0,0,0,
e1e11ed8ecb24ab6ad7e1d4c4c39f563,6760,116652,0,0,0,,0,0,0,,0,0,0,,0,0,0,0,
6fb9853185d844de80d4f3e0f3f2726d,6710,0,0,0,0,,0,0,0,,0,0,0,,0,0,0,0,
6ddea98137e2429eb0e9c4025ad9294f,6710,291479,759,467,2011,https://www.youtube.com/watch?v=gWJcRSQYTPA,519,355,899,https://www.youtube.com/watch?v=qB0dVyyO_bA,1121,648,2011,https://www.youtube.com/watch?v=gWJcRSQYTPA,0,0,0,0,
f81d4ef6f2f54e0c8c6d12a09e1fa5c7,6680,177330,780,112,1969,https://www.youtube.com/watch?v=ydVQ7uJ0LyE,780,112,1969,https://www.youtube.com/watch?v=ydVQ7uJ0LyE,0,0,0,,0,0,0,0,
f58318cdd690482c9d19fb68bca374a4,6680,444477,1410,843,1904,https://www.youtube.com/watch?v=5sdHzjjYJnU,880,32,880,https://www.youtube.com/watch?v=i6nbKl-Q5mU,1435,1272,1904,https://www.youtube.com/watch?v=5sdHzjjYJnU,234,0,0,0,
80f4d6e50af64a48be812258498e86c0,6680,357663,0,0,0,,0,0,0,,0,0,0,,160,0,0,0,
6603f7e70b684a07a3dac687460bacc5,6670,285329,431,242,1811,https://www.youtube.com/watch?v=MUrAcKPB4Cc,431,242,1811,https://www.youtube.com/watch?v=MUrAcKPB4Cc,0,0,0,,1428,197,101,197,https://www.twitch.tv/videos/2865729740
49196eec11454f589d4d6e52f1b1bbe8,6660,574301,745,363,1736,https://www.youtube.com/watch?v=B5v-BOQg-q8,439,291,807,https://www.youtube.com/watch?v=mmKkguwuaS0,1581,1190,1736,https://www.youtube.com/watch?v=B5v-BOQg-q8,0,0,0,0,
543ddfe1d70d4a19920f6daa1959b3b4,6660,0,0,0,0,,0,0,0,,0,0,0,,0,0,0,0,
5dbed684176349d28353d5293085cd9c,6650,275840,645,621,1100,https://www.youtube.com/watch?v=XjWisR1ajk8,645,621,1100,https://www.youtube.com/watch?v=XjWisR1ajk8,0,0,0,,0,0,0,0,
41d4243609de491ba43ef4e11b8a0254,6650,830230,1814,960,6172,https://www.youtube.com/watch?v=SOBVR13-_0I,1273,684,2552,https://www.youtube.com/watch?v=eeEFLEBE5r4,3178,1506,6172,https://www.youtube.com/watch?v=SOBVR13-_0I,0,0,0,0,
b0f00fccf8a14655911360748c4699cd,6630,191175,308,220,1361,https://www.youtube.com/watch?v=SC1f5d2QrPM,240,77,308,https://www.youtube.com/watch?v=Bxo-fI2H3hU,1172,573,1361,https://www.youtube.com/watch?v=SC1f5d2QrPM,0,0,0,0,
160f90709224412f9cfc2aaa88e89a57,6590,828347,1837,1213,8432,https://www.youtube.com/watch?v=CJl5FWNV7Qo,1790,1176,6438,https://www.youtube.com/watch?v=aFLaAsdaAYU,4143,3641,8432,https://www.youtube.com/watch?v=CJl5FWNV7Qo,0,0,0,0,
f6c34086d07a4322b9d4ebc538bada96,6580,132081,0,0,0,,0,0,0,,0,0,0,,0,0,0,0,
e0debb323c5d49268c92c5d660cdb664,6550,366450,1033,592,3753,https://www.youtube.com/watch?v=ukWYlvXt5kU,1033,592,3753,https://www.youtube.com/watch?v=ukWYlvXt5kU,0,0,0,,0,0,0,0,
468c9630d37b4c41bb6b0305dc1143cf,6550,433726,527,123,748,https://www.youtube.com/watch?v=RtObT4g2oqo,661,126,748,https://www.youtube.com/watch?v=RtObT4g2oqo,375,123,479,https://www.youtube.com/watch?v=xmM0RY0gwPk,476,0,0,0,
1357f282a9f04f6cbe3e215a0bd20482,6540,195633,689,118,1252,https://www.youtube.com/watch?v=ISacnNgY1KU,403,109,437,https://www.youtube.com/watch?v=hQWVnXKNJcs,944,169,1252,https://www.youtube.com/watch?v=ISacnNgY1KU,2057,172,162,302,https://www.twitch.tv/videos/2871175149
b54e216619d14031a317b820113e4084,6540,321320,467,209,9001,https://www.youtube.com/watch?v=9le0401yGDo,467,291,671,https://www.youtube.com/watch?v=mCsIAVMS9uQ,508,154,9001,https://www.youtube.com/watch?v=9le0401yGDo,0,0,0,0,
3ec59b8cb4114af7be754daa0b1b1ced,6520,172585,0,0,0,,0,0,0,,0,0,0,,0,0,0,0,
08be94e874d448f8a2794a44c61e8d8f,6510,411944,213,111,262,https://www.youtube.com/watch?v=o3IG9WckooM,213,111,262,https://www.youtube.com/watch?v=o3IG9WckooM,0,0,0,,0,0,0,0,
0b1217df534d441bbdeb11d5f2a6465b,6470,75943,2658,912,4413,https://www.youtube.com/watch?v=L3bWyZPPPUM,2658,912,4413,https://www.youtube.com/watch?v=L3bWyZPPPUM,0,0,0,,1160,0,0,0,
c2362f5ca48445a89fd081c4b2bc74d4,6460,251048,198,79,313,https://www.youtube.com/watch?v=6pEzPy5pmWA,313,76,313,https://www.youtube.com/watch?v=6pEzPy5pmWA,84,83,84,https://www.youtube.com/watch?v=vP6TnXw_sIM,137,0,0,0,
fffd31d236a2479c9070bcc171bdc13d,6430,179262,0,0,0,,0,0,0,,0,0,0,,0,0,0,0,
e8c89b4aec4d45fbbb76533eb3db0428,6400,146489,438,172,594,https://www.youtube.com/watch?v=CZN9unqjr8g,290,221,438,https://www.youtube.com/watch?v=w2XYYYzmu6M,594,172,594,https://www.youtube.com/watch?v=CZN9unqjr8g,0,0,0,0,
02e7729df0424fbbb21b77ccd543b0be,6390,1759573,130,82,1594,https://www.youtube.com/watch?v=Gt1WEAOiBAw,103,81,187,https://www.youtube.com/watch?v=op8fzCalFSA,299,88,1594,https://www.youtube.com/watch?v=Gt1WEAOiBAw,0,0,0,0,
281c7713c21e41bcb6e81365f328ab8c,6380,240453,473,368,473,https://www.youtube.com/watch?v=W0tBvjrAcRU,473,368,473,https://www.youtube.com/watch?v=W0tBvjrAcRU,0,0,0,,0,0,0,0,
caf08c74dd7b4919bca49eef394d5475,6360,884462,693,287,1769,https://www.youtube.com/watch?v=yl07I6Qvj64,330,133,935,https://www.youtube.com/watch?v=LM8jsqWIxFg,1238,513,1769,https://www.youtube.com/watch?v=yl07I6Qvj64,4201,1214,596,3349,https://www.twitch.tv/videos/2854119590
da3a3993bd8946da824d66d5a5d456e2,6360,330530,0,0,0,,0,0,0,,0,0,0,,0,0,0,0,
0851296bdf4c4516b2506b8cce5151da,6360,625950,368,156,411,https://www.youtube.com/watch?v=NC-1cuu26yY,370,138,411,https://www.youtube.com/watch?v=NC-1cuu26yY,368,156,368,https://www.youtube.com/watch?v=6dTDLvmpOxo,0,0,0,0,
c34e43b57f9f448582094f712a0b2c1a,6340,404293,380,153,6521,https://www.youtube.com/watch?v=_2dTW5zamx4,348,152,2085,https://www.youtube.com/watch?v=FBhPMMsaKy4,1293,154,6521,https://www.youtube.com/watch?v=_2dTW5zamx4,0,0,0,0,
5cb1c062f5f94b44a41ae658f4a53f0c,6310,142678,0,0,0,,0,0,0,,0,0,0,,13999,606,248,1325,https://www.twitch.tv/videos/2853092672
2bf038f2a9514434aefa4ef7b2140f56,6310,292154,1192,436,5226,https://www.youtube.com/watch?v=w0FLZN9eX1o,895,421,1965,https://www.youtube.com/watch?v=w4FpLdsHcZ8,2012,622,5226,https://www.youtube.com/watch?v=w0FLZN9eX1o,833,629,554,629,https://www.twitch.tv/videos/2875516686
4eecf80e6ecc4644a7ff08314e6e0c82,6300,445312,453,87,870,https://www.youtube.com/watch?v=g-osUL7IJyk,732,50,870,https://www.youtube.com/watch?v=g-osUL7IJyk,363,115,453,https://www.youtube.com/watch?v=IMvQu2WDvPQ,382,96,68,96,https://www.twitch.tv/videos/2871089509
bf48aafcc9464111b358a4595cc7311c,6280,169096,681,515,681,https://www.youtube.com/watch?v=C6Mm9pUmPRc,681,515,681,https://www.youtube.com/watch?v=C6Mm9pUmPRc,0,0,0,,0,0,0,0,
35f3bb64e69c432180b98dde239f3bdd,6260,633960,1444,958,3487,https://www.youtube.com/watch?v=pTxrQeswa9c,1599,979,3487,https://www.youtube.com/watch?v=pTxrQeswa9c,663,298,663,https://www.youtube.com/watch?v=FZX5YYD77ag,994,76,71,246,https://www.twitch.tv/videos/2868973676
9ff913f8a0fa42269c6e3d462af1b2e0,6260,171607,1857,1122,15006,https://www.youtube.com/watch?v=OZG_0cNO2n0,2380,1319,5741,https://www.youtube.com/watch?v=mNczZGk7UOE,1437,1024,15006,https://www.youtube.com/watch?v=OZG_0cNO2n0,0,0,0,0,
94c7cb6122bd4dcab2d8660ddc5f5508,6250,222703,226,114,288,https://www.youtube.com/watch?v=pgeHkywiI9E,226,114,288,https://www.youtube.com/watch?v=pgeHkywiI9E,0,0,0,,429,37,27,39,https://www.twitch.tv/videos/2872010792
b8cd7bf3e49d4cc1a24140546b91f462,6230,385208,0,0,0,,0,0,0,,0,0,0,,48,0,0,0,
1307131312c54a11ab326e62474efc8a,6220,245226,0,0,0,,0,0,0,,0,0,0,,0,0,0,0,
208d8aa3792641d6ae4e0de5a10a4a6f,6220,393674,682,176,1477,https://www.youtube.com/watch?v=P50q1lt8WjM,241,166,903,https://www.youtube.com/watch?v=1_6miC8QEXw,1123,237,1477,https://www.youtube.com/watch?v=P50q1lt8WjM,1594,124,93,198,https://www.twitch.tv/videos/2867577417
fceadce7c37f4cc08bc747aa79c3cf9e,6200,258275,647,285,1718,https://www.youtube.com/watch?v=qSqOeHxYmjY,421,236,1538,https://www.youtube.com/watch?v=84qkgxnFcG0,1664,1205,1718,https://www.youtube.com/watch?v=qSqOeHxYmjY,0,0,0,0,
2978ff3ab5f54898947af41ca4d47c4c,6200,158249,503,155,1875,https://www.youtube.com/watch?v=IpdF39Yv7Wo,600,305,1875,https://www.youtube.com/watch?v=IpdF39Yv7Wo,79,75,79,https://www.youtube.com/watch?v=E5ow_pqUxzw,553,0,0,0,
25027be34ca844c885f40d5c26507898,6190,371515,768,357,4816,https://www.youtube.com/watch?v=nP5J8I-FukY,747,342,4816,https://www.youtube.com/watch?v=nP5J8I-FukY,2667,1972,2668,https://www.youtube.com/watch?v=PT-er7FVFGE,0,0,0,0,
34edb431f7da4a43b2a6a9d79d2858d1,6180,355643,1128,330,2035,https://www.youtube.com/watch?v=UrGtKNykhDk,1087,344,1877,https://www.youtube.com/watch?v=87RzPv0ZVCc,2035,317,2035,https://www.youtube.com/watch?v=UrGtKNykhDk,682,186,178,186,https://www.twitch.tv/videos/2877428935
557a590ea9764e8c99e72415d1837d52,6170,0,0,0,0,,0,0,0,,0,0,0,,0,0,0,0,
dbfaa5f3d01142df8a05c4946a0a22dc,6140,560301,1232,629,7808,https://www.youtube.com/watch?v=MPlDHU6XTbQ,912,457,2489,https://www.youtube.com/watch?v=MnUMWnOhbc4,4573,2424,7808,https://www.youtube.com/watch?v=MPlDHU6XTbQ,0,0,0,0,
6b43c568bdf044e4a4ae0bae0cb9fff2,6100,281799,884,402,26561,https://www.youtube.com/watch?v=CSImh7faH60,630,341,1346,https://www.youtube.com/watch?v=6xZWvVkFHY0,1583,608,26561,https://www.youtube.com/watch?v=CSImh7faH60,0,0,0,0,
1a3a0feb188e499ab4972c971d639f58,6090,274079,0,0,0,,0,0,0,,0,0,0,,0,0,0,0,
a83b6d485350402b90238deb371ae654,6060,113438,0,0,0,,0,0,0,,0,0,0,,4056,0,0,0,
b6a105f12b904256ba356935ae46657f,6050,42855,294,175,603,https://www.youtube.com/watch?v=JBr-MYqpt-o,389,309,603,https://www.youtube.com/watch?v=JBr-MYqpt-o,92,41,92,https://www.youtube.com/watch?v=mtVRmz2SlDk,8776,405,159,71698,https://www.twitch.tv/videos/2869405035
3f36658defc1428b8d4628478ef59256,6050,524875,1269,689,8511,https://www.youtube.com/watch?v=38CZGsfXFBk,1429,356,6004,https://www.youtube.com/watch?v=a5O4NpYqM-g,1257,928,8511,https://www.youtube.com/watch?v=38CZGsfXFBk,0,0,0,0,
75b388425b774a9f99a4483e295a13f0,6040,818070,257,59,969,https://www.youtube.com/watch?v=ShEauF8zqS8,314,130,969,https://www.youtube.com/watch?v=ShEauF8zqS8,165,59,166,https://www.youtube.com/watch?v=XsOYvttd7oE,419,0,0,0,
febd22ec0bec4ecdbcd383be8c2694c3,6020,0,0,0,0,,0,0,0,,0,0,0,,0,0,0,0,
16c4a9b7211a44f6b98d8e1aebf4ea70,6000,222570,0,0,0,,0,0,0,,0,0,0,,635,0,0,0,
4cd21df2b76148b182903cc0aebe2bfa,5980,237301,308,111,669,https://www.youtube.com/watch?v=tQbehWxdAYY,348,205,669,https://www.youtube.com/watch?v=tQbehWxdAYY,261,111,275,https://www.youtube.com/watch?v=3Xs6j1AVQOQ,0,0,0,0,
dcbe7946e39e48bcb0b725de64a445c8,5960,597339,1526,838,5391,https://www.youtube.com/watch?v=0X1HKdrEXmc,1526,838,5391,https://www.youtube.com/watch?v=0X1HKdrEXmc,0,0,0,,0,0,0,0,
7f4f30df30ec405bb0968c585b243fa5,5930,506196,910,379,1646,https://www.youtube.com/watch?v=0-LNVHNlmbg,910,379,1646,https://www.youtube.com/watch?v=0-LNVHNlmbg,0,0,0,,954,572,418,1021,https://www.twitch.tv/videos/2870712854
9b11be3138284ff3904d3292d6aaa284,5930,315991,299,127,939,https://www.youtube.com/watch?v=mfx37dh8k0w,302,189,324,https://www.youtube.com/watch?v=ktpIdOqhk1Q,131,111,939,https://www.youtube.com/watch?v=mfx37dh8k0w,0,0,0,0,
86154ca2dc964847b37297138aa65b9f,5930,255626,268,174,736,https://www.youtube.com/watch?v=L7XEuJ2WwaI,268,174,736,https://www.youtube.com/watch?v=L7XEuJ2WwaI,0,0,0,,1057,0,0,0,
2adc6f9aabb64fd892ff5d29ebdd5c44,5930,148148,0,0,0,,0,0,0,,0,0,0,,0,0,0,0,
33717d815310491da465eb6258a70b1c,5920,284062,398,289,673,https://www.youtube.com/watch?v=oaBTN5aN-tE,398,289,673,https://www.youtube.com/watch?v=oaBTN5aN-tE,0,0,0,,0,0,0,0,
1ae72d56be5547b1825cdc0fdc0cce2e,5920,81749,145,113,168,https://www.youtube.com/watch?v=YosgzIp6USA,145,113,168,https://www.youtube.com/watch?v=YosgzIp6USA,0,0,0,,0,0,0,0,
325c292889f542688512641841b4ed8a,5910,261801,678,653,1090,https://www.youtube.com/watch?v=4H8vSR5OdqI,1090,1049,1090,https://www.youtube.com/watch?v=4H8vSR5OdqI,267,256,267,https://www.youtube.com/watch?v=SseLQSmOrLI,0,0,0,0,
7ae1c13d53fb44f49f386eef43c63ee4,5880,333768,342,139,1275,https://www.youtube.com/watch?v=OZ2LfnqgEBM,377,216,1066,https://www.youtube.com/watch?v=jExe0KTI2Pk,236,47,1275,https://www.youtube.com/watch?v=OZ2LfnqgEBM,77,0,0,0,
66aa1c91546a4cfdab43faa119cea04a,5840,152,0,0,0,,0,0,0,,0,0,0,,3798,0,0,0,
e0f419006f244a51804050ede1d1a5aa,5820,1509819,559,243,19629,https://www.youtube.com/watch?v=RscENfbUEAk,395,227,2574,https://www.youtube.com/watch?v=mArD2EWU5IQ,2401,448,19629,https://www.youtube.com/watch?v=RscENfbUEAk,0,0,0,0,
443ba741722742d5b7d5f76c3e7b445b,5820,580580,413,267,12278,https://www.youtube.com/watch?v=qECtgHRdvwA,392,221,2312,https://www.youtube.com/watch?v=D9GAarwiJW0,848,330,12278,https://www.youtube.com/watch?v=qECtgHRdvwA,0,0,0,0,
58c4453bedb9463ab1dcb522d4d50faf,5790,1072024,613,317,2245,https://www.youtube.com/watch?v=-j9Yi_xLpr4,613,317,2245,https://www.youtube.com/watch?v=-j9Yi_xLpr4,0,0,0,,0,0,0,0,
925d91a363914edfb035fe6c08946be9,5780,195186,701,224,1423,https://www.youtube.com/watch?v=HaSiBvwqE7s,701,224,1423,https://www.youtube.com/watch?v=HaSiBvwqE7s,0,0,0,,0,0,0,0,
988d1a83ff6c4f82af6be42946987c36,5760,450348,812,399,1631,https://www.youtube.com/watch?v=L0_J-bhgs-U,569,241,703,https://www.youtube.com/watch?v=3gTqPBdkE_s,1267,481,1631,https://www.youtube.com/watch?v=L0_J-bhgs-U,0,0,0,0,
220353f9b2634c84953cc7d243fbc6a0,5730,288423,1237,763,18532,https://www.youtube.com/watch?v=Yrn_GugLIGk,1162,547,1941,https://www.youtube.com/watch?v=OfqbG1ViJXc,10630,3141,18532,https://www.youtube.com/watch?v=Yrn_GugLIGk,93,0,0,0,
58304450990a433b88acd02b889b74e6,5730,194354,350,172,1050,https://www.youtube.com/watch?v=oKX3oFNjlRI,384,184,1050,https://www.youtube.com/watch?v=oKX3oFNjlRI,156,138,156,https://www.youtube.com/watch?v=HDlAoIlGukA,299,99,70,109,https://www.twitch.tv/videos/2872184030
5b6584a73478450d9db3f44b918580fd,5710,0,0,0,0,,0,0,0,,0,0,0,,896,0,0,0,
e17f42aa104040deae2ee3f3b1e85ed8,5710,323489,0,0,0,,0,0,0,,0,0,0,,40098,3129,2570,4336,https://www.twitch.tv/videos/2877044622
9e213402f2f54c42866d4f62545921b4,5690,148208,0,0,0,,0,0,0,,0,0,0,,447,0,0,0,
8f0b41303e8a481689fe4309a565ecd3,5680,364930,572,266,1543,https://www.youtube.com/watch?v=2AuEjpoyq4c,514,266,980,https://www.youtube.com/watch?v=BLGbIcV0hcA,1459,144,1543,https://www.youtube.com/watch?v=2AuEjpoyq4c,1471,159,139,159,https://www.twitch.tv/videos/2875473835
2a5b6a733ac54aba9490db8f504378d1,5660,3255,0,0,0,,0,0,0,,0,0,0,,0,0,0,0,
e4e33334b43945b6837ec43826f3727f,5650,287517,597,210,3276,https://www.youtube.com/watch?v=gIJI8Gyr0EY,571,196,1375,https://www.youtube.com/watch?v=A-ZkF6zQuIk,1461,405,3276,https://www.youtube.com/watch?v=gIJI8Gyr0EY,0,0,0,0,
ea7d228d8fb2462f95aef21fc5bd4fb8,5620,1109590,1812,893,6213,https://www.youtube.com/watch?v=f1yOSqy0Yt0,1812,893,6213,https://www.youtube.com/watch?v=f1yOSqy0Yt0,0,0,0,,0,0,0,0,
a800589948934dd68ac2c728cc05fbaf,5610,94268,0,0,0,,0,0,0,,0,0,0,,0,0,0,0,
d889f67fe7b84a38a9742ab2a47f346a,5610,756250,1352,494,2946,https://www.youtube.com/watch?v=Bf8vsbt02JU,413,200,2184,https://www.youtube.com/watch?v=O1pYske2Sgk,1567,803,2946,https://www.youtube.com/watch?v=Bf8vsbt02JU,3579,338,232,585,https://www.twitch.tv/videos/2873987355
38ecb20931514383b2d93885136c6b68,5610,252553,416,255,629,https://www.youtube.com/watch?v=DErHxy1682Y,418,282,629,https://www.youtube.com/watch?v=DErHxy1682Y,203,200,203,https://www.youtube.com/watch?v=BcbU8dtZicw,0,0,0,0,
3c5b24ec5e7e4451a917bb1683298c05,5610,293514,0,0,0,,0,0,0,,0,0,0,,0,0,0,0,
887b37336c9c4730809ace8b5e38df17,5540,65504,0,0,0,,0,0,0,,0,0,0,,53431,2961,1023,4111,https://www.twitch.tv/videos/2871530258
bd7d712e0946448aa29a1d213d1c1beb,5520,197732,272,216,1708,https://www.youtube.com/watch?v=U2RMsZguMX8,258,110,272,https://www.youtube.com/watch?v=-k9qXxMLkkA,1293,455,1708,https://www.youtube.com/watch?v=U2RMsZguMX8,660,212,164,345,https://www.twitch.tv/videos/2873811117
2c42a2d77b4c481bae57dc00a66c2f16,5510,654429,956,510,2665,https://www.youtube.com/watch?v=CMlwNt_jazU,1112,557,2665,https://www.youtube.com/watch?v=CMlwNt_jazU,320,120,611,https://www.youtube.com/watch?v=LtjOnAj4Mvw,0,0,0,0,
a60e76fb18f44818980d7d5b07cf82c9,5510,304446,1236,392,3045,https://www.youtube.com/watch?v=kV-uVSA8doI,1355,577,3045,https://www.youtube.com/watch?v=kV-uVSA8doI,626,240,1628,https://www.youtube.com/watch?v=ytfeTGIPOng,872,254,195,596,https://www.twitch.tv/videos/2867846031
0158495d5a2542a98181c2ddd21b90af,5510,0,0,0,0,,0,0,0,,0,0,0,,0,0,0,0,
510bdce263cc479ca12d1fad64bfc65e,5500,426532,677,350,3408,https://www.youtube.com/watch?v=SncATo15TtM,561,238,777,https://www.youtube.com/watch?v=PmD6mcJRv_4,1798,949,3408,https://www.youtube.com/watch?v=SncATo15TtM,0,0,0,0,
490a48eedc944f9cb74501e6eefeb04d,5500,318895,791,311,876,https://www.youtube.com/watch?v=x6bolqm0-QM,791,311,876,https://www.youtube.com/watch?v=x6bolqm0-QM,0,0,0,,2983,205,128,306,https://www.twitch.tv/videos/2866932767
c3bec3f382754230b178f8278eb550fb,5480,290852,434,249,1434,https://www.youtube.com/watch?v=_k2CCwKmVxE,330,163,955,https://www.youtube.com/watch?v=eoAD1Qe_gHs,611,295,1434,https://www.youtube.com/watch?v=_k2CCwKmVxE,0,0,0,0,
428251b7832a48219276fb6e5f644e86,5470,852292,391,199,484,https://www.youtube.com/watch?v=HJHMqxWkE3Y,391,199,484,https://www.youtube.com/watch?v=HJHMqxWkE3Y,0,0,0,,256,0,0,0,
1ea5aa0a7a7d401b897630667cf4b44e,5470,293682,811,406,1852,https://www.youtube.com/watch?v=QOetx84kByc,811,464,1852,https://www.youtube.com/watch?v=QOetx84kByc,855,149,1667,https://www.youtube.com/watch?v=A7vndGK3Fas,1305,237,172,313,https://www.twitch.tv/videos/2870444717
62e820e937ef4f4aaea0073bc5b21063,5460,9287,0,0,0,,0,0,0,,0,0,0,,0,0,0,0,
8999cce711d64abfb6d451ca6172dd3e,5460,284318,1129,438,2227,https://www.youtube.com/watch?v=A_1Kf7KaK0o,876,387,1640,https://www.youtube.com/watch?v=-i7rFMpzrcQ,1546,603,2227,https://www.youtube.com/watch?v=A_1Kf7KaK0o,0,0,0,0,
a0e2f9b9f851401bbd1736189d4b69b1,5390,135699,44,43,44,https://www.youtube.com/watch?v=-ZDqsyC0oyM,0,0,0,,44,43,44,https://www.youtube.com/watch?v=-ZDqsyC0oyM,0,0,0,0,
fe8ee7b57ae74a1388127b81b136c7ea,5380,29777,212,83,488,https://www.youtube.com/watch?v=GOb9OtgApac,192,71,333,https://www.youtube.com/watch?v=_kA9Cp7p7dw,488,172,488,https://www.youtube.com/watch?v=GOb9OtgApac,665,0,0,0,
db1c4d81f03f4b04aca36b8b5b2b9c62,5380,159809,640,417,3099,https://www.youtube.com/watch?v=_Tzt222qsJs,640,417,3099,https://www.youtube.com/watch?v=_Tzt222qsJs,0,0,0,,455,0,0,0,
529328632b0b4701a469ebc14413f855,5370,203076,532,344,646,https://www.youtube.com/watch?v=raPFCUTyqvU,532,344,646,https://www.youtube.com/watch?v=raPFCUTyqvU,0,0,0,,0,0,0,0,
c0ea5a6a7ede42fca6f3c6c87fc9d72e,5320,238417,894,426,11595,https://www.youtube.com/watch?v=GP7ANl1ns50,826,432,3680,https://www.youtube.com/watch?v=mlDzwF2xFP0,1092,328,11595,https://www.youtube.com/watch?v=GP7ANl1ns50,0,0,0,0,
bdaa84ad3c7841d6a9ec8774ed9d40a9,5320,215162,1063,409,3595,https://www.youtube.com/watch?v=RD-mJBedgsw,1063,409,3595,https://www.youtube.com/watch?v=RD-mJBedgsw,0,0,0,,0,0,0,0,
b473dffe721745f6beb34b5a49e9aeda,5300,399753,0,0,0,,0,0,0,,0,0,0,,0,0,0,0,
c8858f1d4a2b41a4bbf738530023d6f9,5300,213857,210,88,1904,https://www.youtube.com/watch?v=GZZFzkH8Zi4,210,88,1904,https://www.youtube.com/watch?v=GZZFzkH8Zi4,0,0,0,,377,97,35,149,https://www.twitch.tv/videos/2861490563
4cc400969073471f9d2808a807e95f7d,5300,633125,790,350,1712,https://www.youtube.com/watch?v=hINSuQ_CgwU,0,0,0,,790,350,1712,https://www.youtube.com/watch?v=hINSuQ_CgwU,0,0,0,0,
1f2b5204983b4d5ebe0a9352de3a66f6,5260,121041,437,15,553,https://www.youtube.com/watch?v=3myQj5AcOgs,437,15,553,https://www.youtube.com/watch?v=3myQj5AcOgs,0,0,0,,0,0,0,0,
7e088cf828bf4e02ae65bb8a1f6a8b89,5260,196541,330,235,417,https://www.youtube.com/watch?v=AZXtrwXgcC0,330,235,417,https://www.youtube.com/watch?v=AZXtrwXgcC0,0,0,0,,207,0,0,0,
74ef34317983453ab86223490eba4f6e,5250,200066,927,335,2931,https://www.youtube.com/watch?v=j8oyfUxrKUo,933,387,2931,https://www.youtube.com/watch?v=j8oyfUxrKUo,280,133,391,https://www.youtube.com/watch?v=nM4DKGQaIl8,458,180,152,205,https://www.twitch.tv/videos/2872933465
b6f8117355b24e9c8a8a4c813a72aec9,5240,662657,371,282,1608,https://www.youtube.com/watch?v=NUAaHkS6gng,0,0,0,,371,282,1608,https://www.youtube.com/watch?v=NUAaHkS6gng,1449,258,208,386,https://www.twitch.tv/videos/2870290190
f03fa714465e44ef8d339474bd0f4a02,5230,225429,964,443,1667,https://www.youtube.com/watch?v=appTtoixREU,591,248,1667,https://www.youtube.com/watch?v=appTtoixREU,1412,798,1653,https://www.youtube.com/watch?v=GT96z_rP0FU,0,0,0,0,
cc2a13ac075e4640b19020a51dcf9d88,5220,141792,0,0,0,,0,0,0,,0,0,0,,573,0,0,0,
42b8bd7bed2a4ddd930cfd223657e9ca,5220,264034,1067,317,7082,https://www.youtube.com/watch?v=-Lk2lW73KEk,1183,265,7082,https://www.youtube.com/watch?v=-Lk2lW73KEk,889,588,1363,https://www.youtube.com/watch?v=r6T4pVMOl-s,1455,0,0,0,
44052b3832774bd7a4e4151f044c0901,5210,92145,0,0,0,,0,0,0,,0,0,0,,2019,0,0,0,
b58761a33d75486f8aa0bf3f5bf07fe5,5200,0,0,0,0,,0,0,0,,0,0,0,,1770,0,0,0,
def76c5c31fe4466b5ae6e6940ae6e58,5200,653442,642,424,947,https://www.youtube.com/watch?v=7J4d9XcJs2Y,655,444,947,https://www.youtube.com/watch?v=7J4d9XcJs2Y,402,131,476,https://www.youtube.com/watch?v=_Vr7Ljge4Xs,0,0,0,0,
29294f0665864cee8bb2b48697b9e84f,5170,338293,1020,531,2862,https://www.youtube.com/watch?v=HxuRcToj5aE,1020,531,2862,https://www.youtube.com/watch?v=HxuRcToj5aE,0,0,0,,356,0,0,0,
effe96469a7348c786d01ccea8cf71cb,5140,184342,0,0,0,,0,0,0,,0,0,0,,0,0,0,0,
db4df79a2e664ebb96d1a0ce5e4c0e63,5140,371246,1686,866,10438,https://www.youtube.com/watch?v=UP8L6fvStsA,1532,775,2039,https://www.youtube.com/watch?v=NXBM5Wj2lvg,5434,3368,10438,https://www.youtube.com/watch?v=UP8L6fvStsA,0,0,0,0,
a1470eec8f9349668adfbad2f25329b1,5130,1052,0,0,0,,0,0,0,,0,0,0,,1412,0,0,0,
c21d4186912d4652a7fb5a1b3ef382b6,5110,202185,713,225,1831,https://www.youtube.com/watch?v=iFe437lsQUw,713,225,1831,https://www.youtube.com/watch?v=iFe437lsQUw,0,0,0,,3005,376,237,628,https://www.twitch.tv/videos/2865947189
f819220249044c7ca97126c828833c9b,5090,0,0,0,0,,0,0,0,,0,0,0,,0,0,0,0,
fad69c2a625446829ef410d9ef277c8f,5080,175694,472,154,862,https://www.youtube.com/watch?v=DsmRGGVU1aY,472,223,862,https://www.youtube.com/watch?v=DsmRGGVU1aY,376,47,518,https://www.youtube.com/watch?v=O9IPFgw8MFA,0,0,0,0,
b2313ef4c37542c89796ae94dfb8228d,5070,210482,649,232,3295,https://www.youtube.com/watch?v=OMkjc91ZBH4,1050,376,3295,https://www.youtube.com/watch?v=OMkjc91ZBH4,539,198,649,https://www.youtube.com/watch?v=BSSsffVe_dw,575,221,178,267,https://www.twitch.tv/videos/2878444077
6fb8c6dea7404638a9d78d4b0d84f64c,5060,62091,3120,1844,3709,https://www.youtube.com/watch?v=vZ6ECMSVY2g,3120,1844,3709,https://www.youtube.com/watch?v=vZ6ECMSVY2g,0,0,0,,2826,0,0,0,
33e0b518387b4479a76910366cd2a413,5050,262594,145,66,1497,https://www.youtube.com/watch?v=g8adrLH2oKY,80,41,105,https://www.youtube.com/watch?v=KCyvpKt_3ao,1159,458,1497,https://www.youtube.com/watch?v=g8adrLH2oKY,408,592,373,944,https://www.twitch.tv/videos/2874828491
de071f4fc90344748afac14099022672,5020,155881,1496,435,3037,https://www.youtube.com/watch?v=1f3YjJwY9Eo,0,0,0,,1496,435,3037,https://www.youtube.com/watch?v=1f3YjJwY9Eo,13243,7261,1955,144386,https://www.twitch.tv/videos/2872852424
410a9fff47f5491d98c47a4fa25ddf83,5010,6949,0,0,0,,0,0,0,,0,0,0,,0,0,0,0,
3589be2c85dc460aa8de768c7a228730,5010,225425,301,140,543,https://www.youtube.com/watch?v=_KnylbSWVUg,301,140,543,https://www.youtube.com/watch?v=_KnylbSWVUg,0,0,0,,0,0,0,0,
b9569d6e438b473ba61d88c0230899f5,5000,284564,325,251,325,https://www.youtube.com/watch?v=zgCXMx10fzU,325,251,325,https://www.youtube.com/watch?v=zgCXMx10fzU,0,0,0,,0,0,0,0,
a2c7c34474174cd2bffcc17a32aeec21,4980,346664,377,152,1732,https://www.youtube.com/watch?v=R3MsGQkNrss,348,116,1253,https://www.youtube.com/watch?v=e6Q0CXyqjCk,1063,633,1732,https://www.youtube.com/watch?v=R3MsGQkNrss,1057,226,131,336,https://www.twitch.tv/videos/2874308662
36f4fa8dbd7740c3ae5ac02b890fa502,4960,313529,170,75,445,https://www.youtube.com/watch?v=UQRmAK2Jv5A,178,84,445,https://www.youtube.com/watch?v=UQRmAK2Jv5A,54,4,54,https://www.youtube.com/watch?v=F5lECfjVXd0,1065,0,0,0,
19c3bdcc95134ef38ad98df3f92f3ccb,4950,327652,0,0,0,,0,0,0,,0,0,0,,854,0,0,0,
a9f1edc233804d4b90a9996219a3b14b,4950,259676,250,152,1364,https://www.youtube.com/watch?v=A6E2jiq5yBc,250,148,1364,https://www.youtube.com/watch?v=A6E2jiq5yBc,238,218,1085,https://www.youtube.com/watch?v=rgqiQIn_7lE,0,0,0,0,
a1bc1c5451e64266a0f21f0847dd8d2f,4940,188781,175,28,536,https://www.youtube.com/watch?v=kB7i_w2X8lQ,175,28,175,https://www.youtube.com/watch?v=bQTFYMRyV0U,311,227,536,https://www.youtube.com/watch?v=kB7i_w2X8lQ,491,0,0,0,
8fd3526ba2074df896bbcb47e713565b,4940,123462,203,50,411,https://www.youtube.com/watch?v=LDZE4GmfSG8,168,50,409,https://www.youtube.com/watch?v=8F3sbqkseAw,411,50,411,https://www.youtube.com/watch?v=LDZE4GmfSG8,0,0,0,0,
d0b68b633fba4c02a627751778973f36,4930,113843,290,173,305,https://www.youtube.com/watch?v=K8__Os_u0LM,290,173,305,https://www.youtube.com/watch?v=K8__Os_u0LM,0,0,0,,0,0,0,0,
9ceaafbe1a9a41bb9526b113354e03cc,4920,362612,391,202,466,https://www.youtube.com/watch?v=8Od62-Q9L64,428,279,466,https://www.youtube.com/watch?v=8Od62-Q9L64,380,185,392,https://www.youtube.com/watch?v=NGcNkW9ykQ4,0,0,0,0,
94082eb7d950471b934592394ad3e4c8,4910,298868,0,0,0,,0,0,0,,0,0,0,,0,0,0,0,
17610c1e36214c0f8002456d8b0bcf36,4900,190500,0,0,0,,0,0,0,,0,0,0,,0,0,0,0,
32b83b466c11418bb380623a95944302,4880,400876,967,596,1448,https://www.youtube.com/watch?v=fwoV1jPCcqQ,0,0,0,,967,596,1448,https://www.youtube.com/watch?v=fwoV1jPCcqQ,3493,264,96,558,https://www.twitch.tv/videos/2864959376
3c16d0b797bf49c3a4a6c043802ee2ec,4880,35410,0,0,0,,0,0,0,,0,0,0,,0,0,0,0,
bcbde4d998e341418ebdf3e26884811d,4860,169482,283,142,585,https://www.youtube.com/watch?v=X3IvLCWYMuc,281,179,585,https://www.youtube.com/watch?v=X3IvLCWYMuc,286,106,442,https://www.youtube.com/watch?v=H3F05Kd1Srk,0,0,0,0,
c6dab598fcee4b6b9bff76d2e8ffc8e6,4850,411786,1145,418,1873,https://www.youtube.com/watch?v=GtIUynjr1JM,0,0,0,,1145,418,1873,https://www.youtube.com/watch?v=GtIUynjr1JM,820,91,53,91,https://www.twitch.tv/videos/2867735842
f9c9c29a9fb143539ade06564b99b233,4850,4291,0,0,0,,0,0,0,,0,0,0,,0,0,0,0,
3dd8c72cab6d494dbd6fbf0a0e3dc41a,4850,403602,499,292,2097,https://www.youtube.com/watch?v=-ebE80P_xi0,444,196,2097,https://www.youtube.com/watch?v=-ebE80P_xi0,1546,615,1791,https://www.youtube.com/watch?v=JvYESOexbds,1429,226,165,492,https://www.twitch.tv/videos/2866650213
ad6cf3322d204c79afa7d14d4d36473c,4850,374680,1293,640,1450,https://www.youtube.com/watch?v=3l1ljvcADvU,0,0,0,,1293,640,1450,https://www.youtube.com/watch?v=3l1ljvcADvU,0,0,0,0,
20327c35cc9d4deba93299b790d7d721,4840,277603,384,239,1266,https://www.youtube.com/watch?v=KhIb2Arcieg,384,193,844,https://www.youtube.com/watch?v=QxY9x2EzD84,620,355,1266,https://www.youtube.com/watch?v=KhIb2Arcieg,0,0,0,0,
73827056b15849549388f720dde25c01,4840,283957,1025,522,3146,https://www.youtube.com/watch?v=DLhm0-kOOqQ,1071,830,2552,https://www.youtube.com/watch?v=ura48ry44fE,1000,416,3146,https://www.youtube.com/watch?v=DLhm0-kOOqQ,0,0,0,0,
2d9ef8be75c34daf9ce9d17ecbbe0f7a,4830,719987,320,180,1986,https://www.youtube.com/watch?v=ntaGe4BJpTc,281,165,651,https://www.youtube.com/watch?v=xOvn65sbGdU,1986,245,1986,https://www.youtube.com/watch?v=ntaGe4BJpTc,819,76,58,114,https://www.twitch.tv/videos/2873922345
9de74d9cd68f481396a3dbd76d529a24,4820,218135,390,227,483,https://www.youtube.com/watch?v=4D7tNglUaxU,390,227,483,https://www.youtube.com/watch?v=4D7tNglUaxU,0,0,0,,140,60,45,60,https://www.twitch.tv/videos/2872112115
2e266a71aa3d4a67bb8d9a2a0b573319,4810,282417,0,0,0,,0,0,0,,0,0,0,,41512,0,0,0,
256dd6464e974e118dc8103d5e9eb0b3,4800,112543,0,0,0,,0,0,0,,0,0,0,,3903,425,255,715,https://www.twitch.tv/videos/2871171092
d66fb507852f4d889e426c8ea0f9f246,4800,247962,1231,654,2731,https://www.youtube.com/watch?v=rnYLCEGu1kE,1080,653,2731,https://www.youtube.com/watch?v=rnYLCEGu1kE,1245,784,1508,https://www.youtube.com/watch?v=ijpmzRPq6Rk,595,0,0,0,
e1b2337b79d1449e9ae6a754ec74050d,4780,635179,333,114,699,https://www.youtube.com/watch?v=ByspLf1FeyU,333,114,699,https://www.youtube.com/watch?v=ByspLf1FeyU,0,0,0,,0,0,0,0,
4c8efd1d28d04eeabd21a3c337f154b9,4780,96133,417,173,674,https://www.youtube.com/watch?v=2NQFPl0hJnQ,417,173,674,https://www.youtube.com/watch?v=2NQFPl0hJnQ,0,0,0,,0,0,0,0,
f658ebdc79bf4cef928a87d3a35855a5,4780,104030,73,44,185,https://www.youtube.com/watch?v=bN5wVn48byI,76,45,185,https://www.youtube.com/watch?v=bN5wVn48byI,44,43,44,https://www.youtube.com/watch?v=dEUUQbmjDRI,0,0,0,0,
592e95fcfa4e4610959b5635e449813d,4770,332662,0,0,0,,0,0,0,,0,0,0,,750,0,0,0,
de81b740d66c439685aa37491d27efc4,4760,457063,0,0,0,,0,0,0,,0,0,0,,4303,247,155,451,https://www.twitch.tv/videos/2871017963
4762b7be8b764f19a33a7cf167c2ea64,4750,72936,430,261,835,https://www.youtube.com/watch?v=zfujrv93fag,536,286,835,https://www.youtube.com/watch?v=zfujrv93fag,365,227,424,https://www.youtube.com/watch?v=KgeBPJ9fl_o,0,0,0,0,
53d808d5b57f452a96d67861f3da1f8c,4750,283558,1191,486,4446,https://www.youtube.com/watch?v=MBpRwKcjPzk,1169,485,4446,https://www.youtube.com/watch?v=MBpRwKcjPzk,1191,1013,1191,https://www.youtube.com/watch?v=wffiOIzoJgU,313,111,58,169,https://www.twitch.tv/videos/2870351685
60ff50e95399472b96a6fbe83d75e806,4750,244511,756,322,1685,https://www.youtube.com/watch?v=Rffn5jKHuGU,591,266,1685,https://www.youtube.com/watch?v=Rffn5jKHuGU,1222,476,1671,https://www.youtube.com/watch?v=dZ0ZP67WLHI,764,257,194,598,https://www.twitch.tv/videos/2867785396
2683fa864bd24112b6f7d04afb096a4e,4730,286672,425,211,883,https://www.youtube.com/watch?v=povnPpvs7ow,425,211,883,https://www.youtube.com/watch?v=povnPpvs7ow,0,0,0,,384,0,0,0,
ffb8b8f15321474a98628cb638631bf1,4710,917085,134,20,134,https://www.youtube.com/watch?v=_Puo6G5vGk8,0,0,0,,134,20,134,https://www.youtube.com/watch?v=_Puo6G5vGk8,0,0,0,0,
0ede84dfc1ff426cb42643d7390d2937,4710,759913,405,288,2618,https://www.youtube.com/watch?v=BszFG1_yJm0,393,286,2618,https://www.youtube.com/watch?v=BszFG1_yJm0,1695,675,1695,https://www.youtube.com/watch?v=JXPHggOTiPk,1778,251,175,361,https://www.twitch.tv/videos/2866866321
36b917d4265f43a1a6cc9eb1d7b20608,4700,153840,2358,1310,19319,https://www.youtube.com/watch?v=4FkvC9ILxoY,2715,1682,10702,https://www.youtube.com/watch?v=nqR6o_9e09c,2058,923,19319,https://www.youtube.com/watch?v=4FkvC9ILxoY,926,1114,650,3721,https://www.twitch.tv/videos/2871143251
7f049d05ff3a4946998b9ddd7df409fd,4680,184564,482,165,9836,https://www.youtube.com/watch?v=2TH1XlRcSIU,480,167,1578,https://www.youtube.com/watch?v=ekc-oudcONQ,1238,129,9836,https://www.youtube.com/watch?v=2TH1XlRcSIU,2449,130,96,227,https://www.twitch.tv/videos/2875756338
b516b71a9e8d43b8a377dabe1f9057dd,4670,139768,380,150,1447,https://www.youtube.com/watch?v=ozuuTwS3d4Y,428,175,1447,https://www.youtube.com/watch?v=ozuuTwS3d4Y,131,80,145,https://www.youtube.com/watch?v=_VeC3kyW-kU,596,78,58,128,https://www.twitch.tv/videos/2871156843
a99bc695c89d41e391a5abf6e781c911,4670,378127,167,152,1165,https://www.youtube.com/watch?v=VpEwkcGud14,0,0,0,,167,152,1165,https://www.youtube.com/watch?v=VpEwkcGud14,0,0,0,0,
3a43445829024217b728d04d5398b61c,4670,247465,867,290,1724,https://www.youtube.com/watch?v=_n-IXPVQ1bI,867,290,1724,https://www.youtube.com/watch?v=_n-IXPVQ1bI,0,0,0,,0,0,0,0,
b3c1a09b09a54b9a8078d3310d151efe,4640,125790,338,87,450,https://www.youtube.com/watch?v=7QMH4C0q888,338,87,450,https://www.youtube.com/watch?v=7QMH4C0q888,0,0,0,,0,0,0,0,
58bb51ba1bba485a98cbf859fb5687f4,4610,661059,1184,343,2494,https://www.youtube.com/watch?v=pZCNm05M-RQ,341,190,2494,https://www.youtube.com/watch?v=pZCNm05M-RQ,1366,750,1979,https://www.youtube.com/watch?v=EAsGvipTHsA,1853,0,0,0,
f9c7e5b8bcae492aa838379fb3190c20,4600,212767,0,0,0,,0,0,0,,0,0,0,,0,0,0,0,
98181ce64b3d45a9aa295c446e1bae9e,4590,119292,0,0,0,,0,0,0,,0,0,0,,571,0,0,0,
6073eb006b764614915e90b5c54ce7e6,4580,299303,0,0,0,,0,0,0,,0,0,0,,3396,471,379,1035,https://www.twitch.tv/videos/2877117076
00d9cb7b0bcd451999f4fd33dd84be6c,4570,845282,1073,308,3371,https://www.youtube.com/watch?v=ak4kZztWG-M,963,292,3371,https://www.youtube.com/watch?v=ak4kZztWG-M,1618,1071,2080,https://www.youtube.com/watch?v=yox9MAMTxCU,5150,583,165,1153,https://www.twitch.tv/videos/2855793334
cbba76fd34d74307a9f826e03b8e4db5,4570,220680,871,540,2802,https://www.youtube.com/watch?v=qZSZRbtgjSs,871,540,2802,https://www.youtube.com/watch?v=qZSZRbtgjSs,0,0,0,,867,252,210,329,https://www.twitch.tv/videos/2873959252
1aac7d12633a48c2b8f39356ee85de48,4560,125138,0,0,0,,0,0,0,,0,0,0,,2413,0,0,0,
d41f0a9dfdec46929f6f9534f8d79167,4540,65608,0,0,0,,0,0,0,,0,0,0,,0,0,0,0,
4f5a88e0193a4c948f7e84c56303db82,4530,133717,357,174,1697,https://www.youtube.com/watch?v=L5tkldylet4,334,161,606,https://www.youtube.com/watch?v=p2v6dYCfSJs,1697,470,1697,https://www.youtube.com/watch?v=L5tkldylet4,0,0,0,0,
50433c34f368460c9cda947f292a62b4,4500,367208,998,427,1194,https://www.youtube.com/watch?v=3HKUZSgbPIs,1000,504,1194,https://www.youtube.com/watch?v=3HKUZSgbPIs,104,102,104,https://www.youtube.com/watch?v=DcRRiZCV2xk,0,0,0,0,
52b5fa7ff03945368644f52035a5e798,4490,370355,465,370,465,https://www.youtube.com/watch?v=4RWRPAVnwHU,465,370,465,https://www.youtube.com/watch?v=4RWRPAVnwHU,0,0,0,,0,0,0,0,
9d74c909706a450ea35c1777cac79e77,4460,564111,838,414,4425,https://www.youtube.com/watch?v=L9XgI7n595U,841,417,4425,https://www.youtube.com/watch?v=L9XgI7n595U,533,257,1224,https://www.youtube.com/watch?v=Rh3KdTMQ-2Q,893,119,117,309,https://www.twitch.tv/videos/2871832546
c90914afde364f5e982414615662f5a7,4450,391130,479,354,914,https://www.youtube.com/watch?v=1AwZ0HkNhmE,479,354,914,https://www.youtube.com/watch?v=1AwZ0HkNhmE,0,0,0,,1921,190,181,431,https://www.twitch.tv/videos/2873974789
443df65de03b4bd581708efc29b283ab,4440,71748,0,0,0,,0,0,0,,0,0,0,,2192,0,0,0,
0fa88d7be0ba4850abea150aa73fe440,4440,262090,0,0,0,,0,0,0,,0,0,0,,0,0,0,0,
c17ad3ef81904c26982024c9af1f0f3a,4430,200249,1182,652,3619,https://www.youtube.com/watch?v=F3Vv2TppW4g,1042,652,3619,https://www.youtube.com/watch?v=F3Vv2TppW4g,1183,655,1569,https://www.youtube.com/watch?v=UU4Y_LZRYMM,3585,233,165,883,https://www.twitch.tv/videos/2867513699
f18910b4b83a48558f16836f4c1488eb,4420,181920,3472,69,3472,https://www.youtube.com/watch?v=x0nzJ4EKFLU,0,0,0,,3472,69,3472,https://www.youtube.com/watch?v=x0nzJ4EKFLU,0,0,0,0,
7b2d1d71057b4ac2a16109b980a99e28,4420,311812,480,229,3032,https://www.youtube.com/watch?v=x5sy6PrAOAc,254,144,3032,https://www.youtube.com/watch?v=x5sy6PrAOAc,1375,541,2196,https://www.youtube.com/watch?v=wJJFihN18mQ,0,0,0,0,
637b3a1eb03443248ebd1caba56e6b5a,4410,223293,473,302,2616,https://www.youtube.com/watch?v=wcZt8emjYVU,473,302,2616,https://www.youtube.com/watch?v=wcZt8emjYVU,0,0,0,,0,0,0,0,
627d42f52e604f3e8eadc7f04ef74d2a,4400,209599,0,0,0,,0,0,0,,0,0,0,,3691,305,155,690,https://www.twitch.tv/videos/2873700719
ccc1420185ad46d49d40b6b774db9b11,4400,254299,312,177,750,https://www.youtube.com/watch?v=FqQ45RTL3OY,287,177,750,https://www.youtube.com/watch?v=FqQ45RTL3OY,352,169,381,https://www.youtube.com/watch?v=fmBSHQc9WPw,798,54,40,114,https://www.twitch.tv/videos/2868510609
98187e2cc8c34f5d8e0853bffc1a30c9,4390,153432,440,255,758,https://www.youtube.com/watch?v=RY4hKt3Hpt4,440,255,758,https://www.youtube.com/watch?v=RY4hKt3Hpt4,0,0,0,,0,0,0,0,
f53e734fd8ec432da4632f30e899338b,4370,52075,0,0,0,,0,0,0,,0,0,0,,0,0,0,0,
c16daca9d8b84b18a38ab97cdcd7577a,4360,441053,579,336,11056,https://www.youtube.com/watch?v=aXkqJOPYGIg,561,333,1438,https://www.youtube.com/watch?v=n9zPpHveePU,11056,3431,11056,https://www.youtube.com/watch?v=aXkqJOPYGIg,0,0,0,0,
4e4721deba7c4681b1172714a29e6f19,4360,291885,481,205,647,https://www.youtube.com/watch?v=y7TK63XKIgA,481,205,647,https://www.youtube.com/watch?v=y7TK63XKIgA,0,0,0,,0,0,0,0,
16197a62aec94bcfa2e73220f291369b,4350,84980,0,0,0,,0,0,0,,0,0,0,,0,0,0,0,
53335d77cc69488c8b49ec97548c3297,4350,106964,933,562,4011,https://www.youtube.com/watch?v=hD8lvg2XHio,799,508,3294,https://www.youtube.com/watch?v=uOxM1-lxsfg,2764,1442,4011,https://www.youtube.com/watch?v=hD8lvg2XHio,0,0,0,0,
5fd252ad134343a59705e00390c6d9ef,4350,117933,0,0,0,,0,0,0,,0,0,0,,1731,0,0,0,
ec12bbfb27d24091aa6a7d64ff9429ea,4330,114709,512,344,576,https://www.youtube.com/watch?v=nOMkLB-tROo,0,0,0,,512,344,576,https://www.youtube.com/watch?v=nOMkLB-tROo,5798,551,150,3132,https://www.twitch.tv/videos/2851909197
58e377df63f745fc8473368b20afe2ae,4320,241335,255,89,466,https://www.youtube.com/watch?v=sgdTTlS1Nak,255,89,466,https://www.youtube.com/watch?v=sgdTTlS1Nak,0,0,0,,307,15,12,19,https://www.twitch.tv/videos/2874049237
f4fc9f87ed4b4f05a339b1f1a1d621b6,4290,92362,0,0,0,,0,0,0,,0,0,0,,0,0,0,0,
836fc798e2ec48b9985333de75d490ac,4290,392591,0,0,0,,0,0,0,,0,0,0,,0,0,0,0,
caebfeea12c840f0ae0f0e2beb57b4e2,4280,227756,0,0,0,,0,0,0,,0,0,0,,0,0,0,0,
ba41581d315943fdaebe0dc981020d1c,4260,247409,1163,441,1385,https://www.youtube.com/watch?v=fLqSxKKWR2U,389,263,389,https://www.youtube.com/watch?v=zW3FM-5eLLI,1274,677,1385,https://www.youtube.com/watch?v=fLqSxKKWR2U,0,0,0,0,
81387cdce77a4a9b9338145b28ae9ff6,4260,0,0,0,0,,0,0,0,,0,0,0,,0,0,0,0,
9c1450789da443f491a66e6f121482fc,4250,444997,1392,590,5992,https://www.youtube.com/watch?v=0YXnPoSYXys,1399,620,5992,https://www.youtube.com/watch?v=0YXnPoSYXys,98,96,98,https://www.youtube.com/watch?v=u1qJxX0W-hc,443,0,0,0,
90446c6f1b704ff6b0fbbf017f0a68c5,4250,165408,1242,796,2026,https://www.youtube.com/watch?v=LVGBgsnDjx4,1005,666,1553,https://www.youtube.com/watch?v=z-qOZV7wDbM,1618,1169,2026,https://www.youtube.com/watch?v=LVGBgsnDjx4,0,0,0,0,
872627e5c7a248bfb41a055dee03029a,4230,142110,76,26,114,https://www.youtube.com/watch?v=TU5i0ZhyEbY,76,26,114,https://www.youtube.com/watch?v=TU5i0ZhyEbY,0,0,0,,760,0,0,0,
4d9730dc400443e6b8edb719febd5f46,4220,97382,144,53,615,https://www.youtube.com/watch?v=6gQ7mZZCVNg,144,53,615,https://www.youtube.com/watch?v=6gQ7mZZCVNg,0,0,0,,785,0,0,0,
01bebf0363a94b16b2313053c90a1c8a,4210,132747,0,0,0,,0,0,0,,0,0,0,,546,128,96,134,https://www.twitch.tv/videos/2876379756
16b8db1818764f81addb322d109b5da3,4200,253013,480,359,789,https://www.youtube.com/watch?v=8mIp5VdBhDE,507,494,789,https://www.youtube.com/watch?v=8mIp5VdBhDE,107,105,107,https://www.youtube.com/watch?v=CL7k0mET_aM,0,0,0,0,
3e340f9122814acc84ff51a0aec8ae13,4200,135207,0,0,0,,0,0,0,,0,0,0,,0,0,0,0,
62f0f99b50d84bef91d06efdfe1c011e,4190,126431,0,0,0,,0,0,0,,0,0,0,,0,0,0,0,
0490d9546bce4068a0f52b39046bdf91,4170,117345,0,0,0,,0,0,0,,0,0,0,,4454,289,256,295,https://www.twitch.tv/videos/2871057216
c21605e81c714d7d9d66a627984dc30b,4160,0,0,0,0,,0,0,0,,0,0,0,,0,0,0,0,
613b1c970cbf444980eba674ab40d807,4150,154649,0,0,0,,0,0,0,,0,0,0,,0,0,0,0,
eda6bf91049349e08f0f269fb4f8c0f9,4140,175395,85,55,1153,https://www.youtube.com/watch?v=k6tybqoT2Iw,67,44,114,https://www.youtube.com/watch?v=Cp_yz4R2kzc,514,293,1153,https://www.youtube.com/watch?v=k6tybqoT2Iw,265,23,17,28,https://www.twitch.tv/videos/2868491501
cd44db2c12a54568963299704aa8d4a6,4130,106922,0,0,0,,0,0,0,,0,0,0,,323,0,0,0,
8b027d3a3f374c9c8398b6dd751e5018,4120,14260,0,0,0,,0,0,0,,0,0,0,,37280,1408,403,1971,https://www.twitch.tv/videos/2872943282
ba5ed25718a7421cb15cd0ec62df723e,4120,181628,1051,351,3474,https://www.youtube.com/watch?v=UZjbGg5k8gU,1051,351,3474,https://www.youtube.com/watch?v=UZjbGg5k8gU,0,0,0,,501,0,0,0,
5b85294949544a5f8855715acadf66a5,4110,168809,367,196,2040,https://www.youtube.com/watch?v=Ro3BsFcCAao,358,163,440,https://www.youtube.com/watch?v=Kcc_V1undxg,1414,589,2040,https://www.youtube.com/watch?v=Ro3BsFcCAao,2009,93,68,204,https://www.twitch.tv/videos/2876188369
d177ac8568a14720b35bcc1a829aff51,4110,162058,1197,391,1459,https://www.youtube.com/watch?v=sA2PSCo_rZU,1197,391,1459,https://www.youtube.com/watch?v=sA2PSCo_rZU,0,0,0,,0,0,0,0,
445a732fc0f64712b3213b4cd98fbdd3,4110,198794,1146,823,4656,https://www.youtube.com/watch?v=-pRYhqEz5jM,2089,902,4656,https://www.youtube.com/watch?v=-pRYhqEz5jM,1062,535,1318,https://www.youtube.com/watch?v=BD3Wn6xOsV4,1007,352,304,924,https://www.twitch.tv/videos/2870314961
65d2f574783c4c6297aaa915a891acda,4100,14976,0,0,0,,0,0,0,,0,0,0,,0,0,0,0,
c9ac78b9004c4c26ba4107ccefe399ec,4100,177373,88,49,159,https://www.youtube.com/watch?v=wpG7xgzQD80,88,49,159,https://www.youtube.com/watch?v=wpG7xgzQD80,0,0,0,,0,0,0,0,
c396dafdab3547259c0447ff82f278c2,4100,191769,0,0,0,,0,0,0,,0,0,0,,364,0,0,0,
4b8f55c74e594978bb461a27b3924336,4060,121463,526,192,2024,https://www.youtube.com/watch?v=aIyctah8dDM,437,58,1017,https://www.youtube.com/watch?v=_1e5L_tWkRA,1703,584,2024,https://www.youtube.com/watch?v=aIyctah8dDM,830,0,0,0,
4a44ee7065ae41ad8d70469297599df8,4050,1135607,0,0,0,,0,0,0,,0,0,0,,0,0,0,0,
780f8a72bb1543a79feb5730b42130c6,4050,291562,490,127,758,https://www.youtube.com/watch?v=QU46JTR4noI,526,128,758,https://www.youtube.com/watch?v=QU46JTR4noI,469,86,469,https://www.youtube.com/watch?v=bnoJTdhIi8M,0,0,0,0,
c371d4c7f516451bac8ae3a9a13dc7f2,4020,133936,139,90,507,https://www.youtube.com/watch?v=cWHM7dZ6MkI,139,90,507,https://www.youtube.com/watch?v=cWHM7dZ6MkI,0,0,0,,1631,100,62,155,https://www.twitch.tv/videos/2867774424
6bf5f37da9e74d539963689b6b0256a5,4020,534373,630,199,1322,https://www.youtube.com/watch?v=BqVDM05Jt0o,418,138,1280,https://www.youtube.com/watch?v=up0k6RJHVds,1306,291,1322,https://www.youtube.com/watch?v=BqVDM05Jt0o,0,0,0,0,
48fd85a178c24579ac7d8f43f1e5bc39,4000,164400,0,0,0,,0,0,0,,0,0,0,,177,0,0,0,
ed4666af39034d54913aba64cfea6f47,3990,411857,635,416,2614,https://www.youtube.com/watch?v=bGn5l4dw1Gs,571,390,2614,https://www.youtube.com/watch?v=bGn5l4dw1Gs,1229,478,1330,https://www.youtube.com/watch?v=q4Ecpsw30Zo,1127,0,0,0,
5cff30a1695346368e3ea7a7c7af4286,3990,456136,180,105,2961,https://www.youtube.com/watch?v=2YdA7RJstnE,155,78,359,https://www.youtube.com/watch?v=vDQcR9oMzFQ,1352,504,2961,https://www.youtube.com/watch?v=2YdA7RJstnE,772,0,0,0,
2f80e2f83d254bbdbf48b9c8b3fca995,3990,183491,525,194,952,https://www.youtube.com/watch?v=AL3g7ITUm4U,588,224,952,https://www.youtube.com/watch?v=AL3g7ITUm4U,356,126,509,https://www.youtube.com/watch?v=7_060uiFI4Q,0,0,0,0,
0df008566e92461eb808c5b3ba9c7f0f,3940,137445,128,75,552,https://www.youtube.com/watch?v=BeIw27ay5lY,128,75,552,https://www.youtube.com/watch?v=BeIw27ay5lY,0,0,0,,0,0,0,0,
9db6beb02e774aa7a97ba8674a5a8f9d,3930,82581,0,0,0,,0,0,0,,0,0,0,,200,48,41,77,https://www.twitch.tv/videos/2868236266
f332651666ff4dcfab45f08a39a62d8d,3900,0,0,0,0,,0,0,0,,0,0,0,,0,0,0,0,
42e2bc7c16734352b2e18a82e48844ec,3900,585012,431,283,1315,https://www.youtube.com/watch?v=_lqk86Tj_ww,431,283,1315,https://www.youtube.com/watch?v=_lqk86Tj_ww,0,0,0,,0,0,0,0,
9881cf3008684e55aea70a2499e84163,3900,509326,274,133,982,https://www.youtube.com/watch?v=1MMOS2vJSJg,274,140,409,https://www.youtube.com/watch?v=Njf5Uu6ygJ0,586,70,982,https://www.youtube.com/watch?v=1MMOS2vJSJg,192,59,33,70,https://www.twitch.tv/videos/2867718881
6b8922c9532e435eb4f03cabc8bb23b1,3900,136550,0,0,0,,0,0,0,,0,0,0,,0,0,0,0,
7ddebf4d8f6d4c63a4fc7268d8113c10,3850,502806,1136,825,1628,https://www.youtube.com/watch?v=QpHbpxy9g1c,0,0,0,,1136,825,1628,https://www.youtube.com/watch?v=QpHbpxy9g1c,7069,1874,947,3317,https://www.twitch.tv/videos/2870786526
99cc071a06b949bf8515609757fa9d7e,3840,166881,0,0,0,,0,0,0,,0,0,0,,469,0,0,0,
7caa52181a744f68be9e3995c7adec24,3840,59568,338,191,741,https://www.youtube.com/watch?v=_JxJHjgdQho,265,167,741,https://www.youtube.com/watch?v=_JxJHjgdQho,419,198,690,https://www.youtube.com/watch?v=5qSMOeQ87Dc,0,0,0,0,
64bba754590e41c5b58df1c536d4e865,3840,145482,246,188,535,https://www.youtube.com/watch?v=hbZQgziA6-g,246,188,535,https://www.youtube.com/watch?v=hbZQgziA6-g,0,0,0,,866,418,308,502,https://www.twitch.tv/videos/2866118990
3727892a417b429aa063c7300e132966,3830,227977,815,243,815,https://www.youtube.com/watch?v=igyEGlnS8D0,815,243,815,https://www.youtube.com/watch?v=igyEGlnS8D0,0,0,0,,0,0,0,0,
a03628db891e4e8c9a54bc5161f1f2f4,3830,196408,43,17,110,https://www.youtube.com/watch?v=-gAdWjGlquU,0,0,0,,43,17,110,https://www.youtube.com/watch?v=-gAdWjGlquU,681,101,73,119,https://www.twitch.tv/videos/2868513391
20f361a84fb3439999c550c10fcf5642,3820,89626,0,0,0,,0,0,0,,0,0,0,,1659,0,0,0,
75f110ca5e9a4b7db3c57912baf5ca27,3810,249648,522,386,522,https://www.youtube.com/watch?v=u2-_tBigvB4,0,0,0,,522,386,522,https://www.youtube.com/watch?v=u2-_tBigvB4,20892,91424,37248,156355,https://www.twitch.tv/videos/2877303130
edbd401267284e8886c1fd27d08283d4,3800,71695,0,0,0,,0,0,0,,0,0,0,,1024,0,0,0,
368336c76b5b4ba1b28e5381d0b8b26d,3800,149041,0,0,0,,0,0,0,,0,0,0,,0,0,0,0,
3a4fe2f4720747ceabc87b3327ab2b17,3790,105827,262,220,262,https://www.youtube.com/watch?v=bvUsNbFXKVk,262,220,262,https://www.youtube.com/watch?v=bvUsNbFXKVk,0,0,0,,0,0,0,0,
db4fd03c50654057bd32b9201666b345,3790,191686,519,257,519,https://www.youtube.com/watch?v=uWG8TzMFdbk,519,257,519,https://www.youtube.com/watch?v=uWG8TzMFdbk,0,0,0,,2285,0,0,0,
907d39ec8a394cdcb645bd4b2e6351e7,3770,108862,175,132,253,https://www.youtube.com/watch?v=OdzXjshE8JU,175,132,253,https://www.youtube.com/watch?v=OdzXjshE8JU,0,0,0,,0,0,0,0,
286c24a67720434bbb4290d49fb42a54,3750,220710,233,90,1165,https://www.youtube.com/watch?v=0QNhnfqwoPA,213,85,348,https://www.youtube.com/watch?v=H123dC487N4,1165,918,1165,https://www.youtube.com/watch?v=0QNhnfqwoPA,0,0,0,0,
dadb89bee9044261848ad444625d94f7,3750,43758,0,0,0,,0,0,0,,0,0,0,,0,0,0,0,
644ed2200e8a446bae2920103d1015e3,3750,150000,165,65,460,https://www.youtube.com/watch?v=iA2JdcgG2ug,163,88,460,https://www.youtube.com/watch?v=iA2JdcgG2ug,167,22,294,https://www.youtube.com/watch?v=7gUFZ8F85eM,0,0,0,0,
342b158ba02d4103a1407d62fe786f5e,3740,181428,200,72,200,https://www.youtube.com/watch?v=qGlqCaNu9_c,200,72,200,https://www.youtube.com/watch?v=qGlqCaNu9_c,0,0,0,,1618,0,0,0,
8b69d6c508194b93b14fc056038160ab,3740,89704,351,205,2080,https://www.youtube.com/watch?v=XHrhuJHCQ8w,351,205,2080,https://www.youtube.com/watch?v=XHrhuJHCQ8w,0,0,0,,1953,0,0,0,
c01af5d5f9b74ac29b51dcae0dc55a2d,3730,303544,1026,579,1860,https://www.youtube.com/watch?v=gGnKTN7GpEM,0,0,0,,1026,579,1860,https://www.youtube.com/watch?v=gGnKTN7GpEM,0,0,0,0,
601b56797a3246f49cead93e9e190a49,3720,150062,0,0,0,,0,0,0,,0,0,0,,0,0,0,0,
f94ba8ea1a5441c4852d53e8f528ee20,3720,292128,1060,511,4211,https://www.youtube.com/watch?v=ZUeDsgVO16M,894,409,4211,https://www.youtube.com/watch?v=ZUeDsgVO16M,1537,610,1893,https://www.youtube.com/watch?v=2EWaOQXvWpw,582,0,0,0,
b1c9458ca89b44bab0f09883ef40c45c,3710,138057,698,284,1580,https://www.youtube.com/watch?v=1QPnRNAbM5M,698,284,1580,https://www.youtube.com/watch?v=1QPnRNAbM5M,0,0,0,,0,0,0,0,
b211eff7fcd04d47b81ed440890edabb,3710,98011,0,0,0,,0,0,0,,0,0,0,,371,0,0,0,
a246e7561e5f40799a48eeca69951b7b,3700,188500,316,93,406,https://www.youtube.com/watch?v=ClU4TNWC5ZY,316,93,406,https://www.youtube.com/watch?v=ClU4TNWC5ZY,0,0,0,,129,0,0,0,
e76a030f33bc48a58257b261f95ee3af,3700,155335,415,295,754,https://www.youtube.com/watch?v=hvpOyv_6EjU,415,295,754,https://www.youtube.com/watch?v=hvpOyv_6EjU,0,0,0,,0,0,0,0,
5f9767b104b54292bf6dd29863c0c6b1,3690,387611,220,100,1306,https://www.youtube.com/watch?v=HCWKZUq52Kw,171,57,595,https://www.youtube.com/watch?v=HIJMBOvW6U8,931,136,1306,https://www.youtube.com/watch?v=HCWKZUq52Kw,0,0,0,0,
101cdaf175c643c888d0d33bdab5da15,3660,201217,927,527,2050,https://www.youtube.com/watch?v=roiad0RIpUE,628,340,1985,https://www.youtube.com/watch?v=unQvcUkZxjw,1705,763,2050,https://www.youtube.com/watch?v=roiad0RIpUE,405,103,73,219,https://www.twitch.tv/videos/2869339423
d78d72ce0aac4c9d9c5c16604209ced3,3660,201153,611,247,1032,https://www.youtube.com/watch?v=nptm2bwpIzg,535,192,736,https://www.youtube.com/watch?v=2kxuSN-cHnA,1032,442,1032,https://www.youtube.com/watch?v=nptm2bwpIzg,0,0,0,0,
a55a6a4b6453413cb8b1dc69423b67d5,3660,435004,447,270,962,https://www.youtube.com/watch?v=1ZPS69nN7rM,447,270,962,https://www.youtube.com/watch?v=1ZPS69nN7rM,0,0,0,,0,0,0,0,
f3085e3337f34b178380b52e3ca429af,3660,206925,1105,512,4348,https://www.youtube.com/watch?v=42s3DAOxL48,1105,512,4348,https://www.youtube.com/watch?v=42s3DAOxL48,0,0,0,,1045,0,0,0,
b95eb39c5bb74de687696afbc31fb836,3650,106945,588,273,690,https://www.youtube.com/watch?v=OeJj8Euzz6M,588,273,690,https://www.youtube.com/watch?v=OeJj8Euzz6M,0,0,0,,551,282,107,801,https://www.twitch.tv/videos/2870111342
f5a683eeac6b4936b44d547c1e4edbc2,3640,108806,346,145,1316,https://www.youtube.com/watch?v=xYBBDJFBTFw,341,143,1018,https://www.youtube.com/watch?v=rsJemJZzkhI,1316,377,1316,https://www.youtube.com/watch?v=xYBBDJFBTFw,192,38,27,58,https://www.twitch.tv/videos/2866662834
de362d2d371446d898953e74e27abd2a,3610,467212,434,297,2218,https://www.youtube.com/watch?v=DonpjtIBJwQ,407,243,637,https://www.youtube.com/watch?v=kPIE52TfEXI,2218,1132,2218,https://www.youtube.com/watch?v=DonpjtIBJwQ,0,0,0,0,
bc70de85cb744f13bffae8a81ebd6bb4,3600,93002,0,0,0,,0,0,0,,0,0,0,,0,0,0,0,
c2bbc6bca92c4825b72d635634197e2b,3600,229478,371,184,680,https://www.youtube.com/watch?v=tmAyxkDy0FU,371,184,680,https://www.youtube.com/watch?v=tmAyxkDy0FU,0,0,0,,0,0,0,0,
7e8fe40622974698a75d14d78006e009,3590,278185,1235,494,3978,https://www.youtube.com/watch?v=ej5ejJkg4ts,1204,530,3978,https://www.youtube.com/watch?v=ej5ejJkg4ts,1266,421,1458,https://www.youtube.com/watch?v=LtER33gTDaw,2824,877,404,1502,https://www.twitch.tv/videos/2868410441
430b173ad3134b729f78b96cdbed3585,3590,199940,3642,768,3642,https://www.youtube.com/watch?v=ZzEU7Uy5_Rw,0,0,0,,3642,768,3642,https://www.youtube.com/watch?v=ZzEU7Uy5_Rw,12133,913,402,1922,https://www.twitch.tv/videos/2855729595
9ad37d3249e24861bc8cb84368883258,3570,224559,300,176,886,https://www.youtube.com/watch?v=oHETHQXlfwM,485,198,886,https://www.youtube.com/watch?v=oHETHQXlfwM,24,22,33,https://www.youtube.com/watch?v=tU6y6-TUwBs,0,0,0,0,
e93734c51e5141419d44dc147f1c5420,3570,57888,0,0,0,,0,0,0,,0,0,0,,0,0,0,0,
8961bc96eec34a99ad58505bae3f58f1,3570,162655,362,307,705,https://www.youtube.com/watch?v=74C8NAouE60,362,307,705,https://www.youtube.com/watch?v=74C8NAouE60,0,0,0,,0,0,0,0,
f466201465ac40ef9f3aefc9b08a39d1,3570,304588,1549,666,3666,https://www.youtube.com/watch?v=aJFeKqO7uAQ,1567,1066,3666,https://www.youtube.com/watch?v=aJFeKqO7uAQ,1306,398,1549,https://www.youtube.com/watch?v=w3GlfLpKCkA,2572,1034,502,1911,https://www.twitch.tv/videos/2871771667
dd0401d23f5444c69b9d10db3b22d444,3560,162819,386,289,2088,https://www.youtube.com/watch?v=05OyiJqVPM8,355,225,2088,https://www.youtube.com/watch?v=05OyiJqVPM8,534,388,1172,https://www.youtube.com/watch?v=YyYgubnWrTQ,25,0,0,0,
8c25e14dcc3a4f71895d58924c69dc0a,3560,197264,1425,546,1815,https://www.youtube.com/watch?v=JQ7GqEiu3lg,1591,574,1815,https://www.youtube.com/watch?v=JQ7GqEiu3lg,1346,546,1483,https://www.youtube.com/watch?v=MxfIeD2BHao,0,0,0,0,
edf9e466820347828b0d2d10e5e9bb72,3550,235608,124,64,468,https://www.youtube.com/watch?v=rojpUYRK3ps,124,64,468,https://www.youtube.com/watch?v=rojpUYRK3ps,0,0,0,,498,0,0,0,
9379ed7f979440218e22b8db58dd0dd1,3550,226859,744,508,1469,https://www.youtube.com/watch?v=iM5RGY-Tq3g,744,508,1469,https://www.youtube.com/watch?v=iM5RGY-Tq3g,0,0,0,,609,0,0,0,
de7f8ba1753d4e4cb95e6ac99007eacc,3550,109534,417,170,746,https://www.youtube.com/watch?v=QmDq9SRvC8Y,417,243,578,https://www.youtube.com/watch?v=6qdgrBdYtmE,542,68,746,https://www.youtube.com/watch?v=QmDq9SRvC8Y,0,0,0,0,
5da1b6db7796434f9180d2f5e210ea6c,3540,312767,460,140,1801,https://www.youtube.com/watch?v=rdsy3EVRlO8,222,105,651,https://www.youtube.com/watch?v=Y0uWLFtVU7c,1085,393,1801,https://www.youtube.com/watch?v=rdsy3EVRlO8,0,0,0,0,
14b8fa0f43664c31a5d634b20f9112d9,3540,154272,240,154,500,https://www.youtube.com/watch?v=1j9cTSNrAAk,284,198,500,https://www.youtube.com/watch?v=1j9cTSNrAAk,98,21,175,https://www.youtube.com/watch?v=yvi9KKxqnYM,0,0,0,0,
4c34c44a98974b709f7dbc7618847fd6,3540,308207,660,476,1278,https://www.youtube.com/watch?v=nbp67eqTTLY,0,0,0,,660,476,1278,https://www.youtube.com/watch?v=nbp67eqTTLY,11562,773,438,1232,https://www.twitch.tv/videos/2863227383
54b0131ceb734643b23b1eefee31cca0,3540,276772,844,151,1462,https://www.youtube.com/watch?v=n-gCQzxZJe8,0,0,0,,844,151,1462,https://www.youtube.com/watch?v=n-gCQzxZJe8,744,0,0,0,
01ba034aab854ec680fe6f1ddc7008e2,3530,175771,212,88,334,https://www.youtube.com/watch?v=kajs2JY_mz8,212,88,334,https://www.youtube.com/watch?v=kajs2JY_mz8,0,0,0,,0,0,0,0,
f45249f9d8094f9d85f6d02aec4af029,3530,780508,357,128,1323,https://www.youtube.com/watch?v=QRSrlyle-uU,361,205,1323,https://www.youtube.com/watch?v=QRSrlyle-uU,44,17,456,https://www.youtube.com/watch?v=_CrupfC_AY8,0,0,0,0,
041976bda8b8410a99af25fc4cb87970,3500,124403,0,0,0,,0,0,0,,0,0,0,,134,0,0,0,
67ba07d1ace445328c13bfb9d612d564,3490,152139,379,178,1792,https://www.youtube.com/watch?v=w9BiISU4tlI,332,167,723,https://www.youtube.com/watch?v=ektP1u91Jns,883,378,1792,https://www.youtube.com/watch?v=w9BiISU4tlI,0,0,0,0,
9643c650b1804107b85de1f08010aa9d,3480,359531,542,394,1559,https://www.youtube.com/watch?v=AehFDGu5crA,466,246,1193,https://www.youtube.com/watch?v=afa30F0yAcs,939,586,1559,https://www.youtube.com/watch?v=AehFDGu5crA,888,132,98,154,https://www.twitch.tv/videos/2878372953
07b9e0f7118446be96cc2d12f5d8ad02,3480,133065,0,0,0,,0,0,0,,0,0,0,,12107,0,0,0,
3430201d0e1f4672a58faf16ee0f2761,3470,124430,697,417,1390,https://www.youtube.com/watch?v=KsxIiTR07LM,798,343,1390,https://www.youtube.com/watch?v=KsxIiTR07LM,597,532,597,https://www.youtube.com/watch?v=jBulyqSDChI,1382,115,85,170,https://www.twitch.tv/videos/2871066681
4d347ba9ca0c41c59cda553ebe4af5b1,3470,144871,178,62,312,https://www.youtube.com/watch?v=xSvLYqLjrMQ,178,62,312,https://www.youtube.com/watch?v=xSvLYqLjrMQ,0,0,0,,1236,0,0,0,
7bf1f37dccbe4c72860c81a2772b91e1,3470,1627752,156,101,655,https://www.youtube.com/watch?v=VTkkRB80maU,179,117,655,https://www.youtube.com/watch?v=VTkkRB80maU,79,12,111,https://www.youtube.com/watch?v=YwgnShNWQWo,79,0,0,0,
886f64b4a0504b9fbe5e4687b92f6584,3460,257395,438,179,1656,https://www.youtube.com/watch?v=aPXNti5rg7E,880,459,1656,https://www.youtube.com/watch?v=aPXNti5rg7E,108,50,345,https://www.youtube.com/watch?v=7VFolay3YNk,187,15,13,34,https://www.twitch.tv/videos/2872880618
4b79f7afd84a42b98d11bd1c5cb6478c,3460,94948,0,0,0,,0,0,0,,0,0,0,,0,0,0,0,
e810dcd23c334fd184d254718517764e,3440,218625,97,48,179,https://www.youtube.com/watch?v=y5Ui8iIcUcA,97,48,179,https://www.youtube.com/watch?v=y5Ui8iIcUcA,0,0,0,,0,0,0,0,
4d01ec47d0804a47a9fef6d9d01d9c29,3410,89476,423,187,423,https://www.youtube.com/watch?v=qPHiX4cXfxY,423,187,423,https://www.youtube.com/watch?v=qPHiX4cXfxY,0,0,0,,2165,73,67,73,https://www.twitch.tv/videos/2876510099
7748d3ab76f34e06abb9d116bb432de2,3400,63707,0,0,0,,0,0,0,,0,0,0,,1637,0,0,0,
63f727e673b9460abd6f7079bcbb1865,3400,258585,795,258,1849,https://www.youtube.com/watch?v=aA61Xc-kSlY,999,398,1849,https://www.youtube.com/watch?v=aA61Xc-kSlY,619,143,1319,https://www.youtube.com/watch?v=akQtqt05emw,0,0,0,0,
46145dc9eaab4a84898468905a4759b0,3400,81227,723,338,1312,https://www.youtube.com/watch?v=dk3_LNkYLFs,0,0,0,,723,338,1312,https://www.youtube.com/watch?v=dk3_LNkYLFs,0,0,0,0,
cf648a09bdbc45429f4fae7dfff1a040,3400,43795,0,0,0,,0,0,0,,0,0,0,,0,0,0,0,
853be9569c0e446eaa5c5059642ea63b,3390,247527,1284,627,2943,https://www.youtube.com/watch?v=nQa5k0Nh28I,1316,682,2943,https://www.youtube.com/watch?v=nQa5k0Nh28I,803,256,1330,https://www.youtube.com/watch?v=3LVIetUBaxw,309,242,96,690,https://www.twitch.tv/videos/2874911849
4e5f0c7c5f1f49c2b1d249b10225cabb,3390,397986,110,2,110,https://www.youtube.com/watch?v=0k1djqA4U-U,0,0,0,,110,2,110,https://www.youtube.com/watch?v=0k1djqA4U-U,43443,3372,2179,5709,https://www.twitch.tv/videos/2867667174
c7a3d726bb4243cabb70dfd1e9545cd0,3380,166025,166,93,419,https://www.youtube.com/watch?v=SiWkXFD18oE,166,93,419,https://www.youtube.com/watch?v=SiWkXFD18oE,0,0,0,,0,0,0,0,
76cafd8f4f5e41cbad5e0520520fcc1b,3380,0,0,0,0,,0,0,0,,0,0,0,,0,0,0,0,
8125f51f9526408790a77c1c7b4a053b,3370,105103,0,0,0,,0,0,0,,0,0,0,,3423,0,0,0,
2ceecb98e47845eab5e3d8d33bd53895,3370,108253,310,194,347,https://www.youtube.com/watch?v=wMmYlOB1dd4,310,194,347,https://www.youtube.com/watch?v=wMmYlOB1dd4,0,0,0,,0,0,0,0,
0f9d996c066a406dbe04161776c17461,3360,194399,238,108,1285,https://www.youtube.com/watch?v=TEtunukfsnI,229,81,458,https://www.youtube.com/watch?v=JNIZYdoR8z8,299,142,1285,https://www.youtube.com/watch?v=TEtunukfsnI,0,0,0,0,
70a7428607b845fc959fb7d4859d018b,3360,351931,0,0,0,,0,0,0,,0,0,0,,18505,0,0,0,
02cf3719d4f44b7dbedc324ef8b0702e,3350,65978,0,0,0,,0,0,0,,0,0,0,,0,0,0,0,
cd98545ddec34fb2982ce2476c011db8,3340,83203,2197,817,3250,https://www.youtube.com/watch?v=tfV4ahjJgaQ,2703,1470,3250,https://www.youtube.com/watch?v=tfV4ahjJgaQ,2097,817,2793,https://www.youtube.com/watch?v=C6lBma1Q_DI,0,0,0,0,
c485c46db92a4cda909347804da07153,3340,82286,0,0,0,,0,0,0,,0,0,0,,0,0,0,0,
c15d8ca6249341d88086f2a9a2359812,3340,593872,1556,692,5288,https://www.youtube.com/watch?v=itSI32Wmv6w,1376,692,5288,https://www.youtube.com/watch?v=itSI32Wmv6w,2039,705,3417,https://www.youtube.com/watch?v=0J3RGSb4adw,0,0,0,0,
0e8150c7419f4c1d94d8ccfb41a04280,3330,329673,0,0,0,,0,0,0,,0,0,0,,0,0,0,0,
1756e5a7f5a04ff6a7b5f482201b5cfc,3330,80241,0,0,0,,0,0,0,,0,0,0,,24878,1072,346,1778,https://www.twitch.tv/videos/2874497293
d2f9e9b19102408bbef636a6458934e6,3320,590153,636,502,9136,https://www.youtube.com/watch?v=l0vkb1n8nrU,636,502,9136,https://www.youtube.com/watch?v=l0vkb1n8nrU,0,0,0,,201,0,0,0,
72edc688855047cbbbe495e3f2af9fda,3310,141354,238,136,436,https://www.youtube.com/watch?v=tyCt1FcF9aE,238,136,436,https://www.youtube.com/watch?v=tyCt1FcF9aE,0,0,0,,0,0,0,0,
b1bfaed0ed7f4ca9ae96c017159efe77,3310,339310,193,100,746,https://www.youtube.com/watch?v=tyPjK73vXlU,193,100,746,https://www.youtube.com/watch?v=tyPjK73vXlU,0,0,0,,187,0,0,0,
8e249f04f6cb48bda24f1513a472f4d8,3310,269703,0,0,0,,0,0,0,,0,0,0,,0,0,0,0,
5bbfc7c1b6584cef8c75f2f9044387d2,3310,336779,267,163,1677,https://www.youtube.com/watch?v=W6Upu4F3Hkg,267,163,1677,https://www.youtube.com/watch?v=W6Upu4F3Hkg,0,0,0,,0,0,0,0,
049cb6d09a3b4db49962aa5b8e468a3f,3300,29613,0,0,0,,0,0,0,,0,0,0,,1229,0,0,0,
a7810f3ba1af43ff888ccbbe477a1356,3290,35527,0,0,0,,0,0,0,,0,0,0,,1296,339,264,339,https://www.twitch.tv/videos/2872924038
288f2fba52bf4d6b9e0ba66e03439837,3280,52811,0,0,0,,0,0,0,,0,0,0,,2309,0,0,0,
d539588cfa344f67965bb1dea41b9140,3270,329963,2076,800,3477,https://www.youtube.com/watch?v=g9ohuQmJz6s,1888,632,3477,https://www.youtube.com/watch?v=g9ohuQmJz6s,2265,1370,2265,https://www.youtube.com/watch?v=URbI27A6o60,0,0,0,0,
163841e490b14b2583a799b3795021ad,3260,91909,203,133,3249,https://www.youtube.com/watch?v=ZniE9jwvDs4,344,239,3249,https://www.youtube.com/watch?v=ZniE9jwvDs4,56,20,433,https://www.youtube.com/watch?v=6u7ZCse14iQ,611,0,0,0,
0ac7e05c8a3842e7bd1401652ce2bf4f,3260,134674,358,356,358,https://www.youtube.com/watch?v=IbzKADBPVFE,358,356,358,https://www.youtube.com/watch?v=IbzKADBPVFE,0,0,0,,0,0,0,0,
cb5ff5f1898a45b1bc27a32057a1fa91,3230,72193,0,0,0,,0,0,0,,0,0,0,,2219,0,0,0,
30f59fd702d5417c9225bc729bf7ec32,3230,271846,0,0,0,,0,0,0,,0,0,0,,0,0,0,0,
06e9953eb191486d979e6b92b6601d9a,3220,1472724,5,1,4859,https://www.youtube.com/watch?v=np2AcEAwzFU,0,0,0,,5,1,4859,https://www.youtube.com/watch?v=np2AcEAwzFU,2233,0,0,0,
1140618a96154395909d53257bffe0e6,3210,154336,314,155,681,https://www.youtube.com/watch?v=QrHFc0w1j74,314,155,681,https://www.youtube.com/watch?v=QrHFc0w1j74,0,0,0,,269,0,0,0,
2f607aefde1d4264814d4e9282dd5cb0,3210,202184,401,179,4094,https://www.youtube.com/watch?v=vCjMTZ1QSJY,389,174,526,https://www.youtube.com/watch?v=Fj2v8VKTxaU,1316,377,4094,https://www.youtube.com/watch?v=vCjMTZ1QSJY,264,0,0,0,
da189f9d282e4c31a4a8024d11fe368d,3200,154408,236,103,1740,https://www.youtube.com/watch?v=OHHdth7aGTQ,236,103,1740,https://www.youtube.com/watch?v=OHHdth7aGTQ,0,0,0,,0,0,0,0,
eb159df5d55b4730ab2955c5e2638e3f,3200,109004,196,17,539,https://www.youtube.com/watch?v=cPPME_VOfT4,196,17,539,https://www.youtube.com/watch?v=cPPME_VOfT4,0,0,0,,0,0,0,0,
b3f711673fea4ec5b6f87c023353594d,3200,229965,130,70,258,https://www.youtube.com/watch?v=0yjc5Ovr-24,136,72,258,https://www.youtube.com/watch?v=0yjc5Ovr-24,127,62,127,https://www.youtube.com/watch?v=6fXFUIJjSjs,0,0,0,0,
67fdbfa65ee94cc688783102ef4f1ce5,3190,31708,0,0,0,,0,0,0,,0,0,0,,0,0,0,0,
85ec3eac9fef49dcb3aeee87520a5b85,3190,153402,423,313,1214,https://www.youtube.com/watch?v=mktoItfwLTQ,423,313,620,https://www.youtube.com/watch?v=aJP1pOPEXfw,736,558,1214,https://www.youtube.com/watch?v=mktoItfwLTQ,0,0,0,0,
38391974f5af4fbbb6224e3d6f2f7fb3,3190,197810,3113,23,3113,https://www.youtube.com/watch?v=4R1KJhtjetI,0,0,0,,3113,23,3113,https://www.youtube.com/watch?v=4R1KJhtjetI,6389,356,233,619,https://www.twitch.tv/videos/2878277219
069ca07d5dd84cd3bf42e21a085d98fb,3180,26120,0,0,0,,0,0,0,,0,0,0,,161,0,0,0,
96be1e561acd4a75817c6424d9d4f9f0,3180,138927,0,0,0,,0,0,0,,0,0,0,,4143,320,269,320,https://www.twitch.tv/videos/2874549758
bcbf00e1e98b4d5e8af20f29adbb0645,3180,209432,178,82,312,https://www.youtube.com/watch?v=0z55YSMHbEI,178,82,312,https://www.youtube.com/watch?v=0z55YSMHbEI,0,0,0,,0,0,0,0,
dba1db65ba874e18a33d8465d52d8f2e,3170,113701,0,0,0,,0,0,0,,0,0,0,,0,0,0,0,
8282a91b3aae44d3a075d08507665f4e,3170,63520,0,0,0,,0,0,0,,0,0,0,,0,0,0,0,
e6a9746af2a84387b6ed5a7d3a4434da,3160,295794,494,376,7559,https://www.youtube.com/watch?v=P7XcNB2cE0g,150,148,515,https://www.youtube.com/watch?v=-DRytaMAX4U,1469,784,7559,https://www.youtube.com/watch?v=P7XcNB2cE0g,0,0,0,0,
1fdc000815cc476dbc9d19aa431305b5,3160,93421,380,232,572,https://www.youtube.com/watch?v=dopP9xP6m-A,380,232,572,https://www.youtube.com/watch?v=dopP9xP6m-A,0,0,0,,0,0,0,0,
aa9fa329d639488dbb860b8f8b3235f8,3160,192298,1367,610,1472,https://www.youtube.com/watch?v=xAxymrec6gE,1367,610,1472,https://www.youtube.com/watch?v=xAxymrec6gE,0,0,0,,5339,936,644,1842,https://www.twitch.tv/videos/2863350126
536213f7ad4545f5a318156568763a35,3160,90237,0,0,0,,0,0,0,,0,0,0,,0,0,0,0,
73675987096b486287784fc466b881be,3150,58451,0,0,0,,0,0,0,,0,0,0,,0,0,0,0,
3d23ff5303d54cc58e5a69aa53b1db50,3150,443565,1266,175,1987,https://www.youtube.com/watch?v=iqr9mFhAiTs,1266,175,1987,https://www.youtube.com/watch?v=iqr9mFhAiTs,0,0,0,,0,0,0,0,
bddcd7d262a2434f9b6d77150fbbc72c,3150,44302,0,0,0,,0,0,0,,0,0,0,,0,0,0,0,
d6666443c70f478eb3008d28a33e0f61,3150,246733,683,511,1751,https://www.youtube.com/watch?v=sGdya5jE24U,556,295,1285,https://www.youtube.com/watch?v=m-48d2yfbEo,1158,673,1751,https://www.youtube.com/watch?v=sGdya5jE24U,0,0,0,0,
44f1d1ad14034bd3949ad6f84624f0e4,3140,281019,428,200,3513,https://www.youtube.com/watch?v=CSO5o9r8-gQ,317,152,2231,https://www.youtube.com/watch?v=cpD_oPr6Jac,778,201,3513,https://www.youtube.com/watch?v=CSO5o9r8-gQ,3001,332,173,868,https://www.twitch.tv/videos/2871289285
63f45366143549d8a2d26406445e0077,3140,152938,0,0,0,,0,0,0,,0,0,0,,0,0,0,0,
9f7bf6b3d935460e83896a0fe28012e9,3130,164622,395,159,1338,https://www.youtube.com/watch?v=3FkR5AeUvJc,311,112,420,https://www.youtube.com/watch?v=0Jp-or2b2sI,1220,816,1338,https://www.youtube.com/watch?v=3FkR5AeUvJc,1926,235,87,337,https://www.twitch.tv/videos/2877235669
7c6d1a181c90471887696ff9637aed03,3130,146455,0,0,0,,0,0,0,,0,0,0,,0,0,0,0,
2c2bf7ce933a4f34ac25c2dfa72fe565,3110,247571,2172,961,7135,https://www.youtube.com/watch?v=ckYkVpJy2M4,2027,645,7135,https://www.youtube.com/watch?v=ckYkVpJy2M4,2172,1105,4434,https://www.youtube.com/watch?v=USMAGyC76Ww,955,397,221,864,https://www.twitch.tv/videos/2878168004
8a86c4d0f4ce462a92c6bf09c027e432,3110,2900565,260,181,260,https://www.youtube.com/watch?v=XAipMB6xyck,0,0,0,,260,181,260,https://www.youtube.com/watch?v=XAipMB6xyck,160,0,0,0,
89036aadc62d496aa73c0a0076d67f41,3110,115133,249,75,1428,https://www.youtube.com/watch?v=iEIBONOxuSQ,249,75,1428,https://www.youtube.com/watch?v=iEIBONOxuSQ,0,0,0,,3128,196,109,311,https://www.twitch.tv/videos/2872105085
b4d14d75b48847b5adb8be6906dfec30,3100,184123,1431,621,3522,https://www.youtube.com/watch?v=jh_rdetN_fU,1431,680,3522,https://www.youtube.com/watch?v=jh_rdetN_fU,1005,336,1768,https://www.youtube.com/watch?v=oj6LK9a3QDA,551,0,0,0,
1551bebc6c26453e9893f342c68002bd,3080,93448,691,422,4391,https://www.youtube.com/watch?v=pp-vnjsRds4,691,422,4391,https://www.youtube.com/watch?v=pp-vnjsRds4,0,0,0,,394,0,0,0,
3bcfb277595f489ba52734d6f21c08e1,3080,0,0,0,0,,0,0,0,,0,0,0,,0,0,0,0,
9af612c3f872434cad1ba2e5dcbfaec8,3070,1127340,162,72,540,https://www.youtube.com/watch?v=LRr9DY1E57c,176,80,540,https://www.youtube.com/watch?v=LRr9DY1E57c,15,11,15,https://www.youtube.com/watch?v=3aM5ekl0qlU,0,0,0,0,
e4bea3dcc8934426a57516d4d6b373f4,3070,167312,1118,339,1231,https://www.youtube.com/watch?v=k_RNaBQZFn4,0,0,0,,1118,339,1231,https://www.youtube.com/watch?v=k_RNaBQZFn4,6952,1635,637,2470,https://www.twitch.tv/videos/2861341599
c28d59f83d9345de91d208cf7732bac5,3060,91116,0,0,0,,0,0,0,,0,0,0,,0,0,0,0,
ea62d2e6bc854e7a81b01a2362be310f,3060,201539,0,0,0,,0,0,0,,0,0,0,,334,0,0,0,
8d5345223f364c7d8cc7203ee0ffafd6,3050,159199,0,0,0,,0,0,0,,0,0,0,,0,0,0,0,
73a96bba42b444df98487ed22f97c240,3050,409024,544,161,14861,https://www.youtube.com/watch?v=nj58DUopr64,205,131,857,https://www.youtube.com/watch?v=tlnIOwJFhMA,1142,283,14861,https://www.youtube.com/watch?v=nj58DUopr64,949,92,46,141,https://www.twitch.tv/videos/2864942551
32a08f858ffb4d6aba0624647cf8cf2d,3030,143736,316,149,2141,https://www.youtube.com/watch?v=mBZr8I7iIAs,268,119,2141,https://www.youtube.com/watch?v=mBZr8I7iIAs,1107,245,1244,https://www.youtube.com/watch?v=2EFNpZnUxQk,0,0,0,0,
accb26f2db2746e898b68ab07dd3c5bc,3030,220390,521,220,1436,https://www.youtube.com/watch?v=aoJj8YH0rYo,521,220,1436,https://www.youtube.com/watch?v=aoJj8YH0rYo,0,0,0,,987,72,59,124,https://www.twitch.tv/videos/2873851248
0b0f8cd64c904508910707412b2c307f,3020,126268,737,385,2588,https://www.youtube.com/watch?v=k1viFsCzYpU,737,385,2588,https://www.youtube.com/watch?v=k1viFsCzYpU,0,0,0,,0,0,0,0,
356186a5552f499baab4ac520b7d4235,3020,134096,712,330,1595,https://www.youtube.com/watch?v=aKxkpAX-EeQ,712,330,1595,https://www.youtube.com/watch?v=aKxkpAX-EeQ,740,402,825,https://www.youtube.com/watch?v=teBbUrlgeA0,0,0,0,0,
67b37e4e1f2f49d88a047d650b70be91,2990,83148,238,91,681,https://www.youtube.com/watch?v=5gawXcL5lt4,238,91,681,https://www.youtube.com/watch?v=5gawXcL5lt4,0,0,0,,1069,93,69,171,https://www.twitch.tv/videos/2877291589
1901cef25e9940e7b3da42d3c189cada,2970,66856,0,0,0,,0,0,0,,0,0,0,,0,0,0,0,
fd81a8861669442ca49c50bc4cfd4b5e,2960,191626,340,130,668,https://www.youtube.com/watch?v=Ug34Ox22aYo,340,130,668,https://www.youtube.com/watch?v=Ug34Ox22aYo,0,0,0,,0,0,0,0,
9c64ee54cc094bf7931398eaf0c072d6,2950,196448,0,0,0,,0,0,0,,0,0,0,,2308,378,262,518,https://www.twitch.tv/videos/2865904957
4e48e10b3c2f439c934b1db25679b972,2920,328216,781,416,964,https://www.youtube.com/watch?v=q9eVv367hYY,781,416,964,https://www.youtube.com/watch?v=q9eVv367hYY,0,0,0,,0,0,0,0,
451ce18d28ff493e8238df85858dfb02,2920,264366,0,0,0,,0,0,0,,0,0,0,,2162,0,0,0,
99d1a2e0c8c047d2ad998e02d4dd9621,2920,104132,0,0,0,,0,0,0,,0,0,0,,0,0,0,0,
fc90561b03104438b6e8f657a28574ce,2920,139390,889,407,2038,https://www.youtube.com/watch?v=5GyeNeQm_Fo,889,407,2038,https://www.youtube.com/watch?v=5GyeNeQm_Fo,0,0,0,,0,0,0,0,
1c8887da9e96471ca28b97d80e390698,2910,225471,243,150,2015,https://www.youtube.com/watch?v=1y24nQ8fXDY,233,130,562,https://www.youtube.com/watch?v=Eu94MIEELxw,298,157,2015,https://www.youtube.com/watch?v=1y24nQ8fXDY,0,0,0,0,
b256a399ae7a49e18208455d29c2eb12,2900,459778,443,203,1106,https://www.youtube.com/watch?v=1VO8C2vpRsk,423,201,1106,https://www.youtube.com/watch?v=1VO8C2vpRsk,856,553,856,https://www.youtube.com/watch?v=Z_eW4w_YBvs,1305,59,39,117,https://www.twitch.tv/videos/2873139591
7da08de1840847b99c6fe9a44a1ca0ac,2900,72873,0,0,0,,0,0,0,,0,0,0,,0,0,0,0,
bbd618a3874d4ae2ba5af36a23bc1914,2900,76486,245,104,245,https://www.youtube.com/watch?v=EXd4MMOCldE,0,0,0,,245,104,245,https://www.youtube.com/watch?v=EXd4MMOCldE,14099,1450,521,3429,https://www.twitch.tv/videos/2861415487
4bbc9414c3184dfa9aeab5fcdfd87089,2900,4924,0,0,0,,0,0,0,,0,0,0,,0,0,0,0,
6443d56896a848dd820e339b5f81e292,2900,94540,0,0,0,,0,0,0,,0,0,0,,4537,328,234,409,https://www.twitch.tv/videos/2877374546
4f917f1ccdd74d34a3746c379282b6fe,2880,255494,0,0,0,,0,0,0,,0,0,0,,2082,196,127,306,https://www.twitch.tv/videos/2877088386
96ff628d2280470b833174c32200a749,2880,82558,657,298,2186,https://www.youtube.com/watch?v=8AqmgyIGEzE,671,308,2186,https://www.youtube.com/watch?v=8AqmgyIGEzE,102,101,102,https://www.youtube.com/watch?v=lGe122YK9uI,0,0,0,0,
2463286fd3154219afa631c73d178147,2880,369127,341,203,795,https://www.youtube.com/watch?v=VxKCRmNISCk,341,203,795,https://www.youtube.com/watch?v=VxKCRmNISCk,0,0,0,,0,0,0,0,
add8ccfa282a4524ae5b5d8435279bf7,2860,129629,671,255,2478,https://www.youtube.com/watch?v=-r038ERK67o,619,253,1222,https://www.youtube.com/watch?v=gbANbsk39yo,1517,719,2478,https://www.youtube.com/watch?v=-r038ERK67o,0,0,0,0,
6417469030e943748dfdba4ee26a08e4,2860,0,0,0,0,,0,0,0,,0,0,0,,1073,0,0,0,
b606cde735d84b45ab96489d7a9997dd,2860,206832,181,58,478,https://www.youtube.com/watch?v=dQCAyBltE_U,181,58,478,https://www.youtube.com/watch?v=dQCAyBltE_U,0,0,0,,248,0,0,0,
15b52ca3f3b5410cb2bb305d2bb737c4,2860,222693,963,178,963,https://www.youtube.com/watch?v=LeAz_SC88cs,0,0,0,,963,178,963,https://www.youtube.com/watch?v=LeAz_SC88cs,1249,114,81,140,https://www.twitch.tv/videos/2867571261
677ae7ec361d4d3c9981bca8fbb974c8,2860,84863,207,22,207,https://www.youtube.com/watch?v=KpvC4ipjH4w,207,22,207,https://www.youtube.com/watch?v=KpvC4ipjH4w,0,0,0,,384,0,0,0,
118c05e7f751446abee5fc827fda0215,2850,841778,136,64,440,https://www.youtube.com/watch?v=EcC6vr3OktU,136,64,440,https://www.youtube.com/watch?v=EcC6vr3OktU,0,0,0,,0,0,0,0,
275aaf8046a144198dee96d20bce8b1a,2850,28506,0,0,0,,0,0,0,,0,0,0,,0,0,0,0,
11dd1f817a6b4c80a066aedd8e0fa419,2840,88445,0,0,0,,0,0,0,,0,0,0,,0,0,0,0,
76165d25983b463eaa1da66c86a32b7c,2840,40011,0,0,0,,0,0,0,,0,0,0,,781,48,42,211,https://www.twitch.tv/videos/2868569629
40aa59fe29c64def89ab5fdce90b89ae,2840,895177,79,24,253,https://www.youtube.com/watch?v=kSBySRU_QFc,79,24,253,https://www.youtube.com/watch?v=kSBySRU_QFc,0,0,0,,0,0,0,0,
fe5e2d95569c47f29e863a8212ed7c60,2840,86506,0,0,0,,0,0,0,,0,0,0,,4920,209,157,1147,https://www.twitch.tv/videos/2853443798
a47db6b367364da1a4f43829f665e99a,2840,118478,591,328,1458,https://www.youtube.com/watch?v=51kPLHymQMg,489,278,1116,https://www.youtube.com/watch?v=dDZ18XFqvIM,1379,743,1458,https://www.youtube.com/watch?v=51kPLHymQMg,0,0,0,0,
247eca886f5c43188a3d6d3945e40636,2830,156861,352,144,1356,https://www.youtube.com/watch?v=RdjH4iXuxuI,352,144,1356,https://www.youtube.com/watch?v=RdjH4iXuxuI,0,0,0,,0,0,0,0,
b79ac08a857c4553921c04c3b14b89ea,2830,200978,57,27,136,https://www.youtube.com/watch?v=OQ1SZds5WMs,0,0,0,,57,27,136,https://www.youtube.com/watch?v=OQ1SZds5WMs,500,0,0,0,
62f37fa0a2f44083945f03db36e50dff,2820,58846,1095,449,1553,https://www.youtube.com/watch?v=riHMsMVFWFA,1095,449,1553,https://www.youtube.com/watch?v=riHMsMVFWFA,0,0,0,,0,0,0,0,
bac6a676ace94e759d9faaaed94ce1b1,2810,147178,680,555,1660,https://www.youtube.com/watch?v=CwstNVEHXS8,734,555,1660,https://www.youtube.com/watch?v=CwstNVEHXS8,555,387,628,https://www.youtube.com/watch?v=OJ6PG5B-b6E,0,0,0,0,
2c6d5a00eabf47e2affcc8fa6ec64f9c,2800,208462,88,33,1542,https://www.youtube.com/watch?v=5YVzGmAL8o4,80,20,250,https://www.youtube.com/watch?v=uXRJ9bIIS6Y,272,217,1542,https://www.youtube.com/watch?v=5YVzGmAL8o4,142,44,29,44,https://www.twitch.tv/videos/2870218303
d55860f26114410c97af27ba1269e3ed,2800,153180,327,182,448,https://www.youtube.com/watch?v=GeItfUiHbww,327,182,448,https://www.youtube.com/watch?v=GeItfUiHbww,0,0,0,,1602,53,41,133,https://www.twitch.tv/videos/2866799462
2875db54b5d74d01b301d63d36dd6fbf,2800,67378,208,184,495,https://www.youtube.com/watch?v=e3XC0aBwm6Y,208,184,495,https://www.youtube.com/watch?v=e3XC0aBwm6Y,0,0,0,,0,0,0,0,
70f1d3ae590e4f2184f695fd2140010c,2800,713269,0,0,0,,0,0,0,,0,0,0,,0,0,0,0,
8402646577b24bd5918bda8690e790b4,2800,356156,0,0,0,,0,0,0,,0,0,0,,1882,411,361,766,https://www.twitch.tv/videos/2870165194
cd4c94db2aed435794cc7e55999016e7,2800,122697,106,62,167,https://www.youtube.com/watch?v=qww9E1Y_S0c,106,62,167,https://www.youtube.com/watch?v=qww9E1Y_S0c,0,0,0,,353,33,32,100,https://www.twitch.tv/videos/2866815244
b115a7f57f664800a9f71a25eaf73b92,2780,88452,143,127,233,https://www.youtube.com/watch?v=8fz_nKeojQk,143,127,233,https://www.youtube.com/watch?v=8fz_nKeojQk,0,0,0,,0,0,0,0,
339b4a73ce92470c97b1626405d5eb5b,2780,90805,49,48,49,https://www.youtube.com/watch?v=3C0m6Pot19k,0,0,0,,49,48,49,https://www.youtube.com/watch?v=3C0m6Pot19k,423,0,0,0,
d210d8dfc0ec4a97907b9cebb5413ae3,2770,126924,0,0,0,,0,0,0,,0,0,0,,0,0,0,0,
4a64836a88024358a7401530fed8e0f8,2750,371688,248,160,731,https://www.youtube.com/watch?v=9js6Sezu6Kc,248,160,731,https://www.youtube.com/watch?v=9js6Sezu6Kc,0,0,0,,6218,412,311,679,https://www.twitch.tv/videos/2869374134
1c304e8690e2400d9482f1173f59ad70,2750,129557,259,170,14780,https://www.youtube.com/watch?v=7hPkfPmQMD4,247,173,1680,https://www.youtube.com/watch?v=M7HhkH94_JI,654,121,14780,https://www.youtube.com/watch?v=7hPkfPmQMD4,354,100,95,160,https://www.twitch.tv/videos/2868614044
cec266a3203a4d1599494b42f35b4012,2740,11299,220,112,220,https://www.youtube.com/watch?v=_k8hJ8DdPD4,220,112,220,https://www.youtube.com/watch?v=_k8hJ8DdPD4,0,0,0,,542,28,24,43,https://www.twitch.tv/videos/2872149461
4dd71b1079284bdb8ba90198317e524d,2740,184449,658,627,761,https://www.youtube.com/watch?v=5yZ4-DdekCo,658,627,761,https://www.youtube.com/watch?v=5yZ4-DdekCo,0,0,0,,0,0,0,0,
0dbf3f6f6521460782992a963122aed0,2730,307821,765,399,2080,https://www.youtube.com/watch?v=GW3AUCOAtU4,781,426,2080,https://www.youtube.com/watch?v=GW3AUCOAtU4,136,52,136,https://www.youtube.com/watch?v=u_yBpiGBBhM,447,168,122,402,https://www.twitch.tv/videos/2872228027
fda1d7f773b04b6898f5180e21e47874,2730,0,0,0,0,,0,0,0,,0,0,0,,0,0,0,0,
652d06b0251940bea32cd69dec3057e6,2720,2145,0,0,0,,0,0,0,,0,0,0,,403,0,0,0,
86957fa57641453e9fcb73550e58b64f,2720,91254,251,130,1074,https://www.youtube.com/watch?v=A-IEBXLe53Y,200,100,866,https://www.youtube.com/watch?v=cRSL2Ii8UjI,461,279,1074,https://www.youtube.com/watch?v=A-IEBXLe53Y,533,48,27,64,https://www.twitch.tv/videos/2866730625
c9510d2324d34b6fbd19ce627bf2bbac,2720,189,44,32,121,https://www.youtube.com/watch?v=MOS0mTwtiJA,44,32,44,https://www.youtube.com/watch?v=D7HRQ0aHrJc,76,54,121,https://www.youtube.com/watch?v=MOS0mTwtiJA,0,0,0,0,
7b40a7a144da4408b8de712c740e60dc,2710,136046,227,177,802,https://www.youtube.com/watch?v=gMBnKh8spf0,0,0,0,,227,177,802,https://www.youtube.com/watch?v=gMBnKh8spf0,0,0,0,0,
e9c48535f2af4f638e5a4c54ffa7862c,2710,149385,70,28,84,https://www.youtube.com/watch?v=O4J39_qfKew,70,28,84,https://www.youtube.com/watch?v=O4J39_qfKew,0,0,0,,0,0,0,0,
d2b1ba87da034210bbe54bfa1c01bc41,2710,60829,0,0,0,,0,0,0,,0,0,0,,8767,225,112,278,https://www.twitch.tv/videos/2871121561
c377cbfa47984f0ba9242b1f6e3dfc75,2710,25874,0,0,0,,0,0,0,,0,0,0,,2702,0,0,0,
c2f77009b4264e3fa09aa054c89bb40c,2680,92558,0,0,0,,0,0,0,,0,0,0,,127,0,0,0,
bee9506c5d714205bfc69573280852c2,2680,216721,302,153,7092,https://www.youtube.com/watch?v=TPWt9pjKQBs,216,147,874,https://www.youtube.com/watch?v=7X_Gm51nCoI,1260,602,7092,https://www.youtube.com/watch?v=TPWt9pjKQBs,2260,125,102,277,https://www.twitch.tv/videos/2872142198
0a20931c68dc49c8bd08eda1486193d8,2680,68050,0,0,0,,0,0,0,,0,0,0,,1403,0,0,0,
a577528125314beab91d127043218bb2,2670,129142,2808,503,5469,https://www.youtube.com/watch?v=xKzbWKLAyfo,0,0,0,,2808,503,5469,https://www.youtube.com/watch?v=xKzbWKLAyfo,0,0,0,0,
d95e3d9eed1a4e87a736a882a1fb9288,2670,249750,559,217,1266,https://www.youtube.com/watch?v=i2HhsTaVHfA,559,217,1266,https://www.youtube.com/watch?v=i2HhsTaVHfA,0,0,0,,93,0,0,0,
4766ec1a407f4271bca77fb81487e81a,2660,132069,509,61,3227,https://www.youtube.com/watch?v=pFO41VnOMBI,202,27,284,https://www.youtube.com/watch?v=Fuhy6HBWiL0,880,550,3227,https://www.youtube.com/watch?v=pFO41VnOMBI,4761,444,64,672,https://www.twitch.tv/videos/2856733032
5b40a93fac8646f48fca66add3d3642c,2650,229432,432,240,1104,https://www.youtube.com/watch?v=IgiIV6b--W0,432,240,1104,https://www.youtube.com/watch?v=IgiIV6b--W0,0,0,0,,0,0,0,0,
d0e0745dd98a4cab9c5e4ff43e3d246f,2640,78809,0,0,0,,0,0,0,,0,0,0,,0,0,0,0,
0bef54320f364c5a9289fceac64c5411,2630,79088,0,0,0,,0,0,0,,0,0,0,,176,11,9,12,https://www.twitch.tv/videos/2876499628
d576c2396a004f3c8dd91baf14254898,2620,86097,66,21,89,https://www.youtube.com/watch?v=OUFK46zQcm8,66,21,89,https://www.youtube.com/watch?v=OUFK46zQcm8,0,0,0,,2884,99,72,147,https://www.twitch.tv/videos/2871901537
75e0561f549f4775b90601a9d308340a,2620,70280,108,75,159,https://www.youtube.com/watch?v=zK9GVuypxDM,108,75,159,https://www.youtube.com/watch?v=zK9GVuypxDM,0,0,0,,0,0,0,0,
0a178f2c7b994a4ea8eb845ebd489a5a,2620,149602,127,78,415,https://www.youtube.com/watch?v=FMwsirVjpOM,127,78,415,https://www.youtube.com/watch?v=FMwsirVjpOM,0,0,0,,207,0,0,0,
f96c65701df94732853d86ffd893081e,2610,82803,131,60,131,https://www.youtube.com/watch?v=wMEKclycicg,131,60,131,https://www.youtube.com/watch?v=wMEKclycicg,0,0,0,,0,0,0,0,
6c4992a47ccc4c3bb997d3c49ddc2ec8,2610,74687,0,0,0,,0,0,0,,0,0,0,,759,43,42,43,https://www.twitch.tv/videos/2878359941
87568c720cae40a99264816eb1875347,2610,176153,172,99,1427,https://www.youtube.com/watch?v=0mcbS11LaFE,172,100,1427,https://www.youtube.com/watch?v=0mcbS11LaFE,47,33,47,https://www.youtube.com/watch?v=kGXCbNZSQX4,0,0,0,0,
1225d23bc1814140bc0093c1407f06b3,2610,213597,342,118,1477,https://www.youtube.com/watch?v=dmO5O6ZWdpM,242,107,1208,https://www.youtube.com/watch?v=stOkGTP2qqs,1319,904,1477,https://www.youtube.com/watch?v=dmO5O6ZWdpM,108,0,0,0,
f4da0eee989545d2ade906b022a50e8c,2610,199000,73,30,98,https://www.youtube.com/watch?v=ZaUKfcoGhH4,73,30,98,https://www.youtube.com/watch?v=ZaUKfcoGhH4,0,0,0,,4220,610,486,875,https://www.twitch.tv/videos/2867866905
407d2bd02ef04b9ea28e5189383942be,2600,125429,0,0,0,,0,0,0,,0,0,0,,768,796,465,1056,https://www.twitch.tv/videos/2869328512
7a93714b53274fbaad48bef3b409d458,2590,230908,352,81,2535,https://www.youtube.com/watch?v=efbX2EVTXOw,379,125,2535,https://www.youtube.com/watch?v=efbX2EVTXOw,293,81,307,https://www.youtube.com/watch?v=_T7XE7kMa8k,0,0,0,0,
02168475e7ca4234b57d53f495bf3bbc,2580,155819,257,77,339,https://www.youtube.com/watch?v=NAzpmGGN6KQ,215,60,339,https://www.youtube.com/watch?v=NAzpmGGN6KQ,338,267,338,https://www.youtube.com/watch?v=tBst3herxwY,0,0,0,0,
9767904fedef42febaa98e9162973356,2580,634380,1107,299,4420,https://www.youtube.com/watch?v=W8LavtJ7-lI,1145,299,4420,https://www.youtube.com/watch?v=W8LavtJ7-lI,926,410,1058,https://www.youtube.com/watch?v=A-nKCVltFPo,0,0,0,0,
7c147c43030b44b9ae244d82c387c82a,2580,83865,190,56,255,https://www.youtube.com/watch?v=MqfE9_cOzX4,190,56,190,https://www.youtube.com/watch?v=TA5fZpaPjXM,191,66,255,https://www.youtube.com/watch?v=MqfE9_cOzX4,0,0,0,0,
b8c13d7702844995a0b4a66eda4d31bc,2570,95404,4,1,34,https://www.youtube.com/watch?v=wlcQPRZQxzk,0,0,0,,4,1,34,https://www.youtube.com/watch?v=wlcQPRZQxzk,1657,211,136,298,https://www.twitch.tv/videos/2867578043
3896e47ba9f64b7082eee3980734ab14,2570,292933,162,145,251,https://www.youtube.com/watch?v=KqdbXDvI5Xg,162,145,251,https://www.youtube.com/watch?v=KqdbXDvI5Xg,0,0,0,,0,0,0,0,
faa4994019724702a9da315a8c3641bc,2570,179657,348,218,829,https://www.youtube.com/watch?v=FxMkL4M3aQ4,348,218,829,https://www.youtube.com/watch?v=FxMkL4M3aQ4,0,0,0,,0,0,0,0,
08da85c2b24747a2aaeec4fe6cf9d681,2570,73218,621,198,807,https://www.youtube.com/watch?v=rZS8pA2tg8c,621,191,755,https://www.youtube.com/watch?v=1w50MkGWRj0,678,324,807,https://www.youtube.com/watch?v=rZS8pA2tg8c,0,0,0,0,
60234dcffd2b42f097a78aaf121d410f,2560,62029,0,0,0,,0,0,0,,0,0,0,,217,0,0,0,
a66441bdef584fe0806c4be0fd2cf53a,2560,109607,0,0,0,,0,0,0,,0,0,0,,0,0,0,0,
59005edeef174395915757d45718177d,2540,41818,0,0,0,,0,0,0,,0,0,0,,0,0,0,0,
a5566c76de5540f4a239c4c2a39cf460,2540,72016,1375,950,2483,https://www.youtube.com/watch?v=3RkhR3_Chnk,268,19,268,https://www.youtube.com/watch?v=P8eFT6sI-kE,2483,1881,2483,https://www.youtube.com/watch?v=3RkhR3_Chnk,0,0,0,0,
f656e3210df449889b6ad9e72acd7a72,2530,225314,1358,755,5156,https://www.youtube.com/watch?v=jnlnv3Bpxjg,1027,599,5156,https://www.youtube.com/watch?v=jnlnv3Bpxjg,1565,1041,2149,https://www.youtube.com/watch?v=ntPYw6D6y_w,0,0,0,0,
7653119a278b4ea59d2af5e2ba7d30e0,2530,119764,256,246,256,https://www.youtube.com/watch?v=4F3AwcWad7I,256,246,256,https://www.youtube.com/watch?v=4F3AwcWad7I,0,0,0,,0,0,0,0,
c40a8ff66b3348dc8459766b74846feb,2520,1516,0,0,0,,0,0,0,,0,0,0,,1919,0,0,0,
932fd42911c74016bc7da418abd29f0f,2520,76421,223,133,361,https://www.youtube.com/watch?v=S6gqq6htVzs,223,133,361,https://www.youtube.com/watch?v=S6gqq6htVzs,0,0,0,,90,0,0,0,
891c39f050e048aebafaafc90a1c4cbd,2520,57165,721,618,721,https://www.youtube.com/watch?v=awfwIlOvsH0,721,618,721,https://www.youtube.com/watch?v=awfwIlOvsH0,0,0,0,,0,0,0,0,
889bc532fb85455bae33baf0aa7ec003,2520,214393,201,83,360,https://www.youtube.com/watch?v=U_qP89NhqsE,201,83,360,https://www.youtube.com/watch?v=U_qP89NhqsE,0,0,0,,0,0,0,0,
352894d7c4eb4c9f87e248eae450183a,2520,312860,68,44,2421,https://www.youtube.com/watch?v=bsiEgX4kc-s,1061,939,2421,https://www.youtube.com/watch?v=bsiEgX4kc-s,63,26,562,https://www.youtube.com/watch?v=shccH3El7EA,0,0,0,0,
75a90497bfc2480f954c276b70f7b1c3,2520,192040,0,0,0,,0,0,0,,0,0,0,,7017,0,0,0,
c8c0ab1d59fb4608ab1e460e946fa88a,2520,117892,140,45,377,https://www.youtube.com/watch?v=tXhMd0ULdIg,377,118,377,https://www.youtube.com/watch?v=tXhMd0ULdIg,95,30,140,https://www.youtube.com/watch?v=dyd__YyI_5E,0,0,0,0,
a429c3010da544bab919814a3ea472a4,2520,86069,0,0,0,,0,0,0,,0,0,0,,2915,187,125,256,https://www.twitch.tv/videos/2872954660
fbf616b4f812413dbe6b156c8a9d5e5f,2510,69682,0,0,0,,0,0,0,,0,0,0,,0,0,0,0,
07553f6f3df84c3396508456ccbe7df2,2510,99453,488,256,1143,https://www.youtube.com/watch?v=tgJYykfsZtk,433,231,565,https://www.youtube.com/watch?v=etSgQl_vlrE,1143,667,1143,https://www.youtube.com/watch?v=tgJYykfsZtk,1051,0,0,0,
a960b283b1124f44bc4bf2a16199977a,2500,108166,0,0,0,,0,0,0,,0,0,0,,4759,0,0,0,
e66d389ebb604096bfa99178e1a13c27,2500,326948,855,314,1982,https://www.youtube.com/watch?v=JXhGW9OaiY4,855,323,1982,https://www.youtube.com/watch?v=JXhGW9OaiY4,1250,195,1786,https://www.youtube.com/watch?v=lswLmOA8ac8,3864,582,316,957,https://www.twitch.tv/videos/2871955497
83e0f3520699474ba7f017e5e4388a5f,2500,51672,0,0,0,,0,0,0,,0,0,0,,0,0,0,0,
284024f40bb34b429debb78e7dbf3391,2500,6239,0,0,0,,0,0,0,,0,0,0,,0,0,0,0,
db6b14a0319e4f639bfcf8d4309c064d,2490,370826,523,232,972,https://www.youtube.com/watch?v=i92OlyFDdLs,0,0,0,,523,232,972,https://www.youtube.com/watch?v=i92OlyFDdLs,3371,220,207,280,https://www.twitch.tv/videos/2878163330
e68bb26e386a4d49a2f521f8abc83376,2490,0,0,0,0,,0,0,0,,0,0,0,,3500,0,0,0,
b19d58b07131413a92b4bd16e37e8e38,2480,11713,0,0,0,,0,0,0,,0,0,0,,0,0,0,0,
62e0c4a2dc274095a08c49a7850d3b78,2480,41340,0,0,0,,0,0,0,,0,0,0,,1570,0,0,0,
6e1845e76035452287436153470e8656,2480,118203,320,170,562,https://www.youtube.com/watch?v=qJsI6RHZjhk,320,170,562,https://www.youtube.com/watch?v=qJsI6RHZjhk,0,0,0,,461,0,0,0,
87968861d5794c01bfce46d51c8abfc7,2480,24938,0,0,0,,0,0,0,,0,0,0,,0,0,0,0,
a0c76cedf0e346a18586077a38f302d8,2470,110049,481,467,481,https://www.youtube.com/watch?v=WBiVtD7j2T8,481,467,481,https://www.youtube.com/watch?v=WBiVtD7j2T8,0,0,0,,173,0,0,0,
9c913230c732455c9604dae9ebcfa64e,2460,127341,18,9,1073,https://www.youtube.com/watch?v=CUF4dJ9GC1w,0,0,0,,18,9,1073,https://www.youtube.com/watch?v=CUF4dJ9GC1w,1370,307,197,390,https://www.twitch.tv/videos/2867668961
eb9c18d484464a8e9ac12f44c761ce27,2450,65590,0,0,0,,0,0,0,,0,0,0,,682,0,0,0,
8be6ce1a26af47a4985205da119eab5a,2450,397646,335,232,1422,https://www.youtube.com/watch?v=ix0JATiezps,326,209,796,https://www.youtube.com/watch?v=sfCU744lg2w,1256,861,1422,https://www.youtube.com/watch?v=ix0JATiezps,0,0,0,0,
27bbe711f5e848a9bc8accc73fc79471,2440,26590,162,103,422,https://www.youtube.com/watch?v=9w1Il-7Xm2c,256,88,422,https://www.youtube.com/watch?v=9w1Il-7Xm2c,135,113,144,https://www.youtube.com/watch?v=uh128EDFYhs,0,0,0,0,
b9104b7fdb804facb0d8847f373a8a05,2440,125628,71,46,839,https://www.youtube.com/watch?v=sN7UHXFboH0,64,36,327,https://www.youtube.com/watch?v=kUYIT9Cmhpw,839,796,839,https://www.youtube.com/watch?v=sN7UHXFboH0,110,0,0,0,
daf01d921fcd4d59876e7f574a083aba,2430,53979,0,0,0,,0,0,0,,0,0,0,,0,0,0,0,
bff58c28269748eb99103a257886309a,2430,90045,313,184,825,https://www.youtube.com/watch?v=0DnWRz3PBqY,313,184,825,https://www.youtube.com/watch?v=0DnWRz3PBqY,0,0,0,,0,0,0,0,
c94bc4ff4689403aac751731d33150e6,2420,80211,1351,432,3999,https://www.youtube.com/watch?v=B91heNuW79s,1332,511,3999,https://www.youtube.com/watch?v=B91heNuW79s,1351,432,2011,https://www.youtube.com/watch?v=ktg41Fzph3g,493,116,82,147,https://www.twitch.tv/videos/2873999515
68c912c0e68b455f91cd3e1dfbf7d33b,2420,70439,445,201,1402,https://www.youtube.com/watch?v=3UTS9caLFx8,419,194,1402,https://www.youtube.com/watch?v=3UTS9caLFx8,1249,319,1249,https://www.youtube.com/watch?v=Sx1VyqcC1UY,726,28,17,136,https://www.twitch.tv/videos/2878216896
a7874e2ea7a44640a4ad427680a1dc9a,2410,77209,0,0,0,,0,0,0,,0,0,0,,330,280,185,293,https://www.twitch.tv/videos/2873089926
4ed0862cff5b47bcbf4b6a30e431e0fa,2400,99027,1483,1186,1802,https://www.youtube.com/watch?v=xIJWh7bzTLs,0,0,0,,1483,1186,1802,https://www.youtube.com/watch?v=xIJWh7bzTLs,0,0,0,0,
cc1bad00639b4149b277f0d2e99c2abe,2400,86530,176,92,591,https://www.youtube.com/watch?v=8kxwM6UxOVU,176,92,591,https://www.youtube.com/watch?v=8kxwM6UxOVU,0,0,0,,0,0,0,0,
72a83f60773546dba886008320809d70,2400,488901,0,0,0,,0,0,0,,0,0,0,,10221,489,67,888,https://www.twitch.tv/videos/2853940612
b322780e7b80404193373149bfa8e86d,2400,55078,0,0,0,,0,0,0,,0,0,0,,0,0,0,0,
cfc335d4b3e3411ca5b39ccb41a81958,2400,160519,2113,710,3210,https://www.youtube.com/watch?v=qHKAaSnq1Iw,2113,710,3210,https://www.youtube.com/watch?v=qHKAaSnq1Iw,0,0,0,,0,0,0,0,
d18dd7d3e19f469b9e3faaa6c1fe2b0d,2400,53872,387,224,830,https://www.youtube.com/watch?v=KO1ez2HTk3I,387,224,830,https://www.youtube.com/watch?v=KO1ez2HTk3I,0,0,0,,241,0,0,0,
364f94fc7493453e9f53787ade8e35c6,2390,405103,229,51,653,https://www.youtube.com/watch?v=4RU9kPXuFnE,229,51,653,https://www.youtube.com/watch?v=4RU9kPXuFnE,0,0,0,,0,0,0,0,
0bf305da1ec14c5c8447b9a007bc81f6,2390,265477,557,344,3141,https://www.youtube.com/watch?v=KuFhrsEUGs8,444,83,3141,https://www.youtube.com/watch?v=KuFhrsEUGs8,1294,497,1767,https://www.youtube.com/watch?v=iCxszRoqxik,1092,77,53,144,https://www.twitch.tv/videos/2872717135
fa2a2255fa7d4aa7b5b54dea5dd2b1c4,2390,74061,131,94,231,https://www.youtube.com/watch?v=eTdtRNUBPUk,131,94,231,https://www.youtube.com/watch?v=eTdtRNUBPUk,0,0,0,,0,0,0,0,
6510332f58be4d86b0007c77a622c959,2370,340612,1168,509,2593,https://www.youtube.com/watch?v=FRmGLh__yGY,1212,627,2593,https://www.youtube.com/watch?v=FRmGLh__yGY,603,314,603,https://www.youtube.com/watch?v=czJB7ZBKJIQ,3295,291,177,798,https://www.twitch.tv/videos/2873987271
c79b5a5a5c8b4d8f917afdfc16c01961,2360,105053,0,0,0,,0,0,0,,0,0,0,,3927,966,398,1414,https://www.twitch.tv/videos/2855179499
bd9c7d2e96094ce7b8ca032228bb13c7,2360,48512,0,0,0,,0,0,0,,0,0,0,,0,0,0,0,
7667228c716242d787e1e9cf37224896,2360,98981,0,0,0,,0,0,0,,0,0,0,,0,0,0,0,
c805a5c2c4fb4a068a65267452aa4da5,2350,89388,75,35,174,https://www.youtube.com/watch?v=s0djLMFv6sc,69,32,174,https://www.youtube.com/watch?v=s0djLMFv6sc,126,111,126,https://www.youtube.com/watch?v=aMl5_ja4RKU,0,0,0,0,
572c03fa49b54d4b95935321b4722b68,2350,493762,446,166,1256,https://www.youtube.com/watch?v=YWm-er0-iXo,0,0,0,,446,166,1256,https://www.youtube.com/watch?v=YWm-er0-iXo,1976,125,81,1048,https://www.twitch.tv/videos/2854949818
29574cafecff435b90d34431e2153f02,2350,321356,634,97,1505,https://www.youtube.com/watch?v=07uMoMAYQ4A,189,93,746,https://www.youtube.com/watch?v=F9PAY8JqmPE,1210,219,1505,https://www.youtube.com/watch?v=07uMoMAYQ4A,192,79,46,79,https://www.twitch.tv/videos/2867801469
80c426d23cdb4dcda1d1a0a1bd7e0245,2340,27436,0,0,0,,0,0,0,,0,0,0,,6171,0,0,0,
c0ce3bfbf1434af3a2a7bd7b2c38e7e7,2340,187305,1361,861,3678,https://www.youtube.com/watch?v=c-XezE1y_D0,1361,861,3678,https://www.youtube.com/watch?v=c-XezE1y_D0,0,0,0,,0,0,0,0,
70d5f64a7e324d7584d7e5116d6dc5a2,2340,76326,689,55,689,https://www.youtube.com/watch?v=B5SVIiPOpcM,689,55,689,https://www.youtube.com/watch?v=B5SVIiPOpcM,0,0,0,,0,0,0,0,
b7fa120fd2264ecca8f9f02ece2850a9,2340,80732,0,0,0,,0,0,0,,0,0,0,,159,0,0,0,
95f3f004ed9641139567827519f6b35e,2340,160010,0,0,0,,0,0,0,,0,0,0,,252,0,0,0,
eb38f509e8464ba19ba8579e0b99e262,2340,106497,222,132,852,https://www.youtube.com/watch?v=w7doy3Q7Jzo,222,132,852,https://www.youtube.com/watch?v=w7doy3Q7Jzo,0,0,0,,0,0,0,0,
4d44c28a73394954a4d1bf2a1b2c162c,2340,160420,333,151,870,https://www.youtube.com/watch?v=PFWotWf7wZQ,291,133,870,https://www.youtube.com/watch?v=PFWotWf7wZQ,657,426,729,https://www.youtube.com/watch?v=P2V_31TO2i0,0,0,0,0,
3f12c2866e564c3086183c6e75ef79eb,2340,59221,0,0,0,,0,0,0,,0,0,0,,0,0,0,0,
d3a3eab7a3e34ea98784c44e3691c726,2330,90851,0,0,0,,0,0,0,,0,0,0,,0,0,0,0,
084c49d869114256af18c13cc4b56414,2330,52676,0,0,0,,0,0,0,,0,0,0,,0,0,0,0,
65a52797bec24b9bb2df5201068873a4,2330,26134,174,117,174,https://www.youtube.com/watch?v=bNFv_kMeOTs,174,117,174,https://www.youtube.com/watch?v=bNFv_kMeOTs,0,0,0,,0,0,0,0,
6c812a2f61ac470f8e3b30a92dca9d81,2330,76237,0,0,0,,0,0,0,,0,0,0,,0,0,0,0,
6274e7f2acaf4d48b5fa569168f9468e,2330,147005,300,104,1071,https://www.youtube.com/watch?v=JJOod3VHAZw,273,98,1071,https://www.youtube.com/watch?v=JJOod3VHAZw,979,379,979,https://www.youtube.com/watch?v=G8S9dgtFAjc,0,0,0,0,
2af83bdd7db644d88ffdaf123c38619b,2330,79130,183,90,459,https://www.youtube.com/watch?v=lUsmSHXbsf0,183,90,459,https://www.youtube.com/watch?v=lUsmSHXbsf0,0,0,0,,0,0,0,0,
5c7278d46cd24b8eb5f49c446acc759d,2330,22981,816,238,2408,https://www.youtube.com/watch?v=N-LUYyOs9uE,816,238,2408,https://www.youtube.com/watch?v=N-LUYyOs9uE,0,0,0,,86,37,33,37,https://www.twitch.tv/videos/2875736299
46954e0541644057a88f590a4739722c,2320,76522,431,141,981,https://www.youtube.com/watch?v=-z_bNzhgbLI,470,177,726,https://www.youtube.com/watch?v=SeOeEux6cqM,296,80,981,https://www.youtube.com/watch?v=-z_bNzhgbLI,138,0,0,0,
e8be1d48c5a249cebcef72b17653ef34,2320,22305,0,0,0,,0,0,0,,0,0,0,,0,0,0,0,
076c16fcd0c843c0b70748712d15f233,2320,36864,0,0,0,,0,0,0,,0,0,0,,0,0,0,0,
a9e5491563fd4b05896ef9a8cb2ee7d7,2310,144650,268,134,929,https://www.youtube.com/watch?v=RVT-qGecqog,226,132,578,https://www.youtube.com/watch?v=iqRa9vHb0VA,544,151,929,https://www.youtube.com/watch?v=RVT-qGecqog,0,0,0,0,
9fb51e14ba1c499eb6383a7a166a4d52,2310,88547,25,14,1108,https://www.youtube.com/watch?v=mYXyjMQBG1o,38,26,38,https://www.youtube.com/watch?v=HUNk8kMUNw8,20,12,1108,https://www.youtube.com/watch?v=mYXyjMQBG1o,0,0,0,0,
6873f5b9a88c42ba980878bbffb5682a,2310,186396,357,259,750,https://www.youtube.com/watch?v=82PZnNz96uM,316,259,621,https://www.youtube.com/watch?v=7Ew3hpLAxmU,561,236,750,https://www.youtube.com/watch?v=82PZnNz96uM,0,0,0,0,
6fa5098cd1c644c5871a47a7e56803dc,2310,102849,831,416,2383,https://www.youtube.com/watch?v=5QBl1irRiZY,878,456,2260,https://www.youtube.com/watch?v=O65V1PCiGTo,636,231,2383,https://www.youtube.com/watch?v=5QBl1irRiZY,266,0,0,0,
b975eb70ed174bbda87e181be25bd1c5,2310,87469,0,0,0,,0,0,0,,0,0,0,,0,0,0,0,
395eade6d67445e1831010cac52ab444,2300,96307,0,0,0,,0,0,0,,0,0,0,,776,0,0,0,
43e557d175ce462b97c4c406954d8c04,2300,466031,154,83,904,https://www.youtube.com/watch?v=eifZKfUrdzI,154,83,904,https://www.youtube.com/watch?v=eifZKfUrdzI,0,0,0,,524,36,25,62,https://www.twitch.tv/videos/2867747189
d8008bc6129d49d4bebfe530c4d02751,2290,3309,0,0,0,,0,0,0,,0,0,0,,0,0,0,0,
fe0305c914c549879b315b6dc3204748,2290,47197,0,0,0,,0,0,0,,0,0,0,,0,0,0,0,
a64ba9e0b7dd4de58ffbdf9ca043a90b,2290,109468,168,60,584,https://www.youtube.com/watch?v=61JXrmc1oSo,168,60,584,https://www.youtube.com/watch?v=61JXrmc1oSo,0,0,0,,96,0,0,0,
6f382359f4d0436e9e1d4f87e4696e76,2280,70332,0,0,0,,0,0,0,,0,0,0,,0,0,0,0,
ad43fda31b7842dc8e7854840b974614,2280,103865,124,52,225,https://www.youtube.com/watch?v=Tel43J7cwGQ,124,52,225,https://www.youtube.com/watch?v=Tel43J7cwGQ,0,0,0,,1155,0,0,0,
7ce04ee5bb63467f8b70a69136049218,2280,26947,0,0,0,,0,0,0,,0,0,0,,1784,148,107,151,https://www.twitch.tv/videos/2873138354
4ac7e88bd2234040a1da03644b06a501,2280,0,0,0,0,,0,0,0,,0,0,0,,0,0,0,0,
c1aa10208a06439481231599b25845b0,2270,192699,415,336,618,https://www.youtube.com/watch?v=6Jzkl_Fn2YI,618,351,618,https://www.youtube.com/watch?v=6Jzkl_Fn2YI,307,225,415,https://www.youtube.com/watch?v=B1kWIAx4SY4,2209,95,65,234,https://www.twitch.tv/videos/2866761129
6cd8cdc530d14e2d9d0a9cd20cb6b05c,2260,87042,187,155,245,https://www.youtube.com/watch?v=tJlyVB4V6V0,187,155,245,https://www.youtube.com/watch?v=tJlyVB4V6V0,0,0,0,,0,0,0,0,
92e03a33b1e640f6aa94211011de5d24,2260,94149,181,106,1037,https://www.youtube.com/watch?v=c_33OhjGK5w,155,115,328,https://www.youtube.com/watch?v=lXYNojNAr0w,455,46,1037,https://www.youtube.com/watch?v=c_33OhjGK5w,319,47,37,154,https://www.twitch.tv/videos/2867552785
a60c8fc0a1324bf8b65053231ee22373,2260,571296,113,48,1337,https://www.youtube.com/watch?v=oVc6qOWEKGg,77,42,209,https://www.youtube.com/watch?v=n9LlP5J9Sxk,454,71,1337,https://www.youtube.com/watch?v=oVc6qOWEKGg,188,10,6,24,https://www.twitch.tv/videos/2876561798
6cc5ac707eed4f9e9b5bc7b2f970fe1b,2260,134689,402,189,2192,https://www.youtube.com/watch?v=xcXr3dAnRLk,309,160,1584,https://www.youtube.com/watch?v=JIrK4xmBKqs,1507,670,2192,https://www.youtube.com/watch?v=xcXr3dAnRLk,0,0,0,0,
edc63a5ab371435ea8614134d401c517,2250,92455,0,0,0,,0,0,0,,0,0,0,,0,0,0,0,
78dea7b59be448329ec287a403f95a13,2250,34755,21,5,1490,https://www.youtube.com/watch?v=EXA70v2DpIQ,0,0,0,,21,5,1490,https://www.youtube.com/watch?v=EXA70v2DpIQ,2127,133,115,167,https://www.twitch.tv/videos/2876502348
44ae1f339250472c82d1fc4ffb3610ad,2240,135828,1555,907,5238,https://www.youtube.com/watch?v=HwjaFvQarQ0,1659,997,5238,https://www.youtube.com/watch?v=HwjaFvQarQ0,129,119,129,https://www.youtube.com/watch?v=LForKwdCnHI,3052,990,540,1468,https://www.twitch.tv/videos/2856628525
504678b9fa2f4506879ba42b27a13dff,2230,254126,249,115,1437,https://www.youtube.com/watch?v=oMw5nefMJZ4,235,115,641,https://www.youtube.com/watch?v=4k_uRUl4Ymc,434,116,1437,https://www.youtube.com/watch?v=oMw5nefMJZ4,0,0,0,0,
c3945429509246f79c5f0a18594f696d,2230,89269,1923,535,3977,https://www.youtube.com/watch?v=C8rRXvSJnPk,0,0,0,,1923,535,3977,https://www.youtube.com/watch?v=C8rRXvSJnPk,16211,8000,3293,15777,https://www.twitch.tv/videos/2857485461
de610557c5c041df85e41e7f2f5490f5,2230,12762,0,0,0,,0,0,0,,0,0,0,,4229,253,189,285,https://www.twitch.tv/videos/2871728656
90c317900736475a8c5cae632bdd0960,2230,158917,0,0,0,,0,0,0,,0,0,0,,0,0,0,0,
27f5926236d04e34a08fdb7ab83940bc,2230,70915,398,179,476,https://www.youtube.com/watch?v=3IlP1bHH0BU,398,179,476,https://www.youtube.com/watch?v=3IlP1bHH0BU,0,0,0,,0,0,0,0,
25904d8b82c84d74a8abffb804647e21,2230,114521,0,0,0,,0,0,0,,0,0,0,,393,0,0,0,
345b2eb5c8bf4d7d9fa72176f67de440,2230,43964,32,26,32,https://www.youtube.com/watch?v=nm6HqBoL01I,0,0,0,,32,26,32,https://www.youtube.com/watch?v=nm6HqBoL01I,881,214,179,225,https://www.twitch.tv/videos/2871241740
9b8fe3ac0f30473f87290d314dfda74e,2220,4364,1096,53,1205,https://www.youtube.com/watch?v=3DtBZYk2X5I,0,0,0,,1096,53,1205,https://www.youtube.com/watch?v=3DtBZYk2X5I,0,0,0,0,
c52b95b6a42d48f0ae888720492a5a46,2220,146976,0,0,0,,0,0,0,,0,0,0,,0,0,0,0,
92354b79050d4a2dbdb2289a7498a662,2220,38042,0,0,0,,0,0,0,,0,0,0,,0,0,0,0,
65c0e7f6562d419e944caea644836c1f,2220,95332,304,109,369,https://www.youtube.com/watch?v=xvPna63avXk,304,109,369,https://www.youtube.com/watch?v=xvPna63avXk,0,0,0,,295,36,27,36,https://www.twitch.tv/videos/2872141562
ab069c9401bc4bd09eea8f5ece525d54,2210,350170,0,0,0,,0,0,0,,0,0,0,,0,0,0,0,
751596501f4f420a8a5c5c9d839efb22,2210,116036,0,0,0,,0,0,0,,0,0,0,,271,0,0,0,
58d43efc5b4046148d02de0e65ef9120,2200,311755,707,524,37828,https://www.youtube.com/watch?v=vcfGhVQl4VE,610,361,1879,https://www.youtube.com/watch?v=-jdhrq8wwro,777,581,37828,https://www.youtube.com/watch?v=vcfGhVQl4VE,593,163,142,211,https://www.twitch.tv/videos/2871041202
8890acc220cd4f969ec2e23a28c1eda2,2200,8911,0,0,0,,0,0,0,,0,0,0,,0,0,0,0,
1ead15220cb842a79c3922d08d618e31,2200,4609,0,0,0,,0,0,0,,0,0,0,,0,0,0,0,
d418b8a185f449b3a15c1656ba654780,2200,161056,0,0,0,,0,0,0,,0,0,0,,0,0,0,0,
8e84dbdebec446bab8c82b3f0467f398,2190,209357,194,109,1573,https://www.youtube.com/watch?v=OftO8sfnaNA,161,97,299,https://www.youtube.com/watch?v=ZzxES3Br5XM,1071,338,1573,https://www.youtube.com/watch?v=OftO8sfnaNA,0,0,0,0,
60602526ae1d48688c23a74b3cb527e8,2180,102014,217,135,460,https://www.youtube.com/watch?v=yCbmkwBBIwc,217,135,460,https://www.youtube.com/watch?v=yCbmkwBBIwc,0,0,0,,0,0,0,0,
e897180feafa4f748c41f13306b6f379,2180,538099,1499,918,8942,https://www.youtube.com/watch?v=5ad-_oPXvV4,509,179,2804,https://www.youtube.com/watch?v=MIkRbTzbH7U,2039,1067,8942,https://www.youtube.com/watch?v=5ad-_oPXvV4,60,0,0,0,
a76c19e10aa4463f92f0d2e0f30ab84a,2180,157052,322,163,940,https://www.youtube.com/watch?v=yD5xaUdviF8,322,180,940,https://www.youtube.com/watch?v=yD5xaUdviF8,236,73,803,https://www.youtube.com/watch?v=27QbFBgnTH4,0,0,0,0,
8a63cc5d44b44e2c88122e98c533d20a,2170,332486,0,0,0,,0,0,0,,0,0,0,,0,0,0,0,
d564ef4ee383435787e18dee18247631,2170,71274,134,56,1642,https://www.youtube.com/watch?v=9m56h1IEOJQ,134,56,1642,https://www.youtube.com/watch?v=9m56h1IEOJQ,0,0,0,,403,11,7,20,https://www.twitch.tv/videos/2869391985
e58a5a6f40e040d79bbcd139824d6fc7,2170,287553,1029,411,1617,https://www.youtube.com/watch?v=0FSi_FxnBGA,0,0,0,,1029,411,1617,https://www.youtube.com/watch?v=0FSi_FxnBGA,11765,3431,1349,4975,https://www.twitch.tv/videos/2871086793
73a6eae6a16942ef8726b2c475fef9e0,2170,135959,0,0,0,,0,0,0,,0,0,0,,0,0,0,0,
f99429e8c2324c5db10f11c3a2c51b5d,2170,70496,0,0,0,,0,0,0,,0,0,0,,0,0,0,0,
8b732f3260e0427f9cf795b93ada310a,2170,68824,0,0,0,,0,0,0,,0,0,0,,3962,638,151,1534,https://www.twitch.tv/videos/2876945801
19a2801d800547e58c6560aa1accf3e4,2170,101001,455,353,610,https://www.youtube.com/watch?v=V_xafC6XX7s,455,353,610,https://www.youtube.com/watch?v=V_xafC6XX7s,0,0,0,,452,0,0,0,
8c171b8f4b854cbfade4ee2babc19e0f,2160,56307,321,191,1246,https://www.youtube.com/watch?v=AAxb1wp2UYY,321,191,1246,https://www.youtube.com/watch?v=AAxb1wp2UYY,0,0,0,,0,0,0,0,
d45c287a84b6485e8ff3400cf50f5db7,2160,170257,0,0,0,,0,0,0,,0,0,0,,4445,692,336,1055,https://www.twitch.tv/videos/2874812536
b5c9831f97f4427a88a96d7c4ee40539,2150,200541,0,0,0,,0,0,0,,0,0,0,,1692,247,195,247,https://www.twitch.tv/videos/2873120290
0dc64e677ea0451095971685f0618966,2150,126473,0,0,0,,0,0,0,,0,0,0,,0,0,0,0,
5da8c6fb027049cc8bc2030c56e8c489,2150,30357,0,0,0,,0,0,0,,0,0,0,,135,0,0,0,
326e254f0da14bc6bfc5d379164cf5c6,2140,46856,0,0,0,,0,0,0,,0,0,0,,0,0,0,0,
62b58adde13f4a73ab406f857d730e20,2140,110084,322,108,1187,https://www.youtube.com/watch?v=mXqpysm3rvg,255,107,744,https://www.youtube.com/watch?v=UJWWZKezXvE,728,204,1187,https://www.youtube.com/watch?v=mXqpysm3rvg,0,0,0,0,
948d1078ceaf4b39b3bef86fdab85482,2140,46057,1078,305,1526,https://www.youtube.com/watch?v=5ONcYQBmy9I,634,544,634,https://www.youtube.com/watch?v=Vy-pUS6XezU,1522,253,1526,https://www.youtube.com/watch?v=5ONcYQBmy9I,2936,142,121,249,https://www.twitch.tv/videos/2874828785
d2b6390494b94f44ac75b6e53780a09c,2130,35806,0,0,0,,0,0,0,,0,0,0,,62,0,0,0,
c41a24bf9c8f48ee9454119057088688,2130,87649,0,0,0,,0,0,0,,0,0,0,,0,0,0,0,
b84f2dfff8ce4ca1af82bfc44405f1e7,2130,98007,107,68,3749,https://www.youtube.com/watch?v=BDnt-0i7KIY,102,68,286,https://www.youtube.com/watch?v=hdal12sjoDE,3749,1798,3749,https://www.youtube.com/watch?v=BDnt-0i7KIY,0,0,0,0,
7cc197b36bc64bf38aaf98a17eaf8d31,2130,234433,314,264,1474,https://www.youtube.com/watch?v=e40trukNIPg,269,159,905,https://www.youtube.com/watch?v=6rs19uP7WcI,810,369,1474,https://www.youtube.com/watch?v=e40trukNIPg,0,0,0,0,
ef03340f293242f89fe15f2f828dbf7f,2130,50274,137,49,434,https://www.youtube.com/watch?v=AvEdI3L8kWY,137,49,434,https://www.youtube.com/watch?v=AvEdI3L8kWY,0,0,0,,654,16,13,20,https://www.twitch.tv/videos/2877394189
3a8fe50b02d04b45af3974ed979c52eb,2120,116511,717,429,1882,https://www.youtube.com/watch?v=dtbijRT_ytA,669,384,1247,https://www.youtube.com/watch?v=WGXWWqWr804,1863,741,1882,https://www.youtube.com/watch?v=dtbijRT_ytA,0,0,0,0,
41a105676f5643d981a2167e8ac55552,2120,57733,1523,1298,8878,https://www.youtube.com/watch?v=4DVwcSUrMQM,1523,1422,2101,https://www.youtube.com/watch?v=BYn1Ptu2_ak,1655,234,8878,https://www.youtube.com/watch?v=4DVwcSUrMQM,86,0,0,0,
8f7fdc3104f541539132c122eeab6801,2110,53045,221,120,860,https://www.youtube.com/watch?v=16Xpzc7oP7U,229,137,860,https://www.youtube.com/watch?v=16Xpzc7oP7U,148,18,178,https://www.youtube.com/watch?v=hMrM4sGYnuE,0,0,0,0,
1310ffb60dcf40eaaf6a08890e632234,2110,107231,353,200,664,https://www.youtube.com/watch?v=3t1r53UTbdw,353,200,664,https://www.youtube.com/watch?v=3t1r53UTbdw,0,0,0,,0,0,0,0,
2c92fe49ca9f4b8faf8f4521378857d2,2110,296943,1100,967,1100,https://www.youtube.com/watch?v=7OcU9ruwKkI,0,0,0,,1100,967,1100,https://www.youtube.com/watch?v=7OcU9ruwKkI,669,19,13,25,https://www.twitch.tv/videos/2873965326
8b810380ed254a5e8a85b65552ba4e61,2110,128715,1175,686,1175,https://www.youtube.com/watch?v=mBV6c5o3WEs,0,0,0,,1175,686,1175,https://www.youtube.com/watch?v=mBV6c5o3WEs,23794,1295,695,179375,https://www.twitch.tv/videos/2867633232
80ea9b92d31c48b8b2cf2ca5bacc2a08,2110,70739,161,63,180,https://www.youtube.com/watch?v=d0cGuTXWAeM,161,63,180,https://www.youtube.com/watch?v=d0cGuTXWAeM,0,0,0,,0,0,0,0,
9efea510313f4733b4d0b5e3cfb6988b,2110,533347,43,11,120,https://www.youtube.com/watch?v=mSeDJ7HBsoY,110,77,110,https://www.youtube.com/watch?v=Elc8bjAKHEY,32,7,120,https://www.youtube.com/watch?v=mSeDJ7HBsoY,0,0,0,0,
4f93fe928d264a299c6589e09fbda21e,2110,163490,0,0,0,,0,0,0,,0,0,0,,0,0,0,0,
3039dc305f614cd89e8ee8d028dea0ff,2100,71432,0,0,0,,0,0,0,,0,0,0,,0,0,0,0,
226eb1e34c924ae2914d960039905d08,2100,240596,186,103,488,https://www.youtube.com/watch?v=qNr361uNp7U,194,95,488,https://www.youtube.com/watch?v=qNr361uNp7U,178,111,178,https://www.youtube.com/watch?v=r-Pm4NNVvAw,0,0,0,0,
9870111c23124c19a12de7bbdeb8abc1,2100,74156,198,89,446,https://www.youtube.com/watch?v=FPhHTkVt0Yk,198,89,446,https://www.youtube.com/watch?v=FPhHTkVt0Yk,0,0,0,,0,0,0,0,
6d2945d11f504edb9962f742b54f6553,2090,36733,54,17,89,https://www.youtube.com/watch?v=N9QqOHRXZcY,54,17,89,https://www.youtube.com/watch?v=N9QqOHRXZcY,0,0,0,,1116,57,39,57,https://www.twitch.tv/videos/2870380183
40082e2bb0b546d3bd3ebb75a3192092,2090,1658862,121,59,911,https://www.youtube.com/watch?v=JDDAgzrfQ_M,77,36,101,https://www.youtube.com/watch?v=Y-cYqsIqUyg,130,59,911,https://www.youtube.com/watch?v=JDDAgzrfQ_M,0,0,0,0,
08a9cb204a03447bbba896df3ee6a096,2090,11926,0,0,0,,0,0,0,,0,0,0,,373,0,0,0,
e9047e02eb6340ff940114f754c76875,2080,59559,223,131,353,https://www.youtube.com/watch?v=el2iL7yS2QM,223,131,353,https://www.youtube.com/watch?v=el2iL7yS2QM,0,0,0,,0,0,0,0,
4f20b9493001401f81b7a451bf856fba,2080,241557,1129,390,1562,https://www.youtube.com/watch?v=SUk8Jkezsh4,0,0,0,,1129,390,1562,https://www.youtube.com/watch?v=SUk8Jkezsh4,1592,189,175,189,https://www.twitch.tv/videos/2876595570
77829b31e6e246efbf1f648a353ff823,2080,329617,664,433,1794,https://www.youtube.com/watch?v=z0u-mqoZkMc,581,479,1689,https://www.youtube.com/watch?v=siCADrYk8K0,1391,346,1794,https://www.youtube.com/watch?v=z0u-mqoZkMc,0,0,0,0,
6b36f446b10e4ea99d5d80d60beeee21,2080,50613,0,0,0,,0,0,0,,0,0,0,,8138,87,83,88,https://www.twitch.tv/videos/2878218785
8b7a4cfb12e54a309645f0e077bb088a,2070,34579,0,0,0,,0,0,0,,0,0,0,,0,0,0,0,
44b22851b9df4612bec834e2cfde9489,2070,524406,153,107,342,https://www.youtube.com/watch?v=C0JQdO4N0GU,147,102,342,https://www.youtube.com/watch?v=C0JQdO4N0GU,166,141,166,https://www.youtube.com/watch?v=V4ZfFG2P8pk,0,0,0,0,
e91df1edab1b4b01b37419becd9f5b86,2070,67077,1031,754,1118,https://www.youtube.com/watch?v=K6j9AOUDsQs,1031,754,1118,https://www.youtube.com/watch?v=K6j9AOUDsQs,0,0,0,,72,101,78,105,https://www.twitch.tv/videos/2875625576
6eefc3826f4f49a0b28a5288c5e0d83e,2070,13001,0,0,0,,0,0,0,,0,0,0,,2671,377,269,380,https://www.twitch.tv/videos/2873818300
361d3dd97ee9430f85d57b61ea8f0b85,2070,181023,248,100,511,https://www.youtube.com/watch?v=dvLcc7kmLLo,248,100,511,https://www.youtube.com/watch?v=dvLcc7kmLLo,0,0,0,,0,0,0,0,
ab540a5b73bb4dfa85cebffb70fad5db,2070,59607,0,0,0,,0,0,0,,0,0,0,,1222,0,0,0,
93e7079bd21c499f9004e79d18489d28,2060,496901,0,0,0,,0,0,0,,0,0,0,,85,0,0,0,
33918eea49984fb499619652ce58a4fa,2060,35799,0,0,0,,0,0,0,,0,0,0,,0,0,0,0,
1b863baf309a4ff587385012bb5bde51,2050,80462,0,0,0,,0,0,0,,0,0,0,,340,0,0,0,
f3b487c00ef5466eaa529f3a2e8d6753,2050,33449,320,124,1563,https://www.youtube.com/watch?v=CwxPAqffOhY,291,113,1563,https://www.youtube.com/watch?v=CwxPAqffOhY,1159,788,1349,https://www.youtube.com/watch?v=nHHLCCG8rCM,0,0,0,0,
9087489bcb234de9bb2a8942a1562a61,2050,76359,0,0,0,,0,0,0,,0,0,0,,0,0,0,0,
a5681ed32f994c57a107a0b9248fb228,2050,88510,373,163,833,https://www.youtube.com/watch?v=YPinZshAMLM,373,163,833,https://www.youtube.com/watch?v=YPinZshAMLM,0,0,0,,0,0,0,0,
cb52afa541704e6e8f1098a20679135c,2050,120716,164,97,252,https://www.youtube.com/watch?v=xm-o8Gp0zkk,164,97,252,https://www.youtube.com/watch?v=xm-o8Gp0zkk,0,0,0,,340,37,36,44,https://www.twitch.tv/videos/2878251441
b8d723ac79eb47229a23adc4029a5bd5,2050,0,0,0,0,,0,0,0,,0,0,0,,0,0,0,0,
2e58c53f72f144dbad853ca8630dab19,2040,76793,420,321,831,https://www.youtube.com/watch?v=CypnRSlyfwQ,420,321,831,https://www.youtube.com/watch?v=CypnRSlyfwQ,0,0,0,,242,256,167,256,https://www.twitch.tv/videos/2869464868
0563e1d0ff394d1ab0d6a09d89870fba,2040,157735,183,108,644,https://www.youtube.com/watch?v=mBZ7GzQ1h4o,195,120,644,https://www.youtube.com/watch?v=mBZ7GzQ1h4o,144,76,401,https://www.youtube.com/watch?v=41h1tNQ9Ki8,176,57,39,139,https://www.twitch.tv/videos/2868524221
0414bb8fc082472a9434bd4a463a9865,2030,11187,0,0,0,,0,0,0,,0,0,0,,190,0,0,0,
e32a7d950f5a4b53ab2f47d225aec4fd,2030,54992,0,0,0,,0,0,0,,0,0,0,,0,0,0,0,
7d2aa4176f60423bb1532ac37ed55e28,2030,171859,230,95,922,https://www.youtube.com/watch?v=c49wxSIYtrI,230,95,922,https://www.youtube.com/watch?v=c49wxSIYtrI,0,0,0,,0,0,0,0,
83eff3b0de694818876092eaabd35b4a,2030,98338,120,59,256,https://www.youtube.com/watch?v=AxdK_RmOqaw,131,68,256,https://www.youtube.com/watch?v=AxdK_RmOqaw,95,17,95,https://www.youtube.com/watch?v=Y1_UHSkkqYc,0,0,0,0,
83a59a0d6537461fb429af7e3af1d152,2020,258683,0,0,0,,0,0,0,,0,0,0,,0,0,0,0,
712d031e7f004ed99aa1dfdb176cff32,2020,121006,1764,492,1764,https://www.youtube.com/watch?v=xEetVhjko7Q,0,0,0,,1764,492,1764,https://www.youtube.com/watch?v=xEetVhjko7Q,321,0,0,0,
bb1cda940e0a44b3a25f3e368c19c490,2020,64372,0,0,0,,0,0,0,,0,0,0,,0,0,0,0,
2a20316d245d406193331300bb44fdec,2010,26366,0,0,0,,0,0,0,,0,0,0,,5379,614,322,794,https://www.twitch.tv/videos/2860444199
1c4d1b6728454276a4a5c4e0d6a94a20,2010,321,25,17,281,https://www.youtube.com/watch?v=qN8RM8g2cQ0,0,0,0,,25,17,281,https://www.youtube.com/watch?v=qN8RM8g2cQ0,0,0,0,0,
829ebc1f7fc34bd1b770298799fccaa7,2010,43938,396,315,396,https://www.youtube.com/watch?v=evbgqNDKeI0,396,315,396,https://www.youtube.com/watch?v=evbgqNDKeI0,0,0,0,,0,0,0,0,
6eeed5b0702a45df8470a617ee2c5243,2010,24090,0,0,0,,0,0,0,,0,0,0,,0,0,0,0,
a324be13dcdb4acbbe722638fc2dbfa4,2000,76743,494,230,1211,https://www.youtube.com/watch?v=LAsm3uT0uYY,494,223,931,https://www.youtube.com/watch?v=CQIBZDL6CiQ,803,334,1211,https://www.youtube.com/watch?v=LAsm3uT0uYY,123,10,8,17,https://www.twitch.tv/videos/2867670740
95f8bb8a92c1450b8b5993f740b39338,2000,766108,0,0,0,,0,0,0,,0,0,0,,295,0,0,0,
9133438057714eb196366f5ecbed6a4a,2000,671332,1636,518,6596,https://www.youtube.com/watch?v=vVCYgm-wDIs,0,0,0,,1636,518,6596,https://www.youtube.com/watch?v=vVCYgm-wDIs,0,0,0,0,
54a8fe908e2040bfb366aca0e67cc23f,2000,0,0,0,0,,0,0,0,,0,0,0,,0,0,0,0,
14d334ad35f146ecbb047d1c20652fe1,2000,350743,0,0,0,,0,0,0,,0,0,0,,0,0,0,0,
7bd1bc8b491d47e0b7cf0a573c36120e,1990,102689,0,0,0,,0,0,0,,0,0,0,,0,0,0,0,
0fbdfcc1b9cf41fdb840cf2f546d9324,1990,155292,87,21,428,https://www.youtube.com/watch?v=wHTRCX29Ulk,118,25,428,https://www.youtube.com/watch?v=wHTRCX29Ulk,15,3,83,https://www.youtube.com/watch?v=QV-dlzYQ9dU,681,0,0,0,
749161d9934f41bf97e7210afd6b3bb1,1990,41144,0,0,0,,0,0,0,,0,0,0,,105,0,0,0,
c85f3da0538546c499238b23d273f627,1980,0,0,0,0,,0,0,0,,0,0,0,,409,0,0,0,
0c1efcf431bc4ffbb208775a9738e348,1980,72044,586,132,725,https://www.youtube.com/watch?v=StXFUExoYBo,586,132,725,https://www.youtube.com/watch?v=StXFUExoYBo,0,0,0,,180,0,0,0,
637a5867616a436ba0f7cdd36057f55a,1980,164067,286,88,322,https://www.youtube.com/watch?v=jNANpgkTYc0,286,88,322,https://www.youtube.com/watch?v=jNANpgkTYc0,0,0,0,,107,0,0,0,
9031798ec1884b52b17df470b6c379b2,1980,57678,363,142,418,https://www.youtube.com/watch?v=Oz-wNsz4si4,363,142,418,https://www.youtube.com/watch?v=Oz-wNsz4si4,0,0,0,,0,0,0,0,
6bddfe8d54104f4192c56e4935a871de,1970,604656,0,0,0,,0,0,0,,0,0,0,,1355,289,218,721,https://www.twitch.tv/videos/2870180925
17b1d3fb1e1944dabd5e6a45f94e2f6b,1970,73014,359,195,401,https://www.youtube.com/watch?v=b9uYAZyBfIQ,359,195,401,https://www.youtube.com/watch?v=b9uYAZyBfIQ,0,0,0,,0,0,0,0,
bc7d14416ba24cc8819f0753e1f595f5,1970,336615,175,92,485,https://www.youtube.com/watch?v=pRTEKX71plA,175,92,485,https://www.youtube.com/watch?v=pRTEKX71plA,0,0,0,,0,0,0,0,
018244f1ad404c9eaa4ddf747c3bafa0,1960,277055,531,282,1294,https://www.youtube.com/watch?v=lYG_LLDdx4E,532,284,1294,https://www.youtube.com/watch?v=lYG_LLDdx4E,52,26,52,https://www.youtube.com/watch?v=lwB73WXFDGw,0,0,0,0,
bf124655587e4f5b937d695be814d25d,1960,155323,258,144,332,https://www.youtube.com/watch?v=P22QDx2oR_c,258,144,332,https://www.youtube.com/watch?v=P22QDx2oR_c,0,0,0,,0,0,0,0,
4b7c733a13d247ec84844698ecc7ba0c,1960,43716,0,0,0,,0,0,0,,0,0,0,,2810,298,196,546,https://www.twitch.tv/videos/2877059250
4de89158f20a4d0e8023f15db8a9526e,1960,153442,0,0,0,,0,0,0,,0,0,0,,0,0,0,0,
89f4c9a5a9374700ae9f3725cd8a3f0f,1960,202562,975,169,1498,https://www.youtube.com/watch?v=9_N7PhoKZbg,128,20,277,https://www.youtube.com/watch?v=eX6CX2po8dA,1086,292,1498,https://www.youtube.com/watch?v=9_N7PhoKZbg,204,68,60,68,https://www.twitch.tv/videos/2875655701
70c982c2dffc4cd08c90431abcc8be97,1950,59247,118,48,268,https://www.youtube.com/watch?v=YvWMe8VQ5zM,118,48,268,https://www.youtube.com/watch?v=YvWMe8VQ5zM,0,0,0,,212,30,20,37,https://www.twitch.tv/videos/2872134806
c0ae01f224734769a38c39b97fb6dbb7,1950,52596,0,0,0,,0,0,0,,0,0,0,,411,115,113,115,https://www.twitch.tv/videos/2878380853
1eb556018c7847feb170b09b8622590c,1940,128926,150,84,355,https://www.youtube.com/watch?v=IgMPIJgy7Tc,150,84,355,https://www.youtube.com/watch?v=IgMPIJgy7Tc,156,76,271,https://www.youtube.com/watch?v=iZhW_ymoPOI,17,0,0,0,
5ff20156ebbf4390a3573d6a94aed8df,1940,101610,205,97,681,https://www.youtube.com/watch?v=Fed2pshkjZA,228,120,681,https://www.youtube.com/watch?v=Fed2pshkjZA,187,65,205,https://www.youtube.com/watch?v=rlgrzWbcgUY,0,0,0,0,
1025a2d1ea674c649b1e7934895bd419,1930,57132,245,182,277,https://www.youtube.com/watch?v=21YzfbzQqjE,245,182,277,https://www.youtube.com/watch?v=21YzfbzQqjE,0,0,0,,0,0,0,0,
a45c0a929a504afa9afee5c56bc9b959,1930,43111,0,0,0,,0,0,0,,0,0,0,,130,72,39,104,https://www.twitch.tv/videos/2872106648
734477be3c5d42afbdde5356c6a6e8ee,1920,84020,0,0,0,,0,0,0,,0,0,0,,0,0,0,0,
b34b0381ce8e40f2b24fa0a96a1e1bd5,1910,96669,155,84,161,https://www.youtube.com/watch?v=Ui4DyslRwOA,155,84,161,https://www.youtube.com/watch?v=Ui4DyslRwOA,0,0,0,,0,0,0,0,
31c7fada1ab24cbd83ab4ae698955a29,1910,87778,141,61,697,https://www.youtube.com/watch?v=Z_2GHJXRtPE,135,73,175,https://www.youtube.com/watch?v=_VMp0elLYpE,165,59,697,https://www.youtube.com/watch?v=Z_2GHJXRtPE,0,0,0,0,
8564954960ba466fa7f17bc0e0ea5e8e,1910,38979,0,0,0,,0,0,0,,0,0,0,,359,0,0,0,
7c18bc597298484c8f2925759fc1ac4a,1910,17451,179,105,261,https://www.youtube.com/watch?v=qsgZ3vrHTZQ,179,105,261,https://www.youtube.com/watch?v=qsgZ3vrHTZQ,0,0,0,,798,0,0,0,
a823412858b749f7bd2bff3739ec55b7,1910,115746,866,376,1734,https://www.youtube.com/watch?v=ER3JOMpbWvc,866,376,1734,https://www.youtube.com/watch?v=ER3JOMpbWvc,0,0,0,,443,33,32,33,https://www.twitch.tv/videos/2878249165
10c8c9b647e7464f9d95c7c1a865da01,1890,175657,228,108,1303,https://www.youtube.com/watch?v=8sHkcA_CfsM,176,89,584,https://www.youtube.com/watch?v=F54hOaz8WPY,787,431,1303,https://www.youtube.com/watch?v=8sHkcA_CfsM,2246,121,82,169,https://www.twitch.tv/videos/2872204485
7eec0f9233fa49ed92c4f60fb8a82694,1890,39553,22,9,29,https://www.youtube.com/watch?v=Mib1kOVwrtw,0,0,0,,22,9,29,https://www.youtube.com/watch?v=Mib1kOVwrtw,1014,80,76,80,https://www.twitch.tv/videos/2877409486
9be037b96ffa41c9a080edf332650649,1890,104179,179,105,470,https://www.youtube.com/watch?v=IIwdTcjtSUg,172,92,470,https://www.youtube.com/watch?v=mq6qqynZZhY,470,119,470,https://www.youtube.com/watch?v=IIwdTcjtSUg,0,0,0,0,
5612ac8b150e45e5a7381a2c07e9671a,1890,86263,171,66,396,https://www.youtube.com/watch?v=ZXljR_1DL6A,171,66,396,https://www.youtube.com/watch?v=ZXljR_1DL6A,0,0,0,,0,0,0,0,
3e41189706dd483db4e407c295b058ce,1890,108704,102,48,178,https://www.youtube.com/watch?v=ipmxScDQBlE,102,48,178,https://www.youtube.com/watch?v=ipmxScDQBlE,0,0,0,,4991,463,238,1166,https://www.twitch.tv/videos/2862426388
52324c45fae74014bc603ae09d8d6136,1880,68590,891,526,5397,https://www.youtube.com/watch?v=mM3yQ_b3uO4,721,502,5397,https://www.youtube.com/watch?v=mM3yQ_b3uO4,1757,753,3082,https://www.youtube.com/watch?v=BCrQ6yZCWrI,177,0,0,0,
673abaca34d047b49b11d50214a9a463,1870,94446,284,205,1322,https://www.youtube.com/watch?v=Jo5zF9SeQew,314,253,1322,https://www.youtube.com/watch?v=Jo5zF9SeQew,19,19,19,https://www.youtube.com/watch?v=cPObchLIEAA,87,0,0,0,
a8e44e51a99c487694e2525dc57c85ca,1870,47002,0,0,0,,0,0,0,,0,0,0,,1161,0,0,0,
608b617ad99c4f18b97d10560e254b4b,1870,62284,166,28,283,https://www.youtube.com/watch?v=4sCPbQIeJKU,174,32,283,https://www.youtube.com/watch?v=4sCPbQIeJKU,166,28,179,https://www.youtube.com/watch?v=Q6PPjCTw2_A,0,0,0,0,
342f808864164047acc8ddffe88c9618,1870,139319,208,197,208,https://www.youtube.com/watch?v=j4f8dV29qJg,0,0,0,,208,197,208,https://www.youtube.com/watch?v=j4f8dV29qJg,2433,313,213,407,https://www.twitch.tv/videos/2874638663
d20c66018a094127805133f051037124,1870,80346,0,0,0,,0,0,0,,0,0,0,,1819,0,0,0,
53cd965ca91e495887b89aabd6314402,1860,43695,342,298,3275,https://www.youtube.com/watch?v=q4GjfKer9LE,1159,473,3275,https://www.youtube.com/watch?v=q4GjfKer9LE,237,102,318,https://www.youtube.com/watch?v=UUGsVm0t-i4,26,0,0,0,
21c774c9133043baaf8d283705cd9093,1860,85323,484,215,1250,https://www.youtube.com/watch?v=MIIDhLUDj7A,290,146,1066,https://www.youtube.com/watch?v=g0oNNiIHPic,751,215,1250,https://www.youtube.com/watch?v=MIIDhLUDj7A,0,0,0,0,
63175a6880c5427891463ff07fd0bf7e,1850,49854,0,0,0,,0,0,0,,0,0,0,,0,0,0,0,
cfa15a7e93824927ad4b84a519b0ab68,1850,715895,1830,1375,6378,https://www.youtube.com/watch?v=j6O8wOUfJFI,0,0,0,,1830,1375,6378,https://www.youtube.com/watch?v=j6O8wOUfJFI,0,0,0,0,
0da343539de64a169fe51ad653e5c73d,1850,45777,79,71,874,https://www.youtube.com/watch?v=d1ZfZQfv_7Y,89,83,874,https://www.youtube.com/watch?v=d1ZfZQfv_7Y,70,57,70,https://www.youtube.com/watch?v=ObtHByLNovg,0,0,0,0,
a725f6babc5f44779d7389886c6cd7b7,1850,77347,329,101,1360,https://www.youtube.com/watch?v=Dd-4FQRC-4Y,337,113,1360,https://www.youtube.com/watch?v=Dd-4FQRC-4Y,177,34,177,https://www.youtube.com/watch?v=4JDkylxSCPA,0,0,0,0,
21a819efced54f6991abd3fc0b43091f,1850,147301,421,164,1826,https://www.youtube.com/watch?v=jVL3Vt1zELA,312,166,421,https://www.youtube.com/watch?v=rXLDVe-_EZw,615,164,1826,https://www.youtube.com/watch?v=jVL3Vt1zELA,845,96,71,100,https://www.twitch.tv/videos/2865916235
e72542ff8bb14e47929b037c626c320a,1840,39535,0,0,0,,0,0,0,,0,0,0,,0,0,0,0,
a6a789d93f3a4352b251a51b43f98d2c,1840,47406,249,164,256,https://www.youtube.com/watch?v=wc7zhhnfBJE,249,164,256,https://www.youtube.com/watch?v=wc7zhhnfBJE,0,0,0,,0,0,0,0,
8020c505099f474ca81da3023926485f,1840,114578,179,93,371,https://www.youtube.com/watch?v=EVrKSFZd_cI,179,93,371,https://www.youtube.com/watch?v=EVrKSFZd_cI,0,0,0,,0,0,0,0,
14561bf5e63844f58b60deb87f443507,1840,0,0,0,0,,0,0,0,,0,0,0,,1133,338,47,338,https://www.twitch.tv/videos/2855661074
48b978b1705a4f61a760b05280000b34,1830,8861,0,0,0,,0,0,0,,0,0,0,,1252,0,0,0,
5b1bd72acc95440cb3aa381c89cfca3c,1830,97732,1163,560,2522,https://www.youtube.com/watch?v=UO2anFUk-cc,0,0,0,,1163,560,2522,https://www.youtube.com/watch?v=UO2anFUk-cc,0,0,0,0,
70874043d50b4e3a873742127251caa5,1830,84875,212,125,212,https://www.youtube.com/watch?v=myet4vTZ6lM,212,125,212,https://www.youtube.com/watch?v=myet4vTZ6lM,0,0,0,,0,0,0,0,
a0ac84f84b914c21acf669844a163436,1830,46290,0,0,0,,0,0,0,,0,0,0,,1621,685,277,1202,https://www.twitch.tv/videos/2855244139
9c0184b0f01a4af4a4c2c56139682fb9,1820,41446,6,0,6,https://www.youtube.com/watch?v=Mia2dBYgXYo,0,0,0,,6,0,6,https://www.youtube.com/watch?v=Mia2dBYgXYo,132,0,0,0,
8460a099a32044a5aa602f780dec94f2,1820,356750,32,9,1495,https://www.youtube.com/watch?v=nWkgixzQwOA,23,8,54,https://www.youtube.com/watch?v=Fffibeph-o4,299,24,1495,https://www.youtube.com/watch?v=nWkgixzQwOA,25,0,0,0,
ced6b5d82fc848a5a0f45a1b3da4cfae,1820,86769,433,257,1096,https://www.youtube.com/watch?v=CugvAGOCnLI,433,257,1096,https://www.youtube.com/watch?v=CugvAGOCnLI,0,0,0,,231,35,24,52,https://www.twitch.tv/videos/2866917028
fe5a0ac164a940c79e430eab9995da2e,1820,238635,0,0,0,,0,0,0,,0,0,0,,111,0,0,0,
e9fa90c6824c47abbfd114e9cd9b4125,1820,121890,350,146,1593,https://www.youtube.com/watch?v=h5dlYLozOPE,335,91,1004,https://www.youtube.com/watch?v=n7VFh2MbvHA,1593,600,1593,https://www.youtube.com/watch?v=h5dlYLozOPE,0,0,0,0,
7425576151124e11a94609fd1b8687bc,1810,66628,0,0,0,,0,0,0,,0,0,0,,2085,197,148,289,https://www.twitch.tv/videos/2868865483
b023ec32c6b5474e95c7faf252925b8e,1810,55233,686,615,1244,https://www.youtube.com/watch?v=jw9jKRRTztE,0,0,0,,686,615,1244,https://www.youtube.com/watch?v=jw9jKRRTztE,430,45,35,45,https://www.twitch.tv/videos/2873105733
8ad9544f4e4f42a09ec1ecb6b514729f,1810,98120,83,80,91,https://www.youtube.com/watch?v=BPU2uJMN9MI,83,80,91,https://www.youtube.com/watch?v=BPU2uJMN9MI,0,0,0,,0,0,0,0,
49c4f54141434226960845b2a46c432b,1810,61855,0,0,0,,0,0,0,,0,0,0,,0,0,0,0,
3bc6afb820df4f59b2c6ff1c25d1eed3,1810,156397,141,51,1255,https://www.youtube.com/watch?v=FIK2ONaHIWw,141,74,819,https://www.youtube.com/watch?v=gcTkn9ZgBM8,72,49,1255,https://www.youtube.com/watch?v=FIK2ONaHIWw,0,0,0,0,
f3fa92d46e744da29b61f9468c76b9a5,1810,49552,0,0,0,,0,0,0,,0,0,0,,0,0,0,0,
e3451dd6f3c0444c888eb6f67704613a,1810,75797,332,218,1248,https://www.youtube.com/watch?v=8oEfoXcW9Qo,332,218,1248,https://www.youtube.com/watch?v=8oEfoXcW9Qo,0,0,0,,0,0,0,0,
d748a977fcd24752ad9e038468713bf2,1810,8612,210,99,402,https://www.youtube.com/watch?v=9Cql8dmJNac,210,99,402,https://www.youtube.com/watch?v=9Cql8dmJNac,0,0,0,,0,0,0,0,
889bb42644a14ae4af2b3594c51d057b,1800,99057,132,64,2964,https://www.youtube.com/watch?v=E9A9NWwB2zw,132,58,255,https://www.youtube.com/watch?v=N_VIP-naPds,1531,369,2964,https://www.youtube.com/watch?v=E9A9NWwB2zw,0,0,0,0,
db2f279f9960492082f3ae6ad20aca91,1800,47459,0,0,0,,0,0,0,,0,0,0,,510,0,0,0,
3bbbe40f23e344fa8889d410b7315383,1800,2114,0,0,0,,0,0,0,,0,0,0,,0,0,0,0,
08158657738a4949bce0cbbc36c4e701,1790,70,0,0,0,,0,0,0,,0,0,0,,0,0,0,0,
6cb91cbf63cd46d49566ade06d3b3418,1790,26763,153,72,153,https://www.youtube.com/watch?v=gR5CxqmQhz8,153,72,153,https://www.youtube.com/watch?v=gR5CxqmQhz8,0,0,0,,0,0,0,0,
be84d60f2d0e452ab7d66eaeb957477f,1780,83769,87,47,87,https://www.youtube.com/watch?v=KUMJ8eSsL4o,87,47,87,https://www.youtube.com/watch?v=KUMJ8eSsL4o,0,0,0,,0,0,0,0,
29d3dea4a1684bec9592e2ccc3685c57,1780,64032,0,0,0,,0,0,0,,0,0,0,,0,0,0,0,
46ca57774cd7476d86727882d07bd918,1780,110755,160,119,240,https://www.youtube.com/watch?v=MQQWX6MiFhQ,160,119,240,https://www.youtube.com/watch?v=MQQWX6MiFhQ,0,0,0,,208,89,69,115,https://www.twitch.tv/videos/2871302168
15b8c0a77287451395102506f90ec98b,1770,641,0,0,0,,0,0,0,,0,0,0,,0,0,0,0,
b49c2970f97b4fd4a6762b3e9ba94f8e,1770,7845,0,0,0,,0,0,0,,0,0,0,,10267,1048,609,1768,https://www.twitch.tv/videos/2853273149
7d3b310a867942cab270e48f7a397e0d,1770,59978,192,104,680,https://www.youtube.com/watch?v=yltHRvkQh7M,182,89,680,https://www.youtube.com/watch?v=yltHRvkQh7M,502,308,502,https://www.youtube.com/watch?v=UyyQzEhxnhI,991,0,0,0,
7e9fc4a1ccc7445182bb3c5264d99187,1770,87541,357,253,838,https://www.youtube.com/watch?v=t7Eb-u_R1SU,357,253,838,https://www.youtube.com/watch?v=t7Eb-u_R1SU,0,0,0,,0,0,0,0,
ce59f11c200841dab2e8a5e30655a827,1770,254557,0,0,0,,0,0,0,,0,0,0,,27,0,0,0,
c489b78388904133a8b93cd4d0470aad,1770,161,0,0,0,,0,0,0,,0,0,0,,623,0,0,0,
8f1a38101d324afcbfc7df27d5d1e0a9,1770,213182,66,28,312,https://www.youtube.com/watch?v=EWc9iZh_d5c,66,28,312,https://www.youtube.com/watch?v=EWc9iZh_d5c,0,0,0,,0,0,0,0,
e39607950249427da8b60fa012115e44,1770,105160,0,0,0,,0,0,0,,0,0,0,,0,0,0,0,
67674d86fce54eceb37e0dc4ea802132,1770,148049,170,83,1019,https://www.youtube.com/watch?v=pjRQXNAKhyE,170,83,1019,https://www.youtube.com/watch?v=pjRQXNAKhyE,0,0,0,,122,11,10,21,https://www.twitch.tv/videos/2876551875
5efdd7a401eb430ba20cb6f391fbbce3,1760,35387,0,0,0,,0,0,0,,0,0,0,,0,0,0,0,
0b91169f9d504a479f0e1010ae4edda1,1760,5623,0,0,0,,0,0,0,,0,0,0,,0,0,0,0,
0f7d7faa487642d0a8ff6d5fc8dbc394,1760,157983,0,0,0,,0,0,0,,0,0,0,,1775,284,111,520,https://www.twitch.tv/videos/2853292947
d0c2bb3e9091413e8d245bdc217e9420,1760,55959,92,69,92,https://www.youtube.com/watch?v=fujGXpqI8qc,92,69,92,https://www.youtube.com/watch?v=fujGXpqI8qc,0,0,0,,0,0,0,0,
d1dcec3b0dbe4e39b2907be832c467a1,1760,0,0,0,0,,0,0,0,,0,0,0,,0,0,0,0,
dbe3f9880dec4a03bcc1943343455a6c,1760,76978,113,21,113,https://www.youtube.com/watch?v=-6qGPGVxcH4,113,21,113,https://www.youtube.com/watch?v=-6qGPGVxcH4,0,0,0,,0,0,0,0,
3584322d47f14c7aa8f6e98511d3c54a,1750,1308,0,0,0,,0,0,0,,0,0,0,,1038,0,0,0,
b0e88b4d4e5d41c4b5edd07540dc3637,1750,144855,106,51,203,https://www.youtube.com/watch?v=O4T5-AQiTi4,106,51,203,https://www.youtube.com/watch?v=O4T5-AQiTi4,0,0,0,,0,0,0,0,
372962c805114682a4d16b75c13c80ed,1750,281,0,0,0,,0,0,0,,0,0,0,,0,0,0,0,
f7bfeaf6288f4afe80b62dab32698a0c,1750,564292,204,122,1276,https://www.youtube.com/watch?v=opgsMa5zTBs,185,141,590,https://www.youtube.com/watch?v=piTBD_RYCLs,223,70,1276,https://www.youtube.com/watch?v=opgsMa5zTBs,354,0,0,0,
b632def93af34129ad1a2a6f01a8277f,1750,83023,0,0,0,,0,0,0,,0,0,0,,0,0,0,0,
db86eecb7c7047a984098e23de131e29,1740,176857,142,72,1873,https://www.youtube.com/watch?v=L0GVJ0z5_Zc,137,67,240,https://www.youtube.com/watch?v=NCTzDlahVeU,1230,642,1873,https://www.youtube.com/watch?v=L0GVJ0z5_Zc,177,28,15,61,https://www.twitch.tv/videos/2873100730
2e8c364f691740dd81c0fa61727a9790,1740,611044,0,0,0,,0,0,0,,0,0,0,,3755,0,0,0,
e8ec42e35b774df8a21ae98a0d01fdc0,1740,1398015,218,67,1532,https://www.youtube.com/watch?v=Q2Nr-dD4Rms,152,70,1084,https://www.youtube.com/watch?v=imm-rCsHkrw,230,56,1532,https://www.youtube.com/watch?v=Q2Nr-dD4Rms,0,0,0,0,
66830cad0b9949689741b0dc5ef39d29,1740,49721,0,0,0,,0,0,0,,0,0,0,,0,0,0,0,
8483ae3c14ca488394d427d271854d88,1740,35843,0,0,0,,0,0,0,,0,0,0,,41,0,0,0,
e3b2ba3f0767417a911eedeb6604ec7f,1740,2201,0,0,0,,0,0,0,,0,0,0,,0,0,0,0,
af9a2d0fab684be9b9da09e251f6bae6,1740,89804,322,107,348,https://www.youtube.com/watch?v=joYmcGEKp4Q,322,107,348,https://www.youtube.com/watch?v=joYmcGEKp4Q,0,0,0,,424,0,0,0,
b0a7d70ae76549f5b4418e56ee4ad43f,1740,65384,254,60,254,https://www.youtube.com/watch?v=paAnarfiIsQ,254,60,254,https://www.youtube.com/watch?v=paAnarfiIsQ,0,0,0,,1172,0,0,0,
fa4fe8c441404dcf85dda8b8bce34a9a,1730,42970,0,0,0,,0,0,0,,0,0,0,,0,0,0,0,
351e16ae67e14d5e8c7294284c2ded4d,1720,25886,0,0,0,,0,0,0,,0,0,0,,690,0,0,0,
84cccbea595d4bc69426d5c75f1ac3a4,1720,91513,0,0,0,,0,0,0,,0,0,0,,0,0,0,0,
83ec4919298a4ad5984e3da31109a4c8,1720,91333,7530,6014,9013,https://www.youtube.com/watch?v=-cNy9XGnxMs,0,0,0,,7530,6014,9013,https://www.youtube.com/watch?v=-cNy9XGnxMs,16776,11941,5818,41862,https://www.twitch.tv/videos/2858590754
9deb096c2fb943a7ae7487bf25e28026,1710,123620,229,168,794,https://www.youtube.com/watch?v=LPD7MpiA8tg,229,168,794,https://www.youtube.com/watch?v=LPD7MpiA8tg,0,0,0,,1402,116,84,139,https://www.twitch.tv/videos/2872881031
055f10f2da424da8bfbfe9d01b15fb11,1710,53185,161,64,382,https://www.youtube.com/watch?v=-bhtNbQsrWs,168,63,382,https://www.youtube.com/watch?v=-bhtNbQsrWs,145,65,145,https://www.youtube.com/watch?v=E40PtrN9f54,84,48,37,48,https://www.twitch.tv/videos/2873099809
dcc5b43448044231a3a8710d144b2602,1700,173340,671,292,2546,https://www.youtube.com/watch?v=q237KgmgQ4I,650,280,2546,https://www.youtube.com/watch?v=q237KgmgQ4I,1310,599,1310,https://www.youtube.com/watch?v=AfZtU4dCqkY,0,0,0,0,
1e0ca2c7a8d7493baa62b792d78e7b07,1700,134486,201,82,436,https://www.youtube.com/watch?v=ZRA6lRhZjFY,201,82,436,https://www.youtube.com/watch?v=ZRA6lRhZjFY,0,0,0,,0,0,0,0,
af40da4e1fc24360bf9ed4eb828bf912,1690,180,0,0,0,,0,0,0,,0,0,0,,0,0,0,0,
f3914ae7ae6541198b6b5f4d63febe48,1690,49578,0,0,0,,0,0,0,,0,0,0,,0,0,0,0,
7259f7e619e943018e64fb24d4d20e34,1690,36315,464,317,583,https://www.youtube.com/watch?v=zA-pE8pzj1w,464,317,583,https://www.youtube.com/watch?v=zA-pE8pzj1w,0,0,0,,0,0,0,0,
aff718d907904c398ec8d685b71436a1,1690,29893,0,0,0,,0,0,0,,0,0,0,,298,0,0,0,
60a400d6a5d841f78b352675c383dbef,1680,48725,341,177,341,https://www.youtube.com/watch?v=nW8HW4scUb0,341,177,341,https://www.youtube.com/watch?v=nW8HW4scUb0,0,0,0,,0,0,0,0,
7eb39f4278b04ed485060a084cd07876,1670,64102,0,0,0,,0,0,0,,0,0,0,,0,0,0,0,
2a5241b8ebc54be98263c9ea2924b7e9,1670,79427,1064,398,1741,https://www.youtube.com/watch?v=3vhr_DxBR8A,0,0,0,,1064,398,1741,https://www.youtube.com/watch?v=3vhr_DxBR8A,2291,569,425,1638,https://www.twitch.tv/videos/2858800343
eb54f557a3734bfda57ecddd8df07681,1670,43948,0,0,0,,0,0,0,,0,0,0,,546,0,0,0,
9e5e58a212584007b1ab1f22f5c59438,1670,162352,985,629,1637,https://www.youtube.com/watch?v=23SrEbST0DU,985,629,1637,https://www.youtube.com/watch?v=23SrEbST0DU,0,0,0,,0,0,0,0,
95fa8eef249d4edca59594271fedc487,1660,55906,0,0,0,,0,0,0,,0,0,0,,0,0,0,0,
bdcf0d95e6544ebaaddbfba94839cd6b,1660,96670,148,70,230,https://www.youtube.com/watch?v=SFx_rXcJnbc,142,80,230,https://www.youtube.com/watch?v=SFx_rXcJnbc,202,70,202,https://www.youtube.com/watch?v=ivTLCFxqLEE,0,0,0,0,
df7bcc29e3204005877b25cdad9206b7,1660,81484,0,0,0,,0,0,0,,0,0,0,,0,0,0,0,
a1915cccb8584d57b9b22975263c7af4,1650,280025,105,52,1269,https://www.youtube.com/watch?v=aGvtDcjuILE,104,43,106,https://www.youtube.com/watch?v=KOFC7bdys24,1252,609,1269,https://www.youtube.com/watch?v=aGvtDcjuILE,0,0,0,0,
4077520d348749e49598cd5fa1058b6a,1650,65972,84,18,890,https://www.youtube.com/watch?v=Yfr4kTNoJ4g,91,23,890,https://www.youtube.com/watch?v=Yfr4kTNoJ4g,7,0,10,https://www.youtube.com/watch?v=WPZIyllZ3Wo,264,0,0,0,
306117a48f3445baad1d6a919ed340bb,1650,76082,0,0,0,,0,0,0,,0,0,0,,152,0,0,0,
ecbeda5532474bdb8d08d4e15ce98d89,1650,15809,0,0,0,,0,0,0,,0,0,0,,3147,0,0,0,
94f9966aa28a45e1ab4b94507037d1d7,1650,169675,287,145,912,https://www.youtube.com/watch?v=zyidx1hiu1Y,287,145,912,https://www.youtube.com/watch?v=zyidx1hiu1Y,0,0,0,,0,0,0,0,
aa1bb853e814428eb663082b28309309,1650,132261,226,77,1105,https://www.youtube.com/watch?v=IGKFZ0zOqVU,213,69,342,https://www.youtube.com/watch?v=O3cwifBHwIY,1105,247,1105,https://www.youtube.com/watch?v=IGKFZ0zOqVU,0,0,0,0,
1f445fb1ee7447c2add6738b86570b2e,1650,70485,0,0,0,,0,0,0,,0,0,0,,0,0,0,0,
7d6a4fa5389c461bb553b8190c5e951f,1650,108672,0,0,0,,0,0,0,,0,0,0,,0,0,0,0,
1257fb7258eb49ad8cf58ed64b800056,1650,43035,0,0,0,,0,0,0,,0,0,0,,823,82,20,123,https://www.twitch.tv/videos/2853076972
a73b969a7fe24a9aaeb9bc1c63ca6450,1640,97793,407,123,523,https://www.youtube.com/watch?v=jL78NOt4xFE,0,0,0,,407,123,523,https://www.youtube.com/watch?v=jL78NOt4xFE,4912,367,128,557,https://www.twitch.tv/videos/2865631448
46e494bf06c640da95ad1b0b81631d98,1640,273659,185,107,1731,https://www.youtube.com/watch?v=Q2eBLpxoRyE,148,96,280,https://www.youtube.com/watch?v=DZG12gIknGg,1731,152,1731,https://www.youtube.com/watch?v=Q2eBLpxoRyE,935,36,30,62,https://www.twitch.tv/videos/2877388390
c45e260cafa14b3fab4030fb339ed1ab,1640,79925,183,63,194,https://www.youtube.com/watch?v=gZy2dWIUV0g,183,63,194,https://www.youtube.com/watch?v=gZy2dWIUV0g,0,0,0,,28,0,0,0,
1406aeb0ef48430bab0b939a29609394,1640,81605,240,87,848,https://www.youtube.com/watch?v=9tg7ammWJCw,240,83,848,https://www.youtube.com/watch?v=9tg7ammWJCw,193,87,289,https://www.youtube.com/watch?v=IVNQ8s0V39I,0,0,0,0,
c192b6e25df841ad85cbc8bbf0bd8bfe,1630,111612,241,147,312,https://www.youtube.com/watch?v=H-0d2xDC1bA,241,147,312,https://www.youtube.com/watch?v=H-0d2xDC1bA,0,0,0,,0,0,0,0,
9948190bc88442f4a0757eed54fb24f0,1630,98812,248,110,15159,https://www.youtube.com/watch?v=KzHIBLjwusc,0,0,0,,248,110,15159,https://www.youtube.com/watch?v=KzHIBLjwusc,5121,154,64,648,https://www.twitch.tv/videos/2852169989
954590604f0e49e88fadc8ce6dafba1b,1630,97632,586,293,780,https://www.youtube.com/watch?v=19jj2dw3eGs,683,309,780,https://www.youtube.com/watch?v=19jj2dw3eGs,38,37,38,https://www.youtube.com/watch?v=vVQQccBavPI,0,0,0,0,
b9086ee5f7b54353a5ba85c973b2e2af,1630,64997,0,0,0,,0,0,0,,0,0,0,,0,0,0,0,
95eabea4e8014fedb5d34ea27137a4ca,1630,147102,351,232,1276,https://www.youtube.com/watch?v=BxiwNTVkPw4,372,206,1267,https://www.youtube.com/watch?v=4kSX8pNm8Sc,331,268,1276,https://www.youtube.com/watch?v=BxiwNTVkPw4,0,0,0,0,
da503b835e2a41d58433ebf6960db356,1630,60242,0,0,0,,0,0,0,,0,0,0,,779,0,0,0,
34d968321e3c40aabf759ad22d33bb3a,1630,0,0,0,0,,0,0,0,,0,0,0,,0,0,0,0,
607d6173383c4118a32171fbcfc98e60,1630,43662,0,0,0,,0,0,0,,0,0,0,,16764,1299,743,3026,https://www.twitch.tv/videos/2854233327
905304e606344aba8c84b83717453f5e,1620,74791,0,0,0,,0,0,0,,0,0,0,,0,0,0,0,
aabaf7767fa5449b86f58160496d0d4c,1620,93764,274,154,841,https://www.youtube.com/watch?v=ZHChNh6Y6Hk,274,154,841,https://www.youtube.com/watch?v=ZHChNh6Y6Hk,0,0,0,,0,0,0,0,
9a7b7c9c31da44aca5a68395a2e69488,1620,722732,25,12,185,https://www.youtube.com/watch?v=dXADdMBxo-k,27,13,185,https://www.youtube.com/watch?v=dXADdMBxo-k,7,4,13,https://www.youtube.com/watch?v=v15gXvxiH3g,114,0,0,0,
2131a63328214b7f9a1022dae6890d66,1620,101379,646,383,1287,https://www.youtube.com/watch?v=aCUx3TMU4c8,646,383,1287,https://www.youtube.com/watch?v=aCUx3TMU4c8,0,0,0,,406,17,10,39,https://www.twitch.tv/videos/2868670510
2913f17e61014f7691e016fae8468404,1620,79437,124,51,1452,https://www.youtube.com/watch?v=JQkAFwWuUm4,106,50,283,https://www.youtube.com/watch?v=7KOIO2Osmfc,1452,517,1452,https://www.youtube.com/watch?v=JQkAFwWuUm4,261,0,0,0,
52643019126449999714c7b659b6539c,1620,0,0,0,0,,0,0,0,,0,0,0,,327,0,0,0,
7e50374d02184a429cfc6dfba9b52e2f,1620,9755,0,0,0,,0,0,0,,0,0,0,,392,0,0,0,
cb8dab545aa1409c8c6cf887f8825485,1620,62736,0,0,0,,0,0,0,,0,0,0,,0,0,0,0,
d12c381ce5044844ad4bd624085026bc,1610,152126,309,175,1310,https://www.youtube.com/watch?v=CbD7mn8ocpE,306,163,650,https://www.youtube.com/watch?v=AwOlWKwaUs4,1310,1119,1310,https://www.youtube.com/watch?v=CbD7mn8ocpE,415,0,0,0,
747fb5e9d30240a1ac42fbf37e86b55d,1610,141473,146,53,1278,https://www.youtube.com/watch?v=Vu5tbOaitDA,115,41,309,https://www.youtube.com/watch?v=Tij2nJSTk6U,1175,669,1278,https://www.youtube.com/watch?v=Vu5tbOaitDA,437,16,13,29,https://www.twitch.tv/videos/2870353724
abe50a593a1d4cdbbc6dfb8b45bbf6bb,1610,39158,454,228,1706,https://www.youtube.com/watch?v=6qzo2zJNrf0,454,228,1706,https://www.youtube.com/watch?v=6qzo2zJNrf0,0,0,0,,13,0,0,0,
c4651b162abb45c3a85640e3d456fa71,1610,58666,48,30,91,https://www.youtube.com/watch?v=WxzBwuI9Zoo,48,30,91,https://www.youtube.com/watch?v=WxzBwuI9Zoo,0,0,0,,319,0,0,0,
7e26ddf485a84c0cb6d781a3bf432c55,1610,41694,0,0,0,,0,0,0,,0,0,0,,3901,0,0,0,
2ead897ab38c4530aeeb69a2f02da623,1610,79082,132,109,912,https://www.youtube.com/watch?v=4lsHAFgSv-E,132,99,482,https://www.youtube.com/watch?v=8yS7OrndO48,912,739,912,https://www.youtube.com/watch?v=4lsHAFgSv-E,0,0,0,0,
86853cb239d740ce953573ba74bd08bd,1610,58237,0,0,0,,0,0,0,,0,0,0,,1736,0,0,0,
80e2f3365bfd4479a3594c3278311103,1600,0,0,0,0,,0,0,0,,0,0,0,,2255,419,227,419,https://www.twitch.tv/videos/2866598823
1cdbceb7ad414bb59b3a9563a93fe840,1600,69999,0,0,0,,0,0,0,,0,0,0,,0,0,0,0,
bf03fd8b5b55481590ea63338c5cdd20,1600,39409,0,0,0,,0,0,0,,0,0,0,,4315,444,243,4523,https://www.twitch.tv/videos/2851933072
597fbfe660ae4e6d92bb20bd7e6f3738,1600,10877,166,142,266,https://www.youtube.com/watch?v=AtbsQs037dw,166,142,266,https://www.youtube.com/watch?v=AtbsQs037dw,0,0,0,,736,0,0,0,
4c4ebb91c8a346b2876d1ccd1a32dead,1600,84749,232,115,438,https://www.youtube.com/watch?v=Uj4uEd3qByo,242,127,438,https://www.youtube.com/watch?v=Uj4uEd3qByo,171,57,231,https://www.youtube.com/watch?v=olfzMC3Sgyw,496,0,0,0,
c6ce333916b446d48d27be05df1a218e,1600,41542,343,221,1058,https://www.youtube.com/watch?v=3vFZi4pcp7A,343,221,1058,https://www.youtube.com/watch?v=3vFZi4pcp7A,0,0,0,,639,47,39,78,https://www.twitch.tv/videos/2874536645
5dc565de88a948ecb092cce178aafe60,1600,478449,0,0,0,,0,0,0,,0,0,0,,471,0,0,0,
d7963784d96543e28a290361d38efe30,1590,96239,0,0,0,,0,0,0,,0,0,0,,1345,0,0,0,
e312462015a2454087c9fe83dd939994,1590,36129,440,258,1286,https://www.youtube.com/watch?v=QyKQeIHLQUQ,440,258,1286,https://www.youtube.com/watch?v=QyKQeIHLQUQ,0,0,0,,0,0,0,0,
7194df8aca7745c1b2a61dd91e56c6b8,1590,0,0,0,0,,0,0,0,,0,0,0,,0,0,0,0,
c4fafcb15c694ad5ab88d1948d401e54,1590,96231,204,144,547,https://www.youtube.com/watch?v=xH1ONzVNXG8,204,144,547,https://www.youtube.com/watch?v=xH1ONzVNXG8,0,0,0,,219,0,0,0,
d3b1e8a5a2c74d2395dc33869caadb50,1590,8320,0,0,0,,0,0,0,,0,0,0,,0,0,0,0,
7b46621c7baf437da117a6c10c856292,1590,35838,292,147,766,https://www.youtube.com/watch?v=48M9lhW1glI,292,147,766,https://www.youtube.com/watch?v=48M9lhW1glI,0,0,0,,0,0,0,0,
86e86bf2d8e54e9083613e7398e1e7ac,1590,38197,0,0,0,,0,0,0,,0,0,0,,1861,239,167,353,https://www.twitch.tv/videos/2876517401
8cace62dbfc34c2a9a2a348e479cdbb1,1590,198168,1237,611,1237,https://www.youtube.com/watch?v=Z2hkBRNzrA4,0,0,0,,1237,611,1237,https://www.youtube.com/watch?v=Z2hkBRNzrA4,0,0,0,0,
51a882d77c24494d92605b5b75424603,1580,190888,339,247,1764,https://www.youtube.com/watch?v=5wJFL6GvEr4,273,130,777,https://www.youtube.com/watch?v=SE9I6YLyjnM,1500,537,1764,https://www.youtube.com/watch?v=5wJFL6GvEr4,100,0,0,0,
843d99233b474827a2f0bc417ffd3852,1580,139042,954,95,9535,https://www.youtube.com/watch?v=cINi8DA2TrY,250,55,2977,https://www.youtube.com/watch?v=deWvbMHInzw,2322,288,9535,https://www.youtube.com/watch?v=cINi8DA2TrY,13241,11181,3018,38116,https://www.twitch.tv/videos/2866038882
30a4362c1143491ea0ed5383c4882251,1570,83006,698,203,1272,https://www.youtube.com/watch?v=oWeRApvUiKg,698,203,1272,https://www.youtube.com/watch?v=oWeRApvUiKg,0,0,0,,0,0,0,0,
a112fc34dd9944a5a15f50c1c078aa3e,1570,129662,207,118,210,https://www.youtube.com/watch?v=P0FBLuSO2Rw,207,118,210,https://www.youtube.com/watch?v=P0FBLuSO2Rw,0,0,0,,0,0,0,0,
0dc671f00179414c959171b6625785a0,1570,0,0,0,0,,0,0,0,,0,0,0,,0,0,0,0,
260f0fb7a8b1421394c38114230479bb,1570,74124,146,43,1717,https://www.youtube.com/watch?v=7Xsd8ohLWkY,146,43,1717,https://www.youtube.com/watch?v=7Xsd8ohLWkY,0,0,0,,177,43,35,43,https://www.twitch.tv/videos/2873969224
2cc874f341184fb799b01c399477c0b4,1560,72855,286,165,1081,https://www.youtube.com/watch?v=6OG0nsdiMqk,229,120,229,https://www.youtube.com/watch?v=B9aJtXBLtt0,342,178,1081,https://www.youtube.com/watch?v=6OG0nsdiMqk,152,0,0,0,
895f655b68e34434992fe2a9ebbc725a,1560,6801,0,0,0,,0,0,0,,0,0,0,,0,0,0,0,
1eef416d7ad94b6aa728e10d6da10304,1560,70993,55,21,78,https://www.youtube.com/watch?v=evfL9vmyck4,0,0,0,,55,21,78,https://www.youtube.com/watch?v=evfL9vmyck4,2087,147,111,147,https://www.twitch.tv/videos/2872193218
02dadd7977b8412b99f101241de4cb3f,1560,86570,135,59,939,https://www.youtube.com/watch?v=CXhjuk_9iT8,135,59,939,https://www.youtube.com/watch?v=CXhjuk_9iT8,0,0,0,,1107,95,75,154,https://www.twitch.tv/videos/2870329858
25ac52ef552244a997045ca561b5636f,1550,31205,208,84,722,https://www.youtube.com/watch?v=X_cgiInZuV8,195,62,443,https://www.youtube.com/watch?v=KSU4wfIri3w,722,402,722,https://www.youtube.com/watch?v=X_cgiInZuV8,0,0,0,0,
586377912f314b4d8c3be33760526ae0,1540,15087,144,74,7294,https://www.youtube.com/watch?v=rVjEusEcjto,0,0,0,,144,74,7294,https://www.youtube.com/watch?v=rVjEusEcjto,0,0,0,0,
cbd9ed35dc0045aa9c57bb9ee14b02e0,1540,694631,21,12,28,https://www.youtube.com/watch?v=A9Acl9Oj50s,0,0,0,,21,12,28,https://www.youtube.com/watch?v=A9Acl9Oj50s,0,0,0,0,
b88e19a358b843068cd5bd7ec103d521,1540,146049,573,298,1493,https://www.youtube.com/watch?v=MyRLEuf5YP0,476,297,652,https://www.youtube.com/watch?v=IBDhIvGXmVc,583,414,1493,https://www.youtube.com/watch?v=MyRLEuf5YP0,0,0,0,0,
904f58005872497b82964fff25490152,1540,24912,347,242,498,https://www.youtube.com/watch?v=pXPWPSjIF_o,347,242,498,https://www.youtube.com/watch?v=pXPWPSjIF_o,0,0,0,,189,29,19,46,https://www.twitch.tv/videos/2872728135
e8eb343e61df420bbfa5de7fea1a90b2,1540,0,0,0,0,,0,0,0,,0,0,0,,0,0,0,0,
6db0d51e6ac9410f84f79e57448b8a60,1540,158111,206,153,362,https://www.youtube.com/watch?v=EDXgQcZiG74,206,153,362,https://www.youtube.com/watch?v=EDXgQcZiG74,0,0,0,,0,0,0,0,
ee7cfe445bc84d6fa7fff5df6fbf0d32,1530,46240,0,0,0,,0,0,0,,0,0,0,,726,0,0,0,
c506f1ab266f47e2be683220533a4790,1530,46943,89,24,1279,https://www.youtube.com/watch?v=AlXFW82Y_vs,29,18,150,https://www.youtube.com/watch?v=ns67kQTtQ-8,1279,417,1279,https://www.youtube.com/watch?v=AlXFW82Y_vs,0,0,0,0,
a881100803aa4abc84dc3cc814dca0e7,1530,71247,0,0,0,,0,0,0,,0,0,0,,0,0,0,0,
1be625b10e2f4e65bab5b19d10a4d0b1,1530,18611,0,0,0,,0,0,0,,0,0,0,,0,0,0,0,
a2188c1a225e4f93a64e3385fa02d779,1520,87865,0,0,0,,0,0,0,,0,0,0,,0,0,0,0,
d70830a282b9446f89bc9d82c88b8db3,1520,141920,0,0,0,,0,0,0,,0,0,0,,264,0,0,0,
bc77dc55cf9b4be88c878ac4b5c07438,1520,32053,0,0,0,,0,0,0,,0,0,0,,933,312,225,312,https://www.twitch.tv/videos/2871221909
e5f4b34c47844699a1c9c6dc3326cf6b,1520,0,0,0,0,,0,0,0,,0,0,0,,66,0,0,0,
3cf7289a95834ae1a25d4cb2909a1a9e,1520,51086,0,0,0,,0,0,0,,0,0,0,,0,0,0,0,
fa83a68ebfff419983124d69373ede6f,1520,255444,714,251,1557,https://www.youtube.com/watch?v=-YAqHIx92zU,164,86,325,https://www.youtube.com/watch?v=JtmWM3WzHpg,1216,428,1557,https://www.youtube.com/watch?v=-YAqHIx92zU,2090,166,103,221,https://www.twitch.tv/videos/2875489559
0c3b5ae85d2940b8b73a92d72dc0d313,1520,105413,177,91,1213,https://www.youtube.com/watch?v=JdqJhLOcT_c,153,55,323,https://www.youtube.com/watch?v=MmFlDz_4xFg,994,283,1213,https://www.youtube.com/watch?v=JdqJhLOcT_c,485,81,51,100,https://www.twitch.tv/videos/2865809444
91025114208d41b2bff535d6e277017e,1510,69543,314,206,579,https://www.youtube.com/watch?v=AOJSE-YfYP0,314,206,579,https://www.youtube.com/watch?v=AOJSE-YfYP0,0,0,0,,0,0,0,0,
eaa1d55ba99c40ce82413701233efdbd,1510,61634,148,67,148,https://www.youtube.com/watch?v=8JE1Ec-tWtE,148,67,148,https://www.youtube.com/watch?v=8JE1Ec-tWtE,0,0,0,,0,0,0,0,
12f51c457b27425fa98fe89c24ccb61c,1510,11177,252,117,263,https://www.youtube.com/watch?v=6J4iGQhNEIY,242,62,242,https://www.youtube.com/watch?v=fJuLwJ-w74c,263,171,263,https://www.youtube.com/watch?v=6J4iGQhNEIY,0,0,0,0,
4c466d73397a4899b4ca26f90aaf57ad,1500,163831,1205,316,1205,https://www.youtube.com/watch?v=GadoBFQs8j0,0,0,0,,1205,316,1205,https://www.youtube.com/watch?v=GadoBFQs8j0,168,0,0,0,
489752f0b42c49b785d43f1207429983,1500,45711,116,59,149,https://www.youtube.com/watch?v=XJ_cV2lRgZc,116,59,149,https://www.youtube.com/watch?v=XJ_cV2lRgZc,0,0,0,,0,0,0,0,
d57b7459ef5949ef96672a96fb33d8a2,1500,63102,0,0,0,,0,0,0,,0,0,0,,1104,0,0,0,
8d65d936f3c7411ab8a812d7ebc70cdf,1500,27279,0,0,0,,0,0,0,,0,0,0,,236,0,0,0,
b0b9e352f71d4a03ace9972ddec4ec56,1490,67061,229,130,8866,https://www.youtube.com/watch?v=83fiimkViJ4,220,104,741,https://www.youtube.com/watch?v=a5qy1Vtl8Aw,1012,355,8866,https://www.youtube.com/watch?v=83fiimkViJ4,0,0,0,0,
5ce810e28ea54f5bacd55573589f4e4e,1490,102708,113,25,177,https://www.youtube.com/watch?v=loPSCdl9YKY,113,25,177,https://www.youtube.com/watch?v=loPSCdl9YKY,0,0,0,,0,0,0,0,
6d61885259b744a28c7b92c0785e8fe9,1490,0,0,0,0,,0,0,0,,0,0,0,,885,0,0,0,
6e6fd1311d2f42228faa8b1ccb0fa589,1490,83281,337,179,749,https://www.youtube.com/watch?v=de1acqeAhj0,391,179,749,https://www.youtube.com/watch?v=de1acqeAhj0,212,178,212,https://www.youtube.com/watch?v=odZqR3Rucso,0,0,0,0,
3daee44c0bab401386813cff327a10a2,1480,163252,563,324,3016,https://www.youtube.com/watch?v=DGj51j0l7zI,563,324,3016,https://www.youtube.com/watch?v=DGj51j0l7zI,0,0,0,,0,0,0,0,
25b1a8ceab1d439491fb4e98013cd0fc,1480,22248,321,203,1272,https://www.youtube.com/watch?v=f2kuSeYcOvQ,265,90,525,https://www.youtube.com/watch?v=AwRmBAwIqg8,1092,329,1272,https://www.youtube.com/watch?v=f2kuSeYcOvQ,808,191,68,316,https://www.twitch.tv/videos/2876010427
1be04e1564c34845bee20467cdb8cfd1,1480,126081,0,0,0,,0,0,0,,0,0,0,,0,0,0,0,
b8ce93818de34a93901147e5d9857170,1480,19856,0,0,0,,0,0,0,,0,0,0,,0,0,0,0,
27a22366e885420e8a3c78ee7ac7c075,1470,68411,546,341,1774,https://www.youtube.com/watch?v=rzhYLzLvBMY,462,369,1774,https://www.youtube.com/watch?v=rzhYLzLvBMY,1302,334,1302,https://www.youtube.com/watch?v=a5hoZfC6MJ8,322,256,193,511,https://www.twitch.tv/videos/2865882389
bd04e64364a545d39069ab05e09c8156,1470,77981,0,0,0,,0,0,0,,0,0,0,,0,0,0,0,
d62ad85ae5434754bc4f9f366815064a,1470,45266,0,0,0,,0,0,0,,0,0,0,,0,0,0,0,
687568c1c9254c8ab34e7b6efbdd6dbc,1470,210109,160,130,200,https://www.youtube.com/watch?v=bfmDctaWV_o,160,130,200,https://www.youtube.com/watch?v=bfmDctaWV_o,0,0,0,,0,0,0,0,
bf425f4bc9154c00918ed885bdced632,1470,85345,331,153,446,https://www.youtube.com/watch?v=y9yZBPGHEuE,331,153,446,https://www.youtube.com/watch?v=y9yZBPGHEuE,0,0,0,,0,0,0,0,
5bc1ba6d941e4eca868a5b33425c3262,1470,1042,475,4,475,https://www.youtube.com/watch?v=d0c0r9FLuac,0,0,0,,475,4,475,https://www.youtube.com/watch?v=d0c0r9FLuac,1726,402,236,885,https://www.twitch.tv/videos/2869196446
787da9082edb4e9e9024a52cb12449e8,1460,43556,578,289,1317,https://www.youtube.com/watch?v=als5k-pxDjc,578,289,1317,https://www.youtube.com/watch?v=als5k-pxDjc,0,0,0,,0,0,0,0,
c6a8cee6b8e042518ef58659113b3f34,1460,81732,0,0,0,,0,0,0,,0,0,0,,0,0,0,0,
091ac99f10804fe3b417a0f285731b4e,1460,690,255,23,255,https://www.youtube.com/watch?v=JyuIx4wQHUo,255,23,255,https://www.youtube.com/watch?v=JyuIx4wQHUo,0,0,0,,466,0,0,0,
58588863643843439cebc85ef72654bb,1450,105933,111,63,222,https://www.youtube.com/watch?v=WF0qXr8SpWs,111,63,222,https://www.youtube.com/watch?v=WF0qXr8SpWs,0,0,0,,0,0,0,0,
8fbd23f4e2ad442bb230aea8f433cd49,1450,152193,160,148,1312,https://www.youtube.com/watch?v=q7L0Rk6Tzp8,140,75,804,https://www.youtube.com/watch?v=uX8YAQ4txHk,290,186,1312,https://www.youtube.com/watch?v=q7L0Rk6Tzp8,123,16,14,32,https://www.twitch.tv/videos/2872679671
fcb4d9b8cd4a49dba6b421d97c179065,1450,66604,0,0,0,,0,0,0,,0,0,0,,1332,92,67,144,https://www.twitch.tv/videos/2871322674
22a83c82e1914eb68b12e76b4ccb277c,1450,60225,438,187,1300,https://www.youtube.com/watch?v=wXluLI1wYeU,438,187,1300,https://www.youtube.com/watch?v=wXluLI1wYeU,0,0,0,,0,0,0,0,
8044e4d538ab4e16b1952c8e42dee12e,1450,143977,34,20,265,https://www.youtube.com/watch?v=GbL63ofh_NY,34,20,265,https://www.youtube.com/watch?v=GbL63ofh_NY,0,0,0,,0,0,0,0,
f4eae5dde65b41969336f3f52c6df2d8,1440,136608,283,136,1269,https://www.youtube.com/watch?v=VOrygKX5Djc,178,99,1007,https://www.youtube.com/watch?v=nyiM8fULSGQ,1126,792,1269,https://www.youtube.com/watch?v=VOrygKX5Djc,186,0,0,0,
2ea398a50afd48c3a9e3a819186a4375,1440,66982,0,0,0,,0,0,0,,0,0,0,,153,0,0,0,
b572cb7de27446e3bcda5135f6a23d8a,1440,58742,103,64,185,https://www.youtube.com/watch?v=ePrU75XHNME,103,64,185,https://www.youtube.com/watch?v=ePrU75XHNME,0,0,0,,0,0,0,0,
773a7694afcf4666960b05a4faf1a1fa,1440,85799,0,0,0,,0,0,0,,0,0,0,,0,0,0,0,
0ec3bf23ccba41659f6d91e424fb2b4a,1430,57073,0,0,0,,0,0,0,,0,0,0,,0,0,0,0,
a7410ae72f2d4648bcf192c21abd7c32,1420,54978,133,86,189,https://www.youtube.com/watch?v=46kogj1rYQ0,133,86,189,https://www.youtube.com/watch?v=46kogj1rYQ0,0,0,0,,174,0,0,0,
564b411dc4874310be6f8ee9bb7a0312,1420,102041,0,0,0,,0,0,0,,0,0,0,,0,0,0,0,
87606e72f653472f9eafb06e8f49c39c,1420,166130,0,0,0,,0,0,0,,0,0,0,,0,0,0,0,
c91c52df005e4a7c988704e474b54dbc,1420,162961,464,170,9423,https://www.youtube.com/watch?v=SPN_e12n7yE,209,155,544,https://www.youtube.com/watch?v=Ut3v88qUcvc,1138,280,9423,https://www.youtube.com/watch?v=SPN_e12n7yE,0,0,0,0,
6f68d3f50edf4814b59a4a018090b180,1410,31284,0,0,0,,0,0,0,,0,0,0,,0,0,0,0,
a4d4a2a3d7b648be9aa4d652ae592a4b,1410,121213,0,0,0,,0,0,0,,0,0,0,,145,0,0,0,
a5e5533ac342488a94003dc77869ddf9,1410,84904,194,113,1734,https://www.youtube.com/watch?v=fsbdHFkS8aE,189,138,1734,https://www.youtube.com/watch?v=fsbdHFkS8aE,206,93,206,https://www.youtube.com/watch?v=02unTZdm820,0,0,0,0,
303c4cd8cf334f01805afdd8df5adc7f,1410,58510,0,0,0,,0,0,0,,0,0,0,,0,0,0,0,
d3ae105969be4117ade8be2e8d19c008,1410,0,0,0,0,,0,0,0,,0,0,0,,2025,0,0,0,
5a901d793927414493afa87af0c4baec,1410,29008,0,0,0,,0,0,0,,0,0,0,,1435,0,0,0,
d766d15cb84b4aa9b33122097eefff76,1400,0,0,0,0,,0,0,0,,0,0,0,,10676,0,0,0,
f479e1403f614727a5f2a2be339bad74,1390,22772,0,0,0,,0,0,0,,0,0,0,,3592,929,422,1307,https://www.twitch.tv/videos/2863895031
6adad1ae67dc495dae88cefa06446593,1390,107067,0,0,0,,0,0,0,,0,0,0,,0,0,0,0,
869d9d9067b64dd78418cc258cb6607b,1390,90795,388,199,992,https://www.youtube.com/watch?v=hwKNVPifWF0,411,203,992,https://www.youtube.com/watch?v=hwKNVPifWF0,18,17,18,https://www.youtube.com/watch?v=od9ET2Vxc2M,1140,175,140,311,https://www.twitch.tv/videos/2870363269
403697f0f5ba49ef873673236c07e2d3,1390,87066,125,73,274,https://www.youtube.com/watch?v=YwraUwK-t4I,125,73,274,https://www.youtube.com/watch?v=YwraUwK-t4I,0,0,0,,362,174,121,379,https://www.twitch.tv/videos/2872136050
18d1c00e0bde4ddbb8be5eafe0967dfe,1390,84534,1456,323,1456,https://www.youtube.com/watch?v=_3UM0hYvATU,0,0,0,,1456,323,1456,https://www.youtube.com/watch?v=_3UM0hYvATU,0,0,0,0,
5356357f112b46db862b472a4aafcee8,1390,45812,0,0,0,,0,0,0,,0,0,0,,1292,0,0,0,
2f966e51210f49ba9dce2ac90e3ada18,1380,16670,945,137,1144,https://www.youtube.com/watch?v=Y-cqLcC9fYo,806,298,1093,https://www.youtube.com/watch?v=54Ia3MKsxOs,1123,98,1144,https://www.youtube.com/watch?v=Y-cqLcC9fYo,1021,167,159,167,https://www.twitch.tv/videos/2877354766
30f58f5fd3994b9a8751b3f44e543c17,1380,107180,91,7,91,https://www.youtube.com/watch?v=g5k5UPSIwsA,91,7,91,https://www.youtube.com/watch?v=g5k5UPSIwsA,0,0,0,,0,0,0,0,
07c204505d544b28bb52426d0665a59c,1380,77278,354,204,1044,https://www.youtube.com/watch?v=W94_zEV0jco,354,204,1044,https://www.youtube.com/watch?v=W94_zEV0jco,0,0,0,,0,0,0,0,
acac9c479b4b42ba99d0bdfa2004ee5f,1380,31011,0,0,0,,0,0,0,,0,0,0,,884,0,0,0,
e63047f70b0b4a7eba70e7d8cbd507ec,1380,31456,0,0,0,,0,0,0,,0,0,0,,0,0,0,0,
566e5b6f438a4cacb3e4036eb9ffe9b8,1380,88669,146,73,1204,https://www.youtube.com/watch?v=5QDCTs_ETns,143,70,431,https://www.youtube.com/watch?v=ww1Kwsujylw,376,101,1204,https://www.youtube.com/watch?v=5QDCTs_ETns,0,0,0,0,
bb28421da8a749ffb1ca8582b6278c24,1370,54632,92,2,92,https://www.youtube.com/watch?v=LRkU4YYPZr8,0,0,0,,92,2,92,https://www.youtube.com/watch?v=LRkU4YYPZr8,823,140,85,145,https://www.twitch.tv/videos/2867748966
a974047cb6bb412da7fca2ec9d91d882,1370,63187,0,0,0,,0,0,0,,0,0,0,,223,131,111,140,https://www.twitch.tv/videos/2872017857
ffe6a7983e434702a68fe18c169e3164,1370,56439,150,73,354,https://www.youtube.com/watch?v=W3HApSwg0MM,150,79,354,https://www.youtube.com/watch?v=W3HApSwg0MM,188,58,252,https://www.youtube.com/watch?v=-RmWXH198wc,408,0,0,0,
188bbf1349f1482cbd24d06ba720cf17,1370,18648,37,20,52,https://www.youtube.com/watch?v=EhAKg0bpefk,0,0,0,,37,20,52,https://www.youtube.com/watch?v=EhAKg0bpefk,914,167,89,193,https://www.twitch.tv/videos/2866676826
7136d4451e954a2daed572b2ba517303,1370,5760,2092,439,2795,https://www.youtube.com/watch?v=-eecORAGgfI,2092,439,2795,https://www.youtube.com/watch?v=-eecORAGgfI,0,0,0,,0,0,0,0,
43056077596a49349ee4bea028f670f6,1370,81103,0,0,0,,0,0,0,,0,0,0,,302,0,0,0,
de1fec02e4ab43aa948a415621abc524,1370,88397,0,0,0,,0,0,0,,0,0,0,,0,0,0,0,
61e81c6f534247b486b8125bd34fa960,1370,68522,0,0,0,,0,0,0,,0,0,0,,20310,425,230,1367,https://www.twitch.tv/videos/2872288474
c587658ad4fe44b09137591c094ab297,1360,146575,245,137,1037,https://www.youtube.com/watch?v=AJUj_amh-tg,234,124,689,https://www.youtube.com/watch?v=P0DAZzj13JM,989,441,1037,https://www.youtube.com/watch?v=AJUj_amh-tg,33,0,0,0,
01fc7842da284adaad67d3774a4b2a6c,1360,34741,341,140,1232,https://www.youtube.com/watch?v=B3F1UWp6YXc,341,140,1232,https://www.youtube.com/watch?v=B3F1UWp6YXc,0,0,0,,0,0,0,0,
6861903583ee45d191ddc03faf6cd0d8,1360,21450,0,0,0,,0,0,0,,0,0,0,,1344,89,61,128,https://www.twitch.tv/videos/2871267879
aa0d8c2604694532a20aaf0f0ced8a5e,1350,0,0,0,0,,0,0,0,,0,0,0,,2483,0,0,0,
d23dbc9d1db64c42821697d1bac8fb66,1350,130492,205,100,490,https://www.youtube.com/watch?v=sljmGYC0cWo,205,100,490,https://www.youtube.com/watch?v=sljmGYC0cWo,0,0,0,,0,0,0,0,
4082168d753e42b7aca1d25e759d09a7,1350,49946,237,77,237,https://www.youtube.com/watch?v=_-nDlBpMF8o,237,77,237,https://www.youtube.com/watch?v=_-nDlBpMF8o,0,0,0,,666,0,0,0,
e3157ce546a640029cfcccb9107f8154,1350,80706,55,5,398,https://www.youtube.com/watch?v=3oQVy6WlXvU,0,0,0,,55,5,398,https://www.youtube.com/watch?v=3oQVy6WlXvU,0,0,0,0,
8968a24fb6bf4f08b1611e694c98eb40,1350,94235,73,55,120,https://www.youtube.com/watch?v=RDSON01h5RA,75,59,120,https://www.youtube.com/watch?v=RDSON01h5RA,52,51,52,https://www.youtube.com/watch?v=Z-vcy0d627c,0,0,0,0,
7327248ff3f04589bca9e61665448ae8,1350,47492,0,0,0,,0,0,0,,0,0,0,,310,0,0,0,
4d98ebdc4eb8448da8d2ab8f64df8383,1350,66,0,0,0,,0,0,0,,0,0,0,,154,0,0,0,
ea8cc7c4366d48c797a88bfbcf584301,1350,36357,0,0,0,,0,0,0,,0,0,0,,277,201,123,270,https://www.twitch.tv/videos/2876389592
515f61904a1a45688ea0d7bc1e7d499e,1340,330753,776,607,875,https://www.youtube.com/watch?v=QU9zQjYXwBA,0,0,0,,776,607,875,https://www.youtube.com/watch?v=QU9zQjYXwBA,6,0,0,0,
376881e818cc47c2a045ca4cb8361380,1340,31992,931,109,931,https://www.youtube.com/watch?v=Iu9XyQE_knk,0,0,0,,931,109,931,https://www.youtube.com/watch?v=Iu9XyQE_knk,1627,347,246,516,https://www.twitch.tv/videos/2870268545
4071b27c63424e1f9882ebe04a884586,1340,56821,0,0,0,,0,0,0,,0,0,0,,6776,1137,709,1137,https://www.twitch.tv/videos/2868682620
4267c862353e410388f1eaa5a5d85017,1340,38395,152,84,178,https://www.youtube.com/watch?v=j4rjRrnoOw4,152,84,178,https://www.youtube.com/watch?v=j4rjRrnoOw4,0,0,0,,0,0,0,0,
a9396c8dd95e43b29c694b14afa07ac4,1340,112644,0,0,0,,0,0,0,,0,0,0,,4025,402,207,1011,https://www.twitch.tv/videos/2866913720
5903a0f7274043058d817894a9b39e75,1340,31455,57,32,105,https://www.youtube.com/watch?v=T__iWv7p7TM,0,0,0,,57,32,105,https://www.youtube.com/watch?v=T__iWv7p7TM,0,0,0,0,
521efecabae94dd6b1d21bc5e8543fcb,1330,74826,166,126,911,https://www.youtube.com/watch?v=X7O0rurKBQk,158,127,911,https://www.youtube.com/watch?v=X7O0rurKBQk,908,72,908,https://www.youtube.com/watch?v=I8htNuIMBA8,369,0,0,0,
afe78c5051094e86bf9fdfe6cb2a4222,1330,62816,164,103,1134,https://www.youtube.com/watch?v=TfdtfEQFv-o,155,79,494,https://www.youtube.com/watch?v=EguRg1VssyA,1134,251,1134,https://www.youtube.com/watch?v=TfdtfEQFv-o,0,0,0,0,
66d986eaa59347b0b18c5ed103cb173e,1330,70221,313,118,875,https://www.youtube.com/watch?v=Zj8KmHTIMI4,313,118,875,https://www.youtube.com/watch?v=Zj8KmHTIMI4,0,0,0,,0,0,0,0,
902740b39aed4b3cb381701c96a73f3a,1330,72290,113,54,733,https://www.youtube.com/watch?v=Y5njn_NhAn0,105,49,584,https://www.youtube.com/watch?v=eSuavWLBnWY,303,98,733,https://www.youtube.com/watch?v=Y5njn_NhAn0,250,48,32,90,https://www.twitch.tv/videos/2871173382
e15cd068f6fd4a05be985c22133f5428,1330,97010,0,0,0,,0,0,0,,0,0,0,,0,0,0,0,
1e06211caf4f4afa98125699a4c66b5d,1330,0,0,0,0,,0,0,0,,0,0,0,,0,0,0,0,
9de536d111214c379ec6969a52d92442,1330,75960,114,12,123,https://www.youtube.com/watch?v=5MSp7ClrhOk,114,12,123,https://www.youtube.com/watch?v=5MSp7ClrhOk,0,0,0,,0,0,0,0,
d4bea738b4d548b788ddb590b62cc2bd,1330,171199,152,59,651,https://www.youtube.com/watch?v=WjQ0hAIC4aU,181,110,651,https://www.youtube.com/watch?v=WjQ0hAIC4aU,120,41,146,https://www.youtube.com/watch?v=1ayfYlTy6Hc,0,0,0,0,
8ae0f370cf124faa953a09089a427fd9,1330,87015,423,198,1694,https://www.youtube.com/watch?v=MLIl0htPSD0,423,218,1694,https://www.youtube.com/watch?v=MLIl0htPSD0,325,35,623,https://www.youtube.com/watch?v=kiloKbMaeC0,320,14,10,34,https://www.twitch.tv/videos/2866351111
5d69f3ef45524ac89eeea706890a2a61,1320,37002,3049,1983,16331,https://www.youtube.com/watch?v=WhzaEV1FsjQ,0,0,0,,3049,1983,16331,https://www.youtube.com/watch?v=WhzaEV1FsjQ,560,269,211,294,https://www.twitch.tv/videos/2869509038
6ff6adcddc934a3b94e45448e1912539,1320,203595,0,0,0,,0,0,0,,0,0,0,,1859,0,0,0,
648d77b2067849838a8ad3fdc0afb85a,1320,6138,0,0,0,,0,0,0,,0,0,0,,1597,312,232,645,https://www.twitch.tv/videos/2868317525
eec1f137ea78444185a4268f72f59611,1310,49895,0,0,0,,0,0,0,,0,0,0,,0,0,0,0,
e2df9d4aea8b4cb4b8e38c31cbf73036,1310,50247,0,0,0,,0,0,0,,0,0,0,,0,0,0,0,
9b424d3a99ef4fc3b17bc7fef92fefd3,1310,143619,157,96,1841,https://www.youtube.com/watch?v=ZQSwVGUzDIY,35,9,298,https://www.youtube.com/watch?v=J7WADvldBQk,1414,507,1841,https://www.youtube.com/watch?v=ZQSwVGUzDIY,381,0,0,0,
506d9c6fdbd34c8aa5fda64d90d96ac2,1310,109027,110,65,716,https://www.youtube.com/watch?v=ZEXL-6Wa3sg,110,65,716,https://www.youtube.com/watch?v=ZEXL-6Wa3sg,0,0,0,,0,0,0,0,
9cd7391045604ccda8be89f7946233e2,1310,67614,1079,384,2961,https://www.youtube.com/watch?v=0phJq8yP88U,0,0,0,,1079,384,2961,https://www.youtube.com/watch?v=0phJq8yP88U,177,64,37,162,https://www.twitch.tv/videos/2865734234
de49994d9fd14067bf9ea5b4fbac7229,1310,25272,115,83,152,https://www.youtube.com/watch?v=z_bEPLLxjns,115,83,152,https://www.youtube.com/watch?v=z_bEPLLxjns,0,0,0,,415,0,0,0,
355d53b23acb4f4697b858ca06b25fb7,1300,410355,0,0,0,,0,0,0,,0,0,0,,0,0,0,0,
55889d2ac7c34549b9baa54bd5c899f3,1300,0,0,0,0,,0,0,0,,0,0,0,,23,0,0,0,
a8b244b0fb1f42f8b4bb3d3c2277de3b,1300,129450,1358,406,2388,https://www.youtube.com/watch?v=eWVJmT0xZT4,0,0,0,,1358,406,2388,https://www.youtube.com/watch?v=eWVJmT0xZT4,5288,592,294,1645,https://www.twitch.tv/videos/2856652525
026bdd139df44cec930dd7fc76345184,1300,64796,222,146,1196,https://www.youtube.com/watch?v=xg2nQCSb8rA,213,146,1037,https://www.youtube.com/watch?v=LlcdjBFdPiY,1196,244,1196,https://www.youtube.com/watch?v=xg2nQCSb8rA,0,0,0,0,
7441319fa18e4556a8ee9ef4e6396ee0,1300,134261,114,48,633,https://www.youtube.com/watch?v=J3BEXR3lXZ4,123,55,633,https://www.youtube.com/watch?v=J3BEXR3lXZ4,50,16,181,https://www.youtube.com/watch?v=nHyzTUZHKrs,0,0,0,0,
cc641478434a4af8bb042c88f6588b2b,1300,0,0,0,0,,0,0,0,,0,0,0,,0,0,0,0,
a05afa97381b4f96b02a1af859426f9c,1300,118749,799,282,5616,https://www.youtube.com/watch?v=j8e1EPGzFag,476,294,5616,https://www.youtube.com/watch?v=j8e1EPGzFag,1137,244,1645,https://www.youtube.com/watch?v=Z7736NuJ5UU,0,0,0,0,
f227226fd52e4fbe801b4c89acfe4887,1290,45054,159,108,1604,https://www.youtube.com/watch?v=ucGFFA21ytk,159,108,1604,https://www.youtube.com/watch?v=ucGFFA21ytk,0,0,0,,667,0,0,0,
cd9733cb91b6400aae0bc23e3f25d7eb,1290,36304,0,0,0,,0,0,0,,0,0,0,,0,0,0,0,
2efe1ad069184a7e94b0583b452ffac4,1280,87243,0,0,0,,0,0,0,,0,0,0,,0,0,0,0,
5de329cf8bc5410fb40ef38d117be94d,1270,81797,217,113,9984,https://www.youtube.com/watch?v=OQs1N1FzUbc,188,118,388,https://www.youtube.com/watch?v=-3BGgxFfVi4,391,61,9984,https://www.youtube.com/watch?v=OQs1N1FzUbc,649,117,82,136,https://www.twitch.tv/videos/2865880236
f2ca2659644f4d02abc851e7bee3255b,1270,24396,0,0,0,,0,0,0,,0,0,0,,2828,425,260,1301,https://www.twitch.tv/videos/2862357704
7a9b7ab0d5bd411195d77800ff778a90,1270,288535,431,153,1716,https://www.youtube.com/watch?v=PwqI3JNdJOc,0,0,0,,431,153,1716,https://www.youtube.com/watch?v=PwqI3JNdJOc,66,0,0,0,
6ab090baa4624f1c8fca28312799e826,1270,43046,0,0,0,,0,0,0,,0,0,0,,799,76,70,108,https://www.twitch.tv/videos/2869538751
f97745a8003c480fa728cf34d61afc6c,1270,89016,428,164,1129,https://www.youtube.com/watch?v=Z0KGN2ycnUQ,217,160,217,https://www.youtube.com/watch?v=nUxFD6QgfMc,769,234,1129,https://www.youtube.com/watch?v=Z0KGN2ycnUQ,84,55,48,97,https://www.twitch.tv/videos/2876460376
74f214b764314c5aa446eb9981c94935,1270,42534,0,0,0,,0,0,0,,0,0,0,,0,0,0,0,
e5433e4a21eb49e2bcd508e3b12fba6d,1250,8426,0,0,0,,0,0,0,,0,0,0,,185,0,0,0,
0b8d1c0fa1b14df6821e85def645425e,1250,104805,229,185,429,https://www.youtube.com/watch?v=MFPnmJ9mJ5k,229,185,429,https://www.youtube.com/watch?v=MFPnmJ9mJ5k,0,0,0,,164,0,0,0,
15bc73fc2acf4a7695bab31fdea450f0,1250,43797,118,116,163,https://www.youtube.com/watch?v=4O3MBHUVj0s,118,116,163,https://www.youtube.com/watch?v=4O3MBHUVj0s,0,0,0,,0,0,0,0,
82d5f7612b7645f3a77dd954a0e30b24,1250,7851,0,0,0,,0,0,0,,0,0,0,,0,0,0,0,
d4e45d5ea1bf4a3a887b9f99ef60fda3,1250,1343,0,0,0,,0,0,0,,0,0,0,,0,0,0,0,
7f7e1579979c49249dc65783d457e890,1250,34169,0,0,0,,0,0,0,,0,0,0,,437,0,0,0,
f5a99c6ea78e4023b1bc84c1502f432d,1240,56610,100,48,943,https://www.youtube.com/watch?v=Id3PjuNNsY0,99,44,215,https://www.youtube.com/watch?v=cqvL6l8IxlI,124,49,943,https://www.youtube.com/watch?v=Id3PjuNNsY0,874,55,25,167,https://www.twitch.tv/videos/2866972384
e290f49c193149708cd72747639d5ced,1240,75957,350,169,1055,https://www.youtube.com/watch?v=LHRbLbAofvk,350,169,1055,https://www.youtube.com/watch?v=LHRbLbAofvk,0,0,0,,0,0,0,0,
c6af4f23c6ce4adab5301d79b0bd343a,1240,182308,400,169,865,https://www.youtube.com/watch?v=FOEa_05UEvE,400,169,865,https://www.youtube.com/watch?v=FOEa_05UEvE,0,0,0,,3779,684,333,969,https://www.twitch.tv/videos/2858557420
5d73e7f013034d06b58decaf4b2b385c,1240,27887,0,0,0,,0,0,0,,0,0,0,,0,0,0,0,
d3e4f9bdbb6c42fc97b60148cefdb6e0,1240,34846,0,0,0,,0,0,0,,0,0,0,,5781,1800,1349,3420,https://www.twitch.tv/videos/2877493508
03c9d83a4c534b65a5743b381eb2ce33,1240,40524,168,70,342,https://www.youtube.com/watch?v=lozndMfLT1U,168,70,342,https://www.youtube.com/watch?v=lozndMfLT1U,0,0,0,,700,0,0,0,
0446516df6074a4ba8a0f3639b17de46,1230,65945,1970,99,3647,https://www.youtube.com/watch?v=37J11pncnd8,294,16,294,https://www.youtube.com/watch?v=8up8RmPuyqc,3647,182,3647,https://www.youtube.com/watch?v=37J11pncnd8,0,0,0,0,
0f74555e05794780adc4eb0b9096f727,1230,16062,68,20,68,https://www.youtube.com/watch?v=C5uH2RTG08c,68,20,68,https://www.youtube.com/watch?v=C5uH2RTG08c,0,0,0,,115,0,0,0,
e2ddcd13e70643238d46f50fba8261b2,1230,113721,909,161,909,https://www.youtube.com/watch?v=PaHJzbsbitE,0,0,0,,909,161,909,https://www.youtube.com/watch?v=PaHJzbsbitE,3069,563,293,1923,https://www.twitch.tv/videos/2872818780
834afd07257a43ac9f61085f79449be1,1230,64218,222,91,666,https://www.youtube.com/watch?v=QVdmzMSEaGo,222,91,666,https://www.youtube.com/watch?v=QVdmzMSEaGo,0,0,0,,0,0,0,0,
12f8dc82bc0d4f89bfbd7ede76ab1faf,1230,29271,0,0,0,,0,0,0,,0,0,0,,0,0,0,0,
19f507cc460a426cb02013fb203bd0a7,1230,76995,635,277,1298,https://www.youtube.com/watch?v=xC7Syx1KCdo,635,277,1298,https://www.youtube.com/watch?v=xC7Syx1KCdo,0,0,0,,502,85,71,171,https://www.twitch.tv/videos/2872772482
d4b4a16e0ccc4bb49ff82c8584e6ed79,1220,42924,0,0,0,,0,0,0,,0,0,0,,0,0,0,0,
6abc6d7010ed4b7a88b2566b171c9005,1220,47860,304,140,1161,https://www.youtube.com/watch?v=E5kg3ix9r1A,304,140,1161,https://www.youtube.com/watch?v=E5kg3ix9r1A,0,0,0,,0,0,0,0,
fdb0805c65e24f13b7f23e50e0db8ae2,1220,396315,2557,696,6858,https://www.youtube.com/watch?v=9G9VtM0rqxc,0,0,0,,2557,696,6858,https://www.youtube.com/watch?v=9G9VtM0rqxc,9069,557,287,557,https://www.twitch.tv/videos/2865779909
a1ef171711404951a987f4c9bc5e64f0,1220,95477,251,132,1406,https://www.youtube.com/watch?v=1gz-RBc8uhU,156,84,487,https://www.youtube.com/watch?v=Kfy3sN5ZS2A,809,246,1406,https://www.youtube.com/watch?v=1gz-RBc8uhU,0,0,0,0,
3b9a06751f3c415993d424480d4d5060,1220,142802,394,119,407,https://www.youtube.com/watch?v=DVeLJp-VHTI,394,119,407,https://www.youtube.com/watch?v=DVeLJp-VHTI,0,0,0,,0,0,0,0,
6e845fd52d044ab598cc4ca35ba91f88,1210,7988,0,0,0,,0,0,0,,0,0,0,,0,0,0,0,
fb7ced3cc6c247928ce1bb3b2715d98c,1210,407521,966,500,1377,https://www.youtube.com/watch?v=_PUa1peYkWI,0,0,0,,966,500,1377,https://www.youtube.com/watch?v=_PUa1peYkWI,0,0,0,0,
3430389926a942cbacde9b444b3a6653,1210,51301,37,9,52,https://www.youtube.com/watch?v=2yRtgFu-g1w,0,0,0,,37,9,52,https://www.youtube.com/watch?v=2yRtgFu-g1w,1056,0,0,0,
1f378a6e115046ffa1a17f9079285d4a,1210,40697,398,333,536,https://www.youtube.com/watch?v=1E28oP9aBGs,398,333,536,https://www.youtube.com/watch?v=1E28oP9aBGs,0,0,0,,98,0,0,0,
d7e9a44c2bbe439b9f062d64dc1b96f3,1210,81899,442,204,1370,https://www.youtube.com/watch?v=RB760OgUTLE,442,204,1370,https://www.youtube.com/watch?v=RB760OgUTLE,0,0,0,,132,0,0,0,
ffe0cef3d8c34c52bb605a23a3e61e95,1210,32543,259,148,259,https://www.youtube.com/watch?v=YcDLMvHsoqI,259,148,259,https://www.youtube.com/watch?v=YcDLMvHsoqI,0,0,0,,0,0,0,0,
1058d6e9f351455389e8a7a716ea26ff,1210,68995,187,91,851,https://www.youtube.com/watch?v=YnLQEykUQYw,187,115,851,https://www.youtube.com/watch?v=YnLQEykUQYw,152,18,248,https://www.youtube.com/watch?v=xXlchrBAI1A,4385,458,202,1216,https://www.twitch.tv/videos/2855971556
97b10f7c6f434fa1a80f76e6740a9c6b,1210,65565,1373,474,3001,https://www.youtube.com/watch?v=eP3IfakEY7I,0,0,0,,1373,474,3001,https://www.youtube.com/watch?v=eP3IfakEY7I,4679,3256,1289,8949,https://www.twitch.tv/videos/2853938156
0a000a22ebd84abf860bcd5ef0a5ed60,1200,81724,35,12,1386,https://www.youtube.com/watch?v=VnCttSP2bS4,0,0,0,,35,12,1386,https://www.youtube.com/watch?v=VnCttSP2bS4,2608,385,203,1199,https://www.twitch.tv/videos/2864957949
ffaf6da580a44e11bba9715e3c854958,1200,70472,138,112,832,https://www.youtube.com/watch?v=6ze6TYPp58w,138,112,832,https://www.youtube.com/watch?v=6ze6TYPp58w,0,0,0,,196,0,0,0,
af34d62a8f4e4ca180c11f11c2832893,1200,40568,0,0,0,,0,0,0,,0,0,0,,0,0,0,0,
310c827bd2b34fa58413b09453226ee9,1200,0,0,0,0,,0,0,0,,0,0,0,,0,0,0,0,
921b0b3a8dd64a5494720801af95ba06,1200,85478,61,54,61,https://www.youtube.com/watch?v=yEFw8o3T4G4,61,54,61,https://www.youtube.com/watch?v=yEFw8o3T4G4,0,0,0,,0,0,0,0,
497385ad229548cdb0c80d89b70d050f,1200,113919,0,0,0,,0,0,0,,0,0,0,,0,0,0,0,
e308f7f536c8462baf851d52cdff7fb9,1200,40203,0,0,0,,0,0,0,,0,0,0,,0,0,0,0,
e0823adb7a574647b6e395e70038509d,1190,50250,571,168,1365,https://www.youtube.com/watch?v=DxZ0raLwxBs,435,139,668,https://www.youtube.com/watch?v=ssV4H4GkGXE,1192,450,1365,https://www.youtube.com/watch?v=DxZ0raLwxBs,0,0,0,0,
b399afc661d04f47acc9d0681be343b4,1190,169824,193,114,1666,https://www.youtube.com/watch?v=tUrcr7gOYHQ,167,109,1112,https://www.youtube.com/watch?v=YWLPjGOAibg,1149,502,1666,https://www.youtube.com/watch?v=tUrcr7gOYHQ,566,97,79,312,https://www.twitch.tv/videos/2866881874
ccf93d7646f249dfa3454f5a60f466c8,1190,42988,0,0,0,,0,0,0,,0,0,0,,117,0,0,0,
2656bc44436c45cca3e94e43a9a49c2d,1190,212620,412,131,1421,https://www.youtube.com/watch?v=6D_he4zGl5Y,412,131,1421,https://www.youtube.com/watch?v=6D_he4zGl5Y,0,0,0,,0,0,0,0,
4297ecbe09d04698a65f1778f5c16dc4,1190,89824,594,249,1465,https://www.youtube.com/watch?v=XyjMDPb-tps,253,90,483,https://www.youtube.com/watch?v=iSgeCQA95eE,1016,465,1465,https://www.youtube.com/watch?v=XyjMDPb-tps,234,0,0,0,
1e59cd43a10a44edb1407fb8ba8529a8,1190,75529,291,136,890,https://www.youtube.com/watch?v=GCLaWPMKBCQ,291,136,890,https://www.youtube.com/watch?v=GCLaWPMKBCQ,0,0,0,,0,0,0,0,
21a80fdbdff448b98102b0d8ffa70888,1190,192,0,0,0,,0,0,0,,0,0,0,,0,0,0,0,
ca8d038d311e4cccb2deded15cee89cd,1190,73931,392,271,1239,https://www.youtube.com/watch?v=v-8e05mBejg,422,283,1239,https://www.youtube.com/watch?v=v-8e05mBejg,13,7,13,https://www.youtube.com/watch?v=hIoz6ZVbmCM,112,0,0,0,
a09298c0b6ab4dcda7cfe945f47f445f,1180,0,0,0,0,,0,0,0,,0,0,0,,0,0,0,0,
492582e14bd0480eb5c847e6240f020b,1180,79048,0,0,0,,0,0,0,,0,0,0,,0,0,0,0,
36ad63809a2441c9b85f7ee628136ce3,1180,133727,229,71,1271,https://www.youtube.com/watch?v=9psDCiztREQ,187,81,1271,https://www.youtube.com/watch?v=9psDCiztREQ,305,69,815,https://www.youtube.com/watch?v=Za7vsjch0Ew,23,0,0,0,
9cdf183fa1ee43c2906cca70884a6278,1170,24746,0,0,0,,0,0,0,,0,0,0,,0,0,0,0,
f4c357c0b7ae4891859ecd205d903dff,1170,55394,64,47,1167,https://www.youtube.com/watch?v=Oit7sna8vP0,74,41,97,https://www.youtube.com/watch?v=YtW2mWVZb2I,64,47,1167,https://www.youtube.com/watch?v=Oit7sna8vP0,89,0,0,0,
870430bfaf9942f487819fcb4630fabb,1170,1611,0,0,0,,0,0,0,,0,0,0,,1229,160,151,160,https://www.twitch.tv/videos/2877270433
9f585f607da24e26b05ccb7e06e1d4f1,1170,199573,508,143,1571,https://www.youtube.com/watch?v=gN0ILFr9bYI,208,108,627,https://www.youtube.com/watch?v=Yb2LP9S1Bdc,981,389,1571,https://www.youtube.com/watch?v=gN0ILFr9bYI,564,0,0,0,
74c75f221fbb4cffa67de26881bae17d,1160,82877,653,238,653,https://www.youtube.com/watch?v=NVeLyHuXwes,0,0,0,,653,238,653,https://www.youtube.com/watch?v=NVeLyHuXwes,0,0,0,0,
20bfe5495db6453eaadbc55322c856f9,1160,39314,0,0,0,,0,0,0,,0,0,0,,0,0,0,0,
fe555b322c784b5b9c2297c585bc9352,1160,37629,0,0,0,,0,0,0,,0,0,0,,0,0,0,0,
ac5176c53ad7447b8d63f82f65ba7200,1160,56855,0,0,0,,0,0,0,,0,0,0,,2547,0,0,0,
6826120624a244d4ab9522b5845db071,1160,70772,1332,568,2170,https://www.youtube.com/watch?v=la8se4jXJuo,0,0,0,,1332,568,2170,https://www.youtube.com/watch?v=la8se4jXJuo,4014,375,359,1291,https://www.twitch.tv/videos/2876940989
9bf758b113b048bc9331f244b619e4b2,1160,102763,124,70,306,https://www.youtube.com/watch?v=C6nY1tKOfhM,124,70,306,https://www.youtube.com/watch?v=C6nY1tKOfhM,0,0,0,,280,0,0,0,
507d48eff3d44b6cba7b707e321e01e7,1160,64795,0,0,0,,0,0,0,,0,0,0,,580,0,0,0,
956591dc2e40411688b8f8e3079bc5e3,1160,132369,315,195,384,https://www.youtube.com/watch?v=llFkNWzEtRk,337,216,384,https://www.youtube.com/watch?v=llFkNWzEtRk,13,0,13,https://www.youtube.com/watch?v=aF7OAiMQ90w,0,0,0,0,
78f09e2a2d31477aa4a475ff159fb7c2,1150,121335,394,129,2206,https://www.youtube.com/watch?v=FZyJmRZbQdo,385,191,2206,https://www.youtube.com/watch?v=FZyJmRZbQdo,752,30,1935,https://www.youtube.com/watch?v=lvix6Phzfnc,217,59,53,72,https://www.twitch.tv/videos/2875662151
3d33f15ad27c406abfd68d6c16e0b53d,1150,69313,575,438,575,https://www.youtube.com/watch?v=4jhbUZOxlj8,575,438,575,https://www.youtube.com/watch?v=4jhbUZOxlj8,0,0,0,,0,0,0,0,
99e9616a2f73426d8c0a672dd20d9ad3,1150,222026,0,0,0,,0,0,0,,0,0,0,,62,0,0,0,
43acb25e255340d09b50283f0308d1ff,1150,644470,60,59,60,https://www.youtube.com/watch?v=gwLC1rMZV0s,60,59,60,https://www.youtube.com/watch?v=gwLC1rMZV0s,0,0,0,,0,0,0,0,
b4b4fcedc8264cb5b90584935aebf110,1150,47315,637,203,681,https://www.youtube.com/watch?v=y8ogkpIkwZo,637,203,681,https://www.youtube.com/watch?v=y8ogkpIkwZo,0,0,0,,264,0,0,0,
e63fe9e27be44403b222fb0319c027b6,1150,0,0,0,0,,0,0,0,,0,0,0,,5702,0,0,0,
7e1072448d24495f8cac5163c0290989,1150,41245,81,44,126,https://www.youtube.com/watch?v=xLMw5yAKNmk,81,44,126,https://www.youtube.com/watch?v=xLMw5yAKNmk,0,0,0,,203,63,51,66,https://www.twitch.tv/videos/2871185092
d4c077fa180a460cabadc4e2838d1855,1140,38946,0,0,0,,0,0,0,,0,0,0,,0,0,0,0,
238b751368474f798a737e7cf1f4a87b,1140,57715,162,96,1142,https://www.youtube.com/watch?v=ug9F5cKWd-8,172,101,982,https://www.youtube.com/watch?v=ScsXq1gCpHY,153,85,1142,https://www.youtube.com/watch?v=ug9F5cKWd-8,2100,114,80,212,https://www.twitch.tv/videos/2866791695
2a0de6059bd74c298a80f45a8052790e,1140,234074,1105,427,1172,https://www.youtube.com/watch?v=yiLTKq1Wzu8,0,0,0,,1105,427,1172,https://www.youtube.com/watch?v=yiLTKq1Wzu8,1362,192,130,211,https://www.twitch.tv/videos/2871036326
01871d8239314affaf7032899ce6502f,1140,298433,0,0,0,,0,0,0,,0,0,0,,0,0,0,0,
95694a64c0fe4b5c987344f1edcec826,1140,52756,145,46,380,https://www.youtube.com/watch?v=fz-8lwA6Jco,145,46,380,https://www.youtube.com/watch?v=fz-8lwA6Jco,0,0,0,,1679,162,88,162,https://www.twitch.tv/videos/2866693019
0b0668c6206c4500bdcbc281ee58680c,1140,42983,102,50,179,https://www.youtube.com/watch?v=FYryTGOF7fg,106,74,179,https://www.youtube.com/watch?v=FYryTGOF7fg,80,39,102,https://www.youtube.com/watch?v=aHlFxFrp1QE,3004,550,381,550,https://www.twitch.tv/videos/2870433272
32a5b834b2bf4912bcd54ac00ae13285,1140,3937,0,0,0,,0,0,0,,0,0,0,,2960,294,141,361,https://www.twitch.tv/videos/2863987093
34e2da1086ea4670b7b3d1fec34d8403,1130,57197,173,99,382,https://www.youtube.com/watch?v=wV-uKKD0FXU,173,99,382,https://www.youtube.com/watch?v=wV-uKKD0FXU,0,0,0,,0,0,0,0,
0e9aeecbe8f04a62ab781cf2e520eba0,1130,41409,604,418,1009,https://www.youtube.com/watch?v=_qgqCBZlKkA,199,15,199,https://www.youtube.com/watch?v=afc4l7p2gZc,1009,821,1009,https://www.youtube.com/watch?v=_qgqCBZlKkA,7658,749,385,142588,https://www.twitch.tv/videos/2858642733
f4ff6f40be3a4294ac1fe3e475421377,1130,90034,840,630,1067,https://www.youtube.com/watch?v=xl-acOLz4uw,840,630,1067,https://www.youtube.com/watch?v=xl-acOLz4uw,0,0,0,,47,0,0,0,
d475848a566848dc9f6ad02707d87e2a,1130,155487,141,74,434,https://www.youtube.com/watch?v=WiA2SlnnE2g,141,74,337,https://www.youtube.com/watch?v=GBoUWzwD05w,241,122,434,https://www.youtube.com/watch?v=WiA2SlnnE2g,0,0,0,0,
5226367de740445789ec9b65a84d65c5,1130,184267,173,49,328,https://www.youtube.com/watch?v=xK1bSzm6pCQ,173,49,328,https://www.youtube.com/watch?v=xK1bSzm6pCQ,0,0,0,,280,0,0,0,
a5c12a1268af408c9a3ed6adbb72c53c,1130,70280,0,0,0,,0,0,0,,0,0,0,,0,0,0,0,
aab094af87d74f3cbcb332bdac03fa23,1130,23959,59,1,59,https://www.youtube.com/watch?v=BLaNtojwjXw,59,1,59,https://www.youtube.com/watch?v=BLaNtojwjXw,0,0,0,,0,0,0,0,
4e7110080135486ba1d83d3e5cdbf0ca,1130,15033,0,0,0,,0,0,0,,0,0,0,,435,0,0,0,
c964cb46cc9d411aaca372f9e459d2dc,1130,53740,0,0,0,,0,0,0,,0,0,0,,233,0,0,0,
fff74fa431cd4468b177675010504ee1,1130,20331,110,93,275,https://www.youtube.com/watch?v=9QhBJCKZ3rg,110,93,275,https://www.youtube.com/watch?v=9QhBJCKZ3rg,0,0,0,,399,87,68,125,https://www.twitch.tv/videos/2871173343
c2b9638d8dd54888a91caa8a67366907,1130,21910,1202,997,1202,https://www.youtube.com/watch?v=V7R1-Q3TzoI,1202,997,1202,https://www.youtube.com/watch?v=V7R1-Q3TzoI,0,0,0,,2636,110,83,187,https://www.twitch.tv/videos/2870220824
ce4d344e37cd403cbb5325010144d393,1120,98498,663,367,2101,https://www.youtube.com/watch?v=LoTj_E9r6hk,110,61,163,https://www.youtube.com/watch?v=UvX84YSBim4,1263,665,2101,https://www.youtube.com/watch?v=LoTj_E9r6hk,1632,366,256,1320,https://www.twitch.tv/videos/2869079108
381bb87f90794f2a909775a87c192dc5,1120,109414,0,0,0,,0,0,0,,0,0,0,,10545,254,137,395,https://www.twitch.tv/videos/2853338521
4bdf9ee9f53f4785b37a9d9dbd2a0da8,1120,66246,15,8,86,https://www.youtube.com/watch?v=CMzY6PUemFA,0,0,0,,15,8,86,https://www.youtube.com/watch?v=CMzY6PUemFA,0,0,0,0,
ea31f43c943742be847e205495fc64ad,1120,87565,0,0,0,,0,0,0,,0,0,0,,4571,1277,753,2385,https://www.twitch.tv/videos/2867717110
49f14b84269f458099232c2a21b2ba74,1120,32458,0,0,0,,0,0,0,,0,0,0,,0,0,0,0,
d29682522104427fb366fa19a0521bc3,1120,19418,0,0,0,,0,0,0,,0,0,0,,491,0,0,0,
99f95450781349058c1c4098d6fe9f41,1120,75873,778,408,1460,https://www.youtube.com/watch?v=5l9lxgKxOHk,96,8,96,https://www.youtube.com/watch?v=F0OpDwY8L3w,1460,808,1460,https://www.youtube.com/watch?v=5l9lxgKxOHk,0,0,0,0,
853afd5eb42e4f61bb0f9478aa8c1661,1120,0,0,0,0,,0,0,0,,0,0,0,,0,0,0,0,
4b214cdeac0649989f03f39e497816cf,1110,4528729,505,297,6577,https://www.youtube.com/watch?v=WWha1c0avBE,278,137,505,https://www.youtube.com/watch?v=n5bsTqfxyUY,1847,806,6577,https://www.youtube.com/watch?v=WWha1c0avBE,758,111,98,189,https://www.twitch.tv/videos/2872128613
46a8009adbca4aa083af580b50b69306,1110,24932,68,37,118,https://www.youtube.com/watch?v=j-vWf4CgRZo,68,37,118,https://www.youtube.com/watch?v=j-vWf4CgRZo,0,0,0,,505,12,10,17,https://www.twitch.tv/videos/2872963388
0d080db8809848e2ba918799b2f7885b,1110,84183,256,127,813,https://www.youtube.com/watch?v=lLFBJJdeyEE,256,127,813,https://www.youtube.com/watch?v=lLFBJJdeyEE,0,0,0,,0,0,0,0,
26eba1f0fabf425aa5769e01e855ea28,1110,108004,0,0,0,,0,0,0,,0,0,0,,0,0,0,0,
fc7fa0c5a7604cc8a420ee89472fcac3,1110,40808,459,164,1325,https://www.youtube.com/watch?v=OEyrjZ53iTs,477,166,1325,https://www.youtube.com/watch?v=OEyrjZ53iTs,164,123,164,https://www.youtube.com/watch?v=Pe8OB9SBzMc,1306,0,0,0,
798dda88504941b08a086b309c81b4ef,1100,4550,0,0,0,,0,0,0,,0,0,0,,0,0,0,0,
3410ce8f1b78487f8025485a6c09b1b8,1100,34305,0,0,0,,0,0,0,,0,0,0,,0,0,0,0,
4b9b64309ea0491bbde3b86b6c34bdd0,1100,73015,597,409,793,https://www.youtube.com/watch?v=eBSpOgaR7n8,597,409,793,https://www.youtube.com/watch?v=eBSpOgaR7n8,0,0,0,,0,0,0,0,
e212d468e3e64ad5b8f22f61bc4e06f7,1100,34535,47,26,121,https://www.youtube.com/watch?v=oiKGVGIG02Q,47,26,121,https://www.youtube.com/watch?v=oiKGVGIG02Q,0,0,0,,0,0,0,0,
971c91b32e9b4e1abfdafe711cb9e440,1100,50125,0,0,0,,0,0,0,,0,0,0,,0,0,0,0,
8d67810b612540a0ad928179c1f9a4ee,1100,19020,37,19,39,https://www.youtube.com/watch?v=0H7H-ugQG88,37,30,39,https://www.youtube.com/watch?v=0H7H-ugQG88,26,9,38,https://www.youtube.com/watch?v=ZIOOt1pcyD4,759,145,88,215,https://www.twitch.tv/videos/2871285937
4d4410bdde7d4107809dc6e1e2ce0e0e,1090,57479,212,81,1560,https://www.youtube.com/watch?v=XhJtKTP1-Xk,80,58,317,https://www.youtube.com/watch?v=ZIvXx3lq9iA,878,92,1560,https://www.youtube.com/watch?v=XhJtKTP1-Xk,0,0,0,0,
3a963b6901c7467da3d9c8bd74df9da6,1090,51003,170,126,219,https://www.youtube.com/watch?v=DaLLy_3XF9U,170,126,219,https://www.youtube.com/watch?v=DaLLy_3XF9U,0,0,0,,0,0,0,0,
5aaaa518ae674ae1a1162e8454a460f9,1090,23607,0,0,0,,0,0,0,,0,0,0,,1382,0,0,0,
70af0f70b6284690a524eb87aaa1d296,1090,72020,34,33,34,https://www.youtube.com/watch?v=k-3lukW6gt0,0,0,0,,34,33,34,https://www.youtube.com/watch?v=k-3lukW6gt0,4877,596,291,2398,https://www.twitch.tv/videos/2861495420
5d02c4219e484617979165267cbd8d7f,1090,7533,0,0,0,,0,0,0,,0,0,0,,7,0,0,0,
483a76d7ad1d464aa290606959ddddec,1090,62981,352,101,1027,https://www.youtube.com/watch?v=ial7Y3rJrvM,353,132,1027,https://www.youtube.com/watch?v=ial7Y3rJrvM,133,51,133,https://www.youtube.com/watch?v=NPeG5iLpqdo,868,209,128,443,https://www.twitch.tv/videos/2873867298
0b183e5c128246c0ad5cd5491e8b8c83,1090,348642,1343,324,4622,https://www.youtube.com/watch?v=LdrldMhuZYQ,193,87,349,https://www.youtube.com/watch?v=UVC5muxDN30,1584,740,4622,https://www.youtube.com/watch?v=LdrldMhuZYQ,0,0,0,0,
ec9a791b8152478b95858b199b866ef9,1090,44837,0,0,0,,0,0,0,,0,0,0,,377,0,0,0,
7aca9b05fe654223a3702531383002a8,1090,7425,0,0,0,,0,0,0,,0,0,0,,2947,634,370,722,https://www.twitch.tv/videos/2867318785
278f93ad57b14f01a71f1e89598ee503,1090,10511,0,0,0,,0,0,0,,0,0,0,,0,0,0,0,
1eef7c0894a547a2bff186f6a735145a,1090,29317,540,373,800,https://www.youtube.com/watch?v=HgSFrMnZmpc,540,313,800,https://www.youtube.com/watch?v=HgSFrMnZmpc,593,481,694,https://www.youtube.com/watch?v=F9wuYKSJNLc,0,0,0,0,
8489d002b1704612bd0dd23f9a14ed51,1090,57383,116,81,149,https://www.youtube.com/watch?v=sZiWCNqnH1E,116,81,149,https://www.youtube.com/watch?v=sZiWCNqnH1E,0,0,0,,172,0,0,0,
f5838bbd59cf4922897b71efe3dc25af,1080,2393,0,0,0,,0,0,0,,0,0,0,,881,0,0,0,
e0535f2d38f04d26aca33772bccb33b8,1080,72535,439,407,915,https://www.youtube.com/watch?v=SWl0ASXizc0,439,407,915,https://www.youtube.com/watch?v=SWl0ASXizc0,0,0,0,,2598,460,159,762,https://www.twitch.tv/videos/2873925245
46388caf23e34f09b145fff0fa25b897,1080,33378,0,0,0,,0,0,0,,0,0,0,,881,0,0,0,
4aee4e4c619a4e2aa8bbc2edce38ccfa,1080,150142,568,222,1338,https://www.youtube.com/watch?v=0QI5aDvV_Pk,266,90,1041,https://www.youtube.com/watch?v=BwWX8Piy6EI,1172,616,1338,https://www.youtube.com/watch?v=0QI5aDvV_Pk,0,0,0,0,
0d7502e74c394a7f82a07c31fee877ff,1080,34773,0,0,0,,0,0,0,,0,0,0,,0,0,0,0,
5f413dce55614542940c58900ef1c82c,1080,25830,0,0,0,,0,0,0,,0,0,0,,827,41,27,43,https://www.twitch.tv/videos/2867879952
f5ef8ac02db547dd92da5e87717a8dca,1080,45380,341,161,1438,https://www.youtube.com/watch?v=niQSXEgrybE,341,160,1438,https://www.youtube.com/watch?v=niQSXEgrybE,741,263,1318,https://www.youtube.com/watch?v=BM6YKv0-pp4,0,0,0,0,
683db9d9b58f4dd883966c82581a7b60,1080,42136,90,42,210,https://www.youtube.com/watch?v=Rtpt_yIVLoM,90,42,210,https://www.youtube.com/watch?v=Rtpt_yIVLoM,0,0,0,,0,0,0,0,
b9eb00549c554290a7dbc5cd05910239,1070,103999,70,11,70,https://www.youtube.com/watch?v=2o3C8KC92ww,70,11,70,https://www.youtube.com/watch?v=2o3C8KC92ww,0,0,0,,0,0,0,0,
83f4ec63112c46d1801fc596894c3e47,1070,41442,0,0,0,,0,0,0,,0,0,0,,0,0,0,0,
b5d3dfb81219492cb11a34291aab8cc8,1070,32056,0,0,0,,0,0,0,,0,0,0,,0,0,0,0,
62b7ee328a7b42b0a1da0ab3bc22d1db,1070,185981,127,76,457,https://www.youtube.com/watch?v=LtsBw4u7VB8,120,76,457,https://www.youtube.com/watch?v=LtsBw4u7VB8,270,57,329,https://www.youtube.com/watch?v=tSSmNRYU_wk,1274,68,48,152,https://www.twitch.tv/videos/2872211788
4ba065758aa94ce18cfe227cc37b1afe,1070,34677,25,1,25,https://www.youtube.com/watch?v=9ofsOQEBF3E,0,0,0,,25,1,25,https://www.youtube.com/watch?v=9ofsOQEBF3E,3665,655,292,1184,https://www.twitch.tv/videos/2852987072
5396c3113555413f8b8d722d44b413d3,1070,5276,0,0,0,,0,0,0,,0,0,0,,0,0,0,0,
837cc45c90974caa9f07699c3899fa7b,1070,52466,85,52,346,https://www.youtube.com/watch?v=__WcIL7J7hw,87,53,346,https://www.youtube.com/watch?v=__WcIL7J7hw,65,6,65,https://www.youtube.com/watch?v=o5EXsvA06S4,637,61,44,100,https://www.twitch.tv/videos/2873098724
d1f20b59a19e4ec499d423a7ba65d602,1070,29139,0,0,0,,0,0,0,,0,0,0,,0,0,0,0,
3922688ae4b64592b8301430e19fd2ca,1060,114859,261,142,1438,https://www.youtube.com/watch?v=2D5HIRt-1qI,250,94,512,https://www.youtube.com/watch?v=57V8qiUMYhA,376,148,1438,https://www.youtube.com/watch?v=2D5HIRt-1qI,530,267,217,811,https://www.twitch.tv/videos/2868488455
fe70a0055df1453a82bea6582d3072fa,1060,47674,77,43,107,https://www.youtube.com/watch?v=ZzFjXhS2nAk,88,48,107,https://www.youtube.com/watch?v=ZzFjXhS2nAk,26,25,26,https://www.youtube.com/watch?v=Tf01gTu9OAg,0,0,0,0,
0a9ce04e6eee4c6d8dde6eb5a0f56c20,1060,18860,1,0,56,https://www.youtube.com/watch?v=xRnLKJ6CpRs,0,0,0,,1,0,56,https://www.youtube.com/watch?v=xRnLKJ6CpRs,0,0,0,0,
15e82a696cfc4d42929e29b0d90955d1,1060,64782,254,77,292,https://www.youtube.com/watch?v=2fTHGI9uECw,254,77,292,https://www.youtube.com/watch?v=2fTHGI9uECw,0,0,0,,0,0,0,0,
63d931b5a0374b3fbeef2c565a8db8df,1060,180634,1352,1064,1352,https://www.youtube.com/watch?v=4l17CK0SpQA,0,0,0,,1352,1064,1352,https://www.youtube.com/watch?v=4l17CK0SpQA,6513,978,399,1606,https://www.twitch.tv/videos/2873033160
8a8bc32109654a41a7cae0a9f235d9fb,1060,6435,0,0,0,,0,0,0,,0,0,0,,426,0,0,0,
45baafce0f294208a063a496814b7986,1060,48420,140,109,218,https://www.youtube.com/watch?v=a3rB8hgWrUA,179,134,218,https://www.youtube.com/watch?v=a3rB8hgWrUA,115,109,115,https://www.youtube.com/watch?v=o--VGPZjFFU,0,0,0,0,
62080edda26345efbf8bc2bab0ab4136,1060,26910,0,0,0,,0,0,0,,0,0,0,,0,0,0,0,
41ec65fd72424aa0b90cdfefd49bd35e,1060,755,0,0,0,,0,0,0,,0,0,0,,0,0,0,0,
85aa19ec73ce4db08ba1bf3d0f1807ce,1060,52444,0,0,0,,0,0,0,,0,0,0,,0,0,0,0,
02fc4a811f9b45b38e94ce75f36a8efa,1050,44609,142,81,642,https://www.youtube.com/watch?v=YMFV1IaCK84,100,68,345,https://www.youtube.com/watch?v=RANCQm0utPY,351,170,642,https://www.youtube.com/watch?v=YMFV1IaCK84,0,0,0,0,
d23e5f9f3abf4b36b79c04f5265a8efc,1050,69229,150,78,430,https://www.youtube.com/watch?v=siw7oMsiLEU,116,75,266,https://www.youtube.com/watch?v=saGBfNE-ruA,337,101,430,https://www.youtube.com/watch?v=siw7oMsiLEU,156,0,0,0,
d792696470b54bd4947a59b10759a636,1050,52971,142,85,307,https://www.youtube.com/watch?v=-bJi2eKbyuA,137,77,181,https://www.youtube.com/watch?v=4hGS32gtAls,307,240,307,https://www.youtube.com/watch?v=-bJi2eKbyuA,0,0,0,0,
f560e7811b454fe489044165c53dba83,1050,65272,160,50,289,https://www.youtube.com/watch?v=TWbuH4zRXjA,160,50,289,https://www.youtube.com/watch?v=TWbuH4zRXjA,0,0,0,,0,0,0,0,
b4de9155a5f34284a41224c38e70c67e,1050,56060,0,0,0,,0,0,0,,0,0,0,,43,0,0,0,
7754a4ea82814b7fbbecfcf459382001,1050,223547,106,6,138,https://www.youtube.com/watch?v=QQ-FQYZI7EQ,106,6,138,https://www.youtube.com/watch?v=QQ-FQYZI7EQ,0,0,0,,2477,161,127,409,https://www.twitch.tv/videos/2877378266
689dcd8a50ff4a3ead63d3f378c6e28f,1050,18578,0,0,0,,0,0,0,,0,0,0,,0,0,0,0,
37df80920d2b4363b3fd69fd3c6be31c,1050,0,0,0,0,,0,0,0,,0,0,0,,0,0,0,0,
00a208caab334f6daf286ebb92cfd9da,1040,18862,32,9,44,https://www.youtube.com/watch?v=FGFQnlMow4E,32,9,44,https://www.youtube.com/watch?v=FGFQnlMow4E,0,0,0,,421,0,0,0,
d6d4ed41815a4603a028d321d9d14a56,1040,11816,0,0,0,,0,0,0,,0,0,0,,10,0,0,0,
fb23227395a04a26abe441d1ac7978de,1040,113591,226,119,886,https://www.youtube.com/watch?v=jjhJdXmo_2k,247,122,886,https://www.youtube.com/watch?v=jjhJdXmo_2k,67,21,67,https://www.youtube.com/watch?v=Ssu641X0Eko,446,78,60,170,https://www.twitch.tv/videos/2871167761
872b7ddfc20f433f9575e2a762e83c06,1040,55092,240,52,371,https://www.youtube.com/watch?v=DOf5QGHozk8,240,52,371,https://www.youtube.com/watch?v=DOf5QGHozk8,0,0,0,,0,0,0,0,
b5b0001ea8594cd68567ef344ca0bb2e,1040,174544,115,34,307,https://www.youtube.com/watch?v=OAQVECrZWdY,122,18,307,https://www.youtube.com/watch?v=OAQVECrZWdY,51,49,51,https://www.youtube.com/watch?v=u1HOVCXu-sY,0,0,0,0,
1145b6f48caf4756a889a437025c3db2,1040,37700,0,0,0,,0,0,0,,0,0,0,,0,0,0,0,
e2049fd03bea4bf6bfee472e4674021c,1030,163288,185,84,1100,https://www.youtube.com/watch?v=N7E8cem8C6g,166,84,526,https://www.youtube.com/watch?v=gGTAJcH6OkY,204,84,1100,https://www.youtube.com/watch?v=N7E8cem8C6g,77,24,22,24,https://www.twitch.tv/videos/2877395066
218f418c23084e87a498d1c4fad724ae,1030,0,0,0,0,,0,0,0,,0,0,0,,0,0,0,0,
5a1eb09579134895adfa9516611bd925,1030,32914,0,0,0,,0,0,0,,0,0,0,,733,59,46,59,https://www.twitch.tv/videos/2873086220
4ba98a2155ad4b4392d8c5d7a51f4964,1030,263545,1230,766,2312,https://www.youtube.com/watch?v=4WLDQk8zYfs,1230,766,2312,https://www.youtube.com/watch?v=4WLDQk8zYfs,0,0,0,,0,0,0,0,
302b50b5cf4844d58868013404b1ec3f,1030,29798,124,38,163,https://www.youtube.com/watch?v=H0D9U91sy4o,124,38,163,https://www.youtube.com/watch?v=H0D9U91sy4o,0,0,0,,0,0,0,0,
ef0319d27b10495795a5b994bc2249d5,1030,117714,288,118,1668,https://www.youtube.com/watch?v=aTWUlGVSd0s,277,106,1668,https://www.youtube.com/watch?v=aTWUlGVSd0s,399,199,1507,https://www.youtube.com/watch?v=JGSA3nXwp-g,0,0,0,0,
4de233ea7dfc4a7da1738ab627babd48,1030,58283,455,181,1000,https://www.youtube.com/watch?v=kE-WusYvYBs,482,237,1000,https://www.youtube.com/watch?v=kE-WusYvYBs,76,22,113,https://www.youtube.com/watch?v=SyJghKTZWbg,0,0,0,0,
027dc46502ee4350ba597000191659ae,1030,52030,656,310,2112,https://www.youtube.com/watch?v=dhQqfwZ3HA8,672,300,1100,https://www.youtube.com/watch?v=vC7JYpgZWnk,635,605,2112,https://www.youtube.com/watch?v=dhQqfwZ3HA8,73,0,0,0,
c060912477dd414ea79d74adddfb4661,1020,67480,12,9,1478,https://www.youtube.com/watch?v=oe8gsFn2Qfw,14,9,26,https://www.youtube.com/watch?v=angSbxv_Cpk,8,4,1478,https://www.youtube.com/watch?v=oe8gsFn2Qfw,0,0,0,0,
800b7770ac1d4e4eb62318639ff71b7a,1020,74315,0,0,0,,0,0,0,,0,0,0,,0,0,0,0,
647a4992105c4f18b92239156e0064fb,1020,26195,0,0,0,,0,0,0,,0,0,0,,144,0,0,0,
7ca8ec94cb4640ccb27719cbfc8a8df0,1020,56631,0,0,0,,0,0,0,,0,0,0,,0,0,0,0,
3588ee10f67c4911b544e48223c57c7d,1020,22561,0,0,0,,0,0,0,,0,0,0,,0,0,0,0,
c7344bac508b46f2a20c4bb6861f33ab,1020,14416,0,0,0,,0,0,0,,0,0,0,,0,0,0,0,
d2c5b1c430fa45c8b9be0b8be65d8a6b,1020,24445,575,307,1241,https://www.youtube.com/watch?v=uPtU-V_h16Q,324,160,750,https://www.youtube.com/watch?v=nuw0cGhZ4D8,970,445,1241,https://www.youtube.com/watch?v=uPtU-V_h16Q,395,0,0,0,
76f2fa6f1aa44f0a816a01a1b277430a,1010,41273,54,22,1115,https://www.youtube.com/watch?v=hmCZ18rZu8g,49,22,114,https://www.youtube.com/watch?v=QU8RdSaQ_hg,1080,880,1115,https://www.youtube.com/watch?v=hmCZ18rZu8g,61,0,0,0,
d709ac4a052b401abfeb8bc5c600e937,1010,46056,226,103,703,https://www.youtube.com/watch?v=XKJZHOjnkxk,226,103,703,https://www.youtube.com/watch?v=XKJZHOjnkxk,0,0,0,,805,0,0,0,
7df81b926eec4a998d5ffcd67b59ff5e,1010,33555,127,60,196,https://www.youtube.com/watch?v=78GO7H6N5Q4,127,60,196,https://www.youtube.com/watch?v=78GO7H6N5Q4,0,0,0,,0,0,0,0,
b1ba066a7bc44c93a4ca264f2144f5bd,1010,40794,84,44,200,https://www.youtube.com/watch?v=pEbzs6_65Xs,101,53,200,https://www.youtube.com/watch?v=pEbzs6_65Xs,4,3,4,https://www.youtube.com/watch?v=eKok6L4Y6pc,1114,47,33,71,https://www.twitch.tv/videos/2865766052
a0f657e0538e4269af88094fa1c3dacb,1010,26661,0,0,0,,0,0,0,,0,0,0,,0,0,0,0,
db52957b67e94991b36e41e4a20fb52a,1010,0,0,0,0,,0,0,0,,0,0,0,,52,0,0,0,
453cbd84364b42d8ac11cef8d3d63bd1,1000,26565,625,77,1077,https://www.youtube.com/watch?v=SE0rbN29Mjw,0,0,0,,625,77,1077,https://www.youtube.com/watch?v=SE0rbN29Mjw,0,0,0,0,
45d38ce14fb644c0890823d444a33276,1000,2084,0,0,0,,0,0,0,,0,0,0,,0,0,0,0,
515abc7c33164a98be134d1c7fec84e2,1000,27966,0,0,0,,0,0,0,,0,0,0,,239,0,0,0,
48e18dcee4e640c6b5ede6a8bdc84ade,1000,21273,0,0,0,,0,0,0,,0,0,0,,0,0,0,0,
32ce3b3861fe4b5a98d5adc9a704bbf1,998,56109,446,404,541,https://www.youtube.com/watch?v=KGgH6ll3QCA,499,444,541,https://www.youtube.com/watch?v=KGgH6ll3QCA,352,218,352,https://www.youtube.com/watch?v=LHh8ib5zUj4,140,0,0,0,
bb56715066e548c297232372a16ab083,998,128340,22,13,1272,https://www.youtube.com/watch?v=kQ_R9-qI4vw,40,25,172,https://www.youtube.com/watch?v=kIgTYqC6jjw,4,0,1272,https://www.youtube.com/watch?v=kQ_R9-qI4vw,2062,172,118,869,https://www.twitch.tv/videos/2870399977
e46d27918a77488ca5b4144eb1b978df,998,61244,0,0,0,,0,0,0,,0,0,0,,0,0,0,0,
a00240316f524d218d889d00a8b42721,995,99907,1093,626,2084,https://www.youtube.com/watch?v=4NjgqAVu0AQ,103,93,103,https://www.youtube.com/watch?v=G-y6WXeaKz4,2084,1159,2084,https://www.youtube.com/watch?v=4NjgqAVu0AQ,0,0,0,0,
7a0eb6cbe5a94663888ef35a63ab3b5a,995,26885,0,0,0,,0,0,0,,0,0,0,,1458,145,95,272,https://www.twitch.tv/videos/2872971685
6c3a22611ac24eb19cec3bd7c78a8705,995,265243,290,171,754,https://www.youtube.com/watch?v=puTW3LZH7hk,290,171,754,https://www.youtube.com/watch?v=puTW3LZH7hk,0,0,0,,0,0,0,0,
7003e3e3a24244ffb5ebfbbdc20c97f8,993,28505,533,247,899,https://www.youtube.com/watch?v=lndYFf2tiMY,533,247,899,https://www.youtube.com/watch?v=lndYFf2tiMY,0,0,0,,0,0,0,0,
dc0868efeac540bfac9b383bd65a82e6,990,33336,833,102,1817,https://www.youtube.com/watch?v=v8tgmfMwy7c,833,102,1817,https://www.youtube.com/watch?v=v8tgmfMwy7c,0,0,0,,0,0,0,0,
78d441a2d6584d078a6ce202238d36b9,990,26471,0,0,0,,0,0,0,,0,0,0,,0,0,0,0,
5d29544fdded43d1937166548487394a,988,5757,0,0,0,,0,0,0,,0,0,0,,1916,118,89,308,https://www.twitch.tv/videos/2872843716
9b2edcfdc76748f59576b77524402804,988,60621,0,0,0,,0,0,0,,0,0,0,,0,0,0,0,
7a160bd129144664804dd3fc08fceeb1,987,22672,0,0,0,,0,0,0,,0,0,0,,9034,4220,3712,8879,https://www.twitch.tv/videos/2877265481
107ad23090e649b8935850f3d78ded99,985,49543,621,472,1185,https://www.youtube.com/watch?v=6fJd8cEBh8s,730,472,1185,https://www.youtube.com/watch?v=6fJd8cEBh8s,390,352,621,https://www.youtube.com/watch?v=y0Ok2ag5Urw,140,37,24,45,https://www.twitch.tv/videos/2868550153
899208f999aa4121ae2b67abb3190674,985,21478,1325,620,1837,https://www.youtube.com/watch?v=3hJg_DOQIV0,0,0,0,,1325,620,1837,https://www.youtube.com/watch?v=3hJg_DOQIV0,4634,648,456,1010,https://www.twitch.tv/videos/2873590570
838f883ea01f431f97bfe9dbf3064422,985,37241,0,0,0,,0,0,0,,0,0,0,,106,0,0,0,
021e4f709f1a4c56b8cd200c476db3e7,981,22401,0,0,0,,0,0,0,,0,0,0,,0,0,0,0,
d26893447610406da66ee14abfbd5868,977,31281,882,404,882,https://www.youtube.com/watch?v=Kr1C2qYhS18,882,404,882,https://www.youtube.com/watch?v=Kr1C2qYhS18,0,0,0,,0,0,0,0,
7ca610bac41843a28abba9e947aa9ded,976,54931,1514,382,1514,https://www.youtube.com/watch?v=9DiN5na04cs,0,0,0,,1514,382,1514,https://www.youtube.com/watch?v=9DiN5na04cs,3180,556,385,717,https://www.twitch.tv/videos/2867891635
ad26bb0363ef42c7988f79ef9b07dfcc,974,55518,0,0,0,,0,0,0,,0,0,0,,0,0,0,0,
ab2e7fbd11784f96aa9cf599786f8bf1,971,76832,0,0,0,,0,0,0,,0,0,0,,0,0,0,0,
9959d43cae9b49dbbcd666f742322b4a,969,43804,189,91,2571,https://www.youtube.com/watch?v=N8OO0ZUzVMw,189,91,2571,https://www.youtube.com/watch?v=N8OO0ZUzVMw,0,0,0,,654,26,18,123,https://www.twitch.tv/videos/2872104458
bf195265fa5944d894dc53baf7143645,968,40356,0,0,0,,0,0,0,,0,0,0,,0,0,0,0,
d1d879cfccf7411296dcc765ca40e39c,964,145977,502,89,1132,https://www.youtube.com/watch?v=gvO-gQ3JwGY,0,0,0,,502,89,1132,https://www.youtube.com/watch?v=gvO-gQ3JwGY,1605,243,163,376,https://www.twitch.tv/videos/2870203309
becdcbab308f4fa18540982596eebbd5,964,9796,0,0,0,,0,0,0,,0,0,0,,7993,583,286,75456,https://www.twitch.tv/videos/2872025147
07f20f05bef0432e8644e1bee798ef46,959,60283,587,201,2045,https://www.youtube.com/watch?v=LzJXOzxQCMI,437,159,707,https://www.youtube.com/watch?v=8PjqReSlAoY,1557,371,2045,https://www.youtube.com/watch?v=LzJXOzxQCMI,0,0,0,0,
c747687c19704747b4cae2d4d5715aa0,958,47564,1324,593,1413,https://www.youtube.com/watch?v=ykwbWUgceDk,0,0,0,,1324,593,1413,https://www.youtube.com/watch?v=ykwbWUgceDk,4297,293,205,402,https://www.twitch.tv/videos/2869482682
b2e19555d1f441a8a0e3f53b6507863e,957,53130,123,62,224,https://www.youtube.com/watch?v=ZHzGPWe-0OY,123,62,224,https://www.youtube.com/watch?v=ZHzGPWe-0OY,0,0,0,,113,0,0,0,
06a61409f4334b0eb8a5f647b819c78b,956,74723,116,42,166,https://www.youtube.com/watch?v=P_yhqJqFwJ0,108,47,136,https://www.youtube.com/watch?v=tG_DeXj54-Q,125,36,166,https://www.youtube.com/watch?v=P_yhqJqFwJ0,0,0,0,0,
54e70d7cc2fb4c6da0d833519331c770,953,129830,0,0,0,,0,0,0,,0,0,0,,2762,195,169,298,https://www.twitch.tv/videos/2873947830
6c5d547cdebf4daf813ac8b66c9fb873,952,45460,756,585,6862,https://www.youtube.com/watch?v=HFxBwjwixUQ,0,0,0,,756,585,6862,https://www.youtube.com/watch?v=HFxBwjwixUQ,0,0,0,0,
b5ff000d6dd74683b17965294f1c4bf7,951,31750,0,0,0,,0,0,0,,0,0,0,,767,0,0,0,
7717bc233e7a4670926195acf69709d4,950,45968,0,0,0,,0,0,0,,0,0,0,,1477,0,0,0,
a5647aba47dc4bb48eaa0cde6de7c6bd,950,41233,0,0,0,,0,0,0,,0,0,0,,0,0,0,0,
acc708b79f1c4e388466b407387e7cb5,946,139049,77,23,140,https://www.youtube.com/watch?v=9y1NAcK090M,77,23,140,https://www.youtube.com/watch?v=9y1NAcK090M,0,0,0,,0,0,0,0,
8a5468bc4c7d44989e5ee4864a9b941a,946,87252,0,0,0,,0,0,0,,0,0,0,,0,0,0,0,
08268c9de16e423381e351aeef8f7ffb,945,33080,456,262,1247,https://www.youtube.com/watch?v=kTJYIb3jdao,456,262,1247,https://www.youtube.com/watch?v=kTJYIb3jdao,0,0,0,,0,0,0,0,
23af2b94549e42c282ec0d6eecf01102,943,35830,492,411,676,https://www.youtube.com/watch?v=GKJg3XpG5gs,0,0,0,,492,411,676,https://www.youtube.com/watch?v=GKJg3XpG5gs,2514,150,94,213,https://www.twitch.tv/videos/2873943493
80b6efc8007f4f6d84ce2f93862ae319,942,123019,246,173,880,https://www.youtube.com/watch?v=27dmC1pk21U,246,173,880,https://www.youtube.com/watch?v=27dmC1pk21U,0,0,0,,0,0,0,0,
995bff308e7f4df3aa33305fc0ddde8e,941,39815,0,0,0,,0,0,0,,0,0,0,,0,0,0,0,
e3021481a8d247a5a9a5bf0a29399673,941,147540,303,188,515,https://www.youtube.com/watch?v=R1SzHTWwMrI,303,188,515,https://www.youtube.com/watch?v=R1SzHTWwMrI,0,0,0,,0,0,0,0,
5f8e197a06bc453e8d9e0a1c6cb92f1c,939,86894,174,47,2157,https://www.youtube.com/watch?v=om6DzZYmACs,0,0,0,,174,47,2157,https://www.youtube.com/watch?v=om6DzZYmACs,1679,105,73,139,https://www.twitch.tv/videos/2866717484
0a67a8d822094ca3a59963f0fac8798a,937,39865,225,53,1520,https://www.youtube.com/watch?v=IIEbQbGIpLg,225,53,1520,https://www.youtube.com/watch?v=IIEbQbGIpLg,0,0,0,,0,0,0,0,
64dc8c2de5de4c43906e515ec03f79c6,937,182027,0,0,0,,0,0,0,,0,0,0,,0,0,0,0,
179eb3fd3fb34ffe93859dd945b1b3a6,935,4466,0,0,0,,0,0,0,,0,0,0,,0,0,0,0,
db67d9cacbcf4797ba2d41a6d115e2ff,934,50942,120,44,120,https://www.youtube.com/watch?v=J6yKij0Zbs0,120,44,120,https://www.youtube.com/watch?v=J6yKij0Zbs0,0,0,0,,0,0,0,0,
1ee3a662da8a439887a931727cb07317,933,102258,0,0,0,,0,0,0,,0,0,0,,0,0,0,0,
ecbe9a46c7ec4f3d8fe217012c39d490,933,411025,0,0,0,,0,0,0,,0,0,0,,0,0,0,0,
dc9cd2bc942d427d8cc73370d1194f9e,932,110170,290,128,1435,https://www.youtube.com/watch?v=J7gDyN-qIAc,196,58,489,https://www.youtube.com/watch?v=LRm4d4t1yck,1174,365,1435,https://www.youtube.com/watch?v=J7gDyN-qIAc,0,0,0,0,
a2ee4a74f9ca40f5b6218de51736b9c8,930,56153,389,211,986,https://www.youtube.com/watch?v=73njQZImkKE,389,211,986,https://www.youtube.com/watch?v=73njQZImkKE,0,0,0,,0,0,0,0,
899e5f40cf7f49a8808969866758779e,930,52027,398,259,516,https://www.youtube.com/watch?v=Qjjmq3-IB4w,383,246,516,https://www.youtube.com/watch?v=Qjjmq3-IB4w,474,259,474,https://www.youtube.com/watch?v=khPWTpJcuRc,277,77,59,114,https://www.twitch.tv/videos/2873756437
14148e0fda054494b7cd2f9f38bb765a,930,58011,941,334,2325,https://www.youtube.com/watch?v=XueqrltmKVg,0,0,0,,941,334,2325,https://www.youtube.com/watch?v=XueqrltmKVg,630,391,280,461,https://www.twitch.tv/videos/2872250280
7aeffe1ba0c443d5aa4721247b801593,924,125945,0,0,0,,0,0,0,,0,0,0,,0,0,0,0,
d8b0b4e36c614d328620461a295572a1,924,54436,133,6,802,https://www.youtube.com/watch?v=KsszOkFqC4o,133,6,802,https://www.youtube.com/watch?v=KsszOkFqC4o,0,0,0,,147,0,0,0,
44332b31031149f5bd411f415cbb531e,923,26197,0,0,0,,0,0,0,,0,0,0,,216,0,0,0,
29e2c3ae8e4d48f29fb3b89c463abb1c,920,81017,1428,773,1733,https://www.youtube.com/watch?v=Je_CRojjtRA,0,0,0,,1428,773,1733,https://www.youtube.com/watch?v=Je_CRojjtRA,2978,249,125,360,https://www.twitch.tv/videos/2873064969
4dcc1a1d70224d95b48a64543a38e10d,918,77372,121,71,176,https://www.youtube.com/watch?v=2ndfjsjeMK8,121,71,176,https://www.youtube.com/watch?v=2ndfjsjeMK8,0,0,0,,106,43,28,57,https://www.twitch.tv/videos/2864072051
7f43dbf571c44e04a7a471b9e7296a8a,915,38812,0,0,0,,0,0,0,,0,0,0,,0,0,0,0,
743ceb55869042b9bee1f48fe0be13fb,913,33543,0,0,0,,0,0,0,,0,0,0,,1499,0,0,0,
b93b5ffedc3f4310af888462d65e4082,910,46729,0,0,0,,0,0,0,,0,0,0,,207,0,0,0,
58374cba861d4267a84ad689bb6ce91a,909,42506,58,26,87,https://www.youtube.com/watch?v=5XGM9aneb_s,59,27,87,https://www.youtube.com/watch?v=5XGM9aneb_s,20,10,21,https://www.youtube.com/watch?v=pzqvsCrZaLc,0,0,0,0,
7376070943f14374a6ee0df01f32e006,907,0,0,0,0,,0,0,0,,0,0,0,,0,0,0,0,
7c88a51800fd4984ad24ba803d3760dd,907,15655,0,0,0,,0,0,0,,0,0,0,,0,0,0,0,
15711ba2b93a46c295901d775aaf314e,906,3857,0,0,0,,0,0,0,,0,0,0,,0,0,0,0,
b9b727200b664a98bc1a8fd76d3cdb9c,904,23046,0,0,0,,0,0,0,,0,0,0,,0,0,0,0,
5c5880d994854afbbea0a35716bce186,903,31726,38,13,67,https://www.youtube.com/watch?v=YbcCM5Pwnn4,38,13,67,https://www.youtube.com/watch?v=YbcCM5Pwnn4,0,0,0,,2010,0,0,0,
8e2559d9a7714ecd9cb0448b4d28f8d2,902,26251,0,0,0,,0,0,0,,0,0,0,,4966,117,23,264,https://www.twitch.tv/videos/2854077811
29d8d144d6a24ff28476d25306286836,901,146262,0,0,0,,0,0,0,,0,0,0,,2204,788,582,9724,https://www.twitch.tv/videos/2863754860
d3ac18bfe0984394a6fe19319a36b412,900,65739,0,0,0,,0,0,0,,0,0,0,,0,0,0,0,
9fb9fe13bf124da3a1affb24c5bba5e2,898,29958,0,0,0,,0,0,0,,0,0,0,,0,0,0,0,
8c0ff863d66348898311ee83d16257b5,898,29554,23,8,23,https://www.youtube.com/watch?v=Gr4Ik0YXHf8,23,8,23,https://www.youtube.com/watch?v=Gr4Ik0YXHf8,0,0,0,,206,0,0,0,
34973abcef4e41b29add2b476ce0a7fb,895,6250,0,0,0,,0,0,0,,0,0,0,,18,0,0,0,
6c3eeb48b7764f11804ff8110d5d990b,893,99486,45,42,45,https://www.youtube.com/watch?v=MVCQpwKnbew,0,0,0,,45,42,45,https://www.youtube.com/watch?v=MVCQpwKnbew,0,0,0,0,
607a7be9721741c48e2901609c294ada,891,0,0,0,0,,0,0,0,,0,0,0,,1498,0,0,0,
a26891359b444900956f04bc1b8f5faa,890,30803,256,107,902,https://www.youtube.com/watch?v=Fwme0QLSIho,256,107,902,https://www.youtube.com/watch?v=Fwme0QLSIho,0,0,0,,311,68,44,162,https://www.twitch.tv/videos/2878298896
4bc6acb333e44156a9caab3234fa11f5,890,57586,366,159,1176,https://www.youtube.com/watch?v=V4fQaQgQ6ho,359,159,1159,https://www.youtube.com/watch?v=4ZnOKgdP5As,374,91,1176,https://www.youtube.com/watch?v=V4fQaQgQ6ho,0,0,0,0,
f461b26ba47b4e37a90d2ca4fa5fa329,883,26061,0,0,0,,0,0,0,,0,0,0,,0,0,0,0,
f5260b1a196a43f8b4aff1cc742a67f4,882,61037,526,257,2175,https://www.youtube.com/watch?v=AriV5VNgwkY,519,214,1039,https://www.youtube.com/watch?v=z6HiU1e1WcI,710,442,2175,https://www.youtube.com/watch?v=AriV5VNgwkY,209,31,26,56,https://www.twitch.tv/videos/2871185660
521477be11a44c43b063b394757b2342,882,57420,110,49,185,https://www.youtube.com/watch?v=YEm8FWEHEuI,110,49,185,https://www.youtube.com/watch?v=YEm8FWEHEuI,0,0,0,,0,0,0,0,
f7c5ff874d1d4528a36c0a54d27017a3,881,82067,361,189,1462,https://www.youtube.com/watch?v=ZSfd4UKus8Q,361,189,1462,https://www.youtube.com/watch?v=ZSfd4UKus8Q,0,0,0,,0,0,0,0,
9ed7a28dd35e4e1c9400af811f6a284c,881,17119,0,0,0,,0,0,0,,0,0,0,,838,0,0,0,
ab24c13e4bff4ff8909a7650260f8b19,881,46726,268,105,770,https://www.youtube.com/watch?v=EK9nyPRgNc4,270,106,770,https://www.youtube.com/watch?v=EK9nyPRgNc4,191,71,225,https://www.youtube.com/watch?v=EHOidTQLF0s,0,0,0,0,
f9f38aebd04f4a219e165e0c6e1fb347,880,15058,0,0,0,,0,0,0,,0,0,0,,0,0,0,0,
f1020d6d2f904704a363cf21806327a1,879,18165,0,0,0,,0,0,0,,0,0,0,,198,0,0,0,
490d50310ffe4de4aac9c6368b49a0aa,878,37150,17,8,70,https://www.youtube.com/watch?v=_3UW0h4f-1s,0,0,0,,17,8,70,https://www.youtube.com/watch?v=_3UW0h4f-1s,0,0,0,0,
4f20e15637644c409c850ced48bb33dd,877,49944,433,230,1132,https://www.youtube.com/watch?v=MimVSgSTDyU,413,300,1058,https://www.youtube.com/watch?v=2Nj7pXmow8g,1132,173,1132,https://www.youtube.com/watch?v=MimVSgSTDyU,0,0,0,0,
fcf611e0ddc5474b9836eb8aa2fe1d24,877,83666,150,58,663,https://www.youtube.com/watch?v=Uzs04FdJ9F8,152,64,663,https://www.youtube.com/watch?v=Uzs04FdJ9F8,56,6,56,https://www.youtube.com/watch?v=9HAtQ7qfOEI,0,0,0,0,
405cf0a502a6496bacfe7e49647e7e28,873,47587,158,42,327,https://www.youtube.com/watch?v=fQAzFzFWOOE,158,42,327,https://www.youtube.com/watch?v=fQAzFzFWOOE,0,0,0,,2367,359,250,631,https://www.twitch.tv/videos/2872739006
9124a5ccacc44fb68b5b1d5697e3fb90,873,24938,140,58,662,https://www.youtube.com/watch?v=DyrecmibUoU,131,62,636,https://www.youtube.com/watch?v=gwDH4R426tg,187,53,662,https://www.youtube.com/watch?v=DyrecmibUoU,0,0,0,0,
e099cf09b8674b988f17828aab2f7d86,869,24752,1336,605,1336,https://www.youtube.com/watch?v=cwjwK1iZzrs,0,0,0,,1336,605,1336,https://www.youtube.com/watch?v=cwjwK1iZzrs,720,138,132,229,https://www.twitch.tv/videos/2869356437
8774553046cb47a9b5165c15feb01e84,868,36350,265,111,1358,https://www.youtube.com/watch?v=dWHJTL0IpyI,265,111,355,https://www.youtube.com/watch?v=62IwTn4Zi_U,722,601,1358,https://www.youtube.com/watch?v=dWHJTL0IpyI,844,267,217,332,https://www.twitch.tv/videos/2874685882
45e104a6eabe4967a6cb84e720dd8e74,868,42601,5,0,5,https://www.youtube.com/watch?v=PJHQ9hQXB2M,0,0,0,,5,0,5,https://www.youtube.com/watch?v=PJHQ9hQXB2M,1918,0,0,0,
61c75f9fbf044b54872197eec7c9bafa,867,295364,411,191,1240,https://www.youtube.com/watch?v=KuGrVRv-QnQ,155,90,298,https://www.youtube.com/watch?v=_TMRo5OoCzk,955,544,1240,https://www.youtube.com/watch?v=KuGrVRv-QnQ,0,0,0,0,
f9247dd02dd24e209eba623edcd8354b,867,57099,0,0,0,,0,0,0,,0,0,0,,523,0,0,0,
b3fb28fe6a0e4fcfb8014e7a4070ca09,866,57844,148,94,264,https://www.youtube.com/watch?v=EqzcgbbqpUs,148,94,264,https://www.youtube.com/watch?v=EqzcgbbqpUs,0,0,0,,0,0,0,0,
819cc1636ec94c0ab290b4513c6d629d,864,38868,0,0,0,,0,0,0,,0,0,0,,4690,0,0,0,
f5a37da60cb74069a7dc13867404521f,863,71626,1053,197,1402,https://www.youtube.com/watch?v=w-SnofRsxbg,0,0,0,,1053,197,1402,https://www.youtube.com/watch?v=w-SnofRsxbg,0,0,0,0,
c22cb6790eaf4fcc8ac47633e0ab6c49,862,38857,325,107,821,https://www.youtube.com/watch?v=bkxMeCh_-R8,409,120,821,https://www.youtube.com/watch?v=bkxMeCh_-R8,216,93,390,https://www.youtube.com/watch?v=RQVTTsVZEAM,349,64,46,77,https://www.twitch.tv/videos/2873985420
f702d43aeff84979ad97438d0b1d8bcc,862,9917,0,0,0,,0,0,0,,0,0,0,,436,0,0,0,
3a30426a65fe450bbef138fd8ba35f1e,861,81231,272,153,2619,https://www.youtube.com/watch?v=KZMSOoiKJLE,272,153,2619,https://www.youtube.com/watch?v=KZMSOoiKJLE,0,0,0,,0,0,0,0,
a1c3335026d44b99b9abb8c6aaba3968,860,21033,0,0,0,,0,0,0,,0,0,0,,627,0,0,0,
415ca337b1104450acbed1eb046c0a58,860,88760,19,7,21,https://www.youtube.com/watch?v=pFKvd5UvCeg,19,7,21,https://www.youtube.com/watch?v=pFKvd5UvCeg,0,0,0,,270,0,0,0,
7b3809e085754d52aee99d1fcc980eaf,857,40608,245,26,245,https://www.youtube.com/watch?v=GUFRIJC_YR4,245,26,245,https://www.youtube.com/watch?v=GUFRIJC_YR4,0,0,0,,0,0,0,0,
6ef3b507ab8e41d499c59d8cf8b65202,857,0,0,0,0,,0,0,0,,0,0,0,,0,0,0,0,
728094029eab434ca60a99e4d1a139c7,855,127753,226,82,394,https://www.youtube.com/watch?v=fYiKR8iQ-yg,234,84,394,https://www.youtube.com/watch?v=fYiKR8iQ-yg,79,17,79,https://www.youtube.com/watch?v=RpzZ_NFI7lI,5,0,0,0,
5862e8e7c5fd4261af093cec20b40300,852,39426,0,0,0,,0,0,0,,0,0,0,,0,0,0,0,
7a0c5fe0fe2f4427afe500c85ec958cb,851,46880,0,0,0,,0,0,0,,0,0,0,,0,0,0,0,
e80414fcc37b4d818ccf9dddb23cb452,850,17454,0,0,0,,0,0,0,,0,0,0,,4350,1146,488,2136,https://www.twitch.tv/videos/2872027655
3f3abaed158f420e84f9d1d5f4492b1d,848,66492,102,28,273,https://www.youtube.com/watch?v=wBCtY7F5D6g,102,28,273,https://www.youtube.com/watch?v=wBCtY7F5D6g,0,0,0,,676,35,29,48,https://www.twitch.tv/videos/2868605595
aef2ed42d49343f28394b6335695b5ac,847,450601,3,1,7,https://www.youtube.com/watch?v=Mdqii-zxRIs,0,0,0,,3,1,7,https://www.youtube.com/watch?v=Mdqii-zxRIs,3069,99,69,328,https://www.twitch.tv/videos/2866382077
87e1b5eec62040118b6bd49efbe5d61c,847,74365,186,66,620,https://www.youtube.com/watch?v=NyTiX7N6ZT4,185,67,461,https://www.youtube.com/watch?v=5eWGFH6UIW0,212,51,620,https://www.youtube.com/watch?v=NyTiX7N6ZT4,448,102,70,119,https://www.twitch.tv/videos/2867750815
f36c774fbf4847e1afdf66a1e4806ea3,846,20760,0,0,0,,0,0,0,,0,0,0,,2599,237,166,261,https://www.twitch.tv/videos/2871981607
370f66a57c0341b0adef5bcbad64ff90,846,48245,13,8,116,https://www.youtube.com/watch?v=cmPfdoLmldY,0,0,0,,13,8,116,https://www.youtube.com/watch?v=cmPfdoLmldY,0,0,0,0,
9cfe61128e134f8dad9bb6ebf568cd71,845,20451,6,3,19,https://www.youtube.com/watch?v=W3G60gBZTfo,0,0,0,,6,3,19,https://www.youtube.com/watch?v=W3G60gBZTfo,1290,113,80,133,https://www.twitch.tv/videos/2870221110
27b10e5896e34e8d841f1605792b96c9,844,42138,0,0,0,,0,0,0,,0,0,0,,450,45,43,45,https://www.twitch.tv/videos/2877452598
66ab3e28c90a428bb98100cd9119a4e9,843,37939,166,98,1201,https://www.youtube.com/watch?v=JIDKqGdPMV8,166,98,1201,https://www.youtube.com/watch?v=JIDKqGdPMV8,0,0,0,,0,0,0,0,
3e4c23394dde46f58f89cba536b208d5,842,25882,201,76,533,https://www.youtube.com/watch?v=DiQ9IvGjZnM,201,76,533,https://www.youtube.com/watch?v=DiQ9IvGjZnM,0,0,0,,0,0,0,0,
943a063e5df041a08d7a304517e3b420,840,64305,1175,324,7274,https://www.youtube.com/watch?v=xMnkQv95dS0,531,313,2302,https://www.youtube.com/watch?v=IORc7ivwRFY,1798,356,7274,https://www.youtube.com/watch?v=xMnkQv95dS0,168,107,95,227,https://www.twitch.tv/videos/2869416406
d44dc8542b4f4dacab8f54b7e3483728,838,44137,1260,994,1367,https://www.youtube.com/watch?v=JI8tUBxvKuw,0,0,0,,1260,994,1367,https://www.youtube.com/watch?v=JI8tUBxvKuw,0,0,0,0,
a753be70dd194989835b604e4b249363,835,31196,0,0,0,,0,0,0,,0,0,0,,653,0,0,0,
23dda65e497d4888b87db304533b8138,833,14179,0,0,0,,0,0,0,,0,0,0,,5515,796,256,2184,https://www.twitch.tv/videos/2858899388
399a496d028447a58924b2660d0fc187,833,204,0,0,0,,0,0,0,,0,0,0,,0,0,0,0,
6f0d9d64bb6a4a81af1e84a72d30f5b8,831,61945,291,158,1945,https://www.youtube.com/watch?v=PHx_pniPKPM,287,152,1945,https://www.youtube.com/watch?v=PHx_pniPKPM,735,408,735,https://www.youtube.com/watch?v=St_F_tYs1SM,161,0,0,0,
3353f8693d7b4caa82abeb2de3d89815,829,33100,84,28,1289,https://www.youtube.com/watch?v=ZkfDfEOgHyo,83,26,614,https://www.youtube.com/watch?v=M_ll9tGlb_w,1289,1274,1289,https://www.youtube.com/watch?v=ZkfDfEOgHyo,2274,327,163,80663,https://www.twitch.tv/videos/2865917849
77f4700c452c4200a4e62effa2884b4a,825,33424,0,0,0,,0,0,0,,0,0,0,,706,0,0,0,
2a2b7990365f4a1bb1d8acf1ae0f2f32,825,311388,157,55,498,https://www.youtube.com/watch?v=MxYpnNAOy9o,163,57,498,https://www.youtube.com/watch?v=MxYpnNAOy9o,86,6,157,https://www.youtube.com/watch?v=TCpUJPCV2Yo,152,7,6,12,https://www.twitch.tv/videos/2873135660
6d144d78d2284fbcafa2428a5d132733,820,26997,0,0,0,,0,0,0,,0,0,0,,705,0,0,0,
0294dc5e3fb14312b472bb05af5ad329,819,21986,0,0,0,,0,0,0,,0,0,0,,0,0,0,0,
23354f18e2a94c9187fd0560fd874eeb,816,28164,0,0,0,,0,0,0,,0,0,0,,1690,122,82,157,https://www.twitch.tv/videos/2876483144
cf38ee666e104dce949c195f5ac58da2,815,332455,256,151,388,https://www.youtube.com/watch?v=xUTir4BqvU8,256,151,388,https://www.youtube.com/watch?v=xUTir4BqvU8,0,0,0,,0,0,0,0,
f1dff6bebe3a4fa7a4b9c05f91bdc42b,815,697,0,0,0,,0,0,0,,0,0,0,,0,0,0,0,
0aa8c41f04bf4f12b9a8281353ea448a,815,36081,0,0,0,,0,0,0,,0,0,0,,4742,0,0,0,
5f6dcf3b9b71405498aa07a2b80cb5ec,814,140075,186,8,186,https://www.youtube.com/watch?v=sJE63oDSwfc,0,0,0,,186,8,186,https://www.youtube.com/watch?v=sJE63oDSwfc,1323,119,90,236,https://www.twitch.tv/videos/2873225965
686fa700c1ee4d179ed277d5b101f8a4,813,27855,0,0,0,,0,0,0,,0,0,0,,0,0,0,0,
a0dbf7095446402ea77b11d8cced5a4b,811,48005,0,0,0,,0,0,0,,0,0,0,,0,0,0,0,
c639c0dba4504221bfec50cf787f395d,810,27530,0,0,0,,0,0,0,,0,0,0,,1166,107,53,110,https://www.twitch.tv/videos/2854317067
8a19d25c92fe4b3194f1211d503d6d4d,807,75186,0,0,0,,0,0,0,,0,0,0,,0,0,0,0,
0a55a882e4ae4a1e9c1e77ea001aa91b,806,105154,0,0,0,,0,0,0,,0,0,0,,1491,37,24,181,https://www.twitch.tv/videos/2866291841
689bcf2176f84f86a4fb53800f25ea7a,805,1527,0,0,0,,0,0,0,,0,0,0,,0,0,0,0,
30bc516401f24514aaecce081979ab50,800,14560,0,0,0,,0,0,0,,0,0,0,,0,0,0,0,
80ae039e7c3e4e90b6b3994ead599307,799,57980,0,0,0,,0,0,0,,0,0,0,,0,0,0,0,
5896bb30994d4416ad7e252642135194,799,69282,92,71,92,https://www.youtube.com/watch?v=G-U2fmBrg8k,92,71,92,https://www.youtube.com/watch?v=G-U2fmBrg8k,0,0,0,,0,0,0,0,
2971554445614cfaaccddd9cde93c599,796,24255,296,131,544,https://www.youtube.com/watch?v=r3YXbRPUWs0,0,0,0,,296,131,544,https://www.youtube.com/watch?v=r3YXbRPUWs0,1182,134,95,194,https://www.twitch.tv/videos/2870121041
c2b2f9bf0228445289b8791110b340ec,796,366411,140,88,140,https://www.youtube.com/watch?v=Nigbh5-Ypco,0,0,0,,140,88,140,https://www.youtube.com/watch?v=Nigbh5-Ypco,98,0,0,0,
29a3d514ca274f6fb966f9d70bed4b52,795,77805,0,0,0,,0,0,0,,0,0,0,,841,131,111,218,https://www.twitch.tv/videos/2871900387
13a3d049cda44b9e8da24006e642dd78,795,24958,0,0,0,,0,0,0,,0,0,0,,2760,0,0,0,
e888326df83d41f680960f24bb55c670,795,16318,0,0,0,,0,0,0,,0,0,0,,0,0,0,0,
034c0cb04f884faa8f2b6a02ff090ad1,793,0,0,0,0,,0,0,0,,0,0,0,,0,0,0,0,
5cdecbd7413e4c9e9cb56373a186ccec,793,20192,317,144,317,https://www.youtube.com/watch?v=ZtCm4VA9aaA,0,0,0,,317,144,317,https://www.youtube.com/watch?v=ZtCm4VA9aaA,476,103,70,160,https://www.twitch.tv/videos/2868624803
60da3bb357d64f998006b8ca3043fd00,792,38189,384,232,967,https://www.youtube.com/watch?v=JqeJLYHyVa4,384,232,967,https://www.youtube.com/watch?v=JqeJLYHyVa4,0,0,0,,0,0,0,0,
40bb881e52be4d8b9c66a60be89e0504,789,54979,113,36,686,https://www.youtube.com/watch?v=uT20N31igYU,124,30,686,https://www.youtube.com/watch?v=uT20N31igYU,46,42,46,https://www.youtube.com/watch?v=6cCWLCaaPGI,0,0,0,0,
6ac39c9c814e4dfe9c2294345a2a3e9c,789,63892,290,197,1362,https://www.youtube.com/watch?v=mYm442sO990,256,156,1362,https://www.youtube.com/watch?v=mYm442sO990,1333,452,1348,https://www.youtube.com/watch?v=fQupyNJzzDw,1522,0,0,0,
ff063abda8d24869b8d34267e673958f,789,0,0,0,0,,0,0,0,,0,0,0,,0,0,0,0,
943129b96d2341bcb7b25a66c9da2354,788,33808,0,0,0,,0,0,0,,0,0,0,,16538,936,326,1277,https://www.twitch.tv/videos/2855173746
1594067d444e4a53abb95bc1aa40e6db,786,26113,0,0,0,,0,0,0,,0,0,0,,500,31,24,49,https://www.twitch.tv/videos/2869502498
3034b51ec8ad439fa7033773a72a5c4a,786,0,0,0,0,,0,0,0,,0,0,0,,3269,0,0,0,
c3e1a96f96334696af38e93fa8178085,784,46778,0,0,0,,0,0,0,,0,0,0,,1265,0,0,0,
f0afa83a8d2d4cc6bb9eb80655bbe40d,781,12754,0,0,0,,0,0,0,,0,0,0,,0,0,0,0,
7b00dfda406f484eaf75107c186abe33,779,77042,372,140,2303,https://www.youtube.com/watch?v=LJitDWQcl4E,212,70,811,https://www.youtube.com/watch?v=LfgWP-MBoV4,1472,506,2303,https://www.youtube.com/watch?v=LJitDWQcl4E,0,0,0,0,
5298121274154e4b9154e8ac47d98beb,779,56157,207,80,1274,https://www.youtube.com/watch?v=RqSUwXtqh9M,168,57,243,https://www.youtube.com/watch?v=mV7yDz_NIfE,677,353,1274,https://www.youtube.com/watch?v=RqSUwXtqh9M,0,0,0,0,
968f0b8c521942d6939234c70f49747a,778,24595,544,480,544,https://www.youtube.com/watch?v=mJrs4uCmlYs,0,0,0,,544,480,544,https://www.youtube.com/watch?v=mJrs4uCmlYs,1948,107,71,108,https://www.twitch.tv/videos/2872910337
1a39f2817a8d4b2d941677c2a07e896a,778,99021,157,94,634,https://www.youtube.com/watch?v=4MFZ5UO_IYE,157,94,634,https://www.youtube.com/watch?v=4MFZ5UO_IYE,0,0,0,,0,0,0,0,
7342482fda6d40f98e078505a24825d4,776,41351,217,64,217,https://www.youtube.com/watch?v=Mnu5CzIRDt0,217,64,217,https://www.youtube.com/watch?v=Mnu5CzIRDt0,0,0,0,,0,0,0,0,
17946118c2d641819c847aba0c491e13,771,5577,0,0,0,,0,0,0,,0,0,0,,5622,2871,1588,3153,https://www.twitch.tv/videos/2865939722
e83a22c584774763a3b91d557141604d,770,10134,0,0,0,,0,0,0,,0,0,0,,2055,0,0,0,
1d1e155c827e4ed2a0596c256983c22d,768,4436,12,11,12,https://www.youtube.com/watch?v=bjhsee9M8P4,0,0,0,,12,11,12,https://www.youtube.com/watch?v=bjhsee9M8P4,2394,0,0,0,
73f219fc31294239804b67151318e0a8,767,39287,0,0,0,,0,0,0,,0,0,0,,247,0,0,0,
8c59e356f1564e068e1c81ac7de1a4e3,766,34777,225,178,225,https://www.youtube.com/watch?v=fHwnxgEQhTQ,225,178,225,https://www.youtube.com/watch?v=fHwnxgEQhTQ,0,0,0,,0,0,0,0,
8f4142c5ead94656b4744b425d800fb8,766,118497,149,88,1322,https://www.youtube.com/watch?v=3MQyX4EhKPo,149,88,1322,https://www.youtube.com/watch?v=3MQyX4EhKPo,0,0,0,,0,0,0,0,
d9baa82223d04494abd266da86171d95,765,0,0,0,0,,0,0,0,,0,0,0,,638,0,0,0,
50a5bb8d33e14c81813bd0d02dc34b58,764,0,0,0,0,,0,0,0,,0,0,0,,0,0,0,0,
0591345aa6634a73ac41f08af6d4e06e,763,39007,92,32,144,https://www.youtube.com/watch?v=_LUjwNOt5Bw,92,32,144,https://www.youtube.com/watch?v=_LUjwNOt5Bw,0,0,0,,0,0,0,0,
de6ab52e6aca42d2ab88274244e772fc,763,26074,0,0,0,,0,0,0,,0,0,0,,0,0,0,0,
a22035a68721415e830d1d7b8ffd172d,762,11513,0,0,0,,0,0,0,,0,0,0,,1825,0,0,0,
3a932cc8813343b6bb5d822cb2f53558,760,42451,0,0,0,,0,0,0,,0,0,0,,3224,196,133,196,https://www.twitch.tv/videos/2870218128
7531ceacd52e43b4a29ba4dc18a3f56c,759,44050,367,215,492,https://www.youtube.com/watch?v=SN6HzhyQYT8,0,0,0,,367,215,492,https://www.youtube.com/watch?v=SN6HzhyQYT8,1955,158,82,493,https://www.twitch.tv/videos/2876328359
acc6cc72bdb74a74a719cc41baf0aade,758,30544,84,55,199,https://www.youtube.com/watch?v=D1PyTZ7ZZJk,84,55,199,https://www.youtube.com/watch?v=D1PyTZ7ZZJk,0,0,0,,0,0,0,0,
3204abe8247b45f08481bef65884ebc3,758,2991,0,0,0,,0,0,0,,0,0,0,,1349,45,24,45,https://www.twitch.tv/videos/2866685735
945e26a69e2145219406bf2ca0d59554,757,21561,0,0,0,,0,0,0,,0,0,0,,735,66,51,66,https://www.twitch.tv/videos/2873028553
fb72bfcead034da2abef22637e7b2b3c,755,46895,0,0,0,,0,0,0,,0,0,0,,1531,66,46,88,https://www.twitch.tv/videos/2867772589
9539cc114b7648efb72bafc3a7358ae6,751,0,0,0,0,,0,0,0,,0,0,0,,1918,0,0,0,
a666cf6707d14cdbbe6581a8964aabd0,746,21470,0,0,0,,0,0,0,,0,0,0,,865,0,0,0,
68f424a416ad426faa8b01b78f47b3e3,744,0,0,0,0,,0,0,0,,0,0,0,,0,0,0,0,
7a570b5273ae4e359a6491aba1313011,744,34739,471,162,1905,https://www.youtube.com/watch?v=de7WPnLh14Y,118,103,118,https://www.youtube.com/watch?v=k8YA5uN-o7s,476,191,1905,https://www.youtube.com/watch?v=de7WPnLh14Y,4476,343,151,3974,https://www.twitch.tv/videos/2859639469
00de1290ff0a4edda4db0385a6ba3300,744,16175,295,263,295,https://www.youtube.com/watch?v=GCdPdwIGYMM,0,0,0,,295,263,295,https://www.youtube.com/watch?v=GCdPdwIGYMM,1847,177,124,239,https://www.twitch.tv/videos/2866829633
dfc411c6b5d24d97b944f527ddfd2f0b,743,42102,155,70,474,https://www.youtube.com/watch?v=6795_pddl2k,208,106,474,https://www.youtube.com/watch?v=6795_pddl2k,98,49,140,https://www.youtube.com/watch?v=nBM31u3keQc,0,0,0,0,
d573ba517ed043a780491c40a7aaa22e,743,0,0,0,0,,0,0,0,,0,0,0,,0,0,0,0,
e5eb10612f5c4b069928fc1a71ad8e7d,742,97986,182,128,1449,https://www.youtube.com/watch?v=5e2BQRsyxHE,135,67,430,https://www.youtube.com/watch?v=Fh4OhowP7n8,1217,816,1449,https://www.youtube.com/watch?v=5e2BQRsyxHE,0,0,0,0,
2103bcf7923d4f74b2d043bffef71cc1,741,34468,0,0,0,,0,0,0,,0,0,0,,0,0,0,0,
c26ea894da5741df9e1bc62044f6bce7,741,0,0,0,0,,0,0,0,,0,0,0,,263,0,0,0,
2ccdc43de33c478192767afae6309f06,740,85569,159,39,2502,https://www.youtube.com/watch?v=XhkwO_iaS5I,239,57,2502,https://www.youtube.com/watch?v=XhkwO_iaS5I,57,22,246,https://www.youtube.com/watch?v=aLVSQvoJH5U,358,106,76,256,https://www.twitch.tv/videos/2873987422
efe21404e1e344dda7e75ecb2c160895,740,0,0,0,0,,0,0,0,,0,0,0,,0,0,0,0,
433b2802b62441a39c721400926d59eb,740,59660,135,65,1334,https://www.youtube.com/watch?v=yyBzzyhT97Y,152,101,1155,https://www.youtube.com/watch?v=pWGCEfJWmxk,76,38,1334,https://www.youtube.com/watch?v=yyBzzyhT97Y,0,0,0,0,
a2f9fd3568f3467aa35e411dbde1ab45,739,42708,42,16,46,https://www.youtube.com/watch?v=iX8hnAZoxmk,0,0,0,,42,16,46,https://www.youtube.com/watch?v=iX8hnAZoxmk,0,0,0,0,
ab7fb3b59bef4d869388be703ffa8c01,737,12482,0,0,0,,0,0,0,,0,0,0,,0,0,0,0,
c6286d22a9344325bb1609918d442b93,736,74887,239,5,1412,https://www.youtube.com/watch?v=WK3oAR-3fBE,75,5,75,https://www.youtube.com/watch?v=3MA0Wt4rt10,825,87,1412,https://www.youtube.com/watch?v=WK3oAR-3fBE,77,0,0,0,
f1bcb26adebc4b95abd8fb779dfc4f6f,735,40964,644,640,1172,https://www.youtube.com/watch?v=-ubWIWHwt3A,644,640,1172,https://www.youtube.com/watch?v=-ubWIWHwt3A,0,0,0,,0,0,0,0,
0f97f20ec79649e687590a4dc7328a21,734,19716,0,0,0,,0,0,0,,0,0,0,,349,0,0,0,
75e2a9a237e14297976b9b8946818de5,734,1621,0,0,0,,0,0,0,,0,0,0,,0,0,0,0,
5ee9f1126dcf463e8d6afc8ef113d084,733,22945,97,46,97,https://www.youtube.com/watch?v=7Cw7a-bNwv0,97,46,97,https://www.youtube.com/watch?v=7Cw7a-bNwv0,0,0,0,,0,0,0,0,
eef7776c596141afb7efb9c1790bcb64,733,34646,0,0,0,,0,0,0,,0,0,0,,1518,0,0,0,
b96e4730713c48899004d4af5975fe21,732,5168,0,0,0,,0,0,0,,0,0,0,,244,0,0,0,
a1880ae475fe44fc92760277c3f850ed,731,6511,0,0,0,,0,0,0,,0,0,0,,584,0,0,0,
da2113ffb3d74a6394685e68feaa7b60,731,191152,355,121,1012,https://www.youtube.com/watch?v=5G2D8al2DAg,30,24,167,https://www.youtube.com/watch?v=99Zk4HWIEmw,388,143,1012,https://www.youtube.com/watch?v=5G2D8al2DAg,0,0,0,0,
2608bc34d1f8497da55ab0cf4d0d7f0e,730,16244,17,0,17,https://www.youtube.com/watch?v=G770dbLv5kY,0,0,0,,17,0,17,https://www.youtube.com/watch?v=G770dbLv5kY,3309,307,190,706,https://www.twitch.tv/videos/2858385256
28e5717b1964475ca59ce02d81cb2796,730,14759,0,0,0,,0,0,0,,0,0,0,,3763,912,526,131840,https://www.twitch.tv/videos/2852834160
4d4db7afb4b84af7b4d54889a5f93947,729,22428,0,0,0,,0,0,0,,0,0,0,,0,0,0,0,
40fd0ce414e8465880489531775662e7,728,254,0,0,0,,0,0,0,,0,0,0,,0,0,0,0,
fcf160e0e39147b4b4037d1e4d18f076,727,86330,190,89,1255,https://www.youtube.com/watch?v=QmkYHVjQkQo,190,70,929,https://www.youtube.com/watch?v=eL5LPCm4t6o,643,466,1255,https://www.youtube.com/watch?v=QmkYHVjQkQo,0,0,0,0,
21507f58118d406b87fd42a39c87855a,727,26020,146,89,732,https://www.youtube.com/watch?v=4jwYlXPIInc,146,89,732,https://www.youtube.com/watch?v=4jwYlXPIInc,0,0,0,,0,0,0,0,
bff3b878d9864ff893bd79d1f2a7a849,724,49840,85,21,328,https://www.youtube.com/watch?v=GYrZFw0tq9w,85,21,328,https://www.youtube.com/watch?v=GYrZFw0tq9w,0,0,0,,135,0,0,0,
004e635d5d494045a810b2d026e769c7,722,76368,267,109,1243,https://www.youtube.com/watch?v=BfKomkHVfx0,238,100,502,https://www.youtube.com/watch?v=vYby-Cm3R7I,745,138,1243,https://www.youtube.com/watch?v=BfKomkHVfx0,0,0,0,0,
28e04c3575d84bd48e2de545801d4d06,721,18435,0,0,0,,0,0,0,,0,0,0,,0,0,0,0,
26b00f5ff5bf4b5a8dcb6c5c34e1b4f6,721,5456,0,0,0,,0,0,0,,0,0,0,,6549,1290,587,6792,https://www.twitch.tv/videos/2872112749
667d1f10770d4512a5350b74bcb3efc0,720,30317,123,44,317,https://www.youtube.com/watch?v=zNMzk9sbovA,123,44,317,https://www.youtube.com/watch?v=zNMzk9sbovA,0,0,0,,0,0,0,0,
424043d4c55449cd9317bc0923c13299,719,274878,143,90,1115,https://www.youtube.com/watch?v=3VOiStQQXyI,143,90,1115,https://www.youtube.com/watch?v=3VOiStQQXyI,0,0,0,,309,0,0,0,
082df6a588424bc9aaa378c53b34315c,718,17164,0,0,0,,0,0,0,,0,0,0,,186,31,21,34,https://www.twitch.tv/videos/2873945372
7c6c40e2c7b64a6997fb2173f446860f,716,51703,128,59,968,https://www.youtube.com/watch?v=VKWsHhADIvQ,128,44,503,https://www.youtube.com/watch?v=FAasleRPQ7s,968,542,968,https://www.youtube.com/watch?v=VKWsHhADIvQ,39,0,0,0,
9b64082043fc451f9dd5edc793fa8605,715,9048,12,6,14,https://www.youtube.com/watch?v=kHDw9VFmmfs,0,0,0,,12,6,14,https://www.youtube.com/watch?v=kHDw9VFmmfs,1149,200,140,200,https://www.twitch.tv/videos/2870716378
b3628981441b4b1aa2a3c91af81c7084,712,4317,0,0,0,,0,0,0,,0,0,0,,0,0,0,0,
c72045d5b8714411af64d5c9d29cea97,711,29176,265,99,265,https://www.youtube.com/watch?v=DZr-SU_hozk,265,99,265,https://www.youtube.com/watch?v=DZr-SU_hozk,0,0,0,,0,0,0,0,
49d38057272d4c4992cdbcb792c94d00,711,32254,230,155,852,https://www.youtube.com/watch?v=iNrDloWTaP8,230,155,852,https://www.youtube.com/watch?v=iNrDloWTaP8,0,0,0,,354,112,64,318,https://www.twitch.tv/videos/2857460554
6e3eb55128024fcca66d26ce1eb53802,711,18748,0,0,0,,0,0,0,,0,0,0,,575,182,140,271,https://www.twitch.tv/videos/2867789109
40a4357f990e4fd8ad2ac18c26603925,710,18929,53,22,160,https://www.youtube.com/watch?v=eGfaQ1BnHLQ,118,33,160,https://www.youtube.com/watch?v=eGfaQ1BnHLQ,28,20,53,https://www.youtube.com/watch?v=mDpA6Yv8hug,1684,115,107,320,https://www.twitch.tv/videos/2872159438
0800162a149e420ea0386c9506e710b7,710,29888,0,0,0,,0,0,0,,0,0,0,,0,0,0,0,
bb775b8f85574398af290f5be009d40e,710,955,0,0,0,,0,0,0,,0,0,0,,0,0,0,0,
8bd1aad0ee834101b6042c08495a31be,706,17193,0,0,0,,0,0,0,,0,0,0,,247,17,9,27,https://www.twitch.tv/videos/2865920969
87e486b2a37549cbaccc95bbf7d3f253,703,50083,83,31,288,https://www.youtube.com/watch?v=U668cZ09R5I,83,31,288,https://www.youtube.com/watch?v=U668cZ09R5I,0,0,0,,2456,80,52,115,https://www.twitch.tv/videos/2865959283
d460f1ea172d49f9a23f3277a391ce30,703,5902,0,0,0,,0,0,0,,0,0,0,,531,0,0,0,
bd16ea1e11d9475eb53a108ba90ea6a3,703,62780,63,46,131,https://www.youtube.com/watch?v=lrDEBLxjbwY,63,46,131,https://www.youtube.com/watch?v=lrDEBLxjbwY,0,0,0,,0,0,0,0,
a4e31a26718d42d692f6613fafb810f5,702,18025,0,0,0,,0,0,0,,0,0,0,,0,0,0,0,
96f73c5682e942ef888a3313031c7f58,698,11687,0,0,0,,0,0,0,,0,0,0,,0,0,0,0,
8881d23b0a3c426590c8a2509e363ec1,697,87236,0,0,0,,0,0,0,,0,0,0,,2081,122,98,202,https://www.twitch.tv/videos/2869519409
f7185f45c8a44e69bf829405206996b9,696,32867,162,64,162,https://www.youtube.com/watch?v=0HJLBOTQNUc,162,64,162,https://www.youtube.com/watch?v=0HJLBOTQNUc,0,0,0,,55,0,0,0,
23d18a6678794320b2d3f9d468b9b3a4,695,49770,95,63,731,https://www.youtube.com/watch?v=CtlKV3oMKHM,95,63,731,https://www.youtube.com/watch?v=CtlKV3oMKHM,0,0,0,,1327,175,131,764,https://www.twitch.tv/videos/2874371199
8a3a04df8f6048d19825cdfef59ecdc1,694,19530,0,0,0,,0,0,0,,0,0,0,,0,0,0,0,
5d1f5182f62642a8a2e3ae5d3ead1014,691,59311,225,111,592,https://www.youtube.com/watch?v=xYtlhIz-_zk,225,111,592,https://www.youtube.com/watch?v=xYtlhIz-_zk,0,0,0,,0,0,0,0,
2047c8ae25624470b90251b1fd9502d5,691,27950,0,0,0,,0,0,0,,0,0,0,,0,0,0,0,
2ffa876173cb42bc8a1de004fe10e391,689,18554,233,101,1312,https://www.youtube.com/watch?v=-A4OZHQm-6I,233,101,1312,https://www.youtube.com/watch?v=-A4OZHQm-6I,0,0,0,,0,0,0,0,
b5e6939c87f34003b2faf4bb3a72ca14,689,0,0,0,0,,0,0,0,,0,0,0,,0,0,0,0,
4caacad18f2842a099e3f8cc31060aca,688,33016,0,0,0,,0,0,0,,0,0,0,,0,0,0,0,
8ba365057cdb4ba5ba9c27c02c7c7f3d,687,14273,0,0,0,,0,0,0,,0,0,0,,1177,0,0,0,
3de1f749e7fe4b219a2a10611311297f,685,30997,226,136,1554,https://www.youtube.com/watch?v=WVUUWo_eiAY,180,97,422,https://www.youtube.com/watch?v=GYdaK2nGaeQ,1080,228,1554,https://www.youtube.com/watch?v=WVUUWo_eiAY,358,0,0,0,
dd6310e365b74ff69a4250bd4860a50b,685,61387,0,0,0,,0,0,0,,0,0,0,,5219,969,755,13044,https://www.twitch.tv/videos/2861373262
9bd9d680d6cf48d1a7171430f286fcb1,684,109529,209,153,450,https://www.youtube.com/watch?v=woAgsq7q1rs,101,31,112,https://www.youtube.com/watch?v=pEc3i0AiMgk,230,173,450,https://www.youtube.com/watch?v=woAgsq7q1rs,0,0,0,0,
a0467c81a3014fbf83029acffe5b1d3f,684,12357,0,0,0,,0,0,0,,0,0,0,,1144,23,11,23,https://www.twitch.tv/videos/2865883620
91216a87fe704ea9a42d3aabc1683f90,684,5482,973,201,1212,https://www.youtube.com/watch?v=gflpJoecP94,0,0,0,,973,201,1212,https://www.youtube.com/watch?v=gflpJoecP94,63,79,75,79,https://www.twitch.tv/videos/2877367653
bedd14283dd34a639c5f77a95856ecad,682,29290,288,183,876,https://www.youtube.com/watch?v=RHpoj5Wvw6I,288,183,876,https://www.youtube.com/watch?v=RHpoj5Wvw6I,0,0,0,,0,0,0,0,
6142bdfa61cd4f3092263bfe477e8e0b,682,201195,259,64,1384,https://www.youtube.com/watch?v=Y9khKc6NFPA,104,46,1384,https://www.youtube.com/watch?v=Y9khKc6NFPA,378,74,1273,https://www.youtube.com/watch?v=VWeNDn0XNQ4,0,0,0,0,
15ec206bfc374aaaa594bc12e9887a69,681,9452,0,0,0,,0,0,0,,0,0,0,,1639,0,0,0,
fc6a8de6e0e14e05a11b1d35dfce1d71,681,38396,128,62,234,https://www.youtube.com/watch?v=OE0SlFAfaQc,141,69,234,https://www.youtube.com/watch?v=OE0SlFAfaQc,78,56,78,https://www.youtube.com/watch?v=uQPrK-0D0xY,0,0,0,0,
c265c71f4d2744919a319f0f38c008f9,681,26720,0,0,0,,0,0,0,,0,0,0,,6170,0,0,0,
1b8f1c5c6e784ef4930d7e0f1dc35e4e,681,0,0,0,0,,0,0,0,,0,0,0,,0,0,0,0,
903278eb21a342669dc6f7eea7dbe618,680,31468,388,156,1356,https://www.youtube.com/watch?v=kXa8WlSSwN4,388,156,1356,https://www.youtube.com/watch?v=kXa8WlSSwN4,0,0,0,,0,0,0,0,
263db06cfe814d4397e6fc8bc593e70e,674,43068,0,0,0,,0,0,0,,0,0,0,,0,0,0,0,
94b3f738cde248e3bf6061f1692d6337,674,168316,0,0,0,,0,0,0,,0,0,0,,0,0,0,0,
5e931b583dfe4fdc98d10e4dceaf2c93,674,29294,89,33,1094,https://www.youtube.com/watch?v=scWJKjP_yGQ,0,0,0,,89,33,1094,https://www.youtube.com/watch?v=scWJKjP_yGQ,1744,713,577,1343,https://www.twitch.tv/videos/2877100586
cf5fc0cd849841679951b3769979b3a0,674,59337,470,237,1967,https://www.youtube.com/watch?v=ou77505ADQI,470,237,1967,https://www.youtube.com/watch?v=ou77505ADQI,0,0,0,,189,0,0,0,
c03997835cc943fe81a441c571d733d0,672,60247,122,68,210,https://www.youtube.com/watch?v=KIkUQXPTzmY,122,68,174,https://www.youtube.com/watch?v=iwV1IQBdo1E,129,102,210,https://www.youtube.com/watch?v=KIkUQXPTzmY,208,0,0,0,
e44a37ed06c749da9aeea8e16b309a84,672,29011,0,0,0,,0,0,0,,0,0,0,,27,0,0,0,
3e7ef261eb21464eacd7d26a1e6c2fcc,671,38447,139,74,763,https://www.youtube.com/watch?v=6OhupecFhKs,136,75,763,https://www.youtube.com/watch?v=6OhupecFhKs,509,12,509,https://www.youtube.com/watch?v=gG-N4qGjMV0,0,0,0,0,
5bbd1c2531594775a4b74928e630dd59,670,46616,0,0,0,,0,0,0,,0,0,0,,4225,144,111,623,https://www.twitch.tv/videos/2856728504
2fbd2ed36dc7493b8d3e95a19c2c9847,669,58256,154,100,1411,https://www.youtube.com/watch?v=ia8YrAdfIdc,159,101,1411,https://www.youtube.com/watch?v=ia8YrAdfIdc,36,17,36,https://www.youtube.com/watch?v=JwFkpbboRRc,0,0,0,0,
6159040406fc4e6cb73dbf9734717703,669,99395,0,0,0,,0,0,0,,0,0,0,,2119,0,0,0,
14d68e1fc65f4206b0c45d65970c0215,668,47102,149,78,654,https://www.youtube.com/watch?v=nxeP6XskiL4,149,78,654,https://www.youtube.com/watch?v=nxeP6XskiL4,0,0,0,,0,0,0,0,
b96f58f4373a4b65977afe5f2829e9e4,667,170762,106,46,671,https://www.youtube.com/watch?v=1vvQjVWz84o,70,26,565,https://www.youtube.com/watch?v=QJereJKP-bI,139,99,671,https://www.youtube.com/watch?v=1vvQjVWz84o,559,86,62,104,https://www.twitch.tv/videos/2878420600
d15b3fadead04e7399faaeb47fdf37f9,664,33925,0,0,0,,0,0,0,,0,0,0,,0,0,0,0,
4b305df8ba4546b48c8ec1cda5efb7e2,663,207457,464,390,464,https://www.youtube.com/watch?v=8qe-izVpBmQ,464,390,464,https://www.youtube.com/watch?v=8qe-izVpBmQ,0,0,0,,0,0,0,0,
f3a1ec7e996e4897ba4e34376f7c0be2,662,9856,0,0,0,,0,0,0,,0,0,0,,1060,219,186,315,https://www.twitch.tv/videos/2875643751
7342e2aefa41449880565dfd15a35cad,661,21422,50,23,468,https://www.youtube.com/watch?v=SXPOLvXLaTs,259,175,468,https://www.youtube.com/watch?v=SXPOLvXLaTs,2,2,2,https://www.youtube.com/watch?v=JhWRMZEIMcs,0,0,0,0,
f513e865b8aa4afab938316563c4955f,660,30375,0,0,0,,0,0,0,,0,0,0,,423,0,0,0,
e7f01ae0c78b4daeaaf8f3fe39946e8d,657,36411,67,21,273,https://www.youtube.com/watch?v=U7tCAZUOqGk,68,39,273,https://www.youtube.com/watch?v=U7tCAZUOqGk,40,18,87,https://www.youtube.com/watch?v=z-IdYV99K7A,0,0,0,0,
031da54f73f94adf8159ef0d3bfeb52b,655,72946,91,40,123,https://www.youtube.com/watch?v=xRvI-trTSoI,91,40,123,https://www.youtube.com/watch?v=xRvI-trTSoI,0,0,0,,0,0,0,0,
e911a56d410b4949aee1d3a8dc84f4ad,654,40904,0,0,0,,0,0,0,,0,0,0,,0,0,0,0,
0ad03ee6159c4d37a4feccbc49ba3dcf,653,67290,72,27,1125,https://www.youtube.com/watch?v=h8ssKSwS3G8,72,27,1125,https://www.youtube.com/watch?v=h8ssKSwS3G8,0,0,0,,172,0,0,0,
948c874aac8c4c7fa088b380e79b2154,653,21104,0,0,0,,0,0,0,,0,0,0,,0,0,0,0,
809ddec4aec2402ea41adeba2f8520ec,653,62162,7,5,39,https://www.youtube.com/watch?v=DQDuErUGv10,0,0,0,,7,5,39,https://www.youtube.com/watch?v=DQDuErUGv10,1371,285,206,638,https://www.twitch.tv/videos/2877117866
31073a45106c442cbe11fd4368e162fe,651,16119,0,0,0,,0,0,0,,0,0,0,,2119,0,0,0,
0f11420beab0442eae0208ac63d4474c,651,4329,0,0,0,,0,0,0,,0,0,0,,0,0,0,0,
12d506583827419e9eb3b64ec551a94d,651,36070,137,40,247,https://www.youtube.com/watch?v=34XyAsyBZuU,137,40,247,https://www.youtube.com/watch?v=34XyAsyBZuU,0,0,0,,23,0,0,0,
38eb53f7de2247f6a93dfec0fe2f0d1e,649,26263,317,106,1679,https://www.youtube.com/watch?v=tiYbUbVstCM,317,106,1679,https://www.youtube.com/watch?v=tiYbUbVstCM,608,224,1039,https://www.youtube.com/watch?v=HoTO0aqdn3k,0,0,0,0,
3e079110e939428085c1f1040ec756f9,646,9020,0,0,0,,0,0,0,,0,0,0,,0,0,0,0,
5507154831064d69906acc64c76b1c99,644,17074,215,75,215,https://www.youtube.com/watch?v=4-KWKeYMstg,215,75,215,https://www.youtube.com/watch?v=4-KWKeYMstg,0,0,0,,3265,421,140,898,https://www.twitch.tv/videos/2852678475
677a773535814b5fa2d557da2f80bb89,644,18142,0,0,0,,0,0,0,,0,0,0,,422,0,0,0,
4c127c01ba31487599018fc81ff1a3dd,643,38327,85,49,192,https://www.youtube.com/watch?v=UiuX5Gdw8Fo,85,49,192,https://www.youtube.com/watch?v=UiuX5Gdw8Fo,0,0,0,,0,0,0,0,
2c6b5ad20b4e4bdc85310b791d02b364,643,7539,0,0,0,,0,0,0,,0,0,0,,2309,0,0,0,
91d867842ac74a299407199f295d135d,642,2380,0,0,0,,0,0,0,,0,0,0,,0,0,0,0,
adb7f358e8134f30ac0919a74c9d171b,642,14015,1,0,3,https://www.youtube.com/watch?v=sTzIyz_Tbe4,0,0,0,,1,0,3,https://www.youtube.com/watch?v=sTzIyz_Tbe4,2296,219,156,451,https://www.twitch.tv/videos/2868489293
7d53d75ac36b4faea2450918f84dada3,641,32204,312,126,727,https://www.youtube.com/watch?v=nrgjl6JDOBM,300,152,356,https://www.youtube.com/watch?v=RcaZZGIHAYs,516,97,727,https://www.youtube.com/watch?v=nrgjl6JDOBM,0,0,0,0,
54b80ca15e0c40f6abdebd37e0aa4ca1,638,16122,0,0,0,,0,0,0,,0,0,0,,734,144,97,301,https://www.twitch.tv/videos/2866805711
6bb99d03979041aa909d87375acaf92d,636,110247,0,0,0,,0,0,0,,0,0,0,,0,0,0,0,
22aaa78ca5fa444bb70649727131c0f2,636,19612,0,0,0,,0,0,0,,0,0,0,,0,0,0,0,
e55e67f2f7f64a6da7ae604df1652f5e,635,255395,0,0,0,,0,0,0,,0,0,0,,0,0,0,0,
3e6f13f775fa4ef09ff9b26ce062eb52,633,1726,0,0,0,,0,0,0,,0,0,0,,309,0,0,0,
e50da8792cd94b009eaa8dd4be738d59,632,2090,0,0,0,,0,0,0,,0,0,0,,1159,58,30,70,https://www.twitch.tv/videos/2876666626
6c2b07e387644ff1898d8c536747dcb0,631,21455,0,0,0,,0,0,0,,0,0,0,,321,139,106,207,https://www.twitch.tv/videos/2870233068
ec332c6e824044698204e6dba3e5fbfc,629,12146,0,0,0,,0,0,0,,0,0,0,,556,0,0,0,
04ca68439fd14d088c77eb0069e6414f,629,58654,77,67,113,https://www.youtube.com/watch?v=s7NKfHdGFvE,77,67,113,https://www.youtube.com/watch?v=s7NKfHdGFvE,0,0,0,,372,65,56,97,https://www.twitch.tv/videos/2874813915
326a721a7a904cb9b5ed0dad4899d7c2,625,23271,0,0,0,,0,0,0,,0,0,0,,910,229,130,279,https://www.twitch.tv/videos/2870330518
20b9316c0979495fbff724be3442d4a4,625,169213,49,13,5379,https://www.youtube.com/watch?v=1A7x_JFT_K8,0,0,0,,49,13,5379,https://www.youtube.com/watch?v=1A7x_JFT_K8,17,0,0,0,
1f455594561b421da20dde10d1540981,623,44834,0,0,0,,0,0,0,,0,0,0,,6247,396,234,810,https://www.twitch.tv/videos/2859646890
b16b9643e24d404a8de6d66551451b85,622,10270,182,110,263,https://www.youtube.com/watch?v=xI_Y8lR-FIo,182,110,263,https://www.youtube.com/watch?v=xI_Y8lR-FIo,0,0,0,,3303,354,216,363,https://www.twitch.tv/videos/2869336007
960c19dbf65f4b7fa27439d1ede2af21,621,22892,0,0,0,,0,0,0,,0,0,0,,0,0,0,0,
4e35059a74df41189368fad5263a1f3f,620,68389,209,101,1213,https://www.youtube.com/watch?v=GxFK22gDjzk,185,86,914,https://www.youtube.com/watch?v=QNo9rIKyzCI,352,184,1213,https://www.youtube.com/watch?v=GxFK22gDjzk,78,17,16,34,https://www.twitch.tv/videos/2874764139
dec8ff1f1ef243ccb8fa65edb7a813bd,620,913,0,0,0,,0,0,0,,0,0,0,,328,0,0,0,
8b0dbadf9faa4815923944437f1c1abb,620,77359,12,6,128,https://www.youtube.com/watch?v=M3LGDwdb2Y4,0,0,0,,12,6,128,https://www.youtube.com/watch?v=M3LGDwdb2Y4,0,0,0,0,
b8ccfa7aec6a419ca8ad1a91d9fafdf6,620,0,0,0,0,,0,0,0,,0,0,0,,2517,129,85,232,https://www.twitch.tv/videos/2870549712
75efe1c591fa4cba93c4938c58cfed27,619,0,0,0,0,,0,0,0,,0,0,0,,0,0,0,0,
1e131b3460564fd49ca9675ead6ad9c6,619,40779,151,97,528,https://www.youtube.com/watch?v=aEgpdBqzK_Q,128,97,253,https://www.youtube.com/watch?v=lRBtptfXDFM,528,293,528,https://www.youtube.com/watch?v=aEgpdBqzK_Q,0,0,0,0,
994fcc5db40840ae990cf1ce43728548,618,18011,187,43,417,https://www.youtube.com/watch?v=x-2-n2HzRgs,187,43,417,https://www.youtube.com/watch?v=x-2-n2HzRgs,0,0,0,,0,0,0,0,
9760ffdb528f40a7bd010589f2ce06c4,617,31483,11,5,197,https://www.youtube.com/watch?v=MVO5R8bRUqk,0,0,0,,11,5,197,https://www.youtube.com/watch?v=MVO5R8bRUqk,822,95,59,476,https://www.twitch.tv/videos/2872926132
66345fc8147b45e99d6eba1b0df6ba7c,616,32043,0,0,0,,0,0,0,,0,0,0,,0,0,0,0,
e07cd7e29645414481d441fcfd4fd456,616,30266,29,9,77,https://www.youtube.com/watch?v=miOHUSrmUcg,0,0,0,,29,9,77,https://www.youtube.com/watch?v=miOHUSrmUcg,0,0,0,0,
a1d00cd951ed45afb01e1668dfae6592,616,8240,0,0,0,,0,0,0,,0,0,0,,0,0,0,0,
defbc693cb874182807b768593439616,615,19298,0,0,0,,0,0,0,,0,0,0,,1638,119,74,242,https://www.twitch.tv/videos/2860493292
f220baaf52864d7eba4b39877bc2afd2,612,0,0,0,0,,0,0,0,,0,0,0,,1115,0,0,0,
3849edba2b2e411f8564e9c1d1aaaa51,608,77836,132,68,192,https://www.youtube.com/watch?v=XdJoTH-LDO8,132,68,192,https://www.youtube.com/watch?v=XdJoTH-LDO8,0,0,0,,0,0,0,0,
7c781489389447e682388caccae7fb1c,606,21825,123,78,214,https://www.youtube.com/watch?v=9lbfh8tzFXY,0,0,0,,123,78,214,https://www.youtube.com/watch?v=9lbfh8tzFXY,1046,0,0,0,
b88a2e77cd7b4758925642f63b58051a,605,71203,252,118,687,https://www.youtube.com/watch?v=1z2yJHFaNE8,307,217,379,https://www.youtube.com/watch?v=y1HKEG1cGAA,117,94,687,https://www.youtube.com/watch?v=1z2yJHFaNE8,0,0,0,0,
c4ad3b6c4fe94f9a8142895fd869dfb9,604,5411,24,10,146,https://www.youtube.com/watch?v=6G42eCO1aCw,0,0,0,,24,10,146,https://www.youtube.com/watch?v=6G42eCO1aCw,1546,101,69,147,https://www.twitch.tv/videos/2878324526
9fba4ecf861140acb418c343a475f99c,603,58753,163,52,635,https://www.youtube.com/watch?v=7zw6oHwz9Ck,163,61,400,https://www.youtube.com/watch?v=i6Lmj_4HEGA,356,26,635,https://www.youtube.com/watch?v=7zw6oHwz9Ck,158,50,37,120,https://www.twitch.tv/videos/2873082183
3f74c9c84fac427ea0e3d147c6027e82,601,22434,53,15,182,https://www.youtube.com/watch?v=MnfvmgPONOo,54,15,182,https://www.youtube.com/watch?v=MnfvmgPONOo,16,10,16,https://www.youtube.com/watch?v=FRRxqlukg3g,0,0,0,0,
d02adf3818df4c9fa03ed90bf1df5b41,600,15514,0,0,0,,0,0,0,,0,0,0,,0,0,0,0,
508ebe96e7a94e94893609e616086dff,598,144558,587,248,1553,https://www.youtube.com/watch?v=On6ClcwlNtQ,0,0,0,,587,248,1553,https://www.youtube.com/watch?v=On6ClcwlNtQ,672,299,203,508,https://www.twitch.tv/videos/2876492324
156c4271fe17425bb02fd7b24f5a2a7a,596,10093,10,9,10,https://www.youtube.com/watch?v=Oe0ExhpDQLQ,0,0,0,,10,9,10,https://www.youtube.com/watch?v=Oe0ExhpDQLQ,0,0,0,0,
25262970b019418badba15bc46f9c048,596,126219,549,214,705,https://www.youtube.com/watch?v=Sm56tvFCIvs,549,214,705,https://www.youtube.com/watch?v=Sm56tvFCIvs,0,0,0,,529,138,56,181,https://www.twitch.tv/videos/2865561105
a1f8a0af53c34922b0c66ebdf4b3381d,596,11770,147,57,188,https://www.youtube.com/watch?v=sWyPdGz3RNM,147,57,188,https://www.youtube.com/watch?v=sWyPdGz3RNM,0,0,0,,78,0,0,0,
d6827fe530ca4db4b748651c72e81ead,594,18237,84,44,550,https://www.youtube.com/watch?v=AsOS2haV-r0,84,44,550,https://www.youtube.com/watch?v=AsOS2haV-r0,0,0,0,,265,41,40,73,https://www.twitch.tv/videos/2876215549
4cc07f3cbfed434090bba391bc15fd6d,592,41492,147,31,1133,https://www.youtube.com/watch?v=ZP5inFymwrw,0,0,0,,147,31,1133,https://www.youtube.com/watch?v=ZP5inFymwrw,1782,84,48,180,https://www.twitch.tv/videos/2868549616
8729a18bfb7848d880a59da20b281640,591,0,0,0,0,,0,0,0,,0,0,0,,540,0,0,0,
161544bf51864b2bad46cdd769bee278,591,27131,513,258,1113,https://www.youtube.com/watch?v=et6nUjOewo4,513,258,1113,https://www.youtube.com/watch?v=et6nUjOewo4,0,0,0,,216,58,53,83,https://www.twitch.tv/videos/2875639528
7dd6c13c71ee452e9a85dec903f2ee15,591,34981,131,77,852,https://www.youtube.com/watch?v=TRuoYjbFnT8,131,77,194,https://www.youtube.com/watch?v=cnbv6hTYa54,187,71,852,https://www.youtube.com/watch?v=TRuoYjbFnT8,0,0,0,0,
c1ca3c2282084d0ebbdeb3896801aec9,591,19290,0,0,0,,0,0,0,,0,0,0,,250,0,0,0,
ea7f97145fd44a51a95e5b97a6b8366c,590,176217,1753,1037,1753,https://www.youtube.com/watch?v=nmZCkJAGESQ,0,0,0,,1753,1037,1753,https://www.youtube.com/watch?v=nmZCkJAGESQ,0,0,0,0,
8c4d0ef0e1ee405e93be5d03974307ce,590,32114,168,61,197,https://www.youtube.com/watch?v=vdlDL735w-k,168,61,197,https://www.youtube.com/watch?v=vdlDL735w-k,0,0,0,,32,0,0,0,
d613059b356d4cc9b1c3e998f32d1a5a,589,22471,0,0,0,,0,0,0,,0,0,0,,11311,1402,899,1466,https://www.twitch.tv/videos/2871094681
14392ae1c106403ab690e8a6dea7c534,588,62462,238,144,1120,https://www.youtube.com/watch?v=pdkNzmR76KA,233,136,629,https://www.youtube.com/watch?v=cUVNxAsD0w0,1120,913,1120,https://www.youtube.com/watch?v=pdkNzmR76KA,0,0,0,0,
09664b7d99674030ae184672ac8c8ee7,588,52516,0,0,0,,0,0,0,,0,0,0,,0,0,0,0,
aa673b95b03540288c87dbaa59477ef9,586,38890,149,33,149,https://www.youtube.com/watch?v=TLWPfPtqkyw,149,33,149,https://www.youtube.com/watch?v=TLWPfPtqkyw,0,0,0,,0,0,0,0,
7dc8617f6004470c8a65a67a9abdf661,586,19711,37,15,48,https://www.youtube.com/watch?v=X2Kk0JQrFdM,37,15,48,https://www.youtube.com/watch?v=X2Kk0JQrFdM,0,0,0,,263,30,29,30,https://www.twitch.tv/videos/2878379903
ff88906b47654805b8370426415f1183,586,17237,0,0,0,,0,0,0,,0,0,0,,3418,592,256,823,https://www.twitch.tv/videos/2858533753
52ff14aabd804801a6e589681fc2fb4d,584,72330,0,0,0,,0,0,0,,0,0,0,,1607,0,0,0,
19ccc34670ad4ea6b4d8bc5aaafdf876,584,12841,0,0,0,,0,0,0,,0,0,0,,0,0,0,0,
cd90274cae394fa7be47a5535b563882,583,0,0,0,0,,0,0,0,,0,0,0,,0,0,0,0,
b76eb671dc62463fb845025be34526b7,580,35983,913,759,1171,https://www.youtube.com/watch?v=6CW4gS3X9fU,0,0,0,,913,759,1171,https://www.youtube.com/watch?v=6CW4gS3X9fU,0,0,0,0,
619f48c4546c481bbc52aadc12c3e48f,580,7922,299,212,299,https://www.youtube.com/watch?v=u7N9jllQCyY,0,0,0,,299,212,299,https://www.youtube.com/watch?v=u7N9jllQCyY,2818,459,355,1030,https://www.twitch.tv/videos/2875046376
7179f903569e4fa9842b5c5ea3f7a645,578,36657,178,52,355,https://www.youtube.com/watch?v=Ndlz04OIM9Q,178,52,355,https://www.youtube.com/watch?v=Ndlz04OIM9Q,0,0,0,,641,41,31,43,https://www.twitch.tv/videos/2872075950
6f5a8075e60244cb8e74c6aa35daaa2a,577,29896,0,0,0,,0,0,0,,0,0,0,,0,0,0,0,
b511c9a0eba7474fbb8ac8d02ff357b7,577,69494,126,32,241,https://www.youtube.com/watch?v=Dq91qjUxBkw,126,32,241,https://www.youtube.com/watch?v=Dq91qjUxBkw,0,0,0,,0,0,0,0,
5e259658ed814cc894dfe408d10ecc6e,576,32265,356,319,356,https://www.youtube.com/watch?v=E3HxfX43urQ,356,319,356,https://www.youtube.com/watch?v=E3HxfX43urQ,0,0,0,,0,0,0,0,
fad52a34935b402a819aa4bb504453da,574,30319,23,22,23,https://www.youtube.com/watch?v=IAq1U74LWFA,23,22,23,https://www.youtube.com/watch?v=IAq1U74LWFA,0,0,0,,0,0,0,0,
4859b57db8e043f1965e56324f137097,571,92450,0,0,0,,0,0,0,,0,0,0,,2074,186,126,240,https://www.twitch.tv/videos/2871091942
ee5418c900a7400fa44c821eaaca0218,570,10223,30,18,43,https://www.youtube.com/watch?v=pqiKSFIoVR0,0,0,0,,30,18,43,https://www.youtube.com/watch?v=pqiKSFIoVR0,628,18,7,69,https://www.twitch.tv/videos/2873767917
84111bbae2be41ea96c8b2f6c755f00c,570,24336,265,91,1447,https://www.youtube.com/watch?v=KOllb8rSPfw,251,90,278,https://www.youtube.com/watch?v=6tgo2lTZe0M,473,152,1447,https://www.youtube.com/watch?v=KOllb8rSPfw,1621,254,184,504,https://www.twitch.tv/videos/2873026008
76a17ecab93c4c3db069c9a5d8d0ecf5,569,45697,0,0,0,,0,0,0,,0,0,0,,1845,431,301,583,https://www.twitch.tv/videos/2870328706
22b0dfc3703e477d9ce6880cdbfafd91,569,24131,0,0,0,,0,0,0,,0,0,0,,2405,120,91,132,https://www.twitch.tv/videos/2874849498
33546b9ad5a8408589405f9467063dd7,569,23104,1202,770,1588,https://www.youtube.com/watch?v=7eTUJKly7bs,0,0,0,,1202,770,1588,https://www.youtube.com/watch?v=7eTUJKly7bs,3710,220,60,2803,https://www.twitch.tv/videos/2864195564
5dd38c1bf796414399e7c80092c1d984,568,503182,214,49,8803,https://www.youtube.com/watch?v=_pC8TbM9KqA,76,40,310,https://www.youtube.com/watch?v=viuN1Py7uZw,366,55,8803,https://www.youtube.com/watch?v=_pC8TbM9KqA,52,0,0,0,
746abd9861714105823ebfb2a18f6fdc,568,49093,90,60,213,https://www.youtube.com/watch?v=271UDVY3--0,90,60,213,https://www.youtube.com/watch?v=271UDVY3--0,0,0,0,,0,0,0,0,
5908563b5c944c7b919b08e5233a8a5a,567,146417,7,4,182,https://www.youtube.com/watch?v=nhZr9UDoHfI,0,0,0,,7,4,182,https://www.youtube.com/watch?v=nhZr9UDoHfI,989,52,41,148,https://www.twitch.tv/videos/2868641605
a6b0f8c8343041f0b1ea96c46ee4e582,565,19936,202,164,347,https://www.youtube.com/watch?v=e0zAbgLVvkQ,202,164,347,https://www.youtube.com/watch?v=e0zAbgLVvkQ,0,0,0,,286,108,93,182,https://www.twitch.tv/videos/2874639041
993f7baff5d24cf69d077e30f7fd1a9d,565,26508,0,0,0,,0,0,0,,0,0,0,,0,0,0,0,
ba795eb1ea0f4fea888b1bfff3d5be86,564,69615,20,7,24,https://www.youtube.com/watch?v=TjWEF-nVcRQ,0,0,0,,20,7,24,https://www.youtube.com/watch?v=TjWEF-nVcRQ,3457,0,0,0,
318268a48a3c47b7a56609c204d02b03,563,15142,0,0,0,,0,0,0,,0,0,0,,3287,145,127,183,https://www.twitch.tv/videos/2875468241
0e136a936a574815a311e6e801ce3ca6,560,23016,327,205,688,https://www.youtube.com/watch?v=Q6hogImwxO4,492,292,688,https://www.youtube.com/watch?v=Q6hogImwxO4,76,33,76,https://www.youtube.com/watch?v=INHO1a8N0rQ,40,0,0,0,
82d775c8bb1740c0a6db1037d3bf5fe0,560,16072,271,114,452,https://www.youtube.com/watch?v=p0OFaxhfwDg,271,114,452,https://www.youtube.com/watch?v=p0OFaxhfwDg,0,0,0,,0,0,0,0,
bee7e3be201d4df089b9d73d384b75c5,559,903,0,0,0,,0,0,0,,0,0,0,,0,0,0,0,
df6e2520044744f0957a83db74b386bb,559,15629,0,0,0,,0,0,0,,0,0,0,,0,0,0,0,
21f5355738614770afb34b761a4c45af,555,4424,0,0,0,,0,0,0,,0,0,0,,0,0,0,0,
54c49dea17ad4eb5aeb7ce1698dc01be,553,34604,133,19,192,https://www.youtube.com/watch?v=M12Ns7trjnQ,133,19,192,https://www.youtube.com/watch?v=M12Ns7trjnQ,0,0,0,,115,0,0,0,
6503172c78774a0fa639255ac2e7e85a,552,21485,50,24,107,https://www.youtube.com/watch?v=cgBHd4kDXSk,50,24,107,https://www.youtube.com/watch?v=cgBHd4kDXSk,0,0,0,,0,0,0,0,
95df3846ff6644429227e9e058994ad8,549,30698,523,255,1012,https://www.youtube.com/watch?v=6gPVrBSAeVY,523,255,1012,https://www.youtube.com/watch?v=6gPVrBSAeVY,0,0,0,,0,0,0,0,
21c8f34b3284456792c28b2ce7290589,548,24299,166,96,166,https://www.youtube.com/watch?v=q11rqBDq-_Q,0,0,0,,166,96,166,https://www.youtube.com/watch?v=q11rqBDq-_Q,0,0,0,0,
f5493e350f514aae860e4fbc529adf4c,548,343,0,0,0,,0,0,0,,0,0,0,,0,0,0,0,
8e65ff08f84f46148a79346978db81c8,546,98070,461,178,1711,https://www.youtube.com/watch?v=U8oF-jAJhjc,505,240,1460,https://www.youtube.com/watch?v=vuzMZrqrvYI,294,125,1711,https://www.youtube.com/watch?v=U8oF-jAJhjc,0,0,0,0,
cd1224f4756340c594f3c36245e9b4d4,545,152540,239,139,1429,https://www.youtube.com/watch?v=DlR_8cajHEk,0,0,0,,239,139,1429,https://www.youtube.com/watch?v=DlR_8cajHEk,2192,150,110,242,https://www.twitch.tv/videos/2869414419
1760601b33854f2ab58b6217bd2cfedf,543,34364,0,0,0,,0,0,0,,0,0,0,,0,0,0,0,
7731172cfcaa4e668762473a7b9d509a,543,16169,0,0,0,,0,0,0,,0,0,0,,832,0,0,0,
87df5b92303e4410884b8c52ff2c4e0d,543,47004,8,3,814,https://www.youtube.com/watch?v=xT6jdbdDL7Y,0,0,0,,8,3,814,https://www.youtube.com/watch?v=xT6jdbdDL7Y,1215,395,249,535,https://www.twitch.tv/videos/2878106997
c40a4498540d462a89c2391a41aa9f0e,542,21655,534,189,559,https://www.youtube.com/watch?v=duBY7kvizoE,0,0,0,,534,189,559,https://www.youtube.com/watch?v=duBY7kvizoE,2450,218,157,218,https://www.twitch.tv/videos/2871186525
780ca962f78b49d580c8a078b0525d25,540,28765,809,168,1338,https://www.youtube.com/watch?v=gEDWM_PvIqE,0,0,0,,809,168,1338,https://www.youtube.com/watch?v=gEDWM_PvIqE,0,0,0,0,
f1af649939f441ef83a72bac4dc974e3,539,18305,0,0,0,,0,0,0,,0,0,0,,0,0,0,0,
d6afb902dbe04e35ab52f961f538f9bd,538,27157,185,43,185,https://www.youtube.com/watch?v=4rtj_7IG4V0,185,43,185,https://www.youtube.com/watch?v=4rtj_7IG4V0,0,0,0,,134,0,0,0,
bd7947d2357941039893b911b18f3b4c,538,47013,37,14,48,https://www.youtube.com/watch?v=Kx7zA00V9vc,37,14,48,https://www.youtube.com/watch?v=Kx7zA00V9vc,0,0,0,,668,85,55,102,https://www.twitch.tv/videos/2868584482
e53ab7560fbc44fcba0dc3b7dceff697,538,8643,0,0,0,,0,0,0,,0,0,0,,0,0,0,0,
7344fd4a1019434792afd863eddb4250,538,37601,0,0,0,,0,0,0,,0,0,0,,1862,347,240,735,https://www.twitch.tv/videos/2869377926
c232b3088a6e49b997b325d5de9a3013,537,22889,118,36,285,https://www.youtube.com/watch?v=EZ9TEQnvKQo,118,36,285,https://www.youtube.com/watch?v=EZ9TEQnvKQo,0,0,0,,162,0,0,0,
b359f595b54b4edc8969423a8b5658ff,536,35736,0,0,0,,0,0,0,,0,0,0,,0,0,0,0,
c269bafe425f470e957731c454b8925c,535,45690,1133,671,1181,https://www.youtube.com/watch?v=ScFDLL5CpjU,0,0,0,,1133,671,1181,https://www.youtube.com/watch?v=ScFDLL5CpjU,632,0,0,0,
f072e780d0c84ca08c27020e1f2de365,535,16378,11,6,606,https://www.youtube.com/watch?v=LBVzmBQzyOc,0,0,0,,11,6,606,https://www.youtube.com/watch?v=LBVzmBQzyOc,700,23,18,39,https://www.twitch.tv/videos/2867591998
3750eae778e9453eaeee75956a8dabc6,534,16432,935,502,1181,https://www.youtube.com/watch?v=zZROPfMTVpQ,0,0,0,,935,502,1181,https://www.youtube.com/watch?v=zZROPfMTVpQ,2561,327,273,476,https://www.twitch.tv/videos/2872866318
284904fe0fc5485f926eb7941427d8f4,533,9870,0,0,0,,0,0,0,,0,0,0,,0,0,0,0,
735a3d989210437f9e5b8e7a7ba6d88a,532,25380,265,173,1416,https://www.youtube.com/watch?v=TEPF45SzuaU,145,105,238,https://www.youtube.com/watch?v=fpssirJ-D1o,1319,360,1416,https://www.youtube.com/watch?v=TEPF45SzuaU,130,0,0,0,
100af980504b4bd38c8b2192d1e71b29,531,36655,1015,455,1103,https://www.youtube.com/watch?v=GV6HYVfRoWI,0,0,0,,1015,455,1103,https://www.youtube.com/watch?v=GV6HYVfRoWI,0,0,0,0,
c6704a4edfef443ba46ba7f0db0c4ff9,529,14546,183,150,199,https://www.youtube.com/watch?v=nuE3NflPlSI,183,150,199,https://www.youtube.com/watch?v=nuE3NflPlSI,0,0,0,,0,0,0,0,
f1cd5373408f4509b94caed34d4c05e9,529,10791,0,0,0,,0,0,0,,0,0,0,,0,0,0,0,
b0df22881775422093e3e64a63b01a5a,528,66635,74,7,74,https://www.youtube.com/watch?v=Q9bEmPM8QQ8,74,7,74,https://www.youtube.com/watch?v=Q9bEmPM8QQ8,0,0,0,,164,0,0,0,
ffffcd6d454a4e77a215927a82c460bc,527,126519,0,0,0,,0,0,0,,0,0,0,,1087,36,26,55,https://www.twitch.tv/videos/2871213319
6166fbac685941a6acf389460de44943,526,52574,86,38,1109,https://www.youtube.com/watch?v=zG1zsSRmOEk,82,30,241,https://www.youtube.com/watch?v=myVeDkWvCbY,599,162,1109,https://www.youtube.com/watch?v=zG1zsSRmOEk,0,0,0,0,
37e88453b9cb48b1863bc455328b34c1,525,8205,14,2,14,https://www.youtube.com/watch?v=__lUlTOkmxc,0,0,0,,14,2,14,https://www.youtube.com/watch?v=__lUlTOkmxc,1496,122,99,146,https://www.twitch.tv/videos/2875591378
9099b86c3fe84a138b0bc1f258bca138,525,23481,29,13,92,https://www.youtube.com/watch?v=RLq8DmRRI9o,29,13,92,https://www.youtube.com/watch?v=RLq8DmRRI9o,0,0,0,,0,0,0,0,
1e4f8348a36e4ab3abda426f1810513a,524,13913,0,0,0,,0,0,0,,0,0,0,,0,0,0,0,
73abc31606db493f971f679dfde4f7e5,523,63917,85,36,191,https://www.youtube.com/watch?v=ZizjpYTK8Q8,85,36,191,https://www.youtube.com/watch?v=ZizjpYTK8Q8,0,0,0,,86,0,0,0,
3f2e41bdee4145f59fa97830ba3f5edb,522,16804,0,0,0,,0,0,0,,0,0,0,,2595,346,239,451,https://www.twitch.tv/videos/2868718747
01d150623c984f3d8d7de4b1859afadd,522,11010,0,0,0,,0,0,0,,0,0,0,,0,0,0,0,
5cfc673e9de1433096a85e9236895c79,521,15757,0,0,0,,0,0,0,,0,0,0,,0,0,0,0,
328751d304524e18a74cef810504b219,521,6288,311,233,311,https://www.youtube.com/watch?v=zeNtys8qXJU,0,0,0,,311,233,311,https://www.youtube.com/watch?v=zeNtys8qXJU,937,699,316,930,https://www.twitch.tv/videos/2877202310
aedfb89bad4545379af018f5933bddb7,520,31299,181,117,501,https://www.youtube.com/watch?v=pR115U-bBF8,181,117,501,https://www.youtube.com/watch?v=pR115U-bBF8,0,0,0,,28,0,0,0,
41ad2f1c78f0406ab5460f38115002d7,519,21892,34,3,34,https://www.youtube.com/watch?v=-_PiOS5XxKE,34,3,34,https://www.youtube.com/watch?v=-_PiOS5XxKE,0,0,0,,0,0,0,0,
b7b1cb60f1c24c0ea4fb1f506d3e247a,517,13923,33,16,36,https://www.youtube.com/watch?v=lkR5hYHpbg0,0,0,0,,33,16,36,https://www.youtube.com/watch?v=lkR5hYHpbg0,1582,159,54,393,https://www.twitch.tv/videos/2860781862
aa182728aa6d44c4ae37caa7cdb8ed29,516,22185,122,92,210,https://www.youtube.com/watch?v=NoLLCIKP56c,210,159,210,https://www.youtube.com/watch?v=NoLLCIKP56c,34,25,34,https://www.youtube.com/watch?v=H1oZuU51NqY,221,5,3,5,https://www.twitch.tv/videos/2872121995
24a8057dfc374fc9bdfd9b8c813a5e12,515,21544,0,0,0,,0,0,0,,0,0,0,,0,0,0,0,
323c21f9e49f47d48609f698a3f81fd5,514,6560,181,55,198,https://www.youtube.com/watch?v=RTwiTpPIAwk,181,55,198,https://www.youtube.com/watch?v=RTwiTpPIAwk,0,0,0,,0,0,0,0,
ffdc53dc3c764656a2f76031ee262b60,513,7309,0,0,0,,0,0,0,,0,0,0,,228,0,0,0,
182c265206924dccb716fc21b37486b0,513,8813,0,0,0,,0,0,0,,0,0,0,,0,0,0,0,
1a95847597f04ae39d6f0d9caba04a5f,513,19687,0,0,0,,0,0,0,,0,0,0,,1600,234,189,278,https://www.twitch.tv/videos/2876397257
533e7b1b50ba448292c09c5845d68eb6,512,9842,205,20,205,https://www.youtube.com/watch?v=AyOvf1Ltzjw,0,0,0,,205,20,205,https://www.youtube.com/watch?v=AyOvf1Ltzjw,312,0,0,0,
cbee87914d63402b825bf74d25333236,512,18239,143,101,168,https://www.youtube.com/watch?v=UquKaP_nPgA,143,101,168,https://www.youtube.com/watch?v=UquKaP_nPgA,0,0,0,,0,0,0,0,
fd5a1e004f224586aa65f9c5b374cc4a,512,17479,626,406,1555,https://www.youtube.com/watch?v=AdZIE2j-fWU,89,85,248,https://www.youtube.com/watch?v=BMBBBVfboC8,787,458,1555,https://www.youtube.com/watch?v=AdZIE2j-fWU,5471,486,275,1344,https://www.twitch.tv/videos/2861244924
2bffdc20e3cb48de9bf46600f62d248e,511,27221,0,0,0,,0,0,0,,0,0,0,,288,0,0,0,
17a340801a7d4697be53c472c621993d,511,26207,0,0,0,,0,0,0,,0,0,0,,804,91,63,107,https://www.twitch.tv/videos/2875717884
af41302aa9184c2dbc25d2ed16e878fc,510,92005,82,41,277,https://www.youtube.com/watch?v=7hj4aZf0FAk,89,43,277,https://www.youtube.com/watch?v=7hj4aZf0FAk,61,38,80,https://www.youtube.com/watch?v=DrQP8muF9l8,268,0,0,0,
6926325d2c1c4c4e87f7be69ab675d53,509,118439,123,78,760,https://www.youtube.com/watch?v=nKvPJvIwpHE,120,71,250,https://www.youtube.com/watch?v=iLaOMPiwtcg,760,113,760,https://www.youtube.com/watch?v=nKvPJvIwpHE,0,0,0,0,
442edbdb59fe4979a2be3e5183258cf8,508,23580,170,69,308,https://www.youtube.com/watch?v=uV4virn37Jo,170,69,308,https://www.youtube.com/watch?v=uV4virn37Jo,0,0,0,,0,0,0,0,
52136fb3529d4f5eb5225ade4209b8b3,508,12158,0,0,0,,0,0,0,,0,0,0,,0,0,0,0,
8db6aab32c8e45c8a70d0850bfcd3e5c,506,27604,0,0,0,,0,0,0,,0,0,0,,148,0,0,0,
423ee3a5dbd549f19893a1823856b8dc,505,72226,0,0,0,,0,0,0,,0,0,0,,494,73,50,204,https://www.twitch.tv/videos/2872507370
6d1b01658ae74a7f91c7f60b5abe1cb2,504,49692,201,34,813,https://www.youtube.com/watch?v=Sle9FcwqmnA,295,52,448,https://www.youtube.com/watch?v=fjEetCAVFk0,117,23,813,https://www.youtube.com/watch?v=Sle9FcwqmnA,0,0,0,0,
87f156d485c047ec9c137894c7452da4,500,6912,0,0,0,,0,0,0,,0,0,0,,490,0,0,0,
1bf9786ba55042b9ae3294dadfc7b40d,499,19914,95,81,111,https://www.youtube.com/watch?v=052MP-Ay0aI,95,81,111,https://www.youtube.com/watch?v=052MP-Ay0aI,0,0,0,,0,0,0,0,
51f3508054da4987b4e8f659e4d28d1d,496,3179,0,0,0,,0,0,0,,0,0,0,,4968,383,259,775,https://www.twitch.tv/videos/2864915967
45d566a561914da0a15a5a21574eb30a,495,9215,95,69,247,https://www.youtube.com/watch?v=XG7O9cj7ehc,95,69,247,https://www.youtube.com/watch?v=XG7O9cj7ehc,0,0,0,,0,0,0,0,
a42c38cc7c0b4812b9bc79ab5f2d84f3,494,39307,140,90,1581,https://www.youtube.com/watch?v=3_2XyUQvAhg,105,35,140,https://www.youtube.com/watch?v=lUiuumOq2Q4,651,249,1581,https://www.youtube.com/watch?v=3_2XyUQvAhg,0,0,0,0,
c699beab8e8a4064849c977b67058447,494,21818,0,0,0,,0,0,0,,0,0,0,,1324,0,0,0,
09c9c71c41e24e7d9498ce41a78dae1c,494,13581,0,0,0,,0,0,0,,0,0,0,,463,0,0,0,
54355102572e408183af55831cb98e3a,493,28495,0,0,0,,0,0,0,,0,0,0,,181,0,0,0,
b423123a68df4ac88b2a376ae5fd3b89,491,24600,139,105,1111,https://www.youtube.com/watch?v=UDjuNYL3vlY,135,105,969,https://www.youtube.com/watch?v=TmjHilxWd1Y,815,177,1111,https://www.youtube.com/watch?v=UDjuNYL3vlY,0,0,0,0,
88917b370d0041d8be65372342c92523,491,26340,23,13,228,https://www.youtube.com/watch?v=wOelcpXOW84,0,0,0,,23,13,228,https://www.youtube.com/watch?v=wOelcpXOW84,2137,592,178,947,https://www.twitch.tv/videos/2856870564
085ed0ddc3294678b9570fdbcf581c64,490,298,0,0,0,,0,0,0,,0,0,0,,31247,325,180,1288,https://www.twitch.tv/videos/2853932456
0a067d81cfe24b39b770b67ad89b61a7,490,0,0,0,0,,0,0,0,,0,0,0,,0,0,0,0,
e306270e80094416818cfddb33153419,487,19032,0,0,0,,0,0,0,,0,0,0,,0,0,0,0,
ae5ffb6b5338483c91ff1b883d51a3e7,486,2826,0,0,0,,0,0,0,,0,0,0,,0,0,0,0,
037bc9366d5949b0877707007b4b1ed5,484,23997,1165,382,1165,https://www.youtube.com/watch?v=7FzapXw_o5w,0,0,0,,1165,382,1165,https://www.youtube.com/watch?v=7FzapXw_o5w,368,0,0,0,
e41bf48a09d64e4aa3d96064a9a63b08,484,94940,581,448,748,https://www.youtube.com/watch?v=fxcmWuJao1U,0,0,0,,581,448,748,https://www.youtube.com/watch?v=fxcmWuJao1U,70,0,0,0,
7168995b95ab439aa7cf1f3099d7bd88,482,70273,577,199,851,https://www.youtube.com/watch?v=3i6oSIpWZio,0,0,0,,577,199,851,https://www.youtube.com/watch?v=3i6oSIpWZio,3951,0,0,0,
91f5b04be2e74f64b03e0774cc275748,482,21121,0,0,0,,0,0,0,,0,0,0,,0,0,0,0,
09945e9139af4f3a96e6adfd73139d35,478,16746,0,0,0,,0,0,0,,0,0,0,,1607,88,78,132,https://www.twitch.tv/videos/2867798735
acb95c574d8444cd80102796e0d56edd,478,66672,0,0,0,,0,0,0,,0,0,0,,218,0,0,0,
d148768158984ce8b3a8214b1fb3dafc,478,10381,331,93,371,https://www.youtube.com/watch?v=89N5CgjhsPU,331,93,371,https://www.youtube.com/watch?v=89N5CgjhsPU,0,0,0,,178,0,0,0,
6695a7e8f824489881f2c321501a36a6,478,25809,27,15,46,https://www.youtube.com/watch?v=xZa2JVbQhZ8,27,15,46,https://www.youtube.com/watch?v=xZa2JVbQhZ8,0,0,0,,0,0,0,0,
7652b3bd3da6418cbf02c85057077b54,477,12934,105,8,166,https://www.youtube.com/watch?v=6gXrwUface4,105,8,166,https://www.youtube.com/watch?v=6gXrwUface4,0,0,0,,279,0,0,0,
7677c9c71c0a4decad1472b7ecc604bb,475,6117,0,0,0,,0,0,0,,0,0,0,,486,0,0,0,
30e2594ce7cf4bc3a7e536639b15ff30,474,12617,65,32,124,https://www.youtube.com/watch?v=S_ebbK7gmZI,65,32,124,https://www.youtube.com/watch?v=S_ebbK7gmZI,0,0,0,,326,55,47,108,https://www.twitch.tv/videos/2871193434
d2da40bb201e49ddbd6a8780bfaf8b63,474,15209,0,0,0,,0,0,0,,0,0,0,,1335,0,0,0,
294b1c29030244c784387782c0cb6aee,474,13863,262,172,262,https://www.youtube.com/watch?v=w1SC-vu_FbQ,262,172,262,https://www.youtube.com/watch?v=w1SC-vu_FbQ,0,0,0,,0,0,0,0,
3981c01691a44d708da1191e9546eaad,471,35998,65,41,264,https://www.youtube.com/watch?v=0ZEfwCN93hY,65,41,264,https://www.youtube.com/watch?v=0ZEfwCN93hY,0,0,0,,0,0,0,0,
451162e7f4c041edb3447732eba1937a,471,3264,0,0,0,,0,0,0,,0,0,0,,111,0,0,0,
2efb6dc7796c4ce792c196d27af0df87,470,64002,295,49,836,https://www.youtube.com/watch?v=3IR_vet-4uU,85,17,614,https://www.youtube.com/watch?v=6G0HmsF11_4,407,201,836,https://www.youtube.com/watch?v=3IR_vet-4uU,0,0,0,0,
23335565d59c404080e9c06f437b011b,470,73051,0,0,0,,0,0,0,,0,0,0,,1139,0,0,0,
3513b73ded994bc3a92a70c9632c9856,469,7946,0,0,0,,0,0,0,,0,0,0,,7141,290,107,460,https://www.twitch.tv/videos/2870532871
fb17cff93fa94c8ea8b052f497f27fb4,469,22025,0,0,0,,0,0,0,,0,0,0,,17,0,0,0,
3a13b2827ef048859006a3acb74c175a,468,10583,0,0,0,,0,0,0,,0,0,0,,7151,5301,3442,25197,https://www.twitch.tv/videos/2867567226
6717d34e87574888848bc45c86bd80e6,467,31182,0,0,0,,0,0,0,,0,0,0,,1338,283,231,466,https://www.twitch.tv/videos/2876415522
0a5bbdc460184f279cb8c7965a1d6098,466,82376,567,48,1372,https://www.youtube.com/watch?v=JZkDZV-PgoQ,0,0,0,,567,48,1372,https://www.youtube.com/watch?v=JZkDZV-PgoQ,248,50,36,68,https://www.twitch.tv/videos/2865705413
f9444f6d790344a4a51a301110665229,466,13185,150,79,940,https://www.youtube.com/watch?v=JtSwXi4SIAk,136,76,240,https://www.youtube.com/watch?v=ifCRjYP7C7A,326,91,940,https://www.youtube.com/watch?v=JtSwXi4SIAk,0,0,0,0,
2dc29f6b05584c718c60034af9883496,465,104787,0,0,0,,0,0,0,,0,0,0,,0,0,0,0,
4abb927b8dc049768d63b4a8e229e8cc,464,0,0,0,0,,0,0,0,,0,0,0,,0,0,0,0,
904217f39af144a9b922beab57e61ae4,464,21892,316,130,726,https://www.youtube.com/watch?v=ZOwo31sHV2c,316,130,726,https://www.youtube.com/watch?v=ZOwo31sHV2c,0,0,0,,408,93,58,118,https://www.twitch.tv/videos/2873011257
59e3094256344f8c83a3f4355b8b667b,463,0,0,0,0,,0,0,0,,0,0,0,,2589,0,0,0,
7a2ad28d7377465a8721724cfce9ffb5,463,1266,0,0,0,,0,0,0,,0,0,0,,0,0,0,0,
2df2e0bc14fa4450a0d17d294b5a0bc0,463,32109,0,0,0,,0,0,0,,0,0,0,,0,0,0,0,
502d093ba13d45de84602b54a1dc6e6c,462,24987,27,15,1305,https://www.youtube.com/watch?v=QiAEnX6_ubs,635,376,1305,https://www.youtube.com/watch?v=QiAEnX6_ubs,24,10,92,https://www.youtube.com/watch?v=rBMjZYrGm9c,213,128,104,222,https://www.twitch.tv/videos/2873383844
0c2cb722c6ab4e3890139c922c80d4d8,462,4078,0,0,0,,0,0,0,,0,0,0,,188,0,0,0,
d017bd7855e547298906060f0e9b442e,461,14247,0,0,0,,0,0,0,,0,0,0,,1539,82,55,181,https://www.twitch.tv/videos/2873899262
9189101a4bb740de969b772dde92125a,460,5866,0,0,0,,0,0,0,,0,0,0,,1142,0,0,0,
3b0f8e9ace2b46a087a665d5c10b38dd,460,8132,0,0,0,,0,0,0,,0,0,0,,0,0,0,0,
da165e838dfe49aea3f91457f3825657,459,10667,0,0,0,,0,0,0,,0,0,0,,0,0,0,0,
f2b0bc3e82024bd3ae1c7cb5fe926829,459,14979,67,13,216,https://www.youtube.com/watch?v=4Mxl5LUKN_Q,67,13,216,https://www.youtube.com/watch?v=4Mxl5LUKN_Q,0,0,0,,0,0,0,0,
9e3222bedec44f1a8fecdc237c020cbd,458,139093,0,0,0,,0,0,0,,0,0,0,,334,0,0,0,
a27f33f32dd2414c8c6843f8783a32f0,457,13207,0,0,0,,0,0,0,,0,0,0,,0,0,0,0,
40f76b568f384790a1a089bb6619ddb2,457,10416,72,55,209,https://www.youtube.com/watch?v=1jlcQ8nVbM0,72,55,209,https://www.youtube.com/watch?v=1jlcQ8nVbM0,0,0,0,,1222,79,37,181,https://www.twitch.tv/videos/2853285993
d7309b9e82a04c0f809a2deb4de0c155,456,72363,262,126,262,https://www.youtube.com/watch?v=MrrwOZUndZY,0,0,0,,262,126,262,https://www.youtube.com/watch?v=MrrwOZUndZY,43,0,0,0,
42ff41f7d6884ae8b93ed46415376d83,455,13802,195,89,378,https://www.youtube.com/watch?v=I1pu5zWu1wQ,195,89,378,https://www.youtube.com/watch?v=I1pu5zWu1wQ,0,0,0,,0,0,0,0,
006c02f11f8b4af28d0a38039f227016,455,0,0,0,0,,0,0,0,,0,0,0,,0,0,0,0,
c822d7ffe24248fdbca2f3b1bdfd1139,454,86673,0,0,0,,0,0,0,,0,0,0,,3003,0,0,0,
238b4a68bcde4f3bbf18b0b01f66ec43,454,28092,0,0,0,,0,0,0,,0,0,0,,0,0,0,0,
62ca936be6c645a7bf2222b67086800a,453,38222,0,0,0,,0,0,0,,0,0,0,,1151,0,0,0,
7b578956fab14341919193c03ca3ab32,452,11273,0,0,0,,0,0,0,,0,0,0,,0,0,0,0,
6c9b67b00b3c4940a6af6a6604b0b1fd,450,12590,0,0,0,,0,0,0,,0,0,0,,0,0,0,0,
f16af590d65d4d07bb6603aed00a1a78,450,0,0,0,0,,0,0,0,,0,0,0,,0,0,0,0,
5e5a5e77c39148ef8f31ccc1c63fdcd4,449,7984,0,0,0,,0,0,0,,0,0,0,,45,0,0,0,
74beedbc5f694a2c94fe73545ba4037d,448,25325,218,187,218,https://www.youtube.com/watch?v=pAppM0MtOyU,0,0,0,,218,187,218,https://www.youtube.com/watch?v=pAppM0MtOyU,231,0,0,0,
08959069eae342deab6803454669b60e,446,0,0,0,0,,0,0,0,,0,0,0,,0,0,0,0,
6ec876adec524585af913c1585e8df1f,446,10307,194,34,259,https://www.youtube.com/watch?v=AH3xTrURgtQ,0,0,0,,194,34,259,https://www.youtube.com/watch?v=AH3xTrURgtQ,1638,0,0,0,
7f3411a01ffc45bab4f25f088131bb50,446,5720,60,20,101,https://www.youtube.com/watch?v=HEytgTSH5YM,60,20,101,https://www.youtube.com/watch?v=HEytgTSH5YM,0,0,0,,0,0,0,0,
e9569c3f60c541ab83899c09079feaa2,445,15527,385,85,1976,https://www.youtube.com/watch?v=H6DJVDTXqMc,385,85,1976,https://www.youtube.com/watch?v=H6DJVDTXqMc,0,0,0,,2967,0,0,0,
c6e955ae1fce48678120bc086a436073,442,21406,75,74,146,https://www.youtube.com/watch?v=Hs5B-IR4gKQ,146,145,146,https://www.youtube.com/watch?v=Hs5B-IR4gKQ,4,3,4,https://www.youtube.com/watch?v=YwYDfVSp54w,0,0,0,0,
64d9adbc552c487db0cdf42ac3845e18,440,38145,0,0,0,,0,0,0,,0,0,0,,69,0,0,0,
c92baa46ff4e41c9918ad2427c0853d6,438,24668,0,0,0,,0,0,0,,0,0,0,,4525,201,103,224,https://www.twitch.tv/videos/2856071635
4693c4a0f4284a429f353419a3fc547c,438,73073,152,72,1604,https://www.youtube.com/watch?v=R-_wTZ1X0ow,152,67,1604,https://www.youtube.com/watch?v=R-_wTZ1X0ow,562,202,1110,https://www.youtube.com/watch?v=idqXH08QbBk,0,0,0,0,
d1719d9d50c347efa498bb8644447392,437,0,0,0,0,,0,0,0,,0,0,0,,0,0,0,0,
31888d1a66654eee82d4dd22017db978,435,84831,139,58,1755,https://www.youtube.com/watch?v=zJGlYEGaXsI,26,24,26,https://www.youtube.com/watch?v=5FCd0KtDWmM,184,63,1755,https://www.youtube.com/watch?v=zJGlYEGaXsI,4,0,0,0,
7e8047d78da3487a8e9dd33c67554d30,434,17133,0,0,0,,0,0,0,,0,0,0,,115,0,0,0,
c5ac07b79a304f37b039266446fd4f3b,434,25410,0,0,0,,0,0,0,,0,0,0,,0,0,0,0,
a5fe6adcf3bd42b79475803c56a11832,434,28939,0,0,0,,0,0,0,,0,0,0,,73,38,22,38,https://www.twitch.tv/videos/2867797991
a56567301c734548bad86e8ace7d9140,431,52197,0,0,0,,0,0,0,,0,0,0,,0,0,0,0,
7c654d42b5f9447ab761a14b9ab42b77,431,2378,0,0,0,,0,0,0,,0,0,0,,265,0,0,0,
9bb20f60d5c440d39eb4f14fbe48a296,430,0,0,0,0,,0,0,0,,0,0,0,,371,0,0,0,
5fbf4f6751f24d03a5723670cd500aca,426,11164,0,0,0,,0,0,0,,0,0,0,,786,0,0,0,
c7400e2934c646e49f7df1816de41360,426,19088,0,0,0,,0,0,0,,0,0,0,,24,0,0,0,
da3d722ffea34b5b87fbb62c6026cba2,426,13176,0,0,0,,0,0,0,,0,0,0,,141,0,0,0,
5000b613025542c498cd6ab2287865c6,424,2832,0,0,0,,0,0,0,,0,0,0,,3898,415,318,1192,https://www.twitch.tv/videos/2874369118
49150fef0c1f4c0e9e18567224a7bf5c,423,6366,60,17,109,https://www.youtube.com/watch?v=Lj0CRHfuWFg,60,17,109,https://www.youtube.com/watch?v=Lj0CRHfuWFg,0,0,0,,0,0,0,0,
1cddca10dd334373b8f51b3b0ed2efe4,422,26437,2,0,11,https://www.youtube.com/watch?v=-Fe_3mK9mkc,0,0,0,,2,0,11,https://www.youtube.com/watch?v=-Fe_3mK9mkc,0,0,0,0,
f3fe9fb6de2a477fae878a39924c15bd,422,12042,0,0,0,,0,0,0,,0,0,0,,3061,0,0,0,
bd119628dae64d45b71b44e0f158f23a,422,4772,0,0,0,,0,0,0,,0,0,0,,3862,0,0,0,
8eaa819167de4fefb116ee8f88850d85,422,62,5,2,8,https://www.youtube.com/watch?v=fHDUHOh4occ,0,0,0,,5,2,8,https://www.youtube.com/watch?v=fHDUHOh4occ,158,32,20,38,https://www.twitch.tv/videos/2877390364
698aa5547b7c4cf793b1411322d1b423,421,361,0,0,0,,0,0,0,,0,0,0,,1897,0,0,0,
8c494e45ce5b462aa744d46bbdc54021,420,87242,21,6,124,https://www.youtube.com/watch?v=w4k2cEAprC4,21,6,124,https://www.youtube.com/watch?v=w4k2cEAprC4,0,0,0,,267,14,7,14,https://www.twitch.tv/videos/2865506730
26ae367c497f410399b769ded171d29f,418,6737,188,51,188,https://www.youtube.com/watch?v=gu0xciDAwmE,188,51,188,https://www.youtube.com/watch?v=gu0xciDAwmE,0,0,0,,0,0,0,0,
b932ddb915af47ec948b56d4bf901dab,418,9810,136,90,255,https://www.youtube.com/watch?v=pydS6oNeMqw,136,90,255,https://www.youtube.com/watch?v=pydS6oNeMqw,0,0,0,,0,0,0,0,
04efe2883aff4fb189084cb815c7c036,417,0,0,0,0,,0,0,0,,0,0,0,,0,0,0,0,
4a2df649332047d3b733c88209925f4c,417,8456,0,0,0,,0,0,0,,0,0,0,,1242,0,0,0,
f0f6694a60de4fb799b3f315abbaf7b6,417,19181,0,0,0,,0,0,0,,0,0,0,,0,0,0,0,
28c152a7489b4402960bd4bd36b7229b,417,42461,2,1,6,https://www.youtube.com/watch?v=C70D7tJ5iT8,0,0,0,,2,1,6,https://www.youtube.com/watch?v=C70D7tJ5iT8,228,41,27,57,https://www.twitch.tv/videos/2873136853
7232734df59c4e099205c7685007d8d4,416,87503,6,2,17,https://www.youtube.com/watch?v=cL7s2NqrGL0,0,0,0,,6,2,17,https://www.youtube.com/watch?v=cL7s2NqrGL0,982,91,76,154,https://www.twitch.tv/videos/2867154521
a2ca2eb4da5b4df3aa59637e1dbc260b,416,3308,0,0,0,,0,0,0,,0,0,0,,707,0,0,0,
7d0d99e77f624bdc934b17212a39a894,416,2081,0,0,0,,0,0,0,,0,0,0,,4169,0,0,0,
2f32fa150b4b4572bb6dd1a8e8c94ff1,414,13032,0,0,0,,0,0,0,,0,0,0,,4095,688,430,745,https://www.twitch.tv/videos/2856242973
f0987ff6444945558cd159a508cd823f,413,7552,0,0,0,,0,0,0,,0,0,0,,2813,645,366,1066,https://www.twitch.tv/videos/2873917427
5c70a4710fca4b86ac63d56b0e894284,413,30780,0,0,0,,0,0,0,,0,0,0,,0,0,0,0,
f771e51357eb44d2820afd47aba3b546,412,9980,0,0,0,,0,0,0,,0,0,0,,387,66,43,68,https://www.twitch.tv/videos/2875672614
3d5a0befb7b042f697f70d5fb3d6ab94,411,11221,0,0,0,,0,0,0,,0,0,0,,0,0,0,0,
7051e693d03645bda16b3591f06ebd3f,410,20634,0,0,0,,0,0,0,,0,0,0,,0,0,0,0,
7d11ed1b02104cf58efd2df6cbc1ef69,409,20683,0,0,0,,0,0,0,,0,0,0,,1189,86,59,111,https://www.twitch.tv/videos/2872182830
8527ad14c0a348e19d1dc223e0abac20,405,9244,0,0,0,,0,0,0,,0,0,0,,0,0,0,0,
be45601754a44c568c9f60f7d2847ccb,404,15620,110,42,156,https://www.youtube.com/watch?v=nZQPN57LF7w,110,42,156,https://www.youtube.com/watch?v=nZQPN57LF7w,0,0,0,,0,0,0,0,
00ddd14a74df4e2488319ea2ce25770c,404,225,0,0,0,,0,0,0,,0,0,0,,1207,0,0,0,
d11123a75b874ad2bb120bb237e94c8d,404,2984,0,0,0,,0,0,0,,0,0,0,,4725,0,0,0,
c5e956bdce614dddbeddfaf6ada4200d,404,21664,151,51,274,https://www.youtube.com/watch?v=zHrww8WioTc,151,51,274,https://www.youtube.com/watch?v=zHrww8WioTc,0,0,0,,0,0,0,0,
4e1dd2ab9e4b4c71bced0c5987cf9be7,403,16750,0,0,0,,0,0,0,,0,0,0,,2948,185,112,268,https://www.twitch.tv/videos/2873927453
ec198b33036c436591c01ee93976b6a3,403,1615,0,0,0,,0,0,0,,0,0,0,,0,0,0,0,
cc85e4120c0746b7925c898a963f0747,402,22298,0,0,0,,0,0,0,,0,0,0,,0,0,0,0,
52d7a40d46034062ad2fc29b4a2a9198,402,44158,0,0,0,,0,0,0,,0,0,0,,3579,561,307,4069,https://www.twitch.tv/videos/2878351912
e63fd2ead17a4b57b256fcd55fe83b0e,400,35674,68,35,173,https://www.youtube.com/watch?v=coxtNgfWiBg,68,35,173,https://www.youtube.com/watch?v=coxtNgfWiBg,0,0,0,,328,34,25,48,https://www.twitch.tv/videos/2873061385
836015916a40475bb608e8c6a69b6a09,399,31418,33,19,33,https://www.youtube.com/watch?v=N1Kf0I5q-HY,33,19,33,https://www.youtube.com/watch?v=N1Kf0I5q-HY,0,0,0,,0,0,0,0,
f9174719d2a148eea3b406e332e4fcab,399,0,0,0,0,,0,0,0,,0,0,0,,0,0,0,0,
3802b3f13284406cb4bc3f775690add5,399,18509,449,140,1204,https://www.youtube.com/watch?v=mrGZXFS6wUM,0,0,0,,449,140,1204,https://www.youtube.com/watch?v=mrGZXFS6wUM,349,26,17,188,https://www.twitch.tv/videos/2870308767
6c166d9128e74147a5c0b1dbf89c885c,398,4553,0,0,0,,0,0,0,,0,0,0,,0,0,0,0,
d50d9b85f098470c8220cd99de802b17,396,21210,177,63,177,https://www.youtube.com/watch?v=kKNfuwWVAPk,177,63,177,https://www.youtube.com/watch?v=kKNfuwWVAPk,0,0,0,,0,0,0,0,
b0ec0f1ffbd8426982e7ca40d4b1064b,394,9156,0,0,0,,0,0,0,,0,0,0,,0,0,0,0,
93bf43bc175742cd8c7af6b80687cd84,394,43569,0,0,0,,0,0,0,,0,0,0,,1707,335,240,436,https://www.twitch.tv/videos/2868516386
b386124230514f5fa128ad046e85f12f,393,5816,0,0,0,,0,0,0,,0,0,0,,436,0,0,0,
05055e62d34241888df31217ac25e671,393,20838,0,0,0,,0,0,0,,0,0,0,,1660,86,53,159,https://www.twitch.tv/videos/2865873132
5f68c9b585ad40c0ada7697c9b7f5055,393,6709,1674,1203,1674,https://www.youtube.com/watch?v=JnHFvQIvx4E,0,0,0,,1674,1203,1674,https://www.youtube.com/watch?v=JnHFvQIvx4E,7595,304,241,451,https://www.twitch.tv/videos/2872190094
6eac5ce6527b4513bcff4b38d277b5cc,393,36177,147,24,193,https://www.youtube.com/watch?v=CnpY_86jcrA,0,0,0,,147,24,193,https://www.youtube.com/watch?v=CnpY_86jcrA,192,0,0,0,
e1bc34a2b6ac4d86ad6758cef724e7dc,392,10994,0,0,0,,0,0,0,,0,0,0,,530,286,219,379,https://www.twitch.tv/videos/2876404777
577fdbca86fa4414a153b5ebdcab90d4,391,2091,0,0,0,,0,0,0,,0,0,0,,1947,0,0,0,
21fcf23549a74111bbe31c949245e2cd,391,12691,0,0,0,,0,0,0,,0,0,0,,0,0,0,0,
d334f3b3ba8b4e43bd7b5a237a7b4476,391,53561,195,127,1252,https://www.youtube.com/watch?v=nB9twcw5nu0,147,45,275,https://www.youtube.com/watch?v=jOelUsuwmfI,499,423,1252,https://www.youtube.com/watch?v=nB9twcw5nu0,45,0,0,0,
d3b5f619038a4c488d36aeaeddc0f790,391,7242,0,0,0,,0,0,0,,0,0,0,,0,0,0,0,
e802bcea6eb04ce6aa9041aa5e06ceae,390,12217,0,0,0,,0,0,0,,0,0,0,,0,0,0,0,
c1fdd1a58b3a438ba5343e06f2da2590,390,16849,1364,449,1942,https://www.youtube.com/watch?v=nYmEzG7KIZk,0,0,0,,1364,449,1942,https://www.youtube.com/watch?v=nYmEzG7KIZk,40,0,0,0,
f46e5ebb899548cab53d24f1901315b0,389,16438,459,32,756,https://www.youtube.com/watch?v=edw6eW9-Mic,459,32,756,https://www.youtube.com/watch?v=edw6eW9-Mic,0,0,0,,140,0,0,0,
4e78d5ae75144358a0384df9822c60bc,386,9253,93,90,93,https://www.youtube.com/watch?v=EkD9j3Slz84,0,0,0,,93,90,93,https://www.youtube.com/watch?v=EkD9j3Slz84,759,232,164,300,https://www.twitch.tv/videos/2866693256
9ee3c9b53c0048329175370a5868300b,385,36602,0,0,0,,0,0,0,,0,0,0,,0,0,0,0,
cce33288177341058833d8b4a093b03f,385,29085,71,49,77,https://www.youtube.com/watch?v=GN9uSQwe90c,66,30,66,https://www.youtube.com/watch?v=9Gx0jN0usW4,77,67,77,https://www.youtube.com/watch?v=GN9uSQwe90c,0,0,0,0,
6d83214d4d964bc9a236f4cbdd8d99e4,384,7693,129,59,182,https://www.youtube.com/watch?v=M3GUyXzHqAU,129,59,182,https://www.youtube.com/watch?v=M3GUyXzHqAU,0,0,0,,47,0,0,0,
dbf7b5a346e645f7be7d0d19d2193bc5,383,145835,0,0,0,,0,0,0,,0,0,0,,0,0,0,0,
c8cb49db0c6842afa1a9bb8bb2620e8f,383,22251,0,0,0,,0,0,0,,0,0,0,,0,0,0,0,
b3b24f0ebecc45118f88f12042bd59c8,383,63310,0,0,0,,0,0,0,,0,0,0,,0,0,0,0,
c97b665a89c34600be01f83eb1f77063,382,11775,0,0,0,,0,0,0,,0,0,0,,0,0,0,0,
670df075e5f9402bbcb6369685838b02,381,14393,93,53,133,https://www.youtube.com/watch?v=OiftYVlFQcw,93,53,133,https://www.youtube.com/watch?v=OiftYVlFQcw,0,0,0,,0,0,0,0,
c11749c10e1941a9adb2a231eee2f2ea,381,9619,0,0,0,,0,0,0,,0,0,0,,316,24,20,38,https://www.twitch.tv/videos/2873143695
2f7da7d6dbe84301b4ef52240cc05e9b,381,25741,0,0,0,,0,0,0,,0,0,0,,1177,0,0,0,
20b358775f2c4e7aa0a9f4e5090fe557,381,0,0,0,0,,0,0,0,,0,0,0,,0,0,0,0,
e73e2554e6754cadb0b836bb1fcfdaf7,377,44577,250,146,1172,https://www.youtube.com/watch?v=-NnGuBUWs-0,197,103,576,https://www.youtube.com/watch?v=0lzmLRK316E,320,199,1172,https://www.youtube.com/watch?v=-NnGuBUWs-0,72,25,13,31,https://www.twitch.tv/videos/2870330315
64e20992295c4be984e9af0a470d6440,377,4760,0,0,0,,0,0,0,,0,0,0,,5406,0,0,0,
1391c9808cd64cecb670a24b210ebc3f,376,0,0,0,0,,0,0,0,,0,0,0,,0,0,0,0,
a2ceea65ce58431085b1366a0cfe9c61,375,0,0,0,0,,0,0,0,,0,0,0,,0,0,0,0,
e443b9e0c3524137ba2774625c6c78cd,371,10103,0,0,0,,0,0,0,,0,0,0,,715,36,30,53,https://www.twitch.tv/videos/2873909707
789a5da3ba8146e9ac10a8814f096b49,369,3299,0,0,0,,0,0,0,,0,0,0,,0,0,0,0,
9434be74cca5450789bf73aa4359b542,369,4967,0,0,0,,0,0,0,,0,0,0,,0,0,0,0,
652b28416c394eed93337f121c0dcbf5,369,17680,142,112,253,https://www.youtube.com/watch?v=9SSJHF4Q9Po,142,112,253,https://www.youtube.com/watch?v=9SSJHF4Q9Po,0,0,0,,0,0,0,0,
236bfe277b89428dacb6ecc89fdb6ca2,367,0,0,0,0,,0,0,0,,0,0,0,,0,0,0,0,
012a92dc9c224aa6986c10e635428a7f,367,98047,0,0,0,,0,0,0,,0,0,0,,0,0,0,0,
4f8936d4899d4e2c83bf949bc61b2bd2,367,10663,0,0,0,,0,0,0,,0,0,0,,227,0,0,0,
a8e0ec03cb0a4e0292228e1a6ed35e6a,366,9430,956,203,956,https://www.youtube.com/watch?v=KM09LYsjnvM,0,0,0,,956,203,956,https://www.youtube.com/watch?v=KM09LYsjnvM,881,23,14,61,https://www.twitch.tv/videos/2869196721
8013fa67a08945a5b4b976156b6f610f,366,6643,0,0,0,,0,0,0,,0,0,0,,391,53,42,78,https://www.twitch.tv/videos/2877470289
9be839573d1a4944a93740ca42fa65d4,365,20286,3,2,5,https://www.youtube.com/watch?v=FOsgq-ujjRY,0,0,0,,3,2,5,https://www.youtube.com/watch?v=FOsgq-ujjRY,1589,279,165,790,https://www.twitch.tv/videos/2869391783
1af1c5f8526a4396820151df1bff37b7,365,33035,164,105,809,https://www.youtube.com/watch?v=GyfoZeYA8j8,200,113,669,https://www.youtube.com/watch?v=IKn-PJM_Hbk,73,21,809,https://www.youtube.com/watch?v=GyfoZeYA8j8,0,0,0,0,
a1b415a04d4645399607d4b3bbe00bd7,364,24731,306,187,741,https://www.youtube.com/watch?v=sVpOhnjJzrE,306,187,741,https://www.youtube.com/watch?v=sVpOhnjJzrE,0,0,0,,0,0,0,0,
07930a961f0b4078a14f0a57f0a93965,362,28941,132,53,338,https://www.youtube.com/watch?v=CYbrLTNVdAI,188,33,338,https://www.youtube.com/watch?v=CYbrLTNVdAI,77,73,77,https://www.youtube.com/watch?v=pb9RfLnKiPU,0,0,0,0,
1c096a5610c0459b84c74213c3b30f85,361,32919,0,0,0,,0,0,0,,0,0,0,,211,0,0,0,
ae5e1ce2a3074d07818716492277408c,361,2892,0,0,0,,0,0,0,,0,0,0,,1138,0,0,0,
60a64aca51ed4528895fe35b08231670,360,13636,11,0,171,https://www.youtube.com/watch?v=HOd3ea4P2eo,0,0,0,,11,0,171,https://www.youtube.com/watch?v=HOd3ea4P2eo,408,0,0,0,
682e400513134d0bacfa85513958c64d,360,6850,0,0,0,,0,0,0,,0,0,0,,1033,0,0,0,
f2f74f42d7e44c2b8c71807abd0967f3,356,93905,0,0,0,,0,0,0,,0,0,0,,3158,686,208,1219,https://www.twitch.tv/videos/2856415963
27a484e8f53a433396e73bea886fa2cb,356,20204,138,58,138,https://www.youtube.com/watch?v=7bIsKWP_xmk,138,58,138,https://www.youtube.com/watch?v=7bIsKWP_xmk,0,0,0,,0,0,0,0,
db3a6f094c3146c2ab6f2f267337f132,355,10250,378,269,540,https://www.youtube.com/watch?v=7sBhBk6QKJM,0,0,0,,378,269,540,https://www.youtube.com/watch?v=7sBhBk6QKJM,1390,181,172,359,https://www.twitch.tv/videos/2871961287
0554e298ab8041c19ce07bf0b2c315a0,354,41534,103,29,1257,https://www.youtube.com/watch?v=E9F-Pofe5Ls,81,10,282,https://www.youtube.com/watch?v=5cPxKDmkxIU,901,400,1257,https://www.youtube.com/watch?v=E9F-Pofe5Ls,0,0,0,0,
3a29989f3f71430f88f1535125a1d32c,354,0,0,0,0,,0,0,0,,0,0,0,,0,0,0,0,
bf7122f997f04401b0a6938abaded38c,352,20684,95,62,234,https://www.youtube.com/watch?v=_1LwqJkLKR4,123,73,234,https://www.youtube.com/watch?v=_1LwqJkLKR4,39,23,41,https://www.youtube.com/watch?v=kvNNFqx4dN0,0,0,0,0,
7ee1b473a5584a1a85973acfa45e0e1d,352,9894,0,0,0,,0,0,0,,0,0,0,,0,0,0,0,
e4348f08ee98429eb6143ecbac088f1a,351,19270,358,154,1446,https://www.youtube.com/watch?v=COpCgmF7OlI,358,154,1446,https://www.youtube.com/watch?v=COpCgmF7OlI,649,219,1151,https://www.youtube.com/watch?v=4CqnzLOLiFo,0,0,0,0,
4fc02db3aab84e6cb526c02405d18c6e,351,17709,0,0,0,,0,0,0,,0,0,0,,147,0,0,0,
836540821b58433e9e04bea62c49cf2d,351,19560,46,27,46,https://www.youtube.com/watch?v=Y8vCjUy39fc,0,0,0,,46,27,46,https://www.youtube.com/watch?v=Y8vCjUy39fc,335,0,0,0,
1db7ec043f284eaea0bd2213ecce2bad,350,23064,84,31,809,https://www.youtube.com/watch?v=CUtBg8tLngQ,84,31,809,https://www.youtube.com/watch?v=CUtBg8tLngQ,0,0,0,,0,0,0,0,
095d5621db8b44ed914d81f9e1183673,350,14323,114,90,363,https://www.youtube.com/watch?v=JJjCvYlO6Jo,114,90,363,https://www.youtube.com/watch?v=JJjCvYlO6Jo,0,0,0,,26,0,0,0,
f24626ac0ce34975a3b3fd6d8455f4f7,347,8138,0,0,0,,0,0,0,,0,0,0,,183,0,0,0,
6e56882f3f8e4911b8b67316f1265808,346,84167,0,0,0,,0,0,0,,0,0,0,,163,0,0,0,
aac7be72efc74efe9e77148fd4af7151,346,17255,81,56,160,https://www.youtube.com/watch?v=pbiuKka4yKQ,81,56,160,https://www.youtube.com/watch?v=pbiuKka4yKQ,0,0,0,,0,0,0,0,
22a21c1a529f4817b8790629d8b4590f,344,72557,144,103,144,https://www.youtube.com/watch?v=npclOJYqzRA,0,0,0,,144,103,144,https://www.youtube.com/watch?v=npclOJYqzRA,105,0,0,0,
a24116ba22c84747818b7be8cd8eb733,343,17931,150,91,1079,https://www.youtube.com/watch?v=20Enz5C6ug4,113,74,511,https://www.youtube.com/watch?v=E8VUpeKSwgY,308,197,1079,https://www.youtube.com/watch?v=20Enz5C6ug4,365,10,9,12,https://www.twitch.tv/videos/2877356519
4bc8631382ba4559bca22733663cdad5,341,7472,0,0,0,,0,0,0,,0,0,0,,0,0,0,0,
513c300c8af04b8a84d18f665b66481f,340,40325,0,0,0,,0,0,0,,0,0,0,,0,0,0,0,
9a13461ec0e644ceb6e86381ca41d33a,340,41172,1058,749,1058,https://www.youtube.com/watch?v=q1D9-I1yeL4,0,0,0,,1058,749,1058,https://www.youtube.com/watch?v=q1D9-I1yeL4,1381,0,0,0,
73755322c8e74479864369766f924be1,339,19188,0,0,0,,0,0,0,,0,0,0,,4892,0,0,0,
985e64cecc24401290c08cb7e2f4ef50,339,13656,49,43,49,https://www.youtube.com/watch?v=uieAa9Kv2iI,0,0,0,,49,43,49,https://www.youtube.com/watch?v=uieAa9Kv2iI,2097,102,74,338,https://www.twitch.tv/videos/2872873187
71f86178cf8545658c5c836c868a3646,338,7149,5,2,9,https://www.youtube.com/watch?v=CnYtEeBIZ6k,0,0,0,,5,2,9,https://www.youtube.com/watch?v=CnYtEeBIZ6k,1443,432,318,556,https://www.twitch.tv/videos/2873738149
6391e2693fa6464d83fdf5d136596bb0,337,22271,65,39,165,https://www.youtube.com/watch?v=Y9IjQ8Wt8Uo,66,35,165,https://www.youtube.com/watch?v=Y9IjQ8Wt8Uo,52,39,61,https://www.youtube.com/watch?v=ZuwXGx0n0E8,0,0,0,0,
92b3889a0c304d8fb9eed110bb82c60c,336,17917,0,0,0,,0,0,0,,0,0,0,,0,0,0,0,
d8520b0d7b424141bf19b3254d264960,336,8735,0,0,0,,0,0,0,,0,0,0,,0,0,0,0,
8fe313c8e0704a29a7a387b47c4f938b,335,11346,242,101,411,https://www.youtube.com/watch?v=I4otPUYMHhg,242,101,411,https://www.youtube.com/watch?v=I4otPUYMHhg,0,0,0,,0,0,0,0,
f6a02208132e4cdeb72d84d1fb487384,335,0,0,0,0,,0,0,0,,0,0,0,,0,0,0,0,
5c3ea93753724a63b32071a7a580af7b,334,41559,8,3,1815,https://www.youtube.com/watch?v=832ulhu_hCo,0,0,0,,8,3,1815,https://www.youtube.com/watch?v=832ulhu_hCo,1751,22,15,36,https://www.twitch.tv/videos/2876441950
2e05bf5968cf4b3789a1316f5b05d857,333,67365,0,0,0,,0,0,0,,0,0,0,,0,0,0,0,
85340d14d5654ac3b28b39b007a7dea7,332,18092,53,36,100,https://www.youtube.com/watch?v=XtMXhxzFpgY,53,36,100,https://www.youtube.com/watch?v=XtMXhxzFpgY,0,0,0,,0,0,0,0,
b6cc2e3d23f34ba8bbeba181d19a714c,332,6719,0,0,0,,0,0,0,,0,0,0,,4740,749,398,1579,https://www.twitch.tv/videos/2868538702
389bd53524c74c44a32d72279b288b17,332,2909,0,0,0,,0,0,0,,0,0,0,,0,0,0,0,
ca4210c7562b479cb3af76082fb70fcd,331,6037,0,0,0,,0,0,0,,0,0,0,,3646,420,235,1027,https://www.twitch.tv/videos/2874740161
c4268d9874b14b3282613fa11102ce4b,331,24765,40,14,136,https://www.youtube.com/watch?v=CUHOJ6fhGrw,40,14,136,https://www.youtube.com/watch?v=CUHOJ6fhGrw,0,0,0,,381,31,21,56,https://www.twitch.tv/videos/2868788527
5ae7e41f9b9a420d9217a0b2c6755f52,330,3682,0,0,0,,0,0,0,,0,0,0,,0,0,0,0,
3083d2b8192843958b2852553cb3bc70,330,2795,0,0,0,,0,0,0,,0,0,0,,458,95,70,134,https://www.twitch.tv/videos/2865929882
2af109d54b1c49968b572aa2b59664ab,330,13114,136,52,186,https://www.youtube.com/watch?v=pG7YJXUTckI,136,52,186,https://www.youtube.com/watch?v=pG7YJXUTckI,0,0,0,,0,0,0,0,
0fa0331a92df4a21bc5fc771223c3b3c,329,18921,0,0,0,,0,0,0,,0,0,0,,2211,0,0,0,
9add5efb4665440e8e021a9c3ced6095,328,27393,607,193,1342,https://www.youtube.com/watch?v=OIvDBPNw7Lk,0,0,0,,607,193,1342,https://www.youtube.com/watch?v=OIvDBPNw7Lk,0,0,0,0,
366df9da61654531a6581169c70a0432,328,0,0,0,0,,0,0,0,,0,0,0,,54,0,0,0,
debdcce813bc48478ac33a0c39f05999,328,7315,341,62,745,https://www.youtube.com/watch?v=wNzMkwU0_OM,341,62,745,https://www.youtube.com/watch?v=wNzMkwU0_OM,0,0,0,,9,0,0,0,
803435ca691f43a4b02360926fee23d1,327,15482,209,87,272,https://www.youtube.com/watch?v=LupU16Nxu24,209,87,272,https://www.youtube.com/watch?v=LupU16Nxu24,0,0,0,,1533,70,52,198,https://www.twitch.tv/videos/2870046237
876c11fba4af4235857127b9af87093e,326,17195,0,0,0,,0,0,0,,0,0,0,,0,0,0,0,
46e65e217ca84bbf8d43b67c3e5a9d90,326,24021,6,1,33,https://www.youtube.com/watch?v=12Z6GzodAYk,0,0,0,,6,1,33,https://www.youtube.com/watch?v=12Z6GzodAYk,230,0,0,0,
8c1fe8acf675446ebb2fd046e6396983,324,40799,115,56,1172,https://www.youtube.com/watch?v=EkKJlk20QFw,85,26,116,https://www.youtube.com/watch?v=LMLbNmKK1lw,633,312,1172,https://www.youtube.com/watch?v=EkKJlk20QFw,283,19,16,27,https://www.twitch.tv/videos/2878340339
cbb0ea239d8e4f65a46ada52dfb778e3,324,7277,0,0,0,,0,0,0,,0,0,0,,699,440,231,570,https://www.twitch.tv/videos/2866385550
82af75b290f44cd8b9a97bc5addaaf58,324,8802,89,30,89,https://www.youtube.com/watch?v=XUq1KB0rkg0,89,30,89,https://www.youtube.com/watch?v=XUq1KB0rkg0,0,0,0,,137,0,0,0,
d859857097fe4e9d90a2d840c0e7fca1,321,20717,0,0,0,,0,0,0,,0,0,0,,247,0,0,0,
68fd874932e3457989d88d4f7f474260,321,20778,154,53,392,https://www.youtube.com/watch?v=4FpWXfLBWDY,154,53,392,https://www.youtube.com/watch?v=4FpWXfLBWDY,0,0,0,,157,72,56,187,https://www.twitch.tv/videos/2876348576
0f5e3935971449daa91b654886313110,320,0,0,0,0,,0,0,0,,0,0,0,,2255,0,0,0,
ca161c4e0ef54cd4a311705625caf164,320,11652,0,0,0,,0,0,0,,0,0,0,,2213,0,0,0,
e32b6351f1684034955171b93b1c5e63,319,0,0,0,0,,0,0,0,,0,0,0,,1807,64,56,64,https://www.twitch.tv/videos/2875623327
348b76fa1b194d3d8aa28b17abe8b153,319,1476,514,22,514,https://www.youtube.com/watch?v=73D01XgPZqk,514,22,514,https://www.youtube.com/watch?v=73D01XgPZqk,0,0,0,,0,0,0,0,
8a8a1d0901c04d568be19e2d8bbc9ca1,319,34780,0,0,0,,0,0,0,,0,0,0,,0,0,0,0,
12f22a9f1ecf4807a61eee4d628d4bd3,319,4455,0,0,0,,0,0,0,,0,0,0,,0,0,0,0,
e94e1e38a611403192e4db197c2d9d91,317,7083,0,0,0,,0,0,0,,0,0,0,,0,0,0,0,
d39563dd7adf452989791068eaf4524e,316,6934,0,0,0,,0,0,0,,0,0,0,,0,0,0,0,
ccf55e42124c46ab828b188fc8c4f947,315,55905,960,944,1645,https://www.youtube.com/watch?v=X_9h_EXULao,0,0,0,,960,944,1645,https://www.youtube.com/watch?v=X_9h_EXULao,865,155,88,1091,https://www.twitch.tv/videos/2853280998
d88c3cbdb65940e69a3feb152dc93d6d,315,1077,0,0,0,,0,0,0,,0,0,0,,475,0,0,0,
7f494e37d17544878977d81e26b13897,315,170,0,0,0,,0,0,0,,0,0,0,,0,0,0,0,
9abd60c00f0f412b978a2398b13ac4e8,313,39298,28,10,103,https://www.youtube.com/watch?v=sMwapsFfgWc,66,10,103,https://www.youtube.com/watch?v=sMwapsFfgWc,25,12,28,https://www.youtube.com/watch?v=tfME0amyyvw,0,0,0,0,
b09373e11cc74ed4b58440b9d7368172,312,25428,77,51,151,https://www.youtube.com/watch?v=LukPCTsuJ84,77,51,151,https://www.youtube.com/watch?v=LukPCTsuJ84,0,0,0,,0,0,0,0,
4e4cbcbc0acf410ea5a50e4a6bbafd01,312,4158,19,10,28,https://www.youtube.com/watch?v=3lntfpsLgYg,0,0,0,,19,10,28,https://www.youtube.com/watch?v=3lntfpsLgYg,2900,750,453,1376,https://www.twitch.tv/videos/2861165045
09db2ab40bc54cae831b5514b68be313,312,0,0,0,0,,0,0,0,,0,0,0,,0,0,0,0,
eabec2cff9fb48cdb79965d77a56f47d,311,21794,210,61,400,https://www.youtube.com/watch?v=TqyxPsi3RtQ,210,61,400,https://www.youtube.com/watch?v=TqyxPsi3RtQ,0,0,0,,0,0,0,0,
8edfda91088642ffabf3b24e079eb039,311,20855,154,72,950,https://www.youtube.com/watch?v=-PcEYm8ij8c,156,77,950,https://www.youtube.com/watch?v=-PcEYm8ij8c,55,46,55,https://www.youtube.com/watch?v=B0DNnlN5X68,0,0,0,0,
04e61f47cdf542c7b5a3b3ae569fc021,310,3078,0,0,0,,0,0,0,,0,0,0,,877,0,0,0,
79f4c64bde584997bf6ad38afd44b51d,310,22664,0,0,0,,0,0,0,,0,0,0,,176,28,14,51,https://www.twitch.tv/videos/2868468193
33cabb57d2454dfdbdf7453c54429940,310,142767,963,486,3904,https://www.youtube.com/watch?v=eVtfHipCATo,0,0,0,,963,486,3904,https://www.youtube.com/watch?v=eVtfHipCATo,817,139,82,369,https://www.twitch.tv/videos/2873972525
6cdaf0b035d04e3794a5accd5ed8b08f,306,2068,132,72,132,https://www.youtube.com/watch?v=7-nrSoWfvsY,0,0,0,,132,72,132,https://www.youtube.com/watch?v=7-nrSoWfvsY,0,0,0,0,
57843e9c870647729c2438a7a7077008,306,8560,0,0,0,,0,0,0,,0,0,0,,97,0,0,0,
72ee59fb29644f8b88a4dd3d7e91fe39,305,10515,0,0,0,,0,0,0,,0,0,0,,0,0,0,0,
e773129f910c4bd182f3b702c9ec1b55,305,11085,82,6,82,https://www.youtube.com/watch?v=qfdS6EmRB7w,82,6,82,https://www.youtube.com/watch?v=qfdS6EmRB7w,0,0,0,,0,0,0,0,
df6443487ffb4142aea2b053b4aa8db7,304,49823,18,8,123,https://www.youtube.com/watch?v=LMUJIJJugX8,0,0,0,,18,8,123,https://www.youtube.com/watch?v=LMUJIJJugX8,1816,239,180,446,https://www.twitch.tv/videos/2867606311
2e7fa2f9a4ba4ca6a0ea1397839aafca,304,12220,86,42,160,https://www.youtube.com/watch?v=1aVtBduUKNA,86,42,160,https://www.youtube.com/watch?v=1aVtBduUKNA,0,0,0,,0,0,0,0,
dfa5fefa546a40d5a677ddfff02ff3e1,302,18442,0,0,0,,0,0,0,,0,0,0,,782,0,0,0,
e6373c7f689c44f8971ca0f83c817789,302,2484,60,20,215,https://www.youtube.com/watch?v=8-gAoV_RMs4,60,20,215,https://www.youtube.com/watch?v=8-gAoV_RMs4,0,0,0,,238,19,12,26,https://www.twitch.tv/videos/2868612113
4fb207a1a5cb4e27a5774b657ae3f0ee,301,10907,497,243,680,https://www.youtube.com/watch?v=8gUY6NAkMpI,0,0,0,,497,243,680,https://www.youtube.com/watch?v=8gUY6NAkMpI,0,0,0,0,
1895ef1f232d454aa6c18ca7812c794c,300,4614,0,0,0,,0,0,0,,0,0,0,,26,0,0,0,
05d19eac5d22427f916e6fa59bf17b3b,300,88426,3,1,400,https://www.youtube.com/watch?v=QEDbsQB8oWU,0,0,0,,3,1,400,https://www.youtube.com/watch?v=QEDbsQB8oWU,2577,214,171,302,https://www.twitch.tv/videos/2870883240
a4a9cd639c7546538ee9635b9a14989d,299,16556,0,0,0,,0,0,0,,0,0,0,,0,0,0,0,
a13421f0201540ecaccd5c207b15c425,299,17351,174,106,222,https://www.youtube.com/watch?v=nrGO6ZnBxxs,174,106,222,https://www.youtube.com/watch?v=nrGO6ZnBxxs,0,0,0,,0,0,0,0,
2b1ef81172474b6b8409100be2f30da7,299,4920,56,37,95,https://www.youtube.com/watch?v=TEKg9UAVdr0,0,0,0,,56,37,95,https://www.youtube.com/watch?v=TEKg9UAVdr0,2692,2362,1366,2362,https://www.twitch.tv/videos/2867567568
d09b9f800b7940deb1f8a2b58a302f07,299,4302,0,0,0,,0,0,0,,0,0,0,,4276,296,205,932,https://www.twitch.tv/videos/2874075966
8ae87582ab1e4b31bfd38310afda77bd,298,3900,0,0,0,,0,0,0,,0,0,0,,1366,0,0,0,
25619abc5e0d4f79839e48d83234eaf8,298,7631,85,42,160,https://www.youtube.com/watch?v=3yQTDS_rn9E,86,42,160,https://www.youtube.com/watch?v=3yQTDS_rn9E,85,61,85,https://www.youtube.com/watch?v=PIH1U3G53cQ,759,17,13,46,https://www.twitch.tv/videos/2878425393
3e7f5f5e829e4d4baca2a8a5916d60e4,298,3427,0,0,0,,0,0,0,,0,0,0,,3049,765,406,1731,https://www.twitch.tv/videos/2866536129
2d2dc667f7a9488092e67b0475dc3774,296,2814,0,0,0,,0,0,0,,0,0,0,,206,0,0,0,
c9f9ff24ef184b29a58c616412f1dbbc,296,5994,0,0,0,,0,0,0,,0,0,0,,0,0,0,0,
f3757b8d656f48749cada897ce597abc,296,7986,0,0,0,,0,0,0,,0,0,0,,0,0,0,0,
964a0dde279c45ea85ffc6ad5d266206,295,11156,0,0,0,,0,0,0,,0,0,0,,1094,0,0,0,
09ceaec049b74c6bbe11eca7d4aa3cf6,295,7863,0,0,0,,0,0,0,,0,0,0,,0,0,0,0,
75eb49d99170441ab784d7bec7378d21,294,14643,257,88,619,https://www.youtube.com/watch?v=9m8YllQLROo,271,105,619,https://www.youtube.com/watch?v=9m8YllQLROo,14,13,14,https://www.youtube.com/watch?v=W8WLaYKqDRU,1415,0,0,0,
f4935cf7bbb94ae88202ee7ab6d6b92b,292,0,0,0,0,,0,0,0,,0,0,0,,50,0,0,0,
e1421ddfd4e442b490e2a74656a2838d,292,198,0,0,0,,0,0,0,,0,0,0,,842,0,0,0,
479b23215fd84e0387e4f95c8bdfb127,291,117932,0,0,0,,0,0,0,,0,0,0,,0,0,0,0,
d3a0a421fd184f9fa51856096d01e85b,290,17087,0,0,0,,0,0,0,,0,0,0,,0,0,0,0,
f8134b804ccc4123b789e93baa013c7d,287,3700,164,73,562,https://www.youtube.com/watch?v=FMbTos_cbg8,239,73,562,https://www.youtube.com/watch?v=FMbTos_cbg8,158,24,159,https://www.youtube.com/watch?v=9yeea2CQUdQ,0,0,0,0,
aae348caede446649e2ef8b15536119c,287,10086,327,267,408,https://www.youtube.com/watch?v=nuVFBjnAxH0,297,292,408,https://www.youtube.com/watch?v=nuVFBjnAxH0,357,243,357,https://www.youtube.com/watch?v=UkV_EPnqmmw,21,0,0,0,
be1bfb3aafb34118808fd5a5c059ffaf,286,28450,0,0,0,,0,0,0,,0,0,0,,488,0,0,0,
9ee558b898964252a06e2c423f8d58ad,285,0,0,0,0,,0,0,0,,0,0,0,,0,0,0,0,
15c82034235748649547ada64817a6d1,285,34313,1224,745,2562,https://www.youtube.com/watch?v=osFEz54JpfE,0,0,0,,1224,745,2562,https://www.youtube.com/watch?v=osFEz54JpfE,3711,208,167,426,https://www.twitch.tv/videos/2870347230
105f7890339346329ab408f423f617c3,285,16227,0,0,0,,0,0,0,,0,0,0,,4985,2011,713,6342,https://www.twitch.tv/videos/2856713678
5f044942071146cb9ec4b760458a662e,285,0,0,0,0,,0,0,0,,0,0,0,,938,139,88,182,https://www.twitch.tv/videos/2874900142
e53a8beabf5c492388d3352d57dc2bf9,284,6797,204,8,204,https://www.youtube.com/watch?v=j9YRQ6A9CnE,204,8,204,https://www.youtube.com/watch?v=j9YRQ6A9CnE,0,0,0,,0,0,0,0,
4cebb92683d548089e998ec18a484930,283,13597,87,63,87,https://www.youtube.com/watch?v=9s3Lm4ApMQ4,87,63,87,https://www.youtube.com/watch?v=9s3Lm4ApMQ4,0,0,0,,0,0,0,0,
1618171723d84cbe8b57cd69fa6f477f,282,38745,0,0,0,,0,0,0,,0,0,0,,749,0,0,0,
7badd33c853240e280db61899f381ff2,282,11179,0,0,0,,0,0,0,,0,0,0,,423,0,0,0,
d2e2645a97a14ce4b58a7884c0e6ec56,282,27353,0,0,0,,0,0,0,,0,0,0,,1297,52,46,119,https://www.twitch.tv/videos/2871908278
b7155dea3cdc452e9f77df41ccca17bd,280,1326,0,0,0,,0,0,0,,0,0,0,,486,0,0,0,
f40e7d4c2b8b4ea89a6cd017303ca5c0,280,1631,0,0,0,,0,0,0,,0,0,0,,610,97,68,112,https://www.twitch.tv/videos/2871240248
67b3f32472774d3191ecfea12f60a990,279,12033,231,125,536,https://www.youtube.com/watch?v=LWGGTOepros,231,125,536,https://www.youtube.com/watch?v=LWGGTOepros,0,0,0,,122,9,7,21,https://www.twitch.tv/videos/2877373226
bc5f0ae969564d15a5e85bfbe4df3164,278,9335,0,0,0,,0,0,0,,0,0,0,,37,0,0,0,
9d5365bf17564326a578781a38b72bea,278,0,0,0,0,,0,0,0,,0,0,0,,0,0,0,0,
6fa20242354646ad8e8feea8d52e514e,278,6796,0,0,0,,0,0,0,,0,0,0,,0,0,0,0,
279a45d6a8f9445389b9b8cdbcb72ae8,277,25573,0,0,0,,0,0,0,,0,0,0,,292,0,0,0,
1fa9ddce23964bab8edddf7f18dad2f3,277,17468,0,0,0,,0,0,0,,0,0,0,,1719,170,134,248,https://www.twitch.tv/videos/2873217252
33f8f83054e3473d9c8c5e1a3c8e1008,276,9017,0,0,0,,0,0,0,,0,0,0,,0,0,0,0,
94ca3090942d4ca38a71b8f1b65c7343,276,18118,59,58,59,https://www.youtube.com/watch?v=XyqFL00De9E,59,58,59,https://www.youtube.com/watch?v=XyqFL00De9E,0,0,0,,184,0,0,0,
a16471805f7f44f88237b42c79b9f3a2,275,12046,94,19,143,https://www.youtube.com/watch?v=VhoqRBqyCAg,143,22,143,https://www.youtube.com/watch?v=VhoqRBqyCAg,46,15,46,https://www.youtube.com/watch?v=ZLoYyvy9LJE,0,0,0,0,
cabc3ddcf7ad46ef9acb4b0951f9b2ba,275,30221,1,0,6,https://www.youtube.com/watch?v=edj5OiLMk4s,0,0,0,,1,0,6,https://www.youtube.com/watch?v=edj5OiLMk4s,1325,161,121,294,https://www.twitch.tv/videos/2871994651
f72fb9eab9a84db5ba139131d59bdd02,273,41170,1078,166,1078,https://www.youtube.com/watch?v=2AKyA-k4s3k,0,0,0,,1078,166,1078,https://www.youtube.com/watch?v=2AKyA-k4s3k,468,46,32,89,https://www.twitch.tv/videos/2877374987
de5f8aaf92814bb79eb91adb0efc8f1d,272,16030,80,34,509,https://www.youtube.com/watch?v=Dz1aNwfyn3M,80,34,509,https://www.youtube.com/watch?v=Dz1aNwfyn3M,0,0,0,,0,0,0,0,
67252692b4f64f509af6eacffdeafdf9,271,28350,115,9,144,https://www.youtube.com/watch?v=f6PWP0ZdW-E,129,20,144,https://www.youtube.com/watch?v=f6PWP0ZdW-E,51,9,51,https://www.youtube.com/watch?v=M3jvM06rLIQ,0,0,0,0,
a3afce163c9341c992f526816d9d5440,269,9852,260,177,789,https://www.youtube.com/watch?v=dVVuNJs7LLs,285,187,789,https://www.youtube.com/watch?v=dVVuNJs7LLs,16,11,16,https://www.youtube.com/watch?v=hiq6VPPLpWk,109,0,0,0,
0d07fb89672446c3b4a1682131f96f7b,269,23326,112,52,145,https://www.youtube.com/watch?v=SvqgOecyun4,112,52,145,https://www.youtube.com/watch?v=SvqgOecyun4,0,0,0,,0,0,0,0,
a6a155230538488e8488f01160598837,269,17059,0,0,0,,0,0,0,,0,0,0,,0,0,0,0,
03e9bea117bd4b5ba189b48f1617d9bb,268,7803,0,0,0,,0,0,0,,0,0,0,,0,0,0,0,
1d9db35aa47c4d2d8bea3fb94afbd1b9,268,11641,126,53,199,https://www.youtube.com/watch?v=ZuZtlLJ5bck,121,51,199,https://www.youtube.com/watch?v=ZuZtlLJ5bck,135,100,145,https://www.youtube.com/watch?v=C9KibXEBM-A,0,0,0,0,
c91577ba12cd45deb9c8e5c666c290be,267,95927,217,91,384,https://www.youtube.com/watch?v=BII9kslpKLQ,217,91,384,https://www.youtube.com/watch?v=BII9kslpKLQ,0,0,0,,0,0,0,0,
bb0466e52fe240099d8498548b2fad3e,266,15118,0,0,0,,0,0,0,,0,0,0,,77,0,0,0,
fbd0d260a09c47b1a9dcc73fd41e7eca,266,3907,0,0,0,,0,0,0,,0,0,0,,6457,146,80,146,https://www.twitch.tv/videos/2866816027
1e62a729ec51448aa89d22adde18b214,266,50918,54,26,847,https://www.youtube.com/watch?v=oSpNJDx4DUA,455,363,847,https://www.youtube.com/watch?v=oSpNJDx4DUA,48,15,63,https://www.youtube.com/watch?v=-ACC2Oa-Tqw,0,0,0,0,
8ad7e8cd45e040f797cf2f1fa9d68976,266,13884,89,27,689,https://www.youtube.com/watch?v=aMNinbFlG2g,92,29,689,https://www.youtube.com/watch?v=aMNinbFlG2g,66,21,69,https://www.youtube.com/watch?v=Rz800CuT3_A,0,0,0,0,
d2437a12d8e54e858d2bdfa6d4053a9a,264,13267,128,82,717,https://www.youtube.com/watch?v=ejZ58jsV9kM,128,82,307,https://www.youtube.com/watch?v=el0Ewcp34Pk,409,84,717,https://www.youtube.com/watch?v=ejZ58jsV9kM,248,55,38,125,https://www.twitch.tv/videos/2878293362
0c05eca1975b40b3a0b54d3dfd61055d,264,46146,82,57,101,https://www.youtube.com/watch?v=TZW5OCGJl-g,0,0,0,,82,57,101,https://www.youtube.com/watch?v=TZW5OCGJl-g,2648,83,76,187,https://www.twitch.tv/videos/2870346852
1c7f2a409f0b4c39aab0400d51fbe93d,263,27924,534,137,1414,https://www.youtube.com/watch?v=F1HuN6BuTGY,468,205,1414,https://www.youtube.com/watch?v=F1HuN6BuTGY,1227,82,1402,https://www.youtube.com/watch?v=rF1guBoq2rE,0,0,0,0,
7a184a9a63cd425a9319691e20e3b148,262,4445,611,458,721,https://www.youtube.com/watch?v=4drnUEx7Ymw,585,455,721,https://www.youtube.com/watch?v=4drnUEx7Ymw,637,503,637,https://www.youtube.com/watch?v=9ig8xjZT2Wk,88,34,25,148,https://www.twitch.tv/videos/2872907787
a76d4171e74448fd9d1a6eaf183be3ff,262,15664,352,300,352,https://www.youtube.com/watch?v=pKrayFd8mLI,0,0,0,,352,300,352,https://www.youtube.com/watch?v=pKrayFd8mLI,847,194,124,199,https://www.twitch.tv/videos/2870337518
f7758d944fd8438a86bfe1235c7bcd17,261,15651,0,0,0,,0,0,0,,0,0,0,,631,0,0,0,
a3452262e11348c88afea4031b0323a8,258,22525,5,2,14,https://www.youtube.com/watch?v=eTlfVhC6aQk,0,0,0,,5,2,14,https://www.youtube.com/watch?v=eTlfVhC6aQk,574,0,0,0,
cd0b2f63c88e4b4abd5b83296a5d7866,255,3767,0,0,0,,0,0,0,,0,0,0,,3600,0,0,0,
7c96bbca1c184d70a39ef2a65a0d788c,255,0,0,0,0,,0,0,0,,0,0,0,,581,0,0,0,
3a44da0674144e61bff60415cc09a678,254,7648,17,8,56,https://www.youtube.com/watch?v=hSgNtF-WnS8,17,8,56,https://www.youtube.com/watch?v=hSgNtF-WnS8,0,0,0,,0,0,0,0,
2ff6c25f8e5943d2ac0a6a006f5784c3,254,2470,0,0,0,,0,0,0,,0,0,0,,1585,0,0,0,
5734f8f1aa53439e84769631937e0dd7,253,0,0,0,0,,0,0,0,,0,0,0,,0,0,0,0,
69af139be1d3454c91192d9153e5bb65,253,48147,63,22,320,https://www.youtube.com/watch?v=Pdg4kW0litM,0,0,0,,63,22,320,https://www.youtube.com/watch?v=Pdg4kW0litM,827,154,114,222,https://www.twitch.tv/videos/2870294466
47cd428eee8640cb80afaa4ef9bb55e0,252,17867,0,0,0,,0,0,0,,0,0,0,,1702,156,133,320,https://www.twitch.tv/videos/2873064230
0e516fd1e97a4c58bad3afb6469748d4,249,3425,0,0,0,,0,0,0,,0,0,0,,566,0,0,0,
5d23e69300534fe6aa678d75573381ea,247,2218,0,0,0,,0,0,0,,0,0,0,,0,0,0,0,
a091320108954092a07650dd8a31a451,246,11599,0,0,0,,0,0,0,,0,0,0,,0,0,0,0,
90a8ac8d7653460298ba85cb7e4d3bc9,246,3363,0,0,0,,0,0,0,,0,0,0,,55,0,0,0,
68671ee09add4d87b8038acebc5b48a4,246,20792,1150,441,1816,https://www.youtube.com/watch?v=nbBo1bfDcMk,0,0,0,,1150,441,1816,https://www.youtube.com/watch?v=nbBo1bfDcMk,1127,127,99,165,https://www.twitch.tv/videos/2873988934
777608b04fa74a42975497f6273ed6f9,244,12726,9,3,115,https://www.youtube.com/watch?v=rAEiGeLLYFM,0,0,0,,9,3,115,https://www.youtube.com/watch?v=rAEiGeLLYFM,3115,614,403,647,https://www.twitch.tv/videos/2868656961
789a7f5d025349b4ace0925f9e17fdd7,243,880,0,0,0,,0,0,0,,0,0,0,,0,0,0,0,
975ec89d484d499aa1beece0c6731a15,242,11647,0,0,0,,0,0,0,,0,0,0,,0,0,0,0,
4bded61728c4482c817c3cc236d0a619,242,19812,0,0,0,,0,0,0,,0,0,0,,1078,0,0,0,
3e86fddd8145474691e77ba761a6b2a5,241,37851,0,0,0,,0,0,0,,0,0,0,,1056,0,0,0,
e7ac18c2e713426692cfd0ef7fe2b897,241,0,0,0,0,,0,0,0,,0,0,0,,148,0,0,0,
1ccf3d7852d34137b9cc70343dcc41bf,240,110052,0,0,0,,0,0,0,,0,0,0,,111,0,0,0,
ad94d8048eb443248e4f2161201a938d,240,9423,351,228,1295,https://www.youtube.com/watch?v=OLAlKQn7-ko,0,0,0,,351,228,1295,https://www.youtube.com/watch?v=OLAlKQn7-ko,20,0,0,0,
71da2daf84a546c39399adf6ca44aac1,238,21186,166,107,647,https://www.youtube.com/watch?v=YbXVq6bIX3o,166,107,647,https://www.youtube.com/watch?v=YbXVq6bIX3o,0,0,0,,370,39,33,58,https://www.twitch.tv/videos/2867749415
5c85ca3ffbfc4ff6b0591c29fc92b7eb,238,5868,0,0,0,,0,0,0,,0,0,0,,0,0,0,0,
d198a42f93d84e9ca061a72243d142cc,237,118156,0,0,0,,0,0,0,,0,0,0,,549,27,8,42,https://www.twitch.tv/videos/2860574536
463e3994840145618264d41fa3eaf344,236,16462,115,51,276,https://www.youtube.com/watch?v=-KVxFUqhp40,169,56,276,https://www.youtube.com/watch?v=-KVxFUqhp40,61,23,74,https://www.youtube.com/watch?v=_Nsx9C9UD6U,0,0,0,0,
d8b5835bc6aa46119cc7ddd4447e780f,236,36514,0,0,0,,0,0,0,,0,0,0,,2035,96,76,243,https://www.twitch.tv/videos/2870191959
5aca9ae61bba473b96998fee811d155e,234,41741,291,175,346,https://www.youtube.com/watch?v=DtIdOhG10Ic,237,55,237,https://www.youtube.com/watch?v=0g2b0UhPzGU,346,295,346,https://www.youtube.com/watch?v=DtIdOhG10Ic,0,0,0,0,
dc27d7819dac471f907e0ace5131580f,234,5952,0,0,0,,0,0,0,,0,0,0,,1489,283,90,357,https://www.twitch.tv/videos/2852044254
af89613e72874e219c00ab0c89b6c641,234,53736,84,35,124,https://www.youtube.com/watch?v=Ow-Tt6qgcC8,84,35,124,https://www.youtube.com/watch?v=Ow-Tt6qgcC8,0,0,0,,11,0,0,0,
d4bd6ed12ee746a8978434ee5b14dd27,234,62987,2,2,1194,https://www.youtube.com/watch?v=PVXiVQwdMOk,0,0,0,,2,2,1194,https://www.youtube.com/watch?v=PVXiVQwdMOk,554,52,37,98,https://www.twitch.tv/videos/2872788951
25b5885afcdc4430be0d822464ccff91,233,3719,26,3,26,https://www.youtube.com/watch?v=HYZcN33E_TE,26,3,26,https://www.youtube.com/watch?v=HYZcN33E_TE,0,0,0,,348,20,17,26,https://www.twitch.tv/videos/2876483455
1d0201167f5445e8b410a8f311e54133,233,28968,432,411,844,https://www.youtube.com/watch?v=ZFA0dOCa1TA,0,0,0,,432,411,844,https://www.youtube.com/watch?v=ZFA0dOCa1TA,157,0,0,0,
4761f02fc96244dfa816e1333a2a11b2,232,1901,339,138,900,https://www.youtube.com/watch?v=VD8Pa59I3B8,373,160,900,https://www.youtube.com/watch?v=VD8Pa59I3B8,188,46,188,https://www.youtube.com/watch?v=efu6HDMHgyc,0,0,0,0,
c274c90379ca4e57a79251976cda3e54,231,8985,0,0,0,,0,0,0,,0,0,0,,318,0,0,0,
2dfcc511bca64a678926415857b097e9,231,0,0,0,0,,0,0,0,,0,0,0,,0,0,0,0,
451cf387126b426a89e3db63676c84b0,230,38034,609,94,1539,https://www.youtube.com/watch?v=_bX5ls2opDc,372,79,1539,https://www.youtube.com/watch?v=_bX5ls2opDc,1013,153,1216,https://www.youtube.com/watch?v=ajEW4t0QgeY,0,0,0,0,
bf6401d2159c40a8a616defa8c2c4a66,230,25601,0,0,0,,0,0,0,,0,0,0,,817,0,0,0,
fdbcdd7db6b04ed4b2336b1b3da66564,230,20664,0,0,0,,0,0,0,,0,0,0,,426,128,106,298,https://www.twitch.tv/videos/2870325637
aad41e66df77481baac0825033d81487,230,59535,36,14,206,https://www.youtube.com/watch?v=5n_VCWt9Czk,31,7,31,https://www.youtube.com/watch?v=xHUEsGQmRb4,38,22,206,https://www.youtube.com/watch?v=5n_VCWt9Czk,0,0,0,0,
42d2b255295b468dafe439394130ae11,229,12405,0,0,0,,0,0,0,,0,0,0,,943,0,0,0,
7bebabbe96a34368aa03da163e3da313,229,30191,55,30,55,https://www.youtube.com/watch?v=J7gZ6RJ_9w0,55,30,55,https://www.youtube.com/watch?v=J7gZ6RJ_9w0,0,0,0,,0,0,0,0,
11452593b92b45dcbbf804ddc2a513f8,226,49079,1021,492,11175,https://www.youtube.com/watch?v=sOgYvQ82koY,0,0,0,,1021,492,11175,https://www.youtube.com/watch?v=sOgYvQ82koY,0,0,0,0,
9b37ec730a37424799c01f1bb2fa829c,226,9651,190,56,1253,https://www.youtube.com/watch?v=Lbfrose8V10,188,69,391,https://www.youtube.com/watch?v=M8266M569zA,194,28,1253,https://www.youtube.com/watch?v=Lbfrose8V10,0,0,0,0,
98619914a2eb4b07bd6bc0a02066e455,225,5748,0,0,0,,0,0,0,,0,0,0,,1363,310,211,506,https://www.twitch.tv/videos/2867619134
af82ee4712aa4d6c9c4100591a8a3163,224,3233,0,0,0,,0,0,0,,0,0,0,,633,0,0,0,
a0b5f8b54a534dfcb66154002e97e4cc,224,0,0,0,0,,0,0,0,,0,0,0,,155,0,0,0,
74d00f89697a43e6801463c71fb37172,224,29424,145,77,756,https://www.youtube.com/watch?v=3YSw2Cxp3NQ,145,77,756,https://www.youtube.com/watch?v=3YSw2Cxp3NQ,0,0,0,,87,63,37,134,https://www.twitch.tv/videos/2874675343
63730ec82db64ce5a51464cf24f9a4aa,223,89,0,0,0,,0,0,0,,0,0,0,,387,0,0,0,
d564dc69725f4258b8b08d8d5df285a8,223,10095,45,40,120,https://www.youtube.com/watch?v=o5z7BG8Sx_0,37,34,45,https://www.youtube.com/watch?v=-wTbS9a5byw,120,101,120,https://www.youtube.com/watch?v=o5z7BG8Sx_0,73,4,4,5,https://www.twitch.tv/videos/2875675180
156aba6fe34b4d648a3fd210550963c7,223,1042,0,0,0,,0,0,0,,0,0,0,,92,0,0,0,
afec285390344f2a966c2c39c1e6984d,222,0,0,0,0,,0,0,0,,0,0,0,,0,0,0,0,
08d8f03223a54fb3807d49fb7c30b434,222,16081,324,129,689,https://www.youtube.com/watch?v=H-R99hcQiYI,324,129,689,https://www.youtube.com/watch?v=H-R99hcQiYI,0,0,0,,114,0,0,0,
fa4720c840ac4877966044322b79c9ba,221,0,0,0,0,,0,0,0,,0,0,0,,0,0,0,0,
9eb1907910c148d980f8b8c0c84f4d26,220,7204,583,305,1388,https://www.youtube.com/watch?v=7TUGaaYZsK8,0,0,0,,583,305,1388,https://www.youtube.com/watch?v=7TUGaaYZsK8,309,108,80,137,https://www.twitch.tv/videos/2869464939
52d8a731a7634e529ba986ae40ce6526,220,17644,0,0,0,,0,0,0,,0,0,0,,895,172,114,211,https://www.twitch.tv/videos/2869364257
d8fa0fb407c043cb9b65ab66c2221e8d,219,70519,1,0,4,https://www.youtube.com/watch?v=p2lY_1eWJl4,0,0,0,,1,0,4,https://www.youtube.com/watch?v=p2lY_1eWJl4,2262,25,17,71,https://www.twitch.tv/videos/2867838983
3986345f7cae4fc5ba3b7fd3a8dceba0,218,1025,0,0,0,,0,0,0,,0,0,0,,1203,0,0,0,
c56801a52568414ca54724a3c24c3417,216,19918,0,0,0,,0,0,0,,0,0,0,,2206,0,0,0,
9543391286c44c5e9c9e9ed7ef608f20,216,2957,0,0,0,,0,0,0,,0,0,0,,603,0,0,0,
12479712313d4ddda715483e1f93ee9d,216,4487,0,0,0,,0,0,0,,0,0,0,,0,0,0,0,
47d591738d2449a496e7ce140b539662,214,798,0,0,0,,0,0,0,,0,0,0,,2156,294,226,389,https://www.twitch.tv/videos/2871703342
de8c5ca15afd4534a822e5a1a9c2784e,213,1545,0,0,0,,0,0,0,,0,0,0,,2253,212,188,251,https://www.twitch.tv/videos/2872211378
3dc59c2e8b424c9e812fb48048ebdef8,213,7708,3,1,119,https://www.youtube.com/watch?v=fpz1Ahl0BDY,0,0,0,,3,1,119,https://www.youtube.com/watch?v=fpz1Ahl0BDY,1548,100,59,243,https://www.twitch.tv/videos/2872310261
d46a06f4c654403e8b6376f7eda6f6ba,213,11150,212,146,573,https://www.youtube.com/watch?v=wpUJFdzEWkE,392,334,573,https://www.youtube.com/watch?v=wpUJFdzEWkE,72,68,72,https://www.youtube.com/watch?v=nIZfTEMRX1U,0,0,0,0,
cfe0c2386d794c229d71c5a6a7e28333,211,15838,13,5,19,https://www.youtube.com/watch?v=_itgpKHi-wY,0,0,0,,13,5,19,https://www.youtube.com/watch?v=_itgpKHi-wY,0,0,0,0,
3082cc9c2e124fb3bf77cc799590042e,211,17860,88,57,129,https://www.youtube.com/watch?v=r5UhSUgn9F0,88,57,129,https://www.youtube.com/watch?v=r5UhSUgn9F0,0,0,0,,0,0,0,0,
54ea240f1bf1471981684464081645e7,210,4076,0,0,0,,0,0,0,,0,0,0,,354,0,0,0,
ae5f14abe86f4c62a9f6da7f6fa6cdc4,210,9124,132,43,794,https://www.youtube.com/watch?v=Kl2tlE--1JY,0,0,0,,132,43,794,https://www.youtube.com/watch?v=Kl2tlE--1JY,0,0,0,0,
bed176f79b074789ba4d21c90ca54a9c,210,6460,0,0,0,,0,0,0,,0,0,0,,5426,246,125,529,https://www.twitch.tv/videos/2871863312
03265829bf6d4e1eb09e58b1ec4093bc,209,4128,0,0,0,,0,0,0,,0,0,0,,0,0,0,0,
ea5ee3c6c8d24db78cdad9e18558f1c5,209,7070,206,79,1340,https://www.youtube.com/watch?v=hUernekwGCo,200,69,453,https://www.youtube.com/watch?v=hDTciw3aVHM,1340,741,1340,https://www.youtube.com/watch?v=hUernekwGCo,0,0,0,0,
1e602bc3e53a4fd2a1cd28a053988fbc,209,3549,0,0,0,,0,0,0,,0,0,0,,0,0,0,0,
05970b8580b4433d9afb8769568d2276,208,6054,0,0,0,,0,0,0,,0,0,0,,9,0,0,0,
8814a6eccdd04fa6bf2f8201f12bf8ae,208,3845,0,0,0,,0,0,0,,0,0,0,,346,0,0,0,
513641895d9a4fbca3b19aeb63d28915,206,11386,1180,774,1186,https://www.youtube.com/watch?v=BSDngJxbUHU,0,0,0,,1180,774,1186,https://www.youtube.com/watch?v=BSDngJxbUHU,1386,387,226,608,https://www.twitch.tv/videos/2862457910
14b644d58ff14ef1b491ef3d451e9e06,206,1034,0,0,0,,0,0,0,,0,0,0,,3372,76,42,115,https://www.twitch.tv/videos/2865886030
f1d9ff59d3d74b0ebb4268de53698dbf,206,6399,0,0,0,,0,0,0,,0,0,0,,727,0,0,0,
a5ced44a2bb74575a9cf9ea48f9ec890,205,9010,0,0,0,,0,0,0,,0,0,0,,0,0,0,0,
865ef104e1784d878871c819452a63dd,205,2669,100,26,154,https://www.youtube.com/watch?v=YLKoNnaZGTA,100,26,154,https://www.youtube.com/watch?v=YLKoNnaZGTA,0,0,0,,77,0,0,0,
cbaa062d8a2443b1b2b1efd92d9bd3bb,204,0,0,0,0,,0,0,0,,0,0,0,,0,0,0,0,
5949eae32b844c9e873474efb19f4e6d,204,6141,0,0,0,,0,0,0,,0,0,0,,0,0,0,0,
afb9c6f2f93040d0a0227405b9d17bde,204,296303,334,147,1663,https://www.youtube.com/watch?v=syRd7K3J50A,0,0,0,,334,147,1663,https://www.youtube.com/watch?v=syRd7K3J50A,538,98,75,149,https://www.twitch.tv/videos/2873841356
43e078503ebd44ae9f83abc9399647ca,204,52590,1319,317,2369,https://www.youtube.com/watch?v=xMXv_GtvsfU,0,0,0,,1319,317,2369,https://www.youtube.com/watch?v=xMXv_GtvsfU,7829,732,307,1066,https://www.twitch.tv/videos/2852332802
699b0baa82d0413aa073155683edcd56,203,8162,2,0,723,https://www.youtube.com/watch?v=pdCoCgb27dg,0,0,0,,2,0,723,https://www.youtube.com/watch?v=pdCoCgb27dg,2215,86,59,326,https://www.twitch.tv/videos/2872147656
3c9899af7c104ea08eb0baa4ee565076,203,2433,0,0,0,,0,0,0,,0,0,0,,712,82,67,82,https://www.twitch.tv/videos/2877202464
b26f99bf43154619ba4d4a588a9da3ce,201,32458,868,204,1200,https://www.youtube.com/watch?v=Eb8_ZQ4MlTs,711,205,1198,https://www.youtube.com/watch?v=gl92UihLb9o,1200,204,1200,https://www.youtube.com/watch?v=Eb8_ZQ4MlTs,0,0,0,0,
64677f13935847cca3e2e6670a89d9a8,200,3070,137,70,301,https://www.youtube.com/watch?v=_6hiZ8Hzc5Q,137,70,301,https://www.youtube.com/watch?v=_6hiZ8Hzc5Q,0,0,0,,471,30,21,98,https://www.twitch.tv/videos/2873004573
0024f8db99514a76bc5d5db1004c9bf4,197,5549,73,0,73,https://www.youtube.com/watch?v=Vm8JpZV9em0,0,0,0,,73,0,73,https://www.youtube.com/watch?v=Vm8JpZV9em0,528,62,44,284,https://www.twitch.tv/videos/2878198870
949f184abcc84a82b8e9f333b41a2109,195,11040,10,3,76,https://www.youtube.com/watch?v=olngKjaLsPY,0,0,0,,10,3,76,https://www.youtube.com/watch?v=olngKjaLsPY,2616,506,205,1294,https://www.twitch.tv/videos/2875734499
48e968abd77d434db31de0f0bb8d92a1,194,11007,0,0,0,,0,0,0,,0,0,0,,604,25,16,30,https://www.twitch.tv/videos/2878337163
936b7b3d4250469d94b53ebc7e4936f6,193,242131,0,0,0,,0,0,0,,0,0,0,,1193,183,60,333,https://www.twitch.tv/videos/2862237846
f30f6a2e994641b5af169b97f2aad13b,192,6981,0,0,0,,0,0,0,,0,0,0,,556,0,0,0,
021eaf7cecfa4416b759fcc310f7b15a,192,8700,0,0,0,,0,0,0,,0,0,0,,225,64,54,98,https://www.twitch.tv/videos/2869338210
bd39e88e6dd24e659b135b7fe96bef5b,191,566,0,0,0,,0,0,0,,0,0,0,,0,0,0,0,
df079afa77ea4a65baedaaa701936050,191,0,0,0,0,,0,0,0,,0,0,0,,0,0,0,0,
2afd93f378e14e78ad944fa86a84ed98,190,5092,0,0,0,,0,0,0,,0,0,0,,0,0,0,0,
26e2e1583d404f48b879375ef74ae33a,190,9119,15,11,15,https://www.youtube.com/watch?v=5qttvfSL-60,15,11,15,https://www.youtube.com/watch?v=5qttvfSL-60,0,0,0,,0,0,0,0,
eb001c0b038d4833b28c1026e04fdb89,189,8126,350,72,1468,https://www.youtube.com/watch?v=iW_vxojuMf8,0,0,0,,350,72,1468,https://www.youtube.com/watch?v=iW_vxojuMf8,1233,244,172,382,https://www.twitch.tv/videos/2868638748
698d1cca0e1f417892c954dabe0aacf8,189,784,0,0,0,,0,0,0,,0,0,0,,2289,0,0,0,
98c577d538f84d75a3c34e0f9d13c8a3,187,13532,0,0,0,,0,0,0,,0,0,0,,286,42,32,103,https://www.twitch.tv/videos/2869532624
9a7b047b85ae4227af74a0e200c3abc9,187,51006,1240,297,1739,https://www.youtube.com/watch?v=bzFryndAhDY,0,0,0,,1240,297,1739,https://www.youtube.com/watch?v=bzFryndAhDY,782,38,29,52,https://www.twitch.tv/videos/2873936619
25f3eb5a85784e0e9f59f45ae775badd,187,10340,0,0,0,,0,0,0,,0,0,0,,0,0,0,0,
202d7c3df0a0489288ace48e1e81ac9f,186,4644,0,0,0,,0,0,0,,0,0,0,,76,0,0,0,
47a57b51af1a482ead79df1698db2c70,185,7888,0,0,0,,0,0,0,,0,0,0,,0,0,0,0,
6d76e6b27f164061a216ec2831bd8dd3,185,0,0,0,0,,0,0,0,,0,0,0,,1204,114,86,114,https://www.twitch.tv/videos/2872102533
59ea0c3b836c4dee8ba08df9bb73be86,184,0,0,0,0,,0,0,0,,0,0,0,,0,0,0,0,
7a7e366c81d54d03a07cb2c6cb382884,183,6324,0,0,0,,0,0,0,,0,0,0,,0,0,0,0,
c8bd7c9fcc714269b8092571f2622867,181,483,0,0,0,,0,0,0,,0,0,0,,0,0,0,0,
9b9409f309a54c54bf6225f43eae1167,181,6378,0,0,0,,0,0,0,,0,0,0,,2112,210,165,301,https://www.twitch.tv/videos/2866945176
bad9c0bc10404089a32d6b4b8346fc0e,180,87962,31,11,125,https://www.youtube.com/watch?v=F16ecd2kRes,31,11,125,https://www.youtube.com/watch?v=F16ecd2kRes,0,0,0,,0,0,0,0,
3442df03030941b0933077faf6a75c6a,180,10011,0,0,0,,0,0,0,,0,0,0,,733,94,59,123,https://www.twitch.tv/videos/2869422834
67dc6d443cff47a4bc6a31a56e8b72f5,179,19909,132,98,630,https://www.youtube.com/watch?v=f5fsktsoy5k,132,98,630,https://www.youtube.com/watch?v=f5fsktsoy5k,0,0,0,,0,0,0,0,
ad6455da071543ab88cd4855a11cf39b,178,7027,82,24,146,https://www.youtube.com/watch?v=BeH1EUNnfBM,82,24,146,https://www.youtube.com/watch?v=BeH1EUNnfBM,0,0,0,,0,0,0,0,
d93ec185504e45e2894865980da489a9,177,3617,11,6,84,https://www.youtube.com/watch?v=pxl873Hq__4,0,0,0,,11,6,84,https://www.youtube.com/watch?v=pxl873Hq__4,1820,207,135,285,https://www.twitch.tv/videos/2871215075
c29627e1a48a4ea8b21c858aba1836d0,176,6799,0,0,0,,0,0,0,,0,0,0,,560,132,114,220,https://www.twitch.tv/videos/2876499200
ae2d7595c5b94d0786e2fcd5c8973c06,175,2504,0,0,0,,0,0,0,,0,0,0,,0,0,0,0,
a3bbe09809e141e5b0658a79ba63f977,175,14594,19,3,116,https://www.youtube.com/watch?v=l3pZw7GEpv0,0,0,0,,19,3,116,https://www.youtube.com/watch?v=l3pZw7GEpv0,403,8,6,14,https://www.twitch.tv/videos/2876500608
7ee7164af0d645a18422350715a1eef0,175,407,0,0,0,,0,0,0,,0,0,0,,352,0,0,0,
58f233e089ca45c8bc1969b471183766,174,25952,183,52,252,https://www.youtube.com/watch?v=NV19-10VcPY,183,52,252,https://www.youtube.com/watch?v=NV19-10VcPY,0,0,0,,0,0,0,0,
6cdc57bc89cc4b7f9c9d848fd5b0d031,174,26051,0,0,0,,0,0,0,,0,0,0,,0,0,0,0,
288ba70f1a044c72a65ed9cf3b425d13,173,20761,96,45,257,https://www.youtube.com/watch?v=NiMh3dasdQk,96,45,257,https://www.youtube.com/watch?v=NiMh3dasdQk,0,0,0,,0,0,0,0,
591654ee39c147ffaa77a531a81a6eda,173,14355,35,17,136,https://www.youtube.com/watch?v=coHhnzb2TWQ,35,17,136,https://www.youtube.com/watch?v=coHhnzb2TWQ,0,0,0,,705,11,8,33,https://www.twitch.tv/videos/2867760357
868a7d0a1ef94befa5205a21fb65d7d5,173,2889,0,0,0,,0,0,0,,0,0,0,,4599,120,85,181,https://www.twitch.tv/videos/2869319428
604dc5a26bb54f3d8a69c9df659d23d7,173,6174,0,0,0,,0,0,0,,0,0,0,,830,39,25,79,https://www.twitch.tv/videos/2867541993
a91c83dff0c94387aa2c11e597424517,172,11139,0,0,0,,0,0,0,,0,0,0,,266,45,34,93,https://www.twitch.tv/videos/2866619838
bb21226dc1db41e294f545133948115b,172,17621,0,0,0,,0,0,0,,0,0,0,,851,0,0,0,
74a8b2325c0c4b158dd12377bff187c8,172,1964,0,0,0,,0,0,0,,0,0,0,,0,0,0,0,
844adbe9800c4c52863267075afd2c7f,172,8897,0,0,0,,0,0,0,,0,0,0,,255,0,0,0,
b2ec8ce2ab124618ae1b1af2cd85ce23,172,2949,0,0,0,,0,0,0,,0,0,0,,275,0,0,0,
cd38e82545b04cb8a3e047fe41f2ba40,172,1435,0,0,0,,0,0,0,,0,0,0,,1105,283,112,714,https://www.twitch.tv/videos/2852077263
b850c220033a4b6d83c9b9b70b04647b,171,3765,0,0,0,,0,0,0,,0,0,0,,198,0,0,0,
56e0088d20b04a059da9932476fc9a5b,170,21291,0,0,0,,0,0,0,,0,0,0,,2551,0,0,0,
0c97b425059d4ac893cae0f804f4ccbc,166,11111,219,210,219,https://www.youtube.com/watch?v=_ThnsjQ8Nhs,219,210,219,https://www.youtube.com/watch?v=_ThnsjQ8Nhs,0,0,0,,0,0,0,0,
c08ae8d7412d407c8b233f6e445d081c,166,3596,1,0,56,https://www.youtube.com/watch?v=qDyZFDhxFTc,0,0,0,,1,0,56,https://www.youtube.com/watch?v=qDyZFDhxFTc,740,48,36,71,https://www.twitch.tv/videos/2871876516
a46ad933ff6f4d0c91cc1069f0329265,165,3499,0,0,0,,0,0,0,,0,0,0,,0,0,0,0,
fced951d6a344a27b59e422984ead36d,165,31875,0,0,0,,0,0,0,,0,0,0,,0,0,0,0,
07dce34bcae849989c379d5c13ff4904,164,4008,260,246,489,https://www.youtube.com/watch?v=4aW91GoDl9Y,0,0,0,,260,246,489,https://www.youtube.com/watch?v=4aW91GoDl9Y,1979,433,193,106772,https://www.twitch.tv/videos/2873939257
f958b1a87ecd4bfab42ba0d1443bfa61,164,11475,5,2,94,https://www.youtube.com/watch?v=IFT_rFIlwHI,5,2,94,https://www.youtube.com/watch?v=IFT_rFIlwHI,0,0,0,,551,50,29,64,https://www.twitch.tv/videos/2868598885
fe1731a49d43440391f571347747604c,163,2866,0,0,0,,0,0,0,,0,0,0,,1355,208,148,236,https://www.twitch.tv/videos/2874791593
9cb41588918b4fcf9d8e21ce0b6896c6,163,13175,705,319,1252,https://www.youtube.com/watch?v=YqyLwcH_DRU,188,167,341,https://www.youtube.com/watch?v=lg66noZwM64,716,389,1252,https://www.youtube.com/watch?v=YqyLwcH_DRU,76,58,52,117,https://www.twitch.tv/videos/2874759276
06f1c7339e1c47ecb69ea7385f4635a1,163,35859,43,27,155,https://www.youtube.com/watch?v=a9RQdzUceKk,43,27,155,https://www.youtube.com/watch?v=a9RQdzUceKk,0,0,0,,539,170,105,212,https://www.twitch.tv/videos/2871169663
1266255bc3ec481abc9d970be9f14f6d,163,0,0,0,0,,0,0,0,,0,0,0,,0,0,0,0,
2bb0e68d998d4b2bbfc79557a233fb33,162,27293,266,125,1228,https://www.youtube.com/watch?v=M7Ch9Q7eH08,256,118,1189,https://www.youtube.com/watch?v=WBGB0WcMXb0,348,144,1228,https://www.youtube.com/watch?v=M7Ch9Q7eH08,132,11,9,34,https://www.twitch.tv/videos/2877375841
3475b2087d9a4d799c10bd3ac5f45437,162,963,0,0,0,,0,0,0,,0,0,0,,1201,0,0,0,
e739323b76994f8abcca757db52a440d,162,10832,29,28,35,https://www.youtube.com/watch?v=pTxF715w6oM,0,0,0,,29,28,35,https://www.youtube.com/watch?v=pTxF715w6oM,0,0,0,0,
edfed5b0978a4fb98f94319bfc639d98,161,1229,0,0,0,,0,0,0,,0,0,0,,1240,274,176,421,https://www.twitch.tv/videos/2868470786
e6d7ea2833a1477aab8dfa3d4f4936fb,161,4432,1190,1166,1190,https://www.youtube.com/watch?v=YGIzfWVx1oo,0,0,0,,1190,1166,1190,https://www.youtube.com/watch?v=YGIzfWVx1oo,1557,182,155,230,https://www.twitch.tv/videos/2873149419
46821555a7af41e4aa70fe0fabd8a4f6,161,9601,52,42,678,https://www.youtube.com/watch?v=4i4jmYJVmQI,52,42,678,https://www.youtube.com/watch?v=4i4jmYJVmQI,0,0,0,,668,0,0,0,
0134d1ae91784122b79954c2c8571aef,161,0,0,0,0,,0,0,0,,0,0,0,,386,0,0,0,
6481e646412745d3b2fa38255cef0da4,161,7909,0,0,0,,0,0,0,,0,0,0,,589,0,0,0,
d9b8f1ac9c93423fa62e8073a8173d30,161,22958,396,110,1194,https://www.youtube.com/watch?v=AxpS7VzYK0A,388,105,1194,https://www.youtube.com/watch?v=AxpS7VzYK0A,396,144,984,https://www.youtube.com/watch?v=gvsysKD15JA,0,0,0,0,
3040b4d9d4374815a4e0af0c887a42fc,160,20549,0,0,0,,0,0,0,,0,0,0,,1531,309,201,352,https://www.twitch.tv/videos/2871993721
70ab761191014a39b7d090541f785cd2,160,11986,59,11,133,https://www.youtube.com/watch?v=eU3KghWatSo,59,11,133,https://www.youtube.com/watch?v=eU3KghWatSo,0,0,0,,184,52,36,228,https://www.twitch.tv/videos/2870947185
beed2aaeebc9439895feb2aff3c9e641,160,8451,7,2,7,https://www.youtube.com/watch?v=SWqS1Rm3P0M,0,0,0,,7,2,7,https://www.youtube.com/watch?v=SWqS1Rm3P0M,0,0,0,0,
4d96aeef13f949e19026682e337db138,159,3388,0,0,0,,0,0,0,,0,0,0,,2615,0,0,0,
cf100db6a3dc4010b32802b75f5abc14,158,14978,14,4,542,https://www.youtube.com/watch?v=FHxwLkrTKKY,100,48,355,https://www.youtube.com/watch?v=xcCT501EHis,3,1,542,https://www.youtube.com/watch?v=FHxwLkrTKKY,0,0,0,0,
dc97af965a4942d281cc7365805233f1,157,3245,0,0,0,,0,0,0,,0,0,0,,71,0,0,0,
6a915915ad2a4d29b524ebd50f2dbbe4,156,1561,0,0,0,,0,0,0,,0,0,0,,1625,91,58,101,https://www.twitch.tv/videos/2870280822
67c533576c474a0d9897f62964cef71c,155,4643,0,0,0,,0,0,0,,0,0,0,,334,79,40,79,https://www.twitch.tv/videos/2865667902
a8bee4c680a54cf29b34d90bf7230ab1,155,2802,0,0,0,,0,0,0,,0,0,0,,1892,0,0,0,
d92c3f9d55fb49e0bc29039b70da5dfb,154,1699,0,0,0,,0,0,0,,0,0,0,,0,0,0,0,
354734963c7d49588387bbba859a05a2,154,254,0,0,0,,0,0,0,,0,0,0,,0,0,0,0,
821713a01e5a4f1787926fb48dbf7302,154,12154,79,38,383,https://www.youtube.com/watch?v=f9Zo2uS5Q90,80,40,383,https://www.youtube.com/watch?v=f9Zo2uS5Q90,66,36,66,https://www.youtube.com/watch?v=8DPyX8SBLXA,0,0,0,0,
5fdd1d15cf404c918b0f697baff04218,154,38697,0,0,0,,0,0,0,,0,0,0,,2746,521,346,876,https://www.twitch.tv/videos/2864146380
290bbaa329eb45b1a267bfd7e35c3b14,153,0,0,0,0,,0,0,0,,0,0,0,,445,0,0,0,
f42472ba115a480ab309612af9ae29cf,153,5610,50,8,63,https://www.youtube.com/watch?v=6M8tOev3pNM,50,8,63,https://www.youtube.com/watch?v=6M8tOev3pNM,0,0,0,,0,0,0,0,
41e1aa0eab8d4ec5a4010833581f5b92,150,2794,0,0,0,,0,0,0,,0,0,0,,91,0,0,0,
8b1758159f754a3a8d7f26dcf12c008f,150,7164,0,0,0,,0,0,0,,0,0,0,,0,0,0,0,
8bca20c5a14c42fc94288fcf3d9c3667,149,4600,93,32,181,https://www.youtube.com/watch?v=H12SKSZJOSM,93,32,181,https://www.youtube.com/watch?v=H12SKSZJOSM,0,0,0,,58,0,0,0,
2f2a88438aee4a5e842f186bcdc05128,148,12498,0,0,0,,0,0,0,,0,0,0,,78,0,0,0,
6d36ce9cdedb4806ad5c00a3496b9e4f,148,3582,1405,642,1405,https://www.youtube.com/watch?v=KoNXpkF-g0w,0,0,0,,1405,642,1405,https://www.youtube.com/watch?v=KoNXpkF-g0w,2583,716,264,77137,https://www.twitch.tv/videos/2869123737
704fc1f053134276ab03c19687cfcca6,147,0,0,0,0,,0,0,0,,0,0,0,,0,0,0,0,
46a16e41f2af4523adeb4556f2e0b0d5,147,3287,0,0,0,,0,0,0,,0,0,0,,8386,0,0,0,
98fd913e544f4725afdd28ad05f3e737,146,12427,0,0,0,,0,0,0,,0,0,0,,0,0,0,0,
ff170a57c74545c7977b64a6d82981af,146,18958,81,48,115,https://www.youtube.com/watch?v=kuLU6pEa9VI,80,47,115,https://www.youtube.com/watch?v=kuLU6pEa9VI,84,50,109,https://www.youtube.com/watch?v=Bm--aenhOa4,0,0,0,0,
521d3e3d5e6e410aababfb8f290749b6,145,2539,6,0,6,https://www.youtube.com/watch?v=iKOzD4xTYJk,0,0,0,,6,0,6,https://www.youtube.com/watch?v=iKOzD4xTYJk,369,0,0,0,
7ccac8385e2d41f69aab04b7f2b23cac,145,5276,0,0,0,,0,0,0,,0,0,0,,1341,0,0,0,
eab02228a491402a824805ab47174ff4,145,0,0,0,0,,0,0,0,,0,0,0,,0,0,0,0,
2d3deb7610dd4329ba77597dfdd13043,144,27433,1570,1243,1864,https://www.youtube.com/watch?v=Vk4MOKsIVmQ,0,0,0,,1570,1243,1864,https://www.youtube.com/watch?v=Vk4MOKsIVmQ,2021,281,114,495,https://www.twitch.tv/videos/2873826408
9b6ebeb957fe4fed84a5472b6b3bd13c,144,17101,0,0,0,,0,0,0,,0,0,0,,1228,179,125,197,https://www.twitch.tv/videos/2869118243
240c765d12ae40ab85e53fb39eb22b03,144,2658,19,16,19,https://www.youtube.com/watch?v=9Xc6GYuKvs0,0,0,0,,19,16,19,https://www.youtube.com/watch?v=9Xc6GYuKvs0,4415,128,86,128,https://www.twitch.tv/videos/2870142172
be4cf0f0dbca4973992d2cb553c1c2bc,144,0,0,0,0,,0,0,0,,0,0,0,,874,0,0,0,
a84b1b6deabc462b9cf994fd02304b5b,143,876,0,0,0,,0,0,0,,0,0,0,,1702,0,0,0,
c8672ebbfe37442788c48d9a8399fc7b,142,25087,0,0,0,,0,0,0,,0,0,0,,951,115,67,290,https://www.twitch.tv/videos/2872196786
f55b426f2ceb419d964d1d1bcd3860e9,141,8411,443,366,443,https://www.youtube.com/watch?v=SSwTZGnQ4VI,0,0,0,,443,366,443,https://www.youtube.com/watch?v=SSwTZGnQ4VI,0,0,0,0,
eac3578c689d48b493103c11e2b16c5e,141,15999,0,0,0,,0,0,0,,0,0,0,,927,0,0,0,
985e77a95dcc46e38b513ab638c5ed25,140,7942,0,0,0,,0,0,0,,0,0,0,,495,0,0,0,
1ea0189fc3ce47fb9461b6cab10d78fe,139,2892,0,0,0,,0,0,0,,0,0,0,,144,0,0,0,
8847133db580452eb63c5d3a2de47e4a,139,11507,211,92,1248,https://www.youtube.com/watch?v=QTuBDUQTZ3M,228,95,729,https://www.youtube.com/watch?v=7PB1RHA_2Nk,108,29,1248,https://www.youtube.com/watch?v=QTuBDUQTZ3M,0,0,0,0,
a1a4762aa1eb4d95be1c0c7a528a8336,139,11096,1,0,1084,https://www.youtube.com/watch?v=XXTUK7FtGw4,0,0,0,,1,0,1084,https://www.youtube.com/watch?v=XXTUK7FtGw4,1865,94,71,137,https://www.twitch.tv/videos/2878376394
135224fe261040639a802804b52f22db,137,0,0,0,0,,0,0,0,,0,0,0,,627,20,11,31,https://www.twitch.tv/videos/2866650060
f314b215c987471888b4477dc4d8bf08,137,0,0,0,0,,0,0,0,,0,0,0,,0,0,0,0,
d0390d1ee4c744cba3ac19af6ae16171,136,8133,616,452,1098,https://www.youtube.com/watch?v=6HzuZWNUPmg,0,0,0,,616,452,1098,https://www.youtube.com/watch?v=6HzuZWNUPmg,74,107,71,151,https://www.twitch.tv/videos/2870279686
50c6983298d84cbeac8e6376349e672b,136,23388,431,211,979,https://www.youtube.com/watch?v=YqSUK_wi55E,475,266,979,https://www.youtube.com/watch?v=YqSUK_wi55E,293,130,361,https://www.youtube.com/watch?v=sVPf2Ihw6Ec,2,0,0,0,
061fa27713ec453ebf41c21eb58b7719,136,2158,0,0,0,,0,0,0,,0,0,0,,0,0,0,0,
fd638ba6820241d1b3367afab0c6ab3e,134,10098,82,22,82,https://www.youtube.com/watch?v=lHiLdwNqT0c,82,22,82,https://www.youtube.com/watch?v=lHiLdwNqT0c,0,0,0,,0,0,0,0,
06d173cf0b3f4369bcfb4b4270bd59e3,134,397,0,0,0,,0,0,0,,0,0,0,,387,177,128,298,https://www.twitch.tv/videos/2876467573
e1a9d641bfe749ee8b97fe0e3abe413f,133,2371,478,300,588,https://www.youtube.com/watch?v=RiAO0uDmFNE,0,0,0,,478,300,588,https://www.youtube.com/watch?v=RiAO0uDmFNE,28,27,22,34,https://www.twitch.tv/videos/2876521501
fe1bd62313574733ab86c1a56b7143ab,133,27,0,0,0,,0,0,0,,0,0,0,,1540,0,0,0,
b18dea7632bc49db974a22d6eb6660fb,131,3964,3,2,113,https://www.youtube.com/watch?v=KG8-TvkNJzI,0,0,0,,3,2,113,https://www.youtube.com/watch?v=KG8-TvkNJzI,423,34,27,58,https://www.twitch.tv/videos/2876516709
c9e933e250e747f88f8cbf4857ec7f3b,131,135,0,0,0,,0,0,0,,0,0,0,,3036,0,0,0,
350b440f9436415c8499526d4c6f3dfd,130,4026,0,0,0,,0,0,0,,0,0,0,,1763,0,0,0,
2928a7d5624e4af8b1331eabae6bda17,130,2735,0,0,0,,0,0,0,,0,0,0,,731,13,10,29,https://www.twitch.tv/videos/2876583410
3b7dac5e2bdb4c08a139e18ef7f6f7e5,129,7771,6,0,6,https://www.youtube.com/watch?v=asTd3nKS67U,0,0,0,,6,0,6,https://www.youtube.com/watch?v=asTd3nKS67U,684,28,20,47,https://www.twitch.tv/videos/2867712822
453db6575b094b388ba2ae38e7ff2c51,129,15499,0,0,0,,0,0,0,,0,0,0,,694,0,0,0,
d95abd62958c4081a999660b995d72ce,128,818,40,24,50,https://www.youtube.com/watch?v=xAh2zt7T0a8,50,38,50,https://www.youtube.com/watch?v=xAh2zt7T0a8,30,9,30,https://www.youtube.com/watch?v=Bm-sGv83t38,0,0,0,0,
c85822960da341bb8f5323219b233bd1,128,9015,0,0,0,,0,0,0,,0,0,0,,0,0,0,0,
22f16847ee064b1bafd9bbe15bd31284,127,8573,0,0,0,,0,0,0,,0,0,0,,721,228,147,228,https://www.twitch.tv/videos/2869346000
90c230602c7542daa149c6f6edebc7c4,127,1479,0,0,0,,0,0,0,,0,0,0,,0,0,0,0,
577251897dc7463393b68c5b6f96559b,127,8503,14,5,359,https://www.youtube.com/watch?v=_a1Hz83UL6I,0,0,0,,14,5,359,https://www.youtube.com/watch?v=_a1Hz83UL6I,761,177,146,482,https://www.twitch.tv/videos/2870374667
822b9b7a9eca49df9bfd617a19b274b0,126,3412,28,11,115,https://www.youtube.com/watch?v=VY4QyWxVxKI,28,11,115,https://www.youtube.com/watch?v=VY4QyWxVxKI,0,0,0,,0,0,0,0,
f09a7c3155a047c98f155434b2634ecf,125,3578,0,0,0,,0,0,0,,0,0,0,,393,0,0,0,
09b00ccde152498b808efe7317bd52f0,124,1476,0,0,0,,0,0,0,,0,0,0,,2920,123,84,755,https://www.twitch.tv/videos/2877519710
a1d3d37caa68474288b903f309db32a1,123,9503,37,10,78,https://www.youtube.com/watch?v=v87OoMixB_g,37,16,78,https://www.youtube.com/watch?v=v87OoMixB_g,17,4,17,https://www.youtube.com/watch?v=syfFWCgD_H8,0,0,0,0,
6358ea21f673491fab72d62494b2225f,121,3918,0,0,0,,0,0,0,,0,0,0,,706,239,172,505,https://www.twitch.tv/videos/2872934482
fef1577c0352446c8e371b9fd9e7cc73,121,9092,1,0,2,https://www.youtube.com/watch?v=qeGYOSrTnsM,0,0,0,,1,0,2,https://www.youtube.com/watch?v=qeGYOSrTnsM,126,10,5,21,https://www.twitch.tv/videos/2873972683
75da31a9fa4e4dafac9e98135bfab373,120,0,0,0,0,,0,0,0,,0,0,0,,0,0,0,0,
f7c5066e776943ef9f277e3f41232272,120,4366,0,0,0,,0,0,0,,0,0,0,,0,0,0,0,
8b5d6e9353ba46789fa6a2cfd94f69b2,119,4490,1,0,33,https://www.youtube.com/watch?v=4JXtJ_KVsok,0,0,0,,1,0,33,https://www.youtube.com/watch?v=4JXtJ_KVsok,131,14,9,37,https://www.twitch.tv/videos/2878272289
2af829174cab4262b61b226dd4d5aee5,119,9722,0,0,0,,0,0,0,,0,0,0,,21,0,0,0,
8064b5c85fc64d10ae3e9d3a4c0dfd8f,118,1184,0,0,0,,0,0,0,,0,0,0,,2729,0,0,0,
063fe3c0ae714b4ea4edaf79bda5dda0,118,535,0,0,0,,0,0,0,,0,0,0,,2085,124,101,155,https://www.twitch.tv/videos/2870054960
a2847bd09f954df794fb9289d6a96dae,118,8146,25,18,25,https://www.youtube.com/watch?v=BAwMukDsDbY,25,18,25,https://www.youtube.com/watch?v=BAwMukDsDbY,0,0,0,,727,117,67,139,https://www.twitch.tv/videos/2872146361
6c66740fc44a4a489e7a67ac93dd274e,118,1697,167,64,167,https://www.youtube.com/watch?v=A53XMXYFtQM,0,0,0,,167,64,167,https://www.youtube.com/watch?v=A53XMXYFtQM,419,0,0,0,
5a60a41d2a604bc68368158cd0b1cc12,117,10797,7,2,86,https://www.youtube.com/watch?v=N1rnUoC2Z-s,0,0,0,,7,2,86,https://www.youtube.com/watch?v=N1rnUoC2Z-s,660,81,60,104,https://www.twitch.tv/videos/2870327069
82dcae1da14844ee88960a76041e7c27,116,483,0,0,0,,0,0,0,,0,0,0,,269,0,0,0,
1daf23905a3d4aa9a59273e563e33382,116,7178,0,0,0,,0,0,0,,0,0,0,,1814,0,0,0,
e93b2dd2339a422f8ab3d21c9d95161c,116,2528,0,0,0,,0,0,0,,0,0,0,,523,25,18,74,https://www.twitch.tv/videos/2869337646
16e0b967de004b45b5c10302382ad43e,116,1942,0,0,0,,0,0,0,,0,0,0,,534,0,0,0,
48757d31519a475faf33652b85bf99dd,115,16115,390,82,1231,https://www.youtube.com/watch?v=Sk5ulZXgN78,254,196,254,https://www.youtube.com/watch?v=Gjr6J4t3-7E,393,76,1231,https://www.youtube.com/watch?v=Sk5ulZXgN78,0,0,0,0,
b9a09f50375248aebc3d6afdb7f5adf6,115,2106,0,0,0,,0,0,0,,0,0,0,,832,0,0,0,
359d60ab5abb445a8477a50781acc050,115,13672,1126,570,1323,https://www.youtube.com/watch?v=m2LfKsbPnp8,0,0,0,,1126,570,1323,https://www.youtube.com/watch?v=m2LfKsbPnp8,0,0,0,0,
a2e9afb364e84d48acbdc77441ad17a7,114,12275,16,15,16,https://www.youtube.com/watch?v=ocYEBQyRHQw,0,0,0,,16,15,16,https://www.youtube.com/watch?v=ocYEBQyRHQw,540,0,0,0,
c6d0078f1d5e4fd08a459c7eecd85464,114,25182,83,40,322,https://www.youtube.com/watch?v=Plsjo76Cr-4,52,27,219,https://www.youtube.com/watch?v=3Kk4qPokZv0,171,70,322,https://www.youtube.com/watch?v=Plsjo76Cr-4,0,0,0,0,
d3eee3b8d1954b1c8fea325d7b7b1b7f,114,9836,94,64,953,https://www.youtube.com/watch?v=irbiM0Rrc_g,83,64,367,https://www.youtube.com/watch?v=DxbLLbD4mRo,298,72,953,https://www.youtube.com/watch?v=irbiM0Rrc_g,148,112,78,148,https://www.twitch.tv/videos/2869439384
dd9bf471b0304627877f38daaec5407b,113,676,0,0,0,,0,0,0,,0,0,0,,967,76,54,76,https://www.twitch.tv/videos/2871184428
f10dc84fab2a41d385c2553b0f1d788b,111,4430,0,0,0,,0,0,0,,0,0,0,,656,62,54,163,https://www.twitch.tv/videos/2870431716
f1be475d4aa34c3faf4826a77ceb99b5,111,4053,176,8,176,https://www.youtube.com/watch?v=Ojco0iS4ZzI,176,8,176,https://www.youtube.com/watch?v=Ojco0iS4ZzI,0,0,0,,268,202,139,251,https://www.twitch.tv/videos/2872274513
77364942d7f24440bbde8efa71c724df,111,6848,0,0,0,,0,0,0,,0,0,0,,649,24,20,32,https://www.twitch.tv/videos/2874133854
12286b61ae55499b8c60101a4625b089,110,0,0,0,0,,0,0,0,,0,0,0,,307,0,0,0,
8882f2de2e6947e190be5b4f63a4e626,109,0,0,0,0,,0,0,0,,0,0,0,,0,0,0,0,
f1a631b2661b45718c7caf5862ddcd68,109,2897,71,13,161,https://www.youtube.com/watch?v=DqtQCQ8IBOQ,0,0,0,,71,13,161,https://www.youtube.com/watch?v=DqtQCQ8IBOQ,42,0,0,0,
a127ff7335ae467d961641bcf84f1e2f,109,12290,0,0,0,,0,0,0,,0,0,0,,2185,301,230,371,https://www.twitch.tv/videos/2871228549
6a2bad0b742447bf9912a97eaac17ced,109,34798,1164,646,1917,https://www.youtube.com/watch?v=e52nIfnQWQQ,0,0,0,,1164,646,1917,https://www.youtube.com/watch?v=e52nIfnQWQQ,0,0,0,0,
8868dd9b4d75481397fd841b8ef6c55d,108,2373,0,0,0,,0,0,0,,0,0,0,,13,0,0,0,
965ff8a77ab845aaac693d9c7a56f82d,108,7574,0,0,0,,0,0,0,,0,0,0,,686,82,60,167,https://www.twitch.tv/videos/2865790365
4ead521cd6a04a5aa1b2739f252ac9d1,108,707,4,1,5,https://www.youtube.com/watch?v=Vi4LU1ou1IY,0,0,0,,4,1,5,https://www.youtube.com/watch?v=Vi4LU1ou1IY,270,35,25,92,https://www.twitch.tv/videos/2865881700
39ff9dd2c91841b6b8c719d71b7bdb11,107,11176,1052,357,1052,https://www.youtube.com/watch?v=eO3G916u8iQ,0,0,0,,1052,357,1052,https://www.youtube.com/watch?v=eO3G916u8iQ,454,387,293,686,https://www.twitch.tv/videos/2871355190
fede6fee793048f1a576cab38a6bd414,107,6300,0,0,0,,0,0,0,,0,0,0,,2329,57,23,247,https://www.twitch.tv/videos/2860599007
ef36201df30f43ba9efbd573f9a6d9b7,105,18623,0,0,0,,0,0,0,,0,0,0,,631,136,94,214,https://www.twitch.tv/videos/2871303315
f86ec6a459f64e7d8431c69b1d7ec28b,105,4614,90,41,239,https://www.youtube.com/watch?v=b7ZjEVzY7Bo,90,41,239,https://www.youtube.com/watch?v=b7ZjEVzY7Bo,0,0,0,,174,119,82,169,https://www.twitch.tv/videos/2866888652
1af37b5945cf40019107583a3c6537ea,105,663,0,0,0,,0,0,0,,0,0,0,,2751,319,228,386,https://www.twitch.tv/videos/2873096943
65f0266aa5484b4e9f244e856e0d88b3,105,37,0,0,0,,0,0,0,,0,0,0,,408,0,0,0,
33ce96c886d341879ce66c4f7892c421,103,60545,130,94,465,https://www.youtube.com/watch?v=cbqJrjNACZw,0,0,0,,130,94,465,https://www.youtube.com/watch?v=cbqJrjNACZw,831,196,133,291,https://www.twitch.tv/videos/2865671969
ca65749ceff346fd971c24b0461f18d9,102,8338,0,0,0,,0,0,0,,0,0,0,,606,0,0,0,
0a9f3befc55d447fbc9fa1e54ba0dd8e,102,0,0,0,0,,0,0,0,,0,0,0,,169,4,2,4,https://www.twitch.tv/videos/2867723442
2d25a18a83af462a8d4062e162017a1a,102,5149,0,0,0,,0,0,0,,0,0,0,,497,0,0,0,
ba27c499a50f4cac87e6e5b94da18292,102,2054,0,0,0,,0,0,0,,0,0,0,,1396,457,169,666,https://www.twitch.tv/videos/2872222498
53b98a4bbf49419fb4516525846d4d35,101,501,0,0,0,,0,0,0,,0,0,0,,1807,0,0,0,
25ebd185190b42d993d961d7c795b444,100,2768,0,0,0,,0,0,0,,0,0,0,,2316,0,0,0,
c8e7047c84614b1bb8e9f352c7dac95e,100,1139,0,0,0,,0,0,0,,0,0,0,,726,0,0,0,
6bb236447ed9412a98c9b2d7c9069e10,99,19543,0,0,0,,0,0,0,,0,0,0,,2174,358,223,695,https://www.twitch.tv/videos/2870859848
ede21f904daf4a9b978efe15b0d9a31f,99,10224,0,0,0,,0,0,0,,0,0,0,,2012,0,0,0,
67784d7c61af482780ab0558083fcd1e,96,3102,0,0,0,,0,0,0,,0,0,0,,381,20,16,22,https://www.twitch.tv/videos/2872110835
6b21f41580a64cc7ab15d219a612723b,95,0,0,0,0,,0,0,0,,0,0,0,,4491,0,0,0,
aa205221f02a4701bf17d501e86adaf1,94,0,0,0,0,,0,0,0,,0,0,0,,525,335,224,393,https://www.twitch.tv/videos/2874825833
6c8f616ab73c449d8eb8e3888c2c8bfe,93,1482,0,0,0,,0,0,0,,0,0,0,,1503,0,0,0,
7180ef027197417da8c0143be2d45fa2,93,0,0,0,0,,0,0,0,,0,0,0,,629,0,0,0,
9523dedfc79a4f99b18461ff40586307,89,31693,120,83,655,https://www.youtube.com/watch?v=cY8KYLytpMU,125,84,396,https://www.youtube.com/watch?v=J8rXXj6UDsQ,116,83,655,https://www.youtube.com/watch?v=cY8KYLytpMU,0,0,0,0,
9f9bfcbf980b43bcb00c03261439d18d,87,1758,0,0,0,,0,0,0,,0,0,0,,48,0,0,0,
34e73d1959694451b938ff53d98f9cec,86,752,0,0,0,,0,0,0,,0,0,0,,367,0,0,0,
32ae564b306c42cab2e1a4a8a9d6adfe,85,1078,0,0,0,,0,0,0,,0,0,0,,1267,0,0,0,
a5be52423e2f46b8bbad4a56c7f1d5e5,85,5193,0,0,0,,0,0,0,,0,0,0,,1485,222,151,339,https://www.twitch.tv/videos/2875644741
904e3c91b4e1427f9b2d69f69aa3b13c,84,14442,146,49,257,https://www.youtube.com/watch?v=dw6V4qWLn70,146,49,257,https://www.youtube.com/watch?v=dw6V4qWLn70,0,0,0,,0,0,0,0,
889b2fb6c9ea47a99834061b47251a4b,83,3127,4,2,44,https://www.youtube.com/watch?v=ROx_qYEbZCk,0,0,0,,4,2,44,https://www.youtube.com/watch?v=ROx_qYEbZCk,481,79,60,132,https://www.twitch.tv/videos/2870316772
fae9210539d44a39a2a275b8d53cae37,82,15883,41,22,574,https://www.youtube.com/watch?v=qI8RpyOrRrU,41,20,574,https://www.youtube.com/watch?v=qI8RpyOrRrU,164,67,164,https://www.youtube.com/watch?v=TWO04P5iusY,180,95,72,136,https://www.twitch.tv/videos/2870330974
12ece01ae7004e9195e79309f0cdae40,82,408,0,0,0,,0,0,0,,0,0,0,,2533,240,191,240,https://www.twitch.tv/videos/2873441681
c441bf25222246ac8f1a67477d047520,82,0,0,0,0,,0,0,0,,0,0,0,,0,0,0,0,
16dba95f038f4b5ca6d3599c80ebe118,81,1442,0,0,0,,0,0,0,,0,0,0,,0,0,0,0,
4c3e3e5338ae44feae581bbdffa8b811,81,11810,0,0,0,,0,0,0,,0,0,0,,214,0,0,0,
6bf231719d5e485fa0cdee99905858d4,80,1778,4,3,4,https://www.youtube.com/watch?v=JoaKx2-KDYM,0,0,0,,4,3,4,https://www.youtube.com/watch?v=JoaKx2-KDYM,835,212,139,310,https://www.twitch.tv/videos/2869466431
3fd5cac9e94144ad9a298e46c5472792,78,1741,0,0,0,,0,0,0,,0,0,0,,0,0,0,0,
5718a7998f6249eeba0bf087da51c1c0,77,27938,833,297,833,https://www.youtube.com/watch?v=092N-XRL0fQ,0,0,0,,833,297,833,https://www.youtube.com/watch?v=092N-XRL0fQ,709,49,37,127,https://www.twitch.tv/videos/2866638857
07e7b5801c93482daf6a6259ec569e43,77,452,0,0,0,,0,0,0,,0,0,0,,318,0,0,0,
105bfceb9747425eb58622b6ebccf920,75,1048,0,0,0,,0,0,0,,0,0,0,,359,0,0,0,
eff26caff6bd4720957cefaf8f6fc87a,75,5981,0,0,0,,0,0,0,,0,0,0,,1383,240,197,1347,https://www.twitch.tv/videos/2873773422
ce1d3cace1cf4ec799c8846c8c2a6d48,74,255,0,0,0,,0,0,0,,0,0,0,,2577,638,459,1102,https://www.twitch.tv/videos/2864012283
188108fa6e2e41afb060e4038e49d4ab,74,2574,0,0,0,,0,0,0,,0,0,0,,701,0,0,0,
a7c42dc3d080425b9e979100a59d955c,74,4555,0,0,0,,0,0,0,,0,0,0,,308,0,0,0,
28e6f7c12a3b45899e7508058f926af9,73,12890,0,0,0,,0,0,0,,0,0,0,,1611,56,20,140,https://www.twitch.tv/videos/2861364437
c7f53f2fbdbe4db488629ab4d738a16a,72,4734,0,0,0,,0,0,0,,0,0,0,,800,56,37,126,https://www.twitch.tv/videos/2866690431
d6a769b7bf6b49f08adf3e1136d86c7e,70,21693,0,0,0,,0,0,0,,0,0,0,,985,46,36,60,https://www.twitch.tv/videos/2873957678
51fc95cfca444f03abe9a50acf8f85e6,70,3858,0,0,0,,0,0,0,,0,0,0,,1644,290,135,520,https://www.twitch.tv/videos/2859233878
e3b9c06f64d84a0dabb3e97c0caacaca,69,21055,822,282,822,https://www.youtube.com/watch?v=OaVz2Z2Ag_Q,0,0,0,,822,282,822,https://www.youtube.com/watch?v=OaVz2Z2Ag_Q,0,0,0,0,
4e5a8a6380764f9b9f28732968e4aac8,69,4540,431,133,847,https://www.youtube.com/watch?v=me5NZet4dck,0,0,0,,431,133,847,https://www.youtube.com/watch?v=me5NZet4dck,580,66,55,212,https://www.twitch.tv/videos/2866676819
889b220891694985b7373aa2732a0263,69,8502,11,4,11,https://www.youtube.com/watch?v=RCen2uc7A8E,11,4,11,https://www.youtube.com/watch?v=RCen2uc7A8E,0,0,0,,581,35,24,77,https://www.twitch.tv/videos/2873182399
4eb87102a0f44516a6ed011faeeff00d,68,0,0,0,0,,0,0,0,,0,0,0,,1577,33,20,63,https://www.twitch.tv/videos/2868698725
2c2db11a23aa43298ab96e60a20692d7,67,1633,0,0,0,,0,0,0,,0,0,0,,1469,0,0,0,
b2d32948347e4c6c9afa8f813e626aae,67,6313,0,0,0,,0,0,0,,0,0,0,,0,0,0,0,
4d8e2a0b44bc475da5d9688b668c782d,66,200,0,0,0,,0,0,0,,0,0,0,,274,0,0,0,
8723ccecdfd84d92b1de24f9d6a86bcc,66,5395,0,0,0,,0,0,0,,0,0,0,,3464,168,124,330,https://www.twitch.tv/videos/2868488873
fd1f154909d743129d5d6f58813bf231,66,4043,0,0,0,,0,0,0,,0,0,0,,0,0,0,0,
94bda3c948ac4e74ad5c3592c1d284ac,65,807,0,0,0,,0,0,0,,0,0,0,,132,0,0,0,
1645f4035c9b42019c61d630fc75d5e0,65,872,0,0,0,,0,0,0,,0,0,0,,93,25,17,35,https://www.twitch.tv/videos/2869523559
061fb9c63b7e45bb85ea7e6bd4fe3745,65,4295,0,0,0,,0,0,0,,0,0,0,,218,0,0,0,
43d785b8082f43138988dacd0236bb67,65,0,0,0,0,,0,0,0,,0,0,0,,431,0,0,0,
82ceab659cbe441fb2f6555fdcacad6c,64,1087,0,0,0,,0,0,0,,0,0,0,,0,0,0,0,
e2448cc1f0df41b08247cb7a51119a67,64,705,0,0,0,,0,0,0,,0,0,0,,705,0,0,0,
45850b41e06641ef9dc11aa3d94c9738,63,2908,0,0,0,,0,0,0,,0,0,0,,0,0,0,0,
ef13ede8525d49339887c3bf54b08acc,63,1779,179,69,214,https://www.youtube.com/watch?v=maK1xTaaAVI,179,69,214,https://www.youtube.com/watch?v=maK1xTaaAVI,0,0,0,,50,27,21,27,https://www.twitch.tv/videos/2873055074
78b333b99eb242ad96a8ee82275a0e98,63,11820,0,0,0,,0,0,0,,0,0,0,,0,0,0,0,
a9ada11d61114319885597db6a0725fb,61,328,0,0,0,,0,0,0,,0,0,0,,652,172,145,172,https://www.twitch.tv/videos/2874615141
a0e7c7e7702b4e81a5fecc4090814236,61,20303,54,20,262,https://www.youtube.com/watch?v=S1sq-JuZIU0,0,0,0,,54,20,262,https://www.youtube.com/watch?v=S1sq-JuZIU0,279,247,154,299,https://www.twitch.tv/videos/2874022628
5d27ac4b9342450990a299e95818bbb0,60,2690,0,0,0,,0,0,0,,0,0,0,,0,0,0,0,
f9d27b07ff84433b8397b0587f339e27,60,9547,0,0,0,,0,0,0,,0,0,0,,203,68,9,89,https://www.twitch.tv/videos/2853290845
3074c76068684cda8678977864cd530c,60,1173,31,5,891,https://www.youtube.com/watch?v=sLhvRA3vbgg,0,0,0,,31,5,891,https://www.youtube.com/watch?v=sLhvRA3vbgg,1156,113,79,350,https://www.twitch.tv/videos/2867595683
359bb9450c49401da7b002980d4f97df,58,227,0,0,0,,0,0,0,,0,0,0,,983,0,0,0,
130a4d6105464e518a8a3eed336b4101,57,681,0,0,0,,0,0,0,,0,0,0,,996,18,12,20,https://www.twitch.tv/videos/2868601726
a73103b226f34098bb5d4cd00b86d2f6,57,2163,0,0,0,,0,0,0,,0,0,0,,249,0,0,0,
e4488c7dece84f7580bc0ab130222e08,56,7245,0,0,0,,0,0,0,,0,0,0,,943,0,0,0,
b3e0bc9dd06f4774b492e6d50dd92be2,55,88,0,0,0,,0,0,0,,0,0,0,,260,0,0,0,
895701631707493e8c7edf4af21615be,53,1384,496,391,496,https://www.youtube.com/watch?v=iaVLRfIJ0Nk,496,391,496,https://www.youtube.com/watch?v=iaVLRfIJ0Nk,0,0,0,,0,0,0,0,
ad57b32de5f34598a57ac5af8b8004e2,52,3879,110,56,441,https://www.youtube.com/watch?v=C4THFkcFAeE,110,56,441,https://www.youtube.com/watch?v=C4THFkcFAeE,126,57,428,https://www.youtube.com/watch?v=h-1FSwIdtk8,120,36,26,91,https://www.twitch.tv/videos/2865863649
c06b6f1eb79d41ecb17aaaf80e035daa,52,0,0,0,0,,0,0,0,,0,0,0,,2291,617,409,1300,https://www.twitch.tv/videos/2874788387
591a7323f0134cf2929e75d959f21f68,52,26,0,0,0,,0,0,0,,0,0,0,,1289,0,0,0,
68c50e424b2148478c74effaacfdeae3,52,772,0,0,0,,0,0,0,,0,0,0,,298,78,53,91,https://www.twitch.tv/videos/2871088408
2a25c205cc374cbeb8c8ccfe988ec9cc,51,795,0,0,0,,0,0,0,,0,0,0,,1524,130,98,429,https://www.twitch.tv/videos/2877240823
12b98d960ead4bc09b2f2b220d7437a1,51,10480,202,32,1085,https://www.youtube.com/watch?v=J7NPIID1qwM,34,23,45,https://www.youtube.com/watch?v=MQz2Xx8yoic,602,158,1085,https://www.youtube.com/watch?v=J7NPIID1qwM,1,0,0,0,
f8e4654549304ea9933e02c2dcf48aae,50,0,0,0,0,,0,0,0,,0,0,0,,556,0,0,0,
f5f22d1a091143798bfc7fac1211183c,50,704,0,0,0,,0,0,0,,0,0,0,,137,0,0,0,
54f2f567fdac423c80dad4b29a4372db,50,7418,6,4,6,https://www.youtube.com/watch?v=zVnSrndJzRg,6,4,6,https://www.youtube.com/watch?v=zVnSrndJzRg,0,0,0,,266,114,93,323,https://www.twitch.tv/videos/2875755661
676db89cb8a9483486442231b615b46f,50,8520,0,0,0,,0,0,0,,0,0,0,,175,29,19,118,https://www.twitch.tv/videos/2873815239
9e121751e3774a15bdf9ccfab7eb7faf,49,494,0,0,0,,0,0,0,,0,0,0,,1170,195,129,312,https://www.twitch.tv/videos/2871933398
255a5e79f9d14e6492d741b95f78cb7c,49,1265,49,10,52,https://www.youtube.com/watch?v=GLzC_l5l5Z8,49,10,52,https://www.youtube.com/watch?v=GLzC_l5l5Z8,0,0,0,,2211,0,0,0,
bd8b9130e88a44c98f1bdcbed402ae01,49,635,0,0,0,,0,0,0,,0,0,0,,0,0,0,0,
74acc3b3c4db41d2a13cce887ad2a856,49,3250,0,0,0,,0,0,0,,0,0,0,,1473,0,0,0,
07b6c0dad3114eca9e903fd5725cc4e8,48,307,0,0,0,,0,0,0,,0,0,0,,220,45,28,84,https://www.twitch.tv/videos/2865848638
0ddb6eca94604d4da0665e90fbbe366f,48,1215,0,0,0,,0,0,0,,0,0,0,,152,0,0,0,
80692e12416048be8396526bdb9c3040,47,1747,0,0,0,,0,0,0,,0,0,0,,514,0,0,0,
d9f302ca07b54664a88124d64442abac,47,8360,3,1,247,https://www.youtube.com/watch?v=467RXahqeZQ,0,0,0,,3,1,247,https://www.youtube.com/watch?v=467RXahqeZQ,135,0,0,0,
cb470bbb5a8f468a8a15b08757309d74,47,2296,0,0,0,,0,0,0,,0,0,0,,595,109,86,154,https://www.twitch.tv/videos/2867574944
3098e045fa844093a3731b19665e9462,47,431,0,0,0,,0,0,0,,0,0,0,,757,0,0,0,
df02d1a89bc74c928c825773996bbb7b,45,2036,0,0,0,,0,0,0,,0,0,0,,1569,0,0,0,
c8be9c7ed05442dcb2b278dc5a6bc1de,45,10938,0,0,0,,0,0,0,,0,0,0,,264,79,55,145,https://www.twitch.tv/videos/2866750694
5b0963427f8e4f04a35cb0e71d95698d,44,0,0,0,0,,0,0,0,,0,0,0,,0,0,0,0,
8181221f5ad04ed2adf0a7c0e205e9be,41,2876,0,0,0,,0,0,0,,0,0,0,,270,79,78,79,https://www.twitch.tv/videos/2878307957
76355385e14341a5b8360ea9d19d831e,40,205,0,0,0,,0,0,0,,0,0,0,,0,0,0,0,
0cb217f7775543eb9c5aac3b9df75a86,39,18496,0,0,0,,0,0,0,,0,0,0,,856,121,89,158,https://www.twitch.tv/videos/2872071923
2e2a6c392c024bb2a68b681bc210c187,39,6616,2,0,432,https://www.youtube.com/watch?v=O5XASS3s2Dg,0,0,0,,2,0,432,https://www.youtube.com/watch?v=O5XASS3s2Dg,314,54,38,248,https://www.twitch.tv/videos/2871939882
e04b970f339243258cb0dc0c5735274a,38,1046,0,0,0,,0,0,0,,0,0,0,,0,0,0,0,
c68bc0ba32f14d9b8669b0594435b68b,38,328,0,0,0,,0,0,0,,0,0,0,,213,33,18,33,https://www.twitch.tv/videos/2866934198
9ff652451cbd4ad098bf20dd9748ce12,37,6,0,0,0,,0,0,0,,0,0,0,,2141,32,29,109,https://www.twitch.tv/videos/2871363950
6d6b6d6e7b4b464bb093c9d34cee9754,37,707,0,0,0,,0,0,0,,0,0,0,,389,0,0,0,
adbcdff5b9e7441dae817c01c283ec00,37,7815,1,0,373,https://www.youtube.com/watch?v=tcEzvWdMk8g,0,0,0,,1,0,373,https://www.youtube.com/watch?v=tcEzvWdMk8g,360,54,26,473,https://www.twitch.tv/videos/2852976437
7360e8cae69b4d4fbe91510c776b1c5e,37,3358,0,0,6,https://www.youtube.com/watch?v=YebJ-4sSiBc,0,0,0,,0,0,6,https://www.youtube.com/watch?v=YebJ-4sSiBc,242,24,16,46,https://www.twitch.tv/videos/2871984334
6bcb75418dd24274b2fe4b8e60a94999,36,4404,0,0,0,,0,0,0,,0,0,0,,379,0,0,0,
73273454c7b4453a834a74701826e0b8,36,593,0,0,0,,0,0,0,,0,0,0,,992,143,84,493,https://www.twitch.tv/videos/2869355054
b9d51a073b4542ac800bd7c9e38d0902,36,1260,0,0,0,,0,0,0,,0,0,0,,227,0,0,0,
1ee3effc49074de1ba98b10a13df2d10,36,821,0,0,0,,0,0,0,,0,0,0,,268,0,0,0,
fb29e2e3ea414fef962a6baf583815f5,35,0,0,0,0,,0,0,0,,0,0,0,,0,0,0,0,
0b53549edaf5490ca350ef17aee7b8b9,35,200,0,0,0,,0,0,0,,0,0,0,,535,46,33,50,https://www.twitch.tv/videos/2870313989
b46cdde6e23343d5b5a9cfd115286e26,35,846,0,0,0,,0,0,0,,0,0,0,,217,71,60,72,https://www.twitch.tv/videos/2872096061
9f976a39c1fa4e6dae3ed11b771ef918,34,5281,0,0,0,,0,0,0,,0,0,0,,60,0,0,0,
e3ee9544e190459d9bc2bdf3c1ccde7b,32,4296,2,1,6,https://www.youtube.com/watch?v=lGGfoBnLWt0,0,0,0,,2,1,6,https://www.youtube.com/watch?v=lGGfoBnLWt0,837,106,91,124,https://www.twitch.tv/videos/2874793411
bbf59615227a44069ef42e5d76cf98bb,30,453,0,0,0,,0,0,0,,0,0,0,,334,45,31,150,https://www.twitch.tv/videos/2872939450
b8495fc4bb174140acf0ebd7d64fe044,30,2786,0,0,0,,0,0,0,,0,0,0,,2859,0,0,0,
bf2a683536dd447c83b75340e3db3b0a,29,1855,0,0,0,,0,0,0,,0,0,0,,165,55,32,55,https://www.twitch.tv/videos/2867722903
5454ccf6c8ee496296e7084081863575,28,1129,418,305,418,https://www.youtube.com/watch?v=WttvdT8uOeo,418,305,418,https://www.youtube.com/watch?v=WttvdT8uOeo,0,0,0,,31,125,93,133,https://www.twitch.tv/videos/2872991190
6c52137d373a45d58eafc0d52253dcf8,28,0,0,0,0,,0,0,0,,0,0,0,,1301,435,157,705,https://www.twitch.tv/videos/2875517276
09b185b91ede45769f179d43b227da47,28,552,0,0,0,,0,0,0,,0,0,0,,290,69,34,194,https://www.twitch.tv/videos/2853159403
50c9dbd2624f41408f2b6a9ccf61e447,26,528,0,0,0,,0,0,0,,0,0,0,,305,0,0,0,
0b165d46f9164557b16678383820ee04,26,0,0,0,0,,0,0,0,,0,0,0,,727,120,62,120,https://www.twitch.tv/videos/2865937236
fd183b51115b4fefaf8ff3388d40acb3,25,57,0,0,0,,0,0,0,,0,0,0,,706,78,53,111,https://www.twitch.tv/videos/2867572783
59216a033f2b47128d190a5ed1add217,24,14,0,0,0,,0,0,0,,0,0,0,,257,0,0,0,
9f68c1ebda2041c9a221d47733e3cab9,24,978,0,0,0,,0,0,0,,0,0,0,,0,0,0,0,
d4cd6eee95774ca389aebf3e783a8cd8,24,277,0,0,0,,0,0,0,,0,0,0,,488,21,14,42,https://www.twitch.tv/videos/2878196781
173423093026403dbd1443e56c47b3db,23,961,5,0,40,https://www.youtube.com/watch?v=BLuQAkDt760,0,0,0,,5,0,40,https://www.youtube.com/watch?v=BLuQAkDt760,370,16,14,20,https://www.twitch.tv/videos/2877394866
0c016d6bcf2643d3864fa81866c6a798,22,251,0,0,0,,0,0,0,,0,0,0,,374,119,88,244,https://www.twitch.tv/videos/2865870379
1e90b55b0e0b483d971e0c1fe02c750c,22,126,0,0,0,,0,0,0,,0,0,0,,0,0,0,0,
5a59b23a201f4b2d8729b0f4b33c9e6b,22,1982,0,0,0,,0,0,0,,0,0,0,,126,17,16,17,https://www.twitch.tv/videos/2878295814
a6815e229f914db2a936ad70c285cea2,17,1376,30,9,30,https://www.youtube.com/watch?v=sx15YNXe5jg,0,0,0,,30,9,30,https://www.youtube.com/watch?v=sx15YNXe5jg,457,20,10,20,https://www.twitch.tv/videos/2865939905
ead3db33c54e411baa75a4bad3b48aee,16,84,0,0,0,,0,0,0,,0,0,0,,1642,113,62,146,https://www.twitch.tv/videos/2877361091
93cd49107c8c46d0b6b185c382900d1e,16,2062,5,0,19,https://www.youtube.com/watch?v=_eno6cO0tTc,8,0,19,https://www.youtube.com/watch?v=_eno6cO0tTc,3,0,5,https://www.youtube.com/watch?v=wAxDEP69x-o,11,0,0,0,
0a07165e6a2f45ab9b6c96debba1f079,15,0,0,0,0,,0,0,0,,0,0,0,,564,204,153,397,https://www.twitch.tv/videos/2877351870
0886366d9cb8424e90fd8b3e12dcc0af,15,1375,0,0,0,,0,0,0,,0,0,0,,1485,249,206,365,https://www.twitch.tv/videos/2871074725
d71e503b11d04c8a9a7ae74f5e0d9fc4,13,437,4,3,156,https://www.youtube.com/watch?v=PivFRbHaUhk,3,2,7,https://www.youtube.com/watch?v=WsDevJGylmQ,5,3,156,https://www.youtube.com/watch?v=PivFRbHaUhk,62,38,29,103,https://www.twitch.tv/videos/2873098367
4d1ee216944d484094d6a1d8c30cdd86,13,28,0,0,0,,0,0,0,,0,0,0,,569,186,91,377,https://www.twitch.tv/videos/2862309660
e3b45528947e48a4b68964369bb69e00,12,1597,0,0,0,,0,0,0,,0,0,0,,304,9,6,137,https://www.twitch.tv/videos/2866686053
156fb169c746493bb50c813f20c4d1a8,12,130,0,0,0,,0,0,0,,0,0,0,,61,0,0,0,
4b6b92e9aea74d7481d50636f088e9be,12,1398,0,0,0,,0,0,0,,0,0,0,,0,0,0,0,
02711a3510574bf3bf75c44de49b54c4,10,0,0,0,0,,0,0,0,,0,0,0,,225,0,0,0,
f058268c96ac4a8eb86cacb70bb9d0fb,9,21399,0,0,0,,0,0,0,,0,0,0,,86,10,5,19,https://www.twitch.tv/videos/2872096582
e2c0d3ba19244f75888e5dbe1881d22f,5,96,0,0,0,,0,0,0,,0,0,0,,1381,305,193,315,https://www.twitch.tv/videos/2868517238
19fdf3885dcf4d45bdf768a6f3fd99b4,4,91,0,0,0,,0,0,0,,0,0,0,,583,0,0,0,
56dc4f6ade114f04b6ed4022cfdddf55,0,0,0,0,0,,0,0,0,,0,0,0,,186,69,48,128,https://www.twitch.tv/videos/2872671810
6a6547a3f19d4870a6f11b88c60a5296,0,0,0,0,0,,0,0,0,,0,0,0,,3573,158,105,300,https://www.twitch.tv/videos/2874687907
fa59e2edc64c432ebaeeb66b2a53ab2d,0,0,0,0,0,,0,0,0,,0,0,0,,5598,1278,712,2050,https://www.twitch.tv/videos/2863875769
bf277797951346fe991c27c79a6c5081,0,0,0,0,0,,0,0,0,,0,0,0,,9747,717,297,1210,https://www.twitch.tv/videos/2853151828
06337167c1a14d82b6a7f7cc71eac813,0,0,0,0,0,,0,0,0,,0,0,0,,842,0,0,0,
b053612876e04de488a32893a19f4b08,0,0,0,0,0,,0,0,0,,0,0,0,,414,49,32,226,https://www.twitch.tv/videos/2878145959
c8728d2ddd4f4a929764b11247c88c22,0,0,0,0,0,,0,0,0,,0,0,0,,620,103,78,103,https://www.twitch.tv/videos/2872206593
9c85aee2166449c395c18b0bc06f89e2,0,0,0,0,0,,0,0,0,,0,0,0,,347,0,0,0,
d3f5c739727041bbb2151e96d9368bae,0,0,0,0,0,,0,0,0,,0,0,0,,662,222,189,823,https://www.twitch.tv/videos/2871043059
22c4cd83790e401ca8055a64554cf3a7,0,0,0,0,0,,0,0,0,,0,0,0,,180,0,0,0,
a0ba9fee8a7747cab74e98ed61fb4a68,0,0,0,0,0,,0,0,0,,0,0,0,,1228,83,65,142,https://www.twitch.tv/videos/2873101663
b1f8da62ceca4089a4e7115624be25bc,0,0,0,0,0,,0,0,0,,0,0,0,,3308,1601,478,2098,https://www.twitch.tv/videos/2851940603
c2777df3c8d341f4a1f0bb9cda8d9365,0,0,0,0,0,,0,0,0,,0,0,0,,1673,0,0,0,
6908430ccb204a1b9d95ee7a1711cae3,0,0,0,0,0,,0,0,0,,0,0,0,,2560,0,0,0,
d30a2d88bd2146a8870209e98004e0f0,0,0,0,0,0,,0,0,0,,0,0,0,,2070,616,227,917,https://www.twitch.tv/videos/2859520301
2996488b9f454fb3a42c17ab292ac63c,0,0,0,0,0,,0,0,0,,0,0,0,,751,163,143,337,https://www.twitch.tv/videos/2872320285
e18c43e19e9b4fc8af0cdc24c33ae476,0,0,0,0,0,,0,0,0,,0,0,0,,2470,0,0,0,
d17f504657b84cd9af8a3d405713e918,0,0,0,0,0,,0,0,0,,0,0,0,,124,0,0,0,
305290c734e94a74881ae46c49ea18c4,0,0,0,0,0,,0,0,0,,0,0,0,,7248,1997,430,2410,https://www.twitch.tv/videos/2853383071
83f96fd6cab64f4da581c50cd2a31b82,0,0,0,0,0,,0,0,0,,0,0,0,,3965,0,0,0,
4f1ccc5966a847308552b2c7b05e18dc,0,0,0,0,0,,0,0,0,,0,0,0,,27,9,8,12,https://www.twitch.tv/videos/2875472487
e53606f1bf0c4059b1226b6c2e037fd0,0,0,0,0,0,,0,0,0,,0,0,0,,906,176,136,244,https://www.twitch.tv/videos/2866898531
ec045a49833c4c2fa7b7012ca7544e18,0,0,0,0,0,,0,0,0,,0,0,0,,1715,69,51,72,https://www.twitch.tv/videos/2866690320
c8c9028316b44ae9a1ac302337862085,0,0,0,0,0,,0,0,0,,0,0,0,,605,106,74,378,https://www.twitch.tv/videos/2877340211
a5773880b0f040a9abbecacf3eb0eb29,0,0,0,0,0,,0,0,0,,0,0,0,,2481,142,108,295,https://www.twitch.tv/videos/2865663802
59152798bfa74acb8bad10346fd10d69,0,0,0,0,0,,0,0,0,,0,0,0,,1696,409,100,749,https://www.twitch.tv/videos/2862208948
f9641107ffee492cbec14839b1958144,0,0,0,0,0,,0,0,0,,0,0,0,,2143,0,0,0,
59904dcbea754d238b0710e75262d119,0,0,0,0,0,,0,0,0,,0,0,0,,617,0,0,0,
31f4c00be9eb41a1a6be0356614048fd,0,0,0,0,0,,0,0,0,,0,0,0,,3606,150,72,769,https://www.twitch.tv/videos/2854137977
f0bc26cfe4a8451d863a8d8cbd6313ed,0,0,0,0,0,,0,0,0,,0,0,0,,6,0,0,0,
242326a56b0d4ca7a37c08a8fc2be138,0,0,0,0,0,,0,0,0,,0,0,0,,805,0,0,0,
e32a4d49fba7459fbdf9e242288fa18c,0,0,0,0,0,,0,0,0,,0,0,0,,5009,160,57,513,https://www.twitch.tv/videos/2853115151
8c2f8700978045ec86bf1ade1b3e650b,0,0,0,0,0,,0,0,0,,0,0,0,,863,81,47,116,https://www.twitch.tv/videos/2869507006
c29bc8bf78dd417980491f19333c8fa2,0,0,0,0,0,,0,0,0,,0,0,0,,13377,0,0,0,
daa0d327175a43dc9bb627bc6db7de56,0,0,0,0,0,,0,0,0,,0,0,0,,1337,0,0,0,
e4421bd8d15848c09fa4ad4df162c858,0,0,0,0,0,,0,0,0,,0,0,0,,386,45,25,57,https://www.twitch.tv/videos/2867718219
cda9668f324445a7bd507094ad6946b8,0,0,0,0,0,,0,0,0,,0,0,0,,421,0,0,0,
4fadb90960a844daab26191bb158d3a3,0,0,0,0,0,,0,0,0,,0,0,0,,3274,0,0,0,
e94cfb3c71d94965bfc98f135bfd2f14,0,0,0,0,0,,0,0,0,,0,0,0,,967,258,102,476,https://www.twitch.tv/videos/2853321126
555fe6a78fdb4d8b9fa8a286377972e8,0,0,0,0,0,,0,0,0,,0,0,0,,1168,701,602,701,https://www.twitch.tv/videos/2874874398
07fec8d9014a41c28216345a5adb1533,0,0,0,0,0,,0,0,0,,0,0,0,,448,0,0,0,
228427b15b964f1396b5a7b5eb224a21,0,0,0,0,0,,0,0,0,,0,0,0,,54,0,0,0,
9ca05592c52f42649191751f18cb70e6,0,0,0,0,0,,0,0,0,,0,0,0,,2697,128,77,155,https://www.twitch.tv/videos/2878405242
ed1b68a3184d466bb17b3c3363fad948,0,0,0,0,0,,0,0,0,,0,0,0,,820,0,0,0,
339b1998ac594ab2b45bedc3038d6cf0,0,0,0,0,0,,0,0,0,,0,0,0,,855,0,0,0,
d804bcd787db4333bca9dccd268ed32a,0,0,0,0,0,,0,0,0,,0,0,0,,3877,929,518,80950,https://www.twitch.tv/videos/2863961036
f0cf456a9f204645a4b468f8cbefb150,0,0,0,0,0,,0,0,0,,0,0,0,,1396,0,0,0,
66c8fc624de94d8e8af4325e41ce7c34,0,0,0,0,0,,0,0,0,,0,0,0,,1747,567,166,793,https://www.twitch.tv/videos/2853152978
1addf96267ac494bb73c9e6f6e1793b8,0,0,0,0,0,,0,0,0,,0,0,0,,2815,458,301,458,https://www.twitch.tv/videos/2869539091
4fcbdf1b0a384ee58733b1e852edefa5,0,0,0,0,0,,0,0,0,,0,0,0,,1123,119,110,177,https://www.twitch.tv/videos/2876493857
a17fcdf32a124beba3fba16299aed2b3,0,0,0,0,0,,0,0,0,,0,0,0,,8593,563,226,852,https://www.twitch.tv/videos/2852281971
6ec708afd89043b682eb82dacc36c3c9,0,0,0,0,0,,0,0,0,,0,0,0,,1145,1513,670,1766,https://www.twitch.tv/videos/2860463942
e210fb08b0744535a907823fa9f062cc,0,0,0,0,0,,0,0,0,,0,0,0,,1510,299,108,691,https://www.twitch.tv/videos/2859465728
4c42b9f574e7438d8aea8b099e451505,0,0,0,0,0,,0,0,0,,0,0,0,,1164,88,66,110,https://www.twitch.tv/videos/2866910577
7cd55e03d87c4c77843a437ec0703670,0,0,0,0,0,,0,0,0,,0,0,0,,3018,0,0,0,
32aabdc7b41144a8b1bd28954cd3278c,0,0,0,0,0,,0,0,0,,0,0,0,,1524,32,21,33,https://www.twitch.tv/videos/2869510855
02fa128da7cc4f3aab0f1c5ee356f342,0,0,0,0,0,,0,0,0,,0,0,0,,577,0,0,0,
afa3e309e41044c5bffe17466607d481,0,0,0,0,0,,0,0,0,,0,0,0,,35490,11614,5962,24341,https://www.twitch.tv/videos/2859558462
ba562aad440d483e988d3ce7e7217c94,0,0,0,0,0,,0,0,0,,0,0,0,,37688,4549,1971,10002,https://www.twitch.tv/videos/2873120684
f63e4427852143aea61621a639c0b391,0,0,0,0,0,,0,0,0,,0,0,0,,156,179,138,521,https://www.twitch.tv/videos/2872205945
cfc7bcf869514c70a5091672d3acb031,0,0,0,0,0,,0,0,0,,0,0,0,,415,0,0,0,
3a2199639669433faff0591468bcfa10,0,0,0,0,0,,0,0,0,,0,0,0,,1141,0,0,0,
326e21d5b6e7446698969bbd8be1b564,0,0,0,0,0,,0,0,0,,0,0,0,,2395,0,0,0,
0572bddb85b24166820f34f39164f99c,0,0,0,0,0,,0,0,0,,0,0,0,,845,160,123,286,https://www.twitch.tv/videos/2865965089
e698befe9649448885d93094cd4dc6a9,0,0,0,0,0,,0,0,0,,0,0,0,,4514,374,176,5117,https://www.twitch.tv/videos/2869446978
55e9448a0a9040f99dc8ea1cf86cbad5,0,0,0,0,0,,0,0,0,,0,0,0,,1339,19,11,21,https://www.twitch.tv/videos/2868373311
3569cab127ab4bf9af790de9a999a5f8,0,0,0,0,0,,0,0,0,,0,0,0,,515,0,0,0,
3cfc2b54a543469b92a95ff1e3f1da54,0,0,0,0,0,,0,0,0,,0,0,0,,1603,0,0,0,
107fac8e77f74af8ba95491ae9492642,0,0,0,0,0,,0,0,0,,0,0,0,,470,0,0,0,
ad2aef5af5074f14af7f6ddf7899743a,0,0,0,0,0,,0,0,0,,0,0,0,,1999,0,0,0,
6c7336d4605540c6871de5f96874129c,0,0,0,0,0,,0,0,0,,0,0,0,,24457,4031,1170,35023,https://www.twitch.tv/videos/2871625852
8cbfffe3cac54065be4149b03b680d87,0,0,0,0,0,,0,0,0,,0,0,0,,575,23,14,23,https://www.twitch.tv/videos/2869358669
4cb08241fbce4905a83ed02de6a1af9c,0,0,0,0,0,,0,0,0,,0,0,0,,9156,1756,957,3160,https://www.twitch.tv/videos/2863485144
a3a1caa89669445db63f22b9a3af88b0,0,0,0,0,0,,0,0,0,,0,0,0,,1195,0,0,0,
16896dffcb474d7aa21540c944a2f7de,0,0,0,0,0,,0,0,0,,0,0,0,,3356,1533,995,1839,https://www.twitch.tv/videos/2866644086
921d25072caf403ea797c3d5f61f84cf,0,0,0,0,0,,0,0,0,,0,0,0,,1842,0,0,0,
d25a9902f0f347be84febc0a8a932a56,0,0,0,0,0,,0,0,0,,0,0,0,,1420,56,42,96,https://www.twitch.tv/videos/2872120922
fe62d50e41af4aa29c3e2b0cfc62fb3d,0,0,0,0,0,,0,0,0,,0,0,0,,1020,0,0,0,
256252fdd3d1437995088c56e674fcf0,0,0,0,0,0,,0,0,0,,0,0,0,,1171,41,29,41,https://www.twitch.tv/videos/2871245294
e353f482c5be4887838ea9fdf802ad91,0,0,0,0,0,,0,0,0,,0,0,0,,3812,215,134,277,https://www.twitch.tv/videos/2867958155
880137f60dc842b98862f5b86ba8d94d,0,0,0,0,0,,0,0,0,,0,0,0,,744,77,59,85,https://www.twitch.tv/videos/2875529135
9bef8e0d321d4dab973b7e98443937ea,0,0,0,0,0,,0,0,0,,0,0,0,,306,0,0,0,
36beb36f581f44d393dcf0af2b194789,0,0,0,0,0,,0,0,0,,0,0,0,,6385,425,177,501,https://www.twitch.tv/videos/2866837633
389c752acb964aeda95f36098fd37ef0,0,0,0,0,0,,0,0,0,,0,0,0,,1679,105,82,105,https://www.twitch.tv/videos/2873016398
0495c29470d143fa99819123878186b7,0,0,0,0,0,,0,0,0,,0,0,0,,5524,0,0,0,
f8ade397837d42f7a9167e0d4f20fc56,0,0,0,0,0,,0,0,0,,0,0,0,,2654,0,0,0,
057faa70622247bd933959412bbeb667,0,0,0,0,0,,0,0,0,,0,0,0,,1075,0,0,0,
f5034a946bf249c780a864c19efda669,0,0,0,0,0,,0,0,0,,0,0,0,,423,0,0,0,
e34f7c6a99ea4780b2351de111e222e6,0,0,0,0,0,,0,0,0,,0,0,0,,284,56,34,124,https://www.twitch.tv/videos/2873101386
dbabd28a98cf447189088251a5b973d4,0,0,0,0,0,,0,0,0,,0,0,0,,252,0,0,0,
b6519fbc0d6941d4b43ce1742a14b0b2,0,0,0,0,0,,0,0,0,,0,0,0,,706,0,0,0,
091175f48e6c4ead84a2811cb3f22560,0,0,0,0,0,,0,0,0,,0,0,0,,107,0,0,0,
5b62816b7dee4c13856f3c21629be3c4,0,0,0,0,0,,0,0,0,,0,0,0,,24776,1965,874,4042,https://www.twitch.tv/videos/2860334469
3840a44ffffd48098bdfc16c4ee537bb,0,0,0,0,0,,0,0,0,,0,0,0,,2856,0,0,0,
cad8c81461ac41c887bdf3617ccdaee6,0,0,0,0,0,,0,0,0,,0,0,0,,1148,80,54,249,https://www.twitch.tv/videos/2877405065
288d3972d3164ee595228b8a5959ac00,0,0,0,0,0,,0,0,0,,0,0,0,,2991,0,0,0,
99c240d0c1a047b4a4e017d764a54c62,0,0,0,0,0,,0,0,0,,0,0,0,,454,133,81,133,https://www.twitch.tv/videos/2868456333
1a95bb88e451498ca3491b69af964588,0,0,0,0,0,,0,0,0,,0,0,0,,37795,2540,1096,6025,https://www.twitch.tv/videos/2877316586
828ab4c66f5f43f298d237374a266b7e,0,0,0,0,0,,0,0,0,,0,0,0,,3046,314,174,743,https://www.twitch.tv/videos/2866543853
8ee91529ce264452890b80ffb514248a,0,0,0,0,0,,0,0,0,,0,0,0,,997,1219,900,1734,https://www.twitch.tv/videos/2866468217
b4607ee6ce914078ae3704617ca03333,0,0,0,0,0,,0,0,0,,0,0,0,,519,0,0,0,
936b23e5e87144108c5d3f09f194c8b8,0,0,0,0,0,,0,0,0,,0,0,0,,6751,0,0,0,
aa72818fdcaf460b9b3f90e92d702e57,0,0,0,0,0,,0,0,0,,0,0,0,,8468,1764,607,2930,https://www.twitch.tv/videos/2856927069
2af6cb0e15ce4839ba711b47608d4f4d,0,0,0,0,0,,0,0,0,,0,0,0,,4012,0,0,0,
007847e77d894f199e1272cf81e02730,0,0,0,0,0,,0,0,0,,0,0,0,,656,0,0,0,
7dd086a606284ba6b7b584f8b00dc190,0,0,0,0,0,,0,0,0,,0,0,0,,425,21,14,136,https://www.twitch.tv/videos/2874780281
f48eb9c6edaa4e45b2a1ebad1e9304ff,0,0,0,0,0,,0,0,0,,0,0,0,,0,0,0,0,
3de6bc82438b451abf5ebe76a366be24,0,0,0,0,0,,0,0,0,,0,0,0,,3648,0,0,0,
4307c0486d204edc9d2be8d0c76949d5,0,0,0,0,0,,0,0,0,,0,0,0,,133,0,0,0,
be1a18aa8599409ba250e5345e62fed6,0,0,0,0,0,,0,0,0,,0,0,0,,2169,140,52,272,https://www.twitch.tv/videos/2864085589
480aca28939a4eb5bf558a710e21709c,0,0,0,0,0,,0,0,0,,0,0,0,,2943,113,80,652,https://www.twitch.tv/videos/2875367187
224e3ebb4c0540098ce414cc6e79df9d,0,0,0,0,0,,0,0,0,,0,0,0,,46,0,0,0,
6a963053004f4deaa0dbdf875db41879,0,0,0,0,0,,0,0,0,,0,0,0,,664,0,0,0,
547aa467c2ce497e9d95c4a085effe0d,0,0,0,0,0,,0,0,0,,0,0,0,,1348,0,0,0,
89e97a0dc5844cf88fe30a25f347aac0,0,0,0,0,0,,0,0,0,,0,0,0,,487,71,50,111,https://www.twitch.tv/videos/2868647587
91919c2ad07a4db88e0b4cfbc1739940,0,0,0,0,0,,0,0,0,,0,0,0,,2935,0,0,0,
22eea06367f4430d816e38dfb68a26cf,0,0,0,0,0,,0,0,0,,0,0,0,,984,0,0,0,
9e64bba43928414884503de36f805c48,0,0,0,0,0,,0,0,0,,0,0,0,,47642,21907,8171,47080,https://www.twitch.tv/videos/2878224980
88526add0348499c95bd5838a5f35989,0,0,0,0,0,,0,0,0,,0,0,0,,2037,268,184,523,https://www.twitch.tv/videos/2870944382
4dd7cfc58ae54c1fa6211ba9b1c607ec,0,0,0,0,0,,0,0,0,,0,0,0,,2132,527,371,760,https://www.twitch.tv/videos/2874619801
d91ffcc2823f4121a2caa347a8c2a507,0,0,0,0,0,,0,0,0,,0,0,0,,861,44,27,44,https://www.twitch.tv/videos/2868768548
ed051ffc6cd643c287a678fea774e644,0,0,0,0,0,,0,0,0,,0,0,0,,2692,0,0,0,
60cc7f18c0fe438280af5a81b31eb923,0,0,0,0,0,,0,0,0,,0,0,0,,4092,323,179,863,https://www.twitch.tv/videos/2860399644
c099b7e8d46c418d8e17097d496f3b83,0,0,0,0,0,,0,0,0,,0,0,0,,3694,773,332,1362,https://www.twitch.tv/videos/2855094135
31a4ca5b5d554c13902eff32302e5eb9,0,0,0,0,0,,0,0,0,,0,0,0,,2387,315,193,646,https://www.twitch.tv/videos/2871832084
df49a373151f4d21a118829e7ee471c0,0,0,0,0,0,,0,0,0,,0,0,0,,1506,0,0,0,
fdb4872691864af8825511a6d0c72895,0,0,0,0,0,,0,0,0,,0,0,0,,634,188,146,331,https://www.twitch.tv/videos/2869473683
f84598913e654789a80556fd38388dfb,0,0,0,0,0,,0,0,0,,0,0,0,,1518,0,0,0,
a5b71bba2a2347a080ae3443d5ef47d5,0,0,0,0,0,,0,0,0,,0,0,0,,837,0,0,0,
eeefa43ecaf74f7b822dde3f0e7683d4,0,0,0,0,0,,0,0,0,,0,0,0,,2065,142,102,24115,https://www.twitch.tv/videos/2853276602
8024d67e25454783a698e5ecf2c4dc67,0,0,0,0,0,,0,0,0,,0,0,0,,635,113,89,145,https://www.twitch.tv/videos/2875686369
b92f05ad314c4937b09cd603f9ebd64b,0,0,0,0,0,,0,0,0,,0,0,0,,338,0,0,0,
644e669aa31443fe9a61a14e75ebd21e,0,0,0,0,0,,0,0,0,,0,0,0,,7361,411,201,559,https://www.twitch.tv/videos/2862175585
76489786a22c4162970f9c288157db6b,0,0,0,0,0,,0,0,0,,0,0,0,,1859,120,88,159,https://www.twitch.tv/videos/2877982152
