V5##VTuber ID,YouTube Subscriber Count,YouTube View Count,YouTube Recent Total Median View Count,YouTube Recent Total Popularity,YouTube Recent Total Highest View Count,YouTube Recent Total Highest Viewed URL,YouTube Recent Livestream Median View Count,YouTube Recent Livestream Popularity,YouTube Recent Livestream Highest View Count,YouTube Recent Livestream Highest Viewed URL,YouTube Recent Video Median View Count,YouTube Recent Video Popularity,YouTube Recent Video Highest View Count,YouTube Recent Video Highest Viewed URL,Twitch Follower Count,Twitch Recent Median View Count,Twitch Recent Popularity,Twitch Recent Highest View Count,Twitch Recent Highest Viewed URL
1c5619a4ece046dd8ba68ed343489ca3,547000,106812797,27550,11462,306586,https://www.youtube.com/watch?v=ZQVvl476U3M,8333,3897,10372,https://www.youtube.com/watch?v=d6RPujBwGtE,35410,19752,306586,https://www.youtube.com/watch?v=ZQVvl476U3M,32951,0,0,0,
f6a4e7aa8d0c4e5cb39d199845ec4d02,442000,68402969,47671,16902,132778,https://www.youtube.com/watch?v=hkjw-rMgWuw,18582,15418,18582,https://www.youtube.com/watch?v=STtOJ4WMr4k,51050,18246,132778,https://www.youtube.com/watch?v=hkjw-rMgWuw,122844,17247,4614,78008,https://www.twitch.tv/videos/2864243600
5535c9524eb046c38e172ebfa06b302f,404000,138670559,19652,7619,86136,https://www.youtube.com/watch?v=6sQvP50Q2n0,18269,7576,86136,https://www.youtube.com/watch?v=6sQvP50Q2n0,19770,7645,35827,https://www.youtube.com/watch?v=ibLMOgE5tSU,74401,1412,476,3750,https://www.twitch.tv/videos/2864967801
664e1b310cf343b78623f99b31e40fae,394000,57767349,19109,10160,19109,https://www.youtube.com/watch?v=y83NflcOpQE,0,0,0,,19109,10160,19109,https://www.youtube.com/watch?v=y83NflcOpQE,16982,0,0,0,
d837e8fda137492c9d77882b98ff863a,372000,209505451,40014,38559,705277,https://www.youtube.com/watch?v=_H5sWn8sSfI,24919,15764,35069,https://www.youtube.com/watch?v=I7HncCyyUro,235770,84716,705277,https://www.youtube.com/watch?v=_H5sWn8sSfI,65020,19716,12415,49518,https://www.twitch.tv/videos/2872840194
182da09d8d454f37a52ec546cbb35e39,344000,95422792,47575,18395,753096,https://www.youtube.com/watch?v=92UUh_C4USk,25752,11572,181990,https://www.youtube.com/watch?v=CmtAhBOzjAk,55355,30608,753096,https://www.youtube.com/watch?v=92UUh_C4USk,6286,0,0,0,
c04f006e69e04000a68cd0c41f888eb2,245000,24948804,26090,10560,327157,https://www.youtube.com/watch?v=SUcw80zDGc4,12488,3717,38145,https://www.youtube.com/watch?v=rfVQsP4l7JU,48780,18630,327157,https://www.youtube.com/watch?v=SUcw80zDGc4,0,0,0,0,
897400f2658a483286ca6acc927006ca,239000,40212236,7333,3121,26332,https://www.youtube.com/watch?v=_Bq_rRsMJAo,2761,1071,5070,https://www.youtube.com/watch?v=XkNQasoJTzI,12394,4121,26332,https://www.youtube.com/watch?v=_Bq_rRsMJAo,10759,0,0,0,
abd64c9a64e04fb1b23faa2480c1c106,229000,82039130,4021,1728,64566,https://www.youtube.com/watch?v=-PJBy2GhVZ0,8308,1408,24778,https://www.youtube.com/watch?v=t816mjFPC5Q,3834,1747,64566,https://www.youtube.com/watch?v=-PJBy2GhVZ0,2385,63,41,70,https://www.twitch.tv/videos/2864797689
4b6b055ada4d4f0ab63b7ad02a3fa3ef,224000,19277532,2741,1569,4576,https://www.youtube.com/watch?v=ddjh3I6uxy8,2741,1671,3849,https://www.youtube.com/watch?v=o89jULyP8UU,2368,303,4576,https://www.youtube.com/watch?v=ddjh3I6uxy8,55779,770,300,983,https://www.twitch.tv/videos/2867716953
a9f6574e98f34b20a05269134930fb50,221000,11014429,8644,5482,21800,https://www.youtube.com/watch?v=59v_eCj0GAA,14027,8149,21800,https://www.youtube.com/watch?v=59v_eCj0GAA,6857,3159,15735,https://www.youtube.com/watch?v=P1mf70kGt1E,0,0,0,0,
7c06b9e316ce4ac18ce836cd72442bbe,206000,67443633,10675,7219,45166,https://www.youtube.com/watch?v=w9GDT2b5Xk8,9371,5700,31451,https://www.youtube.com/watch?v=fKaKwppEqUg,15966,10495,45166,https://www.youtube.com/watch?v=w9GDT2b5Xk8,56082,0,0,0,
312fdd3c5e6d4aefa73fd3860ecc5613,193000,37679619,17305,12155,75581,https://www.youtube.com/watch?v=n-OohV_lbXg,26554,16878,33576,https://www.youtube.com/watch?v=APqZY0nYc2k,8148,5259,75581,https://www.youtube.com/watch?v=n-OohV_lbXg,27541,7354,4283,19191,https://www.twitch.tv/videos/2852313526
e93bd1102e214cbaa71cc5b2e4a53595,184000,37870370,28383,16288,158494,https://www.youtube.com/watch?v=9AGDayhUVJo,22568,15653,52156,https://www.youtube.com/watch?v=ipqwxWh1QyU,48955,17904,158494,https://www.youtube.com/watch?v=9AGDayhUVJo,91337,17459,5887,29515,https://www.twitch.tv/videos/2868532580
c65e7caaf81a43249d5132b9fe312b24,184000,17979564,13608,8313,50051,https://www.youtube.com/watch?v=K0imn8WJumw,13608,8313,50051,https://www.youtube.com/watch?v=K0imn8WJumw,0,0,0,,0,0,0,0,
265a18972d244affae35711cfd1f9931,184000,23349780,10202,5465,30822,https://www.youtube.com/watch?v=u2Hrvvnm1J8,8659,6131,22723,https://www.youtube.com/watch?v=og17Dhb7yXA,18483,5465,30822,https://www.youtube.com/watch?v=u2Hrvvnm1J8,19509,1234,743,9306,https://www.twitch.tv/videos/2855951989
f1b5f88144e14bd188e17b2f98303713,173000,33033921,91619,18894,629126,https://www.youtube.com/watch?v=sAb-xnjhS50,8237,2375,12802,https://www.youtube.com/watch?v=pXLG6uJMtqk,179908,60534,629126,https://www.youtube.com/watch?v=sAb-xnjhS50,0,0,0,0,
3f4650e05ceb41008bd16869780b7af1,172000,93032263,6089,1922,82549,https://www.youtube.com/watch?v=OMTNnP_hpls,4764,1170,21538,https://www.youtube.com/watch?v=-asnaJ2lJtU,50014,26294,82549,https://www.youtube.com/watch?v=OMTNnP_hpls,0,0,0,0,
f110fd69b66941bab04de9ada563c6ac,157000,19193913,5553,708,75924,https://www.youtube.com/watch?v=yS80VTRGqas,5711,1976,75924,https://www.youtube.com/watch?v=yS80VTRGqas,1556,108,23815,https://www.youtube.com/watch?v=0X7gnmVw89A,16900,2157,1262,5154,https://www.twitch.tv/videos/2865559953
6dc75ab227e34c928598bde8f2d324bf,150000,50952713,23244,15070,365823,https://www.youtube.com/watch?v=rwVIuVbJ_AQ,22189,13022,76446,https://www.youtube.com/watch?v=a5q2ffmY6Wc,73305,54927,365823,https://www.youtube.com/watch?v=rwVIuVbJ_AQ,0,0,0,0,
bafb134fd2f849898d6242d1f5f683cc,147000,27349063,8647,5135,32335,https://www.youtube.com/watch?v=2mFo6yrJ9XA,8546,4473,14186,https://www.youtube.com/watch?v=goxEph3oruY,25545,11966,32335,https://www.youtube.com/watch?v=2mFo6yrJ9XA,46227,8315,5288,26872,https://www.twitch.tv/videos/2872727404
fa5a7cdc259543259af42bb23f1e4041,146000,43090939,8362,3663,43360,https://www.youtube.com/watch?v=bHEy0xqpuqY,6245,3038,14960,https://www.youtube.com/watch?v=NgXCH8e6ePc,20250,8688,43360,https://www.youtube.com/watch?v=bHEy0xqpuqY,0,0,0,0,
b41844198887422fb52cb928a272cbc8,144000,51503277,4459,3375,49925,https://www.youtube.com/watch?v=eyV0D1UOtUU,4301,3328,8176,https://www.youtube.com/watch?v=tc-PTSTKFzo,28604,10015,49925,https://www.youtube.com/watch?v=eyV0D1UOtUU,0,0,0,0,
0641a9c8b9a94994aaa33e0c86fef75b,141000,42507697,8151,3197,59058,https://www.youtube.com/watch?v=U7sBNZr0m0U,4107,2788,10070,https://www.youtube.com/watch?v=0_mUaLb4UsI,16083,6385,59058,https://www.youtube.com/watch?v=U7sBNZr0m0U,8730,0,0,0,
58abad4aa8de49efb785367503dfd92c,135000,19313115,0,0,0,,0,0,0,,0,0,0,,0,0,0,0,
a3ce195c0069494c99849d0b1a10a7fd,133000,17816996,16571,15439,196302,https://www.youtube.com/watch?v=GCX4oq24XSM,0,0,0,,16571,15439,196302,https://www.youtube.com/watch?v=GCX4oq24XSM,27144,1747,1689,1747,https://www.twitch.tv/videos/2874766401
494d2c5daf9f4a8a8e4538687e6be14c,129000,6801205,6131,3817,27625,https://www.youtube.com/watch?v=lyQc7ksXfWg,2441,398,7915,https://www.youtube.com/watch?v=9qRG9nmfnnI,14590,4343,27625,https://www.youtube.com/watch?v=lyQc7ksXfWg,0,0,0,0,
e78cffa246c24a1c88031151cad8c385,126000,12609782,4138,3078,59592,https://www.youtube.com/watch?v=PKhZqHt58jQ,3330,2349,4138,https://www.youtube.com/watch?v=20yKOB2nuUE,16695,6439,59592,https://www.youtube.com/watch?v=PKhZqHt58jQ,7250,1093,608,2349,https://www.twitch.tv/videos/2851472112
ab4f892ca62e4043b6287bdfe50b145d,118000,21615436,3081,1320,27676,https://www.youtube.com/watch?v=u8lziPS5ueI,3081,2429,3081,https://www.youtube.com/watch?v=u0A4OXkolic,5272,846,27676,https://www.youtube.com/watch?v=u8lziPS5ueI,1483,0,0,0,
a9b855767b2d432c9f263e3427ff33a6,117000,18194371,9803,5528,17514,https://www.youtube.com/watch?v=1ZjY8CINbbw,10155,5553,17514,https://www.youtube.com/watch?v=1ZjY8CINbbw,9353,5528,15909,https://www.youtube.com/watch?v=c9hZMXS2yoo,0,0,0,0,
b4a1791208fd4d85b7b08ee2bad0c236,112000,20824046,12245,4738,30414,https://www.youtube.com/watch?v=zdTndL1IfLM,7780,2063,12548,https://www.youtube.com/watch?v=IJgCT-jnZSc,14857,7197,30414,https://www.youtube.com/watch?v=zdTndL1IfLM,0,0,0,0,
c0c033c9c8014562b58a7124b6b22fb0,110000,1768838,994,459,5208,https://www.youtube.com/watch?v=DsqIvJe746o,1109,627,5208,https://www.youtube.com/watch?v=DsqIvJe746o,795,301,1359,https://www.youtube.com/watch?v=Arv_VoI9Juo,0,0,0,0,
9cec24b011ee45648eb404066c997f49,110000,21598276,16552,8590,125952,https://www.youtube.com/watch?v=8zfcQlziQiQ,16452,8590,35424,https://www.youtube.com/watch?v=PgFgE3COsBE,29901,9591,125952,https://www.youtube.com/watch?v=8zfcQlziQiQ,41791,5938,2147,17458,https://www.twitch.tv/videos/2874472974
04d2ff1dde6b4bb68503a734274f4b7e,107000,9340990,9737,3907,29936,https://www.youtube.com/watch?v=fPoWgh-fmb0,9737,3907,29936,https://www.youtube.com/watch?v=fPoWgh-fmb0,0,0,0,,0,0,0,0,
15c9a54b946a40c38c07ea2f9efddfa5,106000,33573246,26155,15185,133399,https://www.youtube.com/watch?v=sd4TpuovbP8,22305,14418,46945,https://www.youtube.com/watch?v=3xAbMeAif5w,100940,39902,133399,https://www.youtube.com/watch?v=sd4TpuovbP8,66091,24598,6902,42192,https://www.twitch.tv/videos/2870229346
8bf35c3b9a9e461d825a9170555b71c2,106000,26166442,28181,14512,62173,https://www.youtube.com/watch?v=-O8DWY3H_DE,23926,15334,62173,https://www.youtube.com/watch?v=-O8DWY3H_DE,46087,9168,54062,https://www.youtube.com/watch?v=XKALZVtKcaA,53226,16589,5548,23831,https://www.twitch.tv/videos/2864988370
5efb403f9a174bfd82d04d528a121042,106000,21678440,94728,24648,922299,https://www.youtube.com/watch?v=WtUJ2NOaV28,32901,6176,47173,https://www.youtube.com/watch?v=vrECNR1vsv4,224251,76701,922299,https://www.youtube.com/watch?v=WtUJ2NOaV28,16830,9272,4345,14576,https://www.twitch.tv/videos/2854367057
23ec5ecfb8c14ea893576783f1790643,105000,6481236,1653,769,18844,https://www.youtube.com/watch?v=N1Rj5PBedT8,1653,769,5467,https://www.youtube.com/watch?v=rn98sAl_21A,10236,6184,18844,https://www.youtube.com/watch?v=N1Rj5PBedT8,2297,336,221,663,https://www.twitch.tv/videos/2871121120
702c74978d8f4adab79f292cbecb49a4,103000,15195973,6250,2644,57361,https://www.youtube.com/watch?v=lyBM8P8KtA8,5397,2282,8005,https://www.youtube.com/watch?v=gUcNRKJHans,6701,2644,57361,https://www.youtube.com/watch?v=lyBM8P8KtA8,13187,0,0,0,
b126053a1356460ebf85a874a6a55aca,103000,44197332,4961,2248,13791,https://www.youtube.com/watch?v=RFz0ds4f2yQ,4954,2597,10835,https://www.youtube.com/watch?v=SJPKOucusoY,5359,769,13791,https://www.youtube.com/watch?v=RFz0ds4f2yQ,0,0,0,0,
98e3a5838fec4a6caa936ae35485de23,102000,8986965,6385,1445,62964,https://www.youtube.com/watch?v=fbAi8hDwX_s,4178,1396,5899,https://www.youtube.com/watch?v=O1ktqZQgnag,6880,1799,62964,https://www.youtube.com/watch?v=fbAi8hDwX_s,0,0,0,0,
53707f0116dc4fca8614ac7139e40b83,91800,33006388,357,297,467,https://www.youtube.com/watch?v=S7EXtYUPUO8,357,297,467,https://www.youtube.com/watch?v=S7EXtYUPUO8,0,0,0,,6009,413,177,2409,https://www.twitch.tv/videos/2850471837
ea4c1a67c2e445ad8028768616ceb659,91800,14014882,6176,4416,21683,https://www.youtube.com/watch?v=Vhf_ySVQ770,5494,4255,14517,https://www.youtube.com/watch?v=vIgWwLCeqNQ,13811,7272,21683,https://www.youtube.com/watch?v=Vhf_ySVQ770,4190,1117,625,1117,https://www.twitch.tv/videos/2863974709
a6a4e83ae23140e6bd1f7c817af8f864,90000,6297618,10590,6921,28553,https://www.youtube.com/watch?v=OiJLWlTaSZ4,10590,8148,11246,https://www.youtube.com/watch?v=lg0fFVluu78,12037,4624,28553,https://www.youtube.com/watch?v=OiJLWlTaSZ4,12506,1685,1161,2393,https://www.twitch.tv/videos/2869578262
9d9c6477329245cbb2557895f4f15686,88700,10953405,38980,15012,75360,https://www.youtube.com/watch?v=n-U71go2vY4,0,0,0,,38980,15012,75360,https://www.youtube.com/watch?v=n-U71go2vY4,175813,18424,6188,109641,https://www.twitch.tv/videos/2865721478
4544974bc5624035ae7bb0c9ed33e44e,86500,10170557,4813,2480,14425,https://www.youtube.com/watch?v=_kCqoIa-FcM,4776,2266,7249,https://www.youtube.com/watch?v=EbUW6ueY8g8,14425,11065,14425,https://www.youtube.com/watch?v=_kCqoIa-FcM,13942,1465,547,3157,https://www.twitch.tv/videos/2865667968
d6c4708f6eb94ac6ad7668363b132248,84100,2606508,783,226,3800,https://www.youtube.com/watch?v=9XCfWKG_glg,783,226,3800,https://www.youtube.com/watch?v=9XCfWKG_glg,0,0,0,,0,0,0,0,
6bd49f94afb144e995247388ca8c42a8,83600,18085458,28935,12799,117782,https://www.youtube.com/watch?v=4jfFB6XT7nw,23186,9808,24064,https://www.youtube.com/watch?v=eRRjoHjVlNk,40961,28578,117782,https://www.youtube.com/watch?v=4jfFB6XT7nw,80629,46429,20341,80016,https://www.twitch.tv/videos/2850387759
7e81a72484054a5c89f3826ebc8946be,82500,6421160,1058,242,16451,https://www.youtube.com/watch?v=_iJRGkWnKyU,3263,2862,4339,https://www.youtube.com/watch?v=EXcvA8WzAWk,798,240,16451,https://www.youtube.com/watch?v=_iJRGkWnKyU,14907,2418,680,15596,https://www.twitch.tv/videos/2854805911
4b6655120fbd4431a8f7894cac4a4d49,82000,9069312,2578,1401,40017,https://www.youtube.com/watch?v=NhJISqzq0sM,2580,1496,40017,https://www.youtube.com/watch?v=NhJISqzq0sM,1857,528,4950,https://www.youtube.com/watch?v=2F1lGH4G88U,0,0,0,0,
fd6a0236861940389e15ef85b16c6069,80600,34558248,81738,41813,286546,https://www.youtube.com/watch?v=dtnK2L86EH0,0,0,0,,81738,41813,286546,https://www.youtube.com/watch?v=dtnK2L86EH0,182757,47942,22051,194157,https://www.twitch.tv/videos/2863563808
911d3403c8e84dc3b0c4a2f6017698b6,79300,3562915,9225,4532,39191,https://www.youtube.com/watch?v=Mpd4GGG2FJ0,19240,5988,39191,https://www.youtube.com/watch?v=Mpd4GGG2FJ0,3149,1573,6573,https://www.youtube.com/watch?v=oznSx8_OY0I,4129,1221,795,1231,https://www.twitch.tv/videos/2868618495
1ccdbe5d48934f4cbabc86512dd1d357,78700,6477683,0,0,0,,0,0,0,,0,0,0,,0,0,0,0,
5bd39e2c6dcf4ff19436d8a5fa069464,78500,13215574,16904,9158,66739,https://www.youtube.com/watch?v=FwmHW6_Aygo,16904,9158,28336,https://www.youtube.com/watch?v=qfWjSgrJPOA,24732,17756,66739,https://www.youtube.com/watch?v=FwmHW6_Aygo,34397,10973,3688,15629,https://www.twitch.tv/videos/2866675897
0bf0ec441dc6489583f7218e02ab6a89,77600,5266575,999,605,5964,https://www.youtube.com/watch?v=0TxeKKI09ns,1002,698,5964,https://www.youtube.com/watch?v=0TxeKKI09ns,164,127,164,https://www.youtube.com/watch?v=k9uNjuDHLzw,10925,357,262,602,https://www.twitch.tv/videos/2872245801
17c335762a694402b8cb9a96b2865572,76300,8459983,3999,1522,36136,https://www.youtube.com/watch?v=YlmMlbuIEz0,5965,3186,13030,https://www.youtube.com/watch?v=TcwH19OrtfE,3398,824,36136,https://www.youtube.com/watch?v=YlmMlbuIEz0,0,0,0,0,
02f5258d29b046bc9f597c9baac014bf,72700,8697073,50113,16665,316032,https://www.youtube.com/watch?v=qvgMZVc-Kzc,14796,4906,40649,https://www.youtube.com/watch?v=Q-HLS5NOzMw,113601,71086,316032,https://www.youtube.com/watch?v=qvgMZVc-Kzc,60807,49446,18552,94748,https://www.twitch.tv/videos/2870248272
8d113670c4514e5bb28823a756385528,72300,12088137,22544,12361,36015,https://www.youtube.com/watch?v=zdqVwEvM6kY,16796,12078,26687,https://www.youtube.com/watch?v=TLTN2ClZMiM,33195,12864,36015,https://www.youtube.com/watch?v=zdqVwEvM6kY,32621,10228,5914,13254,https://www.twitch.tv/videos/2859686772
cd42e06c40534d9eac7e30a434e47d43,71700,6006436,1750,757,5175,https://www.youtube.com/watch?v=QuqEkLilqU8,1750,757,5175,https://www.youtube.com/watch?v=QuqEkLilqU8,0,0,0,,3541,332,293,2285,https://www.twitch.tv/videos/2870971096
c5fe413a473d4638b53fb3f9019aabbe,71600,5641278,6718,2754,11462,https://www.youtube.com/watch?v=dlDBVWBG5iM,0,0,0,,6718,2754,11462,https://www.youtube.com/watch?v=dlDBVWBG5iM,32830,26122,13098,52715,https://www.twitch.tv/videos/2867423900
2694a505a0e0441bb99b49e8ce1f7473,69000,5720641,1177,981,1177,https://www.youtube.com/watch?v=Ifr25eJ7srk,0,0,0,,1177,981,1177,https://www.youtube.com/watch?v=Ifr25eJ7srk,56290,8160,3858,21019,https://www.twitch.tv/videos/2853866320
d5fdf5fc55d14476908e416e6d43c121,68600,6014498,3187,1753,28329,https://www.youtube.com/watch?v=E7B0EBTzu3A,3187,1986,28329,https://www.youtube.com/watch?v=E7B0EBTzu3A,3114,1422,3805,https://www.youtube.com/watch?v=4LynQY7pmAc,0,0,0,0,
6c872a4043b84e4493877a42af684d1d,66300,10597071,2663,1982,6078,https://www.youtube.com/watch?v=4yBo3EuwxZs,2320,1859,6078,https://www.youtube.com/watch?v=4yBo3EuwxZs,4679,2826,4802,https://www.youtube.com/watch?v=3cmAazhXg48,6240,0,0,0,
4fc5a770272a43f1bb0a1d12aa3a9b46,66000,16681549,3741,1511,12268,https://www.youtube.com/watch?v=re1JmViElJ8,0,0,0,,3741,1511,12268,https://www.youtube.com/watch?v=re1JmViElJ8,0,0,0,0,
6a9a7c7dc3f94605b5f619e9fbcfa33d,65900,3028648,5063,2339,35449,https://www.youtube.com/watch?v=tc5W-KeL7sE,6042,4292,35449,https://www.youtube.com/watch?v=tc5W-KeL7sE,4409,1477,24350,https://www.youtube.com/watch?v=EkRMkPmp8fg,0,0,0,0,
1b63d89e0b1a4b579de6d99e25eaff8f,64800,14510591,8311,5822,25002,https://www.youtube.com/watch?v=MJtqvrX0rj0,6626,5822,20808,https://www.youtube.com/watch?v=TLGxNuGqKgQ,16642,6082,25002,https://www.youtube.com/watch?v=MJtqvrX0rj0,12804,0,0,0,
f5ff982730f54cd4826ff0530a4288c2,64700,7200535,19151,13097,98041,https://www.youtube.com/watch?v=TzecgqjJ43Q,24871,11093,98041,https://www.youtube.com/watch?v=TzecgqjJ43Q,19151,18554,34024,https://www.youtube.com/watch?v=28m3ht8L9As,0,0,0,0,
1323f1b775bf43659f8b8ec2899522cd,64700,4319048,4307,2794,5964,https://www.youtube.com/watch?v=Re1gm4JR3fA,4307,2794,5964,https://www.youtube.com/watch?v=Re1gm4JR3fA,0,0,0,,0,0,0,0,
cb94019fb4714e168b47d6757995efc3,64700,5305181,4612,1834,6674,https://www.youtube.com/watch?v=EcXf27OAQQA,4612,1834,6674,https://www.youtube.com/watch?v=EcXf27OAQQA,0,0,0,,8644,2017,888,2446,https://www.twitch.tv/videos/2865740373
efe550a729e14dbab790a3f73205d8ed,64500,3588358,3553,2057,22599,https://www.youtube.com/watch?v=4z6T-oGZ47s,3306,1804,8070,https://www.youtube.com/watch?v=_JBJJDkfSlM,6030,2749,22599,https://www.youtube.com/watch?v=4z6T-oGZ47s,0,0,0,0,
0d717ed7ec134fb6ac94ce9dc4e25658,63300,5290784,2538,1207,4040,https://www.youtube.com/watch?v=xtfW-yZHTzk,2538,1207,4040,https://www.youtube.com/watch?v=xtfW-yZHTzk,0,0,0,,4596,595,474,1181,https://www.twitch.tv/videos/2864873262
14a9a08fbdc641e8ac8c384dedfccf0a,62900,7724877,9108,4672,93256,https://www.youtube.com/watch?v=R299Z9seL8g,7961,4385,15873,https://www.youtube.com/watch?v=GHBo7rwBTVc,93256,37820,93256,https://www.youtube.com/watch?v=R299Z9seL8g,21763,12306,4108,32183,https://www.twitch.tv/videos/2864082563
99f6f80397b34d0b9a0cfd40f3801a35,61300,3447395,5002,1091,6514,https://www.youtube.com/watch?v=WiAlu_lgzK4,3490,7,3490,https://www.youtube.com/watch?v=MyLB3RAlELE,6514,2174,6514,https://www.youtube.com/watch?v=WiAlu_lgzK4,32783,4965,838,16937,https://www.twitch.tv/videos/2864081343
a8ce4642418b4fe8ba1471a32097f4c4,61300,3946564,1331,661,2614,https://www.youtube.com/watch?v=opM3MQ4x0ss,1324,717,2524,https://www.youtube.com/watch?v=LiWx45OiXfE,1673,414,2614,https://www.youtube.com/watch?v=opM3MQ4x0ss,0,0,0,0,
5a934764983e45959855735b79bcc90e,60900,3071635,2251,1255,10942,https://www.youtube.com/watch?v=vRy65p-5U6k,2251,683,5250,https://www.youtube.com/watch?v=BYj12hnjtpM,3683,2469,10942,https://www.youtube.com/watch?v=vRy65p-5U6k,12422,1006,603,4073,https://www.twitch.tv/videos/2854962589
512b64ec20174d018540516e9edf2b2f,60800,7294241,926,52,1493,https://www.youtube.com/watch?v=h34FdGKJFZ8,836,610,1125,https://www.youtube.com/watch?v=M5cchSt_lQ4,1090,3,1493,https://www.youtube.com/watch?v=h34FdGKJFZ8,1239,0,0,0,
920d34819cf944e99cf469f7552d535f,58700,19072397,41851,20898,56907,https://www.youtube.com/watch?v=HNVdDn13RiU,42476,29442,56907,https://www.youtube.com/watch?v=HNVdDn13RiU,35501,16196,48662,https://www.youtube.com/watch?v=Gy62yAYcPXY,9705,5442,4731,5442,https://www.twitch.tv/videos/2872167288
f985903969ad4e8b839e919aabe94480,58300,1117305,0,0,0,,0,0,0,,0,0,0,,0,0,0,0,
ba59bb31bbcd4cf3a481c4cf72918fb0,57600,8934668,4557,1730,5592,https://www.youtube.com/watch?v=NHbMaIa3rJo,4537,2202,5113,https://www.youtube.com/watch?v=KtJepSVPSfs,5592,1315,5592,https://www.youtube.com/watch?v=NHbMaIa3rJo,0,0,0,0,
729621ce509b4641ad8cde76dec037d0,57500,3261751,1666,1027,5978,https://www.youtube.com/watch?v=2V4un4gI-iI,1448,1041,5978,https://www.youtube.com/watch?v=2V4un4gI-iI,3252,216,3252,https://www.youtube.com/watch?v=y3PkumX2kMU,5671,1662,1340,5352,https://www.twitch.tv/videos/2874269628
6aefa292dc61441e98c787efb0067922,57300,3153129,2095,1355,5061,https://www.youtube.com/watch?v=cYhAcmGTtOU,1915,1034,5061,https://www.youtube.com/watch?v=cYhAcmGTtOU,4593,1555,5001,https://www.youtube.com/watch?v=RhBJI4TM6sY,11076,1140,474,3254,https://www.twitch.tv/videos/2873658272
cbb5df4184f04027b8a550d648d79eeb,57300,6590854,12412,6236,30413,https://www.youtube.com/watch?v=tmU-V3QiJzU,11279,5189,11882,https://www.youtube.com/watch?v=lnjnrZoDj0I,13095,7366,30413,https://www.youtube.com/watch?v=tmU-V3QiJzU,0,0,0,0,
e14d4aac184c4ccdba6f2a9718cfea62,56900,3328534,1154,676,4552,https://www.youtube.com/watch?v=gPKr5iLaRKw,1138,626,4544,https://www.youtube.com/watch?v=ZNXXjzkR5Vc,3506,3163,4552,https://www.youtube.com/watch?v=gPKr5iLaRKw,2898,151,129,271,https://www.twitch.tv/videos/2871231810
626750f4e7a745619c171c44fb1efcc0,55500,8002541,1863,891,12701,https://www.youtube.com/watch?v=uZwZDJlp45c,1807,891,12701,https://www.youtube.com/watch?v=uZwZDJlp45c,2357,908,8233,https://www.youtube.com/watch?v=IKwz7b5xbJ0,11669,406,190,868,https://www.twitch.tv/videos/2864904542
a000aa1d3ea7489c993277d33ab2457e,55500,6262620,8836,4315,39622,https://www.youtube.com/watch?v=lxmkM_j3nNM,7122,4315,10601,https://www.youtube.com/watch?v=ZxhkI-7Z7T4,10697,2972,39622,https://www.youtube.com/watch?v=lxmkM_j3nNM,56680,25034,10159,86109,https://www.twitch.tv/videos/2862295130
6c88799c6f45407faf0f9ea007b0dcab,54700,4688490,3764,2271,76563,https://www.youtube.com/watch?v=1HLjNzGtyxI,3277,1805,5406,https://www.youtube.com/watch?v=7lBDqdpyISM,13407,6681,76563,https://www.youtube.com/watch?v=1HLjNzGtyxI,0,0,0,0,
3bc36efc33ba4410be1d509a39074ceb,54700,6303922,23569,11830,34876,https://www.youtube.com/watch?v=UTzjLz-Ey4s,18082,10280,33687,https://www.youtube.com/watch?v=URcFigD8GHI,34876,29094,34876,https://www.youtube.com/watch?v=UTzjLz-Ey4s,29312,17010,13034,28038,https://www.twitch.tv/videos/2869431761
2db2ffc41ff340a990a6d4dcec000d08,54200,5635232,28517,12037,98899,https://www.youtube.com/watch?v=70mCm7QXF4E,16959,10066,29641,https://www.youtube.com/watch?v=M6kW5WjMLdI,64797,41077,98899,https://www.youtube.com/watch?v=70mCm7QXF4E,34695,15878,3513,74791,https://www.twitch.tv/videos/2873118519
c88554bbf263412da16e7a17fd03e467,53400,5117328,9377,4210,233211,https://www.youtube.com/watch?v=M-h52XGDDGQ,6051,3037,54815,https://www.youtube.com/watch?v=tzuLvS49Gzc,62704,24162,233211,https://www.youtube.com/watch?v=M-h52XGDDGQ,0,0,0,0,
66c812bb04844241af1d1c7539b5e251,53200,39008654,798,448,1297,https://www.youtube.com/watch?v=a3kQFThnXlI,863,507,1297,https://www.youtube.com/watch?v=a3kQFThnXlI,532,315,970,https://www.youtube.com/watch?v=m6BmS3W7Wx4,1072,31,20,71,https://www.twitch.tv/videos/2871249220
0eb515afbb9347529a406e91a07cde90,53100,4143088,23830,6800,74244,https://www.youtube.com/watch?v=8sd5JzEpHYA,8588,6131,23122,https://www.youtube.com/watch?v=OtpIQKJ_51w,31503,16156,74244,https://www.youtube.com/watch?v=8sd5JzEpHYA,23034,8232,1930,11567,https://www.twitch.tv/videos/2869465114
ce2a2c07a74640fc8d3b39d022b16dd9,53100,5081385,1654,873,4494,https://www.youtube.com/watch?v=eCR2ioBdrbY,1654,873,4494,https://www.youtube.com/watch?v=eCR2ioBdrbY,0,0,0,,0,0,0,0,
658e63bebdca421ca934b0bf6aa2bcd8,52900,6420132,3216,1417,7351,https://www.youtube.com/watch?v=G4fKV6Awh6Q,3216,1395,7351,https://www.youtube.com/watch?v=G4fKV6Awh6Q,2498,2292,4448,https://www.youtube.com/watch?v=JYFCyKd1X5U,11073,0,0,0,
927ce160c29f4465ba196c3e1b8fee1c,52800,3413998,1967,1139,3879,https://www.youtube.com/watch?v=W_EfL5jreOI,1967,1139,3879,https://www.youtube.com/watch?v=W_EfL5jreOI,0,0,0,,5131,760,331,3111,https://www.twitch.tv/videos/2859801249
60282d578bb747b8b232dba81168a5b6,52200,5524353,5076,2666,5492,https://www.youtube.com/watch?v=HpWmnbzMFnY,0,0,0,,5076,2666,5492,https://www.youtube.com/watch?v=HpWmnbzMFnY,0,0,0,0,
1cfadb0d2e154a258c3177ff8264336f,52000,4781783,5857,3733,170994,https://www.youtube.com/watch?v=bADx8lQONo4,5857,3733,170994,https://www.youtube.com/watch?v=bADx8lQONo4,0,0,0,,0,0,0,0,
e350c8b7e41045419ee1ac73bc78921b,51900,5799911,2052,1213,27460,https://www.youtube.com/watch?v=vOB8cge0CCY,1573,1138,3603,https://www.youtube.com/watch?v=AcszBLwoE4k,4622,1699,27460,https://www.youtube.com/watch?v=vOB8cge0CCY,0,0,0,0,
7d66bf98da354f72baee891cdd91855b,51300,5557661,5240,2539,27166,https://www.youtube.com/watch?v=K47GkJdlyqE,4782,2237,7595,https://www.youtube.com/watch?v=EaiEK2GrfPk,12441,6177,27166,https://www.youtube.com/watch?v=K47GkJdlyqE,0,0,0,0,
3681a0b4e4bd48888473b1884f6ee420,51000,6173614,2051,1243,12591,https://www.youtube.com/watch?v=pze6Bstr09s,1740,1051,6927,https://www.youtube.com/watch?v=jEk7AiMdpAs,7381,4794,12591,https://www.youtube.com/watch?v=pze6Bstr09s,0,0,0,0,
50a0835b66844b0ab84f573934f20989,50200,2666278,3950,2772,7539,https://www.youtube.com/watch?v=y5XPzIuoXN4,3950,2772,7539,https://www.youtube.com/watch?v=y5XPzIuoXN4,0,0,0,,0,0,0,0,
177fe395a2704d10add06cb1466fa254,50200,5547112,17228,11377,145601,https://www.youtube.com/watch?v=JINlnvGikR0,16148,9594,29487,https://www.youtube.com/watch?v=EP5ZuB_s5xs,24412,15778,145601,https://www.youtube.com/watch?v=JINlnvGikR0,39827,29214,8964,62257,https://www.twitch.tv/videos/2854961928
4c3cae772e974f8fb8e04f4cc9c8cd8d,49700,3497950,2929,1715,7305,https://www.youtube.com/watch?v=jgn30Y01XgA,3002,1895,7305,https://www.youtube.com/watch?v=jgn30Y01XgA,2857,476,5700,https://www.youtube.com/watch?v=mjHr41T2wVM,0,0,0,0,
fe1abd28f3114015ac31ae1821e8dd3f,48200,1914776,1865,1065,5122,https://www.youtube.com/watch?v=7rQjPo5G5PA,1479,989,5122,https://www.youtube.com/watch?v=7rQjPo5G5PA,2594,2166,2594,https://www.youtube.com/watch?v=yVpYm6IGG2E,5103,756,552,1134,https://www.twitch.tv/videos/2864872844
575d15d21f7240e1ad72935bf7fa0465,47800,1823381,706,243,2879,https://www.youtube.com/watch?v=uzR6RtQYda4,504,113,2565,https://www.youtube.com/watch?v=UujAh30zhnw,2095,1057,2879,https://www.youtube.com/watch?v=uzR6RtQYda4,0,0,0,0,
9a496e9b261f401dba4991a9f4c7048e,47700,2038602,1656,1029,5625,https://www.youtube.com/watch?v=e-hINJN7Qn8,1557,1029,4957,https://www.youtube.com/watch?v=hJpg8K8Gv0c,3085,1151,5625,https://www.youtube.com/watch?v=e-hINJN7Qn8,0,0,0,0,
ebe5c5f9d67f44f3bc5e70b413ce9df7,47700,2462003,1529,865,2358,https://www.youtube.com/watch?v=6P13gEmElMw,1529,865,2358,https://www.youtube.com/watch?v=6P13gEmElMw,0,0,0,,12236,947,613,1107,https://www.twitch.tv/videos/2874728583
a0d4fad2fd3d4e4981947642a9dbafc4,47700,4193722,7214,4693,75078,https://www.youtube.com/watch?v=6VUG7lxcIUg,6086,4693,18269,https://www.youtube.com/watch?v=2g-rvbVUNcg,45220,23545,75078,https://www.youtube.com/watch?v=6VUG7lxcIUg,13466,2785,1359,5780,https://www.twitch.tv/videos/2855125489
22ca620b93c94e5cb48175bbecf8d3af,47600,5606079,3020,374,3732,https://www.youtube.com/watch?v=0xPcUrCg0G8,2555,1122,3194,https://www.youtube.com/watch?v=GKxiW32-mmk,3732,374,3732,https://www.youtube.com/watch?v=0xPcUrCg0G8,0,0,0,0,
2760c9a44c20464d8e140e6367ed1cdf,47400,2576257,904,551,2305,https://www.youtube.com/watch?v=QTRXBfSpV4M,904,551,2305,https://www.youtube.com/watch?v=QTRXBfSpV4M,0,0,0,,2636,787,566,787,https://www.twitch.tv/videos/2868383562
c41044006a014ed28107f33221a7de98,46800,4450745,1710,1099,2166,https://www.youtube.com/watch?v=nd5POQajZXA,1710,1099,2166,https://www.youtube.com/watch?v=nd5POQajZXA,0,0,0,,5261,0,0,0,
3d786b116dbc437e8684d7b46567a1e5,46700,1826155,2774,1764,7621,https://www.youtube.com/watch?v=jzRnA5gsZ8c,2533,1511,4561,https://www.youtube.com/watch?v=Axl3RARQn7w,7621,6396,7621,https://www.youtube.com/watch?v=jzRnA5gsZ8c,10325,2019,1153,4214,https://www.twitch.tv/videos/2848769937
c25e6f38d6df447e84c4747ba6ac75cc,46500,2084660,2939,1415,17357,https://www.youtube.com/watch?v=Ocge8Mqpsqo,2970,1515,7914,https://www.youtube.com/watch?v=S8LWYoV2Yrk,2667,1263,17357,https://www.youtube.com/watch?v=Ocge8Mqpsqo,0,0,0,0,
21d5855a8c7d4461b286d40c167ac093,46300,5273666,2177,1261,4349,https://www.youtube.com/watch?v=tnuqZgcDhH4,2177,1261,4349,https://www.youtube.com/watch?v=tnuqZgcDhH4,0,0,0,,1545,1786,268,1786,https://www.twitch.tv/videos/2852835707
20f0e269ce554a00920de0444bc22aaf,45600,4327589,1292,636,10468,https://www.youtube.com/watch?v=1M3YjvjY5as,900,605,1521,https://www.youtube.com/watch?v=hv-0JbD5pcc,1653,677,10468,https://www.youtube.com/watch?v=1M3YjvjY5as,0,0,0,0,
5f6f102dd7cc4bfaa99e4cde16b85290,45600,2609025,2285,965,5285,https://www.youtube.com/watch?v=qwIWmMY_qnk,2790,1351,5285,https://www.youtube.com/watch?v=qwIWmMY_qnk,886,170,886,https://www.youtube.com/watch?v=WobTLFyMNqw,10046,2891,1067,10818,https://www.twitch.tv/videos/2851224123
a9f28d3e3d2a4ecb93ff10955be791d1,45500,3536607,4226,2160,10005,https://www.youtube.com/watch?v=WUyykdGpZkc,3897,2068,10005,https://www.youtube.com/watch?v=WUyykdGpZkc,7496,2252,7496,https://www.youtube.com/watch?v=CdHuCSYG6ig,18134,2523,1793,5021,https://www.twitch.tv/videos/2870236563
0825b7bbb6134dbc98a132cc1782fb1f,44900,2344409,865,549,1674,https://www.youtube.com/watch?v=irUIUzTTGYo,865,549,1674,https://www.youtube.com/watch?v=irUIUzTTGYo,0,0,0,,0,0,0,0,
1c6ebd51e0fc4ebab88347e853335c87,44800,2375518,2266,1309,17385,https://www.youtube.com/watch?v=gVyTzKQaT98,2084,1297,4765,https://www.youtube.com/watch?v=JP4lufgCzVo,3409,2016,17385,https://www.youtube.com/watch?v=gVyTzKQaT98,2093,440,338,440,https://www.twitch.tv/videos/2869531819
4d0cbf91a5cb4524862207c5d406d98c,44600,2907314,3683,2078,26692,https://www.youtube.com/watch?v=fUSXrvXy4YQ,3639,2338,7196,https://www.youtube.com/watch?v=EDEpKmSgiI8,5022,1843,26692,https://www.youtube.com/watch?v=fUSXrvXy4YQ,0,0,0,0,
a85d79e2323b4869a6f784c51218cd37,44400,5540724,7837,3561,34128,https://www.youtube.com/watch?v=YH9QgTLw0BU,4955,3406,23406,https://www.youtube.com/watch?v=CFOwgqduBLU,11446,6459,34128,https://www.youtube.com/watch?v=YH9QgTLw0BU,2442,0,0,0,
4d856c2abee448b8941c27799bb8cb03,43800,1059448,3117,2299,23407,https://www.youtube.com/watch?v=DEPBukQTYJ4,3003,1974,23407,https://www.youtube.com/watch?v=DEPBukQTYJ4,3761,2629,8567,https://www.youtube.com/watch?v=GqfqNvGRZmw,0,0,0,0,
73b97b1a35c84579aa8ffcd6534efad3,43600,6348190,3306,1998,32451,https://www.youtube.com/watch?v=2krD0pyPKZw,2417,1653,4619,https://www.youtube.com/watch?v=VhXbn475hxU,5764,4231,32451,https://www.youtube.com/watch?v=2krD0pyPKZw,10857,0,0,0,
5e98938ba0624235863dd2af8017fbe6,43400,2416071,2287,1379,8101,https://www.youtube.com/watch?v=iw30MGf-H7U,1929,748,3752,https://www.youtube.com/watch?v=3ZCUXjT-Uco,3327,1769,8101,https://www.youtube.com/watch?v=iw30MGf-H7U,5025,1745,1016,2776,https://www.twitch.tv/videos/2858649721
e069724ddab54dd690d6c3425574effd,43100,7697789,3592,2131,16947,https://www.youtube.com/watch?v=TWll4lb5rLk,2947,1878,5280,https://www.youtube.com/watch?v=P6t3EE3LGMQ,10093,2999,16947,https://www.youtube.com/watch?v=TWll4lb5rLk,5522,951,678,1041,https://www.twitch.tv/videos/2863257765
dabf31fbee9b4214958603268d48b780,42600,1322814,3133,1921,7627,https://www.youtube.com/watch?v=MfxVfXZzFXE,3162,1973,6843,https://www.youtube.com/watch?v=AoS9ZburYJE,3133,1921,7627,https://www.youtube.com/watch?v=MfxVfXZzFXE,0,0,0,0,
dee8efe8990e458c915e4f6a6a16b49f,42300,5283358,510,329,691,https://www.youtube.com/watch?v=DOjZWpO2-II,510,329,691,https://www.youtube.com/watch?v=DOjZWpO2-II,0,0,0,,3293,0,0,0,
ed426712876641848613137bef236d26,42100,4416812,3703,1857,12006,https://www.youtube.com/watch?v=gtfkWAcLZc0,2276,834,4633,https://www.youtube.com/watch?v=DUeP8nJCHqM,4632,2293,12006,https://www.youtube.com/watch?v=gtfkWAcLZc0,10092,1271,551,2951,https://www.twitch.tv/videos/2868326625
8150f530d858418282811429cc32622b,41900,2541287,905,470,4633,https://www.youtube.com/watch?v=vZfWkEPRMo0,859,434,3254,https://www.youtube.com/watch?v=4KbM1Y3MLlw,2716,768,4633,https://www.youtube.com/watch?v=vZfWkEPRMo0,13179,716,297,3026,https://www.twitch.tv/videos/2860525303
59f5e287671149398135c5c08b5ed2f7,41500,1033973,1848,979,7609,https://www.youtube.com/watch?v=nGm1TS96s3w,2311,1274,7609,https://www.youtube.com/watch?v=nGm1TS96s3w,1495,462,2352,https://www.youtube.com/watch?v=v5nCGlG1BI4,467,0,0,0,
be6c475c291d45a0a7349abdb70be20d,41400,14334549,4594,946,47624,https://www.youtube.com/watch?v=nBBfD94KQ8E,1673,302,4628,https://www.youtube.com/watch?v=XemFTlw2uqE,8152,1240,47624,https://www.youtube.com/watch?v=nBBfD94KQ8E,0,0,0,0,
f6a8c59d8b8d4e009d4e147ec268cd73,41000,2542950,3292,1948,12166,https://www.youtube.com/watch?v=8yYhGFeLdMA,3310,1987,12166,https://www.youtube.com/watch?v=8yYhGFeLdMA,1589,100,1589,https://www.youtube.com/watch?v=39wBuyU_ZEM,5014,0,0,0,
14770d49681b44c1a6a7fcbdc265f539,40800,2023735,3998,2271,4411,https://www.youtube.com/watch?v=kG2w5AnNPmU,3998,2271,4411,https://www.youtube.com/watch?v=kG2w5AnNPmU,0,0,0,,0,0,0,0,
d1694c709e0f489fbd07fc9bc67c0a66,40700,2120283,1331,740,2463,https://www.youtube.com/watch?v=Vjy0rhkS3zs,1192,754,2414,https://www.youtube.com/watch?v=P_nlJfbuPl8,2028,612,2463,https://www.youtube.com/watch?v=Vjy0rhkS3zs,2981,372,230,825,https://www.twitch.tv/videos/2870088998
4b8137b8ba4e4a4dad994e2e07e351fe,40300,2525729,461,325,1633,https://www.youtube.com/watch?v=cUMes4MUB-M,461,325,1633,https://www.youtube.com/watch?v=cUMes4MUB-M,0,0,0,,2114,77,65,238,https://www.twitch.tv/videos/2865853604
6943bbfc993443d4b3853833b3bb1a66,40200,15088737,0,0,0,,0,0,0,,0,0,0,,0,0,0,0,
7aba821c721e45bcb3d113652e9e8fb2,40100,1438033,1825,432,3814,https://www.youtube.com/watch?v=1Bn7pd5GnRM,2199,1114,3814,https://www.youtube.com/watch?v=1Bn7pd5GnRM,306,261,1924,https://www.youtube.com/watch?v=FSPnr19GKIs,2353,873,646,1205,https://www.twitch.tv/videos/2863294093
b0f523194beb4abca2b433e9e41d912c,39900,2341632,3105,1689,325182,https://www.youtube.com/watch?v=IxIXPsCL2zI,2512,1667,5722,https://www.youtube.com/watch?v=GXFXukQejmo,7565,2010,325182,https://www.youtube.com/watch?v=IxIXPsCL2zI,11986,0,0,0,
192d2decee72410e8346c135c4ac6e00,39700,1747517,2701,2236,6757,https://www.youtube.com/watch?v=YtNQCqL2XiI,3655,2956,6757,https://www.youtube.com/watch?v=YtNQCqL2XiI,1600,1323,1754,https://www.youtube.com/watch?v=qUMYY0wn2xk,2733,0,0,0,
6baf9b6a84a44ab3a6979d98bff7ee21,39600,2233603,3905,1269,20380,https://www.youtube.com/watch?v=sLloyrUEZyM,3418,1181,8551,https://www.youtube.com/watch?v=_hYaI1bMklQ,4392,2306,20380,https://www.youtube.com/watch?v=sLloyrUEZyM,2574,975,508,1550,https://www.twitch.tv/videos/2850530522
b42416c629e64c948f75aff4ff5c9a8a,39000,1304173,1413,112,1821,https://www.youtube.com/watch?v=wXiBhZxeJC4,1691,823,1691,https://www.youtube.com/watch?v=xG8Fby0k54M,1135,31,1821,https://www.youtube.com/watch?v=wXiBhZxeJC4,4125,383,280,516,https://www.twitch.tv/videos/2872075809
f928e57423634094b3d7d8461321c028,38400,1021823,954,630,1792,https://www.youtube.com/watch?v=xpQ0oDpxOLY,954,630,1792,https://www.youtube.com/watch?v=xpQ0oDpxOLY,0,0,0,,2953,0,0,0,
80f7b111f0e044abae4c37f6a96b5957,38400,1238055,939,594,5460,https://www.youtube.com/watch?v=QDbgQqfl-Aw,910,498,1611,https://www.youtube.com/watch?v=rjKM4udQTVM,3350,666,5460,https://www.youtube.com/watch?v=QDbgQqfl-Aw,0,0,0,0,
dad6fb7439d744739755a9a7c6c18d20,38100,3701535,3136,1092,5654,https://www.youtube.com/watch?v=FUkxA3UZblc,3267,1050,5546,https://www.youtube.com/watch?v=HBQ8p-nXwTk,3010,1655,5654,https://www.youtube.com/watch?v=FUkxA3UZblc,2919,0,0,0,
683c47ffba3246cb8574a6f2667208d1,38000,1541031,2170,1656,3559,https://www.youtube.com/watch?v=uH-jYB1kPZI,2763,2409,3559,https://www.youtube.com/watch?v=uH-jYB1kPZI,1577,903,1577,https://www.youtube.com/watch?v=YsGCU1BUzDI,13955,6458,2958,12342,https://www.twitch.tv/videos/2862147067
e92219319c904d17ad14a223a304f7b5,37500,2784792,6128,3098,188916,https://www.youtube.com/watch?v=bzqAyeVUBds,4904,2753,14492,https://www.youtube.com/watch?v=W2PX2ftGPaI,10804,5484,188916,https://www.youtube.com/watch?v=bzqAyeVUBds,578,0,0,0,
bf3356cfb2754286af9b6bb1665f56bd,37500,1060983,983,429,1636,https://www.youtube.com/watch?v=i1fRs9GhuE8,937,481,1452,https://www.youtube.com/watch?v=4Dp3ENy4DMU,1321,378,1636,https://www.youtube.com/watch?v=i1fRs9GhuE8,350,0,0,0,
84d68bef71304aa089c10d2c33c9a107,37500,4079381,2801,1591,4101,https://www.youtube.com/watch?v=RSH5GnSUfaQ,2801,1591,4101,https://www.youtube.com/watch?v=RSH5GnSUfaQ,0,0,0,,0,0,0,0,
6929e06cd9ed49739cadaa35115847c7,37000,2768500,2736,1811,136186,https://www.youtube.com/watch?v=6o0hPI1jykg,2023,1867,8646,https://www.youtube.com/watch?v=DziRHVCw2WQ,4170,1664,136186,https://www.youtube.com/watch?v=6o0hPI1jykg,0,0,0,0,
491a6000ce4b472c9b4f8c1dcfdb772c,36300,11836090,8785,2676,79415,https://www.youtube.com/watch?v=esf70T9WtXw,1624,967,4135,https://www.youtube.com/watch?v=Da47bKs8aqg,17221,6474,79415,https://www.youtube.com/watch?v=esf70T9WtXw,1261,0,0,0,
f928118054aa4e11aa4ec88504d8b886,36300,2217167,1692,843,4436,https://www.youtube.com/watch?v=FzW9uYMr0-8,1245,211,2140,https://www.youtube.com/watch?v=GD7DcYPK6ls,2202,1188,4436,https://www.youtube.com/watch?v=FzW9uYMr0-8,2747,299,223,391,https://www.twitch.tv/videos/2867704675
5c7beefaa54444e3b0443d7abd93c1f7,36200,4259804,0,0,0,,0,0,0,,0,0,0,,4470,457,247,710,https://www.twitch.tv/videos/2860489875
55be1972142c44799f83ce3db4f14fbd,36000,3643521,1440,837,4135,https://www.youtube.com/watch?v=G-EMW76WjLo,1350,861,2201,https://www.youtube.com/watch?v=S3nKYXbU1KM,2074,505,4135,https://www.youtube.com/watch?v=G-EMW76WjLo,0,0,0,0,
6af8929143294c72b25a7108e79e2faf,35200,2451456,1024,678,4427,https://www.youtube.com/watch?v=1COp--4ad6M,1024,678,4427,https://www.youtube.com/watch?v=1COp--4ad6M,0,0,0,,0,0,0,0,
b08047f2566246ac995e03a5db727cfe,34900,94771,0,0,0,,0,0,0,,0,0,0,,7212,0,0,0,
32b5b05c6e0f4747a8c0932d06f97f8c,34800,2341327,2061,998,4815,https://www.youtube.com/watch?v=DPQRDDke6UQ,1958,994,4815,https://www.youtube.com/watch?v=DPQRDDke6UQ,3121,2191,3121,https://www.youtube.com/watch?v=ZoZr9ZkD-Cc,4961,0,0,0,
84a911e2b05f4919a32e0c1618e32a7d,34700,1141637,1614,283,3482,https://www.youtube.com/watch?v=JHhjvTYCdaY,1614,283,3482,https://www.youtube.com/watch?v=JHhjvTYCdaY,0,0,0,,0,0,0,0,
13a4e83f2bbc4d18bb27520a4dceef72,34700,9365261,40696,11812,72255,https://www.youtube.com/watch?v=NJ8O_h45yDM,0,0,0,,40696,11812,72255,https://www.youtube.com/watch?v=NJ8O_h45yDM,64850,24495,12258,67605,https://www.twitch.tv/videos/2855005351
8267ea37c12a471a8a038f501832e099,34700,2531358,1338,46,4407,https://www.youtube.com/watch?v=TadIMiP9b_w,0,0,0,,1338,46,4407,https://www.youtube.com/watch?v=TadIMiP9b_w,0,0,0,0,
e1b2266a00c04e81bd868ae2fbff7848,33900,2113125,3773,1225,25630,https://www.youtube.com/watch?v=jETqkKz8S1M,14124,7892,25630,https://www.youtube.com/watch?v=jETqkKz8S1M,3773,1073,6880,https://www.youtube.com/watch?v=uM39aKvqX-o,0,0,0,0,
ad56a56e509c4b6fa0cf11ca959e3c72,33100,268798,1504,840,3801,https://www.youtube.com/watch?v=1e3kAOQ5Gmw,1448,606,3801,https://www.youtube.com/watch?v=1e3kAOQ5Gmw,1948,1043,2616,https://www.youtube.com/watch?v=h30NhFLMo-E,138,0,0,0,
93bad1d4b0c54c8781e3775d13a62c38,33000,1112423,458,205,887,https://www.youtube.com/watch?v=rpB7OvvGfNQ,458,205,887,https://www.youtube.com/watch?v=rpB7OvvGfNQ,0,0,0,,679,0,0,0,
1edf4940878546569e52dd06c95b8581,32800,2933068,1582,1194,6594,https://www.youtube.com/watch?v=glvpB9oOGOs,1710,1232,6594,https://www.youtube.com/watch?v=glvpB9oOGOs,1229,848,1652,https://www.youtube.com/watch?v=KzxqooybkU8,0,0,0,0,
334133534368487780dfa99b7c9f5949,32800,19110252,0,0,0,,0,0,0,,0,0,0,,0,0,0,0,
31f17632340f4e7fbd0ced07193dd81b,32700,1059304,1255,797,5008,https://www.youtube.com/watch?v=3oDhfFlgck4,1162,679,5008,https://www.youtube.com/watch?v=3oDhfFlgck4,1466,1126,1466,https://www.youtube.com/watch?v=GSHhyZ6Tgo4,0,0,0,0,
0f2ad43c618943d19d5101f2d3c49ac9,32400,1577907,733,95,2119,https://www.youtube.com/watch?v=bBB0H-jVdJ8,0,0,0,,733,95,2119,https://www.youtube.com/watch?v=bBB0H-jVdJ8,175,0,0,0,
9ca368e73d514656ade48dc946f55956,32400,4231570,1429,403,2011,https://www.youtube.com/watch?v=omcihkyWr4A,0,0,0,,1429,403,2011,https://www.youtube.com/watch?v=omcihkyWr4A,9358,453,206,1212,https://www.twitch.tv/videos/2867727418
099a5fd0d27d4fc892f684793ac18c99,32300,4362303,1500,1196,21351,https://www.youtube.com/watch?v=AnOtbo590AM,943,349,1624,https://www.youtube.com/watch?v=7KFO2GUk5Jk,1912,1645,21351,https://www.youtube.com/watch?v=AnOtbo590AM,0,0,0,0,
d33940525b7f4b9db9ce85e08b4c175e,32200,339853,0,0,0,,0,0,0,,0,0,0,,8588,0,0,0,
9f649d90164140bdb0e38f7e835c183b,31900,2058607,1309,696,1973,https://www.youtube.com/watch?v=oOeoAkGHn_E,1100,581,1973,https://www.youtube.com/watch?v=oOeoAkGHn_E,1645,1323,1745,https://www.youtube.com/watch?v=C52sRKF3Tyk,0,0,0,0,
e343e3fdc52f47a7bd5dbd793ccf8916,31200,2182563,2628,1545,7459,https://www.youtube.com/watch?v=70Iok76wMus,2148,1922,5281,https://www.youtube.com/watch?v=338h-8Sd0KQ,4219,1474,7459,https://www.youtube.com/watch?v=70Iok76wMus,0,0,0,0,
e150e350532b4327b26989dd43cd3bad,31200,2006066,0,0,0,,0,0,0,,0,0,0,,1077,0,0,0,
691e8a5f258c4c17b70b6b489b0ad04d,31100,3198312,2119,1117,9111,https://www.youtube.com/watch?v=IfDNIj9tflY,1913,1007,3699,https://www.youtube.com/watch?v=y5UHdPf4cFo,3513,2455,9111,https://www.youtube.com/watch?v=IfDNIj9tflY,1384,1312,747,1312,https://www.twitch.tv/videos/2864147427
d81d1032a43642eca36e82ba9a3c39c5,30500,1201356,0,0,0,,0,0,0,,0,0,0,,11578,443,116,723,https://www.twitch.tv/videos/2867732077
14d83faa414c415097d577d2da9636ce,30500,1213417,538,395,2730,https://www.youtube.com/watch?v=FWF9Z--m9rU,481,245,595,https://www.youtube.com/watch?v=-LXsUhNbOTo,2730,2355,2730,https://www.youtube.com/watch?v=FWF9Z--m9rU,0,0,0,0,
d35707348d554507a98f97eb59230efc,30400,2351231,1448,684,30508,https://www.youtube.com/watch?v=DMd5tzIO4Jk,1448,706,2773,https://www.youtube.com/watch?v=DKo4ezX8lSQ,2110,601,30508,https://www.youtube.com/watch?v=DMd5tzIO4Jk,5248,575,294,1262,https://www.twitch.tv/videos/2863793487
9e05802075c343a3bf2778550d5157da,30400,1726044,1954,522,11247,https://www.youtube.com/watch?v=_c4jxfLy_QY,231,119,835,https://www.youtube.com/watch?v=7O2qFmeqYPk,3461,1214,11247,https://www.youtube.com/watch?v=_c4jxfLy_QY,0,0,0,0,
9af7c10c618844f08a327d38753124bd,30400,1540454,8002,3209,22361,https://www.youtube.com/watch?v=NwkhroXtX6M,0,0,0,,8002,3209,22361,https://www.youtube.com/watch?v=NwkhroXtX6M,18408,841,505,3254,https://www.twitch.tv/videos/2865743268
bac1f0b8e8d149d4a48cfd30d7d7ad74,29900,2365113,1000,566,3382,https://www.youtube.com/watch?v=lOlHZkdOuaM,907,565,1118,https://www.youtube.com/watch?v=UegM7n6flNM,1798,587,3382,https://www.youtube.com/watch?v=lOlHZkdOuaM,0,0,0,0,
5b996b6eca90491cb8e1a43de23b2388,29700,4945,0,0,0,,0,0,0,,0,0,0,,0,0,0,0,
b6f68e0e323f45458752f3a7ec6a08f2,29700,2544418,2884,1119,3428,https://www.youtube.com/watch?v=2yRFsvmT3fw,2884,2585,2884,https://www.youtube.com/watch?v=hb3EkjzHLxE,2720,940,3428,https://www.youtube.com/watch?v=2yRFsvmT3fw,4654,1533,370,2523,https://www.twitch.tv/videos/2861294554
6548fd18ecf84bd88112cd5babfa2a66,29500,942600,1618,820,6889,https://www.youtube.com/watch?v=rjAybFjBrM4,1361,820,2537,https://www.youtube.com/watch?v=4HptAIR-tAI,3075,1318,6889,https://www.youtube.com/watch?v=rjAybFjBrM4,2566,0,0,0,
02d67d58d59644be9cdf0b1179419637,29500,2089099,253,56,2023,https://www.youtube.com/watch?v=vdl08D99f-8,250,43,558,https://www.youtube.com/watch?v=edR0cGj-rGw,2023,541,2023,https://www.youtube.com/watch?v=vdl08D99f-8,2724,266,224,832,https://www.twitch.tv/videos/2871967057
f0b85b56d1d84085aca5ab7f592bd7da,29500,2634788,652,436,51704,https://www.youtube.com/watch?v=g0Niv-YeOS4,628,422,769,https://www.youtube.com/watch?v=-40lZKNSqR4,2017,1093,51704,https://www.youtube.com/watch?v=g0Niv-YeOS4,0,0,0,0,
fe569b0c059e406daf57eb2acd11cc21,29400,1843734,1146,512,7047,https://www.youtube.com/watch?v=8r8EpCGbyy8,1146,512,7047,https://www.youtube.com/watch?v=8r8EpCGbyy8,0,0,0,,0,0,0,0,
aa1ff405338c41b98ff7197eb4d90349,29300,1347730,1355,889,4381,https://www.youtube.com/watch?v=4PvD8jJHjeY,1355,889,4381,https://www.youtube.com/watch?v=4PvD8jJHjeY,0,0,0,,0,0,0,0,
4fd17e8877024633876c5d85bc81e56b,29300,4415595,1561,979,5527,https://www.youtube.com/watch?v=xf1yaTDr-pM,1267,956,5527,https://www.youtube.com/watch?v=xf1yaTDr-pM,2774,1280,3155,https://www.youtube.com/watch?v=YcsDE8r5g8c,0,0,0,0,
670990d65f7b459ba2a3728c39d4cb9a,29200,1797348,61762,14757,88293,https://www.youtube.com/watch?v=nEJU7UU3X0k,0,0,0,,61762,14757,88293,https://www.youtube.com/watch?v=nEJU7UU3X0k,2673,0,0,0,
bc0b8c437eda4361b2a10003013f49cf,29200,318848,0,0,0,,0,0,0,,0,0,0,,0,0,0,0,
6f9d63518a69442a88ac602a3b37bf18,29100,1827909,839,465,1792,https://www.youtube.com/watch?v=t6jVDvbo7m4,824,576,1409,https://www.youtube.com/watch?v=fDEht8NHuAg,1063,440,1792,https://www.youtube.com/watch?v=t6jVDvbo7m4,0,0,0,0,
8a0b024373544f31b54e5a6cadb124dc,29100,2172946,2238,1276,10694,https://www.youtube.com/watch?v=tWzhcML3VLA,2110,1253,4997,https://www.youtube.com/watch?v=Oh3SXBYTCqs,6421,5143,10694,https://www.youtube.com/watch?v=tWzhcML3VLA,2024,0,0,0,
73ae80b091f542358d7a5bf8905c28f3,28900,3088588,3502,1688,6787,https://www.youtube.com/watch?v=t2FXB9itP10,3078,770,3511,https://www.youtube.com/watch?v=vA9p-iRsjuI,5500,2190,6787,https://www.youtube.com/watch?v=t2FXB9itP10,7127,690,185,690,https://www.twitch.tv/videos/2856014831
5ba11a0bf35147d499259ad5608a7de1,28900,2321704,1589,772,6047,https://www.youtube.com/watch?v=YPBsMQgYviU,1992,1349,6047,https://www.youtube.com/watch?v=YPBsMQgYviU,1300,616,2000,https://www.youtube.com/watch?v=ElW33lQgCNw,4435,0,0,0,
3be86a2a9cb447f393d235132e157789,28800,2780113,2710,1158,8995,https://www.youtube.com/watch?v=zPeAyKb7qi4,3317,1245,8995,https://www.youtube.com/watch?v=zPeAyKb7qi4,1328,800,1328,https://www.youtube.com/watch?v=XtYIqEnpwRs,0,0,0,0,
19234cc590224c45912a14487f756dc5,28300,2223000,3350,1439,5808,https://www.youtube.com/watch?v=Av4GbsL3V58,0,0,0,,3350,1439,5808,https://www.youtube.com/watch?v=Av4GbsL3V58,13749,2411,1029,4465,https://www.twitch.tv/videos/2868901673
f7c48554816643cdb8d343e6e9e6d313,28300,1590875,1494,910,2154,https://www.youtube.com/watch?v=re5Righ7vi0,1494,910,2154,https://www.youtube.com/watch?v=re5Righ7vi0,0,0,0,,13168,869,377,1539,https://www.twitch.tv/videos/2859715634
3197e5649c65405cbbe6e5f1a44cf8e1,28200,1596207,1128,609,6701,https://www.youtube.com/watch?v=BC6uQL_evCo,972,618,2908,https://www.youtube.com/watch?v=TuzTpgt6YDw,1435,609,6701,https://www.youtube.com/watch?v=BC6uQL_evCo,0,0,0,0,
d1dd83b6e8a24df4b61f766cff45113c,28200,16085604,2525,1173,9316,https://www.youtube.com/watch?v=fMO8_P0Eb1U,1517,658,3411,https://www.youtube.com/watch?v=OI_lZrO9Phw,4384,3406,9316,https://www.youtube.com/watch?v=fMO8_P0Eb1U,558,0,0,0,
03c018f2d3064da6ac4899bef1d600c5,27800,1226015,0,0,0,,0,0,0,,0,0,0,,40031,8792,4276,15823,https://www.twitch.tv/videos/2872105555
a060cd640cf44c2bb8d78d8ff2411e68,27500,1977261,1504,369,2407,https://www.youtube.com/watch?v=xOlwyb6CwKg,1336,154,1604,https://www.youtube.com/watch?v=0rEq_GvSSsI,1683,635,2407,https://www.youtube.com/watch?v=xOlwyb6CwKg,509,157,131,157,https://www.twitch.tv/videos/2871205423
0247d07842794dccb043e0b10a888d30,27200,997969,80471,22308,129281,https://www.youtube.com/watch?v=9Y3gHkdJteI,0,0,0,,80471,22308,129281,https://www.youtube.com/watch?v=9Y3gHkdJteI,2972,0,0,0,
5d00575c06d74f588238857d7dec1b02,27000,4134351,3045,1534,10657,https://www.youtube.com/watch?v=7055Jd1ooHs,2306,2195,3420,https://www.youtube.com/watch?v=axd-VZI-H-0,3291,873,10657,https://www.youtube.com/watch?v=7055Jd1ooHs,0,0,0,0,
25388daec64e40f38ca0e5a3a88fedb7,26800,1270950,2100,982,4721,https://www.youtube.com/watch?v=SaKEVk_GDic,1782,981,4721,https://www.youtube.com/watch?v=SaKEVk_GDic,3006,1293,3006,https://www.youtube.com/watch?v=t7zgeatK-IU,3690,860,474,2320,https://www.twitch.tv/videos/2867393742
a667c79cb8284de29d5843dc3eafcc57,26300,625963,884,584,14421,https://www.youtube.com/watch?v=3mXkmo2o1Kg,832,494,2558,https://www.youtube.com/watch?v=jvbbWzzU_I0,11769,4261,14421,https://www.youtube.com/watch?v=3mXkmo2o1Kg,0,0,0,0,
f2a403cb46354371837550730a397bd1,25700,1502526,711,472,1941,https://www.youtube.com/watch?v=mEvjefnnpoY,646,390,904,https://www.youtube.com/watch?v=_s9e60KNVkg,1326,519,1941,https://www.youtube.com/watch?v=mEvjefnnpoY,0,0,0,0,
22c8ee785f7446e5978bab336fda92cb,25300,2286129,1974,1365,5534,https://www.youtube.com/watch?v=pfgrQfScSq0,2791,1928,5534,https://www.youtube.com/watch?v=pfgrQfScSq0,946,511,2728,https://www.youtube.com/watch?v=DYegCFzbmJg,0,0,0,0,
7805f5aaa7be47878ebcf88c6ff4669a,25200,1565126,38121,7761,99297,https://www.youtube.com/watch?v=iMA0N-Eqrr4,0,0,0,,38121,7761,99297,https://www.youtube.com/watch?v=iMA0N-Eqrr4,2908,0,0,0,
7754dca48f524b938314a2b346772e4e,25000,2150381,3418,2340,8742,https://www.youtube.com/watch?v=JsprlFVQm4k,3745,2974,6761,https://www.youtube.com/watch?v=vycGDmvrdho,3323,1298,8742,https://www.youtube.com/watch?v=JsprlFVQm4k,0,0,0,0,
8dbec1de49be44d897f1c894427f3165,24800,821013,2233,1117,6411,https://www.youtube.com/watch?v=ChES2mlIkXo,2253,1128,6411,https://www.youtube.com/watch?v=ChES2mlIkXo,2143,867,2586,https://www.youtube.com/watch?v=EH18vElSeSg,4021,343,250,407,https://www.twitch.tv/videos/2872104597
f0a395b14fa34e64ba1aaedb906c7dd3,24700,329472,0,0,0,,0,0,0,,0,0,0,,0,0,0,0,
9d0fb5c59ea745f09934f3cfd932c393,24500,3233721,1161,558,6828,https://www.youtube.com/watch?v=MQLGwoJ0UJc,671,439,1670,https://www.youtube.com/watch?v=eBwE1ySClPE,3858,1766,6828,https://www.youtube.com/watch?v=MQLGwoJ0UJc,0,0,0,0,
67d348e6690c43729cce031e70a26645,24100,1217223,0,0,0,,0,0,0,,0,0,0,,32400,4870,3872,21083,https://www.twitch.tv/videos/2872681286
6dfe72bb90994dceb7b753908876307d,24000,1865718,1479,723,5292,https://www.youtube.com/watch?v=jfYdWr3MErY,1479,708,4305,https://www.youtube.com/watch?v=ZUMwtc6jGug,3313,2338,5292,https://www.youtube.com/watch?v=jfYdWr3MErY,0,0,0,0,
28a930938667442288010b333937e2ab,24000,2189855,1683,850,2512,https://www.youtube.com/watch?v=t6QTn8VvCq8,0,0,0,,1683,850,2512,https://www.youtube.com/watch?v=t6QTn8VvCq8,10850,1517,716,1873,https://www.twitch.tv/videos/2850298633
f13832094d8b40fbb95d07732aa3c3c7,23900,563557,746,409,4939,https://www.youtube.com/watch?v=Lib_cyndCMk,683,409,4939,https://www.youtube.com/watch?v=Lib_cyndCMk,1118,459,2096,https://www.youtube.com/watch?v=Nh-H-705bsI,0,0,0,0,
3e19e054b479401da231ebc3d3fab628,23800,1107626,3311,1246,9231,https://www.youtube.com/watch?v=2N5lhy-1hws,2888,1246,5317,https://www.youtube.com/watch?v=AlKrnURAh_o,6702,1743,9231,https://www.youtube.com/watch?v=2N5lhy-1hws,0,0,0,0,
c0c35f0471774be2b33163ae20f2d6bb,23600,1626066,2818,1631,9894,https://www.youtube.com/watch?v=u1kPnOTRR2A,2457,1627,8084,https://www.youtube.com/watch?v=Yflth99_zpE,2888,1823,9894,https://www.youtube.com/watch?v=u1kPnOTRR2A,0,0,0,0,
1ac97b8deb08470dafc128557532dd52,23600,1621268,1356,475,9754,https://www.youtube.com/watch?v=DmAy_Ei_WIQ,607,323,1197,https://www.youtube.com/watch?v=aBwmC9JxZfg,1500,771,9754,https://www.youtube.com/watch?v=DmAy_Ei_WIQ,489,0,0,0,
365db081229a4efeb4630f19587a96b2,23600,1844163,2836,1027,9013,https://www.youtube.com/watch?v=0j1pAHKASQo,1687,855,9013,https://www.youtube.com/watch?v=0j1pAHKASQo,3105,1643,6027,https://www.youtube.com/watch?v=P7DGkFPFu7Q,0,0,0,0,
824c0c36956f4a73bb3ec479dd8e4da8,23500,1056191,0,0,0,,0,0,0,,0,0,0,,2528,154,95,429,https://www.twitch.tv/videos/2872957843
dcebd098c3ea479ba2b0e32a2696a5ec,23400,963374,1819,1307,10019,https://www.youtube.com/watch?v=fqpLCjMzewQ,1819,1307,10019,https://www.youtube.com/watch?v=fqpLCjMzewQ,0,0,0,,0,0,0,0,
3e6a09fe4ef744f987e27ae0f06cdf09,23300,777948,1070,628,3610,https://www.youtube.com/watch?v=mzRJPTe2jLQ,881,628,3610,https://www.youtube.com/watch?v=mzRJPTe2jLQ,1188,548,1306,https://www.youtube.com/watch?v=Z3k6PUDIq44,0,0,0,0,
7c00b7dc73a240dc84d68be389732a0c,23000,1129371,890,603,1526,https://www.youtube.com/watch?v=xMiJn_JA7HI,890,603,1526,https://www.youtube.com/watch?v=xMiJn_JA7HI,0,0,0,,0,0,0,0,
da4a58b114b94469a0a93f6b8ee7512d,23000,1286574,1805,1114,2423,https://www.youtube.com/watch?v=0X196xxj65c,1805,1114,2423,https://www.youtube.com/watch?v=0X196xxj65c,0,0,0,,12588,279,126,451,https://www.twitch.tv/videos/2855125123
18bd2d37e2e64f0cab20ec6a2b2f2474,22900,1138516,1378,783,2612,https://www.youtube.com/watch?v=QB5fm_EEd4E,1378,798,2612,https://www.youtube.com/watch?v=QB5fm_EEd4E,1265,639,2178,https://www.youtube.com/watch?v=oQn51tXREOc,3470,523,362,934,https://www.twitch.tv/videos/2866119832
75ddc749133b4c498eb35ceac1e2a0b2,22800,2866924,1309,886,4734,https://www.youtube.com/watch?v=-tK7Equ-24I,1309,886,2168,https://www.youtube.com/watch?v=Wr-hj4Ehw6c,2850,969,4734,https://www.youtube.com/watch?v=-tK7Equ-24I,0,0,0,0,
3809ec8a42634d11aa1b7b8f99755c6a,22700,1963663,0,0,0,,0,0,0,,0,0,0,,68097,4317,2248,9235,https://www.twitch.tv/videos/2861768617
951dd0b605d04163b38de18262e9a438,22400,644768,0,0,0,,0,0,0,,0,0,0,,1465,0,0,0,
ffe3f2e400ab4237ac873ae9d5a0eda4,22300,1113485,3151,878,17487,https://www.youtube.com/watch?v=YzcNo5ftF4Y,2450,769,5303,https://www.youtube.com/watch?v=yRNnccdwcJo,5522,1141,17487,https://www.youtube.com/watch?v=YzcNo5ftF4Y,0,0,0,0,
e9a9d88bf69e4c83842fe05b3ae1601b,22100,1263131,0,0,0,,0,0,0,,0,0,0,,13660,1047,461,1274,https://www.twitch.tv/videos/2852322054
05317bcbe5f243abb85618d2669bd0d7,22100,461125,119,76,939,https://www.youtube.com/watch?v=Iwy1QTi0OAs,119,76,939,https://www.youtube.com/watch?v=Iwy1QTi0OAs,229,130,466,https://www.youtube.com/watch?v=mG9nXKNF-ZU,0,0,0,0,
2ba32c49f08849f9a109b7e485c9c5a5,21600,1170889,1929,1008,5978,https://www.youtube.com/watch?v=7yEpku8lfK4,1642,1008,5978,https://www.youtube.com/watch?v=7yEpku8lfK4,2694,1106,4021,https://www.youtube.com/watch?v=RMS41bApLU0,0,0,0,0,
7870ac4364ca4c97a4dfe7474251bf5b,21600,1313199,4552,2164,81367,https://www.youtube.com/watch?v=js-WWxcyQUQ,4309,2082,10142,https://www.youtube.com/watch?v=5MquXitAQ1g,41382,2624,81367,https://www.youtube.com/watch?v=js-WWxcyQUQ,2844,6797,5574,12901,https://www.twitch.tv/videos/2873800799
60716febdfe949248e8f67d85634bec5,21500,8317634,202,134,1233,https://www.youtube.com/watch?v=0rlNyuLrWl0,124,56,124,https://www.youtube.com/watch?v=5l9wYholF9k,717,620,1233,https://www.youtube.com/watch?v=0rlNyuLrWl0,0,0,0,0,
532b143e82d6452fac9a18d1d025a2af,21300,463151,0,0,0,,0,0,0,,0,0,0,,0,0,0,0,
7cecb437e7a54e07a29c3a164565957d,21300,1346447,2690,1400,5103,https://www.youtube.com/watch?v=Ms-KxRoYrMI,2298,1400,3105,https://www.youtube.com/watch?v=YL3kq8r8pmc,3372,1781,5103,https://www.youtube.com/watch?v=Ms-KxRoYrMI,0,0,0,0,
cd88de8b4bc84a71975df9afb42192b8,21200,705896,2129,1345,5798,https://www.youtube.com/watch?v=K9VbNw_75J4,2129,1345,5798,https://www.youtube.com/watch?v=K9VbNw_75J4,0,0,0,,4317,0,0,0,
ec4bc8d279af43eaba4679b762bbbc59,21200,841360,0,0,0,,0,0,0,,0,0,0,,0,0,0,0,
b63a5ee44acf4498827a3fd984ab23e0,21200,1513925,2102,1204,2917,https://www.youtube.com/watch?v=gBEN6rA53Ho,2102,1204,2917,https://www.youtube.com/watch?v=gBEN6rA53Ho,0,0,0,,0,0,0,0,
a39733d216994010b34bf5033be01589,20900,1508278,3532,1872,10140,https://www.youtube.com/watch?v=w2XWxDy53es,3556,1891,10140,https://www.youtube.com/watch?v=w2XWxDy53es,3142,1667,5258,https://www.youtube.com/watch?v=6t3UVzCe_Qg,1192,403,296,403,https://www.twitch.tv/videos/2868643660
38fcf8bc7f3f45d68bab44577c019c84,20900,935869,903,434,2146,https://www.youtube.com/watch?v=M5bkZs0ODEM,846,556,2146,https://www.youtube.com/watch?v=M5bkZs0ODEM,1571,229,2013,https://www.youtube.com/watch?v=_M4UpUbKbB0,0,0,0,0,
adc9d30b5940427e96ae92238f0f8b83,20800,642869,1066,472,1996,https://www.youtube.com/watch?v=70_h4MBuDPg,1034,440,1881,https://www.youtube.com/watch?v=fmLJ9Zey8Gw,1996,1869,1996,https://www.youtube.com/watch?v=70_h4MBuDPg,901,0,0,0,
53c811a3e7814de2b76dd4e0c241a9e5,20800,668987,380,167,1962,https://www.youtube.com/watch?v=NBYUgqj84Rw,380,167,1962,https://www.youtube.com/watch?v=NBYUgqj84Rw,0,0,0,,670,72,41,72,https://www.twitch.tv/videos/2864152792
accbad7e89df4174a13b68edcae74068,20700,846987,700,279,1298,https://www.youtube.com/watch?v=p7uXGRXls88,488,155,540,https://www.youtube.com/watch?v=tZOd3niwISQ,993,427,1298,https://www.youtube.com/watch?v=p7uXGRXls88,881,38,27,509,https://www.twitch.tv/videos/2873580333
67d6807619064938a78832b4106de5c0,20600,932914,0,0,0,,0,0,0,,0,0,0,,3722,464,229,792,https://www.twitch.tv/videos/2849559540
ef67b676c0334ef182151f473469c1f1,20600,1484745,1581,686,5358,https://www.youtube.com/watch?v=0vcE9iFFe8A,1269,796,3121,https://www.youtube.com/watch?v=PhumIYknoLM,1979,611,5358,https://www.youtube.com/watch?v=0vcE9iFFe8A,0,0,0,0,
aaa45dc386714427ba862f691d4471ac,20600,2043676,2784,1642,11502,https://www.youtube.com/watch?v=bmwJYmPv3io,1680,728,4638,https://www.youtube.com/watch?v=nQNckk_vq_c,3820,2426,11502,https://www.youtube.com/watch?v=bmwJYmPv3io,1684,519,400,1003,https://www.twitch.tv/videos/2863866825
f7c8264349654390a5e39810dc012a38,20500,1484574,1602,375,1970,https://www.youtube.com/watch?v=n3XcDUyiYaM,0,0,0,,1602,375,1970,https://www.youtube.com/watch?v=n3XcDUyiYaM,0,0,0,0,
c540124532e14ceb8e9ffc654a0ec4c9,20500,31653127,2836,477,19217,https://www.youtube.com/watch?v=aymWkTd-STY,349,44,1255,https://www.youtube.com/watch?v=nZTdC9XYBu8,4245,1322,19217,https://www.youtube.com/watch?v=aymWkTd-STY,1741,45,27,58,https://www.twitch.tv/videos/2873716833
c9ece3513c804b3db003cd8fca683857,20500,888448,1944,705,5895,https://www.youtube.com/watch?v=SONUKfvDo-M,1944,705,5895,https://www.youtube.com/watch?v=SONUKfvDo-M,0,0,0,,8664,0,0,0,
49eca1ea30a8425a8967677070c95627,20200,1540030,1371,777,3119,https://www.youtube.com/watch?v=dsTV7EH5NHw,980,512,1997,https://www.youtube.com/watch?v=vooB53YquC4,2254,1503,3119,https://www.youtube.com/watch?v=dsTV7EH5NHw,664,410,280,411,https://www.twitch.tv/videos/2870314012
36a96262405a4d4683db73d8403bf8b7,20200,1383743,1057,486,1869,https://www.youtube.com/watch?v=evWXtOR9uYw,953,356,1197,https://www.youtube.com/watch?v=jszWMfw_w5E,1517,626,1869,https://www.youtube.com/watch?v=evWXtOR9uYw,649,160,130,220,https://www.twitch.tv/videos/2864826382
ec30041838214022aeb622c0851e46db,20000,984270,1202,802,19958,https://www.youtube.com/watch?v=QUSEw0datJI,0,0,0,,1202,802,19958,https://www.youtube.com/watch?v=QUSEw0datJI,5435,468,240,1052,https://www.twitch.tv/videos/2859496919
2842edf30d614ca9acc4e689974058b9,19900,2279683,2140,1339,6678,https://www.youtube.com/watch?v=1mRrki8lU6o,2140,1398,5307,https://www.youtube.com/watch?v=SwpbBkjf18M,2879,1135,6678,https://www.youtube.com/watch?v=1mRrki8lU6o,21,0,0,0,
6c0758764e674c6db2f985710fcfbd7b,19900,1590718,1936,872,4891,https://www.youtube.com/watch?v=4IKuFHtBFWY,1077,659,1854,https://www.youtube.com/watch?v=T0lw9CO5lxg,2587,1291,4891,https://www.youtube.com/watch?v=4IKuFHtBFWY,0,0,0,0,
56b4e7f364bc4b96b3a9d48596e28d8d,19900,1110907,2038,1371,22059,https://www.youtube.com/watch?v=TXCLPaju08M,1832,1081,22059,https://www.youtube.com/watch?v=TXCLPaju08M,2861,2015,8908,https://www.youtube.com/watch?v=u_9j14AL25o,0,0,0,0,
8eec9fd38e7440f09bf1bc864e4d6e38,19700,910335,1184,708,4527,https://www.youtube.com/watch?v=fna26oTX5VY,1124,700,3285,https://www.youtube.com/watch?v=Pb42YMypAi4,2874,782,4527,https://www.youtube.com/watch?v=fna26oTX5VY,4737,1368,529,4076,https://www.twitch.tv/videos/2858181067
de266b34e79c49b48fa566e9fb1a24af,19600,1449514,1284,786,9555,https://www.youtube.com/watch?v=s3JWw3Co0RI,1276,686,3785,https://www.youtube.com/watch?v=OM5k-delYUo,9555,1225,9555,https://www.youtube.com/watch?v=s3JWw3Co0RI,644,0,0,0,
88f782b3b6c6492c926f70e4a13390c9,19600,854647,1141,670,1483,https://www.youtube.com/watch?v=Dhqj5v0i_Bw,421,209,422,https://www.youtube.com/watch?v=_Iun0boU71Q,1445,682,1483,https://www.youtube.com/watch?v=Dhqj5v0i_Bw,910,211,139,304,https://www.twitch.tv/videos/2866708773
ed3f69b9de7c43f3a32b4e7dfdb5bfd0,19400,797851,998,284,2192,https://www.youtube.com/watch?v=_DbtFbyiWks,789,291,1317,https://www.youtube.com/watch?v=cuITKF0rc3c,2066,203,2192,https://www.youtube.com/watch?v=_DbtFbyiWks,0,0,0,0,
57903e09a68f4997b7c4bc356cd5e64d,19400,1713272,1983,851,38638,https://www.youtube.com/watch?v=G_5bOFykGPs,1560,811,6530,https://www.youtube.com/watch?v=2Cd5rn6kLtA,2990,1840,38638,https://www.youtube.com/watch?v=G_5bOFykGPs,572,0,0,0,
7b58646f89cb4b7cbcdce819499c475f,19300,375641,0,0,0,,0,0,0,,0,0,0,,0,0,0,0,
05e831b267914fc5b4d9b28de1f648dc,19300,975130,633,332,1081,https://www.youtube.com/watch?v=8uXu_lmXkpo,0,0,0,,633,332,1081,https://www.youtube.com/watch?v=8uXu_lmXkpo,0,0,0,0,
2c05340bb152419ebe0bd3fb6a78da80,19300,2017749,1098,478,9489,https://www.youtube.com/watch?v=HQAU1EMKiD0,827,458,5002,https://www.youtube.com/watch?v=sKDb5KdZqIM,1726,1278,9489,https://www.youtube.com/watch?v=HQAU1EMKiD0,0,0,0,0,
cdb5c89f61c94949a989457cf549b7e4,19200,1812299,984,413,2410,https://www.youtube.com/watch?v=CxgJbT0t8aI,1328,656,2168,https://www.youtube.com/watch?v=KfHbTkG3mTM,732,355,2410,https://www.youtube.com/watch?v=CxgJbT0t8aI,0,0,0,0,
76d68171666847cc913328359037139c,19000,907938,1387,851,12380,https://www.youtube.com/watch?v=DNk-9Znq-3A,1259,851,12380,https://www.youtube.com/watch?v=DNk-9Znq-3A,3160,563,3989,https://www.youtube.com/watch?v=IpqaZJDO4KA,1681,156,83,156,https://www.twitch.tv/videos/2863251818
090be1be8d29429183e190e22fc4be22,18500,1141875,1290,883,2414,https://www.youtube.com/watch?v=XHJEg_6CLL4,1290,883,2414,https://www.youtube.com/watch?v=XHJEg_6CLL4,0,0,0,,4173,274,192,318,https://www.twitch.tv/videos/2865042886
05be4fb717614738a87daac46157ddb1,18500,1353964,866,273,2197,https://www.youtube.com/watch?v=1r_9OAo895E,866,273,2197,https://www.youtube.com/watch?v=1r_9OAo895E,0,0,0,,0,0,0,0,
ebc44e2ba78f4790b832d02c31410262,18300,776233,521,284,2725,https://www.youtube.com/watch?v=mJZr5roii3s,480,277,1173,https://www.youtube.com/watch?v=bNCaY2OdB1E,2158,333,2725,https://www.youtube.com/watch?v=mJZr5roii3s,661,87,70,297,https://www.twitch.tv/videos/2872339485
bf58297d50a741e5b1808ec4c445f216,18200,4309294,1480,449,3671,https://www.youtube.com/watch?v=CZWFYW0oHWM,740,436,1748,https://www.youtube.com/watch?v=tTG3SW5n4To,2586,629,3671,https://www.youtube.com/watch?v=CZWFYW0oHWM,0,0,0,0,
f6fe970a79964cca9dcec4741f0f679b,18100,1884729,15249,10026,67286,https://www.youtube.com/watch?v=TR2XSH2zaYQ,0,0,0,,15249,10026,67286,https://www.youtube.com/watch?v=TR2XSH2zaYQ,91780,68801,32432,148701,https://www.twitch.tv/videos/2859408238
b174714646ea40e28ce32affabe3e93e,17900,1260599,1013,627,4727,https://www.youtube.com/watch?v=7DD_bQg_Ikc,996,629,4727,https://www.youtube.com/watch?v=7DD_bQg_Ikc,3051,540,3539,https://www.youtube.com/watch?v=J1s1lUuouqk,706,0,0,0,
6c7a8b443aa942a89a83485c98d10559,17500,1588220,622,409,2818,https://www.youtube.com/watch?v=wciju7wvVuk,572,427,2818,https://www.youtube.com/watch?v=wciju7wvVuk,1429,225,1429,https://www.youtube.com/watch?v=Ff7EuepElPo,0,0,0,0,
71e1a399885b48e79c9a98e973e6b5e3,17500,6178799,1995,1014,4786,https://www.youtube.com/watch?v=yGOAnDlnsq8,0,0,0,,1995,1014,4786,https://www.youtube.com/watch?v=yGOAnDlnsq8,706,0,0,0,
2ada3b89962b479bb8dbd2a63bca5da1,17200,1399414,1386,771,90343,https://www.youtube.com/watch?v=JMYan3Hhda0,1248,768,2220,https://www.youtube.com/watch?v=Wbck8h4_MaE,90343,35426,90343,https://www.youtube.com/watch?v=JMYan3Hhda0,0,0,0,0,
470d1cb40a5e460e8cdc1414c5fd1a34,17000,384522,1288,361,1992,https://www.youtube.com/watch?v=QFk7Uz0fH8w,1160,601,1992,https://www.youtube.com/watch?v=QFk7Uz0fH8w,1587,207,1587,https://www.youtube.com/watch?v=ofmY4PaUioU,1282,0,0,0,
09600daf1956476190642d1be738e945,17000,2022237,1969,1239,8826,https://www.youtube.com/watch?v=O0APFgZkDvY,1931,1069,8826,https://www.youtube.com/watch?v=O0APFgZkDvY,3985,1979,5384,https://www.youtube.com/watch?v=LEvWLzkweHs,0,0,0,0,
914f6caed3ff4348824d966f76662bc2,16900,1178638,1357,657,2555,https://www.youtube.com/watch?v=jOhFPcbg3jo,1185,778,2211,https://www.youtube.com/watch?v=pLEvwvF1RAQ,1986,368,2555,https://www.youtube.com/watch?v=jOhFPcbg3jo,0,0,0,0,
c379e3f4f1eb41869ec465481b182e50,16700,916766,897,362,2814,https://www.youtube.com/watch?v=aYnfBBDlDWw,955,634,2814,https://www.youtube.com/watch?v=aYnfBBDlDWw,682,268,1658,https://www.youtube.com/watch?v=MRKG-9cTCb8,0,0,0,0,
0ba1bc3725a9456aa0f66ec951ad47eb,16700,1128882,1746,679,4864,https://www.youtube.com/watch?v=6TSmhK9UnIg,1359,678,2972,https://www.youtube.com/watch?v=YHfW5Hhtw-c,2357,932,4864,https://www.youtube.com/watch?v=6TSmhK9UnIg,6392,471,179,602,https://www.twitch.tv/videos/2853404515
fbb142bcb07a4808b0164c41ab1877ea,16700,1544903,472,140,910,https://www.youtube.com/watch?v=Wq8L-L_pax8,472,140,910,https://www.youtube.com/watch?v=Wq8L-L_pax8,0,0,0,,0,0,0,0,
8796ee6fb25b4b40a8ad9a188059951a,16600,618924,603,393,1577,https://www.youtube.com/watch?v=otvtJDtwByM,603,393,1577,https://www.youtube.com/watch?v=otvtJDtwByM,0,0,0,,0,0,0,0,
0b63fa89b80e4649b0297d156ed1c791,16500,1485257,1403,829,2943,https://www.youtube.com/watch?v=ivIE_4ggBy8,1403,829,2943,https://www.youtube.com/watch?v=ivIE_4ggBy8,0,0,0,,0,0,0,0,
7587608de08740aeb1a8dbe40006b90d,16500,1456839,1858,655,2855,https://www.youtube.com/watch?v=ZN_UPp-ekTM,828,368,1013,https://www.youtube.com/watch?v=fXtRYsmtdag,2353,1250,2855,https://www.youtube.com/watch?v=ZN_UPp-ekTM,2959,816,467,917,https://www.twitch.tv/videos/2872120134
e802007cbda74a0bb3a41f4ebcae7f47,16500,676398,2665,1453,25910,https://www.youtube.com/watch?v=vbK4h3fZIVI,2828,1472,25910,https://www.youtube.com/watch?v=vbK4h3fZIVI,2251,46,3596,https://www.youtube.com/watch?v=K_LC7WFRAw0,0,0,0,0,
2885972c2d0943e6b697bdc5e72c1d4a,16200,344358,958,582,3068,https://www.youtube.com/watch?v=z-70dvSQYQo,803,566,3068,https://www.youtube.com/watch?v=z-70dvSQYQo,1307,1086,1307,https://www.youtube.com/watch?v=GbQYkQsn3PI,0,0,0,0,
ec183b10574a449f91e43ab216976a60,16200,1428998,2364,1335,5290,https://www.youtube.com/watch?v=JJF5oMq2l4M,1989,1335,3578,https://www.youtube.com/watch?v=qL1OGWDEpxA,3098,1577,5290,https://www.youtube.com/watch?v=JJF5oMq2l4M,1326,0,0,0,
a3f2963a57094502a10845075cdee88c,16000,7602121,12613,5670,218687,https://www.youtube.com/watch?v=qYpBlYU2KJE,8046,2245,13288,https://www.youtube.com/watch?v=8z-VMbf6Lwg,50257,32501,218687,https://www.youtube.com/watch?v=qYpBlYU2KJE,967,0,0,0,
221563b6b46245379c6dc6328c9d0447,15900,1180556,0,0,0,,0,0,0,,0,0,0,,0,0,0,0,
c4bc52355d334a98bdaa1e57c05673ad,15900,1232141,1362,831,2411,https://www.youtube.com/watch?v=ZGowO04EQVM,1402,832,2411,https://www.youtube.com/watch?v=ZGowO04EQVM,1254,707,1254,https://www.youtube.com/watch?v=jXbKfS1BjBw,0,0,0,0,
0471d5082a2e419786e141d6424c9150,15800,1793662,1688,810,46689,https://www.youtube.com/watch?v=j056sU5NDj8,1380,715,2375,https://www.youtube.com/watch?v=tQ2c9vc4Wfc,2324,1046,46689,https://www.youtube.com/watch?v=j056sU5NDj8,8433,1058,656,74161,https://www.twitch.tv/videos/2857380110
5db725f32b5e4e1380ad64110b88c91d,15700,5037626,420,295,1538,https://www.youtube.com/watch?v=oeuLDufM7pc,425,304,737,https://www.youtube.com/watch?v=JYxmQD_Te78,420,295,1538,https://www.youtube.com/watch?v=oeuLDufM7pc,1050,0,0,0,
5f8930a469f94b5cad116810f68a2614,15700,542103,2383,1280,8339,https://www.youtube.com/watch?v=L3m6fxSeTCg,2383,1280,8339,https://www.youtube.com/watch?v=L3m6fxSeTCg,0,0,0,,0,0,0,0,
656455380d524045b9f75d6082563f94,15700,1528467,461,267,1164,https://www.youtube.com/watch?v=yq7nLv3WER8,409,205,523,https://www.youtube.com/watch?v=EXViisGI5y8,1082,402,1164,https://www.youtube.com/watch?v=yq7nLv3WER8,663,0,0,0,
e93182ff3a954e0e92567136dc3659ed,15400,471134,482,272,704,https://www.youtube.com/watch?v=eGifNRfLrz8,482,272,704,https://www.youtube.com/watch?v=eGifNRfLrz8,0,0,0,,0,0,0,0,
77533b0fb2324e33bff67fbbf4daf13f,15400,3958588,682,280,1209,https://www.youtube.com/watch?v=JHwF0skvV9U,899,372,1209,https://www.youtube.com/watch?v=JHwF0skvV9U,604,181,727,https://www.youtube.com/watch?v=dxp_MVUQSPY,1468,5,4,7,https://www.twitch.tv/videos/2871298305
fd7a69505569429fb845ac056825f3a9,15400,1671230,353,205,1303,https://www.youtube.com/watch?v=fGjlL0v7H60,349,170,598,https://www.youtube.com/watch?v=Yspd2ATchEk,642,342,1303,https://www.youtube.com/watch?v=fGjlL0v7H60,0,0,0,0,
ee77ed51da394f02b72c33756b155eac,15200,591681,773,619,27538,https://www.youtube.com/watch?v=DZ2VzBvAEDg,768,619,1081,https://www.youtube.com/watch?v=fGRwhCCITp0,27538,16420,27538,https://www.youtube.com/watch?v=DZ2VzBvAEDg,791,0,0,0,
68820304b6164959806479d6c9dad127,15200,1201466,1327,749,4029,https://www.youtube.com/watch?v=LqEIXCQyJYg,1277,754,2317,https://www.youtube.com/watch?v=6VYfiYo61v0,2277,749,4029,https://www.youtube.com/watch?v=LqEIXCQyJYg,0,0,0,0,
15e4450f63904e50907dc93fee446fd2,15200,1373900,2016,888,6653,https://www.youtube.com/watch?v=IkblHqekN14,1399,792,2216,https://www.youtube.com/watch?v=HLCB-RSh3Us,2571,1574,6653,https://www.youtube.com/watch?v=IkblHqekN14,0,0,0,0,
0f595c5e48be4f29befb358388a61f8b,15100,1224508,0,0,0,,0,0,0,,0,0,0,,380,0,0,0,
17933ba43ccf4e3c85961523b77bd901,14900,460378,1291,780,2119,https://www.youtube.com/watch?v=fZ8Jmhnbdso,1102,780,1831,https://www.youtube.com/watch?v=VKppKUUjXhs,1705,1217,2119,https://www.youtube.com/watch?v=fZ8Jmhnbdso,1398,622,405,701,https://www.twitch.tv/videos/2865288268
2ee2acc29fac42c5b130558543cbdf00,14800,944032,1024,848,14651,https://www.youtube.com/watch?v=SehmifSLRis,958,843,2656,https://www.youtube.com/watch?v=eihAyqRQ16k,14651,10384,14651,https://www.youtube.com/watch?v=SehmifSLRis,889,32,25,37,https://www.twitch.tv/videos/2869515417
ac1ce1eeaffa4e58a8155c20d8f85ff3,14800,657086,965,698,3223,https://www.youtube.com/watch?v=qaP7LGzfMEo,965,698,3223,https://www.youtube.com/watch?v=qaP7LGzfMEo,1139,539,1715,https://www.youtube.com/watch?v=xMuaP-UHjh4,5526,0,0,0,
d5c19a6328af48ba88bf41b2dd757f14,14600,739426,751,498,1709,https://www.youtube.com/watch?v=2Zkcb5RsQI8,569,339,783,https://www.youtube.com/watch?v=b9fUxfuBSec,1330,658,1709,https://www.youtube.com/watch?v=2Zkcb5RsQI8,0,0,0,0,
7c5232b16a1d44498677ed33e72bd8c6,14600,637034,1288,637,4695,https://www.youtube.com/watch?v=jOGfaPfqOFI,1232,701,4695,https://www.youtube.com/watch?v=jOGfaPfqOFI,2515,573,2920,https://www.youtube.com/watch?v=5eaLqohQ3y0,0,0,0,0,
6a30fc9ee6f24d839198497406c63cc1,14600,2109558,415,191,4771,https://www.youtube.com/watch?v=JgW9GQNh6JI,218,166,235,https://www.youtube.com/watch?v=o61mpO_thmw,694,196,4771,https://www.youtube.com/watch?v=JgW9GQNh6JI,512,0,0,0,
b5561ece0c9b4f4a8fccdd3b36ee3260,14600,930238,573,210,2758,https://www.youtube.com/watch?v=hZE-kg2ndjI,524,169,2758,https://www.youtube.com/watch?v=hZE-kg2ndjI,1623,798,2196,https://www.youtube.com/watch?v=d9957XRgIRE,0,0,0,0,
03762df738044b09a1e216949158c8a4,14500,251989,0,0,0,,0,0,0,,0,0,0,,2471,247,173,247,https://www.twitch.tv/videos/2867798195
8fae79a84cd049fd8a2ea50528a75e2b,14400,941586,53753,20045,66308,https://www.youtube.com/watch?v=jgrWQMLuZeo,0,0,0,,53753,20045,66308,https://www.youtube.com/watch?v=jgrWQMLuZeo,10571,5277,3515,5557,https://www.twitch.tv/videos/2865856547
44af52f7f6aa487e850b3d261947205b,14300,2082407,425,289,2664,https://www.youtube.com/watch?v=stzTsxj98kQ,381,234,2664,https://www.youtube.com/watch?v=stzTsxj98kQ,1529,660,1776,https://www.youtube.com/watch?v=n1l64mKiQHM,202,0,0,0,
bf197e3d2cd6400db5f7e397427965e5,14300,422373,299,172,1438,https://www.youtube.com/watch?v=oSwzZHd3hyY,299,172,1438,https://www.youtube.com/watch?v=oSwzZHd3hyY,0,0,0,,271,0,0,0,
a51be890a1f443ea87bee45c9d8acf13,14300,977130,2622,347,2622,https://www.youtube.com/watch?v=-BmJ00QqFMQ,0,0,0,,2622,347,2622,https://www.youtube.com/watch?v=-BmJ00QqFMQ,19882,5430,2042,8811,https://www.twitch.tv/videos/2861272273
633c7350aca946428e98228660ee73e2,14200,770839,1313,670,2713,https://www.youtube.com/watch?v=B9KceQ5vbXM,1163,640,2380,https://www.youtube.com/watch?v=0GN-gvevrDw,1990,816,2713,https://www.youtube.com/watch?v=B9KceQ5vbXM,0,0,0,0,
3d46fb16bc2c48fb8f12a647cf5ec702,14100,1244072,955,415,5992,https://www.youtube.com/watch?v=nia0XR7fQwg,1062,372,5992,https://www.youtube.com/watch?v=nia0XR7fQwg,858,495,923,https://www.youtube.com/watch?v=8KyxInrQzWo,0,0,0,0,
2d57d202ef8e46a5871302b944309bc2,14000,1279663,33,13,33,https://www.youtube.com/watch?v=WrkYcGBqOqk,33,13,33,https://www.youtube.com/watch?v=WrkYcGBqOqk,0,0,0,,0,0,0,0,
22a1949143784185ae001c31a717b5bc,14000,8359573,40619,15750,753784,https://www.youtube.com/watch?v=TKbFFkyUHKU,1336,616,25616,https://www.youtube.com/watch?v=u3-JDgpVPB4,47521,20926,753784,https://www.youtube.com/watch?v=TKbFFkyUHKU,0,0,0,0,
20aa88e16d77400b9bc4e72df1b2a588,14000,508785,1186,578,3286,https://www.youtube.com/watch?v=KLLPmlO0pv4,1151,628,3286,https://www.youtube.com/watch?v=KLLPmlO0pv4,1344,409,2275,https://www.youtube.com/watch?v=CNhmntvoMhU,0,0,0,0,
4d8babea181e44df9855f3aafc06eb2c,14000,957494,552,281,3753,https://www.youtube.com/watch?v=Y8ZmcMPwGCU,567,356,3753,https://www.youtube.com/watch?v=Y8ZmcMPwGCU,291,281,1378,https://www.youtube.com/watch?v=M-8YTan44fk,0,0,0,0,
0448e6929687421c9e0435832765b9fe,13900,362209,1170,534,1831,https://www.youtube.com/watch?v=Lw8FIg4v-do,899,534,1213,https://www.youtube.com/watch?v=8hj60TAFGXo,1668,846,1831,https://www.youtube.com/watch?v=Lw8FIg4v-do,3074,403,309,470,https://www.twitch.tv/videos/2866681533
8195d69546e3466c95f9d35ccb7c6c35,13900,1419172,1030,517,2228,https://www.youtube.com/watch?v=-_OUgg9urA0,1030,635,2228,https://www.youtube.com/watch?v=-_OUgg9urA0,1380,473,2223,https://www.youtube.com/watch?v=T2sqji8WQ7g,0,0,0,0,
788611c913b04d999011628637657bee,13900,1791737,1775,1085,11619,https://www.youtube.com/watch?v=yV5C1pMY0kA,1244,792,11619,https://www.youtube.com/watch?v=yV5C1pMY0kA,2292,1668,3585,https://www.youtube.com/watch?v=0HJ50chjTM0,2707,1259,794,1704,https://www.twitch.tv/videos/2870050184
1a1942f52ea74121923497e7e0cfd6a5,13800,673767,0,0,0,,0,0,0,,0,0,0,,0,0,0,0,
4571c7a211b945f3b608c0066f7e73e4,13800,3529650,1039,561,19486,https://www.youtube.com/watch?v=0FZEAdAblzk,1039,561,3004,https://www.youtube.com/watch?v=tSlPk7Mfblw,9991,2835,19486,https://www.youtube.com/watch?v=0FZEAdAblzk,821,0,0,0,
1a520f3d2665454f985490e42467ae27,13700,552906,810,559,2463,https://www.youtube.com/watch?v=MrZCMfUoyJM,867,659,2463,https://www.youtube.com/watch?v=MrZCMfUoyJM,205,66,205,https://www.youtube.com/watch?v=DcdLpCmlOIM,0,0,0,0,
7ef2dc851df94f5aa7f632c736b4307e,13700,480496,368,250,585,https://www.youtube.com/watch?v=VS9mKT4cT3g,368,250,585,https://www.youtube.com/watch?v=VS9mKT4cT3g,0,0,0,,650,0,0,0,
ad2a1148ff4747229694f9aa2c3645d9,13700,1084701,1085,509,1506,https://www.youtube.com/watch?v=ptawvGOpIWg,0,0,0,,1085,509,1506,https://www.youtube.com/watch?v=ptawvGOpIWg,0,0,0,0,
a8d11ac027d842c598de50529e797547,13600,518356,4946,3840,56430,https://www.youtube.com/watch?v=UebAabGtU3k,4359,845,11998,https://www.youtube.com/watch?v=pMNZprAMclg,5492,4230,56430,https://www.youtube.com/watch?v=UebAabGtU3k,20721,5893,1958,7221,https://www.twitch.tv/videos/2856079198
5d2231ea88fd474d8a11e5a759899216,13600,3669871,952,390,3984,https://www.youtube.com/watch?v=1aEwtGejFCc,863,395,3984,https://www.youtube.com/watch?v=1aEwtGejFCc,2591,355,3073,https://www.youtube.com/watch?v=EU5Il5hnagI,215,0,0,0,
abc7acc71b474ebebecfde51ad5f88e1,13600,549878,943,320,943,https://www.youtube.com/watch?v=ex9dU4AmJio,943,320,943,https://www.youtube.com/watch?v=ex9dU4AmJio,0,0,0,,1616,0,0,0,
cad7f93653b54779932a6809a5f3a769,13500,390820,606,341,2969,https://www.youtube.com/watch?v=G8CzwtmzMRo,606,370,2969,https://www.youtube.com/watch?v=G8CzwtmzMRo,622,273,751,https://www.youtube.com/watch?v=AkkjrDqzy4E,1339,454,241,522,https://www.twitch.tv/videos/2869419913
1eec022f916a46b58f5124936afdabe3,13500,393565,879,372,1630,https://www.youtube.com/watch?v=zAcsE18Aj3Q,1003,456,1383,https://www.youtube.com/watch?v=kOih4JOqlTo,558,251,1630,https://www.youtube.com/watch?v=zAcsE18Aj3Q,0,0,0,0,
00d3ddb7b65247eaa16473cfd1376723,13400,1139761,1956,254,3391,https://www.youtube.com/watch?v=5Ls80JWgcEo,1876,794,2790,https://www.youtube.com/watch?v=7QOQurnAszw,1956,170,3391,https://www.youtube.com/watch?v=5Ls80JWgcEo,1123,0,0,0,
70b86c53cafa43b49e2782fe4e4bbd6c,13200,1042120,751,485,2878,https://www.youtube.com/watch?v=pQ-xwihTH4k,683,485,2878,https://www.youtube.com/watch?v=pQ-xwihTH4k,1235,803,2107,https://www.youtube.com/watch?v=kI8PXZZ8Exw,0,0,0,0,
5ee3c46f62cf4b34accc313fb437581b,13200,169858,953,595,984,https://www.youtube.com/watch?v=6TWsp2QYWHU,953,595,984,https://www.youtube.com/watch?v=6TWsp2QYWHU,0,0,0,,0,0,0,0,
0ab147ded84b484eac14de7a46c9cf4e,13100,716590,423,258,6643,https://www.youtube.com/watch?v=oJCs3iF5uAc,423,258,6643,https://www.youtube.com/watch?v=oJCs3iF5uAc,0,0,0,,0,0,0,0,
390346240f4748bd9d81e472411c20c2,13100,325819,1464,1174,1464,https://www.youtube.com/watch?v=jAOJ2niK1xU,1464,1174,1464,https://www.youtube.com/watch?v=jAOJ2niK1xU,0,0,0,,3637,387,298,387,https://www.twitch.tv/videos/2869582983
5fbcb045887b4a87878773dbf5f63e26,13000,450356,813,408,6078,https://www.youtube.com/watch?v=9NT79MjL07Q,832,454,6078,https://www.youtube.com/watch?v=9NT79MjL07Q,778,327,1529,https://www.youtube.com/watch?v=mcc-pkNxmLI,1531,1272,873,1482,https://www.twitch.tv/videos/2864694566
0628f4d0fcbd4f0a980b64b3b1deeb74,13000,564774,760,416,79186,https://www.youtube.com/watch?v=9_nwd2BUejY,688,324,1462,https://www.youtube.com/watch?v=9JOieGjx8lw,2169,1060,79186,https://www.youtube.com/watch?v=9_nwd2BUejY,0,0,0,0,
2a3824dd5c0a46f597b27dd183283aea,12900,6816237,1131,617,30065,https://www.youtube.com/watch?v=irQp4KDXTE8,596,353,3996,https://www.youtube.com/watch?v=dCp2kJ_jjJo,21435,12881,30065,https://www.youtube.com/watch?v=irQp4KDXTE8,0,0,0,0,
3a8f78d98fd344cb9d32358e5c96eace,12900,637580,1371,911,3425,https://www.youtube.com/watch?v=0K4Bu0L0Tu0,1504,914,3425,https://www.youtube.com/watch?v=0K4Bu0L0Tu0,328,293,328,https://www.youtube.com/watch?v=wdOVh6cfutk,5895,101,81,101,https://www.twitch.tv/videos/2870356798
a168211aa3dd451cb33e09b80df0ea0a,12900,404213,210,108,852,https://www.youtube.com/watch?v=7o83ZOBqwQI,220,116,538,https://www.youtube.com/watch?v=UfGB6eIzu4k,198,105,852,https://www.youtube.com/watch?v=7o83ZOBqwQI,554,0,0,0,
3005ff0c09064d7f924c506e1e9c18ba,12800,541427,10215,5093,10215,https://www.youtube.com/watch?v=7FxNfD2NLvM,0,0,0,,10215,5093,10215,https://www.youtube.com/watch?v=7FxNfD2NLvM,23072,3239,1365,4432,https://www.twitch.tv/videos/2850458978
15cbed02d2f74630b04b73515909c1f4,12700,457097,529,219,529,https://www.youtube.com/watch?v=KugkweEUVBo,529,219,529,https://www.youtube.com/watch?v=KugkweEUVBo,0,0,0,,2452,0,0,0,
341ca5efce084743977d3b74315a30ab,12700,768055,1109,758,14834,https://www.youtube.com/watch?v=BYmLw0KOb9o,1025,409,1753,https://www.youtube.com/watch?v=JlgpcPoQt6o,4357,1874,14834,https://www.youtube.com/watch?v=BYmLw0KOb9o,1651,363,240,383,https://www.twitch.tv/videos/2864946512
976e0cf401784d3f874dc85b2b2c5839,12600,1285873,1088,669,5089,https://www.youtube.com/watch?v=LwhB_oL2sDo,1088,669,5089,https://www.youtube.com/watch?v=LwhB_oL2sDo,0,0,0,,3026,0,0,0,
2717397c3d824350ace8ed9b6ba2f08f,12400,1309369,3826,1892,32904,https://www.youtube.com/watch?v=VgVGFaQCsdc,3650,1848,7530,https://www.youtube.com/watch?v=LnfBTTwEAWs,7254,1937,32904,https://www.youtube.com/watch?v=VgVGFaQCsdc,0,0,0,0,
a1608f0690584f07bf7aaf84ed9e4d8f,12400,348174,502,241,4488,https://www.youtube.com/watch?v=CVZFCjN8EQc,449,262,1017,https://www.youtube.com/watch?v=ACiw2vd6Ygw,603,220,4488,https://www.youtube.com/watch?v=CVZFCjN8EQc,0,0,0,0,
703ae2c7ccc9431382a5b0f2c35e6ec1,12400,847679,1380,1138,1380,https://www.youtube.com/watch?v=kXbQE0f7N8U,1380,1138,1380,https://www.youtube.com/watch?v=kXbQE0f7N8U,0,0,0,,0,0,0,0,
93a4d479e67242d58d3ff80307d3bc84,12300,470889,897,435,1340,https://www.youtube.com/watch?v=n3IcynmwJ2Q,912,448,1165,https://www.youtube.com/watch?v=0QmpJwDnRso,882,423,1340,https://www.youtube.com/watch?v=n3IcynmwJ2Q,224,77,55,94,https://www.twitch.tv/videos/2870937545
0c09a69445864b44adbba11b487f9b1a,12300,783612,976,552,1303,https://www.youtube.com/watch?v=6JoIPOJokf0,0,0,0,,976,552,1303,https://www.youtube.com/watch?v=6JoIPOJokf0,808,0,0,0,
702c28baa35c4b7588ad4fa70ddc2304,12300,741189,1673,939,19733,https://www.youtube.com/watch?v=c6uh1QrHWjA,839,464,1434,https://www.youtube.com/watch?v=xZNCg9NUN9c,14132,3765,19733,https://www.youtube.com/watch?v=c6uh1QrHWjA,0,0,0,0,
316dd044dc644c4cac9e140dcba5d210,12300,985865,224,139,3796,https://www.youtube.com/watch?v=WOuYM-hxwjI,222,136,441,https://www.youtube.com/watch?v=Avns-acRGcw,1066,267,3796,https://www.youtube.com/watch?v=WOuYM-hxwjI,2444,360,212,1077,https://www.twitch.tv/videos/2861228274
c4470a1419984fb8aec0851f225b177a,12300,728507,340,138,441,https://www.youtube.com/watch?v=1-7MH5wrsQ4,390,261,441,https://www.youtube.com/watch?v=1-7MH5wrsQ4,187,124,187,https://www.youtube.com/watch?v=atxMhaouKYE,0,0,0,0,
9012b1827e8141bd9d56d1a04b2f7ad1,12300,891316,1003,641,2224,https://www.youtube.com/watch?v=ffHKTpX4L2U,998,543,2224,https://www.youtube.com/watch?v=ffHKTpX4L2U,1743,731,1868,https://www.youtube.com/watch?v=Bj9hzWJsXAg,0,0,0,0,
a2e67b720e754c16bd739bcf9a95e396,12200,1004975,886,505,10324,https://www.youtube.com/watch?v=Izsn3UgdSYI,633,329,1306,https://www.youtube.com/watch?v=M97qzqPvhGY,2904,1057,10324,https://www.youtube.com/watch?v=Izsn3UgdSYI,0,0,0,0,
675071ddbd4844119d341bbfd6a0ee2a,12200,462231,394,171,1121,https://www.youtube.com/watch?v=2JKh6VjO1Lw,408,194,1121,https://www.youtube.com/watch?v=2JKh6VjO1Lw,291,147,357,https://www.youtube.com/watch?v=UYwihqsQ1_c,0,0,0,0,
8faff7aecb9d4e12917ea0144696e2de,12200,555657,1313,998,3488,https://www.youtube.com/watch?v=rr3aW61-Scs,1313,998,3488,https://www.youtube.com/watch?v=rr3aW61-Scs,0,0,0,,1007,165,121,330,https://www.twitch.tv/videos/2867663213
126103200de947a7a3c2ac3971eef633,12100,248735,0,0,0,,0,0,0,,0,0,0,,0,0,0,0,
78c188fcd01a4ba382fb153ec86a7367,12100,1255951,926,456,1769,https://www.youtube.com/watch?v=CF8zh9jyaZk,698,190,1769,https://www.youtube.com/watch?v=CF8zh9jyaZk,1327,575,1490,https://www.youtube.com/watch?v=dqK1Om_chTw,0,0,0,0,
b1939ca67a3c43cf8a6a0a9a88137419,12100,271573,683,233,925,https://www.youtube.com/watch?v=lAbYyGsEUZQ,683,233,925,https://www.youtube.com/watch?v=lAbYyGsEUZQ,0,0,0,,0,0,0,0,
7cbd1f537c3d4e67b38b9f9e31cb93d6,12100,295742,542,104,764,https://www.youtube.com/watch?v=yW6816f5kmU,542,104,764,https://www.youtube.com/watch?v=yW6816f5kmU,0,0,0,,3615,770,386,1164,https://www.twitch.tv/videos/2874626039
b57162e62056494d85f1743abdbad648,12000,652980,0,0,0,,0,0,0,,0,0,0,,307,0,0,0,
82e63a8d4ae14beab89e13b43b35fce3,12000,343879,615,465,1176,https://www.youtube.com/watch?v=XCskm8DizFM,615,465,1176,https://www.youtube.com/watch?v=XCskm8DizFM,0,0,0,,0,0,0,0,
a5f7302f9f1a4fcdb2471c4bc52a05fb,12000,990386,1616,1103,6057,https://www.youtube.com/watch?v=MzzgJcSIHCk,1616,1164,5394,https://www.youtube.com/watch?v=8qfexbL7aT4,1339,651,6057,https://www.youtube.com/watch?v=MzzgJcSIHCk,0,0,0,0,
d2c76258b7ff45ee88e3585c4c9ed0c1,12000,392640,0,0,0,,0,0,0,,0,0,0,,3771,0,0,0,
ab5709b7d3074c6db2a57995d5b1c328,11900,1244766,1158,522,3689,https://www.youtube.com/watch?v=alOVzkTYp2c,1133,599,3689,https://www.youtube.com/watch?v=alOVzkTYp2c,2032,400,2564,https://www.youtube.com/watch?v=pJLaE45uNM0,0,0,0,0,
60ae2b3fd2254689bb65c216a0a09605,11900,0,0,0,0,,0,0,0,,0,0,0,,0,0,0,0,
774342c826924ecfb8b13a2bc27e3b81,11900,2683551,252,130,442,https://www.youtube.com/watch?v=J_euogsbc_8,305,130,442,https://www.youtube.com/watch?v=J_euogsbc_8,197,79,227,https://www.youtube.com/watch?v=IQjqv_xqx8M,0,0,0,0,
696e947cd8624e609553d6786d21f11c,11900,464840,1081,435,2343,https://www.youtube.com/watch?v=Bge1wtonrcU,621,259,1057,https://www.youtube.com/watch?v=1Jy-Vcyt33I,1410,600,2343,https://www.youtube.com/watch?v=Bge1wtonrcU,0,0,0,0,
6559d42f66684b8f80b4cd4589addd85,11900,814951,355,179,2614,https://www.youtube.com/watch?v=sO7sTpkzkkQ,586,363,2614,https://www.youtube.com/watch?v=sO7sTpkzkkQ,214,100,355,https://www.youtube.com/watch?v=o-mCj3Knv2E,3681,70,55,130,https://www.twitch.tv/videos/2873219562
72cc5bf1729245618e1f10da0b796d53,11800,512397,710,512,1847,https://www.youtube.com/watch?v=g_xIVLD4ZD8,678,485,1279,https://www.youtube.com/watch?v=2yEV8c54ECY,1183,618,1847,https://www.youtube.com/watch?v=g_xIVLD4ZD8,1475,0,0,0,
5f0afd7885894861925e7030c096297e,11800,619563,1219,855,2551,https://www.youtube.com/watch?v=HbO0XYASf7M,1219,855,2551,https://www.youtube.com/watch?v=HbO0XYASf7M,0,0,0,,0,0,0,0,
5fc94cdcf7594a3ba5ce001ba405d3be,11800,830590,1084,568,4869,https://www.youtube.com/watch?v=ykepUeHycLo,1084,568,4869,https://www.youtube.com/watch?v=ykepUeHycLo,0,0,0,,1947,0,0,0,
4558095012964943921cd8a376a192fd,11800,176816,1950,779,4184,https://www.youtube.com/watch?v=2nxmeA8aM9g,960,744,1629,https://www.youtube.com/watch?v=s7AVTo9KLdA,2193,1417,4184,https://www.youtube.com/watch?v=2nxmeA8aM9g,6477,900,415,1629,https://www.twitch.tv/videos/2855152994
fbced2373c5a48f6abee998296f20617,11700,1437,0,0,0,,0,0,0,,0,0,0,,0,0,0,0,
512e1f38a37942cc8b7cb8aed597a810,11600,739233,790,341,1785,https://www.youtube.com/watch?v=O5yjuqwmf20,790,341,1785,https://www.youtube.com/watch?v=O5yjuqwmf20,0,0,0,,0,0,0,0,
d9e5219a4cd84ac59bc35faa94729f01,11500,768573,458,285,5942,https://www.youtube.com/watch?v=kTTMjMxBw6o,253,132,1350,https://www.youtube.com/watch?v=WAy3-SH95-Y,1590,791,5942,https://www.youtube.com/watch?v=kTTMjMxBw6o,9130,251,177,405,https://www.twitch.tv/videos/2871981080
446d4bc526a4477eb6a72ae186e9d538,11400,412389,1108,545,2566,https://www.youtube.com/watch?v=GttV6WIDO3M,669,319,2566,https://www.youtube.com/watch?v=GttV6WIDO3M,1548,771,1548,https://www.youtube.com/watch?v=Pmy90qwgKAo,0,0,0,0,
4bfaeda5b1f242959a992d6ad8b8a036,11300,351117,353,209,2377,https://www.youtube.com/watch?v=vVVfW8qrpP4,353,209,465,https://www.youtube.com/watch?v=jcbySVAO8a0,1293,1016,2377,https://www.youtube.com/watch?v=vVVfW8qrpP4,467,0,0,0,
51cd04cab0de47d4b2b5a156bbe2dfb0,11300,464834,362,208,546,https://www.youtube.com/watch?v=ZcHfFrAx8ow,362,208,546,https://www.youtube.com/watch?v=ZcHfFrAx8ow,0,0,0,,0,0,0,0,
e11a32eec71e4b49aba5525ba012a02a,11300,504885,572,279,2013,https://www.youtube.com/watch?v=7RcHFeZDfIc,663,341,2013,https://www.youtube.com/watch?v=7RcHFeZDfIc,405,279,405,https://www.youtube.com/watch?v=5qTPfDhr5xY,248,0,0,0,
8bc70fad02c8432d99056ebd5a8e2ae5,11200,316019,1803,828,4157,https://www.youtube.com/watch?v=ue0WaXmGTQ4,1682,920,3558,https://www.youtube.com/watch?v=5oxJ3HTWMyA,2777,607,4157,https://www.youtube.com/watch?v=ue0WaXmGTQ4,0,0,0,0,
209a528363cd411886ec9e5d086ff1bc,11200,1436865,3023,1466,6067,https://www.youtube.com/watch?v=drLz--0Xehk,3156,1761,6067,https://www.youtube.com/watch?v=drLz--0Xehk,796,313,1303,https://www.youtube.com/watch?v=hbDAx9NCldo,767,0,0,0,
319383cd0cd4438990dbb916862cdbfc,11200,781144,603,353,7796,https://www.youtube.com/watch?v=SjyxqSImpVc,580,353,873,https://www.youtube.com/watch?v=OA2ITM_xE0U,3298,647,7796,https://www.youtube.com/watch?v=SjyxqSImpVc,0,0,0,0,
e949052e4ee24ecd8b352a68f6bf51e1,11200,436914,1083,474,5455,https://www.youtube.com/watch?v=mIS74-E7XDg,970,474,1475,https://www.youtube.com/watch?v=LObrdur0U0s,3563,699,5455,https://www.youtube.com/watch?v=mIS74-E7XDg,2157,287,194,399,https://www.twitch.tv/videos/2863260260
f2dc08b1c55843d9a3d1e0461ebf57c1,11100,573641,1144,796,1455,https://www.youtube.com/watch?v=etwG1RD_2Ks,834,296,834,https://www.youtube.com/watch?v=N7M3s9_sTJk,1455,1297,1455,https://www.youtube.com/watch?v=etwG1RD_2Ks,0,0,0,0,
43864254e678407fae3dc899f7155912,11100,521008,481,302,815,https://www.youtube.com/watch?v=JpQeSeLfl70,481,302,815,https://www.youtube.com/watch?v=JpQeSeLfl70,0,0,0,,0,0,0,0,
175cfc69dbb34f1a8987f24a935db17f,11100,614622,835,419,2051,https://www.youtube.com/watch?v=IvRtr01e0bA,817,444,2051,https://www.youtube.com/watch?v=IvRtr01e0bA,889,146,889,https://www.youtube.com/watch?v=W0cTAv7Vloo,0,0,0,0,
824bd7df6923453292dec9ff3e3f664a,11100,587817,1031,404,1653,https://www.youtube.com/watch?v=HNujyJuABTg,453,269,1036,https://www.youtube.com/watch?v=FmchTFxkoD0,1106,477,1653,https://www.youtube.com/watch?v=HNujyJuABTg,661,0,0,0,
b4bf821f6a6a440996f4fd9cddaf250b,11100,573525,712,223,1829,https://www.youtube.com/watch?v=EcmZ2jE4Vtc,383,223,738,https://www.youtube.com/watch?v=c7L-6spb8J4,907,405,1829,https://www.youtube.com/watch?v=EcmZ2jE4Vtc,143,0,0,0,
63a55bc5320e4f148ed0abd7991b0e01,11000,1041460,1012,360,1880,https://www.youtube.com/watch?v=JeOCTjAST_4,508,264,829,https://www.youtube.com/watch?v=yzwURrWtETo,1376,713,1880,https://www.youtube.com/watch?v=JeOCTjAST_4,8365,1011,378,1779,https://www.twitch.tv/videos/2849288760
84944da407dc4de9896c7b763132908c,11000,721384,572,331,5989,https://www.youtube.com/watch?v=yySsGuQFnN4,542,255,1590,https://www.youtube.com/watch?v=BXdeaQqJXPM,1876,1054,5989,https://www.youtube.com/watch?v=yySsGuQFnN4,0,0,0,0,
836f66b079c4466db64a8b3bc9295450,11000,376546,1025,403,1554,https://www.youtube.com/watch?v=lV_7FFQilRU,461,403,461,https://www.youtube.com/watch?v=bQIYVLbq8Gc,1101,501,1554,https://www.youtube.com/watch?v=lV_7FFQilRU,0,0,0,0,
350516d81d0944fd8dde463cbd4fd279,11000,1205111,4273,773,20587,https://www.youtube.com/watch?v=Stol8ljVqHU,572,479,572,https://www.youtube.com/watch?v=nNevodgAz5w,5986,784,20587,https://www.youtube.com/watch?v=Stol8ljVqHU,0,0,0,0,
99e291fd358849b8877df76fba0a672e,11000,702003,0,0,0,,0,0,0,,0,0,0,,0,0,0,0,
a31f3ab4cad841018b196b4de8186823,11000,949502,1141,413,1833,https://www.youtube.com/watch?v=bG2rzpVOAZg,690,390,1792,https://www.youtube.com/watch?v=-pRf2VLldqQ,1274,696,1833,https://www.youtube.com/watch?v=bG2rzpVOAZg,0,0,0,0,
6885bffce2184355bed557901e079522,10900,455027,2273,876,8620,https://www.youtube.com/watch?v=fnj3K8HWiSE,3090,1352,8620,https://www.youtube.com/watch?v=fnj3K8HWiSE,1008,564,1078,https://www.youtube.com/watch?v=xoSYE1BlVtA,527,0,0,0,
c163cb7f683c453fa8a994ebbb09ede8,10900,480991,1834,278,3046,https://www.youtube.com/watch?v=cUskryKN6RI,280,151,286,https://www.youtube.com/watch?v=Oah_HqLzWR4,2053,1244,3046,https://www.youtube.com/watch?v=cUskryKN6RI,3335,271,214,369,https://www.twitch.tv/videos/2873796093
e04cb802f3c949bc8300c4125078f738,10900,311345,631,317,1780,https://www.youtube.com/watch?v=jHJ_6_-OPCg,546,237,1780,https://www.youtube.com/watch?v=jHJ_6_-OPCg,991,441,1665,https://www.youtube.com/watch?v=I0y-txSKpMI,0,0,0,0,
335ebb05456849c2964629dc7157860e,10900,366996,602,410,18894,https://www.youtube.com/watch?v=_v0lTT9RiIU,498,283,1491,https://www.youtube.com/watch?v=BIaDZZLHsUg,1860,1180,18894,https://www.youtube.com/watch?v=_v0lTT9RiIU,463,153,123,329,https://www.twitch.tv/videos/2874644984
4b53aa789e544bd9aaecc9fbc79e4bbe,10900,891787,598,265,865,https://www.youtube.com/watch?v=WGx7yyNHc20,598,265,865,https://www.youtube.com/watch?v=WGx7yyNHc20,0,0,0,,0,0,0,0,
ed28c754bb704dbf8a296f7008c2b5e4,10900,115224,0,0,0,,0,0,0,,0,0,0,,993,0,0,0,
b165ca888a7d4f61b754ac53ca374f11,10800,712753,0,0,0,,0,0,0,,0,0,0,,0,0,0,0,
89742766181f469b807f397325a2a6bf,10800,241655,164,110,242,https://www.youtube.com/watch?v=nuJxpqBsOE4,164,110,242,https://www.youtube.com/watch?v=nuJxpqBsOE4,0,0,0,,371,0,0,0,
c518b228a5a849179ab26f28d230036e,10800,134666,0,0,0,,0,0,0,,0,0,0,,0,0,0,0,
2ff93e20894245d49004276e3b51e64f,10800,635729,962,380,2143,https://www.youtube.com/watch?v=MbwggkeyuAI,814,185,1832,https://www.youtube.com/watch?v=X9MhzQJtDRs,1888,623,2143,https://www.youtube.com/watch?v=MbwggkeyuAI,0,0,0,0,
645fc774332a469ebd03f1a822ebe2be,10800,971307,1261,645,2217,https://www.youtube.com/watch?v=0J3uN6JdTSI,974,617,2217,https://www.youtube.com/watch?v=0J3uN6JdTSI,1327,825,2061,https://www.youtube.com/watch?v=FaPTHRAUgCc,0,0,0,0,
75d0bd5fa58a4a5fb479e3b2ebae82a7,10800,453762,393,207,783,https://www.youtube.com/watch?v=gJmsle6d7SA,393,207,783,https://www.youtube.com/watch?v=gJmsle6d7SA,0,0,0,,0,0,0,0,
7a88afc5eb644d76b35ed4ca968259bb,10800,843832,12394,9082,18499,https://www.youtube.com/watch?v=EBPHOL7MvZk,8372,7657,9882,https://www.youtube.com/watch?v=vyYDUen3N-k,16702,9574,18499,https://www.youtube.com/watch?v=EBPHOL7MvZk,21359,3805,2563,5085,https://www.twitch.tv/videos/2874833530
95e5788cabf340e397e2726def426229,10700,569206,691,348,1798,https://www.youtube.com/watch?v=tcoqldXIUms,590,332,1327,https://www.youtube.com/watch?v=pMfUtt4PeSo,1478,390,1798,https://www.youtube.com/watch?v=tcoqldXIUms,0,0,0,0,
27c0252056e84aa28da6dcebb8e86e85,10700,768124,558,294,2204,https://www.youtube.com/watch?v=R_H3JXgdp5g,558,294,2204,https://www.youtube.com/watch?v=R_H3JXgdp5g,0,0,0,,7858,0,0,0,
3e269031fb4b45aaa0906ca424190ce2,10700,586378,1585,299,1688,https://www.youtube.com/watch?v=jLbpivzy_S8,0,0,0,,1585,299,1688,https://www.youtube.com/watch?v=jLbpivzy_S8,11454,1389,684,3384,https://www.twitch.tv/videos/2857574401
8dd4a8b4598e483e9112b2b1a9466013,10500,2873655,370,199,7355,https://www.youtube.com/watch?v=P7iXQLVCH50,363,177,719,https://www.youtube.com/watch?v=w0eVNF-IWRA,5315,3976,7355,https://www.youtube.com/watch?v=P7iXQLVCH50,273,0,0,0,
0715c3b900ad423fa1b981cf4fc15c8f,10500,432995,260,166,1053,https://www.youtube.com/watch?v=rlumAsQiiLU,260,166,1053,https://www.youtube.com/watch?v=rlumAsQiiLU,0,0,0,,0,0,0,0,
068503b08362450b9339a0b6cc6eb3f0,10500,316871,1159,634,143831,https://www.youtube.com/watch?v=Ms1rKj-s25M,1043,606,2831,https://www.youtube.com/watch?v=o95MfnVnc9s,1449,673,143831,https://www.youtube.com/watch?v=Ms1rKj-s25M,0,0,0,0,
6eec62ae2c9849de8ca895cef44ec952,10400,591877,696,385,1416,https://www.youtube.com/watch?v=RumDS2Xh-VE,463,349,1416,https://www.youtube.com/watch?v=RumDS2Xh-VE,1128,568,1276,https://www.youtube.com/watch?v=3mfl306_10c,1122,0,0,0,
b7f222493f4d4bd1be65f1c08300b45e,10400,473003,428,196,1760,https://www.youtube.com/watch?v=hqLiqb7vcec,380,196,799,https://www.youtube.com/watch?v=aW9rRjJlVNE,1116,252,1760,https://www.youtube.com/watch?v=hqLiqb7vcec,0,0,0,0,
93785f5e8b614be98bf8e096f5b1f997,10400,438362,161,46,1795,https://www.youtube.com/watch?v=pQZdW49Wo5Y,730,405,1100,https://www.youtube.com/watch?v=EE8IAhmTG4Q,132,35,1795,https://www.youtube.com/watch?v=pQZdW49Wo5Y,0,0,0,0,
191998e9f0ec4d67a19da194af311636,10300,181652,395,172,674,https://www.youtube.com/watch?v=Ni8W0vQCZSI,395,172,674,https://www.youtube.com/watch?v=Ni8W0vQCZSI,0,0,0,,0,0,0,0,
80dda735a7784d7fb999892874a05f0c,10300,570866,1246,473,2016,https://www.youtube.com/watch?v=tDxVs6B0MaU,339,95,339,https://www.youtube.com/watch?v=x2wgpP3FvII,1321,481,2016,https://www.youtube.com/watch?v=tDxVs6B0MaU,4291,0,0,0,
e0cd8e719dc64b5f9c171736bbaff6f7,10200,1397861,1173,828,1611,https://www.youtube.com/watch?v=NVPR84d6kEA,1078,584,1268,https://www.youtube.com/watch?v=kxOfGDPzUsI,1611,1561,1611,https://www.youtube.com/watch?v=NVPR84d6kEA,0,0,0,0,
9b33b75521bd43bca3346790ac65559c,10200,3610604,1247,333,3631,https://www.youtube.com/watch?v=yA_oE7X64nI,400,215,1501,https://www.youtube.com/watch?v=W0e-IblveBc,1626,797,3631,https://www.youtube.com/watch?v=yA_oE7X64nI,9021,478,226,979,https://www.twitch.tv/videos/2854125835
123c79d3170e451eae2f0cc3543621f3,10200,347187,716,685,1556,https://www.youtube.com/watch?v=gmwwZvSmZHc,716,685,1556,https://www.youtube.com/watch?v=gmwwZvSmZHc,0,0,0,,0,0,0,0,
a052e4ff345b41919ab0f13a5b10ff02,10200,530747,1034,470,1533,https://www.youtube.com/watch?v=kQWAXnuTXmE,1034,470,1179,https://www.youtube.com/watch?v=EquAlwtabrI,830,557,1533,https://www.youtube.com/watch?v=kQWAXnuTXmE,2084,0,0,0,
a9faef4b712b4649ba60c7e8e262175a,10200,89633,602,278,602,https://www.youtube.com/watch?v=20bqCFVz-pU,0,0,0,,602,278,602,https://www.youtube.com/watch?v=20bqCFVz-pU,0,0,0,0,
f42c6f5877f14a38aef3f3b515769149,10100,2052643,1034,620,4965,https://www.youtube.com/watch?v=z0ft-z40URE,1034,623,4965,https://www.youtube.com/watch?v=z0ft-z40URE,973,364,1254,https://www.youtube.com/watch?v=deg_o1jawUM,0,0,0,0,
1d5ee3e2653b4ae5b1050533f8d1ae31,10100,4915,0,0,0,,0,0,0,,0,0,0,,0,0,0,0,
fefbcad20d8344c79c74a103d0ea45b2,10100,319504,0,0,0,,0,0,0,,0,0,0,,0,0,0,0,
96f44559b15e4bad9de2eb8a0a2a92da,10100,1115327,2327,749,32794,https://www.youtube.com/watch?v=-t-YCbDFv-M,777,485,4200,https://www.youtube.com/watch?v=av8eZdz2IE4,2857,1655,32794,https://www.youtube.com/watch?v=-t-YCbDFv-M,0,0,0,0,
65ada733fbe64a3a86aae7737e32fad0,10100,514651,513,307,3963,https://www.youtube.com/watch?v=b77khDUr1L4,501,319,3963,https://www.youtube.com/watch?v=b77khDUr1L4,1322,218,1322,https://www.youtube.com/watch?v=JyMYGras4b4,0,0,0,0,
310862830fb648b78cca7e581e2622a7,10100,591517,2110,1121,3221,https://www.youtube.com/watch?v=I1cCgObZZvE,0,0,0,,2110,1121,3221,https://www.youtube.com/watch?v=I1cCgObZZvE,21502,2630,1145,24213,https://www.twitch.tv/videos/2852304167
cd542f88cc8b47d087301d567b7cebca,10000,390898,502,305,2156,https://www.youtube.com/watch?v=gYD1ce9z2Lg,472,274,892,https://www.youtube.com/watch?v=FEorgt8Xo74,2156,1862,2156,https://www.youtube.com/watch?v=gYD1ce9z2Lg,1984,352,276,447,https://www.twitch.tv/videos/2870374216
80d6517a96e74265a4d24f86b9c295c5,10000,585828,693,412,1894,https://www.youtube.com/watch?v=hs_R1Ut7kL4,634,485,1306,https://www.youtube.com/watch?v=7RqGVMcgqWo,1003,363,1894,https://www.youtube.com/watch?v=hs_R1Ut7kL4,0,0,0,0,
59c0d89447d54786966ba8ecd5649d63,10000,241528,2080,788,2912,https://www.youtube.com/watch?v=V6tcpd6_1-g,0,0,0,,2080,788,2912,https://www.youtube.com/watch?v=V6tcpd6_1-g,1755,0,0,0,
7c0acdc8fe2449deb487cbb827b51723,9850,575370,720,415,1698,https://www.youtube.com/watch?v=Ujjij4RxGvs,670,415,1252,https://www.youtube.com/watch?v=5CYRj0sZ3CQ,1423,416,1698,https://www.youtube.com/watch?v=Ujjij4RxGvs,226,298,278,298,https://www.twitch.tv/videos/2873965812
3cf4da41775b4e608f4dde5859cdda74,9770,1858081,958,206,4597,https://www.youtube.com/watch?v=taG6xMYrW-I,73,21,73,https://www.youtube.com/watch?v=jk5wD_qUGBY,1582,326,4597,https://www.youtube.com/watch?v=taG6xMYrW-I,0,0,0,0,
1434ae451f81469da327f32c387b9df0,9760,279455,0,0,0,,0,0,0,,0,0,0,,0,0,0,0,
f53807443055490f87b85ded6caee0aa,9690,562079,505,322,1519,https://www.youtube.com/watch?v=N509ZNfcDr4,392,242,1212,https://www.youtube.com/watch?v=4g_7MLy2LdY,1006,420,1519,https://www.youtube.com/watch?v=N509ZNfcDr4,451,0,0,0,
ab19e58312b74ebd9b68e27aeb0adde5,9640,640694,1065,638,2596,https://www.youtube.com/watch?v=DTHiXL6u2Ys,1014,689,2596,https://www.youtube.com/watch?v=DTHiXL6u2Ys,1430,78,1430,https://www.youtube.com/watch?v=Qk8JrqfX90Q,0,0,0,0,
13992a4fb59649ada3a2adf027b5b35a,9550,92905,145,74,260,https://www.youtube.com/watch?v=ZKyliOcO6Kw,145,74,260,https://www.youtube.com/watch?v=ZKyliOcO6Kw,0,0,0,,3770,37,27,53,https://www.twitch.tv/videos/2866845575
f7472d5310ce42819d17459c4f3fd7c1,9540,565577,1467,626,3664,https://www.youtube.com/watch?v=38KoPq_Rd90,1343,615,3664,https://www.youtube.com/watch?v=38KoPq_Rd90,2231,1627,2462,https://www.youtube.com/watch?v=9ulTqMdH5Eg,495,78,56,116,https://www.twitch.tv/videos/2863194327
13c69e2cf2ff4dc1907bbae9a87a8c0f,9510,493345,0,0,0,,0,0,0,,0,0,0,,5736,857,449,2272,https://www.twitch.tv/videos/2862301522
83cb016f535f4275bba29ad276b2084f,9480,644867,329,192,793,https://www.youtube.com/watch?v=81gYXNggEi8,329,192,793,https://www.youtube.com/watch?v=81gYXNggEi8,0,0,0,,0,0,0,0,
e3e93491f32d459ba2b79033cf75c619,9470,398278,1398,600,1994,https://www.youtube.com/watch?v=vR9cmropzcY,978,525,1700,https://www.youtube.com/watch?v=Y9KBYDPXZbo,1512,656,1994,https://www.youtube.com/watch?v=vR9cmropzcY,1265,177,122,210,https://www.twitch.tv/videos/2871170722
2a897c484c05483f9a46467e8f448314,9460,363192,1335,563,4177,https://www.youtube.com/watch?v=K6SUI_K6iMk,1335,610,3741,https://www.youtube.com/watch?v=n4gJKoq5s0k,1293,492,4177,https://www.youtube.com/watch?v=K6SUI_K6iMk,5293,631,174,902,https://www.twitch.tv/videos/2856755836
f2ad5f187c9141ab8830b8eaf81c3aee,9410,937989,701,555,2914,https://www.youtube.com/watch?v=gkL8izgMn-k,635,470,2914,https://www.youtube.com/watch?v=gkL8izgMn-k,1378,639,1378,https://www.youtube.com/watch?v=YYFEO8qY7fU,0,0,0,0,
ac2b3c839ed14b12af1acecf322a15bd,9370,551734,835,452,2204,https://www.youtube.com/watch?v=hRpCkrp7vIM,632,339,2204,https://www.youtube.com/watch?v=hRpCkrp7vIM,1162,859,1452,https://www.youtube.com/watch?v=PrNjfJvMRPQ,0,0,0,0,
74c26216c39a40d1a9f1c5f63fa4d344,9360,453888,587,282,1563,https://www.youtube.com/watch?v=UTlIWG7GcrQ,561,270,1289,https://www.youtube.com/watch?v=SDAP6FVZds4,714,297,1563,https://www.youtube.com/watch?v=UTlIWG7GcrQ,0,0,0,0,
247215e876d24dae9932464b75fc577c,9360,827412,449,283,3139,https://www.youtube.com/watch?v=TLbMdGhNEwQ,434,179,460,https://www.youtube.com/watch?v=T30vQ59XlaU,3139,319,3139,https://www.youtube.com/watch?v=TLbMdGhNEwQ,0,0,0,0,
ecd7e504a0b64480a4127a25678e4b4a,9320,122323,0,0,0,,0,0,0,,0,0,0,,0,0,0,0,
fe698ded3a6148808ca857c73ac7ee15,9310,625277,698,393,21394,https://www.youtube.com/watch?v=oyzLlFYdM_s,616,340,1411,https://www.youtube.com/watch?v=AtzU1ZA0120,938,452,21394,https://www.youtube.com/watch?v=oyzLlFYdM_s,329,0,0,0,
42844ee6e0cc47938829b43a3101b9bb,9270,135754,0,0,0,,0,0,0,,0,0,0,,5070,674,46,810,https://www.twitch.tv/videos/2850519716
eafe564c8d9945c8af2ed66ff4cd773a,9260,659186,214,211,1633,https://www.youtube.com/watch?v=R3PuFIi9PGM,208,190,1633,https://www.youtube.com/watch?v=R3PuFIi9PGM,1162,1123,1162,https://www.youtube.com/watch?v=wMegQg0PbcA,0,0,0,0,
ce908f10dcde4e2480c8f97aafd45883,9230,1680128,350,137,15356,https://www.youtube.com/watch?v=KRD15Sjb6us,496,176,2293,https://www.youtube.com/watch?v=lM1S_sq4Kj4,227,112,15356,https://www.youtube.com/watch?v=KRD15Sjb6us,1111,217,166,417,https://www.twitch.tv/videos/2866830270
d2b0c8386e1341668f6bbc789d1ef1e3,9220,1011924,426,239,3072,https://www.youtube.com/watch?v=nZZE1YCoE44,426,239,3072,https://www.youtube.com/watch?v=nZZE1YCoE44,0,0,0,,0,0,0,0,
5ed5801d24c7412fa3fa65a82124aad0,9200,827678,1206,707,2488,https://www.youtube.com/watch?v=NWbkizJADcw,1113,707,2488,https://www.youtube.com/watch?v=NWbkizJADcw,1974,928,2317,https://www.youtube.com/watch?v=69WY_otJK6E,2957,354,266,780,https://www.twitch.tv/videos/2863981115
538d1d2058da4bdea1c7f43f088e995b,9180,313757,1052,522,1818,https://www.youtube.com/watch?v=ESseGHjxDVw,1068,571,1818,https://www.youtube.com/watch?v=ESseGHjxDVw,298,140,298,https://www.youtube.com/watch?v=PSRu6tfGN58,3193,0,0,0,
d90f173970a742d3ade6f4159c785d1e,9150,479234,635,289,1704,https://www.youtube.com/watch?v=5f7gKVghGPw,602,279,852,https://www.youtube.com/watch?v=yDBIeaWg0pQ,1245,338,1704,https://www.youtube.com/watch?v=5f7gKVghGPw,1594,382,295,559,https://www.twitch.tv/videos/2863277858
558d8602fdeb4f3cb4ce484babb30577,9130,634922,1012,518,1879,https://www.youtube.com/watch?v=Zh-vjzhXKUc,518,255,857,https://www.youtube.com/watch?v=zleLbF09YOI,1250,704,1879,https://www.youtube.com/watch?v=Zh-vjzhXKUc,0,0,0,0,
00c158176a504c9bb865b32276e79eb1,9080,328142,454,206,11549,https://www.youtube.com/watch?v=SqTi4YzizBQ,328,131,548,https://www.youtube.com/watch?v=8Szu84kW8Xg,6706,2405,11549,https://www.youtube.com/watch?v=SqTi4YzizBQ,0,0,0,0,
423dd7da92be47f4af7273c5f74efb27,9060,399273,0,0,0,,0,0,0,,0,0,0,,36801,963,340,1788,https://www.twitch.tv/videos/2849352748
65ab938b60074946af1ea65a002c70df,9020,2837119,950,377,6034,https://www.youtube.com/watch?v=7k0wDBQbFxk,594,374,1013,https://www.youtube.com/watch?v=F065iZyXD1g,1317,506,6034,https://www.youtube.com/watch?v=7k0wDBQbFxk,579,0,0,0,
7fdfd0346667458a8657626f03434b59,9000,293232,418,274,2048,https://www.youtube.com/watch?v=7Y6kWwry4SM,364,170,1675,https://www.youtube.com/watch?v=OUGEIp9X-VI,1779,503,2048,https://www.youtube.com/watch?v=7Y6kWwry4SM,424,0,0,0,
1dd6fdbb4f764fc3a18747c8adbf0692,8920,366641,865,662,3114,https://www.youtube.com/watch?v=HAbeBkrLjHE,865,744,2798,https://www.youtube.com/watch?v=b6p__EdOdsY,1761,485,3114,https://www.youtube.com/watch?v=HAbeBkrLjHE,0,0,0,0,
fa67b0859f2e45589e754f7e528967d6,8920,369176,0,0,0,,0,0,0,,0,0,0,,10682,787,338,1343,https://www.twitch.tv/videos/2868533410
d407b30c72a841bd82af1f5cc8ec0667,8920,425522,563,98,1098,https://www.youtube.com/watch?v=ESrBMW4BYuY,0,0,0,,563,98,1098,https://www.youtube.com/watch?v=ESrBMW4BYuY,5486,57,36,70,https://www.twitch.tv/videos/2864980778
9b2c7b20d02241b3b82492a5e78a71c0,8870,417137,1320,474,3585,https://www.youtube.com/watch?v=Rw-e45klykQ,232,229,232,https://www.youtube.com/watch?v=wd20N1VemVc,1551,555,3585,https://www.youtube.com/watch?v=Rw-e45klykQ,0,0,0,0,
c4ffb821927d406682f3f17edfdf3bcd,8860,355442,0,0,0,,0,0,0,,0,0,0,,0,0,0,0,
432458f2f15549919dc6e3706ccbd417,8860,503964,7585,3498,10549,https://www.youtube.com/watch?v=pNteE3SqyEc,0,0,0,,7585,3498,10549,https://www.youtube.com/watch?v=pNteE3SqyEc,0,0,0,0,
6fa1245c717d4af68589205df5ab6427,8810,736012,258,72,1198,https://www.youtube.com/watch?v=B85Q_KkdvdY,257,62,1198,https://www.youtube.com/watch?v=B85Q_KkdvdY,491,240,491,https://www.youtube.com/watch?v=mTiE3Tamd-Q,785,0,0,0,
1569b00373564846b894f47403376c6b,8800,257027,1061,637,1680,https://www.youtube.com/watch?v=mwNxi30t2m4,0,0,0,,1061,637,1680,https://www.youtube.com/watch?v=mwNxi30t2m4,467,277,167,363,https://www.twitch.tv/videos/2873100156
823311ac8226476e8d1e323f536bf8b1,8740,170667,0,0,0,,0,0,0,,0,0,0,,2294,0,0,0,
08a612f1ecf84b619a8899a5caed28c1,8690,890211,709,554,1110,https://www.youtube.com/watch?v=xmxnerC2Rso,709,554,1110,https://www.youtube.com/watch?v=xmxnerC2Rso,0,0,0,,21312,1311,227,3220,https://www.twitch.tv/videos/2860528928
2f0a0ee6478c45ae8af28953b4c370be,8680,1445423,873,629,3350,https://www.youtube.com/watch?v=7uZMrq78SGM,820,609,2378,https://www.youtube.com/watch?v=Oqn_wvCszEE,3350,1108,3350,https://www.youtube.com/watch?v=7uZMrq78SGM,0,0,0,0,
03f5b3fed856438c9a53d30fdfadd9b7,8670,363859,596,378,2325,https://www.youtube.com/watch?v=KdIPLq7Xbwo,564,386,2325,https://www.youtube.com/watch?v=KdIPLq7Xbwo,617,202,1401,https://www.youtube.com/watch?v=KwLInJF2338,1072,169,126,327,https://www.twitch.tv/videos/2872934325
4482e4f0cea64f92aa78b2513c7ed897,8660,727738,975,433,2076,https://www.youtube.com/watch?v=N0IbWVCVVlU,1084,698,2076,https://www.youtube.com/watch?v=N0IbWVCVVlU,748,390,830,https://www.youtube.com/watch?v=Ryw8Wtnoo9g,0,0,0,0,
7ebc0dc9fdf3442688ecd63bbdc30c51,8610,361351,707,142,4891,https://www.youtube.com/watch?v=l4zYvfwMDi0,707,142,4891,https://www.youtube.com/watch?v=l4zYvfwMDi0,0,0,0,,0,0,0,0,
fe1d3152398b44e39d69f7ef78e73a8c,8570,630573,312,228,1607,https://www.youtube.com/watch?v=SgQ7HV4d9rw,305,260,1304,https://www.youtube.com/watch?v=hWsYdlJz3iw,1607,196,1607,https://www.youtube.com/watch?v=SgQ7HV4d9rw,633,0,0,0,
1254f176d93548aca5ac7f4b53313f71,8530,4033010,15,6,573,https://www.youtube.com/watch?v=wXVzz7GqRnE,245,140,573,https://www.youtube.com/watch?v=wXVzz7GqRnE,10,5,373,https://www.youtube.com/watch?v=fAv-V_MPxP8,1623,9,6,16,https://www.twitch.tv/videos/2874853685
ab64eaef68c94ab4afb3a89007c81e9c,8520,1339795,1899,539,2124,https://www.youtube.com/watch?v=CBN3wq0d3Uc,0,0,0,,1899,539,2124,https://www.youtube.com/watch?v=CBN3wq0d3Uc,8553,2052,1098,11067,https://www.twitch.tv/videos/2852992656
420208d1dcb74abfa325fc1f6a27e17b,8490,455559,1140,584,3387,https://www.youtube.com/watch?v=kf9rPpNbYb0,1145,623,3387,https://www.youtube.com/watch?v=kf9rPpNbYb0,747,25,747,https://www.youtube.com/watch?v=oejkzDSZUmI,1399,0,0,0,
2d6886120def4c148c70514433d77e1e,8480,606347,921,428,2900,https://www.youtube.com/watch?v=xgvTT49zAb8,840,478,2900,https://www.youtube.com/watch?v=xgvTT49zAb8,1804,421,1804,https://www.youtube.com/watch?v=eE5b-cmxyzY,0,0,0,0,
f905195b653944cd9de4ab0b4e6cca58,8460,344705,864,453,2340,https://www.youtube.com/watch?v=F7tR3bq27lg,949,457,2340,https://www.youtube.com/watch?v=F7tR3bq27lg,527,98,527,https://www.youtube.com/watch?v=z83KmnPEQkQ,0,0,0,0,
cc882664d9794fb88b06a5a0aa1591ae,8440,363661,562,359,1751,https://www.youtube.com/watch?v=L0KFC8EWTek,562,359,1751,https://www.youtube.com/watch?v=L0KFC8EWTek,0,0,0,,0,0,0,0,
28e0e0a574fe4deca3d5ded0aa5d64ef,8430,551178,790,491,2891,https://www.youtube.com/watch?v=Fd4zvrr_S1Q,768,480,1364,https://www.youtube.com/watch?v=b4PvRBIkgms,2891,2113,2891,https://www.youtube.com/watch?v=Fd4zvrr_S1Q,703,274,233,501,https://www.twitch.tv/videos/2863257552
bdc034d3afcd4456b6da2b96a2e460ef,8410,833696,526,447,526,https://www.youtube.com/watch?v=q3KpWcxY4Ts,0,0,0,,526,447,526,https://www.youtube.com/watch?v=q3KpWcxY4Ts,1597,0,0,0,
9604bd9896fc421ba131a9a6e11d50b0,8410,1074037,1082,559,4262,https://www.youtube.com/watch?v=-q2kkTZVIVM,1084,528,4262,https://www.youtube.com/watch?v=-q2kkTZVIVM,997,689,2987,https://www.youtube.com/watch?v=ynsrduf5mR4,0,0,0,0,
38f11eca620e4c83a3e4211cbf463cce,8400,1205597,1331,887,10130,https://www.youtube.com/watch?v=Ptsq4Ur4H-Y,976,540,1386,https://www.youtube.com/watch?v=zOToZ7v76Lk,4911,2521,10130,https://www.youtube.com/watch?v=Ptsq4Ur4H-Y,0,0,0,0,
d797701ab1564b62906f91a341134a9e,8390,435155,1396,649,3405,https://www.youtube.com/watch?v=7LR1ZMGvCFo,843,672,1522,https://www.youtube.com/watch?v=Yty3ckbpf1w,1953,565,3405,https://www.youtube.com/watch?v=7LR1ZMGvCFo,5290,634,446,647,https://www.twitch.tv/videos/2871214058
3b0031a4b57f46719f06cbf7c5cc42b6,8300,387292,645,346,1811,https://www.youtube.com/watch?v=NtZBZ4YlPok,645,343,1811,https://www.youtube.com/watch?v=NtZBZ4YlPok,555,363,695,https://www.youtube.com/watch?v=vfrz5bcjDNw,139,0,0,0,
7298d2db845840d7ab462c7628967f4e,8300,363888,284,167,464,https://www.youtube.com/watch?v=TOUtegdNMCc,284,167,464,https://www.youtube.com/watch?v=TOUtegdNMCc,0,0,0,,0,0,0,0,
df0c2ce19ccf4e26ac1a18065f85dacc,8220,483742,350,172,390,https://www.youtube.com/watch?v=LSuO8sVOKt0,350,172,390,https://www.youtube.com/watch?v=LSuO8sVOKt0,0,0,0,,0,0,0,0,
bd99f3c8cd6e4fffb75bf0e5b1b5b4fa,8210,445741,2909,1545,14060,https://www.youtube.com/watch?v=FGvrwpfT3do,2892,1534,14060,https://www.youtube.com/watch?v=FGvrwpfT3do,5856,5472,5856,https://www.youtube.com/watch?v=KhjOtTcs3SI,0,0,0,0,
ee20f58e3fb74fae83a42239a83bcc4a,8170,260874,0,0,0,,0,0,0,,0,0,0,,0,0,0,0,
c06f5173a01c4c0db7a761957c02186d,8170,663241,1528,669,6622,https://www.youtube.com/watch?v=GCqaQxHPJtg,862,517,6622,https://www.youtube.com/watch?v=GCqaQxHPJtg,1678,940,2313,https://www.youtube.com/watch?v=y1mdtpNIiUs,671,237,164,256,https://www.twitch.tv/videos/2870351185
09b6598d6d604e9397eebff166c69e92,8160,125082,351,204,544,https://www.youtube.com/watch?v=1CHPLIgiWwg,351,204,544,https://www.youtube.com/watch?v=1CHPLIgiWwg,0,0,0,,303,72,36,108,https://www.twitch.tv/videos/2862395896
41a8958a1a4a4cc8b404d04da033400e,8110,394638,0,0,0,,0,0,0,,0,0,0,,510,0,0,0,
c72226925ba94855b9fcc88fc2a25acc,8100,828417,846,477,1361,https://www.youtube.com/watch?v=-7l5VNKA9Z4,868,484,1361,https://www.youtube.com/watch?v=-7l5VNKA9Z4,160,118,160,https://www.youtube.com/watch?v=MyUtW4rIJM4,0,0,0,0,
eafb808b078844fdab1d8ed561dbd462,8090,561367,699,359,2565,https://www.youtube.com/watch?v=ZVuk2up8TUc,584,335,2105,https://www.youtube.com/watch?v=muQ9SVNNMog,1544,676,2565,https://www.youtube.com/watch?v=ZVuk2up8TUc,0,0,0,0,
d2a7b2d142ea4076afcfc7263b9e09fd,8050,628149,767,485,9764,https://www.youtube.com/watch?v=HYR1pkwq7Ks,767,485,2997,https://www.youtube.com/watch?v=2yXKsE3pgBk,1493,915,9764,https://www.youtube.com/watch?v=HYR1pkwq7Ks,773,0,0,0,
328a6a5742504b9d977f40660c118239,8050,1159368,537,213,3275,https://www.youtube.com/watch?v=txXvvI_ypCA,598,394,3275,https://www.youtube.com/watch?v=txXvvI_ypCA,348,157,824,https://www.youtube.com/watch?v=oHS_w9nMiiQ,0,0,0,0,
d13fdb8fdd3049e5bf80b5ab0fa8a1a6,8020,680095,264,106,1381,https://www.youtube.com/watch?v=iIC5zd6VXTk,299,100,1008,https://www.youtube.com/watch?v=sM7hs11iRKU,230,149,1381,https://www.youtube.com/watch?v=iIC5zd6VXTk,0,0,0,0,
8309d31b418642db83f0cf56b38fc9ad,7990,1137230,1345,768,3111,https://www.youtube.com/watch?v=lJyysrBUiM4,1364,849,3111,https://www.youtube.com/watch?v=lJyysrBUiM4,1203,445,1711,https://www.youtube.com/watch?v=86uvk-wiziE,168,0,0,0,
e4c71cb272a24ce6bda794eae8e5bdfc,7990,520640,1067,446,2083,https://www.youtube.com/watch?v=D0_1Oy3Lja0,575,242,1119,https://www.youtube.com/watch?v=Lqo-izbpC9k,1449,799,2083,https://www.youtube.com/watch?v=D0_1Oy3Lja0,0,0,0,0,
a188f157d0384e0db5ae73605240d68b,7980,746745,748,369,2277,https://www.youtube.com/watch?v=aGFxxcx9eSA,668,369,1287,https://www.youtube.com/watch?v=Hlupb3vf62E,1452,646,2277,https://www.youtube.com/watch?v=aGFxxcx9eSA,1174,0,0,0,
60ab80cc26bc4e4aaa526ce1952f9e42,7980,504315,643,433,13202,https://www.youtube.com/watch?v=gqLtWI9tx1U,515,433,1477,https://www.youtube.com/watch?v=4WUES6vBs58,656,431,13202,https://www.youtube.com/watch?v=gqLtWI9tx1U,390,53,43,73,https://www.twitch.tv/videos/2868699439
0ab16bd60230422d97f73e6810be221c,7870,393407,301,182,1202,https://www.youtube.com/watch?v=XlFlT7jcuDM,301,182,1202,https://www.youtube.com/watch?v=XlFlT7jcuDM,0,0,0,,0,0,0,0,
b90a42d3e9a5465ba4ef8a333c8148e5,7850,950178,427,192,2262,https://www.youtube.com/watch?v=lkNYnJYiH2g,426,190,1015,https://www.youtube.com/watch?v=82HyNP6m8H8,1097,636,2262,https://www.youtube.com/watch?v=lkNYnJYiH2g,0,0,0,0,
56abcaadabbe44dbbd18ab0ecfe1037f,7850,320144,537,243,2135,https://www.youtube.com/watch?v=_IHdjpmHHC0,537,243,2135,https://www.youtube.com/watch?v=_IHdjpmHHC0,0,0,0,,0,0,0,0,
9f975d473431409190e397bdc946d5b0,7830,417239,643,372,13030,https://www.youtube.com/watch?v=GfFnsJgv7zk,495,367,2252,https://www.youtube.com/watch?v=yZF0tsf73Bs,10497,5238,13030,https://www.youtube.com/watch?v=GfFnsJgv7zk,256,0,0,0,
1f54eafd17434cd9bd175d27b72c2228,7810,209243,517,467,517,https://www.youtube.com/watch?v=oklFBVCp1U0,517,467,517,https://www.youtube.com/watch?v=oklFBVCp1U0,0,0,0,,0,0,0,0,
b10149a2a1ee4ffcbf1dacb1b1722f9f,7770,197153,386,183,417,https://www.youtube.com/watch?v=eUIHvR5NaTc,386,183,417,https://www.youtube.com/watch?v=eUIHvR5NaTc,0,0,0,,858,0,0,0,
556c69847bc14bc7be03b3e40e52ac98,7730,198652,0,0,0,,0,0,0,,0,0,0,,1782,0,0,0,
4865c3feac234584909168181b7dc2be,7720,201531,652,428,3852,https://www.youtube.com/watch?v=SsSPtPRghwc,455,255,1912,https://www.youtube.com/watch?v=CpSLyFObs_s,1172,607,3852,https://www.youtube.com/watch?v=SsSPtPRghwc,276,0,0,0,
7af8f321e84542dc9ccda160152fbf0b,7720,258441,391,118,1456,https://www.youtube.com/watch?v=MjfOjacpCaM,391,118,1456,https://www.youtube.com/watch?v=MjfOjacpCaM,0,0,0,,0,0,0,0,
f7d0e4ed95e84262b329740d5d27afc9,7700,57749,0,0,0,,0,0,0,,0,0,0,,0,0,0,0,
01edfa8163ad42cd85f56ef4dce2609e,7640,442596,294,149,2444,https://www.youtube.com/watch?v=jk0DlzaYRHE,889,446,2444,https://www.youtube.com/watch?v=jk0DlzaYRHE,238,139,1034,https://www.youtube.com/watch?v=88jzLCSrG78,0,0,0,0,
03b825a2908749099e40cd4a4d1169aa,7560,201107,609,232,1426,https://www.youtube.com/watch?v=dhmN4koy7Sc,586,227,899,https://www.youtube.com/watch?v=fZYG2x3Oz_A,633,424,1426,https://www.youtube.com/watch?v=dhmN4koy7Sc,0,0,0,0,
cedd78c374b54898a647a3cb3a5263fc,7540,354970,1254,329,1728,https://www.youtube.com/watch?v=SoBM8XdikVc,1254,329,1728,https://www.youtube.com/watch?v=SoBM8XdikVc,0,0,0,,0,0,0,0,
77e980ab542a4db6a34b5ac9c8f3948b,7490,402297,574,143,2249,https://www.youtube.com/watch?v=TQ4rAAlb574,574,143,2249,https://www.youtube.com/watch?v=TQ4rAAlb574,0,0,0,,726,0,0,0,
b92c6e4c3bea4b938077a8f152f78083,7480,57306,0,0,0,,0,0,0,,0,0,0,,0,0,0,0,
d80f5bc1e3ce4c35aa3eced40cc3bddc,7480,370976,1173,697,1394,https://www.youtube.com/watch?v=vrY7jgW2yCc,1173,697,1394,https://www.youtube.com/watch?v=vrY7jgW2yCc,0,0,0,,561,0,0,0,
c897f2f0ae414985aa623bfe2dfe8f1c,7460,208776,453,184,2797,https://www.youtube.com/watch?v=G1gAQ-hScRo,453,184,2797,https://www.youtube.com/watch?v=G1gAQ-hScRo,0,0,0,,639,0,0,0,
94595065e7aa498d93067274eb755301,7460,1280296,239,147,1956,https://www.youtube.com/watch?v=zJkqnOCKJk0,228,124,1956,https://www.youtube.com/watch?v=zJkqnOCKJk0,1168,180,1168,https://www.youtube.com/watch?v=7S_j2_ftq_M,0,0,0,0,
9d864d1af4e749f5a58171b06c070565,7450,658228,1077,509,1723,https://www.youtube.com/watch?v=amLIkPGpUz8,359,351,359,https://www.youtube.com/watch?v=c78GjSOGgpA,1099,667,1723,https://www.youtube.com/watch?v=amLIkPGpUz8,3808,222,168,305,https://www.twitch.tv/videos/2866955616
9e3edec3eec54f49a065f1970471d473,7420,292062,546,30,1022,https://www.youtube.com/watch?v=TE0yVPIpV1Y,546,30,1022,https://www.youtube.com/watch?v=TE0yVPIpV1Y,0,0,0,,896,0,0,0,
97a56c6914ab431d9b670456d11b22ed,7340,285629,341,149,2347,https://www.youtube.com/watch?v=GWTPssPq6ME,341,149,524,https://www.youtube.com/watch?v=-QY-rkauIN4,1314,208,2347,https://www.youtube.com/watch?v=GWTPssPq6ME,0,0,0,0,
5cdf289b83524643af7ab2f2c8788adf,7330,352933,225,81,488,https://www.youtube.com/watch?v=Ci79WCqhyEs,225,81,488,https://www.youtube.com/watch?v=Ci79WCqhyEs,0,0,0,,0,0,0,0,
63108f8ea91a4a699f345bb259750745,7310,161189,224,182,802,https://www.youtube.com/watch?v=lVAuKXKD3IM,224,190,802,https://www.youtube.com/watch?v=lVAuKXKD3IM,315,139,412,https://www.youtube.com/watch?v=1WScia-ClWY,0,0,0,0,
a3c6cbf76630432c83fa5277388be97c,7310,116709,7871,5410,10340,https://www.youtube.com/watch?v=SKZv9LvIY1k,7871,5410,10340,https://www.youtube.com/watch?v=SKZv9LvIY1k,0,0,0,,0,0,0,0,
c430f1e7cfee4440b2b537c80a2a667d,7290,268742,781,377,1386,https://www.youtube.com/watch?v=qhMEbvssm2o,781,377,1386,https://www.youtube.com/watch?v=qhMEbvssm2o,0,0,0,,0,0,0,0,
7f72433f23da4bf8bfbf7ee3904eb7ca,7280,296562,0,0,0,,0,0,0,,0,0,0,,855,0,0,0,
c321746bebe740cb98625ca4cf6fb9a7,7260,115170,643,304,4959,https://www.youtube.com/watch?v=s-cZwOJo6e0,643,304,4959,https://www.youtube.com/watch?v=s-cZwOJo6e0,0,0,0,,0,0,0,0,
f40b8e8debf14680b5cc88bae98918f7,7230,234222,1795,1373,2875,https://www.youtube.com/watch?v=ObAP9HdLvoc,1795,1373,2875,https://www.youtube.com/watch?v=ObAP9HdLvoc,0,0,0,,0,0,0,0,
8c6bc741e4614154a63e987f930a468d,7220,417310,828,396,2111,https://www.youtube.com/watch?v=npvgrfmhMyA,573,340,1192,https://www.youtube.com/watch?v=_0_JUUNP4q8,1387,956,2111,https://www.youtube.com/watch?v=npvgrfmhMyA,0,0,0,0,
5d903f62e014487e9ab21a48c19fc6ac,7210,489431,598,285,1899,https://www.youtube.com/watch?v=sOm5Kpv3rD0,287,160,499,https://www.youtube.com/watch?v=lElLas26SiY,931,300,1899,https://www.youtube.com/watch?v=sOm5Kpv3rD0,919,0,0,0,
715cc1261d7e42c18135d47bd1cf2500,7170,177166,0,0,0,,0,0,0,,0,0,0,,6447,255,212,315,https://www.twitch.tv/videos/2866889573
5fa2dee0fba64112aa476441cd6ff982,7160,351201,784,212,1166,https://www.youtube.com/watch?v=J7BJ3H9rwvA,1143,439,1166,https://www.youtube.com/watch?v=J7BJ3H9rwvA,368,171,448,https://www.youtube.com/watch?v=KbC4YpN8d3k,0,0,0,0,
3c1783f6914f414b830c836829d1afa2,7140,311403,562,395,2076,https://www.youtube.com/watch?v=-pvR_Unvy5c,545,354,1386,https://www.youtube.com/watch?v=7oojRZI3dE4,1444,479,2076,https://www.youtube.com/watch?v=-pvR_Unvy5c,278,0,0,0,
990b7e28df934de1bdab364d72c79f90,7100,1835,0,0,0,,0,0,0,,0,0,0,,0,0,0,0,
40c846b91c4a44a980eddf20f0f789c0,7090,1232291,699,332,30118,https://www.youtube.com/watch?v=hZyzr7rJvgw,389,303,2421,https://www.youtube.com/watch?v=UaeUp_WznJs,1938,531,30118,https://www.youtube.com/watch?v=hZyzr7rJvgw,6974,393,317,708,https://www.twitch.tv/videos/2872861963
fec8644970684cffbbae8dd37a52d59c,7080,437683,497,173,34810,https://www.youtube.com/watch?v=Z6RTfUHKoPQ,373,155,2432,https://www.youtube.com/watch?v=YzbIgZ7Sx3o,1945,1281,34810,https://www.youtube.com/watch?v=Z6RTfUHKoPQ,2232,820,310,3058,https://www.twitch.tv/videos/2859251055
a28e29c9e8ec4791a700cd2e30904534,7050,221372,442,326,1806,https://www.youtube.com/watch?v=kdXjePywJOM,442,326,1806,https://www.youtube.com/watch?v=kdXjePywJOM,0,0,0,,2935,66,63,66,https://www.twitch.tv/videos/2874555120
e7e219a17a7644cd9d28a2ab871f5f7c,7040,284099,314,127,314,https://www.youtube.com/watch?v=_3UnqUBK23U,0,0,0,,314,127,314,https://www.youtube.com/watch?v=_3UnqUBK23U,3048,382,153,382,https://www.twitch.tv/videos/2859650910
c8ef4e3182b74ecd994c837a75624390,7020,628599,1407,666,5290,https://www.youtube.com/watch?v=XZnBh0Z0SQU,648,347,1025,https://www.youtube.com/watch?v=nkMdMdK5o8Y,1485,1053,5290,https://www.youtube.com/watch?v=XZnBh0Z0SQU,0,0,0,0,
35b7bd4f6fcb4fbfb3ebe83be100d9a0,7010,552802,1076,1062,1076,https://www.youtube.com/watch?v=hc__SexB84E,1076,1062,1076,https://www.youtube.com/watch?v=hc__SexB84E,0,0,0,,0,0,0,0,
4576d781ddae45d59fc83c8d25385983,6990,241424,1979,499,8265,https://www.youtube.com/watch?v=F6vTyl9acWQ,2713,931,8265,https://www.youtube.com/watch?v=F6vTyl9acWQ,1486,149,2419,https://www.youtube.com/watch?v=7q1rfnk8h08,248,0,0,0,
b1cb513e2511484cabbac00140b4a95c,6970,338878,918,409,2948,https://www.youtube.com/watch?v=Szlg5Vq6q9s,887,409,1624,https://www.youtube.com/watch?v=hDkUnP-znTk,1423,534,2948,https://www.youtube.com/watch?v=Szlg5Vq6q9s,719,335,269,392,https://www.twitch.tv/videos/2868612734
1937fa889b474d339713d1117f435018,6950,877435,197,117,1285,https://www.youtube.com/watch?v=Jf1LclBmv4g,197,118,490,https://www.youtube.com/watch?v=PSAs_RvNyII,135,53,1285,https://www.youtube.com/watch?v=Jf1LclBmv4g,7407,487,197,1362,https://www.twitch.tv/videos/2852890481
679aef46b6f448e493fdedae7df5b288,6930,1448015,0,0,0,,0,0,0,,0,0,0,,476,0,0,0,
f7b1eada802e4ed89c306c6641d243b3,6880,303694,259,116,412,https://www.youtube.com/watch?v=BPBFWyopb4I,270,132,412,https://www.youtube.com/watch?v=BPBFWyopb4I,156,72,156,https://www.youtube.com/watch?v=8EI9J4OAbj8,430,0,0,0,
2d84a02e592d4a92893b7cc36af95a26,6870,306924,645,358,3029,https://www.youtube.com/watch?v=eM8ijVuTDus,504,296,2399,https://www.youtube.com/watch?v=SpwrIEG6KAM,1098,391,3029,https://www.youtube.com/watch?v=eM8ijVuTDus,1074,522,449,778,https://www.twitch.tv/videos/2868611973
7f9d223a684e44e8b8d30bedcc07f1fa,6860,243746,484,374,1953,https://www.youtube.com/watch?v=oc7DNi-8Y24,467,281,1953,https://www.youtube.com/watch?v=oc7DNi-8Y24,890,488,890,https://www.youtube.com/watch?v=QYID3xaxtN4,0,0,0,0,
dc3e05e0c12b4e0a93dc230f30925ee0,6800,191997,1038,694,1038,https://www.youtube.com/watch?v=j7AGKaZniRs,0,0,0,,1038,694,1038,https://www.youtube.com/watch?v=j7AGKaZniRs,7087,0,0,0,
038ee6280ef742bcad8450ad52049944,6770,462642,266,133,1366,https://www.youtube.com/watch?v=D8SizWFKay8,266,133,1366,https://www.youtube.com/watch?v=D8SizWFKay8,0,0,0,,0,0,0,0,
757f1b20f7bd459ebd8949da907dceea,6760,400632,313,138,1435,https://www.youtube.com/watch?v=r4YlGBl_O6g,313,138,1435,https://www.youtube.com/watch?v=r4YlGBl_O6g,0,0,0,,0,0,0,0,
70adcdf6f8a146089a4e724b14146efd,6730,433400,1173,859,2858,https://www.youtube.com/watch?v=iFb8abReGrg,1173,859,2858,https://www.youtube.com/watch?v=iFb8abReGrg,0,0,0,,572,0,0,0,
00c2bd1279064d88b05ad2d17d790e37,6730,137776,1020,671,9240,https://www.youtube.com/watch?v=HhiG_3cjn-4,865,525,1577,https://www.youtube.com/watch?v=NenZUQ7q6gM,1859,1000,9240,https://www.youtube.com/watch?v=HhiG_3cjn-4,1153,432,300,1057,https://www.twitch.tv/videos/2869050377
bafa406351614acb9162347235baf257,6720,468505,588,297,9169,https://www.youtube.com/watch?v=il_NujwkSko,466,121,832,https://www.youtube.com/watch?v=wBuiQ5Qul4g,1165,659,9169,https://www.youtube.com/watch?v=il_NujwkSko,0,0,0,0,
6fb9853185d844de80d4f3e0f3f2726d,6720,0,0,0,0,,0,0,0,,0,0,0,,0,0,0,0,
6ddea98137e2429eb0e9c4025ad9294f,6700,289517,614,298,1988,https://www.youtube.com/watch?v=gWJcRSQYTPA,484,268,866,https://www.youtube.com/watch?v=qB0dVyyO_bA,1114,435,1988,https://www.youtube.com/watch?v=gWJcRSQYTPA,0,0,0,0,
80f4d6e50af64a48be812258498e86c0,6680,357602,0,0,0,,0,0,0,,0,0,0,,160,0,0,0,
f58318cdd690482c9d19fb68bca374a4,6670,442820,1381,430,1853,https://www.youtube.com/watch?v=5sdHzjjYJnU,872,130,872,https://www.youtube.com/watch?v=i6nbKl-Q5mU,1407,501,1853,https://www.youtube.com/watch?v=5sdHzjjYJnU,233,0,0,0,
6603f7e70b684a07a3dac687460bacc5,6670,281598,362,196,1886,https://www.youtube.com/watch?v=MUrAcKPB4Cc,362,196,1886,https://www.youtube.com/watch?v=MUrAcKPB4Cc,0,0,0,,1428,120,73,194,https://www.twitch.tv/videos/2865729740
5dbed684176349d28353d5293085cd9c,6660,274981,348,59,1086,https://www.youtube.com/watch?v=XjWisR1ajk8,348,59,1086,https://www.youtube.com/watch?v=XjWisR1ajk8,0,0,0,,0,0,0,0,
49196eec11454f589d4d6e52f1b1bbe8,6650,569269,737,352,1728,https://www.youtube.com/watch?v=B5v-BOQg-q8,434,248,856,https://www.youtube.com/watch?v=mCZGn0nujzg,1402,1201,1728,https://www.youtube.com/watch?v=B5v-BOQg-q8,0,0,0,0,
f6c34086d07a4322b9d4ebc538bada96,6580,131997,0,0,0,,0,0,0,,0,0,0,,0,0,0,0,
160f90709224412f9cfc2aaa88e89a57,6570,815055,1675,1133,8364,https://www.youtube.com/watch?v=CJl5FWNV7Qo,1652,1050,6435,https://www.youtube.com/watch?v=aFLaAsdaAYU,1786,1215,8364,https://www.youtube.com/watch?v=CJl5FWNV7Qo,0,0,0,0,
41d4243609de491ba43ef4e11b8a0254,6560,814783,1889,840,6148,https://www.youtube.com/watch?v=lXQd3KNLaRU,1323,504,2549,https://www.youtube.com/watch?v=eeEFLEBE5r4,3596,1733,6148,https://www.youtube.com/watch?v=lXQd3KNLaRU,0,0,0,0,
468c9630d37b4c41bb6b0305dc1143cf,6550,433650,562,118,745,https://www.youtube.com/watch?v=RtObT4g2oqo,653,199,745,https://www.youtube.com/watch?v=RtObT4g2oqo,476,118,595,https://www.youtube.com/watch?v=yzcFj9vWJUY,476,0,0,0,
e0debb323c5d49268c92c5d660cdb664,6550,365936,1031,707,3711,https://www.youtube.com/watch?v=ukWYlvXt5kU,1031,707,3711,https://www.youtube.com/watch?v=ukWYlvXt5kU,0,0,0,,0,0,0,0,
b0f00fccf8a14655911360748c4699cd,6540,187609,266,226,1198,https://www.youtube.com/watch?v=h808Z2AFWv0,194,78,266,https://www.youtube.com/watch?v=4HCIdO053yA,1139,354,1198,https://www.youtube.com/watch?v=h808Z2AFWv0,0,0,0,0,
b54e216619d14031a317b820113e4084,6540,320631,395,165,8712,https://www.youtube.com/watch?v=9le0401yGDo,287,214,669,https://www.youtube.com/watch?v=mCsIAVMS9uQ,772,116,8712,https://www.youtube.com/watch?v=9le0401yGDo,0,0,0,0,
1357f282a9f04f6cbe3e215a0bd20482,6530,195255,575,205,1201,https://www.youtube.com/watch?v=pm20b17KnK4,400,153,430,https://www.youtube.com/watch?v=hQWVnXKNJcs,901,242,1201,https://www.youtube.com/watch?v=pm20b17KnK4,2056,201,179,302,https://www.twitch.tv/videos/2871175149
08be94e874d448f8a2794a44c61e8d8f,6510,411741,206,97,262,https://www.youtube.com/watch?v=o3IG9WckooM,206,97,262,https://www.youtube.com/watch?v=o3IG9WckooM,0,0,0,,0,0,0,0,
c2362f5ca48445a89fd081c4b2bc74d4,6460,250501,310,110,310,https://www.youtube.com/watch?v=6pEzPy5pmWA,310,110,310,https://www.youtube.com/watch?v=6pEzPy5pmWA,0,0,0,,137,0,0,0,
fffd31d236a2479c9070bcc171bdc13d,6420,179175,0,0,0,,0,0,0,,0,0,0,,0,0,0,0,
e8c89b4aec4d45fbbb76533eb3db0428,6400,146326,397,239,594,https://www.youtube.com/watch?v=CZN9unqjr8g,239,206,397,https://www.youtube.com/watch?v=w2XYYYzmu6M,594,239,594,https://www.youtube.com/watch?v=CZN9unqjr8g,0,0,0,0,
02e7729df0424fbbb21b77ccd543b0be,6390,1753806,130,94,1580,https://www.youtube.com/watch?v=Gt1WEAOiBAw,105,88,183,https://www.youtube.com/watch?v=op8fzCalFSA,323,144,1580,https://www.youtube.com/watch?v=Gt1WEAOiBAw,0,0,0,0,
281c7713c21e41bcb6e81365f328ab8c,6380,240411,456,406,456,https://www.youtube.com/watch?v=W0tBvjrAcRU,456,406,456,https://www.youtube.com/watch?v=W0tBvjrAcRU,0,0,0,,0,0,0,0,
da3a3993bd8946da824d66d5a5d456e2,6360,330474,0,0,0,,0,0,0,,0,0,0,,0,0,0,0,
caf08c74dd7b4919bca49eef394d5475,6360,883262,720,290,1769,https://www.youtube.com/watch?v=yl07I6Qvj64,330,123,931,https://www.youtube.com/watch?v=LM8jsqWIxFg,1300,522,1769,https://www.youtube.com/watch?v=yl07I6Qvj64,4183,1152,499,3349,https://www.twitch.tv/videos/2854119590
0851296bdf4c4516b2506b8cce5151da,6360,625761,347,157,409,https://www.youtube.com/watch?v=NC-1cuu26yY,369,179,409,https://www.youtube.com/watch?v=NC-1cuu26yY,247,104,364,https://www.youtube.com/watch?v=6dTDLvmpOxo,0,0,0,0,
c34e43b57f9f448582094f712a0b2c1a,6340,401848,347,190,6497,https://www.youtube.com/watch?v=_2dTW5zamx4,328,72,1975,https://www.youtube.com/watch?v=FBhPMMsaKy4,3881,899,6497,https://www.youtube.com/watch?v=_2dTW5zamx4,0,0,0,0,
5cb1c062f5f94b44a41ae658f4a53f0c,6310,142531,0,0,0,,0,0,0,,0,0,0,,14005,617,235,1325,https://www.twitch.tv/videos/2853092672
4eecf80e6ecc4644a7ff08314e6e0c82,6300,445180,452,123,864,https://www.youtube.com/watch?v=g-osUL7IJyk,720,123,864,https://www.youtube.com/watch?v=g-osUL7IJyk,362,156,452,https://www.youtube.com/watch?v=IMvQu2WDvPQ,382,94,77,94,https://www.twitch.tv/videos/2871089509
bf48aafcc9464111b358a4595cc7311c,6280,169034,665,578,665,https://www.youtube.com/watch?v=C6Mm9pUmPRc,665,578,665,https://www.youtube.com/watch?v=C6Mm9pUmPRc,0,0,0,,0,0,0,0,
94c7cb6122bd4dcab2d8660ddc5f5508,6250,222677,221,131,288,https://www.youtube.com/watch?v=pgeHkywiI9E,221,131,288,https://www.youtube.com/watch?v=pgeHkywiI9E,0,0,0,,429,39,29,56,https://www.twitch.tv/videos/2863199118
2bf038f2a9514434aefa4ef7b2140f56,6250,283973,1183,545,2409,https://www.youtube.com/watch?v=gWj8eV3ZV7E,893,461,1960,https://www.youtube.com/watch?v=w4FpLdsHcZ8,1934,933,2409,https://www.youtube.com/watch?v=gWj8eV3ZV7E,832,11,10,11,https://www.twitch.tv/videos/2875516686
35f3bb64e69c432180b98dde239f3bdd,6240,624730,1318,1041,3484,https://www.youtube.com/watch?v=pTxrQeswa9c,1327,1094,3484,https://www.youtube.com/watch?v=pTxrQeswa9c,989,221,1318,https://www.youtube.com/watch?v=hrbf6tLILE4,989,66,50,352,https://www.twitch.tv/videos/2863444242
9ff913f8a0fa42269c6e3d462af1b2e0,6230,162360,1674,1172,15861,https://www.youtube.com/watch?v=Emqi4AJPIV8,2057,1403,3190,https://www.youtube.com/watch?v=Sfa11lwLgqw,1321,1053,15861,https://www.youtube.com/watch?v=Emqi4AJPIV8,0,0,0,0,
b8cd7bf3e49d4cc1a24140546b91f462,6230,385188,0,0,0,,0,0,0,,0,0,0,,47,0,0,0,
1307131312c54a11ab326e62474efc8a,6230,245089,0,0,0,,0,0,0,,0,0,0,,0,0,0,0,
208d8aa3792641d6ae4e0de5a10a4a6f,6210,391714,666,208,1652,https://www.youtube.com/watch?v=TU2zygq_V6M,230,120,903,https://www.youtube.com/watch?v=1_6miC8QEXw,1097,326,1652,https://www.youtube.com/watch?v=TU2zygq_V6M,1590,122,93,197,https://www.twitch.tv/videos/2867577417
2978ff3ab5f54898947af41ca4d47c4c,6190,158159,600,356,1873,https://www.youtube.com/watch?v=IpdF39Yv7Wo,600,356,1873,https://www.youtube.com/watch?v=IpdF39Yv7Wo,0,0,0,,552,0,0,0,
fceadce7c37f4cc08bc747aa79c3cf9e,6180,255444,421,243,1615,https://www.youtube.com/watch?v=QvfpSPT_l7g,397,209,1538,https://www.youtube.com/watch?v=84qkgxnFcG0,1323,445,1615,https://www.youtube.com/watch?v=QvfpSPT_l7g,0,0,0,0,
34edb431f7da4a43b2a6a9d79d2858d1,6180,355473,955,433,2030,https://www.youtube.com/watch?v=UrGtKNykhDk,955,433,1875,https://www.youtube.com/watch?v=87RzPv0ZVCc,1147,276,2030,https://www.youtube.com/watch?v=UrGtKNykhDk,674,716,408,716,https://www.twitch.tv/videos/2864169306
25027be34ca844c885f40d5c26507898,6160,379498,987,508,4814,https://www.youtube.com/watch?v=nP5J8I-FukY,987,508,4814,https://www.youtube.com/watch?v=nP5J8I-FukY,1737,934,2588,https://www.youtube.com/watch?v=n8kvZB8TAg8,0,0,0,0,
dbfaa5f3d01142df8a05c4946a0a22dc,6130,555057,1267,619,6104,https://www.youtube.com/watch?v=MPlDHU6XTbQ,1092,554,2485,https://www.youtube.com/watch?v=MnUMWnOhbc4,4560,2822,6104,https://www.youtube.com/watch?v=MPlDHU6XTbQ,0,0,0,0,
1a3a0feb188e499ab4972c971d639f58,6090,273908,0,0,0,,0,0,0,,0,0,0,,0,0,0,0,
b6a105f12b904256ba356935ae46657f,6060,42828,288,196,602,https://www.youtube.com/watch?v=JBr-MYqpt-o,377,342,602,https://www.youtube.com/watch?v=JBr-MYqpt-o,92,51,92,https://www.youtube.com/watch?v=mtVRmz2SlDk,8778,414,155,71697,https://www.twitch.tv/videos/2869405035
a83b6d485350402b90238deb371ae654,6060,113363,0,0,0,,0,0,0,,0,0,0,,4057,0,0,0,
75b388425b774a9f99a4483e295a13f0,6040,817842,257,71,969,https://www.youtube.com/watch?v=ShEauF8zqS8,312,172,969,https://www.youtube.com/watch?v=ShEauF8zqS8,165,47,472,https://www.youtube.com/watch?v=zEEIgc-vnnw,419,0,0,0,
6b43c568bdf044e4a4ae0bae0cb9fff2,6010,279174,868,429,26556,https://www.youtube.com/watch?v=CSImh7faH60,546,343,1343,https://www.youtube.com/watch?v=6xZWvVkFHY0,1319,730,26556,https://www.youtube.com/watch?v=CSImh7faH60,0,0,0,0,
16c4a9b7211a44f6b98d8e1aebf4ea70,6000,222430,0,0,0,,0,0,0,,0,0,0,,635,0,0,0,
4cd21df2b76148b182903cc0aebe2bfa,5980,236818,269,130,668,https://www.youtube.com/watch?v=tQbehWxdAYY,340,115,668,https://www.youtube.com/watch?v=tQbehWxdAYY,255,137,269,https://www.youtube.com/watch?v=3Xs6j1AVQOQ,0,0,0,0,
dcbe7946e39e48bcb0b725de64a445c8,5950,595232,1438,614,5381,https://www.youtube.com/watch?v=0X1HKdrEXmc,1438,614,5381,https://www.youtube.com/watch?v=0X1HKdrEXmc,0,0,0,,0,0,0,0,
9b11be3138284ff3904d3292d6aaa284,5930,315466,290,103,934,https://www.youtube.com/watch?v=mfx37dh8k0w,295,163,304,https://www.youtube.com/watch?v=YQMv2vXEfDM,92,78,934,https://www.youtube.com/watch?v=mfx37dh8k0w,0,0,0,0,
86154ca2dc964847b37297138aa65b9f,5930,254419,192,86,492,https://www.youtube.com/watch?v=L7XEuJ2WwaI,192,86,492,https://www.youtube.com/watch?v=L7XEuJ2WwaI,0,0,0,,1057,0,0,0,
1ae72d56be5547b1825cdc0fdc0cce2e,5920,81587,117,31,164,https://www.youtube.com/watch?v=YosgzIp6USA,117,31,164,https://www.youtube.com/watch?v=YosgzIp6USA,0,0,0,,0,0,0,0,
7f4f30df30ec405bb0968c585b243fa5,5920,504346,763,409,1518,https://www.youtube.com/watch?v=0-LNVHNlmbg,763,409,1518,https://www.youtube.com/watch?v=0-LNVHNlmbg,0,0,0,,948,571,481,1021,https://www.twitch.tv/videos/2870712854
33717d815310491da465eb6258a70b1c,5910,283595,338,198,672,https://www.youtube.com/watch?v=oaBTN5aN-tE,338,198,672,https://www.youtube.com/watch?v=oaBTN5aN-tE,0,0,0,,0,0,0,0,
325c292889f542688512641841b4ed8a,5900,260292,0,0,0,,0,0,0,,0,0,0,,0,0,0,0,
7ae1c13d53fb44f49f386eef43c63ee4,5880,333113,378,184,1595,https://www.youtube.com/watch?v=LhxwbnYKMvY,381,220,1060,https://www.youtube.com/watch?v=jExe0KTI2Pk,239,81,1595,https://www.youtube.com/watch?v=LhxwbnYKMvY,77,0,0,0,
443ba741722742d5b7d5f76c3e7b445b,5820,578861,411,251,12275,https://www.youtube.com/watch?v=qECtgHRdvwA,409,184,1758,https://www.youtube.com/watch?v=D9GAarwiJW0,790,397,12275,https://www.youtube.com/watch?v=qECtgHRdvwA,0,0,0,0,
58c4453bedb9463ab1dcb522d4d50faf,5800,1071503,602,392,2152,https://www.youtube.com/watch?v=-j9Yi_xLpr4,602,392,2152,https://www.youtube.com/watch?v=-j9Yi_xLpr4,0,0,0,,0,0,0,0,
925d91a363914edfb035fe6c08946be9,5780,194944,586,270,1337,https://www.youtube.com/watch?v=HaSiBvwqE7s,586,270,1337,https://www.youtube.com/watch?v=HaSiBvwqE7s,0,0,0,,0,0,0,0,
e0f419006f244a51804050ede1d1a5aa,5740,1508088,548,298,2567,https://www.youtube.com/watch?v=mArD2EWU5IQ,396,220,2567,https://www.youtube.com/watch?v=mArD2EWU5IQ,2344,657,2551,https://www.youtube.com/watch?v=GMyyF5gmg4w,0,0,0,0,
58304450990a433b88acd02b889b74e6,5730,193762,348,171,984,https://www.youtube.com/watch?v=oKX3oFNjlRI,383,194,984,https://www.youtube.com/watch?v=oKX3oFNjlRI,19,18,19,https://www.youtube.com/watch?v=HDlAoIlGukA,298,99,74,100,https://www.twitch.tv/videos/2872184030
988d1a83ff6c4f82af6be42946987c36,5720,446704,912,341,1616,https://www.youtube.com/watch?v=L0_J-bhgs-U,374,282,701,https://www.youtube.com/watch?v=3gTqPBdkE_s,1176,420,1616,https://www.youtube.com/watch?v=L0_J-bhgs-U,0,0,0,0,
e17f42aa104040deae2ee3f3b1e85ed8,5700,323288,0,0,0,,0,0,0,,0,0,0,,40099,3010,2810,3010,https://www.twitch.tv/videos/2873921759
3f36658defc1428b8d4628478ef59256,5690,517895,1044,449,8503,https://www.youtube.com/watch?v=38CZGsfXFBk,504,289,6004,https://www.youtube.com/watch?v=a5O4NpYqM-g,1175,494,8503,https://www.youtube.com/watch?v=38CZGsfXFBk,0,0,0,0,
9e213402f2f54c42866d4f62545921b4,5690,148128,0,0,0,,0,0,0,,0,0,0,,447,0,0,0,
8f0b41303e8a481689fe4309a565ecd3,5670,363651,544,315,1535,https://www.youtube.com/watch?v=2AuEjpoyq4c,461,313,980,https://www.youtube.com/watch?v=BLGbIcV0hcA,1455,316,1535,https://www.youtube.com/watch?v=2AuEjpoyq4c,1470,1,0,1,https://www.twitch.tv/videos/2875473835
220353f9b2634c84953cc7d243fbc6a0,5650,285194,1046,647,18525,https://www.youtube.com/watch?v=Yrn_GugLIGk,983,529,1793,https://www.youtube.com/watch?v=sZf34Xg8fPw,10565,4280,18525,https://www.youtube.com/watch?v=Yrn_GugLIGk,93,0,0,0,
e4e33334b43945b6837ec43826f3727f,5640,283779,588,252,2173,https://www.youtube.com/watch?v=6cKlfhTh8eQ,557,229,1372,https://www.youtube.com/watch?v=A-ZkF6zQuIk,1237,254,2173,https://www.youtube.com/watch?v=6cKlfhTh8eQ,0,0,0,0,
ea7d228d8fb2462f95aef21fc5bd4fb8,5620,1108457,1680,961,6177,https://www.youtube.com/watch?v=f1yOSqy0Yt0,1680,961,6177,https://www.youtube.com/watch?v=f1yOSqy0Yt0,0,0,0,,0,0,0,0,
a800589948934dd68ac2c728cc05fbaf,5610,94247,0,0,0,,0,0,0,,0,0,0,,0,0,0,0,
38ecb20931514383b2d93885136c6b68,5610,251946,416,298,627,https://www.youtube.com/watch?v=DErHxy1682Y,416,298,627,https://www.youtube.com/watch?v=DErHxy1682Y,0,0,0,,0,0,0,0,
d889f67fe7b84a38a9742ab2a47f346a,5590,754885,1518,526,2935,https://www.youtube.com/watch?v=Bf8vsbt02JU,411,275,2144,https://www.youtube.com/watch?v=O1pYske2Sgk,1580,1030,2935,https://www.youtube.com/watch?v=Bf8vsbt02JU,3574,372,239,583,https://www.twitch.tv/videos/2873987355
887b37336c9c4730809ace8b5e38df17,5540,65437,0,0,0,,0,0,0,,0,0,0,,53433,2960,1355,4102,https://www.twitch.tv/videos/2871530258
bd7d712e0946448aa29a1d213d1c1beb,5520,197393,683,185,1904,https://www.youtube.com/watch?v=G7G8ajf1el4,251,135,272,https://www.youtube.com/watch?v=-k9qXxMLkkA,1487,522,1904,https://www.youtube.com/watch?v=G7G8ajf1el4,658,242,156,331,https://www.twitch.tv/videos/2873811117
2c42a2d77b4c481bae57dc00a66c2f16,5510,653103,863,486,2640,https://www.youtube.com/watch?v=CMlwNt_jazU,1124,617,2640,https://www.youtube.com/watch?v=CMlwNt_jazU,304,46,603,https://www.youtube.com/watch?v=LtjOnAj4Mvw,0,0,0,0,
a60e76fb18f44818980d7d5b07cf82c9,5500,301422,1234,512,3044,https://www.youtube.com/watch?v=kV-uVSA8doI,1260,598,3044,https://www.youtube.com/watch?v=kV-uVSA8doI,838,358,1456,https://www.youtube.com/watch?v=1m7dfJUazF8,873,297,199,809,https://www.twitch.tv/videos/2863350357
510bdce263cc479ca12d1fad64bfc65e,5500,424302,608,324,3316,https://www.youtube.com/watch?v=SncATo15TtM,459,240,773,https://www.youtube.com/watch?v=PmD6mcJRv_4,1884,1050,3316,https://www.youtube.com/watch?v=SncATo15TtM,0,0,0,0,
490a48eedc944f9cb74501e6eefeb04d,5500,318814,787,398,864,https://www.youtube.com/watch?v=x6bolqm0-QM,787,398,864,https://www.youtube.com/watch?v=x6bolqm0-QM,0,0,0,,2985,205,151,306,https://www.twitch.tv/videos/2866932767
1ea5aa0a7a7d401b897630667cf4b44e,5470,292261,788,404,1852,https://www.youtube.com/watch?v=QOetx84kByc,767,366,1852,https://www.youtube.com/watch?v=QOetx84kByc,1655,442,1655,https://www.youtube.com/watch?v=A7vndGK3Fas,1305,260,208,313,https://www.twitch.tv/videos/2870444717
428251b7832a48219276fb6e5f644e86,5460,852292,388,240,484,https://www.youtube.com/watch?v=HJHMqxWkE3Y,388,240,484,https://www.youtube.com/watch?v=HJHMqxWkE3Y,0,0,0,,256,0,0,0,
c3bec3f382754230b178f8278eb550fb,5460,288983,405,258,1426,https://www.youtube.com/watch?v=_k2CCwKmVxE,338,159,951,https://www.youtube.com/watch?v=eoAD1Qe_gHs,602,324,1426,https://www.youtube.com/watch?v=_k2CCwKmVxE,0,0,0,0,
8999cce711d64abfb6d451ca6172dd3e,5400,277403,1096,471,2177,https://www.youtube.com/watch?v=A_1Kf7KaK0o,726,378,1635,https://www.youtube.com/watch?v=-i7rFMpzrcQ,1538,632,2177,https://www.youtube.com/watch?v=A_1Kf7KaK0o,0,0,0,0,
a0e2f9b9f851401bbd1736189d4b69b1,5390,135628,0,0,0,,0,0,0,,0,0,0,,0,0,0,0,
fe8ee7b57ae74a1388127b81b136c7ea,5380,29455,203,78,486,https://www.youtube.com/watch?v=GOb9OtgApac,185,58,293,https://www.youtube.com/watch?v=_kA9Cp7p7dw,486,226,486,https://www.youtube.com/watch?v=GOb9OtgApac,665,0,0,0,
529328632b0b4701a469ebc14413f855,5370,202968,519,391,620,https://www.youtube.com/watch?v=raPFCUTyqvU,519,391,620,https://www.youtube.com/watch?v=raPFCUTyqvU,0,0,0,,0,0,0,0,
db1c4d81f03f4b04aca36b8b5b2b9c62,5370,158703,838,540,3099,https://www.youtube.com/watch?v=_Tzt222qsJs,838,540,3099,https://www.youtube.com/watch?v=_Tzt222qsJs,0,0,0,,454,0,0,0,
bdaa84ad3c7841d6a9ec8774ed9d40a9,5320,212552,586,270,3589,https://www.youtube.com/watch?v=RD-mJBedgsw,586,270,3589,https://www.youtube.com/watch?v=RD-mJBedgsw,0,0,0,,0,0,0,0,
c8858f1d4a2b41a4bbf738530023d6f9,5300,213108,168,60,1903,https://www.youtube.com/watch?v=GZZFzkH8Zi4,168,60,1903,https://www.youtube.com/watch?v=GZZFzkH8Zi4,0,0,0,,375,72,17,148,https://www.twitch.tv/videos/2861490563
b473dffe721745f6beb34b5a49e9aeda,5300,399656,0,0,0,,0,0,0,,0,0,0,,0,0,0,0,
4cc400969073471f9d2808a807e95f7d,5290,627080,728,253,1250,https://www.youtube.com/watch?v=hK-sGDVOkcA,0,0,0,,728,253,1250,https://www.youtube.com/watch?v=hK-sGDVOkcA,0,0,0,0,
7e088cf828bf4e02ae65bb8a1f6a8b89,5260,196477,309,255,394,https://www.youtube.com/watch?v=AZXtrwXgcC0,309,255,394,https://www.youtube.com/watch?v=AZXtrwXgcC0,0,0,0,,207,0,0,0,
1f2b5204983b4d5ebe0a9352de3a66f6,5260,120978,430,53,548,https://www.youtube.com/watch?v=3myQj5AcOgs,430,53,548,https://www.youtube.com/watch?v=3myQj5AcOgs,0,0,0,,0,0,0,0,
b6f8117355b24e9c8a8a4c813a72aec9,5240,662511,346,302,1607,https://www.youtube.com/watch?v=NUAaHkS6gng,0,0,0,,346,302,1607,https://www.youtube.com/watch?v=NUAaHkS6gng,1447,293,233,386,https://www.twitch.tv/videos/2870290190
42b8bd7bed2a4ddd930cfd223657e9ca,5220,263543,918,403,7079,https://www.youtube.com/watch?v=-Lk2lW73KEk,904,373,7079,https://www.youtube.com/watch?v=-Lk2lW73KEk,1205,961,1332,https://www.youtube.com/watch?v=r6T4pVMOl-s,1455,219,128,231,https://www.twitch.tv/videos/2864943872
74ef34317983453ab86223490eba4f6e,5220,198829,848,293,2930,https://www.youtube.com/watch?v=j8oyfUxrKUo,866,410,2930,https://www.youtube.com/watch?v=j8oyfUxrKUo,327,176,380,https://www.youtube.com/watch?v=nM4DKGQaIl8,457,170,163,204,https://www.twitch.tv/videos/2872933465
cc2a13ac075e4640b19020a51dcf9d88,5210,141720,0,0,0,,0,0,0,,0,0,0,,573,0,0,0,
f03fa714465e44ef8d339474bd0f4a02,5210,224626,650,304,1653,https://www.youtube.com/watch?v=appTtoixREU,532,268,1653,https://www.youtube.com/watch?v=appTtoixREU,1271,809,1549,https://www.youtube.com/watch?v=dcicN-qb0mI,0,0,0,0,
def76c5c31fe4466b5ae6e6940ae6e58,5200,652149,492,206,945,https://www.youtube.com/watch?v=7J4d9XcJs2Y,555,347,945,https://www.youtube.com/watch?v=7J4d9XcJs2Y,396,173,469,https://www.youtube.com/watch?v=_Vr7Ljge4Xs,0,0,0,0,
29294f0665864cee8bb2b48697b9e84f,5160,335720,989,520,2862,https://www.youtube.com/watch?v=HxuRcToj5aE,989,520,2862,https://www.youtube.com/watch?v=HxuRcToj5aE,0,0,0,,356,0,0,0,
effe96469a7348c786d01ccea8cf71cb,5140,184237,0,0,0,,0,0,0,,0,0,0,,0,0,0,0,
c21d4186912d4652a7fb5a1b3ef382b6,5110,201928,308,91,1828,https://www.youtube.com/watch?v=iFe437lsQUw,308,91,1828,https://www.youtube.com/watch?v=iFe437lsQUw,0,0,0,,3002,376,252,628,https://www.twitch.tv/videos/2865947189
db4df79a2e664ebb96d1a0ce5e4c0e63,5110,364450,1666,926,10236,https://www.youtube.com/watch?v=UP8L6fvStsA,1522,907,2012,https://www.youtube.com/watch?v=NXBM5Wj2lvg,5427,2347,10236,https://www.youtube.com/watch?v=UP8L6fvStsA,0,0,0,0,
fad69c2a625446829ef410d9ef277c8f,5080,174357,386,136,858,https://www.youtube.com/watch?v=DsmRGGVU1aY,386,165,858,https://www.youtube.com/watch?v=DsmRGGVU1aY,368,87,508,https://www.youtube.com/watch?v=O9IPFgw8MFA,0,0,0,0,
b2313ef4c37542c89796ae94dfb8228d,5060,210159,597,281,3294,https://www.youtube.com/watch?v=OMkjc91ZBH4,935,396,3294,https://www.youtube.com/watch?v=OMkjc91ZBH4,390,258,644,https://www.youtube.com/watch?v=BSSsffVe_dw,570,276,169,467,https://www.twitch.tv/videos/2863365192
6fb8c6dea7404638a9d78d4b0d84f64c,5040,62143,2996,1931,3703,https://www.youtube.com/watch?v=vZ6ECMSVY2g,2996,1931,3703,https://www.youtube.com/watch?v=vZ6ECMSVY2g,0,0,0,,2826,0,0,0,
33e0b518387b4479a76910366cd2a413,5030,262518,105,66,1520,https://www.youtube.com/watch?v=g8adrLH2oKY,84,24,105,https://www.youtube.com/watch?v=-NrGESSZ23o,1172,593,1520,https://www.youtube.com/watch?v=g8adrLH2oKY,407,848,470,943,https://www.twitch.tv/videos/2874828491
3589be2c85dc460aa8de768c7a228730,5010,224686,235,153,590,https://www.youtube.com/watch?v=o5A_eOls93c,235,153,590,https://www.youtube.com/watch?v=o5A_eOls93c,0,0,0,,0,0,0,0,
b9569d6e438b473ba61d88c0230899f5,5010,284422,284,25,381,https://www.youtube.com/watch?v=x_PE8hmrstg,208,131,284,https://www.youtube.com/watch?v=zgCXMx10fzU,381,25,381,https://www.youtube.com/watch?v=x_PE8hmrstg,0,0,0,0,
c0ea5a6a7ede42fca6f3c6c87fc9d72e,4980,222295,699,399,3676,https://www.youtube.com/watch?v=mlDzwF2xFP0,606,432,3676,https://www.youtube.com/watch?v=mlDzwF2xFP0,706,258,2154,https://www.youtube.com/watch?v=jgNdlQaY88s,0,0,0,0,
36f4fa8dbd7740c3ae5ac02b890fa502,4960,313197,178,92,441,https://www.youtube.com/watch?v=UQRmAK2Jv5A,187,106,441,https://www.youtube.com/watch?v=UQRmAK2Jv5A,50,9,50,https://www.youtube.com/watch?v=F5lECfjVXd0,1065,0,0,0,
19c3bdcc95134ef38ad98df3f92f3ccb,4950,327459,0,0,0,,0,0,0,,0,0,0,,854,0,0,0,
de071f4fc90344748afac14099022672,4950,153400,1993,214,2917,https://www.youtube.com/watch?v=1f3YjJwY9Eo,0,0,0,,1993,214,2917,https://www.youtube.com/watch?v=1f3YjJwY9Eo,12880,6582,2259,144294,https://www.twitch.tv/videos/2872852424
a1bc1c5451e64266a0f21f0847dd8d2f,4940,187869,170,46,492,https://www.youtube.com/watch?v=kB7i_w2X8lQ,170,46,170,https://www.youtube.com/watch?v=bQTFYMRyV0U,288,242,492,https://www.youtube.com/watch?v=kB7i_w2X8lQ,492,0,0,0,
8fd3526ba2074df896bbcb47e713565b,4940,123424,167,64,408,https://www.youtube.com/watch?v=8F3sbqkseAw,145,46,408,https://www.youtube.com/watch?v=8F3sbqkseAw,405,95,405,https://www.youtube.com/watch?v=LDZE4GmfSG8,0,0,0,0,
a2c7c34474174cd2bffcc17a32aeec21,4940,343212,348,138,1707,https://www.youtube.com/watch?v=R3MsGQkNrss,300,103,1254,https://www.youtube.com/watch?v=e6Q0CXyqjCk,1101,188,1707,https://www.youtube.com/watch?v=R3MsGQkNrss,1056,184,127,335,https://www.twitch.tv/videos/2874308662
d0b68b633fba4c02a627751778973f36,4930,113550,304,133,304,https://www.youtube.com/watch?v=K8__Os_u0LM,304,133,304,https://www.youtube.com/watch?v=K8__Os_u0LM,0,0,0,,0,0,0,0,
a9f1edc233804d4b90a9996219a3b14b,4920,259617,244,132,619,https://www.youtube.com/watch?v=Mtc_N0RKVvs,249,148,619,https://www.youtube.com/watch?v=Mtc_N0RKVvs,176,98,212,https://www.youtube.com/watch?v=PhNR6V6rkek,0,0,0,0,
94082eb7d950471b934592394ad3e4c8,4910,298601,0,0,0,,0,0,0,,0,0,0,,0,0,0,0,
9ceaafbe1a9a41bb9526b113354e03cc,4910,362387,363,200,462,https://www.youtube.com/watch?v=8Od62-Q9L64,462,224,462,https://www.youtube.com/watch?v=8Od62-Q9L64,351,177,375,https://www.youtube.com/watch?v=NGcNkW9ykQ4,0,0,0,0,
17610c1e36214c0f8002456d8b0bcf36,4900,190478,0,0,0,,0,0,0,,0,0,0,,0,0,0,0,
32b83b466c11418bb380623a95944302,4880,397432,676,467,1333,https://www.youtube.com/watch?v=O1uRzRN1g_I,0,0,0,,676,467,1333,https://www.youtube.com/watch?v=O1uRzRN1g_I,3494,269,125,558,https://www.twitch.tv/videos/2864959376
bcbde4d998e341418ebdf3e26884811d,4860,168835,279,158,585,https://www.youtube.com/watch?v=X3IvLCWYMuc,260,140,585,https://www.youtube.com/watch?v=X3IvLCWYMuc,332,161,439,https://www.youtube.com/watch?v=H3F05Kd1Srk,0,0,0,0,
c6dab598fcee4b6b9bff76d2e8ffc8e6,4850,408718,1096,424,1863,https://www.youtube.com/watch?v=GtIUynjr1JM,0,0,0,,1096,424,1863,https://www.youtube.com/watch?v=GtIUynjr1JM,820,90,63,90,https://www.twitch.tv/videos/2867735842
f9c9c29a9fb143539ade06564b99b233,4850,4291,0,0,0,,0,0,0,,0,0,0,,0,0,0,0,
ad6cf3322d204c79afa7d14d4d36473c,4840,373000,1263,427,1652,https://www.youtube.com/watch?v=dr32eQrEL3U,0,0,0,,1263,427,1652,https://www.youtube.com/watch?v=dr32eQrEL3U,0,0,0,0,
3dd8c72cab6d494dbd6fbf0a0e3dc41a,4830,399524,442,232,2097,https://www.youtube.com/watch?v=-ebE80P_xi0,391,197,2097,https://www.youtube.com/watch?v=-ebE80P_xi0,1269,633,1778,https://www.youtube.com/watch?v=JvYESOexbds,1427,198,137,492,https://www.twitch.tv/videos/2866650213
20327c35cc9d4deba93299b790d7d721,4830,276406,399,234,1174,https://www.youtube.com/watch?v=KhIb2Arcieg,399,221,837,https://www.youtube.com/watch?v=QxY9x2EzD84,431,244,1174,https://www.youtube.com/watch?v=KhIb2Arcieg,0,0,0,0,
2d9ef8be75c34daf9ce9d17ecbbe0f7a,4820,717288,219,118,1966,https://www.youtube.com/watch?v=ntaGe4BJpTc,219,118,498,https://www.youtube.com/watch?v=9Dq06fXXEtQ,1013,234,1966,https://www.youtube.com/watch?v=ntaGe4BJpTc,819,74,54,113,https://www.twitch.tv/videos/2873922345
9de74d9cd68f481396a3dbd76d529a24,4820,217917,306,164,469,https://www.youtube.com/watch?v=4D7tNglUaxU,306,164,469,https://www.youtube.com/watch?v=4D7tNglUaxU,0,0,0,,140,59,51,59,https://www.twitch.tv/videos/2872112115
2e266a71aa3d4a67bb8d9a2a0b573319,4810,282286,0,0,0,,0,0,0,,0,0,0,,41521,0,0,0,
256dd6464e974e118dc8103d5e9eb0b3,4800,112398,0,0,0,,0,0,0,,0,0,0,,3896,445,289,708,https://www.twitch.tv/videos/2871171092
d66fb507852f4d889e426c8ea0f9f246,4800,245303,1184,742,2729,https://www.youtube.com/watch?v=rnYLCEGu1kE,956,683,2729,https://www.youtube.com/watch?v=rnYLCEGu1kE,1230,784,1501,https://www.youtube.com/watch?v=ijpmzRPq6Rk,595,58,35,58,https://www.twitch.tv/videos/2865161806
e1b2337b79d1449e9ae6a754ec74050d,4780,634782,301,99,687,https://www.youtube.com/watch?v=ByspLf1FeyU,301,99,687,https://www.youtube.com/watch?v=ByspLf1FeyU,0,0,0,,0,0,0,0,
4c8efd1d28d04eeabd21a3c337f154b9,4780,96036,417,94,673,https://www.youtube.com/watch?v=2NQFPl0hJnQ,417,94,673,https://www.youtube.com/watch?v=2NQFPl0hJnQ,0,0,0,,0,0,0,0,
de81b740d66c439685aa37491d27efc4,4760,457049,0,0,0,,0,0,0,,0,0,0,,4303,246,173,450,https://www.twitch.tv/videos/2871017963
73827056b15849549388f720dde25c01,4750,275373,875,352,2546,https://www.youtube.com/watch?v=ura48ry44fE,612,269,2546,https://www.youtube.com/watch?v=ura48ry44fE,953,477,2520,https://www.youtube.com/watch?v=DLhm0-kOOqQ,0,0,0,0,
4762b7be8b764f19a33a7cf167c2ea64,4740,72602,434,293,834,https://www.youtube.com/watch?v=zfujrv93fag,600,389,834,https://www.youtube.com/watch?v=zfujrv93fag,361,265,423,https://www.youtube.com/watch?v=KgeBPJ9fl_o,0,0,0,0,
53d808d5b57f452a96d67861f3da1f8c,4740,277729,967,529,3917,https://www.youtube.com/watch?v=Y9vvoI7fGpg,970,541,3917,https://www.youtube.com/watch?v=Y9vvoI7fGpg,484,466,484,https://www.youtube.com/watch?v=wffiOIzoJgU,313,139,102,279,https://www.twitch.tv/videos/2864119863
60ff50e95399472b96a6fbe83d75e806,4730,241116,717,297,1685,https://www.youtube.com/watch?v=Rffn5jKHuGU,537,318,1685,https://www.youtube.com/watch?v=Rffn5jKHuGU,1189,277,1665,https://www.youtube.com/watch?v=dZ0ZP67WLHI,761,293,208,598,https://www.twitch.tv/videos/2867785396
2683fa864bd24112b6f7d04afb096a4e,4720,286548,423,257,881,https://www.youtube.com/watch?v=povnPpvs7ow,423,257,881,https://www.youtube.com/watch?v=povnPpvs7ow,0,0,0,,384,0,0,0,
0ede84dfc1ff426cb42643d7390d2937,4700,756871,384,231,1691,https://www.youtube.com/watch?v=JXPHggOTiPk,381,215,1489,https://www.youtube.com/watch?v=BszFG1_yJm0,1691,863,1691,https://www.youtube.com/watch?v=JXPHggOTiPk,1776,242,196,361,https://www.twitch.tv/videos/2866866321
ffb8b8f15321474a98628cb638631bf1,4700,911103,134,35,134,https://www.youtube.com/watch?v=_Puo6G5vGk8,0,0,0,,134,35,134,https://www.youtube.com/watch?v=_Puo6G5vGk8,0,0,0,0,
b516b71a9e8d43b8a377dabe1f9057dd,4680,139021,329,173,1445,https://www.youtube.com/watch?v=ozuuTwS3d4Y,377,203,1445,https://www.youtube.com/watch?v=ozuuTwS3d4Y,121,7,173,https://www.youtube.com/watch?v=kIjEZmE-gBc,596,79,68,132,https://www.twitch.tv/videos/2863053215
7f049d05ff3a4946998b9ddd7df409fd,4670,183294,479,193,9763,https://www.youtube.com/watch?v=2TH1XlRcSIU,299,195,1578,https://www.youtube.com/watch?v=ekc-oudcONQ,1176,182,9763,https://www.youtube.com/watch?v=2TH1XlRcSIU,2445,136,97,363,https://www.twitch.tv/videos/2863912551
3a43445829024217b728d04d5398b61c,4670,247316,847,380,1720,https://www.youtube.com/watch?v=_n-IXPVQ1bI,847,380,1720,https://www.youtube.com/watch?v=_n-IXPVQ1bI,0,0,0,,0,0,0,0,
a99bc695c89d41e391a5abf6e781c911,4670,377781,185,65,911,https://www.youtube.com/watch?v=VpEwkcGud14,0,0,0,,185,65,911,https://www.youtube.com/watch?v=VpEwkcGud14,0,0,0,0,
b3c1a09b09a54b9a8078d3310d151efe,4640,125763,170,47,449,https://www.youtube.com/watch?v=7QMH4C0q888,170,47,449,https://www.youtube.com/watch?v=7QMH4C0q888,0,0,0,,0,0,0,0,
f658ebdc79bf4cef928a87d3a35855a5,4620,96684,73,53,165,https://www.youtube.com/watch?v=bN5wVn48byI,73,53,165,https://www.youtube.com/watch?v=bN5wVn48byI,0,0,0,,0,0,0,0,
98181ce64b3d45a9aa295c446e1bae9e,4590,119274,0,0,0,,0,0,0,,0,0,0,,571,0,0,0,
58bb51ba1bba485a98cbf859fb5687f4,4590,653990,1157,373,2466,https://www.youtube.com/watch?v=pZCNm05M-RQ,328,187,2466,https://www.youtube.com/watch?v=pZCNm05M-RQ,1381,568,1928,https://www.youtube.com/watch?v=iw0oOzQ8dTE,1853,0,0,0,
6073eb006b764614915e90b5c54ce7e6,4580,299242,0,0,0,,0,0,0,,0,0,0,,3388,544,433,853,https://www.twitch.tv/videos/2874651684
00d9cb7b0bcd451999f4fd33dd84be6c,4570,843660,998,363,3370,https://www.youtube.com/watch?v=ak4kZztWG-M,815,221,3370,https://www.youtube.com/watch?v=ak4kZztWG-M,1535,1290,2056,https://www.youtube.com/watch?v=yox9MAMTxCU,5142,544,205,1153,https://www.twitch.tv/videos/2855793334
cbba76fd34d74307a9f826e03b8e4db5,4570,220131,830,420,2800,https://www.youtube.com/watch?v=qZSZRbtgjSs,830,420,2800,https://www.youtube.com/watch?v=qZSZRbtgjSs,0,0,0,,868,250,237,329,https://www.twitch.tv/videos/2873959252
d41f0a9dfdec46929f6f9534f8d79167,4540,65552,0,0,0,,0,0,0,,0,0,0,,0,0,0,0,
4f5a88e0193a4c948f7e84c56303db82,4530,133499,337,176,1696,https://www.youtube.com/watch?v=L5tkldylet4,317,165,599,https://www.youtube.com/watch?v=p2v6dYCfSJs,1696,660,1696,https://www.youtube.com/watch?v=L5tkldylet4,0,0,0,0,
50433c34f368460c9cda947f292a62b4,4490,363414,928,420,1233,https://www.youtube.com/watch?v=4-UeUcpfhj8,928,420,1233,https://www.youtube.com/watch?v=4-UeUcpfhj8,0,0,0,,0,0,0,0,
52b5fa7ff03945368644f52035a5e798,4490,370113,442,401,442,https://www.youtube.com/watch?v=4RWRPAVnwHU,442,401,442,https://www.youtube.com/watch?v=4RWRPAVnwHU,0,0,0,,0,0,0,0,
9d74c909706a450ea35c1777cac79e77,4450,558139,741,410,4424,https://www.youtube.com/watch?v=L9XgI7n595U,741,435,4424,https://www.youtube.com/watch?v=L9XgI7n595U,860,195,2229,https://www.youtube.com/watch?v=NPhbT1g0x9M,890,201,180,309,https://www.twitch.tv/videos/2871832546
c90914afde364f5e982414615662f5a7,4450,389333,346,181,583,https://www.youtube.com/watch?v=HwdxTsTbx-s,346,181,583,https://www.youtube.com/watch?v=HwdxTsTbx-s,0,0,0,,1924,220,150,418,https://www.twitch.tv/videos/2873974789
0fa88d7be0ba4850abea150aa73fe440,4440,262065,0,0,0,,0,0,0,,0,0,0,,0,0,0,0,
c17ad3ef81904c26982024c9af1f0f3a,4420,197749,1164,677,3596,https://www.youtube.com/watch?v=F3Vv2TppW4g,1039,656,3596,https://www.youtube.com/watch?v=F3Vv2TppW4g,1164,677,1564,https://www.youtube.com/watch?v=UU4Y_LZRYMM,3578,255,204,883,https://www.twitch.tv/videos/2867513699
f18910b4b83a48558f16836f4c1488eb,4420,181682,2047,253,3451,https://www.youtube.com/watch?v=x0nzJ4EKFLU,643,49,643,https://www.youtube.com/watch?v=8WOZhftQavQ,3451,456,3451,https://www.youtube.com/watch?v=x0nzJ4EKFLU,0,0,0,0,
7b2d1d71057b4ac2a16109b980a99e28,4420,310638,572,253,2838,https://www.youtube.com/watch?v=x5sy6PrAOAc,234,134,2838,https://www.youtube.com/watch?v=x5sy6PrAOAc,1346,631,2190,https://www.youtube.com/watch?v=wJJFihN18mQ,0,0,0,0,
ccc1420185ad46d49d40b6b774db9b11,4410,253707,284,212,750,https://www.youtube.com/watch?v=FqQ45RTL3OY,269,212,750,https://www.youtube.com/watch?v=FqQ45RTL3OY,337,197,380,https://www.youtube.com/watch?v=fmBSHQc9WPw,798,54,45,135,https://www.twitch.tv/videos/2864792602
36b917d4265f43a1a6cc9eb1d7b20608,4410,144645,2353,1272,21153,https://www.youtube.com/watch?v=ZBOUYO_7jVU,2713,1994,10625,https://www.youtube.com/watch?v=nqR6o_9e09c,2331,1126,21153,https://www.youtube.com/watch?v=ZBOUYO_7jVU,893,1112,761,3721,https://www.twitch.tv/videos/2871143251
637b3a1eb03443248ebd1caba56e6b5a,4410,222752,496,307,2614,https://www.youtube.com/watch?v=wcZt8emjYVU,496,307,2614,https://www.youtube.com/watch?v=wcZt8emjYVU,0,0,0,,0,0,0,0,
98187e2cc8c34f5d8e0853bffc1a30c9,4400,153353,439,310,757,https://www.youtube.com/watch?v=RY4hKt3Hpt4,439,310,757,https://www.youtube.com/watch?v=RY4hKt3Hpt4,0,0,0,,0,0,0,0,
627d42f52e604f3e8eadc7f04ef74d2a,4400,209590,0,0,0,,0,0,0,,0,0,0,,3693,343,152,689,https://www.twitch.tv/videos/2873700719
c16daca9d8b84b18a38ab97cdcd7577a,4360,441495,544,329,11056,https://www.youtube.com/watch?v=aXkqJOPYGIg,543,329,1427,https://www.youtube.com/watch?v=n9zPpHveePU,7099,2476,11056,https://www.youtube.com/watch?v=aXkqJOPYGIg,0,0,0,0,
5fd252ad134343a59705e00390c6d9ef,4350,117932,0,0,0,,0,0,0,,0,0,0,,1730,0,0,0,
4e4721deba7c4681b1172714a29e6f19,4350,291130,515,232,645,https://www.youtube.com/watch?v=y7TK63XKIgA,515,232,645,https://www.youtube.com/watch?v=y7TK63XKIgA,0,0,0,,0,0,0,0,
53335d77cc69488c8b49ec97548c3297,4320,103546,1031,765,3959,https://www.youtube.com/watch?v=hD8lvg2XHio,820,523,3293,https://www.youtube.com/watch?v=uOxM1-lxsfg,2735,1604,3959,https://www.youtube.com/watch?v=hD8lvg2XHio,0,0,0,0,
ec12bbfb27d24091aa6a7d64ff9429ea,4320,114315,477,372,556,https://www.youtube.com/watch?v=nOMkLB-tROo,0,0,0,,477,372,556,https://www.youtube.com/watch?v=nOMkLB-tROo,5758,501,200,3132,https://www.twitch.tv/videos/2851909197
58e377df63f745fc8473368b20afe2ae,4310,240366,231,108,337,https://www.youtube.com/watch?v=zxtr1E-J0_A,231,108,337,https://www.youtube.com/watch?v=zxtr1E-J0_A,0,0,0,,307,15,13,18,https://www.twitch.tv/videos/2874049237
f4fc9f87ed4b4f05a339b1f1a1d621b6,4290,92362,0,0,0,,0,0,0,,0,0,0,,0,0,0,0,
caebfeea12c840f0ae0f0e2beb57b4e2,4280,227674,0,0,0,,0,0,0,,0,0,0,,0,0,0,0,
81387cdce77a4a9b9338145b28ae9ff6,4260,0,0,0,0,,0,0,0,,0,0,0,,0,0,0,0,
ba41581d315943fdaebe0dc981020d1c,4260,247168,1144,594,1380,https://www.youtube.com/watch?v=fLqSxKKWR2U,377,297,377,https://www.youtube.com/watch?v=zW3FM-5eLLI,1262,810,1380,https://www.youtube.com/watch?v=fLqSxKKWR2U,0,0,0,0,
90446c6f1b704ff6b0fbbf017f0a68c5,4250,163233,735,368,1542,https://www.youtube.com/watch?v=z-qOZV7wDbM,735,368,1542,https://www.youtube.com/watch?v=z-qOZV7wDbM,642,377,1211,https://www.youtube.com/watch?v=ykmY7701jyY,0,0,0,0,
872627e5c7a248bfb41a055dee03029a,4230,142067,59,24,114,https://www.youtube.com/watch?v=TU5i0ZhyEbY,76,35,114,https://www.youtube.com/watch?v=TU5i0ZhyEbY,35,0,38,https://www.youtube.com/watch?v=qxuq7NkUjlY,760,0,0,0,
9c1450789da443f491a66e6f121482fc,4230,438914,999,564,5994,https://www.youtube.com/watch?v=0YXnPoSYXys,1063,609,5994,https://www.youtube.com/watch?v=0YXnPoSYXys,272,28,272,https://www.youtube.com/watch?v=98NbkGd9aP4,435,0,0,0,
4d9730dc400443e6b8edb719febd5f46,4220,97305,134,65,613,https://www.youtube.com/watch?v=6gQ7mZZCVNg,134,65,613,https://www.youtube.com/watch?v=6gQ7mZZCVNg,0,0,0,,784,0,0,0,
01bebf0363a94b16b2313053c90a1c8a,4210,132671,0,0,0,,0,0,0,,0,0,0,,545,119,81,119,https://www.twitch.tv/videos/2867417008
3e340f9122814acc84ff51a0aec8ae13,4200,135135,0,0,0,,0,0,0,,0,0,0,,0,0,0,0,
16b8db1818764f81addb322d109b5da3,4200,252401,600,458,760,https://www.youtube.com/watch?v=8mIp5VdBhDE,600,458,760,https://www.youtube.com/watch?v=8mIp5VdBhDE,0,0,0,,0,0,0,0,
0490d9546bce4068a0f52b39046bdf91,4170,117282,0,0,0,,0,0,0,,0,0,0,,4449,293,242,293,https://www.twitch.tv/videos/2871057216
eda6bf91049349e08f0f269fb4f8c0f9,4140,174645,86,50,1153,https://www.youtube.com/watch?v=k6tybqoT2Iw,63,31,96,https://www.youtube.com/watch?v=yYn8YmelbXg,582,130,1153,https://www.youtube.com/watch?v=k6tybqoT2Iw,264,23,15,28,https://www.twitch.tv/videos/2868491501
cd44db2c12a54568963299704aa8d4a6,4130,106908,0,0,0,,0,0,0,,0,0,0,,323,0,0,0,
ba5ed25718a7421cb15cd0ec62df723e,4120,179773,900,474,3405,https://www.youtube.com/watch?v=UZjbGg5k8gU,900,474,3405,https://www.youtube.com/watch?v=UZjbGg5k8gU,0,0,0,,501,0,0,0,
8b027d3a3f374c9c8398b6dd751e5018,4120,14248,0,0,0,,0,0,0,,0,0,0,,37272,1067,328,1940,https://www.twitch.tv/videos/2872943282
d177ac8568a14720b35bcc1a829aff51,4100,161989,1195,524,1457,https://www.youtube.com/watch?v=sA2PSCo_rZU,1195,524,1457,https://www.youtube.com/watch?v=sA2PSCo_rZU,0,0,0,,0,0,0,0,
c9ac78b9004c4c26ba4107ccefe399ec,4100,177165,88,28,158,https://www.youtube.com/watch?v=wpG7xgzQD80,88,28,158,https://www.youtube.com/watch?v=wpG7xgzQD80,0,0,0,,0,0,0,0,
5b85294949544a5f8855715acadf66a5,4090,166252,358,229,1999,https://www.youtube.com/watch?v=Ro3BsFcCAao,319,175,436,https://www.youtube.com/watch?v=Kcc_V1undxg,1262,569,1999,https://www.youtube.com/watch?v=Ro3BsFcCAao,2009,93,78,285,https://www.twitch.tv/videos/2863737666
445a732fc0f64712b3213b4cd98fbdd3,4070,193664,1088,443,4653,https://www.youtube.com/watch?v=-pRYhqEz5jM,1957,476,4653,https://www.youtube.com/watch?v=-pRYhqEz5jM,972,354,1088,https://www.youtube.com/watch?v=I41furfLTFE,1002,359,333,922,https://www.twitch.tv/videos/2870314961
4b8f55c74e594978bb461a27b3924336,4060,121070,471,142,2008,https://www.youtube.com/watch?v=aIyctah8dDM,400,80,1016,https://www.youtube.com/watch?v=_1e5L_tWkRA,1675,762,2008,https://www.youtube.com/watch?v=aIyctah8dDM,830,0,0,0,
4a44ee7065ae41ad8d70469297599df8,4050,1135254,40,1,40,https://www.youtube.com/watch?v=Kpr4T7lHb8s,40,1,40,https://www.youtube.com/watch?v=Kpr4T7lHb8s,0,0,0,,0,0,0,0,
780f8a72bb1543a79feb5730b42130c6,4050,291319,484,157,737,https://www.youtube.com/watch?v=QU46JTR4noI,523,174,737,https://www.youtube.com/watch?v=QU46JTR4noI,460,136,460,https://www.youtube.com/watch?v=bnoJTdhIi8M,0,0,0,0,
6bf5f37da9e74d539963689b6b0256a5,4020,534209,574,220,1318,https://www.youtube.com/watch?v=BqVDM05Jt0o,374,185,1279,https://www.youtube.com/watch?v=up0k6RJHVds,1291,410,1318,https://www.youtube.com/watch?v=BqVDM05Jt0o,0,0,0,0,
c371d4c7f516451bac8ae3a9a13dc7f2,4020,133814,139,63,505,https://www.youtube.com/watch?v=cWHM7dZ6MkI,139,63,505,https://www.youtube.com/watch?v=cWHM7dZ6MkI,0,0,0,,1632,126,90,155,https://www.twitch.tv/videos/2867774424
2f80e2f83d254bbdbf48b9c8b3fca995,3990,182194,514,252,952,https://www.youtube.com/watch?v=AL3g7ITUm4U,538,271,952,https://www.youtube.com/watch?v=AL3g7ITUm4U,355,165,506,https://www.youtube.com/watch?v=7_060uiFI4Q,0,0,0,0,
ed4666af39034d54913aba64cfea6f47,3990,409759,598,446,2614,https://www.youtube.com/watch?v=bGn5l4dw1Gs,561,418,2614,https://www.youtube.com/watch?v=bGn5l4dw1Gs,1222,612,1325,https://www.youtube.com/watch?v=q4Ecpsw30Zo,1124,101,55,130,https://www.twitch.tv/videos/2863828989
5cff30a1695346368e3ea7a7c7af4286,3970,452872,173,116,2926,https://www.youtube.com/watch?v=2YdA7RJstnE,152,90,297,https://www.youtube.com/watch?v=scj_LVQEDzI,1313,533,2926,https://www.youtube.com/watch?v=2YdA7RJstnE,772,0,0,0,
0df008566e92461eb808c5b3ba9c7f0f,3940,137064,94,57,537,https://www.youtube.com/watch?v=BeIw27ay5lY,94,57,537,https://www.youtube.com/watch?v=BeIw27ay5lY,0,0,0,,0,0,0,0,
9db6beb02e774aa7a97ba8674a5a8f9d,3930,82578,0,0,0,,0,0,0,,0,0,0,,200,57,52,77,https://www.twitch.tv/videos/2868236266
42e2bc7c16734352b2e18a82e48844ec,3900,583525,422,272,1310,https://www.youtube.com/watch?v=_lqk86Tj_ww,422,272,1310,https://www.youtube.com/watch?v=_lqk86Tj_ww,0,0,0,,0,0,0,0,
9881cf3008684e55aea70a2499e84163,3890,508674,195,142,980,https://www.youtube.com/watch?v=1MMOS2vJSJg,195,142,406,https://www.youtube.com/watch?v=Njf5Uu6ygJ0,582,135,980,https://www.youtube.com/watch?v=1MMOS2vJSJg,192,59,40,70,https://www.twitch.tv/videos/2867718881
7ddebf4d8f6d4c63a4fc7268d8113c10,3850,496754,1088,471,1565,https://www.youtube.com/watch?v=QpHbpxy9g1c,0,0,0,,1088,471,1565,https://www.youtube.com/watch?v=QpHbpxy9g1c,7056,1924,874,3314,https://www.twitch.tv/videos/2870786526
7caa52181a744f68be9e3995c7adec24,3840,59363,295,204,738,https://www.youtube.com/watch?v=_JxJHjgdQho,242,204,738,https://www.youtube.com/watch?v=_JxJHjgdQho,418,221,688,https://www.youtube.com/watch?v=5qSMOeQ87Dc,0,0,0,0,
a03628db891e4e8c9a54bc5161f1f2f4,3830,196333,31,12,1693,https://www.youtube.com/watch?v=aQJ_Z73fIXU,0,0,0,,31,12,1693,https://www.youtube.com/watch?v=aQJ_Z73fIXU,680,95,69,120,https://www.twitch.tv/videos/2864549015
3727892a417b429aa063c7300e132966,3830,227959,813,333,813,https://www.youtube.com/watch?v=igyEGlnS8D0,813,333,813,https://www.youtube.com/watch?v=igyEGlnS8D0,0,0,0,,0,0,0,0,
20f361a84fb3439999c550c10fcf5642,3820,89615,0,0,0,,0,0,0,,0,0,0,,1659,0,0,0,
64bba754590e41c5b58df1c536d4e865,3800,144202,222,146,530,https://www.youtube.com/watch?v=hbZQgziA6-g,222,146,530,https://www.youtube.com/watch?v=hbZQgziA6-g,0,0,0,,862,489,322,502,https://www.twitch.tv/videos/2866118990
edbd401267284e8886c1fd27d08283d4,3800,71682,0,0,0,,0,0,0,,0,0,0,,1025,0,0,0,
db4fd03c50654057bd32b9201666b345,3790,191639,515,313,515,https://www.youtube.com/watch?v=uWG8TzMFdbk,515,313,515,https://www.youtube.com/watch?v=uWG8TzMFdbk,0,0,0,,2285,0,0,0,
3a4fe2f4720747ceabc87b3327ab2b17,3790,105758,252,240,252,https://www.youtube.com/watch?v=bvUsNbFXKVk,252,240,252,https://www.youtube.com/watch?v=bvUsNbFXKVk,0,0,0,,0,0,0,0,
907d39ec8a394cdcb645bd4b2e6351e7,3760,108763,164,16,236,https://www.youtube.com/watch?v=BuaCeQceb2U,164,16,236,https://www.youtube.com/watch?v=BuaCeQceb2U,0,0,0,,0,0,0,0,
dadb89bee9044261848ad444625d94f7,3750,43734,0,0,0,,0,0,0,,0,0,0,,0,0,0,0,
286c24a67720434bbb4290d49fb42a54,3750,220518,232,106,1136,https://www.youtube.com/watch?v=0QNhnfqwoPA,212,103,348,https://www.youtube.com/watch?v=H123dC487N4,1136,1022,1136,https://www.youtube.com/watch?v=0QNhnfqwoPA,0,0,0,0,
644ed2200e8a446bae2920103d1015e3,3750,149772,162,71,460,https://www.youtube.com/watch?v=iA2JdcgG2ug,161,78,460,https://www.youtube.com/watch?v=iA2JdcgG2ug,289,38,294,https://www.youtube.com/watch?v=rJlD_Cw8qs0,0,0,0,0,
8b69d6c508194b93b14fc056038160ab,3740,88638,267,223,2079,https://www.youtube.com/watch?v=XHrhuJHCQ8w,267,223,2079,https://www.youtube.com/watch?v=XHrhuJHCQ8w,0,0,0,,1953,0,0,0,
342b158ba02d4103a1407d62fe786f5e,3740,181396,200,94,200,https://www.youtube.com/watch?v=qGlqCaNu9_c,200,94,200,https://www.youtube.com/watch?v=qGlqCaNu9_c,0,0,0,,1618,0,0,0,
c01af5d5f9b74ac29b51dcae0dc55a2d,3730,303111,889,601,1605,https://www.youtube.com/watch?v=gGnKTN7GpEM,0,0,0,,889,601,1605,https://www.youtube.com/watch?v=gGnKTN7GpEM,0,0,0,0,
601b56797a3246f49cead93e9e190a49,3720,150053,0,0,0,,0,0,0,,0,0,0,,0,0,0,0,
b1c9458ca89b44bab0f09883ef40c45c,3710,138026,692,367,1580,https://www.youtube.com/watch?v=1QPnRNAbM5M,692,367,1580,https://www.youtube.com/watch?v=1QPnRNAbM5M,0,0,0,,0,0,0,0,
f94ba8ea1a5441c4852d53e8f528ee20,3710,286009,999,442,1885,https://www.youtube.com/watch?v=2EWaOQXvWpw,732,373,1138,https://www.youtube.com/watch?v=nxUVjguFqOM,1637,827,1885,https://www.youtube.com/watch?v=2EWaOQXvWpw,582,0,0,0,
a246e7561e5f40799a48eeca69951b7b,3700,188233,313,117,404,https://www.youtube.com/watch?v=ClU4TNWC5ZY,313,117,404,https://www.youtube.com/watch?v=ClU4TNWC5ZY,0,0,0,,129,0,0,0,
e76a030f33bc48a58257b261f95ee3af,3690,154008,360,327,686,https://www.youtube.com/watch?v=0sgWoDsh-LY,360,327,686,https://www.youtube.com/watch?v=0sgWoDsh-LY,0,0,0,,0,0,0,0,
5f9767b104b54292bf6dd29863c0c6b1,3680,387114,198,85,1306,https://www.youtube.com/watch?v=HCWKZUq52Kw,103,59,583,https://www.youtube.com/watch?v=HIJMBOvW6U8,853,280,1306,https://www.youtube.com/watch?v=HCWKZUq52Kw,0,0,0,0,
d78d72ce0aac4c9d9c5c16604209ced3,3660,200239,501,213,1028,https://www.youtube.com/watch?v=nptm2bwpIzg,469,203,727,https://www.youtube.com/watch?v=2kxuSN-cHnA,1028,556,1028,https://www.youtube.com/watch?v=nptm2bwpIzg,0,0,0,0,
a55a6a4b6453413cb8b1dc69423b67d5,3660,433720,451,242,956,https://www.youtube.com/watch?v=1ZPS69nN7rM,451,242,956,https://www.youtube.com/watch?v=1ZPS69nN7rM,0,0,0,,0,0,0,0,
b95eb39c5bb74de687696afbc31fb836,3650,106214,588,339,687,https://www.youtube.com/watch?v=OeJj8Euzz6M,588,339,687,https://www.youtube.com/watch?v=OeJj8Euzz6M,0,0,0,,536,268,125,800,https://www.twitch.tv/videos/2870111342
101cdaf175c643c888d0d33bdab5da15,3650,200331,835,239,2278,https://www.youtube.com/watch?v=4Rw8_k8KEAo,586,137,1971,https://www.youtube.com/watch?v=unQvcUkZxjw,1780,756,2278,https://www.youtube.com/watch?v=4Rw8_k8KEAo,400,121,88,219,https://www.twitch.tv/videos/2869339423
f3085e3337f34b178380b52e3ca429af,3650,203774,955,505,4340,https://www.youtube.com/watch?v=42s3DAOxL48,955,505,4340,https://www.youtube.com/watch?v=42s3DAOxL48,0,0,0,,1046,0,0,0,
f5a683eeac6b4936b44d547c1e4edbc2,3640,108563,346,183,1313,https://www.youtube.com/watch?v=xYBBDJFBTFw,340,181,1018,https://www.youtube.com/watch?v=rsJemJZzkhI,1313,524,1313,https://www.youtube.com/watch?v=xYBBDJFBTFw,192,39,30,58,https://www.twitch.tv/videos/2866662834
75f110ca5e9a4b7db3c57912baf5ca27,3630,232910,450,383,450,https://www.youtube.com/watch?v=u2-_tBigvB4,0,0,0,,450,383,450,https://www.youtube.com/watch?v=u2-_tBigvB4,20044,90131,39003,136815,https://www.twitch.tv/videos/2853179422
de362d2d371446d898953e74e27abd2a,3610,465640,413,240,1603,https://www.youtube.com/watch?v=DonpjtIBJwQ,367,219,637,https://www.youtube.com/watch?v=kPIE52TfEXI,1603,998,1603,https://www.youtube.com/watch?v=DonpjtIBJwQ,0,0,0,0,
c2bbc6bca92c4825b72d635634197e2b,3600,229241,293,157,526,https://www.youtube.com/watch?v=tmAyxkDy0FU,293,157,526,https://www.youtube.com/watch?v=tmAyxkDy0FU,0,0,0,,0,0,0,0,
bc70de85cb744f13bffae8a81ebd6bb4,3600,92990,0,0,0,,0,0,0,,0,0,0,,0,0,0,0,
430b173ad3134b729f78b96cdbed3585,3590,199168,3480,1125,3480,https://www.youtube.com/watch?v=ZzEU7Uy5_Rw,0,0,0,,3480,1125,3480,https://www.youtube.com/watch?v=ZzEU7Uy5_Rw,12131,1023,481,1921,https://www.twitch.tv/videos/2855729595
9ad37d3249e24861bc8cb84368883258,3580,224428,291,128,885,https://www.youtube.com/watch?v=oHETHQXlfwM,254,180,885,https://www.youtube.com/watch?v=oHETHQXlfwM,291,19,291,https://www.youtube.com/watch?v=6khQuNqHqbA,0,0,0,0,
8961bc96eec34a99ad58505bae3f58f1,3580,161868,211,97,668,https://www.youtube.com/watch?v=nidlkUliMFs,211,97,668,https://www.youtube.com/watch?v=nidlkUliMFs,0,0,0,,0,0,0,0,
7e8fe40622974698a75d14d78006e009,3580,274605,963,454,3977,https://www.youtube.com/watch?v=ej5ejJkg4ts,963,476,3977,https://www.youtube.com/watch?v=ej5ejJkg4ts,958,403,1456,https://www.youtube.com/watch?v=LtER33gTDaw,2819,884,428,1501,https://www.twitch.tv/videos/2868410441
e93734c51e5141419d44dc147f1c5420,3570,57881,0,0,0,,0,0,0,,0,0,0,,0,0,0,0,
9379ed7f979440218e22b8db58dd0dd1,3560,226091,688,565,1466,https://www.youtube.com/watch?v=iM5RGY-Tq3g,688,565,1466,https://www.youtube.com/watch?v=iM5RGY-Tq3g,0,0,0,,609,0,0,0,
8c25e14dcc3a4f71895d58924c69dc0a,3560,197201,1415,693,1815,https://www.youtube.com/watch?v=JQ7GqEiu3lg,1581,751,1815,https://www.youtube.com/watch?v=JQ7GqEiu3lg,1341,693,1483,https://www.youtube.com/watch?v=MxfIeD2BHao,0,0,0,0,
edf9e466820347828b0d2d10e5e9bb72,3550,235301,103,61,469,https://www.youtube.com/watch?v=rojpUYRK3ps,103,61,469,https://www.youtube.com/watch?v=rojpUYRK3ps,0,0,0,,498,0,0,0,
de7f8ba1753d4e4cb95e6ac99007eacc,3550,109013,342,137,746,https://www.youtube.com/watch?v=QmDq9SRvC8Y,289,143,543,https://www.youtube.com/watch?v=pIPhPsroYtU,539,128,746,https://www.youtube.com/watch?v=QmDq9SRvC8Y,0,0,0,0,
dd0401d23f5444c69b9d10db3b22d444,3550,160957,345,226,2070,https://www.youtube.com/watch?v=05OyiJqVPM8,325,199,2070,https://www.youtube.com/watch?v=05OyiJqVPM8,412,360,1167,https://www.youtube.com/watch?v=YyYgubnWrTQ,25,0,0,0,
f466201465ac40ef9f3aefc9b08a39d1,3550,296954,1468,698,3661,https://www.youtube.com/watch?v=aJFeKqO7uAQ,1468,718,3661,https://www.youtube.com/watch?v=aJFeKqO7uAQ,1294,538,1541,https://www.youtube.com/watch?v=w3GlfLpKCkA,2560,986,445,1909,https://www.twitch.tv/videos/2871771667
54b0131ceb734643b23b1eefee31cca0,3540,276368,1419,236,1419,https://www.youtube.com/watch?v=n-gCQzxZJe8,0,0,0,,1419,236,1419,https://www.youtube.com/watch?v=n-gCQzxZJe8,744,0,0,0,
4c34c44a98974b709f7dbc7618847fd6,3540,306701,643,223,1191,https://www.youtube.com/watch?v=FQBYh-3VGLk,0,0,0,,643,223,1191,https://www.youtube.com/watch?v=FQBYh-3VGLk,11558,848,340,1232,https://www.twitch.tv/videos/2863227383
5da1b6db7796434f9180d2f5e210ea6c,3530,310365,330,136,2004,https://www.youtube.com/watch?v=F4zf4MvXWAw,223,116,651,https://www.youtube.com/watch?v=Y0uWLFtVU7c,1096,295,2004,https://www.youtube.com/watch?v=F4zf4MvXWAw,0,0,0,0,
f45249f9d8094f9d85f6d02aec4af029,3530,780069,292,164,1309,https://www.youtube.com/watch?v=QRSrlyle-uU,304,168,1309,https://www.youtube.com/watch?v=QRSrlyle-uU,53,15,441,https://www.youtube.com/watch?v=_CrupfC_AY8,0,0,0,0,
01ba034aab854ec680fe6f1ddc7008e2,3530,175388,185,100,336,https://www.youtube.com/watch?v=pLa-uvWNE7U,185,100,336,https://www.youtube.com/watch?v=pLa-uvWNE7U,0,0,0,,0,0,0,0,
14b8fa0f43664c31a5d634b20f9112d9,3500,153466,171,104,497,https://www.youtube.com/watch?v=1j9cTSNrAAk,247,204,497,https://www.youtube.com/watch?v=1j9cTSNrAAk,98,30,171,https://www.youtube.com/watch?v=yvi9KKxqnYM,0,0,0,0,
041976bda8b8410a99af25fc4cb87970,3500,124381,0,0,0,,0,0,0,,0,0,0,,134,0,0,0,
67ba07d1ace445328c13bfb9d612d564,3490,150255,377,206,2127,https://www.youtube.com/watch?v=dNcpTPN_4Ds,329,195,529,https://www.youtube.com/watch?v=j57XlgTdrOE,918,389,2127,https://www.youtube.com/watch?v=dNcpTPN_4Ds,0,0,0,0,
07b9e0f7118446be96cc2d12f5d8ad02,3480,133045,0,0,0,,0,0,0,,0,0,0,,12110,0,0,0,
4d347ba9ca0c41c59cda553ebe4af5b1,3470,144703,177,42,315,https://www.youtube.com/watch?v=XWeY2hlUEX0,177,42,315,https://www.youtube.com/watch?v=XWeY2hlUEX0,0,0,0,,1236,0,0,0,
7bf1f37dccbe4c72860c81a2772b91e1,3470,1624604,176,80,1040,https://www.youtube.com/watch?v=gssk2qZC5k4,189,103,655,https://www.youtube.com/watch?v=VTkkRB80maU,105,27,1040,https://www.youtube.com/watch?v=gssk2qZC5k4,79,7,5,7,https://www.twitch.tv/videos/2871386452
9643c650b1804107b85de1f08010aa9d,3470,355621,514,287,944,https://www.youtube.com/watch?v=0njta_sUzyw,465,268,674,https://www.youtube.com/watch?v=yx3Ixa_jZ7I,599,385,944,https://www.youtube.com/watch?v=0njta_sUzyw,886,120,89,144,https://www.twitch.tv/videos/2864166251
3430201d0e1f4672a58faf16ee0f2761,3450,122050,798,324,1388,https://www.youtube.com/watch?v=KsxIiTR07LM,798,324,1388,https://www.youtube.com/watch?v=KsxIiTR07LM,0,0,0,,1383,104,57,170,https://www.twitch.tv/videos/2871066681
886f64b4a0504b9fbe5e4687b92f6584,3450,254306,319,90,1653,https://www.youtube.com/watch?v=aPXNti5rg7E,427,294,1653,https://www.youtube.com/watch?v=aPXNti5rg7E,98,44,342,https://www.youtube.com/watch?v=7VFolay3YNk,187,16,12,33,https://www.twitch.tv/videos/2872880618
e810dcd23c334fd184d254718517764e,3440,218504,112,57,179,https://www.youtube.com/watch?v=y5Ui8iIcUcA,112,57,179,https://www.youtube.com/watch?v=y5Ui8iIcUcA,0,0,0,,0,0,0,0,
46145dc9eaab4a84898468905a4759b0,3410,81183,721,418,1312,https://www.youtube.com/watch?v=dk3_LNkYLFs,0,0,0,,721,418,1312,https://www.youtube.com/watch?v=dk3_LNkYLFs,0,0,0,0,
4d01ec47d0804a47a9fef6d9d01d9c29,3410,89466,420,233,420,https://www.youtube.com/watch?v=qPHiX4cXfxY,420,233,420,https://www.youtube.com/watch?v=qPHiX4cXfxY,0,0,0,,2165,0,0,0,
7748d3ab76f34e06abb9d116bb432de2,3400,63700,0,0,0,,0,0,0,,0,0,0,,1636,0,0,0,
63f727e673b9460abd6f7079bcbb1865,3400,257457,793,346,1824,https://www.youtube.com/watch?v=aA61Xc-kSlY,999,476,1824,https://www.youtube.com/watch?v=aA61Xc-kSlY,615,176,1317,https://www.youtube.com/watch?v=akQtqt05emw,0,0,0,0,
4e5f0c7c5f1f49c2b1d249b10225cabb,3390,397953,108,14,108,https://www.youtube.com/watch?v=0k1djqA4U-U,0,0,0,,108,14,108,https://www.youtube.com/watch?v=0k1djqA4U-U,43426,3345,1255,5702,https://www.twitch.tv/videos/2867667174
c7a3d726bb4243cabb70dfd1e9545cd0,3380,165730,152,57,416,https://www.youtube.com/watch?v=SiWkXFD18oE,152,57,416,https://www.youtube.com/watch?v=SiWkXFD18oE,0,0,0,,0,0,0,0,
2ceecb98e47845eab5e3d8d33bd53895,3370,107940,307,189,344,https://www.youtube.com/watch?v=wMmYlOB1dd4,307,189,344,https://www.youtube.com/watch?v=wMmYlOB1dd4,0,0,0,,0,0,0,0,
8125f51f9526408790a77c1c7b4a053b,3370,105031,0,0,0,,0,0,0,,0,0,0,,3423,0,0,0,
853be9569c0e446eaa5c5059642ea63b,3360,242898,1276,734,2941,https://www.youtube.com/watch?v=nQa5k0Nh28I,1301,777,2941,https://www.youtube.com/watch?v=nQa5k0Nh28I,753,301,1323,https://www.youtube.com/watch?v=3LVIetUBaxw,292,228,77,677,https://www.twitch.tv/videos/2874911849
70a7428607b845fc959fb7d4859d018b,3360,351691,0,0,0,,0,0,0,,0,0,0,,18505,0,0,0,
0f9d996c066a406dbe04161776c17461,3360,194312,238,59,1283,https://www.youtube.com/watch?v=TEtunukfsnI,237,40,456,https://www.youtube.com/watch?v=JNIZYdoR8z8,294,173,1283,https://www.youtube.com/watch?v=TEtunukfsnI,0,0,0,0,
0e8150c7419f4c1d94d8ccfb41a04280,3330,329648,0,0,0,,0,0,0,,0,0,0,,0,0,0,0,
1756e5a7f5a04ff6a7b5f482201b5cfc,3320,80167,0,0,0,,0,0,0,,0,0,0,,24876,992,395,1896,https://www.twitch.tv/videos/2850062246
b1bfaed0ed7f4ca9ae96c017159efe77,3310,338182,191,94,453,https://www.youtube.com/watch?v=witQjtzoon0,191,94,453,https://www.youtube.com/watch?v=witQjtzoon0,0,0,0,,184,0,0,0,
8e249f04f6cb48bda24f1513a472f4d8,3310,269688,0,0,0,,0,0,0,,0,0,0,,0,0,0,0,
5bbfc7c1b6584cef8c75f2f9044387d2,3310,335756,264,161,1673,https://www.youtube.com/watch?v=W6Upu4F3Hkg,264,161,1673,https://www.youtube.com/watch?v=W6Upu4F3Hkg,0,0,0,,0,0,0,0,
c15d8ca6249341d88086f2a9a2359812,3300,586532,1408,580,3412,https://www.youtube.com/watch?v=0J3RGSb4adw,1138,402,2523,https://www.youtube.com/watch?v=m34_Z6FxIAA,2003,839,3412,https://www.youtube.com/watch?v=0J3RGSb4adw,0,0,0,0,
72edc688855047cbbbe495e3f2af9fda,3300,140733,233,157,363,https://www.youtube.com/watch?v=JAIESfTn64s,233,157,363,https://www.youtube.com/watch?v=JAIESfTn64s,0,0,0,,0,0,0,0,
288f2fba52bf4d6b9e0ba66e03439837,3290,52793,0,0,0,,0,0,0,,0,0,0,,2310,0,0,0,
d2f9e9b19102408bbef636a6458934e6,3280,581483,604,445,5481,https://www.youtube.com/watch?v=UsAIz5EjFvk,604,445,5481,https://www.youtube.com/watch?v=UsAIz5EjFvk,0,0,0,,201,0,0,0,
cd98545ddec34fb2982ce2476c011db8,3270,78379,2144,684,3467,https://www.youtube.com/watch?v=WiPfhKZeW9A,1406,305,2144,https://www.youtube.com/watch?v=gA24zNkD4uU,2232,793,3467,https://www.youtube.com/watch?v=WiPfhKZeW9A,0,0,0,0,
d539588cfa344f67965bb1dea41b9140,3270,329119,2065,668,3477,https://www.youtube.com/watch?v=g9ohuQmJz6s,1460,668,3477,https://www.youtube.com/watch?v=g9ohuQmJz6s,2839,835,3437,https://www.youtube.com/watch?v=eppD-tG0C2A,0,0,0,0,
0ac7e05c8a3842e7bd1401652ce2bf4f,3260,134667,0,0,0,,0,0,0,,0,0,0,,0,0,0,0,
cb5ff5f1898a45b1bc27a32057a1fa91,3230,72188,0,0,0,,0,0,0,,0,0,0,,2218,0,0,0,
30f59fd702d5417c9225bc729bf7ec32,3230,271830,0,0,0,,0,0,0,,0,0,0,,0,0,0,0,
1140618a96154395909d53257bffe0e6,3210,154272,313,190,678,https://www.youtube.com/watch?v=QrHFc0w1j74,313,190,678,https://www.youtube.com/watch?v=QrHFc0w1j74,0,0,0,,269,0,0,0,
06e9953eb191486d979e6b92b6601d9a,3210,1469445,5,1,4859,https://www.youtube.com/watch?v=np2AcEAwzFU,0,0,0,,5,1,4859,https://www.youtube.com/watch?v=np2AcEAwzFU,2233,0,0,0,
b3f711673fea4ec5b6f87c023353594d,3200,229751,135,85,257,https://www.youtube.com/watch?v=0yjc5Ovr-24,142,88,257,https://www.youtube.com/watch?v=0yjc5Ovr-24,116,69,116,https://www.youtube.com/watch?v=6fXFUIJjSjs,0,0,0,0,
eb159df5d55b4730ab2955c5e2638e3f,3200,108666,194,45,382,https://www.youtube.com/watch?v=qXzl2iE0T8Y,194,45,382,https://www.youtube.com/watch?v=qXzl2iE0T8Y,0,0,0,,0,0,0,0,
da189f9d282e4c31a4a8024d11fe368d,3200,153839,218,108,1740,https://www.youtube.com/watch?v=OHHdth7aGTQ,218,108,1740,https://www.youtube.com/watch?v=OHHdth7aGTQ,0,0,0,,0,0,0,0,
85ec3eac9fef49dcb3aeee87520a5b85,3190,152642,368,294,1175,https://www.youtube.com/watch?v=mktoItfwLTQ,368,294,617,https://www.youtube.com/watch?v=aJP1pOPEXfw,686,493,1175,https://www.youtube.com/watch?v=mktoItfwLTQ,0,0,0,0,
38391974f5af4fbbb6224e3d6f2f7fb3,3190,197643,3058,366,3058,https://www.youtube.com/watch?v=4R1KJhtjetI,0,0,0,,3058,366,3058,https://www.youtube.com/watch?v=4R1KJhtjetI,6390,336,231,454,https://www.twitch.tv/videos/2873097980
bcbf00e1e98b4d5e8af20f29adbb0645,3180,208728,140,81,233,https://www.youtube.com/watch?v=oPl3iY33jU4,140,81,233,https://www.youtube.com/watch?v=oPl3iY33jU4,0,0,0,,0,0,0,0,
96be1e561acd4a75817c6424d9d4f9f0,3180,138847,0,0,0,,0,0,0,,0,0,0,,4145,210,182,317,https://www.twitch.tv/videos/2874549758
8282a91b3aae44d3a075d08507665f4e,3170,63511,0,0,0,,0,0,0,,0,0,0,,0,0,0,0,
dba1db65ba874e18a33d8465d52d8f2e,3170,113685,0,0,0,,0,0,0,,0,0,0,,0,0,0,0,
2f607aefde1d4264814d4e9282dd5cb0,3160,196228,354,202,3832,https://www.youtube.com/watch?v=twDrzO4lyRE,267,145,525,https://www.youtube.com/watch?v=Fj2v8VKTxaU,1299,518,3832,https://www.youtube.com/watch?v=twDrzO4lyRE,264,0,0,0,
1fdc000815cc476dbc9d19aa431305b5,3160,92913,247,18,566,https://www.youtube.com/watch?v=dopP9xP6m-A,232,145,566,https://www.youtube.com/watch?v=dopP9xP6m-A,247,16,247,https://www.youtube.com/watch?v=oOKOPYssynI,0,0,0,0,
d6666443c70f478eb3008d28a33e0f61,3160,244825,578,467,1737,https://www.youtube.com/watch?v=sGdya5jE24U,479,245,1285,https://www.youtube.com/watch?v=m-48d2yfbEo,983,750,1737,https://www.youtube.com/watch?v=sGdya5jE24U,0,0,0,0,
73675987096b486287784fc466b881be,3150,58387,0,0,0,,0,0,0,,0,0,0,,0,0,0,0,
bddcd7d262a2434f9b6d77150fbbc72c,3150,44297,0,0,0,,0,0,0,,0,0,0,,0,0,0,0,
3d23ff5303d54cc58e5a69aa53b1db50,3150,443344,546,48,1965,https://www.youtube.com/watch?v=iqr9mFhAiTs,546,48,1965,https://www.youtube.com/watch?v=iqr9mFhAiTs,0,0,0,,0,0,0,0,
aa9fa329d639488dbb860b8f8b3235f8,3150,189760,825,607,1395,https://www.youtube.com/watch?v=xAxymrec6gE,825,607,1395,https://www.youtube.com/watch?v=xAxymrec6gE,0,0,0,,5315,1056,635,1864,https://www.twitch.tv/videos/2850618600
63f45366143549d8a2d26406445e0077,3140,152871,0,0,0,,0,0,0,,0,0,0,,0,0,0,0,
7c6d1a181c90471887696ff9637aed03,3130,146451,0,0,0,,0,0,0,,0,0,0,,0,0,0,0,
44f1d1ad14034bd3949ad6f84624f0e4,3120,279416,393,176,3507,https://www.youtube.com/watch?v=CSO5o9r8-gQ,272,85,2225,https://www.youtube.com/watch?v=cpD_oPr6Jac,719,233,3507,https://www.youtube.com/watch?v=CSO5o9r8-gQ,3001,332,210,856,https://www.twitch.tv/videos/2871289285
8a86c4d0f4ce462a92c6bf09c027e432,3120,2900454,243,196,243,https://www.youtube.com/watch?v=XAipMB6xyck,0,0,0,,243,196,243,https://www.youtube.com/watch?v=XAipMB6xyck,160,0,0,0,
89036aadc62d496aa73c0a0076d67f41,3110,114974,218,85,1409,https://www.youtube.com/watch?v=iEIBONOxuSQ,218,85,1409,https://www.youtube.com/watch?v=iEIBONOxuSQ,0,0,0,,3129,193,131,310,https://www.twitch.tv/videos/2872105085
9f7bf6b3d935460e83896a0fe28012e9,3110,161270,312,141,1323,https://www.youtube.com/watch?v=3FkR5AeUvJc,262,122,413,https://www.youtube.com/watch?v=0Jp-or2b2sI,1134,476,1323,https://www.youtube.com/watch?v=3FkR5AeUvJc,1925,230,95,333,https://www.twitch.tv/videos/2856914180
2c2bf7ce933a4f34ac25c2dfa72fe565,3090,244128,1887,1019,7078,https://www.youtube.com/watch?v=ckYkVpJy2M4,1673,339,7078,https://www.youtube.com/watch?v=ckYkVpJy2M4,2030,1282,4400,https://www.youtube.com/watch?v=USMAGyC76Ww,943,372,224,772,https://www.twitch.tv/videos/2871978292
e4bea3dcc8934426a57516d4d6b373f4,3070,167170,1117,416,1207,https://www.youtube.com/watch?v=k_RNaBQZFn4,0,0,0,,1117,416,1207,https://www.youtube.com/watch?v=k_RNaBQZFn4,6954,1650,626,2657,https://www.twitch.tv/videos/2851249582
9af612c3f872434cad1ba2e5dcbfaec8,3070,1127191,155,87,531,https://www.youtube.com/watch?v=LRr9DY1E57c,164,91,531,https://www.youtube.com/watch?v=LRr9DY1E57c,11,9,11,https://www.youtube.com/watch?v=3aM5ekl0qlU,0,0,0,0,
c28d59f83d9345de91d208cf7732bac5,3060,91100,0,0,0,,0,0,0,,0,0,0,,0,0,0,0,
ea62d2e6bc854e7a81b01a2362be310f,3060,201536,0,0,0,,0,0,0,,0,0,0,,334,0,0,0,
1551bebc6c26453e9893f342c68002bd,3050,92443,687,395,4389,https://www.youtube.com/watch?v=pp-vnjsRds4,687,395,4389,https://www.youtube.com/watch?v=pp-vnjsRds4,0,0,0,,389,0,0,0,
b4d14d75b48847b5adb8be6906dfec30,3040,175681,1143,698,3024,https://www.youtube.com/watch?v=TkWhBAMeGdg,1143,698,3024,https://www.youtube.com/watch?v=TkWhBAMeGdg,996,442,1766,https://www.youtube.com/watch?v=oj6LK9a3QDA,546,0,0,0,
accb26f2db2746e898b68ab07dd3c5bc,3020,218539,357,211,1438,https://www.youtube.com/watch?v=aoJj8YH0rYo,357,211,1438,https://www.youtube.com/watch?v=aoJj8YH0rYo,0,0,0,,987,73,53,132,https://www.twitch.tv/videos/2863141615
32a08f858ffb4d6aba0624647cf8cf2d,3020,142927,266,137,2141,https://www.youtube.com/watch?v=mBZr8I7iIAs,221,106,2141,https://www.youtube.com/watch?v=mBZr8I7iIAs,1100,607,1227,https://www.youtube.com/watch?v=2EFNpZnUxQk,0,0,0,0,
0b0f8cd64c904508910707412b2c307f,3020,125132,614,356,2580,https://www.youtube.com/watch?v=k1viFsCzYpU,614,356,2580,https://www.youtube.com/watch?v=k1viFsCzYpU,0,0,0,,0,0,0,0,
73a96bba42b444df98487ed22f97c240,3000,406287,541,195,14192,https://www.youtube.com/watch?v=nj58DUopr64,150,121,682,https://www.youtube.com/watch?v=_qORsqLDlUU,1155,328,14192,https://www.youtube.com/watch?v=nj58DUopr64,946,93,52,141,https://www.twitch.tv/videos/2864942551
67b37e4e1f2f49d88a047d650b70be91,2990,82425,237,100,680,https://www.youtube.com/watch?v=5gawXcL5lt4,237,100,680,https://www.youtube.com/watch?v=5gawXcL5lt4,0,0,0,,1053,88,66,124,https://www.twitch.tv/videos/2863739826
356186a5552f499baab4ac520b7d4235,2990,133317,744,376,1592,https://www.youtube.com/watch?v=aKxkpAX-EeQ,789,309,1592,https://www.youtube.com/watch?v=aKxkpAX-EeQ,711,465,781,https://www.youtube.com/watch?v=teBbUrlgeA0,0,0,0,0,
1901cef25e9940e7b3da42d3c189cada,2970,66801,0,0,0,,0,0,0,,0,0,0,,0,0,0,0,
fd81a8861669442ca49c50bc4cfd4b5e,2950,190747,339,154,589,https://www.youtube.com/watch?v=a_SmnZlCuKk,339,154,589,https://www.youtube.com/watch?v=a_SmnZlCuKk,0,0,0,,0,0,0,0,
9c64ee54cc094bf7931398eaf0c072d6,2950,196383,0,0,0,,0,0,0,,0,0,0,,2309,434,311,538,https://www.twitch.tv/videos/2864959335
e6a9746af2a84387b6ed5a7d3a4434da,2920,288293,472,417,1785,https://www.youtube.com/watch?v=P575fkjUkFw,222,57,490,https://www.youtube.com/watch?v=kD_eXtqv3Ks,1253,832,1785,https://www.youtube.com/watch?v=P575fkjUkFw,0,0,0,0,
451ce18d28ff493e8238df85858dfb02,2920,264363,0,0,0,,0,0,0,,0,0,0,,2163,166,100,268,https://www.twitch.tv/videos/2864923381
99d1a2e0c8c047d2ad998e02d4dd9621,2920,104120,0,0,0,,0,0,0,,0,0,0,,0,0,0,0,
fc90561b03104438b6e8f657a28574ce,2920,139286,780,366,2030,https://www.youtube.com/watch?v=5GyeNeQm_Fo,780,366,2030,https://www.youtube.com/watch?v=5GyeNeQm_Fo,0,0,0,,0,0,0,0,
4e48e10b3c2f439c934b1db25679b972,2910,327427,761,364,961,https://www.youtube.com/watch?v=q9eVv367hYY,761,364,961,https://www.youtube.com/watch?v=q9eVv367hYY,0,0,0,,0,0,0,0,
7da08de1840847b99c6fe9a44a1ca0ac,2900,72855,0,0,0,,0,0,0,,0,0,0,,0,0,0,0,
4bbc9414c3184dfa9aeab5fcdfd87089,2900,4923,0,0,0,,0,0,0,,0,0,0,,0,0,0,0,
6443d56896a848dd820e339b5f81e292,2900,94534,0,0,0,,0,0,0,,0,0,0,,4536,328,255,471,https://www.twitch.tv/videos/2864128858
bbd618a3874d4ae2ba5af36a23bc1914,2900,76413,240,129,240,https://www.youtube.com/watch?v=EXd4MMOCldE,0,0,0,,240,129,240,https://www.youtube.com/watch?v=EXd4MMOCldE,14107,1418,536,3428,https://www.twitch.tv/videos/2861415487
b256a399ae7a49e18208455d29c2eb12,2890,458587,273,196,1105,https://www.youtube.com/watch?v=1VO8C2vpRsk,268,191,1105,https://www.youtube.com/watch?v=1VO8C2vpRsk,840,637,840,https://www.youtube.com/watch?v=Z_eW4w_YBvs,1303,59,46,98,https://www.twitch.tv/videos/2873139591
1c8887da9e96471ca28b97d80e390698,2880,221503,230,143,1996,https://www.youtube.com/watch?v=1y24nQ8fXDY,227,127,561,https://www.youtube.com/watch?v=Eu94MIEELxw,300,169,1996,https://www.youtube.com/watch?v=1y24nQ8fXDY,0,0,0,0,
96ff628d2280470b833174c32200a749,2880,80924,657,343,2186,https://www.youtube.com/watch?v=8AqmgyIGEzE,657,343,2186,https://www.youtube.com/watch?v=8AqmgyIGEzE,0,0,0,,0,0,0,0,
4f917f1ccdd74d34a3746c379282b6fe,2880,255294,0,0,0,,0,0,0,,0,0,0,,2080,167,127,196,https://www.twitch.tv/videos/2869416889
2463286fd3154219afa631c73d178147,2870,367662,349,206,790,https://www.youtube.com/watch?v=VxKCRmNISCk,349,206,790,https://www.youtube.com/watch?v=VxKCRmNISCk,0,0,0,,0,0,0,0,
677ae7ec361d4d3c9981bca8fbb974c8,2860,84845,205,45,205,https://www.youtube.com/watch?v=KpvC4ipjH4w,205,45,205,https://www.youtube.com/watch?v=KpvC4ipjH4w,0,0,0,,384,0,0,0,
6417469030e943748dfdba4ee26a08e4,2860,0,0,0,0,,0,0,0,,0,0,0,,1073,0,0,0,
b606cde735d84b45ab96489d7a9997dd,2860,206054,147,63,463,https://www.youtube.com/watch?v=dQCAyBltE_U,147,63,463,https://www.youtube.com/watch?v=dQCAyBltE_U,0,0,0,,247,0,0,0,
15b52ca3f3b5410cb2bb305d2bb737c4,2860,222649,1029,178,1095,https://www.youtube.com/watch?v=Yb8ChJYNMOM,0,0,0,,1029,178,1095,https://www.youtube.com/watch?v=Yb8ChJYNMOM,1248,103,76,139,https://www.twitch.tv/videos/2867571261
275aaf8046a144198dee96d20bce8b1a,2850,28477,44,4,44,https://www.youtube.com/watch?v=FsmHwml1itQ,0,0,0,,44,4,44,https://www.youtube.com/watch?v=FsmHwml1itQ,0,0,0,0,
add8ccfa282a4524ae5b5d8435279bf7,2850,128621,609,243,2472,https://www.youtube.com/watch?v=-r038ERK67o,559,185,1046,https://www.youtube.com/watch?v=gbANbsk39yo,1271,619,2472,https://www.youtube.com/watch?v=-r038ERK67o,0,0,0,0,
118c05e7f751446abee5fc827fda0215,2850,841389,106,62,440,https://www.youtube.com/watch?v=EcC6vr3OktU,106,62,440,https://www.youtube.com/watch?v=EcC6vr3OktU,0,0,0,,0,0,0,0,
fe5e2d95569c47f29e863a8212ed7c60,2840,86382,0,0,0,,0,0,0,,0,0,0,,4921,265,170,1147,https://www.twitch.tv/videos/2853443798
40aa59fe29c64def89ab5fdce90b89ae,2840,894842,67,33,253,https://www.youtube.com/watch?v=kSBySRU_QFc,67,33,253,https://www.youtube.com/watch?v=kSBySRU_QFc,0,0,0,,0,0,0,0,
a47db6b367364da1a4f43829f665e99a,2840,117384,486,334,1444,https://www.youtube.com/watch?v=51kPLHymQMg,435,283,1002,https://www.youtube.com/watch?v=dDZ18XFqvIM,1348,872,1444,https://www.youtube.com/watch?v=51kPLHymQMg,0,0,0,0,
11dd1f817a6b4c80a066aedd8e0fa419,2840,88436,0,0,0,,0,0,0,,0,0,0,,0,0,0,0,
247eca886f5c43188a3d6d3945e40636,2830,156491,380,188,1354,https://www.youtube.com/watch?v=RdjH4iXuxuI,380,188,1354,https://www.youtube.com/watch?v=RdjH4iXuxuI,0,0,0,,0,0,0,0,
b79ac08a857c4553921c04c3b14b89ea,2830,200690,57,25,136,https://www.youtube.com/watch?v=OQ1SZds5WMs,0,0,0,,57,25,136,https://www.youtube.com/watch?v=OQ1SZds5WMs,500,0,0,0,
76165d25983b463eaa1da66c86a32b7c,2830,39966,0,0,0,,0,0,0,,0,0,0,,780,31,30,211,https://www.twitch.tv/videos/2868569629
62f37fa0a2f44083945f03db36e50dff,2820,58835,440,278,1551,https://www.youtube.com/watch?v=riHMsMVFWFA,440,278,1551,https://www.youtube.com/watch?v=riHMsMVFWFA,0,0,0,,0,0,0,0,
cd4c94db2aed435794cc7e55999016e7,2800,122671,45,35,165,https://www.youtube.com/watch?v=qww9E1Y_S0c,45,35,165,https://www.youtube.com/watch?v=qww9E1Y_S0c,0,0,0,,350,62,42,100,https://www.twitch.tv/videos/2866815244
d55860f26114410c97af27ba1269e3ed,2800,152402,339,240,447,https://www.youtube.com/watch?v=GeItfUiHbww,339,240,447,https://www.youtube.com/watch?v=GeItfUiHbww,0,0,0,,1603,133,72,137,https://www.twitch.tv/videos/2863112559
70f1d3ae590e4f2184f695fd2140010c,2800,713117,0,0,0,,0,0,0,,0,0,0,,0,0,0,0,
2875db54b5d74d01b301d63d36dd6fbf,2800,67076,227,143,495,https://www.youtube.com/watch?v=e3XC0aBwm6Y,227,143,495,https://www.youtube.com/watch?v=e3XC0aBwm6Y,0,0,0,,0,0,0,0,
bac6a676ace94e759d9faaaed94ce1b1,2800,144682,640,483,1363,https://www.youtube.com/watch?v=2FqfLc5X-GU,730,546,1363,https://www.youtube.com/watch?v=2FqfLc5X-GU,280,175,481,https://www.youtube.com/watch?v=qa8waqIwBEw,0,0,0,0,
2c6d5a00eabf47e2affcc8fa6ec64f9c,2800,206699,88,39,453,https://www.youtube.com/watch?v=5YVzGmAL8o4,80,27,250,https://www.youtube.com/watch?v=uXRJ9bIIS6Y,264,222,453,https://www.youtube.com/watch?v=5YVzGmAL8o4,142,27,20,43,https://www.twitch.tv/videos/2870218303
8402646577b24bd5918bda8690e790b4,2800,356071,0,0,0,,0,0,0,,0,0,0,,1883,518,332,787,https://www.twitch.tv/videos/2864606673
339b4a73ce92470c97b1626405d5eb5b,2780,90790,0,0,0,,0,0,0,,0,0,0,,423,0,0,0,
d210d8dfc0ec4a97907b9cebb5413ae3,2770,126908,0,0,0,,0,0,0,,0,0,0,,0,0,0,0,
b115a7f57f664800a9f71a25eaf73b92,2770,88071,109,102,230,https://www.youtube.com/watch?v=8fz_nKeojQk,109,102,230,https://www.youtube.com/watch?v=8fz_nKeojQk,0,0,0,,0,0,0,0,
4a64836a88024358a7401530fed8e0f8,2760,371266,234,177,732,https://www.youtube.com/watch?v=9js6Sezu6Kc,234,177,732,https://www.youtube.com/watch?v=9js6Sezu6Kc,0,0,0,,6221,454,311,679,https://www.twitch.tv/videos/2869374134
1c304e8690e2400d9482f1173f59ad70,2750,129877,375,191,14768,https://www.youtube.com/watch?v=7hPkfPmQMD4,305,170,1670,https://www.youtube.com/watch?v=M7HhkH94_JI,652,194,14768,https://www.youtube.com/watch?v=7hPkfPmQMD4,355,81,56,159,https://www.twitch.tv/videos/2868614044
4dd71b1079284bdb8ba90198317e524d,2740,182699,0,0,0,,0,0,0,,0,0,0,,0,0,0,0,
cec266a3203a4d1599494b42f35b4012,2720,11275,220,137,220,https://www.youtube.com/watch?v=_k8hJ8DdPD4,220,137,220,https://www.youtube.com/watch?v=_k8hJ8DdPD4,0,0,0,,542,26,17,43,https://www.twitch.tv/videos/2872149461
652d06b0251940bea32cd69dec3057e6,2720,2143,0,0,0,,0,0,0,,0,0,0,,403,0,0,0,
0dbf3f6f6521460782992a963122aed0,2720,307541,586,251,2080,https://www.youtube.com/watch?v=GW3AUCOAtU4,780,436,2080,https://www.youtube.com/watch?v=GW3AUCOAtU4,104,36,1274,https://www.youtube.com/watch?v=YV0LLhhQdpk,447,165,139,399,https://www.twitch.tv/videos/2872228027
7b40a7a144da4408b8de712c740e60dc,2710,135725,196,175,771,https://www.youtube.com/watch?v=gMBnKh8spf0,0,0,0,,196,175,771,https://www.youtube.com/watch?v=gMBnKh8spf0,0,0,0,0,
c377cbfa47984f0ba9242b1f6e3dfc75,2710,25868,0,0,0,,0,0,0,,0,0,0,,2702,0,0,0,
d2b1ba87da034210bbe54bfa1c01bc41,2710,60816,0,0,0,,0,0,0,,0,0,0,,8768,221,83,278,https://www.twitch.tv/videos/2871121561
e9c48535f2af4f638e5a4c54ffa7862c,2710,149374,66,38,84,https://www.youtube.com/watch?v=O4J39_qfKew,66,38,84,https://www.youtube.com/watch?v=O4J39_qfKew,0,0,0,,0,0,0,0,
86957fa57641453e9fcb73550e58b64f,2700,90443,246,121,1267,https://www.youtube.com/watch?v=dyjV1BCUkAA,197,121,866,https://www.youtube.com/watch?v=cRSL2Ii8UjI,700,147,1267,https://www.youtube.com/watch?v=dyjV1BCUkAA,532,47,32,64,https://www.twitch.tv/videos/2866730625
c2f77009b4264e3fa09aa054c89bb40c,2680,92520,0,0,0,,0,0,0,,0,0,0,,127,0,0,0,
0a20931c68dc49c8bd08eda1486193d8,2680,68042,0,0,0,,0,0,0,,0,0,0,,1403,0,0,0,
a577528125314beab91d127043218bb2,2670,128993,2787,812,5427,https://www.youtube.com/watch?v=xKzbWKLAyfo,0,0,0,,2787,812,5427,https://www.youtube.com/watch?v=xKzbWKLAyfo,0,0,0,0,
d95e3d9eed1a4e87a736a882a1fb9288,2660,248463,445,182,830,https://www.youtube.com/watch?v=jt1Zczvk5tw,445,182,830,https://www.youtube.com/watch?v=jt1Zczvk5tw,0,0,0,,93,0,0,0,
4766ec1a407f4271bca77fb81487e81a,2660,131424,521,77,3227,https://www.youtube.com/watch?v=pFO41VnOMBI,197,52,281,https://www.youtube.com/watch?v=Fuhy6HBWiL0,1028,559,3227,https://www.youtube.com/watch?v=pFO41VnOMBI,4759,403,93,671,https://www.twitch.tv/videos/2856733032
5b40a93fac8646f48fca66add3d3642c,2650,229226,429,255,1105,https://www.youtube.com/watch?v=IgiIV6b--W0,429,255,1105,https://www.youtube.com/watch?v=IgiIV6b--W0,0,0,0,,0,0,0,0,
bee9506c5d714205bfc69573280852c2,2650,213976,256,167,1392,https://www.youtube.com/watch?v=RNwPI17ISnY,207,116,874,https://www.youtube.com/watch?v=7X_Gm51nCoI,1287,677,1392,https://www.youtube.com/watch?v=RNwPI17ISnY,2255,141,116,277,https://www.twitch.tv/videos/2872142198
0bef54320f364c5a9289fceac64c5411,2630,79078,0,0,0,,0,0,0,,0,0,0,,174,8,7,8,https://www.twitch.tv/videos/2874807783
d576c2396a004f3c8dd91baf14254898,2620,86078,66,29,88,https://www.youtube.com/watch?v=OUFK46zQcm8,66,29,88,https://www.youtube.com/watch?v=OUFK46zQcm8,0,0,0,,2884,101,76,147,https://www.twitch.tv/videos/2871901537
75e0561f549f4775b90601a9d308340a,2620,70087,124,60,159,https://www.youtube.com/watch?v=zK9GVuypxDM,124,60,159,https://www.youtube.com/watch?v=zK9GVuypxDM,0,0,0,,0,0,0,0,
0a178f2c7b994a4ea8eb845ebd489a5a,2620,149425,126,98,410,https://www.youtube.com/watch?v=FMwsirVjpOM,126,98,410,https://www.youtube.com/watch?v=FMwsirVjpOM,0,0,0,,207,0,0,0,
f4da0eee989545d2ade906b022a50e8c,2610,198970,71,37,95,https://www.youtube.com/watch?v=ZaUKfcoGhH4,71,37,95,https://www.youtube.com/watch?v=ZaUKfcoGhH4,0,0,0,,4207,619,555,1083,https://www.twitch.tv/videos/2864206078
6c4992a47ccc4c3bb997d3c49ddc2ec8,2610,74682,0,0,0,,0,0,0,,0,0,0,,759,0,0,0,
f96c65701df94732853d86ffd893081e,2610,82789,128,73,128,https://www.youtube.com/watch?v=wMEKclycicg,128,73,128,https://www.youtube.com/watch?v=wMEKclycicg,0,0,0,,0,0,0,0,
407d2bd02ef04b9ea28e5189383942be,2600,125408,0,0,0,,0,0,0,,0,0,0,,758,676,514,1056,https://www.twitch.tv/videos/2869328512
87568c720cae40a99264816eb1875347,2600,175143,163,80,1424,https://www.youtube.com/watch?v=0mcbS11LaFE,172,86,1424,https://www.youtube.com/watch?v=0mcbS11LaFE,44,17,45,https://www.youtube.com/watch?v=sodpaXZEhKY,0,0,0,0,
7a93714b53274fbaad48bef3b409d458,2590,230249,350,113,2519,https://www.youtube.com/watch?v=efbX2EVTXOw,377,166,2519,https://www.youtube.com/watch?v=efbX2EVTXOw,289,113,301,https://www.youtube.com/watch?v=_T7XE7kMa8k,0,0,0,0,
9767904fedef42febaa98e9162973356,2580,632115,1045,350,4412,https://www.youtube.com/watch?v=W8LavtJ7-lI,1074,350,4412,https://www.youtube.com/watch?v=W8LavtJ7-lI,919,509,1045,https://www.youtube.com/watch?v=A-nKCVltFPo,0,0,0,0,
7c147c43030b44b9ae244d82c387c82a,2580,83845,189,77,253,https://www.youtube.com/watch?v=MqfE9_cOzX4,189,77,189,https://www.youtube.com/watch?v=TA5fZpaPjXM,190,87,253,https://www.youtube.com/watch?v=MqfE9_cOzX4,0,0,0,0,
b8c13d7702844995a0b4a66eda4d31bc,2580,95376,4,1,34,https://www.youtube.com/watch?v=wlcQPRZQxzk,0,0,0,,4,1,34,https://www.youtube.com/watch?v=wlcQPRZQxzk,1658,243,175,411,https://www.twitch.tv/videos/2864803244
02168475e7ca4234b57d53f495bf3bbc,2580,155589,189,84,333,https://www.youtube.com/watch?v=NAzpmGGN6KQ,172,73,333,https://www.youtube.com/watch?v=NAzpmGGN6KQ,256,230,256,https://www.youtube.com/watch?v=tBst3herxwY,0,0,0,0,
1225d23bc1814140bc0093c1407f06b3,2570,211304,255,125,1465,https://www.youtube.com/watch?v=dmO5O6ZWdpM,188,87,1173,https://www.youtube.com/watch?v=stOkGTP2qqs,1304,1040,1465,https://www.youtube.com/watch?v=dmO5O6ZWdpM,108,0,0,0,
faa4994019724702a9da315a8c3641bc,2570,178631,293,179,866,https://www.youtube.com/watch?v=FxMkL4M3aQ4,293,179,866,https://www.youtube.com/watch?v=FxMkL4M3aQ4,0,0,0,,0,0,0,0,
3896e47ba9f64b7082eee3980734ab14,2570,292543,125,59,246,https://www.youtube.com/watch?v=KqdbXDvI5Xg,125,59,246,https://www.youtube.com/watch?v=KqdbXDvI5Xg,0,0,0,,0,0,0,0,
60234dcffd2b42f097a78aaf121d410f,2560,62012,0,0,0,,0,0,0,,0,0,0,,217,0,0,0,
a66441bdef584fe0806c4be0fd2cf53a,2560,109558,0,0,0,,0,0,0,,0,0,0,,0,0,0,0,
08da85c2b24747a2aaeec4fe6cf9d681,2550,73054,606,254,794,https://www.youtube.com/watch?v=sjy15XlWWnI,606,187,794,https://www.youtube.com/watch?v=sjy15XlWWnI,646,380,757,https://www.youtube.com/watch?v=rZS8pA2tg8c,0,0,0,0,
7653119a278b4ea59d2af5e2ba7d30e0,2530,119505,0,0,0,,0,0,0,,0,0,0,,0,0,0,0,
a5566c76de5540f4a239c4c2a39cf460,2530,71617,1310,1051,2361,https://www.youtube.com/watch?v=3RkhR3_Chnk,260,48,260,https://www.youtube.com/watch?v=P8eFT6sI-kE,2361,2053,2361,https://www.youtube.com/watch?v=3RkhR3_Chnk,0,0,0,0,
f656e3210df449889b6ad9e72acd7a72,2530,221982,1166,947,5156,https://www.youtube.com/watch?v=jnlnv3Bpxjg,1046,739,5156,https://www.youtube.com/watch?v=jnlnv3Bpxjg,1224,1012,2145,https://www.youtube.com/watch?v=ntPYw6D6y_w,0,0,0,0,
c40a8ff66b3348dc8459766b74846feb,2520,1515,0,0,0,,0,0,0,,0,0,0,,1920,0,0,0,
a429c3010da544bab919814a3ea472a4,2520,86058,0,0,0,,0,0,0,,0,0,0,,2917,172,119,256,https://www.twitch.tv/videos/2872954660
889bc532fb85455bae33baf0aa7ec003,2520,213955,190,105,222,https://www.youtube.com/watch?v=81yp0KKe6mg,190,105,222,https://www.youtube.com/watch?v=81yp0KKe6mg,0,0,0,,0,0,0,0,
75a90497bfc2480f954c276b70f7b1c3,2520,191892,155,3,155,https://www.youtube.com/watch?v=rpw4hGECmUg,155,3,155,https://www.youtube.com/watch?v=rpw4hGECmUg,0,0,0,,7018,0,0,0,
891c39f050e048aebafaafc90a1c4cbd,2520,56852,286,277,286,https://www.youtube.com/watch?v=awfwIlOvsH0,286,277,286,https://www.youtube.com/watch?v=awfwIlOvsH0,0,0,0,,0,0,0,0,
c8c0ab1d59fb4608ab1e460e946fa88a,2520,117869,140,61,377,https://www.youtube.com/watch?v=tXhMd0ULdIg,377,160,377,https://www.youtube.com/watch?v=tXhMd0ULdIg,94,40,140,https://www.youtube.com/watch?v=dyd__YyI_5E,0,0,0,0,
932fd42911c74016bc7da418abd29f0f,2520,76220,198,135,357,https://www.youtube.com/watch?v=S6gqq6htVzs,198,135,357,https://www.youtube.com/watch?v=S6gqq6htVzs,0,0,0,,90,0,0,0,
352894d7c4eb4c9f87e248eae450183a,2510,311416,67,32,2414,https://www.youtube.com/watch?v=bsiEgX4kc-s,492,401,2414,https://www.youtube.com/watch?v=bsiEgX4kc-s,61,27,541,https://www.youtube.com/watch?v=shccH3El7EA,0,0,0,0,
07553f6f3df84c3396508456ccbe7df2,2510,99066,526,278,1070,https://www.youtube.com/watch?v=tgJYykfsZtk,487,261,565,https://www.youtube.com/watch?v=etSgQl_vlrE,1070,745,1070,https://www.youtube.com/watch?v=tgJYykfsZtk,1052,0,0,0,
e66d389ebb604096bfa99178e1a13c27,2500,326154,841,347,1967,https://www.youtube.com/watch?v=JXhGW9OaiY4,841,347,1967,https://www.youtube.com/watch?v=JXhGW9OaiY4,1237,332,1766,https://www.youtube.com/watch?v=lswLmOA8ac8,3860,463,308,957,https://www.twitch.tv/videos/2871955497
a960b283b1124f44bc4bf2a16199977a,2500,108137,0,0,0,,0,0,0,,0,0,0,,4760,0,0,0,
83e0f3520699474ba7f017e5e4388a5f,2500,51671,0,0,0,,0,0,0,,0,0,0,,0,0,0,0,
284024f40bb34b429debb78e7dbf3391,2500,6238,0,0,0,,0,0,0,,0,0,0,,0,0,0,0,
db6b14a0319e4f639bfcf8d4309c064d,2490,370779,522,290,971,https://www.youtube.com/watch?v=i92OlyFDdLs,0,0,0,,522,290,971,https://www.youtube.com/watch?v=i92OlyFDdLs,3369,255,238,743,https://www.twitch.tv/videos/2870093807
e68bb26e386a4d49a2f521f8abc83376,2490,0,0,0,0,,0,0,0,,0,0,0,,3500,0,0,0,
6e1845e76035452287436153470e8656,2480,117988,357,197,532,https://www.youtube.com/watch?v=8eio5ErgIZs,357,197,532,https://www.youtube.com/watch?v=8eio5ErgIZs,0,0,0,,461,0,0,0,
87968861d5794c01bfce46d51c8abfc7,2480,24937,0,0,0,,0,0,0,,0,0,0,,0,0,0,0,
a0c76cedf0e346a18586077a38f302d8,2470,109616,0,0,0,,0,0,0,,0,0,0,,173,0,0,0,
b19d58b07131413a92b4bd16e37e8e38,2470,11710,0,0,0,,0,0,0,,0,0,0,,0,0,0,0,
9c913230c732455c9604dae9ebcfa64e,2460,127250,10,5,1073,https://www.youtube.com/watch?v=CUF4dJ9GC1w,0,0,0,,10,5,1073,https://www.youtube.com/watch?v=CUF4dJ9GC1w,1371,304,196,389,https://www.twitch.tv/videos/2867668961
8be6ce1a26af47a4985205da119eab5a,2450,397128,332,217,1407,https://www.youtube.com/watch?v=ix0JATiezps,303,169,790,https://www.youtube.com/watch?v=sfCU744lg2w,1237,987,1407,https://www.youtube.com/watch?v=ix0JATiezps,0,0,0,0,
27bbe711f5e848a9bc8accc73fc79471,2430,26025,130,83,256,https://www.youtube.com/watch?v=FyaScZKaytI,209,96,256,https://www.youtube.com/watch?v=FyaScZKaytI,87,82,98,https://www.youtube.com/watch?v=ZMBSNpKsgS8,0,0,0,0,
bff58c28269748eb99103a257886309a,2430,89532,223,161,816,https://www.youtube.com/watch?v=0DnWRz3PBqY,223,161,816,https://www.youtube.com/watch?v=0DnWRz3PBqY,0,0,0,,0,0,0,0,
c94bc4ff4689403aac751731d33150e6,2420,79790,1445,713,3990,https://www.youtube.com/watch?v=B91heNuW79s,1328,659,3990,https://www.youtube.com/watch?v=B91heNuW79s,1463,713,2008,https://www.youtube.com/watch?v=ktg41Fzph3g,492,116,99,138,https://www.twitch.tv/videos/2873999515
68c912c0e68b455f91cd3e1dfbf7d33b,2420,69727,388,222,1402,https://www.youtube.com/watch?v=3UTS9caLFx8,386,169,1402,https://www.youtube.com/watch?v=3UTS9caLFx8,1247,458,1247,https://www.youtube.com/watch?v=Sx1VyqcC1UY,722,9,6,28,https://www.twitch.tv/videos/2868539579
a7874e2ea7a44640a4ad427680a1dc9a,2410,77178,0,0,0,,0,0,0,,0,0,0,,330,275,212,285,https://www.twitch.tv/videos/2873089926
cfc335d4b3e3411ca5b39ccb41a81958,2400,160512,1838,595,3207,https://www.youtube.com/watch?v=qHKAaSnq1Iw,1838,595,3207,https://www.youtube.com/watch?v=qHKAaSnq1Iw,0,0,0,,0,0,0,0,
d18dd7d3e19f469b9e3faaa6c1fe2b0d,2400,52640,315,222,701,https://www.youtube.com/watch?v=mqE8Qj2y1Zw,315,222,701,https://www.youtube.com/watch?v=mqE8Qj2y1Zw,0,0,0,,240,0,0,0,
72a83f60773546dba886008320809d70,2400,488830,0,0,0,,0,0,0,,0,0,0,,10220,489,75,886,https://www.twitch.tv/videos/2853940612
cc1bad00639b4149b277f0d2e99c2abe,2400,86514,143,62,591,https://www.youtube.com/watch?v=8kxwM6UxOVU,143,62,591,https://www.youtube.com/watch?v=8kxwM6UxOVU,0,0,0,,0,0,0,0,
4ed0862cff5b47bcbf4b6a30e431e0fa,2390,102113,1568,830,1691,https://www.youtube.com/watch?v=xIJWh7bzTLs,0,0,0,,1568,830,1691,https://www.youtube.com/watch?v=xIJWh7bzTLs,0,0,0,0,
364f94fc7493453e9f53787ade8e35c6,2390,404489,218,56,649,https://www.youtube.com/watch?v=4RU9kPXuFnE,218,56,649,https://www.youtube.com/watch?v=4RU9kPXuFnE,0,0,0,,0,0,0,0,
fa2a2255fa7d4aa7b5b54dea5dd2b1c4,2390,73808,119,83,224,https://www.youtube.com/watch?v=eTdtRNUBPUk,119,83,224,https://www.youtube.com/watch?v=eTdtRNUBPUk,0,0,0,,0,0,0,0,
0bf305da1ec14c5c8447b9a007bc81f6,2380,263789,475,222,3141,https://www.youtube.com/watch?v=KuFhrsEUGs8,304,178,3141,https://www.youtube.com/watch?v=KuFhrsEUGs8,1232,391,1761,https://www.youtube.com/watch?v=iCxszRoqxik,1092,76,61,134,https://www.twitch.tv/videos/2872717135
6510332f58be4d86b0007c77a622c959,2370,338557,1067,424,2550,https://www.youtube.com/watch?v=FRmGLh__yGY,1123,437,2550,https://www.youtube.com/watch?v=FRmGLh__yGY,594,376,594,https://www.youtube.com/watch?v=czJB7ZBKJIQ,3294,257,200,798,https://www.twitch.tv/videos/2873987271
bd9c7d2e96094ce7b8ca032228bb13c7,2360,48503,0,0,0,,0,0,0,,0,0,0,,0,0,0,0,
c79b5a5a5c8b4d8f917afdfc16c01961,2360,104963,0,0,0,,0,0,0,,0,0,0,,3927,964,459,1411,https://www.twitch.tv/videos/2855179499
b9104b7fdb804facb0d8847f373a8a05,2360,124557,52,23,69,https://www.youtube.com/watch?v=ss7gS1nO-OY,52,23,69,https://www.youtube.com/watch?v=ss7gS1nO-OY,0,0,0,,110,0,0,0,
29574cafecff435b90d34431e2153f02,2350,320351,634,231,1502,https://www.youtube.com/watch?v=07uMoMAYQ4A,185,92,712,https://www.youtube.com/watch?v=Ng9nkG3fvho,1209,350,1502,https://www.youtube.com/watch?v=07uMoMAYQ4A,192,77,54,77,https://www.twitch.tv/videos/2867801469
c805a5c2c4fb4a068a65267452aa4da5,2350,89253,63,20,174,https://www.youtube.com/watch?v=s0djLMFv6sc,66,28,174,https://www.youtube.com/watch?v=s0djLMFv6sc,12,12,12,https://www.youtube.com/watch?v=aMl5_ja4RKU,0,0,0,0,
572c03fa49b54d4b95935321b4722b68,2350,492969,437,150,1250,https://www.youtube.com/watch?v=YWm-er0-iXo,0,0,0,,437,150,1250,https://www.youtube.com/watch?v=YWm-er0-iXo,1968,101,71,1048,https://www.twitch.tv/videos/2854949818
70d5f64a7e324d7584d7e5116d6dc5a2,2340,76299,681,131,681,https://www.youtube.com/watch?v=B5SVIiPOpcM,681,131,681,https://www.youtube.com/watch?v=B5SVIiPOpcM,0,0,0,,0,0,0,0,
95f3f004ed9641139567827519f6b35e,2340,159975,0,0,0,,0,0,0,,0,0,0,,252,0,0,0,
b7fa120fd2264ecca8f9f02ece2850a9,2340,80716,0,0,0,,0,0,0,,0,0,0,,159,0,0,0,
4d44c28a73394954a4d1bf2a1b2c162c,2340,160353,317,177,728,https://www.youtube.com/watch?v=P2V_31TO2i0,263,144,385,https://www.youtube.com/watch?v=WlzDMdXXy4Y,646,490,728,https://www.youtube.com/watch?v=P2V_31TO2i0,0,0,0,0,
80c426d23cdb4dcda1d1a0a1bd7e0245,2340,27436,0,0,0,,0,0,0,,0,0,0,,6171,0,0,0,
eb38f509e8464ba19ba8579e0b99e262,2340,106242,182,100,852,https://www.youtube.com/watch?v=w7doy3Q7Jzo,182,100,852,https://www.youtube.com/watch?v=w7doy3Q7Jzo,0,0,0,,0,0,0,0,
6c812a2f61ac470f8e3b30a92dca9d81,2330,76231,0,0,0,,0,0,0,,0,0,0,,0,0,0,0,
084c49d869114256af18c13cc4b56414,2330,52672,0,0,0,,0,0,0,,0,0,0,,0,0,0,0,
c0ce3bfbf1434af3a2a7bd7b2c38e7e7,2330,184108,1485,1048,3621,https://www.youtube.com/watch?v=c-XezE1y_D0,1485,1048,3621,https://www.youtube.com/watch?v=c-XezE1y_D0,0,0,0,,0,0,0,0,
2af83bdd7db644d88ffdaf123c38619b,2330,78922,195,89,459,https://www.youtube.com/watch?v=lUsmSHXbsf0,195,89,459,https://www.youtube.com/watch?v=lUsmSHXbsf0,0,0,0,,0,0,0,0,
d3a3eab7a3e34ea98784c44e3691c726,2330,90844,0,0,0,,0,0,0,,0,0,0,,0,0,0,0,
6274e7f2acaf4d48b5fa569168f9468e,2330,146976,274,118,1069,https://www.youtube.com/watch?v=JJOod3VHAZw,247,117,1069,https://www.youtube.com/watch?v=JJOod3VHAZw,978,489,978,https://www.youtube.com/watch?v=G8S9dgtFAjc,0,0,0,0,
65a52797bec24b9bb2df5201068873a4,2320,26116,147,66,163,https://www.youtube.com/watch?v=bNFv_kMeOTs,147,66,163,https://www.youtube.com/watch?v=bNFv_kMeOTs,0,0,0,,0,0,0,0,
076c16fcd0c843c0b70748712d15f233,2320,36855,0,0,0,,0,0,0,,0,0,0,,0,0,0,0,
46954e0541644057a88f590a4739722c,2320,75940,437,180,978,https://www.youtube.com/watch?v=-z_bNzhgbLI,466,227,722,https://www.youtube.com/watch?v=SeOeEux6cqM,302,126,978,https://www.youtube.com/watch?v=-z_bNzhgbLI,138,0,0,0,
e8be1d48c5a249cebcef72b17653ef34,2320,22285,0,0,0,,0,0,0,,0,0,0,,0,0,0,0,
b975eb70ed174bbda87e181be25bd1c5,2310,87447,0,0,0,,0,0,0,,0,0,0,,0,0,0,0,
5c7278d46cd24b8eb5f49c446acc759d,2310,21644,619,339,2368,https://www.youtube.com/watch?v=N-LUYyOs9uE,619,339,2368,https://www.youtube.com/watch?v=N-LUYyOs9uE,0,0,0,,84,0,0,0,
6fa5098cd1c644c5871a47a7e56803dc,2310,101556,615,415,2369,https://www.youtube.com/watch?v=5QBl1irRiZY,677,531,2257,https://www.youtube.com/watch?v=O65V1PCiGTo,615,292,2369,https://www.youtube.com/watch?v=5QBl1irRiZY,266,0,0,0,
6873f5b9a88c42ba980878bbffb5682a,2310,185435,340,221,746,https://www.youtube.com/watch?v=82PZnNz96uM,289,227,621,https://www.youtube.com/watch?v=7Ew3hpLAxmU,746,216,746,https://www.youtube.com/watch?v=82PZnNz96uM,0,0,0,0,
a9e5491563fd4b05896ef9a8cb2ee7d7,2310,143591,232,136,904,https://www.youtube.com/watch?v=RVT-qGecqog,232,136,578,https://www.youtube.com/watch?v=iqRa9vHb0VA,344,130,904,https://www.youtube.com/watch?v=RVT-qGecqog,0,0,0,0,
9fb51e14ba1c499eb6383a7a166a4d52,2310,87480,18,10,1105,https://www.youtube.com/watch?v=mYXyjMQBG1o,38,30,38,https://www.youtube.com/watch?v=HUNk8kMUNw8,12,8,1105,https://www.youtube.com/watch?v=mYXyjMQBG1o,0,0,0,0,
43e557d175ce462b97c4c406954d8c04,2300,465799,150,90,904,https://www.youtube.com/watch?v=eifZKfUrdzI,150,90,904,https://www.youtube.com/watch?v=eifZKfUrdzI,0,0,0,,523,51,33,69,https://www.twitch.tv/videos/2864117734
395eade6d67445e1831010cac52ab444,2300,96303,0,0,0,,0,0,0,,0,0,0,,777,0,0,0,
a64ba9e0b7dd4de58ffbdf9ca043a90b,2290,108963,152,77,329,https://www.youtube.com/watch?v=SC94CFYgc94,152,77,329,https://www.youtube.com/watch?v=SC94CFYgc94,0,0,0,,96,0,0,0,
fe0305c914c549879b315b6dc3204748,2290,47137,0,0,0,,0,0,0,,0,0,0,,0,0,0,0,
ad43fda31b7842dc8e7854840b974614,2280,103587,115,62,191,https://www.youtube.com/watch?v=8iEBREZKAiU,115,62,191,https://www.youtube.com/watch?v=8iEBREZKAiU,0,0,0,,1155,0,0,0,
6f382359f4d0436e9e1d4f87e4696e76,2280,70300,0,0,0,,0,0,0,,0,0,0,,0,0,0,0,
7ce04ee5bb63467f8b70a69136049218,2280,26945,0,0,0,,0,0,0,,0,0,0,,1782,144,109,172,https://www.twitch.tv/videos/2863262332
4ac7e88bd2234040a1da03644b06a501,2280,0,0,0,0,,0,0,0,,0,0,0,,0,0,0,0,
c1aa10208a06439481231599b25845b0,2270,192608,412,380,617,https://www.youtube.com/watch?v=6Jzkl_Fn2YI,617,419,617,https://www.youtube.com/watch?v=6Jzkl_Fn2YI,305,258,412,https://www.youtube.com/watch?v=B1kWIAx4SY4,2210,92,68,234,https://www.twitch.tv/videos/2866761129
6cd8cdc530d14e2d9d0a9cd20cb6b05c,2260,87021,187,138,246,https://www.youtube.com/watch?v=tJlyVB4V6V0,187,138,246,https://www.youtube.com/watch?v=tJlyVB4V6V0,0,0,0,,0,0,0,0,
a60c8fc0a1324bf8b65053231ee22373,2260,570837,110,51,2141,https://www.youtube.com/watch?v=TSnKjn_rpKE,80,29,208,https://www.youtube.com/watch?v=n9LlP5J9Sxk,993,101,2141,https://www.youtube.com/watch?v=TSnKjn_rpKE,188,10,6,19,https://www.twitch.tv/videos/2865906970
92e03a33b1e640f6aa94211011de5d24,2260,93275,244,92,1036,https://www.youtube.com/watch?v=c_33OhjGK5w,160,129,328,https://www.youtube.com/watch?v=lXYNojNAr0w,416,23,1036,https://www.youtube.com/watch?v=c_33OhjGK5w,319,71,51,235,https://www.twitch.tv/videos/2864973685
78dea7b59be448329ec287a403f95a13,2240,33463,20,6,1484,https://www.youtube.com/watch?v=EXA70v2DpIQ,0,0,0,,20,6,1484,https://www.youtube.com/watch?v=EXA70v2DpIQ,2122,148,82,184,https://www.twitch.tv/videos/2864146169
25904d8b82c84d74a8abffb804647e21,2240,114510,0,0,0,,0,0,0,,0,0,0,,393,0,0,0,
de610557c5c041df85e41e7f2f5490f5,2230,12762,0,0,0,,0,0,0,,0,0,0,,4228,0,0,0,
345b2eb5c8bf4d7d9fa72176f67de440,2230,43931,24,22,24,https://www.youtube.com/watch?v=nm6HqBoL01I,0,0,0,,24,22,24,https://www.youtube.com/watch?v=nm6HqBoL01I,880,220,184,220,https://www.twitch.tv/videos/2871241740
504678b9fa2f4506879ba42b27a13dff,2230,253237,208,146,1430,https://www.youtube.com/watch?v=oMw5nefMJZ4,189,96,519,https://www.youtube.com/watch?v=TduJZ2beblk,418,163,1430,https://www.youtube.com/watch?v=oMw5nefMJZ4,0,0,0,0,
27f5926236d04e34a08fdb7ab83940bc,2230,70890,351,68,473,https://www.youtube.com/watch?v=3IlP1bHH0BU,351,68,473,https://www.youtube.com/watch?v=3IlP1bHH0BU,0,0,0,,0,0,0,0,
44ae1f339250472c82d1fc4ffb3610ad,2230,132758,1419,917,5236,https://www.youtube.com/watch?v=HwjaFvQarQ0,1419,917,5236,https://www.youtube.com/watch?v=HwjaFvQarQ0,0,0,0,,3049,1095,437,1468,https://www.twitch.tv/videos/2856628525
c52b95b6a42d48f0ae888720492a5a46,2220,146940,0,0,0,,0,0,0,,0,0,0,,0,0,0,0,
9b8fe3ac0f30473f87290d314dfda74e,2220,4349,1091,164,1205,https://www.youtube.com/watch?v=3DtBZYk2X5I,0,0,0,,1091,164,1205,https://www.youtube.com/watch?v=3DtBZYk2X5I,0,0,0,0,
ab069c9401bc4bd09eea8f5ece525d54,2210,350071,0,0,0,,0,0,0,,0,0,0,,0,0,0,0,
c3945429509246f79c5f0a18594f696d,2210,88393,2655,392,7590,https://www.youtube.com/watch?v=M3d_HLFpyKw,0,0,0,,2655,392,7590,https://www.youtube.com/watch?v=M3d_HLFpyKw,16200,7745,3705,15777,https://www.twitch.tv/videos/2857485461
751596501f4f420a8a5c5c9d839efb22,2210,116033,0,0,0,,0,0,0,,0,0,0,,271,0,0,0,
65c0e7f6562d419e944caea644836c1f,2210,95277,287,150,369,https://www.youtube.com/watch?v=xvPna63avXk,287,150,369,https://www.youtube.com/watch?v=xvPna63avXk,0,0,0,,295,36,31,36,https://www.twitch.tv/videos/2872141562
1ead15220cb842a79c3922d08d618e31,2200,4608,0,0,0,,0,0,0,,0,0,0,,0,0,0,0,
d418b8a185f449b3a15c1656ba654780,2200,161023,0,0,0,,0,0,0,,0,0,0,,0,0,0,0,
8890acc220cd4f969ec2e23a28c1eda2,2200,8908,0,0,0,,0,0,0,,0,0,0,,0,0,0,0,
58d43efc5b4046148d02de0e65ef9120,2190,304848,467,217,37048,https://www.youtube.com/watch?v=vcfGhVQl4VE,442,182,1943,https://www.youtube.com/watch?v=-jdhrq8wwro,566,224,37048,https://www.youtube.com/watch?v=vcfGhVQl4VE,592,179,141,211,https://www.twitch.tv/videos/2871041202
8e84dbdebec446bab8c82b3f0467f398,2190,208932,196,112,1573,https://www.youtube.com/watch?v=OftO8sfnaNA,147,83,297,https://www.youtube.com/watch?v=ZzxES3Br5XM,1046,442,1573,https://www.youtube.com/watch?v=OftO8sfnaNA,0,0,0,0,
a76c19e10aa4463f92f0d2e0f30ab84a,2180,155327,322,146,868,https://www.youtube.com/watch?v=TnpXTVsVXmE,322,178,868,https://www.youtube.com/watch?v=TnpXTVsVXmE,233,95,799,https://www.youtube.com/watch?v=27QbFBgnTH4,0,0,0,0,
60602526ae1d48688c23a74b3cb527e8,2180,101767,168,120,215,https://www.youtube.com/watch?v=XSps2D8MQrI,168,120,215,https://www.youtube.com/watch?v=XSps2D8MQrI,0,0,0,,0,0,0,0,
e897180feafa4f748c41f13306b6f379,2170,535482,1638,810,8814,https://www.youtube.com/watch?v=5ad-_oPXvV4,508,227,2776,https://www.youtube.com/watch?v=MIkRbTzbH7U,2036,1077,8814,https://www.youtube.com/watch?v=5ad-_oPXvV4,60,0,0,0,
19a2801d800547e58c6560aa1accf3e4,2170,100002,262,138,608,https://www.youtube.com/watch?v=V_xafC6XX7s,262,138,608,https://www.youtube.com/watch?v=V_xafC6XX7s,0,0,0,,452,0,0,0,
8b732f3260e0427f9cf795b93ada310a,2170,68824,0,0,0,,0,0,0,,0,0,0,,3950,641,189,1530,https://www.twitch.tv/videos/2856728880
8a63cc5d44b44e2c88122e98c533d20a,2170,332476,0,0,0,,0,0,0,,0,0,0,,0,0,0,0,
e58a5a6f40e040d79bbcd139824d6fc7,2160,285666,1106,377,1598,https://www.youtube.com/watch?v=0FSi_FxnBGA,0,0,0,,1106,377,1598,https://www.youtube.com/watch?v=0FSi_FxnBGA,11742,3326,1375,4974,https://www.twitch.tv/videos/2871086793
d45c287a84b6485e8ff3400cf50f5db7,2160,170244,0,0,0,,0,0,0,,0,0,0,,4443,691,356,1050,https://www.twitch.tv/videos/2874812536
d564ef4ee383435787e18dee18247631,2150,71100,134,69,1641,https://www.youtube.com/watch?v=9m56h1IEOJQ,134,69,1641,https://www.youtube.com/watch?v=9m56h1IEOJQ,0,0,0,,403,9,6,20,https://www.twitch.tv/videos/2869391985
5da8c6fb027049cc8bc2030c56e8c489,2150,30336,0,0,0,,0,0,0,,0,0,0,,135,0,0,0,
b5c9831f97f4427a88a96d7c4ee40539,2150,200525,0,0,0,,0,0,0,,0,0,0,,1693,245,221,245,https://www.twitch.tv/videos/2873120290
8c171b8f4b854cbfade4ee2babc19e0f,2150,55995,321,189,1246,https://www.youtube.com/watch?v=AAxb1wp2UYY,321,189,1246,https://www.youtube.com/watch?v=AAxb1wp2UYY,0,0,0,,0,0,0,0,
62b58adde13f4a73ab406f857d730e20,2140,108516,389,115,737,https://www.youtube.com/watch?v=UJWWZKezXvE,353,110,737,https://www.youtube.com/watch?v=UJWWZKezXvE,719,282,719,https://www.youtube.com/watch?v=JtW9CWcVAAU,0,0,0,0,
948d1078ceaf4b39b3bef86fdab85482,2140,45569,221,69,1523,https://www.youtube.com/watch?v=5ONcYQBmy9I,165,12,471,https://www.youtube.com/watch?v=Vy-pUS6XezU,1521,423,1523,https://www.youtube.com/watch?v=5ONcYQBmy9I,2936,142,137,249,https://www.twitch.tv/videos/2874828785
326e254f0da14bc6bfc5d379164cf5c6,2140,46788,0,0,0,,0,0,0,,0,0,0,,0,0,0,0,
c41a24bf9c8f48ee9454119057088688,2130,87603,0,0,0,,0,0,0,,0,0,0,,0,0,0,0,
7cc197b36bc64bf38aaf98a17eaf8d31,2130,233719,429,361,1470,https://www.youtube.com/watch?v=e40trukNIPg,249,126,906,https://www.youtube.com/watch?v=6rs19uP7WcI,1005,521,1470,https://www.youtube.com/watch?v=e40trukNIPg,0,0,0,0,
ef03340f293242f89fe15f2f828dbf7f,2120,50142,77,17,434,https://www.youtube.com/watch?v=AvEdI3L8kWY,77,17,434,https://www.youtube.com/watch?v=AvEdI3L8kWY,0,0,0,,654,16,13,22,https://www.twitch.tv/videos/2864978757
80ea9b92d31c48b8b2cf2ca5bacc2a08,2120,70723,160,80,180,https://www.youtube.com/watch?v=d0cGuTXWAeM,160,80,180,https://www.youtube.com/watch?v=d0cGuTXWAeM,0,0,0,,0,0,0,0,
4f93fe928d264a299c6589e09fbda21e,2110,163484,0,0,0,,0,0,0,,0,0,0,,0,0,0,0,
8b810380ed254a5e8a85b65552ba4e61,2110,128657,1171,815,1171,https://www.youtube.com/watch?v=mBV6c5o3WEs,0,0,0,,1171,815,1171,https://www.youtube.com/watch?v=mBV6c5o3WEs,23796,1226,802,179371,https://www.twitch.tv/videos/2867633232
9efea510313f4733b4d0b5e3cfb6988b,2110,532681,43,16,106,https://www.youtube.com/watch?v=Elc8bjAKHEY,106,86,106,https://www.youtube.com/watch?v=Elc8bjAKHEY,32,10,72,https://www.youtube.com/watch?v=mSeDJ7HBsoY,0,0,0,0,
2c92fe49ca9f4b8faf8f4521378857d2,2110,295344,365,362,365,https://www.youtube.com/watch?v=7OcU9ruwKkI,0,0,0,,365,362,365,https://www.youtube.com/watch?v=7OcU9ruwKkI,668,19,14,25,https://www.twitch.tv/videos/2873965326
b84f2dfff8ce4ca1af82bfc44405f1e7,2110,96896,149,64,2967,https://www.youtube.com/watch?v=BDnt-0i7KIY,101,64,283,https://www.youtube.com/watch?v=hdal12sjoDE,2307,900,2967,https://www.youtube.com/watch?v=BDnt-0i7KIY,0,0,0,0,
3a8fe50b02d04b45af3974ed979c52eb,2100,114039,709,400,1878,https://www.youtube.com/watch?v=dtbijRT_ytA,681,400,1243,https://www.youtube.com/watch?v=WGXWWqWr804,1437,570,1878,https://www.youtube.com/watch?v=dtbijRT_ytA,0,0,0,0,
226eb1e34c924ae2914d960039905d08,2100,240298,191,108,1088,https://www.youtube.com/watch?v=ngvlTwkkt9U,191,108,488,https://www.youtube.com/watch?v=qNr361uNp7U,630,79,1088,https://www.youtube.com/watch?v=ngvlTwkkt9U,0,0,0,0,
8f7fdc3104f541539132c122eeab6801,2100,52260,219,105,857,https://www.youtube.com/watch?v=16Xpzc7oP7U,222,119,857,https://www.youtube.com/watch?v=16Xpzc7oP7U,145,34,175,https://www.youtube.com/watch?v=hMrM4sGYnuE,0,0,0,0,
1310ffb60dcf40eaaf6a08890e632234,2100,106019,336,222,656,https://www.youtube.com/watch?v=3t1r53UTbdw,336,222,656,https://www.youtube.com/watch?v=3t1r53UTbdw,0,0,0,,0,0,0,0,
9870111c23124c19a12de7bbdeb8abc1,2100,74136,198,98,446,https://www.youtube.com/watch?v=FPhHTkVt0Yk,198,98,446,https://www.youtube.com/watch?v=FPhHTkVt0Yk,0,0,0,,0,0,0,0,
40082e2bb0b546d3bd3ebb75a3192092,2090,1658166,124,60,1515,https://www.youtube.com/watch?v=dm50sjk1xGE,75,43,98,https://www.youtube.com/watch?v=Y-cYqsIqUyg,136,60,1515,https://www.youtube.com/watch?v=dm50sjk1xGE,0,0,0,0,
6d2945d11f504edb9962f742b54f6553,2090,36753,36,14,135,https://www.youtube.com/watch?v=1tEybKb5t4Q,36,14,135,https://www.youtube.com/watch?v=1tEybKb5t4Q,0,0,0,,1115,50,40,50,https://www.twitch.tv/videos/2870380183
6b36f446b10e4ea99d5d80d60beeee21,2080,50602,0,0,0,,0,0,0,,0,0,0,,8140,0,0,0,
6cc5ac707eed4f9e9b5bc7b2f970fe1b,2080,126721,392,214,2026,https://www.youtube.com/watch?v=eeo0RlNiJP4,272,177,1582,https://www.youtube.com/watch?v=JIrK4xmBKqs,1426,639,2026,https://www.youtube.com/watch?v=eeo0RlNiJP4,0,0,0,0,
4f20b9493001401f81b7a451bf856fba,2080,240080,1129,297,1325,https://www.youtube.com/watch?v=r-sTSEMiakA,0,0,0,,1129,297,1325,https://www.youtube.com/watch?v=r-sTSEMiakA,1591,0,0,0,
e9047e02eb6340ff940114f754c76875,2080,59538,170,29,352,https://www.youtube.com/watch?v=el2iL7yS2QM,94,41,352,https://www.youtube.com/watch?v=el2iL7yS2QM,247,16,247,https://www.youtube.com/watch?v=XN93LQ8idYk,0,0,0,0,
ab540a5b73bb4dfa85cebffb70fad5db,2070,59570,0,0,0,,0,0,0,,0,0,0,,1223,0,0,0,
e91df1edab1b4b01b37419becd9f5b86,2070,65935,183,31,1110,https://www.youtube.com/watch?v=K6j9AOUDsQs,183,31,1110,https://www.youtube.com/watch?v=K6j9AOUDsQs,0,0,0,,72,0,0,0,
44b22851b9df4612bec834e2cfde9489,2070,523474,97,44,322,https://www.youtube.com/watch?v=gfKMEuWIc3s,122,38,322,https://www.youtube.com/watch?v=gfKMEuWIc3s,53,51,53,https://www.youtube.com/watch?v=V4ZfFG2P8pk,0,0,0,0,
6eefc3826f4f49a0b28a5288c5e0d83e,2070,12984,0,0,0,,0,0,0,,0,0,0,,2668,293,232,353,https://www.twitch.tv/videos/2873818300
77829b31e6e246efbf1f648a353ff823,2070,326484,749,264,1700,https://www.youtube.com/watch?v=01iC1uhb2TI,599,191,1700,https://www.youtube.com/watch?v=01iC1uhb2TI,1385,355,1672,https://www.youtube.com/watch?v=H_Km5sxpRns,0,0,0,0,
361d3dd97ee9430f85d57b61ea8f0b85,2070,180172,221,55,2189,https://www.youtube.com/watch?v=qB2ysE3aRqM,195,54,506,https://www.youtube.com/watch?v=dvLcc7kmLLo,2189,55,2189,https://www.youtube.com/watch?v=qB2ysE3aRqM,0,0,0,0,
33918eea49984fb499619652ce58a4fa,2060,35790,0,0,0,,0,0,0,,0,0,0,,0,0,0,0,
93e7079bd21c499f9004e79d18489d28,2060,496630,0,0,0,,0,0,0,,0,0,0,,85,0,0,0,
a5681ed32f994c57a107a0b9248fb228,2050,88209,373,188,833,https://www.youtube.com/watch?v=YPinZshAMLM,373,188,833,https://www.youtube.com/watch?v=YPinZshAMLM,0,0,0,,0,0,0,0,
b8d723ac79eb47229a23adc4029a5bd5,2050,0,0,0,0,,0,0,0,,0,0,0,,0,0,0,0,
cb52afa541704e6e8f1098a20679135c,2050,120565,159,105,252,https://www.youtube.com/watch?v=xm-o8Gp0zkk,159,105,252,https://www.youtube.com/watch?v=xm-o8Gp0zkk,0,0,0,,336,0,0,0,
9087489bcb234de9bb2a8942a1562a61,2050,76332,0,0,0,,0,0,0,,0,0,0,,0,0,0,0,
1b863baf309a4ff587385012bb5bde51,2050,80414,0,0,0,,0,0,0,,0,0,0,,340,0,0,0,
0563e1d0ff394d1ab0d6a09d89870fba,2040,157065,183,124,643,https://www.youtube.com/watch?v=mBZ7GzQ1h4o,207,137,643,https://www.youtube.com/watch?v=mBZ7GzQ1h4o,138,90,400,https://www.youtube.com/watch?v=41h1tNQ9Ki8,169,57,43,139,https://www.twitch.tv/videos/2868524221
f3b487c00ef5466eaa529f3a2e8d6753,2040,31741,290,127,1563,https://www.youtube.com/watch?v=CwxPAqffOhY,268,125,1563,https://www.youtube.com/watch?v=CwxPAqffOhY,952,448,952,https://www.youtube.com/watch?v=QpNKaYH9xno,0,0,0,0,
2e58c53f72f144dbad853ca8630dab19,2040,76239,621,485,826,https://www.youtube.com/watch?v=CypnRSlyfwQ,621,485,826,https://www.youtube.com/watch?v=CypnRSlyfwQ,0,0,0,,242,252,193,252,https://www.twitch.tv/videos/2869464868
7d2aa4176f60423bb1532ac37ed55e28,2030,171721,224,105,918,https://www.youtube.com/watch?v=c49wxSIYtrI,224,105,918,https://www.youtube.com/watch?v=c49wxSIYtrI,0,0,0,,0,0,0,0,
0414bb8fc082472a9434bd4a463a9865,2030,11179,0,0,0,,0,0,0,,0,0,0,,191,0,0,0,
e32a7d950f5a4b53ab2f47d225aec4fd,2030,54988,0,0,0,,0,0,0,,0,0,0,,0,0,0,0,
83eff3b0de694818876092eaabd35b4a,2030,98103,108,57,256,https://www.youtube.com/watch?v=AxdK_RmOqaw,119,64,256,https://www.youtube.com/watch?v=AxdK_RmOqaw,93,27,93,https://www.youtube.com/watch?v=Y1_UHSkkqYc,0,0,0,0,
83a59a0d6537461fb429af7e3af1d152,2020,258666,0,0,0,,0,0,0,,0,0,0,,0,0,0,0,
712d031e7f004ed99aa1dfdb176cff32,2020,120984,1764,690,1764,https://www.youtube.com/watch?v=xEetVhjko7Q,0,0,0,,1764,690,1764,https://www.youtube.com/watch?v=xEetVhjko7Q,321,0,0,0,
bb1cda940e0a44b3a25f3e368c19c490,2020,64363,133,11,133,https://www.youtube.com/watch?v=WEq-mLDnh2M,133,11,133,https://www.youtube.com/watch?v=WEq-mLDnh2M,0,0,0,,0,0,0,0,
6eeed5b0702a45df8470a617ee2c5243,2010,24090,0,0,0,,0,0,0,,0,0,0,,0,0,0,0,
2a20316d245d406193331300bb44fdec,2010,26361,0,0,0,,0,0,0,,0,0,0,,5376,649,338,794,https://www.twitch.tv/videos/2860444199
95f8bb8a92c1450b8b5993f740b39338,2000,766108,0,0,0,,0,0,0,,0,0,0,,295,0,0,0,
14d334ad35f146ecbb047d1c20652fe1,2000,350451,0,0,0,,0,0,0,,0,0,0,,0,0,0,0,
7bd1bc8b491d47e0b7cf0a573c36120e,1990,102598,0,0,0,,0,0,0,,0,0,0,,0,0,0,0,
0fbdfcc1b9cf41fdb840cf2f546d9324,1990,155125,85,27,428,https://www.youtube.com/watch?v=wHTRCX29Ulk,118,30,428,https://www.youtube.com/watch?v=wHTRCX29Ulk,14,4,76,https://www.youtube.com/watch?v=QV-dlzYQ9dU,681,0,0,0,
749161d9934f41bf97e7210afd6b3bb1,1990,41144,0,0,0,,0,0,0,,0,0,0,,105,0,0,0,
a324be13dcdb4acbbe722638fc2dbfa4,1990,74662,479,256,1165,https://www.youtube.com/watch?v=LAsm3uT0uYY,439,253,919,https://www.youtube.com/watch?v=CQIBZDL6CiQ,1165,414,1165,https://www.youtube.com/watch?v=LAsm3uT0uYY,123,12,8,15,https://www.twitch.tv/videos/2867670740
637a5867616a436ba0f7cdd36057f55a,1980,163600,250,81,338,https://www.youtube.com/watch?v=jNANpgkTYc0,250,81,338,https://www.youtube.com/watch?v=jNANpgkTYc0,0,0,0,,107,0,0,0,
9031798ec1884b52b17df470b6c379b2,1980,57640,355,178,413,https://www.youtube.com/watch?v=Oz-wNsz4si4,355,178,413,https://www.youtube.com/watch?v=Oz-wNsz4si4,0,0,0,,0,0,0,0,
17b1d3fb1e1944dabd5e6a45f94e2f6b,1980,72954,357,234,386,https://www.youtube.com/watch?v=b9uYAZyBfIQ,357,234,386,https://www.youtube.com/watch?v=b9uYAZyBfIQ,0,0,0,,0,0,0,0,
0c1efcf431bc4ffbb208775a9738e348,1980,72027,585,197,722,https://www.youtube.com/watch?v=StXFUExoYBo,585,197,722,https://www.youtube.com/watch?v=StXFUExoYBo,0,0,0,,180,0,0,0,
9133438057714eb196366f5ecbed6a4a,1970,658533,1429,322,6503,https://www.youtube.com/watch?v=vVCYgm-wDIs,0,0,0,,1429,322,6503,https://www.youtube.com/watch?v=vVCYgm-wDIs,0,0,0,0,
6bddfe8d54104f4192c56e4935a871de,1970,604612,0,0,0,,0,0,0,,0,0,0,,1355,352,272,721,https://www.twitch.tv/videos/2870180925
bf124655587e4f5b937d695be814d25d,1960,155208,219,139,259,https://www.youtube.com/watch?v=P22QDx2oR_c,219,139,259,https://www.youtube.com/watch?v=P22QDx2oR_c,0,0,0,,0,0,0,0,
4b7c733a13d247ec84844698ecc7ba0c,1960,43710,0,0,0,,0,0,0,,0,0,0,,2806,297,186,375,https://www.twitch.tv/videos/2868382586
bc7d14416ba24cc8819f0753e1f595f5,1960,336137,147,79,483,https://www.youtube.com/watch?v=pRTEKX71plA,147,79,483,https://www.youtube.com/watch?v=pRTEKX71plA,0,0,0,,0,0,0,0,
4de89158f20a4d0e8023f15db8a9526e,1960,153009,0,0,0,,0,0,0,,0,0,0,,0,0,0,0,
89f4c9a5a9374700ae9f3725cd8a3f0f,1960,201245,653,254,1487,https://www.youtube.com/watch?v=9_N7PhoKZbg,128,33,276,https://www.youtube.com/watch?v=eX6CX2po8dA,1055,327,1487,https://www.youtube.com/watch?v=9_N7PhoKZbg,203,85,45,85,https://www.twitch.tv/videos/2863258560
018244f1ad404c9eaa4ddf747c3bafa0,1950,273765,471,253,1286,https://www.youtube.com/watch?v=lYG_LLDdx4E,492,254,1286,https://www.youtube.com/watch?v=lYG_LLDdx4E,51,32,51,https://www.youtube.com/watch?v=lwB73WXFDGw,0,0,0,0,
70c982c2dffc4cd08c90431abcc8be97,1950,58743,115,54,264,https://www.youtube.com/watch?v=YvWMe8VQ5zM,115,54,264,https://www.youtube.com/watch?v=YvWMe8VQ5zM,0,0,0,,212,29,21,37,https://www.twitch.tv/videos/2872134806
c0ae01f224734769a38c39b97fb6dbb7,1950,52586,0,0,0,,0,0,0,,0,0,0,,411,0,0,0,
1eb556018c7847feb170b09b8622590c,1940,128780,148,51,354,https://www.youtube.com/watch?v=IgMPIJgy7Tc,148,51,354,https://www.youtube.com/watch?v=IgMPIJgy7Tc,154,92,267,https://www.youtube.com/watch?v=iZhW_ymoPOI,17,0,0,0,
5ff20156ebbf4390a3573d6a94aed8df,1930,101430,207,109,681,https://www.youtube.com/watch?v=Fed2pshkjZA,222,135,681,https://www.youtube.com/watch?v=Fed2pshkjZA,195,84,205,https://www.youtube.com/watch?v=rlgrzWbcgUY,0,0,0,0,
1025a2d1ea674c649b1e7934895bd419,1930,57103,237,209,272,https://www.youtube.com/watch?v=21YzfbzQqjE,237,209,272,https://www.youtube.com/watch?v=21YzfbzQqjE,0,0,0,,0,0,0,0,
a45c0a929a504afa9afee5c56bc9b959,1930,43103,0,0,0,,0,0,0,,0,0,0,,130,87,68,103,https://www.twitch.tv/videos/2872106648
734477be3c5d42afbdde5356c6a6e8ee,1920,83976,0,0,0,,0,0,0,,0,0,0,,0,0,0,0,
7c18bc597298484c8f2925759fc1ac4a,1910,17284,179,92,232,https://www.youtube.com/watch?v=ZF01uTVYG30,179,92,232,https://www.youtube.com/watch?v=ZF01uTVYG30,0,0,0,,800,0,0,0,
a823412858b749f7bd2bff3739ec55b7,1910,114592,833,458,1734,https://www.youtube.com/watch?v=ER3JOMpbWvc,833,458,1734,https://www.youtube.com/watch?v=ER3JOMpbWvc,0,0,0,,442,0,0,0,
31c7fada1ab24cbd83ab4ae698955a29,1910,87457,129,68,672,https://www.youtube.com/watch?v=Z_2GHJXRtPE,120,71,163,https://www.youtube.com/watch?v=ATHm1Oj8NFo,164,32,672,https://www.youtube.com/watch?v=Z_2GHJXRtPE,0,0,0,0,
8564954960ba466fa7f17bc0e0ea5e8e,1910,38977,0,0,0,,0,0,0,,0,0,0,,359,0,0,0,
7eec0f9233fa49ed92c4f60fb8a82694,1890,39546,21,12,28,https://www.youtube.com/watch?v=Mib1kOVwrtw,0,0,0,,21,12,28,https://www.youtube.com/watch?v=Mib1kOVwrtw,1014,164,98,164,https://www.twitch.tv/videos/2864994594
3e41189706dd483db4e407c295b058ce,1890,108280,98,56,175,https://www.youtube.com/watch?v=ipmxScDQBlE,98,56,175,https://www.youtube.com/watch?v=ipmxScDQBlE,0,0,0,,4987,439,268,1166,https://www.twitch.tv/videos/2862426388
10c8c9b647e7464f9d95c7c1a865da01,1890,173663,193,102,1303,https://www.youtube.com/watch?v=8sHkcA_CfsM,158,84,584,https://www.youtube.com/watch?v=F54hOaz8WPY,786,241,1303,https://www.youtube.com/watch?v=8sHkcA_CfsM,2236,137,97,444,https://www.twitch.tv/videos/2863938360
9be037b96ffa41c9a080edf332650649,1890,103955,186,113,470,https://www.youtube.com/watch?v=mq6qqynZZhY,159,85,470,https://www.youtube.com/watch?v=mq6qqynZZhY,465,170,465,https://www.youtube.com/watch?v=IIwdTcjtSUg,0,0,0,0,
5612ac8b150e45e5a7381a2c07e9671a,1890,85917,113,61,396,https://www.youtube.com/watch?v=ZXljR_1DL6A,113,61,396,https://www.youtube.com/watch?v=ZXljR_1DL6A,0,0,0,,0,0,0,0,
608b617ad99c4f18b97d10560e254b4b,1870,62169,162,47,281,https://www.youtube.com/watch?v=4sCPbQIeJKU,173,46,281,https://www.youtube.com/watch?v=4sCPbQIeJKU,105,47,178,https://www.youtube.com/watch?v=Q6PPjCTw2_A,0,0,0,0,
342f808864164047acc8ddffe88c9618,1870,139109,0,0,0,,0,0,0,,0,0,0,,2435,321,240,426,https://www.twitch.tv/videos/2863015142
673abaca34d047b49b11d50214a9a463,1860,94040,418,194,1321,https://www.youtube.com/watch?v=Jo5zF9SeQew,418,194,1321,https://www.youtube.com/watch?v=Jo5zF9SeQew,0,0,0,,87,0,0,0,
52324c45fae74014bc603ae09d8d6136,1860,64838,983,583,5396,https://www.youtube.com/watch?v=mM3yQ_b3uO4,768,557,5396,https://www.youtube.com/watch?v=mM3yQ_b3uO4,1740,862,3069,https://www.youtube.com/watch?v=BCrQ6yZCWrI,176,0,0,0,
21c774c9133043baaf8d283705cd9093,1850,83729,490,213,1247,https://www.youtube.com/watch?v=MIIDhLUDj7A,289,108,953,https://www.youtube.com/watch?v=g0oNNiIHPic,624,279,1247,https://www.youtube.com/watch?v=MIIDhLUDj7A,0,0,0,0,
63175a6880c5427891463ff07fd0bf7e,1850,49851,0,0,0,,0,0,0,,0,0,0,,0,0,0,0,
53cd965ca91e495887b89aabd6314402,1850,41826,297,211,3252,https://www.youtube.com/watch?v=q4GjfKer9LE,1154,607,3252,https://www.youtube.com/watch?v=q4GjfKer9LE,234,127,296,https://www.youtube.com/watch?v=UUGsVm0t-i4,26,0,0,0,
21a819efced54f6991abd3fc0b43091f,1850,147249,519,221,1817,https://www.youtube.com/watch?v=jVL3Vt1zELA,382,152,420,https://www.youtube.com/watch?v=rXLDVe-_EZw,733,241,1817,https://www.youtube.com/watch?v=jVL3Vt1zELA,844,99,62,99,https://www.twitch.tv/videos/2865916235
cfa15a7e93824927ad4b84a519b0ab68,1850,714567,2417,1851,6361,https://www.youtube.com/watch?v=j6O8wOUfJFI,0,0,0,,2417,1851,6361,https://www.youtube.com/watch?v=j6O8wOUfJFI,0,0,0,0,
0da343539de64a169fe51ad653e5c73d,1850,45501,65,62,872,https://www.youtube.com/watch?v=d1ZfZQfv_7Y,75,73,872,https://www.youtube.com/watch?v=d1ZfZQfv_7Y,61,57,61,https://www.youtube.com/watch?v=ObtHByLNovg,0,0,0,0,
a725f6babc5f44779d7389886c6cd7b7,1850,77006,319,134,1175,https://www.youtube.com/watch?v=Dd-4FQRC-4Y,323,137,1175,https://www.youtube.com/watch?v=Dd-4FQRC-4Y,172,52,172,https://www.youtube.com/watch?v=4JDkylxSCPA,0,0,0,0,
8020c505099f474ca81da3023926485f,1840,114013,170,99,371,https://www.youtube.com/watch?v=EVrKSFZd_cI,170,99,371,https://www.youtube.com/watch?v=EVrKSFZd_cI,0,0,0,,0,0,0,0,
14561bf5e63844f58b60deb87f443507,1840,0,0,0,0,,0,0,0,,0,0,0,,1133,338,85,338,https://www.twitch.tv/videos/2855661074
a6a789d93f3a4352b251a51b43f98d2c,1840,47179,244,188,250,https://www.youtube.com/watch?v=wc7zhhnfBJE,244,188,250,https://www.youtube.com/watch?v=wc7zhhnfBJE,0,0,0,,0,0,0,0,
e72542ff8bb14e47929b037c626c320a,1840,39512,0,0,0,,0,0,0,,0,0,0,,0,0,0,0,
70874043d50b4e3a873742127251caa5,1830,84780,211,148,211,https://www.youtube.com/watch?v=myet4vTZ6lM,211,148,211,https://www.youtube.com/watch?v=myet4vTZ6lM,0,0,0,,0,0,0,0,
e9fa90c6824c47abbfd114e9cd9b4125,1830,121600,273,109,1593,https://www.youtube.com/watch?v=h5dlYLozOPE,225,55,1004,https://www.youtube.com/watch?v=n7VFh2MbvHA,1593,779,1593,https://www.youtube.com/watch?v=h5dlYLozOPE,0,0,0,0,
a0ac84f84b914c21acf669844a163436,1830,46273,0,0,0,,0,0,0,,0,0,0,,1604,685,287,1202,https://www.twitch.tv/videos/2855244139
48b978b1705a4f61a760b05280000b34,1830,8858,0,0,0,,0,0,0,,0,0,0,,1253,0,0,0,
ced6b5d82fc848a5a0f45a1b3da4cfae,1820,86554,429,260,1093,https://www.youtube.com/watch?v=CugvAGOCnLI,429,260,1093,https://www.youtube.com/watch?v=CugvAGOCnLI,0,0,0,,231,35,28,52,https://www.twitch.tv/videos/2866917028
9c0184b0f01a4af4a4c2c56139682fb9,1820,41442,6,1,6,https://www.youtube.com/watch?v=Mia2dBYgXYo,0,0,0,,6,1,6,https://www.youtube.com/watch?v=Mia2dBYgXYo,132,0,0,0,
8460a099a32044a5aa602f780dec94f2,1820,356551,39,10,1492,https://www.youtube.com/watch?v=nWkgixzQwOA,26,7,60,https://www.youtube.com/watch?v=bNMbBYnGYSY,670,52,1492,https://www.youtube.com/watch?v=nWkgixzQwOA,25,0,0,0,
fe5a0ac164a940c79e430eab9995da2e,1820,238626,0,0,0,,0,0,0,,0,0,0,,111,0,0,0,
b023ec32c6b5474e95c7faf252925b8e,1810,53290,354,340,803,https://www.youtube.com/watch?v=JHYS4APl8sg,0,0,0,,354,340,803,https://www.youtube.com/watch?v=JHYS4APl8sg,430,43,38,43,https://www.twitch.tv/videos/2873105733
3bc6afb820df4f59b2c6ff1c25d1eed3,1810,155602,129,55,1255,https://www.youtube.com/watch?v=FIK2ONaHIWw,140,63,817,https://www.youtube.com/watch?v=gcTkn9ZgBM8,46,36,1255,https://www.youtube.com/watch?v=FIK2ONaHIWw,0,0,0,0,
f3fa92d46e744da29b61f9468c76b9a5,1810,49548,0,0,0,,0,0,0,,0,0,0,,0,0,0,0,
8ad9544f4e4f42a09ec1ecb6b514729f,1810,98055,23,0,23,https://www.youtube.com/watch?v=hfdbVdqYjM4,23,0,23,https://www.youtube.com/watch?v=hfdbVdqYjM4,0,0,0,,0,0,0,0,
d748a977fcd24752ad9e038468713bf2,1810,8465,211,112,398,https://www.youtube.com/watch?v=9Cql8dmJNac,211,112,398,https://www.youtube.com/watch?v=9Cql8dmJNac,0,0,0,,0,0,0,0,
49c4f54141434226960845b2a46c432b,1810,61775,0,0,0,,0,0,0,,0,0,0,,0,0,0,0,
e3451dd6f3c0444c888eb6f67704613a,1800,74394,217,124,1248,https://www.youtube.com/watch?v=8oEfoXcW9Qo,217,124,1248,https://www.youtube.com/watch?v=8oEfoXcW9Qo,0,0,0,,0,0,0,0,
7425576151124e11a94609fd1b8687bc,1800,66522,0,0,0,,0,0,0,,0,0,0,,2082,195,168,362,https://www.twitch.tv/videos/2865130582
3bbbe40f23e344fa8889d410b7315383,1800,2113,0,0,0,,0,0,0,,0,0,0,,0,0,0,0,
db2f279f9960492082f3ae6ad20aca91,1800,47441,0,0,0,,0,0,0,,0,0,0,,510,0,0,0,
08158657738a4949bce0cbbc36c4e701,1790,70,0,0,0,,0,0,0,,0,0,0,,0,0,0,0,
6cb91cbf63cd46d49566ade06d3b3418,1790,26746,152,88,152,https://www.youtube.com/watch?v=gR5CxqmQhz8,152,88,152,https://www.youtube.com/watch?v=gR5CxqmQhz8,0,0,0,,0,0,0,0,
41a105676f5643d981a2167e8ac55552,1790,47532,1323,281,5045,https://www.youtube.com/watch?v=F-ipIFfYytI,898,886,898,https://www.youtube.com/watch?v=-Rj1RYdbnOo,1749,267,5045,https://www.youtube.com/watch?v=F-ipIFfYytI,72,0,0,0,
ce59f11c200841dab2e8a5e30655a827,1780,254470,0,0,0,,0,0,0,,0,0,0,,27,0,0,0,
29d3dea4a1684bec9592e2ccc3685c57,1780,64023,0,0,0,,0,0,0,,0,0,0,,0,0,0,0,
be84d60f2d0e452ab7d66eaeb957477f,1780,83755,86,56,86,https://www.youtube.com/watch?v=KUMJ8eSsL4o,86,56,86,https://www.youtube.com/watch?v=KUMJ8eSsL4o,0,0,0,,0,0,0,0,
46ca57774cd7476d86727882d07bd918,1780,110488,148,125,239,https://www.youtube.com/watch?v=MQQWX6MiFhQ,148,125,239,https://www.youtube.com/watch?v=MQQWX6MiFhQ,0,0,0,,208,103,76,115,https://www.twitch.tv/videos/2871302168
b49c2970f97b4fd4a6762b3e9ba94f8e,1770,7845,0,0,0,,0,0,0,,0,0,0,,10258,1142,498,1768,https://www.twitch.tv/videos/2853273149
7e9fc4a1ccc7445182bb3c5264d99187,1770,87134,305,202,821,https://www.youtube.com/watch?v=t7Eb-u_R1SU,262,245,821,https://www.youtube.com/watch?v=t7Eb-u_R1SU,456,30,456,https://www.youtube.com/watch?v=g8HYEeSAQ-g,0,0,0,0,
e39607950249427da8b60fa012115e44,1770,105158,0,0,0,,0,0,0,,0,0,0,,0,0,0,0,
7d3b310a867942cab270e48f7a397e0d,1770,58874,148,78,644,https://www.youtube.com/watch?v=yltHRvkQh7M,148,78,644,https://www.youtube.com/watch?v=yltHRvkQh7M,258,182,502,https://www.youtube.com/watch?v=UyyQzEhxnhI,988,0,0,0,
889bb42644a14ae4af2b3594c51d057b,1770,97783,120,66,2555,https://www.youtube.com/watch?v=E9A9NWwB2zw,110,60,254,https://www.youtube.com/watch?v=N_VIP-naPds,2555,845,2555,https://www.youtube.com/watch?v=E9A9NWwB2zw,0,0,0,0,
c489b78388904133a8b93cd4d0470aad,1770,162,0,0,0,,0,0,0,,0,0,0,,623,0,0,0,
5b1bd72acc95440cb3aa381c89cfca3c,1770,96529,1158,663,2162,https://www.youtube.com/watch?v=UO2anFUk-cc,0,0,0,,1158,663,2162,https://www.youtube.com/watch?v=UO2anFUk-cc,0,0,0,0,
8f1a38101d324afcbfc7df27d5d1e0a9,1760,212896,50,27,309,https://www.youtube.com/watch?v=EWc9iZh_d5c,50,27,309,https://www.youtube.com/watch?v=EWc9iZh_d5c,0,0,0,,0,0,0,0,
d0c2bb3e9091413e8d245bdc217e9420,1760,55952,63,3,92,https://www.youtube.com/watch?v=fujGXpqI8qc,63,3,92,https://www.youtube.com/watch?v=fujGXpqI8qc,0,0,0,,0,0,0,0,
0f7d7faa487642d0a8ff6d5fc8dbc394,1760,157960,0,0,0,,0,0,0,,0,0,0,,1775,327,116,520,https://www.twitch.tv/videos/2853292947
dbe3f9880dec4a03bcc1943343455a6c,1760,76972,148,24,598,https://www.youtube.com/watch?v=GR2Zsj8PwkQ,91,20,113,https://www.youtube.com/watch?v=-6qGPGVxcH4,391,24,598,https://www.youtube.com/watch?v=GR2Zsj8PwkQ,0,0,0,0,
5efdd7a401eb430ba20cb6f391fbbce3,1760,35377,0,0,0,,0,0,0,,0,0,0,,0,0,0,0,
67674d86fce54eceb37e0dc4ea802132,1760,145983,162,76,1022,https://www.youtube.com/watch?v=ZKl9bd6sijs,162,76,1022,https://www.youtube.com/watch?v=ZKl9bd6sijs,0,0,0,,119,6,5,13,https://www.twitch.tv/videos/2873139271
372962c805114682a4d16b75c13c80ed,1750,280,0,0,0,,0,0,0,,0,0,0,,0,0,0,0,
b0e88b4d4e5d41c4b5edd07540dc3637,1750,144366,105,40,203,https://www.youtube.com/watch?v=O4T5-AQiTi4,105,40,203,https://www.youtube.com/watch?v=O4T5-AQiTi4,0,0,0,,0,0,0,0,
3584322d47f14c7aa8f6e98511d3c54a,1750,1308,0,0,0,,0,0,0,,0,0,0,,1038,0,0,0,
f7bfeaf6288f4afe80b62dab32698a0c,1740,563276,164,96,1276,https://www.youtube.com/watch?v=opgsMa5zTBs,184,156,379,https://www.youtube.com/watch?v=CV1mWseBqEM,101,25,1276,https://www.youtube.com/watch?v=opgsMa5zTBs,353,0,0,0,
b0a7d70ae76549f5b4418e56ee4ad43f,1740,65349,159,46,253,https://www.youtube.com/watch?v=paAnarfiIsQ,159,46,253,https://www.youtube.com/watch?v=paAnarfiIsQ,0,0,0,,1173,0,0,0,
af9a2d0fab684be9b9da09e251f6bae6,1740,89758,315,140,340,https://www.youtube.com/watch?v=joYmcGEKp4Q,315,140,340,https://www.youtube.com/watch?v=joYmcGEKp4Q,0,0,0,,424,0,0,0,
2e8c364f691740dd81c0fa61727a9790,1740,610697,0,0,0,,0,0,0,,0,0,0,,3756,0,0,0,
66830cad0b9949689741b0dc5ef39d29,1740,49715,0,0,0,,0,0,0,,0,0,0,,0,0,0,0,
8483ae3c14ca488394d427d271854d88,1740,35842,0,0,0,,0,0,0,,0,0,0,,41,0,0,0,
db86eecb7c7047a984098e23de131e29,1740,175658,138,66,26943,https://www.youtube.com/watch?v=z4pzRQ0T8Fc,126,66,213,https://www.youtube.com/watch?v=yuSGWPI4cNY,14402,470,26943,https://www.youtube.com/watch?v=z4pzRQ0T8Fc,177,34,19,61,https://www.twitch.tv/videos/2873100730
e8ec42e35b774df8a21ae98a0d01fdc0,1730,1395204,204,61,1531,https://www.youtube.com/watch?v=Q2Nr-dD4Rms,143,71,1084,https://www.youtube.com/watch?v=imm-rCsHkrw,219,61,1531,https://www.youtube.com/watch?v=Q2Nr-dD4Rms,0,0,0,0,
351e16ae67e14d5e8c7294284c2ded4d,1720,25874,0,0,0,,0,0,0,,0,0,0,,690,0,0,0,
84cccbea595d4bc69426d5c75f1ac3a4,1720,91368,0,0,0,,0,0,0,,0,0,0,,0,0,0,0,
9deb096c2fb943a7ae7487bf25e28026,1710,123538,161,116,792,https://www.youtube.com/watch?v=LPD7MpiA8tg,161,116,792,https://www.youtube.com/watch?v=LPD7MpiA8tg,0,0,0,,1403,113,85,137,https://www.twitch.tv/videos/2872881031
dcc5b43448044231a3a8710d144b2602,1700,172228,513,233,2543,https://www.youtube.com/watch?v=q237KgmgQ4I,471,233,2543,https://www.youtube.com/watch?v=q237KgmgQ4I,1417,400,1529,https://www.youtube.com/watch?v=WUlduqknCwU,0,0,0,0,
055f10f2da424da8bfbfe9d01b15fb11,1700,52860,152,76,275,https://www.youtube.com/watch?v=xNcVMly6Bt4,161,71,275,https://www.youtube.com/watch?v=xNcVMly6Bt4,143,81,143,https://www.youtube.com/watch?v=E40PtrN9f54,83,47,42,47,https://www.twitch.tv/videos/2873099809
1e0ca2c7a8d7493baa62b792d78e7b07,1700,134274,194,104,293,https://www.youtube.com/watch?v=d4LJmasJCLM,194,104,293,https://www.youtube.com/watch?v=d4LJmasJCLM,0,0,0,,0,0,0,0,
f3914ae7ae6541198b6b5f4d63febe48,1690,49576,106,4,106,https://www.youtube.com/watch?v=R3RWOfbsTfI,106,4,106,https://www.youtube.com/watch?v=R3RWOfbsTfI,0,0,0,,0,0,0,0,
83ec4919298a4ad5984e3da31109a4c8,1680,80426,4048,3549,5231,https://www.youtube.com/watch?v=x27zimDIpEM,0,0,0,,4048,3549,5231,https://www.youtube.com/watch?v=x27zimDIpEM,16686,15029,6335,41851,https://www.twitch.tv/videos/2858590754
7259f7e619e943018e64fb24d4d20e34,1680,35983,491,215,580,https://www.youtube.com/watch?v=zA-pE8pzj1w,491,215,580,https://www.youtube.com/watch?v=zA-pE8pzj1w,0,0,0,,0,0,0,0,
60a400d6a5d841f78b352675c383dbef,1680,48715,341,215,341,https://www.youtube.com/watch?v=nW8HW4scUb0,341,215,341,https://www.youtube.com/watch?v=nW8HW4scUb0,0,0,0,,0,0,0,0,
7eb39f4278b04ed485060a084cd07876,1670,64036,0,0,0,,0,0,0,,0,0,0,,0,0,0,0,
eb54f557a3734bfda57ecddd8df07681,1670,43993,0,0,0,,0,0,0,,0,0,0,,546,0,0,0,
95fa8eef249d4edca59594271fedc487,1660,55823,0,0,0,,0,0,0,,0,0,0,,0,0,0,0,
9e5e58a212584007b1ab1f22f5c59438,1660,159488,626,581,1637,https://www.youtube.com/watch?v=23SrEbST0DU,626,581,1637,https://www.youtube.com/watch?v=23SrEbST0DU,0,0,0,,0,0,0,0,
7d6a4fa5389c461bb553b8190c5e951f,1660,108542,0,0,0,,0,0,0,,0,0,0,,0,0,0,0,
bdcf0d95e6544ebaaddbfba94839cd6b,1660,96555,148,45,297,https://www.youtube.com/watch?v=GwgwmvG8pos,137,45,228,https://www.youtube.com/watch?v=SFx_rXcJnbc,249,58,297,https://www.youtube.com/watch?v=GwgwmvG8pos,0,0,0,0,
df7bcc29e3204005877b25cdad9206b7,1660,81472,0,0,0,,0,0,0,,0,0,0,,0,0,0,0,
94f9966aa28a45e1ab4b94507037d1d7,1650,168681,285,140,911,https://www.youtube.com/watch?v=zyidx1hiu1Y,285,140,911,https://www.youtube.com/watch?v=zyidx1hiu1Y,0,0,0,,0,0,0,0,
ecbeda5532474bdb8d08d4e15ce98d89,1650,15807,0,0,0,,0,0,0,,0,0,0,,3149,0,0,0,
1257fb7258eb49ad8cf58ed64b800056,1650,43029,0,0,0,,0,0,0,,0,0,0,,824,143,4,247,https://www.twitch.tv/videos/2850428189
306117a48f3445baad1d6a919ed340bb,1650,76079,0,0,0,,0,0,0,,0,0,0,,152,0,0,0,
c45e260cafa14b3fab4030fb339ed1ab,1650,79887,175,83,183,https://www.youtube.com/watch?v=OU9YiOf0lwc,175,83,183,https://www.youtube.com/watch?v=OU9YiOf0lwc,0,0,0,,28,0,0,0,
a1915cccb8584d57b9b22975263c7af4,1650,279962,102,62,1267,https://www.youtube.com/watch?v=aGvtDcjuILE,89,36,104,https://www.youtube.com/watch?v=jijAYZnaD3Q,1220,412,1267,https://www.youtube.com/watch?v=aGvtDcjuILE,0,0,0,0,
1f445fb1ee7447c2add6738b86570b2e,1650,70472,0,0,0,,0,0,0,,0,0,0,,0,0,0,0,
aa1bb853e814428eb663082b28309309,1650,132234,227,75,1105,https://www.youtube.com/watch?v=IGKFZ0zOqVU,225,74,342,https://www.youtube.com/watch?v=O3cwifBHwIY,1105,371,1105,https://www.youtube.com/watch?v=IGKFZ0zOqVU,0,0,0,0,
1406aeb0ef48430bab0b939a29609394,1640,81321,220,124,842,https://www.youtube.com/watch?v=9tg7ammWJCw,220,140,842,https://www.youtube.com/watch?v=9tg7ammWJCw,180,97,287,https://www.youtube.com/watch?v=IVNQ8s0V39I,0,0,0,0,
4077520d348749e49598cd5fa1058b6a,1640,65019,62,15,835,https://www.youtube.com/watch?v=5kfoHCStPSE,84,21,835,https://www.youtube.com/watch?v=5kfoHCStPSE,7,0,10,https://www.youtube.com/watch?v=WPZIyllZ3Wo,263,0,0,0,
a73b969a7fe24a9aaeb9bc1c63ca6450,1640,97732,407,60,1352,https://www.youtube.com/watch?v=BuIkQkuaq4I,0,0,0,,407,60,1352,https://www.youtube.com/watch?v=BuIkQkuaq4I,4913,335,140,557,https://www.twitch.tv/videos/2865631448
46e494bf06c640da95ad1b0b81631d98,1640,273461,148,96,1730,https://www.youtube.com/watch?v=Q2eBLpxoRyE,111,86,272,https://www.youtube.com/watch?v=DZG12gIknGg,1730,347,1730,https://www.youtube.com/watch?v=Q2eBLpxoRyE,936,28,22,45,https://www.twitch.tv/videos/2863267248
2a5241b8ebc54be98263c9ea2924b7e9,1630,78903,1236,517,1734,https://www.youtube.com/watch?v=3vhr_DxBR8A,0,0,0,,1236,517,1734,https://www.youtube.com/watch?v=3vhr_DxBR8A,2287,819,455,1638,https://www.twitch.tv/videos/2858800343
b9086ee5f7b54353a5ba85c973b2e2af,1630,64993,0,0,0,,0,0,0,,0,0,0,,0,0,0,0,
607d6173383c4118a32171fbcfc98e60,1630,43639,0,0,0,,0,0,0,,0,0,0,,16753,1299,875,3023,https://www.twitch.tv/videos/2854233327
da503b835e2a41d58433ebf6960db356,1630,60242,0,0,0,,0,0,0,,0,0,0,,779,0,0,0,
c192b6e25df841ad85cbc8bbf0bd8bfe,1630,111198,273,117,321,https://www.youtube.com/watch?v=H-0d2xDC1bA,273,117,321,https://www.youtube.com/watch?v=H-0d2xDC1bA,0,0,0,,0,0,0,0,
905304e606344aba8c84b83717453f5e,1620,74775,0,0,0,,0,0,0,,0,0,0,,0,0,0,0,
9a7b7c9c31da44aca5a68395a2e69488,1620,722173,23,8,175,https://www.youtube.com/watch?v=okidlY7eJ8k,24,12,175,https://www.youtube.com/watch?v=okidlY7eJ8k,1,0,12,https://www.youtube.com/watch?v=g0oJjgPL4HY,114,0,0,0,
2131a63328214b7f9a1022dae6890d66,1620,98890,588,445,1282,https://www.youtube.com/watch?v=aCUx3TMU4c8,588,445,1282,https://www.youtube.com/watch?v=aCUx3TMU4c8,0,0,0,,405,18,12,45,https://www.twitch.tv/videos/2864137762
7e50374d02184a429cfc6dfba9b52e2f,1620,9751,0,0,0,,0,0,0,,0,0,0,,392,0,0,0,
2913f17e61014f7691e016fae8468404,1620,79278,106,61,1414,https://www.youtube.com/watch?v=JQkAFwWuUm4,103,48,215,https://www.youtube.com/watch?v=3ncCVhNNV-g,1414,662,1414,https://www.youtube.com/watch?v=JQkAFwWuUm4,261,0,0,0,
954590604f0e49e88fadc8ce6dafba1b,1620,97615,584,381,779,https://www.youtube.com/watch?v=19jj2dw3eGs,584,381,779,https://www.youtube.com/watch?v=19jj2dw3eGs,0,0,0,,0,0,0,0,
95eabea4e8014fedb5d34ea27137a4ca,1620,146788,348,274,1247,https://www.youtube.com/watch?v=4kSX8pNm8Sc,369,246,1247,https://www.youtube.com/watch?v=4kSX8pNm8Sc,328,303,1176,https://www.youtube.com/watch?v=BxiwNTVkPw4,0,0,0,0,
abe50a593a1d4cdbbc6dfb8b45bbf6bb,1610,38435,449,212,1697,https://www.youtube.com/watch?v=6qzo2zJNrf0,449,212,1697,https://www.youtube.com/watch?v=6qzo2zJNrf0,0,0,0,,13,0,0,0,
aabaf7767fa5449b86f58160496d0d4c,1610,93511,292,172,837,https://www.youtube.com/watch?v=ZHChNh6Y6Hk,292,172,837,https://www.youtube.com/watch?v=ZHChNh6Y6Hk,0,0,0,,0,0,0,0,
c4651b162abb45c3a85640e3d456fa71,1610,58664,48,36,90,https://www.youtube.com/watch?v=WxzBwuI9Zoo,48,36,90,https://www.youtube.com/watch?v=WxzBwuI9Zoo,0,0,0,,319,0,0,0,
2ead897ab38c4530aeeb69a2f02da623,1610,78640,127,45,905,https://www.youtube.com/watch?v=4lsHAFgSv-E,105,29,435,https://www.youtube.com/watch?v=8yS7OrndO48,905,835,905,https://www.youtube.com/watch?v=4lsHAFgSv-E,0,0,0,0,
9948190bc88442f4a0757eed54fb24f0,1610,97352,288,112,15156,https://www.youtube.com/watch?v=KzHIBLjwusc,0,0,0,,288,112,15156,https://www.youtube.com/watch?v=KzHIBLjwusc,5119,157,74,648,https://www.twitch.tv/videos/2852169989
7e26ddf485a84c0cb6d781a3bf432c55,1610,41604,191,4,191,https://www.youtube.com/watch?v=oVkZujBe3yQ,191,4,191,https://www.youtube.com/watch?v=oVkZujBe3yQ,0,0,0,,3901,0,0,0,
80e2f3365bfd4479a3594c3278311103,1600,0,0,0,0,,0,0,0,,0,0,0,,2255,248,137,392,https://www.twitch.tv/videos/2866598823
5dc565de88a948ecb092cce178aafe60,1600,478405,0,0,0,,0,0,0,,0,0,0,,471,0,0,0,
bf03fd8b5b55481590ea63338c5cdd20,1600,39763,0,0,0,,0,0,0,,0,0,0,,4314,485,220,4523,https://www.twitch.tv/videos/2851933072
4c4ebb91c8a346b2876d1ccd1a32dead,1600,84586,234,130,437,https://www.youtube.com/watch?v=nZoxX3jlgdI,251,171,437,https://www.youtube.com/watch?v=nZoxX3jlgdI,168,75,228,https://www.youtube.com/watch?v=olfzMC3Sgyw,496,0,0,0,
1cdbceb7ad414bb59b3a9563a93fe840,1600,69976,0,0,0,,0,0,0,,0,0,0,,0,0,0,0,
8cace62dbfc34c2a9a2a348e479cdbb1,1590,198167,1237,750,1237,https://www.youtube.com/watch?v=Z2hkBRNzrA4,0,0,0,,1237,750,1237,https://www.youtube.com/watch?v=Z2hkBRNzrA4,0,0,0,0,
c4fafcb15c694ad5ab88d1948d401e54,1590,95487,261,191,547,https://www.youtube.com/watch?v=xH1ONzVNXG8,261,191,547,https://www.youtube.com/watch?v=xH1ONzVNXG8,0,0,0,,218,0,0,0,
c6ce333916b446d48d27be05df1a218e,1590,40053,364,194,1057,https://www.youtube.com/watch?v=3vFZi4pcp7A,364,194,1057,https://www.youtube.com/watch?v=3vFZi4pcp7A,0,0,0,,637,67,48,217,https://www.twitch.tv/videos/2863323779
e312462015a2454087c9fe83dd939994,1590,36111,440,307,1286,https://www.youtube.com/watch?v=QyKQeIHLQUQ,440,307,1286,https://www.youtube.com/watch?v=QyKQeIHLQUQ,0,0,0,,0,0,0,0,
d3b1e8a5a2c74d2395dc33869caadb50,1590,8298,0,0,0,,0,0,0,,0,0,0,,0,0,0,0,
86e86bf2d8e54e9083613e7398e1e7ac,1590,38168,0,0,0,,0,0,0,,0,0,0,,1860,228,143,293,https://www.twitch.tv/videos/2865920250
747fb5e9d30240a1ac42fbf37e86b55d,1590,138392,146,57,1234,https://www.youtube.com/watch?v=pfg3-AtvT3E,139,42,339,https://www.youtube.com/watch?v=wHKFsjm8pMk,1137,538,1234,https://www.youtube.com/watch?v=pfg3-AtvT3E,437,13,8,29,https://www.twitch.tv/videos/2870353724
843d99233b474827a2f0bc417ffd3852,1580,135463,810,196,9009,https://www.youtube.com/watch?v=cINi8DA2TrY,183,86,2951,https://www.youtube.com/watch?v=deWvbMHInzw,2425,576,9009,https://www.youtube.com/watch?v=cINi8DA2TrY,13311,13210,3984,38113,https://www.twitch.tv/videos/2866038882
7b46621c7baf437da117a6c10c856292,1580,35434,292,103,765,https://www.youtube.com/watch?v=48M9lhW1glI,292,103,765,https://www.youtube.com/watch?v=48M9lhW1glI,0,0,0,,0,0,0,0,
260f0fb7a8b1421394c38114230479bb,1570,73088,114,53,1715,https://www.youtube.com/watch?v=7Xsd8ohLWkY,114,53,1715,https://www.youtube.com/watch?v=7Xsd8ohLWkY,0,0,0,,175,36,33,36,https://www.twitch.tv/videos/2873969224
a112fc34dd9944a5a15f50c1c078aa3e,1570,129642,205,106,207,https://www.youtube.com/watch?v=P0FBLuSO2Rw,205,106,207,https://www.youtube.com/watch?v=P0FBLuSO2Rw,0,0,0,,0,0,0,0,
51a882d77c24494d92605b5b75424603,1570,187798,342,151,1685,https://www.youtube.com/watch?v=50T5cvrbU18,224,123,773,https://www.youtube.com/watch?v=SE9I6YLyjnM,1330,442,1685,https://www.youtube.com/watch?v=50T5cvrbU18,100,0,0,0,
30a4362c1143491ea0ed5383c4882251,1570,82970,174,35,1271,https://www.youtube.com/watch?v=oWeRApvUiKg,174,35,1271,https://www.youtube.com/watch?v=oWeRApvUiKg,0,0,0,,0,0,0,0,
1eef416d7ad94b6aa728e10d6da10304,1560,70969,53,25,75,https://www.youtube.com/watch?v=evfL9vmyck4,0,0,0,,53,25,75,https://www.youtube.com/watch?v=evfL9vmyck4,2085,0,0,0,
02dadd7977b8412b99f101241de4cb3f,1560,86198,116,67,927,https://www.youtube.com/watch?v=CXhjuk_9iT8,116,67,927,https://www.youtube.com/watch?v=CXhjuk_9iT8,0,0,0,,1108,87,74,154,https://www.twitch.tv/videos/2870329858
2cc874f341184fb799b01c399477c0b4,1550,72732,227,145,1077,https://www.youtube.com/watch?v=6OG0nsdiMqk,196,78,227,https://www.youtube.com/watch?v=B9aJtXBLtt0,359,184,1077,https://www.youtube.com/watch?v=6OG0nsdiMqk,152,0,0,0,
25ac52ef552244a997045ca561b5636f,1550,30875,189,77,712,https://www.youtube.com/watch?v=X_cgiInZuV8,183,73,442,https://www.youtube.com/watch?v=KSU4wfIri3w,712,477,712,https://www.youtube.com/watch?v=X_cgiInZuV8,0,0,0,0,
904f58005872497b82964fff25490152,1540,24047,284,253,346,https://www.youtube.com/watch?v=37ItRooxlh0,284,253,346,https://www.youtube.com/watch?v=37ItRooxlh0,0,0,0,,189,36,33,46,https://www.twitch.tv/videos/2872728135
586377912f314b4d8c3be33760526ae0,1540,15884,1607,625,7127,https://www.youtube.com/watch?v=rVjEusEcjto,0,0,0,,1607,625,7127,https://www.youtube.com/watch?v=rVjEusEcjto,0,0,0,0,
6db0d51e6ac9410f84f79e57448b8a60,1540,158042,63,12,347,https://www.youtube.com/watch?v=EDXgQcZiG74,63,12,347,https://www.youtube.com/watch?v=EDXgQcZiG74,0,0,0,,0,0,0,0,
b88e19a358b843068cd5bd7ec103d521,1540,144903,591,364,1491,https://www.youtube.com/watch?v=MyRLEuf5YP0,458,335,652,https://www.youtube.com/watch?v=IBDhIvGXmVc,928,579,1491,https://www.youtube.com/watch?v=MyRLEuf5YP0,0,0,0,0,
cbd9ed35dc0045aa9c57bb9ee14b02e0,1540,694593,20,13,26,https://www.youtube.com/watch?v=A9Acl9Oj50s,0,0,0,,20,13,26,https://www.youtube.com/watch?v=A9Acl9Oj50s,0,0,0,0,
ee7cfe445bc84d6fa7fff5df6fbf0d32,1530,46237,0,0,0,,0,0,0,,0,0,0,,726,0,0,0,
1be625b10e2f4e65bab5b19d10a4d0b1,1530,18607,0,0,0,,0,0,0,,0,0,0,,0,0,0,0,
a881100803aa4abc84dc3cc814dca0e7,1530,71083,0,0,0,,0,0,0,,0,0,0,,0,0,0,0,
3cf7289a95834ae1a25d4cb2909a1a9e,1520,51072,0,0,0,,0,0,0,,0,0,0,,0,0,0,0,
c506f1ab266f47e2be683220533a4790,1520,46778,88,33,1161,https://www.youtube.com/watch?v=AlXFW82Y_vs,29,19,148,https://www.youtube.com/watch?v=ns67kQTtQ-8,1161,509,1161,https://www.youtube.com/watch?v=AlXFW82Y_vs,0,0,0,0,
bc77dc55cf9b4be88c878ac4b5c07438,1520,32024,0,0,0,,0,0,0,,0,0,0,,931,302,252,302,https://www.twitch.tv/videos/2871221909
a2188c1a225e4f93a64e3385fa02d779,1520,87786,0,0,0,,0,0,0,,0,0,0,,0,0,0,0,
d70830a282b9446f89bc9d82c88b8db3,1520,141735,0,0,0,,0,0,0,,0,0,0,,264,0,0,0,
91025114208d41b2bff535d6e277017e,1510,68519,200,131,347,https://www.youtube.com/watch?v=yn8_mxdFqlM,200,131,347,https://www.youtube.com/watch?v=yn8_mxdFqlM,0,0,0,,0,0,0,0,
eaa1d55ba99c40ce82413701233efdbd,1510,61631,98,43,148,https://www.youtube.com/watch?v=8JE1Ec-tWtE,98,43,148,https://www.youtube.com/watch?v=8JE1Ec-tWtE,0,0,0,,0,0,0,0,
12f51c457b27425fa98fe89c24ccb61c,1510,11177,252,145,263,https://www.youtube.com/watch?v=6J4iGQhNEIY,242,89,242,https://www.youtube.com/watch?v=fJuLwJ-w74c,263,201,263,https://www.youtube.com/watch?v=6J4iGQhNEIY,0,0,0,0,
0c3b5ae85d2940b8b73a92d72dc0d313,1510,103899,135,50,1209,https://www.youtube.com/watch?v=JdqJhLOcT_c,135,50,321,https://www.youtube.com/watch?v=MmFlDz_4xFg,420,192,1209,https://www.youtube.com/watch?v=JdqJhLOcT_c,484,72,61,100,https://www.twitch.tv/videos/2865809444
d57b7459ef5949ef96672a96fb33d8a2,1500,63102,0,0,0,,0,0,0,,0,0,0,,1104,0,0,0,
b0b9e352f71d4a03ace9972ddec4ec56,1500,66193,226,141,8793,https://www.youtube.com/watch?v=83fiimkViJ4,216,119,732,https://www.youtube.com/watch?v=a5qy1Vtl8Aw,1007,467,8793,https://www.youtube.com/watch?v=83fiimkViJ4,0,0,0,0,
489752f0b42c49b785d43f1207429983,1500,45597,118,33,149,https://www.youtube.com/watch?v=XJ_cV2lRgZc,118,33,149,https://www.youtube.com/watch?v=XJ_cV2lRgZc,0,0,0,,0,0,0,0,
fa83a68ebfff419983124d69373ede6f,1500,253622,703,248,1538,https://www.youtube.com/watch?v=-YAqHIx92zU,163,104,322,https://www.youtube.com/watch?v=JtmWM3WzHpg,1259,292,1538,https://www.youtube.com/watch?v=-YAqHIx92zU,2089,108,86,165,https://www.twitch.tv/videos/2868681688
4c466d73397a4899b4ca26f90aaf57ad,1500,163502,893,334,893,https://www.youtube.com/watch?v=GadoBFQs8j0,0,0,0,,893,334,893,https://www.youtube.com/watch?v=GadoBFQs8j0,168,0,0,0,
6e6fd1311d2f42228faa8b1ccb0fa589,1490,82334,224,101,411,https://www.youtube.com/watch?v=iUzhMXDVn0s,284,114,411,https://www.youtube.com/watch?v=iUzhMXDVn0s,93,88,93,https://www.youtube.com/watch?v=odZqR3Rucso,0,0,0,0,
5ce810e28ea54f5bacd55573589f4e4e,1490,102630,113,30,163,https://www.youtube.com/watch?v=loPSCdl9YKY,113,30,163,https://www.youtube.com/watch?v=loPSCdl9YKY,0,0,0,,0,0,0,0,
6d61885259b744a28c7b92c0785e8fe9,1490,0,0,0,0,,0,0,0,,0,0,0,,885,0,0,0,
1be04e1564c34845bee20467cdb8cfd1,1480,125970,0,0,0,,0,0,0,,0,0,0,,0,0,0,0,
3daee44c0bab401386813cff327a10a2,1480,162525,520,384,3001,https://www.youtube.com/watch?v=DGj51j0l7zI,520,384,3001,https://www.youtube.com/watch?v=DGj51j0l7zI,0,0,0,,0,0,0,0,
b8ce93818de34a93901147e5d9857170,1480,19601,0,0,0,,0,0,0,,0,0,0,,0,0,0,0,
5bc1ba6d941e4eca868a5b33425c3262,1470,998,274,32,442,https://www.youtube.com/watch?v=d0c0r9FLuac,0,0,0,,274,32,442,https://www.youtube.com/watch?v=d0c0r9FLuac,1714,260,213,884,https://www.twitch.tv/videos/2869196446
27a22366e885420e8a3c78ee7ac7c075,1470,67930,558,465,1774,https://www.youtube.com/watch?v=rzhYLzLvBMY,544,457,1774,https://www.youtube.com/watch?v=rzhYLzLvBMY,1285,473,1285,https://www.youtube.com/watch?v=a5hoZfC6MJ8,319,264,224,510,https://www.twitch.tv/videos/2865882389
bf425f4bc9154c00918ed885bdced632,1470,85340,330,203,445,https://www.youtube.com/watch?v=y9yZBPGHEuE,330,203,445,https://www.youtube.com/watch?v=y9yZBPGHEuE,0,0,0,,0,0,0,0,
d62ad85ae5434754bc4f9f366815064a,1470,45244,0,0,0,,0,0,0,,0,0,0,,0,0,0,0,
687568c1c9254c8ab34e7b6efbdd6dbc,1470,209677,116,85,116,https://www.youtube.com/watch?v=9h2O3Ea5O_A,116,85,116,https://www.youtube.com/watch?v=9h2O3Ea5O_A,0,0,0,,0,0,0,0,
c6a8cee6b8e042518ef58659113b3f34,1460,81665,0,0,0,,0,0,0,,0,0,0,,0,0,0,0,
091ac99f10804fe3b417a0f285731b4e,1460,685,248,50,248,https://www.youtube.com/watch?v=JyuIx4wQHUo,248,50,248,https://www.youtube.com/watch?v=JyuIx4wQHUo,0,0,0,,466,0,0,0,
25b1a8ceab1d439491fb4e98013cd0fc,1460,20956,283,131,1264,https://www.youtube.com/watch?v=f2kuSeYcOvQ,265,120,524,https://www.youtube.com/watch?v=AwRmBAwIqg8,1068,324,1264,https://www.youtube.com/watch?v=f2kuSeYcOvQ,800,188,63,336,https://www.twitch.tv/videos/2850061169
787da9082edb4e9e9024a52cb12449e8,1450,42565,562,272,1290,https://www.youtube.com/watch?v=als5k-pxDjc,562,272,1290,https://www.youtube.com/watch?v=als5k-pxDjc,0,0,0,,0,0,0,0,
fcb4d9b8cd4a49dba6b421d97c179065,1450,66594,0,0,0,,0,0,0,,0,0,0,,1332,92,76,144,https://www.twitch.tv/videos/2871322674
8044e4d538ab4e16b1952c8e42dee12e,1450,143676,30,17,264,https://www.youtube.com/watch?v=GbL63ofh_NY,30,17,264,https://www.youtube.com/watch?v=GbL63ofh_NY,0,0,0,,0,0,0,0,
8fbd23f4e2ad442bb230aea8f433cd49,1450,151617,120,84,1311,https://www.youtube.com/watch?v=q7L0Rk6Tzp8,92,65,804,https://www.youtube.com/watch?v=uX8YAQ4txHk,282,212,1311,https://www.youtube.com/watch?v=q7L0Rk6Tzp8,123,21,16,32,https://www.twitch.tv/videos/2872679671
b572cb7de27446e3bcda5135f6a23d8a,1440,58629,117,35,185,https://www.youtube.com/watch?v=ePrU75XHNME,117,35,185,https://www.youtube.com/watch?v=ePrU75XHNME,0,0,0,,0,0,0,0,
f4eae5dde65b41969336f3f52c6df2d8,1440,135826,300,169,1267,https://www.youtube.com/watch?v=VOrygKX5Djc,175,118,1006,https://www.youtube.com/watch?v=nyiM8fULSGQ,1112,933,1267,https://www.youtube.com/watch?v=VOrygKX5Djc,186,0,0,0,
22a83c82e1914eb68b12e76b4ccb277c,1440,59359,425,218,1300,https://www.youtube.com/watch?v=wXluLI1wYeU,425,218,1300,https://www.youtube.com/watch?v=wXluLI1wYeU,0,0,0,,0,0,0,0,
58588863643843439cebc85ef72654bb,1440,105909,103,62,126,https://www.youtube.com/watch?v=8JS_ozwYWq0,103,62,126,https://www.youtube.com/watch?v=8JS_ozwYWq0,0,0,0,,0,0,0,0,
773a7694afcf4666960b05a4faf1a1fa,1440,85792,0,0,0,,0,0,0,,0,0,0,,0,0,0,0,
2ea398a50afd48c3a9e3a819186a4375,1430,66958,0,0,0,,0,0,0,,0,0,0,,153,0,0,0,
0ec3bf23ccba41659f6d91e424fb2b4a,1430,57063,0,0,0,,0,0,0,,0,0,0,,0,0,0,0,
a7410ae72f2d4648bcf192c21abd7c32,1420,54954,127,96,177,https://www.youtube.com/watch?v=46kogj1rYQ0,127,96,177,https://www.youtube.com/watch?v=46kogj1rYQ0,0,0,0,,174,0,0,0,
87606e72f653472f9eafb06e8f49c39c,1420,166110,0,0,0,,0,0,0,,0,0,0,,0,0,0,0,
564b411dc4874310be6f8ee9bb7a0312,1420,101980,0,0,0,,0,0,0,,0,0,0,,0,0,0,0,
303c4cd8cf334f01805afdd8df5adc7f,1410,58495,0,0,0,,0,0,0,,0,0,0,,0,0,0,0,
a4d4a2a3d7b648be9aa4d652ae592a4b,1410,120958,0,0,0,,0,0,0,,0,0,0,,143,0,0,0,
5a901d793927414493afa87af0c4baec,1410,28986,0,0,0,,0,0,0,,0,0,0,,1435,0,0,0,
c91c52df005e4a7c988704e474b54dbc,1400,161199,483,213,9276,https://www.youtube.com/watch?v=SPN_e12n7yE,225,84,502,https://www.youtube.com/watch?v=Ut3v88qUcvc,839,455,9276,https://www.youtube.com/watch?v=SPN_e12n7yE,0,0,0,0,
a5e5533ac342488a94003dc77869ddf9,1400,84601,170,88,1733,https://www.youtube.com/watch?v=fsbdHFkS8aE,159,76,1733,https://www.youtube.com/watch?v=fsbdHFkS8aE,205,116,205,https://www.youtube.com/watch?v=02unTZdm820,0,0,0,0,
6adad1ae67dc495dae88cefa06446593,1400,107050,0,0,0,,0,0,0,,0,0,0,,0,0,0,0,
6f68d3f50edf4814b59a4a018090b180,1400,31265,0,0,0,,0,0,0,,0,0,0,,0,0,0,0,
5356357f112b46db862b472a4aafcee8,1390,45805,0,0,0,,0,0,0,,0,0,0,,1292,0,0,0,
f479e1403f614727a5f2a2be339bad74,1390,22740,0,0,0,,0,0,0,,0,0,0,,3589,913,517,1301,https://www.twitch.tv/videos/2863895031
18d1c00e0bde4ddbb8be5eafe0967dfe,1390,84393,1395,466,1395,https://www.youtube.com/watch?v=_3UM0hYvATU,0,0,0,,1395,466,1395,https://www.youtube.com/watch?v=_3UM0hYvATU,0,0,0,0,
869d9d9067b64dd78418cc258cb6607b,1390,88420,365,219,991,https://www.youtube.com/watch?v=hwKNVPifWF0,365,219,991,https://www.youtube.com/watch?v=hwKNVPifWF0,0,0,0,,1141,188,153,311,https://www.twitch.tv/videos/2870363269
d12c381ce5044844ad4bd624085026bc,1380,147823,282,177,1152,https://www.youtube.com/watch?v=CbD7mn8ocpE,267,172,639,https://www.youtube.com/watch?v=AwOlWKwaUs4,1152,1114,1152,https://www.youtube.com/watch?v=CbD7mn8ocpE,414,0,0,0,
07c204505d544b28bb52426d0665a59c,1380,77055,314,158,1045,https://www.youtube.com/watch?v=W94_zEV0jco,314,158,1045,https://www.youtube.com/watch?v=W94_zEV0jco,0,0,0,,0,0,0,0,
30f58f5fd3994b9a8751b3f44e543c17,1380,107162,90,17,90,https://www.youtube.com/watch?v=g5k5UPSIwsA,90,17,90,https://www.youtube.com/watch?v=g5k5UPSIwsA,0,0,0,,0,0,0,0,
403697f0f5ba49ef873673236c07e2d3,1380,86880,91,54,274,https://www.youtube.com/watch?v=YwraUwK-t4I,91,54,274,https://www.youtube.com/watch?v=YwraUwK-t4I,0,0,0,,362,174,126,379,https://www.twitch.tv/videos/2872136050
e63047f70b0b4a7eba70e7d8cbd507ec,1380,31451,0,0,0,,0,0,0,,0,0,0,,0,0,0,0,
2f966e51210f49ba9dce2ac90e3ada18,1380,16664,945,264,1141,https://www.youtube.com/watch?v=Y-cqLcC9fYo,806,420,1093,https://www.youtube.com/watch?v=54Ia3MKsxOs,1123,224,1141,https://www.youtube.com/watch?v=Y-cqLcC9fYo,1015,281,272,281,https://www.twitch.tv/videos/2874803496
43056077596a49349ee4bea028f670f6,1370,81097,0,0,0,,0,0,0,,0,0,0,,303,0,0,0,
ffe6a7983e434702a68fe18c169e3164,1370,56419,148,94,354,https://www.youtube.com/watch?v=W3HApSwg0MM,148,94,354,https://www.youtube.com/watch?v=W3HApSwg0MM,186,78,251,https://www.youtube.com/watch?v=-RmWXH198wc,409,0,0,0,
a974047cb6bb412da7fca2ec9d91d882,1370,63172,0,0,0,,0,0,0,,0,0,0,,225,123,92,137,https://www.twitch.tv/videos/2872017857
188bbf1349f1482cbd24d06ba720cf17,1370,18625,25,19,52,https://www.youtube.com/watch?v=EhAKg0bpefk,0,0,0,,25,19,52,https://www.youtube.com/watch?v=EhAKg0bpefk,914,143,103,193,https://www.twitch.tv/videos/2866676826
61e81c6f534247b486b8125bd34fa960,1370,68491,0,0,0,,0,0,0,,0,0,0,,20314,432,243,1366,https://www.twitch.tv/videos/2872288474
566e5b6f438a4cacb3e4036eb9ffe9b8,1370,87722,133,69,1601,https://www.youtube.com/watch?v=DBA3vshNP18,126,69,430,https://www.youtube.com/watch?v=ww1Kwsujylw,437,62,1601,https://www.youtube.com/watch?v=DBA3vshNP18,0,0,0,0,
de1fec02e4ab43aa948a415621abc524,1370,88391,0,0,0,,0,0,0,,0,0,0,,0,0,0,0,
bb28421da8a749ffb1ca8582b6278c24,1370,54581,90,12,90,https://www.youtube.com/watch?v=LRkU4YYPZr8,0,0,0,,90,12,90,https://www.youtube.com/watch?v=LRkU4YYPZr8,822,144,101,160,https://www.twitch.tv/videos/2863258937
7136d4451e954a2daed572b2ba517303,1370,5732,2080,671,2788,https://www.youtube.com/watch?v=-eecORAGgfI,2080,671,2788,https://www.youtube.com/watch?v=-eecORAGgfI,0,0,0,,0,0,0,0,
6861903583ee45d191ddc03faf6cd0d8,1360,21447,0,0,0,,0,0,0,,0,0,0,,1343,92,76,151,https://www.twitch.tv/videos/2864168988
c587658ad4fe44b09137591c094ab297,1360,144864,231,118,1037,https://www.youtube.com/watch?v=AJUj_amh-tg,217,105,617,https://www.youtube.com/watch?v=wnl16Xs69mo,989,552,1037,https://www.youtube.com/watch?v=AJUj_amh-tg,33,0,0,0,
ea8cc7c4366d48c797a88bfbcf584301,1350,36340,0,0,0,,0,0,0,,0,0,0,,276,160,101,212,https://www.twitch.tv/videos/2867651522
e3157ce546a640029cfcccb9107f8154,1350,80563,16,6,386,https://www.youtube.com/watch?v=3oQVy6WlXvU,0,0,0,,16,6,386,https://www.youtube.com/watch?v=3oQVy6WlXvU,0,0,0,0,
4082168d753e42b7aca1d25e759d09a7,1350,49931,237,104,237,https://www.youtube.com/watch?v=_-nDlBpMF8o,237,104,237,https://www.youtube.com/watch?v=_-nDlBpMF8o,0,0,0,,666,0,0,0,
aa0d8c2604694532a20aaf0f0ced8a5e,1350,0,0,0,0,,0,0,0,,0,0,0,,2486,0,0,0,
01fc7842da284adaad67d3774a4b2a6c,1350,32579,327,161,1232,https://www.youtube.com/watch?v=B3F1UWp6YXc,327,161,1232,https://www.youtube.com/watch?v=B3F1UWp6YXc,0,0,0,,0,0,0,0,
7327248ff3f04589bca9e61665448ae8,1350,47491,0,0,0,,0,0,0,,0,0,0,,310,0,0,0,
d23dbc9d1db64c42821697d1bac8fb66,1350,130013,201,114,487,https://www.youtube.com/watch?v=sljmGYC0cWo,201,114,487,https://www.youtube.com/watch?v=sljmGYC0cWo,0,0,0,,0,0,0,0,
4d98ebdc4eb8448da8d2ab8f64df8383,1350,66,0,0,0,,0,0,0,,0,0,0,,154,0,0,0,
5903a0f7274043058d817894a9b39e75,1340,31446,56,38,104,https://www.youtube.com/watch?v=T__iWv7p7TM,0,0,0,,56,38,104,https://www.youtube.com/watch?v=T__iWv7p7TM,0,0,0,0,
a9396c8dd95e43b29c694b14afa07ac4,1340,112640,0,0,0,,0,0,0,,0,0,0,,4025,402,252,1293,https://www.twitch.tv/videos/2863776080
515f61904a1a45688ea0d7bc1e7d499e,1340,329227,406,363,422,https://www.youtube.com/watch?v=QU9zQjYXwBA,0,0,0,,406,363,422,https://www.youtube.com/watch?v=QU9zQjYXwBA,6,0,0,0,
8968a24fb6bf4f08b1611e694c98eb40,1340,94162,76,39,120,https://www.youtube.com/watch?v=RDSON01h5RA,76,39,120,https://www.youtube.com/watch?v=RDSON01h5RA,0,0,0,,0,0,0,0,
4071b27c63424e1f9882ebe04a884586,1340,56135,0,0,0,,0,0,0,,0,0,0,,6779,1053,775,1053,https://www.twitch.tv/videos/2868682620
4267c862353e410388f1eaa5a5d85017,1340,38402,150,81,163,https://www.youtube.com/watch?v=kUrkBitgOFk,150,81,163,https://www.youtube.com/watch?v=kUrkBitgOFk,0,0,0,,0,0,0,0,
1e06211caf4f4afa98125699a4c66b5d,1330,0,0,0,0,,0,0,0,,0,0,0,,0,0,0,0,
902740b39aed4b3cb381701c96a73f3a,1330,70867,99,58,729,https://www.youtube.com/watch?v=Y5njn_NhAn0,91,49,610,https://www.youtube.com/watch?v=eSuavWLBnWY,438,99,729,https://www.youtube.com/watch?v=Y5njn_NhAn0,250,52,40,139,https://www.twitch.tv/videos/2864958209
66d986eaa59347b0b18c5ed103cb173e,1330,70068,272,80,875,https://www.youtube.com/watch?v=Zj8KmHTIMI4,272,80,875,https://www.youtube.com/watch?v=Zj8KmHTIMI4,0,0,0,,0,0,0,0,
9de536d111214c379ec6969a52d92442,1330,75935,111,24,116,https://www.youtube.com/watch?v=5MSp7ClrhOk,111,24,116,https://www.youtube.com/watch?v=5MSp7ClrhOk,0,0,0,,0,0,0,0,
e15cd068f6fd4a05be985c22133f5428,1330,96926,0,0,0,,0,0,0,,0,0,0,,0,0,0,0,
d4bea738b4d548b788ddb590b62cc2bd,1330,170967,145,65,643,https://www.youtube.com/watch?v=WjQ0hAIC4aU,147,72,643,https://www.youtube.com/watch?v=WjQ0hAIC4aU,116,52,144,https://www.youtube.com/watch?v=1ayfYlTy6Hc,0,0,0,0,
afe78c5051094e86bf9fdfe6cb2a4222,1330,62460,150,113,1133,https://www.youtube.com/watch?v=TfdtfEQFv-o,139,113,502,https://www.youtube.com/watch?v=EguRg1VssyA,1133,378,1133,https://www.youtube.com/watch?v=TfdtfEQFv-o,0,0,0,0,
6ff6adcddc934a3b94e45448e1912539,1320,203586,0,0,0,,0,0,0,,0,0,0,,1859,0,0,0,
8ae0f370cf124faa953a09089a427fd9,1320,82877,416,197,1693,https://www.youtube.com/watch?v=MLIl0htPSD0,413,218,1693,https://www.youtube.com/watch?v=MLIl0htPSD0,614,114,614,https://www.youtube.com/watch?v=kiloKbMaeC0,320,19,13,43,https://www.twitch.tv/videos/2865392522
521efecabae94dd6b1d21bc5e8543fcb,1320,73803,151,144,908,https://www.youtube.com/watch?v=I8htNuIMBA8,150,136,263,https://www.youtube.com/watch?v=-kVLW2kXP80,908,174,908,https://www.youtube.com/watch?v=I8htNuIMBA8,369,0,0,0,
506d9c6fdbd34c8aa5fda64d90d96ac2,1310,108678,90,48,717,https://www.youtube.com/watch?v=ZEXL-6Wa3sg,90,48,717,https://www.youtube.com/watch?v=ZEXL-6Wa3sg,0,0,0,,0,0,0,0,
de49994d9fd14067bf9ea5b4fbac7229,1310,25142,115,86,145,https://www.youtube.com/watch?v=24KbXS11OY4,115,86,145,https://www.youtube.com/watch?v=24KbXS11OY4,0,0,0,,415,0,0,0,
e2df9d4aea8b4cb4b8e38c31cbf73036,1310,50241,0,0,0,,0,0,0,,0,0,0,,0,0,0,0,
9cd7391045604ccda8be89f7946233e2,1310,64404,1241,419,2960,https://www.youtube.com/watch?v=0phJq8yP88U,0,0,0,,1241,419,2960,https://www.youtube.com/watch?v=0phJq8yP88U,176,64,44,162,https://www.twitch.tv/videos/2865734234
648d77b2067849838a8ad3fdc0afb85a,1310,6121,0,0,0,,0,0,0,,0,0,0,,1583,241,188,644,https://www.twitch.tv/videos/2868317525
9b424d3a99ef4fc3b17bc7fef92fefd3,1310,142082,149,85,1832,https://www.youtube.com/watch?v=ZQSwVGUzDIY,28,12,190,https://www.youtube.com/watch?v=J7WADvldBQk,1413,665,1832,https://www.youtube.com/watch?v=ZQSwVGUzDIY,381,0,0,0,
eec1f137ea78444185a4268f72f59611,1310,49869,0,0,0,,0,0,0,,0,0,0,,0,0,0,0,
a8b244b0fb1f42f8b4bb3d3c2277de3b,1300,128169,1511,454,2384,https://www.youtube.com/watch?v=eWVJmT0xZT4,0,0,0,,1511,454,2384,https://www.youtube.com/watch?v=eWVJmT0xZT4,5289,585,227,1644,https://www.twitch.tv/videos/2856652525
026bdd139df44cec930dd7fc76345184,1300,64517,202,131,1193,https://www.youtube.com/watch?v=xg2nQCSb8rA,201,82,1036,https://www.youtube.com/watch?v=LlcdjBFdPiY,1193,377,1193,https://www.youtube.com/watch?v=xg2nQCSb8rA,0,0,0,0,
cd9733cb91b6400aae0bc23e3f25d7eb,1290,36303,0,0,0,,0,0,0,,0,0,0,,0,0,0,0,
f227226fd52e4fbe801b4c89acfe4887,1290,44710,133,82,1577,https://www.youtube.com/watch?v=ucGFFA21ytk,133,82,1577,https://www.youtube.com/watch?v=ucGFFA21ytk,0,0,0,,667,0,0,0,
355d53b23acb4f4697b858ca06b25fb7,1290,410114,77,3,77,https://www.youtube.com/watch?v=mPPOr-4VQ8U,77,3,77,https://www.youtube.com/watch?v=mPPOr-4VQ8U,0,0,0,,0,0,0,0,
a05afa97381b4f96b02a1af859426f9c,1290,116369,528,232,5600,https://www.youtube.com/watch?v=j8e1EPGzFag,365,129,5600,https://www.youtube.com/watch?v=j8e1EPGzFag,1110,273,1613,https://www.youtube.com/watch?v=Z7736NuJ5UU,0,0,0,0,
f97745a8003c480fa728cf34d61afc6c,1280,88923,763,242,2812,https://www.youtube.com/watch?v=Qb7K1QYuGds,201,171,201,https://www.youtube.com/watch?v=nUxFD6QgfMc,1109,291,2812,https://www.youtube.com/watch?v=Qb7K1QYuGds,67,65,58,79,https://www.twitch.tv/videos/2871170713
2efe1ad069184a7e94b0583b452ffac4,1280,87196,0,0,0,,0,0,0,,0,0,0,,0,0,0,0,
7a9b7ab0d5bd411195d77800ff778a90,1270,288212,387,153,1715,https://www.youtube.com/watch?v=PwqI3JNdJOc,0,0,0,,387,153,1715,https://www.youtube.com/watch?v=PwqI3JNdJOc,66,0,0,0,
6ab090baa4624f1c8fca28312799e826,1270,43046,0,0,0,,0,0,0,,0,0,0,,799,95,69,108,https://www.twitch.tv/videos/2869538751
74f214b764314c5aa446eb9981c94935,1270,42531,0,0,0,,0,0,0,,0,0,0,,0,0,0,0,
f2ca2659644f4d02abc851e7bee3255b,1270,24395,0,0,0,,0,0,0,,0,0,0,,2821,438,263,1301,https://www.twitch.tv/videos/2862357704
e5433e4a21eb49e2bcd508e3b12fba6d,1260,8426,0,0,0,,0,0,0,,0,0,0,,185,0,0,0,
0b8d1c0fa1b14df6821e85def645425e,1250,104705,228,157,429,https://www.youtube.com/watch?v=MFPnmJ9mJ5k,228,157,429,https://www.youtube.com/watch?v=MFPnmJ9mJ5k,0,0,0,,164,0,0,0,
7f7e1579979c49249dc65783d457e890,1250,34163,0,0,0,,0,0,0,,0,0,0,,437,0,0,0,
82d5f7612b7645f3a77dd954a0e30b24,1250,7791,0,0,0,,0,0,0,,0,0,0,,0,0,0,0,
15bc73fc2acf4a7695bab31fdea450f0,1240,43770,87,5,160,https://www.youtube.com/watch?v=4O3MBHUVj0s,87,5,160,https://www.youtube.com/watch?v=4O3MBHUVj0s,0,0,0,,0,0,0,0,
d3e4f9bdbb6c42fc97b60148cefdb6e0,1240,34733,0,0,0,,0,0,0,,0,0,0,,5747,1493,447,1873,https://www.twitch.tv/videos/2874016191
5de329cf8bc5410fb40ef38d117be94d,1240,79527,173,95,8461,https://www.youtube.com/watch?v=OQs1N1FzUbc,159,69,379,https://www.youtube.com/watch?v=-3BGgxFfVi4,385,104,8461,https://www.youtube.com/watch?v=OQs1N1FzUbc,648,120,93,135,https://www.twitch.tv/videos/2865880236
e290f49c193149708cd72747639d5ced,1240,75772,356,249,1046,https://www.youtube.com/watch?v=LHRbLbAofvk,356,249,1046,https://www.youtube.com/watch?v=LHRbLbAofvk,0,0,0,,0,0,0,0,
03c9d83a4c534b65a5743b381eb2ce33,1240,40514,171,94,342,https://www.youtube.com/watch?v=lozndMfLT1U,171,94,342,https://www.youtube.com/watch?v=lozndMfLT1U,0,0,0,,698,0,0,0,
5d73e7f013034d06b58decaf4b2b385c,1240,27887,0,0,0,,0,0,0,,0,0,0,,0,0,0,0,
0f74555e05794780adc4eb0b9096f727,1230,16058,52,15,66,https://www.youtube.com/watch?v=C5uH2RTG08c,52,15,66,https://www.youtube.com/watch?v=C5uH2RTG08c,0,0,0,,114,0,0,0,
12f8dc82bc0d4f89bfbd7ede76ab1faf,1230,29254,0,0,0,,0,0,0,,0,0,0,,0,0,0,0,
e2ddcd13e70643238d46f50fba8261b2,1230,113394,900,261,900,https://www.youtube.com/watch?v=PaHJzbsbitE,0,0,0,,900,261,900,https://www.youtube.com/watch?v=PaHJzbsbitE,3069,592,339,1923,https://www.twitch.tv/videos/2872818780
834afd07257a43ac9f61085f79449be1,1230,64171,321,202,663,https://www.youtube.com/watch?v=QVdmzMSEaGo,321,202,663,https://www.youtube.com/watch?v=QVdmzMSEaGo,0,0,0,,0,0,0,0,
c6af4f23c6ce4adab5301d79b0bd343a,1230,181631,360,142,865,https://www.youtube.com/watch?v=FOEa_05UEvE,360,142,865,https://www.youtube.com/watch?v=FOEa_05UEvE,0,0,0,,3772,711,274,1221,https://www.twitch.tv/videos/2849435484
0446516df6074a4ba8a0f3639b17de46,1230,65892,1957,318,3622,https://www.youtube.com/watch?v=37J11pncnd8,293,49,293,https://www.youtube.com/watch?v=8up8RmPuyqc,3622,587,3622,https://www.youtube.com/watch?v=37J11pncnd8,0,0,0,0,
19f507cc460a426cb02013fb203bd0a7,1220,75019,577,317,1002,https://www.youtube.com/watch?v=CfDtNoIcRxM,577,317,1002,https://www.youtube.com/watch?v=CfDtNoIcRxM,0,0,0,,499,85,63,170,https://www.twitch.tv/videos/2872772482
a1ef171711404951a987f4c9bc5e64f0,1220,94821,249,69,1340,https://www.youtube.com/watch?v=1gz-RBc8uhU,151,45,487,https://www.youtube.com/watch?v=Kfy3sN5ZS2A,774,323,1340,https://www.youtube.com/watch?v=1gz-RBc8uhU,0,0,0,0,
d4b4a16e0ccc4bb49ff82c8584e6ed79,1220,42915,0,0,0,,0,0,0,,0,0,0,,0,0,0,0,
3b9a06751f3c415993d424480d4d5060,1220,142770,395,143,406,https://www.youtube.com/watch?v=DVeLJp-VHTI,395,143,406,https://www.youtube.com/watch?v=DVeLJp-VHTI,0,0,0,,0,0,0,0,
6abc6d7010ed4b7a88b2566b171c9005,1220,47005,296,127,1160,https://www.youtube.com/watch?v=E5kg3ix9r1A,296,127,1160,https://www.youtube.com/watch?v=E5kg3ix9r1A,0,0,0,,0,0,0,0,
6e845fd52d044ab598cc4ca35ba91f88,1220,7967,0,0,0,,0,0,0,,0,0,0,,0,0,0,0,
1058d6e9f351455389e8a7a716ea26ff,1210,68177,151,83,851,https://www.youtube.com/watch?v=YnLQEykUQYw,151,97,851,https://www.youtube.com/watch?v=YnLQEykUQYw,152,36,248,https://www.youtube.com/watch?v=xXlchrBAI1A,4378,542,249,1216,https://www.twitch.tv/videos/2855971556
97b10f7c6f434fa1a80f76e6740a9c6b,1210,65517,1430,573,3000,https://www.youtube.com/watch?v=eP3IfakEY7I,0,0,0,,1430,573,3000,https://www.youtube.com/watch?v=eP3IfakEY7I,4680,3931,1591,8949,https://www.twitch.tv/videos/2853938156
1f378a6e115046ffa1a17f9079285d4a,1210,40309,437,402,526,https://www.youtube.com/watch?v=1E28oP9aBGs,437,402,526,https://www.youtube.com/watch?v=1E28oP9aBGs,0,0,0,,98,0,0,0,
d7e9a44c2bbe439b9f062d64dc1b96f3,1210,80574,408,231,1369,https://www.youtube.com/watch?v=RB760OgUTLE,408,231,1369,https://www.youtube.com/watch?v=RB760OgUTLE,0,0,0,,132,66,50,66,https://www.twitch.tv/videos/2869329242
ffe0cef3d8c34c52bb605a23a3e61e95,1210,32499,244,87,249,https://www.youtube.com/watch?v=YcDLMvHsoqI,244,87,249,https://www.youtube.com/watch?v=YcDLMvHsoqI,0,0,0,,0,0,0,0,
3430389926a942cbacde9b444b3a6653,1210,51261,37,13,52,https://www.youtube.com/watch?v=2yRtgFu-g1w,0,0,0,,37,13,52,https://www.youtube.com/watch?v=2yRtgFu-g1w,1055,0,0,0,
fb7ced3cc6c247928ce1bb3b2715d98c,1200,406306,916,575,1373,https://www.youtube.com/watch?v=_PUa1peYkWI,0,0,0,,916,575,1373,https://www.youtube.com/watch?v=_PUa1peYkWI,0,0,0,0,
af34d62a8f4e4ca180c11f11c2832893,1200,40523,0,0,0,,0,0,0,,0,0,0,,0,0,0,0,
921b0b3a8dd64a5494720801af95ba06,1200,85407,432,45,432,https://www.youtube.com/watch?v=MFN9-L3pMws,432,45,432,https://www.youtube.com/watch?v=MFN9-L3pMws,0,0,0,,0,0,0,0,
0a000a22ebd84abf860bcd5ef0a5ed60,1200,81545,33,16,1607,https://www.youtube.com/watch?v=E1OOpfNAzFA,0,0,0,,33,16,1607,https://www.youtube.com/watch?v=E1OOpfNAzFA,2599,418,198,1199,https://www.twitch.tv/videos/2864957949
ffaf6da580a44e11bba9715e3c854958,1200,70102,89,62,832,https://www.youtube.com/watch?v=6ze6TYPp58w,89,62,832,https://www.youtube.com/watch?v=6ze6TYPp58w,0,0,0,,196,0,0,0,
ccf93d7646f249dfa3454f5a60f466c8,1190,42963,0,0,0,,0,0,0,,0,0,0,,117,0,0,0,
2656bc44436c45cca3e94e43a9a49c2d,1190,212172,405,99,1420,https://www.youtube.com/watch?v=6D_he4zGl5Y,405,99,1420,https://www.youtube.com/watch?v=6D_he4zGl5Y,0,0,0,,0,0,0,0,
1e59cd43a10a44edb1407fb8ba8529a8,1190,73902,283,157,890,https://www.youtube.com/watch?v=GCLaWPMKBCQ,283,157,890,https://www.youtube.com/watch?v=GCLaWPMKBCQ,0,0,0,,0,0,0,0,
fdb0805c65e24f13b7f23e50e0db8ae2,1190,365270,3822,878,305849,https://www.youtube.com/watch?v=sHjiIjdbZLM,0,0,0,,3822,878,305849,https://www.youtube.com/watch?v=sHjiIjdbZLM,9070,818,497,1105,https://www.twitch.tv/videos/2864906671
e0823adb7a574647b6e395e70038509d,1190,50144,613,220,1528,https://www.youtube.com/watch?v=ke4PCKscLHQ,434,181,665,https://www.youtube.com/watch?v=ssV4H4GkGXE,1260,427,1528,https://www.youtube.com/watch?v=ke4PCKscLHQ,0,0,0,0,
ca8d038d311e4cccb2deded15cee89cd,1180,72408,294,184,1235,https://www.youtube.com/watch?v=v-8e05mBejg,354,213,1235,https://www.youtube.com/watch?v=v-8e05mBejg,12,7,12,https://www.youtube.com/watch?v=hIoz6ZVbmCM,112,0,0,0,
492582e14bd0480eb5c847e6240f020b,1180,79031,127,0,145,https://www.youtube.com/watch?v=-u2DjlUrFhY,127,0,145,https://www.youtube.com/watch?v=-u2DjlUrFhY,0,0,0,,0,0,0,0,
36ad63809a2441c9b85f7ee628136ce3,1180,132436,157,84,1262,https://www.youtube.com/watch?v=9psDCiztREQ,155,84,1262,https://www.youtube.com/watch?v=9psDCiztREQ,344,110,815,https://www.youtube.com/watch?v=Za7vsjch0Ew,23,0,0,0,
b399afc661d04f47acc9d0681be343b4,1180,168924,193,105,1655,https://www.youtube.com/watch?v=tUrcr7gOYHQ,139,80,1112,https://www.youtube.com/watch?v=YWLPjGOAibg,1141,490,1655,https://www.youtube.com/watch?v=tUrcr7gOYHQ,566,109,83,312,https://www.twitch.tv/videos/2866881874
9cdf183fa1ee43c2906cca70884a6278,1170,24739,0,0,0,,0,0,0,,0,0,0,,0,0,0,0,
4297ecbe09d04698a65f1778f5c16dc4,1170,84028,843,223,1345,https://www.youtube.com/watch?v=4IN-5ye8fpM,224,100,479,https://www.youtube.com/watch?v=iSgeCQA95eE,1035,450,1345,https://www.youtube.com/watch?v=4IN-5ye8fpM,232,0,0,0,
870430bfaf9942f487819fcb4630fabb,1170,1604,0,0,0,,0,0,0,,0,0,0,,1231,0,0,0,
f4c357c0b7ae4891859ecd205d903dff,1170,55208,93,38,1163,https://www.youtube.com/watch?v=Oit7sna8vP0,112,22,132,https://www.youtube.com/watch?v=SDjxGmAmplM,55,38,1163,https://www.youtube.com/watch?v=Oit7sna8vP0,89,0,0,0,
fe555b322c784b5b9c2297c585bc9352,1160,37626,0,0,0,,0,0,0,,0,0,0,,0,0,0,0,
f5a99c6ea78e4023b1bc84c1502f432d,1160,52625,98,55,867,https://www.youtube.com/watch?v=Id3PjuNNsY0,98,55,214,https://www.youtube.com/watch?v=cqvL6l8IxlI,109,54,867,https://www.youtube.com/watch?v=Id3PjuNNsY0,875,55,34,167,https://www.twitch.tv/videos/2866972384
6826120624a244d4ab9522b5845db071,1160,69439,1331,537,1725,https://www.youtube.com/watch?v=la8se4jXJuo,0,0,0,,1331,537,1725,https://www.youtube.com/watch?v=la8se4jXJuo,3983,363,267,1079,https://www.twitch.tv/videos/2869936251
9bf758b113b048bc9331f244b619e4b2,1160,102654,110,27,305,https://www.youtube.com/watch?v=C6nY1tKOfhM,123,55,305,https://www.youtube.com/watch?v=C6nY1tKOfhM,75,6,75,https://www.youtube.com/watch?v=II9r-Hva7PY,280,0,0,0,
507d48eff3d44b6cba7b707e321e01e7,1160,64750,0,0,0,,0,0,0,,0,0,0,,580,0,0,0,
956591dc2e40411688b8f8e3079bc5e3,1160,132219,326,162,359,https://www.youtube.com/watch?v=26bBNaVd9iU,343,267,359,https://www.youtube.com/watch?v=26bBNaVd9iU,13,2,13,https://www.youtube.com/watch?v=aF7OAiMQ90w,0,0,0,0,
74c75f221fbb4cffa67de26881bae17d,1160,82737,552,263,552,https://www.youtube.com/watch?v=NVeLyHuXwes,0,0,0,,552,263,552,https://www.youtube.com/watch?v=NVeLyHuXwes,0,0,0,0,
9f585f607da24e26b05ccb7e06e1d4f1,1160,197827,413,147,1567,https://www.youtube.com/watch?v=gN0ILFr9bYI,208,92,546,https://www.youtube.com/watch?v=Yb2LP9S1Bdc,883,213,1567,https://www.youtube.com/watch?v=gN0ILFr9bYI,564,0,0,0,
ac5176c53ad7447b8d63f82f65ba7200,1160,56844,0,0,0,,0,0,0,,0,0,0,,2547,0,0,0,
20bfe5495db6453eaadbc55322c856f9,1160,39298,0,0,0,,0,0,0,,0,0,0,,0,0,0,0,
3d33f15ad27c406abfd68d6c16e0b53d,1150,69281,543,475,543,https://www.youtube.com/watch?v=4jhbUZOxlj8,543,475,543,https://www.youtube.com/watch?v=4jhbUZOxlj8,0,0,0,,0,0,0,0,
7e1072448d24495f8cac5163c0290989,1150,41208,39,10,125,https://www.youtube.com/watch?v=xLMw5yAKNmk,39,10,125,https://www.youtube.com/watch?v=xLMw5yAKNmk,0,0,0,,203,0,0,0,
78f09e2a2d31477aa4a475ff159fb7c2,1150,120594,351,113,2187,https://www.youtube.com/watch?v=FZyJmRZbQdo,330,129,2187,https://www.youtube.com/watch?v=FZyJmRZbQdo,750,97,1933,https://www.youtube.com/watch?v=lvix6Phzfnc,207,59,57,59,https://www.twitch.tv/videos/2875000639
43acb25e255340d09b50283f0308d1ff,1150,640534,0,0,0,,0,0,0,,0,0,0,,0,0,0,0,
e63fe9e27be44403b222fb0319c027b6,1150,38656,0,0,0,,0,0,0,,0,0,0,,5701,1265,634,3292,https://www.twitch.tv/videos/2853061416
99e9616a2f73426d8c0a672dd20d9ad3,1150,221997,0,0,0,,0,0,0,,0,0,0,,62,0,0,0,
b4b4fcedc8264cb5b90584935aebf110,1150,47277,637,275,655,https://www.youtube.com/watch?v=y8ogkpIkwZo,637,275,655,https://www.youtube.com/watch?v=y8ogkpIkwZo,0,0,0,,264,0,0,0,
95694a64c0fe4b5c987344f1edcec826,1140,52691,135,49,380,https://www.youtube.com/watch?v=fz-8lwA6Jco,135,49,380,https://www.youtube.com/watch?v=fz-8lwA6Jco,0,0,0,,1679,87,49,158,https://www.twitch.tv/videos/2866693019
d4c077fa180a460cabadc4e2838d1855,1140,38939,0,0,0,,0,0,0,,0,0,0,,0,0,0,0,
0b0668c6206c4500bdcbc281ee58680c,1140,42780,102,61,144,https://www.youtube.com/watch?v=FYryTGOF7fg,105,85,144,https://www.youtube.com/watch?v=FYryTGOF7fg,78,47,102,https://www.youtube.com/watch?v=aHlFxFrp1QE,3004,356,270,545,https://www.twitch.tv/videos/2870433272
01871d8239314affaf7032899ce6502f,1140,298331,0,0,0,,0,0,0,,0,0,0,,0,0,0,0,
4e7110080135486ba1d83d3e5cdbf0ca,1140,15033,0,0,0,,0,0,0,,0,0,0,,435,0,0,0,
d475848a566848dc9f6ad02707d87e2a,1130,154785,134,71,349,https://www.youtube.com/watch?v=WiA2SlnnE2g,130,71,335,https://www.youtube.com/watch?v=GBoUWzwD05w,349,198,349,https://www.youtube.com/watch?v=WiA2SlnnE2g,0,0,0,0,
2a0de6059bd74c298a80f45a8052790e,1130,234025,1104,550,1167,https://www.youtube.com/watch?v=yiLTKq1Wzu8,0,0,0,,1104,550,1167,https://www.youtube.com/watch?v=yiLTKq1Wzu8,1359,189,174,211,https://www.twitch.tv/videos/2871036326
99f95450781349058c1c4098d6fe9f41,1130,75868,121,19,1458,https://www.youtube.com/watch?v=5l9lxgKxOHk,108,9,121,https://www.youtube.com/watch?v=4_fJwzw4ZZU,1458,970,1458,https://www.youtube.com/watch?v=5l9lxgKxOHk,0,0,0,0,
0e9aeecbe8f04a62ab781cf2e520eba0,1130,41310,599,484,1007,https://www.youtube.com/watch?v=_qgqCBZlKkA,192,36,192,https://www.youtube.com/watch?v=afc4l7p2gZc,1007,933,1007,https://www.youtube.com/watch?v=_qgqCBZlKkA,7654,795,433,142587,https://www.twitch.tv/videos/2858642733
238b751368474f798a737e7cf1f4a87b,1130,56498,166,84,1139,https://www.youtube.com/watch?v=ug9F5cKWd-8,164,83,556,https://www.youtube.com/watch?v=ScsXq1gCpHY,174,108,1139,https://www.youtube.com/watch?v=ug9F5cKWd-8,2094,115,81,212,https://www.twitch.tv/videos/2866791695
5226367de740445789ec9b65a84d65c5,1130,183919,165,59,260,https://www.youtube.com/watch?v=-essyENf6sU,165,59,260,https://www.youtube.com/watch?v=-essyENf6sU,0,0,0,,280,0,0,0,
fff74fa431cd4468b177675010504ee1,1130,19798,100,92,124,https://www.youtube.com/watch?v=R9xrSP73arI,100,92,124,https://www.youtube.com/watch?v=R9xrSP73arI,0,0,0,,396,90,74,125,https://www.twitch.tv/videos/2871173343
c2b9638d8dd54888a91caa8a67366907,1130,21875,1180,1111,1180,https://www.youtube.com/watch?v=V7R1-Q3TzoI,1180,1111,1180,https://www.youtube.com/watch?v=V7R1-Q3TzoI,0,0,0,,2634,112,79,187,https://www.twitch.tv/videos/2870220824
aab094af87d74f3cbcb332bdac03fa23,1130,23954,59,8,59,https://www.youtube.com/watch?v=BLaNtojwjXw,59,8,59,https://www.youtube.com/watch?v=BLaNtojwjXw,0,0,0,,0,0,0,0,
f4ff6f40be3a4294ac1fe3e475421377,1130,89048,617,379,1067,https://www.youtube.com/watch?v=xl-acOLz4uw,617,379,1067,https://www.youtube.com/watch?v=xl-acOLz4uw,0,0,0,,47,0,0,0,
c964cb46cc9d411aaca372f9e459d2dc,1130,53736,0,0,0,,0,0,0,,0,0,0,,233,0,0,0,
32a5b834b2bf4912bcd54ac00ae13285,1130,3937,0,0,0,,0,0,0,,0,0,0,,2959,334,149,363,https://www.twitch.tv/videos/2851376959
a5c12a1268af408c9a3ed6adbb72c53c,1130,70266,0,0,0,,0,0,0,,0,0,0,,0,0,0,0,
381bb87f90794f2a909775a87c192dc5,1120,109392,0,0,0,,0,0,0,,0,0,0,,10543,306,140,395,https://www.twitch.tv/videos/2853338521
49f14b84269f458099232c2a21b2ba74,1120,32456,0,0,0,,0,0,0,,0,0,0,,0,0,0,0,
4bdf9ee9f53f4785b37a9d9dbd2a0da8,1120,66211,14,6,86,https://www.youtube.com/watch?v=CMzY6PUemFA,0,0,0,,14,6,86,https://www.youtube.com/watch?v=CMzY6PUemFA,0,0,0,0,
ea31f43c943742be847e205495fc64ad,1120,87388,994,65,994,https://www.youtube.com/watch?v=aLU9aLTgvvg,0,0,0,,994,65,994,https://www.youtube.com/watch?v=aLU9aLTgvvg,4542,1575,902,2384,https://www.twitch.tv/videos/2867717110
853afd5eb42e4f61bb0f9478aa8c1661,1120,0,0,0,0,,0,0,0,,0,0,0,,0,0,0,0,
34e2da1086ea4670b7b3d1fec34d8403,1120,56859,169,97,382,https://www.youtube.com/watch?v=wV-uKKD0FXU,169,97,382,https://www.youtube.com/watch?v=wV-uKKD0FXU,0,0,0,,0,0,0,0,
0d080db8809848e2ba918799b2f7885b,1110,83427,205,130,813,https://www.youtube.com/watch?v=lLFBJJdeyEE,205,130,813,https://www.youtube.com/watch?v=lLFBJJdeyEE,0,0,0,,0,0,0,0,
46a8009adbca4aa083af580b50b69306,1110,24912,81,29,105,https://www.youtube.com/watch?v=j-vWf4CgRZo,81,29,105,https://www.youtube.com/watch?v=j-vWf4CgRZo,0,0,0,,505,16,14,16,https://www.twitch.tv/videos/2872963388
26eba1f0fabf425aa5769e01e855ea28,1110,107878,0,0,0,,0,0,0,,0,0,0,,0,0,0,0,
4b214cdeac0649989f03f39e497816cf,1100,4525193,503,374,2070,https://www.youtube.com/watch?v=dNWWS0iUQgQ,276,135,503,https://www.youtube.com/watch?v=n5bsTqfxyUY,1617,837,2070,https://www.youtube.com/watch?v=dNWWS0iUQgQ,758,79,58,189,https://www.twitch.tv/videos/2872128613
fc7fa0c5a7604cc8a420ee89472fcac3,1100,39825,329,173,1811,https://www.youtube.com/watch?v=FpKTpDzonTk,329,173,1266,https://www.youtube.com/watch?v=OEyrjZ53iTs,965,141,1811,https://www.youtube.com/watch?v=FpKTpDzonTk,1307,0,0,0,
3410ce8f1b78487f8025485a6c09b1b8,1100,34300,0,0,0,,0,0,0,,0,0,0,,0,0,0,0,
4b9b64309ea0491bbde3b86b6c34bdd0,1100,72990,588,468,775,https://www.youtube.com/watch?v=eBSpOgaR7n8,588,468,775,https://www.youtube.com/watch?v=eBSpOgaR7n8,0,0,0,,0,0,0,0,
971c91b32e9b4e1abfdafe711cb9e440,1100,50105,0,0,0,,0,0,0,,0,0,0,,0,0,0,0,
8d67810b612540a0ad928179c1f9a4ee,1100,18969,32,17,38,https://www.youtube.com/watch?v=ZIOOt1pcyD4,32,25,32,https://www.youtube.com/watch?v=xI1SrzasaJI,26,12,38,https://www.youtube.com/watch?v=ZIOOt1pcyD4,756,163,104,215,https://www.twitch.tv/videos/2871285937
ce4d344e37cd403cbb5325010144d393,1100,97282,161,110,2093,https://www.youtube.com/watch?v=LoTj_E9r6hk,109,73,161,https://www.youtube.com/watch?v=UvX84YSBim4,1617,826,2093,https://www.youtube.com/watch?v=LoTj_E9r6hk,1615,482,320,1320,https://www.twitch.tv/videos/2869079108
e212d468e3e64ad5b8f22f61bc4e06f7,1100,34532,46,31,121,https://www.youtube.com/watch?v=oiKGVGIG02Q,46,31,121,https://www.youtube.com/watch?v=oiKGVGIG02Q,0,0,0,,0,0,0,0,
ec9a791b8152478b95858b199b866ef9,1090,44827,0,0,0,,0,0,0,,0,0,0,,377,0,0,0,
278f93ad57b14f01a71f1e89598ee503,1090,10509,0,0,0,,0,0,0,,0,0,0,,0,0,0,0,
1eef7c0894a547a2bff186f6a735145a,1090,29135,471,388,800,https://www.youtube.com/watch?v=HgSFrMnZmpc,458,266,800,https://www.youtube.com/watch?v=HgSFrMnZmpc,548,507,684,https://www.youtube.com/watch?v=F9wuYKSJNLc,0,0,0,0,
483a76d7ad1d464aa290606959ddddec,1090,62926,326,123,1028,https://www.youtube.com/watch?v=ial7Y3rJrvM,333,127,1028,https://www.youtube.com/watch?v=ial7Y3rJrvM,133,66,133,https://www.youtube.com/watch?v=NPeG5iLpqdo,868,209,151,442,https://www.twitch.tv/videos/2873867298
46388caf23e34f09b145fff0fa25b897,1090,33373,0,0,0,,0,0,0,,0,0,0,,881,104,56,137,https://www.twitch.tv/videos/2863202990
7aca9b05fe654223a3702531383002a8,1090,7425,0,0,0,,0,0,0,,0,0,0,,2947,522,348,747,https://www.twitch.tv/videos/2863775210
5d02c4219e484617979165267cbd8d7f,1090,7532,0,0,0,,0,0,0,,0,0,0,,7,0,0,0,
3a963b6901c7467da3d9c8bd74df9da6,1090,50788,218,168,218,https://www.youtube.com/watch?v=DaLLy_3XF9U,218,168,218,https://www.youtube.com/watch?v=DaLLy_3XF9U,0,0,0,,0,0,0,0,
8489d002b1704612bd0dd23f9a14ed51,1090,57137,119,58,141,https://www.youtube.com/watch?v=xAOXWob8aTc,119,58,141,https://www.youtube.com/watch?v=xAOXWob8aTc,0,0,0,,172,0,0,0,
70af0f70b6284690a524eb87aaa1d296,1090,72002,0,0,0,,0,0,0,,0,0,0,,4874,599,211,2398,https://www.twitch.tv/videos/2861495420
683db9d9b58f4dd883966c82581a7b60,1080,42043,151,44,210,https://www.youtube.com/watch?v=Rtpt_yIVLoM,151,44,210,https://www.youtube.com/watch?v=Rtpt_yIVLoM,0,0,0,,0,0,0,0,
0b183e5c128246c0ad5cd5491e8b8c83,1080,344075,1007,251,2895,https://www.youtube.com/watch?v=0bFRfi_E44k,147,21,349,https://www.youtube.com/watch?v=UVC5muxDN30,1511,671,2895,https://www.youtube.com/watch?v=0bFRfi_E44k,0,0,0,0,
0d7502e74c394a7f82a07c31fee877ff,1080,34770,0,0,0,,0,0,0,,0,0,0,,0,0,0,0,
e0535f2d38f04d26aca33772bccb33b8,1080,72113,672,569,915,https://www.youtube.com/watch?v=SWl0ASXizc0,672,569,915,https://www.youtube.com/watch?v=SWl0ASXizc0,0,0,0,,2588,458,161,746,https://www.twitch.tv/videos/2873925245
4d4410bdde7d4107809dc6e1e2ce0e0e,1080,57644,94,87,1560,https://www.youtube.com/watch?v=XhJtKTP1-Xk,69,62,103,https://www.youtube.com/watch?v=Pyy-w1hbMMk,878,190,1560,https://www.youtube.com/watch?v=XhJtKTP1-Xk,0,0,0,0,
4aee4e4c619a4e2aa8bbc2edce38ccfa,1080,149293,432,147,1326,https://www.youtube.com/watch?v=0QI5aDvV_Pk,253,114,1041,https://www.youtube.com/watch?v=BwWX8Piy6EI,1168,749,1326,https://www.youtube.com/watch?v=0QI5aDvV_Pk,0,0,0,0,
5f413dce55614542940c58900ef1c82c,1080,25827,0,0,0,,0,0,0,,0,0,0,,827,38,29,43,https://www.twitch.tv/videos/2867879952
5396c3113555413f8b8d722d44b413d3,1070,5273,0,0,0,,0,0,0,,0,0,0,,0,0,0,0,
4ba065758aa94ce18cfe227cc37b1afe,1070,34658,25,4,25,https://www.youtube.com/watch?v=9ofsOQEBF3E,0,0,0,,25,4,25,https://www.youtube.com/watch?v=9ofsOQEBF3E,3644,656,330,1184,https://www.twitch.tv/videos/2852987072
b9eb00549c554290a7dbc5cd05910239,1070,103949,70,18,70,https://www.youtube.com/watch?v=2o3C8KC92ww,70,18,70,https://www.youtube.com/watch?v=2o3C8KC92ww,0,0,0,,0,0,0,0,
f5ef8ac02db547dd92da5e87717a8dca,1070,44837,541,255,1433,https://www.youtube.com/watch?v=niQSXEgrybE,502,238,1433,https://www.youtube.com/watch?v=niQSXEgrybE,1308,521,1308,https://www.youtube.com/watch?v=BM6YKv0-pp4,0,0,0,0,
b5d3dfb81219492cb11a34291aab8cc8,1070,32054,0,0,0,,0,0,0,,0,0,0,,0,0,0,0,
62b7ee328a7b42b0a1da0ab3bc22d1db,1060,185435,120,67,456,https://www.youtube.com/watch?v=LtsBw4u7VB8,115,67,456,https://www.youtube.com/watch?v=LtsBw4u7VB8,268,90,329,https://www.youtube.com/watch?v=tSSmNRYU_wk,1274,70,55,152,https://www.twitch.tv/videos/2872211788
63d931b5a0374b3fbeef2c565a8db8df,1060,180574,1334,1200,1334,https://www.youtube.com/watch?v=4l17CK0SpQA,0,0,0,,1334,1200,1334,https://www.youtube.com/watch?v=4l17CK0SpQA,6512,900,326,1592,https://www.twitch.tv/videos/2873033160
85aa19ec73ce4db08ba1bf3d0f1807ce,1060,52443,0,0,0,,0,0,0,,0,0,0,,0,0,0,0,
0a9ce04e6eee4c6d8dde6eb5a0f56c20,1060,18854,1,0,54,https://www.youtube.com/watch?v=xRnLKJ6CpRs,0,0,0,,1,0,54,https://www.youtube.com/watch?v=xRnLKJ6CpRs,0,0,0,0,
fe70a0055df1453a82bea6582d3072fa,1060,47609,71,59,106,https://www.youtube.com/watch?v=ZzFjXhS2nAk,71,59,106,https://www.youtube.com/watch?v=ZzFjXhS2nAk,0,0,0,,0,0,0,0,
15e82a696cfc4d42929e29b0d90955d1,1060,64604,253,57,292,https://www.youtube.com/watch?v=2fTHGI9uECw,253,57,292,https://www.youtube.com/watch?v=2fTHGI9uECw,0,0,0,,0,0,0,0,
45baafce0f294208a063a496814b7986,1060,48293,140,110,204,https://www.youtube.com/watch?v=a3rB8hgWrUA,140,110,204,https://www.youtube.com/watch?v=a3rB8hgWrUA,0,0,0,,0,0,0,0,
62080edda26345efbf8bc2bab0ab4136,1060,26907,0,0,0,,0,0,0,,0,0,0,,0,0,0,0,
837cc45c90974caa9f07699c3899fa7b,1060,51817,62,41,345,https://www.youtube.com/watch?v=__WcIL7J7hw,59,42,345,https://www.youtube.com/watch?v=__WcIL7J7hw,65,13,65,https://www.youtube.com/watch?v=o5EXsvA06S4,634,67,49,122,https://www.twitch.tv/videos/2863264567
b4de9155a5f34284a41224c38e70c67e,1050,56012,0,0,0,,0,0,0,,0,0,0,,43,0,0,0,
d23e5f9f3abf4b36b79c04f5265a8efc,1050,69089,186,70,390,https://www.youtube.com/watch?v=siw7oMsiLEU,138,69,388,https://www.youtube.com/watch?v=GwF9wNQnKkw,313,129,390,https://www.youtube.com/watch?v=siw7oMsiLEU,156,0,0,0,
689dcd8a50ff4a3ead63d3f378c6e28f,1050,18501,215,10,241,https://www.youtube.com/watch?v=60I0xZLgLvM,215,10,241,https://www.youtube.com/watch?v=60I0xZLgLvM,0,0,0,,0,0,0,0,
7754a4ea82814b7fbbecfcf459382001,1050,223508,121,16,1290,https://www.youtube.com/watch?v=7nFNJsZdROk,72,16,137,https://www.youtube.com/watch?v=QQ-FQYZI7EQ,820,32,1290,https://www.youtube.com/watch?v=7nFNJsZdROk,2476,106,76,196,https://www.twitch.tv/videos/2874769064
d792696470b54bd4947a59b10759a636,1050,52706,151,94,220,https://www.youtube.com/watch?v=-bJi2eKbyuA,142,86,181,https://www.youtube.com/watch?v=4hGS32gtAls,220,197,220,https://www.youtube.com/watch?v=-bJi2eKbyuA,0,0,0,0,
f560e7811b454fe489044165c53dba83,1050,65218,159,64,288,https://www.youtube.com/watch?v=TWbuH4zRXjA,159,64,288,https://www.youtube.com/watch?v=TWbuH4zRXjA,0,0,0,,0,0,0,0,
3922688ae4b64592b8301430e19fd2ca,1050,112899,249,128,1258,https://www.youtube.com/watch?v=mZZTSKL9uoM,219,106,512,https://www.youtube.com/watch?v=57V8qiUMYhA,312,174,1258,https://www.youtube.com/watch?v=mZZTSKL9uoM,529,299,266,811,https://www.twitch.tv/videos/2868488455
872b7ddfc20f433f9575e2a762e83c06,1040,55056,192,53,369,https://www.youtube.com/watch?v=DOf5QGHozk8,192,53,369,https://www.youtube.com/watch?v=DOf5QGHozk8,0,0,0,,0,0,0,0,
d6d4ed41815a4603a028d321d9d14a56,1040,11790,0,0,0,,0,0,0,,0,0,0,,10,0,0,0,
b5b0001ea8594cd68567ef344ca0bb2e,1040,174414,112,32,305,https://www.youtube.com/watch?v=OAQVECrZWdY,112,32,305,https://www.youtube.com/watch?v=OAQVECrZWdY,0,0,0,,0,0,0,0,
fb23227395a04a26abe441d1ac7978de,1040,112879,154,82,886,https://www.youtube.com/watch?v=jjhJdXmo_2k,175,108,886,https://www.youtube.com/watch?v=jjhJdXmo_2k,67,29,67,https://www.youtube.com/watch?v=Ssu641X0Eko,446,105,75,170,https://www.twitch.tv/videos/2871167761
02fc4a811f9b45b38e94ce75f36a8efa,1040,44038,100,59,627,https://www.youtube.com/watch?v=YMFV1IaCK84,93,50,218,https://www.youtube.com/watch?v=UO-nRZu0eBU,325,171,627,https://www.youtube.com/watch?v=YMFV1IaCK84,0,0,0,0,
00a208caab334f6daf286ebb92cfd9da,1040,18821,31,12,44,https://www.youtube.com/watch?v=FGFQnlMow4E,31,12,44,https://www.youtube.com/watch?v=FGFQnlMow4E,0,0,0,,421,0,0,0,
302b50b5cf4844d58868013404b1ec3f,1030,29789,116,38,162,https://www.youtube.com/watch?v=H0D9U91sy4o,116,38,162,https://www.youtube.com/watch?v=H0D9U91sy4o,0,0,0,,0,0,0,0,
5a1eb09579134895adfa9516611bd925,1030,32913,0,0,0,,0,0,0,,0,0,0,,730,56,50,56,https://www.twitch.tv/videos/2873086220
4de233ea7dfc4a7da1738ab627babd48,1030,56697,359,54,997,https://www.youtube.com/watch?v=kE-WusYvYBs,448,194,997,https://www.youtube.com/watch?v=kE-WusYvYBs,74,29,112,https://www.youtube.com/watch?v=SyJghKTZWbg,0,0,0,0,
4ba98a2155ad4b4392d8c5d7a51f4964,1030,260200,1216,526,2308,https://www.youtube.com/watch?v=4WLDQk8zYfs,1216,526,2308,https://www.youtube.com/watch?v=4WLDQk8zYfs,0,0,0,,0,0,0,0,
7ca8ec94cb4640ccb27719cbfc8a8df0,1020,56617,0,0,0,,0,0,0,,0,0,0,,0,0,0,0,
647a4992105c4f18b92239156e0064fb,1020,26189,0,0,0,,0,0,0,,0,0,0,,144,0,0,0,
c060912477dd414ea79d74adddfb4661,1020,67448,14,10,1474,https://www.youtube.com/watch?v=oe8gsFn2Qfw,14,10,26,https://www.youtube.com/watch?v=angSbxv_Cpk,14,4,1474,https://www.youtube.com/watch?v=oe8gsFn2Qfw,0,0,0,0,
e2049fd03bea4bf6bfee472e4674021c,1020,162949,164,85,1100,https://www.youtube.com/watch?v=N7E8cem8C6g,188,93,516,https://www.youtube.com/watch?v=gGTAJcH6OkY,162,59,1100,https://www.youtube.com/watch?v=N7E8cem8C6g,77,0,0,0,
3588ee10f67c4911b544e48223c57c7d,1020,22559,0,0,0,,0,0,0,,0,0,0,,0,0,0,0,
800b7770ac1d4e4eb62318639ff71b7a,1020,74314,0,0,0,,0,0,0,,0,0,0,,0,0,0,0,
c7344bac508b46f2a20c4bb6861f33ab,1020,14408,0,0,0,,0,0,0,,0,0,0,,0,0,0,0,
76f2fa6f1aa44f0a816a01a1b277430a,1010,39919,54,29,1040,https://www.youtube.com/watch?v=bbNR5L3ROW0,49,21,101,https://www.youtube.com/watch?v=lIPGyOrLM3w,1040,875,1040,https://www.youtube.com/watch?v=bbNR5L3ROW0,61,0,0,0,
027dc46502ee4350ba597000191659ae,1010,50286,493,271,2068,https://www.youtube.com/watch?v=dhQqfwZ3HA8,493,271,1086,https://www.youtube.com/watch?v=W2gbBSNF4Lw,588,404,2068,https://www.youtube.com/watch?v=dhQqfwZ3HA8,73,0,0,0,
a0f657e0538e4269af88094fa1c3dacb,1010,26660,0,0,0,,0,0,0,,0,0,0,,0,0,0,0,
ef0319d27b10495795a5b994bc2249d5,1010,116757,251,93,1647,https://www.youtube.com/watch?v=aTWUlGVSd0s,244,79,1647,https://www.youtube.com/watch?v=aTWUlGVSd0s,489,190,1492,https://www.youtube.com/watch?v=JGSA3nXwp-g,0,0,0,0,
7df81b926eec4a998d5ffcd67b59ff5e,1010,33523,103,68,196,https://www.youtube.com/watch?v=78GO7H6N5Q4,103,68,196,https://www.youtube.com/watch?v=78GO7H6N5Q4,0,0,0,,0,0,0,0,
b1ba066a7bc44c93a4ca264f2144f5bd,1010,40582,84,52,198,https://www.youtube.com/watch?v=pEbzs6_65Xs,84,52,198,https://www.youtube.com/watch?v=pEbzs6_65Xs,0,0,0,,1115,46,33,71,https://www.twitch.tv/videos/2865766052
d709ac4a052b401abfeb8bc5c600e937,1000,45605,316,46,702,https://www.youtube.com/watch?v=XKJZHOjnkxk,234,59,702,https://www.youtube.com/watch?v=XKJZHOjnkxk,513,25,687,https://www.youtube.com/watch?v=JtxY2GRVPB8,805,0,0,0,
d2c5b1c430fa45c8b9be0b8be65d8a6b,1000,22440,402,207,1236,https://www.youtube.com/watch?v=uPtU-V_h16Q,274,176,746,https://www.youtube.com/watch?v=nuw0cGhZ4D8,648,450,1236,https://www.youtube.com/watch?v=uPtU-V_h16Q,394,0,0,0,
45d38ce14fb644c0890823d444a33276,1000,2082,0,0,0,,0,0,0,,0,0,0,,0,0,0,0,
453cbd84364b42d8ac11cef8d3d63bd1,1000,26521,167,37,1076,https://www.youtube.com/watch?v=SE0rbN29Mjw,0,0,0,,167,37,1076,https://www.youtube.com/watch?v=SE0rbN29Mjw,0,0,0,0,
e46d27918a77488ca5b4144eb1b978df,998,61201,0,0,0,,0,0,0,,0,0,0,,0,0,0,0,
bb56715066e548c297232372a16ab083,995,122435,20,15,1173,https://www.youtube.com/watch?v=xiGobAN0UPU,36,29,130,https://www.youtube.com/watch?v=Oev5yDtZNtc,3,1,1173,https://www.youtube.com/watch?v=xiGobAN0UPU,2063,157,113,869,https://www.twitch.tv/videos/2870399977
6c3a22611ac24eb19cec3bd7c78a8705,995,264017,257,174,751,https://www.youtube.com/watch?v=puTW3LZH7hk,257,174,751,https://www.youtube.com/watch?v=puTW3LZH7hk,0,0,0,,0,0,0,0,
7a0eb6cbe5a94663888ef35a63ab3b5a,995,26873,0,0,0,,0,0,0,,0,0,0,,1459,173,114,272,https://www.twitch.tv/videos/2872971685
7003e3e3a24244ffb5ebfbbdc20c97f8,993,28500,533,306,899,https://www.youtube.com/watch?v=lndYFf2tiMY,533,306,899,https://www.youtube.com/watch?v=lndYFf2tiMY,0,0,0,,0,0,0,0,
dc0868efeac540bfac9b383bd65a82e6,990,33307,681,219,1795,https://www.youtube.com/watch?v=v8tgmfMwy7c,681,219,1795,https://www.youtube.com/watch?v=v8tgmfMwy7c,0,0,0,,0,0,0,0,
78d441a2d6584d078a6ce202238d36b9,990,26468,0,0,0,,0,0,0,,0,0,0,,0,0,0,0,
5d29544fdded43d1937166548487394a,990,5757,0,0,0,,0,0,0,,0,0,0,,1913,128,98,307,https://www.twitch.tv/videos/2872843716
32ce3b3861fe4b5a98d5adc9a704bbf1,989,55131,307,225,483,https://www.youtube.com/watch?v=KGgH6ll3QCA,329,240,483,https://www.youtube.com/watch?v=KGgH6ll3QCA,307,225,307,https://www.youtube.com/watch?v=LHh8ib5zUj4,139,0,0,0,
a00240316f524d218d889d00a8b42721,987,99535,1053,674,2004,https://www.youtube.com/watch?v=4NjgqAVu0AQ,103,9,103,https://www.youtube.com/watch?v=RrzwBj4Ar2Y,2004,1339,2004,https://www.youtube.com/watch?v=4NjgqAVu0AQ,0,0,0,0,
9b2edcfdc76748f59576b77524402804,987,60619,0,0,0,,0,0,0,,0,0,0,,0,0,0,0,
838f883ea01f431f97bfe9dbf3064422,984,37234,0,0,0,,0,0,0,,0,0,0,,106,0,0,0,
107ad23090e649b8935850f3d78ded99,981,48134,331,189,1180,https://www.youtube.com/watch?v=6fJd8cEBh8s,345,284,1180,https://www.youtube.com/watch?v=6fJd8cEBh8s,82,76,82,https://www.youtube.com/watch?v=ddCjUnRYxYc,140,34,26,45,https://www.twitch.tv/videos/2868550153
7ca610bac41843a28abba9e947aa9ded,977,54915,1512,551,1512,https://www.youtube.com/watch?v=9DiN5na04cs,0,0,0,,1512,551,1512,https://www.youtube.com/watch?v=9DiN5na04cs,3181,450,242,717,https://www.twitch.tv/videos/2867891635
d26893447610406da66ee14abfbd5868,977,31265,881,502,881,https://www.youtube.com/watch?v=Kr1C2qYhS18,881,502,881,https://www.youtube.com/watch?v=Kr1C2qYhS18,0,0,0,,0,0,0,0,
ab2e7fbd11784f96aa9cf599786f8bf1,972,76820,0,0,0,,0,0,0,,0,0,0,,0,0,0,0,
7a160bd129144664804dd3fc08fceeb1,971,22471,0,0,0,,0,0,0,,0,0,0,,8785,1966,1587,6178,https://www.twitch.tv/videos/2873724095
bf195265fa5944d894dc53baf7143645,968,40246,0,0,0,,0,0,0,,0,0,0,,0,0,0,0,
9959d43cae9b49dbbcd666f742322b4a,966,42911,115,43,2553,https://www.youtube.com/watch?v=N8OO0ZUzVMw,115,43,2553,https://www.youtube.com/watch?v=N8OO0ZUzVMw,0,0,0,,652,24,20,122,https://www.twitch.tv/videos/2872104458
899208f999aa4121ae2b67abb3190674,964,19903,1304,643,1622,https://www.youtube.com/watch?v=OVP3R6a0JD8,0,0,0,,1304,643,1622,https://www.youtube.com/watch?v=OVP3R6a0JD8,4632,620,526,1283,https://www.twitch.tv/videos/2864495697
becdcbab308f4fa18540982596eebbd5,964,9796,0,0,0,,0,0,0,,0,0,0,,7993,618,306,75455,https://www.twitch.tv/videos/2872025147
d1d879cfccf7411296dcc765ca40e39c,962,145912,321,117,1130,https://www.youtube.com/watch?v=gvO-gQ3JwGY,0,0,0,,321,117,1130,https://www.youtube.com/watch?v=gvO-gQ3JwGY,1604,202,123,376,https://www.twitch.tv/videos/2870203309
c747687c19704747b4cae2d4d5715aa0,957,47538,1316,736,1412,https://www.youtube.com/watch?v=ykwbWUgceDk,0,0,0,,1316,736,1412,https://www.youtube.com/watch?v=ykwbWUgceDk,4294,290,188,401,https://www.twitch.tv/videos/2869482682
06a61409f4334b0eb8a5f647b819c78b,955,74610,86,37,164,https://www.youtube.com/watch?v=P_yhqJqFwJ0,86,40,125,https://www.youtube.com/watch?v=tG_DeXj54-Q,86,37,164,https://www.youtube.com/watch?v=P_yhqJqFwJ0,0,0,0,0,
b2e19555d1f441a8a0e3f53b6507863e,954,52971,97,69,221,https://www.youtube.com/watch?v=ZHzGPWe-0OY,97,69,221,https://www.youtube.com/watch?v=ZHzGPWe-0OY,0,0,0,,113,0,0,0,
07f20f05bef0432e8644e1bee798ef46,954,59234,501,190,2040,https://www.youtube.com/watch?v=LzJXOzxQCMI,435,181,622,https://www.youtube.com/watch?v=SbNcBEe8F5k,1536,521,2040,https://www.youtube.com/watch?v=LzJXOzxQCMI,0,0,0,0,
54e70d7cc2fb4c6da0d833519331c770,952,129796,881,68,1579,https://www.youtube.com/watch?v=aasp7ghKETQ,0,0,0,,881,68,1579,https://www.youtube.com/watch?v=aasp7ghKETQ,2763,266,165,346,https://www.twitch.tv/videos/2864122430
b5ff000d6dd74683b17965294f1c4bf7,952,31751,0,0,0,,0,0,0,,0,0,0,,767,0,0,0,
a5647aba47dc4bb48eaa0cde6de7c6bd,950,41232,0,0,0,,0,0,0,,0,0,0,,0,0,0,0,
7717bc233e7a4670926195acf69709d4,950,45964,0,0,0,,0,0,0,,0,0,0,,1477,0,0,0,
acc708b79f1c4e388466b407387e7cb5,947,139016,36,3,139,https://www.youtube.com/watch?v=9y1NAcK090M,36,3,139,https://www.youtube.com/watch?v=9y1NAcK090M,0,0,0,,0,0,0,0,
8a5468bc4c7d44989e5ee4864a9b941a,947,87251,0,0,0,,0,0,0,,0,0,0,,0,0,0,0,
08268c9de16e423381e351aeef8f7ffb,944,33056,461,238,1219,https://www.youtube.com/watch?v=kTJYIb3jdao,461,238,1219,https://www.youtube.com/watch?v=kTJYIb3jdao,0,0,0,,0,0,0,0,
23af2b94549e42c282ec0d6eecf01102,942,35024,198,183,389,https://www.youtube.com/watch?v=GKJg3XpG5gs,0,0,0,,198,183,389,https://www.youtube.com/watch?v=GKJg3XpG5gs,2515,136,109,213,https://www.twitch.tv/videos/2873943493
80b6efc8007f4f6d84ce2f93862ae319,942,122803,342,137,880,https://www.youtube.com/watch?v=27dmC1pk21U,342,137,880,https://www.youtube.com/watch?v=27dmC1pk21U,0,0,0,,0,0,0,0,
995bff308e7f4df3aa33305fc0ddde8e,941,39814,0,0,0,,0,0,0,,0,0,0,,0,0,0,0,
e3021481a8d247a5a9a5bf0a29399673,941,147174,301,221,511,https://www.youtube.com/watch?v=R1SzHTWwMrI,301,221,511,https://www.youtube.com/watch?v=R1SzHTWwMrI,0,0,0,,0,0,0,0,
5f8e197a06bc453e8d9e0a1c6cb92f1c,939,86598,153,43,2157,https://www.youtube.com/watch?v=om6DzZYmACs,0,0,0,,153,43,2157,https://www.youtube.com/watch?v=om6DzZYmACs,1679,99,80,139,https://www.twitch.tv/videos/2866717484
179eb3fd3fb34ffe93859dd945b1b3a6,936,4466,0,0,0,,0,0,0,,0,0,0,,0,0,0,0,
db67d9cacbcf4797ba2d41a6d115e2ff,934,50903,120,58,120,https://www.youtube.com/watch?v=J6yKij0Zbs0,120,58,120,https://www.youtube.com/watch?v=J6yKij0Zbs0,0,0,0,,0,0,0,0,
1ee3a662da8a439887a931727cb07317,933,102088,0,0,0,,0,0,0,,0,0,0,,0,0,0,0,
0a67a8d822094ca3a59963f0fac8798a,933,39853,160,42,1518,https://www.youtube.com/watch?v=IIEbQbGIpLg,160,42,1518,https://www.youtube.com/watch?v=IIEbQbGIpLg,0,0,0,,0,0,0,0,
6c5d547cdebf4daf813ac8b66c9fb873,932,43828,748,663,6083,https://www.youtube.com/watch?v=HFxBwjwixUQ,0,0,0,,748,663,6083,https://www.youtube.com/watch?v=HFxBwjwixUQ,0,0,0,0,
ecbe9a46c7ec4f3d8fe217012c39d490,932,410587,0,0,0,,0,0,0,,0,0,0,,0,0,0,0,
899e5f40cf7f49a8808969866758779e,930,51885,336,245,512,https://www.youtube.com/watch?v=Qjjmq3-IB4w,312,227,512,https://www.youtube.com/watch?v=Qjjmq3-IB4w,474,312,474,https://www.youtube.com/watch?v=khPWTpJcuRc,276,76,66,114,https://www.twitch.tv/videos/2873756437
dc9cd2bc942d427d8cc73370d1194f9e,929,109751,230,79,1435,https://www.youtube.com/watch?v=J7gDyN-qIAc,147,52,489,https://www.youtube.com/watch?v=LRm4d4t1yck,1137,419,1435,https://www.youtube.com/watch?v=J7gDyN-qIAc,0,0,0,0,
d8b0b4e36c614d328620461a295572a1,925,54372,110,20,802,https://www.youtube.com/watch?v=KsszOkFqC4o,110,20,802,https://www.youtube.com/watch?v=KsszOkFqC4o,0,0,0,,147,0,0,0,
a2ee4a74f9ca40f5b6218de51736b9c8,925,55757,104,99,982,https://www.youtube.com/watch?v=73njQZImkKE,104,99,982,https://www.youtube.com/watch?v=73njQZImkKE,0,0,0,,0,0,0,0,
7aeffe1ba0c443d5aa4721247b801593,924,125896,0,0,0,,0,0,0,,0,0,0,,0,0,0,0,
44332b31031149f5bd411f415cbb531e,923,26193,0,0,0,,0,0,0,,0,0,0,,216,0,0,0,
29e2c3ae8e4d48f29fb3b89c463abb1c,920,80957,1421,929,1726,https://www.youtube.com/watch?v=Je_CRojjtRA,0,0,0,,1421,929,1726,https://www.youtube.com/watch?v=Je_CRojjtRA,2977,248,108,471,https://www.twitch.tv/videos/2849564205
4dcc1a1d70224d95b48a64543a38e10d,915,77260,125,74,176,https://www.youtube.com/watch?v=2ndfjsjeMK8,125,74,176,https://www.youtube.com/watch?v=2ndfjsjeMK8,0,0,0,,106,43,31,57,https://www.twitch.tv/videos/2864072051
7f43dbf571c44e04a7a471b9e7296a8a,915,38811,0,0,0,,0,0,0,,0,0,0,,0,0,0,0,
743ceb55869042b9bee1f48fe0be13fb,914,33543,0,0,0,,0,0,0,,0,0,0,,1498,0,0,0,
b93b5ffedc3f4310af888462d65e4082,910,46728,0,0,0,,0,0,0,,0,0,0,,207,0,0,0,
58374cba861d4267a84ad689bb6ce91a,909,42285,57,31,87,https://www.youtube.com/watch?v=5XGM9aneb_s,59,32,87,https://www.youtube.com/watch?v=5XGM9aneb_s,16,9,20,https://www.youtube.com/watch?v=pzqvsCrZaLc,0,0,0,0,
b9b727200b664a98bc1a8fd76d3cdb9c,903,23040,0,0,0,,0,0,0,,0,0,0,,0,0,0,0,
5c5880d994854afbbea0a35716bce186,903,31721,39,12,67,https://www.youtube.com/watch?v=YbcCM5Pwnn4,39,12,67,https://www.youtube.com/watch?v=YbcCM5Pwnn4,0,0,0,,2010,0,0,0,
8e2559d9a7714ecd9cb0448b4d28f8d2,902,26242,0,0,0,,0,0,0,,0,0,0,,4966,142,30,264,https://www.twitch.tv/videos/2854077811
d3ac18bfe0984394a6fe19319a36b412,900,65738,0,0,0,,0,0,0,,0,0,0,,0,0,0,0,
29d8d144d6a24ff28476d25306286836,899,146224,0,0,0,,0,0,0,,0,0,0,,2187,863,679,9723,https://www.twitch.tv/videos/2863754860
9fb9fe13bf124da3a1affb24c5bba5e2,898,29956,0,0,0,,0,0,0,,0,0,0,,0,0,0,0,
8c0ff863d66348898311ee83d16257b5,897,29550,23,11,23,https://www.youtube.com/watch?v=Gr4Ik0YXHf8,23,11,23,https://www.youtube.com/watch?v=Gr4Ik0YXHf8,0,0,0,,206,0,0,0,
6c3eeb48b7764f11804ff8110d5d990b,893,99338,0,0,0,,0,0,0,,0,0,0,,0,0,0,0,
607a7be9721741c48e2901609c294ada,891,0,0,0,0,,0,0,0,,0,0,0,,1498,0,0,0,
a26891359b444900956f04bc1b8f5faa,885,30674,213,126,902,https://www.youtube.com/watch?v=Fwme0QLSIho,213,126,902,https://www.youtube.com/watch?v=Fwme0QLSIho,0,0,0,,306,72,53,102,https://www.twitch.tv/videos/2864085708
f461b26ba47b4e37a90d2ca4fa5fa329,883,26057,0,0,0,,0,0,0,,0,0,0,,0,0,0,0,
521477be11a44c43b063b394757b2342,882,57385,85,66,185,https://www.youtube.com/watch?v=YEm8FWEHEuI,85,66,185,https://www.youtube.com/watch?v=YEm8FWEHEuI,0,0,0,,0,0,0,0,
9ed7a28dd35e4e1c9400af811f6a284c,881,17114,0,0,0,,0,0,0,,0,0,0,,838,0,0,0,
4bc6acb333e44156a9caab3234fa11f5,880,57135,324,141,1172,https://www.youtube.com/watch?v=V4fQaQgQ6ho,267,200,1156,https://www.youtube.com/watch?v=4ZnOKgdP5As,372,121,1172,https://www.youtube.com/watch?v=V4fQaQgQ6ho,0,0,0,0,
f5260b1a196a43f8b4aff1cc742a67f4,880,59628,526,239,2173,https://www.youtube.com/watch?v=AriV5VNgwkY,513,195,959,https://www.youtube.com/watch?v=G1rt4tkl4P0,708,520,2173,https://www.youtube.com/watch?v=AriV5VNgwkY,207,39,31,56,https://www.twitch.tv/videos/2871185660
f7c5ff874d1d4528a36c0a54d27017a3,879,79569,343,194,1453,https://www.youtube.com/watch?v=ZSfd4UKus8Q,343,194,1453,https://www.youtube.com/watch?v=ZSfd4UKus8Q,0,0,0,,0,0,0,0,
ab24c13e4bff4ff8909a7650260f8b19,879,45575,245,106,753,https://www.youtube.com/watch?v=EK9nyPRgNc4,267,124,753,https://www.youtube.com/watch?v=EK9nyPRgNc4,188,95,224,https://www.youtube.com/watch?v=EHOidTQLF0s,0,0,0,0,
490d50310ffe4de4aac9c6368b49a0aa,878,37105,14,8,64,https://www.youtube.com/watch?v=_3UW0h4f-1s,0,0,0,,14,8,64,https://www.youtube.com/watch?v=_3UW0h4f-1s,0,0,0,0,
fcf611e0ddc5474b9836eb8aa2fe1d24,877,83453,152,65,662,https://www.youtube.com/watch?v=Uzs04FdJ9F8,154,67,662,https://www.youtube.com/watch?v=Uzs04FdJ9F8,56,12,56,https://www.youtube.com/watch?v=9HAtQ7qfOEI,0,0,0,0,
4f20e15637644c409c850ced48bb33dd,876,49626,330,250,1131,https://www.youtube.com/watch?v=MimVSgSTDyU,305,226,1058,https://www.youtube.com/watch?v=2Nj7pXmow8g,1131,300,1131,https://www.youtube.com/watch?v=MimVSgSTDyU,0,0,0,0,
405cf0a502a6496bacfe7e49647e7e28,874,47456,143,36,318,https://www.youtube.com/watch?v=fQAzFzFWOOE,147,38,318,https://www.youtube.com/watch?v=fQAzFzFWOOE,5,0,5,https://www.youtube.com/watch?v=s8UrRPMIZ3g,2368,359,291,631,https://www.twitch.tv/videos/2872739006
8774553046cb47a9b5165c15feb01e84,870,36441,356,120,1154,https://www.youtube.com/watch?v=dWHJTL0IpyI,210,63,356,https://www.youtube.com/watch?v=62IwTn4Zi_U,1154,1081,1154,https://www.youtube.com/watch?v=dWHJTL0IpyI,834,264,235,326,https://www.twitch.tv/videos/2868460391
e099cf09b8674b988f17828aab2f7d86,869,24734,1333,754,1333,https://www.youtube.com/watch?v=cwjwK1iZzrs,0,0,0,,1333,754,1333,https://www.youtube.com/watch?v=cwjwK1iZzrs,719,120,107,229,https://www.twitch.tv/videos/2869356437
45e104a6eabe4967a6cb84e720dd8e74,868,42583,5,0,5,https://www.youtube.com/watch?v=PJHQ9hQXB2M,0,0,0,,5,0,5,https://www.youtube.com/watch?v=PJHQ9hQXB2M,1918,314,31,314,https://www.twitch.tv/videos/2851401318
f9247dd02dd24e209eba623edcd8354b,867,57094,0,0,0,,0,0,0,,0,0,0,,522,0,0,0,
61c75f9fbf044b54872197eec7c9bafa,866,293963,380,121,1209,https://www.youtube.com/watch?v=KuGrVRv-QnQ,154,63,329,https://www.youtube.com/watch?v=_JlTUAov7WI,518,379,1209,https://www.youtube.com/watch?v=KuGrVRv-QnQ,0,0,0,0,
b3fb28fe6a0e4fcfb8014e7a4070ca09,866,57821,147,112,260,https://www.youtube.com/watch?v=EqzcgbbqpUs,147,112,260,https://www.youtube.com/watch?v=EqzcgbbqpUs,0,0,0,,0,0,0,0,
9124a5ccacc44fb68b5b1d5697e3fb90,864,24407,132,70,599,https://www.youtube.com/watch?v=gwDH4R426tg,128,73,599,https://www.youtube.com/watch?v=gwDH4R426tg,158,63,178,https://www.youtube.com/watch?v=5Yt4J-87SG8,0,0,0,0,
c22cb6790eaf4fcc8ac47633e0ab6c49,860,38769,322,124,810,https://www.youtube.com/watch?v=bkxMeCh_-R8,334,143,810,https://www.youtube.com/watch?v=bkxMeCh_-R8,300,101,516,https://www.youtube.com/watch?v=roiyiUa3ikg,349,63,53,76,https://www.twitch.tv/videos/2873985420
3a30426a65fe450bbef138fd8ba35f1e,859,79875,264,111,2619,https://www.youtube.com/watch?v=KZMSOoiKJLE,264,111,2619,https://www.youtube.com/watch?v=KZMSOoiKJLE,0,0,0,,0,0,0,0,
a1c3335026d44b99b9abb8c6aaba3968,859,21002,0,0,0,,0,0,0,,0,0,0,,627,0,0,0,
415ca337b1104450acbed1eb046c0a58,859,88741,19,9,21,https://www.youtube.com/watch?v=pFKvd5UvCeg,19,9,21,https://www.youtube.com/watch?v=pFKvd5UvCeg,0,0,0,,270,0,0,0,
f5a37da60cb74069a7dc13867404521f,858,71552,1053,275,1402,https://www.youtube.com/watch?v=w-SnofRsxbg,0,0,0,,1053,275,1402,https://www.youtube.com/watch?v=w-SnofRsxbg,0,0,0,0,
7b3809e085754d52aee99d1fcc980eaf,857,40600,239,52,239,https://www.youtube.com/watch?v=GUFRIJC_YR4,239,52,239,https://www.youtube.com/watch?v=GUFRIJC_YR4,0,0,0,,0,0,0,0,
728094029eab434ca60a99e4d1a139c7,856,127658,225,108,397,https://www.youtube.com/watch?v=fYiKR8iQ-yg,233,109,397,https://www.youtube.com/watch?v=fYiKR8iQ-yg,79,26,79,https://www.youtube.com/watch?v=RpzZ_NFI7lI,5,0,0,0,
5862e8e7c5fd4261af093cec20b40300,852,39422,0,0,0,,0,0,0,,0,0,0,,0,0,0,0,
7a0c5fe0fe2f4427afe500c85ec958cb,850,46852,0,0,0,,0,0,0,,0,0,0,,0,0,0,0,
e80414fcc37b4d818ccf9dddb23cb452,848,17440,0,0,0,,0,0,0,,0,0,0,,4348,1122,514,2133,https://www.twitch.tv/videos/2872027655
87e1b5eec62040118b6bd49efbe5d61c,847,74062,158,76,620,https://www.youtube.com/watch?v=NyTiX7N6ZT4,136,47,461,https://www.youtube.com/watch?v=5eWGFH6UIW0,212,87,620,https://www.youtube.com/watch?v=NyTiX7N6ZT4,448,119,83,170,https://www.twitch.tv/videos/2863227962
3f3abaed158f420e84f9d1d5f4492b1d,847,66320,92,31,273,https://www.youtube.com/watch?v=wBCtY7F5D6g,92,31,273,https://www.youtube.com/watch?v=wBCtY7F5D6g,0,0,0,,677,31,24,48,https://www.twitch.tv/videos/2868605595
370f66a57c0341b0adef5bcbad64ff90,846,48099,26,17,75,https://www.youtube.com/watch?v=57sdml1kePw,0,0,0,,26,17,75,https://www.youtube.com/watch?v=57sdml1kePw,0,0,0,0,
aef2ed42d49343f28394b6335695b5ac,846,448222,3,1,7,https://www.youtube.com/watch?v=Mdqii-zxRIs,0,0,0,,3,1,7,https://www.youtube.com/watch?v=Mdqii-zxRIs,3069,106,79,328,https://www.twitch.tv/videos/2866382077
f36c774fbf4847e1afdf66a1e4806ea3,845,20731,0,0,0,,0,0,0,,0,0,0,,2596,226,184,243,https://www.twitch.tv/videos/2871981607
9cfe61128e134f8dad9bb6ebf568cd71,845,20441,7,2,19,https://www.youtube.com/watch?v=W3G60gBZTfo,0,0,0,,7,2,19,https://www.youtube.com/watch?v=W3G60gBZTfo,1290,114,83,159,https://www.twitch.tv/videos/2863990458
27b10e5896e34e8d841f1605792b96c9,844,41702,0,0,0,,0,0,0,,0,0,0,,450,0,0,0,
66ab3e28c90a428bb98100cd9119a4e9,843,37642,159,91,1201,https://www.youtube.com/watch?v=JIDKqGdPMV8,159,91,1201,https://www.youtube.com/watch?v=JIDKqGdPMV8,0,0,0,,0,0,0,0,
3e4c23394dde46f58f89cba536b208d5,839,25632,185,82,529,https://www.youtube.com/watch?v=DiQ9IvGjZnM,185,82,529,https://www.youtube.com/watch?v=DiQ9IvGjZnM,0,0,0,,0,0,0,0,
d44dc8542b4f4dacab8f54b7e3483728,835,42923,1347,1029,1347,https://www.youtube.com/watch?v=JI8tUBxvKuw,0,0,0,,1347,1029,1347,https://www.youtube.com/watch?v=JI8tUBxvKuw,0,0,0,0,
23dda65e497d4888b87db304533b8138,834,14157,0,0,0,,0,0,0,,0,0,0,,5517,753,343,2181,https://www.twitch.tv/videos/2858899388
a753be70dd194989835b604e4b249363,834,31189,0,0,0,,0,0,0,,0,0,0,,653,0,0,0,
399a496d028447a58924b2660d0fc187,833,204,0,0,0,,0,0,0,,0,0,0,,0,0,0,0,
943a063e5df041a08d7a304517e3b420,830,61299,1104,414,7262,https://www.youtube.com/watch?v=xMnkQv95dS0,450,257,2293,https://www.youtube.com/watch?v=IORc7ivwRFY,1614,511,7262,https://www.youtube.com/watch?v=xMnkQv95dS0,155,165,120,227,https://www.twitch.tv/videos/2869416406
77f4700c452c4200a4e62effa2884b4a,825,33421,0,0,0,,0,0,0,,0,0,0,,706,0,0,0,
6f0d9d64bb6a4a81af1e84a72d30f5b8,823,60441,258,158,1932,https://www.youtube.com/watch?v=PHx_pniPKPM,254,148,1932,https://www.youtube.com/watch?v=PHx_pniPKPM,733,489,733,https://www.youtube.com/watch?v=St_F_tYs1SM,161,0,0,0,
2a2b7990365f4a1bb1d8acf1ae0f2f32,821,310543,118,46,496,https://www.youtube.com/watch?v=MxYpnNAOy9o,118,62,496,https://www.youtube.com/watch?v=MxYpnNAOy9o,84,15,157,https://www.youtube.com/watch?v=TCpUJPCV2Yo,151,8,6,12,https://www.twitch.tv/videos/2873135660
3353f8693d7b4caa82abeb2de3d89815,821,32411,75,25,613,https://www.youtube.com/watch?v=M_ll9tGlb_w,75,25,613,https://www.youtube.com/watch?v=M_ll9tGlb_w,0,0,0,,2271,290,113,80663,https://www.twitch.tv/videos/2865917849
6d144d78d2284fbcafa2428a5d132733,820,26996,0,0,0,,0,0,0,,0,0,0,,705,0,0,0,
cf38ee666e104dce949c195f5ac58da2,816,331435,247,125,388,https://www.youtube.com/watch?v=xUTir4BqvU8,247,125,388,https://www.youtube.com/watch?v=xUTir4BqvU8,0,0,0,,0,0,0,0,
23354f18e2a94c9187fd0560fd874eeb,815,28151,0,0,0,,0,0,0,,0,0,0,,1686,115,91,132,https://www.twitch.tv/videos/2868589024
0aa8c41f04bf4f12b9a8281353ea448a,815,36072,0,0,0,,0,0,0,,0,0,0,,4744,0,0,0,
5f6dcf3b9b71405498aa07a2b80cb5ec,814,140061,184,28,184,https://www.youtube.com/watch?v=sJE63oDSwfc,0,0,0,,184,28,184,https://www.youtube.com/watch?v=sJE63oDSwfc,1319,123,82,233,https://www.twitch.tv/videos/2873225965
686fa700c1ee4d179ed277d5b101f8a4,813,27855,0,0,0,,0,0,0,,0,0,0,,0,0,0,0,
a0dbf7095446402ea77b11d8cced5a4b,811,48004,0,0,0,,0,0,0,,0,0,0,,0,0,0,0,
c639c0dba4504221bfec50cf787f395d,810,27526,0,0,0,,0,0,0,,0,0,0,,1166,106,60,110,https://www.twitch.tv/videos/2854317067
0a55a882e4ae4a1e9c1e77ea001aa91b,806,105058,0,0,0,,0,0,0,,0,0,0,,1491,107,71,181,https://www.twitch.tv/videos/2866291841
8a19d25c92fe4b3194f1211d503d6d4d,804,74870,0,0,0,,0,0,0,,0,0,0,,0,0,0,0,
5896bb30994d4416ad7e252642135194,800,69266,84,7,129,https://www.youtube.com/watch?v=pgafGN1dEwU,85,11,129,https://www.youtube.com/watch?v=pgafGN1dEwU,70,2,70,https://www.youtube.com/watch?v=7jJPHbBrsxQ,0,0,0,0,
30bc516401f24514aaecce081979ab50,799,14560,0,0,0,,0,0,0,,0,0,0,,0,0,0,0,
80ae039e7c3e4e90b6b3994ead599307,799,57972,0,0,0,,0,0,0,,0,0,0,,0,0,0,0,
c2b2f9bf0228445289b8791110b340ec,796,366394,134,99,134,https://www.youtube.com/watch?v=Nigbh5-Ypco,0,0,0,,134,99,134,https://www.youtube.com/watch?v=Nigbh5-Ypco,98,0,0,0,
13a3d049cda44b9e8da24006e642dd78,795,24951,0,0,0,,0,0,0,,0,0,0,,2761,0,0,0,
29a3d514ca274f6fb966f9d70bed4b52,795,77797,0,0,0,,0,0,0,,0,0,0,,840,174,115,217,https://www.twitch.tv/videos/2871900387
2971554445614cfaaccddd9cde93c599,794,24237,292,162,542,https://www.youtube.com/watch?v=r3YXbRPUWs0,0,0,0,,292,162,542,https://www.youtube.com/watch?v=r3YXbRPUWs0,1182,136,104,194,https://www.twitch.tv/videos/2870121041
e888326df83d41f680960f24bb55c670,794,16310,0,0,0,,0,0,0,,0,0,0,,0,0,0,0,
5cdecbd7413e4c9e9cb56373a186ccec,794,20133,290,164,290,https://www.youtube.com/watch?v=ZtCm4VA9aaA,0,0,0,,290,164,290,https://www.youtube.com/watch?v=ZtCm4VA9aaA,476,103,65,159,https://www.twitch.tv/videos/2868624803
60da3bb357d64f998006b8ca3043fd00,791,37314,338,271,888,https://www.youtube.com/watch?v=7PTRcWrfMD0,338,271,888,https://www.youtube.com/watch?v=7PTRcWrfMD0,0,0,0,,0,0,0,0,
40bb881e52be4d8b9c66a60be89e0504,789,54339,103,27,214,https://www.youtube.com/watch?v=xWkKVjeX6eU,103,27,214,https://www.youtube.com/watch?v=xWkKVjeX6eU,0,0,0,,0,0,0,0,
6ac39c9c814e4dfe9c2294345a2a3e9c,788,63756,255,204,1358,https://www.youtube.com/watch?v=mYm442sO990,254,164,1358,https://www.youtube.com/watch?v=mYm442sO990,1332,601,1348,https://www.youtube.com/watch?v=fQupyNJzzDw,1523,0,0,0,
943129b96d2341bcb7b25a66c9da2354,787,33792,0,0,0,,0,0,0,,0,0,0,,16539,926,448,1277,https://www.twitch.tv/videos/2855173746
3034b51ec8ad439fa7033773a72a5c4a,786,0,0,0,0,,0,0,0,,0,0,0,,3269,0,0,0,
1594067d444e4a53abb95bc1aa40e6db,786,26112,0,0,0,,0,0,0,,0,0,0,,500,33,24,49,https://www.twitch.tv/videos/2869502498
c3e1a96f96334696af38e93fa8178085,784,46762,0,0,0,,0,0,0,,0,0,0,,1265,0,0,0,
f0afa83a8d2d4cc6bb9eb80655bbe40d,781,12754,0,0,0,,0,0,0,,0,0,0,,0,0,0,0,
5298121274154e4b9154e8ac47d98beb,778,54835,133,58,1274,https://www.youtube.com/watch?v=RqSUwXtqh9M,110,52,172,https://www.youtube.com/watch?v=HfiWun20Rnw,288,115,1274,https://www.youtube.com/watch?v=RqSUwXtqh9M,0,0,0,0,
968f0b8c521942d6939234c70f49747a,777,24044,304,302,304,https://www.youtube.com/watch?v=mJrs4uCmlYs,0,0,0,,304,302,304,https://www.youtube.com/watch?v=mJrs4uCmlYs,1949,107,82,107,https://www.twitch.tv/videos/2872910337
1a39f2817a8d4b2d941677c2a07e896a,776,98731,148,105,603,https://www.youtube.com/watch?v=4MFZ5UO_IYE,148,105,603,https://www.youtube.com/watch?v=4MFZ5UO_IYE,0,0,0,,0,0,0,0,
7342482fda6d40f98e078505a24825d4,776,41341,217,88,217,https://www.youtube.com/watch?v=Mnu5CzIRDt0,217,88,217,https://www.youtube.com/watch?v=Mnu5CzIRDt0,0,0,0,,0,0,0,0,
17946118c2d641819c847aba0c491e13,771,5577,0,0,0,,0,0,0,,0,0,0,,5615,2871,1911,3153,https://www.twitch.tv/videos/2865939722
e83a22c584774763a3b91d557141604d,770,10127,0,0,0,,0,0,0,,0,0,0,,2055,0,0,0,
1d1e155c827e4ed2a0596c256983c22d,768,4422,0,0,0,,0,0,0,,0,0,0,,2392,0,0,0,
8f4142c5ead94656b4744b425d800fb8,766,117421,144,76,1321,https://www.youtube.com/watch?v=3MQyX4EhKPo,144,76,1321,https://www.youtube.com/watch?v=3MQyX4EhKPo,0,0,0,,0,0,0,0,
7b00dfda406f484eaf75107c186abe33,766,76191,354,176,2296,https://www.youtube.com/watch?v=LJitDWQcl4E,206,95,793,https://www.youtube.com/watch?v=LfgWP-MBoV4,1502,527,2296,https://www.youtube.com/watch?v=LJitDWQcl4E,0,0,0,0,
8c59e356f1564e068e1c81ac7de1a4e3,766,34755,214,194,214,https://www.youtube.com/watch?v=fHwnxgEQhTQ,214,194,214,https://www.youtube.com/watch?v=fHwnxgEQhTQ,0,0,0,,0,0,0,0,
0591345aa6634a73ac41f08af6d4e06e,764,38973,92,42,144,https://www.youtube.com/watch?v=_LUjwNOt5Bw,92,42,144,https://www.youtube.com/watch?v=_LUjwNOt5Bw,0,0,0,,0,0,0,0,
de6ab52e6aca42d2ab88274244e772fc,763,26071,0,0,0,,0,0,0,,0,0,0,,0,0,0,0,
a22035a68721415e830d1d7b8ffd172d,762,11509,0,0,0,,0,0,0,,0,0,0,,1825,0,0,0,
3a932cc8813343b6bb5d822cb2f53558,760,42441,0,0,0,,0,0,0,,0,0,0,,3225,171,135,171,https://www.twitch.tv/videos/2870218128
acc6cc72bdb74a74a719cc41baf0aade,758,30453,82,11,198,https://www.youtube.com/watch?v=D1PyTZ7ZZJk,83,38,198,https://www.youtube.com/watch?v=D1PyTZ7ZZJk,13,0,13,https://www.youtube.com/watch?v=YN5IHKqqCVo,0,0,0,0,
7531ceacd52e43b4a29ba4dc18a3f56c,758,43993,366,255,450,https://www.youtube.com/watch?v=SN6HzhyQYT8,0,0,0,,366,255,450,https://www.youtube.com/watch?v=SN6HzhyQYT8,1945,144,62,414,https://www.twitch.tv/videos/2871933997
3204abe8247b45f08481bef65884ebc3,758,2991,0,0,0,,0,0,0,,0,0,0,,1349,39,25,39,https://www.twitch.tv/videos/2866685735
945e26a69e2145219406bf2ca0d59554,757,21558,0,0,0,,0,0,0,,0,0,0,,735,61,54,61,https://www.twitch.tv/videos/2873028553
fb72bfcead034da2abef22637e7b2b3c,756,46890,0,0,0,,0,0,0,,0,0,0,,1531,69,57,107,https://www.twitch.tv/videos/2863262286
9539cc114b7648efb72bafc3a7358ae6,751,0,0,0,0,,0,0,0,,0,0,0,,1919,0,0,0,
a666cf6707d14cdbbe6581a8964aabd0,746,21452,0,0,0,,0,0,0,,0,0,0,,865,0,0,0,
68f424a416ad426faa8b01b78f47b3e3,744,0,0,0,0,,0,0,0,,0,0,0,,0,0,0,0,
00de1290ff0a4edda4db0385a6ba3300,743,15933,476,15,476,https://www.youtube.com/watch?v=VylR-p1aizo,0,0,0,,476,15,476,https://www.youtube.com/watch?v=VylR-p1aizo,1847,188,115,239,https://www.twitch.tv/videos/2866829633
2103bcf7923d4f74b2d043bffef71cc1,742,34461,0,0,0,,0,0,0,,0,0,0,,0,0,0,0,
dfc411c6b5d24d97b944f527ddfd2f0b,742,41568,151,85,331,https://www.youtube.com/watch?v=A0gSvJdAdoc,172,102,331,https://www.youtube.com/watch?v=A0gSvJdAdoc,98,60,140,https://www.youtube.com/watch?v=nBM31u3keQc,0,0,0,0,
c26ea894da5741df9e1bc62044f6bce7,741,0,0,0,0,,0,0,0,,0,0,0,,263,0,0,0,
2ccdc43de33c478192767afae6309f06,740,85456,99,55,2501,https://www.youtube.com/watch?v=XhkwO_iaS5I,238,72,2501,https://www.youtube.com/watch?v=XhkwO_iaS5I,35,7,246,https://www.youtube.com/watch?v=aLVSQvoJH5U,357,107,76,256,https://www.twitch.tv/videos/2873987422
7a570b5273ae4e359a6491aba1313011,740,34143,469,148,1902,https://www.youtube.com/watch?v=de7WPnLh14Y,102,101,102,https://www.youtube.com/watch?v=k8YA5uN-o7s,561,186,1902,https://www.youtube.com/watch?v=de7WPnLh14Y,4477,343,152,4504,https://www.twitch.tv/videos/2848736198
433b2802b62441a39c721400926d59eb,739,59466,135,74,1333,https://www.youtube.com/watch?v=yyBzzyhT97Y,169,111,1141,https://www.youtube.com/watch?v=pWGCEfJWmxk,51,35,1333,https://www.youtube.com/watch?v=yyBzzyhT97Y,0,0,0,0,
a2f9fd3568f3467aa35e411dbde1ab45,739,42636,37,11,38,https://www.youtube.com/watch?v=8kY1RjyTYpI,0,0,0,,37,11,38,https://www.youtube.com/watch?v=8kY1RjyTYpI,0,0,0,0,
e5eb10612f5c4b069928fc1a71ad8e7d,739,96401,145,89,1432,https://www.youtube.com/watch?v=5e2BQRsyxHE,112,67,415,https://www.youtube.com/watch?v=Fh4OhowP7n8,1091,620,1432,https://www.youtube.com/watch?v=5e2BQRsyxHE,0,0,0,0,
ab7fb3b59bef4d869388be703ffa8c01,737,12481,0,0,0,,0,0,0,,0,0,0,,0,0,0,0,
c6286d22a9344325bb1609918d442b93,736,74851,715,74,1411,https://www.youtube.com/watch?v=WK3oAR-3fBE,72,13,72,https://www.youtube.com/watch?v=3MA0Wt4rt10,1193,119,1411,https://www.youtube.com/watch?v=WK3oAR-3fBE,77,0,0,0,
0f97f20ec79649e687590a4dc7328a21,734,19716,0,0,0,,0,0,0,,0,0,0,,349,0,0,0,
eef7776c596141afb7efb9c1790bcb64,733,34637,0,0,0,,0,0,0,,0,0,0,,1518,0,0,0,
f1bcb26adebc4b95abd8fb779dfc4f6f,733,40572,320,257,1160,https://www.youtube.com/watch?v=-ubWIWHwt3A,320,257,1160,https://www.youtube.com/watch?v=-ubWIWHwt3A,0,0,0,,0,0,0,0,
5ee9f1126dcf463e8d6afc8ef113d084,733,22944,97,57,97,https://www.youtube.com/watch?v=7Cw7a-bNwv0,97,57,97,https://www.youtube.com/watch?v=7Cw7a-bNwv0,0,0,0,,0,0,0,0,
b96e4730713c48899004d4af5975fe21,733,5168,0,0,0,,0,0,0,,0,0,0,,244,0,0,0,
a1880ae475fe44fc92760277c3f850ed,732,6511,0,0,0,,0,0,0,,0,0,0,,584,0,0,0,
2608bc34d1f8497da55ab0cf4d0d7f0e,730,16242,17,2,17,https://www.youtube.com/watch?v=G770dbLv5kY,0,0,0,,17,2,17,https://www.youtube.com/watch?v=G770dbLv5kY,3305,367,166,706,https://www.twitch.tv/videos/2858385256
4d4db7afb4b84af7b4d54889a5f93947,729,22368,0,0,0,,0,0,0,,0,0,0,,0,0,0,0,
28e5717b1964475ca59ce02d81cb2796,726,14748,0,0,0,,0,0,0,,0,0,0,,3759,844,488,131840,https://www.twitch.tv/videos/2852834160
fcf160e0e39147b4b4037d1e4d18f076,725,84016,135,61,1237,https://www.youtube.com/watch?v=QmkYHVjQkQo,124,61,791,https://www.youtube.com/watch?v=r4OJGIAqfRY,684,476,1237,https://www.youtube.com/watch?v=QmkYHVjQkQo,0,0,0,0,
004e635d5d494045a810b2d026e769c7,722,75671,266,99,1159,https://www.youtube.com/watch?v=BfKomkHVfx0,231,86,656,https://www.youtube.com/watch?v=v2adPFvdi58,746,222,1159,https://www.youtube.com/watch?v=BfKomkHVfx0,0,0,0,0,
bff3b878d9864ff893bd79d1f2a7a849,721,49453,72,29,324,https://www.youtube.com/watch?v=GYrZFw0tq9w,72,29,324,https://www.youtube.com/watch?v=GYrZFw0tq9w,0,0,0,,135,0,0,0,
21507f58118d406b87fd42a39c87855a,720,25476,137,102,725,https://www.youtube.com/watch?v=4jwYlXPIInc,137,102,725,https://www.youtube.com/watch?v=4jwYlXPIInc,0,0,0,,0,0,0,0,
26b00f5ff5bf4b5a8dcb6c5c34e1b4f6,720,5449,0,0,0,,0,0,0,,0,0,0,,6540,1326,687,6785,https://www.twitch.tv/videos/2872112749
424043d4c55449cd9317bc0923c13299,719,274767,121,38,1114,https://www.youtube.com/watch?v=3VOiStQQXyI,121,38,1114,https://www.youtube.com/watch?v=3VOiStQQXyI,0,0,0,,309,0,0,0,
082df6a588424bc9aaa378c53b34315c,719,17145,0,0,0,,0,0,0,,0,0,0,,186,31,24,33,https://www.twitch.tv/videos/2873945372
da2113ffb3d74a6394685e68feaa7b60,719,190375,346,139,1011,https://www.youtube.com/watch?v=5G2D8al2DAg,28,18,164,https://www.youtube.com/watch?v=99Zk4HWIEmw,354,151,1011,https://www.youtube.com/watch?v=5G2D8al2DAg,0,0,0,0,
9b64082043fc451f9dd5edc793fa8605,715,9037,6,2,9,https://www.youtube.com/watch?v=kHDw9VFmmfs,0,0,0,,6,2,9,https://www.youtube.com/watch?v=kHDw9VFmmfs,1150,198,161,198,https://www.twitch.tv/videos/2870716378
b3628981441b4b1aa2a3c91af81c7084,713,4313,0,0,0,,0,0,0,,0,0,0,,0,0,0,0,
c72045d5b8714411af64d5c9d29cea97,711,29174,265,129,265,https://www.youtube.com/watch?v=DZr-SU_hozk,265,129,265,https://www.youtube.com/watch?v=DZr-SU_hozk,0,0,0,,0,0,0,0,
6e3eb55128024fcca66d26ce1eb53802,711,18743,0,0,0,,0,0,0,,0,0,0,,575,178,144,271,https://www.twitch.tv/videos/2867789109
bb775b8f85574398af290f5be009d40e,710,955,0,0,0,,0,0,0,,0,0,0,,0,0,0,0,
40a4357f990e4fd8ad2ac18c26603925,710,18909,53,28,160,https://www.youtube.com/watch?v=eGfaQ1BnHLQ,118,46,160,https://www.youtube.com/watch?v=eGfaQ1BnHLQ,19,15,53,https://www.youtube.com/watch?v=mDpA6Yv8hug,1682,52,50,320,https://www.twitch.tv/videos/2872159438
0800162a149e420ea0386c9506e710b7,710,29883,0,0,0,,0,0,0,,0,0,0,,0,0,0,0,
667d1f10770d4512a5350b74bcb3efc0,710,29963,103,40,223,https://www.youtube.com/watch?v=Z-vjSIA_Xlk,103,40,223,https://www.youtube.com/watch?v=Z-vjSIA_Xlk,0,0,0,,0,0,0,0,
7c6c40e2c7b64a6997fb2173f446860f,706,51087,113,46,965,https://www.youtube.com/watch?v=VKWsHhADIvQ,98,46,219,https://www.youtube.com/watch?v=OhEqx0IIsZo,623,333,965,https://www.youtube.com/watch?v=VKWsHhADIvQ,39,0,0,0,
8bd1aad0ee834101b6042c08495a31be,706,17186,0,0,0,,0,0,0,,0,0,0,,247,22,11,27,https://www.twitch.tv/videos/2865920969
49d38057272d4c4992cdbcb792c94d00,705,31138,186,147,851,https://www.youtube.com/watch?v=iNrDloWTaP8,186,147,851,https://www.youtube.com/watch?v=iNrDloWTaP8,0,0,0,,349,125,76,318,https://www.twitch.tv/videos/2857460554
d460f1ea172d49f9a23f3277a391ce30,703,5899,0,0,0,,0,0,0,,0,0,0,,531,0,0,0,
a4e31a26718d42d692f6613fafb810f5,702,18019,0,0,0,,0,0,0,,0,0,0,,0,0,0,0,
87e486b2a37549cbaccc95bbf7d3f253,701,49825,65,35,281,https://www.youtube.com/watch?v=U668cZ09R5I,65,35,281,https://www.youtube.com/watch?v=U668cZ09R5I,0,0,0,,2456,74,58,115,https://www.twitch.tv/videos/2865959283
bd16ea1e11d9475eb53a108ba90ea6a3,701,62536,53,25,131,https://www.youtube.com/watch?v=lrDEBLxjbwY,53,25,131,https://www.youtube.com/watch?v=lrDEBLxjbwY,0,0,0,,0,0,0,0,
8881d23b0a3c426590c8a2509e363ec1,698,87227,0,0,0,,0,0,0,,0,0,0,,2078,116,108,249,https://www.twitch.tv/videos/2863241984
f7185f45c8a44e69bf829405206996b9,696,32862,162,82,162,https://www.youtube.com/watch?v=0HJLBOTQNUc,162,82,162,https://www.youtube.com/watch?v=0HJLBOTQNUc,0,0,0,,55,0,0,0,
23d18a6678794320b2d3f9d468b9b3a4,694,48840,84,42,591,https://www.youtube.com/watch?v=CtlKV3oMKHM,84,42,591,https://www.youtube.com/watch?v=CtlKV3oMKHM,0,0,0,,1326,175,125,764,https://www.twitch.tv/videos/2874371199
2047c8ae25624470b90251b1fd9502d5,691,27941,0,0,0,,0,0,0,,0,0,0,,0,0,0,0,
5d1f5182f62642a8a2e3ae5d3ead1014,690,59083,211,93,592,https://www.youtube.com/watch?v=xYtlhIz-_zk,211,93,592,https://www.youtube.com/watch?v=xYtlhIz-_zk,0,0,0,,0,0,0,0,
91216a87fe704ea9a42d3aabc1683f90,689,5451,967,308,1206,https://www.youtube.com/watch?v=gflpJoecP94,0,0,0,,967,308,1206,https://www.youtube.com/watch?v=gflpJoecP94,60,0,0,0,
a0467c81a3014fbf83029acffe5b1d3f,684,12355,0,0,0,,0,0,0,,0,0,0,,1144,23,14,23,https://www.twitch.tv/videos/2865883620
6142bdfa61cd4f3092263bfe477e8e0b,683,200131,252,87,1366,https://www.youtube.com/watch?v=Y9khKc6NFPA,80,48,1366,https://www.youtube.com/watch?v=Y9khKc6NFPA,401,96,1273,https://www.youtube.com/watch?v=VWeNDn0XNQ4,0,0,0,0,
9bd9d680d6cf48d1a7171430f286fcb1,683,109053,230,123,410,https://www.youtube.com/watch?v=woAgsq7q1rs,100,42,110,https://www.youtube.com/watch?v=pEc3i0AiMgk,263,170,410,https://www.youtube.com/watch?v=woAgsq7q1rs,0,0,0,0,
dd6310e365b74ff69a4250bd4860a50b,683,61378,0,0,0,,0,0,0,,0,0,0,,5212,1079,676,13044,https://www.twitch.tv/videos/2861373262
2ffa876173cb42bc8a1de004fe10e391,683,17237,221,118,513,https://www.youtube.com/watch?v=sdc9es895g8,221,118,513,https://www.youtube.com/watch?v=sdc9es895g8,0,0,0,,0,0,0,0,
c265c71f4d2744919a319f0f38c008f9,682,26705,0,0,0,,0,0,0,,0,0,0,,6173,0,0,0,
3de1f749e7fe4b219a2a10611311297f,681,30619,242,173,1552,https://www.youtube.com/watch?v=WVUUWo_eiAY,187,97,415,https://www.youtube.com/watch?v=KX-yHZNIb3s,1203,456,1552,https://www.youtube.com/watch?v=WVUUWo_eiAY,358,0,0,0,
15ec206bfc374aaaa594bc12e9887a69,681,9451,0,0,0,,0,0,0,,0,0,0,,1639,0,0,0,
903278eb21a342669dc6f7eea7dbe618,680,31438,388,173,1356,https://www.youtube.com/watch?v=kXa8WlSSwN4,388,173,1356,https://www.youtube.com/watch?v=kXa8WlSSwN4,0,0,0,,0,0,0,0,
bedd14283dd34a639c5f77a95856ecad,680,28918,237,157,875,https://www.youtube.com/watch?v=RHpoj5Wvw6I,237,157,875,https://www.youtube.com/watch?v=RHpoj5Wvw6I,0,0,0,,0,0,0,0,
fc6a8de6e0e14e05a11b1d35dfce1d71,678,38175,116,51,205,https://www.youtube.com/watch?v=C0s4SNQx1Q0,128,65,205,https://www.youtube.com/watch?v=C0s4SNQx1Q0,62,51,62,https://www.youtube.com/watch?v=uQPrK-0D0xY,0,0,0,0,
94b3f738cde248e3bf6061f1692d6337,674,168215,0,0,0,,0,0,0,,0,0,0,,0,0,0,0,
5e931b583dfe4fdc98d10e4dceaf2c93,674,28993,77,32,1093,https://www.youtube.com/watch?v=scWJKjP_yGQ,0,0,0,,77,32,1093,https://www.youtube.com/watch?v=scWJKjP_yGQ,1723,709,455,1253,https://www.twitch.tv/videos/2867504312
263db06cfe814d4397e6fc8bc593e70e,674,43066,0,0,0,,0,0,0,,0,0,0,,0,0,0,0,
e44a37ed06c749da9aeea8e16b309a84,672,29005,0,0,0,,0,0,0,,0,0,0,,27,0,0,0,
c03997835cc943fe81a441c571d733d0,672,60226,92,70,205,https://www.youtube.com/watch?v=KIkUQXPTzmY,68,41,174,https://www.youtube.com/watch?v=iwV1IQBdo1E,205,177,205,https://www.youtube.com/watch?v=KIkUQXPTzmY,210,0,0,0,
3e7ef261eb21464eacd7d26a1e6c2fcc,671,37737,137,85,633,https://www.youtube.com/watch?v=6OhupecFhKs,134,87,633,https://www.youtube.com/watch?v=6OhupecFhKs,508,69,508,https://www.youtube.com/watch?v=gG-N4qGjMV0,0,0,0,0,
5bbd1c2531594775a4b74928e630dd59,670,46611,0,0,0,,0,0,0,,0,0,0,,4221,144,77,623,https://www.twitch.tv/videos/2856728504
6159040406fc4e6cb73dbf9734717703,669,99384,0,0,0,,0,0,0,,0,0,0,,2121,0,0,0,
14d68e1fc65f4206b0c45d65970c0215,668,47090,146,92,652,https://www.youtube.com/watch?v=nxeP6XskiL4,146,92,652,https://www.youtube.com/watch?v=nxeP6XskiL4,0,0,0,,0,0,0,0,
cf5fc0cd849841679951b3769979b3a0,666,57399,425,210,1939,https://www.youtube.com/watch?v=ou77505ADQI,425,210,1939,https://www.youtube.com/watch?v=ou77505ADQI,0,0,0,,188,0,0,0,
2fbd2ed36dc7493b8d3e95a19c2c9847,666,57476,157,115,1400,https://www.youtube.com/watch?v=ia8YrAdfIdc,161,118,1400,https://www.youtube.com/watch?v=ia8YrAdfIdc,36,21,36,https://www.youtube.com/watch?v=JwFkpbboRRc,0,0,0,0,
d15b3fadead04e7399faaeb47fdf37f9,664,33917,0,0,0,,0,0,0,,0,0,0,,0,0,0,0,
4b305df8ba4546b48c8ec1cda5efb7e2,663,206123,205,195,205,https://www.youtube.com/watch?v=8qe-izVpBmQ,205,195,205,https://www.youtube.com/watch?v=8qe-izVpBmQ,0,0,0,,0,0,0,0,
b96f58f4373a4b65977afe5f2829e9e4,663,169857,70,35,563,https://www.youtube.com/watch?v=QJereJKP-bI,59,29,563,https://www.youtube.com/watch?v=QJereJKP-bI,111,81,142,https://www.youtube.com/watch?v=LWk8y_i25pA,558,86,65,151,https://www.twitch.tv/videos/2865055627
f3a1ec7e996e4897ba4e34376f7c0be2,662,9829,0,0,0,,0,0,0,,0,0,0,,1057,122,105,122,https://www.twitch.tv/videos/2872078601
7342e2aefa41449880565dfd15a35cad,661,21419,258,203,466,https://www.youtube.com/watch?v=SXPOLvXLaTs,258,203,466,https://www.youtube.com/watch?v=SXPOLvXLaTs,0,0,0,,0,0,0,0,
e7f01ae0c78b4daeaaf8f3fe39946e8d,656,36123,40,23,281,https://www.youtube.com/watch?v=U7tCAZUOqGk,45,23,281,https://www.youtube.com/watch?v=U7tCAZUOqGk,40,12,86,https://www.youtube.com/watch?v=z-IdYV99K7A,0,0,0,0,
948c874aac8c4c7fa088b380e79b2154,654,21099,0,0,0,,0,0,0,,0,0,0,,0,0,0,0,
e911a56d410b4949aee1d3a8dc84f4ad,653,40879,0,0,0,,0,0,0,,0,0,0,,0,0,0,0,
0f11420beab0442eae0208ac63d4474c,652,4324,0,0,0,,0,0,0,,0,0,0,,0,0,0,0,
0ad03ee6159c4d37a4feccbc49ba3dcf,652,66839,61,35,1116,https://www.youtube.com/watch?v=h8ssKSwS3G8,61,35,1116,https://www.youtube.com/watch?v=h8ssKSwS3G8,0,0,0,,170,0,0,0,
031da54f73f94adf8159ef0d3bfeb52b,652,72633,83,37,318,https://www.youtube.com/watch?v=2fmrVfzHV_I,83,37,318,https://www.youtube.com/watch?v=2fmrVfzHV_I,0,0,0,,0,0,0,0,
809ddec4aec2402ea41adeba2f8520ec,651,62081,15,11,40,https://www.youtube.com/watch?v=DQDuErUGv10,0,0,0,,15,11,40,https://www.youtube.com/watch?v=DQDuErUGv10,1350,174,138,393,https://www.twitch.tv/videos/2870893487
12d506583827419e9eb3b64ec551a94d,650,36067,137,30,246,https://www.youtube.com/watch?v=34XyAsyBZuU,137,30,246,https://www.youtube.com/watch?v=34XyAsyBZuU,0,0,0,,23,0,0,0,
3e079110e939428085c1f1040ec756f9,646,9019,0,0,0,,0,0,0,,0,0,0,,0,0,0,0,
677a773535814b5fa2d557da2f80bb89,645,18135,0,0,0,,0,0,0,,0,0,0,,422,0,0,0,
5507154831064d69906acc64c76b1c99,643,17051,164,52,212,https://www.youtube.com/watch?v=4-KWKeYMstg,164,52,212,https://www.youtube.com/watch?v=4-KWKeYMstg,0,0,0,,3263,421,178,900,https://www.twitch.tv/videos/2849656705
2c6b5ad20b4e4bdc85310b791d02b364,643,7526,0,0,0,,0,0,0,,0,0,0,,2309,0,0,0,
7d53d75ac36b4faea2450918f84dada3,642,32131,318,140,1123,https://www.youtube.com/watch?v=--FBwSOYATY,278,180,354,https://www.youtube.com/watch?v=RcaZZGIHAYs,726,80,1123,https://www.youtube.com/watch?v=--FBwSOYATY,0,0,0,0,
adb7f358e8134f30ac0919a74c9d171b,642,14013,1,0,3,https://www.youtube.com/watch?v=sTzIyz_Tbe4,0,0,0,,1,0,3,https://www.youtube.com/watch?v=sTzIyz_Tbe4,2291,215,164,451,https://www.twitch.tv/videos/2868489293
4c127c01ba31487599018fc81ff1a3dd,642,38235,71,48,191,https://www.youtube.com/watch?v=UiuX5Gdw8Fo,71,48,191,https://www.youtube.com/watch?v=UiuX5Gdw8Fo,0,0,0,,0,0,0,0,
54b80ca15e0c40f6abdebd37e0aa4ca1,638,16074,0,0,0,,0,0,0,,0,0,0,,733,142,112,299,https://www.twitch.tv/videos/2866805711
6bb99d03979041aa909d87375acaf92d,636,110215,0,0,0,,0,0,0,,0,0,0,,0,0,0,0,
e55e67f2f7f64a6da7ae604df1652f5e,635,255395,0,0,0,,0,0,0,,0,0,0,,0,0,0,0,
3e6f13f775fa4ef09ff9b26ce062eb52,633,1722,0,0,0,,0,0,0,,0,0,0,,309,0,0,0,
e50da8792cd94b009eaa8dd4be738d59,632,2089,0,0,0,,0,0,0,,0,0,0,,1159,79,47,95,https://www.twitch.tv/videos/2863424731
22aaa78ca5fa444bb70649727131c0f2,631,19558,0,0,0,,0,0,0,,0,0,0,,0,0,0,0,
38eb53f7de2247f6a93dfec0fe2f0d1e,630,25512,177,124,1679,https://www.youtube.com/watch?v=tiYbUbVstCM,173,124,1679,https://www.youtube.com/watch?v=tiYbUbVstCM,607,292,1038,https://www.youtube.com/watch?v=HoTO0aqdn3k,0,0,0,0,
04ca68439fd14d088c77eb0069e6414f,630,58519,51,49,51,https://www.youtube.com/watch?v=s7NKfHdGFvE,51,49,51,https://www.youtube.com/watch?v=s7NKfHdGFvE,0,0,0,,371,96,93,96,https://www.twitch.tv/videos/2874813915
6c2b07e387644ff1898d8c536747dcb0,630,21452,0,0,0,,0,0,0,,0,0,0,,320,203,161,203,https://www.twitch.tv/videos/2870233068
ec332c6e824044698204e6dba3e5fbfc,629,12142,0,0,0,,0,0,0,,0,0,0,,556,0,0,0,
20b9316c0979495fbff724be3442d4a4,626,169087,41,15,5378,https://www.youtube.com/watch?v=1A7x_JFT_K8,0,0,0,,41,15,5378,https://www.youtube.com/watch?v=1A7x_JFT_K8,17,0,0,0,
326a721a7a904cb9b5ed0dad4899d7c2,625,23259,0,0,0,,0,0,0,,0,0,0,,911,229,153,270,https://www.twitch.tv/videos/2870330518
1f455594561b421da20dde10d1540981,623,44835,0,0,0,,0,0,0,,0,0,0,,6243,374,212,810,https://www.twitch.tv/videos/2859646890
b16b9643e24d404a8de6d66551451b85,622,10267,182,131,265,https://www.youtube.com/watch?v=xI_Y8lR-FIo,182,131,265,https://www.youtube.com/watch?v=xI_Y8lR-FIo,0,0,0,,3304,302,178,354,https://www.twitch.tv/videos/2868487614
b8ccfa7aec6a419ca8ad1a91d9fafdf6,620,0,0,0,0,,0,0,0,,0,0,0,,2518,131,90,345,https://www.twitch.tv/videos/2865007130
dec8ff1f1ef243ccb8fa65edb7a813bd,620,912,0,0,0,,0,0,0,,0,0,0,,328,0,0,0,
8b0dbadf9faa4815923944437f1c1abb,620,77227,13,6,128,https://www.youtube.com/watch?v=M3LGDwdb2Y4,0,0,0,,13,6,128,https://www.youtube.com/watch?v=M3LGDwdb2Y4,0,0,0,0,
4e35059a74df41189368fad5263a1f3f,617,66508,185,100,912,https://www.youtube.com/watch?v=QNo9rIKyzCI,170,99,912,https://www.youtube.com/watch?v=QNo9rIKyzCI,255,105,348,https://www.youtube.com/watch?v=SZ7XC3yTc5U,77,14,11,33,https://www.twitch.tv/videos/2874764139
9760ffdb528f40a7bd010589f2ce06c4,617,31392,10,5,197,https://www.youtube.com/watch?v=MVO5R8bRUqk,0,0,0,,10,5,197,https://www.youtube.com/watch?v=MVO5R8bRUqk,821,73,58,476,https://www.twitch.tv/videos/2872926132
e07cd7e29645414481d441fcfd4fd456,616,30231,22,10,77,https://www.youtube.com/watch?v=miOHUSrmUcg,0,0,0,,22,10,77,https://www.youtube.com/watch?v=miOHUSrmUcg,0,0,0,0,
66345fc8147b45e99d6eba1b0df6ba7c,616,32036,0,0,0,,0,0,0,,0,0,0,,0,0,0,0,
1e131b3460564fd49ca9675ead6ad9c6,615,40651,179,102,525,https://www.youtube.com/watch?v=aEgpdBqzK_Q,174,93,252,https://www.youtube.com/watch?v=lRBtptfXDFM,525,350,525,https://www.youtube.com/watch?v=aEgpdBqzK_Q,0,0,0,0,
defbc693cb874182807b768593439616,615,19278,0,0,0,,0,0,0,,0,0,0,,1638,131,75,242,https://www.twitch.tv/videos/2860493292
994fcc5db40840ae990cf1ce43728548,610,17518,117,54,362,https://www.youtube.com/watch?v=xWecpqcvYVE,117,54,362,https://www.youtube.com/watch?v=xWecpqcvYVE,0,0,0,,0,0,0,0,
3849edba2b2e411f8564e9c1d1aaaa51,608,77769,128,80,187,https://www.youtube.com/watch?v=XdJoTH-LDO8,128,80,187,https://www.youtube.com/watch?v=XdJoTH-LDO8,0,0,0,,0,0,0,0,
7c781489389447e682388caccae7fb1c,606,21775,93,66,154,https://www.youtube.com/watch?v=9lbfh8tzFXY,0,0,0,,93,66,154,https://www.youtube.com/watch?v=9lbfh8tzFXY,1047,0,0,0,
9fba4ecf861140acb418c343a475f99c,603,58510,130,72,635,https://www.youtube.com/watch?v=7zw6oHwz9Ck,130,72,391,https://www.youtube.com/watch?v=i6Lmj_4HEGA,356,66,635,https://www.youtube.com/watch?v=7zw6oHwz9Ck,158,76,52,121,https://www.twitch.tv/videos/2865011553
c4ad3b6c4fe94f9a8142895fd869dfb9,602,5316,20,5,145,https://www.youtube.com/watch?v=6G42eCO1aCw,0,0,0,,20,5,145,https://www.youtube.com/watch?v=6G42eCO1aCw,1544,102,79,143,https://www.twitch.tv/videos/2864054775
3f74c9c84fac427ea0e3d147c6027e82,601,22215,40,20,179,https://www.youtube.com/watch?v=MnfvmgPONOo,41,21,179,https://www.youtube.com/watch?v=MnfvmgPONOo,11,8,11,https://www.youtube.com/watch?v=FRRxqlukg3g,0,0,0,0,
d02adf3818df4c9fa03ed90bf1df5b41,600,15513,0,0,0,,0,0,0,,0,0,0,,0,0,0,0,
b88a2e77cd7b4758925642f63b58051a,598,70805,184,118,684,https://www.youtube.com/watch?v=1z2yJHFaNE8,294,186,375,https://www.youtube.com/watch?v=y1HKEG1cGAA,100,88,684,https://www.youtube.com/watch?v=1z2yJHFaNE8,0,0,0,0,
25262970b019418badba15bc46f9c048,597,126151,136,82,704,https://www.youtube.com/watch?v=Sm56tvFCIvs,136,82,704,https://www.youtube.com/watch?v=Sm56tvFCIvs,0,0,0,,531,138,43,181,https://www.twitch.tv/videos/2865561105
156c4271fe17425bb02fd7b24f5a2a7a,594,10052,0,0,0,,0,0,0,,0,0,0,,0,0,0,0,
d6827fe530ca4db4b748651c72e81ead,593,17998,84,39,550,https://www.youtube.com/watch?v=AsOS2haV-r0,84,39,550,https://www.youtube.com/watch?v=AsOS2haV-r0,0,0,0,,264,36,20,58,https://www.twitch.tv/videos/2871286152
a1f8a0af53c34922b0c66ebdf4b3381d,593,11724,145,72,188,https://www.youtube.com/watch?v=sWyPdGz3RNM,145,72,188,https://www.youtube.com/watch?v=sWyPdGz3RNM,0,0,0,,77,0,0,0,
508ebe96e7a94e94893609e616086dff,593,143569,589,289,1553,https://www.youtube.com/watch?v=On6ClcwlNtQ,0,0,0,,589,289,1553,https://www.youtube.com/watch?v=On6ClcwlNtQ,667,313,220,408,https://www.twitch.tv/videos/2865893541
161544bf51864b2bad46cdd769bee278,592,26390,560,254,1113,https://www.youtube.com/watch?v=et6nUjOewo4,560,254,1113,https://www.youtube.com/watch?v=et6nUjOewo4,0,0,0,,216,84,62,107,https://www.twitch.tv/videos/2864959540
4cc07f3cbfed434090bba391bc15fd6d,592,41488,147,36,1133,https://www.youtube.com/watch?v=ZP5inFymwrw,0,0,0,,147,36,1133,https://www.youtube.com/watch?v=ZP5inFymwrw,1781,103,46,180,https://www.twitch.tv/videos/2868549616
7dd6c13c71ee452e9a85dec903f2ee15,591,34876,131,60,852,https://www.youtube.com/watch?v=TRuoYjbFnT8,131,57,191,https://www.youtube.com/watch?v=cnbv6hTYa54,184,119,852,https://www.youtube.com/watch?v=TRuoYjbFnT8,0,0,0,0,
c1ca3c2282084d0ebbdeb3896801aec9,591,19289,0,0,0,,0,0,0,,0,0,0,,250,0,0,0,
ea7f97145fd44a51a95e5b97a6b8366c,590,175861,963,614,1744,https://www.youtube.com/watch?v=nmZCkJAGESQ,0,0,0,,963,614,1744,https://www.youtube.com/watch?v=nmZCkJAGESQ,0,0,0,0,
8c4d0ef0e1ee405e93be5d03974307ce,590,32113,168,80,196,https://www.youtube.com/watch?v=vdlDL735w-k,168,80,196,https://www.youtube.com/watch?v=vdlDL735w-k,0,0,0,,32,0,0,0,
d613059b356d4cc9b1c3e998f32d1a5a,589,22462,0,0,0,,0,0,0,,0,0,0,,11310,1276,958,1466,https://www.twitch.tv/videos/2871094681
14392ae1c106403ab690e8a6dea7c534,587,61576,206,111,1114,https://www.youtube.com/watch?v=pdkNzmR76KA,206,111,629,https://www.youtube.com/watch?v=cUVNxAsD0w0,642,525,1114,https://www.youtube.com/watch?v=pdkNzmR76KA,0,0,0,0,
aa673b95b03540288c87dbaa59477ef9,586,38886,149,50,149,https://www.youtube.com/watch?v=TLWPfPtqkyw,149,50,149,https://www.youtube.com/watch?v=TLWPfPtqkyw,0,0,0,,0,0,0,0,
ff88906b47654805b8370426415f1183,585,17228,0,0,0,,0,0,0,,0,0,0,,3420,596,294,823,https://www.twitch.tv/videos/2858533753
7dc8617f6004470c8a65a67a9abdf661,585,19706,42,20,47,https://www.youtube.com/watch?v=X2Kk0JQrFdM,42,20,47,https://www.youtube.com/watch?v=X2Kk0JQrFdM,0,0,0,,262,0,0,0,
52ff14aabd804801a6e589681fc2fb4d,584,72292,0,0,0,,0,0,0,,0,0,0,,1607,0,0,0,
b76eb671dc62463fb845025be34526b7,580,35978,1167,1002,1167,https://www.youtube.com/watch?v=6CW4gS3X9fU,0,0,0,,1167,1002,1167,https://www.youtube.com/watch?v=6CW4gS3X9fU,0,0,0,0,
7179f903569e4fa9842b5c5ea3f7a645,578,36594,172,67,349,https://www.youtube.com/watch?v=Ndlz04OIM9Q,172,67,349,https://www.youtube.com/watch?v=Ndlz04OIM9Q,0,0,0,,641,38,33,43,https://www.twitch.tv/videos/2872075950
619f48c4546c481bbc52aadc12c3e48f,578,7898,226,129,296,https://www.youtube.com/watch?v=u7N9jllQCyY,0,0,0,,226,129,296,https://www.youtube.com/watch?v=u7N9jllQCyY,2788,585,337,1026,https://www.twitch.tv/videos/2875046376
6f5a8075e60244cb8e74c6aa35daaa2a,576,29892,0,0,0,,0,0,0,,0,0,0,,0,0,0,0,
b511c9a0eba7474fbb8ac8d02ff357b7,576,69456,102,38,228,https://www.youtube.com/watch?v=Dq91qjUxBkw,102,38,228,https://www.youtube.com/watch?v=Dq91qjUxBkw,0,0,0,,0,0,0,0,
5e259658ed814cc894dfe408d10ecc6e,575,31905,144,11,144,https://www.youtube.com/watch?v=ydJkti2eChM,144,11,144,https://www.youtube.com/watch?v=ydJkti2eChM,0,0,0,,0,0,0,0,
fad52a34935b402a819aa4bb504453da,574,30316,0,0,0,,0,0,0,,0,0,0,,0,0,0,0,
4859b57db8e043f1965e56324f137097,571,92442,0,0,0,,0,0,0,,0,0,0,,2067,179,139,240,https://www.twitch.tv/videos/2871091942
84111bbae2be41ea96c8b2f6c755f00c,570,24216,264,136,1430,https://www.youtube.com/watch?v=KOllb8rSPfw,247,117,277,https://www.youtube.com/watch?v=6tgo2lTZe0M,432,190,1430,https://www.youtube.com/watch?v=KOllb8rSPfw,1622,266,201,504,https://www.twitch.tv/videos/2873026008
ee5418c900a7400fa44c821eaaca0218,570,10221,42,23,42,https://www.youtube.com/watch?v=pqiKSFIoVR0,0,0,0,,42,23,42,https://www.youtube.com/watch?v=pqiKSFIoVR0,628,18,8,69,https://www.twitch.tv/videos/2873767917
22b0dfc3703e477d9ce6880cdbfafd91,569,24107,0,0,0,,0,0,0,,0,0,0,,2402,117,108,215,https://www.twitch.tv/videos/2864389847
746abd9861714105823ebfb2a18f6fdc,568,48952,84,46,213,https://www.youtube.com/watch?v=271UDVY3--0,84,46,213,https://www.youtube.com/watch?v=271UDVY3--0,0,0,0,,0,0,0,0,
76a17ecab93c4c3db069c9a5d8d0ecf5,567,45630,0,0,0,,0,0,0,,0,0,0,,1843,270,225,583,https://www.twitch.tv/videos/2870328706
33546b9ad5a8408589405f9467063dd7,567,21475,1203,614,2289,https://www.youtube.com/watch?v=6ZIoFxoXvjI,0,0,0,,1203,614,2289,https://www.youtube.com/watch?v=6ZIoFxoXvjI,3712,217,76,2803,https://www.twitch.tv/videos/2864195564
5908563b5c944c7b919b08e5233a8a5a,567,146286,7,4,182,https://www.youtube.com/watch?v=nhZr9UDoHfI,0,0,0,,7,4,182,https://www.youtube.com/watch?v=nhZr9UDoHfI,988,52,37,147,https://www.twitch.tv/videos/2868641605
993f7baff5d24cf69d077e30f7fd1a9d,564,26506,0,0,0,,0,0,0,,0,0,0,,0,0,0,0,
ba795eb1ea0f4fea888b1bfff3d5be86,564,69603,18,8,24,https://www.youtube.com/watch?v=TjWEF-nVcRQ,0,0,0,,18,8,24,https://www.youtube.com/watch?v=TjWEF-nVcRQ,3448,0,0,0,
318268a48a3c47b7a56609c204d02b03,563,15137,0,0,0,,0,0,0,,0,0,0,,3287,2,1,2,https://www.twitch.tv/videos/2875468241
82d775c8bb1740c0a6db1037d3bf5fe0,560,15980,452,192,452,https://www.youtube.com/watch?v=p0OFaxhfwDg,452,192,452,https://www.youtube.com/watch?v=p0OFaxhfwDg,0,0,0,,0,0,0,0,
a6b0f8c8343041f0b1ea96c46ee4e582,560,19562,149,138,338,https://www.youtube.com/watch?v=e0zAbgLVvkQ,149,138,338,https://www.youtube.com/watch?v=e0zAbgLVvkQ,0,0,0,,280,86,64,175,https://www.twitch.tv/videos/2871132850
df6e2520044744f0957a83db74b386bb,559,15629,0,0,0,,0,0,0,,0,0,0,,0,0,0,0,
0e136a936a574815a311e6e801ce3ca6,559,22436,139,135,490,https://www.youtube.com/watch?v=le55Ep-SWFw,150,135,490,https://www.youtube.com/watch?v=le55Ep-SWFw,76,42,76,https://www.youtube.com/watch?v=INHO1a8N0rQ,40,0,0,0,
5dd38c1bf796414399e7c80092c1d984,557,493938,175,35,4878,https://www.youtube.com/watch?v=_pC8TbM9KqA,50,17,175,https://www.youtube.com/watch?v=Gn8xiXfFO9Y,344,73,4878,https://www.youtube.com/watch?v=_pC8TbM9KqA,52,0,0,0,
21f5355738614770afb34b761a4c45af,556,4422,0,0,0,,0,0,0,,0,0,0,,0,0,0,0,
54c49dea17ad4eb5aeb7ce1698dc01be,553,34585,131,33,190,https://www.youtube.com/watch?v=M12Ns7trjnQ,131,33,190,https://www.youtube.com/watch?v=M12Ns7trjnQ,0,0,0,,115,0,0,0,
6503172c78774a0fa639255ac2e7e85a,552,21450,49,25,106,https://www.youtube.com/watch?v=cgBHd4kDXSk,49,25,106,https://www.youtube.com/watch?v=cgBHd4kDXSk,0,0,0,,0,0,0,0,
21c8f34b3284456792c28b2ce7290589,548,24298,166,115,166,https://www.youtube.com/watch?v=q11rqBDq-_Q,0,0,0,,166,115,166,https://www.youtube.com/watch?v=q11rqBDq-_Q,0,0,0,0,
f5493e350f514aae860e4fbc529adf4c,548,343,0,0,0,,0,0,0,,0,0,0,,0,0,0,0,
95df3846ff6644429227e9e058994ad8,547,30108,517,263,1012,https://www.youtube.com/watch?v=6gPVrBSAeVY,517,263,1012,https://www.youtube.com/watch?v=6gPVrBSAeVY,0,0,0,,0,0,0,0,
cd1224f4756340c594f3c36245e9b4d4,545,152095,329,178,1177,https://www.youtube.com/watch?v=DlR_8cajHEk,0,0,0,,329,178,1177,https://www.youtube.com/watch?v=DlR_8cajHEk,2190,153,102,242,https://www.twitch.tv/videos/2869414419
1760601b33854f2ab58b6217bd2cfedf,543,34360,0,0,0,,0,0,0,,0,0,0,,0,0,0,0,
7731172cfcaa4e668762473a7b9d509a,543,16137,0,0,0,,0,0,0,,0,0,0,,832,0,0,0,
780ca962f78b49d580c8a078b0525d25,540,28751,808,274,1333,https://www.youtube.com/watch?v=gEDWM_PvIqE,0,0,0,,808,274,1333,https://www.youtube.com/watch?v=gEDWM_PvIqE,0,0,0,0,
d6afb902dbe04e35ab52f961f538f9bd,538,27138,183,63,183,https://www.youtube.com/watch?v=4rtj_7IG4V0,183,63,183,https://www.youtube.com/watch?v=4rtj_7IG4V0,0,0,0,,134,0,0,0,
bd7947d2357941039893b911b18f3b4c,538,46990,33,14,44,https://www.youtube.com/watch?v=-2aD3jp6XPk,33,14,44,https://www.youtube.com/watch?v=-2aD3jp6XPk,0,0,0,,668,82,70,102,https://www.twitch.tv/videos/2868584482
c40a4498540d462a89c2391a41aa9f0e,538,21588,528,246,553,https://www.youtube.com/watch?v=duBY7kvizoE,0,0,0,,528,246,553,https://www.youtube.com/watch?v=duBY7kvizoE,2449,209,174,209,https://www.twitch.tv/videos/2871186525
7344fd4a1019434792afd863eddb4250,538,37513,0,0,0,,0,0,0,,0,0,0,,1861,353,292,735,https://www.twitch.tv/videos/2869377926
e53ab7560fbc44fcba0dc3b7dceff697,537,8635,88,6,132,https://www.youtube.com/watch?v=ytXrCKHIreA,132,11,132,https://www.youtube.com/watch?v=ytXrCKHIreA,45,1,45,https://www.youtube.com/watch?v=7VPxZSwbuS0,0,0,0,0,
f072e780d0c84ca08c27020e1f2de365,536,16297,11,7,599,https://www.youtube.com/watch?v=LBVzmBQzyOc,0,0,0,,11,7,599,https://www.youtube.com/watch?v=LBVzmBQzyOc,701,22,20,39,https://www.twitch.tv/videos/2867591998
c232b3088a6e49b997b325d5de9a3013,536,22857,125,44,285,https://www.youtube.com/watch?v=EZ9TEQnvKQo,125,44,285,https://www.youtube.com/watch?v=EZ9TEQnvKQo,0,0,0,,161,0,0,0,
b359f595b54b4edc8969423a8b5658ff,536,35288,0,0,0,,0,0,0,,0,0,0,,0,0,0,0,
8e65ff08f84f46148a79346978db81c8,535,96245,411,181,1702,https://www.youtube.com/watch?v=U8oF-jAJhjc,482,308,1460,https://www.youtube.com/watch?v=vuzMZrqrvYI,196,165,1702,https://www.youtube.com/watch?v=U8oF-jAJhjc,0,0,0,0,
3750eae778e9453eaeee75956a8dabc6,535,14140,933,580,1173,https://www.youtube.com/watch?v=zZROPfMTVpQ,0,0,0,,933,580,1173,https://www.youtube.com/watch?v=zZROPfMTVpQ,2563,316,299,475,https://www.twitch.tv/videos/2872866318
87df5b92303e4410884b8c52ff2c4e0d,533,46099,7,3,529,https://www.youtube.com/watch?v=dBUu2s5_jyQ,0,0,0,,7,3,529,https://www.youtube.com/watch?v=dBUu2s5_jyQ,1213,330,267,493,https://www.twitch.tv/videos/2865727162
c269bafe425f470e957731c454b8925c,531,45248,1119,788,1166,https://www.youtube.com/watch?v=ScFDLL5CpjU,0,0,0,,1119,788,1166,https://www.youtube.com/watch?v=ScFDLL5CpjU,626,0,0,0,
100af980504b4bd38c8b2192d1e71b29,531,35769,1095,179,1095,https://www.youtube.com/watch?v=GV6HYVfRoWI,0,0,0,,1095,179,1095,https://www.youtube.com/watch?v=GV6HYVfRoWI,0,0,0,0,
c6704a4edfef443ba46ba7f0db0c4ff9,530,14306,150,140,156,https://www.youtube.com/watch?v=nuE3NflPlSI,150,140,156,https://www.youtube.com/watch?v=nuE3NflPlSI,0,0,0,,0,0,0,0,
735a3d989210437f9e5b8e7a7ba6d88a,530,25176,287,248,1414,https://www.youtube.com/watch?v=TEPF45SzuaU,158,105,237,https://www.youtube.com/watch?v=fpssirJ-D1o,1315,519,1414,https://www.youtube.com/watch?v=TEPF45SzuaU,130,0,0,0,
b0df22881775422093e3e64a63b01a5a,527,66450,74,6,80,https://www.youtube.com/watch?v=gh-M-5YUkc4,74,6,80,https://www.youtube.com/watch?v=gh-M-5YUkc4,0,0,0,,164,0,0,0,
ffffcd6d454a4e77a215927a82c460bc,527,126438,1743,113,1743,https://www.youtube.com/watch?v=_Bzsr1Ix2g4,0,0,0,,1743,113,1743,https://www.youtube.com/watch?v=_Bzsr1Ix2g4,1087,35,25,55,https://www.twitch.tv/videos/2871213319
37e88453b9cb48b1863bc455328b34c1,525,8192,14,3,14,https://www.youtube.com/watch?v=__lUlTOkmxc,0,0,0,,14,3,14,https://www.youtube.com/watch?v=__lUlTOkmxc,1495,121,112,137,https://www.twitch.tv/videos/2873056825
9099b86c3fe84a138b0bc1f258bca138,525,23449,27,15,85,https://www.youtube.com/watch?v=AD4xAgBUXy8,27,15,85,https://www.youtube.com/watch?v=AD4xAgBUXy8,0,0,0,,0,0,0,0,
6166fbac685941a6acf389460de44943,524,52394,90,52,1106,https://www.youtube.com/watch?v=zG1zsSRmOEk,90,15,240,https://www.youtube.com/watch?v=myVeDkWvCbY,596,228,1106,https://www.youtube.com/watch?v=zG1zsSRmOEk,0,0,0,0,
1e4f8348a36e4ab3abda426f1810513a,524,13911,0,0,0,,0,0,0,,0,0,0,,0,0,0,0,
3f2e41bdee4145f59fa97830ba3f5edb,522,16791,0,0,0,,0,0,0,,0,0,0,,2594,350,215,451,https://www.twitch.tv/videos/2868718747
01d150623c984f3d8d7de4b1859afadd,522,11010,0,0,0,,0,0,0,,0,0,0,,0,0,0,0,
73abc31606db493f971f679dfde4f7e5,520,63817,75,35,190,https://www.youtube.com/watch?v=ZizjpYTK8Q8,75,35,190,https://www.youtube.com/watch?v=ZizjpYTK8Q8,0,0,0,,86,0,0,0,
41ad2f1c78f0406ab5460f38115002d7,519,21888,32,6,32,https://www.youtube.com/watch?v=-_PiOS5XxKE,32,6,32,https://www.youtube.com/watch?v=-_PiOS5XxKE,0,0,0,,0,0,0,0,
328751d304524e18a74cef810504b219,519,6171,222,191,222,https://www.youtube.com/watch?v=zeNtys8qXJU,0,0,0,,222,191,222,https://www.youtube.com/watch?v=zeNtys8qXJU,920,651,327,916,https://www.twitch.tv/videos/2859473324
aedfb89bad4545379af018f5933bddb7,517,30661,158,71,499,https://www.youtube.com/watch?v=pR115U-bBF8,158,71,499,https://www.youtube.com/watch?v=pR115U-bBF8,0,0,0,,28,0,0,0,
b7b1cb60f1c24c0ea4fb1f506d3e247a,517,13913,33,19,36,https://www.youtube.com/watch?v=lkR5hYHpbg0,0,0,0,,33,19,36,https://www.youtube.com/watch?v=lkR5hYHpbg0,1581,159,62,393,https://www.twitch.tv/videos/2860781862
aa182728aa6d44c4ae37caa7cdb8ed29,516,22179,122,106,210,https://www.youtube.com/watch?v=NoLLCIKP56c,210,183,210,https://www.youtube.com/watch?v=NoLLCIKP56c,34,29,34,https://www.youtube.com/watch?v=H1oZuU51NqY,221,5,4,5,https://www.twitch.tv/videos/2872121995
323c21f9e49f47d48609f698a3f81fd5,514,6559,181,75,197,https://www.youtube.com/watch?v=RTwiTpPIAwk,181,75,197,https://www.youtube.com/watch?v=RTwiTpPIAwk,0,0,0,,0,0,0,0,
1a95847597f04ae39d6f0d9caba04a5f,513,19650,0,0,0,,0,0,0,,0,0,0,,1597,191,145,191,https://www.twitch.tv/videos/2869394808
ffdc53dc3c764656a2f76031ee262b60,513,7308,0,0,0,,0,0,0,,0,0,0,,228,0,0,0,
cbee87914d63402b825bf74d25333236,512,18110,163,102,163,https://www.youtube.com/watch?v=UquKaP_nPgA,163,102,163,https://www.youtube.com/watch?v=UquKaP_nPgA,0,0,0,,0,0,0,0,
17a340801a7d4697be53c472c621993d,511,26203,0,0,0,,0,0,0,,0,0,0,,802,71,54,126,https://www.twitch.tv/videos/2864230305
2bffdc20e3cb48de9bf46600f62d248e,511,27219,0,0,0,,0,0,0,,0,0,0,,288,0,0,0,
af41302aa9184c2dbc25d2ed16e878fc,510,91613,81,41,201,https://www.youtube.com/watch?v=OliAJSkEU48,84,38,201,https://www.youtube.com/watch?v=OliAJSkEU48,79,44,79,https://www.youtube.com/watch?v=DrQP8muF9l8,268,0,0,0,
533e7b1b50ba448292c09c5845d68eb6,509,9828,203,42,203,https://www.youtube.com/watch?v=AyOvf1Ltzjw,0,0,0,,203,42,203,https://www.youtube.com/watch?v=AyOvf1Ltzjw,310,0,0,0,
52136fb3529d4f5eb5225ade4209b8b3,508,12158,0,0,0,,0,0,0,,0,0,0,,0,0,0,0,
6926325d2c1c4c4e87f7be69ab675d53,508,117734,172,70,760,https://www.youtube.com/watch?v=nKvPJvIwpHE,147,65,247,https://www.youtube.com/watch?v=iLaOMPiwtcg,760,198,760,https://www.youtube.com/watch?v=nKvPJvIwpHE,0,0,0,0,
442edbdb59fe4979a2be3e5183258cf8,506,23421,170,87,308,https://www.youtube.com/watch?v=uV4virn37Jo,170,87,308,https://www.youtube.com/watch?v=uV4virn37Jo,0,0,0,,0,0,0,0,
423ee3a5dbd549f19893a1823856b8dc,505,72222,0,0,0,,0,0,0,,0,0,0,,494,83,54,204,https://www.twitch.tv/videos/2872507370
8db6aab32c8e45c8a70d0850bfcd3e5c,504,27597,0,0,0,,0,0,0,,0,0,0,,148,0,0,0,
fd5a1e004f224586aa65f9c5b374cc4a,502,16895,865,554,1515,https://www.youtube.com/watch?v=AdZIE2j-fWU,231,216,231,https://www.youtube.com/watch?v=BMBBBVfboC8,886,572,1515,https://www.youtube.com/watch?v=AdZIE2j-fWU,5460,527,322,1344,https://www.twitch.tv/videos/2861244924
6d1b01658ae74a7f91c7f60b5abe1cb2,498,49294,150,45,800,https://www.youtube.com/watch?v=Sle9FcwqmnA,241,81,438,https://www.youtube.com/watch?v=fjEetCAVFk0,116,36,800,https://www.youtube.com/watch?v=Sle9FcwqmnA,0,0,0,0,
1bf9786ba55042b9ae3294dadfc7b40d,496,19767,65,27,74,https://www.youtube.com/watch?v=C48_T3pNHxY,65,27,74,https://www.youtube.com/watch?v=C48_T3pNHxY,0,0,0,,0,0,0,0,
51f3508054da4987b4e8f659e4d28d1d,496,3173,0,0,0,,0,0,0,,0,0,0,,4968,378,302,774,https://www.twitch.tv/videos/2864915967
54355102572e408183af55831cb98e3a,495,28493,0,0,0,,0,0,0,,0,0,0,,181,0,0,0,
c699beab8e8a4064849c977b67058447,494,21811,0,0,0,,0,0,0,,0,0,0,,1326,0,0,0,
45d566a561914da0a15a5a21574eb30a,494,8811,94,44,234,https://www.youtube.com/watch?v=XG7O9cj7ehc,94,44,234,https://www.youtube.com/watch?v=XG7O9cj7ehc,0,0,0,,0,0,0,0,
09c9c71c41e24e7d9498ce41a78dae1c,494,13572,0,0,0,,0,0,0,,0,0,0,,463,0,0,0,
a42c38cc7c0b4812b9bc79ab5f2d84f3,493,39165,136,87,1579,https://www.youtube.com/watch?v=3_2XyUQvAhg,69,21,138,https://www.youtube.com/watch?v=Lizo1cMiYio,658,432,1579,https://www.youtube.com/watch?v=3_2XyUQvAhg,0,0,0,0,
88917b370d0041d8be65372342c92523,491,26329,29,12,227,https://www.youtube.com/watch?v=wOelcpXOW84,0,0,0,,29,12,227,https://www.youtube.com/watch?v=wOelcpXOW84,2138,591,210,947,https://www.twitch.tv/videos/2856870564
085ed0ddc3294678b9570fdbcf581c64,490,295,0,0,0,,0,0,0,,0,0,0,,31241,325,164,1288,https://www.twitch.tv/videos/2853932456
e306270e80094416818cfddb33153419,487,19014,0,0,0,,0,0,0,,0,0,0,,0,0,0,0,
037bc9366d5949b0877707007b4b1ed5,485,23992,1165,512,1165,https://www.youtube.com/watch?v=7FzapXw_o5w,0,0,0,,1165,512,1165,https://www.youtube.com/watch?v=7FzapXw_o5w,368,0,0,0,
e41bf48a09d64e4aa3d96064a9a63b08,483,93567,399,351,435,https://www.youtube.com/watch?v=fxcmWuJao1U,0,0,0,,399,351,435,https://www.youtube.com/watch?v=fxcmWuJao1U,70,0,0,0,
91f5b04be2e74f64b03e0774cc275748,482,21118,0,0,0,,0,0,0,,0,0,0,,0,0,0,0,
b423123a68df4ac88b2a376ae5fd3b89,482,23870,104,55,1110,https://www.youtube.com/watch?v=UDjuNYL3vlY,103,54,958,https://www.youtube.com/watch?v=TmjHilxWd1Y,815,301,1110,https://www.youtube.com/watch?v=UDjuNYL3vlY,0,0,0,0,
d148768158984ce8b3a8214b1fb3dafc,479,10339,179,26,368,https://www.youtube.com/watch?v=89N5CgjhsPU,179,26,368,https://www.youtube.com/watch?v=89N5CgjhsPU,0,0,0,,178,0,0,0,
09945e9139af4f3a96e6adfd73139d35,479,16722,0,0,0,,0,0,0,,0,0,0,,1605,122,88,210,https://www.twitch.tv/videos/2865005450
7652b3bd3da6418cbf02c85057077b54,478,12929,47,7,166,https://www.youtube.com/watch?v=6gXrwUface4,47,7,166,https://www.youtube.com/watch?v=6gXrwUface4,0,0,0,,279,0,0,0,
7168995b95ab439aa7cf1f3099d7bd88,478,69465,384,241,851,https://www.youtube.com/watch?v=3i6oSIpWZio,0,0,0,,384,241,851,https://www.youtube.com/watch?v=3i6oSIpWZio,3947,0,0,0,
6695a7e8f824489881f2c321501a36a6,478,25777,26,17,46,https://www.youtube.com/watch?v=xZa2JVbQhZ8,26,17,46,https://www.youtube.com/watch?v=xZa2JVbQhZ8,0,0,0,,0,0,0,0,
acb95c574d8444cd80102796e0d56edd,478,66643,0,0,0,,0,0,0,,0,0,0,,218,0,0,0,
7677c9c71c0a4decad1472b7ecc604bb,475,6116,0,0,0,,0,0,0,,0,0,0,,486,0,0,0,
294b1c29030244c784387782c0cb6aee,474,13858,165,103,262,https://www.youtube.com/watch?v=w1SC-vu_FbQ,165,103,262,https://www.youtube.com/watch?v=w1SC-vu_FbQ,0,0,0,,0,0,0,0,
d2da40bb201e49ddbd6a8780bfaf8b63,474,15194,0,0,0,,0,0,0,,0,0,0,,1336,0,0,0,
30e2594ce7cf4bc3a7e536639b15ff30,473,12439,58,28,124,https://www.youtube.com/watch?v=S_ebbK7gmZI,58,28,124,https://www.youtube.com/watch?v=S_ebbK7gmZI,0,0,0,,326,71,40,108,https://www.twitch.tv/videos/2871193434
3981c01691a44d708da1191e9546eaad,472,35889,64,42,264,https://www.youtube.com/watch?v=0ZEfwCN93hY,64,42,264,https://www.youtube.com/watch?v=0ZEfwCN93hY,0,0,0,,0,0,0,0,
451162e7f4c041edb3447732eba1937a,471,3261,0,0,0,,0,0,0,,0,0,0,,111,0,0,0,
2efb6dc7796c4ce792c196d27af0df87,470,63959,256,36,834,https://www.youtube.com/watch?v=3IR_vet-4uU,73,20,612,https://www.youtube.com/watch?v=6G0HmsF11_4,306,98,834,https://www.youtube.com/watch?v=3IR_vet-4uU,0,0,0,0,
23335565d59c404080e9c06f437b011b,470,73031,0,0,0,,0,0,0,,0,0,0,,1141,0,0,0,
3513b73ded994bc3a92a70c9632c9856,469,7946,0,0,0,,0,0,0,,0,0,0,,7140,316,107,459,https://www.twitch.tv/videos/2870532871
fb17cff93fa94c8ea8b052f497f27fb4,469,22010,0,0,0,,0,0,0,,0,0,0,,17,0,0,0,
3a13b2827ef048859006a3acb74c175a,467,10570,0,0,0,,0,0,0,,0,0,0,,7143,4837,3667,25197,https://www.twitch.tv/videos/2867567226
6717d34e87574888848bc45c86bd80e6,467,31175,0,0,0,,0,0,0,,0,0,0,,1331,274,183,344,https://www.twitch.tv/videos/2863036306
0a5bbdc460184f279cb8c7965a1d6098,467,82341,809,60,1823,https://www.youtube.com/watch?v=-KGdaXAr_3I,0,0,0,,809,60,1823,https://www.youtube.com/watch?v=-KGdaXAr_3I,248,46,37,68,https://www.twitch.tv/videos/2865705413
2dc29f6b05584c718c60034af9883496,465,104719,0,0,0,,0,0,0,,0,0,0,,0,0,0,0,
4abb927b8dc049768d63b4a8e229e8cc,464,0,0,0,0,,0,0,0,,0,0,0,,0,0,0,0,
904217f39af144a9b922beab57e61ae4,464,20995,203,94,726,https://www.youtube.com/watch?v=ZOwo31sHV2c,203,94,726,https://www.youtube.com/watch?v=ZOwo31sHV2c,0,0,0,,406,75,56,118,https://www.twitch.tv/videos/2873011257
59e3094256344f8c83a3f4355b8b667b,463,0,0,0,0,,0,0,0,,0,0,0,,2589,0,0,0,
0c2cb722c6ab4e3890139c922c80d4d8,462,4078,0,0,0,,0,0,0,,0,0,0,,189,0,0,0,
2df2e0bc14fa4450a0d17d294b5a0bc0,462,32089,0,0,0,,0,0,0,,0,0,0,,0,0,0,0,
d017bd7855e547298906060f0e9b442e,462,14240,0,0,0,,0,0,0,,0,0,0,,1536,97,71,232,https://www.twitch.tv/videos/2864058981
f9444f6d790344a4a51a301110665229,460,12725,126,90,1477,https://www.youtube.com/watch?v=J924ck_geV8,121,64,238,https://www.youtube.com/watch?v=ifCRjYP7C7A,935,113,1477,https://www.youtube.com/watch?v=J924ck_geV8,0,0,0,0,
9189101a4bb740de969b772dde92125a,460,5866,0,0,0,,0,0,0,,0,0,0,,1142,0,0,0,
da165e838dfe49aea3f91457f3825657,459,10659,0,0,0,,0,0,0,,0,0,0,,0,0,0,0,
f2b0bc3e82024bd3ae1c7cb5fe926829,458,14926,67,27,214,https://www.youtube.com/watch?v=4Mxl5LUKN_Q,67,27,214,https://www.youtube.com/watch?v=4Mxl5LUKN_Q,0,0,0,,0,0,0,0,
a27f33f32dd2414c8c6843f8783a32f0,458,13203,0,0,0,,0,0,0,,0,0,0,,0,0,0,0,
9e3222bedec44f1a8fecdc237c020cbd,458,139042,0,0,0,,0,0,0,,0,0,0,,334,41,24,41,https://www.twitch.tv/videos/2864817504
40f76b568f384790a1a089bb6619ddb2,457,10328,129,93,203,https://www.youtube.com/watch?v=1jlcQ8nVbM0,129,93,203,https://www.youtube.com/watch?v=1jlcQ8nVbM0,0,0,0,,1221,81,39,181,https://www.twitch.tv/videos/2853285993
42ff41f7d6884ae8b93ed46415376d83,455,13717,195,111,375,https://www.youtube.com/watch?v=I1pu5zWu1wQ,195,111,375,https://www.youtube.com/watch?v=I1pu5zWu1wQ,0,0,0,,0,0,0,0,
238b4a68bcde4f3bbf18b0b01f66ec43,454,28090,0,0,0,,0,0,0,,0,0,0,,0,0,0,0,
c822d7ffe24248fdbca2f3b1bdfd1139,454,86664,0,0,0,,0,0,0,,0,0,0,,3003,0,0,0,
62ca936be6c645a7bf2222b67086800a,453,38220,0,0,0,,0,0,0,,0,0,0,,1152,0,0,0,
502d093ba13d45de84602b54a1dc6e6c,453,24502,28,12,1297,https://www.youtube.com/watch?v=QiAEnX6_ubs,516,262,1297,https://www.youtube.com/watch?v=QiAEnX6_ubs,22,11,92,https://www.youtube.com/watch?v=rBMjZYrGm9c,210,128,114,218,https://www.twitch.tv/videos/2873383844
7b578956fab14341919193c03ca3ab32,452,11271,0,0,0,,0,0,0,,0,0,0,,0,0,0,0,
6c9b67b00b3c4940a6af6a6604b0b1fd,450,12561,0,0,0,,0,0,0,,0,0,0,,0,0,0,0,
5e5a5e77c39148ef8f31ccc1c63fdcd4,449,7984,0,0,0,,0,0,0,,0,0,0,,45,0,0,0,
74beedbc5f694a2c94fe73545ba4037d,448,25142,87,84,87,https://www.youtube.com/watch?v=pAppM0MtOyU,0,0,0,,87,84,87,https://www.youtube.com/watch?v=pAppM0MtOyU,231,0,0,0,
6ec876adec524585af913c1585e8df1f,446,10302,194,56,259,https://www.youtube.com/watch?v=AH3xTrURgtQ,0,0,0,,194,56,259,https://www.youtube.com/watch?v=AH3xTrURgtQ,1639,413,234,413,https://www.twitch.tv/videos/2864122142
e9569c3f60c541ab83899c09079feaa2,446,15505,224,84,1976,https://www.youtube.com/watch?v=H6DJVDTXqMc,224,84,1976,https://www.youtube.com/watch?v=H6DJVDTXqMc,0,0,0,,2969,0,0,0,
7f3411a01ffc45bab4f25f088131bb50,445,5690,64,26,149,https://www.youtube.com/watch?v=KyTPlIow_fY,64,26,149,https://www.youtube.com/watch?v=KyTPlIow_fY,0,0,0,,0,0,0,0,
c6e955ae1fce48678120bc086a436073,443,21406,0,0,0,,0,0,0,,0,0,0,,0,0,0,0,
64d9adbc552c487db0cdf42ac3845e18,440,38143,0,0,0,,0,0,0,,0,0,0,,69,0,0,0,
c92baa46ff4e41c9918ad2427c0853d6,438,24657,0,0,0,,0,0,0,,0,0,0,,4524,215,58,215,https://www.twitch.tv/videos/2856071635
4693c4a0f4284a429f353419a3fc547c,437,72663,153,79,1590,https://www.youtube.com/watch?v=R-_wTZ1X0ow,143,66,1590,https://www.youtube.com/watch?v=R-_wTZ1X0ow,1023,440,1108,https://www.youtube.com/watch?v=idqXH08QbBk,0,0,0,0,
c5ac07b79a304f37b039266446fd4f3b,434,25397,0,0,0,,0,0,0,,0,0,0,,0,0,0,0,
a5fe6adcf3bd42b79475803c56a11832,433,28927,0,0,0,,0,0,0,,0,0,0,,73,37,26,46,https://www.twitch.tv/videos/2865218026
31888d1a66654eee82d4dd22017db978,432,83400,130,45,1739,https://www.youtube.com/watch?v=zJGlYEGaXsI,0,0,0,,130,45,1739,https://www.youtube.com/watch?v=zJGlYEGaXsI,4,0,0,0,
a56567301c734548bad86e8ace7d9140,431,52193,0,0,0,,0,0,0,,0,0,0,,0,0,0,0,
c7400e2934c646e49f7df1816de41360,426,19088,0,0,0,,0,0,0,,0,0,0,,24,0,0,0,
da3d722ffea34b5b87fbb62c6026cba2,426,13175,0,0,0,,0,0,0,,0,0,0,,141,0,0,0,
5fbf4f6751f24d03a5723670cd500aca,426,11161,0,0,0,,0,0,0,,0,0,0,,786,0,0,0,
5000b613025542c498cd6ab2287865c6,424,2824,0,0,0,,0,0,0,,0,0,0,,3896,332,224,1190,https://www.twitch.tv/videos/2874369118
f3fe9fb6de2a477fae878a39924c15bd,422,12037,0,0,0,,0,0,0,,0,0,0,,3061,0,0,0,
1cddca10dd334373b8f51b3b0ed2efe4,422,26418,3,0,11,https://www.youtube.com/watch?v=-Fe_3mK9mkc,0,0,0,,3,0,11,https://www.youtube.com/watch?v=-Fe_3mK9mkc,0,0,0,0,
8eaa819167de4fefb116ee8f88850d85,422,59,4,2,8,https://www.youtube.com/watch?v=fHDUHOh4occ,0,0,0,,4,2,8,https://www.youtube.com/watch?v=fHDUHOh4occ,156,55,34,82,https://www.twitch.tv/videos/2864931656
bd119628dae64d45b71b44e0f158f23a,422,4772,0,0,0,,0,0,0,,0,0,0,,3863,0,0,0,
49150fef0c1f4c0e9e18567224a7bf5c,422,6191,59,20,112,https://www.youtube.com/watch?v=Mf5GzMNjDtw,59,20,112,https://www.youtube.com/watch?v=Mf5GzMNjDtw,0,0,0,,0,0,0,0,
8c494e45ce5b462aa744d46bbdc54021,420,87147,25,8,120,https://www.youtube.com/watch?v=w4k2cEAprC4,25,8,120,https://www.youtube.com/watch?v=w4k2cEAprC4,0,0,0,,267,11,6,13,https://www.twitch.tv/videos/2865506730
26ae367c497f410399b769ded171d29f,418,6736,188,72,188,https://www.youtube.com/watch?v=gu0xciDAwmE,188,72,188,https://www.youtube.com/watch?v=gu0xciDAwmE,0,0,0,,0,0,0,0,
b932ddb915af47ec948b56d4bf901dab,418,9801,166,97,253,https://www.youtube.com/watch?v=pydS6oNeMqw,166,97,253,https://www.youtube.com/watch?v=pydS6oNeMqw,0,0,0,,0,0,0,0,
28c152a7489b4402960bd4bd36b7229b,417,42449,4,1,9,https://www.youtube.com/watch?v=OEDFGIrIXZU,0,0,0,,4,1,9,https://www.youtube.com/watch?v=OEDFGIrIXZU,227,31,19,59,https://www.twitch.tv/videos/2863145065
4a2df649332047d3b733c88209925f4c,417,8453,0,0,0,,0,0,0,,0,0,0,,1243,0,0,0,
f0f6694a60de4fb799b3f315abbaf7b6,417,19181,0,0,0,,0,0,0,,0,0,0,,0,0,0,0,
7232734df59c4e099205c7685007d8d4,416,87403,6,2,15,https://www.youtube.com/watch?v=cL7s2NqrGL0,0,0,0,,6,2,15,https://www.youtube.com/watch?v=cL7s2NqrGL0,983,112,83,154,https://www.twitch.tv/videos/2867154521
7d0d99e77f624bdc934b17212a39a894,416,2068,0,0,0,,0,0,0,,0,0,0,,4169,0,0,0,
a2ca2eb4da5b4df3aa59637e1dbc260b,415,3308,0,0,0,,0,0,0,,0,0,0,,707,0,0,0,
5c70a4710fca4b86ac63d56b0e894284,413,30779,0,0,0,,0,0,0,,0,0,0,,0,0,0,0,
f771e51357eb44d2820afd47aba3b546,412,9976,0,0,0,,0,0,0,,0,0,0,,387,46,38,66,https://www.twitch.tv/videos/2869513185
2f32fa150b4b4572bb6dd1a8e8c94ff1,412,13013,0,0,0,,0,0,0,,0,0,0,,4093,725,370,2181,https://www.twitch.tv/videos/2849844657
f0987ff6444945558cd159a508cd823f,411,7513,0,0,0,,0,0,0,,0,0,0,,2811,688,252,1163,https://www.twitch.tv/videos/2849557239
3d5a0befb7b042f697f70d5fb3d6ab94,410,11215,0,0,0,,0,0,0,,0,0,0,,0,0,0,0,
7051e693d03645bda16b3591f06ebd3f,410,20628,0,0,0,,0,0,0,,0,0,0,,0,0,0,0,
7d11ed1b02104cf58efd2df6cbc1ef69,408,20679,0,0,0,,0,0,0,,0,0,0,,1190,85,61,109,https://www.twitch.tv/videos/2872182830
be45601754a44c568c9f60f7d2847ccb,405,15582,109,50,156,https://www.youtube.com/watch?v=nZQPN57LF7w,109,50,156,https://www.youtube.com/watch?v=nZQPN57LF7w,0,0,0,,0,0,0,0,
d11123a75b874ad2bb120bb237e94c8d,404,2984,0,0,0,,0,0,0,,0,0,0,,4725,0,0,0,
00ddd14a74df4e2488319ea2ce25770c,404,225,0,0,0,,0,0,0,,0,0,0,,1207,0,0,0,
c5e956bdce614dddbeddfaf6ada4200d,403,21658,161,69,274,https://www.youtube.com/watch?v=zHrww8WioTc,161,69,274,https://www.youtube.com/watch?v=zHrww8WioTc,0,0,0,,0,0,0,0,
ec198b33036c436591c01ee93976b6a3,403,1603,0,0,0,,0,0,0,,0,0,0,,0,0,0,0,
4e1dd2ab9e4b4c71bced0c5987cf9be7,403,16750,0,0,0,,0,0,0,,0,0,0,,2947,155,90,253,https://www.twitch.tv/videos/2873927453
52d7a40d46034062ad2fc29b4a2a9198,402,44151,0,0,0,,0,0,0,,0,0,0,,3576,564,318,847,https://www.twitch.tv/videos/2857647278
cc85e4120c0746b7925c898a963f0747,402,22296,0,0,0,,0,0,0,,0,0,0,,0,0,0,0,
836015916a40475bb608e8c6a69b6a09,399,31404,32,22,32,https://www.youtube.com/watch?v=N1Kf0I5q-HY,32,22,32,https://www.youtube.com/watch?v=N1Kf0I5q-HY,0,0,0,,0,0,0,0,
e63fd2ead17a4b57b256fcd55fe83b0e,399,35442,68,32,171,https://www.youtube.com/watch?v=coxtNgfWiBg,68,32,171,https://www.youtube.com/watch?v=coxtNgfWiBg,0,0,0,,329,34,23,48,https://www.twitch.tv/videos/2873061385
6c166d9128e74147a5c0b1dbf89c885c,398,4553,0,0,0,,0,0,0,,0,0,0,,0,0,0,0,
d50d9b85f098470c8220cd99de802b17,396,21207,177,83,177,https://www.youtube.com/watch?v=kKNfuwWVAPk,177,83,177,https://www.youtube.com/watch?v=kKNfuwWVAPk,0,0,0,,0,0,0,0,
3802b3f13284406cb4bc3f775690add5,396,18491,461,195,2149,https://www.youtube.com/watch?v=RQx38EM4ssU,0,0,0,,461,195,2149,https://www.youtube.com/watch?v=RQx38EM4ssU,344,24,18,188,https://www.twitch.tv/videos/2870308767
93bf43bc175742cd8c7af6b80687cd84,394,43550,0,0,0,,0,0,0,,0,0,0,,1706,436,317,436,https://www.twitch.tv/videos/2868516386
5f68c9b585ad40c0ada7697c9b7f5055,394,6698,1668,1386,1668,https://www.youtube.com/watch?v=JnHFvQIvx4E,0,0,0,,1668,1386,1668,https://www.youtube.com/watch?v=JnHFvQIvx4E,7597,346,259,433,https://www.twitch.tv/videos/2872190094
b0ec0f1ffbd8426982e7ca40d4b1064b,394,9156,0,0,0,,0,0,0,,0,0,0,,0,0,0,0,
6eac5ce6527b4513bcff4b38d277b5cc,393,36133,101,38,193,https://www.youtube.com/watch?v=CnpY_86jcrA,0,0,0,,101,38,193,https://www.youtube.com/watch?v=CnpY_86jcrA,192,0,0,0,
b386124230514f5fa128ad046e85f12f,393,5816,0,0,0,,0,0,0,,0,0,0,,436,0,0,0,
e1bc34a2b6ac4d86ad6758cef724e7dc,393,10990,0,0,0,,0,0,0,,0,0,0,,522,280,240,409,https://www.twitch.tv/videos/2863123990
05055e62d34241888df31217ac25e671,392,20838,0,0,0,,0,0,0,,0,0,0,,1658,86,63,158,https://www.twitch.tv/videos/2865873132
21fcf23549a74111bbe31c949245e2cd,391,12691,0,0,0,,0,0,0,,0,0,0,,0,0,0,0,
d3b5f619038a4c488d36aeaeddc0f790,391,7242,0,0,0,,0,0,0,,0,0,0,,0,0,0,0,
577fdbca86fa4414a153b5ebdcab90d4,391,2091,0,0,0,,0,0,0,,0,0,0,,1947,0,0,0,
e802bcea6eb04ce6aa9041aa5e06ceae,390,12205,0,0,0,,0,0,0,,0,0,0,,0,0,0,0,
f46e5ebb899548cab53d24f1901315b0,389,16434,456,83,749,https://www.youtube.com/watch?v=edw6eW9-Mic,456,83,749,https://www.youtube.com/watch?v=edw6eW9-Mic,0,0,0,,140,0,0,0,
d334f3b3ba8b4e43bd7b5a237a7b4476,388,52991,167,55,1247,https://www.youtube.com/watch?v=nB9twcw5nu0,125,40,273,https://www.youtube.com/watch?v=jOelUsuwmfI,459,327,1247,https://www.youtube.com/watch?v=nB9twcw5nu0,45,0,0,0,
9ee3c9b53c0048329175370a5868300b,385,36595,0,0,0,,0,0,0,,0,0,0,,0,0,0,0,
cce33288177341058833d8b4a093b03f,385,29001,81,66,96,https://www.youtube.com/watch?v=GN9uSQwe90c,66,38,66,https://www.youtube.com/watch?v=9Gx0jN0usW4,96,95,96,https://www.youtube.com/watch?v=GN9uSQwe90c,0,0,0,0,
4e78d5ae75144358a0384df9822c60bc,384,9240,0,0,0,,0,0,0,,0,0,0,,758,186,106,299,https://www.twitch.tv/videos/2866693256
dbf7b5a346e645f7be7d0d19d2193bc5,383,145117,0,0,0,,0,0,0,,0,0,0,,0,0,0,0,
b3b24f0ebecc45118f88f12042bd59c8,383,63307,0,0,0,,0,0,0,,0,0,0,,0,0,0,0,
6d83214d4d964bc9a236f4cbdd8d99e4,381,7470,128,91,147,https://www.youtube.com/watch?v=M3GUyXzHqAU,128,91,147,https://www.youtube.com/watch?v=M3GUyXzHqAU,0,0,0,,47,0,0,0,
c97b665a89c34600be01f83eb1f77063,381,11768,0,0,0,,0,0,0,,0,0,0,,0,0,0,0,
2f7da7d6dbe84301b4ef52240cc05e9b,381,25740,0,0,0,,0,0,0,,0,0,0,,1178,0,0,0,
c11749c10e1941a9adb2a231eee2f2ea,381,9616,0,0,0,,0,0,0,,0,0,0,,315,37,33,37,https://www.twitch.tv/videos/2873143695
670df075e5f9402bbcb6369685838b02,381,14259,91,62,171,https://www.youtube.com/watch?v=2H1My5Sv2CQ,91,62,171,https://www.youtube.com/watch?v=2H1My5Sv2CQ,0,0,0,,0,0,0,0,
64e20992295c4be984e9af0a470d6440,377,4758,0,0,0,,0,0,0,,0,0,0,,5402,229,126,250,https://www.twitch.tv/videos/2864088852
a2ceea65ce58431085b1366a0cfe9c61,375,0,0,0,0,,0,0,0,,0,0,0,,0,0,0,0,
e73e2554e6754cadb0b836bb1fcfdaf7,375,41905,155,94,1171,https://www.youtube.com/watch?v=-NnGuBUWs-0,155,92,512,https://www.youtube.com/watch?v=0lzmLRK316E,287,141,1171,https://www.youtube.com/watch?v=-NnGuBUWs-0,70,25,13,31,https://www.twitch.tv/videos/2870330315
e443b9e0c3524137ba2774625c6c78cd,371,10097,0,0,0,,0,0,0,,0,0,0,,715,26,24,52,https://www.twitch.tv/videos/2873909707
9434be74cca5450789bf73aa4359b542,369,4966,0,0,0,,0,0,0,,0,0,0,,0,0,0,0,
4f8936d4899d4e2c83bf949bc61b2bd2,368,10660,0,0,0,,0,0,0,,0,0,0,,227,0,0,0,
8013fa67a08945a5b4b976156b6f610f,366,6638,0,0,0,,0,0,0,,0,0,0,,389,68,56,68,https://www.twitch.tv/videos/2871282392
652b28416c394eed93337f121c0dcbf5,366,17371,90,61,130,https://www.youtube.com/watch?v=VByiuQL2GMo,90,61,130,https://www.youtube.com/watch?v=VByiuQL2GMo,0,0,0,,0,0,0,0,
a8e0ec03cb0a4e0292228e1a6ed35e6a,366,9428,956,310,956,https://www.youtube.com/watch?v=KM09LYsjnvM,0,0,0,,956,310,956,https://www.youtube.com/watch?v=KM09LYsjnvM,881,23,17,66,https://www.twitch.tv/videos/2863264527
9be839573d1a4944a93740ca42fa65d4,365,20232,3,2,5,https://www.youtube.com/watch?v=FOsgq-ujjRY,0,0,0,,3,2,5,https://www.youtube.com/watch?v=FOsgq-ujjRY,1588,264,191,786,https://www.twitch.tv/videos/2869391783
07930a961f0b4078a14f0a57f0a93965,362,28836,188,41,305,https://www.youtube.com/watch?v=CYbrLTNVdAI,188,41,305,https://www.youtube.com/watch?v=CYbrLTNVdAI,0,0,0,,0,0,0,0,
1af1c5f8526a4396820151df1bff37b7,361,32740,197,103,667,https://www.youtube.com/watch?v=IKn-PJM_Hbk,231,144,667,https://www.youtube.com/watch?v=IKn-PJM_Hbk,72,28,609,https://www.youtube.com/watch?v=GyfoZeYA8j8,0,0,0,0,
1c096a5610c0459b84c74213c3b30f85,360,32807,0,0,0,,0,0,0,,0,0,0,,211,0,0,0,
682e400513134d0bacfa85513958c64d,360,6849,0,0,0,,0,0,0,,0,0,0,,1034,0,0,0,
c1fdd1a58b3a438ba5343e06f2da2590,360,16433,1277,560,1931,https://www.youtube.com/watch?v=nYmEzG7KIZk,0,0,0,,1277,560,1931,https://www.youtube.com/watch?v=nYmEzG7KIZk,38,0,0,0,
60a64aca51ed4528895fe35b08231670,359,13598,11,1,136,https://www.youtube.com/watch?v=HOd3ea4P2eo,0,0,0,,11,1,136,https://www.youtube.com/watch?v=HOd3ea4P2eo,408,0,0,0,
a1b415a04d4645399607d4b3bbe00bd7,357,24281,305,99,1662,https://www.youtube.com/watch?v=Q-mERcy2Q48,305,113,739,https://www.youtube.com/watch?v=sVpOhnjJzrE,1662,57,1662,https://www.youtube.com/watch?v=Q-mERcy2Q48,0,0,0,0,
27a484e8f53a433396e73bea886fa2cb,356,20204,138,74,138,https://www.youtube.com/watch?v=7bIsKWP_xmk,138,74,138,https://www.youtube.com/watch?v=7bIsKWP_xmk,0,0,0,,0,0,0,0,
f2f74f42d7e44c2b8c71807abd0967f3,356,93898,0,0,0,,0,0,0,,0,0,0,,3156,540,249,1219,https://www.twitch.tv/videos/2856415963
db3a6f094c3146c2ab6f2f267337f132,355,10192,371,305,533,https://www.youtube.com/watch?v=7sBhBk6QKJM,0,0,0,,371,305,533,https://www.youtube.com/watch?v=7sBhBk6QKJM,1387,292,233,358,https://www.twitch.tv/videos/2871961287
0554e298ab8041c19ce07bf0b2c315a0,352,41194,81,22,1254,https://www.youtube.com/watch?v=E9F-Pofe5Ls,67,16,206,https://www.youtube.com/watch?v=kanfAHS_O7w,899,500,1254,https://www.youtube.com/watch?v=E9F-Pofe5Ls,0,0,0,0,
7ee1b473a5584a1a85973acfa45e0e1d,352,9893,0,0,0,,0,0,0,,0,0,0,,0,0,0,0,
4fc02db3aab84e6cb526c02405d18c6e,351,17698,0,0,0,,0,0,0,,0,0,0,,147,0,0,0,
bf7122f997f04401b0a6938abaded38c,351,20620,104,63,231,https://www.youtube.com/watch?v=_1LwqJkLKR4,120,68,231,https://www.youtube.com/watch?v=_1LwqJkLKR4,35,24,41,https://www.youtube.com/watch?v=kvNNFqx4dN0,0,0,0,0,
1db7ec043f284eaea0bd2213ecce2bad,350,22228,79,36,253,https://www.youtube.com/watch?v=LbZYc7NfTPE,79,36,253,https://www.youtube.com/watch?v=LbZYc7NfTPE,0,0,0,,0,0,0,0,
e4348f08ee98429eb6143ecbac088f1a,348,18869,297,154,1437,https://www.youtube.com/watch?v=COpCgmF7OlI,297,154,1437,https://www.youtube.com/watch?v=COpCgmF7OlI,649,292,1150,https://www.youtube.com/watch?v=4CqnzLOLiFo,0,0,0,0,
f24626ac0ce34975a3b3fd6d8455f4f7,347,8135,0,0,0,,0,0,0,,0,0,0,,183,0,0,0,
aac7be72efc74efe9e77148fd4af7151,346,17131,101,68,157,https://www.youtube.com/watch?v=pbiuKka4yKQ,101,68,157,https://www.youtube.com/watch?v=pbiuKka4yKQ,0,0,0,,0,0,0,0,
6e56882f3f8e4911b8b67316f1265808,346,84161,0,0,0,,0,0,0,,0,0,0,,163,0,0,0,
095d5621db8b44ed914d81f9e1183673,346,14261,111,65,362,https://www.youtube.com/watch?v=JJjCvYlO6Jo,111,65,362,https://www.youtube.com/watch?v=JJjCvYlO6Jo,0,0,0,,26,0,0,0,
22a21c1a529f4817b8790629d8b4590f,343,71740,128,106,128,https://www.youtube.com/watch?v=npclOJYqzRA,0,0,0,,128,106,128,https://www.youtube.com/watch?v=npclOJYqzRA,105,0,0,0,
513c300c8af04b8a84d18f665b66481f,340,40315,0,0,0,,0,0,0,,0,0,0,,0,0,0,0,
985e64cecc24401290c08cb7e2f4ef50,340,13590,8,7,8,https://www.youtube.com/watch?v=uieAa9Kv2iI,0,0,0,,8,7,8,https://www.youtube.com/watch?v=uieAa9Kv2iI,2098,105,74,336,https://www.twitch.tv/videos/2872873187
9a13461ec0e644ceb6e86381ca41d33a,340,41130,1049,861,1049,https://www.youtube.com/watch?v=q1D9-I1yeL4,0,0,0,,1049,861,1049,https://www.youtube.com/watch?v=q1D9-I1yeL4,1381,110,65,110,https://www.twitch.tv/videos/2864809772
73755322c8e74479864369766f924be1,339,19188,0,0,0,,0,0,0,,0,0,0,,4894,0,0,0,
71f86178cf8545658c5c836c868a3646,337,7144,7,3,77,https://www.youtube.com/watch?v=ZutX15C3900,0,0,0,,7,3,77,https://www.youtube.com/watch?v=ZutX15C3900,1437,306,193,555,https://www.twitch.tv/videos/2873738149
d8520b0d7b424141bf19b3254d264960,336,8734,0,0,0,,0,0,0,,0,0,0,,0,0,0,0,
8fe313c8e0704a29a7a387b47c4f938b,335,11341,241,128,409,https://www.youtube.com/watch?v=I4otPUYMHhg,241,128,409,https://www.youtube.com/watch?v=I4otPUYMHhg,0,0,0,,0,0,0,0,
92b3889a0c304d8fb9eed110bb82c60c,335,17898,0,0,0,,0,0,0,,0,0,0,,0,0,0,0,
a24116ba22c84747818b7be8cd8eb733,334,17719,154,116,1074,https://www.youtube.com/watch?v=20Enz5C6ug4,124,93,511,https://www.youtube.com/watch?v=E8VUpeKSwgY,690,574,1074,https://www.youtube.com/watch?v=20Enz5C6ug4,365,11,8,14,https://www.twitch.tv/videos/2864942786
5c3ea93753724a63b32071a7a580af7b,334,41454,8,4,1815,https://www.youtube.com/watch?v=832ulhu_hCo,0,0,0,,8,4,1815,https://www.youtube.com/watch?v=832ulhu_hCo,1752,25,15,36,https://www.twitch.tv/videos/2873795780
6391e2693fa6464d83fdf5d136596bb0,334,22134,65,40,449,https://www.youtube.com/watch?v=VoHvBzC7AFk,66,40,449,https://www.youtube.com/watch?v=VoHvBzC7AFk,32,25,59,https://www.youtube.com/watch?v=ZuwXGx0n0E8,0,0,0,0,
2e05bf5968cf4b3789a1316f5b05d857,333,67353,0,0,0,,0,0,0,,0,0,0,,0,0,0,0,
b6cc2e3d23f34ba8bbeba181d19a714c,333,6716,0,0,0,,0,0,0,,0,0,0,,4733,932,271,1645,https://www.twitch.tv/videos/2850376440
389bd53524c74c44a32d72279b288b17,333,2909,0,0,0,,0,0,0,,0,0,0,,0,0,0,0,
c4268d9874b14b3282613fa11102ce4b,331,24747,34,15,136,https://www.youtube.com/watch?v=CUHOJ6fhGrw,34,15,136,https://www.youtube.com/watch?v=CUHOJ6fhGrw,0,0,0,,380,31,24,56,https://www.twitch.tv/videos/2868788527
ca4210c7562b479cb3af76082fb70fcd,331,6036,0,0,0,,0,0,0,,0,0,0,,3645,607,255,988,https://www.twitch.tv/videos/2874740161
85340d14d5654ac3b28b39b007a7dea7,331,18016,38,21,75,https://www.youtube.com/watch?v=pfOtO22k-Xc,38,21,75,https://www.youtube.com/watch?v=pfOtO22k-Xc,0,0,0,,0,0,0,0,
5ae7e41f9b9a420d9217a0b2c6755f52,330,3680,0,0,0,,0,0,0,,0,0,0,,0,0,0,0,
2af109d54b1c49968b572aa2b59664ab,330,13114,153,73,186,https://www.youtube.com/watch?v=pG7YJXUTckI,153,73,186,https://www.youtube.com/watch?v=pG7YJXUTckI,0,0,0,,0,0,0,0,
3083d2b8192843958b2852553cb3bc70,330,2794,0,0,0,,0,0,0,,0,0,0,,458,114,84,134,https://www.twitch.tv/videos/2865929882
803435ca691f43a4b02360926fee23d1,327,15471,153,61,269,https://www.youtube.com/watch?v=LupU16Nxu24,153,61,269,https://www.youtube.com/watch?v=LupU16Nxu24,0,0,0,,1533,86,65,198,https://www.twitch.tv/videos/2870046237
876c11fba4af4235857127b9af87093e,327,17193,0,0,0,,0,0,0,,0,0,0,,0,0,0,0,
debdcce813bc48478ac33a0c39f05999,326,7219,344,130,745,https://www.youtube.com/watch?v=wNzMkwU0_OM,344,130,745,https://www.youtube.com/watch?v=wNzMkwU0_OM,0,0,0,,9,0,0,0,
46e65e217ca84bbf8d43b67c3e5a9d90,326,24001,5,1,30,https://www.youtube.com/watch?v=12Z6GzodAYk,0,0,0,,5,1,30,https://www.youtube.com/watch?v=12Z6GzodAYk,230,0,0,0,
82af75b290f44cd8b9a97bc5addaaf58,324,8798,89,40,89,https://www.youtube.com/watch?v=XUq1KB0rkg0,89,40,89,https://www.youtube.com/watch?v=XUq1KB0rkg0,0,0,0,,137,0,0,0,
cbb0ea239d8e4f65a46ada52dfb778e3,324,7277,0,0,0,,0,0,0,,0,0,0,,700,361,193,625,https://www.twitch.tv/videos/2863954136
8c1fe8acf675446ebb2fd046e6396983,323,40757,114,63,1150,https://www.youtube.com/watch?v=EkKJlk20QFw,75,30,116,https://www.youtube.com/watch?v=LMLbNmKK1lw,633,381,1150,https://www.youtube.com/watch?v=EkKJlk20QFw,281,15,11,19,https://www.twitch.tv/videos/2874793512
d859857097fe4e9d90a2d840c0e7fca1,321,20703,0,0,0,,0,0,0,,0,0,0,,247,0,0,0,
0f5e3935971449daa91b654886313110,320,0,0,0,0,,0,0,0,,0,0,0,,2255,0,0,0,
ca161c4e0ef54cd4a311705625caf164,320,11644,0,0,0,,0,0,0,,0,0,0,,2214,0,0,0,
e32b6351f1684034955171b93b1c5e63,319,0,0,0,0,,0,0,0,,0,0,0,,1807,0,0,0,
9add5efb4665440e8e021a9c3ced6095,319,25954,521,281,1311,https://www.youtube.com/watch?v=OIvDBPNw7Lk,0,0,0,,521,281,1311,https://www.youtube.com/watch?v=OIvDBPNw7Lk,0,0,0,0,
8a8a1d0901c04d568be19e2d8bbc9ca1,319,34747,0,0,0,,0,0,0,,0,0,0,,0,0,0,0,
68fd874932e3457989d88d4f7f474260,319,20643,154,77,377,https://www.youtube.com/watch?v=4FpWXfLBWDY,154,77,377,https://www.youtube.com/watch?v=4FpWXfLBWDY,0,0,0,,152,65,52,101,https://www.twitch.tv/videos/2873246135
348b76fa1b194d3d8aa28b17abe8b153,319,1467,507,78,507,https://www.youtube.com/watch?v=73D01XgPZqk,507,78,507,https://www.youtube.com/watch?v=73D01XgPZqk,0,0,0,,0,0,0,0,
e94e1e38a611403192e4db197c2d9d91,317,7069,0,0,0,,0,0,0,,0,0,0,,0,0,0,0,
d39563dd7adf452989791068eaf4524e,316,6930,0,0,0,,0,0,0,,0,0,0,,0,0,0,0,
d88c3cbdb65940e69a3feb152dc93d6d,315,1077,0,0,0,,0,0,0,,0,0,0,,475,0,0,0,
4e4cbcbc0acf410ea5a50e4a6bbafd01,312,4138,6,5,14,https://www.youtube.com/watch?v=HzxWmxuaB8g,0,0,0,,6,5,14,https://www.youtube.com/watch?v=HzxWmxuaB8g,2897,750,527,1376,https://www.twitch.tv/videos/2861165045
9abd60c00f0f412b978a2398b13ac4e8,312,39206,22,4,103,https://www.youtube.com/watch?v=sMwapsFfgWc,103,21,103,https://www.youtube.com/watch?v=sMwapsFfgWc,13,4,22,https://www.youtube.com/watch?v=cwCN_daVwks,0,0,0,0,
b09373e11cc74ed4b58440b9d7368172,312,25271,38,12,74,https://www.youtube.com/watch?v=_XDtjlp2C0Q,38,12,74,https://www.youtube.com/watch?v=_XDtjlp2C0Q,0,0,0,,0,0,0,0,
eabec2cff9fb48cdb79965d77a56f47d,311,21791,210,85,400,https://www.youtube.com/watch?v=TqyxPsi3RtQ,210,85,400,https://www.youtube.com/watch?v=TqyxPsi3RtQ,0,0,0,,0,0,0,0,
79f4c64bde584997bf6ad38afd44b51d,310,22658,0,0,0,,0,0,0,,0,0,0,,176,28,17,50,https://www.twitch.tv/videos/2868468193
33cabb57d2454dfdbdf7453c54429940,310,142762,1069,654,3903,https://www.youtube.com/watch?v=eVtfHipCATo,0,0,0,,1069,654,3903,https://www.youtube.com/watch?v=eVtfHipCATo,817,136,97,368,https://www.twitch.tv/videos/2873972525
8edfda91088642ffabf3b24e079eb039,309,19595,153,62,947,https://www.youtube.com/watch?v=-PcEYm8ij8c,158,74,947,https://www.youtube.com/watch?v=-PcEYm8ij8c,20,19,81,https://www.youtube.com/watch?v=XQdzt6lXBJo,0,0,0,0,
04e61f47cdf542c7b5a3b3ae569fc021,309,3077,0,0,0,,0,0,0,,0,0,0,,877,0,0,0,
6cdaf0b035d04e3794a5accd5ed8b08f,305,2066,131,87,131,https://www.youtube.com/watch?v=7-nrSoWfvsY,0,0,0,,131,87,131,https://www.youtube.com/watch?v=7-nrSoWfvsY,0,0,0,0,
72ee59fb29644f8b88a4dd3d7e91fe39,305,10514,0,0,0,,0,0,0,,0,0,0,,0,0,0,0,
e773129f910c4bd182f3b702c9ec1b55,305,11082,82,15,82,https://www.youtube.com/watch?v=qfdS6EmRB7w,82,15,82,https://www.youtube.com/watch?v=qfdS6EmRB7w,0,0,0,,0,0,0,0,
df6443487ffb4142aea2b053b4aa8db7,304,49706,17,9,120,https://www.youtube.com/watch?v=LMUJIJJugX8,0,0,0,,17,9,120,https://www.youtube.com/watch?v=LMUJIJJugX8,1814,245,162,446,https://www.twitch.tv/videos/2867606311
2e7fa2f9a4ba4ca6a0ea1397839aafca,304,12207,83,49,160,https://www.youtube.com/watch?v=1aVtBduUKNA,83,49,160,https://www.youtube.com/watch?v=1aVtBduUKNA,0,0,0,,0,0,0,0,
4fb207a1a5cb4e27a5774b657ae3f0ee,302,10877,567,319,657,https://www.youtube.com/watch?v=bPGHKLqFzrI,0,0,0,,567,319,657,https://www.youtube.com/watch?v=bPGHKLqFzrI,0,0,0,0,
dfa5fefa546a40d5a677ddfff02ff3e1,302,18441,0,0,0,,0,0,0,,0,0,0,,782,0,0,0,
1895ef1f232d454aa6c18ca7812c794c,301,4605,0,0,0,,0,0,0,,0,0,0,,26,0,0,0,
e6373c7f689c44f8971ca0f83c817789,301,2286,44,16,85,https://www.youtube.com/watch?v=T-jqtgLMkN8,44,16,85,https://www.youtube.com/watch?v=T-jqtgLMkN8,0,0,0,,238,23,14,29,https://www.twitch.tv/videos/2864156188
a13421f0201540ecaccd5c207b15c425,299,17350,174,126,222,https://www.youtube.com/watch?v=nrGO6ZnBxxs,174,126,222,https://www.youtube.com/watch?v=nrGO6ZnBxxs,0,0,0,,0,0,0,0,
2b1ef81172474b6b8409100be2f30da7,299,4918,55,42,95,https://www.youtube.com/watch?v=TEKg9UAVdr0,0,0,0,,55,42,95,https://www.youtube.com/watch?v=TEKg9UAVdr0,2692,2350,1623,2350,https://www.twitch.tv/videos/2867567568
3e7f5f5e829e4d4baca2a8a5916d60e4,299,3427,0,0,0,,0,0,0,,0,0,0,,3044,793,498,1731,https://www.twitch.tv/videos/2866536129
05d19eac5d22427f916e6fa59bf17b3b,299,88297,3,1,400,https://www.youtube.com/watch?v=QEDbsQB8oWU,0,0,0,,3,1,400,https://www.youtube.com/watch?v=QEDbsQB8oWU,2575,214,153,302,https://www.twitch.tv/videos/2870883240
a4a9cd639c7546538ee9635b9a14989d,299,16555,0,0,0,,0,0,0,,0,0,0,,0,0,0,0,
d09b9f800b7940deb1f8a2b58a302f07,299,4292,0,0,0,,0,0,0,,0,0,0,,4278,321,240,932,https://www.twitch.tv/videos/2874075966
8ae87582ab1e4b31bfd38310afda77bd,298,3899,0,0,0,,0,0,0,,0,0,0,,1365,0,0,0,
25619abc5e0d4f79839e48d83234eaf8,298,7608,83,49,160,https://www.youtube.com/watch?v=3yQTDS_rn9E,86,46,160,https://www.youtube.com/watch?v=3yQTDS_rn9E,81,67,81,https://www.youtube.com/watch?v=PIH1U3G53cQ,758,24,17,42,https://www.twitch.tv/videos/2865086793
c9f9ff24ef184b29a58c616412f1dbbc,297,5986,0,0,0,,0,0,0,,0,0,0,,0,0,0,0,
2d2dc667f7a9488092e67b0475dc3774,296,2814,0,0,0,,0,0,0,,0,0,0,,206,0,0,0,
f3757b8d656f48749cada897ce597abc,296,7984,0,0,0,,0,0,0,,0,0,0,,0,0,0,0,
964a0dde279c45ea85ffc6ad5d266206,295,11155,0,0,0,,0,0,0,,0,0,0,,1094,0,0,0,
75eb49d99170441ab784d7bec7378d21,294,14457,302,123,608,https://www.youtube.com/watch?v=9m8YllQLROo,302,123,608,https://www.youtube.com/watch?v=9m8YllQLROo,0,0,0,,1413,0,0,0,
479b23215fd84e0387e4f95c8bdfb127,292,117930,0,0,0,,0,0,0,,0,0,0,,0,0,0,0,
f4935cf7bbb94ae88202ee7ab6d6b92b,292,0,0,0,0,,0,0,0,,0,0,0,,50,0,0,0,
d3a0a421fd184f9fa51856096d01e85b,290,17075,0,0,0,,0,0,0,,0,0,0,,0,0,0,0,
be1bfb3aafb34118808fd5a5c059ffaf,286,28440,0,0,0,,0,0,0,,0,0,0,,488,0,0,0,
15c82034235748649547ada64817a6d1,285,34256,1890,1046,2559,https://www.youtube.com/watch?v=osFEz54JpfE,0,0,0,,1890,1046,2559,https://www.youtube.com/watch?v=osFEz54JpfE,3708,227,186,426,https://www.twitch.tv/videos/2870347230
105f7890339346329ab408f423f617c3,285,16227,0,0,0,,0,0,0,,0,0,0,,4973,2191,888,6342,https://www.twitch.tv/videos/2856713678
5f044942071146cb9ec4b760458a662e,285,0,0,0,0,,0,0,0,,0,0,0,,932,138,106,206,https://www.twitch.tv/videos/2863231282
e53a8beabf5c492388d3352d57dc2bf9,285,6789,199,30,199,https://www.youtube.com/watch?v=j9YRQ6A9CnE,199,30,199,https://www.youtube.com/watch?v=j9YRQ6A9CnE,0,0,0,,0,0,0,0,
aae348caede446649e2ef8b15536119c,283,9939,295,243,334,https://www.youtube.com/watch?v=UkV_EPnqmmw,257,221,257,https://www.youtube.com/watch?v=MAd98Ih-jys,334,265,334,https://www.youtube.com/watch?v=UkV_EPnqmmw,21,0,0,0,
4cebb92683d548089e998ec18a484930,283,13584,75,62,75,https://www.youtube.com/watch?v=9s3Lm4ApMQ4,75,62,75,https://www.youtube.com/watch?v=9s3Lm4ApMQ4,0,0,0,,0,0,0,0,
d2e2645a97a14ce4b58a7884c0e6ec56,282,27353,0,0,0,,0,0,0,,0,0,0,,1296,62,48,160,https://www.twitch.tv/videos/2864132209
1618171723d84cbe8b57cd69fa6f477f,282,38742,0,0,0,,0,0,0,,0,0,0,,749,0,0,0,
7badd33c853240e280db61899f381ff2,282,11178,0,0,0,,0,0,0,,0,0,0,,423,0,0,0,
f40e7d4c2b8b4ea89a6cd017303ca5c0,280,1631,0,0,0,,0,0,0,,0,0,0,,610,106,78,138,https://www.twitch.tv/videos/2864154773
b7155dea3cdc452e9f77df41ccca17bd,280,1326,0,0,0,,0,0,0,,0,0,0,,485,0,0,0,
67b3f32472774d3191ecfea12f60a990,279,11921,292,193,536,https://www.youtube.com/watch?v=LWGGTOepros,292,193,536,https://www.youtube.com/watch?v=LWGGTOepros,0,0,0,,122,12,10,15,https://www.twitch.tv/videos/2871204398
6fa20242354646ad8e8feea8d52e514e,278,6795,0,0,0,,0,0,0,,0,0,0,,0,0,0,0,
279a45d6a8f9445389b9b8cdbcb72ae8,277,25570,0,0,0,,0,0,0,,0,0,0,,293,0,0,0,
1fa9ddce23964bab8edddf7f18dad2f3,277,17423,0,0,0,,0,0,0,,0,0,0,,1719,168,150,293,https://www.twitch.tv/videos/2865011520
94ca3090942d4ca38a71b8f1b65c7343,276,18110,0,0,0,,0,0,0,,0,0,0,,184,0,0,0,
ccf55e42124c46ab828b188fc8c4f947,276,54210,10,9,10,https://www.youtube.com/watch?v=yLa9s-bq_GI,0,0,0,,10,9,10,https://www.youtube.com/watch?v=yLa9s-bq_GI,852,129,91,1091,https://www.twitch.tv/videos/2853280998
33f8f83054e3473d9c8c5e1a3c8e1008,276,9016,44,1,44,https://www.youtube.com/watch?v=XhsSuvBmPNo,44,1,44,https://www.youtube.com/watch?v=XhsSuvBmPNo,0,0,0,,0,0,0,0,
cabc3ddcf7ad46ef9acb4b0951f9b2ba,275,30191,1,0,25,https://www.youtube.com/watch?v=dVz-kQu38k8,0,0,0,,1,0,25,https://www.youtube.com/watch?v=dVz-kQu38k8,1324,150,104,293,https://www.twitch.tv/videos/2871994651
a16471805f7f44f88237b42c79b9f3a2,275,12027,93,29,141,https://www.youtube.com/watch?v=VhoqRBqyCAg,141,38,141,https://www.youtube.com/watch?v=VhoqRBqyCAg,46,21,46,https://www.youtube.com/watch?v=ZLoYyvy9LJE,0,0,0,0,
f72fb9eab9a84db5ba139131d59bdd02,273,41166,1078,287,1078,https://www.youtube.com/watch?v=2AKyA-k4s3k,0,0,0,,1078,287,1078,https://www.youtube.com/watch?v=2AKyA-k4s3k,465,58,39,80,https://www.twitch.tv/videos/2864136707
de5f8aaf92814bb79eb91adb0efc8f1d,272,15886,91,38,509,https://www.youtube.com/watch?v=Dz1aNwfyn3M,91,38,509,https://www.youtube.com/watch?v=Dz1aNwfyn3M,0,0,0,,0,0,0,0,
67252692b4f64f509af6eacffdeafdf9,271,28339,114,24,143,https://www.youtube.com/watch?v=f6PWP0ZdW-E,128,34,143,https://www.youtube.com/watch?v=f6PWP0ZdW-E,51,15,51,https://www.youtube.com/watch?v=M3jvM06rLIQ,0,0,0,0,
f8134b804ccc4123b789e93baa013c7d,271,3366,161,85,515,https://www.youtube.com/watch?v=FMbTos_cbg8,199,100,515,https://www.youtube.com/watch?v=FMbTos_cbg8,155,41,159,https://www.youtube.com/watch?v=9yeea2CQUdQ,0,0,0,0,
0d07fb89672446c3b4a1682131f96f7b,269,23305,107,36,144,https://www.youtube.com/watch?v=SvqgOecyun4,107,36,144,https://www.youtube.com/watch?v=SvqgOecyun4,0,0,0,,0,0,0,0,
a6a155230538488e8488f01160598837,269,17055,0,0,0,,0,0,0,,0,0,0,,0,0,0,0,
03e9bea117bd4b5ba189b48f1617d9bb,268,7803,0,0,0,,0,0,0,,0,0,0,,0,0,0,0,
a3afce163c9341c992f526816d9d5440,267,9475,283,222,770,https://www.youtube.com/watch?v=dVVuNJs7LLs,307,231,770,https://www.youtube.com/watch?v=dVVuNJs7LLs,13,10,13,https://www.youtube.com/watch?v=hiq6VPPLpWk,109,0,0,0,
c91577ba12cd45deb9c8e5c666c290be,266,94917,187,67,368,https://www.youtube.com/watch?v=asupKMNT0gw,187,67,368,https://www.youtube.com/watch?v=asupKMNT0gw,0,0,0,,0,0,0,0,
fbd0d260a09c47b1a9dcc73fd41e7eca,266,3907,6,0,6,https://www.youtube.com/watch?v=T2_MCMKEvQ4,0,0,0,,6,0,6,https://www.youtube.com/watch?v=T2_MCMKEvQ4,6458,129,82,140,https://www.twitch.tv/videos/2866816027
1e62a729ec51448aa89d22adde18b214,265,49345,45,22,846,https://www.youtube.com/watch?v=oSpNJDx4DUA,76,38,846,https://www.youtube.com/watch?v=oSpNJDx4DUA,29,9,63,https://www.youtube.com/watch?v=8THU97Nxc7Y,0,0,0,0,
0c05eca1975b40b3a0b54d3dfd61055d,264,46111,120,16,370,https://www.youtube.com/watch?v=xk7uffPTq1k,0,0,0,,120,16,370,https://www.youtube.com/watch?v=xk7uffPTq1k,2646,92,64,187,https://www.twitch.tv/videos/2870346852
8ad7e8cd45e040f797cf2f1fa9d68976,264,13602,82,32,677,https://www.youtube.com/watch?v=aMNinbFlG2g,84,36,677,https://www.youtube.com/watch?v=aMNinbFlG2g,65,28,68,https://www.youtube.com/watch?v=Rz800CuT3_A,0,0,0,0,
1d9db35aa47c4d2d8bea3fb94afbd1b9,263,11405,129,48,229,https://www.youtube.com/watch?v=6rUFRP-lHRM,125,47,229,https://www.youtube.com/watch?v=6rUFRP-lHRM,140,113,140,https://www.youtube.com/watch?v=C9KibXEBM-A,0,0,0,0,
d2437a12d8e54e858d2bdfa6d4053a9a,262,13147,132,77,715,https://www.youtube.com/watch?v=ejZ58jsV9kM,132,77,307,https://www.youtube.com/watch?v=el0Ewcp34Pk,408,130,715,https://www.youtube.com/watch?v=ejZ58jsV9kM,236,47,42,74,https://www.twitch.tv/videos/2871172441
a76d4171e74448fd9d1a6eaf183be3ff,262,15310,6,5,6,https://www.youtube.com/watch?v=pKrayFd8mLI,0,0,0,,6,5,6,https://www.youtube.com/watch?v=pKrayFd8mLI,844,192,144,195,https://www.twitch.tv/videos/2870337518
f7758d944fd8438a86bfe1235c7bcd17,261,15645,0,0,0,,0,0,0,,0,0,0,,630,0,0,0,
a3452262e11348c88afea4031b0323a8,257,22457,5,2,13,https://www.youtube.com/watch?v=eTlfVhC6aQk,0,0,0,,5,2,13,https://www.youtube.com/watch?v=eTlfVhC6aQk,574,0,0,0,
1c7f2a409f0b4c39aab0400d51fbe93d,255,27030,594,241,1409,https://www.youtube.com/watch?v=F1HuN6BuTGY,509,281,1409,https://www.youtube.com/watch?v=F1HuN6BuTGY,1226,240,1402,https://www.youtube.com/watch?v=rF1guBoq2rE,0,0,0,0,
7c96bbca1c184d70a39ef2a65a0d788c,255,0,0,0,0,,0,0,0,,0,0,0,,581,0,0,0,
cd0b2f63c88e4b4abd5b83296a5d7866,255,3765,0,0,0,,0,0,0,,0,0,0,,3601,0,0,0,
2ff6c25f8e5943d2ac0a6a006f5784c3,254,2466,0,0,0,,0,0,0,,0,0,0,,1585,0,0,0,
3a44da0674144e61bff60415cc09a678,254,7628,35,9,56,https://www.youtube.com/watch?v=hSgNtF-WnS8,35,9,56,https://www.youtube.com/watch?v=hSgNtF-WnS8,0,0,0,,0,0,0,0,
69af139be1d3454c91192d9153e5bb65,253,48081,58,30,309,https://www.youtube.com/watch?v=Pdg4kW0litM,0,0,0,,58,30,309,https://www.youtube.com/watch?v=Pdg4kW0litM,827,162,126,222,https://www.twitch.tv/videos/2870294466
47cd428eee8640cb80afaa4ef9bb55e0,250,17863,0,0,0,,0,0,0,,0,0,0,,1693,153,97,320,https://www.twitch.tv/videos/2873064230
0e516fd1e97a4c58bad3afb6469748d4,249,3424,0,0,0,,0,0,0,,0,0,0,,566,0,0,0,
7a184a9a63cd425a9319691e20e3b148,248,3597,593,518,673,https://www.youtube.com/watch?v=qm8btpbxh5k,570,507,673,https://www.youtube.com/watch?v=qm8btpbxh5k,616,555,616,https://www.youtube.com/watch?v=9ig8xjZT2Wk,88,34,29,144,https://www.twitch.tv/videos/2872907787
5d23e69300534fe6aa678d75573381ea,247,2216,0,0,0,,0,0,0,,0,0,0,,0,0,0,0,
68671ee09add4d87b8038acebc5b48a4,246,20742,962,495,1811,https://www.youtube.com/watch?v=nbBo1bfDcMk,0,0,0,,962,495,1811,https://www.youtube.com/watch?v=nbBo1bfDcMk,1128,128,90,164,https://www.twitch.tv/videos/2873988934
90a8ac8d7653460298ba85cb7e4d3bc9,246,3363,0,0,0,,0,0,0,,0,0,0,,55,0,0,0,
777608b04fa74a42975497f6273ed6f9,243,12683,3,2,91,https://www.youtube.com/watch?v=rAEiGeLLYFM,0,0,0,,3,2,91,https://www.youtube.com/watch?v=rAEiGeLLYFM,3104,548,344,643,https://www.twitch.tv/videos/2868656961
3e86fddd8145474691e77ba761a6b2a5,241,37851,0,0,0,,0,0,0,,0,0,0,,1056,0,0,0,
e7ac18c2e713426692cfd0ef7fe2b897,241,0,0,0,0,,0,0,0,,0,0,0,,148,0,0,0,
1ccf3d7852d34137b9cc70343dcc41bf,240,110041,0,0,0,,0,0,0,,0,0,0,,111,0,0,0,
ad94d8048eb443248e4f2161201a938d,239,8928,334,297,1292,https://www.youtube.com/watch?v=OLAlKQn7-ko,0,0,0,,334,297,1292,https://www.youtube.com/watch?v=OLAlKQn7-ko,19,0,0,0,
71da2daf84a546c39399adf6ca44aac1,238,20536,145,83,229,https://www.youtube.com/watch?v=0to_vEB54M8,145,83,229,https://www.youtube.com/watch?v=0to_vEB54M8,0,0,0,,367,38,33,59,https://www.twitch.tv/videos/2864979238
d8b5835bc6aa46119cc7ddd4447e780f,237,36504,0,0,0,,0,0,0,,0,0,0,,2035,102,75,243,https://www.twitch.tv/videos/2870191959
d198a42f93d84e9ca061a72243d142cc,236,118150,0,0,0,,0,0,0,,0,0,0,,549,27,11,40,https://www.twitch.tv/videos/2860574536
af89613e72874e219c00ab0c89b6c641,234,53731,84,44,124,https://www.youtube.com/watch?v=Ow-Tt6qgcC8,84,44,124,https://www.youtube.com/watch?v=Ow-Tt6qgcC8,0,0,0,,11,0,0,0,
d4bd6ed12ee746a8978434ee5b14dd27,234,62950,2,1,16,https://www.youtube.com/watch?v=fK9vAn2XmlQ,0,0,0,,2,1,16,https://www.youtube.com/watch?v=fK9vAn2XmlQ,554,52,40,98,https://www.twitch.tv/videos/2872788951
dc27d7819dac471f907e0ace5131580f,234,5938,0,0,0,,0,0,0,,0,0,0,,1487,304,57,491,https://www.twitch.tv/videos/2850226354
5aca9ae61bba473b96998fee811d155e,233,41264,236,81,328,https://www.youtube.com/watch?v=DtIdOhG10Ic,236,81,236,https://www.youtube.com/watch?v=0g2b0UhPzGU,173,167,328,https://www.youtube.com/watch?v=DtIdOhG10Ic,0,0,0,0,
25b5885afcdc4430be0d822464ccff91,233,3717,26,6,26,https://www.youtube.com/watch?v=HYZcN33E_TE,26,6,26,https://www.youtube.com/watch?v=HYZcN33E_TE,0,0,0,,345,18,12,22,https://www.twitch.tv/videos/2864975379
463e3994840145618264d41fa3eaf344,233,16183,96,33,248,https://www.youtube.com/watch?v=lCtitcbgyG0,106,48,248,https://www.youtube.com/watch?v=lCtitcbgyG0,41,28,71,https://www.youtube.com/watch?v=_Nsx9C9UD6U,0,0,0,0,
1d0201167f5445e8b410a8f311e54133,232,28076,18,16,18,https://www.youtube.com/watch?v=T4Kzx4jclzU,0,0,0,,18,16,18,https://www.youtube.com/watch?v=T4Kzx4jclzU,157,0,0,0,
c274c90379ca4e57a79251976cda3e54,231,8983,0,0,0,,0,0,0,,0,0,0,,318,0,0,0,
aad41e66df77481baac0825033d81487,230,59528,35,18,206,https://www.youtube.com/watch?v=5n_VCWt9Czk,31,10,31,https://www.youtube.com/watch?v=xHUEsGQmRb4,38,26,206,https://www.youtube.com/watch?v=5n_VCWt9Czk,0,0,0,0,
fdbcdd7db6b04ed4b2336b1b3da66564,230,20663,0,0,0,,0,0,0,,0,0,0,,427,122,96,298,https://www.twitch.tv/videos/2870325637
bf6401d2159c40a8a616defa8c2c4a66,230,25598,0,0,0,,0,0,0,,0,0,0,,817,0,0,0,
4761f02fc96244dfa816e1333a2a11b2,230,1892,336,183,899,https://www.youtube.com/watch?v=VD8Pa59I3B8,370,201,899,https://www.youtube.com/watch?v=VD8Pa59I3B8,187,67,187,https://www.youtube.com/watch?v=efu6HDMHgyc,0,0,0,0,
42d2b255295b468dafe439394130ae11,229,12405,0,0,0,,0,0,0,,0,0,0,,943,0,0,0,
451cf387126b426a89e3db63676c84b0,229,37942,566,178,1506,https://www.youtube.com/watch?v=_bX5ls2opDc,261,127,1506,https://www.youtube.com/watch?v=_bX5ls2opDc,1010,266,1213,https://www.youtube.com/watch?v=ajEW4t0QgeY,0,0,0,0,
7bebabbe96a34368aa03da163e3da313,228,30178,54,36,54,https://www.youtube.com/watch?v=J7gZ6RJ_9w0,54,36,54,https://www.youtube.com/watch?v=J7gZ6RJ_9w0,0,0,0,,0,0,0,0,
98619914a2eb4b07bd6bc0a02066e455,224,5747,10,0,10,https://www.youtube.com/watch?v=LBBtm5FhlU4,0,0,0,,10,0,10,https://www.youtube.com/watch?v=LBBtm5FhlU4,1362,311,248,505,https://www.twitch.tv/videos/2867619134
74d00f89697a43e6801463c71fb37172,224,29182,137,62,718,https://www.youtube.com/watch?v=3YSw2Cxp3NQ,137,62,718,https://www.youtube.com/watch?v=3YSw2Cxp3NQ,0,0,0,,85,59,35,134,https://www.twitch.tv/videos/2874675343
af82ee4712aa4d6c9c4100591a8a3163,224,3233,0,0,0,,0,0,0,,0,0,0,,633,0,0,0,
156aba6fe34b4d648a3fd210550963c7,223,1042,0,0,0,,0,0,0,,0,0,0,,92,0,0,0,
9b37ec730a37424799c01f1bb2fa829c,223,9059,167,52,1216,https://www.youtube.com/watch?v=Lbfrose8V10,153,52,391,https://www.youtube.com/watch?v=M8266M569zA,170,85,1216,https://www.youtube.com/watch?v=Lbfrose8V10,0,0,0,0,
11452593b92b45dcbbf804ddc2a513f8,223,47144,1212,330,10044,https://www.youtube.com/watch?v=sOgYvQ82koY,0,0,0,,1212,330,10044,https://www.youtube.com/watch?v=sOgYvQ82koY,0,0,0,0,
08d8f03223a54fb3807d49fb7c30b434,223,15717,258,146,686,https://www.youtube.com/watch?v=H-R99hcQiYI,258,146,686,https://www.youtube.com/watch?v=H-R99hcQiYI,0,0,0,,114,0,0,0,
a0b5f8b54a534dfcb66154002e97e4cc,223,0,0,0,0,,0,0,0,,0,0,0,,155,0,0,0,
d564dc69725f4258b8b08d8d5df285a8,222,10048,119,113,119,https://www.youtube.com/watch?v=o5z7BG8Sx_0,0,0,0,,119,113,119,https://www.youtube.com/watch?v=o5z7BG8Sx_0,73,0,0,0,
52d8a731a7634e529ba986ae40ce6526,220,17644,0,0,0,,0,0,0,,0,0,0,,895,169,131,210,https://www.twitch.tv/videos/2869364257
afec285390344f2a966c2c39c1e6984d,220,0,0,0,0,,0,0,0,,0,0,0,,0,0,0,0,
d8fa0fb407c043cb9b65ab66c2221e8d,219,70507,0,0,3,https://www.youtube.com/watch?v=csld7uR3Ydw,0,0,0,,0,0,3,https://www.youtube.com/watch?v=csld7uR3Ydw,2261,30,19,71,https://www.twitch.tv/videos/2867838983
9eb1907910c148d980f8b8c0c84f4d26,219,6914,859,484,1373,https://www.youtube.com/watch?v=7TUGaaYZsK8,0,0,0,,859,484,1373,https://www.youtube.com/watch?v=7TUGaaYZsK8,308,137,105,137,https://www.twitch.tv/videos/2869464939
3986345f7cae4fc5ba3b7fd3a8dceba0,218,1025,0,0,0,,0,0,0,,0,0,0,,1203,0,0,0,
c56801a52568414ca54724a3c24c3417,216,19917,0,0,0,,0,0,0,,0,0,0,,2205,0,0,0,
12479712313d4ddda715483e1f93ee9d,215,4487,0,0,0,,0,0,0,,0,0,0,,0,0,0,0,
47d591738d2449a496e7ce140b539662,213,798,0,0,0,,0,0,0,,0,0,0,,2149,246,193,389,https://www.twitch.tv/videos/2871703342
3dc59c2e8b424c9e812fb48048ebdef8,213,7674,2,0,119,https://www.youtube.com/watch?v=fpz1Ahl0BDY,0,0,0,,2,0,119,https://www.youtube.com/watch?v=fpz1Ahl0BDY,1548,100,71,241,https://www.twitch.tv/videos/2872310261
de8c5ca15afd4534a822e5a1a9c2784e,213,1541,0,0,0,,0,0,0,,0,0,0,,2248,231,187,364,https://www.twitch.tv/videos/2863246546
d46a06f4c654403e8b6376f7eda6f6ba,212,10493,209,168,209,https://www.youtube.com/watch?v=Oi3nHlYY4bc,209,168,209,https://www.youtube.com/watch?v=Oi3nHlYY4bc,0,0,0,,0,0,0,0,
cfe0c2386d794c229d71c5a6a7e28333,211,15834,13,6,19,https://www.youtube.com/watch?v=_itgpKHi-wY,0,0,0,,13,6,19,https://www.youtube.com/watch?v=_itgpKHi-wY,0,0,0,0,
3082cc9c2e124fb3bf77cc799590042e,211,17795,94,67,106,https://www.youtube.com/watch?v=9AFd3oDDhT4,94,67,106,https://www.youtube.com/watch?v=9AFd3oDDhT4,0,0,0,,0,0,0,0,
ae5f14abe86f4c62a9f6da7f6fa6cdc4,210,8963,266,79,1000,https://www.youtube.com/watch?v=CZgh2KH0cF8,0,0,0,,266,79,1000,https://www.youtube.com/watch?v=CZgh2KH0cF8,0,0,0,0,
54ea240f1bf1471981684464081645e7,210,4076,0,0,0,,0,0,0,,0,0,0,,354,0,0,0,
03265829bf6d4e1eb09e58b1ec4093bc,209,4125,0,0,0,,0,0,0,,0,0,0,,0,0,0,0,
bed176f79b074789ba4d21c90ca54a9c,209,6451,0,0,0,,0,0,0,,0,0,0,,5425,220,128,529,https://www.twitch.tv/videos/2871863312
8814a6eccdd04fa6bf2f8201f12bf8ae,208,3845,0,0,0,,0,0,0,,0,0,0,,346,0,0,0,
05970b8580b4433d9afb8769568d2276,207,6010,0,0,0,,0,0,0,,0,0,0,,9,0,0,0,
14b644d58ff14ef1b491ef3d451e9e06,207,1033,0,0,0,,0,0,0,,0,0,0,,3369,122,72,177,https://www.twitch.tv/videos/2864947548
f1d9ff59d3d74b0ebb4268de53698dbf,206,6399,0,0,0,,0,0,0,,0,0,0,,727,0,0,0,
ea5ee3c6c8d24db78cdad9e18558f1c5,205,7046,205,104,1334,https://www.youtube.com/watch?v=hUernekwGCo,200,102,449,https://www.youtube.com/watch?v=hDTciw3aVHM,1334,887,1334,https://www.youtube.com/watch?v=hUernekwGCo,0,0,0,0,
a5ced44a2bb74575a9cf9ea48f9ec890,205,9007,0,0,0,,0,0,0,,0,0,0,,0,0,0,0,
865ef104e1784d878871c819452a63dd,205,2665,99,34,153,https://www.youtube.com/watch?v=YLKoNnaZGTA,99,34,153,https://www.youtube.com/watch?v=YLKoNnaZGTA,0,0,0,,77,0,0,0,
5949eae32b844c9e873474efb19f4e6d,204,6141,0,0,0,,0,0,0,,0,0,0,,0,0,0,0,
afb9c6f2f93040d0a0227405b9d17bde,203,295939,519,163,1663,https://www.youtube.com/watch?v=syRd7K3J50A,0,0,0,,519,163,1663,https://www.youtube.com/watch?v=syRd7K3J50A,536,100,69,191,https://www.twitch.tv/videos/2863095901
3c9899af7c104ea08eb0baa4ee565076,203,2433,0,0,0,,0,0,0,,0,0,0,,709,67,47,79,https://www.twitch.tv/videos/2870845347
699b0baa82d0413aa073155683edcd56,203,8149,2,0,722,https://www.youtube.com/watch?v=pdCoCgb27dg,0,0,0,,2,0,722,https://www.youtube.com/watch?v=pdCoCgb27dg,2217,70,67,326,https://www.twitch.tv/videos/2872147656
513641895d9a4fbca3b19aeb63d28915,203,10144,603,329,1172,https://www.youtube.com/watch?v=vtVY-O1i9Lk,0,0,0,,603,329,1172,https://www.youtube.com/watch?v=vtVY-O1i9Lk,1384,384,217,608,https://www.twitch.tv/videos/2862457910
43e078503ebd44ae9f83abc9399647ca,202,50256,1319,465,2367,https://www.youtube.com/watch?v=xMXv_GtvsfU,0,0,0,,1319,465,2367,https://www.youtube.com/watch?v=xMXv_GtvsfU,7829,716,350,1066,https://www.twitch.tv/videos/2852332802
64677f13935847cca3e2e6670a89d9a8,199,2995,133,84,298,https://www.youtube.com/watch?v=_6hiZ8Hzc5Q,133,84,298,https://www.youtube.com/watch?v=_6hiZ8Hzc5Q,0,0,0,,470,30,23,98,https://www.twitch.tv/videos/2873004573
b26f99bf43154619ba4d4a588a9da3ce,199,32422,711,267,1199,https://www.youtube.com/watch?v=Eb8_ZQ4MlTs,555,195,1198,https://www.youtube.com/watch?v=gl92UihLb9o,1199,338,1199,https://www.youtube.com/watch?v=Eb8_ZQ4MlTs,0,0,0,0,
0024f8db99514a76bc5d5db1004c9bf4,198,5546,94,9,848,https://www.youtube.com/watch?v=xMaXWWvOdt4,0,0,0,,94,9,848,https://www.youtube.com/watch?v=xMaXWWvOdt4,522,63,47,187,https://www.twitch.tv/videos/2865403084
949f184abcc84a82b8e9f333b41a2109,195,10966,8,4,69,https://www.youtube.com/watch?v=D0-BpJm3zVE,0,0,0,,8,4,69,https://www.youtube.com/watch?v=D0-BpJm3zVE,2609,536,232,1114,https://www.twitch.tv/videos/2865060517
48e968abd77d434db31de0f0bb8d92a1,194,11006,0,0,0,,0,0,0,,0,0,0,,603,19,12,25,https://www.twitch.tv/videos/2872146817
936b7b3d4250469d94b53ebc7e4936f6,193,242084,0,0,0,,0,0,0,,0,0,0,,1194,180,66,333,https://www.twitch.tv/videos/2862237846
021eaf7cecfa4416b759fcc310f7b15a,192,8684,0,0,0,,0,0,0,,0,0,0,,226,52,41,98,https://www.twitch.tv/videos/2869338210
f30f6a2e994641b5af169b97f2aad13b,192,6977,0,0,0,,0,0,0,,0,0,0,,556,0,0,0,
26e2e1583d404f48b879375ef74ae33a,191,9113,15,13,15,https://www.youtube.com/watch?v=5qttvfSL-60,15,13,15,https://www.youtube.com/watch?v=5qttvfSL-60,0,0,0,,0,0,0,0,
eb001c0b038d4833b28c1026e04fdb89,190,8107,343,159,1461,https://www.youtube.com/watch?v=iW_vxojuMf8,0,0,0,,343,159,1461,https://www.youtube.com/watch?v=iW_vxojuMf8,1233,248,175,382,https://www.twitch.tv/videos/2868638748
698d1cca0e1f417892c954dabe0aacf8,189,782,0,0,0,,0,0,0,,0,0,0,,2289,0,0,0,
98c577d538f84d75a3c34e0f9d13c8a3,187,13481,0,0,0,,0,0,0,,0,0,0,,286,47,33,102,https://www.twitch.tv/videos/2869532624
25f3eb5a85784e0e9f59f45ae775badd,187,10312,0,0,0,,0,0,0,,0,0,0,,0,0,0,0,
202d7c3df0a0489288ace48e1e81ac9f,186,4642,0,0,0,,0,0,0,,0,0,0,,76,0,0,0,
6d76e6b27f164061a216ec2831bd8dd3,185,0,0,0,0,,0,0,0,,0,0,0,,1204,114,98,114,https://www.twitch.tv/videos/2872102533
47a57b51af1a482ead79df1698db2c70,185,7887,0,0,0,,0,0,0,,0,0,0,,0,0,0,0,
9a7b047b85ae4227af74a0e200c3abc9,184,48790,1235,354,1588,https://www.youtube.com/watch?v=T4SFquu4tVs,0,0,0,,1235,354,1588,https://www.youtube.com/watch?v=T4SFquu4tVs,782,36,23,52,https://www.twitch.tv/videos/2873936619
7a7e366c81d54d03a07cb2c6cb382884,182,6318,0,0,0,,0,0,0,,0,0,0,,0,0,0,0,
bad9c0bc10404089a32d6b4b8346fc0e,180,87856,32,13,48,https://www.youtube.com/watch?v=F16ecd2kRes,32,13,48,https://www.youtube.com/watch?v=F16ecd2kRes,0,0,0,,0,0,0,0,
3442df03030941b0933077faf6a75c6a,180,10011,0,0,0,,0,0,0,,0,0,0,,732,94,69,123,https://www.twitch.tv/videos/2869422834
9b9409f309a54c54bf6225f43eae1167,180,6328,0,0,0,,0,0,0,,0,0,0,,2112,192,172,301,https://www.twitch.tv/videos/2866945176
93cd49107c8c46d0b6b185c382900d1e,180,2061,6,0,19,https://www.youtube.com/watch?v=_eno6cO0tTc,8,1,19,https://www.youtube.com/watch?v=_eno6cO0tTc,3,0,5,https://www.youtube.com/watch?v=wAxDEP69x-o,11,0,0,0,
67dc6d443cff47a4bc6a31a56e8b72f5,178,19665,121,102,621,https://www.youtube.com/watch?v=f5fsktsoy5k,121,102,621,https://www.youtube.com/watch?v=f5fsktsoy5k,0,0,0,,0,0,0,0,
ad6455da071543ab88cd4855a11cf39b,178,6978,79,24,82,https://www.youtube.com/watch?v=Wk35LUeUFt0,79,24,82,https://www.youtube.com/watch?v=Wk35LUeUFt0,0,0,0,,0,0,0,0,
7ee7164af0d645a18422350715a1eef0,175,407,0,0,0,,0,0,0,,0,0,0,,352,0,0,0,
6cdc57bc89cc4b7f9c9d848fd5b0d031,175,25997,0,0,0,,0,0,0,,0,0,0,,0,0,0,0,
d93ec185504e45e2894865980da489a9,175,3569,9,7,84,https://www.youtube.com/watch?v=pxl873Hq__4,0,0,0,,9,7,84,https://www.youtube.com/watch?v=pxl873Hq__4,1820,283,174,311,https://www.twitch.tv/videos/2864998940
a3bbe09809e141e5b0658a79ba63f977,175,14522,12,5,116,https://www.youtube.com/watch?v=l3pZw7GEpv0,0,0,0,,12,5,116,https://www.youtube.com/watch?v=l3pZw7GEpv0,403,7,4,14,https://www.twitch.tv/videos/2872129386
c29627e1a48a4ea8b21c858aba1836d0,175,6775,0,0,0,,0,0,0,,0,0,0,,548,159,126,232,https://www.twitch.tv/videos/2863306929
58f233e089ca45c8bc1969b471183766,174,25874,164,56,249,https://www.youtube.com/watch?v=NV19-10VcPY,164,56,249,https://www.youtube.com/watch?v=NV19-10VcPY,0,0,0,,0,0,0,0,
868a7d0a1ef94befa5205a21fb65d7d5,173,2887,0,0,0,,0,0,0,,0,0,0,,4600,181,137,337,https://www.twitch.tv/videos/2864666014
604dc5a26bb54f3d8a69c9df659d23d7,173,6158,0,0,0,,0,0,0,,0,0,0,,830,41,29,80,https://www.twitch.tv/videos/2863868316
b2ec8ce2ab124618ae1b1af2cd85ce23,173,2950,24,1,43,https://www.youtube.com/watch?v=Lv-zHv8Inrc,0,0,0,,24,1,43,https://www.youtube.com/watch?v=Lv-zHv8Inrc,275,0,0,0,
288ba70f1a044c72a65ed9cf3b425d13,173,20514,88,43,252,https://www.youtube.com/watch?v=NiMh3dasdQk,88,43,252,https://www.youtube.com/watch?v=NiMh3dasdQk,0,0,0,,0,0,0,0,
591654ee39c147ffaa77a531a81a6eda,173,14197,27,15,136,https://www.youtube.com/watch?v=coHhnzb2TWQ,27,15,136,https://www.youtube.com/watch?v=coHhnzb2TWQ,0,0,0,,704,16,12,33,https://www.twitch.tv/videos/2867760357
844adbe9800c4c52863267075afd2c7f,172,8896,0,0,0,,0,0,0,,0,0,0,,254,0,0,0,
74a8b2325c0c4b158dd12377bff187c8,172,1962,0,0,0,,0,0,0,,0,0,0,,0,0,0,0,
a91c83dff0c94387aa2c11e597424517,172,11137,0,0,0,,0,0,0,,0,0,0,,266,45,39,93,https://www.twitch.tv/videos/2866619838
bb21226dc1db41e294f545133948115b,172,17586,0,0,0,,0,0,0,,0,0,0,,851,0,0,0,
cd38e82545b04cb8a3e047fe41f2ba40,172,1397,0,0,0,,0,0,0,,0,0,0,,1106,283,121,714,https://www.twitch.tv/videos/2852077263
b850c220033a4b6d83c9b9b70b04647b,171,3765,0,0,0,,0,0,0,,0,0,0,,198,0,0,0,
56e0088d20b04a059da9932476fc9a5b,170,21291,0,0,0,,0,0,0,,0,0,0,,2553,0,0,0,
0c97b425059d4ac893cae0f804f4ccbc,166,11081,0,0,0,,0,0,0,,0,0,0,,0,0,0,0,
c08ae8d7412d407c8b233f6e445d081c,166,3547,1,0,16,https://www.youtube.com/watch?v=qDyZFDhxFTc,0,0,0,,1,0,16,https://www.youtube.com/watch?v=qDyZFDhxFTc,740,47,29,71,https://www.twitch.tv/videos/2871876516
fced951d6a344a27b59e422984ead36d,165,31870,0,0,0,,0,0,0,,0,0,0,,0,0,0,0,
f958b1a87ecd4bfab42ba0d1443bfa61,164,11468,5,3,94,https://www.youtube.com/watch?v=IFT_rFIlwHI,5,3,94,https://www.youtube.com/watch?v=IFT_rFIlwHI,0,0,0,,551,51,36,65,https://www.twitch.tv/videos/2864927309
fe1731a49d43440391f571347747604c,163,2866,0,0,0,,0,0,0,,0,0,0,,1355,208,172,231,https://www.twitch.tv/videos/2874791593
06f1c7339e1c47ecb69ea7385f4635a1,163,35822,43,32,144,https://www.youtube.com/watch?v=Skn01N5gepY,43,32,144,https://www.youtube.com/watch?v=Skn01N5gepY,0,0,0,,539,172,131,252,https://www.twitch.tv/videos/2864083751
3475b2087d9a4d799c10bd3ac5f45437,162,963,0,0,0,,0,0,0,,0,0,0,,1200,94,51,116,https://www.twitch.tv/videos/2863234764
2bb0e68d998d4b2bbfc79557a233fb33,162,26651,266,127,1228,https://www.youtube.com/watch?v=M7Ch9Q7eH08,253,82,1079,https://www.youtube.com/watch?v=WBGB0WcMXb0,348,169,1228,https://www.youtube.com/watch?v=M7Ch9Q7eH08,131,19,11,37,https://www.twitch.tv/videos/2864087350
6481e646412745d3b2fa38255cef0da4,162,7904,0,0,0,,0,0,0,,0,0,0,,590,0,0,0,
70ab761191014a39b7d090541f785cd2,160,11978,35,7,129,https://www.youtube.com/watch?v=eU3KghWatSo,35,7,129,https://www.youtube.com/watch?v=eU3KghWatSo,0,0,0,,184,53,40,228,https://www.twitch.tv/videos/2870947185
46821555a7af41e4aa70fe0fabd8a4f6,160,9572,46,42,663,https://www.youtube.com/watch?v=4i4jmYJVmQI,46,42,663,https://www.youtube.com/watch?v=4i4jmYJVmQI,0,0,0,,668,0,0,0,
07dce34bcae849989c379d5c13ff4904,160,3531,27,25,27,https://www.youtube.com/watch?v=J31KoGpdbqE,0,0,0,,27,25,27,https://www.youtube.com/watch?v=J31KoGpdbqE,1974,455,183,106719,https://www.twitch.tv/videos/2873939257
3040b4d9d4374815a4e0af0c887a42fc,160,20539,0,0,0,,0,0,0,,0,0,0,,1531,269,162,350,https://www.twitch.tv/videos/2871993721
beed2aaeebc9439895feb2aff3c9e641,160,8576,7,2,7,https://www.youtube.com/watch?v=SWqS1Rm3P0M,0,0,0,,7,2,7,https://www.youtube.com/watch?v=SWqS1Rm3P0M,0,0,0,0,
edfed5b0978a4fb98f94319bfc639d98,160,1228,0,0,0,,0,0,0,,0,0,0,,1231,292,212,421,https://www.twitch.tv/videos/2868470786
4d96aeef13f949e19026682e337db138,159,3387,0,0,0,,0,0,0,,0,0,0,,2619,0,0,0,
e739323b76994f8abcca757db52a440d,159,10783,319,33,319,https://www.youtube.com/watch?v=7M-2xvXiI98,319,33,319,https://www.youtube.com/watch?v=7M-2xvXiI98,0,0,0,,0,0,0,0,
d9b8f1ac9c93423fa62e8073a8173d30,158,22119,413,146,1181,https://www.youtube.com/watch?v=AxpS7VzYK0A,401,144,1181,https://www.youtube.com/watch?v=AxpS7VzYK0A,413,180,983,https://www.youtube.com/watch?v=gvsysKD15JA,0,0,0,0,
e6d7ea2833a1477aab8dfa3d4f4936fb,157,4431,0,0,0,,0,0,0,,0,0,0,,1558,304,199,791,https://www.twitch.tv/videos/2864023857
cf100db6a3dc4010b32802b75f5abc14,157,13804,13,3,472,https://www.youtube.com/watch?v=FHxwLkrTKKY,75,35,324,https://www.youtube.com/watch?v=-OVzeMnlkOA,2,0,472,https://www.youtube.com/watch?v=FHxwLkrTKKY,0,0,0,0,
dc97af965a4942d281cc7365805233f1,157,3244,0,0,0,,0,0,0,,0,0,0,,71,0,0,0,
6a915915ad2a4d29b524ebd50f2dbbe4,156,1560,0,0,0,,0,0,0,,0,0,0,,1625,85,64,90,https://www.twitch.tv/videos/2870280822
67c533576c474a0d9897f62964cef71c,155,4641,0,0,0,,0,0,0,,0,0,0,,335,56,33,74,https://www.twitch.tv/videos/2865667902
a8bee4c680a54cf29b34d90bf7230ab1,155,2802,0,0,0,,0,0,0,,0,0,0,,1892,0,0,0,
5fdd1d15cf404c918b0f697baff04218,154,38692,0,0,0,,0,0,0,,0,0,0,,2747,552,389,876,https://www.twitch.tv/videos/2864146380
9cb41588918b4fcf9d8e21ce0b6896c6,154,12625,696,401,1251,https://www.youtube.com/watch?v=YqyLwcH_DRU,262,258,262,https://www.youtube.com/watch?v=lg66noZwM64,704,437,1251,https://www.youtube.com/watch?v=YqyLwcH_DRU,71,112,108,112,https://www.twitch.tv/videos/2874759276
f42472ba115a480ab309612af9ae29cf,153,5604,49,16,63,https://www.youtube.com/watch?v=6M8tOev3pNM,49,16,63,https://www.youtube.com/watch?v=6M8tOev3pNM,0,0,0,,0,0,0,0,
290bbaa329eb45b1a267bfd7e35c3b14,153,0,0,0,0,,0,0,0,,0,0,0,,445,0,0,0,
821713a01e5a4f1787926fb48dbf7302,153,11770,66,35,383,https://www.youtube.com/watch?v=f9Zo2uS5Q90,68,32,383,https://www.youtube.com/watch?v=f9Zo2uS5Q90,66,44,66,https://www.youtube.com/watch?v=8DPyX8SBLXA,0,0,0,0,
8b1758159f754a3a8d7f26dcf12c008f,151,7164,0,0,0,,0,0,0,,0,0,0,,0,0,0,0,
41e1aa0eab8d4ec5a4010833581f5b92,150,2792,0,0,0,,0,0,0,,0,0,0,,91,0,0,0,
2f2a88438aee4a5e842f186bcdc05128,148,12494,0,0,0,,0,0,0,,0,0,0,,79,0,0,0,
6d36ce9cdedb4806ad5c00a3496b9e4f,148,3581,1405,800,1405,https://www.youtube.com/watch?v=KoNXpkF-g0w,0,0,0,,1405,800,1405,https://www.youtube.com/watch?v=KoNXpkF-g0w,2559,716,261,77137,https://www.twitch.tv/videos/2869123737
46a16e41f2af4523adeb4556f2e0b0d5,147,3287,0,0,0,,0,0,0,,0,0,0,,8386,0,0,0,
98fd913e544f4725afdd28ad05f3e737,146,12427,0,0,0,,0,0,0,,0,0,0,,0,0,0,0,
ff170a57c74545c7977b64a6d82981af,146,18745,80,50,148,https://www.youtube.com/watch?v=wLF9daiJIR4,78,50,115,https://www.youtube.com/watch?v=kuLU6pEa9VI,96,40,148,https://www.youtube.com/watch?v=wLF9daiJIR4,0,0,0,0,
8bca20c5a14c42fc94288fcf3d9c3667,146,4509,74,36,178,https://www.youtube.com/watch?v=H12SKSZJOSM,82,39,178,https://www.youtube.com/watch?v=H12SKSZJOSM,58,4,58,https://www.youtube.com/watch?v=6SSk1g9BjLw,58,0,0,0,
2d3deb7610dd4329ba77597dfdd13043,145,27099,1543,1376,1809,https://www.youtube.com/watch?v=Vk4MOKsIVmQ,0,0,0,,1543,1376,1809,https://www.youtube.com/watch?v=Vk4MOKsIVmQ,2017,282,106,479,https://www.twitch.tv/videos/2873826408
521d3e3d5e6e410aababfb8f290749b6,145,2539,6,0,6,https://www.youtube.com/watch?v=iKOzD4xTYJk,0,0,0,,6,0,6,https://www.youtube.com/watch?v=iKOzD4xTYJk,369,0,0,0,
7ccac8385e2d41f69aab04b7f2b23cac,145,5262,0,0,0,,0,0,0,,0,0,0,,1341,0,0,0,
240c765d12ae40ab85e53fb39eb22b03,144,2644,12,11,12,https://www.youtube.com/watch?v=9Xc6GYuKvs0,0,0,0,,12,11,12,https://www.youtube.com/watch?v=9Xc6GYuKvs0,4415,124,81,126,https://www.twitch.tv/videos/2870142172
9b6ebeb957fe4fed84a5472b6b3bd13c,144,17101,0,0,0,,0,0,0,,0,0,0,,1228,188,142,240,https://www.twitch.tv/videos/2864230942
a84b1b6deabc462b9cf994fd02304b5b,143,876,0,0,0,,0,0,0,,0,0,0,,1702,0,0,0,
c8672ebbfe37442788c48d9a8399fc7b,142,25086,0,0,0,,0,0,0,,0,0,0,,951,112,78,290,https://www.twitch.tv/videos/2872196786
f55b426f2ceb419d964d1d1bcd3860e9,141,8303,375,352,375,https://www.youtube.com/watch?v=SSwTZGnQ4VI,0,0,0,,375,352,375,https://www.youtube.com/watch?v=SSwTZGnQ4VI,0,0,0,0,
eac3578c689d48b493103c11e2b16c5e,141,15998,0,0,0,,0,0,0,,0,0,0,,928,0,0,0,
a1a4762aa1eb4d95be1c0c7a528a8336,139,11085,1,0,1084,https://www.youtube.com/watch?v=XXTUK7FtGw4,0,0,0,,1,0,1084,https://www.youtube.com/watch?v=XXTUK7FtGw4,1867,72,65,94,https://www.twitch.tv/videos/2872187312
1ea0189fc3ce47fb9461b6cab10d78fe,139,2892,0,0,0,,0,0,0,,0,0,0,,144,0,0,0,
135224fe261040639a802804b52f22db,137,0,0,0,0,,0,0,0,,0,0,0,,627,20,13,31,https://www.twitch.tv/videos/2866650060
061fa27713ec453ebf41c21eb58b7719,136,2158,0,0,0,,0,0,0,,0,0,0,,0,0,0,0,
fd638ba6820241d1b3367afab0c6ab3e,134,10098,82,31,82,https://www.youtube.com/watch?v=lHiLdwNqT0c,82,31,82,https://www.youtube.com/watch?v=lHiLdwNqT0c,0,0,0,,0,0,0,0,
fe1bd62313574733ab86c1a56b7143ab,133,26,0,0,0,,0,0,0,,0,0,0,,1540,0,0,0,
06d173cf0b3f4369bcfb4b4270bd59e3,133,396,0,0,0,,0,0,0,,0,0,0,,381,184,130,256,https://www.twitch.tv/videos/2874746054
c9e933e250e747f88f8cbf4857ec7f3b,131,135,0,0,0,,0,0,0,,0,0,0,,3037,0,0,0,
d0390d1ee4c744cba3ac19af6ae16171,131,8041,594,501,1092,https://www.youtube.com/watch?v=6HzuZWNUPmg,0,0,0,,594,501,1092,https://www.youtube.com/watch?v=6HzuZWNUPmg,73,106,82,149,https://www.twitch.tv/videos/2870279686
8847133db580452eb63c5d3a2de47e4a,131,8677,104,53,727,https://www.youtube.com/watch?v=7PB1RHA_2Nk,160,107,727,https://www.youtube.com/watch?v=7PB1RHA_2Nk,50,31,324,https://www.youtube.com/watch?v=emWp12Rq5j4,0,0,0,0,
b18dea7632bc49db974a22d6eb6660fb,130,3959,10,1,122,https://www.youtube.com/watch?v=ssonOWZs7iA,0,0,0,,10,1,122,https://www.youtube.com/watch?v=ssonOWZs7iA,423,34,31,42,https://www.twitch.tv/videos/2873682353
350b440f9436415c8499526d4c6f3dfd,130,4026,0,0,0,,0,0,0,,0,0,0,,1764,0,0,0,
2928a7d5624e4af8b1331eabae6bda17,130,2734,0,0,0,,0,0,0,,0,0,0,,730,12,10,17,https://www.twitch.tv/videos/2867824553
453db6575b094b388ba2ae38e7ff2c51,129,15499,0,0,0,,0,0,0,,0,0,0,,694,0,0,0,
3b7dac5e2bdb4c08a139e18ef7f6f7e5,129,7767,6,0,6,https://www.youtube.com/watch?v=asTd3nKS67U,0,0,0,,6,0,6,https://www.youtube.com/watch?v=asTd3nKS67U,684,33,21,49,https://www.twitch.tv/videos/2863205459
50c6983298d84cbeac8e6376349e672b,129,21562,343,205,979,https://www.youtube.com/watch?v=YqSUK_wi55E,435,237,979,https://www.youtube.com/watch?v=YqSUK_wi55E,305,146,361,https://www.youtube.com/watch?v=sVPf2Ihw6Ec,2,0,0,0,
c85822960da341bb8f5323219b233bd1,128,9014,0,0,0,,0,0,0,,0,0,0,,0,0,0,0,
577251897dc7463393b68c5b6f96559b,127,8486,14,7,358,https://www.youtube.com/watch?v=_a1Hz83UL6I,0,0,0,,14,7,358,https://www.youtube.com/watch?v=_a1Hz83UL6I,760,198,150,482,https://www.twitch.tv/videos/2870374667
d95abd62958c4081a999660b995d72ce,127,813,47,12,84,https://www.youtube.com/watch?v=J2_maPIw_Nk,65,24,84,https://www.youtube.com/watch?v=J2_maPIw_Nk,28,12,28,https://www.youtube.com/watch?v=Bm-sGv83t38,0,0,0,0,
f09a7c3155a047c98f155434b2634ecf,126,3570,0,0,0,,0,0,0,,0,0,0,,393,0,0,0,
22f16847ee064b1bafd9bbe15bd31284,125,8565,0,0,0,,0,0,0,,0,0,0,,721,228,173,228,https://www.twitch.tv/videos/2869346000
822b9b7a9eca49df9bfd617a19b274b0,125,3287,18,3,28,https://www.youtube.com/watch?v=FUjCre3i_MI,18,3,28,https://www.youtube.com/watch?v=FUjCre3i_MI,0,0,0,,0,0,0,0,
09b00ccde152498b808efe7317bd52f0,124,1476,0,0,0,,0,0,0,,0,0,0,,2914,125,85,166,https://www.twitch.tv/videos/2872294563
a1d3d37caa68474288b903f309db32a1,123,9500,37,15,78,https://www.youtube.com/watch?v=v87OoMixB_g,37,19,78,https://www.youtube.com/watch?v=v87OoMixB_g,17,6,17,https://www.youtube.com/watch?v=syfFWCgD_H8,0,0,0,0,
fef1577c0352446c8e371b9fd9e7cc73,121,9085,0,0,2,https://www.youtube.com/watch?v=qeGYOSrTnsM,0,0,0,,0,0,2,https://www.youtube.com/watch?v=qeGYOSrTnsM,126,10,7,21,https://www.twitch.tv/videos/2873972683
6358ea21f673491fab72d62494b2225f,121,3918,0,0,0,,0,0,0,,0,0,0,,699,236,177,505,https://www.twitch.tv/videos/2872934482
8b5d6e9353ba46789fa6a2cfd94f69b2,119,4453,1,0,6,https://www.youtube.com/watch?v=-d4pMm-YZ9I,0,0,0,,1,0,6,https://www.youtube.com/watch?v=-d4pMm-YZ9I,130,11,10,17,https://www.twitch.tv/videos/2868587413
2af829174cab4262b61b226dd4d5aee5,119,9713,0,0,0,,0,0,0,,0,0,0,,21,0,0,0,
6c66740fc44a4a489e7a67ac93dd274e,118,1680,155,77,155,https://www.youtube.com/watch?v=A53XMXYFtQM,0,0,0,,155,77,155,https://www.youtube.com/watch?v=A53XMXYFtQM,419,0,0,0,
a2847bd09f954df794fb9289d6a96dae,118,8145,25,20,25,https://www.youtube.com/watch?v=BAwMukDsDbY,25,20,25,https://www.youtube.com/watch?v=BAwMukDsDbY,0,0,0,,728,117,85,139,https://www.twitch.tv/videos/2872146361
063fe3c0ae714b4ea4edaf79bda5dda0,118,534,0,0,0,,0,0,0,,0,0,0,,2085,141,119,152,https://www.twitch.tv/videos/2870054960
8064b5c85fc64d10ae3e9d3a4c0dfd8f,118,1184,0,0,0,,0,0,0,,0,0,0,,2730,0,0,0,
5a60a41d2a604bc68368158cd0b1cc12,117,10775,7,2,173,https://www.youtube.com/watch?v=TTW6O1gM9aU,0,0,0,,7,2,173,https://www.youtube.com/watch?v=TTW6O1gM9aU,660,104,62,115,https://www.twitch.tv/videos/2863399850
e93b2dd2339a422f8ab3d21c9d95161c,116,2526,0,0,0,,0,0,0,,0,0,0,,523,25,20,74,https://www.twitch.tv/videos/2869337646
1daf23905a3d4aa9a59273e563e33382,116,7178,0,0,0,,0,0,0,,0,0,0,,1814,0,0,0,
16e0b967de004b45b5c10302382ad43e,116,1937,0,0,0,,0,0,0,,0,0,0,,534,27,15,27,https://www.twitch.tv/videos/2864085519
b9a09f50375248aebc3d6afdb7f5adf6,115,2105,0,0,0,,0,0,0,,0,0,0,,833,0,0,0,
c6d0078f1d5e4fd08a459c7eecd85464,114,24839,94,21,321,https://www.youtube.com/watch?v=Plsjo76Cr-4,47,13,219,https://www.youtube.com/watch?v=3Kk4qPokZv0,167,82,321,https://www.youtube.com/watch?v=Plsjo76Cr-4,0,0,0,0,
48757d31519a475faf33652b85bf99dd,114,15658,471,110,1227,https://www.youtube.com/watch?v=Sk5ulZXgN78,225,199,225,https://www.youtube.com/watch?v=Gjr6J4t3-7E,589,108,1227,https://www.youtube.com/watch?v=Sk5ulZXgN78,0,0,0,0,
a2e9afb364e84d48acbdc77441ad17a7,114,12275,0,0,0,,0,0,0,,0,0,0,,539,0,0,0,
dd9bf471b0304627877f38daaec5407b,113,675,0,0,0,,0,0,0,,0,0,0,,966,23,13,76,https://www.twitch.tv/videos/2871184428
12286b61ae55499b8c60101a4625b089,111,0,0,0,0,,0,0,0,,0,0,0,,307,0,0,0,
f10dc84fab2a41d385c2553b0f1d788b,111,4424,0,0,0,,0,0,0,,0,0,0,,657,74,61,163,https://www.twitch.tv/videos/2870431716
77364942d7f24440bbde8efa71c724df,111,6847,0,0,0,,0,0,0,,0,0,0,,649,17,16,32,https://www.twitch.tv/videos/2874133854
a127ff7335ae467d961641bcf84f1e2f,109,12272,0,0,0,,0,0,0,,0,0,0,,2181,309,235,370,https://www.twitch.tv/videos/2871228549
f1be475d4aa34c3faf4826a77ceb99b5,109,4046,100,14,174,https://www.youtube.com/watch?v=Ojco0iS4ZzI,174,27,174,https://www.youtube.com/watch?v=Ojco0iS4ZzI,26,1,26,https://www.youtube.com/watch?v=_lyoBFsnpCo,258,181,128,245,https://www.twitch.tv/videos/2872274513
d3eee3b8d1954b1c8fea325d7b7b1b7f,109,12260,93,64,952,https://www.youtube.com/watch?v=irbiM0Rrc_g,84,57,342,https://www.youtube.com/watch?v=DxbLLbD4mRo,528,69,952,https://www.youtube.com/watch?v=irbiM0Rrc_g,128,110,75,148,https://www.twitch.tv/videos/2869439384
f1a631b2661b45718c7caf5862ddcd68,109,2892,81,20,161,https://www.youtube.com/watch?v=DqtQCQ8IBOQ,0,0,0,,81,20,161,https://www.youtube.com/watch?v=DqtQCQ8IBOQ,40,0,0,0,
39ff9dd2c91841b6b8c719d71b7bdb11,108,11172,752,253,1048,https://www.youtube.com/watch?v=eO3G916u8iQ,0,0,0,,752,253,1048,https://www.youtube.com/watch?v=eO3G916u8iQ,452,444,347,672,https://www.twitch.tv/videos/2871355190
965ff8a77ab845aaac693d9c7a56f82d,108,7572,0,0,0,,0,0,0,,0,0,0,,687,73,63,166,https://www.twitch.tv/videos/2865790365
8868dd9b4d75481397fd841b8ef6c55d,108,2367,0,0,0,,0,0,0,,0,0,0,,13,0,0,0,
4ead521cd6a04a5aa1b2739f252ac9d1,108,707,4,1,5,https://www.youtube.com/watch?v=Vi4LU1ou1IY,0,0,0,,4,1,5,https://www.youtube.com/watch?v=Vi4LU1ou1IY,269,35,29,92,https://www.twitch.tv/videos/2865881700
fede6fee793048f1a576cab38a6bd414,107,6299,0,0,0,,0,0,0,,0,0,0,,2327,56,28,247,https://www.twitch.tv/videos/2860599007
359d60ab5abb445a8477a50781acc050,107,13653,663,433,1123,https://www.youtube.com/watch?v=4mIL8sR-Y0w,0,0,0,,663,433,1123,https://www.youtube.com/watch?v=4mIL8sR-Y0w,0,0,0,0,
6a2bad0b742447bf9912a97eaac17ced,106,39168,1161,344,1907,https://www.youtube.com/watch?v=e52nIfnQWQQ,0,0,0,,1161,344,1907,https://www.youtube.com/watch?v=e52nIfnQWQQ,0,0,0,0,
f86ec6a459f64e7d8431c69b1d7ec28b,105,4284,78,28,240,https://www.youtube.com/watch?v=b7ZjEVzY7Bo,78,28,240,https://www.youtube.com/watch?v=b7ZjEVzY7Bo,0,0,0,,172,140,105,169,https://www.twitch.tv/videos/2866888652
1af37b5945cf40019107583a3c6537ea,105,663,0,0,0,,0,0,0,,0,0,0,,2753,312,206,383,https://www.twitch.tv/videos/2873096943
ef36201df30f43ba9efbd573f9a6d9b7,105,18618,0,0,0,,0,0,0,,0,0,0,,631,148,96,236,https://www.twitch.tv/videos/2864959746
33ce96c886d341879ce66c4f7892c421,103,60037,32,22,382,https://www.youtube.com/watch?v=maABAurY784,0,0,0,,32,22,382,https://www.youtube.com/watch?v=maABAurY784,827,192,136,291,https://www.twitch.tv/videos/2865671969
2d25a18a83af462a8d4062e162017a1a,102,5143,0,0,0,,0,0,0,,0,0,0,,496,0,0,0,
ca65749ceff346fd971c24b0461f18d9,102,8338,0,0,0,,0,0,0,,0,0,0,,607,0,0,0,
0a9f3befc55d447fbc9fa1e54ba0dd8e,102,0,0,0,0,,0,0,0,,0,0,0,,169,4,2,4,https://www.twitch.tv/videos/2867723442
ba27c499a50f4cac87e6e5b94da18292,102,2052,0,0,0,,0,0,0,,0,0,0,,1395,474,177,694,https://www.twitch.tv/videos/2848763062
53b98a4bbf49419fb4516525846d4d35,101,501,0,0,0,,0,0,0,,0,0,0,,1807,0,0,0,
25ebd185190b42d993d961d7c795b444,100,2765,0,0,0,,0,0,0,,0,0,0,,2317,0,0,0,
ede21f904daf4a9b978efe15b0d9a31f,99,10223,0,0,0,,0,0,0,,0,0,0,,2011,0,0,0,
6bb236447ed9412a98c9b2d7c9069e10,99,19543,0,0,0,,0,0,0,,0,0,0,,2173,424,305,695,https://www.twitch.tv/videos/2870859848
67784d7c61af482780ab0558083fcd1e,96,3100,0,0,0,,0,0,0,,0,0,0,,380,19,14,20,https://www.twitch.tv/videos/2872110835
6b21f41580a64cc7ab15d219a612723b,95,0,0,0,0,,0,0,0,,0,0,0,,4495,0,0,0,
aa205221f02a4701bf17d501e86adaf1,92,0,0,0,0,,0,0,0,,0,0,0,,510,278,245,430,https://www.twitch.tv/videos/2864153809
9523dedfc79a4f99b18461ff40586307,89,31576,103,85,655,https://www.youtube.com/watch?v=cY8KYLytpMU,100,86,396,https://www.youtube.com/watch?v=J8rXXj6UDsQ,103,85,655,https://www.youtube.com/watch?v=cY8KYLytpMU,0,0,0,0,
9f9bfcbf980b43bcb00c03261439d18d,87,1758,47,1,47,https://www.youtube.com/watch?v=1QTN4EbtGds,47,1,47,https://www.youtube.com/watch?v=1QTN4EbtGds,0,0,0,,48,0,0,0,
34e73d1959694451b938ff53d98f9cec,86,752,0,0,0,,0,0,0,,0,0,0,,367,0,0,0,
32ae564b306c42cab2e1a4a8a9d6adfe,85,1077,0,0,0,,0,0,0,,0,0,0,,1268,0,0,0,
a5be52423e2f46b8bbad4a56c7f1d5e5,85,5193,0,0,0,,0,0,0,,0,0,0,,1485,254,151,267,https://www.twitch.tv/videos/2864104103
904e3c91b4e1427f9b2d69f69aa3b13c,84,14440,146,65,257,https://www.youtube.com/watch?v=dw6V4qWLn70,146,65,257,https://www.youtube.com/watch?v=dw6V4qWLn70,0,0,0,,0,0,0,0,
889b2fb6c9ea47a99834061b47251a4b,83,3094,4,2,5,https://www.youtube.com/watch?v=NSyfI9xUeM0,0,0,0,,4,2,5,https://www.youtube.com/watch?v=NSyfI9xUeM0,481,112,69,132,https://www.twitch.tv/videos/2870316772
12ece01ae7004e9195e79309f0cdae40,82,407,0,0,0,,0,0,0,,0,0,0,,2534,240,218,240,https://www.twitch.tv/videos/2873441681
4c3e3e5338ae44feae581bbdffa8b811,81,11805,0,0,0,,0,0,0,,0,0,0,,214,0,0,0,
fae9210539d44a39a2a275b8d53cae37,81,15641,38,24,574,https://www.youtube.com/watch?v=qI8RpyOrRrU,38,19,574,https://www.youtube.com/watch?v=qI8RpyOrRrU,164,85,164,https://www.youtube.com/watch?v=TWO04P5iusY,179,94,74,136,https://www.twitch.tv/videos/2870330974
6bf231719d5e485fa0cdee99905858d4,80,1774,1,0,1,https://www.youtube.com/watch?v=JoaKx2-KDYM,0,0,0,,1,0,1,https://www.youtube.com/watch?v=JoaKx2-KDYM,832,231,159,308,https://www.twitch.tv/videos/2869466431
3fd5cac9e94144ad9a298e46c5472792,78,1739,0,0,0,,0,0,0,,0,0,0,,0,0,0,0,
5718a7998f6249eeba0bf087da51c1c0,77,27938,833,390,833,https://www.youtube.com/watch?v=092N-XRL0fQ,0,0,0,,833,390,833,https://www.youtube.com/watch?v=092N-XRL0fQ,709,82,50,127,https://www.twitch.tv/videos/2866638857
105bfceb9747425eb58622b6ebccf920,75,1048,0,0,0,,0,0,0,,0,0,0,,360,0,0,0,
eff26caff6bd4720957cefaf8f6fc87a,75,5980,0,0,0,,0,0,0,,0,0,0,,1369,240,173,1346,https://www.twitch.tv/videos/2873773422
a7c42dc3d080425b9e979100a59d955c,74,4549,0,0,0,,0,0,0,,0,0,0,,308,0,0,0,
188108fa6e2e41afb060e4038e49d4ab,74,2574,0,0,0,,0,0,0,,0,0,0,,701,0,0,0,
28e6f7c12a3b45899e7508058f926af9,73,12885,0,0,0,,0,0,0,,0,0,0,,1611,56,26,140,https://www.twitch.tv/videos/2861364437
ce1d3cace1cf4ec799c8846c8c2a6d48,73,251,0,0,0,,0,0,0,,0,0,0,,2563,668,159,1098,https://www.twitch.tv/videos/2864012283
c7f53f2fbdbe4db488629ab4d738a16a,72,4731,4,0,18,https://www.youtube.com/watch?v=ZrElKEDk9SU,0,0,0,,4,0,18,https://www.youtube.com/watch?v=ZrElKEDk9SU,799,41,27,126,https://www.twitch.tv/videos/2866690431
51fc95cfca444f03abe9a50acf8f85e6,70,3858,0,0,0,,0,0,0,,0,0,0,,1643,290,128,520,https://www.twitch.tv/videos/2859233878
e1a9d641bfe749ee8b97fe0e3abe413f,70,1508,240,194,530,https://www.youtube.com/watch?v=RiAO0uDmFNE,0,0,0,,240,194,530,https://www.youtube.com/watch?v=RiAO0uDmFNE,25,26,22,37,https://www.twitch.tv/videos/2869551240
d6a769b7bf6b49f08adf3e1136d86c7e,70,21693,0,0,0,,0,0,0,,0,0,0,,974,36,32,42,https://www.twitch.tv/videos/2873957678
4e5a8a6380764f9b9f28732968e4aac8,69,4537,355,31,847,https://www.youtube.com/watch?v=me5NZet4dck,0,0,0,,355,31,847,https://www.youtube.com/watch?v=me5NZet4dck,580,79,51,212,https://www.twitch.tv/videos/2866676819
889b220891694985b7373aa2732a0263,69,8502,11,5,11,https://www.youtube.com/watch?v=RCen2uc7A8E,11,5,11,https://www.youtube.com/watch?v=RCen2uc7A8E,0,0,0,,581,37,32,77,https://www.twitch.tv/videos/2873182399
e3b9c06f64d84a0dabb3e97c0caacaca,69,20988,56,3,809,https://www.youtube.com/watch?v=OaVz2Z2Ag_Q,0,0,0,,56,3,809,https://www.youtube.com/watch?v=OaVz2Z2Ag_Q,0,0,0,0,
4eb87102a0f44516a6ed011faeeff00d,68,0,0,0,0,,0,0,0,,0,0,0,,1574,89,53,224,https://www.twitch.tv/videos/2864149007
2c2db11a23aa43298ab96e60a20692d7,67,1633,0,0,0,,0,0,0,,0,0,0,,1469,0,0,0,
b2d32948347e4c6c9afa8f813e626aae,67,6306,0,0,0,,0,0,0,,0,0,0,,0,0,0,0,
4d8e2a0b44bc475da5d9688b668c782d,66,200,0,0,0,,0,0,0,,0,0,0,,274,0,0,0,
8723ccecdfd84d92b1de24f9d6a86bcc,66,5393,0,0,0,,0,0,0,,0,0,0,,3465,186,152,359,https://www.twitch.tv/videos/2864012665
43d785b8082f43138988dacd0236bb67,65,0,0,0,0,,0,0,0,,0,0,0,,431,0,0,0,
1645f4035c9b42019c61d630fc75d5e0,65,872,0,0,0,,0,0,0,,0,0,0,,93,25,19,35,https://www.twitch.tv/videos/2869523559
94bda3c948ac4e74ad5c3592c1d284ac,65,807,0,0,0,,0,0,0,,0,0,0,,132,0,0,0,
061fb9c63b7e45bb85ea7e6bd4fe3745,65,4293,0,0,0,,0,0,0,,0,0,0,,218,0,0,0,
e2448cc1f0df41b08247cb7a51119a67,64,705,0,0,0,,0,0,0,,0,0,0,,705,0,0,0,
ef13ede8525d49339887c3bf54b08acc,63,1766,170,93,214,https://www.youtube.com/watch?v=maK1xTaaAVI,170,93,214,https://www.youtube.com/watch?v=maK1xTaaAVI,0,0,0,,50,27,24,27,https://www.twitch.tv/videos/2873055074
78b333b99eb242ad96a8ee82275a0e98,63,11820,0,0,0,,0,0,0,,0,0,0,,0,0,0,0,
a9ada11d61114319885597db6a0725fb,61,327,0,0,0,,0,0,0,,0,0,0,,652,124,105,172,https://www.twitch.tv/videos/2874615141
a0e7c7e7702b4e81a5fecc4090814236,61,19871,42,19,281,https://www.youtube.com/watch?v=mLcGzyrtsg0,0,0,0,,42,19,281,https://www.youtube.com/watch?v=mLcGzyrtsg0,278,239,167,297,https://www.twitch.tv/videos/2874022628
f9d27b07ff84433b8397b0587f339e27,60,9597,0,0,0,,0,0,0,,0,0,0,,203,68,15,89,https://www.twitch.tv/videos/2853290845
5d27ac4b9342450990a299e95818bbb0,59,2684,0,0,0,,0,0,0,,0,0,0,,0,0,0,0,
359bb9450c49401da7b002980d4f97df,58,227,0,0,0,,0,0,0,,0,0,0,,983,0,0,0,
130a4d6105464e518a8a3eed336b4101,57,681,0,0,0,,0,0,0,,0,0,0,,996,18,14,35,https://www.twitch.tv/videos/2864083439
a73103b226f34098bb5d4cd00b86d2f6,57,2163,0,0,0,,0,0,0,,0,0,0,,249,0,0,0,
e4488c7dece84f7580bc0ab130222e08,56,7245,0,0,0,,0,0,0,,0,0,0,,943,0,0,0,
b3e0bc9dd06f4774b492e6d50dd92be2,55,88,0,0,0,,0,0,0,,0,0,0,,260,0,0,0,
895701631707493e8c7edf4af21615be,53,1343,473,426,473,https://www.youtube.com/watch?v=iaVLRfIJ0Nk,473,426,473,https://www.youtube.com/watch?v=iaVLRfIJ0Nk,0,0,0,,0,0,0,0,
c06b6f1eb79d41ecb17aaaf80e035daa,52,0,0,0,0,,0,0,0,,0,0,0,,2273,539,411,673,https://www.twitch.tv/videos/2870343791
591a7323f0134cf2929e75d959f21f68,52,28,3,2,7,https://www.youtube.com/watch?v=y4vd7Uoing4,3,2,7,https://www.youtube.com/watch?v=y4vd7Uoing4,0,0,0,,1288,216,209,776,https://www.twitch.tv/videos/2872051765
68c50e424b2148478c74effaacfdeae3,52,772,0,0,0,,0,0,0,,0,0,0,,297,82,66,163,https://www.twitch.tv/videos/2864933634
ad57b32de5f34598a57ac5af8b8004e2,51,3705,109,69,439,https://www.youtube.com/watch?v=C4THFkcFAeE,109,76,439,https://www.youtube.com/watch?v=C4THFkcFAeE,116,46,424,https://www.youtube.com/watch?v=h-1FSwIdtk8,117,43,29,91,https://www.twitch.tv/videos/2865863649
f8e4654549304ea9933e02c2dcf48aae,51,0,0,0,0,,0,0,0,,0,0,0,,556,0,0,0,
2a25c205cc374cbeb8c8ccfe988ec9cc,51,795,0,0,0,,0,0,0,,0,0,0,,1524,133,106,246,https://www.twitch.tv/videos/2864828443
12b98d960ead4bc09b2f2b220d7437a1,50,9240,202,54,1082,https://www.youtube.com/watch?v=J7NPIID1qwM,31,24,40,https://www.youtube.com/watch?v=r11vUbsLQ7Q,324,143,1082,https://www.youtube.com/watch?v=J7NPIID1qwM,1,0,0,0,
676db89cb8a9483486442231b615b46f,50,8519,12,1,12,https://www.youtube.com/watch?v=b6DuMbiPC0o,12,1,12,https://www.youtube.com/watch?v=b6DuMbiPC0o,0,0,0,,173,29,23,118,https://www.twitch.tv/videos/2873815239
f5f22d1a091143798bfc7fac1211183c,50,703,0,0,0,,0,0,0,,0,0,0,,137,0,0,0,
54f2f567fdac423c80dad4b29a4372db,50,7418,6,2,6,https://www.youtube.com/watch?v=zVnSrndJzRg,6,2,6,https://www.youtube.com/watch?v=zVnSrndJzRg,0,0,0,,257,119,92,177,https://www.twitch.tv/videos/2869617815
74acc3b3c4db41d2a13cce887ad2a856,49,3249,0,0,0,,0,0,0,,0,0,0,,1473,0,0,0,
9e121751e3774a15bdf9ccfab7eb7faf,49,494,0,0,0,,0,0,0,,0,0,0,,1170,164,91,312,https://www.twitch.tv/videos/2871933398
255a5e79f9d14e6492d741b95f78cb7c,49,1261,49,15,52,https://www.youtube.com/watch?v=GLzC_l5l5Z8,49,15,52,https://www.youtube.com/watch?v=GLzC_l5l5Z8,0,0,0,,2211,0,0,0,
d9f302ca07b54664a88124d64442abac,48,8356,6,3,247,https://www.youtube.com/watch?v=467RXahqeZQ,0,0,0,,6,3,247,https://www.youtube.com/watch?v=467RXahqeZQ,135,0,0,0,
07b6c0dad3114eca9e903fd5725cc4e8,48,307,0,0,0,,0,0,0,,0,0,0,,220,25,22,84,https://www.twitch.tv/videos/2865848638
0ddb6eca94604d4da0665e90fbbe366f,48,1215,0,0,0,,0,0,0,,0,0,0,,153,0,0,0,
80692e12416048be8396526bdb9c3040,47,1747,0,0,0,,0,0,0,,0,0,0,,514,0,0,0,
3098e045fa844093a3731b19665e9462,47,431,0,0,0,,0,0,0,,0,0,0,,757,0,0,0,
cb470bbb5a8f468a8a15b08757309d74,47,2296,0,0,0,,0,0,0,,0,0,0,,593,113,78,154,https://www.twitch.tv/videos/2867574944
df02d1a89bc74c928c825773996bbb7b,45,2036,0,0,0,,0,0,0,,0,0,0,,1568,140,135,140,https://www.twitch.tv/videos/2874741720
c8be9c7ed05442dcb2b278dc5a6bc1de,44,10933,0,0,0,,0,0,0,,0,0,0,,259,95,65,144,https://www.twitch.tv/videos/2866750694
8181221f5ad04ed2adf0a7c0e205e9be,40,2872,0,0,0,,0,0,0,,0,0,0,,269,0,0,0,
2e2a6c392c024bb2a68b681bc210c187,39,6501,2,1,428,https://www.youtube.com/watch?v=O5XASS3s2Dg,0,0,0,,2,1,428,https://www.youtube.com/watch?v=O5XASS3s2Dg,313,60,48,248,https://www.twitch.tv/videos/2871939882
0cb217f7775543eb9c5aac3b9df75a86,39,18495,0,0,0,,0,0,0,,0,0,0,,855,154,97,277,https://www.twitch.tv/videos/2864938476
c68bc0ba32f14d9b8669b0594435b68b,38,328,0,0,0,,0,0,0,,0,0,0,,213,32,21,32,https://www.twitch.tv/videos/2866934198
fb29e2e3ea414fef962a6baf583815f5,38,0,0,0,0,,0,0,0,,0,0,0,,0,0,0,0,
e04b970f339243258cb0dc0c5735274a,38,1046,0,0,0,,0,0,0,,0,0,0,,0,0,0,0,
7360e8cae69b4d4fbe91510c776b1c5e,37,3352,0,0,2,https://www.youtube.com/watch?v=Iplnh7XIY2A,0,0,0,,0,0,2,https://www.youtube.com/watch?v=Iplnh7XIY2A,242,24,19,46,https://www.twitch.tv/videos/2871984334
6d6b6d6e7b4b464bb093c9d34cee9754,37,707,0,0,0,,0,0,0,,0,0,0,,389,0,0,0,
9ff652451cbd4ad098bf20dd9748ce12,37,6,0,0,0,,0,0,0,,0,0,0,,2142,30,25,109,https://www.twitch.tv/videos/2871363950
adbcdff5b9e7441dae817c01c283ec00,37,7803,1,0,372,https://www.youtube.com/watch?v=tcEzvWdMk8g,0,0,0,,1,0,372,https://www.youtube.com/watch?v=tcEzvWdMk8g,358,58,30,473,https://www.twitch.tv/videos/2852976437
73273454c7b4453a834a74701826e0b8,36,593,0,0,0,,0,0,0,,0,0,0,,993,143,100,490,https://www.twitch.tv/videos/2869355054
6bcb75418dd24274b2fe4b8e60a94999,36,4392,0,0,0,,0,0,0,,0,0,0,,379,0,0,0,
1ee3effc49074de1ba98b10a13df2d10,36,821,0,0,0,,0,0,0,,0,0,0,,268,0,0,0,
b9d51a073b4542ac800bd7c9e38d0902,36,1260,0,0,0,,0,0,0,,0,0,0,,227,0,0,0,
b46cdde6e23343d5b5a9cfd115286e26,35,845,0,0,0,,0,0,0,,0,0,0,,219,68,58,68,https://www.twitch.tv/videos/2872096061
0b53549edaf5490ca350ef17aee7b8b9,35,200,0,0,0,,0,0,0,,0,0,0,,534,46,38,50,https://www.twitch.tv/videos/2870313989
9f976a39c1fa4e6dae3ed11b771ef918,34,5277,0,0,0,,0,0,0,,0,0,0,,60,0,0,0,
e3ee9544e190459d9bc2bdf3c1ccde7b,31,4285,6,3,6,https://www.youtube.com/watch?v=lGGfoBnLWt0,0,0,0,,6,3,6,https://www.youtube.com/watch?v=lGGfoBnLWt0,835,121,104,123,https://www.twitch.tv/videos/2874793411
bbf59615227a44069ef42e5d76cf98bb,30,453,0,0,0,,0,0,0,,0,0,0,,332,62,30,148,https://www.twitch.tv/videos/2872939450
b8495fc4bb174140acf0ebd7d64fe044,30,2786,0,0,0,,0,0,0,,0,0,0,,2859,0,0,0,
bf2a683536dd447c83b75340e3db3b0a,29,1853,0,0,0,,0,0,0,,0,0,0,,165,55,38,55,https://www.twitch.tv/videos/2867722903
09b185b91ede45769f179d43b227da47,28,546,0,0,0,,0,0,0,,0,0,0,,290,74,39,194,https://www.twitch.tv/videos/2853159403
6c52137d373a45d58eafc0d52253dcf8,28,0,0,0,0,,0,0,0,,0,0,0,,1299,317,149,523,https://www.twitch.tv/videos/2861392555
5454ccf6c8ee496296e7084081863575,28,1119,409,345,409,https://www.youtube.com/watch?v=WttvdT8uOeo,409,345,409,https://www.youtube.com/watch?v=WttvdT8uOeo,0,0,0,,32,38,30,128,https://www.twitch.tv/videos/2872991190
50c9dbd2624f41408f2b6a9ccf61e447,26,528,0,0,0,,0,0,0,,0,0,0,,305,0,0,0,
0b165d46f9164557b16678383820ee04,26,0,0,0,0,,0,0,0,,0,0,0,,729,118,75,118,https://www.twitch.tv/videos/2865937236
fd183b51115b4fefaf8ff3388d40acb3,25,57,0,0,0,,0,0,0,,0,0,0,,706,158,82,158,https://www.twitch.tv/videos/2863078620
d4cd6eee95774ca389aebf3e783a8cd8,24,277,0,0,0,,0,0,0,,0,0,0,,489,20,12,23,https://www.twitch.tv/videos/2872999411
59216a033f2b47128d190a5ed1add217,24,14,0,0,0,,0,0,0,,0,0,0,,257,0,0,0,
173423093026403dbd1443e56c47b3db,23,955,5,1,37,https://www.youtube.com/watch?v=BLuQAkDt760,0,0,0,,5,1,37,https://www.youtube.com/watch?v=BLuQAkDt760,370,0,0,0,
5a59b23a201f4b2d8729b0f4b33c9e6b,22,1982,0,0,0,,0,0,0,,0,0,0,,126,31,18,31,https://www.twitch.tv/videos/2864958377
0c016d6bcf2643d3864fa81866c6a798,22,251,0,0,0,,0,0,0,,0,0,0,,374,119,95,250,https://www.twitch.tv/videos/2863258434
1e90b55b0e0b483d971e0c1fe02c750c,21,126,0,0,0,,0,0,0,,0,0,0,,0,0,0,0,
a6815e229f914db2a936ad70c285cea2,17,1376,30,12,30,https://www.youtube.com/watch?v=sx15YNXe5jg,0,0,0,,30,12,30,https://www.youtube.com/watch?v=sx15YNXe5jg,457,13,8,20,https://www.twitch.tv/videos/2865939905
ead3db33c54e411baa75a4bad3b48aee,16,84,0,0,0,,0,0,0,,0,0,0,,1640,66,38,114,https://www.twitch.tv/videos/2868628158
0886366d9cb8424e90fd8b3e12dcc0af,15,1374,0,0,0,,0,0,0,,0,0,0,,1482,245,215,365,https://www.twitch.tv/videos/2871074725
0a07165e6a2f45ab9b6c96debba1f079,15,0,0,0,0,,0,0,0,,0,0,0,,557,232,154,317,https://www.twitch.tv/videos/2864942582
4d1ee216944d484094d6a1d8c30cdd86,13,28,0,0,0,,0,0,0,,0,0,0,,569,179,93,377,https://www.twitch.tv/videos/2862309660
156fb169c746493bb50c813f20c4d1a8,12,130,0,0,0,,0,0,0,,0,0,0,,61,0,0,0,
e3b45528947e48a4b68964369bb69e00,12,1597,0,0,0,,0,0,0,,0,0,0,,302,8,6,137,https://www.twitch.tv/videos/2866686053
f058268c96ac4a8eb86cacb70bb9d0fb,9,21398,0,0,0,,0,0,0,,0,0,0,,86,12,10,23,https://www.twitch.tv/videos/2864081528
d71e503b11d04c8a9a7ae74f5e0d9fc4,9,368,4,2,101,https://www.youtube.com/watch?v=y2UfKe3sTqs,2,2,6,https://www.youtube.com/watch?v=Rae21k9Y1xg,5,3,101,https://www.youtube.com/watch?v=y2UfKe3sTqs,59,35,26,103,https://www.twitch.tv/videos/2873098367
e2c0d3ba19244f75888e5dbe1881d22f,5,96,0,0,0,,0,0,0,,0,0,0,,1378,276,196,315,https://www.twitch.tv/videos/2868517238
19fdf3885dcf4d45bdf768a6f3fd99b4,4,91,0,0,0,,0,0,0,,0,0,0,,583,0,0,0,
56dc4f6ade114f04b6ed4022cfdddf55,0,0,0,0,0,,0,0,0,,0,0,0,,186,81,61,128,https://www.twitch.tv/videos/2862926666
e210fb08b0744535a907823fa9f062cc,0,0,0,0,0,,0,0,0,,0,0,0,,1504,262,121,691,https://www.twitch.tv/videos/2859465728
e34f7c6a99ea4780b2351de111e222e6,0,0,0,0,0,,0,0,0,,0,0,0,,284,89,75,122,https://www.twitch.tv/videos/2873101386
afa3e309e41044c5bffe17466607d481,0,0,0,0,0,,0,0,0,,0,0,0,,35474,11875,4841,24338,https://www.twitch.tv/videos/2859558462
c8728d2ddd4f4a929764b11247c88c22,0,0,0,0,0,,0,0,0,,0,0,0,,620,102,88,102,https://www.twitch.tv/videos/2872206593
e4421bd8d15848c09fa4ad4df162c858,0,0,0,0,0,,0,0,0,,0,0,0,,385,45,27,57,https://www.twitch.tv/videos/2867718219
4dd7cfc58ae54c1fa6211ba9b1c607ec,0,0,0,0,0,,0,0,0,,0,0,0,,2132,571,415,745,https://www.twitch.tv/videos/2874619801
242326a56b0d4ca7a37c08a8fc2be138,0,0,0,0,0,,0,0,0,,0,0,0,,805,0,0,0,
a3a1caa89669445db63f22b9a3af88b0,0,0,0,0,0,,0,0,0,,0,0,0,,1196,0,0,0,
6c7336d4605540c6871de5f96874129c,0,0,0,0,0,,0,0,0,,0,0,0,,24454,4031,1671,35003,https://www.twitch.tv/videos/2871625852
f0bc26cfe4a8451d863a8d8cbd6313ed,0,0,0,0,0,,0,0,0,,0,0,0,,6,0,0,0,
91919c2ad07a4db88e0b4cfbc1739940,0,0,0,0,0,,0,0,0,,0,0,0,,2937,0,0,0,
c2777df3c8d341f4a1f0bb9cda8d9365,0,0,0,0,0,,0,0,0,,0,0,0,,1673,0,0,0,
e698befe9649448885d93094cd4dc6a9,0,0,0,0,0,,0,0,0,,0,0,0,,4516,432,167,5116,https://www.twitch.tv/videos/2869446978
e18c43e19e9b4fc8af0cdc24c33ae476,0,0,0,0,0,,0,0,0,,0,0,0,,2471,0,0,0,
60cc7f18c0fe438280af5a81b31eb923,0,0,0,0,0,,0,0,0,,0,0,0,,4088,334,201,863,https://www.twitch.tv/videos/2860399644
880137f60dc842b98862f5b86ba8d94d,0,0,0,0,0,,0,0,0,,0,0,0,,744,73,43,81,https://www.twitch.tv/videos/2871210908
1a95bb88e451498ca3491b69af964588,0,0,0,0,0,,0,0,0,,0,0,0,,37786,2533,1232,11782,https://www.twitch.tv/videos/2851296571
4f1ccc5966a847308552b2c7b05e18dc,0,0,0,0,0,,0,0,0,,0,0,0,,27,7,6,7,https://www.twitch.tv/videos/2874669205
ec045a49833c4c2fa7b7012ca7544e18,0,0,0,0,0,,0,0,0,,0,0,0,,1714,71,46,71,https://www.twitch.tv/videos/2866690320
cda9668f324445a7bd507094ad6946b8,0,0,0,0,0,,0,0,0,,0,0,0,,421,0,0,0,
057faa70622247bd933959412bbeb667,0,0,0,0,0,,0,0,0,,0,0,0,,1075,0,0,0,
288d3972d3164ee595228b8a5959ac00,0,0,0,0,0,,0,0,0,,0,0,0,,2991,0,0,0,
fa59e2edc64c432ebaeeb66b2a53ab2d,0,0,0,0,0,,0,0,0,,0,0,0,,5580,1364,671,2076,https://www.twitch.tv/videos/2850279443
6a6547a3f19d4870a6f11b88c60a5296,0,0,0,0,0,,0,0,0,,0,0,0,,3573,158,123,300,https://www.twitch.tv/videos/2874687907
d91ffcc2823f4121a2caa347a8c2a507,0,0,0,0,0,,0,0,0,,0,0,0,,861,44,32,44,https://www.twitch.tv/videos/2868768548
4c42b9f574e7438d8aea8b099e451505,0,0,0,0,0,,0,0,0,,0,0,0,,1164,94,75,110,https://www.twitch.tv/videos/2866910577
e353f482c5be4887838ea9fdf802ad91,0,0,0,0,0,,0,0,0,,0,0,0,,3809,277,177,314,https://www.twitch.tv/videos/2864073816
fe62d50e41af4aa29c3e2b0cfc62fb3d,0,0,0,0,0,,0,0,0,,0,0,0,,1019,116,61,147,https://www.twitch.tv/videos/2865006284
c29bc8bf78dd417980491f19333c8fa2,0,0,0,0,0,,0,0,0,,0,0,0,,13371,0,0,0,
be1a18aa8599409ba250e5345e62fed6,0,0,0,0,0,,0,0,0,,0,0,0,,2169,160,51,272,https://www.twitch.tv/videos/2864085589
a5b71bba2a2347a080ae3443d5ef47d5,0,0,0,0,0,,0,0,0,,0,0,0,,838,0,0,0,
305290c734e94a74881ae46c49ea18c4,0,0,0,0,0,,0,0,0,,0,0,0,,7245,1980,577,2407,https://www.twitch.tv/videos/2853383071
31f4c00be9eb41a1a6be0356614048fd,0,0,0,0,0,,0,0,0,,0,0,0,,3609,186,95,769,https://www.twitch.tv/videos/2854137977
e32a4d49fba7459fbdf9e242288fa18c,0,0,0,0,0,,0,0,0,,0,0,0,,5009,160,86,513,https://www.twitch.tv/videos/2853115151
ed1b68a3184d466bb17b3c3363fad948,0,0,0,0,0,,0,0,0,,0,0,0,,820,0,0,0,
4fadb90960a844daab26191bb158d3a3,0,0,0,0,0,,0,0,0,,0,0,0,,3275,0,0,0,
eeefa43ecaf74f7b822dde3f0e7683d4,0,0,0,0,0,,0,0,0,,0,0,0,,2065,142,118,24115,https://www.twitch.tv/videos/2853276602
88526add0348499c95bd5838a5f35989,0,0,0,0,0,,0,0,0,,0,0,0,,2036,300,209,523,https://www.twitch.tv/videos/2870944382
31a4ca5b5d554c13902eff32302e5eb9,0,0,0,0,0,,0,0,0,,0,0,0,,2382,298,138,646,https://www.twitch.tv/videos/2871832084
0572bddb85b24166820f34f39164f99c,0,0,0,0,0,,0,0,0,,0,0,0,,845,156,126,283,https://www.twitch.tv/videos/2865965089
e53606f1bf0c4059b1226b6c2e037fd0,0,0,0,0,0,,0,0,0,,0,0,0,,906,182,124,244,https://www.twitch.tv/videos/2866898531
8ee91529ce264452890b80ffb514248a,0,0,0,0,0,,0,0,0,,0,0,0,,980,1217,1051,2163,https://www.twitch.tv/videos/2864638633
9ca05592c52f42649191751f18cb70e6,0,0,0,0,0,,0,0,0,,0,0,0,,2693,98,66,133,https://www.twitch.tv/videos/2869543776
dbabd28a98cf447189088251a5b973d4,0,0,0,0,0,,0,0,0,,0,0,0,,252,0,0,0,
f84598913e654789a80556fd38388dfb,0,0,0,0,0,,0,0,0,,0,0,0,,1519,0,0,0,
2996488b9f454fb3a42c17ab292ac63c,0,0,0,0,0,,0,0,0,,0,0,0,,740,154,120,337,https://www.twitch.tv/videos/2872320285
76489786a22c4162970f9c288157db6b,0,0,0,0,0,,0,0,0,,0,0,0,,1859,120,92,285,https://www.twitch.tv/videos/2864771023
a17fcdf32a124beba3fba16299aed2b3,0,0,0,0,0,,0,0,0,,0,0,0,,8591,563,265,852,https://www.twitch.tv/videos/2852281971
107fac8e77f74af8ba95491ae9492642,0,0,0,0,0,,0,0,0,,0,0,0,,470,0,0,0,
36beb36f581f44d393dcf0af2b194789,0,0,0,0,0,,0,0,0,,0,0,0,,6385,425,193,500,https://www.twitch.tv/videos/2866837633
ed051ffc6cd643c287a678fea774e644,0,0,0,0,0,,0,0,0,,0,0,0,,2692,0,0,0,
389c752acb964aeda95f36098fd37ef0,0,0,0,0,0,,0,0,0,,0,0,0,,1676,95,85,95,https://www.twitch.tv/videos/2873016398
e94cfb3c71d94965bfc98f135bfd2f14,0,0,0,0,0,,0,0,0,,0,0,0,,962,259,97,476,https://www.twitch.tv/videos/2853321126
3de6bc82438b451abf5ebe76a366be24,0,0,0,0,0,,0,0,0,,0,0,0,,3648,0,0,0,
b1f8da62ceca4089a4e7115624be25bc,0,0,0,0,0,,0,0,0,,0,0,0,,3309,1693,436,2569,https://www.twitch.tv/videos/2851026661
6a963053004f4deaa0dbdf875db41879,0,0,0,0,0,,0,0,0,,0,0,0,,664,0,0,0,
32aabdc7b41144a8b1bd28954cd3278c,0,0,0,0,0,,0,0,0,,0,0,0,,1525,33,25,59,https://www.twitch.tv/videos/2864141283
4fcbdf1b0a384ee58733b1e852edefa5,0,0,0,0,0,,0,0,0,,0,0,0,,1122,50,48,50,https://www.twitch.tv/videos/2874806570
9e64bba43928414884503de36f805c48,0,0,0,0,0,,0,0,0,,0,0,0,,46484,21619,8331,45347,https://www.twitch.tv/videos/2873867497
06337167c1a14d82b6a7f7cc71eac813,0,0,0,0,0,,0,0,0,,0,0,0,,842,0,0,0,
b6519fbc0d6941d4b43ce1742a14b0b2,0,0,0,0,0,,0,0,0,,0,0,0,,706,0,0,0,
99c240d0c1a047b4a4e017d764a54c62,0,0,0,0,0,,0,0,0,,0,0,0,,454,137,87,143,https://www.twitch.tv/videos/2863937394
59152798bfa74acb8bad10346fd10d69,0,0,0,0,0,,0,0,0,,0,0,0,,1697,474,158,1152,https://www.twitch.tv/videos/2851119495
a0ba9fee8a7747cab74e98ed61fb4a68,0,0,0,0,0,,0,0,0,,0,0,0,,1230,67,49,161,https://www.twitch.tv/videos/2863080269
091175f48e6c4ead84a2811cb3f22560,0,0,0,0,0,,0,0,0,,0,0,0,,107,0,0,0,
256252fdd3d1437995088c56e674fcf0,0,0,0,0,0,,0,0,0,,0,0,0,,1171,62,40,86,https://www.twitch.tv/videos/2864157984
3840a44ffffd48098bdfc16c4ee537bb,0,0,0,0,0,,0,0,0,,0,0,0,,2856,0,0,0,
4cb08241fbce4905a83ed02de6a1af9c,0,0,0,0,0,,0,0,0,,0,0,0,,9146,1768,1116,3160,https://www.twitch.tv/videos/2863485144
921d25072caf403ea797c3d5f61f84cf,0,0,0,0,0,,0,0,0,,0,0,0,,1843,0,0,0,
228427b15b964f1396b5a7b5eb224a21,0,0,0,0,0,,0,0,0,,0,0,0,,54,0,0,0,
f63e4427852143aea61621a639c0b391,0,0,0,0,0,,0,0,0,,0,0,0,,148,240,178,521,https://www.twitch.tv/videos/2872205945
5b62816b7dee4c13856f3c21629be3c4,0,0,0,0,0,,0,0,0,,0,0,0,,24778,1981,855,4041,https://www.twitch.tv/videos/2860334469
a5773880b0f040a9abbecacf3eb0eb29,0,0,0,0,0,,0,0,0,,0,0,0,,2477,151,127,294,https://www.twitch.tv/videos/2865663802
daa0d327175a43dc9bb627bc6db7de56,0,0,0,0,0,,0,0,0,,0,0,0,,1337,0,0,0,
1addf96267ac494bb73c9e6f6e1793b8,0,0,0,0,0,,0,0,0,,0,0,0,,2815,440,338,440,https://www.twitch.tv/videos/2869539091
ba562aad440d483e988d3ce7e7217c94,0,0,0,0,0,,0,0,0,,0,0,0,,37652,4636,2265,9992,https://www.twitch.tv/videos/2873120684
b053612876e04de488a32893a19f4b08,0,0,0,0,0,,0,0,0,,0,0,0,,412,49,39,100,https://www.twitch.tv/videos/2864082550
d30a2d88bd2146a8870209e98004e0f0,0,0,0,0,0,,0,0,0,,0,0,0,,2066,616,238,917,https://www.twitch.tv/videos/2859520301
c099b7e8d46c418d8e17097d496f3b83,0,0,0,0,0,,0,0,0,,0,0,0,,3691,772,375,1362,https://www.twitch.tv/videos/2855094135
644e669aa31443fe9a61a14e75ebd21e,0,0,0,0,0,,0,0,0,,0,0,0,,7364,407,238,559,https://www.twitch.tv/videos/2862175585
f8ade397837d42f7a9167e0d4f20fc56,0,0,0,0,0,,0,0,0,,0,0,0,,2655,0,0,0,
3a2199639669433faff0591468bcfa10,0,0,0,0,0,,0,0,0,,0,0,0,,1141,0,0,0,
7cd55e03d87c4c77843a437ec0703670,0,0,0,0,0,,0,0,0,,0,0,0,,3018,0,0,0,
aa72818fdcaf460b9b3f90e92d702e57,0,0,0,0,0,,0,0,0,,0,0,0,,8470,1852,770,2930,https://www.twitch.tv/videos/2856927069
f5034a946bf249c780a864c19efda669,0,0,0,0,0,,0,0,0,,0,0,0,,423,0,0,0,
9c85aee2166449c395c18b0bc06f89e2,0,0,0,0,0,,0,0,0,,0,0,0,,348,0,0,0,
8024d67e25454783a698e5ecf2c4dc67,0,0,0,0,0,,0,0,0,,0,0,0,,632,82,58,82,https://www.twitch.tv/videos/2868037175
83f96fd6cab64f4da581c50cd2a31b82,0,0,0,0,0,,0,0,0,,0,0,0,,3969,0,0,0,
0495c29470d143fa99819123878186b7,0,0,0,0,0,,0,0,0,,0,0,0,,5525,0,0,0,
16896dffcb474d7aa21540c944a2f7de,0,0,0,0,0,,0,0,0,,0,0,0,,3353,1625,1208,1839,https://www.twitch.tv/videos/2866644086
555fe6a78fdb4d8b9fa8a286377972e8,0,0,0,0,0,,0,0,0,,0,0,0,,1168,686,666,686,https://www.twitch.tv/videos/2874874398
ad2aef5af5074f14af7f6ddf7899743a,0,0,0,0,0,,0,0,0,,0,0,0,,2000,0,0,0,
936b23e5e87144108c5d3f09f194c8b8,0,0,0,0,0,,0,0,0,,0,0,0,,6754,0,0,0,
d3f5c739727041bbb2151e96d9368bae,0,0,0,0,0,,0,0,0,,0,0,0,,661,367,242,823,https://www.twitch.tv/videos/2871043059
480aca28939a4eb5bf558a710e21709c,0,0,0,0,0,,0,0,0,,0,0,0,,2941,109,76,193,https://www.twitch.tv/videos/2863170733
89e97a0dc5844cf88fe30a25f347aac0,0,0,0,0,0,,0,0,0,,0,0,0,,486,79,76,135,https://www.twitch.tv/videos/2864952163
fdb4872691864af8825511a6d0c72895,0,0,0,0,0,,0,0,0,,0,0,0,,629,216,141,331,https://www.twitch.tv/videos/2869473683
326e21d5b6e7446698969bbd8be1b564,0,0,0,0,0,,0,0,0,,0,0,0,,2395,0,0,0,
cfc7bcf869514c70a5091672d3acb031,0,0,0,0,0,,0,0,0,,0,0,0,,415,0,0,0,
6ec708afd89043b682eb82dacc36c3c9,0,0,0,0,0,,0,0,0,,0,0,0,,1141,1402,759,1765,https://www.twitch.tv/videos/2860463942
59904dcbea754d238b0710e75262d119,0,0,0,0,0,,0,0,0,,0,0,0,,618,0,0,0,
bf277797951346fe991c27c79a6c5081,0,0,0,0,0,,0,0,0,,0,0,0,,9741,719,334,1210,https://www.twitch.tv/videos/2853151828
3cfc2b54a543469b92a95ff1e3f1da54,0,0,0,0,0,,0,0,0,,0,0,0,,1603,0,0,0,
cad8c81461ac41c887bdf3617ccdaee6,0,0,0,0,0,,0,0,0,,0,0,0,,1143,78,57,140,https://www.twitch.tv/videos/2864973429
d25a9902f0f347be84febc0a8a932a56,0,0,0,0,0,,0,0,0,,0,0,0,,1420,53,46,90,https://www.twitch.tv/videos/2872120922
828ab4c66f5f43f298d237374a266b7e,0,0,0,0,0,,0,0,0,,0,0,0,,3049,303,133,743,https://www.twitch.tv/videos/2866543853
55e9448a0a9040f99dc8ea1cf86cbad5,0,0,0,0,0,,0,0,0,,0,0,0,,1339,18,12,25,https://www.twitch.tv/videos/2864965918
8c2f8700978045ec86bf1ade1b3e650b,0,0,0,0,0,,0,0,0,,0,0,0,,860,81,54,116,https://www.twitch.tv/videos/2869507006
d804bcd787db4333bca9dccd268ed32a,0,0,0,0,0,,0,0,0,,0,0,0,,3832,896,483,80950,https://www.twitch.tv/videos/2863961036
02fa128da7cc4f3aab0f1c5ee356f342,0,0,0,0,0,,0,0,0,,0,0,0,,577,0,0,0,
8cbfffe3cac54065be4149b03b680d87,0,0,0,0,0,,0,0,0,,0,0,0,,575,21,15,21,https://www.twitch.tv/videos/2869358669
c8c9028316b44ae9a1ac302337862085,0,0,0,0,0,,0,0,0,,0,0,0,,595,90,69,174,https://www.twitch.tv/videos/2865801314
2af6cb0e15ce4839ba711b47608d4f4d,0,0,0,0,0,,0,0,0,,0,0,0,,4012,0,0,0,
22eea06367f4430d816e38dfb68a26cf,0,0,0,0,0,,0,0,0,,0,0,0,,984,0,0,0,
7dd086a606284ba6b7b584f8b00dc190,0,0,0,0,0,,0,0,0,,0,0,0,,425,22,15,133,https://www.twitch.tv/videos/2874780281
6908430ccb204a1b9d95ee7a1711cae3,0,0,0,0,0,,0,0,0,,0,0,0,,2561,0,0,0,
66c8fc624de94d8e8af4325e41ce7c34,0,0,0,0,0,,0,0,0,,0,0,0,,1747,567,219,793,https://www.twitch.tv/videos/2853152978
